utt_id,dataset,model,model_size,train_type,lambda,seed,snr,noise_type,ref,hyp
VIVOSDEV01_R002_clean,vivos,whisper,tiny,zero_shot,,42,clean,clean,TIẾNG CỌC CẠCH KHỰNG LẠI CỦA NHỮNG KHỚP SẮT," Đến gục cắt, cường lại có vỡ những gấp sách."
VIVOSDEV01_R002_snr0,vivos,whisper,tiny,zero_shot,,42,0,speech,TIẾNG CỌC CẠCH KHỰNG LẠI CỦA NHỮNG KHỚP SẮT," Mình gặp cho lời của mình, các bạn có thể gặp sạch."
VIVOSDEV01_R002_snr10,vivos,whisper,tiny,zero_shot,,42,10,speech,TIẾNG CỌC CẠCH KHỰNG LẠI CỦA NHỮNG KHỚP SẮT, để gặp cả người hả hả hả hả hả hả hả hả hả hả hả hả hả hả hả hả hả hả hả hả hả hả hả hả hả hả hả hả hả hả hả hả hả hả hả hả hả hả hả hả hả hả hả hả hả hả hả hả hả hả hả hả hả hả hả hả hả hả hả hả hả
VIVOSDEV01_R002_snr20,vivos,whisper,tiny,zero_shot,,42,20,music,TIẾNG CỌC CẠCH KHỰNG LẠI CỦA NHỮNG KHỚP SẮT," Đến gặp cắt, cường lại của những gặp sách."
VIVOSDEV01_R002_snr5,vivos,whisper,tiny,zero_shot,,42,5,speech,TIẾNG CỌC CẠCH KHỰNG LẠI CỦA NHỮNG KHỚP SẮT," Đến gặp, em. Cái này có những gặp sạch."
VIVOSDEV01_R003_clean,vivos,whisper,tiny,zero_shot,,42,clean,clean,CŨNG LÊN TIẾNG ỦNG HỘ CÁC KIẾN NGHỊ NÀY, Còn lên tiếng ủng hò các kỹ nghỉ này
VIVOSDEV01_R003_snr0,vivos,whisper,tiny,zero_shot,,42,0,music,CŨNG LÊN TIẾNG ỦNG HỘ CÁC KIẾN NGHỊ NÀY, Cậu bữa tiên cũng hòa các ký ngày này
VIVOSDEV01_R003_snr10,vivos,whisper,tiny,zero_shot,,42,10,noise,CŨNG LÊN TIẾNG ỦNG HỘ CÁC KIẾN NGHỊ NÀY, Còn lên tiếng ổng hò các kế nghỉ này
VIVOSDEV01_R003_snr20,vivos,whisper,tiny,zero_shot,,42,20,music,CŨNG LÊN TIẾNG ỦNG HỘ CÁC KIẾN NGHỊ NÀY, Còn lên tiếng ủng hò các kỹ nghỉ này
VIVOSDEV01_R003_snr5,vivos,whisper,tiny,zero_shot,,42,5,music,CŨNG LÊN TIẾNG ỦNG HỘ CÁC KIẾN NGHỊ NÀY, Còn lên tiếng ủng hòa các kết nghỉ này
VIVOSDEV01_R027_clean,vivos,whisper,tiny,zero_shot,,42,clean,clean,DI TÍCH CÓ BẢY PHỖNG ÔNG VÀ HAI PHỖNG BÀ ĐƯỢC LÀM BẰNG GỖ MÍT, Giì tất có bấy phẩm ông và 2 phẩm và được làm văn gồm bất
VIVOSDEV01_R027_snr0,vivos,whisper,tiny,zero_shot,,42,0,noise,DI TÍCH CÓ BẢY PHỖNG ÔNG VÀ HAI PHỖNG BÀ ĐƯỢC LÀM BẰNG GỖ MÍT, Gì tất có bảy phẩm ông và 2 phẩm và được làm văn gồm bất
VIVOSDEV01_R027_snr10,vivos,whisper,tiny,zero_shot,,42,10,music,DI TÍCH CÓ BẢY PHỖNG ÔNG VÀ HAI PHỖNG BÀ ĐƯỢC LÀM BẰNG GỖ MÍT, Gi hit có bảy phòng ông và hai phóng và được làm văn gồm bất
VIVOSDEV01_R027_snr20,vivos,whisper,tiny,zero_shot,,42,20,music,DI TÍCH CÓ BẢY PHỖNG ÔNG VÀ HAI PHỖNG BÀ ĐƯỢC LÀM BẰNG GỖ MÍT, Yì tất có bảy phẩm ông và hai phóng và được làm văn gồm bất.
VIVOSDEV01_R027_snr5,vivos,whisper,tiny,zero_shot,,42,5,noise,DI TÍCH CÓ BẢY PHỖNG ÔNG VÀ HAI PHỖNG BÀ ĐƯỢC LÀM BẰNG GỖ MÍT, dị tất có bảy phẩm ông và hai khóng bài được làm bằng gồm bất
VIVOSDEV01_R028_clean,vivos,whisper,tiny,zero_shot,,42,clean,clean,CÁC CHÚ CŨNG THOẢI MÁI PHÓNG UẾ GIỮA CHỐN ĐÔNG NGƯỜI MÀ KHÔNG SỢ, Các chủ cũng hỏi mái phóng ở vỳ vỳ vỳ vỳ vỳ vỳ vỳ vỳ vỳ vỳ vỳ vỳ vỳ vỳ vỳ vỳ vỳ vỳ vỳ vỳ vỳ vỳ vỳ vỳ vỳ vỳ vỳ vỳ vỳ vỳ vỳ vỳ vỳ vỳ vỳ vỳ vỳ vỳ v
VIVOSDEV01_R028_snr0,vivos,whisper,tiny,zero_shot,,42,0,noise,CÁC CHÚ CŨNG THOẢI MÁI PHÓNG UẾ GIỮA CHỐN ĐÔNG NGƯỜI MÀ KHÔNG SỢ, chắc chú cũng hỏi mái không có vẻ chỗ gầm người mà không chờ
VIVOSDEV01_R028_snr10,vivos,whisper,tiny,zero_shot,,42,10,speech,CÁC CHÚ CŨNG THOẢI MÁI PHÓNG UẾ GIỮA CHỐN ĐÔNG NGƯỜI MÀ KHÔNG SỢ, Các chú cũng hỏi mái phóng ở dưới chó đồng người mà không sợ.
VIVOSDEV01_R028_snr20,vivos,whisper,tiny,zero_shot,,42,20,noise,CÁC CHÚ CŨNG THOẢI MÁI PHÓNG UẾ GIỮA CHỐN ĐÔNG NGƯỜI MÀ KHÔNG SỢ, Các chủ cũng hỏi mái phẩm ở dưới chủ đầm người mà không sợ
VIVOSDEV01_R028_snr5,vivos,whisper,tiny,zero_shot,,42,5,music,CÁC CHÚ CŨNG THOẢI MÁI PHÓNG UẾ GIỮA CHỐN ĐÔNG NGƯỜI MÀ KHÔNG SỢ, Các chú cũng hỏi máy phòng hỏi dưới chóng đông người mà không sợc.
VIVOSDEV01_R043_clean,vivos,whisper,tiny,zero_shot,,42,clean,clean,ANH PHÚ CHƯA BÚ ĐƯỢC SỮA MẸ LẦN NÀO, Anh phố chưa bố được sở mẹ lần nào
VIVOSDEV01_R043_snr0,vivos,whisper,tiny,zero_shot,,42,0,speech,ANH PHÚ CHƯA BÚ ĐƯỢC SỮA MẸ LẦN NÀO, Anh bố chờ vô đau sớm em là mèo lần nào
VIVOSDEV01_R043_snr10,vivos,whisper,tiny,zero_shot,,42,10,noise,ANH PHÚ CHƯA BÚ ĐƯỢC SỮA MẸ LẦN NÀO, Anh phố chưa bố được sở mẹ lần nào
VIVOSDEV01_R043_snr20,vivos,whisper,tiny,zero_shot,,42,20,music,ANH PHÚ CHƯA BÚ ĐƯỢC SỮA MẸ LẦN NÀO, Anh phố chưa bố được sớm mẹ lần nào
VIVOSDEV01_R043_snr5,vivos,whisper,tiny,zero_shot,,42,5,noise,ANH PHÚ CHƯA BÚ ĐƯỢC SỮA MẸ LẦN NÀO, Anh phố chưa vũ được sớm mẹ lần nào?
VIVOSDEV01_R044_clean,vivos,whisper,tiny,zero_shot,,42,clean,clean,NGỌN LỬA BẠO ĐỘNG Ở TRUNG ĐÔNG VÀ PHÁ VỠ LỘ TRÌNH HÒA BÌNH, Nóng lưỡa bỏ đồng ở trong đông và phá phá phá phá lỗi chình của bình
VIVOSDEV01_R044_snr0,vivos,whisper,tiny,zero_shot,,42,0,speech,NGỌN LỬA BẠO ĐỘNG Ở TRUNG ĐÔNG VÀ PHÁ VỠ LỘ TRÌNH HÒA BÌNH, Nó lửa bỏ đồng ở trong nghe và phá vã s loi chụng qua bên
VIVOSDEV01_R044_snr10,vivos,whisper,tiny,zero_shot,,42,10,noise,NGỌN LỬA BẠO ĐỘNG Ở TRUNG ĐÔNG VÀ PHÁ VỠ LỘ TRÌNH HÒA BÌNH, Nóng lưỡa bỏ đồng ở trong đông và phá bỏ lỗi chết của mình
VIVOSDEV01_R044_snr20,vivos,whisper,tiny,zero_shot,,42,20,speech,NGỌN LỬA BẠO ĐỘNG Ở TRUNG ĐÔNG VÀ PHÁ VỠ LỘ TRÌNH HÒA BÌNH, Nóng lưỡa bỏ đồng ối chung đông và phá phá phá lối chinh của bình
VIVOSDEV01_R044_snr5,vivos,whisper,tiny,zero_shot,,42,5,speech,NGỌN LỬA BẠO ĐỘNG Ở TRUNG ĐÔNG VÀ PHÁ VỠ LỘ TRÌNH HÒA BÌNH," Tại vì thêm năng lỡ vào đam nói kêu đau mân. Vá vá vá, vá vá, lỡ kinh tựa bình mùi rình."
VIVOSDEV01_R069_clean,vivos,whisper,tiny,zero_shot,,42,clean,clean,ĐÈN BỊ HƯ RỒI BA, Đẹn với hư gọi ba
VIVOSDEV01_R069_snr0,vivos,whisper,tiny,zero_shot,,42,0,music,ĐÈN BỊ HƯ RỒI BA, Để phê luôn gặp
VIVOSDEV01_R069_snr10,vivos,whisper,tiny,zero_shot,,42,10,noise,ĐÈN BỊ HƯ RỒI BA, Bạn bị hư gọt bá
VIVOSDEV01_R069_snr20,vivos,whisper,tiny,zero_shot,,42,20,noise,ĐÈN BỊ HƯ RỒI BA, Đẹn biệt hư gọi bà
VIVOSDEV01_R069_snr5,vivos,whisper,tiny,zero_shot,,42,5,music,ĐÈN BỊ HƯ RỒI BA, Tẹn bý hôm qua bác
VIVOSDEV01_R071_clean,vivos,whisper,tiny,zero_shot,,42,clean,clean,TRƯỞNG CÔNG AN XÃ CHẠY SANG CAN NGĂN CŨNG BỊ TUYẾN ĐÁNH TIẾP, Chưởng công sẽ trải xanh kênh ăn cũng bị tuyên đánh tiếp
VIVOSDEV01_R071_snr0,vivos,whisper,tiny,zero_shot,,42,0,noise,TRƯỞNG CÔNG AN XÃ CHẠY SANG CAN NGĂN CŨNG BỊ TUYẾN ĐÁNH TIẾP," Chúng không hình giá chảy đây, các ngăn cũng bị tý tất tiếp."
VIVOSDEV01_R071_snr10,vivos,whisper,tiny,zero_shot,,42,10,music,TRƯỞNG CÔNG AN XÃ CHẠY SANG CAN NGĂN CŨNG BỊ TUYẾN ĐÁNH TIẾP, Chưởng công an sả trải xanh kênh an cũng bị tuyến đánh tiếp
VIVOSDEV01_R071_snr20,vivos,whisper,tiny,zero_shot,,42,20,music,TRƯỞNG CÔNG AN XÃ CHẠY SANG CAN NGĂN CŨNG BỊ TUYẾN ĐÁNH TIẾP, Chưởng công sẽ trải xanh kênh ngân cũng bị tuyến đánh tiếp.
VIVOSDEV01_R071_snr5,vivos,whisper,tiny,zero_shot,,42,5,noise,TRƯỞNG CÔNG AN XÃ CHẠY SANG CAN NGĂN CŨNG BỊ TUYẾN ĐÁNH TIẾP, Chưởng công an sả trải xanh kênh ăn cũng bị tuyến đánh tiếp
VIVOSDEV01_R099_clean,vivos,whisper,tiny,zero_shot,,42,clean,clean,NHƯNG TÔI THÍCH XEM BỘ PHIM TRUYỆN PHÁT NGAY SAU CHƯƠNG TRÌNH NÀY, Nhưng tôi hết xem bỏ film chuyện phát ngày sau chung trình này
VIVOSDEV01_R099_snr0,vivos,whisper,tiny,zero_shot,,42,0,music,NHƯNG TÔI THÍCH XEM BỘ PHIM TRUYỆN PHÁT NGAY SAU CHƯƠNG TRÌNH NÀY, dừng tôi hấp xem bỏ phép truyện phát hay ráo cho chân này
VIVOSDEV01_R099_snr10,vivos,whisper,tiny,zero_shot,,42,10,speech,NHƯNG TÔI THÍCH XEM BỘ PHIM TRUYỆN PHÁT NGAY SAU CHƯƠNG TRÌNH NÀY, Nhưng tôi hết xem bỏ phim truyền phát ngay ra chung trình này.
VIVOSDEV01_R099_snr20,vivos,whisper,tiny,zero_shot,,42,20,noise,NHƯNG TÔI THÍCH XEM BỘ PHIM TRUYỆN PHÁT NGAY SAU CHƯƠNG TRÌNH NÀY, Nhưng tôi hết xem bỏ phim truyền phát kê ra chung trình này
VIVOSDEV01_R099_snr5,vivos,whisper,tiny,zero_shot,,42,5,noise,NHƯNG TÔI THÍCH XEM BỘ PHIM TRUYỆN PHÁT NGAY SAU CHƯƠNG TRÌNH NÀY, Nhưng tôi hết xem bỏ film chuyện phát ngày sau trung trình này
VIVOSDEV01_R108_clean,vivos,whisper,tiny,zero_shot,,42,clean,clean,KHI TRẪM KHỎI BỆNH THÌ SẼ CHÉM ĐẦU, khi chấm có bình thầ sẽ chếm đầu
VIVOSDEV01_R108_snr0,vivos,whisper,tiny,zero_shot,,42,0,noise,KHI TRẪM KHỎI BỆNH THÌ SẼ CHÉM ĐẦU, khi giảm khỏi bình thầy sẽ giếm đầu
VIVOSDEV01_R108_snr10,vivos,whisper,tiny,zero_shot,,42,10,music,KHI TRẪM KHỎI BỆNH THÌ SẼ CHÉM ĐẦU, khi giám khỏi vẫn thầy sẽ chếm đầu
VIVOSDEV01_R108_snr20,vivos,whisper,tiny,zero_shot,,42,20,noise,KHI TRẪM KHỎI BỆNH THÌ SẼ CHÉM ĐẦU, khi chấm có bình thầ sẽ chếm đầu
VIVOSDEV01_R108_snr5,vivos,whisper,tiny,zero_shot,,42,5,noise,KHI TRẪM KHỎI BỆNH THÌ SẼ CHÉM ĐẦU, khi chậm ngồi bình thư sẽ chếm đầu
VIVOSDEV01_R117_clean,vivos,whisper,tiny,zero_shot,,42,clean,clean,VIỆC MỘT QUYỂN TIỂU THUYẾT NHƯ THẾ, Về mọc quế téo hích như hay
VIVOSDEV01_R117_snr0,vivos,whisper,tiny,zero_shot,,42,0,noise,VIỆC MỘT QUYỂN TIỂU THUYẾT NHƯ THẾ, Vậy mà không tên tèo hình như hay
VIVOSDEV01_R117_snr10,vivos,whisper,tiny,zero_shot,,42,10,noise,VIỆC MỘT QUYỂN TIỂU THUYẾT NHƯ THẾ, Vìm mọc quên tèo hích như hay
VIVOSDEV01_R117_snr20,vivos,whisper,tiny,zero_shot,,42,20,speech,VIỆC MỘT QUYỂN TIỂU THUYẾT NHƯ THẾ, Về mọc quý tếu hích như hai
VIVOSDEV01_R117_snr5,vivos,whisper,tiny,zero_shot,,42,5,music,VIỆC MỘT QUYỂN TIỂU THUYẾT NHƯ THẾ, Vềm mọc quên tèo hích như hai
VIVOSDEV01_R130_clean,vivos,whisper,tiny,zero_shot,,42,clean,clean,NÃO BỘ CHÚNG TA PHÁT TRIỂN NHỮNG RUNG ĐỘNG YÊU THƯƠNG, Ná bỏ chúng ta phát kiếng những gung đọng yêu hơn
VIVOSDEV01_R130_snr0,vivos,whisper,tiny,zero_shot,,42,0,noise,NÃO BỘ CHÚNG TA PHÁT TRIỂN NHỮNG RUNG ĐỘNG YÊU THƯƠNG, Ná bỏ chúng ta phát kỳ những gung đọng yêu hơn
VIVOSDEV01_R130_snr10,vivos,whisper,tiny,zero_shot,,42,10,noise,NÃO BỘ CHÚNG TA PHÁT TRIỂN NHỮNG RUNG ĐỘNG YÊU THƯƠNG, Ná bỏ chúng ta phát kỹ nhấn công đọng yêu hơn
VIVOSDEV01_R130_snr20,vivos,whisper,tiny,zero_shot,,42,20,speech,NÃO BỘ CHÚNG TA PHÁT TRIỂN NHỮNG RUNG ĐỘNG YÊU THƯƠNG, Ná bỏ chúng ta phát kỹ những gương đọng yêu hơn.
VIVOSDEV01_R130_snr5,vivos,whisper,tiny,zero_shot,,42,5,noise,NÃO BỘ CHÚNG TA PHÁT TRIỂN NHỮNG RUNG ĐỘNG YÊU THƯƠNG, Ná bỏ chúng ta phát triển nhanh thung đậm yêu hơn
VIVOSDEV01_R139_clean,vivos,whisper,tiny,zero_shot,,42,clean,clean,TRỪ KHI BẠN BIẾT TÔN TRỌNG BẢN THÂN MÌNH, Chưa khi bạn biết tốt trọng bán hơn mình
VIVOSDEV01_R139_snr0,vivos,whisper,tiny,zero_shot,,42,0,noise,TRỪ KHI BẠN BIẾT TÔN TRỌNG BẢN THÂN MÌNH, Từ khi và hối sâu chào mẹ hôm mọi
VIVOSDEV01_R139_snr10,vivos,whisper,tiny,zero_shot,,42,10,noise,TRỪ KHI BẠN BIẾT TÔN TRỌNG BẢN THÂN MÌNH, Chưa khi bạn biết tổ chồng bán hơn mần
VIVOSDEV01_R139_snr20,vivos,whisper,tiny,zero_shot,,42,20,noise,TRỪ KHI BẠN BIẾT TÔN TRỌNG BẢN THÂN MÌNH, Chưa khi bản viết tổng trọng bản hơn mần
VIVOSDEV01_R139_snr5,vivos,whisper,tiny,zero_shot,,42,5,music,TRỪ KHI BẠN BIẾT TÔN TRỌNG BẢN THÂN MÌNH, Chứ khi bạn biết tổng trọng bán hơn 1
VIVOSDEV01_R150_clean,vivos,whisper,tiny,zero_shot,,42,clean,clean,XIN ĐƯỢC CHÂN KHUÂN VÁC, Sinh đầu chương quân vát
VIVOSDEV01_R150_snr0,vivos,whisper,tiny,zero_shot,,42,0,music,XIN ĐƯỢC CHÂN KHUÂN VÁC, Chị tất cả chị tất cả các bạn
VIVOSDEV01_R150_snr10,vivos,whisper,tiny,zero_shot,,42,10,noise,XIN ĐƯỢC CHÂN KHUÂN VÁC, Sơn đầu chân không vắt
VIVOSDEV01_R150_snr20,vivos,whisper,tiny,zero_shot,,42,20,noise,XIN ĐƯỢC CHÂN KHUÂN VÁC, Thinh đậu chương quân vật
VIVOSDEV01_R150_snr5,vivos,whisper,tiny,zero_shot,,42,5,noise,XIN ĐƯỢC CHÂN KHUÂN VÁC, Sinh đầu chương khung vật
VIVOSDEV01_R151_clean,vivos,whisper,tiny,zero_shot,,42,clean,clean,NHƯNG KHI TIẾN GẦN VÀO VỊNH THÌ MẶT BIỂN BỊ RẠN VỠ," Nhưng khi tiếng, gần vào vấn hề mặc vĩnh bị gặng vỡ?"
VIVOSDEV01_R151_snr0,vivos,whisper,tiny,zero_shot,,42,0,noise,NHƯNG KHI TIẾN GẦN VÀO VỊNH THÌ MẶT BIỂN BỊ RẠN VỠ, Nhưng khi đến gần vào bên hệ mặc bếng bế gặp bỏ
VIVOSDEV01_R151_snr10,vivos,whisper,tiny,zero_shot,,42,10,noise,NHƯNG KHI TIẾN GẦN VÀO VỊNH THÌ MẶT BIỂN BỊ RẠN VỠ, Nhưng khi tiếng gần vào vấn hề mặc với bí gàng vỡ
VIVOSDEV01_R151_snr20,vivos,whisper,tiny,zero_shot,,42,20,music,NHƯNG KHI TIẾN GẦN VÀO VỊNH THÌ MẶT BIỂN BỊ RẠN VỠ, Nhưng khi tiến gần vào vấn hề mặc vấn biệt gặng vợ
VIVOSDEV01_R151_snr5,vivos,whisper,tiny,zero_shot,,42,5,noise,NHƯNG KHI TIẾN GẦN VÀO VỊNH THÌ MẶT BIỂN BỊ RẠN VỠ," Nhưng khi tiếng, gần vào vấn hề mặc bếng bế gặng vỡ"
VIVOSDEV01_R164_clean,vivos,whisper,tiny,zero_shot,,42,clean,clean,MỘT BÀ NGOẠI GIẶT ĐỒ THUÊ," Mọng bá ngã, dạc đầu hơi"
VIVOSDEV01_R164_snr0,vivos,whisper,tiny,zero_shot,,42,0,noise,MỘT BÀ NGOẠI GIẶT ĐỒ THUÊ, Mọc bá mò ai em đâu thôi
VIVOSDEV01_R164_snr10,vivos,whisper,tiny,zero_shot,,42,10,speech,MỘT BÀ NGOẠI GIẶT ĐỒ THUÊ, Họng bà ngã nhạc đầu hôi
VIVOSDEV01_R164_snr20,vivos,whisper,tiny,zero_shot,,42,20,speech,MỘT BÀ NGOẠI GIẶT ĐỒ THUÊ," Một báng ngoài, dạc đầu hơi"
VIVOSDEV01_R164_snr5,vivos,whisper,tiny,zero_shot,,42,5,music,MỘT BÀ NGOẠI GIẶT ĐỒ THUÊ, Mọng vào ngoài dạc đau hơi
VIVOSDEV01_R172_clean,vivos,whisper,tiny,zero_shot,,42,clean,clean,TÂY GIANG VẪN CÒN KHẮC KHOẢI KHÔNG THỂ VÀO XÃ A NÔNG, Tây dên quấn còn cách khỏi công hỏi vào sã á nông
VIVOSDEV01_R172_snr0,vivos,whisper,tiny,zero_shot,,42,0,music,TÂY GIANG VẪN CÒN KHẮC KHOẢI KHÔNG THỂ VÀO XÃ A NÔNG, Tây dên bình thọng các bỏ hãy không hãy bảo chá nè
VIVOSDEV01_R172_snr10,vivos,whisper,tiny,zero_shot,,42,10,noise,TÂY GIANG VẪN CÒN KHẮC KHOẢI KHÔNG THỂ VÀO XÃ A NÔNG, Tây yên quấn còn khắp khỏi không hỏi vào sã án ông
VIVOSDEV01_R172_snr20,vivos,whisper,tiny,zero_shot,,42,20,noise,TÂY GIANG VẪN CÒN KHẮC KHOẢI KHÔNG THỂ VÀO XÃ A NÔNG, Đây dên quấn còn các khỏi không hãy vào sả anong
VIVOSDEV01_R172_snr5,vivos,whisper,tiny,zero_shot,,42,5,noise,TÂY GIANG VẪN CÒN KHẮC KHOẢI KHÔNG THỂ VÀO XÃ A NÔNG, Đây giang quấn còn cách khỏi công hỏi vào rãa nông
VIVOSDEV01_R174_clean,vivos,whisper,tiny,zero_shot,,42,clean,clean,NHỮNG DỰ ĐỊNH CẦN PHẢI ĐƯỢC BIẾN THÀNH HIỆN THỰC, Những dưới đánh cần phải được viến hành hẹn hợp.
VIVOSDEV01_R174_snr0,vivos,whisper,tiny,zero_shot,,42,0,speech,NHỮNG DỰ ĐỊNH CẦN PHẢI ĐƯỢC BIẾN THÀNH HIỆN THỰC," Tổ con, tổ con, tổ con, tổ con, tổ con, tổ con, tổ con, tổ con, tổ con, tổ con, tổ con, tổ con, tổ con, tổ con, tổ con, tổ con, tổ con, tổ con, tổ con, tổ con, tổ con, tổ con, tổ con, tổ con, tổ con, tổ con, tổ con, tổ con, tổ con, tổ con, tổ con, tổ con,"
VIVOSDEV01_R174_snr10,vivos,whisper,tiny,zero_shot,,42,10,music,NHỮNG DỰ ĐỊNH CẦN PHẢI ĐƯỢC BIẾN THÀNH HIỆN THỰC, Những dưới đánh cần phái được viến hành hảnh hậu?
VIVOSDEV01_R174_snr20,vivos,whisper,tiny,zero_shot,,42,20,music,NHỮNG DỰ ĐỊNH CẦN PHẢI ĐƯỢC BIẾN THÀNH HIỆN THỰC, Những dưới đánh cần phải được viến hành hảnh hợp.
VIVOSDEV01_R174_snr5,vivos,whisper,tiny,zero_shot,,42,5,music,NHỮNG DỰ ĐỊNH CẦN PHẢI ĐƯỢC BIẾN THÀNH HIỆN THỰC, Những giới đàn cường phái được viếng khăn khi thật.
VIVOSDEV01_R176_clean,vivos,whisper,tiny,zero_shot,,42,clean,clean,ĐỂ TÀU KHÔNG PHẢI CƯỠI CẦU TÀU, Đấy tạo không phải cửa cầu tạo
VIVOSDEV01_R176_snr0,vivos,whisper,tiny,zero_shot,,42,0,music,ĐỂ TÀU KHÔNG PHẢI CƯỠI CẦU TÀU," Để tao không phải gửi, cầu tao"
VIVOSDEV01_R176_snr10,vivos,whisper,tiny,zero_shot,,42,10,speech,ĐỂ TÀU KHÔNG PHẢI CƯỠI CẦU TÀU," Đấy tao không phải cửa, cầu tao"
VIVOSDEV01_R176_snr20,vivos,whisper,tiny,zero_shot,,42,20,noise,ĐỂ TÀU KHÔNG PHẢI CƯỠI CẦU TÀU, Đấy tao không phải cổ tao
VIVOSDEV01_R176_snr5,vivos,whisper,tiny,zero_shot,,42,5,noise,ĐỂ TÀU KHÔNG PHẢI CƯỠI CẦU TÀU, Nói đầu không phải cực cầu đầu
VIVOSDEV01_R180_clean,vivos,whisper,tiny,zero_shot,,42,clean,clean,BÀN CHỔI SƠN BẰNG BÔNG MỀM RẤT PHỔ BIẾN, Bàn chói xe bằng bông mềm gước phỏ biến
VIVOSDEV01_R180_snr0,vivos,whisper,tiny,zero_shot,,42,0,music,BÀN CHỔI SƠN BẰNG BÔNG MỀM RẤT PHỔ BIẾN, Bạn cho ai sân bằng bông mềm cứ khó viếp
VIVOSDEV01_R180_snr10,vivos,whisper,tiny,zero_shot,,42,10,noise,BÀN CHỔI SƠN BẰNG BÔNG MỀM RẤT PHỔ BIẾN, Bàn chói xân bằng bông mềm gước phó biến
VIVOSDEV01_R180_snr20,vivos,whisper,tiny,zero_shot,,42,20,noise,BÀN CHỔI SƠN BẰNG BÔNG MỀM RẤT PHỔ BIẾN, Bàn chói xe bằng bông mềm gước phỏ biến
VIVOSDEV01_R180_snr5,vivos,whisper,tiny,zero_shot,,42,5,music,BÀN CHỔI SƠN BẰNG BÔNG MỀM RẤT PHỔ BIẾN," Bà chói xân, bằng bông mềm gước phố biết"
VIVOSDEV01_R188_clean,vivos,whisper,tiny,zero_shot,,42,clean,clean,VIỆC QUY TỘI ĐỂ BÙNG NỔ LOẠI SÁCH NÀY LÀ DO, Bây quý tỏi để bùng nỗi lời sách này là dơ
VIVOSDEV01_R188_snr0,vivos,whisper,tiny,zero_shot,,42,0,noise,VIỆC QUY TỘI ĐỂ BÙNG NỔ LOẠI SÁCH NÀY LÀ DO, Chị quý đời đời bùng nỗi lời sắp nè là dơ
VIVOSDEV01_R188_snr10,vivos,whisper,tiny,zero_shot,,42,10,speech,VIỆC QUY TỘI ĐỂ BÙNG NỔ LOẠI SÁCH NÀY LÀ DO," Bây giờ, tôi đã bùng hỏi lời sách này là dạ"
VIVOSDEV01_R188_snr20,vivos,whisper,tiny,zero_shot,,42,20,music,VIỆC QUY TỘI ĐỂ BÙNG NỔ LOẠI SÁCH NÀY LÀ DO, Bình quyết tỏi để bùng nỗi lời sách này là dơ
VIVOSDEV01_R188_snr5,vivos,whisper,tiny,zero_shot,,42,5,noise,VIỆC QUY TỘI ĐỂ BÙNG NỔ LOẠI SÁCH NÀY LÀ DO," Bây giờ, bây giờ, bây giờ, bây giờ, bây giờ, bây giờ, bây giờ, bây giờ, bây giờ, bây giờ, bây giờ, bây giờ, bây giờ, bây giờ, bây giờ, bây giờ, bây giờ, bây giờ, bây giờ, bây giờ, bây giờ, bây giờ, bây giờ, bây giờ, bây giờ, bây giờ, bây giờ, bây giờ, bây giờ, bây giờ, bây giờ, bây giờ,"
VIVOSDEV01_T002_clean,vivos,whisper,tiny,zero_shot,,42,clean,clean,CŨNG CHƯA BIẾT NỮA, Cổng chờ biết nữa
VIVOSDEV01_T002_snr0,vivos,whisper,tiny,zero_shot,,42,0,speech,CŨNG CHƯA BIẾT NỮA, Cái gì vậy?
VIVOSDEV01_T002_snr10,vivos,whisper,tiny,zero_shot,,42,10,music,CŨNG CHƯA BIẾT NỮA, Cổng trời biết nữa
VIVOSDEV01_T002_snr20,vivos,whisper,tiny,zero_shot,,42,20,speech,CŨNG CHƯA BIẾT NỮA, Cộng chờ biết nữa
VIVOSDEV01_T002_snr5,vivos,whisper,tiny,zero_shot,,42,5,music,CŨNG CHƯA BIẾT NỮA, Công chờ biết nữa?
VIVOSDEV01_T038_clean,vivos,whisper,tiny,zero_shot,,42,clean,clean,CHẮC SẮP TỚI THU XẾP ĐI DU LỊCH THÔI, chắc chắc chắc chắc chắc chắc chắc chắc chắc chắc chắc chắc chắc chắc chắc chắc chắc chắc chắc chắc chắc chắc chắc chắc chắc chắc chắc chắc chắc chắc chắc chắc chắc chắc chắc chắc chắc chắc chắc chắc chắc chắc chắc chắc chắc chắc chắc chắc chắc chắc chắc chắc chắc chắc chắc chắc chắc chắc chắc chắc chắc chắc chắc chắc
VIVOSDEV01_T038_snr0,vivos,whisper,tiny,zero_shot,,42,0,noise,CHẮC SẮP TỚI THU XẾP ĐI DU LỊCH THÔI, chắc sắp trái hồ sếp bây giờ là tài
VIVOSDEV01_T038_snr10,vivos,whisper,tiny,zero_shot,,42,10,music,CHẮC SẮP TỚI THU XẾP ĐI DU LỊCH THÔI," Chấp dẫn, hôi sĩ bây giờ, đều là ai"
VIVOSDEV01_T038_snr20,vivos,whisper,tiny,zero_shot,,42,20,music,CHẮC SẮP TỚI THU XẾP ĐI DU LỊCH THÔI, chắc chắc chắc chắc chắc chắc chắc chắc chắc chắc chắc chắc chắc chắc chắc chắc chắc chắc chắc chắc chắc chắc chắc chắc chắc chắc chắc chắc chắc chắc chắc chắc chắc chắc chắc chắc chắc chắc chắc chắc chắc chắc chắc chắc chắc chắc chắc chắc chắc chắc chắc chắc chắc chắc chắc chắc chắc chắc chắc chắc chắc chắc chắc chắc
VIVOSDEV01_T038_snr5,vivos,whisper,tiny,zero_shot,,42,5,music,CHẮC SẮP TỚI THU XẾP ĐI DU LỊCH THÔI, chắc chắc tới hô sức về nhiều lãt hỏi
VIVOSDEV01_T043_clean,vivos,whisper,tiny,zero_shot,,42,clean,clean,NÓ TRỐN MẤT TIÊU RỒI CÒN ĐÂU, Nó chó mức tế gọi con đau
VIVOSDEV01_T043_snr0,vivos,whisper,tiny,zero_shot,,42,0,noise,NÓ TRỐN MẤT TIÊU RỒI CÒN ĐÂU, Nó chó mất tiêu gọi cổ đau
VIVOSDEV01_T043_snr10,vivos,whisper,tiny,zero_shot,,42,10,noise,NÓ TRỐN MẤT TIÊU RỒI CÒN ĐÂU," Nói chó mức tìm rồi, còn đâu"
VIVOSDEV01_T043_snr20,vivos,whisper,tiny,zero_shot,,42,20,speech,NÓ TRỐN MẤT TIÊU RỒI CÒN ĐÂU, Nó chó mất tèo gọi con đau
VIVOSDEV01_T043_snr5,vivos,whisper,tiny,zero_shot,,42,5,music,NÓ TRỐN MẤT TIÊU RỒI CÒN ĐÂU, Nói gió bức tèo gọi gầu đâu
VIVOSDEV02_R009_clean,vivos,whisper,tiny,zero_shot,,42,clean,clean,BÀ QUẢNG VẪN ĐANG BẬN RỘN, Bà quán vấn đàn bận rộng
VIVOSDEV02_R009_snr0,vivos,whisper,tiny,zero_shot,,42,0,noise,BÀ QUẢNG VẪN ĐANG BẬN RỘN," Vào bạn, bình tháng bình gồm"
VIVOSDEV02_R009_snr10,vivos,whisper,tiny,zero_shot,,42,10,noise,BÀ QUẢNG VẪN ĐANG BẬN RỘN, Bà quán bướng đàn bướng rộng
VIVOSDEV02_R009_snr20,vivos,whisper,tiny,zero_shot,,42,20,music,BÀ QUẢNG VẪN ĐANG BẬN RỘN, Bà quán bấn đam vẫn rộng
VIVOSDEV02_R009_snr5,vivos,whisper,tiny,zero_shot,,42,5,music,BÀ QUẢNG VẪN ĐANG BẬN RỘN," Bà quang, phấn đẹp là trộn"
VIVOSDEV02_R031_clean,vivos,whisper,tiny,zero_shot,,42,clean,clean,MUỐN ĐẸP PHẢI GHÈ LÀM SAO CHO CÁC BÓ CƠ CHÂN NỔI BẬT LÊN, Một đẹp phải gè làm chào cho các bó kơi trên nổi bận lên.
VIVOSDEV02_R031_snr0,vivos,whisper,tiny,zero_shot,,42,0,speech,MUỐN ĐẸP PHẢI GHÈ LÀM SAO CHO CÁC BÓ CƠ CHÂN NỔI BẬT LÊN, Cái gì vậy?
VIVOSDEV02_R031_snr10,vivos,whisper,tiny,zero_shot,,42,10,music,MUỐN ĐẸP PHẢI GHÈ LÀM SAO CHO CÁC BÓ CƠ CHÂN NỔI BẬT LÊN, Một đẹp phải gè làm chao cho các bó kời chân nói bắt lên.
VIVOSDEV02_R031_snr20,vivos,whisper,tiny,zero_shot,,42,20,noise,MUỐN ĐẸP PHẢI GHÈ LÀM SAO CHO CÁC BÓ CƠ CHÂN NỔI BẬT LÊN, Một đẹp thấy gè làm chào cho các bó kỳ trên nổi bận lên.
VIVOSDEV02_R031_snr5,vivos,whisper,tiny,zero_shot,,42,5,noise,MUỐN ĐẸP PHẢI GHÈ LÀM SAO CHO CÁC BÓ CƠ CHÂN NỔI BẬT LÊN, Một đẹp phải kẻ làm trao cho các bỏ cười trên nổi bắt lên
VIVOSDEV02_R045_clean,vivos,whisper,tiny,zero_shot,,42,clean,clean,CÔ CỨ NHÈ NGAY CÁI NỌNG CÁ TRÊ, Cô cứ nhẹ cánh nộ cá chơi
VIVOSDEV02_R045_snr0,vivos,whisper,tiny,zero_shot,,42,0,music,CÔ CỨ NHÈ NGAY CÁI NỌNG CÁ TRÊ, Cô cứ nhẹ cán nhau cán chưa
VIVOSDEV02_R045_snr10,vivos,whisper,tiny,zero_shot,,42,10,noise,CÔ CỨ NHÈ NGAY CÁI NỌNG CÁ TRÊ," Cô cứ nhẹ cánh, nọc cá chơi"
VIVOSDEV02_R045_snr20,vivos,whisper,tiny,zero_shot,,42,20,noise,CÔ CỨ NHÈ NGAY CÁI NỌNG CÁ TRÊ, Cô cứ nhẹ cán nọc các trời
VIVOSDEV02_R045_snr5,vivos,whisper,tiny,zero_shot,,42,5,speech,CÔ CỨ NHÈ NGAY CÁI NỌNG CÁ TRÊ, Còn chứ đừng có thể đánh bệnh.
VIVOSDEV02_R067_clean,vivos,whisper,tiny,zero_shot,,42,clean,clean,ÔNG CHỦ TỊCH TUYÊN BỐ NHƯ THẾ NÀO, Ông chú tận đi bố như thế nào?
VIVOSDEV02_R067_snr0,vivos,whisper,tiny,zero_shot,,42,0,speech,ÔNG CHỦ TỊCH TUYÊN BỐ NHƯ THẾ NÀO," Mình sẽ đánh bây giờ, đánh bây giờ, đánh bây giờ, đánh bây giờ, đánh bây giờ, đánh bây giờ, đánh bây giờ, đánh bây giờ, đánh bây giờ, đánh bây giờ, đánh bây giờ, đánh bây giờ, đánh bây giờ, đánh bây giờ, đánh bây giờ, đánh bây giờ, đánh bây giờ, đánh bây giờ, đánh bây giờ, đánh bây giờ, đánh bây giờ"
VIVOSDEV02_R067_snr10,vivos,whisper,tiny,zero_shot,,42,10,speech,ÔNG CHỦ TỊCH TUYÊN BỐ NHƯ THẾ NÀO, Mình sẽ bị rơi ở đây.
VIVOSDEV02_R067_snr20,vivos,whisper,tiny,zero_shot,,42,20,music,ÔNG CHỦ TỊCH TUYÊN BỐ NHƯ THẾ NÀO, Ông chú tận đi bố như thế nào?
VIVOSDEV02_R067_snr5,vivos,whisper,tiny,zero_shot,,42,5,noise,ÔNG CHỦ TỊCH TUYÊN BỐ NHƯ THẾ NÀO, Ông chủ tạc đi bó như thế nào
VIVOSDEV02_R068_clean,vivos,whisper,tiny,zero_shot,,42,clean,clean,KHIẾN HAI CHA CON CẬU, Khiến 2 trác gón cầu
VIVOSDEV02_R068_snr0,vivos,whisper,tiny,zero_shot,,42,0,speech,KHIẾN HAI CHA CON CẬU, Cái gì vậy?
VIVOSDEV02_R068_snr10,vivos,whisper,tiny,zero_shot,,42,10,speech,KHIẾN HAI CHA CON CẬU, Chính thái chết con cậu
VIVOSDEV02_R068_snr20,vivos,whisper,tiny,zero_shot,,42,20,music,KHIẾN HAI CHA CON CẬU, Khiến 2 chá con cầu
VIVOSDEV02_R068_snr5,vivos,whisper,tiny,zero_shot,,42,5,noise,KHIẾN HAI CHA CON CẬU, Khiến hai đer tòn cảo
VIVOSDEV02_R071_clean,vivos,whisper,tiny,zero_shot,,42,clean,clean,MỖI KHI XE RÁC ĐI NGANG QUA ĐÁNH KẺNG MỚI ĐEM RA ĐỔ, Mỏ kỳ chè là tìm nghen quà tăng kệ mới đêm ra đấu
VIVOSDEV02_R071_snr0,vivos,whisper,tiny,zero_shot,,42,0,speech,MỖI KHI XE RÁC ĐI NGANG QUA ĐÁNH KẺNG MỚI ĐEM RA ĐỔ, có thể sẽ là tình and quá tăng kếm mời đẹp lạ tổ.
VIVOSDEV02_R071_snr10,vivos,whisper,tiny,zero_shot,,42,10,noise,MỖI KHI XE RÁC ĐI NGANG QUA ĐÁNH KẺNG MỚI ĐEM RA ĐỔ, Mỏ kỳ chè là tình em quả tăng kệ mới đem ra đau
VIVOSDEV02_R071_snr20,vivos,whisper,tiny,zero_shot,,42,20,speech,MỖI KHI XE RÁC ĐI NGANG QUA ĐÁNH KẺNG MỚI ĐEM RA ĐỔ, Mỏ kỳ chè là tình em qua tăng kế mở đêm ra đau.
VIVOSDEV02_R071_snr5,vivos,whisper,tiny,zero_shot,,42,5,music,MỖI KHI XE RÁC ĐI NGANG QUA ĐÁNH KẺNG MỚI ĐEM RA ĐỔ, Một cái chết là tình in của đánh kế mời tế plato
VIVOSDEV02_R076_clean,vivos,whisper,tiny,zero_shot,,42,clean,clean,THAY VÌ BỐN GIỜ NHƯ TRƯỚC ĐÂY, Thái về bống giò như chết đây
VIVOSDEV02_R076_snr0,vivos,whisper,tiny,zero_shot,,42,0,speech,THAY VÌ BỐN GIỜ NHƯ TRƯỚC ĐÂY," Bây giờ, bây giờ, bây giờ, bây giờ, bây giờ, bây giờ, bây giờ, bây giờ, bây giờ, bây giờ, bây giờ, bây giờ, bây giờ, bây giờ, bây giờ, bây giờ, bây giờ, bây giờ, bây giờ, bây giờ, bây giờ, bây giờ, bây giờ, bây giờ, bây giờ, bây giờ, bây giờ, bây giờ, bây giờ, bây giờ, bây giờ, bây giờ,"
VIVOSDEV02_R076_snr10,vivos,whisper,tiny,zero_shot,,42,10,speech,THAY VÌ BỐN GIỜ NHƯ TRƯỚC ĐÂY, Hãy bỏ trời bỏ trời bỏ trời bỏ trời bỏ trời bỏ trời bỏ trời bỏ trời bỏ trời bỏ trời bỏ trời bỏ trời bỏ trời bỏ trời bỏ trời bỏ trời bỏ trời bỏ trời bỏ trời bỏ trời bỏ trời bỏ trời bỏ trời bỏ trời bỏ trời bỏ trời bỏ trời bỏ trời bỏ trời bỏ trời bỏ trời bỏ
VIVOSDEV02_R076_snr20,vivos,whisper,tiny,zero_shot,,42,20,noise,THAY VÌ BỐN GIỜ NHƯ TRƯỚC ĐÂY, Thái về bống giò như tiếp đây
VIVOSDEV02_R076_snr5,vivos,whisper,tiny,zero_shot,,42,5,noise,THAY VÌ BỐN GIỜ NHƯ TRƯỚC ĐÂY, Hãy về Bông Dạ như tiết đại
VIVOSDEV02_R079_clean,vivos,whisper,tiny,zero_shot,,42,clean,clean,HẦU HẾT NANG NÀY CÓ NGUỒN GỐC TỪ GÂN CƠ CHÂN NGỖNG, Hầu hết chán này có gồm gấp từ gân kơi trưng ngọng
VIVOSDEV02_R079_snr0,vivos,whisper,tiny,zero_shot,,42,0,music,HẦU HẾT NANG NÀY CÓ NGUỒN GỐC TỪ GÂN CƠ CHÂN NGỖNG, Hào hẹp t t dưới gần cơ tình nhau
VIVOSDEV02_R079_snr10,vivos,whisper,tiny,zero_shot,,42,10,noise,HẦU HẾT NANG NÀY CÓ NGUỒN GỐC TỪ GÂN CƠ CHÂN NGỖNG, Hầu hết chán này có ngùng góc từ gân kơi trinh ngọng
VIVOSDEV02_R079_snr20,vivos,whisper,tiny,zero_shot,,42,20,speech,HẦU HẾT NANG NÀY CÓ NGUỒN GỐC TỪ GÂN CƠ CHÂN NGỖNG, Hãy subscribe cho những video dễu hấp dẫn.
VIVOSDEV02_R079_snr5,vivos,whisper,tiny,zero_shot,,42,5,speech,HẦU HẾT NANG NÀY CÓ NGUỒN GỐC TỪ GÂN CƠ CHÂN NGỖNG, Họ hãy bước chán này có một góc rời vuyên trời tinh gão.
VIVOSDEV02_R087_clean,vivos,whisper,tiny,zero_shot,,42,clean,clean,TIẾNG MÃ TẤU SẮC LẠNH CHẠM NHAU VÀ CẢ TIẾNG RÊN RỈ, Tuy mạch đấu chắc là chạm nhau và cạp biến tranh rửi
VIVOSDEV02_R087_snr0,vivos,whisper,tiny,zero_shot,,42,0,noise,TIẾNG MÃ TẤU SẮC LẠNH CHẠM NHAU VÀ CẢ TIẾNG RÊN RỈ, Vì mạch đau chát lần 3 nhau và cạc điên trên đêm
VIVOSDEV02_R087_snr10,vivos,whisper,tiny,zero_shot,,42,10,speech,TIẾNG MÃ TẤU SẮC LẠNH CHẠM NHAU VÀ CẢ TIẾNG RÊN RỈ, Tế mạ đâu chắc là chạm nhau và cạp biến tranh rửi
VIVOSDEV02_R087_snr20,vivos,whisper,tiny,zero_shot,,42,20,noise,TIẾNG MÃ TẤU SẮC LẠNH CHẠM NHAU VÀ CẢ TIẾNG RÊN RỈ, Tuy mạch đấu chắc là chạm nhau và cạp biến tranh rửi
VIVOSDEV02_R087_snr5,vivos,whisper,tiny,zero_shot,,42,5,noise,TIẾNG MÃ TẤU SẮC LẠNH CHẠM NHAU VÀ CẢ TIẾNG RÊN RỈ, Vì mạch đau chắc là cảm nhau và gạch býng trang rình.
VIVOSDEV02_R089_clean,vivos,whisper,tiny,zero_shot,,42,clean,clean,CÓ HẲN MỘT LOẠT BÀI VIẾT CHUYÊN ĐỀ VỀ QUẢN TRỊ THƯƠNG HIỆU, có hẳng mộn lạc bài viên trên đài về quan trị thương hiểu.
VIVOSDEV02_R089_snr0,vivos,whisper,tiny,zero_shot,,42,0,music,CÓ HẲN MỘT LOẠT BÀI VIẾT CHUYÊN ĐỀ VỀ QUẢN TRỊ THƯƠNG HIỆU, Đó hả hả hả hả hả? Bài viên trên trời quán tỉ hình như
VIVOSDEV02_R089_snr10,vivos,whisper,tiny,zero_shot,,42,10,noise,CÓ HẲN MỘT LOẠT BÀI VIẾT CHUYÊN ĐỀ VỀ QUẢN TRỊ THƯƠNG HIỆU, có hẳng mọt là bài biết trên đài bài quá kỳ thương hiểu.
VIVOSDEV02_R089_snr20,vivos,whisper,tiny,zero_shot,,42,20,speech,CÓ HẲN MỘT LOẠT BÀI VIẾT CHUYÊN ĐỀ VỀ QUẢN TRỊ THƯƠNG HIỆU, có hẳng mọt là bài bý trinh đại về quan trị thương hiểu.
VIVOSDEV02_R089_snr5,vivos,whisper,tiny,zero_shot,,42,5,music,CÓ HẲN MỘT LOẠT BÀI VIẾT CHUYÊN ĐỀ VỀ QUẢN TRỊ THƯƠNG HIỆU, có hẳng mọc là bài viên trên đại về quan trị thư hư hư
VIVOSDEV02_R091_clean,vivos,whisper,tiny,zero_shot,,42,clean,clean,HỢP VỚI HƯƠNG VỊ ĐẦU XUÂN, Hạp với hương vui đạo xong
VIVOSDEV02_R091_snr0,vivos,whisper,tiny,zero_shot,,42,0,noise,HỢP VỚI HƯƠNG VỊ ĐẦU XUÂN," Hạ, với hơn, với đau xong"
VIVOSDEV02_R091_snr10,vivos,whisper,tiny,zero_shot,,42,10,noise,HỢP VỚI HƯƠNG VỊ ĐẦU XUÂN, Hạp với hương vui đạo xong
VIVOSDEV02_R091_snr20,vivos,whisper,tiny,zero_shot,,42,20,noise,HỢP VỚI HƯƠNG VỊ ĐẦU XUÂN, Hạp với hương với đạo xanh
VIVOSDEV02_R091_snr5,vivos,whisper,tiny,zero_shot,,42,5,music,HỢP VỚI HƯƠNG VỊ ĐẦU XUÂN, Hạp với hương quay đảo chân
VIVOSDEV02_R106_clean,vivos,whisper,tiny,zero_shot,,42,clean,clean,TRỞ NÊN THỤ ĐỘNG, chào anh nhanh tôi đảo
VIVOSDEV02_R106_snr0,vivos,whisper,tiny,zero_shot,,42,0,speech,TRỞ NÊN THỤ ĐỘNG, Nhiều sẽ nói dễ. Đã là nhanh tổ đáng.
VIVOSDEV02_R106_snr10,vivos,whisper,tiny,zero_shot,,42,10,music,TRỞ NÊN THỤ ĐỘNG, cháu đồng
VIVOSDEV02_R106_snr20,vivos,whisper,tiny,zero_shot,,42,20,noise,TRỞ NÊN THỤ ĐỘNG, chào anh nhanh tôi đau
VIVOSDEV02_R106_snr5,vivos,whisper,tiny,zero_shot,,42,5,speech,TRỞ NÊN THỤ ĐỘNG, chào tên tên tên tên tên tên tên tên tên tên tên tên tên tên tên tên tên tên tên tên tên tên tên tên tên tên tên tên tên tên tên tên tên tên tên tên tên tên tên tên tên tên tên tên tên tên tên tên tên tên tên tên tên tên tên tên tên tên tên tên tên tên tên
VIVOSDEV02_R130_clean,vivos,whisper,tiny,zero_shot,,42,clean,clean,CHỊ GẶN HỎI ANH THỀ SỐNG THỀ CHẾT LÀ KHÔNG CÓ, Dự dẫn hỏi anh thế xong thế để là không có?
VIVOSDEV02_R130_snr0,vivos,whisper,tiny,zero_shot,,42,0,noise,CHỊ GẶN HỎI ANH THỀ SỐNG THỀ CHẾT LÀ KHÔNG CÓ, Dịt dạm khỏi ăn thể trong thể dạm là không có.
VIVOSDEV02_R130_snr10,vivos,whisper,tiny,zero_shot,,42,10,speech,CHỊ GẶN HỎI ANH THỀ SỐNG THỀ CHẾT LÀ KHÔNG CÓ, Dị dạng lỗi em thấy sống thấy bếp là không gà.
VIVOSDEV02_R130_snr20,vivos,whisper,tiny,zero_shot,,42,20,music,CHỊ GẶN HỎI ANH THỀ SỐNG THỀ CHẾT LÀ KHÔNG CÓ, Dị dẫn hỏi anh thế trong thế để là không có
VIVOSDEV02_R130_snr5,vivos,whisper,tiny,zero_shot,,42,5,music,CHỊ GẶN HỎI ANH THỀ SỐNG THỀ CHẾT LÀ KHÔNG CÓ, Dịt nhận khỏi em thấy trong thể đẹp là không có
VIVOSDEV02_R132_clean,vivos,whisper,tiny,zero_shot,,42,clean,clean,ĐIỆN THOẠI RENG NHƯNG TA CŨNG PHẢI NHẤC MÁY ĐÚNG KHÔNG, Tuyện thái làng nhân ta cũng phải nhất máy đúng không?
VIVOSDEV02_R132_snr0,vivos,whisper,tiny,zero_shot,,42,0,music,ĐIỆN THOẠI RENG NHƯNG TA CŨNG PHẢI NHẤC MÁY ĐÚNG KHÔNG, thì hãy lên nhanh đa tổng phải những may đông không?
VIVOSDEV02_R132_snr10,vivos,whisper,tiny,zero_shot,,42,10,music,ĐIỆN THOẠI RENG NHƯNG TA CŨNG PHẢI NHẤC MÁY ĐÚNG KHÔNG, đến thái lê nhân ta trộng phải nhất máy đúng không?
VIVOSDEV02_R132_snr20,vivos,whisper,tiny,zero_shot,,42,20,music,ĐIỆN THOẠI RENG NHƯNG TA CŨNG PHẢI NHẤC MÁY ĐÚNG KHÔNG, Tuyện thoại lên nhân đa cộng phải nhất máy đúng không?
VIVOSDEV02_R132_snr5,vivos,whisper,tiny,zero_shot,,42,5,speech,ĐIỆN THOẠI RENG NHƯNG TA CŨNG PHẢI NHẤC MÁY ĐÚNG KHÔNG," In Linh Thái Lén, trên tạc của Phải Nhất Mày đuối sau."
VIVOSDEV02_R135_clean,vivos,whisper,tiny,zero_shot,,42,clean,clean,CŨNG THUỘC LOẠI DÀY ĐẶC NHẤT TRONG HỆ MẶT TRỜI, cũng thuộc lại dầy đặc nhất trong hệ mặt trời
VIVOSDEV02_R135_snr0,vivos,whisper,tiny,zero_shot,,42,0,speech,CŨNG THUỘC LOẠI DÀY ĐẶC NHẤT TRONG HỆ MẶT TRỜI, Cái gì vậy?
VIVOSDEV02_R135_snr10,vivos,whisper,tiny,zero_shot,,42,10,music,CŨNG THUỘC LOẠI DÀY ĐẶC NHẤT TRONG HỆ MẶT TRỜI, cũng thuộc lại dài đặc nhất trong hệ mặt trời
VIVOSDEV02_R135_snr20,vivos,whisper,tiny,zero_shot,,42,20,speech,CŨNG THUỘC LOẠI DÀY ĐẶC NHẤT TRONG HỆ MẶT TRỜI, cũng thuộc lại dài đặc ít chó hẹn mặt trời
VIVOSDEV02_R135_snr5,vivos,whisper,tiny,zero_shot,,42,5,speech,CŨNG THUỘC LOẠI DÀY ĐẶC NHẤT TRONG HỆ MẶT TRỜI," Đúng là đặc nhiên, đặc nhiên, đặc nhiên, đặc nhiên, đặc nhiên, đặc nhiên, đặc nhiên, đặc nhiên, đặc nhiên, đặc nhiên, đặc nhiên, đặc nhiên, đặc nhiên, đặc nhiên, đặc nhiên, đặc nhiên, đặc nhiên, đặc nhiên, đặc nhiên, đặc nhiên, đặc nhiên, đặc nhiên, đặc nhiên, đặc nhiên, đặc nhiên,"
VIVOSDEV02_R137_clean,vivos,whisper,tiny,zero_shot,,42,clean,clean,CÁC VỤ THAM NHŨNG VÀ BÊ BỐI KINH TẾ, Các vụ tham nhận và bế bối kinh đế
VIVOSDEV02_R137_snr0,vivos,whisper,tiny,zero_shot,,42,0,noise,CÁC VỤ THAM NHŨNG VÀ BÊ BỐI KINH TẾ, Các vụ thăm nhóm và bẹ bối kinh tế
VIVOSDEV02_R137_snr10,vivos,whisper,tiny,zero_shot,,42,10,music,CÁC VỤ THAM NHŨNG VÀ BÊ BỐI KINH TẾ, Gác bộ tham nhận bạc bế bối kinh đế
VIVOSDEV02_R137_snr20,vivos,whisper,tiny,zero_shot,,42,20,noise,CÁC VỤ THAM NHŨNG VÀ BÊ BỐI KINH TẾ, Các vụ tham nhận và bế bối kinh đế
VIVOSDEV02_R137_snr5,vivos,whisper,tiny,zero_shot,,42,5,noise,CÁC VỤ THAM NHŨNG VÀ BÊ BỐI KINH TẾ, Các phục tham nhồng và bế bối kinh t
VIVOSDEV02_R164_clean,vivos,whisper,tiny,zero_shot,,42,clean,clean,CÁC CHƯƠNG TRÌNH CA NHẠC PHẦN LỚN ĐỀU KHÔNG ĐỘT PHÁ, Cái chuyên trình gái nhạc thần lớn đều không đọc phép
VIVOSDEV02_R164_snr0,vivos,whisper,tiny,zero_shot,,42,0,speech,CÁC CHƯƠNG TRÌNH CA NHẠC PHẦN LỚN ĐỀU KHÔNG ĐỘT PHÁ, Cái gì?
VIVOSDEV02_R164_snr10,vivos,whisper,tiny,zero_shot,,42,10,noise,CÁC CHƯƠNG TRÌNH CA NHẠC PHẦN LỚN ĐỀU KHÔNG ĐỘT PHÁ, Cái chiến trình gái nhạc thân lớn đều phong đột hế
VIVOSDEV02_R164_snr20,vivos,whisper,tiny,zero_shot,,42,20,speech,CÁC CHƯƠNG TRÌNH CA NHẠC PHẦN LỚN ĐỀU KHÔNG ĐỘT PHÁ, Cái chuyên trình gái nhạc thân lớn đều không đột hãi
VIVOSDEV02_R164_snr5,vivos,whisper,tiny,zero_shot,,42,5,speech,CÁC CHƯƠNG TRÌNH CA NHẠC PHẦN LỚN ĐỀU KHÔNG ĐỘT PHÁ, Cái chuyện trình gái nhạc tình lần đây không ngọt thay
VIVOSDEV02_R170_clean,vivos,whisper,tiny,zero_shot,,42,clean,clean,RỒI CHẠY SANG GÕ CỬA PHÒNG BA LE HAI DẤM DÚI, Lời bánh trang gõ cửa phòng 8.2 giấm dùi
VIVOSDEV02_R170_snr0,vivos,whisper,tiny,zero_shot,,42,0,music,RỒI CHẠY SANG GÕ CỬA PHÒNG BA LE HAI DẤM DÚI," Đói, đây, đây, gọi cứ. Phong, phá, let it hang, yep."
VIVOSDEV02_R170_snr10,vivos,whisper,tiny,zero_shot,,42,10,noise,RỒI CHẠY SANG GÕ CỬA PHÒNG BA LE HAI DẤM DÚI, Lời bánh trang gõ cửa phòng 8 lên 2 giấm dù
VIVOSDEV02_R170_snr20,vivos,whisper,tiny,zero_shot,,42,20,noise,RỒI CHẠY SANG GÕ CỬA PHÒNG BA LE HAI DẤM DÚI," Lời trảy xanh gỏ cửa phòng 8,5 dưới"
VIVOSDEV02_R170_snr5,vivos,whisper,tiny,zero_shot,,42,5,speech,RỒI CHẠY SANG GÕ CỬA PHÒNG BA LE HAI DẤM DÚI," Đôi, chảy chán, gọi chứ. Sao phòng ba lên hai giấm đôi."
VIVOSDEV02_R173_clean,vivos,whisper,tiny,zero_shot,,42,clean,clean,ĐỂ TRẢ TRỞ LẠI ĐẠI DƯƠNG," Để chào tất cả, tất cả, tất cả, tất cả, tất cả, tất cả, tất cả, tất cả, tất cả, tất cả, tất cả, tất cả, tất cả, tất cả, tất cả, tất cả, tất cả, tất cả, tất cả, tất cả, tất cả, tất cả, tất cả, tất cả, tất cả, tất cả, tất cả, tất cả, tất cả, tất cả, tất cả,"
VIVOSDEV02_R173_snr0,vivos,whisper,tiny,zero_shot,,42,0,noise,ĐỂ TRẢ TRỞ LẠI ĐẠI DƯƠNG, Để chết cho lại.
VIVOSDEV02_R173_snr10,vivos,whisper,tiny,zero_shot,,42,10,music,ĐỂ TRẢ TRỞ LẠI ĐẠI DƯƠNG," Bây giờ, anh đã nói, anh yêu."
VIVOSDEV02_R173_snr20,vivos,whisper,tiny,zero_shot,,42,20,noise,ĐỂ TRẢ TRỞ LẠI ĐẠI DƯƠNG," Để chả chờ lại, tài u"
VIVOSDEV02_R173_snr5,vivos,whisper,tiny,zero_shot,,42,5,music,ĐỂ TRẢ TRỞ LẠI ĐẠI DƯƠNG," Bây giờ, chân lại, ai u"
VIVOSDEV02_R181_clean,vivos,whisper,tiny,zero_shot,,42,clean,clean,NÀNG CÓ ĐÔI MẮT TO SÂU VÀ VẦNG TRÁN RỘNG MÊNH MÔNG," Nè, có đôi mắt đôi sau và ở bên chán rộng minh mông"
VIVOSDEV02_R181_snr0,vivos,whisper,tiny,zero_shot,,42,0,music,NÀNG CÓ ĐÔI MẮT TO SÂU VÀ VẦNG TRÁN RỘNG MÊNH MÔNG, Nè có dơi mắt đầu xau và bên trên trong bự mâm
VIVOSDEV02_R181_snr10,vivos,whisper,tiny,zero_shot,,42,10,noise,NÀNG CÓ ĐÔI MẮT TO SÂU VÀ VẦNG TRÁN RỘNG MÊNH MÔNG, Nè có tới mắt tôi sau và bình chán rộng mình mông
VIVOSDEV02_R181_snr20,vivos,whisper,tiny,zero_shot,,42,20,music,NÀNG CÓ ĐÔI MẮT TO SÂU VÀ VẦNG TRÁN RỘNG MÊNH MÔNG, Nè có tới mắt tôi sau và bên chán rộng bên móng
VIVOSDEV02_R181_snr5,vivos,whisper,tiny,zero_shot,,42,5,speech,NÀNG CÓ ĐÔI MẮT TO SÂU VÀ VẦNG TRÁN RỘNG MÊNH MÔNG, Nè có tới mắt đôi sau và bình chán rộn mất mất mất mất mất mất mất mất mất mất mất mất mất mất mất mất mất mất mất mất mất mất mất mất mất mất mất mất mất mất mất mất mất mất mất mất mất mất mất mất mất mất mất mất mất mất mất mất mất mất mất mất mất mất mất m
VIVOSDEV02_R192_clean,vivos,whisper,tiny,zero_shot,,42,clean,clean,TÔI TỰ HỎI PHẢI CHĂNG ĐÓ LÀ DO DAN CÒN QUÁ TRẺ, Tôi ử hỏi phải chân đó lại cho anh dân của con quá trẻ
VIVOSDEV02_R192_snr0,vivos,whisper,tiny,zero_shot,,42,0,noise,TÔI TỰ HỎI PHẢI CHĂNG ĐÓ LÀ DO DAN CÒN QUÁ TRẺ, Tôi từ hỏi phải chân tỏ lại cho chẹn soàn bắt chế
VIVOSDEV02_R192_snr10,vivos,whisper,tiny,zero_shot,,42,10,music,TÔI TỰ HỎI PHẢI CHĂNG ĐÓ LÀ DO DAN CÒN QUÁ TRẺ," Từ hỏi phải chân tỏ lại cho anh dân, còn phải chìa đi."
VIVOSDEV02_R192_snr20,vivos,whisper,tiny,zero_shot,,42,20,noise,TÔI TỰ HỎI PHẢI CHĂNG ĐÓ LÀ DO DAN CÒN QUÁ TRẺ," Tôi lử hỏi phải chân đó lại cho dân, không quá trị."
VIVOSDEV02_R192_snr5,vivos,whisper,tiny,zero_shot,,42,5,music,TÔI TỰ HỎI PHẢI CHĂNG ĐÓ LÀ DO DAN CÒN QUÁ TRẺ," Tôi từ hỏi phải chân đó lại cho anh dân, không có quát kìa đi"
VIVOSDEV02_R195_clean,vivos,whisper,tiny,zero_shot,,42,clean,clean,ỦY BAN CHÂU ÂU KÊU GỌI NHỮNG QUỐC GIA PHÁT TRIỂN CÒN LẠI, Vì bán châu Âu Cơ gọi nhận quốc gia phát triển có lại.
VIVOSDEV02_R195_snr0,vivos,whisper,tiny,zero_shot,,42,0,noise,ỦY BAN CHÂU ÂU KÊU GỌI NHỮNG QUỐC GIA PHÁT TRIỂN CÒN LẠI, Vậy bàn trâu áo kênh gọi nhận vết dạ phát triển và lại
VIVOSDEV02_R195_snr10,vivos,whisper,tiny,zero_shot,,42,10,noise,ỦY BAN CHÂU ÂU KÊU GỌI NHỮNG QUỐC GIA PHÁT TRIỂN CÒN LẠI, Vì banh châu áo kêu gọi nhìn buất chá phát triển có lại
VIVOSDEV02_R195_snr20,vivos,whisper,tiny,zero_shot,,42,20,noise,ỦY BAN CHÂU ÂU KÊU GỌI NHỮNG QUỐC GIA PHÁT TRIỂN CÒN LẠI, Vì bàn châu áo kêu gọi nhận quốc gia phát triển có lại.
VIVOSDEV02_R195_snr5,vivos,whisper,tiny,zero_shot,,42,5,noise,ỦY BAN CHÂU ÂU KÊU GỌI NHỮNG QUỐC GIA PHÁT TRIỂN CÒN LẠI, Vì bán châu áo kêu gọi ngừng quốc gia phát triển có lại.
VIVOSDEV02_R200_clean,vivos,whisper,tiny,zero_shot,,42,clean,clean,VÀ KHI CHÚNG TA SAO NHÃNG CÔNG VIỆC CỦA MÌNH, và khi chúng ta chân nhảnh cóm về cửa mình.
VIVOSDEV02_R200_snr0,vivos,whisper,tiny,zero_shot,,42,0,noise,VÀ KHI CHÚNG TA SAO NHÃNG CÔNG VIỆC CỦA MÌNH, và khi chúng ta chào nhạc trong việc của mình
VIVOSDEV02_R200_snr10,vivos,whisper,tiny,zero_shot,,42,10,speech,VÀ KHI CHÚNG TA SAO NHÃNG CÔNG VIỆC CỦA MÌNH, và khí chúng ta cháy nhận trong quyền của mình của mình.
VIVOSDEV02_R200_snr20,vivos,whisper,tiny,zero_shot,,42,20,noise,VÀ KHI CHÚNG TA SAO NHÃNG CÔNG VIỆC CỦA MÌNH, và khi chúng ta chân nhảm cóm về cố mần.
VIVOSDEV02_R200_snr5,vivos,whisper,tiny,zero_shot,,42,5,music,VÀ KHI CHÚNG TA SAO NHÃNG CÔNG VIỆC CỦA MÌNH, Và khi chúng ta chá nhạc công việc của mình
VIVOSDEV02_T004_clean,vivos,whisper,tiny,zero_shot,,42,clean,clean,HÔM NAY EM CÓ TỚI NĂM KHÁCH, Hôm nay em có ớt nằm khác
VIVOSDEV02_T004_snr0,vivos,whisper,tiny,zero_shot,,42,0,speech,HÔM NAY EM CÓ TỚI NĂM KHÁCH, Nói đi bột
VIVOSDEV02_T004_snr10,vivos,whisper,tiny,zero_shot,,42,10,speech,HÔM NAY EM CÓ TỚI NĂM KHÁCH, Bọn này em có đớt nằm chát
VIVOSDEV02_T004_snr20,vivos,whisper,tiny,zero_shot,,42,20,noise,HÔM NAY EM CÓ TỚI NĂM KHÁCH, Hôm nay em có ớt nằm khác
VIVOSDEV02_T004_snr5,vivos,whisper,tiny,zero_shot,,42,5,noise,HÔM NAY EM CÓ TỚI NĂM KHÁCH, Hôm nay em có ớt năm khác
VIVOSDEV02_T012_clean,vivos,whisper,tiny,zero_shot,,42,clean,clean,MÀY DÁM CHƠI VỢ TAO TAO PHẢI GIẾT MÀY, Mày giám chơi bởi đào đá trị giúp mày
VIVOSDEV02_T012_snr0,vivos,whisper,tiny,zero_shot,,42,0,noise,MÀY DÁM CHƠI VỢ TAO TAO PHẢI GIẾT MÀY, Mày gián chèo của ta đã tất cả những mại
VIVOSDEV02_T012_snr10,vivos,whisper,tiny,zero_shot,,42,10,noise,MÀY DÁM CHƠI VỢ TAO TAO PHẢI GIẾT MÀY, Mày giám chơi bởi tàu đá trở giết mày
VIVOSDEV02_T012_snr20,vivos,whisper,tiny,zero_shot,,42,20,speech,MÀY DÁM CHƠI VỢ TAO TAO PHẢI GIẾT MÀY, Mày giám chơi bởi đào đá trị giết mày
VIVOSDEV02_T012_snr5,vivos,whisper,tiny,zero_shot,,42,5,noise,MÀY DÁM CHƠI VỢ TAO TAO PHẢI GIẾT MÀY," Mày giám chơi bật, đào và trở giúp mày"
VIVOSDEV02_T015_clean,vivos,whisper,tiny,zero_shot,,42,clean,clean,HẮN CHƠI VỢ ANH THÌ SAO ANH KHÔNG CHƠI VỢ HẮN, Hán chơi vợ ăn thì chào ăn không chơi vợ ăn.
VIVOSDEV02_T015_snr0,vivos,whisper,tiny,zero_shot,,42,0,noise,HẮN CHƠI VỢ ANH THÌ SAO ANH KHÔNG CHƠI VỢ HẮN," Anh chơi vở anh, thì chơi ăn không chơi vở anh."
VIVOSDEV02_T015_snr10,vivos,whisper,tiny,zero_shot,,42,10,music,HẮN CHƠI VỢ ANH THÌ SAO ANH KHÔNG CHƠI VỢ HẮN, Hán chơi bởi ăn thì chào ăn không chơi bởi ăn.
VIVOSDEV02_T015_snr20,vivos,whisper,tiny,zero_shot,,42,20,music,HẮN CHƠI VỢ ANH THÌ SAO ANH KHÔNG CHƠI VỢ HẮN, Hán chơi vợ ăn thì chào ăn không chơi vợ ăn.
VIVOSDEV02_T015_snr5,vivos,whisper,tiny,zero_shot,,42,5,noise,HẮN CHƠI VỢ ANH THÌ SAO ANH KHÔNG CHƠI VỢ HẮN, Hán chơi bộ ăn thì chào ăn không chơi bộ ăn
VIVOSDEV02_T022_clean,vivos,whisper,tiny,zero_shot,,42,clean,clean,THÁNG TRƯỚC CHỒNG VỀ MẤY NGÀY MÌNH NẰM NGỦ THẤY ẤM KINH KHỦNG, Thán chứa trọng về máy ngày 60 ủ thấy ám kinh khủng.
VIVOSDEV02_T022_snr0,vivos,whisper,tiny,zero_shot,,42,0,noise,THÁNG TRƯỚC CHỒNG VỀ MẤY NGÀY MÌNH NẰM NGỦ THẤY ẤM KINH KHỦNG," Thán trước trong mấy ngày 15,000 thay ạc hinh khóng"
VIVOSDEV02_T022_snr10,vivos,whisper,tiny,zero_shot,,42,10,music,THÁNG TRƯỚC CHỒNG VỀ MẤY NGÀY MÌNH NẰM NGỦ THẤY ẤM KINH KHỦNG, Thán chứa trọng về máy ngày 60 ủ thấy ám kinh khổng.
VIVOSDEV02_T022_snr20,vivos,whisper,tiny,zero_shot,,42,20,noise,THÁNG TRƯỚC CHỒNG VỀ MẤY NGÀY MÌNH NẰM NGỦ THẤY ẤM KINH KHỦNG, Thán chứa trọng về máy ngày 60 ủ thấy ám kinh khẩm
VIVOSDEV02_T022_snr5,vivos,whisper,tiny,zero_shot,,42,5,speech,THÁNG TRƯỚC CHỒNG VỀ MẤY NGÀY MÌNH NẰM NGỦ THẤY ẤM KINH KHỦNG, Thánh chút cho bệnh mấy ngày mình nằm ngủ thái ấm đình khả
VIVOSDEV02_T031_clean,vivos,whisper,tiny,zero_shot,,42,clean,clean,CHO EM GÓP MỘT VIÊN GẠCH, Đó em góp mọc bình gác
VIVOSDEV02_T031_snr0,vivos,whisper,tiny,zero_shot,,42,0,speech,CHO EM GÓP MỘT VIÊN GẠCH, Mình có thể bây giờ hương.
VIVOSDEV02_T031_snr10,vivos,whisper,tiny,zero_shot,,42,10,noise,CHO EM GÓP MỘT VIÊN GẠCH, Giò em góp mọc viên dân
VIVOSDEV02_T031_snr20,vivos,whisper,tiny,zero_shot,,42,20,noise,CHO EM GÓP MỘT VIÊN GẠCH, .mgmmmmmmmmmmmmmmmmmmmmmmmmmmmmmmmmmmmmmmmmmmmmmmmmmmmmmmmmmmmmmmmmmmmmmmmmmmmmmmmmmmmmmmmmmmmmmmmmmmmmmmmmmmmmmmmmmmmmmmmmmmmmm
VIVOSDEV02_T031_snr5,vivos,whisper,tiny,zero_shot,,42,5,speech,CHO EM GÓP MỘT VIÊN GẠCH," Đó em gặp, mọc bình gặp"
VIVOSDEV02_T050_clean,vivos,whisper,tiny,zero_shot,,42,clean,clean,ANH BỊ ĐẨY TỪ HÀ NỘI VÀO SÀI GÒN, Anh bị đẩy thư hành nói bài xe gó
VIVOSDEV02_T050_snr0,vivos,whisper,tiny,zero_shot,,42,0,music,ANH BỊ ĐẨY TỪ HÀ NỘI VÀO SÀI GÒN, Anh bị nãy từ hành nói và trẻ gó
VIVOSDEV02_T050_snr10,vivos,whisper,tiny,zero_shot,,42,10,music,ANH BỊ ĐẨY TỪ HÀ NỘI VÀO SÀI GÒN, Anh bị đảy thứ hai nói ba chè go
VIVOSDEV02_T050_snr20,vivos,whisper,tiny,zero_shot,,42,20,music,ANH BỊ ĐẨY TỪ HÀ NỘI VÀO SÀI GÒN, Anh bị đẩy đưa hàn nói bài chè go
VIVOSDEV02_T050_snr5,vivos,whisper,tiny,zero_shot,,42,5,music,ANH BỊ ĐẨY TỪ HÀ NỘI VÀO SÀI GÒN, Anh biết để đưa hành nổi bài trời gó
VIVOSDEV03_R007_clean,vivos,whisper,tiny,zero_shot,,42,clean,clean,MỘT CHUYẾN DU LỊCH DÃ NGOẠI TẠI BÒ CẠP VÀNG, Một chuyến như lịch dãng ngoài tại bóa cấp phang
VIVOSDEV03_R007_snr0,vivos,whisper,tiny,zero_shot,,42,0,music,MỘT CHUYẾN DU LỊCH DÃ NGOẠI TẠI BÒ CẠP VÀNG, Họ bíng chú lịch dạ ngồi đây bó khắp phang
VIVOSDEV03_R007_snr10,vivos,whisper,tiny,zero_shot,,42,10,noise,MỘT CHUYẾN DU LỊCH DÃ NGOẠI TẠI BÒ CẠP VÀNG, Một kinh đù lật lãng và ai tại bó cao pàng
VIVOSDEV03_R007_snr20,vivos,whisper,tiny,zero_shot,,42,20,speech,MỘT CHUYẾN DU LỊCH DÃ NGOẠI TẠI BÒ CẠP VÀNG, Một chuyến như lịch gián ngoài tại bói cấp hàng.
VIVOSDEV03_R007_snr5,vivos,whisper,tiny,zero_shot,,42,5,noise,MỘT CHUYẾN DU LỊCH DÃ NGOẠI TẠI BÒ CẠP VÀNG, Bộ chuyến như lịch gián ngoài tại bói cập bán
VIVOSDEV03_R010_clean,vivos,whisper,tiny,zero_shot,,42,clean,clean,ÂM THẦM CHẮT CHIU NUÔI TÔI KHÔN LỚN, Em hầm chắc kêu nguy tỏi không lớn
VIVOSDEV03_R010_snr0,vivos,whisper,tiny,zero_shot,,42,0,music,ÂM THẦM CHẮT CHIU NUÔI TÔI KHÔN LỚN," Amh hảm chắc chư, nuôi tỏi không lần?"
VIVOSDEV03_R010_snr10,vivos,whisper,tiny,zero_shot,,42,10,noise,ÂM THẦM CHẮT CHIU NUÔI TÔI KHÔN LỚN, Em hầm chắc kêu nguồ tài phong lớn
VIVOSDEV03_R010_snr20,vivos,whisper,tiny,zero_shot,,42,20,music,ÂM THẦM CHẮT CHIU NUÔI TÔI KHÔN LỚN, Em hầm chắc chưa nguy tỏi không lớn?
VIVOSDEV03_R010_snr5,vivos,whisper,tiny,zero_shot,,42,5,noise,ÂM THẦM CHẮT CHIU NUÔI TÔI KHÔN LỚN, Amh hầm chắc kêu nguy tài phốm lời
VIVOSDEV03_R020_clean,vivos,whisper,tiny,zero_shot,,42,clean,clean,BÊN TRONG TRÁI VẢ KHI BỔ RA SẼ RỖNG CHỨ KHÔNG ĐẶC NHƯ TRÁI SUNG, Bình tâm tay và khi bẫu ra sẽ rộng chứ không đặc như trái xung.
VIVOSDEV03_R020_snr0,vivos,whisper,tiny,zero_shot,,42,0,music,BÊN TRONG TRÁI VẢ KHI BỔ RA SẼ RỖNG CHỨ KHÔNG ĐẶC NHƯ TRÁI SUNG, Bình trong tay và hình báo ràng khai rõ tí không đặt tí.
VIVOSDEV03_R020_snr10,vivos,whisper,tiny,zero_shot,,42,10,music,BÊN TRONG TRÁI VẢ KHI BỔ RA SẼ RỖNG CHỨ KHÔNG ĐẶC NHƯ TRÁI SUNG, Bình tâm trái và khi bẫu ra sẽ rộng chứ không đặc như trái xung
VIVOSDEV03_R020_snr20,vivos,whisper,tiny,zero_shot,,42,20,noise,BÊN TRONG TRÁI VẢ KHI BỔ RA SẼ RỖNG CHỨ KHÔNG ĐẶC NHƯ TRÁI SUNG, Bình tông tái và khi bẫu ra sẽ rộng chứ không đặc như tái xung
VIVOSDEV03_R020_snr5,vivos,whisper,tiny,zero_shot,,42,5,noise,BÊN TRONG TRÁI VẢ KHI BỔ RA SẼ RỖNG CHỨ KHÔNG ĐẶC NHƯ TRÁI SUNG, Bình tâm tay và khi bỗ ra sẽ rõm chứ không đặc hiểu tại xúc
VIVOSDEV03_R029_clean,vivos,whisper,tiny,zero_shot,,42,clean,clean,NÊN HAI MỐ CẦU BỊ SỤP ĐẤT KHIẾN LỐI ĐI BỘ QUÁ NGUY HIỂM, Nên 2 mốt cầu bị giập đất khiến lỗi đi bộ quanh vi hiểm.
VIVOSDEV03_R029_snr0,vivos,whisper,tiny,zero_shot,,42,0,speech,NÊN HAI MỐ CẦU BỊ SỤP ĐẤT KHIẾN LỐI ĐI BỘ QUÁ NGUY HIỂM, Vào tên tên tên tên tên tên tên tên tên tên tên tên tên tên tên tên tên tên tên tên tên tên tên tên tên tên tên tên tên tên tên tên tên tên tên tên tên tên tên tên tên tên tên tên tên tên tên tên tên tên tên tên tên tên tên tên tên tên tên tên tên tên tên
VIVOSDEV03_R029_snr10,vivos,whisper,tiny,zero_shot,,42,10,speech,NÊN HAI MỐ CẦU BỊ SỤP ĐẤT KHIẾN LỐI ĐI BỘ QUÁ NGUY HIỂM, Nên 2 mốt cầu bị giập đất kinh lỗi đi bộ quanh vi hiểm.
VIVOSDEV03_R029_snr20,vivos,whisper,tiny,zero_shot,,42,20,speech,NÊN HAI MỐ CẦU BỊ SỤP ĐẤT KHIẾN LỐI ĐI BỘ QUÁ NGUY HIỂM, Nên 2 mốt cầu bị giập đất khiến lỗi đi bởi quanh vi hiểm.
VIVOSDEV03_R029_snr5,vivos,whisper,tiny,zero_shot,,42,5,noise,NÊN HAI MỐ CẦU BỊ SỤP ĐẤT KHIẾN LỐI ĐI BỘ QUÁ NGUY HIỂM, Nên 2 mốt cầu bị giập đất khiến lỗi đi bộ quanh quy hiểm.
VIVOSDEV03_R041_clean,vivos,whisper,tiny,zero_shot,,42,clean,clean,LUÔN ỔN ĐỊNH VÀ CÁC XE TRẤU KHÁ NẶNG, Lung ổng đánh và các xe trấu khán Ấn
VIVOSDEV03_R041_snr0,vivos,whisper,tiny,zero_shot,,42,0,music,LUÔN ỔN ĐỊNH VÀ CÁC XE TRẤU KHÁ NẶNG, Đúng không đình vào các xe trấu khán này
VIVOSDEV03_R041_snr10,vivos,whisper,tiny,zero_shot,,42,10,noise,LUÔN ỔN ĐỊNH VÀ CÁC XE TRẤU KHÁ NẶNG, luôn ổn đánh và các xe tấu khá này
VIVOSDEV03_R041_snr20,vivos,whisper,tiny,zero_shot,,42,20,speech,LUÔN ỔN ĐỊNH VÀ CÁC XE TRẤU KHÁ NẶNG, luôn ổng đánh và các xe trấu khán Ấn
VIVOSDEV03_R041_snr5,vivos,whisper,tiny,zero_shot,,42,5,noise,LUÔN ỔN ĐỊNH VÀ CÁC XE TRẤU KHÁ NẶNG, luôn ổng đánh và cắt xe trấu khán Ấn
VIVOSDEV03_R044_clean,vivos,whisper,tiny,zero_shot,,42,clean,clean,VÀ KHI HỌ VẠCH TÓC RA, và khi họ bắt tóc ra
VIVOSDEV03_R044_snr0,vivos,whisper,tiny,zero_shot,,42,0,noise,VÀ KHI HỌ VẠCH TÓC RA, và kì hòa và tất cả ràng
VIVOSDEV03_R044_snr10,vivos,whisper,tiny,zero_shot,,42,10,noise,VÀ KHI HỌ VẠCH TÓC RA, và khi họ bắt tóc ra
VIVOSDEV03_R044_snr20,vivos,whisper,tiny,zero_shot,,42,20,noise,VÀ KHI HỌ VẠCH TÓC RA, và khi họ bắt tóc ra
VIVOSDEV03_R044_snr5,vivos,whisper,tiny,zero_shot,,42,5,noise,VÀ KHI HỌ VẠCH TÓC RA, và khi họ bắt tóc ra
VIVOSDEV03_R056_clean,vivos,whisper,tiny,zero_shot,,42,clean,clean,SƯƠNG MÙ ĐÃ ĐỌNG THÀNH NHỮNG HẠT GIÁ BĂNG, Xương mù đã đống thần những hạn xác bằng
VIVOSDEV03_R056_snr0,vivos,whisper,tiny,zero_shot,,42,0,noise,SƯƠNG MÙ ĐÃ ĐỌNG THÀNH NHỮNG HẠT GIÁ BĂNG, xương mổ đã đón thành những giá bàn
VIVOSDEV03_R056_snr10,vivos,whisper,tiny,zero_shot,,42,10,noise,SƯƠNG MÙ ĐÃ ĐỌNG THÀNH NHỮNG HẠT GIÁ BĂNG, xương mồ đã đống thần những hạn xưa bán
VIVOSDEV03_R056_snr20,vivos,whisper,tiny,zero_shot,,42,20,noise,SƯƠNG MÙ ĐÃ ĐỌNG THÀNH NHỮNG HẠT GIÁ BĂNG, Xương mù đã đống thần những hạn xác bằng
VIVOSDEV03_R056_snr5,vivos,whisper,tiny,zero_shot,,42,5,noise,SƯƠNG MÙ ĐÃ ĐỌNG THÀNH NHỮNG HẠT GIÁ BĂNG, Xương mù đã đống thần những hạn rất bàn
VIVOSDEV03_R061_clean,vivos,whisper,tiny,zero_shot,,42,clean,clean,LÀ TIẾNG TRỐNG LÂN TÙNG XÈNG VUI TAI, là tiếng trống lần tùng sàng vui tay
VIVOSDEV03_R061_snr0,vivos,whisper,tiny,zero_shot,,42,0,speech,LÀ TIẾNG TRỐNG LÂN TÙNG XÈNG VUI TAI," là tinh tông, là tinh tông, là tinh tông, là tinh tông, là tinh tông, là tinh tông, là tinh tông, là tinh tông, là tinh tông, là tinh tông, là tinh tông, là tinh tông, là tinh tông, là tinh tông, là tinh tông, là tinh tông, là tinh tông, là tinh tông, là tinh tông, là tinh tông, là tinh tông, là t"
VIVOSDEV03_R061_snr10,vivos,whisper,tiny,zero_shot,,42,10,speech,LÀ TIẾNG TRỐNG LÂN TÙNG XÈNG VUI TAI, là chính trong lần tùng sàng vui tay
VIVOSDEV03_R061_snr20,vivos,whisper,tiny,zero_shot,,42,20,music,LÀ TIẾNG TRỐNG LÂN TÙNG XÈNG VUI TAI, là tiếng trống lần tùng sản vui tay
VIVOSDEV03_R061_snr5,vivos,whisper,tiny,zero_shot,,42,5,music,LÀ TIẾNG TRỐNG LÂN TÙNG XÈNG VUI TAI, Là tính trong lần tục sàng buối tay
VIVOSDEV03_R082_clean,vivos,whisper,tiny,zero_shot,,42,clean,clean,GHÉP CÀNH MAI GIẢO VÀO THÂN CỔ THỤ CHO HOA CÁNH LỚN, giếp cình mây giảu vào thân cố thủ cho hoa cinh lắm
VIVOSDEV03_R082_snr0,vivos,whisper,tiny,zero_shot,,42,0,music,GHÉP CÀNH MAI GIẢO VÀO THÂN CỔ THỤ CHO HOA CÁNH LỚN, Ghiếp cả mai giả bảo hăng cố tổ cho mạc cân lớt
VIVOSDEV03_R082_snr10,vivos,whisper,tiny,zero_shot,,42,10,speech,GHÉP CÀNH MAI GIẢO VÀO THÂN CỔ THỤ CHO HOA CÁNH LỚN, Gếp cần mây giáu vào thân có thủ cho hoa cinh lớn.
VIVOSDEV03_R082_snr20,vivos,whisper,tiny,zero_shot,,42,20,noise,GHÉP CÀNH MAI GIẢO VÀO THÂN CỔ THỤ CHO HOA CÁNH LỚN, Ghiếp cình mây giả bảo thân có thủ cho hoa cất lớn
VIVOSDEV03_R082_snr5,vivos,whisper,tiny,zero_shot,,42,5,noise,GHÉP CÀNH MAI GIẢO VÀO THÂN CỔ THỤ CHO HOA CÁNH LỚN, Gếp cạnh mai giảu vào thân cố thủ cho hoa cân lớn
VIVOSDEV03_R092_clean,vivos,whisper,tiny,zero_shot,,42,clean,clean,ĐỂ CHỌN MÁY IN CHO PHÙ HỢP, để chọn máy anh chào phu hợp
VIVOSDEV03_R092_snr0,vivos,whisper,tiny,zero_shot,,42,0,music,ĐỂ CHỌN MÁY IN CHO PHÙ HỢP, để cho mây anh giao nguồn
VIVOSDEV03_R092_snr10,vivos,whisper,tiny,zero_shot,,42,10,speech,ĐỂ CHỌN MÁY IN CHO PHÙ HỢP, Để giọng mai anh chá phố học.
VIVOSDEV03_R092_snr20,vivos,whisper,tiny,zero_shot,,42,20,music,ĐỂ CHỌN MÁY IN CHO PHÙ HỢP, để chọn máy anh chào phương học
VIVOSDEV03_R092_snr5,vivos,whisper,tiny,zero_shot,,42,5,noise,ĐỂ CHỌN MÁY IN CHO PHÙ HỢP, để chọn máy anh cho phù hợp
VIVOSDEV03_R113_clean,vivos,whisper,tiny,zero_shot,,42,clean,clean,VÌ BẠN CÓ THỂ LẢY CÒ TỪNG PHÁT MỘT, vì bạn có thể lấy cò từng phát mục
VIVOSDEV03_R113_snr0,vivos,whisper,tiny,zero_shot,,42,0,noise,VÌ BẠN CÓ THỂ LẢY CÒ TỪNG PHÁT MỘT, Vì bạn có thể lấy con tình thân
VIVOSDEV03_R113_snr10,vivos,whisper,tiny,zero_shot,,42,10,music,VÌ BẠN CÓ THỂ LẢY CÒ TỪNG PHÁT MỘT, vì bạn có thể lấy cò từng phát mộng
VIVOSDEV03_R113_snr20,vivos,whisper,tiny,zero_shot,,42,20,music,VÌ BẠN CÓ THỂ LẢY CÒ TỪNG PHÁT MỘT, vì bạn có thể lấy cò từng phát mộm
VIVOSDEV03_R113_snr5,vivos,whisper,tiny,zero_shot,,42,5,noise,VÌ BẠN CÓ THỂ LẢY CÒ TỪNG PHÁT MỘT, Vì bạn có thể lấy cò tình phát mọc
VIVOSDEV03_R117_clean,vivos,whisper,tiny,zero_shot,,42,clean,clean,VAI TRÒ CỦA CHẾ ĐỘ DINH DƯỠNG, vài trò của chế đấu dinh dưỡng
VIVOSDEV03_R117_snr0,vivos,whisper,tiny,zero_shot,,42,0,speech,VAI TRÒ CỦA CHẾ ĐỘ DINH DƯỠNG," Tại vì đong rồi, tên không nhé."
VIVOSDEV03_R117_snr10,vivos,whisper,tiny,zero_shot,,42,10,noise,VAI TRÒ CỦA CHẾ ĐỘ DINH DƯỠNG, Bài tò của chế đảo dân nguyễn
VIVOSDEV03_R117_snr20,vivos,whisper,tiny,zero_shot,,42,20,speech,VAI TRÒ CỦA CHẾ ĐỘ DINH DƯỠNG, Vai trò của chế độ in giữ
VIVOSDEV03_R117_snr5,vivos,whisper,tiny,zero_shot,,42,5,music,VAI TRÒ CỦA CHẾ ĐỘ DINH DƯỠNG, Vai trò của tế đầu dinh dự
VIVOSDEV03_R119_clean,vivos,whisper,tiny,zero_shot,,42,clean,clean,KHÔNG HIỂU SAO, không hiểu sao?
VIVOSDEV03_R119_snr0,vivos,whisper,tiny,zero_shot,,42,0,speech,KHÔNG HIỂU SAO," Hôm nay, mình sẽ có khó rộng."
VIVOSDEV03_R119_snr10,vivos,whisper,tiny,zero_shot,,42,10,music,KHÔNG HIỂU SAO, không hiểu sao?
VIVOSDEV03_R119_snr20,vivos,whisper,tiny,zero_shot,,42,20,speech,KHÔNG HIỂU SAO, không hiểu sao?
VIVOSDEV03_R119_snr5,vivos,whisper,tiny,zero_shot,,42,5,speech,KHÔNG HIỂU SAO, không hiểu sao?
VIVOSDEV03_R120_clean,vivos,whisper,tiny,zero_shot,,42,clean,clean,KHIẾN PHỤ HUYNH HIỂU NHẦM, Khiến bố hơn hệ ổ nhằm
VIVOSDEV03_R120_snr0,vivos,whisper,tiny,zero_shot,,42,0,speech,KHIẾN PHỤ HUYNH HIỂU NHẦM, Hãy hãy hãy hãy hãy hãy hãy hãy hãy hãy hãy hãy hãy hãy hãy hãy hãy hãy hãy hãy hãy hãy hãy hãy hãy hãy hãy hãy hãy hãy hãy hãy hãy hãy hãy hãy hãy hãy hãy hãy hãy hãy hãy hãy hãy hãy hãy hãy hãy hãy hãy hãy hãy hãy hãy hãy hãy hãy hãy hãy hãy hãy hãy hãy
VIVOSDEV03_R120_snr10,vivos,whisper,tiny,zero_shot,,42,10,noise,KHIẾN PHỤ HUYNH HIỂU NHẦM, Khiến của hơn hệ ống nhằm
VIVOSDEV03_R120_snr20,vivos,whisper,tiny,zero_shot,,42,20,music,KHIẾN PHỤ HUYNH HIỂU NHẦM, Khiến bụ hình ổ nhằm
VIVOSDEV03_R120_snr5,vivos,whisper,tiny,zero_shot,,42,5,noise,KHIẾN PHỤ HUYNH HIỂU NHẦM, Khiến tổ hình hiểu nhằm
VIVOSDEV03_R125_clean,vivos,whisper,tiny,zero_shot,,42,clean,clean,MỖI KHI CƠN GIÓ ĐẾN, Mọi khi cơn yệt đến
VIVOSDEV03_R125_snr0,vivos,whisper,tiny,zero_shot,,42,0,noise,MỖI KHI CƠN GIÓ ĐẾN, Mọi người tìm có giòn em
VIVOSDEV03_R125_snr10,vivos,whisper,tiny,zero_shot,,42,10,speech,MỖI KHI CƠN GIÓ ĐẾN, Mọi khi con yord em
VIVOSDEV03_R125_snr20,vivos,whisper,tiny,zero_shot,,42,20,noise,MỖI KHI CƠN GIÓ ĐẾN, Mọi khi cơn yệt đến
VIVOSDEV03_R125_snr5,vivos,whisper,tiny,zero_shot,,42,5,noise,MỖI KHI CƠN GIÓ ĐẾN, Mọi kỳ cơ gia đơn
VIVOSDEV03_R142_clean,vivos,whisper,tiny,zero_shot,,42,clean,clean,TRONG TƯ THẾ PHI NGỰA CHỒM LÊN, trong từ thái phía người dòng lên
VIVOSDEV03_R142_snr0,vivos,whisper,tiny,zero_shot,,42,0,noise,TRONG TƯ THẾ PHI NGỰA CHỒM LÊN, Tâm tư thấy phía người dọng lên
VIVOSDEV03_R142_snr10,vivos,whisper,tiny,zero_shot,,42,10,music,TRONG TƯ THẾ PHI NGỰA CHỒM LÊN, Trong từ thái phía người chọm lên
VIVOSDEV03_R142_snr20,vivos,whisper,tiny,zero_shot,,42,20,noise,TRONG TƯ THẾ PHI NGỰA CHỒM LÊN, trong từ thái phía ngửa chấm lên
VIVOSDEV03_R142_snr5,vivos,whisper,tiny,zero_shot,,42,5,speech,TRONG TƯ THẾ PHI NGỰA CHỒM LÊN, trong từ thái thình ở chồng lần.
VIVOSDEV03_R144_clean,vivos,whisper,tiny,zero_shot,,42,clean,clean,MÀ CŨNG ĐẦY THANH KHIẾT, mà cũng đầy thân khí
VIVOSDEV03_R144_snr0,vivos,whisper,tiny,zero_shot,,42,0,noise,MÀ CŨNG ĐẦY THANH KHIẾT, mà cũng đại tình khi
VIVOSDEV03_R144_snr10,vivos,whisper,tiny,zero_shot,,42,10,music,MÀ CŨNG ĐẦY THANH KHIẾT, mà cũng đầy thân khí
VIVOSDEV03_R144_snr20,vivos,whisper,tiny,zero_shot,,42,20,noise,MÀ CŨNG ĐẦY THANH KHIẾT, mạc cũng đầy thân thiết
VIVOSDEV03_R144_snr5,vivos,whisper,tiny,zero_shot,,42,5,noise,MÀ CŨNG ĐẦY THANH KHIẾT, mà cũng đầy thân khí
VIVOSDEV03_R149_clean,vivos,whisper,tiny,zero_shot,,42,clean,clean,BÀ CON CHÒM XÓM, Bà con chậm xâm
VIVOSDEV03_R149_snr0,vivos,whisper,tiny,zero_shot,,42,0,speech,BÀ CON CHÒM XÓM," Bây giờ, bây giờ, bây giờ, bây giờ, bây giờ, bây giờ, bây giờ, bây giờ, bây giờ, bây giờ, bây giờ, bây giờ, bây giờ, bây giờ, bây giờ, bây giờ, bây giờ, bây giờ, bây giờ, bây giờ, bây giờ, bây giờ, bây giờ, bây giờ, bây giờ, bây giờ, bây giờ, bây giờ, bây giờ, bây giờ, bây giờ, bây giờ,"
VIVOSDEV03_R149_snr10,vivos,whisper,tiny,zero_shot,,42,10,speech,BÀ CON CHÒM XÓM, Bà con kìm xe
VIVOSDEV03_R149_snr20,vivos,whisper,tiny,zero_shot,,42,20,noise,BÀ CON CHÒM XÓM, Bà con chậm xâm
VIVOSDEV03_R149_snr5,vivos,whisper,tiny,zero_shot,,42,5,speech,BÀ CON CHÒM XÓM, Bà con chông xa.
VIVOSDEV03_R156_clean,vivos,whisper,tiny,zero_shot,,42,clean,clean,ĐÂY LÀ MỨC LÃI SUẤT THẤP NHẤT QUA CÁC PHIÊN ĐẤU THẦU, Đây là mức lại xúc thấp nhắc qua các phía nấu thảo.
VIVOSDEV03_R156_snr0,vivos,whisper,tiny,zero_shot,,42,0,music,ĐÂY LÀ MỨC LÃI SUẤT THẤP NHẤT QUA CÁC PHIÊN ĐẤU THẦU, Đây là một lại xúc thấp nhắc qua cafing nó thông
VIVOSDEV03_R156_snr10,vivos,whisper,tiny,zero_shot,,42,10,music,ĐÂY LÀ MỨC LÃI SUẤT THẤP NHẤT QUA CÁC PHIÊN ĐẤU THẦU, Đây là mất lãi sẽ thấp nhắc qua các thình đó hầu
VIVOSDEV03_R156_snr20,vivos,whisper,tiny,zero_shot,,42,20,music,ĐÂY LÀ MỨC LÃI SUẤT THẤP NHẤT QUA CÁC PHIÊN ĐẤU THẦU, Đây là mức lại xước thấp nhé qua các phiên đó thảo.
VIVOSDEV03_R156_snr5,vivos,whisper,tiny,zero_shot,,42,5,noise,ĐÂY LÀ MỨC LÃI SUẤT THẤP NHẤT QUA CÁC PHIÊN ĐẤU THẦU, Đây là mức lại xúc thấp nhất qua các phía nấu thảo
VIVOSDEV03_R160_clean,vivos,whisper,tiny,zero_shot,,42,clean,clean,DỌC HAI BÊN SÔNG NGÀN SÂU, giọc 2 bên xong ngàn xấu
VIVOSDEV03_R160_snr0,vivos,whisper,tiny,zero_shot,,42,0,music,DỌC HAI BÊN SÔNG NGÀN SÂU, giọng hệ gần trong nghe trong
VIVOSDEV03_R160_snr10,vivos,whisper,tiny,zero_shot,,42,10,noise,DỌC HAI BÊN SÔNG NGÀN SÂU, Nhật 2 bên trong ngàn xấu
VIVOSDEV03_R160_snr20,vivos,whisper,tiny,zero_shot,,42,20,noise,DỌC HAI BÊN SÔNG NGÀN SÂU, giọc 2 bên xong ngàn xấu
VIVOSDEV03_R160_snr5,vivos,whisper,tiny,zero_shot,,42,5,music,DỌC HAI BÊN SÔNG NGÀN SÂU, giọc 2 bên xong ngàn xấu
VIVOSDEV03_R182_clean,vivos,whisper,tiny,zero_shot,,42,clean,clean,MỘT KẾ HOẠCH TƯƠNG TỰ ĐƯỢC ÁP DỤNG Ở ANH, Một cái hạt tương tạo được áp dụng ngã an
VIVOSDEV03_R182_snr0,vivos,whisper,tiny,zero_shot,,42,0,noise,MỘT KẾ HOẠCH TƯƠNG TỰ ĐƯỢC ÁP DỤNG Ở ANH, Một cái mặt tương tối được ác dụng hả em
VIVOSDEV03_R182_snr10,vivos,whisper,tiny,zero_shot,,42,10,music,MỘT KẾ HOẠCH TƯƠNG TỰ ĐƯỢC ÁP DỤNG Ở ANH, Họ kế hoạt tương tối được áp yếu ngã lãn
VIVOSDEV03_R182_snr20,vivos,whisper,tiny,zero_shot,,42,20,music,MỘT KẾ HOẠCH TƯƠNG TỰ ĐƯỢC ÁP DỤNG Ở ANH, Một cái hành tương tối được áp dụng ngã an
VIVOSDEV03_R182_snr5,vivos,whisper,tiny,zero_shot,,42,5,music,MỘT KẾ HOẠCH TƯƠNG TỰ ĐƯỢC ÁP DỤNG Ở ANH, Họ kế hoạt tương tạo được áp dụng hả an
VIVOSDEV03_R191_clean,vivos,whisper,tiny,zero_shot,,42,clean,clean,CỠI NGỰA ĐI THI, Cái ngờ đi thế?
VIVOSDEV03_R191_snr0,vivos,whisper,tiny,zero_shot,,42,0,speech,CỠI NGỰA ĐI THI, Một cái ngờ ở đây thì hình ảnh
VIVOSDEV03_R191_snr10,vivos,whisper,tiny,zero_shot,,42,10,noise,CỠI NGỰA ĐI THI, Cái ngờ ở đi thế
VIVOSDEV03_R191_snr20,vivos,whisper,tiny,zero_shot,,42,20,music,CỠI NGỰA ĐI THI, Cái ngờ đi thế
VIVOSDEV03_R191_snr5,vivos,whisper,tiny,zero_shot,,42,5,noise,CỠI NGỰA ĐI THI, Cái ngờ đi thế
VIVOSDEV03_R193_clean,vivos,whisper,tiny,zero_shot,,42,clean,clean,ÔI DÀO, Oh yếu
VIVOSDEV03_R193_snr0,vivos,whisper,tiny,zero_shot,,42,0,music,ÔI DÀO, Oh yeah
VIVOSDEV03_R193_snr10,vivos,whisper,tiny,zero_shot,,42,10,noise,ÔI DÀO, Oh yếu
VIVOSDEV03_R193_snr20,vivos,whisper,tiny,zero_shot,,42,20,noise,ÔI DÀO, Oh yếu
VIVOSDEV03_R193_snr5,vivos,whisper,tiny,zero_shot,,42,5,noise,ÔI DÀO, Ôi nhau
VIVOSDEV03_R198_clean,vivos,whisper,tiny,zero_shot,,42,clean,clean,RỒI ĐI KHẮP NƠI TÌM THẦY CHỮA BỆNH CHO ANH, Rồi đi khóc nơi tìm hài chủ bản chóan
VIVOSDEV03_R198_snr0,vivos,whisper,tiny,zero_shot,,42,0,speech,RỒI ĐI KHẮP NƠI TÌM THẦY CHỮA BỆNH CHO ANH," Rồi đi cầm nơi tìm này, chưa bắt cho anh gòn"
VIVOSDEV03_R198_snr10,vivos,whisper,tiny,zero_shot,,42,10,speech,RỒI ĐI KHẮP NƠI TÌM THẦY CHỮA BỆNH CHO ANH, Rồi đi khắp nơi tình này chứ bản chóan
VIVOSDEV03_R198_snr20,vivos,whisper,tiny,zero_shot,,42,20,noise,RỒI ĐI KHẮP NƠI TÌM THẦY CHỮA BỆNH CHO ANH, Rồi đi khắp nơi tìm hài chủ bản chuan
VIVOSDEV03_R198_snr5,vivos,whisper,tiny,zero_shot,,42,5,noise,RỒI ĐI KHẮP NƠI TÌM THẦY CHỮA BỆNH CHO ANH, Rồi đi khắp nơi tìm này chứ bản chuan
VIVOSDEV03_T009_clean,vivos,whisper,tiny,zero_shot,,42,clean,clean,BÁC ĐANG SUY NGHĨ GÌ THẾ, Vào đàn xương ấy yệt thấy
VIVOSDEV03_T009_snr0,vivos,whisper,tiny,zero_shot,,42,0,music,BÁC ĐANG SUY NGHĨ GÌ THẾ, có đàn xin nghĩ gì thế?
VIVOSDEV03_T009_snr10,vivos,whisper,tiny,zero_shot,,42,10,noise,BÁC ĐANG SUY NGHĨ GÌ THẾ, Vất đang xin nghỉ yệt hãy
VIVOSDEV03_T009_snr20,vivos,whisper,tiny,zero_shot,,42,20,speech,BÁC ĐANG SUY NGHĨ GÌ THẾ, Với đàn xương ấy yệt thay.
VIVOSDEV03_T009_snr5,vivos,whisper,tiny,zero_shot,,42,5,speech,BÁC ĐANG SUY NGHĨ GÌ THẾ, Tây bắt đánh xin nhìn thấy
VIVOSDEV03_T017_clean,vivos,whisper,tiny,zero_shot,,42,clean,clean,BÁC VẪN CHƯA TRẢ TIỀN CHO TÔI ĐÂY NHÉ, Bác phản kêu đã tìm cho tôi đấy nhé
VIVOSDEV03_T017_snr0,vivos,whisper,tiny,zero_shot,,42,0,noise,BÁC VẪN CHƯA TRẢ TIỀN CHO TÔI ĐÂY NHÉ, Mát phần kêu đã tìm cho tôi lấy nhé
VIVOSDEV03_T017_snr10,vivos,whisper,tiny,zero_shot,,42,10,speech,BÁC VẪN CHƯA TRẢ TIỀN CHO TÔI ĐÂY NHÉ, Bá phản chưa đã tìm cho tôi đấy nhé
VIVOSDEV03_T017_snr20,vivos,whisper,tiny,zero_shot,,42,20,noise,BÁC VẪN CHƯA TRẢ TIỀN CHO TÔI ĐÂY NHÉ, Bác phản kêu đã tìm cho tôi đấy nhé
VIVOSDEV03_T017_snr5,vivos,whisper,tiny,zero_shot,,42,5,noise,BÁC VẪN CHƯA TRẢ TIỀN CHO TÔI ĐÂY NHÉ, Bác khoảng kêu đã tìm cho tôi đấy nhé
VIVOSDEV03_T018_clean,vivos,whisper,tiny,zero_shot,,42,clean,clean,TÔI ĐANG BẬN HỌP, Tối đang bánh hợp
VIVOSDEV03_T018_snr0,vivos,whisper,tiny,zero_shot,,42,0,music,TÔI ĐANG BẬN HỌP, nói đang bánh hả?
VIVOSDEV03_T018_snr10,vivos,whisper,tiny,zero_shot,,42,10,music,TÔI ĐANG BẬN HỌP, Tối đang bởi hàng
VIVOSDEV03_T018_snr20,vivos,whisper,tiny,zero_shot,,42,20,music,TÔI ĐANG BẬN HỌP, Tối đang bánh hợp
VIVOSDEV03_T018_snr5,vivos,whisper,tiny,zero_shot,,42,5,noise,TÔI ĐANG BẬN HỌP, Tối đang bỏng hả?
VIVOSDEV03_T041_clean,vivos,whisper,tiny,zero_shot,,42,clean,clean,CON CHÓ LỦI THỦI ĐI THEO CHỦ NÓ, Con giao lửa thửa thế theo dụn á
VIVOSDEV03_T041_snr0,vivos,whisper,tiny,zero_shot,,42,0,noise,CON CHÓ LỦI THỦI ĐI THEO CHỦ NÓ, Bông chá lối頭 đi theo dụng á
VIVOSDEV03_T041_snr10,vivos,whisper,tiny,zero_shot,,42,10,music,CON CHÓ LỦI THỦI ĐI THEO CHỦ NÓ, Còn假 lửa hỏi thế theo dụn á
VIVOSDEV03_T041_snr20,vivos,whisper,tiny,zero_shot,,42,20,noise,CON CHÓ LỦI THỦI ĐI THEO CHỦ NÓ, Con chá lửa thửa thế theo dụn á
VIVOSDEV03_T041_snr5,vivos,whisper,tiny,zero_shot,,42,5,noise,CON CHÓ LỦI THỦI ĐI THEO CHỦ NÓ, Còn chá lửa tổ đi theo dụng nát
VIVOSDEV04_R002_clean,vivos,whisper,tiny,zero_shot,,42,clean,clean,ĐÓ CŨNG LÀ ĐỘNG LỰC THÚC ĐẨY TÔI, đó cũng là đồng lực thúc đấy thôi
VIVOSDEV04_R002_snr0,vivos,whisper,tiny,zero_shot,,42,0,speech,ĐÓ CŨNG LÀ ĐỘNG LỰC THÚC ĐẨY TÔI, Đó cũng là đồng nhật thúc bãy thôi
VIVOSDEV04_R002_snr10,vivos,whisper,tiny,zero_shot,,42,10,noise,ĐÓ CŨNG LÀ ĐỘNG LỰC THÚC ĐẨY TÔI, Đó cũng là đồng lực thúc đại thôi
VIVOSDEV04_R002_snr20,vivos,whisper,tiny,zero_shot,,42,20,noise,ĐÓ CŨNG LÀ ĐỘNG LỰC THÚC ĐẨY TÔI, Đó cũng là đồng lực thúc đấy thôi
VIVOSDEV04_R002_snr5,vivos,whisper,tiny,zero_shot,,42,5,noise,ĐÓ CŨNG LÀ ĐỘNG LỰC THÚC ĐẨY TÔI, đó chuyển là đồng lực tục đại tối
VIVOSDEV04_R004_clean,vivos,whisper,tiny,zero_shot,,42,clean,clean,ĐÔI KHI BẠN CŨNG CÓ THỂ LÀM NHỮNG ĐIỀU ĐÓ, Được khi bạn cũng có thể làm những biểu đó
VIVOSDEV04_R004_snr0,vivos,whisper,tiny,zero_shot,,42,0,noise,ĐÔI KHI BẠN CŨNG CÓ THỂ LÀM NHỮNG ĐIỀU ĐÓ, Được khi bạn cũng có thể làm những biểu đó
VIVOSDEV04_R004_snr10,vivos,whisper,tiny,zero_shot,,42,10,speech,ĐÔI KHI BẠN CŨNG CÓ THỂ LÀM NHỮNG ĐIỀU ĐÓ, Được khi bản công có thể làm những biểu đó
VIVOSDEV04_R004_snr20,vivos,whisper,tiny,zero_shot,,42,20,noise,ĐÔI KHI BẠN CŨNG CÓ THỂ LÀM NHỮNG ĐIỀU ĐÓ, Được khi bằng cũng có thể làm những biểu đó
VIVOSDEV04_R004_snr5,vivos,whisper,tiny,zero_shot,,42,5,noise,ĐÔI KHI BẠN CŨNG CÓ THỂ LÀM NHỮNG ĐIỀU ĐÓ, Rồi khi màn công có thể làm những gì đó
VIVOSDEV04_R008_clean,vivos,whisper,tiny,zero_shot,,42,clean,clean,NHỮNG NGÀY ĐẦU VẮNG BÓNG BA VIỆT CỨ THỪ NGƯỜI NGHĨ NGỢI," Những ngày đầu váng bóng, ba mẹ cứ thử người nghĩ ở"
VIVOSDEV04_R008_snr0,vivos,whisper,tiny,zero_shot,,42,0,noise,NHỮNG NGÀY ĐẦU VẮNG BÓNG BA VIỆT CỨ THỪ NGƯỜI NGHĨ NGỢI, Nhiều có văn bóng bóng bóng bóng bóng bóng bóng bóng bóng bóng bóng bóng bóng bóng bóng bóng bóng bóng bóng bóng bóng bóng bóng bóng bóng bóng bóng bóng bóng bóng bóng bóng bóng bóng bóng bóng bóng bóng bóng bóng bó
VIVOSDEV04_R008_snr10,vivos,whisper,tiny,zero_shot,,42,10,noise,NHỮNG NGÀY ĐẦU VẮNG BÓNG BA VIỆT CỨ THỪ NGƯỜI NGHĨ NGỢI," Mứng ngày đầu vẫn bông, ba mẹ cứ thử người nghĩ ở"
VIVOSDEV04_R008_snr20,vivos,whisper,tiny,zero_shot,,42,20,music,NHỮNG NGÀY ĐẦU VẮNG BÓNG BA VIỆT CỨ THỪ NGƯỜI NGHĨ NGỢI," Những ngày đầu váng bong, ba mẹ, cứ thử người nghĩ ở"
VIVOSDEV04_R008_snr5,vivos,whisper,tiny,zero_shot,,42,5,noise,NHỮNG NGÀY ĐẦU VẮNG BÓNG BA VIỆT CỨ THỪ NGƯỜI NGHĨ NGỢI," Những ngày đầu váng bông, ba mẹ cứ thử người nghĩ ở"
VIVOSDEV04_R010_clean,vivos,whisper,tiny,zero_shot,,42,clean,clean,CON NHỎ MỞ CÁI TÚI GÚT ĐEO TRÊN CỔ, Con nhỏ mà cái tuy rút đều trình cổ
VIVOSDEV04_R010_snr0,vivos,whisper,tiny,zero_shot,,42,0,music,CON NHỎ MỞ CÁI TÚI GÚT ĐEO TRÊN CỔ," Con nhỏ mà cái tuyệt lúc, đều tinh cố"
VIVOSDEV04_R010_snr10,vivos,whisper,tiny,zero_shot,,42,10,speech,CON NHỎ MỞ CÁI TÚI GÚT ĐEO TRÊN CỔ, có nhỏ mà cái tuy vũ đều tên cổ.
VIVOSDEV04_R010_snr20,vivos,whisper,tiny,zero_shot,,42,20,noise,CON NHỎ MỞ CÁI TÚI GÚT ĐEO TRÊN CỔ," Con nhỏ, mở cái tuy rút đều trình cổ."
VIVOSDEV04_R010_snr5,vivos,whisper,tiny,zero_shot,,42,5,noise,CON NHỎ MỞ CÁI TÚI GÚT ĐEO TRÊN CỔ, Con nhỏ mà cái tuy đúng Bèu Tình của
VIVOSDEV04_R023_clean,vivos,whisper,tiny,zero_shot,,42,clean,clean,CHÍNH BÀ CŨNG LÀ NGƯỜI NUNG NẤU NIỀM ĐAM MÊ DIỄN XUẤT CỦA CÔ CON GÁI, Chính bà cũng là người nung nấu nềm đam mê dính sức của cô con gái
VIVOSDEV04_R023_snr0,vivos,whisper,tiny,zero_shot,,42,0,music,CHÍNH BÀ CŨNG LÀ NGƯỜI NUNG NẤU NIỀM ĐAM MÊ DIỄN XUẤT CỦA CÔ CON GÁI, Chứ bà cũng là người đúng nó đem đam mê dưới sức của Cô Con Cái
VIVOSDEV04_R023_snr10,vivos,whisper,tiny,zero_shot,,42,10,music,CHÍNH BÀ CŨNG LÀ NGƯỜI NUNG NẤU NIỀM ĐAM MÊ DIỄN XUẤT CỦA CÔ CON GÁI, Chính bà cũng là người nung nấu nềm đầm mê những sức của cô con gái
VIVOSDEV04_R023_snr20,vivos,whisper,tiny,zero_shot,,42,20,noise,CHÍNH BÀ CŨNG LÀ NGƯỜI NUNG NẤU NIỀM ĐAM MÊ DIỄN XUẤT CỦA CÔ CON GÁI, Chính bà cũng là người nung nấu nềm đam mê những sức của cô con gái
VIVOSDEV04_R023_snr5,vivos,whisper,tiny,zero_shot,,42,5,noise,CHÍNH BÀ CŨNG LÀ NGƯỜI NUNG NẤU NIỀM ĐAM MÊ DIỄN XUẤT CỦA CÔ CON GÁI, Chính bà cũng là người nung nấu nềm đam mê dính sức của cô con gái
VIVOSDEV04_R047_clean,vivos,whisper,tiny,zero_shot,,42,clean,clean,NHÓM SINH VIÊN TẠI TRƯỜNG CÙNG HỌP MẶT ĂN TẾT CHUNG," Nếu xinh viên tại trường, cùng học mạng, tích trung"
VIVOSDEV04_R047_snr0,vivos,whisper,tiny,zero_shot,,42,0,music,NHÓM SINH VIÊN TẠI TRƯỜNG CÙNG HỌP MẶT ĂN TẾT CHUNG," Nếu xinh viên tài trường, cùng khọt mạng ăn tích trung"
VIVOSDEV04_R047_snr10,vivos,whisper,tiny,zero_shot,,42,10,noise,NHÓM SINH VIÊN TẠI TRƯỜNG CÙNG HỌP MẶT ĂN TẾT CHUNG," Nhóm xin viên tại trường, cùng khóc mẹn tích trung."
VIVOSDEV04_R047_snr20,vivos,whisper,tiny,zero_shot,,42,20,speech,NHÓM SINH VIÊN TẠI TRƯỜNG CÙNG HỌP MẶT ĂN TẾT CHUNG," Nhóm xin viên tại trường cùng học mạng, anh thích trung."
VIVOSDEV04_R047_snr5,vivos,whisper,tiny,zero_shot,,42,5,music,NHÓM SINH VIÊN TẠI TRƯỜNG CÙNG HỌP MẶT ĂN TẾT CHUNG, Nhóm xin viên tại trường cùng khóc mạng ăn tích trung
VIVOSDEV04_R049_clean,vivos,whisper,tiny,zero_shot,,42,clean,clean,VÌ TỐI ĐÓ," Vậy, tởi đó"
VIVOSDEV04_R049_snr0,vivos,whisper,tiny,zero_shot,,42,0,music,VÌ TỐI ĐÓ, Vì xấu đó
VIVOSDEV04_R049_snr10,vivos,whisper,tiny,zero_shot,,42,10,speech,VÌ TỐI ĐÓ," Vì, tàu y đò."
VIVOSDEV04_R049_snr20,vivos,whisper,tiny,zero_shot,,42,20,noise,VÌ TỐI ĐÓ," Vì, tàu y đau"
VIVOSDEV04_R049_snr5,vivos,whisper,tiny,zero_shot,,42,5,music,VÌ TỐI ĐÓ," Vậy, tởi đó"
VIVOSDEV04_R051_clean,vivos,whisper,tiny,zero_shot,,42,clean,clean,RẠCH BÀU MỚP, Rất báo mục
VIVOSDEV04_R051_snr0,vivos,whisper,tiny,zero_shot,,42,0,music,RẠCH BÀU MỚP, Dạc bao lúc
VIVOSDEV04_R051_snr10,vivos,whisper,tiny,zero_shot,,42,10,music,RẠCH BÀU MỚP, Rặt bảo mức
VIVOSDEV04_R051_snr20,vivos,whisper,tiny,zero_shot,,42,20,noise,RẠCH BÀU MỚP, Đặt báo mục
VIVOSDEV04_R051_snr5,vivos,whisper,tiny,zero_shot,,42,5,noise,RẠCH BÀU MỚP, Rạc báo mừng
VIVOSDEV04_R081_clean,vivos,whisper,tiny,zero_shot,,42,clean,clean,VÀ TÔI THẤY HOA VẠN THỌ VÀNG ƯƠM, và tươi thấy qua vảng thỏ và nướng.
VIVOSDEV04_R081_snr0,vivos,whisper,tiny,zero_shot,,42,0,music,VÀ TÔI THẤY HOA VẠN THỌ VÀNG ƯƠM, Và tôi thấy qua vảng trái chọn xả合
VIVOSDEV04_R081_snr10,vivos,whisper,tiny,zero_shot,,42,10,noise,VÀ TÔI THẤY HOA VẠN THỌ VÀNG ƯƠM, và tốt thấy buồn và khó bằng ước
VIVOSDEV04_R081_snr20,vivos,whisper,tiny,zero_shot,,42,20,music,VÀ TÔI THẤY HOA VẠN THỌ VÀNG ƯƠM, Và tôi thấy qua vảng thỏ và ngâm
VIVOSDEV04_R081_snr5,vivos,whisper,tiny,zero_shot,,42,5,noise,VÀ TÔI THẤY HOA VẠN THỌ VÀNG ƯƠM, Và tôi thấy qua vận thỏ vận hướng.
VIVOSDEV04_R089_clean,vivos,whisper,tiny,zero_shot,,42,clean,clean,NGỦ TRÊN NỆM KHÔNG PHÙ HỢP, Lũ tăng nếm không phu hợp
VIVOSDEV04_R089_snr0,vivos,whisper,tiny,zero_shot,,42,0,music,NGỦ TRÊN NỆM KHÔNG PHÙ HỢP, Bột đánh nền không phu vời bột
VIVOSDEV04_R089_snr10,vivos,whisper,tiny,zero_shot,,42,10,noise,NGỦ TRÊN NỆM KHÔNG PHÙ HỢP, Lối tăng nếm không phu hợp
VIVOSDEV04_R089_snr20,vivos,whisper,tiny,zero_shot,,42,20,noise,NGỦ TRÊN NỆM KHÔNG PHÙ HỢP, Nó trang nếm không phu hợp
VIVOSDEV04_R089_snr5,vivos,whisper,tiny,zero_shot,,42,5,music,NGỦ TRÊN NỆM KHÔNG PHÙ HỢP, Một trang nềm không phu hợp
VIVOSDEV04_R092_clean,vivos,whisper,tiny,zero_shot,,42,clean,clean,BỊ CÁC CÔ GÁI BAO VÂY RÁO RIẾT, Bây cập của gái bào vài rau rịp
VIVOSDEV04_R092_snr0,vivos,whisper,tiny,zero_shot,,42,0,speech,BỊ CÁC CÔ GÁI BAO VÂY RÁO RIẾT," And because we're going to báo vầy, đúng rồi."
VIVOSDEV04_R092_snr10,vivos,whisper,tiny,zero_shot,,42,10,noise,BỊ CÁC CÔ GÁI BAO VÂY RÁO RIẾT," Bây tục cú gái, bó bài, rau rịp"
VIVOSDEV04_R092_snr20,vivos,whisper,tiny,zero_shot,,42,20,speech,BỊ CÁC CÔ GÁI BAO VÂY RÁO RIẾT, Bây cắt của gái bảo vài Rao Rift
VIVOSDEV04_R092_snr5,vivos,whisper,tiny,zero_shot,,42,5,noise,BỊ CÁC CÔ GÁI BAO VÂY RÁO RIẾT, Bây tất cả các bạn bảo vệ rao ghi
VIVOSDEV04_R095_clean,vivos,whisper,tiny,zero_shot,,42,clean,clean,TRƠ TRỌI GIỮA ĐỒNG CÁI NHÌN KHẮC KHOẢI," Tờ trải, dưới đồng cái, nhưng quốc khỏi"
VIVOSDEV04_R095_snr0,vivos,whisper,tiny,zero_shot,,42,0,music,TRƠ TRỌI GIỮA ĐỒNG CÁI NHÌN KHẮC KHOẢI," Từ tài, vừa đồng kai như quốc quay"
VIVOSDEV04_R095_snr10,vivos,whisper,tiny,zero_shot,,42,10,noise,TRƠ TRỌI GIỮA ĐỒNG CÁI NHÌN KHẮC KHOẢI, Tờ trại giữa đồng kái nhìn khóc khỏi
VIVOSDEV04_R095_snr20,vivos,whisper,tiny,zero_shot,,42,20,music,TRƠ TRỌI GIỮA ĐỒNG CÁI NHÌN KHẮC KHOẢI, Tờ trải đưa đồng cái nhìn khách khỏi
VIVOSDEV04_R095_snr5,vivos,whisper,tiny,zero_shot,,42,5,speech,TRƠ TRỌI GIỮA ĐỒNG CÁI NHÌN KHẮC KHOẢI," Cái trời hỏi ở đồng cái, thì mình sẽ thích khỏi."
VIVOSDEV04_R097_clean,vivos,whisper,tiny,zero_shot,,42,clean,clean,NGOÀI VIỆC PHÁT HIỆN KẺ THÙ, ngoài việc phó kính cách hồ.
VIVOSDEV04_R097_snr0,vivos,whisper,tiny,zero_shot,,42,0,music,NGOÀI VIỆC PHÁT HIỆN KẺ THÙ, ngoài việc phó kính cái thông
VIVOSDEV04_R097_snr10,vivos,whisper,tiny,zero_shot,,42,10,music,NGOÀI VIỆC PHÁT HIỆN KẺ THÙ, ngoài việc phó kính cá thù
VIVOSDEV04_R097_snr20,vivos,whisper,tiny,zero_shot,,42,20,music,NGOÀI VIỆC PHÁT HIỆN KẺ THÙ, ngoài việc phó kính cách ổ
VIVOSDEV04_R097_snr5,vivos,whisper,tiny,zero_shot,,42,5,music,NGOÀI VIỆC PHÁT HIỆN KẺ THÙ," Wife, viet phó kìm, gà tù"
VIVOSDEV04_R118_clean,vivos,whisper,tiny,zero_shot,,42,clean,clean,TRẺ EM ĐÂU CÓ CHƯỚNG NGẠI VẬT, để em đâu có chung ngày vọc
VIVOSDEV04_R118_snr0,vivos,whisper,tiny,zero_shot,,42,0,music,TRẺ EM ĐÂU CÓ CHƯỚNG NGẠI VẬT, Cái em đầu có chứng cái bọn
VIVOSDEV04_R118_snr10,vivos,whisper,tiny,zero_shot,,42,10,music,TRẺ EM ĐÂU CÓ CHƯỚNG NGẠI VẬT, để em đâu có chung ngày vọc
VIVOSDEV04_R118_snr20,vivos,whisper,tiny,zero_shot,,42,20,music,TRẺ EM ĐÂU CÓ CHƯỚNG NGẠI VẬT, Tế em đâu có chung này bọc
VIVOSDEV04_R118_snr5,vivos,whisper,tiny,zero_shot,,42,5,music,TRẺ EM ĐÂU CÓ CHƯỚNG NGẠI VẬT, Tế em đâu có chung ngày bọn
VIVOSDEV04_R127_clean,vivos,whisper,tiny,zero_shot,,42,clean,clean,RẤT NHIỀU GỬI GẮM VÀ KỲ VỌNG VÀO ÔNG, Lất nhiều người gắm và ký vọng vô ám
VIVOSDEV04_R127_snr0,vivos,whisper,tiny,zero_shot,,42,0,music,RẤT NHIỀU GỬI GẮM VÀ KỲ VỌNG VÀO ÔNG, lực nhiều người gặp vọc kì phòng phòng
VIVOSDEV04_R127_snr10,vivos,whisper,tiny,zero_shot,,42,10,speech,RẤT NHIỀU GỬI GẮM VÀ KỲ VỌNG VÀO ÔNG, Đất nhiều rửi gắm và ghi vọng vọng vọng
VIVOSDEV04_R127_snr20,vivos,whisper,tiny,zero_shot,,42,20,noise,RẤT NHIỀU GỬI GẮM VÀ KỲ VỌNG VÀO ÔNG, Lất nhiều người gắm và ký vòng vòng
VIVOSDEV04_R127_snr5,vivos,whisper,tiny,zero_shot,,42,5,music,RẤT NHIỀU GỬI GẮM VÀ KỲ VỌNG VÀO ÔNG, Lắc nhiều dưới gắm và kì vòng phố âm
VIVOSDEV04_R129_clean,vivos,whisper,tiny,zero_shot,,42,clean,clean,ĐANG THẢO LUẬN VỀ ĐỀ XUẤT, Đăng Thau Lần về đi sức
VIVOSDEV04_R129_snr0,vivos,whisper,tiny,zero_shot,,42,0,noise,ĐANG THẢO LUẬN VỀ ĐỀ XUẤT," Đăng tổ lắm, về đi xuất"
VIVOSDEV04_R129_snr10,vivos,whisper,tiny,zero_shot,,42,10,noise,ĐANG THẢO LUẬN VỀ ĐỀ XUẤT, đang tố lần về đi xuất
VIVOSDEV04_R129_snr20,vivos,whisper,tiny,zero_shot,,42,20,music,ĐANG THẢO LUẬN VỀ ĐỀ XUẤT, đang thấu lần về để sức
VIVOSDEV04_R129_snr5,vivos,whisper,tiny,zero_shot,,42,5,noise,ĐANG THẢO LUẬN VỀ ĐỀ XUẤT, đang thấu lần về đi sức
VIVOSDEV04_R132_clean,vivos,whisper,tiny,zero_shot,,42,clean,clean,CHỦ TỊCH NƯỚC ĐÃ ĐẾN KIỂM TRA TIẾN ĐỘ THI CÔNG, Chúng ta nước đã đánh kìm tra tiến đổi thích công.
VIVOSDEV04_R132_snr0,vivos,whisper,tiny,zero_shot,,42,0,music,CHỦ TỊCH NƯỚC ĐÃ ĐẾN KIỂM TRA TIẾN ĐỘ THI CÔNG, Chúng tâm nước đã đánh kìm trà tích đổ thích công
VIVOSDEV04_R132_snr10,vivos,whisper,tiny,zero_shot,,42,10,noise,CHỦ TỊCH NƯỚC ĐÃ ĐẾN KIỂM TRA TIẾN ĐỘ THI CÔNG, Đứa tình nước đã đánh kìm tra tiến đổi thích không?
VIVOSDEV04_R132_snr20,vivos,whisper,tiny,zero_shot,,42,20,music,CHỦ TỊCH NƯỚC ĐÃ ĐẾN KIỂM TRA TIẾN ĐỘ THI CÔNG, Chứ tịch nước đã đánh kìm tra tiến đổi thích công.
VIVOSDEV04_R132_snr5,vivos,whisper,tiny,zero_shot,,42,5,speech,CHỦ TỊCH NƯỚC ĐÃ ĐẾN KIỂM TRA TIẾN ĐỘ THI CÔNG," Đã đến, kìm tràn, tíng đổi thế công."
VIVOSDEV04_R149_clean,vivos,whisper,tiny,zero_shot,,42,clean,clean,MỘT CÔ GÁI VÁY NGẮN CŨN CỠN CHẠY LÊN HỎI, Một cô gái với ngán cũng cận chảy linh hóa
VIVOSDEV04_R149_snr0,vivos,whisper,tiny,zero_shot,,42,0,music,MỘT CÔ GÁI VÁY NGẮN CŨN CỠN CHẠY LÊN HỎI, Một cô gái phái ngán cũng cận chảy linh hóa
VIVOSDEV04_R149_snr10,vivos,whisper,tiny,zero_shot,,42,10,music,MỘT CÔ GÁI VÁY NGẮN CŨN CỠN CHẠY LÊN HỎI, Bục cố gái phái ngán cũng cận trải linh hóa
VIVOSDEV04_R149_snr20,vivos,whisper,tiny,zero_shot,,42,20,noise,MỘT CÔ GÁI VÁY NGẮN CŨN CỠN CHẠY LÊN HỎI, Một cư gái với ngán cũng cận trải lên hóa
VIVOSDEV04_R149_snr5,vivos,whisper,tiny,zero_shot,,42,5,noise,MỘT CÔ GÁI VÁY NGẮN CŨN CỠN CHẠY LÊN HỎI," Một cố gái, vái nghen, cố gái, chảy lên hả?"
VIVOSDEV04_R152_clean,vivos,whisper,tiny,zero_shot,,42,clean,clean,SẼ KHÔNG KHIẾN BẠN TRÔNG GẦY NHƯ NHỮNG TRANG PHỤC MỘT MÀU, sẽ không khiến bạn trong ngày như những trong phục mục mào.
VIVOSDEV04_R152_snr0,vivos,whisper,tiny,zero_shot,,42,0,noise,SẼ KHÔNG KHIẾN BẠN TRÔNG GẦY NHƯ NHỮNG TRANG PHỤC MỘT MÀU, để không khiến bạn trong ngày dư trong cuộc phục bộm mở
VIVOSDEV04_R152_snr10,vivos,whisper,tiny,zero_shot,,42,10,music,SẼ KHÔNG KHIẾN BẠN TRÔNG GẦY NHƯ NHỮNG TRANG PHỤC MỘT MÀU, sẽ không kýu bản trong ngày Nguyễn Nguyễn Giang Phuật Một Mào
VIVOSDEV04_R152_snr20,vivos,whisper,tiny,zero_shot,,42,20,music,SẼ KHÔNG KHIẾN BẠN TRÔNG GẦY NHƯ NHỮNG TRANG PHỤC MỘT MÀU, sẽ không khiến bạn trong ngày như những trong phục mục mục mục mục mục mục mục mục mục mục mục mục mục mục mục mục mục mục mục mục mục mục mục mục mục mục mục mục mục mục mục mục mục mục mục mục mục mục mục mục mục mục mục mục mục mục mục mục mục mục mục mục mục mục mục mục mục m
VIVOSDEV04_R152_snr5,vivos,whisper,tiny,zero_shot,,42,5,speech,SẼ KHÔNG KHIẾN BẠN TRÔNG GẦY NHƯ NHỮNG TRANG PHỤC MỘT MÀU, sẽ không thiếu bằng trong ngày như nha trong xin mục mào.
VIVOSDEV04_R162_clean,vivos,whisper,tiny,zero_shot,,42,clean,clean,CÔ CHỈ MỚI VÀO LƯỚI NHẶT BÓNG HAI LẦN, Cui chỉ mở vào lưới nhạc bóng hay lần.
VIVOSDEV04_R162_snr0,vivos,whisper,tiny,zero_shot,,42,0,music,CÔ CHỈ MỚI VÀO LƯỚI NHẶT BÓNG HAI LẦN, Cui chỉ mở vào lưới nhập bóng hay lần
VIVOSDEV04_R162_snr10,vivos,whisper,tiny,zero_shot,,42,10,speech,CÔ CHỈ MỚI VÀO LƯỚI NHẶT BÓNG HAI LẦN, Cô chế mở vào lưới nhạm bóng hay lạc gì
VIVOSDEV04_R162_snr20,vivos,whisper,tiny,zero_shot,,42,20,noise,CÔ CHỈ MỚI VÀO LƯỚI NHẶT BÓNG HAI LẦN, Cui chỉ mở vào lưới nhập bóng hay lần.
VIVOSDEV04_R162_snr5,vivos,whisper,tiny,zero_shot,,42,5,speech,CÔ CHỈ MỚI VÀO LƯỚI NHẶT BÓNG HAI LẦN, Cui thì mở vào lưỡi nhạc bong hay lần.
VIVOSDEV04_T002_clean,vivos,whisper,tiny,zero_shot,,42,clean,clean,CÓ TRẢ TIỀN CHO BỐ KHÔNG THÌ BẢO, có trả tiền cho bố không thì báo
VIVOSDEV04_T002_snr0,vivos,whisper,tiny,zero_shot,,42,0,music,CÓ TRẢ TIỀN CHO BỐ KHÔNG THÌ BẢO," Các ta sẽ nhiều bố, không có thể báo"
VIVOSDEV04_T002_snr10,vivos,whisper,tiny,zero_shot,,42,10,music,CÓ TRẢ TIỀN CHO BỐ KHÔNG THÌ BẢO, Các trặt tiền cho bố không thì báo
VIVOSDEV04_T002_snr20,vivos,whisper,tiny,zero_shot,,42,20,noise,CÓ TRẢ TIỀN CHO BỐ KHÔNG THÌ BẢO, Có trả tiền cho bố không thì báo
VIVOSDEV04_T002_snr5,vivos,whisper,tiny,zero_shot,,42,5,speech,CÓ TRẢ TIỀN CHO BỐ KHÔNG THÌ BẢO, Các trạc tên cho bố không thì vào.
VIVOSDEV04_T009_clean,vivos,whisper,tiny,zero_shot,,42,clean,clean,CHO TÔI NHẮN ĐẠI TIN NÀO CŨNG ĐƯỢC, cho tôi nhấn đại tinh nào cũng được
VIVOSDEV04_T009_snr0,vivos,whisper,tiny,zero_shot,,42,0,music,CHO TÔI NHẮN ĐẠI TIN NÀO CŨNG ĐƯỢC, cho tôi những đại tinh nào cũng được
VIVOSDEV04_T009_snr10,vivos,whisper,tiny,zero_shot,,42,10,noise,CHO TÔI NHẮN ĐẠI TIN NÀO CŨNG ĐƯỢC, Chào tôi những đại tinh nào cũng được
VIVOSDEV04_T009_snr20,vivos,whisper,tiny,zero_shot,,42,20,noise,CHO TÔI NHẮN ĐẠI TIN NÀO CŨNG ĐƯỢC, cho tôi nhấn đại tinh nào cũng được
VIVOSDEV04_T009_snr5,vivos,whisper,tiny,zero_shot,,42,5,noise,CHO TÔI NHẮN ĐẠI TIN NÀO CŨNG ĐƯỢC, Chào tơ nhấn lại tin nào cũng được
VIVOSDEV04_T015_clean,vivos,whisper,tiny,zero_shot,,42,clean,clean,MỘT LÀ GẶP LẠI TẤT CẢ CÁC EM PHÒ, Một là gặp lại tất cả các em phòng
VIVOSDEV04_T015_snr0,vivos,whisper,tiny,zero_shot,,42,0,noise,MỘT LÀ GẶP LẠI TẤT CẢ CÁC EM PHÒ, Một là giọc lại tất cả các em phó
VIVOSDEV04_T015_snr10,vivos,whisper,tiny,zero_shot,,42,10,speech,MỘT LÀ GẶP LẠI TẤT CẢ CÁC EM PHÒ, V
VIVOSDEV04_T015_snr20,vivos,whisper,tiny,zero_shot,,42,20,music,MỘT LÀ GẶP LẠI TẤT CẢ CÁC EM PHÒ, Một là gặp lại tất cả các emphor
VIVOSDEV04_T015_snr5,vivos,whisper,tiny,zero_shot,,42,5,noise,MỘT LÀ GẶP LẠI TẤT CẢ CÁC EM PHÒ, Một là giọt lại tất cả các ím khó
VIVOSDEV04_T029_clean,vivos,whisper,tiny,zero_shot,,42,clean,clean,ANH ĐI CÔNG TÁC CẦN THƠ TUẦN SAU MỚI VỀ, Anh đi công tác cảnh thật tưởng sau mối vẻ.
VIVOSDEV04_T029_snr0,vivos,whisper,tiny,zero_shot,,42,0,speech,ANH ĐI CÔNG TÁC CẦN THƠ TUẦN SAU MỚI VỀ," Anh đi công tác, cạnh tát tưởng sau mọi người mọi người."
VIVOSDEV04_T029_snr10,vivos,whisper,tiny,zero_shot,,42,10,noise,ANH ĐI CÔNG TÁC CẦN THƠ TUẦN SAU MỚI VỀ," Anh đi công tác, càng thát tưởng sau mối vẻ."
VIVOSDEV04_T029_snr20,vivos,whisper,tiny,zero_shot,,42,20,noise,ANH ĐI CÔNG TÁC CẦN THƠ TUẦN SAU MỚI VỀ, Anh đi công tác cảnh thật tưởng sau mối vẻ.
VIVOSDEV04_T029_snr5,vivos,whisper,tiny,zero_shot,,42,5,music,ANH ĐI CÔNG TÁC CẦN THƠ TUẦN SAU MỚI VỀ, Anh đi công tác cảnh ta tưởng sau mối vẻ.
VIVOSDEV04_T032_clean,vivos,whisper,tiny,zero_shot,,42,clean,clean,CAM SÀNH LỘT VỎ CÒN CHUA, Cấm xanh lục phát con kêu
VIVOSDEV04_T032_snr0,vivos,whisper,tiny,zero_shot,,42,0,music,CAM SÀNH LỘT VỎ CÒN CHUA, Công chán lập bỏ công tuo
VIVOSDEV04_T032_snr10,vivos,whisper,tiny,zero_shot,,42,10,noise,CAM SÀNH LỘT VỎ CÒN CHUA, Cấm sản lập vọc con kêu
VIVOSDEV04_T032_snr20,vivos,whisper,tiny,zero_shot,,42,20,noise,CAM SÀNH LỘT VỎ CÒN CHUA, Cấm sần lục v pháp con kêu
VIVOSDEV04_T032_snr5,vivos,whisper,tiny,zero_shot,,42,5,music,CAM SÀNH LỘT VỎ CÒN CHUA, Công chắn lập vào công xua
VIVOSDEV04_T044_clean,vivos,whisper,tiny,zero_shot,,42,clean,clean,BA NÀY CHỈ GIỎI BỐC PHÉT," Bóan này, kỳ nhỏ buộc"
VIVOSDEV04_T044_snr0,vivos,whisper,tiny,zero_shot,,42,0,noise,BA NÀY CHỈ GIỎI BỐC PHÉT," Bóan này, gì nhỏ một phép?"
VIVOSDEV04_T044_snr10,vivos,whisper,tiny,zero_shot,,42,10,speech,BA NÀY CHỈ GIỎI BỐC PHÉT," Bóan này, tìm giọ bố phép."
VIVOSDEV04_T044_snr20,vivos,whisper,tiny,zero_shot,,42,20,noise,BA NÀY CHỈ GIỎI BỐC PHÉT," Bóan này, tìm giò buộc"
VIVOSDEV04_T044_snr5,vivos,whisper,tiny,zero_shot,,42,5,noise,BA NÀY CHỈ GIỎI BỐC PHÉT," Bóan này, chỉ giò buộc phát"
VIVOSDEV05_004_clean,vivos,whisper,tiny,zero_shot,,42,clean,clean,HÃY TƯỞNG TƯỢNG RẰNG BẠN LÀ LÀ GIÁM ĐỐC DỰ ÁN TRONG MỘT CÔNG TY LỚN, Hãy tưởng tượng rằng bạn là giám đốc dữ an trong một công ty lớn.
VIVOSDEV05_004_snr0,vivos,whisper,tiny,zero_shot,,42,0,speech,HÃY TƯỞNG TƯỢNG RẰNG BẠN LÀ LÀ GIÁM ĐỐC DỰ ÁN TRONG MỘT CÔNG TY LỚN, Hãy sử dụng tử bằng hoàn cả chào đau đau đau đau đau đau đau đau đau đau đau đau đau đau đau đau đau đau đau đau đau đau đau đau đau đau đau đau đau đau đau đau đau đau đau đau đau đau đau đau đau đau đau đau đau đau đau đau đau đau đau đau đau đau đau đau
VIVOSDEV05_004_snr10,vivos,whisper,tiny,zero_shot,,42,10,noise,HÃY TƯỞNG TƯỢNG RẰNG BẠN LÀ LÀ GIÁM ĐỐC DỰ ÁN TRONG MỘT CÔNG TY LỚN, Hãy tưởng tưởng rằng bạn là giám đốc dữ an trong một công ty lớn.
VIVOSDEV05_004_snr20,vivos,whisper,tiny,zero_shot,,42,20,noise,HÃY TƯỞNG TƯỢNG RẰNG BẠN LÀ LÀ GIÁM ĐỐC DỰ ÁN TRONG MỘT CÔNG TY LỚN, Hãy tưởng tượng rằng bạn là giám đốc dữ em trong một công ty lớn.
VIVOSDEV05_004_snr5,vivos,whisper,tiny,zero_shot,,42,5,noise,HÃY TƯỞNG TƯỢNG RẰNG BẠN LÀ LÀ GIÁM ĐỐC DỰ ÁN TRONG MỘT CÔNG TY LỚN, Hãy tưởng tưởng rằng bạn là giám đốc dữ an trong một công ty lớn.
VIVOSDEV05_030_clean,vivos,whisper,tiny,zero_shot,,42,clean,clean,CỦA NHỮNG THẾ LỰC HÙNG MẠNH, của những thấy là không mạnh.
VIVOSDEV05_030_snr0,vivos,whisper,tiny,zero_shot,,42,0,noise,CỦA NHỮNG THẾ LỰC HÙNG MẠNH, Bố nướng thấy là phục mạnh
VIVOSDEV05_030_snr10,vivos,whisper,tiny,zero_shot,,42,10,music,CỦA NHỮNG THẾ LỰC HÙNG MẠNH, Bố những thấy là khôn mạnh
VIVOSDEV05_030_snr20,vivos,whisper,tiny,zero_shot,,42,20,noise,CỦA NHỮNG THẾ LỰC HÙNG MẠNH, của những thấy là không mạnh.
VIVOSDEV05_030_snr5,vivos,whisper,tiny,zero_shot,,42,5,music,CỦA NHỮNG THẾ LỰC HÙNG MẠNH, của những thấy là cột mạnh
VIVOSDEV05_043_clean,vivos,whisper,tiny,zero_shot,,42,clean,clean,NGUYÊN THỨ TRƯỞNG MAI VĂN DÂU ĐÃ BỊ BẮT, Nguyên thứ tưởng mai văn dâu đã bị bắt.
VIVOSDEV05_043_snr0,vivos,whisper,tiny,zero_shot,,42,0,noise,NGUYÊN THỨ TRƯỞNG MAI VĂN DÂU ĐÃ BỊ BẮT, Quên thử tưởng mai văn dâu đã bị bắt
VIVOSDEV05_043_snr10,vivos,whisper,tiny,zero_shot,,42,10,speech,NGUYÊN THỨ TRƯỞNG MAI VĂN DÂU ĐÃ BỊ BẮT, Muyến thứ tưởng mai văn giâu đã bị bắt.
VIVOSDEV05_043_snr20,vivos,whisper,tiny,zero_shot,,42,20,music,NGUYÊN THỨ TRƯỞNG MAI VĂN DÂU ĐÃ BỊ BẮT, Nguyên thứ tưởng mai văn dâu đã bị bắt.
VIVOSDEV05_043_snr5,vivos,whisper,tiny,zero_shot,,42,5,speech,NGUYÊN THỨ TRƯỞNG MAI VĂN DÂU ĐÃ BỊ BẮT, Nguyên thứ tưởng mai phang giấu đã bị bắt.
VIVOSDEV05_065_clean,vivos,whisper,tiny,zero_shot,,42,clean,clean,NHỮNG NGƯỜI SỐNG THÌ THA THẨN TRONG NHÀ NGOÀI NGÕ, Những người sống thầy thá tháng trong nhà ngoài ngó
VIVOSDEV05_065_snr0,vivos,whisper,tiny,zero_shot,,42,0,noise,NHỮNG NGƯỜI SỐNG THÌ THA THẨN TRONG NHÀ NGOÀI NGÕ, Những người tóm thầy thá tháng trong nhà ngoài ngõ
VIVOSDEV05_065_snr10,vivos,whisper,tiny,zero_shot,,42,10,noise,NHỮNG NGƯỜI SỐNG THÌ THA THẨN TRONG NHÀ NGOÀI NGÕ, Những người xong thì thá tháng trong nhà ngoài ngó
VIVOSDEV05_065_snr20,vivos,whisper,tiny,zero_shot,,42,20,speech,NHỮNG NGƯỜI SỐNG THÌ THA THẨN TRONG NHÀ NGOÀI NGÕ, Những người sống thị thá thẳng trong nhà ngoài ngã
VIVOSDEV05_065_snr5,vivos,whisper,tiny,zero_shot,,42,5,music,NHỮNG NGƯỜI SỐNG THÌ THA THẨN TRONG NHÀ NGOÀI NGÕ, Những người sống thì thả thẳng trong nhà ngoài ngón
VIVOSDEV05_087_clean,vivos,whisper,tiny,zero_shot,,42,clean,clean,CẢ KHÔNG GIAN NHUỐM MÀU TRO BẾP, Cả không dàng nhúng màu trò bếp
VIVOSDEV05_087_snr0,vivos,whisper,tiny,zero_shot,,42,0,noise,CẢ KHÔNG GIAN NHUỐM MÀU TRO BẾP, Cái không dàng nướng màu gó bé
VIVOSDEV05_087_snr10,vivos,whisper,tiny,zero_shot,,42,10,noise,CẢ KHÔNG GIAN NHUỐM MÀU TRO BẾP, Cái không dàng nhúng màu to biết
VIVOSDEV05_087_snr20,vivos,whisper,tiny,zero_shot,,42,20,music,CẢ KHÔNG GIAN NHUỐM MÀU TRO BẾP, Cả không dàng dũng màu trò bếp
VIVOSDEV05_087_snr5,vivos,whisper,tiny,zero_shot,,42,5,noise,CẢ KHÔNG GIAN NHUỐM MÀU TRO BẾP, đã không dàng nướng mào to bếc
VIVOSDEV05_091_clean,vivos,whisper,tiny,zero_shot,,42,clean,clean,TRÁN GIÔ, Tàn dô
VIVOSDEV05_091_snr0,vivos,whisper,tiny,zero_shot,,42,0,music,TRÁN GIÔ, Tán giấu
VIVOSDEV05_091_snr10,vivos,whisper,tiny,zero_shot,,42,10,music,TRÁN GIÔ, Tên giô
VIVOSDEV05_091_snr20,vivos,whisper,tiny,zero_shot,,42,20,noise,TRÁN GIÔ, Tán giô
VIVOSDEV05_091_snr5,vivos,whisper,tiny,zero_shot,,42,5,speech,TRÁN GIÔ, Đánh dơ
VIVOSDEV05_107_clean,vivos,whisper,tiny,zero_shot,,42,clean,clean,TRÔNG MỘT CÔ NÀNG ĐỔ NGƯỜI LÊN LƯNG ANH NGƯỜI YÊU GẦY CÒM, Trong mỏng câu nèng đón người lên lưng ăn người yêu gây cơm.
VIVOSDEV05_107_snr0,vivos,whisper,tiny,zero_shot,,42,0,noise,TRÔNG MỘT CÔ NÀNG ĐỔ NGƯỜI LÊN LƯNG ANH NGƯỜI YÊU GẦY CÒM, Còn nạn đó người lớn lớn ăn người yêu gây cơm.
VIVOSDEV05_107_snr10,vivos,whisper,tiny,zero_shot,,42,10,noise,TRÔNG MỘT CÔ NÀNG ĐỔ NGƯỜI LÊN LƯNG ANH NGƯỜI YÊU GẦY CÒM, Trong mỏ câu này nạn đó người lên lưng ăn người yêu gây cơm.
VIVOSDEV05_107_snr20,vivos,whisper,tiny,zero_shot,,42,20,noise,TRÔNG MỘT CÔ NÀNG ĐỔ NGƯỜI LÊN LƯNG ANH NGƯỜI YÊU GẦY CÒM, Trong mỏ vô nèng đón người lân lưng ăn người yêu gây cơm.
VIVOSDEV05_107_snr5,vivos,whisper,tiny,zero_shot,,42,5,noise,TRÔNG MỘT CÔ NÀNG ĐỔ NGƯỜI LÊN LƯNG ANH NGƯỜI YÊU GẦY CÒM, Trong mỏng tô nạn đóng người lên lưng ăn người yêu gái cơm
VIVOSDEV05_109_clean,vivos,whisper,tiny,zero_shot,,42,clean,clean,DOANH NGHIỆP TUYỂN DỤNG LAO ĐỘNG NƯỚC NGOÀI, gióan nghiệp tính dụng lao động nước ngoài.
VIVOSDEV05_109_snr0,vivos,whisper,tiny,zero_shot,,42,0,noise,DOANH NGHIỆP TUYỂN DỤNG LAO ĐỘNG NƯỚC NGOÀI, Băng được phí gọn lào đánh nước ngoài
VIVOSDEV05_109_snr10,vivos,whisper,tiny,zero_shot,,42,10,speech,DOANH NGHIỆP TUYỂN DỤNG LAO ĐỘNG NƯỚC NGOÀI, Gián nghiệp tính dụng lao đồng nước ngoài.
VIVOSDEV05_109_snr20,vivos,whisper,tiny,zero_shot,,42,20,music,DOANH NGHIỆP TUYỂN DỤNG LAO ĐỘNG NƯỚC NGOÀI, Giò anh nghiệp tính dụng lao đồng nước ngoài
VIVOSDEV05_109_snr5,vivos,whisper,tiny,zero_shot,,42,5,noise,DOANH NGHIỆP TUYỂN DỤNG LAO ĐỘNG NƯỚC NGOÀI, dân nghiệp vĩnh dống lao đồng nước ngoài
VIVOSDEV05_129_clean,vivos,whisper,tiny,zero_shot,,42,clean,clean,THU HÚT RẤT LÀ NHIỀU LOÀI CHIM, Thù hốc rắc là nhiều loại kìm.
VIVOSDEV05_129_snr0,vivos,whisper,tiny,zero_shot,,42,0,speech,THU HÚT RẤT LÀ NHIỀU LOÀI CHIM," Bây giờ, bây giờ, bây giờ, bây giờ, bây giờ, bây giờ, bây giờ, bây giờ, bây giờ, bây giờ, bây giờ, bây giờ, bây giờ, bây giờ, bây giờ, bây giờ, bây giờ, bây giờ, bây giờ, bây giờ, bây giờ, bây giờ, bây giờ, bây giờ, bây giờ, bây giờ, bây giờ, bây giờ, bây giờ, bây giờ, bây giờ, bây giờ,"
VIVOSDEV05_129_snr10,vivos,whisper,tiny,zero_shot,,42,10,speech,THU HÚT RẤT LÀ NHIỀU LOÀI CHIM, Thôi hôm rất là nhiều loại kiếm.
VIVOSDEV05_129_snr20,vivos,whisper,tiny,zero_shot,,42,20,music,THU HÚT RẤT LÀ NHIỀU LOÀI CHIM, Thù hốc rắc là nhiều loại chim
VIVOSDEV05_129_snr5,vivos,whisper,tiny,zero_shot,,42,5,noise,THU HÚT RẤT LÀ NHIỀU LOÀI CHIM," Thôi hôm nay, đúng không?"
VIVOSDEV05_143_clean,vivos,whisper,tiny,zero_shot,,42,clean,clean,NHỎ ĐƯA TAY RA CÀO HẾT BÙN KHÔ TRÊN CỔ TỚ, nhỏ được tay ra cạo hết đùng khô trên cộ tớ
VIVOSDEV05_143_snr0,vivos,whisper,tiny,zero_shot,,42,0,music,NHỎ ĐƯA TAY RA CÀO HẾT BÙN KHÔ TRÊN CỔ TỚ, Nó cứu tay ra cào hát cùng vô cho tổ thống
VIVOSDEV05_143_snr10,vivos,whisper,tiny,zero_shot,,42,10,noise,NHỎ ĐƯA TAY RA CÀO HẾT BÙN KHÔ TRÊN CỔ TỚ, Nhỏ đưa tay ra cạo hết cùng khô chân cầu tân
VIVOSDEV05_143_snr20,vivos,whisper,tiny,zero_shot,,42,20,noise,NHỎ ĐƯA TAY RA CÀO HẾT BÙN KHÔ TRÊN CỔ TỚ, nhỏ được tay ra cạo hết bùng khô trên cộ tớ
VIVOSDEV05_143_snr5,vivos,whisper,tiny,zero_shot,,42,5,music,NHỎ ĐƯA TAY RA CÀO HẾT BÙN KHÔ TRÊN CỔ TỚ, Nhỏ đưa tay ra cạo hết tùng khô trên cộ tớ
VIVOSDEV05_170_clean,vivos,whisper,tiny,zero_shot,,42,clean,clean,CHẬM NẮM BẮT XU HƯỚNG PHÁT TRIỂN CÔNG NGHỆ MỚI, chậm năm 7 su hướng vắc tuyện công nghệ mới
VIVOSDEV05_170_snr0,vivos,whisper,tiny,zero_shot,,42,0,music,CHẬM NẮM BẮT XU HƯỚNG PHÁT TRIỂN CÔNG NGHỆ MỚI, Dạm nắm bắt tu hướng bắt trình tông hợp mời
VIVOSDEV05_170_snr10,vivos,whisper,tiny,zero_shot,,42,10,music,CHẬM NẮM BẮT XU HƯỚNG PHÁT TRIỂN CÔNG NGHỆ MỚI, Dạm năm bắt su hướng và tiến tông ngày mới
VIVOSDEV05_170_snr20,vivos,whisper,tiny,zero_shot,,42,20,noise,CHẬM NẮM BẮT XU HƯỚNG PHÁT TRIỂN CÔNG NGHỆ MỚI, Chậm năm 7 su hướng và tiến công ngày mới
VIVOSDEV05_170_snr5,vivos,whisper,tiny,zero_shot,,42,5,speech,CHẬM NẮM BẮT XU HƯỚNG PHÁT TRIỂN CÔNG NGHỆ MỚI, giấm năm 7 su hướng phát đến công nè mới.
VIVOSDEV05_185_clean,vivos,whisper,tiny,zero_shot,,42,clean,clean,MÀ MƯỜNG TƯỢNG RA HÌNH BÓNG MẸ, Mà mừng tượng ra hình bóng mẹ
VIVOSDEV05_185_snr0,vivos,whisper,tiny,zero_shot,,42,0,noise,MÀ MƯỜNG TƯỢNG RA HÌNH BÓNG MẸ, Mà mừng tượng ra hình báo mẹ
VIVOSDEV05_185_snr10,vivos,whisper,tiny,zero_shot,,42,10,noise,MÀ MƯỜNG TƯỢNG RA HÌNH BÓNG MẸ, Mà mừng tự ra hình báo mẹ
VIVOSDEV05_185_snr20,vivos,whisper,tiny,zero_shot,,42,20,speech,MÀ MƯỜNG TƯỢNG RA HÌNH BÓNG MẸ, Mà mừng tự ra hình báo mẹn
VIVOSDEV05_185_snr5,vivos,whisper,tiny,zero_shot,,42,5,noise,MÀ MƯỜNG TƯỢNG RA HÌNH BÓNG MẸ, Mà mừng tổ ra hình bóng mẹ
VIVOSDEV05_189_clean,vivos,whisper,tiny,zero_shot,,42,clean,clean,MỖI NGƯỜI MỘT SỐ PHẬN EM À, Mỗi người mục sốt phẳng em à
VIVOSDEV05_189_snr0,vivos,whisper,tiny,zero_shot,,42,0,music,MỖI NGƯỜI MỘT SỐ PHẬN EM À, Mỗi người bảo bằng em
VIVOSDEV05_189_snr10,vivos,whisper,tiny,zero_shot,,42,10,noise,MỖI NGƯỜI MỘT SỐ PHẬN EM À, Mỗi người mục sốt phẳng em em
VIVOSDEV05_189_snr20,vivos,whisper,tiny,zero_shot,,42,20,noise,MỖI NGƯỜI MỘT SỐ PHẬN EM À, Bỗi người mọng số phản em
VIVOSDEV05_189_snr5,vivos,whisper,tiny,zero_shot,,42,5,speech,MỖI NGƯỜI MỘT SỐ PHẬN EM À," Mỗi người mẫu sâu pháng em này, thảy bữa đất vã"
VIVOSDEV05_202_clean,vivos,whisper,tiny,zero_shot,,42,clean,clean,CHỊ HAI CHỦ QUÁN NGHE BÀN TÁN RÔM RẢ CŨNG RA GÓP CHUYỆN, Chỉ 2 chủ quá ngay bàn tán rộng ra cũng ra góp chuyển.
VIVOSDEV05_202_snr0,vivos,whisper,tiny,zero_shot,,42,0,speech,CHỊ HAI CHỦ QUÁN NGHE BÀN TÁN RÔM RẢ CŨNG RA GÓP CHUYỆN, và đẹp đẹp đẹp đẹp đẹp đẹp đẹp đẹp đẹp đẹp đẹp đẹp đẹp đẹp đẹp đẹp đẹp đẹp đẹp đẹp đẹp đẹp đẹp đẹp đẹp đẹp đẹp đẹp đẹp đẹp đẹp đẹp đẹp đẹp đẹp đẹp đẹp đẹp đẹp đẹp đẹp đẹp đ
VIVOSDEV05_202_snr10,vivos,whisper,tiny,zero_shot,,42,10,noise,CHỊ HAI CHỦ QUÁN NGHE BÀN TÁN RÔM RẢ CŨNG RA GÓP CHUYỆN, Chỉ 2 chủ quá ngay bằng táng rộng ra cũng ra góp chuyển.
VIVOSDEV05_202_snr20,vivos,whisper,tiny,zero_shot,,42,20,music,CHỊ HAI CHỦ QUÁN NGHE BÀN TÁN RÔM RẢ CŨNG RA GÓP CHUYỆN, Tỉ 2 chủ quán nghe bàn tán rộng ra cũng ra góp chuyển.
VIVOSDEV05_202_snr5,vivos,whisper,tiny,zero_shot,,42,5,speech,CHỊ HAI CHỦ QUÁN NGHE BÀN TÁN RÔM RẢ CŨNG RA GÓP CHUYỆN, Thì hành được quán ngay bằng táng rông đã cũng ra góp bây giờ.
VIVOSDEV05_206_clean,vivos,whisper,tiny,zero_shot,,42,clean,clean,TỨC KHẮC ẬP VỀ KÉO MỌI NGƯỜI THỨ TRỞ LẠI THỜI HOANG SƠ, Tức khắc ập về kéo mọi người thử trở lại thời hoang sơ.
VIVOSDEV05_206_snr0,vivos,whisper,tiny,zero_shot,,42,0,speech,TỨC KHẮC ẬP VỀ KÉO MỌI NGƯỜI THỨ TRỞ LẠI THỜI HOANG SƠ," Bây giờ, chúng ta sẽ có thể ngồi tươi lãi thời gian sớm."
VIVOSDEV05_206_snr10,vivos,whisper,tiny,zero_shot,,42,10,noise,TỨC KHẮC ẬP VỀ KÉO MỌI NGƯỜI THỨ TRỞ LẠI THỜI HOANG SƠ, Tức khắc ập về kéo mọi người thử tới lại thời mang sơ
VIVOSDEV05_206_snr20,vivos,whisper,tiny,zero_shot,,42,20,speech,TỨC KHẮC ẬP VỀ KÉO MỌI NGƯỜI THỨ TRỞ LẠI THỜI HOANG SƠ, giúp các ạm về kéo mọi người thư dở lại thời quan sơ.
VIVOSDEV05_206_snr5,vivos,whisper,tiny,zero_shot,,42,5,noise,TỨC KHẮC ẬP VỀ KÉO MỌI NGƯỜI THỨ TRỞ LẠI THỜI HOANG SƠ, Tức khác tập về kéo mọi người thử tới lại thời hoàn sơ.
VIVOSDEV05_212_clean,vivos,whisper,tiny,zero_shot,,42,clean,clean,BỐN CHIẾC TRỐNG ĐẠI PHÈNG LA, Bốn kích trong đại phẹn lá
VIVOSDEV05_212_snr0,vivos,whisper,tiny,zero_shot,,42,0,speech,BỐN CHIẾC TRỐNG ĐẠI PHÈNG LA, Bốn trích khóc xanh
VIVOSDEV05_212_snr10,vivos,whisper,tiny,zero_shot,,42,10,music,BỐN CHIẾC TRỐNG ĐẠI PHÈNG LA, Bốn yết trong đại thành lán
VIVOSDEV05_212_snr20,vivos,whisper,tiny,zero_shot,,42,20,noise,BỐN CHIẾC TRỐNG ĐẠI PHÈNG LA, Bốn kích trong đại phen lá
VIVOSDEV05_212_snr5,vivos,whisper,tiny,zero_shot,,42,5,music,BỐN CHIẾC TRỐNG ĐẠI PHÈNG LA, Bốn kích trong đại phẹn lá
VIVOSDEV05_251_clean,vivos,whisper,tiny,zero_shot,,42,clean,clean,BỌN BUÔN LẬU MA TÚY VÀ VŨ KHÍ, Bọn buồn lòng má tối và vũ kế
VIVOSDEV05_251_snr0,vivos,whisper,tiny,zero_shot,,42,0,noise,BỌN BUÔN LẬU MA TÚY VÀ VŨ KHÍ, Bọn buông lòng má ký và tùy phép
VIVOSDEV05_251_snr10,vivos,whisper,tiny,zero_shot,,42,10,noise,BỌN BUÔN LẬU MA TÚY VÀ VŨ KHÍ, Bọn buồn lộ ma tối và vũ kế.
VIVOSDEV05_251_snr20,vivos,whisper,tiny,zero_shot,,42,20,speech,BỌN BUÔN LẬU MA TÚY VÀ VŨ KHÍ, Bọn buồn lộ ma tối và vũ khí
VIVOSDEV05_251_snr5,vivos,whisper,tiny,zero_shot,,42,5,music,BỌN BUÔN LẬU MA TÚY VÀ VŨ KHÍ, Bọn buông lâu mát tối và vô khí
VIVOSDEV05_261_clean,vivos,whisper,tiny,zero_shot,,42,clean,clean,LẠI QUAY RA TẬP VIẾT BÁO RỒI GỬI VU VƠ, lại quay ra tập viết báo rồi gửi vô vâ
VIVOSDEV05_261_snr0,vivos,whisper,tiny,zero_shot,,42,0,noise,LẠI QUAY RA TẬP VIẾT BÁO RỒI GỬI VU VƠ, Lại quay gạ tập tích báo rồi vũ vừa
VIVOSDEV05_261_snr10,vivos,whisper,tiny,zero_shot,,42,10,noise,LẠI QUAY RA TẬP VIẾT BÁO RỒI GỬI VU VƠ, Lại quay ra tập biết báo rồi gửi vô vâng
VIVOSDEV05_261_snr20,vivos,whisper,tiny,zero_shot,,42,20,noise,LẠI QUAY RA TẬP VIẾT BÁO RỒI GỬI VU VƠ, lại quay ra tập biết báo rồi giới vô vơ
VIVOSDEV05_261_snr5,vivos,whisper,tiny,zero_shot,,42,5,speech,LẠI QUAY RA TẬP VIẾT BÁO RỒI GỬI VU VƠ," like, write, or speak, báo rồi rửi vô vâng."
VIVOSDEV05_263_clean,vivos,whisper,tiny,zero_shot,,42,clean,clean,NGHE TIẾNG XÌNH XỊCH XA XA THÌ ĐOÁN TRÚNG PHÓC LÀ HÚT HẦM CẦU, Ngay tính sình sật xa xa thị đoạn trung pháp là hốt kham cầu.
VIVOSDEV05_263_snr0,vivos,whisper,tiny,zero_shot,,42,0,noise,NGHE TIẾNG XÌNH XỊCH XA XA THÌ ĐOÁN TRÚNG PHÓC LÀ HÚT HẦM CẦU, Ngay tính xin sật xa xa thị đoạn trung pháo phát là hốc hầm cầu
VIVOSDEV05_263_snr10,vivos,whisper,tiny,zero_shot,,42,10,noise,NGHE TIẾNG XÌNH XỊCH XA XA THÌ ĐOÁN TRÚNG PHÓC LÀ HÚT HẦM CẦU," Ngay tính, giành sật xa xa thị đoán trung pháp là hốc hầm cầu."
VIVOSDEV05_263_snr20,vivos,whisper,tiny,zero_shot,,42,20,music,NGHE TIẾNG XÌNH XỊCH XA XA THÌ ĐOÁN TRÚNG PHÓC LÀ HÚT HẦM CẦU, Ngay tính sình sật xa xa thị đoạn tung pháp là hốt khăm câu.
VIVOSDEV05_263_snr5,vivos,whisper,tiny,zero_shot,,42,5,noise,NGHE TIẾNG XÌNH XỊCH XA XA THÌ ĐOÁN TRÚNG PHÓC LÀ HÚT HẦM CẦU, Nghe tính sình sật xa xa thì đoán tung pháp là hốt hầm cầu.
VIVOSDEV05_295_clean,vivos,whisper,tiny,zero_shot,,42,clean,clean,LÀM HỎNG CÁC THIẾT BỊ CỦA TÊN LỬA, làm hỏng các thích bây khuốt tên lửa
VIVOSDEV05_295_snr0,vivos,whisper,tiny,zero_shot,,42,0,noise,LÀM HỎNG CÁC THIẾT BỊ CỦA TÊN LỬA, làm hộng các thích bây quốc tên lửa
VIVOSDEV05_295_snr10,vivos,whisper,tiny,zero_shot,,42,10,noise,LÀM HỎNG CÁC THIẾT BỊ CỦA TÊN LỬA, làm hỏng các thích bây phố tân lửa
VIVOSDEV05_295_snr20,vivos,whisper,tiny,zero_shot,,42,20,noise,LÀM HỎNG CÁC THIẾT BỊ CỦA TÊN LỬA, làm hỏng cách thích bây khuốt đơn lửa
VIVOSDEV05_295_snr5,vivos,whisper,tiny,zero_shot,,42,5,music,LÀM HỎNG CÁC THIẾT BỊ CỦA TÊN LỬA, làm hào các thức bây quốc tên lớn
VIVOSDEV06_016_clean,vivos,whisper,tiny,zero_shot,,42,clean,clean,RÂU RIA ĐÃ BA NGÀY KHÔNG CẠO, Rồi ria đã băng ngày không cảo.
VIVOSDEV06_016_snr0,vivos,whisper,tiny,zero_shot,,42,0,music,RÂU RIA ĐÃ BA NGÀY KHÔNG CẠO, Rồi liệt đã bàn ngày thông giao
VIVOSDEV06_016_snr10,vivos,whisper,tiny,zero_shot,,42,10,noise,RÂU RIA ĐÃ BA NGÀY KHÔNG CẠO, Rồi ria đã băng ngày không cảo
VIVOSDEV06_016_snr20,vivos,whisper,tiny,zero_shot,,42,20,speech,RÂU RIA ĐÃ BA NGÀY KHÔNG CẠO, Rồi ria đã bang ngày không cảo.
VIVOSDEV06_016_snr5,vivos,whisper,tiny,zero_shot,,42,5,music,RÂU RIA ĐÃ BA NGÀY KHÔNG CẠO, Rồi liê đã bàn hề thông cầu
VIVOSDEV06_021_clean,vivos,whisper,tiny,zero_shot,,42,clean,clean,MỘT ĐƯỜNG HƯỚNG CHUYÊN NGHIỆP, Một đường hướng chuyện nghiệp
VIVOSDEV06_021_snr0,vivos,whisper,tiny,zero_shot,,42,0,noise,MỘT ĐƯỜNG HƯỚNG CHUYÊN NGHIỆP, Một đường hướng chuyện nghiệp
VIVOSDEV06_021_snr10,vivos,whisper,tiny,zero_shot,,42,10,music,MỘT ĐƯỜNG HƯỚNG CHUYÊN NGHIỆP, Một đường hướng chuyện nghiệp
VIVOSDEV06_021_snr20,vivos,whisper,tiny,zero_shot,,42,20,noise,MỘT ĐƯỜNG HƯỚNG CHUYÊN NGHIỆP, Một đường hướng chuyện nghiệp
VIVOSDEV06_021_snr5,vivos,whisper,tiny,zero_shot,,42,5,noise,MỘT ĐƯỜNG HƯỚNG CHUYÊN NGHIỆP, Một hương hương dình nghiệp
VIVOSDEV06_034_clean,vivos,whisper,tiny,zero_shot,,42,clean,clean,NHỮNG NGƯỜI TRÊN GHE CỦA CÔNG AN ĐÃ NHẮM THẲNG VÀO GHE ANH CHỦ, Nữ người trên gua có con ăn đã nhắm hẳng vào gua ăn chú.
VIVOSDEV06_034_snr0,vivos,whisper,tiny,zero_shot,,42,0,speech,NHỮNG NGƯỜI TRÊN GHE CỦA CÔNG AN ĐÃ NHẮM THẲNG VÀO GHE ANH CHỦ," Bây giờ, tên tên tên tên tên tên tên tên tên tên tên tên tên tên tên tên tên tên tên tên tên tên tên tên tên tên tên tên tên tên tên tên tên tên tên tên tên tên tên tên tên tên tên tên tên tên tên tên tên tên tên tên tên tên tên tên tên tên tên tên tên tên"
VIVOSDEV06_034_snr10,vivos,whisper,tiny,zero_shot,,42,10,music,NHỮNG NGƯỜI TRÊN GHE CỦA CÔNG AN ĐÃ NHẮM THẲNG VÀO GHE ANH CHỦ, Nếu người trên kia của công an đã nhóm thẳng vào kia ăn chấu
VIVOSDEV06_034_snr20,vivos,whisper,tiny,zero_shot,,42,20,noise,NHỮNG NGƯỜI TRÊN GHE CỦA CÔNG AN ĐÃ NHẮM THẲNG VÀO GHE ANH CHỦ, Nếu người trên kia của công an đã nhắm thẳng vào kia ăn chủ
VIVOSDEV06_034_snr5,vivos,whisper,tiny,zero_shot,,42,5,noise,NHỮNG NGƯỜI TRÊN GHE CỦA CÔNG AN ĐÃ NHẮM THẲNG VÀO GHE ANH CHỦ, Nếu người trên bia của công an đã nhóm hẳng vào gia ăn chủ
VIVOSDEV06_037_clean,vivos,whisper,tiny,zero_shot,,42,clean,clean,ĐỪNG BUỒN VÌ TỰ GIẰN VẶT MÌNH NỮA, Đừng buông vi tới rằng vật mừng nữa
VIVOSDEV06_037_snr0,vivos,whisper,tiny,zero_shot,,42,0,music,ĐỪNG BUỒN VÌ TỰ GIẰN VẶT MÌNH NỮA, Nên bùng bây tởi rằng bắt bình ở
VIVOSDEV06_037_snr10,vivos,whisper,tiny,zero_shot,,42,10,speech,ĐỪNG BUỒN VÌ TỰ GIẰN VẶT MÌNH NỮA, Đừng buồn vì tối rằng bắt mừng nữa
VIVOSDEV06_037_snr20,vivos,whisper,tiny,zero_shot,,42,20,noise,ĐỪNG BUỒN VÌ TỰ GIẰN VẶT MÌNH NỮA, Đừng buồn vì tới rằng vặt mình nữa
VIVOSDEV06_037_snr5,vivos,whisper,tiny,zero_shot,,42,5,noise,ĐỪNG BUỒN VÌ TỰ GIẰN VẶT MÌNH NỮA, Vinh buồn với tới rằng bác mình nữa
VIVOSDEV06_042_clean,vivos,whisper,tiny,zero_shot,,42,clean,clean,ĐANG HẤP DẪN CÁC TẬP ĐOÀN PHÂN PHỐI ĐA QUỐC GIA, đang hấp dẫn các tập đồng phân poài đau quốc gia.
VIVOSDEV06_042_snr0,vivos,whisper,tiny,zero_shot,,42,0,speech,ĐANG HẤP DẪN CÁC TẬP ĐOÀN PHÂN PHỐI ĐA QUỐC GIA, Đăng hấp cho hấp Đồng Phân Pối Đau quốc Dè
VIVOSDEV06_042_snr10,vivos,whisper,tiny,zero_shot,,42,10,noise,ĐANG HẤP DẪN CÁC TẬP ĐOÀN PHÂN PHỐI ĐA QUỐC GIA, đang hấp dẫn các tập đồng phân phối đau quốc gia
VIVOSDEV06_042_snr20,vivos,whisper,tiny,zero_shot,,42,20,music,ĐANG HẤP DẪN CÁC TẬP ĐOÀN PHÂN PHỐI ĐA QUỐC GIA," Đang hấp, dẫn các tập đồng phân phối đau quốc gia."
VIVOSDEV06_042_snr5,vivos,whisper,tiny,zero_shot,,42,5,music,ĐANG HẤP DẪN CÁC TẬP ĐOÀN PHÂN PHỐI ĐA QUỐC GIA, Đăng hấp dẫn các tập tòn phần poài đã buộc dạ.
VIVOSDEV06_061_clean,vivos,whisper,tiny,zero_shot,,42,clean,clean,VÌ NÓ KHÔNG NHẮC ĐẾN NHỮNG CUỘC TẤN CÔNG NHẮM VÀO NGƯỜI DO THÁI, vì nó không nhắc đến những cuộc tấn công nhấm vào người dòa thái
VIVOSDEV06_061_snr0,vivos,whisper,tiny,zero_shot,,42,0,noise,VÌ NÓ KHÔNG NHẮC ĐẾN NHỮNG CUỘC TẤN CÔNG NHẮM VÀO NGƯỜI DO THÁI, vì nó không nhắc đến những cuộc tấn công nhóm vào người dò thái
VIVOSDEV06_061_snr10,vivos,whisper,tiny,zero_shot,,42,10,speech,VÌ NÓ KHÔNG NHẮC ĐẾN NHỮNG CUỘC TẤN CÔNG NHẮM VÀO NGƯỜI DO THÁI, Vì nó không nhắc đến những cuộc tên công nhấm vào người dòa thái.
VIVOSDEV06_061_snr20,vivos,whisper,tiny,zero_shot,,42,20,music,VÌ NÓ KHÔNG NHẮC ĐẾN NHỮNG CUỘC TẤN CÔNG NHẮM VÀO NGƯỜI DO THÁI, vì nó không nhắc đến những cuộc tấn công nhắm vào người dòa thái
VIVOSDEV06_061_snr5,vivos,whisper,tiny,zero_shot,,42,5,noise,VÌ NÓ KHÔNG NHẮC ĐẾN NHỮNG CUỘC TẤN CÔNG NHẮM VÀO NGƯỜI DO THÁI, Vì nó không nhất đến những cuộc tấn công nhấm vào người dò thái.
VIVOSDEV06_070_clean,vivos,whisper,tiny,zero_shot,,42,clean,clean,RỒI KHỀ KHÀ ĐÔI CÂU VỌNG CỔ VỚI CHÂN CHUỘT, Rồi kè kè đôi câu vòng gỡ với dân trục
VIVOSDEV06_070_snr0,vivos,whisper,tiny,zero_shot,,42,0,music,RỒI KHỀ KHÀ ĐÔI CÂU VỌNG CỔ VỚI CHÂN CHUỘT, Rồi kè đôi cầu vùng vỏ hối dân dù
VIVOSDEV06_070_snr10,vivos,whisper,tiny,zero_shot,,42,10,music,RỒI KHỀ KHÀ ĐÔI CÂU VỌNG CỔ VỚI CHÂN CHUỘT, Rồi kè kè đôi câu vòng gỡ với trân trụ
VIVOSDEV06_070_snr20,vivos,whisper,tiny,zero_shot,,42,20,noise,RỒI KHỀ KHÀ ĐÔI CÂU VỌNG CỔ VỚI CHÂN CHUỘT, Rồi hề kia đôi câu vòng gỡ với dân chủ
VIVOSDEV06_070_snr5,vivos,whisper,tiny,zero_shot,,42,5,speech,RỒI KHỀ KHÀ ĐÔI CÂU VỌNG CỔ VỚI CHÂN CHUỘT, Đời kia đôi câu vùng gỡ với trình trường
VIVOSDEV06_098_clean,vivos,whisper,tiny,zero_shot,,42,clean,clean,CÁI VỊ CHÁT CHÁT VÀ ĐẮNG NGẮT CỦA CÀ PHÊ NGUYÊN CHẤT, Cái vị chắc chắc bà đắng ngắt của cả phêng quyền chắc
VIVOSDEV06_098_snr0,vivos,whisper,tiny,zero_shot,,42,0,noise,CÁI VỊ CHÁT CHÁT VÀ ĐẮNG NGẮT CỦA CÀ PHÊ NGUYÊN CHẤT, Cái vị chắc chắc bà đăng ngắc của cả phê nguyên chắc
VIVOSDEV06_098_snr10,vivos,whisper,tiny,zero_shot,,42,10,music,CÁI VỊ CHÁT CHÁT VÀ ĐẮNG NGẮT CỦA CÀ PHÊ NGUYÊN CHẤT, Cái vị chắc chắc bà đáng ngắt của cả phêng quyền chắc
VIVOSDEV06_098_snr20,vivos,whisper,tiny,zero_shot,,42,20,music,CÁI VỊ CHÁT CHÁT VÀ ĐẮNG NGẮT CỦA CÀ PHÊ NGUYÊN CHẤT, Cái vị chắc chắc bà đắng ngắt của cả phêng quyền chắc
VIVOSDEV06_098_snr5,vivos,whisper,tiny,zero_shot,,42,5,noise,CÁI VỊ CHÁT CHÁT VÀ ĐẮNG NGẮT CỦA CÀ PHÊ NGUYÊN CHẤT, Cái vị chắc chắc và đáng ngắc của cả tôi muyên chắc
VIVOSDEV06_108_clean,vivos,whisper,tiny,zero_shot,,42,clean,clean,LÀM CÔ NÀNG RỌ RẠY THỨC TRẮNG CẢ ĐÊM, làm cô nèng rõ rầy thức trắng trả đêm
VIVOSDEV06_108_snr0,vivos,whisper,tiny,zero_shot,,42,0,music,LÀM CÔ NÀNG RỌ RẠY THỨC TRẮNG CẢ ĐÊM, làm con em đó đây thức trắng gà đêm
VIVOSDEV06_108_snr10,vivos,whisper,tiny,zero_shot,,42,10,noise,LÀM CÔ NÀNG RỌ RẠY THỨC TRẮNG CẢ ĐÊM, làm cô này ngõi rõ rồi thức trắng trả đêm
VIVOSDEV06_108_snr20,vivos,whisper,tiny,zero_shot,,42,20,noise,LÀM CÔ NÀNG RỌ RẠY THỨC TRẮNG CẢ ĐÊM, làm cô nèng rõ rầy thức trắng cả đêm
VIVOSDEV06_108_snr5,vivos,whisper,tiny,zero_shot,,42,5,speech,LÀM CÔ NÀNG RỌ RẠY THỨC TRẮNG CẢ ĐÊM," là mùa ngon ngon rõ rây thử bùa, giám sạ đêm."
VIVOSDEV06_117_clean,vivos,whisper,tiny,zero_shot,,42,clean,clean,GIẢI QUYẾT KHỐI UNG NHỌT NÀY PHẢI CẦN ĐẾN MỘT CUỘC ĐẠI PHẪU NGHIÊM TÚC, Dạy quyết khói ông nhọc này phải cần đến một cuộc đại phẫu nghiêm tốt.
VIVOSDEV06_117_snr0,vivos,whisper,tiny,zero_shot,,42,0,music,GIẢI QUYẾT KHỐI UNG NHỌT NÀY PHẢI CẦN ĐẾN MỘT CUỘC ĐẠI PHẪU NGHIÊM TÚC, Dạy quý khói ông nhọt về gần đến một gục đầy phó nghe mốt
VIVOSDEV06_117_snr10,vivos,whisper,tiny,zero_shot,,42,10,noise,GIẢI QUYẾT KHỐI UNG NHỌT NÀY PHẢI CẦN ĐẾN MỘT CUỘC ĐẠI PHẪU NGHIÊM TÚC, giải quyết khói uống nhọc này vài cần đến mộ cuộc đại pháo nghiên tốt.
VIVOSDEV06_117_snr20,vivos,whisper,tiny,zero_shot,,42,20,noise,GIẢI QUYẾT KHỐI UNG NHỌT NÀY PHẢI CẦN ĐẾN MỘT CUỘC ĐẠI PHẪU NGHIÊM TÚC, Dạy quyết khói ông nhọc này phải cần đến một cuộc đại phẫu nghiêm tốt.
VIVOSDEV06_117_snr5,vivos,whisper,tiny,zero_shot,,42,5,noise,GIẢI QUYẾT KHỐI UNG NHỌT NÀY PHẢI CẦN ĐẾN MỘT CUỘC ĐẠI PHẪU NGHIÊM TÚC, Dạy quyết khói ông nhật này bãy cần đến một cuộc đại phẫu nghiên tốt.
VIVOSDEV06_126_clean,vivos,whisper,tiny,zero_shot,,42,clean,clean,THẬM CHÍ CÀNG GIỐNG ÁO QUÍ NÀNG CÀNG MỐT, Hậm chí can giống ấu ý nè ngàn mốt.
VIVOSDEV06_126_snr0,vivos,whisper,tiny,zero_shot,,42,0,noise,THẬM CHÍ CÀNG GIỐNG ÁO QUÍ NÀNG CÀNG MỐT, Hảm chí can dung ở ui nè ngàn mốt?
VIVOSDEV06_126_snr10,vivos,whisper,tiny,zero_shot,,42,10,noise,THẬM CHÍ CÀNG GIỐNG ÁO QUÍ NÀNG CÀNG MỐT, Hậm chí can giống ấu ý nè ngàn mốt
VIVOSDEV06_126_snr20,vivos,whisper,tiny,zero_shot,,42,20,noise,THẬM CHÍ CÀNG GIỐNG ÁO QUÍ NÀNG CÀNG MỐT, Hẩm chí can giống ấu ý nè ngàn mốt
VIVOSDEV06_126_snr5,vivos,whisper,tiny,zero_shot,,42,5,noise,THẬM CHÍ CÀNG GIỐNG ÁO QUÍ NÀNG CÀNG MỐT, Hẩn chỉ cần giống ấu ý nè ngàn mốt
VIVOSDEV06_139_clean,vivos,whisper,tiny,zero_shot,,42,clean,clean,CÒN BỘ KHANG HI TỪ ĐIỂN, Còn báo khăn hay tư điện
VIVOSDEV06_139_snr0,vivos,whisper,tiny,zero_shot,,42,0,noise,CÒN BỘ KHANG HI TỪ ĐIỂN, Còn báo khăn khi tư điện
VIVOSDEV06_139_snr10,vivos,whisper,tiny,zero_shot,,42,10,music,CÒN BỘ KHANG HI TỪ ĐIỂN, Còn báo khăn hay tư điện
VIVOSDEV06_139_snr20,vivos,whisper,tiny,zero_shot,,42,20,music,CÒN BỘ KHANG HI TỪ ĐIỂN, Còn báo khăn hư tư điện
VIVOSDEV06_139_snr5,vivos,whisper,tiny,zero_shot,,42,5,music,CÒN BỘ KHANG HI TỪ ĐIỂN, Còn báo khăn hư tư điểm
VIVOSDEV06_143_clean,vivos,whisper,tiny,zero_shot,,42,clean,clean,ĐÔI MÔI MẸ PHAI SON MẤP MÁY MỘT LỜI CA HOANG HOẢI, Đoài môi mẹ phải sông mắp máy mộp lời cao hoang hỏi
VIVOSDEV06_143_snr0,vivos,whisper,tiny,zero_shot,,42,0,music,ĐÔI MÔI MẸ PHAI SON MẤP MÁY MỘT LỜI CA HOANG HOẢI, Đoài môi mẹ phai sông mắt máy mộp lời gà hoang hãng hãi
VIVOSDEV06_143_snr10,vivos,whisper,tiny,zero_shot,,42,10,music,ĐÔI MÔI MẸ PHAI SON MẤP MÁY MỘT LỜI CA HOANG HOẢI, Đoài môi mẹ phai xong nắp máy mộn lời ca hăng hải
VIVOSDEV06_143_snr20,vivos,whisper,tiny,zero_shot,,42,20,noise,ĐÔI MÔI MẸ PHAI SON MẤP MÁY MỘT LỜI CA HOANG HOẢI, Đoài môi mẹ phai sông mắp máy mộng lời cao hoang hỏi
VIVOSDEV06_143_snr5,vivos,whisper,tiny,zero_shot,,42,5,noise,ĐÔI MÔI MẸ PHAI SON MẤP MÁY MỘT LỜI CA HOANG HOẢI, Đoài môi mẹ phay trong mắp máy mộp lời ca hăng hỏi
VIVOSDEV06_184_clean,vivos,whisper,tiny,zero_shot,,42,clean,clean,HOẶC BẠN SẼ ĐẾN ĐẤY VỚI MỘT TÂM TRẠNG CHÁN NGÁN VÔ CÙNG, Học bản sẽ đến đây với một tâm trả chán ngãng vô cùng.
VIVOSDEV06_184_snr0,vivos,whisper,tiny,zero_shot,,42,0,noise,HOẶC BẠN SẼ ĐẾN ĐẤY VỚI MỘT TÂM TRẠNG CHÁN NGÁN VÔ CÙNG, Học bản sẽ rất đấy với một tâm trái chàng ngẹn vô gộm
VIVOSDEV06_184_snr10,vivos,whisper,tiny,zero_shot,,42,10,speech,HOẶC BẠN SẼ ĐẾN ĐẤY VỚI MỘT TÂM TRẠNG CHÁN NGÁN VÔ CÙNG, Họ bán sẽ đến đánh đại với mỗi tâm trái cháng vô cùng.
VIVOSDEV06_184_snr20,vivos,whisper,tiny,zero_shot,,42,20,noise,HOẶC BẠN SẼ ĐẾN ĐẤY VỚI MỘT TÂM TRẠNG CHÁN NGÁN VÔ CÙNG, Hạc bản sẽ đến đấy với một tâm trả chán ngãng vô cùng.
VIVOSDEV06_184_snr5,vivos,whisper,tiny,zero_shot,,42,5,noise,HOẶC BẠN SẼ ĐẾN ĐẤY VỚI MỘT TÂM TRẠNG CHÁN NGÁN VÔ CÙNG, Phần bằng tế đến đấy với một tâm tạng chán ngãng vô cùng.
VIVOSDEV06_195_clean,vivos,whisper,tiny,zero_shot,,42,clean,clean,PHẢI ĐƯỢC THỰC HIỆN TRÊN CƠ SỞ, Phải được thật hiện tân cơ sợ
VIVOSDEV06_195_snr0,vivos,whisper,tiny,zero_shot,,42,0,music,PHẢI ĐƯỢC THỰC HIỆN TRÊN CƠ SỞ, Phai được thực hiện trên cơ sợ
VIVOSDEV06_195_snr10,vivos,whisper,tiny,zero_shot,,42,10,noise,PHẢI ĐƯỢC THỰC HIỆN TRÊN CƠ SỞ," Phải được thật hình, tân gơ sợ"
VIVOSDEV06_195_snr20,vivos,whisper,tiny,zero_shot,,42,20,noise,PHẢI ĐƯỢC THỰC HIỆN TRÊN CƠ SỞ, Phải được thật hiện trân cơ sở
VIVOSDEV06_195_snr5,vivos,whisper,tiny,zero_shot,,42,5,speech,PHẢI ĐƯỢC THỰC HIỆN TRÊN CƠ SỞ, vài được thực khi anh đang gần sợ.
VIVOSDEV06_210_clean,vivos,whisper,tiny,zero_shot,,42,clean,clean,HAI MƯƠI SÁU HAI MƯƠI BẢY, Hãy mưa sao? Hãy mưa bài?
VIVOSDEV06_210_snr0,vivos,whisper,tiny,zero_shot,,42,0,music,HAI MƯƠI SÁU HAI MƯƠI BẢY," Hai mươi sau, hai mươi bài"
VIVOSDEV06_210_snr10,vivos,whisper,tiny,zero_shot,,42,10,noise,HAI MƯƠI SÁU HAI MƯƠI BẢY, Hãy mưa sao hãy mưa bài
VIVOSDEV06_210_snr20,vivos,whisper,tiny,zero_shot,,42,20,noise,HAI MƯƠI SÁU HAI MƯƠI BẢY, Hãy mưa sao? Hãy mưa bài?
VIVOSDEV06_210_snr5,vivos,whisper,tiny,zero_shot,,42,5,noise,HAI MƯƠI SÁU HAI MƯƠI BẢY, Hãy mưa sao? Hãy mưa bài
VIVOSDEV06_212_clean,vivos,whisper,tiny,zero_shot,,42,clean,clean,BA MƯƠI BA MƯƠI MỐT, Bà mưa i bà mưa i mô
VIVOSDEV06_212_snr0,vivos,whisper,tiny,zero_shot,,42,0,music,BA MƯƠI BA MƯƠI MỐT, Bà mưa và mưa bông
VIVOSDEV06_212_snr10,vivos,whisper,tiny,zero_shot,,42,10,speech,BA MƯƠI BA MƯƠI MỐT, Bà mưa i bà mưa i mô.
VIVOSDEV06_212_snr20,vivos,whisper,tiny,zero_shot,,42,20,music,BA MƯƠI BA MƯƠI MỐT, Bà mưa i bà mưa i mô
VIVOSDEV06_212_snr5,vivos,whisper,tiny,zero_shot,,42,5,music,BA MƯƠI BA MƯƠI MỐT, Bà mươi bà mươi mốt
VIVOSDEV06_240_clean,vivos,whisper,tiny,zero_shot,,42,clean,clean,TÁM MƯƠI SÁU TÁM MƯƠI BẢY, Tâm người sao? Tâm người bảy?
VIVOSDEV06_240_snr0,vivos,whisper,tiny,zero_shot,,42,0,noise,TÁM MƯƠI SÁU TÁM MƯƠI BẢY, Tâm người sao? Tâm người bảy?
VIVOSDEV06_240_snr10,vivos,whisper,tiny,zero_shot,,42,10,speech,TÁM MƯƠI SÁU TÁM MƯƠI BẢY, 3 mười sao?
VIVOSDEV06_240_snr20,vivos,whisper,tiny,zero_shot,,42,20,speech,TÁM MƯƠI SÁU TÁM MƯƠI BẢY," Tâm người sau, tâm người bãi."
VIVOSDEV06_240_snr5,vivos,whisper,tiny,zero_shot,,42,5,noise,TÁM MƯƠI SÁU TÁM MƯƠI BẢY," Tâm người xau, tâm người bãi"
VIVOSDEV06_247_clean,vivos,whisper,tiny,zero_shot,,42,clean,clean,MỘT TRĂM MỘT HAI BA," Một đâm, một kê bá"
VIVOSDEV06_247_snr0,vivos,whisper,tiny,zero_shot,,42,0,noise,MỘT TRĂM MỘT HAI BA," Một đam, một hế bà"
VIVOSDEV06_247_snr10,vivos,whisper,tiny,zero_shot,,42,10,noise,MỘT TRĂM MỘT HAI BA," Một đem, một kê ba"
VIVOSDEV06_247_snr20,vivos,whisper,tiny,zero_shot,,42,20,music,MỘT TRĂM MỘT HAI BA," Một đem, một hay bà"
VIVOSDEV06_247_snr5,vivos,whisper,tiny,zero_shot,,42,5,speech,MỘT TRĂM MỘT HAI BA," Đắm, mẹ tìm kìa."
VIVOSDEV06_252_clean,vivos,whisper,tiny,zero_shot,,42,clean,clean,NÓI TRƯỚC BƯỚC KHÔNG QUA, Nói trước bước công qua
VIVOSDEV06_252_snr0,vivos,whisper,tiny,zero_shot,,42,0,music,NÓI TRƯỚC BƯỚC KHÔNG QUA, Đói phíu sbu không quanh
VIVOSDEV06_252_snr10,vivos,whisper,tiny,zero_shot,,42,10,music,NÓI TRƯỚC BƯỚC KHÔNG QUA, Nói trước bước không qua
VIVOSDEV06_252_snr20,vivos,whisper,tiny,zero_shot,,42,20,noise,NÓI TRƯỚC BƯỚC KHÔNG QUA, Nói trước bước công qua
VIVOSDEV06_252_snr5,vivos,whisper,tiny,zero_shot,,42,5,speech,NÓI TRƯỚC BƯỚC KHÔNG QUA, Hãy hãy hãy hãy hãy hãy hãy hãy hãy hãy hãy hãy hãy hãy hãy hãy hãy hãy hãy hãy hãy hãy hãy hãy hãy hãy hãy hãy hãy hãy hãy hãy hãy hãy hãy hãy hãy hãy hãy hãy hãy hãy hãy hãy hãy hãy hãy hãy hãy hãy hãy hãy hãy hãy hãy hãy hãy hãy hãy hãy hãy hãy hãy hãy
VIVOSDEV06_253_clean,vivos,whisper,tiny,zero_shot,,42,clean,clean,CHẲNG LÀ MẤY HÔM NAY TÔI ĐAU BỤNG QUÁ, chẳng là mấy hôm nay tôi đau bụng quá
VIVOSDEV06_253_snr0,vivos,whisper,tiny,zero_shot,,42,0,noise,CHẲNG LÀ MẤY HÔM NAY TÔI ĐAU BỤNG QUÁ," Dạng là mấy hôm nay, tôi đau bụng quá"
VIVOSDEV06_253_snr10,vivos,whisper,tiny,zero_shot,,42,10,speech,CHẲNG LÀ MẤY HÔM NAY TÔI ĐAU BỤNG QUÁ, Tẵn là mấy hôm nay tôi đau bùng quá
VIVOSDEV06_253_snr20,vivos,whisper,tiny,zero_shot,,42,20,music,CHẲNG LÀ MẤY HÔM NAY TÔI ĐAU BỤNG QUÁ, Chẳng là mấy hôm nay tôi đau bụng quá
VIVOSDEV06_253_snr5,vivos,whisper,tiny,zero_shot,,42,5,noise,CHẲNG LÀ MẤY HÔM NAY TÔI ĐAU BỤNG QUÁ, Chẳng là mấy hôm nay tôi đau bụng quá
VIVOSDEV06_261_clean,vivos,whisper,tiny,zero_shot,,42,clean,clean,SAO KẾT QUẢ RA TỆ VẬY, Sau cất quá ra tới vậy
VIVOSDEV06_261_snr0,vivos,whisper,tiny,zero_shot,,42,0,speech,SAO KẾT QUẢ RA TỆ VẬY, Điều đều đều đều đều đều đều đều đều đều đều đều đều đều đều đều đều đều đều đều đều đều đều đều đều đều đều đều đều đều đều đều đều đều đều đều đều đều đều đều đều đều đều đều đều đều đều đều đều đều đều đều đều đều đều đều đều đều đều đều đều đều đều đ
VIVOSDEV06_261_snr10,vivos,whisper,tiny,zero_shot,,42,10,music,SAO KẾT QUẢ RA TỆ VẬY, Sau cất quá ra tới vậy
VIVOSDEV06_261_snr20,vivos,whisper,tiny,zero_shot,,42,20,music,SAO KẾT QUẢ RA TỆ VẬY, Sau cất quá ra tới vậy
VIVOSDEV06_261_snr5,vivos,whisper,tiny,zero_shot,,42,5,noise,SAO KẾT QUẢ RA TỆ VẬY, Sau có tỏa ra tại vậy?
VIVOSDEV06_272_clean,vivos,whisper,tiny,zero_shot,,42,clean,clean,TÔI CHỈ MUỐN XEM NHỮNG ĐOẠN HAY MÀ THÔI, Tơi chỉ muốn xem những đồng hay mà thôi.
VIVOSDEV06_272_snr0,vivos,whisper,tiny,zero_shot,,42,0,noise,TÔI CHỈ MUỐN XEM NHỮNG ĐOẠN HAY MÀ THÔI, Tối dĩnh mứng xem mứng đảo hay mà thôi
VIVOSDEV06_272_snr10,vivos,whisper,tiny,zero_shot,,42,10,noise,TÔI CHỈ MUỐN XEM NHỮNG ĐOẠN HAY MÀ THÔI, Tơi chỉ muốn xem những đồng hay mà thôi
VIVOSDEV06_272_snr20,vivos,whisper,tiny,zero_shot,,42,20,speech,TÔI CHỈ MUỐN XEM NHỮNG ĐOẠN HAY MÀ THÔI, Tối tỉ muốn xem những đỏng hay mà thôi.
VIVOSDEV06_272_snr5,vivos,whisper,tiny,zero_shot,,42,5,noise,TÔI CHỈ MUỐN XEM NHỮNG ĐOẠN HAY MÀ THÔI, Tơi chỉ muốn xem những động hay mà thôi
VIVOSDEV06_287_clean,vivos,whisper,tiny,zero_shot,,42,clean,clean,LƯƠNG BA CỌC BA ĐỒNG THÌ NUÔI ĐƯỢC AI, Lương ba cọc ba đồng hị nguy được ai
VIVOSDEV06_287_snr0,vivos,whisper,tiny,zero_shot,,42,0,music,LƯƠNG BA CỌC BA ĐỒNG THÌ NUÔI ĐƯỢC AI, Lương ba gọt ba đồng hình nguy được thàn
VIVOSDEV06_287_snr10,vivos,whisper,tiny,zero_shot,,42,10,noise,LƯƠNG BA CỌC BA ĐỒNG THÌ NUÔI ĐƯỢC AI, Lương ba cọc ba đồng hình huy được ai
VIVOSDEV06_287_snr20,vivos,whisper,tiny,zero_shot,,42,20,noise,LƯƠNG BA CỌC BA ĐỒNG THÌ NUÔI ĐƯỢC AI, Lương ba cọc ba đồng hỉ nguy được ai
VIVOSDEV06_287_snr5,vivos,whisper,tiny,zero_shot,,42,5,speech,LƯƠNG BA CỌC BA ĐỒNG THÌ NUÔI ĐƯỢC AI, Cái nếu lương ba chọc ba đào mấy nguy được ạ
VIVOSDEV07_002_clean,vivos,whisper,tiny,zero_shot,,42,clean,clean,HẰNG NĂM CHÚNG TA THẢI RA HÀNG TỈ THIẾT BỊ ĐIỆN TỬ, Hằng năm chúng ta thấy ra hàng tế thích bây điện tớ.
VIVOSDEV07_002_snr0,vivos,whisper,tiny,zero_shot,,42,0,music,HẰNG NĂM CHÚNG TA THẢI RA HÀNG TỈ THIẾT BỊ ĐIỆN TỬ, Hẳng Nam Chúc ta đã hàng tây trực bay điên tớ
VIVOSDEV07_002_snr10,vivos,whisper,tiny,zero_shot,,42,10,music,HẰNG NĂM CHÚNG TA THẢI RA HÀNG TỈ THIẾT BỊ ĐIỆN TỬ, Hằng năm chúng ta thấy ra hàng tế thích vầy điện tớt
VIVOSDEV07_002_snr20,vivos,whisper,tiny,zero_shot,,42,20,music,HẰNG NĂM CHÚNG TA THẢI RA HÀNG TỈ THIẾT BỊ ĐIỆN TỬ, Hằng năm chúng ta thấy ra hàng tế thích bây điện tớ
VIVOSDEV07_002_snr5,vivos,whisper,tiny,zero_shot,,42,5,noise,HẰNG NĂM CHÚNG TA THẢI RA HÀNG TỈ THIẾT BỊ ĐIỆN TỬ, Hằng năm trong ta phải ra hàng tế thích bay đình tới
VIVOSDEV07_036_clean,vivos,whisper,tiny,zero_shot,,42,clean,clean,VÌ ĐÓ MỚI CHÍNH LÀ THỨ BẠN CẦN, Vì đó mới chính là thức bản cân.
VIVOSDEV07_036_snr0,vivos,whisper,tiny,zero_shot,,42,0,music,VÌ ĐÓ MỚI CHÍNH LÀ THỨ BẠN CẦN, Vì đó mới chân là thứ bản cân
VIVOSDEV07_036_snr10,vivos,whisper,tiny,zero_shot,,42,10,music,VÌ ĐÓ MỚI CHÍNH LÀ THỨ BẠN CẦN, Vì đó mới chết là thử bản cơm.
VIVOSDEV07_036_snr20,vivos,whisper,tiny,zero_shot,,42,20,music,VÌ ĐÓ MỚI CHÍNH LÀ THỨ BẠN CẦN, Vì đó mới chứng là thức bản cân.
VIVOSDEV07_036_snr5,vivos,whisper,tiny,zero_shot,,42,5,noise,VÌ ĐÓ MỚI CHÍNH LÀ THỨ BẠN CẦN, Vì đó mới chứng là thứ bản cân.
VIVOSDEV07_039_clean,vivos,whisper,tiny,zero_shot,,42,clean,clean,GIÓ TRỜI KHÔNG THỂ THÔNG THỐC THỔI VÀO KHAI TRUNG, gió trời không thể thống thống thổi bào kê tông
VIVOSDEV07_039_snr0,vivos,whisper,tiny,zero_shot,,42,0,speech,GIÓ TRỜI KHÔNG THỂ THÔNG THỐC THỔI VÀO KHAI TRUNG, Vào tên.
VIVOSDEV07_039_snr10,vivos,whisper,tiny,zero_shot,,42,10,noise,GIÓ TRỜI KHÔNG THỂ THÔNG THỐC THỔI VÀO KHAI TRUNG," gió đời không thể thông thông, thổi vào khai đông"
VIVOSDEV07_039_snr20,vivos,whisper,tiny,zero_shot,,42,20,music,GIÓ TRỜI KHÔNG THỂ THÔNG THỐC THỔI VÀO KHAI TRUNG, gió trời không thể thống thống thổi bào kai trông
VIVOSDEV07_039_snr5,vivos,whisper,tiny,zero_shot,,42,5,speech,GIÓ TRỜI KHÔNG THỂ THÔNG THỐC THỔI VÀO KHAI TRUNG, Vào tổng thủ
VIVOSDEV07_044_clean,vivos,whisper,tiny,zero_shot,,42,clean,clean,BỞI CƠ QUAN CHUYÊN MÔN HOẶC THUÊ TỔ CHỨC KIỂM TOÁN ĐỘC LẬP, Bởi cơ quan trường mong hoặc thuê tổ chức kiếm tóan đọc lập.
VIVOSDEV07_044_snr0,vivos,whisper,tiny,zero_shot,,42,0,noise,BỞI CƠ QUAN CHUYÊN MÔN HOẶC THUÊ TỔ CHỨC KIỂM TOÁN ĐỘC LẬP, Bởi cơ quan chiếng mong hoặc thuê tổ chức biến bán gọt lập.
VIVOSDEV07_044_snr10,vivos,whisper,tiny,zero_shot,,42,10,speech,BỞI CƠ QUAN CHUYÊN MÔN HOẶC THUÊ TỔ CHỨC KIỂM TOÁN ĐỘC LẬP, Bởi cơ quan trường mong hoặc thuê tổ chức kiếm tán đọc lắm
VIVOSDEV07_044_snr20,vivos,whisper,tiny,zero_shot,,42,20,music,BỞI CƠ QUAN CHUYÊN MÔN HOẶC THUÊ TỔ CHỨC KIỂM TOÁN ĐỘC LẬP, Bởi cơ quan trường mong hoặc thuê tổ chức kiếm tóan đọc lập.
VIVOSDEV07_044_snr5,vivos,whisper,tiny,zero_shot,,42,5,noise,BỞI CƠ QUAN CHUYÊN MÔN HOẶC THUÊ TỔ CHỨC KIỂM TOÁN ĐỘC LẬP, Với hương quanh chiên mong hoặc hơi tổ chức kiếm tán đọc lập.
VIVOSDEV07_045_clean,vivos,whisper,tiny,zero_shot,,42,clean,clean,HOẶC CHO VÀO VẠI MUỐI ĐỂ LỢN ĂN DẦN, Học cho vào vài mũi để lẫn ăn dân.
VIVOSDEV07_045_snr0,vivos,whisper,tiny,zero_shot,,42,0,speech,HOẶC CHO VÀO VẠI MUỐI ĐỂ LỢN ĂN DẦN," Qua chào vào bài, để lần thật dạ."
VIVOSDEV07_045_snr10,vivos,whisper,tiny,zero_shot,,42,10,noise,HOẶC CHO VÀO VẠI MUỐI ĐỂ LỢN ĂN DẦN, Học cho vào vài mũ để lẫn ăn nhận.
VIVOSDEV07_045_snr20,vivos,whisper,tiny,zero_shot,,42,20,music,HOẶC CHO VÀO VẠI MUỐI ĐỂ LỢN ĂN DẦN, hoặc cho vào vài mũ để lẫn ăn dân.
VIVOSDEV07_045_snr5,vivos,whisper,tiny,zero_shot,,42,5,speech,HOẶC CHO VÀO VẠI MUỐI ĐỂ LỢN ĂN DẦN, có vào vài mũi để lần ăn dân
VIVOSDEV07_066_clean,vivos,whisper,tiny,zero_shot,,42,clean,clean,ĐÃ CÓ DỰ ÁN ĐỂ XÂY DỰNG MỘT CÁI CẦU TỪ ĐẤT LIỀN, Đã có dự án để xây dựng một cái câu tự đất lên.
VIVOSDEV07_066_snr0,vivos,whisper,tiny,zero_shot,,42,0,speech,ĐÃ CÓ DỰ ÁN ĐỂ XÂY DỰNG MỘT CÁI CẦU TỪ ĐẤT LIỀN, Đã có giữa án để xem giữa mong cáo tên đất nền
VIVOSDEV07_066_snr10,vivos,whisper,tiny,zero_shot,,42,10,speech,ĐÃ CÓ DỰ ÁN ĐỂ XÂY DỰNG MỘT CÁI CẦU TỪ ĐẤT LIỀN, Đã có dự ác đẽ dựng một cái cầu từ đất lên
VIVOSDEV07_066_snr20,vivos,whisper,tiny,zero_shot,,42,20,noise,ĐÃ CÓ DỰ ÁN ĐỂ XÂY DỰNG MỘT CÁI CẦU TỪ ĐẤT LIỀN, Đã có dự án để xây dựng một cái câu tự đất lên
VIVOSDEV07_066_snr5,vivos,whisper,tiny,zero_shot,,42,5,speech,ĐÃ CÓ DỰ ÁN ĐỂ XÂY DỰNG MỘT CÁI CẦU TỪ ĐẤT LIỀN, Đã có giữa ăn đẹp xe dựng mục kai cơ tự đất lên
VIVOSDEV07_067_clean,vivos,whisper,tiny,zero_shot,,42,clean,clean,CHẠM VÀO PHẦN THÓP MỀM TRÊN ĐẦU BÉ," chảm vào phần thấp, mềm chân đầu bế à"
VIVOSDEV07_067_snr0,vivos,whisper,tiny,zero_shot,,42,0,noise,CHẠM VÀO PHẦN THÓP MỀM TRÊN ĐẦU BÉ," Giám vào phần thật, mềm chết đầu bàn"
VIVOSDEV07_067_snr10,vivos,whisper,tiny,zero_shot,,42,10,music,CHẠM VÀO PHẦN THÓP MỀM TRÊN ĐẦU BÉ, Giám vào phần thóc mềm tất đầu bế à
VIVOSDEV07_067_snr20,vivos,whisper,tiny,zero_shot,,42,20,speech,CHẠM VÀO PHẦN THÓP MỀM TRÊN ĐẦU BÉ," giám vào phần thấp, mềm chân đầu bế"
VIVOSDEV07_067_snr5,vivos,whisper,tiny,zero_shot,,42,5,noise,CHẠM VÀO PHẦN THÓP MỀM TRÊN ĐẦU BÉ," Giám vào phần thóc, mềm chết đầu bếng"
VIVOSDEV07_084_clean,vivos,whisper,tiny,zero_shot,,42,clean,clean,THÌ BỖNG NGHE THẤY TIẾNG OÁC OÁC TỪ VẠT RỪNG PHI LAO, Thì bộng nghe tiến quác quác từ vạc rân phí lào.
VIVOSDEV07_084_snr0,vivos,whisper,tiny,zero_shot,,42,0,music,THÌ BỖNG NGHE THẤY TIẾNG OÁC OÁC TỪ VẠT RỪNG PHI LAO, Thì bộ nghe tiến hoát quát từ vật rừng phí lào
VIVOSDEV07_084_snr10,vivos,whisper,tiny,zero_shot,,42,10,noise,THÌ BỖNG NGHE THẤY TIẾNG OÁC OÁC TỪ VẠT RỪNG PHI LAO, thì bộng nghe tiến quát quát từ vạch rừng phí lào
VIVOSDEV07_084_snr20,vivos,whisper,tiny,zero_shot,,42,20,music,THÌ BỖNG NGHE THẤY TIẾNG OÁC OÁC TỪ VẠT RỪNG PHI LAO, Thì bộng nghe tiến quác quác từ vạc rân phí lào.
VIVOSDEV07_084_snr5,vivos,whisper,tiny,zero_shot,,42,5,music,THÌ BỖNG NGHE THẤY TIẾNG OÁC OÁC TỪ VẠT RỪNG PHI LAO, thì bộ nghe tiến hoạt qua từ v rân phí lào
VIVOSDEV07_098_clean,vivos,whisper,tiny,zero_shot,,42,clean,clean,TRẬN CHIẾN XÍCH BÍCH, Tạng kinh sức bật
VIVOSDEV07_098_snr0,vivos,whisper,tiny,zero_shot,,42,0,speech,TRẬN CHIẾN XÍCH BÍCH, Cái kính xe mệt mệt mệt mệt mệt mệt mệt mệt mệt mệt mệt mệt mệt mệt mệt mệt mệt mệt mệt mệt mệt mệt mệt mệt mệt mệt mệt mệt mệt mệt mệt mệt mệt mệt mệt mệt mệt mệt mệt mệt mệt mệt mệt mệt mệt mệt mệt mệt mệt mệt mệt mệt mệt mệt mệt mệt mệt mệt mệt mệt mệt
VIVOSDEV07_098_snr10,vivos,whisper,tiny,zero_shot,,42,10,music,TRẬN CHIẾN XÍCH BÍCH, Càng kinh sức bất
VIVOSDEV07_098_snr20,vivos,whisper,tiny,zero_shot,,42,20,noise,TRẬN CHIẾN XÍCH BÍCH, trắng chiến sức bất
VIVOSDEV07_098_snr5,vivos,whisper,tiny,zero_shot,,42,5,noise,TRẬN CHIẾN XÍCH BÍCH, Còn tiền sịch bật
VIVOSDEV07_107_clean,vivos,whisper,tiny,zero_shot,,42,clean,clean,NGUYÊN THỨ TRƯỞNG BỘ ĐẠI HỌC VÀ GIÁO DỤC CHUYÊN NGHIỆP CŨ, Nguyện thứ tưởng bộ đã học và giáo dụng chuyên nghiệp cố
VIVOSDEV07_107_snr0,vivos,whisper,tiny,zero_shot,,42,0,noise,NGUYÊN THỨ TRƯỞNG BỘ ĐẠI HỌC VÀ GIÁO DỤC CHUYÊN NGHIỆP CŨ, Quên thức dưới bố đã hảo và dáo dụng viên nghiệm cố
VIVOSDEV07_107_snr10,vivos,whisper,tiny,zero_shot,,42,10,speech,NGUYÊN THỨ TRƯỞNG BỘ ĐẠI HỌC VÀ GIÁO DỤC CHUYÊN NGHIỆP CŨ, Nguyên thư tưởng bộ ở đây học và giáo dòng phía nghiệm của ông.
VIVOSDEV07_107_snr20,vivos,whisper,tiny,zero_shot,,42,20,speech,NGUYÊN THỨ TRƯỞNG BỘ ĐẠI HỌC VÀ GIÁO DỤC CHUYÊN NGHIỆP CŨ, Nguyện thứ tưởng bộ đã học và giáo dụng kinh nghiệp cố
VIVOSDEV07_107_snr5,vivos,whisper,tiny,zero_shot,,42,5,music,NGUYÊN THỨ TRƯỞNG BỘ ĐẠI HỌC VÀ GIÁO DỤC CHUYÊN NGHIỆP CŨ, Nguyên thứ trưởng bộ ở đây học và giáo dục chuyến nghiệp cố
VIVOSDEV07_115_clean,vivos,whisper,tiny,zero_shot,,42,clean,clean,VÀO CƠ QUAN LÀ ANH HÓT GIỐNG HỆT NHỒNG MỚI LỘT LƯỠI VẬY, Vào cơ quan là anh hóa giống hẹt nhồng với lộp lưới vậy
VIVOSDEV07_115_snr0,vivos,whisper,tiny,zero_shot,,42,0,music,VÀO CƠ QUAN LÀ ANH HÓT GIỐNG HỆT NHỒNG MỚI LỘT LƯỠI VẬY, Bào cơ quan là anh hóa giống hẹt nhồng với lộp lưới vậy
VIVOSDEV07_115_snr10,vivos,whisper,tiny,zero_shot,,42,10,noise,VÀO CƠ QUAN LÀ ANH HÓT GIỐNG HỆT NHỒNG MỚI LỘT LƯỠI VẬY, Bào cơ quan là ăn hóc giống hẹt nhồng bấy lộm lưới vậy
VIVOSDEV07_115_snr20,vivos,whisper,tiny,zero_shot,,42,20,noise,VÀO CƠ QUAN LÀ ANH HÓT GIỐNG HỆT NHỒNG MỚI LỘT LƯỠI VẬY, vào cơ quan là anh hóa giống hẹt nhồng với lộp lưới vậy
VIVOSDEV07_115_snr5,vivos,whisper,tiny,zero_shot,,42,5,music,VÀO CƠ QUAN LÀ ANH HÓT GIỐNG HỆT NHỒNG MỚI LỘT LƯỠI VẬY, Bào cơ quan là ăn hóa đống hẹt nhồng với lộp lưới bài
VIVOSDEV07_125_clean,vivos,whisper,tiny,zero_shot,,42,clean,clean,ÁNG CHỪNG ĐÃ NGOẠI BẢY MƯƠI, Anh chừng đá ngoài bãi mới
VIVOSDEV07_125_snr0,vivos,whisper,tiny,zero_shot,,42,0,noise,ÁNG CHỪNG ĐÃ NGOẠI BẢY MƯƠI, And chừng giá quái bái mơ
VIVOSDEV07_125_snr10,vivos,whisper,tiny,zero_shot,,42,10,noise,ÁNG CHỪNG ĐÃ NGOẠI BẢY MƯƠI, Anh cần đáng ngoài bãi mới
VIVOSDEV07_125_snr20,vivos,whisper,tiny,zero_shot,,42,20,noise,ÁNG CHỪNG ĐÃ NGOẠI BẢY MƯƠI, Anh chừng đá ngoài bãi mới
VIVOSDEV07_125_snr5,vivos,whisper,tiny,zero_shot,,42,5,noise,ÁNG CHỪNG ĐÃ NGOẠI BẢY MƯƠI, Anh chừng đáng ngoài bãi môi
VIVOSDEV07_134_clean,vivos,whisper,tiny,zero_shot,,42,clean,clean,THAM GIA GIẢNG DẠY LÀ LỰC LƯỢNG ĐOÀN VIÊN, Thám gia giã giã giãi là lực lượng đoàn viên.
VIVOSDEV07_134_snr0,vivos,whisper,tiny,zero_shot,,42,0,noise,THAM GIA GIẢNG DẠY LÀ LỰC LƯỢNG ĐOÀN VIÊN, Thao giá giá giá giá là nật lượng gwang vinh
VIVOSDEV07_134_snr10,vivos,whisper,tiny,zero_shot,,42,10,noise,THAM GIA GIẢNG DẠY LÀ LỰC LƯỢNG ĐOÀN VIÊN, Thám gia giã giã giãi là lực lối đoàn viên
VIVOSDEV07_134_snr20,vivos,whisper,tiny,zero_shot,,42,20,noise,THAM GIA GIẢNG DẠY LÀ LỰC LƯỢNG ĐOÀN VIÊN, Thám gia giã giã giãi là lực lượng đoàn viên.
VIVOSDEV07_134_snr5,vivos,whisper,tiny,zero_shot,,42,5,noise,THAM GIA GIẢNG DẠY LÀ LỰC LƯỢNG ĐOÀN VIÊN, Thám gia giã giã giãi là lực lượng đoàn viên.
VIVOSDEV07_138_clean,vivos,whisper,tiny,zero_shot,,42,clean,clean,ĐÓ HẲN LÀ MỘT MÓN QUÀ, đó hẳn là một mắm của
VIVOSDEV07_138_snr0,vivos,whisper,tiny,zero_shot,,42,0,noise,ĐÓ HẲN LÀ MỘT MÓN QUÀ, Đó hẳng là một mắm qua
VIVOSDEV07_138_snr10,vivos,whisper,tiny,zero_shot,,42,10,music,ĐÓ HẲN LÀ MỘT MÓN QUÀ, đó hẳn ngó là một mắm của
VIVOSDEV07_138_snr20,vivos,whisper,tiny,zero_shot,,42,20,music,ĐÓ HẲN LÀ MỘT MÓN QUÀ, đó hẳn là một mắm của
VIVOSDEV07_138_snr5,vivos,whisper,tiny,zero_shot,,42,5,music,ĐÓ HẲN LÀ MỘT MÓN QUÀ, đó hẳng là một bán quà
VIVOSDEV07_141_clean,vivos,whisper,tiny,zero_shot,,42,clean,clean,VÀ KHI THẤY TÔI VẪN KIÊN ĐỊNH TRẢ LỜI TRỚT QUỚT, và khi thấy tôi vẫn kinh đánh trá lại trước quốc.
VIVOSDEV07_141_snr0,vivos,whisper,tiny,zero_shot,,42,0,music,VÀ KHI THẤY TÔI VẪN KIÊN ĐỊNH TRẢ LỜI TRỚT QUỚT, Bà khi thấy tôi mà khi cần gà lời giúp quá
VIVOSDEV07_141_snr10,vivos,whisper,tiny,zero_shot,,42,10,noise,VÀ KHI THẤY TÔI VẪN KIÊN ĐỊNH TRẢ LỜI TRỚT QUỚT, Và khi thấy tôi vẫn kinh đình chá lời chất quốc
VIVOSDEV07_141_snr20,vivos,whisper,tiny,zero_shot,,42,20,noise,VÀ KHI THẤY TÔI VẪN KIÊN ĐỊNH TRẢ LỜI TRỚT QUỚT, và khi thấy tôi vẫn kinh đình chá lời chất quốc.
VIVOSDEV07_141_snr5,vivos,whisper,tiny,zero_shot,,42,5,noise,VÀ KHI THẤY TÔI VẪN KIÊN ĐỊNH TRẢ LỜI TRỚT QUỚT, và khi thấy tôi vẫn kinh đình chá lời chất quốc
VIVOSDEV07_151_clean,vivos,whisper,tiny,zero_shot,,42,clean,clean,RÔ BÓT THÔNG MINH, Rồi bór thông mân
VIVOSDEV07_151_snr0,vivos,whisper,tiny,zero_shot,,42,0,noise,RÔ BÓT THÔNG MINH," Rồi bóng, không bình"
VIVOSDEV07_151_snr10,vivos,whisper,tiny,zero_shot,,42,10,speech,RÔ BÓT THÔNG MINH, Rồi bỏng tóc mình
VIVOSDEV07_151_snr20,vivos,whisper,tiny,zero_shot,,42,20,noise,RÔ BÓT THÔNG MINH, Rồi bór thông man
VIVOSDEV07_151_snr5,vivos,whisper,tiny,zero_shot,,42,5,noise,RÔ BÓT THÔNG MINH, Rồi bắt hông bình
VIVOSDEV07_192_clean,vivos,whisper,tiny,zero_shot,,42,clean,clean,NHIỀU NGƯỜI CHO BIẾT, Nếu người kia bếp
VIVOSDEV07_192_snr0,vivos,whisper,tiny,zero_shot,,42,0,music,NHIỀU NGƯỜI CHO BIẾT, Nhưng người chá bế
VIVOSDEV07_192_snr10,vivos,whisper,tiny,zero_shot,,42,10,noise,NHIỀU NGƯỜI CHO BIẾT, Nếu người chá biết
VIVOSDEV07_192_snr20,vivos,whisper,tiny,zero_shot,,42,20,noise,NHIỀU NGƯỜI CHO BIẾT, Nếu người chá bếc
VIVOSDEV07_192_snr5,vivos,whisper,tiny,zero_shot,,42,5,speech,NHIỀU NGƯỜI CHO BIẾT," Chúng ta sẽ đưa ra,"
VIVOSDEV07_195_clean,vivos,whisper,tiny,zero_shot,,42,clean,clean,HỌ CŨNG LUÔN TRÁNH XA NHỮNG TÌNH HUỐNG CÓ THỂ GÂY HẠI CHO HỌ, Hòa cũng luôn giánh xa những tình hốn có thể kìa hại cho họ
VIVOSDEV07_195_snr0,vivos,whisper,tiny,zero_shot,,42,0,speech,HỌ CŨNG LUÔN TRÁNH XA NHỮNG TÌNH HUỐNG CÓ THỂ GÂY HẠI CHO HỌ, Cái gì thế nào?
VIVOSDEV07_195_snr10,vivos,whisper,tiny,zero_shot,,42,10,noise,HỌ CŨNG LUÔN TRÁNH XA NHỮNG TÌNH HUỐNG CÓ THỂ GÂY HẠI CHO HỌ, Hòa cũng luôn giánh xa những tình hốn có thể kìa hả?
VIVOSDEV07_195_snr20,vivos,whisper,tiny,zero_shot,,42,20,music,HỌ CŨNG LUÔN TRÁNH XA NHỮNG TÌNH HUỐNG CÓ THỂ GÂY HẠI CHO HỌ, Hòa cũng luôn chắn xa những tình hốn có thể gây hại cho họ
VIVOSDEV07_195_snr5,vivos,whisper,tiny,zero_shot,,42,5,noise,HỌ CŨNG LUÔN TRÁNH XA NHỮNG TÌNH HUỐNG CÓ THỂ GÂY HẠI CHO HỌ, họ cũng luôn chắn xa những tình hốn có thể gây hải cho họ
VIVOSDEV07_197_clean,vivos,whisper,tiny,zero_shot,,42,clean,clean,TRONG CUỘC SỐNG CỦA TÔI CHÚNG KHÔNG DÙNG ĐỂ KIẾM RA LỢI NHUẬN, trong cuộc sống của tôi chúng không dùng để kiếm ra lấy nhóm.
VIVOSDEV07_197_snr0,vivos,whisper,tiny,zero_shot,,42,0,music,TRONG CUỘC SỐNG CỦA TÔI CHÚNG KHÔNG DÙNG ĐỂ KIẾM RA LỢI NHUẬN, trong cuộc sống khối tối chung khồng dục để kiếm ra lời nhận.
VIVOSDEV07_197_snr10,vivos,whisper,tiny,zero_shot,,42,10,speech,TRONG CUỘC SỐNG CỦA TÔI CHÚNG KHÔNG DÙNG ĐỂ KIẾM RA LỢI NHUẬN, Đông cuộc sống của tôi chúng không dùng đẹp ra lấy nhống.
VIVOSDEV07_197_snr20,vivos,whisper,tiny,zero_shot,,42,20,noise,TRONG CUỘC SỐNG CỦA TÔI CHÚNG KHÔNG DÙNG ĐỂ KIẾM RA LỢI NHUẬN, trong cuộc sống của tôi chúng không dùng để kếm ra lấy nhận
VIVOSDEV07_197_snr5,vivos,whisper,tiny,zero_shot,,42,5,speech,TRONG CUỘC SỐNG CỦA TÔI CHÚNG KHÔNG DÙNG ĐỂ KIẾM RA LỢI NHUẬN," Tống cuộc sống của tôi, chụng không dùng để giúp ra lãnh nhau."
VIVOSDEV07_209_clean,vivos,whisper,tiny,zero_shot,,42,clean,clean,HAI MƯƠI BỐN HAI MƯƠI LĂM," Hôm nay bông, hôm nay làm."
VIVOSDEV07_209_snr0,vivos,whisper,tiny,zero_shot,,42,0,speech,HAI MƯƠI BỐN HAI MƯƠI LĂM, Hãy bỏ bỏ tên.
VIVOSDEV07_209_snr10,vivos,whisper,tiny,zero_shot,,42,10,noise,HAI MƯƠI BỐN HAI MƯƠI LĂM," Hôm nay bố, hôm nay làm."
VIVOSDEV07_209_snr20,vivos,whisper,tiny,zero_shot,,42,20,noise,HAI MƯƠI BỐN HAI MƯƠI LĂM," Hôm nay bong, hôm nay làm."
VIVOSDEV07_209_snr5,vivos,whisper,tiny,zero_shot,,42,5,noise,HAI MƯƠI BỐN HAI MƯƠI LĂM," Hôm nay bố, hôm nay làm"
VIVOSDEV07_223_clean,vivos,whisper,tiny,zero_shot,,42,clean,clean,NĂM MƯƠI HAI NĂM MƯƠI BA," Nam mình hãy, Nam mình bà"
VIVOSDEV07_223_snr0,vivos,whisper,tiny,zero_shot,,42,0,speech,NĂM MƯƠI HAI NĂM MƯƠI BA, Cô chào mấy người đi vụ. Năm 1 bà
VIVOSDEV07_223_snr10,vivos,whisper,tiny,zero_shot,,42,10,noise,NĂM MƯƠI HAI NĂM MƯƠI BA," Nam đi hành, Nam đi bà"
VIVOSDEV07_223_snr20,vivos,whisper,tiny,zero_shot,,42,20,noise,NĂM MƯƠI HAI NĂM MƯƠI BA," Nam mình hãy, Nam mình bà"
VIVOSDEV07_223_snr5,vivos,whisper,tiny,zero_shot,,42,5,music,NĂM MƯƠI HAI NĂM MƯƠI BA, Nam bây hành Nam bây bà
VIVOSDEV07_231_clean,vivos,whisper,tiny,zero_shot,,42,clean,clean,SÁU MƯƠI TÁM SÁU MƯƠI CHÍN," Sau mấy tám, Sau mấy chân"
VIVOSDEV07_231_snr0,vivos,whisper,tiny,zero_shot,,42,0,music,SÁU MƯƠI TÁM SÁU MƯƠI CHÍN," Chó mùi tám, xó mùi dân"
VIVOSDEV07_231_snr10,vivos,whisper,tiny,zero_shot,,42,10,music,SÁU MƯƠI TÁM SÁU MƯƠI CHÍN," Tổng bây tạm, tổng bây tạm"
VIVOSDEV07_231_snr20,vivos,whisper,tiny,zero_shot,,42,20,speech,SÁU MƯƠI TÁM SÁU MƯƠI CHÍN," Sau mấy tảm, sau mấy chân"
VIVOSDEV07_231_snr5,vivos,whisper,tiny,zero_shot,,42,5,music,SÁU MƯƠI TÁM SÁU MƯƠI CHÍN," Xong bây tạm, xong bây chân"
VIVOSDEV07_236_clean,vivos,whisper,tiny,zero_shot,,42,clean,clean,BẢY MƯƠI TÁM BẢY MƯƠI CHÍN," Bài miệng tâm, bài miệng trên"
VIVOSDEV07_236_snr0,vivos,whisper,tiny,zero_shot,,42,0,noise,BẢY MƯƠI TÁM BẢY MƯƠI CHÍN," Bài bây giờ, bài bây giờ, bài bây giờ"
VIVOSDEV07_236_snr10,vivos,whisper,tiny,zero_shot,,42,10,speech,BẢY MƯƠI TÁM BẢY MƯƠI CHÍN," Bài bài đam, bài bài bài kênh."
VIVOSDEV07_236_snr20,vivos,whisper,tiny,zero_shot,,42,20,speech,BẢY MƯƠI TÁM BẢY MƯƠI CHÍN," Bài mấy tâm, bài mấy chân"
VIVOSDEV07_236_snr5,vivos,whisper,tiny,zero_shot,,42,5,music,BẢY MƯƠI TÁM BẢY MƯƠI CHÍN," Bài mình tâm, bài mình gần"
VIVOSDEV07_246_clean,vivos,whisper,tiny,zero_shot,,42,clean,clean,CHÍN MƯƠI TÁM CHÍN MƯƠI CHÍN," Kính mười tâm, kính mười chân"
VIVOSDEV07_246_snr0,vivos,whisper,tiny,zero_shot,,42,0,noise,CHÍN MƯƠI TÁM CHÍN MƯƠI CHÍN," Chính mấy tâm, kinh mấy chân"
VIVOSDEV07_246_snr10,vivos,whisper,tiny,zero_shot,,42,10,speech,CHÍN MƯƠI TÁM CHÍN MƯƠI CHÍN, Chính mấy tâm.
VIVOSDEV07_246_snr20,vivos,whisper,tiny,zero_shot,,42,20,music,CHÍN MƯƠI TÁM CHÍN MƯƠI CHÍN," Chính mở tâm, chính mở chiến"
VIVOSDEV07_246_snr5,vivos,whisper,tiny,zero_shot,,42,5,speech,CHÍN MƯƠI TÁM CHÍN MƯƠI CHÍN, Chị mới tâm
VIVOSDEV07_264_clean,vivos,whisper,tiny,zero_shot,,42,clean,clean,BUỔI SÁNG THÀNH PHỐ Ô NHIỄM HƠN BUỔI TRƯA, Bối xáng thành phố ổ nhiễm hơn bối trưa
VIVOSDEV07_264_snr0,vivos,whisper,tiny,zero_shot,,42,0,noise,BUỔI SÁNG THÀNH PHỐ Ô NHIỄM HƠN BUỔI TRƯA," Bối chán thành bố, ổn hôm bối cơ"
VIVOSDEV07_264_snr10,vivos,whisper,tiny,zero_shot,,42,10,noise,BUỔI SÁNG THÀNH PHỐ Ô NHIỄM HƠN BUỔI TRƯA, Bối xáng thành phố ổ nhiễm hơn bối trưa
VIVOSDEV07_264_snr20,vivos,whisper,tiny,zero_shot,,42,20,noise,BUỔI SÁNG THÀNH PHỐ Ô NHIỄM HƠN BUỔI TRƯA, Bối xáng thành phố ổ nhiễm hơn bối trưa
VIVOSDEV07_264_snr5,vivos,whisper,tiny,zero_shot,,42,5,noise,BUỔI SÁNG THÀNH PHỐ Ô NHIỄM HƠN BUỔI TRƯA, Mỗi cháng thành vô ổ nhiễm hơn mỗi chơ
VIVOSDEV07_266_clean,vivos,whisper,tiny,zero_shot,,42,clean,clean,NÓNG GIẬN TÔI ĐÃ LĂNG MẠ ANH, Nóng dẫn tôi đã lăng mà hân
VIVOSDEV07_266_snr0,vivos,whisper,tiny,zero_shot,,42,0,noise,NÓNG GIẬN TÔI ĐÃ LĂNG MẠ ANH, Nông dẫn tôi đã lặng màn
VIVOSDEV07_266_snr10,vivos,whisper,tiny,zero_shot,,42,10,music,NÓNG GIẬN TÔI ĐÃ LĂNG MẠ ANH, Nóng dẫn tôi đã lặng mãan
VIVOSDEV07_266_snr20,vivos,whisper,tiny,zero_shot,,42,20,music,NÓNG GIẬN TÔI ĐÃ LĂNG MẠ ANH, Nóng dẫn tôi đã lặng mãan
VIVOSDEV07_266_snr5,vivos,whisper,tiny,zero_shot,,42,5,speech,NÓNG GIẬN TÔI ĐÃ LĂNG MẠ ANH, Nóng giật tối đàn là hình mà...
VIVOSDEV07_295_clean,vivos,whisper,tiny,zero_shot,,42,clean,clean,CHỦ TÀU CHO BIẾT SẼ TIẾP TỤC THƯƠNG THUYẾT VỀ SỐ CHI PHÍ NÀY, Dạc tìm đồng tâm thân thức và số gì phí này
VIVOSDEV07_295_snr0,vivos,whisper,tiny,zero_shot,,42,0,speech,CHỦ TÀU CHO BIẾT SẼ TIẾP TỤC THƯƠNG THUYẾT VỀ SỐ CHI PHÍ NÀY, Chúng ta không biết sẽ tốt như thế mở số gỷ phí này.
VIVOSDEV07_295_snr10,vivos,whisper,tiny,zero_shot,,42,10,noise,CHỦ TÀU CHO BIẾT SẼ TIẾP TỤC THƯƠNG THUYẾT VỀ SỐ CHI PHÍ NÀY, Vào tổng tàu cho biết sẽ tiếp tục thương với số gì phí này
VIVOSDEV07_295_snr20,vivos,whisper,tiny,zero_shot,,42,20,music,CHỦ TÀU CHO BIẾT SẼ TIẾP TỤC THƯƠNG THUYẾT VỀ SỐ CHI PHÍ NÀY, Chúng ta ở biết sẽ tiếp tục thương thức và số gì phí này
VIVOSDEV07_295_snr5,vivos,whisper,tiny,zero_shot,,42,5,speech,CHỦ TÀU CHO BIẾT SẼ TIẾP TỤC THƯƠNG THUYẾT VỀ SỐ CHI PHÍ NÀY, Đúng tạo cho biết sẽ tiếp tục tương quốc bởi sốt gì phí này.
VIVOSDEV08_005_clean,vivos,whisper,tiny,zero_shot,,42,clean,clean,CÂY CỔ THỤ ẤY BẤT CHỢT BỊ BỆNH TẬT QUẬT NGÃ, Cây có thổ ai bất trọc biển tất quốc ngá
VIVOSDEV08_005_snr0,vivos,whisper,tiny,zero_shot,,42,0,speech,CÂY CỔ THỤ ẤY BẤT CHỢT BỊ BỆNH TẬT QUẬT NGÃ," Cái cây có thó là vậy, bắt đầu đánh của nó."
VIVOSDEV08_005_snr10,vivos,whisper,tiny,zero_shot,,42,10,music,CÂY CỔ THỤ ẤY BẤT CHỢT BỊ BỆNH TẬT QUẬT NGÃ, Cây có thổ ai bất trọc biển tất vực nè
VIVOSDEV08_005_snr20,vivos,whisper,tiny,zero_shot,,42,20,noise,CÂY CỔ THỤ ẤY BẤT CHỢT BỊ BỆNH TẬT QUẬT NGÃ, Cây có thổ ai bất trọt bị bệnh tất quốc nghe
VIVOSDEV08_005_snr5,vivos,whisper,tiny,zero_shot,,42,5,speech,CÂY CỔ THỤ ẤY BẤT CHỢT BỊ BỆNH TẬT QUẬT NGÃ, Cái gì đó?
VIVOSDEV08_014_clean,vivos,whisper,tiny,zero_shot,,42,clean,clean,VÀ NẾU BẠN TRÓT LÀM LỘN XỘN MÀN HÌNH NỀN, và nếu bạn tốt làm lộng sống mà hình nâng.
VIVOSDEV08_014_snr0,vivos,whisper,tiny,zero_shot,,42,0,speech,VÀ NẾU BẠN TRÓT LÀM LỘN XỘN MÀN HÌNH NỀN, Tìm anh yêu bằng coc đào tổng sống mà hình mẹ đu em
VIVOSDEV08_014_snr10,vivos,whisper,tiny,zero_shot,,42,10,music,VÀ NẾU BẠN TRÓT LÀM LỘN XỘN MÀN HÌNH NỀN, và nếu bạn tốt làm lộng sống mà hình nâng.
VIVOSDEV08_014_snr20,vivos,whisper,tiny,zero_shot,,42,20,speech,VÀ NẾU BẠN TRÓT LÀM LỘN XỘN MÀN HÌNH NỀN," Và nếu bạn tốt làm lống sống, ngàn hình nâng"
VIVOSDEV08_014_snr5,vivos,whisper,tiny,zero_shot,,42,5,music,VÀ NẾU BẠN TRÓT LÀM LỘN XỘN MÀN HÌNH NỀN, và nếu bạn tốt làm lống sống mà hình nâng
VIVOSDEV08_025_clean,vivos,whisper,tiny,zero_shot,,42,clean,clean,ĐẠO DIỄN TRẺ NÀY CÓ NHIỀU ĐIỀU NGẪM NGỢI VỀ NGHỀ, Đau dĩnh tẻ này có nhiều điều ngắm ngợi về ngay
VIVOSDEV08_025_snr0,vivos,whisper,tiny,zero_shot,,42,0,noise,ĐẠO DIỄN TRẺ NÀY CÓ NHIỀU ĐIỀU NGẪM NGỢI VỀ NGHỀ," Bàu hủy phá này, con người đường mắm nha này rồi nha"
VIVOSDEV08_025_snr10,vivos,whisper,tiny,zero_shot,,42,10,noise,ĐẠO DIỄN TRẺ NÀY CÓ NHIỀU ĐIỀU NGẪM NGỢI VỀ NGHỀ, Tao giữ tẻ này có nhiều điều ngắm ngợi vình gái
VIVOSDEV08_025_snr20,vivos,whisper,tiny,zero_shot,,42,20,noise,ĐẠO DIỄN TRẺ NÀY CÓ NHIỀU ĐIỀU NGẪM NGỢI VỀ NGHỀ, Đau dĩnh tẻ này có nhiều điều ngắm ngợi vân ngay
VIVOSDEV08_025_snr5,vivos,whisper,tiny,zero_shot,,42,5,speech,ĐẠO DIỄN TRẺ NÀY CÓ NHIỀU ĐIỀU NGẪM NGỢI VỀ NGHỀ, Tao yên tàng này xuân mê đi không chăm sói về nè
VIVOSDEV08_032_clean,vivos,whisper,tiny,zero_shot,,42,clean,clean,SẼ KHÔNG KHIẾN BẠN TRÔNG GẦY NHƯ NHỮNG TRANG PHỤC MỘT MÀU," sẽ không kính bản, tâm gài như những căng phục mục mục mục mục mục mục mục mục mục mục mục mục mục mục mục mục mục mục mục mục mục mục mục mục mục mục mục mục mục mục mục mục mục mục mục mục mục mục mục mục mục mục mục mục mục mục mục mục mục mục mục mục mục mục mục m"
VIVOSDEV08_032_snr0,vivos,whisper,tiny,zero_shot,,42,0,music,SẼ KHÔNG KHIẾN BẠN TRÔNG GẦY NHƯ NHỮNG TRANG PHỤC MỘT MÀU," Cái không tính bán, tâm cái dài như những câm thông một mào"
VIVOSDEV08_032_snr10,vivos,whisper,tiny,zero_shot,,42,10,noise,SẼ KHÔNG KHIẾN BẠN TRÔNG GẦY NHƯ NHỮNG TRANG PHỤC MỘT MÀU, sẽ không tính đàn trong gài như những căng phục mục mào.
VIVOSDEV08_032_snr20,vivos,whisper,tiny,zero_shot,,42,20,noise,SẼ KHÔNG KHIẾN BẠN TRÔNG GẦY NHƯ NHỮNG TRANG PHỤC MỘT MÀU, sẽ không kính vàng tâm gài như những căng phục mục mào.
VIVOSDEV08_032_snr5,vivos,whisper,tiny,zero_shot,,42,5,music,SẼ KHÔNG KHIẾN BẠN TRÔNG GẦY NHƯ NHỮNG TRANG PHỤC MỘT MÀU," Vẽ không thiến bằng, tâm gài dương những căng phục mục mào"
VIVOSDEV08_053_clean,vivos,whisper,tiny,zero_shot,,42,clean,clean,BỞI CƠ QUAN CHUYÊN MÔN HOẶC THUÊ TỔ CHỨC KIỂM TOÁN ĐỘC LẬP, Bởi cơ quan kinh mong hoặc thay tởi chức kính tóng đọc lập.
VIVOSDEV08_053_snr0,vivos,whisper,tiny,zero_shot,,42,0,speech,BỞI CƠ QUAN CHUYÊN MÔN HOẶC THUÊ TỔ CHỨC KIỂM TOÁN ĐỘC LẬP," Bây giờ, anh sẽ có thể đánh bệnh đánh bệnh đánh bệnh đánh bệnh đánh bệnh đánh bệnh đánh bệnh đánh bệnh đánh bệnh đánh bệnh đánh bệnh đánh bệnh đánh bệnh đánh bệnh đánh bệnh đánh bệnh đánh bệnh đánh bệnh đánh bệnh đánh bệnh đánh bệnh đánh bệnh đánh bệnh đánh bệnh"
VIVOSDEV08_053_snr10,vivos,whisper,tiny,zero_shot,,42,10,music,BỞI CƠ QUAN CHUYÊN MÔN HOẶC THUÊ TỔ CHỨC KIỂM TOÁN ĐỘC LẬP, Bởi kêu anh kinh mua hoặc thay tổ chức kính tóng đọc lạc.
VIVOSDEV08_053_snr20,vivos,whisper,tiny,zero_shot,,42,20,noise,BỞI CƠ QUAN CHUYÊN MÔN HOẶC THUÊ TỔ CHỨC KIỂM TOÁN ĐỘC LẬP," Bởi cơ quan kinh mong, phạc thay tởi chức kính tóng đọc lập."
VIVOSDEV08_053_snr5,vivos,whisper,tiny,zero_shot,,42,5,speech,BỞI CƠ QUAN CHUYÊN MÔN HOẶC THUÊ TỔ CHỨC KIỂM TOÁN ĐỘC LẬP," Bây giờ, các bạn có thể tất cả những tâm tâm tâm."
VIVOSDEV08_057_clean,vivos,whisper,tiny,zero_shot,,42,clean,clean,NÓ LẬT ĐẬT ĐẠP CHIẾC XE CÀ TÀNG BĂNG NGAY RA ĐẦU ĐƯỜNG, Nó lập đặc đập chí kia tàng băng ngay đá đau đường
VIVOSDEV08_057_snr0,vivos,whisper,tiny,zero_shot,,42,0,music,NÓ LẬT ĐẬT ĐẠP CHIẾC XE CÀ TÀNG BĂNG NGAY RA ĐẦU ĐƯỜNG, Nó lập đặt đập chức xe cắt tàng băng ngay ra đầu đường
VIVOSDEV08_057_snr10,vivos,whisper,tiny,zero_shot,,42,10,noise,NÓ LẬT ĐẬT ĐẠP CHIẾC XE CÀ TÀNG BĂNG NGAY RA ĐẦU ĐƯỜNG, Nó lập đặc đặc biệt hẹn cà tàng băng ngay đá đau đường
VIVOSDEV08_057_snr20,vivos,whisper,tiny,zero_shot,,42,20,music,NÓ LẬT ĐẬT ĐẠP CHIẾC XE CÀ TÀNG BĂNG NGAY RA ĐẦU ĐƯỜNG, Nó lập đặc đập chí kia tàng băng ngay ra đau đường
VIVOSDEV08_057_snr5,vivos,whisper,tiny,zero_shot,,42,5,music,NÓ LẬT ĐẬT ĐẠP CHIẾC XE CÀ TÀNG BĂNG NGAY RA ĐẦU ĐƯỜNG, Nó lập đặc đáp khi xe cạ tàng băng ngay ra đau đường
VIVOSDEV08_062_clean,vivos,whisper,tiny,zero_shot,,42,clean,clean,HOẶC CHỈ BIỂU HIỆN BẰNG CÁC RỐI LOẠN CO BÓP, Họ ký biểu hệnh bằng cách lo lòng cơ bấp
VIVOSDEV08_062_snr0,vivos,whisper,tiny,zero_shot,,42,0,noise,HOẶC CHỈ BIỂU HIỆN BẰNG CÁC RỐI LOẠN CO BÓP," Họ khi biểu hệnh bằng cách ra lòng, có bốt"
VIVOSDEV08_062_snr10,vivos,whisper,tiny,zero_shot,,42,10,noise,HOẶC CHỈ BIỂU HIỆN BẰNG CÁC RỐI LOẠN CO BÓP, Họ ký biểu hệnh bằng cách lo lòng cơ bấp
VIVOSDEV08_062_snr20,vivos,whisper,tiny,zero_shot,,42,20,music,HOẶC CHỈ BIỂU HIỆN BẰNG CÁC RỐI LOẠN CO BÓP, Mặc kỹ biểu hiện bằng cách ra lòng cơ bớt
VIVOSDEV08_062_snr5,vivos,whisper,tiny,zero_shot,,42,5,speech,HOẶC CHỈ BIỂU HIỆN BẰNG CÁC RỐI LOẠN CO BÓP," Thôi, bằng kia trời lòng, sau bấp"
VIVOSDEV08_071_clean,vivos,whisper,tiny,zero_shot,,42,clean,clean,KHI TÔI LÀ CON BÉ LỚP BỐN THÌ CÂY VẢ ĐÃ CAO QUÁ NÓC NHÀ, khi tôi là con bé lấp bống thì kế vả nó cao qua nóc nhé
VIVOSDEV08_071_snr0,vivos,whisper,tiny,zero_shot,,42,0,music,KHI TÔI LÀ CON BÉ LỚP BỐN THÌ CÂY VẢ ĐÃ CAO QUÁ NÓC NHÀ, Tuyết tôi là không bế lập bống thì kế vả nả cao quá lập nè
VIVOSDEV08_071_snr10,vivos,whisper,tiny,zero_shot,,42,10,noise,KHI TÔI LÀ CON BÉ LỚP BỐN THÌ CÂY VẢ ĐÃ CAO QUÁ NÓC NHÀ, Thì tôi là con bé lấp bống thì kế vả nó cao qua nóc nhé.
VIVOSDEV08_071_snr20,vivos,whisper,tiny,zero_shot,,42,20,music,KHI TÔI LÀ CON BÉ LỚP BỐN THÌ CÂY VẢ ĐÃ CAO QUÁ NÓC NHÀ, khi tôi là con bế lấp bống thì kế vả nó cao qua nóc nhé
VIVOSDEV08_071_snr5,vivos,whisper,tiny,zero_shot,,42,5,noise,KHI TÔI LÀ CON BÉ LỚP BỐN THÌ CÂY VẢ ĐÃ CAO QUÁ NÓC NHÀ, khi tôi là con bế lập bón thì khi vả nó cao qua nóc nhé
VIVOSDEV08_077_clean,vivos,whisper,tiny,zero_shot,,42,clean,clean,BUỔI ĐẦU THẬT KHÓ KHĂN THEO ĐUỔI CHƯƠNG TRÌNH HỌC, Bối đạo thật có khăn theo đối chứng tình học
VIVOSDEV08_077_snr0,vivos,whisper,tiny,zero_shot,,42,0,speech,BUỔI ĐẦU THẬT KHÓ KHĂN THEO ĐUỔI CHƯƠNG TRÌNH HỌC, Mình có thể đối với mình.
VIVOSDEV08_077_snr10,vivos,whisper,tiny,zero_shot,,42,10,noise,BUỔI ĐẦU THẬT KHÓ KHĂN THEO ĐUỔI CHƯƠNG TRÌNH HỌC, Bối đạo ra cấp hàng theo dối chương tình học
VIVOSDEV08_077_snr20,vivos,whisper,tiny,zero_shot,,42,20,noise,BUỔI ĐẦU THẬT KHÓ KHĂN THEO ĐUỔI CHƯƠNG TRÌNH HỌC, Bối đạo thật có khang theo đối chứng tình học
VIVOSDEV08_077_snr5,vivos,whisper,tiny,zero_shot,,42,5,noise,BUỔI ĐẦU THẬT KHÓ KHĂN THEO ĐUỔI CHƯƠNG TRÌNH HỌC, Bối đạo ra có kênh theo đối kinh tình học
VIVOSDEV08_090_clean,vivos,whisper,tiny,zero_shot,,42,clean,clean,VÌ KHÔNG CÓ TIỀN ĐÓNG HỌC PHÍ, Vì không có tình đám hợp phí
VIVOSDEV08_090_snr0,vivos,whisper,tiny,zero_shot,,42,0,music,VÌ KHÔNG CÓ TIỀN ĐÓNG HỌC PHÍ," Bây giờ, các mất đi, các mất đi, các mất đi."
VIVOSDEV08_090_snr10,vivos,whisper,tiny,zero_shot,,42,10,speech,VÌ KHÔNG CÓ TIỀN ĐÓNG HỌC PHÍ," Vậy, các ngất tên đám hạp phê."
VIVOSDEV08_090_snr20,vivos,whisper,tiny,zero_shot,,42,20,speech,VÌ KHÔNG CÓ TIỀN ĐÓNG HỌC PHÍ, Vì không có tình đám hợp phí
VIVOSDEV08_090_snr5,vivos,whisper,tiny,zero_shot,,42,5,music,VÌ KHÔNG CÓ TIỀN ĐÓNG HỌC PHÍ, Vì không có tình đám hợp phí
VIVOSDEV08_129_clean,vivos,whisper,tiny,zero_shot,,42,clean,clean,NƯỚC GỖ TRÊN CHIẾC ĐỒNG HỒ ĐÃ BẮT LÊN MÀU GỤ BÓNG LOÁNG, Nước giao trên chức đồng hòa đã bắt lên mạo của mong loán.
VIVOSDEV08_129_snr0,vivos,whisper,tiny,zero_shot,,42,0,music,NƯỚC GỖ TRÊN CHIẾC ĐỒNG HỒ ĐÃ BẮT LÊN MÀU GỤ BÓNG LOÁNG, Nước gwał trên trích đồng hòa đớ bác lên mạo hô mong lắng
VIVOSDEV08_129_snr10,vivos,whisper,tiny,zero_shot,,42,10,noise,NƯỚC GỖ TRÊN CHIẾC ĐỒNG HỒ ĐÃ BẮT LÊN MÀU GỤ BÓNG LOÁNG, Nếu khuá tên hích đồng hòa đớ bắt lên nào hồ mông ngán
VIVOSDEV08_129_snr20,vivos,whisper,tiny,zero_shot,,42,20,noise,NƯỚC GỖ TRÊN CHIẾC ĐỒNG HỒ ĐÃ BẮT LÊN MÀU GỤ BÓNG LOÁNG, Nước gạo tên trích đồng hòa đưa bắt lên nào của mong lắng
VIVOSDEV08_129_snr5,vivos,whisper,tiny,zero_shot,,42,5,noise,NƯỚC GỖ TRÊN CHIẾC ĐỒNG HỒ ĐÃ BẮT LÊN MÀU GỤ BÓNG LOÁNG, Nước gáo tên trịt đồng hòa đớ bắt lên mạo của mong lắng
VIVOSDEV08_143_clean,vivos,whisper,tiny,zero_shot,,42,clean,clean,THAM GIA GIẢNG DẠY LÀ LỰC LƯỢNG ĐOÀN VIÊN," Thăm ra, giáng giải là lực lượng đồng viên."
VIVOSDEV08_143_snr0,vivos,whisper,tiny,zero_shot,,42,0,noise,THAM GIA GIẢNG DẠY LÀ LỰC LƯỢNG ĐOÀN VIÊN," Thám đa, đẹn gái đần tương tông viên"
VIVOSDEV08_143_snr10,vivos,whisper,tiny,zero_shot,,42,10,noise,THAM GIA GIẢNG DẠY LÀ LỰC LƯỢNG ĐOÀN VIÊN," Thám ra, giãng giãi là lực sướng đồng viên."
VIVOSDEV08_143_snr20,vivos,whisper,tiny,zero_shot,,42,20,music,THAM GIA GIẢNG DẠY LÀ LỰC LƯỢNG ĐOÀN VIÊN," Thăm ra, giáng giải là lực lượng đồng viên."
VIVOSDEV08_143_snr5,vivos,whisper,tiny,zero_shot,,42,5,music,THAM GIA GIẢNG DẠY LÀ LỰC LƯỢNG ĐOÀN VIÊN," Thám ra, đáng dài là lực lượng đồng viên."
VIVOSDEV08_145_clean,vivos,whisper,tiny,zero_shot,,42,clean,clean,VÀ VẢI HOẶC CÓI NHIỀU MÀU, và vãi hạc có nhiều mèo
VIVOSDEV08_145_snr0,vivos,whisper,tiny,zero_shot,,42,0,noise,VÀ VẢI HOẶC CÓI NHIỀU MÀU, Là bạn hạc tối như mèo
VIVOSDEV08_145_snr10,vivos,whisper,tiny,zero_shot,,42,10,speech,VÀ VẢI HOẶC CÓI NHIỀU MÀU, Và vậy hạc có như mèo.
VIVOSDEV08_145_snr20,vivos,whisper,tiny,zero_shot,,42,20,music,VÀ VẢI HOẶC CÓI NHIỀU MÀU, Là vậy hạc gói như mèo
VIVOSDEV08_145_snr5,vivos,whisper,tiny,zero_shot,,42,5,noise,VÀ VẢI HOẶC CÓI NHIỀU MÀU, Và vậy hợp có gì mà
VIVOSDEV08_159_clean,vivos,whisper,tiny,zero_shot,,42,clean,clean,VỚI NGƯỜI MẸ Ở XÓM CHÀI LONG BIÊN, Với người mẹ ở chấm trải lông viên
VIVOSDEV08_159_snr0,vivos,whisper,tiny,zero_shot,,42,0,music,VỚI NGƯỜI MẸ Ở XÓM CHÀI LONG BIÊN, Bớt người mẹ ở trong trải lắm điên
VIVOSDEV08_159_snr10,vivos,whisper,tiny,zero_shot,,42,10,music,VỚI NGƯỜI MẸ Ở XÓM CHÀI LONG BIÊN, Với người mẹ ở chấm trại lông bíng
VIVOSDEV08_159_snr20,vivos,whisper,tiny,zero_shot,,42,20,speech,VỚI NGƯỜI MẸ Ở XÓM CHÀI LONG BIÊN, Bởi người mẹ ở chấm trải lông bíng.
VIVOSDEV08_159_snr5,vivos,whisper,tiny,zero_shot,,42,5,music,VỚI NGƯỜI MẸ Ở XÓM CHÀI LONG BIÊN, Với người mẹ ở trong trải lắm bíng
VIVOSDEV08_182_clean,vivos,whisper,tiny,zero_shot,,42,clean,clean,KẾT QUẢ CHỈ CÓ VỎN VẸN BA NGƯỜI CÒN BIẾT DỆT, Các của a chí có vòng vẻng bằng người có biết giúp
VIVOSDEV08_182_snr0,vivos,whisper,tiny,zero_shot,,42,0,music,KẾT QUẢ CHỈ CÓ VỎN VẸN BA NGƯỜI CÒN BIẾT DỆT, Gết của a thì có vòng tẻng băng hơi con biết dẹp
VIVOSDEV08_182_snr10,vivos,whisper,tiny,zero_shot,,42,10,noise,KẾT QUẢ CHỈ CÓ VỎN VẸN BA NGƯỜI CÒN BIẾT DỆT, Các của A chứ có vòng vẻng bàn ngơi có biết giúp
VIVOSDEV08_182_snr20,vivos,whisper,tiny,zero_shot,,42,20,noise,KẾT QUẢ CHỈ CÓ VỎN VẸN BA NGƯỜI CÒN BIẾT DỆT, Cách của a chí có vòng vẻng bằng gờ có biết giết
VIVOSDEV08_182_snr5,vivos,whisper,tiny,zero_shot,,42,5,noise,KẾT QUẢ CHỈ CÓ VỎN VẸN BA NGƯỜI CÒN BIẾT DỆT, Cái tổ là gì có vòng phản bà ngờ con biết dễ
VIVOSDEV08_193_clean,vivos,whisper,tiny,zero_shot,,42,clean,clean,LÀ TƯƠNG ĐỐI CÓ HIỆU QUẢ, Là tương đối có hiểu quá
VIVOSDEV08_193_snr0,vivos,whisper,tiny,zero_shot,,42,0,noise,LÀ TƯƠNG ĐỐI CÓ HIỆU QUẢ, Là thương đối có hiểu quá
VIVOSDEV08_193_snr10,vivos,whisper,tiny,zero_shot,,42,10,music,LÀ TƯƠNG ĐỐI CÓ HIỆU QUẢ, Đà thương đối có hiểu quá
VIVOSDEV08_193_snr20,vivos,whisper,tiny,zero_shot,,42,20,noise,LÀ TƯƠNG ĐỐI CÓ HIỆU QUẢ, Bà tương đối có hi wa
VIVOSDEV08_193_snr5,vivos,whisper,tiny,zero_shot,,42,5,noise,LÀ TƯƠNG ĐỐI CÓ HIỆU QUẢ, Thạp tâm đôi có hiểu á
VIVOSDEV08_210_clean,vivos,whisper,tiny,zero_shot,,42,clean,clean,HAI MƯƠI SÁU HAI MƯƠI BẢY," Hãy với rau, hãy với bài"
VIVOSDEV08_210_snr0,vivos,whisper,tiny,zero_shot,,42,0,music,HAI MƯƠI SÁU HAI MƯƠI BẢY, Hãy like and subscribe
VIVOSDEV08_210_snr10,vivos,whisper,tiny,zero_shot,,42,10,noise,HAI MƯƠI SÁU HAI MƯƠI BẢY, Hãy subscribe
VIVOSDEV08_210_snr20,vivos,whisper,tiny,zero_shot,,42,20,noise,HAI MƯƠI SÁU HAI MƯƠI BẢY," Hãy với Rau, hãy với Bái Bái Bái"
VIVOSDEV08_210_snr5,vivos,whisper,tiny,zero_shot,,42,5,speech,HAI MƯƠI SÁU HAI MƯƠI BẢY, có thể có thể có thể có thể có thể có thể có thể có thể có thể có thể có thể có thể có thể có thể có thể có thể có thể có thể có thể có thể có thể có thể có thể có thể có thể có thể có thể có thể có thể có thể có thể có thể có thể có thể có thể có thể có thể có thể có thể có thể có thể có thể có thể có thể có thể có thể có thể có thể có thể có thể có thể có thể có thể có thể có thể có thể có thể có thể có thể có thể có thể có thể có thể có thể
VIVOSDEV08_233_clean,vivos,whisper,tiny,zero_shot,,42,clean,clean,BẢY MƯƠI HAI BẢY MƯƠI BA," Bài mình hành, bài mình bà"
VIVOSDEV08_233_snr0,vivos,whisper,tiny,zero_shot,,42,0,noise,BẢY MƯƠI HAI BẢY MƯƠI BA," Bái mình hay, bái bây bác"
VIVOSDEV08_233_snr10,vivos,whisper,tiny,zero_shot,,42,10,music,BẢY MƯƠI HAI BẢY MƯƠI BA," Bây giờ, tìm đi!"
VIVOSDEV08_233_snr20,vivos,whisper,tiny,zero_shot,,42,20,music,BẢY MƯƠI HAI BẢY MƯƠI BA," Bây giờ, bây giờ, bây giờ, bây giờ, bây giờ, bây giờ, bây giờ, bây giờ, bây giờ, bây giờ, bây giờ, bây giờ, bây giờ, bây giờ, bây giờ, bây giờ, bây giờ, bây giờ, bây giờ, bây giờ, bây giờ, bây giờ, bây giờ, bây giờ, bây giờ, bây giờ, bây giờ, bây giờ, bây giờ, bây giờ, bây giờ, bây giờ,"
VIVOSDEV08_233_snr5,vivos,whisper,tiny,zero_shot,,42,5,speech,BẢY MƯƠI HAI BẢY MƯƠI BA," Bây giờ, bây giờ, bây giờ, bây giờ, bây giờ, bây giờ, bây giờ, bây giờ, bây giờ, bây giờ, bây giờ, bây giờ, bây giờ, bây giờ, bây giờ, bây giờ, bây giờ, bây giờ, bây giờ, bây giờ, bây giờ, bây giờ, bây giờ, bây giờ, bây giờ, bây giờ, bây giờ, bây giờ, bây giờ, bây giờ, bây giờ, bây giờ,"
VIVOSDEV08_270_clean,vivos,whisper,tiny,zero_shot,,42,clean,clean,NÓI THẬT ĐẤY À, Nói thạp bè
VIVOSDEV08_270_snr0,vivos,whisper,tiny,zero_shot,,42,0,speech,NÓI THẬT ĐẤY À, Điều có thể đẹp được
VIVOSDEV08_270_snr10,vivos,whisper,tiny,zero_shot,,42,10,noise,NÓI THẬT ĐẤY À, Nơi thạp bè
VIVOSDEV08_270_snr20,vivos,whisper,tiny,zero_shot,,42,20,noise,NÓI THẬT ĐẤY À, Nói thạp bè
VIVOSDEV08_270_snr5,vivos,whisper,tiny,zero_shot,,42,5,music,NÓI THẬT ĐẤY À, Nói giọt đi
VIVOSDEV08_277_clean,vivos,whisper,tiny,zero_shot,,42,clean,clean,ĐÀN ÔNG CÓ HAI THỨ ĐỂ BUỒN, Đại góc gài thức đếp bồn
VIVOSDEV08_277_snr0,vivos,whisper,tiny,zero_shot,,42,0,music,ĐÀN ÔNG CÓ HAI THỨ ĐỂ BUỒN, Đã ngon gái nơi tiếp quốc
VIVOSDEV08_277_snr10,vivos,whisper,tiny,zero_shot,,42,10,music,ĐÀN ÔNG CÓ HAI THỨ ĐỂ BUỒN, Đại góc gài tướng đếp bồn
VIVOSDEV08_277_snr20,vivos,whisper,tiny,zero_shot,,42,20,noise,ĐÀN ÔNG CÓ HAI THỨ ĐỂ BUỒN, Đại góc gái thức đếp bồn
VIVOSDEV08_277_snr5,vivos,whisper,tiny,zero_shot,,42,5,speech,ĐÀN ÔNG CÓ HAI THỨ ĐỂ BUỒN, Tình sẽ đại gão gái tất lý bố
VIVOSDEV08_295_clean,vivos,whisper,tiny,zero_shot,,42,clean,clean,GIÀU ĐỔI BẠN SANG ĐỔI VỢ, giáu đỡ bản xanh đó vào
VIVOSDEV08_295_snr0,vivos,whisper,tiny,zero_shot,,42,0,music,GIÀU ĐỔI BẠN SANG ĐỔI VỢ, Sao đỡ bản xanh đỡ vó
VIVOSDEV08_295_snr10,vivos,whisper,tiny,zero_shot,,42,10,music,GIÀU ĐỔI BẠN SANG ĐỔI VỢ, giào đớ bản chang đó đỡ quá
VIVOSDEV08_295_snr20,vivos,whisper,tiny,zero_shot,,42,20,music,GIÀU ĐỔI BẠN SANG ĐỔI VỢ, giạo đớ bản xanh đớ vó
VIVOSDEV08_295_snr5,vivos,whisper,tiny,zero_shot,,42,5,music,GIÀU ĐỔI BẠN SANG ĐỔI VỢ," Dạo đó bản, xanh đó quá"
VIVOSDEV08_300_clean,vivos,whisper,tiny,zero_shot,,42,clean,clean,ÁN MẠNG TRÊN TOA TÀU TỐC HÀNH, Anh mẹ nghen tốt tạo tóc thàn
VIVOSDEV08_300_snr0,vivos,whisper,tiny,zero_shot,,42,0,noise,ÁN MẠNG TRÊN TOA TÀU TỐC HÀNH, Chúng ta sẽ nghe đến tốt tạo tất hảm
VIVOSDEV08_300_snr10,vivos,whisper,tiny,zero_shot,,42,10,music,ÁN MẠNG TRÊN TOA TÀU TỐC HÀNH, Anh mẹn dinh tốt tạo tóc hành.
VIVOSDEV08_300_snr20,vivos,whisper,tiny,zero_shot,,42,20,speech,ÁN MẠNG TRÊN TOA TÀU TỐC HÀNH, Anh mẹng dên tòa tạo tóc thàn
VIVOSDEV08_300_snr5,vivos,whisper,tiny,zero_shot,,42,5,noise,ÁN MẠNG TRÊN TOA TÀU TỐC HÀNH, em nghe kênh.dau.com
VIVOSDEV09_029_clean,vivos,whisper,tiny,zero_shot,,42,clean,clean,BẠN CÓ THỂ KHIỂN TRÁCH NGƯỜI LÁI XE, Bạn có thể hiện chất người lái xe
VIVOSDEV09_029_snr0,vivos,whisper,tiny,zero_shot,,42,0,noise,BẠN CÓ THỂ KHIỂN TRÁCH NGƯỜI LÁI XE, Bạn có thể hiện chất ngồi đái xe
VIVOSDEV09_029_snr10,vivos,whisper,tiny,zero_shot,,42,10,noise,BẠN CÓ THỂ KHIỂN TRÁCH NGƯỜI LÁI XE, Bản có thể hiện chất người lái xe
VIVOSDEV09_029_snr20,vivos,whisper,tiny,zero_shot,,42,20,noise,BẠN CÓ THỂ KHIỂN TRÁCH NGƯỜI LÁI XE, Bạn có thể hiện chất người lái xe
VIVOSDEV09_029_snr5,vivos,whisper,tiny,zero_shot,,42,5,music,BẠN CÓ THỂ KHIỂN TRÁCH NGƯỜI LÁI XE, và anh có thể hiện chắc người lái xe
VIVOSDEV09_035_clean,vivos,whisper,tiny,zero_shot,,42,clean,clean,LOÁNG THOÁNG TRĂN TRỞ LOÁNG THOÁNG BUỒN VUI, Lóan thoán dành trải lắng tháng bùng vui
VIVOSDEV09_035_snr0,vivos,whisper,tiny,zero_shot,,42,0,noise,LOÁNG THOÁNG TRĂN TRỞ LOÁNG THOÁNG BUỒN VUI, Lóng thóng trong trả lăng thóng bù vô
VIVOSDEV09_035_snr10,vivos,whisper,tiny,zero_shot,,42,10,noise,LOÁNG THOÁNG TRĂN TRỞ LOÁNG THOÁNG BUỒN VUI, Lóan thoán trận trả lắng tháng bụng gôi
VIVOSDEV09_035_snr20,vivos,whisper,tiny,zero_shot,,42,20,noise,LOÁNG THOÁNG TRĂN TRỞ LOÁNG THOÁNG BUỒN VUI, Lóan thoán trận trả lắng tháng bụng buổi.
VIVOSDEV09_035_snr5,vivos,whisper,tiny,zero_shot,,42,5,noise,LOÁNG THOÁNG TRĂN TRỞ LOÁNG THOÁNG BUỒN VUI, Lóan thoán dành trải lăng tháng bùng vui
VIVOSDEV09_038_clean,vivos,whisper,tiny,zero_shot,,42,clean,clean,PHÒNG TRÀ KHIÊU VŨ CÁNH QUẠT CỐI XAY ĐỎ, phòng trà kêu vụ đến quay có xây đó
VIVOSDEV09_038_snr0,vivos,whisper,tiny,zero_shot,,42,0,speech,PHÒNG TRÀ KHIÊU VŨ CÁNH QUẠT CỐI XAY ĐỎ, Chị không có chắc như vô bình hoàn hôm nay.
VIVOSDEV09_038_snr10,vivos,whisper,tiny,zero_shot,,42,10,speech,PHÒNG TRÀ KHIÊU VŨ CÁNH QUẠT CỐI XAY ĐỎ, Phong phòng trà kêu vụ đến hồi em có xây đỏ.
VIVOSDEV09_038_snr20,vivos,whisper,tiny,zero_shot,,42,20,noise,PHÒNG TRÀ KHIÊU VŨ CÁNH QUẠT CỐI XAY ĐỎ, phòng trà kia vụ đến quạc có xây đó
VIVOSDEV09_038_snr5,vivos,whisper,tiny,zero_shot,,42,5,noise,PHÒNG TRÀ KHIÊU VŨ CÁNH QUẠT CỐI XAY ĐỎ, Phần phòng tra vía vụ với RACO xây đó
VIVOSDEV09_041_clean,vivos,whisper,tiny,zero_shot,,42,clean,clean,HIỆN TRONG NHIỀU LOẠI TỎI CÓ MẶT TRÊN THỊ TRƯỜNG, Hẹn trong như lại đợi có mặt trân này trường
VIVOSDEV09_041_snr0,vivos,whisper,tiny,zero_shot,,42,0,noise,HIỆN TRONG NHIỀU LOẠI TỎI CÓ MẶT TRÊN THỊ TRƯỜNG, Em con người lại bảo có mặt trên thịt xe
VIVOSDEV09_041_snr10,vivos,whisper,tiny,zero_shot,,42,10,music,HIỆN TRONG NHIỀU LOẠI TỎI CÓ MẶT TRÊN THỊ TRƯỜNG, Hẹn trong như lại đợi có mặt trân này trường
VIVOSDEV09_041_snr20,vivos,whisper,tiny,zero_shot,,42,20,music,HIỆN TRONG NHIỀU LOẠI TỎI CÓ MẶT TRÊN THỊ TRƯỜNG, Hẹn trong gia đình cho lại đại gó mặt trân này trường
VIVOSDEV09_041_snr5,vivos,whisper,tiny,zero_shot,,42,5,speech,HIỆN TRONG NHIỀU LOẠI TỎI CÓ MẶT TRÊN THỊ TRƯỜNG, Hình trong mẹ lại tối có mọi kia đi chương.
VIVOSDEV09_081_clean,vivos,whisper,tiny,zero_shot,,42,clean,clean,ĐƯỢC MỸ RÁO RIẾT TUNG RA, Được mấy ra quý thùm của ra
VIVOSDEV09_081_snr0,vivos,whisper,tiny,zero_shot,,42,0,noise,ĐƯỢC MỸ RÁO RIẾT TUNG RA, Được mình là quý tụm một án
VIVOSDEV09_081_snr10,vivos,whisper,tiny,zero_shot,,42,10,noise,ĐƯỢC MỸ RÁO RIẾT TUNG RA, Được mấy ra quý tuần mua ra
VIVOSDEV09_081_snr20,vivos,whisper,tiny,zero_shot,,42,20,speech,ĐƯỢC MỸ RÁO RIẾT TUNG RA," Được mấy ra, rồi, vô thương mưa ra."
VIVOSDEV09_081_snr5,vivos,whisper,tiny,zero_shot,,42,5,speech,ĐƯỢC MỸ RÁO RIẾT TUNG RA, Mình đã có những tụi mọi người.
VIVOSDEV09_083_clean,vivos,whisper,tiny,zero_shot,,42,clean,clean,VÌ LƯỢNG CA KHÚC MỚI QUÁ NHIỀU, Vì lượng ca khúc mới quá nhiều.
VIVOSDEV09_083_snr0,vivos,whisper,tiny,zero_shot,,42,0,noise,VÌ LƯỢNG CA KHÚC MỚI QUÁ NHIỀU, Vì lẫn ca khúc mới quá nhìn
VIVOSDEV09_083_snr10,vivos,whisper,tiny,zero_shot,,42,10,speech,VÌ LƯỢNG CA KHÚC MỚI QUÁ NHIỀU, Rồi lời gà khúc mấy rõ nhiều.
VIVOSDEV09_083_snr20,vivos,whisper,tiny,zero_shot,,42,20,music,VÌ LƯỢNG CA KHÚC MỚI QUÁ NHIỀU, Vì lượng ca khúc mới quá nhiều
VIVOSDEV09_083_snr5,vivos,whisper,tiny,zero_shot,,42,5,music,VÌ LƯỢNG CA KHÚC MỚI QUÁ NHIỀU, Trời lần các khuq bài hoang hình
VIVOSDEV09_091_clean,vivos,whisper,tiny,zero_shot,,42,clean,clean,NƯỚC CHẢY QUÁ MẠNH, Nước kẻ quá mạnh
VIVOSDEV09_091_snr0,vivos,whisper,tiny,zero_shot,,42,0,speech,NƯỚC CHẢY QUÁ MẠNH, Cái gì đó?
VIVOSDEV09_091_snr10,vivos,whisper,tiny,zero_shot,,42,10,speech,NƯỚC CHẢY QUÁ MẠNH," Nếu kè quá mọi người,"
VIVOSDEV09_091_snr20,vivos,whisper,tiny,zero_shot,,42,20,speech,NƯỚC CHẢY QUÁ MẠNH, Nước kể quá mạnh
VIVOSDEV09_091_snr5,vivos,whisper,tiny,zero_shot,,42,5,noise,NƯỚC CHẢY QUÁ MẠNH, Nếu kể quá mạnh
VIVOSDEV09_098_clean,vivos,whisper,tiny,zero_shot,,42,clean,clean,KHIẾN CẢ HAI PHẢI GIẬN HỜN VÔ LÝ, khiến kế 2 phải dẫn hần ngô lý
VIVOSDEV09_098_snr0,vivos,whisper,tiny,zero_shot,,42,0,music,KHIẾN CẢ HAI PHẢI GIẬN HỜN VÔ LÝ, Thuyng cán hồi phải dẫn hồi hồi lắm
VIVOSDEV09_098_snr10,vivos,whisper,tiny,zero_shot,,42,10,speech,KHIẾN CẢ HAI PHẢI GIẬN HỜN VÔ LÝ, khiến cá hai phải dần hàng ngôn lý
VIVOSDEV09_098_snr20,vivos,whisper,tiny,zero_shot,,42,20,noise,KHIẾN CẢ HAI PHẢI GIẬN HỜN VÔ LÝ, Huyến cá hai phải dẫn hần gố lý
VIVOSDEV09_098_snr5,vivos,whisper,tiny,zero_shot,,42,5,music,KHIẾN CẢ HAI PHẢI GIẬN HỜN VÔ LÝ, Tuyên cá hai phải dẫn hơn vô lý
VIVOSDEV09_106_clean,vivos,whisper,tiny,zero_shot,,42,clean,clean,RỒI CHÌM LỈM MỘT THỜI GIAN, Rồi dìm lễ mọt thay dàng
VIVOSDEV09_106_snr0,vivos,whisper,tiny,zero_shot,,42,0,speech,RỒI CHÌM LỈM MỘT THỜI GIAN, Nhưng mà...
VIVOSDEV09_106_snr10,vivos,whisper,tiny,zero_shot,,42,10,noise,RỒI CHÌM LỈM MỘT THỜI GIAN, Rồi chìm lễ mọt thầy dàng
VIVOSDEV09_106_snr20,vivos,whisper,tiny,zero_shot,,42,20,music,RỒI CHÌM LỈM MỘT THỜI GIAN, Rồi chim lễ mọt thầy dàng
VIVOSDEV09_106_snr5,vivos,whisper,tiny,zero_shot,,42,5,noise,RỒI CHÌM LỈM MỘT THỜI GIAN, Rồi game late mọc hay ngang
VIVOSDEV09_134_clean,vivos,whisper,tiny,zero_shot,,42,clean,clean,CÂU TRẢ LỜI CỦA ÔNG TA RẤT KHIẾM NHÃ, Câu trái lời của hỗng tà rất kým nhé
VIVOSDEV09_134_snr0,vivos,whisper,tiny,zero_shot,,42,0,noise,CÂU TRẢ LỜI CỦA ÔNG TA RẤT KHIẾM NHÃ, Cô chán gợi của ông bàn rất kým nhá
VIVOSDEV09_134_snr10,vivos,whisper,tiny,zero_shot,,42,10,noise,CÂU TRẢ LỜI CỦA ÔNG TA RẤT KHIẾM NHÃ, Câu chá là hôm nay bà rất khiến nhé
VIVOSDEV09_134_snr20,vivos,whisper,tiny,zero_shot,,42,20,noise,CÂU TRẢ LỜI CỦA ÔNG TA RẤT KHIẾM NHÃ, Câu trái lời của hỗng tà rất kým nhé
VIVOSDEV09_134_snr5,vivos,whisper,tiny,zero_shot,,42,5,noise,CÂU TRẢ LỜI CỦA ÔNG TA RẤT KHIẾM NHÃ, Câu trái lời của ông ta rất khiến nhá
VIVOSDEV09_142_clean,vivos,whisper,tiny,zero_shot,,42,clean,clean,VỀ CHUYỆN ĐANG THEO DÕI BỌN GIÁN ĐIỆP NƯỚC NGOÀI, về chuyển đang theo dõi bọn yên nghiệm nước ngoài.
VIVOSDEV09_142_snr0,vivos,whisper,tiny,zero_shot,,42,0,noise,VỀ CHUYỆN ĐANG THEO DÕI BỌN GIÁN ĐIỆP NƯỚC NGOÀI, Đời kìa phát hay vợi bọn những đức hoài
VIVOSDEV09_142_snr10,vivos,whisper,tiny,zero_shot,,42,10,noise,VỀ CHUYỆN ĐANG THEO DÕI BỌN GIÁN ĐIỆP NƯỚC NGOÀI, Về chuyển đang theo dõi bọn yên để biết ngoài.
VIVOSDEV09_142_snr20,vivos,whisper,tiny,zero_shot,,42,20,noise,VỀ CHUYỆN ĐANG THEO DÕI BỌN GIÁN ĐIỆP NƯỚC NGOÀI, về chuyện đang theo dõi bọn giết nghiệm nước ngoài.
VIVOSDEV09_142_snr5,vivos,whisper,tiny,zero_shot,,42,5,music,VỀ CHUYỆN ĐANG THEO DÕI BỌN GIÁN ĐIỆP NƯỚC NGOÀI, về dễ đáng thay dõi vọng giết nghiệm nước ngoài
VIVOSDEV09_144_clean,vivos,whisper,tiny,zero_shot,,42,clean,clean,ĐƯỢC CẮT TỪ VỎ CHĂN BỘ ĐỘI CŨ CỦA CÁC ÔNG BỐ RA, được các từ või chàng bộ đổi cố cố các ông Bóra
VIVOSDEV09_144_snr0,vivos,whisper,tiny,zero_shot,,42,0,noise,ĐƯỢC CẮT TỪ VỎ CHĂN BỘ ĐỘI CŨ CỦA CÁC ÔNG BỐ RA, Lực các sự või dành bò đời cầu cố gái pháp bó ra
VIVOSDEV09_144_snr10,vivos,whisper,tiny,zero_shot,,42,10,speech,ĐƯỢC CẮT TỪ VỎ CHĂN BỘ ĐỘI CŨ CỦA CÁC ÔNG BỐ RA, được các từ vỏ trang bộ đọi tổ phụ các ông Bộ Rạch.
VIVOSDEV09_144_snr20,vivos,whisper,tiny,zero_shot,,42,20,noise,ĐƯỢC CẮT TỪ VỎ CHĂN BỘ ĐỘI CŨ CỦA CÁC ÔNG BỐ RA, được các từ või chang bộ đổi cố cố các ông Bóra
VIVOSDEV09_144_snr5,vivos,whisper,tiny,zero_shot,,42,5,noise,ĐƯỢC CẮT TỪ VỎ CHĂN BỘ ĐỘI CŨ CỦA CÁC ÔNG BỐ RA, được giác xử vỏ dân mồ đời phủ phát hợp bó ràng
VIVOSDEV09_159_clean,vivos,whisper,tiny,zero_shot,,42,clean,clean,TỨC LẤY SỤN LÀNH TỪ NƠI KHÔNG PHẢI CHỊU LỰC GHÉP VÀO NƠI HƯ, Tức lấy số mạnh từ nơi không phải kiểu lực đẹp vào nơi hơn.
VIVOSDEV09_159_snr0,vivos,whisper,tiny,zero_shot,,42,0,speech,TỨC LẤY SỤN LÀNH TỪ NƠI KHÔNG PHẢI CHỊU LỰC GHÉP VÀO NƠI HƯ, Tất cả lấy số là đời nó không phải nhiều lo vẻ pháo nơi hồ.
VIVOSDEV09_159_snr10,vivos,whisper,tiny,zero_shot,,42,10,noise,TỨC LẤY SỤN LÀNH TỪ NƠI KHÔNG PHẢI CHỊU LỰC GHÉP VÀO NƠI HƯ," Tức lấy chống lần, tưởng nơi phong phải kêu lực, giá phòng nơi hơi."
VIVOSDEV09_159_snr20,vivos,whisper,tiny,zero_shot,,42,20,noise,TỨC LẤY SỤN LÀNH TỪ NƠI KHÔNG PHẢI CHỊU LỰC GHÉP VÀO NƠI HƯ, Tức lấy số mạnh từ nó không phải kêu lực đá phào nơi hơn.
VIVOSDEV09_159_snr5,vivos,whisper,tiny,zero_shot,,42,5,music,TỨC LẤY SỤN LÀNH TỪ NƠI KHÔNG PHẢI CHỊU LỰC GHÉP VÀO NƠI HƯ, Tức lấy số mạnh từ nó không phải chờ lực á phào nơi hơn.
VIVOSDEV09_163_clean,vivos,whisper,tiny,zero_shot,,42,clean,clean,ĐIỀU VÔ CÙNG QUAN TRỌNG TRONG THỜI ĐẠI CÓ QUÁ NHIỀU HOẠT ĐỘNG, Điều gố cùng quan trọng trong thời đại có nhiều quốc độ.
VIVOSDEV09_163_snr0,vivos,whisper,tiny,zero_shot,,42,0,speech,ĐIỀU VÔ CÙNG QUAN TRỌNG TRONG THỜI ĐẠI CÓ QUÁ NHIỀU HOẠT ĐỘNG, Điều có có bán chồng trong thật ai có như bỏ đầu.
VIVOSDEV09_163_snr10,vivos,whisper,tiny,zero_shot,,42,10,noise,ĐIỀU VÔ CÙNG QUAN TRỌNG TRONG THỜI ĐẠI CÓ QUÁ NHIỀU HOẠT ĐỘNG, Điều có cùng bán chồng trong thời đại có nhiều mặt nông
VIVOSDEV09_163_snr20,vivos,whisper,tiny,zero_shot,,42,20,speech,ĐIỀU VÔ CÙNG QUAN TRỌNG TRONG THỜI ĐẠI CÓ QUÁ NHIỀU HOẠT ĐỘNG, Điều có cùng quan trọng trong thời đại có nhiên quốc lòng.
VIVOSDEV09_163_snr5,vivos,whisper,tiny,zero_shot,,42,5,noise,ĐIỀU VÔ CÙNG QUAN TRỌNG TRONG THỜI ĐẠI CÓ QUÁ NHIỀU HOẠT ĐỘNG, Điều có quên bán trộng trong thời đại có nhiều quốc độ.
VIVOSDEV09_166_clean,vivos,whisper,tiny,zero_shot,,42,clean,clean,THÍ SINH TỰ DO CẦN QUAN TÂM ĐẾN ĐỘ VÊNH KIẾN THỨC CÁC MÔN, Thì xin dự do cường quan tâm đến độ vận kinh thức cách mong
VIVOSDEV09_166_snr0,vivos,whisper,tiny,zero_shot,,42,0,music,THÍ SINH TỰ DO CẦN QUAN TÂM ĐẾN ĐỘ VÊNH KIẾN THỨC CÁC MÔN, Hãy bình thủy giáo dở quan hâm đình gấu quanh tinh thức cách mong
VIVOSDEV09_166_snr10,vivos,whisper,tiny,zero_shot,,42,10,music,THÍ SINH TỰ DO CẦN QUAN TÂM ĐẾN ĐỘ VÊNH KIẾN THỨC CÁC MÔN, Thì xình dự do cường quan tâm đến độ vân kinh thức cách mong
VIVOSDEV09_166_snr20,vivos,whisper,tiny,zero_shot,,42,20,speech,THÍ SINH TỰ DO CẦN QUAN TÂM ĐẾN ĐỘ VÊNH KIẾN THỨC CÁC MÔN, Thế dân dự do cường quan tâm đến độ vân kinh thức các mong.
VIVOSDEV09_166_snr5,vivos,whisper,tiny,zero_shot,,42,5,speech,THÍ SINH TỰ DO CẦN QUAN TÂM ĐẾN ĐỘ VÊNH KIẾN THỨC CÁC MÔN, Bây giờ nửi à cường quan tạm đến nấu vận kính thức cách mâu.
VIVOSDEV09_168_clean,vivos,whisper,tiny,zero_shot,,42,clean,clean,MỖI NGƯỜI CHÚNG TA SẼ CÓ NHỮNG THỨ KHÁC NHAU, Bởi người chúng ta sẽ có những thứ khác nhau
VIVOSDEV09_168_snr0,vivos,whisper,tiny,zero_shot,,42,0,noise,MỖI NGƯỜI CHÚNG TA SẼ CÓ NHỮNG THỨ KHÁC NHAU, Mọi người chúng ta sẽ có những tươi khác nhau
VIVOSDEV09_168_snr10,vivos,whisper,tiny,zero_shot,,42,10,music,MỖI NGƯỜI CHÚNG TA SẼ CÓ NHỮNG THỨ KHÁC NHAU, Mọi người chúng ta sẽ có những thứ khác nhau
VIVOSDEV09_168_snr20,vivos,whisper,tiny,zero_shot,,42,20,noise,MỖI NGƯỜI CHÚNG TA SẼ CÓ NHỮNG THỨ KHÁC NHAU, Bọn người chúng ta sẽ có những thứ khác nhau
VIVOSDEV09_168_snr5,vivos,whisper,tiny,zero_shot,,42,5,noise,MỖI NGƯỜI CHÚNG TA SẼ CÓ NHỮNG THỨ KHÁC NHAU, Bởi người chung ta sẽ có những thứ khác nhau
VIVOSDEV09_178_clean,vivos,whisper,tiny,zero_shot,,42,clean,clean,VÀ THẬM CHÍ BẠN CŨNG KHÔNG NÊN CỐ GẮNG, và thảm ký bản cũng không đơn câu gắng.
VIVOSDEV09_178_snr0,vivos,whisper,tiny,zero_shot,,42,0,music,VÀ THẬM CHÍ BẠN CŨNG KHÔNG NÊN CỐ GẮNG, Quả thăm P 반 phủ không một câu dạng?
VIVOSDEV09_178_snr10,vivos,whisper,tiny,zero_shot,,42,10,music,VÀ THẬM CHÍ BẠN CŨNG KHÔNG NÊN CỐ GẮNG, và thảm ký bản phủ không mân câu gắng
VIVOSDEV09_178_snr20,vivos,whisper,tiny,zero_shot,,42,20,noise,VÀ THẬM CHÍ BẠN CŨNG KHÔNG NÊN CỐ GẮNG, và thảm ký bản cũng không mân câu gắng.
VIVOSDEV09_178_snr5,vivos,whisper,tiny,zero_shot,,42,5,music,VÀ THẬM CHÍ BẠN CŨNG KHÔNG NÊN CỐ GẮNG, và thảm phí bán trụ không mất câu gần
VIVOSDEV09_194_clean,vivos,whisper,tiny,zero_shot,,42,clean,clean,TRÊN BẦU TRỜI ÁNH TRĂNG SÁNG VẰNG VẶC, Trình bầu trời ánh trần xen phần quá
VIVOSDEV09_194_snr0,vivos,whisper,tiny,zero_shot,,42,0,music,TRÊN BẦU TRỜI ÁNH TRĂNG SÁNG VẰNG VẶC, Trên bầu trời ánh trần xen phần vật
VIVOSDEV09_194_snr10,vivos,whisper,tiny,zero_shot,,42,10,noise,TRÊN BẦU TRỜI ÁNH TRĂNG SÁNG VẰNG VẶC, Trên bầu trời ánh trần xanh phần quá
VIVOSDEV09_194_snr20,vivos,whisper,tiny,zero_shot,,42,20,music,TRÊN BẦU TRỜI ÁNH TRĂNG SÁNG VẰNG VẶC, Trên bầu trời án trang xang phần quá
VIVOSDEV09_194_snr5,vivos,whisper,tiny,zero_shot,,42,5,speech,TRÊN BẦU TRỜI ÁNH TRĂNG SÁNG VẰNG VẶC, trên bầu trời ánh trang xang phần lên bắt.
VIVOSDEV09_198_clean,vivos,whisper,tiny,zero_shot,,42,clean,clean,LÀ TỔ TIÊN CỦA ÔNG ĐẶNG LÊN ĐẢM TRÁCH VIỆC DẪN ĐƯỜNG, là tổ tiên của ông Đảng Lên đám chất việc dẫn đường.
VIVOSDEV09_198_snr0,vivos,whisper,tiny,zero_shot,,42,0,music,LÀ TỔ TIÊN CỦA ÔNG ĐẶNG LÊN ĐẢM TRÁCH VIỆC DẪN ĐƯỜNG, Là tổ tiền của họ năng lên đáng chắc việc dẫn được
VIVOSDEV09_198_snr10,vivos,whisper,tiny,zero_shot,,42,10,noise,LÀ TỔ TIÊN CỦA ÔNG ĐẶNG LÊN ĐẢM TRÁCH VIỆC DẪN ĐƯỜNG," Là tổ tiền của anh đang lên đáng chắc, việc dẫn được."
VIVOSDEV09_198_snr20,vivos,whisper,tiny,zero_shot,,42,20,music,LÀ TỔ TIÊN CỦA ÔNG ĐẶNG LÊN ĐẢM TRÁCH VIỆC DẪN ĐƯỜNG, là tổ tiên của ông Đảng Lên Đám chất việc giống đường.
VIVOSDEV09_198_snr5,vivos,whisper,tiny,zero_shot,,42,5,music,LÀ TỔ TIÊN CỦA ÔNG ĐẶNG LÊN ĐẢM TRÁCH VIỆC DẪN ĐƯỜNG, Là tốt thuyên của họ mạnh lên đám chất việc tính đường.
VIVOSDEV09_203_clean,vivos,whisper,tiny,zero_shot,,42,clean,clean,TÁM CHÍN MƯỜI MƯỜI MỘT, Tám kiến mơ mề mọng
VIVOSDEV09_203_snr0,vivos,whisper,tiny,zero_shot,,42,0,speech,TÁM CHÍN MƯỜI MƯỜI MỘT, Tâm kinh nơi lời ơi không?
VIVOSDEV09_203_snr10,vivos,whisper,tiny,zero_shot,,42,10,speech,TÁM CHÍN MƯỜI MƯỜI MỘT, tán kiếm mơ mơ mơ mơ.
VIVOSDEV09_203_snr20,vivos,whisper,tiny,zero_shot,,42,20,music,TÁM CHÍN MƯỜI MƯỜI MỘT, Tán kính mơ mề mọng
VIVOSDEV09_203_snr5,vivos,whisper,tiny,zero_shot,,42,5,noise,TÁM CHÍN MƯỜI MƯỜI MỘT, Tám kiến mơ mề mọng
VIVOSDEV09_246_clean,vivos,whisper,tiny,zero_shot,,42,clean,clean,CHÍN MƯƠI TÁM CHÍN MƯƠI CHÍN," Tinh mệt ám, tinh mệt anh."
VIVOSDEV09_246_snr0,vivos,whisper,tiny,zero_shot,,42,0,speech,CHÍN MƯƠI TÁM CHÍN MƯƠI CHÍN, And the ball is the most important thing in the world.
VIVOSDEV09_246_snr10,vivos,whisper,tiny,zero_shot,,42,10,noise,CHÍN MƯƠI TÁM CHÍN MƯƠI CHÍN, Mình mới đám kinh mình dân
VIVOSDEV09_246_snr20,vivos,whisper,tiny,zero_shot,,42,20,music,CHÍN MƯƠI TÁM CHÍN MƯƠI CHÍN," Chính mệt ám, chinh mệt nhìn."
VIVOSDEV09_246_snr5,vivos,whisper,tiny,zero_shot,,42,5,music,CHÍN MƯƠI TÁM CHÍN MƯƠI CHÍN, Nhiều đã mấy cái mình đến
VIVOSDEV09_267_clean,vivos,whisper,tiny,zero_shot,,42,clean,clean,CĂN NHÀ ĐẰNG KIA NGHE NÓI CÓ MA, chân nha đàn kìa nghe nó có mà
VIVOSDEV09_267_snr0,vivos,whisper,tiny,zero_shot,,42,0,noise,CĂN NHÀ ĐẰNG KIA NGHE NÓI CÓ MA, Trênh là đằng tình nha nó có mài
VIVOSDEV09_267_snr10,vivos,whisper,tiny,zero_shot,,42,10,music,CĂN NHÀ ĐẰNG KIA NGHE NÓI CÓ MA, chân nhà đàn kìng nha nó có mà
VIVOSDEV09_267_snr20,vivos,whisper,tiny,zero_shot,,42,20,music,CĂN NHÀ ĐẰNG KIA NGHE NÓI CÓ MA, Trang nha đàn kìa nghe nó có mà
VIVOSDEV09_267_snr5,vivos,whisper,tiny,zero_shot,,42,5,music,CĂN NHÀ ĐẰNG KIA NGHE NÓI CÓ MA, Cân nhà đàn kìa nghe nó có mà
VIVOSDEV09_288_clean,vivos,whisper,tiny,zero_shot,,42,clean,clean,CHẮC SẮP TỚI THU XẾP ĐI DU LỊCH THÔI, Chắc sắp tới tui sắp để yên uống tối
VIVOSDEV09_288_snr0,vivos,whisper,tiny,zero_shot,,42,0,speech,CHẮC SẮP TỚI THU XẾP ĐI DU LỊCH THÔI, Chắc sắp tới tu sẹp đi yếu.
VIVOSDEV09_288_snr10,vivos,whisper,tiny,zero_shot,,42,10,noise,CHẮC SẮP TỚI THU XẾP ĐI DU LỊCH THÔI, Chắc sắp đối trụ sẹp để yếu được thôi
VIVOSDEV09_288_snr20,vivos,whisper,tiny,zero_shot,,42,20,noise,CHẮC SẮP TỚI THU XẾP ĐI DU LỊCH THÔI, Chắc sắp tới tui sẽ đi yên yên tối
VIVOSDEV09_288_snr5,vivos,whisper,tiny,zero_shot,,42,5,noise,CHẮC SẮP TỚI THU XẾP ĐI DU LỊCH THÔI, Chắc sắp tài tuyệt sắp tài tuyệt sắp tài tuyệt sắp tài tuyệt sắp tài tuyệt sắp tài tuyệt tuyệt tuyệt tuyệt tuyệt tuyệt tuyệt tuyệt tuyệt tuyệt tuyệt tuyệt tuyệt tuyệt tuyệt tuyệt tuyệt tuyệt tuyệt tuyệt tuyệt tuyệt tuyệt tuyệt tuyệt tuyệt tuyệt
VIVOSDEV10_010_clean,vivos,whisper,tiny,zero_shot,,42,clean,clean,KHI BỊ CÔNG AN THỘP CỔ KHẨN CẤP, Hì bị công an hợp gỗ hẩn cấp
VIVOSDEV10_010_snr0,vivos,whisper,tiny,zero_shot,,42,0,noise,KHI BỊ CÔNG AN THỘP CỔ KHẨN CẤP, thì bị cơm em khọt cố hận cấp
VIVOSDEV10_010_snr10,vivos,whisper,tiny,zero_shot,,42,10,speech,KHI BỊ CÔNG AN THỘP CỔ KHẨN CẤP," Hãy bây giờ, hãy bây giờ, hãy bây giờ, hãy bây giờ, hãy bây giờ, hãy bây giờ, hãy bây giờ, hãy bây giờ, hãy bây giờ, hãy bây giờ, hãy bây giờ, hãy bây giờ, hãy bây giờ, hãy bây giờ, hãy bây giờ, hãy bây giờ, hãy bây giờ, hãy bây giờ, hãy bây giờ, hãy bây giờ, hãy bây giờ, hãy"
VIVOSDEV10_010_snr20,vivos,whisper,tiny,zero_shot,,42,20,music,KHI BỊ CÔNG AN THỘP CỔ KHẨN CẤP, Hì bị công an hợp gỗ hẩn cấp
VIVOSDEV10_010_snr5,vivos,whisper,tiny,zero_shot,,42,5,noise,KHI BỊ CÔNG AN THỘP CỔ KHẨN CẤP, khi bị công man hợp gỗ hẩn cấp
VIVOSDEV10_017_clean,vivos,whisper,tiny,zero_shot,,42,clean,clean,NGA KHI ẤY CÀNG THÌN NẾT NA, Ngà hư ấy càng nhìn nất ngà
VIVOSDEV10_017_snr0,vivos,whisper,tiny,zero_shot,,42,0,noise,NGA KHI ẤY CÀNG THÌN NẾT NA, Nghe hư a yên tạng như nó phem
VIVOSDEV10_017_snr10,vivos,whisper,tiny,zero_shot,,42,10,music,NGA KHI ẤY CÀNG THÌN NẾT NA, Nghe hư a ạng nhìn nó tè
VIVOSDEV10_017_snr20,vivos,whisper,tiny,zero_shot,,42,20,noise,NGA KHI ẤY CÀNG THÌN NẾT NA," Ngà hư ấy, càng nhìn nất ngà"
VIVOSDEV10_017_snr5,vivos,whisper,tiny,zero_shot,,42,5,music,NGA KHI ẤY CÀNG THÌN NẾT NA," Ngà hư ấy, cảnh nhìn nốt ngà"
VIVOSDEV10_020_clean,vivos,whisper,tiny,zero_shot,,42,clean,clean,VIỆC ÁP DỤNG CẢ BÀN VÁ LỖI VÀ CÔNG CỤ QUÉT, Vì áp dụng cá bàn và lỗi và công cố quế.
VIVOSDEV10_020_snr0,vivos,whisper,tiny,zero_shot,,42,0,noise,VIỆC ÁP DỤNG CẢ BÀN VÁ LỖI VÀ CÔNG CỤ QUÉT, để ngách dồng cá bàng gái lỗi là phòng tố quay
VIVOSDEV10_020_snr10,vivos,whisper,tiny,zero_shot,,42,10,noise,VIỆC ÁP DỤNG CẢ BÀN VÁ LỖI VÀ CÔNG CỤ QUÉT, Vì áp dụng cá bàng quá lỗi và công cổ quá
VIVOSDEV10_020_snr20,vivos,whisper,tiny,zero_shot,,42,20,music,VIỆC ÁP DỤNG CẢ BÀN VÁ LỖI VÀ CÔNG CỤ QUÉT, Vì áp dụng cá bàng ra lỗi và công cổ quá
VIVOSDEV10_020_snr5,vivos,whisper,tiny,zero_shot,,42,5,speech,VIỆC ÁP DỤNG CẢ BÀN VÁ LỖI VÀ CÔNG CỤ QUÉT, Vì nắp dụng cá bà là có quên
VIVOSDEV10_024_clean,vivos,whisper,tiny,zero_shot,,42,clean,clean,NGOÀI TRỜI MƯA CỨ LAY PHAY RẮC HẠT, ngoài gọi mưa tối này phải gặp hẹp
VIVOSDEV10_024_snr0,vivos,whisper,tiny,zero_shot,,42,0,noise,NGOÀI TRỜI MƯA CỨ LAY PHAY RẮC HẠT, ngoài gọi mưa tối này phải gắt hẹp
VIVOSDEV10_024_snr10,vivos,whisper,tiny,zero_shot,,42,10,speech,NGOÀI TRỜI MƯA CỨ LAY PHAY RẮC HẠT, ngoài gọi mưa tối này phải gặp hẹn
VIVOSDEV10_024_snr20,vivos,whisper,tiny,zero_shot,,42,20,music,NGOÀI TRỜI MƯA CỨ LAY PHAY RẮC HẠT, ngoài gọi mua tối ai phai gắt hẹn
VIVOSDEV10_024_snr5,vivos,whisper,tiny,zero_shot,,42,5,noise,NGOÀI TRỜI MƯA CỨ LAY PHAY RẮC HẠT, Wipe trời mùa tối ai phai gặp hẹp
VIVOSDEV10_035_clean,vivos,whisper,tiny,zero_shot,,42,clean,clean,CÓ THỂ GIÚP TA QUÊN ĐI NHỮNG NỖI ƯU PHIỀN, có hãy giết gà bên lý những ảy ư phẹn
VIVOSDEV10_035_snr0,vivos,whisper,tiny,zero_shot,,42,0,noise,CÓ THỂ GIÚP TA QUÊN ĐI NHỮNG NỖI ƯU PHIỀN, có thể giúp cao lên đi những ngọi uống
VIVOSDEV10_035_snr10,vivos,whisper,tiny,zero_shot,,42,10,music,CÓ THỂ GIÚP TA QUÊN ĐI NHỮNG NỖI ƯU PHIỀN, có hệ giúp cao 1 đi những nỗi u育
VIVOSDEV10_035_snr20,vivos,whisper,tiny,zero_shot,,42,20,noise,CÓ THỂ GIÚP TA QUÊN ĐI NHỮNG NỖI ƯU PHIỀN, có hãy giết gà quân lý những ảy ưu phẹn
VIVOSDEV10_035_snr5,vivos,whisper,tiny,zero_shot,,42,5,noise,CÓ THỂ GIÚP TA QUÊN ĐI NHỮNG NỖI ƯU PHIỀN, có hãy giúp ta 1 đi những ỏi ưu phép
VIVOSDEV10_043_clean,vivos,whisper,tiny,zero_shot,,42,clean,clean,MÀ DUNG DĂNG NHÉ CẦM TAY ĐẤT TRỜI, mà dung dân nha cảm ca lất chơi
VIVOSDEV10_043_snr0,vivos,whisper,tiny,zero_shot,,42,0,speech,MÀ DUNG DĂNG NHÉ CẦM TAY ĐẤT TRỜI," Mà dù ra, cầm tay lất đời"
VIVOSDEV10_043_snr10,vivos,whisper,tiny,zero_shot,,42,10,speech,MÀ DUNG DĂNG NHÉ CẦM TAY ĐẤT TRỜI," Mà dung dân nhé, tầm tay lất trời"
VIVOSDEV10_043_snr20,vivos,whisper,tiny,zero_shot,,42,20,music,MÀ DUNG DĂNG NHÉ CẦM TAY ĐẤT TRỜI," Mà dung dân nha, cảm ca lất gái"
VIVOSDEV10_043_snr5,vivos,whisper,tiny,zero_shot,,42,5,speech,MÀ DUNG DĂNG NHÉ CẦM TAY ĐẤT TRỜI," Vậy mà lúc nhận nghe, tàm tài đất chai"
VIVOSDEV10_045_clean,vivos,whisper,tiny,zero_shot,,42,clean,clean,TÔI LỚN LÊN TRONG SỰ GHẺ LẠNH CỦA NGƯỜI MẸ KẾ," Cô giáo nghe anh, công sử dẻ anh cũng người mẹ kế"
VIVOSDEV10_045_snr0,vivos,whisper,tiny,zero_shot,,42,0,speech,TÔI LỚN LÊN TRONG SỰ GHẺ LẠNH CỦA NGƯỜI MẸ KẾ," Tôi không hôm nay, không phải không phải không phải không phải không phải không phải không phải không phải không phải không phải không phải không phải không phải không phải không phải không phải không phải không phải không phải không phải không phải không phải không phải không phải không phải không phải không phải không phải không phải không phải không phải không phải không phải không phải không phải không phải không phải không phải không phải không phải không phải không phải không phải không phải không phải không phải không phải không phải không phải không phải không phải không phải không phải không phải không phải không phải không phải không phải không phải không phải không phải"
VIVOSDEV10_045_snr10,vivos,whisper,tiny,zero_shot,,42,10,speech,TÔI LỚN LÊN TRONG SỰ GHẺ LẠNH CỦA NGƯỜI MẸ KẾ," Cô giáo nhanh, công sử, cái hạn có người mẹ kế."
VIVOSDEV10_045_snr20,vivos,whisper,tiny,zero_shot,,42,20,music,TÔI LỚN LÊN TRONG SỰ GHẺ LẠNH CỦA NGƯỜI MẸ KẾ," Cô giáo nghe anh, công sử dẻ hệ anh, cố người mẹ kế"
VIVOSDEV10_045_snr5,vivos,whisper,tiny,zero_shot,,42,5,music,TÔI LỚN LÊN TRONG SỰ GHẺ LẠNH CỦA NGƯỜI MẸ KẾ," Cô giáo em, công sợ kẻ em, cố gùi mẹ kẻ."
VIVOSDEV10_067_clean,vivos,whisper,tiny,zero_shot,,42,clean,clean,THẾ NHƯNG TÔI KHÔNG ÂN HẬN KHI TRỞ THÀNH ĐẢ NỮ, Hãy nhìn cười hồng hận hình khí chở hành lãng ữ
VIVOSDEV10_067_snr0,vivos,whisper,tiny,zero_shot,,42,0,noise,THẾ NHƯNG TÔI KHÔNG ÂN HẬN KHI TRỞ THÀNH ĐẢ NỮ," Thế nhìn cười hồng hân hận, khi chở hành lãn ữ"
VIVOSDEV10_067_snr10,vivos,whisper,tiny,zero_shot,,42,10,noise,THẾ NHƯNG TÔI KHÔNG ÂN HẬN KHI TRỞ THÀNH ĐẢ NỮ," Thế nhìn cười hồng hận, khi chở hành lã ngữ"
VIVOSDEV10_067_snr20,vivos,whisper,tiny,zero_shot,,42,20,noise,THẾ NHƯNG TÔI KHÔNG ÂN HẬN KHI TRỞ THÀNH ĐẢ NỮ," Thế nhìn của hông hông, khi chở hạn Ấn Ấn Ấn Ấn Ấn Ấn Ấn Ấn Ấn Ấn Ấn Ấn Ấn Ấn Ấn Ấn Ấn Ấn Ấn Ấn Ấn Ấn Ấn Ấn Ấn Ấn Ấn Ấn "
VIVOSDEV10_067_snr5,vivos,whisper,tiny,zero_shot,,42,5,music,THẾ NHƯNG TÔI KHÔNG ÂN HẬN KHI TRỞ THÀNH ĐẢ NỮ, Hãy nhìn tôi không muốn hẳng khi chở hành đạn nấu
VIVOSDEV10_068_clean,vivos,whisper,tiny,zero_shot,,42,clean,clean,VỚI MỘT TỐC ĐỘ MÀ CHÚNG TA KHÔNG THỂ ĐI ĐẾN TẬN CÙNG CỦA NÓ," Với mọi các lộ mà chúng ta hôm mẹ dây lên, cận công có ngá"
VIVOSDEV10_068_snr0,vivos,whisper,tiny,zero_shot,,42,0,noise,VỚI MỘT TỐC ĐỘ MÀ CHÚNG TA KHÔNG THỂ ĐI ĐẾN TẬN CÙNG CỦA NÓ, Với mọc cấp lỡ mai chúc ta họng máy với cận công gớn á
VIVOSDEV10_068_snr10,vivos,whisper,tiny,zero_shot,,42,10,noise,VỚI MỘT TỐC ĐỘ MÀ CHÚNG TA KHÔNG THỂ ĐI ĐẾN TẬN CÙNG CỦA NÓ," Với mọi các lâu mà chúng ta hôm mẹ dây lên, cận công con nó"
VIVOSDEV10_068_snr20,vivos,whisper,tiny,zero_shot,,42,20,music,VỚI MỘT TỐC ĐỘ MÀ CHÚNG TA KHÔNG THỂ ĐI ĐẾN TẬN CÙNG CỦA NÓ," quay mỏ cấp lỏ, mài chúng ta hôm mẽ dây lên, cận công con nó"
VIVOSDEV10_068_snr5,vivos,whisper,tiny,zero_shot,,42,5,music,VỚI MỘT TỐC ĐỘ MÀ CHÚNG TA KHÔNG THỂ ĐI ĐẾN TẬN CÙNG CỦA NÓ," Với mọng cấp lâu, mạnh thúc ca học mẽ người rất, cạnh thông thông thông thông thông"
VIVOSDEV10_072_clean,vivos,whisper,tiny,zero_shot,,42,clean,clean,TÔI THẤY ĐỒNG LƯƠNG CỦA MÌNH NĂM NĂM RỒI VẪN ĐỨNG NGUYÊN," Cười hãy nhìn đường của mình, năm năm rồi vẫn cứu nguyên."
VIVOSDEV10_072_snr0,vivos,whisper,tiny,zero_shot,,42,0,noise,TÔI THẤY ĐỒNG LƯƠNG CỦA MÌNH NĂM NĂM RỒI VẪN ĐỨNG NGUYÊN, Tôi thấy là nếu có mạnh nhanh nơi lắm không?
VIVOSDEV10_072_snr10,vivos,whisper,tiny,zero_shot,,42,10,speech,TÔI THẤY ĐỒNG LƯƠNG CỦA MÌNH NĂM NĂM RỒI VẪN ĐỨNG NGUYÊN, Cậu hãy nhận nằm ngồi bản đến muyên
VIVOSDEV10_072_snr20,vivos,whisper,tiny,zero_shot,,42,20,speech,TÔI THẤY ĐỒNG LƯƠNG CỦA MÌNH NĂM NĂM RỒI VẪN ĐỨNG NGUYÊN," Cười hãy làm đơn cố mình 5 năm rồi, bỏng nước quên."
VIVOSDEV10_072_snr5,vivos,whisper,tiny,zero_shot,,42,5,noise,TÔI THẤY ĐỒNG LƯƠNG CỦA MÌNH NĂM NĂM RỒI VẪN ĐỨNG NGUYÊN, Cười thấy dòng đường có mọi người ạ
VIVOSDEV10_073_clean,vivos,whisper,tiny,zero_shot,,42,clean,clean,ĐỂ CHẤM DỨT NẠN BẠO HÀNH TRONG GIA ĐÌNH, để cấm giức ngãng bấu hàn công dân
VIVOSDEV10_073_snr0,vivos,whisper,tiny,zero_shot,,42,0,noise,ĐỂ CHẤM DỨT NẠN BẠO HÀNH TRONG GIA ĐÌNH, ở trong giúp ngàn báo hạn trong giơn
VIVOSDEV10_073_snr10,vivos,whisper,tiny,zero_shot,,42,10,music,ĐỂ CHẤM DỨT NẠN BẠO HÀNH TRONG GIA ĐÌNH, để cấm giức ngã bấu hành trong giai
VIVOSDEV10_073_snr20,vivos,whisper,tiny,zero_shot,,42,20,noise,ĐỂ CHẤM DỨT NẠN BẠO HÀNH TRONG GIA ĐÌNH, Để cấm giết ngãng báo hành trong giai
VIVOSDEV10_073_snr5,vivos,whisper,tiny,zero_shot,,42,5,music,ĐỂ CHẤM DỨT NẠN BẠO HÀNH TRONG GIA ĐÌNH, để cấm giức ngãng bầu hàng công dân
VIVOSDEV10_076_clean,vivos,whisper,tiny,zero_shot,,42,clean,clean,LÀM ĐƯỜNG SÁ NGẬP XẮP XẮP QUANH NĂM SUỐT THÁNG, Đàm đường chá ngạm xa p sep xup 1 năm chú khán
VIVOSDEV10_076_snr0,vivos,whisper,tiny,zero_shot,,42,0,noise,LÀM ĐƯỜNG SÁ NGẬP XẮP XẮP QUANH NĂM SUỐT THÁNG," Đám đồng chán, nọc xác 1 năm xúc em"
VIVOSDEV10_076_snr10,vivos,whisper,tiny,zero_shot,,42,10,music,LÀM ĐƯỜNG SÁ NGẬP XẮP XẮP QUANH NĂM SUỐT THÁNG," Đằm đường chá nhạm xa trọc, quan ngâm chú khán"
VIVOSDEV10_076_snr20,vivos,whisper,tiny,zero_shot,,42,20,speech,LÀM ĐƯỜNG SÁ NGẬP XẮP XẮP QUANH NĂM SUỐT THÁNG, Đầm đường chá nhạm xa p sắp xup 1 năm chú khé
VIVOSDEV10_076_snr5,vivos,whisper,tiny,zero_shot,,42,5,speech,LÀM ĐƯỜNG SÁ NGẬP XẮP XẮP QUANH NĂM SUỐT THÁNG," Đóng, đúng, đúng, đúng."
VIVOSDEV10_117_clean,vivos,whisper,tiny,zero_shot,,42,clean,clean,CÁI KHÓ LÀ, Cái khói á
VIVOSDEV10_117_snr0,vivos,whisper,tiny,zero_shot,,42,0,speech,CÁI KHÓ LÀ," Thôi, thôi, thôi."
VIVOSDEV10_117_snr10,vivos,whisper,tiny,zero_shot,,42,10,noise,CÁI KHÓ LÀ, Cái hỏi là
VIVOSDEV10_117_snr20,vivos,whisper,tiny,zero_shot,,42,20,noise,CÁI KHÓ LÀ, Cái khói á
VIVOSDEV10_117_snr5,vivos,whisper,tiny,zero_shot,,42,5,music,CÁI KHÓ LÀ, Cái khói à
VIVOSDEV10_140_clean,vivos,whisper,tiny,zero_shot,,42,clean,clean,CHÀNG TRAI LỒM CỒM BÒ DẬY MẶT MÀY XANH LÉT NHƯ TÀU LÁ CHUỐI," Càng chai đợp cơm bò dạy, mặt mạy xanh đe, như cao à chui"
VIVOSDEV10_140_snr0,vivos,whisper,tiny,zero_shot,,42,0,noise,CHÀNG TRAI LỒM CỒM BÒ DẬY MẶT MÀY XANH LÉT NHƯ TÀU LÁ CHUỐI," Cái em, các em có bỏ dẻ, mình mẹ nhìn nhìn này. Yêu gà hoạch tuy."
VIVOSDEV10_140_snr10,vivos,whisper,tiny,zero_shot,,42,10,speech,CHÀNG TRAI LỒM CỒM BÒ DẬY MẶT MÀY XANH LÉT NHƯ TÀU LÁ CHUỐI," Càng chai, đợp cơm bò dậy, mà mạng xanh nè. Nhiều càu a chú."
VIVOSDEV10_140_snr20,vivos,whisper,tiny,zero_shot,,42,20,noise,CHÀNG TRAI LỒM CỒM BÒ DẬY MẶT MÀY XANH LÉT NHƯ TÀU LÁ CHUỐI," Càng chai, đợp cơm bò dạy, mặt mạy chân đe, như cao à chui"
VIVOSDEV10_140_snr5,vivos,whisper,tiny,zero_shot,,42,5,noise,CHÀNG TRAI LỒM CỒM BÒ DẬY MẶT MÀY XANH LÉT NHƯ TÀU LÁ CHUỐI," Cái này là có bôi dạy mặt mạy xanh đi, như càu ở chủi"
VIVOSDEV10_162_clean,vivos,whisper,tiny,zero_shot,,42,clean,clean,CŨNG LÀ TIN VUI CHO TẤT CẢ NHỮNG AI, Cổng ra tin buổi cho các cánh nhấn ai
VIVOSDEV10_162_snr0,vivos,whisper,tiny,zero_shot,,42,0,music,CŨNG LÀ TIN VUI CHO TẤT CẢ NHỮNG AI," Thì sẽ tổng giả trên buổi, tổ tất cả những hẹn."
VIVOSDEV10_162_snr10,vivos,whisper,tiny,zero_shot,,42,10,noise,CŨNG LÀ TIN VUI CHO TẤT CẢ NHỮNG AI, Cổng hả tin buổi cho các cánh nhấn ai
VIVOSDEV10_162_snr20,vivos,whisper,tiny,zero_shot,,42,20,speech,CŨNG LÀ TIN VUI CHO TẤT CẢ NHỮNG AI, Cổng ra tin buổi cho các cánh dẫn ai
VIVOSDEV10_162_snr5,vivos,whisper,tiny,zero_shot,,42,5,speech,CŨNG LÀ TIN VUI CHO TẤT CẢ NHỮNG AI, Cái gì đó?
VIVOSDEV10_172_clean,vivos,whisper,tiny,zero_shot,,42,clean,clean,HƯỢM ĐÃ CÒN PHẢI ĐIỀU CHỈNH, Hôm mẹ còn phải ở chảnh
VIVOSDEV10_172_snr0,vivos,whisper,tiny,zero_shot,,42,0,speech,HƯỢM ĐÃ CÒN PHẢI ĐIỀU CHỈNH, Mẹ con vài vậy
VIVOSDEV10_172_snr10,vivos,whisper,tiny,zero_shot,,42,10,noise,HƯỢM ĐÃ CÒN PHẢI ĐIỀU CHỈNH, Hôm mẽ còn phải hồ dẫn
VIVOSDEV10_172_snr20,vivos,whisper,tiny,zero_shot,,42,20,music,HƯỢM ĐÃ CÒN PHẢI ĐIỀU CHỈNH," Hôm mẹ còn, bãiều dẫn."
VIVOSDEV10_172_snr5,vivos,whisper,tiny,zero_shot,,42,5,speech,HƯỢM ĐÃ CÒN PHẢI ĐIỀU CHỈNH," Hôm nay, các bạn có phá yên quán."
VIVOSDEV10_176_clean,vivos,whisper,tiny,zero_shot,,42,clean,clean,TRONG TÌNH THẾ ẤY CHỈ ĐÁM TRẺ VEN SÔNG," Công cình thấy ai, kỹ rấm, kỹ ở quen trông"
VIVOSDEV10_176_snr0,vivos,whisper,tiny,zero_shot,,42,0,noise,TRONG TÌNH THẾ ẤY CHỈ ĐÁM TRẺ VEN SÔNG," Công cình thấy ảnh, chỉ giám kẻo bên trong"
VIVOSDEV10_176_snr10,vivos,whisper,tiny,zero_shot,,42,10,noise,TRONG TÌNH THẾ ẤY CHỈ ĐÁM TRẺ VEN SÔNG," Công cình thấy ai, kỳ làm kỳ ở bên trong"
VIVOSDEV10_176_snr20,vivos,whisper,tiny,zero_shot,,42,20,music,TRONG TÌNH THẾ ẤY CHỈ ĐÁM TRẺ VEN SÔNG," Công cình thấy ai, kỹ em, kỹ em, kỹ em, kỹ em, kỹ em, kỹ em, kỹ em, kỹ em, kỹ em, kỹ em, kỹ em, kỹ em, kỹ em, kỹ em, kỹ em, kỹ em, kỹ em, kỹ em, kỹ em, kỹ em, kỹ em, kỹ em, kỹ em, kỹ em, kỹ em, kỹ em, kỹ em, kỹ em, kỹ em, kỹ em, k"
VIVOSDEV10_176_snr5,vivos,whisper,tiny,zero_shot,,42,5,music,TRONG TÌNH THẾ ẤY CHỈ ĐÁM TRẺ VEN SÔNG," Công cần thấy ái, chỉ làm kẻ áo vang sống."
VIVOSDEV10_189_clean,vivos,whisper,tiny,zero_shot,,42,clean,clean,NẾU ĐI TIẾP NHA TRANG, Nếu we clip nhạc kè
VIVOSDEV10_189_snr0,vivos,whisper,tiny,zero_shot,,42,0,speech,NẾU ĐI TIẾP NHA TRANG, Nếu không có thể là ổn vọng
VIVOSDEV10_189_snr10,vivos,whisper,tiny,zero_shot,,42,10,speech,NẾU ĐI TIẾP NHA TRANG, Nếu như quay cây bình nhạc kè
VIVOSDEV10_189_snr20,vivos,whisper,tiny,zero_shot,,42,20,music,NẾU ĐI TIẾP NHA TRANG, Nếu wey cây bình nhạc kè
VIVOSDEV10_189_snr5,vivos,whisper,tiny,zero_shot,,42,5,noise,NẾU ĐI TIẾP NHA TRANG," Nếu wey cây, nhạc kênh"
VIVOSDEV10_194_clean,vivos,whisper,tiny,zero_shot,,42,clean,clean,TỨC CHANH CÓ THỂ TRỊ ĐƯỢC BỆNH, Tức can có hãy kể được bận
VIVOSDEV10_194_snr0,vivos,whisper,tiny,zero_shot,,42,0,speech,TỨC CHANH CÓ THỂ TRỊ ĐƯỢC BỆNH, Cái gì?
VIVOSDEV10_194_snr10,vivos,whisper,tiny,zero_shot,,42,10,noise,TỨC CHANH CÓ THỂ TRỊ ĐƯỢC BỆNH, Tức can có hãy kể dụng bận
VIVOSDEV10_194_snr20,vivos,whisper,tiny,zero_shot,,42,20,noise,TỨC CHANH CÓ THỂ TRỊ ĐƯỢC BỆNH, Tức can có hãy kể được bận
VIVOSDEV10_194_snr5,vivos,whisper,tiny,zero_shot,,42,5,music,TỨC CHANH CÓ THỂ TRỊ ĐƯỢC BỆNH, Cái gì đâu?
VIVOSDEV10_211_clean,vivos,whisper,tiny,zero_shot,,42,clean,clean,HAI MƯƠI TÁM HAI MƯƠI CHÍN," Hãy mưa cảm, hãy mưa kiến"
VIVOSDEV10_211_snr0,vivos,whisper,tiny,zero_shot,,42,0,speech,HAI MƯƠI TÁM HAI MƯƠI CHÍN," Hãy mấy bóng tâm, tâm, tâm, tâm, tâm, tâm, tâm, tâm, tâm, tâm, tâm, tâm, tâm, tâm, tâm, tâm, tâm, tâm, tâm, tâm, tâm, tâm, tâm, tâm, tâm, tâm, tâm, tâm, tâm, tâm, tâm, tâm, tâm, tâm, tâm, tâm, tâm, tâm, tâm, tâm, t"
VIVOSDEV10_211_snr10,vivos,whisper,tiny,zero_shot,,42,10,speech,HAI MƯƠI TÁM HAI MƯƠI CHÍN," Hàng quý cắm, hàng quý cạnh."
VIVOSDEV10_211_snr20,vivos,whisper,tiny,zero_shot,,42,20,noise,HAI MƯƠI TÁM HAI MƯƠI CHÍN," Hãy mưa cảm, hãy mưa kinh."
VIVOSDEV10_211_snr5,vivos,whisper,tiny,zero_shot,,42,5,speech,HAI MƯƠI TÁM HAI MƯƠI CHÍN," Hãy mưa cảm, hãy mưa chết"
VIVOSDEV10_212_clean,vivos,whisper,tiny,zero_shot,,42,clean,clean,BA MƯƠI BA MƯƠI MỐT," Bà mời, bà môi mốt"
VIVOSDEV10_212_snr0,vivos,whisper,tiny,zero_shot,,42,0,noise,BA MƯƠI BA MƯƠI MỐT," Bà mời, bà mời mốt"
VIVOSDEV10_212_snr10,vivos,whisper,tiny,zero_shot,,42,10,speech,BA MƯƠI BA MƯƠI MỐT," Bà mưa, bà mưa mốt"
VIVOSDEV10_212_snr20,vivos,whisper,tiny,zero_shot,,42,20,music,BA MƯƠI BA MƯƠI MỐT," Bà mời, bà mời mốt"
VIVOSDEV10_212_snr5,vivos,whisper,tiny,zero_shot,,42,5,music,BA MƯƠI BA MƯƠI MỐT," Bà mời, bà môi mong"
VIVOSDEV10_227_clean,vivos,whisper,tiny,zero_shot,,42,clean,clean,SÁU MƯƠI SÁU MƯƠI MỐT, xa mới xa mới mốt
VIVOSDEV10_227_snr0,vivos,whisper,tiny,zero_shot,,42,0,noise,SÁU MƯƠI SÁU MƯƠI MỐT, xa mưa xa mưa mốt
VIVOSDEV10_227_snr10,vivos,whisper,tiny,zero_shot,,42,10,music,SÁU MƯƠI SÁU MƯƠI MỐT, xa mưa xa mưa mốt
VIVOSDEV10_227_snr20,vivos,whisper,tiny,zero_shot,,42,20,speech,SÁU MƯƠI SÁU MƯƠI MỐT, xa mưa xa mưa mốt
VIVOSDEV10_227_snr5,vivos,whisper,tiny,zero_shot,,42,5,music,SÁU MƯƠI SÁU MƯƠI MỐT, xa mưa xa mưa mốc
VIVOSDEV10_234_clean,vivos,whisper,tiny,zero_shot,,42,clean,clean,BẢY MƯƠI BỐN BẢY MƯƠI LĂM," Bái mề bong, bái mề làm"
VIVOSDEV10_234_snr0,vivos,whisper,tiny,zero_shot,,42,0,noise,BẢY MƯƠI BỐN BẢY MƯƠI LĂM," Bái mì bong, bái mì làm"
VIVOSDEV10_234_snr10,vivos,whisper,tiny,zero_shot,,42,10,speech,BẢY MƯƠI BỐN BẢY MƯƠI LĂM," Bây giờ, bây giờ, bây giờ, bây giờ, bây giờ, bây giờ, bây giờ, bây giờ, bây giờ, bây giờ, bây giờ, bây giờ, bây giờ, bây giờ, bây giờ, bây giờ, bây giờ, bây giờ, bây giờ, bây giờ, bây giờ, bây giờ, bây giờ, bây giờ, bây giờ, bây giờ, bây giờ, bây giờ, bây giờ, bây giờ, bây giờ, bây giờ,"
VIVOSDEV10_234_snr20,vivos,whisper,tiny,zero_shot,,42,20,noise,BẢY MƯƠI BỐN BẢY MƯƠI LĂM," Bái mề bong, bái mề làm"
VIVOSDEV10_234_snr5,vivos,whisper,tiny,zero_shot,,42,5,noise,BẢY MƯƠI BỐN BẢY MƯƠI LĂM," Bây giờ, bây giờ, bây giờ, bây giờ, bây giờ, bây giờ, bây giờ, bây giờ, bây giờ, bây giờ, bây giờ, bây giờ, bây giờ, bây giờ, bây giờ, bây giờ, bây giờ, bây giờ, bây giờ, bây giờ, bây giờ, bây giờ, bây giờ, bây giờ, bây giờ, bây giờ, bây giờ, bây giờ, bây giờ, bây giờ, bây giờ, bây giờ,"
VIVOSDEV10_247_clean,vivos,whisper,tiny,zero_shot,,42,clean,clean,MỘT TRĂM MỘT HAI BA," Một căm, một hài ba"
VIVOSDEV10_247_snr0,vivos,whisper,tiny,zero_shot,,42,0,speech,MỘT TRĂM MỘT HAI BA," Đúng rồi, đúng rồi, đúng rồi, đúng rồi, đúng rồi, đúng rồi, đúng rồi, đúng rồi, đúng rồi, đúng rồi, đúng rồi, đúng rồi, đúng rồi, đúng rồi, đúng rồi, đúng rồi, đúng rồi, đúng rồi, đúng rồi, đúng rồi, đúng rồi, đúng rồi, đúng rồi, đúng rồi, đúng rồi, đúng rồi, đúng rồi, đúng rồi, đúng rồi, đúng rồi, đúng rồi, đúng rồi,"
VIVOSDEV10_247_snr10,vivos,whisper,tiny,zero_shot,,42,10,noise,MỘT TRĂM MỘT HAI BA," Bộ chăm, bộ hay ba"
VIVOSDEV10_247_snr20,vivos,whisper,tiny,zero_shot,,42,20,noise,MỘT TRĂM MỘT HAI BA," Một chăm, một hài bác"
VIVOSDEV10_247_snr5,vivos,whisper,tiny,zero_shot,,42,5,noise,MỘT TRĂM MỘT HAI BA," Một đâm, một hài ba"
VIVOSDEV10_249_clean,vivos,whisper,tiny,zero_shot,,42,clean,clean,KHÔNG HAI BỐN SÁU TÁM, Hồng 2 bốm xáo cám
VIVOSDEV10_249_snr0,vivos,whisper,tiny,zero_shot,,42,0,noise,KHÔNG HAI BỐN SÁU TÁM, Hồng hài bốm cháo cám
VIVOSDEV10_249_snr10,vivos,whisper,tiny,zero_shot,,42,10,speech,KHÔNG HAI BỐN SÁU TÁM, không hài bốm cháo cám
VIVOSDEV10_249_snr20,vivos,whisper,tiny,zero_shot,,42,20,music,KHÔNG HAI BỐN SÁU TÁM, Hồng 2 bộm xáo cám
VIVOSDEV10_249_snr5,vivos,whisper,tiny,zero_shot,,42,5,music,KHÔNG HAI BỐN SÁU TÁM, Không hãy bố chào các
VIVOSDEV10_278_clean,vivos,whisper,tiny,zero_shot,,42,clean,clean,TỘI NGHIỆP ĐỨA NHỎ KHÔNG AI CHĂM SÓC, Còn nghiệp đứng nhỏ không ai chăm sóc
VIVOSDEV10_278_snr0,vivos,whisper,tiny,zero_shot,,42,0,music,TỘI NGHIỆP ĐỨA NHỎ KHÔNG AI CHĂM SÓC, Có nghe thứ nhá không ai giấm xup
VIVOSDEV10_278_snr10,vivos,whisper,tiny,zero_shot,,42,10,noise,TỘI NGHIỆP ĐỨA NHỎ KHÔNG AI CHĂM SÓC, Còn nghiệp đứng nhỏ không ai chăm sóc
VIVOSDEV10_278_snr20,vivos,whisper,tiny,zero_shot,,42,20,music,TỘI NGHIỆP ĐỨA NHỎ KHÔNG AI CHĂM SÓC," Còn nề bướng nhỏ, không ai chăm sóc"
VIVOSDEV10_278_snr5,vivos,whisper,tiny,zero_shot,,42,5,music,TỘI NGHIỆP ĐỨA NHỎ KHÔNG AI CHĂM SÓC, Còn nhiệp đứa nhỏ không ai chăm sóc
VIVOSDEV11_022_clean,vivos,whisper,tiny,zero_shot,,42,clean,clean,SẼ LÀM GIẢM TÌNH TRẠNG ÓI ỌC CỦA TRẺ, sẽ làm tình đáng ối ập của đẹp
VIVOSDEV11_022_snr0,vivos,whisper,tiny,zero_shot,,42,0,speech,SẼ LÀM GIẢM TÌNH TRẠNG ÓI ỌC CỦA TRẺ, sẽ làm tình trang ở nộp của tế
VIVOSDEV11_022_snr10,vivos,whisper,tiny,zero_shot,,42,10,noise,SẼ LÀM GIẢM TÌNH TRẠNG ÓI ỌC CỦA TRẺ, sẽ làm tình tàng ối ập của tàng
VIVOSDEV11_022_snr20,vivos,whisper,tiny,zero_shot,,42,20,music,SẼ LÀM GIẢM TÌNH TRẠNG ÓI ỌC CỦA TRẺ, sẽ làm tình tàng ối học của tế
VIVOSDEV11_022_snr5,vivos,whisper,tiny,zero_shot,,42,5,noise,SẼ LÀM GIẢM TÌNH TRẠNG ÓI ỌC CỦA TRẺ, sẽ làm tình tên ớ ọc của tế
VIVOSDEV11_046_clean,vivos,whisper,tiny,zero_shot,,42,clean,clean,ĐỪNG BAO GIỜ ĐỂ CHO BẤT KỲ AI NÓI VỚI BẠN RẰNG, Đừng bao giờ để cho bất kỳ ai nói với bản răng
VIVOSDEV11_046_snr0,vivos,whisper,tiny,zero_shot,,42,0,noise,ĐỪNG BAO GIỜ ĐỂ CHO BẤT KỲ AI NÓI VỚI BẠN RẰNG, Đừng bao giờ để cho bất kỳ ai ngôi với bản trang
VIVOSDEV11_046_snr10,vivos,whisper,tiny,zero_shot,,42,10,music,ĐỪNG BAO GIỜ ĐỂ CHO BẤT KỲ AI NÓI VỚI BẠN RẰNG, Đừng bao giờ để cho bất kỳ ai nói với bản răng
VIVOSDEV11_046_snr20,vivos,whisper,tiny,zero_shot,,42,20,noise,ĐỪNG BAO GIỜ ĐỂ CHO BẤT KỲ AI NÓI VỚI BẠN RẰNG, Đừng bao giờ để cho bất kỳ ai nói với bản răng
VIVOSDEV11_046_snr5,vivos,whisper,tiny,zero_shot,,42,5,noise,ĐỪNG BAO GIỜ ĐỂ CHO BẤT KỲ AI NÓI VỚI BẠN RẰNG, Đừng bao giờ để cho bất kỳ ai nói với bản răng
VIVOSDEV11_057_clean,vivos,whisper,tiny,zero_shot,,42,clean,clean,NẾU VÌ CHÚNG TÔI, Nếu về chúng tôi
VIVOSDEV11_057_snr0,vivos,whisper,tiny,zero_shot,,42,0,music,NẾU VÌ CHÚNG TÔI, Nếu về chủ tỏi
VIVOSDEV11_057_snr10,vivos,whisper,tiny,zero_shot,,42,10,music,NẾU VÌ CHÚNG TÔI, Nếu phải chống tơi
VIVOSDEV11_057_snr20,vivos,whisper,tiny,zero_shot,,42,20,noise,NẾU VÌ CHÚNG TÔI, Nếu về chúng tôi
VIVOSDEV11_057_snr5,vivos,whisper,tiny,zero_shot,,42,5,music,NẾU VÌ CHÚNG TÔI, Nếu về chúng tôi
VIVOSDEV11_063_clean,vivos,whisper,tiny,zero_shot,,42,clean,clean,NẾU BẠN VẪN CẢM THẤY TỘI LỖI, Nếu bạn vẫn cảm thấy đời lỗi
VIVOSDEV11_063_snr0,vivos,whisper,tiny,zero_shot,,42,0,music,NẾU BẠN VẪN CẢM THẤY TỘI LỖI, Nếu bạn vẫn cảm thấy tôi lỗi
VIVOSDEV11_063_snr10,vivos,whisper,tiny,zero_shot,,42,10,speech,NẾU BẠN VẪN CẢM THẤY TỘI LỖI, Nếu bạn vẫn cảm thấy tôi lỗi
VIVOSDEV11_063_snr20,vivos,whisper,tiny,zero_shot,,42,20,noise,NẾU BẠN VẪN CẢM THẤY TỘI LỖI, Nếu bạn vẫn cảm thấy tôi lỗi
VIVOSDEV11_063_snr5,vivos,whisper,tiny,zero_shot,,42,5,noise,NẾU BẠN VẪN CẢM THẤY TỘI LỖI, Nếu bạn vẫn cảm thấy tôi lỗi
VIVOSDEV11_076_clean,vivos,whisper,tiny,zero_shot,,42,clean,clean,VỚI TRÊN LÀ NÚI VÀ DƯỚI LÀ SÔNG, Vậy nên là nối và dưới là sông
VIVOSDEV11_076_snr0,vivos,whisper,tiny,zero_shot,,42,0,speech,VỚI TRÊN LÀ NÚI VÀ DƯỚI LÀ SÔNG, Để không phải đưa ra.
VIVOSDEV11_076_snr10,vivos,whisper,tiny,zero_shot,,42,10,music,VỚI TRÊN LÀ NÚI VÀ DƯỚI LÀ SÔNG, Bây giờ là lối và lối là sao?
VIVOSDEV11_076_snr20,vivos,whisper,tiny,zero_shot,,42,20,speech,VỚI TRÊN LÀ NÚI VÀ DƯỚI LÀ SÔNG, vài tên là nối và giới là sông
VIVOSDEV11_076_snr5,vivos,whisper,tiny,zero_shot,,42,5,noise,VỚI TRÊN LÀ NÚI VÀ DƯỚI LÀ SÔNG, Vậy cần là nối và giới là thông
VIVOSDEV11_077_clean,vivos,whisper,tiny,zero_shot,,42,clean,clean,VỚI SỰ XUẤT HIỆN CỦA QUÁI THÚ VÀ RỒNG, Với sử dụng sức hiện của quái tố và rồng.
VIVOSDEV11_077_snr0,vivos,whisper,tiny,zero_shot,,42,0,noise,VỚI SỰ XUẤT HIỆN CỦA QUÁI THÚ VÀ RỒNG," Bây giờ, bây giờ, bây giờ, bây giờ, bây giờ, bây giờ, bây giờ, bây giờ, bây giờ, bây giờ, bây giờ, bây giờ, bây giờ, bây giờ, bây giờ, bây giờ, bây giờ, bây giờ, bây giờ, bây giờ, bây giờ, bây giờ, bây giờ, bây giờ, bây giờ, bây giờ, bây giờ, bây giờ, bây giờ, bây giờ, bây giờ, bây giờ,"
VIVOSDEV11_077_snr10,vivos,whisper,tiny,zero_shot,,42,10,music,VỚI SỰ XUẤT HIỆN CỦA QUÁI THÚ VÀ RỒNG, và sở sức hiện của White House và rồng.
VIVOSDEV11_077_snr20,vivos,whisper,tiny,zero_shot,,42,20,speech,VỚI SỰ XUẤT HIỆN CỦA QUÁI THÚ VÀ RỒNG, vài sử dụng chúng ta có quái thố và rồng.
VIVOSDEV11_077_snr5,vivos,whisper,tiny,zero_shot,,42,5,music,VỚI SỰ XUẤT HIỆN CỦA QUÁI THÚ VÀ RỒNG, vài sợ xuất hình của ngoài thố và rồng
VIVOSDEV11_079_clean,vivos,whisper,tiny,zero_shot,,42,clean,clean,NÉT MẶT HỌ KHÔNG NGỜI LÊN HẠNH PHÚC CỦA NGƯỜI MẸ," Nếu mặt khá không ngài lên, hắn phục gương người mẹ."
VIVOSDEV11_079_snr0,vivos,whisper,tiny,zero_shot,,42,0,music,NÉT MẶT HỌ KHÔNG NGỜI LÊN HẠNH PHÚC CỦA NGƯỜI MẸ," Nếu có thông ngài, dân dụt có có có có dân nền"
VIVOSDEV11_079_snr10,vivos,whisper,tiny,zero_shot,,42,10,noise,NÉT MẶT HỌ KHÔNG NGỜI LÊN HẠNH PHÚC CỦA NGƯỜI MẸ, Nếu mà thỏ thông ngày lên hẳng phúc của người mẹ
VIVOSDEV11_079_snr20,vivos,whisper,tiny,zero_shot,,42,20,speech,NÉT MẶT HỌ KHÔNG NGỜI LÊN HẠNH PHÚC CỦA NGƯỜI MẸ, Nếu mà thao không ngài lên hành phục của hương người mẹ.
VIVOSDEV11_079_snr5,vivos,whisper,tiny,zero_shot,,42,5,noise,NÉT MẶT HỌ KHÔNG NGỜI LÊN HẠNH PHÚC CỦA NGƯỜI MẸ," Nếu mạch khá không ngài lên, hành phúc của ông người mẹ."
VIVOSDEV11_081_clean,vivos,whisper,tiny,zero_shot,,42,clean,clean,MỘT SỐ NGƯỜI CHO RẰNG, Mọb sống người dà đang
VIVOSDEV11_081_snr0,vivos,whisper,tiny,zero_shot,,42,0,noise,MỘT SỐ NGƯỜI CHO RẰNG, Mọt ra lời ra ra ra ra ra ra ra ra ra ra ra ra ra ra ra ra ra ra ra ra ra ra ra ra ra ra ra ra ra ra ra ra ra ra ra ra ra ra ra ra ra ra ra ra ra ra ra ra ra ra ra ra ra ra ra ra ra ra ra ra ra ra ra ra ra ra ra ra ra ra ra ra ra ra ra ra ra ra ra ra ra ra ra ra ra ra ra ra ra ra ra ra ra ra ra ra ra ra ra ra ra ra ra ra ra ra ra ra ra ra ra ra ra ra ra ra ra ra ra ra ra ra
VIVOSDEV11_081_snr10,vivos,whisper,tiny,zero_shot,,42,10,noise,MỘT SỐ NGƯỜI CHO RẰNG, Mọc sống người dà răng
VIVOSDEV11_081_snr20,vivos,whisper,tiny,zero_shot,,42,20,speech,MỘT SỐ NGƯỜI CHO RẰNG, Mà bò sống người dà răng
VIVOSDEV11_081_snr5,vivos,whisper,tiny,zero_shot,,42,5,noise,MỘT SỐ NGƯỜI CHO RẰNG," Mọc sống ở đây, chá đang"
VIVOSDEV11_095_clean,vivos,whisper,tiny,zero_shot,,42,clean,clean,MỌI THỨ ĐỀU ĐƯỢC MỔ XẺ LẠI, Mọi thứ đều được mẫu sẽ lại
VIVOSDEV11_095_snr0,vivos,whisper,tiny,zero_shot,,42,0,speech,MỌI THỨ ĐỀU ĐƯỢC MỔ XẺ LẠI, Nói tươi đều được mọi sẽ lại
VIVOSDEV11_095_snr10,vivos,whisper,tiny,zero_shot,,42,10,music,MỌI THỨ ĐỀU ĐƯỢC MỔ XẺ LẠI, Mọi thứ đều được mẫu sẽ lại
VIVOSDEV11_095_snr20,vivos,whisper,tiny,zero_shot,,42,20,speech,MỌI THỨ ĐỀU ĐƯỢC MỔ XẺ LẠI, Mọi thứ đều được mẫu sẽ lại
VIVOSDEV11_095_snr5,vivos,whisper,tiny,zero_shot,,42,5,music,MỌI THỨ ĐỀU ĐƯỢC MỔ XẺ LẠI, Nội thấu đều được mỏ sẻ lại
VIVOSDEV11_122_clean,vivos,whisper,tiny,zero_shot,,42,clean,clean,KHÔNG PHẢI NẮP KHUM, không phải nắp cơm
VIVOSDEV11_122_snr0,vivos,whisper,tiny,zero_shot,,42,0,noise,KHÔNG PHẢI NẮP KHUM, Công phải nát tục không?
VIVOSDEV11_122_snr10,vivos,whisper,tiny,zero_shot,,42,10,speech,KHÔNG PHẢI NẮP KHUM, sau phái nắp không?
VIVOSDEV11_122_snr20,vivos,whisper,tiny,zero_shot,,42,20,noise,KHÔNG PHẢI NẮP KHUM, không phải nắp không
VIVOSDEV11_122_snr5,vivos,whisper,tiny,zero_shot,,42,5,music,KHÔNG PHẢI NẮP KHUM, không phải nắp không?
VIVOSDEV11_123_clean,vivos,whisper,tiny,zero_shot,,42,clean,clean,CÁC CÔNG TY DU LỊCH PHẢI XÁC ĐỊNH, các công ty yêu lật phải sát đánh.
VIVOSDEV11_123_snr0,vivos,whisper,tiny,zero_shot,,42,0,music,CÁC CÔNG TY DU LỊCH PHẢI XÁC ĐỊNH, Các công ty yếu lịch phải sát đánh.
VIVOSDEV11_123_snr10,vivos,whisper,tiny,zero_shot,,42,10,noise,CÁC CÔNG TY DU LỊCH PHẢI XÁC ĐỊNH, các công ty yếu lật phải sát đình.
VIVOSDEV11_123_snr20,vivos,whisper,tiny,zero_shot,,42,20,music,CÁC CÔNG TY DU LỊCH PHẢI XÁC ĐỊNH, các công ty yếu lật phái sách đình.
VIVOSDEV11_123_snr5,vivos,whisper,tiny,zero_shot,,42,5,music,CÁC CÔNG TY DU LỊCH PHẢI XÁC ĐỊNH, Các trong tay dù lật phái sạch đần
VIVOSDEV11_136_clean,vivos,whisper,tiny,zero_shot,,42,clean,clean,KHI NHÂN VIÊN CỨU HỘ CỐ GẮNG ĐƯA NÓ LÊN SÀ LAN, khi nhận viên cứu hộ có gắng đưa nó lên xả lắng.
VIVOSDEV11_136_snr0,vivos,whisper,tiny,zero_shot,,42,0,noise,KHI NHÂN VIÊN CỨU HỘ CỐ GẮNG ĐƯA NÓ LÊN SÀ LAN, khi nhân viên chú hậu có đường nó lên xà lát
VIVOSDEV11_136_snr10,vivos,whisper,tiny,zero_shot,,42,10,speech,KHI NHÂN VIÊN CỨU HỘ CỐ GẮNG ĐƯA NÓ LÊN SÀ LAN, khi nhăn viên cứ hỗ của gắng đưa nó lên xả lắng.
VIVOSDEV11_136_snr20,vivos,whisper,tiny,zero_shot,,42,20,music,KHI NHÂN VIÊN CỨU HỘ CỐ GẮNG ĐƯA NÓ LÊN SÀ LAN, khi nhăn viên cứu hộ có gắng đưa nó lên xả lãng
VIVOSDEV11_136_snr5,vivos,whisper,tiny,zero_shot,,42,5,speech,KHI NHÂN VIÊN CỨU HỘ CỐ GẮNG ĐƯA NÓ LÊN SÀ LAN, khi anh bình khu hảo có gà đường á lần xà lòng.
VIVOSDEV11_147_clean,vivos,whisper,tiny,zero_shot,,42,clean,clean,GẮN LÔNG CHIM HỘT ĐÁ LÓNG LÁNH HAY BÈO DÚN TÙA LUA ĐẦY CỔ," Gán lòng chim hợp đã lòng lánh hệ bèo dưới, tôi luôn đầy cố."
VIVOSDEV11_147_snr0,vivos,whisper,tiny,zero_shot,,42,0,noise,GẮN LÔNG CHIM HỘT ĐÁ LÓNG LÁNH HAY BÈO DÚN TÙA LUA ĐẦY CỔ," Nó là một chiên hợp đá lống lắm hầy bèo dung, tôi loa đây khó."
VIVOSDEV11_147_snr10,vivos,whisper,tiny,zero_shot,,42,10,noise,GẮN LÔNG CHIM HỘT ĐÁ LÓNG LÁNH HAY BÈO DÚN TÙA LUA ĐẦY CỔ," Vẫn lòng chim học đã lòng ngắn hầy bèo dung, tôi luôn đây cố"
VIVOSDEV11_147_snr20,vivos,whisper,tiny,zero_shot,,42,20,noise,GẮN LÔNG CHIM HỘT ĐÁ LÓNG LÁNH HAY BÈO DÚN TÙA LUA ĐẦY CỔ," Gán lòng chim hợp đã lòng lánh hầy bèo dưới, tôi luôn đầy cố."
VIVOSDEV11_147_snr5,vivos,whisper,tiny,zero_shot,,42,5,music,GẮN LÔNG CHIM HỘT ĐÁ LÓNG LÁNH HAY BÈO DÚN TÙA LUA ĐẦY CỔ," Gán lòng chim họ đã lống lắm hệ bèo dung, tôi luôn đây có"
VIVOSDEV11_164_clean,vivos,whisper,tiny,zero_shot,,42,clean,clean,ÍT NHẤT Ở HƠN BA MƯƠI TRƯỜNG THUỘC CÁC ĐỊA PHƯƠNG NÓI TRÊN, Ý t nhất ál hơn 8 môi trường hột cách đe phương nói tên.
VIVOSDEV11_164_snr0,vivos,whisper,tiny,zero_shot,,42,0,speech,ÍT NHẤT Ở HƠN BA MƯƠI TRƯỜNG THUỘC CÁC ĐỊA PHƯƠNG NÓI TRÊN," 1,5,5,5,5,5,5,5,5,5,5,5,5,5,5,5,5,5,5,5,5,5,5,5,5,5,5,5,5,5,5,5,5,5,5,5,5,5,5,5,5,5,5,5,5,5,5,5,5,5,5,5,5,5,5,5,5,5,5,5,5,5,5,5,"
VIVOSDEV11_164_snr10,vivos,whisper,tiny,zero_shot,,42,10,noise,ÍT NHẤT Ở HƠN BA MƯƠI TRƯỜNG THUỘC CÁC ĐỊA PHƯƠNG NÓI TRÊN, Hãy nhắc hợn 3 môi trường hồ cắt đe phương nối tân
VIVOSDEV11_164_snr20,vivos,whisper,tiny,zero_shot,,42,20,noise,ÍT NHẤT Ở HƠN BA MƯƠI TRƯỜNG THUỘC CÁC ĐỊA PHƯƠNG NÓI TRÊN, Ý t nhất ál hơn 8 môi trường hột cách đe phương nói tên.
VIVOSDEV11_164_snr5,vivos,whisper,tiny,zero_shot,,42,5,noise,ÍT NHẤT Ở HƠN BA MƯƠI TRƯỜNG THUỘC CÁC ĐỊA PHƯƠNG NÓI TRÊN, Ý t nhất trả hơn 8 môi trường hồ cắt đe phương nói tên.
VIVOSDEV11_198_clean,vivos,whisper,tiny,zero_shot,,42,clean,clean,LƠ LỬNG TRÊN ĐẦU LÀ NHỮNG CHIẾC BẪY ĐÁ HÀNG TRĂM KHỐI, Lời lẫn trên đầu lại những chiếc bảy đã hành trăm khối
VIVOSDEV11_198_snr0,vivos,whisper,tiny,zero_shot,,42,0,noise,LƠ LỬNG TRÊN ĐẦU LÀ NHỮNG CHIẾC BẪY ĐÁ HÀNG TRĂM KHỐI, Lời lẫn trên đầu lại những thích bại đáng hẹn trong khối
VIVOSDEV11_198_snr10,vivos,whisper,tiny,zero_shot,,42,10,noise,LƠ LỬNG TRÊN ĐẦU LÀ NHỮNG CHIẾC BẪY ĐÁ HÀNG TRĂM KHỐI, Lời lửa gân đầu lại những thiết bấy đá hành tâm thôi
VIVOSDEV11_198_snr20,vivos,whisper,tiny,zero_shot,,42,20,music,LƠ LỬNG TRÊN ĐẦU LÀ NHỮNG CHIẾC BẪY ĐÁ HÀNG TRĂM KHỐI, Lời lẫn trên đầu lại những chiếc bảy đã hành trăm khối
VIVOSDEV11_198_snr5,vivos,whisper,tiny,zero_shot,,42,5,music,LƠ LỬNG TRÊN ĐẦU LÀ NHỮNG CHIẾC BẪY ĐÁ HÀNG TRĂM KHỐI, là lẫn trên gàu là những chiếc bảy đã hẹn trong khói
VIVOSDEV11_200_clean,vivos,whisper,tiny,zero_shot,,42,clean,clean,NĂM ĐẦU TIÊN, Năm đầu tiên
VIVOSDEV11_200_snr0,vivos,whisper,tiny,zero_shot,,42,0,music,NĂM ĐẦU TIÊN, Năm đầu tiên
VIVOSDEV11_200_snr10,vivos,whisper,tiny,zero_shot,,42,10,music,NĂM ĐẦU TIÊN, Năm đầu tiên.
VIVOSDEV11_200_snr20,vivos,whisper,tiny,zero_shot,,42,20,noise,NĂM ĐẦU TIÊN, Năm đầu tiên
VIVOSDEV11_200_snr5,vivos,whisper,tiny,zero_shot,,42,5,noise,NĂM ĐẦU TIÊN, Năm đầu tiên
VIVOSDEV11_234_clean,vivos,whisper,tiny,zero_shot,,42,clean,clean,BẢY MƯƠI BỐN BẢY MƯƠI LĂM," Bảy môi bộng, bảy môi lắm"
VIVOSDEV11_234_snr0,vivos,whisper,tiny,zero_shot,,42,0,noise,BẢY MƯƠI BỐN BẢY MƯƠI LĂM," Bảy mới bóng, bảy mới làm"
VIVOSDEV11_234_snr10,vivos,whisper,tiny,zero_shot,,42,10,speech,BẢY MƯƠI BỐN BẢY MƯƠI LĂM," Bây giờ, bây giờ, bây giờ, bây giờ, bây giờ, bây giờ, bây giờ, bây giờ, bây giờ, bây giờ, bây giờ, bây giờ, bây giờ, bây giờ, bây giờ, bây giờ, bây giờ, bây giờ, bây giờ, bây giờ, bây giờ, bây giờ, bây giờ, bây giờ, bây giờ, bây giờ, bây giờ, bây giờ, bây giờ, bây giờ, bây giờ, bây giờ,"
VIVOSDEV11_234_snr20,vivos,whisper,tiny,zero_shot,,42,20,noise,BẢY MƯƠI BỐN BẢY MƯƠI LĂM," Bảy môi bống, bảy môi lắm"
VIVOSDEV11_234_snr5,vivos,whisper,tiny,zero_shot,,42,5,noise,BẢY MƯƠI BỐN BẢY MƯƠI LĂM, Tại môi bố mấy môi lần
VIVOSDEV11_246_clean,vivos,whisper,tiny,zero_shot,,42,clean,clean,CHÍN MƯƠI TÁM CHÍN MƯƠI CHÍN," Chính mời tâm, chính mời chính"
VIVOSDEV11_246_snr0,vivos,whisper,tiny,zero_shot,,42,0,noise,CHÍN MƯƠI TÁM CHÍN MƯƠI CHÍN," Chính lời tám, chính lời chính"
VIVOSDEV11_246_snr10,vivos,whisper,tiny,zero_shot,,42,10,music,CHÍN MƯƠI TÁM CHÍN MƯƠI CHÍN," Chính mời tảm, chính mời chính"
VIVOSDEV11_246_snr20,vivos,whisper,tiny,zero_shot,,42,20,speech,CHÍN MƯƠI TÁM CHÍN MƯƠI CHÍN," Chính mời tâm, chính mời chính"
VIVOSDEV11_246_snr5,vivos,whisper,tiny,zero_shot,,42,5,music,CHÍN MƯƠI TÁM CHÍN MƯƠI CHÍN," Bình kính mời tán, tính mời tính"
VIVOSDEV11_252_clean,vivos,whisper,tiny,zero_shot,,42,clean,clean,BÂY GIỜ CƯỚP NHIỀU QUÁ ĐI ĐƯỜNG CŨNG THẤY SỢ," Bây giờ, kết nhiều quát đầy đường cũng thấy sợ"
VIVOSDEV11_252_snr0,vivos,whisper,tiny,zero_shot,,42,0,music,BÂY GIỜ CƯỚP NHIỀU QUÁ ĐI ĐƯỜNG CŨNG THẤY SỢ," Bây giờ, gấp nhiều quát đi đường cũng thấy sao?"
VIVOSDEV11_252_snr10,vivos,whisper,tiny,zero_shot,,42,10,music,BÂY GIỜ CƯỚP NHIỀU QUÁ ĐI ĐƯỜNG CŨNG THẤY SỢ," Bây giờ, gấp nhiều quát đe đường cũng thấy sợ"
VIVOSDEV11_252_snr20,vivos,whisper,tiny,zero_shot,,42,20,noise,BÂY GIỜ CƯỚP NHIỀU QUÁ ĐI ĐƯỜNG CŨNG THẤY SỢ," Bây giờ, cấp nhiều quát, đây đường cũng thấy sợ"
VIVOSDEV11_252_snr5,vivos,whisper,tiny,zero_shot,,42,5,music,BÂY GIỜ CƯỚP NHIỀU QUÁ ĐI ĐƯỜNG CŨNG THẤY SỢ," Bây giờ, gấp nhiều quát đầy đường cũng thay sợ"
VIVOSDEV11_262_clean,vivos,whisper,tiny,zero_shot,,42,clean,clean,TÌM HUNG THỦ HIẾP DÂM BẰNG NƯỚC BỌT NẠN NHÂN, Bềm hôm thổ hiếp giằm bằng nước bọc nạn nhân.
VIVOSDEV11_262_snr0,vivos,whisper,tiny,zero_shot,,42,0,noise,TÌM HUNG THỦ HIẾP DÂM BẰNG NƯỚC BỌT NẠN NHÂN, Thì anh không phải hủ hích dòng bằng nụ phóc nền nhanh.
VIVOSDEV11_262_snr10,vivos,whisper,tiny,zero_shot,,42,10,music,TÌM HUNG THỦ HIẾP DÂM BẰNG NƯỚC BỌT NẠN NHÂN, Tềm hôm thủ hiếp giằm bằng nước bọc nạn nhân chua
VIVOSDEV11_262_snr20,vivos,whisper,tiny,zero_shot,,42,20,speech,TÌM HUNG THỦ HIẾP DÂM BẰNG NƯỚC BỌT NẠN NHÂN, Bề mơm thủ hiệp giằm bằng nước bọt nạn nhân.
VIVOSDEV11_262_snr5,vivos,whisper,tiny,zero_shot,,42,5,music,TÌM HUNG THỦ HIẾP DÂM BẰNG NƯỚC BỌT NẠN NHÂN, Tìm hôm tổ hiếp giằm bằng nước bỏ nạn nhân.
VIVOSDEV11_269_clean,vivos,whisper,tiny,zero_shot,,42,clean,clean,CHÚNG TÔI YÊU NHAU ĐƯỢC HAI NĂM THÌ GIA ĐÌNH TÔI XẢY RA CHUYỆN, Chúng tôi yêu nhau được 2 năm thị ra đình tôi sẽ đát chuyện.
VIVOSDEV11_269_snr0,vivos,whisper,tiny,zero_shot,,42,0,music,CHÚNG TÔI YÊU NHAU ĐƯỢC HAI NĂM THÌ GIA ĐÌNH TÔI XẢY RA CHUYỆN, Chúng tôi yêu nhé ở được 2 năm thế giá đình tôi sẽ giá kìm
VIVOSDEV11_269_snr10,vivos,whisper,tiny,zero_shot,,42,10,noise,CHÚNG TÔI YÊU NHAU ĐƯỢC HAI NĂM THÌ GIA ĐÌNH TÔI XẢY RA CHUYỆN, Chúng tôi yêu nhau được 2 năm thị ra đần tôi sẽ đát chuyện.
VIVOSDEV11_269_snr20,vivos,whisper,tiny,zero_shot,,42,20,noise,CHÚNG TÔI YÊU NHAU ĐƯỢC HAI NĂM THÌ GIA ĐÌNH TÔI XẢY RA CHUYỆN, Chúng tôi yêu nhau được 2 năm thị ra đình tôi sẽ đát chuyện.
VIVOSDEV11_269_snr5,vivos,whisper,tiny,zero_shot,,42,5,noise,CHÚNG TÔI YÊU NHAU ĐƯỢC HAI NĂM THÌ GIA ĐÌNH TÔI XẢY RA CHUYỆN, Chúng tôi yêu nhau được 2 năm thầy ra đần tôi sẽ đát chuyện
VIVOSDEV11_273_clean,vivos,whisper,tiny,zero_shot,,42,clean,clean,TRỌNG TÀI PHẠT THẺ ĐỎ, trống tay phạc thế đó
VIVOSDEV11_273_snr0,vivos,whisper,tiny,zero_shot,,42,0,speech,TRỌNG TÀI PHẠT THẺ ĐỎ, Công tay sẽ tẻ đó
VIVOSDEV11_273_snr10,vivos,whisper,tiny,zero_shot,,42,10,noise,TRỌNG TÀI PHẠT THẺ ĐỎ, trống tay phạc thế đó
VIVOSDEV11_273_snr20,vivos,whisper,tiny,zero_shot,,42,20,noise,TRỌNG TÀI PHẠT THẺ ĐỎ, Tổng tay phạm thế đó
VIVOSDEV11_273_snr5,vivos,whisper,tiny,zero_shot,,42,5,noise,TRỌNG TÀI PHẠT THẺ ĐỎ, chống tay phạch hết đó
VIVOSDEV11_274_clean,vivos,whisper,tiny,zero_shot,,42,clean,clean,KIỂU NÀY CHẮC PHẢI CẮT GIẢM BIÊN CHẾ, kéo này chắc phải các giám bình chế
VIVOSDEV11_274_snr0,vivos,whisper,tiny,zero_shot,,42,0,noise,KIỂU NÀY CHẮC PHẢI CẮT GIẢM BIÊN CHẾ, Cái không này chắc phải thật giống điểm kia
VIVOSDEV11_274_snr10,vivos,whisper,tiny,zero_shot,,42,10,music,KIỂU NÀY CHẮC PHẢI CẮT GIẢM BIÊN CHẾ, kéo này chắc phải các giám bình kế
VIVOSDEV11_274_snr20,vivos,whisper,tiny,zero_shot,,42,20,noise,KIỂU NÀY CHẮC PHẢI CẮT GIẢM BIÊN CHẾ," Kỳng này, chắc phải các 3 bên chế"
VIVOSDEV11_274_snr5,vivos,whisper,tiny,zero_shot,,42,5,noise,KIỂU NÀY CHẮC PHẢI CẮT GIẢM BIÊN CHẾ, Cái không này chắc phải cắt giám bình trái
VIVOSDEV11_289_clean,vivos,whisper,tiny,zero_shot,,42,clean,clean,THEO PHÓ CHỦ TỊCH ỦY BAN AN TOÀN GIAO THÔNG QUỐC GIA," theo phó giấu tịch, bánh ăn đàn rào thông quốc gia"
VIVOSDEV11_289_snr0,vivos,whisper,tiny,zero_shot,,42,0,noise,THEO PHÓ CHỦ TỊCH ỦY BAN AN TOÀN GIAO THÔNG QUỐC GIA," Kèo Phá, chủ tật bỉ bán em phần, dào thông quốc dân"
VIVOSDEV11_289_snr10,vivos,whisper,tiny,zero_shot,,42,10,noise,THEO PHÓ CHỦ TỊCH ỦY BAN AN TOÀN GIAO THÔNG QUỐC GIA, Theo phó giấu tập bảy bàn em bàn dào thông quốc gia
VIVOSDEV11_289_snr20,vivos,whisper,tiny,zero_shot,,42,20,music,THEO PHÓ CHỦ TỊCH ỦY BAN AN TOÀN GIAO THÔNG QUỐC GIA, theo phó giấu tập bảy bàn em gần dào thông quốc gia
VIVOSDEV11_289_snr5,vivos,whisper,tiny,zero_shot,,42,5,noise,THEO PHÓ CHỦ TỊCH ỦY BAN AN TOÀN GIAO THÔNG QUỐC GIA, theo phó giấu tịch bánh ăn đần dào thông quốc gia
VIVOSDEV12_006_clean,vivos,whisper,tiny,zero_shot,,42,clean,clean,TỪ SỰ DƯ THỪA QUÁ MỨC CỦA LUỒNG TIỀN NÀY, Từ sử dụng thờ quá mất có lộn tình này
VIVOSDEV12_006_snr0,vivos,whisper,tiny,zero_shot,,42,0,noise,TỪ SỰ DƯ THỪA QUÁ MỨC CỦA LUỒNG TIỀN NÀY, Thôi phần dù hồi 1 mục đôi lỗi tên nè
VIVOSDEV12_006_snr10,vivos,whisper,tiny,zero_shot,,42,10,noise,TỪ SỰ DƯ THỪA QUÁ MỨC CỦA LUỒNG TIỀN NÀY, Từ từ hưu hưu hưu hưu hưu hưu hưu hưu hưu hưu hưu hưu hưu hưu hưu hưu hưu hưu hưu hưu hưu hưu hưu hưu hưu hưu hưu hưu hưu hưu hưu hưu hưu hưu hưu hưu hưu hưu hưu hưu hưu hư
VIVOSDEV12_006_snr20,vivos,whisper,tiny,zero_shot,,42,20,music,TỪ SỰ DƯ THỪA QUÁ MỨC CỦA LUỒNG TIỀN NÀY, Từ sử dụng thờ quan mức có lộn tình này
VIVOSDEV12_006_snr5,vivos,whisper,tiny,zero_shot,,42,5,noise,TỪ SỰ DƯ THỪA QUÁ MỨC CỦA LUỒNG TIỀN NÀY, Thôi thấy như hồi qua mất bỏ lồ tình này
VIVOSDEV12_011_clean,vivos,whisper,tiny,zero_shot,,42,clean,clean,ĐÓ CHỨNG TỎ RẰNG CHÚNG TA ĐÃ GIÀ, Đó chứng tỏ ràng chúng ta đã dạ
VIVOSDEV12_011_snr0,vivos,whisper,tiny,zero_shot,,42,0,music,ĐÓ CHỨNG TỎ RẰNG CHÚNG TA ĐÃ GIÀ, Đó chính tỏ ràng chúng ta đã giả
VIVOSDEV12_011_snr10,vivos,whisper,tiny,zero_shot,,42,10,noise,ĐÓ CHỨNG TỎ RẰNG CHÚNG TA ĐÃ GIÀ, Đó chính tò ràng chúng ta đã dạ
VIVOSDEV12_011_snr20,vivos,whisper,tiny,zero_shot,,42,20,noise,ĐÓ CHỨNG TỎ RẰNG CHÚNG TA ĐÃ GIÀ, Đó chứng tỏ ràng chúng ta đã giả.
VIVOSDEV12_011_snr5,vivos,whisper,tiny,zero_shot,,42,5,speech,ĐÓ CHỨNG TỎ RẰNG CHÚNG TA ĐÃ GIÀ, Đó chứ tổ rận chúng ta đã giả
VIVOSDEV12_015_clean,vivos,whisper,tiny,zero_shot,,42,clean,clean,TRẢ LẠI ĐẤT CHO RỪNG, trái à lại đất cho rừng
VIVOSDEV12_015_snr0,vivos,whisper,tiny,zero_shot,,42,0,noise,TRẢ LẠI ĐẤT CHO RỪNG, Đã lại đất cho rồi
VIVOSDEV12_015_snr10,vivos,whisper,tiny,zero_shot,,42,10,noise,TRẢ LẠI ĐẤT CHO RỪNG, chó rừng
VIVOSDEV12_015_snr20,vivos,whisper,tiny,zero_shot,,42,20,music,TRẢ LẠI ĐẤT CHO RỪNG, chá là đất chó rừng
VIVOSDEV12_015_snr5,vivos,whisper,tiny,zero_shot,,42,5,speech,TRẢ LẠI ĐẤT CHO RỪNG," Đi chứ mình nhé, đoàn"
VIVOSDEV12_032_clean,vivos,whisper,tiny,zero_shot,,42,clean,clean,CÁC LOẠI CÂY TRỒNG Ở RỪNG NÀY TOÀN CÂY KÉM GIÁ TRỊ, Các lời kê trồng ở rừng này toàn kê kếm giết chị.
VIVOSDEV12_032_snr0,vivos,whisper,tiny,zero_shot,,42,0,music,CÁC LOẠI CÂY TRỒNG Ở RỪNG NÀY TOÀN CÂY KÉM GIÁ TRỊ, Fát lời gây trồng ở rừng về tò kể game 1 đi
VIVOSDEV12_032_snr10,vivos,whisper,tiny,zero_shot,,42,10,music,CÁC LOẠI CÂY TRỒNG Ở RỪNG NÀY TOÀN CÂY KÉM GIÁ TRỊ, Các lỗi kê trồng ở rừng này toàn kê kếm giác trởi
VIVOSDEV12_032_snr20,vivos,whisper,tiny,zero_shot,,42,20,speech,CÁC LOẠI CÂY TRỒNG Ở RỪNG NÀY TOÀN CÂY KÉM GIÁ TRỊ, Các lời kê trồng ở rừng này toàn kê kếm giết chị.
VIVOSDEV12_032_snr5,vivos,whisper,tiny,zero_shot,,42,5,speech,CÁC LOẠI CÂY TRỒNG Ở RỪNG NÀY TOÀN CÂY KÉM GIÁ TRỊ, Bác bầu kê trong ảy rừng này có kê kế kế kế kế kế kế kế kế kế kế kế kế kế kế kế kế kế kế kế kế kế kế kế kế kế kế kế kế kế kế kế kế kế kế kế kế kế kế kế kế kế kế kế kế kế kế kế kế kế kế kế kế kế kế kế kế
VIVOSDEV12_056_clean,vivos,whisper,tiny,zero_shot,,42,clean,clean,TẠI CHỢ CÁ, tầy chào các
VIVOSDEV12_056_snr0,vivos,whisper,tiny,zero_shot,,42,0,noise,TẠI CHỢ CÁ, Bây giờ các
VIVOSDEV12_056_snr10,vivos,whisper,tiny,zero_shot,,42,10,music,TẠI CHỢ CÁ, Bây giờ các
VIVOSDEV12_056_snr20,vivos,whisper,tiny,zero_shot,,42,20,speech,TẠI CHỢ CÁ, bây giờ các
VIVOSDEV12_056_snr5,vivos,whisper,tiny,zero_shot,,42,5,noise,TẠI CHỢ CÁ, Bây giờ kia
VIVOSDEV12_057_clean,vivos,whisper,tiny,zero_shot,,42,clean,clean,KHÔNG PHẢI VÌ TÔI KHÔNG COI TRỌNG CHẤT LƯỢNG, không phải về đoài không gọi trầm rất lượng
VIVOSDEV12_057_snr0,vivos,whisper,tiny,zero_shot,,42,0,music,KHÔNG PHẢI VÌ TÔI KHÔNG COI TRỌNG CHẤT LƯỢNG, không phải đi đôi không khơi gặp cái lời
VIVOSDEV12_057_snr10,vivos,whisper,tiny,zero_shot,,42,10,noise,KHÔNG PHẢI VÌ TÔI KHÔNG COI TRỌNG CHẤT LƯỢNG, không phải về đôi không gơi cậu cậu cậu cậu cậu cậu cậu cậu cậu cậu cậu cậu cậu cậu cậu cậu cậu cậu cậu cậu cậu cậu cậu cậu cậu cậu cậu cậu cậu cậu cậu cậu cậu cậu cậu cậu cậu cậu cậu cậu
VIVOSDEV12_057_snr20,vivos,whisper,tiny,zero_shot,,42,20,noise,KHÔNG PHẢI VÌ TÔI KHÔNG COI TRỌNG CHẤT LƯỢNG, không phải về đôi không có dầu nhất lượng
VIVOSDEV12_057_snr5,vivos,whisper,tiny,zero_shot,,42,5,noise,KHÔNG PHẢI VÌ TÔI KHÔNG COI TRỌNG CHẤT LƯỢNG, không phải về đôi không khơi gặp 1 lần
VIVOSDEV12_066_clean,vivos,whisper,tiny,zero_shot,,42,clean,clean,THIẾU TƯỚNG PHẠM QUÝ NGỌ CHO BIẾT, Thế tướng phạm quyết ngồi cho biết
VIVOSDEV12_066_snr0,vivos,whisper,tiny,zero_shot,,42,0,noise,THIẾU TƯỚNG PHẠM QUÝ NGỌ CHO BIẾT, Thế tương phá vui nó cho bí
VIVOSDEV12_066_snr10,vivos,whisper,tiny,zero_shot,,42,10,speech,THIẾU TƯỚNG PHẠM QUÝ NGỌ CHO BIẾT, Thì ấy đứng phạm quyền ở trong thịt.
VIVOSDEV12_066_snr20,vivos,whisper,tiny,zero_shot,,42,20,music,THIẾU TƯỚNG PHẠM QUÝ NGỌ CHO BIẾT, Thế tướng phạm quy ngồi cho biết
VIVOSDEV12_066_snr5,vivos,whisper,tiny,zero_shot,,42,5,music,THIẾU TƯỚNG PHẠM QUÝ NGỌ CHO BIẾT, Hếu tương phạm Ruy nói cho biết
VIVOSDEV12_068_clean,vivos,whisper,tiny,zero_shot,,42,clean,clean,KHÔNG MỘT CHÚT TRẦY TRỤA MÀ ĐỀN CÁI GÌ, không mỏ chúc tại trố mà đơn kế dây
VIVOSDEV12_068_snr0,vivos,whisper,tiny,zero_shot,,42,0,speech,KHÔNG MỘT CHÚT TRẦY TRỤA MÀ ĐỀN CÁI GÌ, Hầu hồ chúc đẹp cho mạ dạy.
VIVOSDEV12_068_snr10,vivos,whisper,tiny,zero_shot,,42,10,speech,KHÔNG MỘT CHÚT TRẦY TRỤA MÀ ĐỀN CÁI GÌ, không mỏng chúc kể tổ mà đần EZE
VIVOSDEV12_068_snr20,vivos,whisper,tiny,zero_shot,,42,20,speech,KHÔNG MỘT CHÚT TRẦY TRỤA MÀ ĐỀN CÁI GÌ, không mỏ tục tầy tổ mà đàn EZ
VIVOSDEV12_068_snr5,vivos,whisper,tiny,zero_shot,,42,5,noise,KHÔNG MỘT CHÚT TRẦY TRỤA MÀ ĐỀN CÁI GÌ, không mỏ tuy kể tôi mạ đàn em đi
VIVOSDEV12_079_clean,vivos,whisper,tiny,zero_shot,,42,clean,clean,XANH CỎ MƯỢT MÀ VEN ĐƯỜNG, xanh có mục mạng đường.
VIVOSDEV12_079_snr0,vivos,whisper,tiny,zero_shot,,42,0,noise,XANH CỎ MƯỢT MÀ VEN ĐƯỜNG, xanh bỏ bột mà bên đường
VIVOSDEV12_079_snr10,vivos,whisper,tiny,zero_shot,,42,10,music,XANH CỎ MƯỢT MÀ VEN ĐƯỜNG, Hân có mật mà bây nguồn
VIVOSDEV12_079_snr20,vivos,whisper,tiny,zero_shot,,42,20,noise,XANH CỎ MƯỢT MÀ VEN ĐƯỜNG, Sân có mược mà vang đường
VIVOSDEV12_079_snr5,vivos,whisper,tiny,zero_shot,,42,5,music,XANH CỎ MƯỢT MÀ VEN ĐƯỜNG, Sân có mực mà vang đường
VIVOSDEV12_101_clean,vivos,whisper,tiny,zero_shot,,42,clean,clean,KHI CHÍNH PHỦ LÚC ĐẦU ĐỀ NGHỊ ÂN XÁ CHO NHỮNG NGƯỜI NỔI DẬY, Hề chính phủ lúc đầu đe ngày Ấn xa cho những người nói dạy
VIVOSDEV12_101_snr0,vivos,whisper,tiny,zero_shot,,42,0,music,KHI CHÍNH PHỦ LÚC ĐẦU ĐỀ NGHỊ ÂN XÁ CHO NHỮNG NGƯỜI NỔI DẬY, Thì kinh phố look đầu đi ngày dần xa cho những hơi nơi dạy
VIVOSDEV12_101_snr10,vivos,whisper,tiny,zero_shot,,42,10,noise,KHI CHÍNH PHỦ LÚC ĐẦU ĐỀ NGHỊ ÂN XÁ CHO NHỮNG NGƯỜI NỔI DẬY," khi chính phủ lúc đầu đe ngầy, ăn xa cho những người nói dạy"
VIVOSDEV12_101_snr20,vivos,whisper,tiny,zero_shot,,42,20,speech,KHI CHÍNH PHỦ LÚC ĐẦU ĐỀ NGHỊ ÂN XÁ CHO NHỮNG NGƯỜI NỔI DẬY, Hề chính phủ lúc đầu đe ngày Ấn xa cho những người nói dạy.
VIVOSDEV12_101_snr5,vivos,whisper,tiny,zero_shot,,42,5,speech,KHI CHÍNH PHỦ LÚC ĐẦU ĐỀ NGHỊ ÂN XÁ CHO NHỮNG NGƯỜI NỔI DẬY, Thì chính phủ lúc đầu đi ngày Ấn xa cho những người nói dạy
VIVOSDEV12_116_clean,vivos,whisper,tiny,zero_shot,,42,clean,clean,DƯỚI ÁNH ĐÈN MỜ MỜ ẢO ẢO, Yui Anh đẹg màu màu áo áo
VIVOSDEV12_116_snr0,vivos,whisper,tiny,zero_shot,,42,0,noise,DƯỚI ÁNH ĐÈN MỜ MỜ ẢO ẢO, Điều có thể mơ mơ hảo hảo
VIVOSDEV12_116_snr10,vivos,whisper,tiny,zero_shot,,42,10,noise,DƯỚI ÁNH ĐÈN MỜ MỜ ẢO ẢO, Yuy ăn đẹp mơ mơ ảo ảo
VIVOSDEV12_116_snr20,vivos,whisper,tiny,zero_shot,,42,20,speech,DƯỚI ÁNH ĐÈN MỜ MỜ ẢO ẢO, Mà như ăn đẹg màu mà ảo ảo
VIVOSDEV12_116_snr5,vivos,whisper,tiny,zero_shot,,42,5,music,DƯỚI ÁNH ĐÈN MỜ MỜ ẢO ẢO, Dù đã đem vào mà ờ ờ ờ
VIVOSDEV12_132_clean,vivos,whisper,tiny,zero_shot,,42,clean,clean,HẦU HẾT NHỮNG VẤN ĐỀ XẢY RA TRÊN THẾ GIỚI, Hầu hết những vắng đời sấy ra trên thơ dưới
VIVOSDEV12_132_snr0,vivos,whisper,tiny,zero_shot,,42,0,speech,HẦU HẾT NHỮNG VẤN ĐỀ XẢY RA TRÊN THẾ GIỚI, Hãy subscribe cho tên tên tên tên tên tên tên tên tên tên tên tên tên tên tên tên tên tên tên tên tên tên tên tên tên tên tên tên tên tên tên tên tên tên tên tên tên tên tên tên tên tên tên tên tên tên tên tên tên tên tên tên tên tên tên tên tên tên tên tên tên tên
VIVOSDEV12_132_snr10,vivos,whisper,tiny,zero_shot,,42,10,noise,HẦU HẾT NHỮNG VẤN ĐỀ XẢY RA TRÊN THẾ GIỚI, Hầu hắt những vấn đề sảy ra trên thế giới
VIVOSDEV12_132_snr20,vivos,whisper,tiny,zero_shot,,42,20,noise,HẦU HẾT NHỮNG VẤN ĐỀ XẢY RA TRÊN THẾ GIỚI, Hầu hết những vắng đời sãy ra trên thơ dưới
VIVOSDEV12_132_snr5,vivos,whisper,tiny,zero_shot,,42,5,speech,HẦU HẾT NHỮNG VẤN ĐỀ XẢY RA TRÊN THẾ GIỚI, Hãy subscribe cho tên tên tên tên tên tên tên tên tên tên tên tên tên tên tên tên tên tên tên tên tên tên tên tên tên tên tên tên tên tên tên tên tên tên tên tên tên tên tên tên tên tên tên tên tên tên tên tên tên tên tên tên tên tên tên tên tên tên tên tên tên tên
VIVOSDEV12_144_clean,vivos,whisper,tiny,zero_shot,,42,clean,clean,TRẢ LỜI TÔI BIẾT, chá loại tôi biết
VIVOSDEV12_144_snr0,vivos,whisper,tiny,zero_shot,,42,0,music,TRẢ LỜI TÔI BIẾT, Đã loại hồi biết
VIVOSDEV12_144_snr10,vivos,whisper,tiny,zero_shot,,42,10,music,TRẢ LỜI TÔI BIẾT, chá loại tôi biết
VIVOSDEV12_144_snr20,vivos,whisper,tiny,zero_shot,,42,20,music,TRẢ LỜI TÔI BIẾT, chá loại tôi biết
VIVOSDEV12_144_snr5,vivos,whisper,tiny,zero_shot,,42,5,noise,TRẢ LỜI TÔI BIẾT, Cái lời thôi biết
VIVOSDEV12_166_clean,vivos,whisper,tiny,zero_shot,,42,clean,clean,ỊCH GÃ TO BÉO ỤC ỊCH, Hợp kia to báo ốc
VIVOSDEV12_166_snr0,vivos,whisper,tiny,zero_shot,,42,0,noise,ỊCH GÃ TO BÉO ỤC ỊCH, Hợp gà tòa báo tốt
VIVOSDEV12_166_snr10,vivos,whisper,tiny,zero_shot,,42,10,speech,ỊCH GÃ TO BÉO ỤC ỊCH," Cái át tòa bèo, ông."
VIVOSDEV12_166_snr20,vivos,whisper,tiny,zero_shot,,42,20,speech,ỊCH GÃ TO BÉO ỤC ỊCH, Hợp kia to bèo ổn cà.
VIVOSDEV12_166_snr5,vivos,whisper,tiny,zero_shot,,42,5,noise,ỊCH GÃ TO BÉO ỤC ỊCH, ở gia to bèo ốc hát
VIVOSDEV12_169_clean,vivos,whisper,tiny,zero_shot,,42,clean,clean,ÁO RÁCH LƯƠM BƯƠM, Hảo rắt lôm buông
VIVOSDEV12_169_snr0,vivos,whisper,tiny,zero_shot,,42,0,noise,ÁO RÁCH LƯƠM BƯƠM, Hàu rắt lôm buông
VIVOSDEV12_169_snr10,vivos,whisper,tiny,zero_shot,,42,10,noise,ÁO RÁCH LƯƠM BƯƠM, Hào rắt lúc bông
VIVOSDEV12_169_snr20,vivos,whisper,tiny,zero_shot,,42,20,noise,ÁO RÁCH LƯƠM BƯƠM, Hào rắt lôm buông.
VIVOSDEV12_169_snr5,vivos,whisper,tiny,zero_shot,,42,5,noise,ÁO RÁCH LƯƠM BƯƠM, Hãy bỏ lúc bỏ lúc bỏ lúc bỏ lúc bỏ lúc bỏ lúc bỏ lúc bỏ lúc bỏ lúc bỏ lúc bỏ lúc bỏ lúc bỏ lúc bỏ lúc bỏ lúc bỏ lúc bỏ lúc bỏ lúc bỏ lúc bỏ lúc bỏ lúc bỏ lúc bỏ lúc bỏ lúc bỏ lúc bỏ lúc bỏ lúc bỏ lúc bỏ lúc bỏ lúc bỏ lúc bỏ
VIVOSDEV12_173_clean,vivos,whisper,tiny,zero_shot,,42,clean,clean,ĐỐI VỚI NHỮNG PHẢN ỨNG KHÁC BIỆT ĐÓ, Đôi với những phán ứng khác biệt nó
VIVOSDEV12_173_snr0,vivos,whisper,tiny,zero_shot,,42,0,music,ĐỐI VỚI NHỮNG PHẢN ỨNG KHÁC BIỆT ĐÓ, Nó loi đình phát lúc thế thì đó
VIVOSDEV12_173_snr10,vivos,whisper,tiny,zero_shot,,42,10,noise,ĐỐI VỚI NHỮNG PHẢN ỨNG KHÁC BIỆT ĐÓ, Đôi với những phản ứng khác biệt nó
VIVOSDEV12_173_snr20,vivos,whisper,tiny,zero_shot,,42,20,noise,ĐỐI VỚI NHỮNG PHẢN ỨNG KHÁC BIỆT ĐÓ, Đôi với những phán ứng khác biệt nó
VIVOSDEV12_173_snr5,vivos,whisper,tiny,zero_shot,,42,5,noise,ĐỐI VỚI NHỮNG PHẢN ỨNG KHÁC BIỆT ĐÓ, Đôi với những phản ứng khác bị nỗi
VIVOSDEV12_192_clean,vivos,whisper,tiny,zero_shot,,42,clean,clean,TRANG THỨ HAI CỦA TỜ BÁO, Gàng thứ 2 của tòo báo
VIVOSDEV12_192_snr0,vivos,whisper,tiny,zero_shot,,42,0,noise,TRANG THỨ HAI CỦA TỜ BÁO, Dàng thương hàng có thàu báo
VIVOSDEV12_192_snr10,vivos,whisper,tiny,zero_shot,,42,10,music,TRANG THỨ HAI CỦA TỜ BÁO, Dàng thứ 2 của tòa báo
VIVOSDEV12_192_snr20,vivos,whisper,tiny,zero_shot,,42,20,speech,TRANG THỨ HAI CỦA TỜ BÁO, trang thứ 2 có tạo báo
VIVOSDEV12_192_snr5,vivos,whisper,tiny,zero_shot,,42,5,speech,TRANG THỨ HAI CỦA TỜ BÁO," Để cơ gắng thích hài của sợ báo, đoất nước"
VIVOSDEV12_213_clean,vivos,whisper,tiny,zero_shot,,42,clean,clean,BA MƯƠI HAI BA MƯƠI BA," Bà mùi hay, bà mùi bà"
VIVOSDEV12_213_snr0,vivos,whisper,tiny,zero_shot,,42,0,speech,BA MƯƠI HAI BA MƯƠI BA, Bà bình hình bà mùi bà.
VIVOSDEV12_213_snr10,vivos,whisper,tiny,zero_shot,,42,10,music,BA MƯƠI HAI BA MƯƠI BA," Bà mùi 2, bà mùi 3"
VIVOSDEV12_213_snr20,vivos,whisper,tiny,zero_shot,,42,20,music,BA MƯƠI HAI BA MƯƠI BA," Bà mươi 2, bà mươi 3"
VIVOSDEV12_213_snr5,vivos,whisper,tiny,zero_shot,,42,5,noise,BA MƯƠI HAI BA MƯƠI BA," 3, 2, 3, 4, 1"
VIVOSDEV12_223_clean,vivos,whisper,tiny,zero_shot,,42,clean,clean,NĂM MƯƠI HAI NĂM MƯƠI BA," Nam mùi 2, Nam mùi 3"
VIVOSDEV12_223_snr0,vivos,whisper,tiny,zero_shot,,42,0,music,NĂM MƯƠI HAI NĂM MƯƠI BA," Năm mùi hay, năm vui bà"
VIVOSDEV12_223_snr10,vivos,whisper,tiny,zero_shot,,42,10,music,NĂM MƯƠI HAI NĂM MƯƠI BA," Năm 12, Năm 12"
VIVOSDEV12_223_snr20,vivos,whisper,tiny,zero_shot,,42,20,music,NĂM MƯƠI HAI NĂM MƯƠI BA," Nam mùi hai, Nam mùi ba"
VIVOSDEV12_223_snr5,vivos,whisper,tiny,zero_shot,,42,5,noise,NĂM MƯƠI HAI NĂM MƯƠI BA," Năm 12, Năm 12"
VIVOSDEV12_232_clean,vivos,whisper,tiny,zero_shot,,42,clean,clean,BẢY MƯƠI BẢY MƯƠI MỐT," Bài mời, bài mời mốt"
VIVOSDEV12_232_snr0,vivos,whisper,tiny,zero_shot,,42,0,noise,BẢY MƯƠI BẢY MƯƠI MỐT," Bài mời, bài mời mời mọc"
VIVOSDEV12_232_snr10,vivos,whisper,tiny,zero_shot,,42,10,noise,BẢY MƯƠI BẢY MƯƠI MỐT," Mày mời, mày mời mốt"
VIVOSDEV12_232_snr20,vivos,whisper,tiny,zero_shot,,42,20,speech,BẢY MƯƠI BẢY MƯƠI MỐT," Bài mời, bài mời mốt"
VIVOSDEV12_232_snr5,vivos,whisper,tiny,zero_shot,,42,5,speech,BẢY MƯƠI BẢY MƯƠI MỐT," Đấy môi, bây giờ..."
VIVOSDEV12_244_clean,vivos,whisper,tiny,zero_shot,,42,clean,clean,CHÍN MƯƠI BỐN CHÍN MƯƠI LĂM," Kính mười bóng, chính mười làm."
VIVOSDEV12_244_snr0,vivos,whisper,tiny,zero_shot,,42,0,music,CHÍN MƯƠI BỐN CHÍN MƯƠI LĂM," Mời bóng, tiến mời làm"
VIVOSDEV12_244_snr10,vivos,whisper,tiny,zero_shot,,42,10,noise,CHÍN MƯƠI BỐN CHÍN MƯƠI LĂM," Tính mời bóng,ính mời làm."
VIVOSDEV12_244_snr20,vivos,whisper,tiny,zero_shot,,42,20,noise,CHÍN MƯƠI BỐN CHÍN MƯƠI LĂM," Cính mời bóng, chính mời làm."
VIVOSDEV12_244_snr5,vivos,whisper,tiny,zero_shot,,42,5,speech,CHÍN MƯƠI BỐN CHÍN MƯƠI LĂM," Bính mười bó,ính mười làm."
VIVOSDEV12_248_clean,vivos,whisper,tiny,zero_shot,,42,clean,clean,MỘT BA NĂM BẢY CHÍN, Một ba năm bãi kinh.
VIVOSDEV12_248_snr0,vivos,whisper,tiny,zero_shot,,42,0,speech,MỘT BA NĂM BẢY CHÍN," Thôi, thôi, thôi, thôi, thôi, thôi, thôi, thôi, thôi, thôi, thôi, thôi, thôi, thôi, thôi, thôi, thôi, thôi, thôi, thôi, thôi, thôi, thôi, thôi, thôi, thôi, thôi, thôi, thôi, thôi, thôi, thôi, thôi, thôi, thôi, thôi, thôi, thôi, thôi, thôi, thôi, thôi, thôi"
VIVOSDEV12_248_snr10,vivos,whisper,tiny,zero_shot,,42,10,noise,MỘT BA NĂM BẢY CHÍN, Một ba năm bảy kinh
VIVOSDEV12_248_snr20,vivos,whisper,tiny,zero_shot,,42,20,noise,MỘT BA NĂM BẢY CHÍN, Một ba năm bãi kinh.
VIVOSDEV12_248_snr5,vivos,whisper,tiny,zero_shot,,42,5,music,MỘT BA NĂM BẢY CHÍN, Một ba năm 2019
VIVOSDEV12_280_clean,vivos,whisper,tiny,zero_shot,,42,clean,clean,DU LỊCH SẼ TRỞ THÀNH NGÀNH KINH TẾ MŨI NHỌN, Dù lật sẽ chá thằng ngần kinh tế mối nhỏ.
VIVOSDEV12_280_snr0,vivos,whisper,tiny,zero_shot,,42,0,noise,DU LỊCH SẼ TRỞ THÀNH NGÀNH KINH TẾ MŨI NHỌN, Nếu là sẽ đào thăm nhằm tình bây bố nhỏ
VIVOSDEV12_280_snr10,vivos,whisper,tiny,zero_shot,,42,10,noise,DU LỊCH SẼ TRỞ THÀNH NGÀNH KINH TẾ MŨI NHỌN, dù lật sẽ chá thằng ngàn kinh tây mối nhau
VIVOSDEV12_280_snr20,vivos,whisper,tiny,zero_shot,,42,20,noise,DU LỊCH SẼ TRỞ THÀNH NGÀNH KINH TẾ MŨI NHỌN, Dù lật sẽ trả thành ngành cái tay mối nhau.
VIVOSDEV12_280_snr5,vivos,whisper,tiny,zero_shot,,42,5,music,DU LỊCH SẼ TRỞ THÀNH NGÀNH KINH TẾ MŨI NHỌN, Yêu lật sẽ cho thằng ngàn kinh tái mối nhỏ.
VIVOSDEV12_290_clean,vivos,whisper,tiny,zero_shot,,42,clean,clean,TỪ KHI CHỒNG QUA ĐỜI VÌ BỆNH TẬT, Tự khi trọng qua nơi vì bình tật.
VIVOSDEV12_290_snr0,vivos,whisper,tiny,zero_shot,,42,0,speech,TỪ KHI CHỒNG QUA ĐỜI VÌ BỆNH TẬT, Từ khi chẳng qua nói vì bình tạc.
VIVOSDEV12_290_snr10,vivos,whisper,tiny,zero_shot,,42,10,noise,TỪ KHI CHỒNG QUA ĐỜI VÌ BỆNH TẬT, Từ khi trong qua đời vì bánh tật
VIVOSDEV12_290_snr20,vivos,whisper,tiny,zero_shot,,42,20,speech,TỪ KHI CHỒNG QUA ĐỜI VÌ BỆNH TẬT, Từ khi chung qua nơi viên bắt
VIVOSDEV12_290_snr5,vivos,whisper,tiny,zero_shot,,42,5,speech,TỪ KHI CHỒNG QUA ĐỜI VÌ BỆNH TẬT, Từ khi chào qua đời vì mình tấn.
VIVOSDEV13_019_clean,vivos,whisper,tiny,zero_shot,,42,clean,clean,ĐƠN VỊ MÌNH KHÔNG NGHE AI NÓI GÌ CHƯA HẲN ĐÃ TỐT, Đơn giới mình không nghe ai nói gì chưa hẳng đã tốt
VIVOSDEV13_019_snr0,vivos,whisper,tiny,zero_shot,,42,0,speech,ĐƠN VỊ MÌNH KHÔNG NGHE AI NÓI GÌ CHƯA HẲN ĐÃ TỐT," Đừng có thể mạnh thống nghe anh, anh sẽ truyền tạm đất."
VIVOSDEV13_019_snr10,vivos,whisper,tiny,zero_shot,,42,10,noise,ĐƠN VỊ MÌNH KHÔNG NGHE AI NÓI GÌ CHƯA HẲN ĐÃ TỐT, Đơn giới mình thông nghe ai nói về chưa hãng đã tốt
VIVOSDEV13_019_snr20,vivos,whisper,tiny,zero_shot,,42,20,speech,ĐƠN VỊ MÌNH KHÔNG NGHE AI NÓI GÌ CHƯA HẲN ĐÃ TỐT, Đơn giới mình không nghe ai nói dị chưa hẳng đã tốt
VIVOSDEV13_019_snr5,vivos,whisper,tiny,zero_shot,,42,5,noise,ĐƠN VỊ MÌNH KHÔNG NGHE AI NÓI GÌ CHƯA HẲN ĐÃ TỐT, Đơn giới mình thông nghe ai nói gì chưa hẳng đã tốt
VIVOSDEV13_026_clean,vivos,whisper,tiny,zero_shot,,42,clean,clean,KHÔNG AI ĐƯỢC NGƯỢC ĐÃI CÁC EM VÌ CÁC EM HỌC CHẬM, Không ai được ngược đái cách em về các em học chấm.
VIVOSDEV13_026_snr0,vivos,whisper,tiny,zero_shot,,42,0,music,KHÔNG AI ĐƯỢC NGƯỢC ĐÃI CÁC EM VÌ CÁC EM HỌC CHẬM," Không có mẹ được ngược đại các em, mình đã em học chạm"
VIVOSDEV13_026_snr10,vivos,whisper,tiny,zero_shot,,42,10,music,KHÔNG AI ĐƯỢC NGƯỢC ĐÃI CÁC EM VÌ CÁC EM HỌC CHẬM, Không ngay được ngược đã các em về các em học kia em.
VIVOSDEV13_026_snr20,vivos,whisper,tiny,zero_shot,,42,20,noise,KHÔNG AI ĐƯỢC NGƯỢC ĐÃI CÁC EM VÌ CÁC EM HỌC CHẬM, Không ai được ngược đái cách em về các em học chấm.
VIVOSDEV13_026_snr5,vivos,whisper,tiny,zero_shot,,42,5,noise,KHÔNG AI ĐƯỢC NGƯỢC ĐÃI CÁC EM VÌ CÁC EM HỌC CHẬM, Không ai được ngược đái cách em về các em học chạm.
VIVOSDEV13_058_clean,vivos,whisper,tiny,zero_shot,,42,clean,clean,ĐÓ LÀ GIAI ĐOẠN THỜI TIẾT ÍT BIẾN ĐỘNG VÀ NHIỆT ĐỘ KHÔNG QUÁ THẤP, Đó là dây đảy thầy tích ước bíng đọng và nhịch đổ không quá tháp
VIVOSDEV13_058_snr0,vivos,whisper,tiny,zero_shot,,42,0,noise,ĐÓ LÀ GIAI ĐOẠN THỜI TIẾT ÍT BIẾN ĐỘNG VÀ NHIỆT ĐỘ KHÔNG QUÁ THẤP, Nó lại dây đánh hơi tích miếng đạo vệ nghiệp đổ không bối à khác
VIVOSDEV13_058_snr10,vivos,whisper,tiny,zero_shot,,42,10,noise,ĐÓ LÀ GIAI ĐOẠN THỜI TIẾT ÍT BIẾN ĐỘNG VÀ NHIỆT ĐỘ KHÔNG QUÁ THẤP, Đó là dây đại thành thầy tích ước bíng đọng và nhịch đổ không quên thác.
VIVOSDEV13_058_snr20,vivos,whisper,tiny,zero_shot,,42,20,noise,ĐÓ LÀ GIAI ĐOẠN THỜI TIẾT ÍT BIẾN ĐỘNG VÀ NHIỆT ĐỘ KHÔNG QUÁ THẤP, Đó là dây đảnh thời tiết ước biến đọng và nhịch đổ không quá tháp
VIVOSDEV13_058_snr5,vivos,whisper,tiny,zero_shot,,42,5,music,ĐÓ LÀ GIAI ĐOẠN THỜI TIẾT ÍT BIẾN ĐỘNG VÀ NHIỆT ĐỘ KHÔNG QUÁ THẤP," Đó là dây đẹn khởi tiết, cất biến đọng và nhịt đổ không buá khác"
VIVOSDEV13_061_clean,vivos,whisper,tiny,zero_shot,,42,clean,clean,NHƯNG SAU NGHE CON NÓI RA NÓI VÀO LẠI ÁC CẢM VỚI EM, Nhưng sau nghe con nói ra nói vào lại em cảm với ý
VIVOSDEV13_061_snr0,vivos,whisper,tiny,zero_shot,,42,0,noise,NHƯNG SAU NGHE CON NÓI RA NÓI VÀO LẠI ÁC CẢM VỚI EM, Nhưng sau nghe con nói ra nói vào nghe cảm thấy
VIVOSDEV13_061_snr10,vivos,whisper,tiny,zero_shot,,42,10,speech,NHƯNG SAU NGHE CON NÓI RA NÓI VÀO LẠI ÁC CẢM VỚI EM, Nhưng sau nghe con nói ra nói vào lại em cảm với em.
VIVOSDEV13_061_snr20,vivos,whisper,tiny,zero_shot,,42,20,speech,NHƯNG SAU NGHE CON NÓI RA NÓI VÀO LẠI ÁC CẢM VỚI EM, Nhưng sau nghe con nói ra nói vào lại em cảm với
VIVOSDEV13_061_snr5,vivos,whisper,tiny,zero_shot,,42,5,noise,NHƯNG SAU NGHE CON NÓI RA NÓI VÀO LẠI ÁC CẢM VỚI EM, Nhưng sau ngày gong nói về nói về ở lại em cảm ơn ý
VIVOSDEV13_075_clean,vivos,whisper,tiny,zero_shot,,42,clean,clean,BẠN CÓ THỂ TẮT CHƯƠNG TRÌNH ĐÓ ĐI VÀ THỰC HIỆN THAO TÁC CUỐI CÙNG, Bạn có thể tắt trung trên đó đây và thực hiện thao cách cuối cùng.
VIVOSDEV13_075_snr0,vivos,whisper,tiny,zero_shot,,42,0,speech,BẠN CÓ THỂ TẮT CHƯƠNG TRÌNH ĐÓ ĐI VÀ THỰC HIỆN THAO TÁC CUỐI CÙNG, và đẹp đẹp đẹp đẹp đẹp đẹp đẹp đẹp đẹp đẹp đẹp đẹp đẹp đẹp đẹp đẹp đẹp đẹp đẹp đẹp đẹp đẹp đẹp đẹp đẹp đẹp đẹp đẹp đẹp đẹp đẹp đẹp đẹp đẹp đẹp đẹp đẹp đẹp đẹp đẹp đẹp đẹp đ
VIVOSDEV13_075_snr10,vivos,whisper,tiny,zero_shot,,42,10,music,BẠN CÓ THỂ TẮT CHƯƠNG TRÌNH ĐÓ ĐI VÀ THỰC HIỆN THAO TÁC CUỐI CÙNG, Bạn có thể tắt trung trên đó đi và thật hiện thao đái cuối cùng
VIVOSDEV13_075_snr20,vivos,whisper,tiny,zero_shot,,42,20,noise,BẠN CÓ THỂ TẮT CHƯƠNG TRÌNH ĐÓ ĐI VÀ THỰC HIỆN THAO TÁC CUỐI CÙNG, Bạn có thể tắt trung trên đó đây và thực hiện thao đái cuối cùng.
VIVOSDEV13_075_snr5,vivos,whisper,tiny,zero_shot,,42,5,speech,BẠN CÓ THỂ TẮT CHƯƠNG TRÌNH ĐÓ ĐI VÀ THỰC HIỆN THAO TÁC CUỐI CÙNG," Nè, có thể tắc chung kìa, không đau đầy và tật đi. Chào t đẹp của mình."
VIVOSDEV13_078_clean,vivos,whisper,tiny,zero_shot,,42,clean,clean,KHẮP NƠI QUANH CHÚNG TÔI VƯƠNG VÃI XÁC CHẾT CỦA NGƯỜI DÂN VÔ TỘI, Các nơi quan trung tôi vương vải xác trết của người dân vô tỏi.
VIVOSDEV13_078_snr0,vivos,whisper,tiny,zero_shot,,42,0,speech,KHẮP NƠI QUANH CHÚNG TÔI VƯƠNG VÃI XÁC CHẾT CỦA NGƯỜI DÂN VÔ TỘI, Hẹp nơi quanh cốm tối xin và xin kia tương nơi dân vô tỏa
VIVOSDEV13_078_snr10,vivos,whisper,tiny,zero_shot,,42,10,music,KHẮP NƠI QUANH CHÚNG TÔI VƯƠNG VÃI XÁC CHẾT CỦA NGƯỜI DÂN VÔ TỘI, Hấp nơi 1 trung tôi vùng vải xác trết của người dân vô đợi
VIVOSDEV13_078_snr20,vivos,whisper,tiny,zero_shot,,42,20,noise,KHẮP NƠI QUANH CHÚNG TÔI VƯƠNG VÃI XÁC CHẾT CỦA NGƯỜI DÂN VÔ TỘI, Các nơi quan trung tôi vương rải xác chết của người yang wo tỏi
VIVOSDEV13_078_snr5,vivos,whisper,tiny,zero_shot,,42,5,noise,KHẮP NƠI QUANH CHÚNG TÔI VƯƠNG VÃI XÁC CHẾT CỦA NGƯỜI DÂN VÔ TỘI, Các nơi quan trúng tôi vùng rải xác trết của người yang wo tỏi.
VIVOSDEV13_089_clean,vivos,whisper,tiny,zero_shot,,42,clean,clean,NHÀ VĂN NGUYÊN NGỌC SINH VIÊN CÓ QUYỀN HOÀI NGHI VÀ TRANH CÃI," Nhà vang quên ngọc sinh, Nhà vang quỷ ngọc sinh quên có, quên hành ngây và chân cả"
VIVOSDEV13_089_snr0,vivos,whisper,tiny,zero_shot,,42,0,noise,NHÀ VĂN NGUYÊN NGỌC SINH VIÊN CÓ QUYỀN HOÀI NGHI VÀ TRANH CÃI," Mẹ băng hương, nó băng hủy nhỏ trình về có, thì mọi người vào trong cả"
VIVOSDEV13_089_snr10,vivos,whisper,tiny,zero_shot,,42,10,noise,NHÀ VĂN NGUYÊN NGỌC SINH VIÊN CÓ QUYỀN HOÀI NGHI VÀ TRANH CÃI, Nhà vang huyên nọc sinh Nhà vang huyên nọc sinh huyên có chui hành nơi và chân cả
VIVOSDEV13_089_snr20,vivos,whisper,tiny,zero_shot,,42,20,noise,NHÀ VĂN NGUYÊN NGỌC SINH VIÊN CÓ QUYỀN HOÀI NGHI VÀ TRANH CÃI," Nhà vang quên ngọc xin, nhà vang quỷ ngọc xin với có, quỷ ngay và chân cả ai"
VIVOSDEV13_089_snr5,vivos,whisper,tiny,zero_shot,,42,5,noise,NHÀ VĂN NGUYÊN NGỌC SINH VIÊN CÓ QUYỀN HOÀI NGHI VÀ TRANH CÃI," Nhà băng huyên nọc xin Nhà băng huyên nọc xin với có, huyên hành e và chân cả"
VIVOSDEV13_097_clean,vivos,whisper,tiny,zero_shot,,42,clean,clean,CUỘC THI CÒN CÓ HAI GIẢI NHÌ BA GIẢI BA VÀ BỐN GIẢI KHUYẾN KHÍCH, Gục thư gòn có hai giả như ba giả ba và bốn giả khuyến khích
VIVOSDEV13_097_snr0,vivos,whisper,tiny,zero_shot,,42,0,noise,CUỘC THI CÒN CÓ HAI GIẢI NHÌ BA GIẢI BA VÀ BỐN GIẢI KHUYẾN KHÍCH," Cụ thư gần có hai giả như vậy ba, giả ba và bún giả khuyên khích"
VIVOSDEV13_097_snr10,vivos,whisper,tiny,zero_shot,,42,10,music,CUỘC THI CÒN CÓ HAI GIẢI NHÌ BA GIẢI BA VÀ BỐN GIẢI KHUYẾN KHÍCH," Cục thư còn có 2 giả như 3 giảy bà, giảy bà và bốn giảy khuyến khích."
VIVOSDEV13_097_snr20,vivos,whisper,tiny,zero_shot,,42,20,noise,CUỘC THI CÒN CÓ HAI GIẢI NHÌ BA GIẢI BA VÀ BỐN GIẢI KHUYẾN KHÍCH, Gục thư còn có 2 giả như ba giả ba và bốn giả khuyến khích
VIVOSDEV13_097_snr5,vivos,whisper,tiny,zero_shot,,42,5,speech,CUỘC THI CÒN CÓ HAI GIẢI NHÌ BA GIẢI BA VÀ BỐN GIẢI KHUYẾN KHÍCH, Cái gì?
VIVOSDEV13_105_clean,vivos,whisper,tiny,zero_shot,,42,clean,clean,NHÓC ĐỎ MẶT TÍA TAI NHÓC THUA CHỊ MỘT TUỔI THÔI ĐẤY, Nhớc đỏ mặt tiết tay. Nhớc đỏ mặt tiết tay nhớc thư chỉ một tối thôi đấy.
VIVOSDEV13_105_snr0,vivos,whisper,tiny,zero_shot,,42,0,noise,NHÓC ĐỎ MẶT TÍA TAI NHÓC THUA CHỊ MỘT TUỔI THÔI ĐẤY," Nếu đỏ mặt tây, nếu đỏ mặt tây, nếu khuổi kỳ một tối thôi đấy."
VIVOSDEV13_105_snr10,vivos,whisper,tiny,zero_shot,,42,10,music,NHÓC ĐỎ MẶT TÍA TAI NHÓC THUA CHỊ MỘT TUỔI THÔI ĐẤY, Nhớp đó mặt tây. Nhớp đó mặt tây nhớp hư chỉ một tối thôi đấy.
VIVOSDEV13_105_snr20,vivos,whisper,tiny,zero_shot,,42,20,speech,NHÓC ĐỎ MẶT TÍA TAI NHÓC THUA CHỊ MỘT TUỔI THÔI ĐẤY, Nhắc đỏ mặt tây. Nhắc đỏ mặt tây. Nhắc đỏ mặt tây. Nhắc thư chỉ một tối thôi đấy.
VIVOSDEV13_105_snr5,vivos,whisper,tiny,zero_shot,,42,5,noise,NHÓC ĐỎ MẶT TÍA TAI NHÓC THUA CHỊ MỘT TUỔI THÔI ĐẤY, Nhớc đỏ mặt tiết tay Nhớc đỏ mặt tiết tay Nhớc đỏ mặt tiết tay Nhớc thư chỉ một tối thôi đấy
VIVOSDEV13_136_clean,vivos,whisper,tiny,zero_shot,,42,clean,clean,TÔI VÀO QUẦY GIẢI KHÁT ĐẦU TIÊN VÀ GỌI MỘT CỐC NƯỚC CAM, Tôi vào quay giải khác đầu tiên và gọi một cấp nước game
VIVOSDEV13_136_snr0,vivos,whisper,tiny,zero_shot,,42,0,noise,TÔI VÀO QUẦY GIẢI KHÁT ĐẦU TIÊN VÀ GỌI MỘT CỐC NƯỚC CAM, Tôi vào quay giải khác đầu tiên và gọi một cóc mức game.
VIVOSDEV13_136_snr10,vivos,whisper,tiny,zero_shot,,42,10,music,TÔI VÀO QUẦY GIẢI KHÁT ĐẦU TIÊN VÀ GỌI MỘT CỐC NƯỚC CAM, Tôi vào quay giải khác đầu tiên và gọi một cóc nước game
VIVOSDEV13_136_snr20,vivos,whisper,tiny,zero_shot,,42,20,noise,TÔI VÀO QUẦY GIẢI KHÁT ĐẦU TIÊN VÀ GỌI MỘT CỐC NƯỚC CAM, Tôi vào quay giải khác đầu tiên và gọi một cấp nước game.
VIVOSDEV13_136_snr5,vivos,whisper,tiny,zero_shot,,42,5,noise,TÔI VÀO QUẦY GIẢI KHÁT ĐẦU TIÊN VÀ GỌI MỘT CỐC NƯỚC CAM, Tôi vào quay giải khác đầu tiên vào rãi một các thức game.
VIVOSDEV13_137_clean,vivos,whisper,tiny,zero_shot,,42,clean,clean,MẸ LẦN TAY TRONG VÍ VÀ LẤY RA CHIẾC PHONG BÌ, Mẹ lần đây trong vĩ và lấy ra chết phòng bầy.
VIVOSDEV13_137_snr0,vivos,whisper,tiny,zero_shot,,42,0,noise,MẸ LẦN TAY TRONG VÍ VÀ LẤY RA CHIẾC PHONG BÌ, Mày là đây trong lấy vào cái khong bây
VIVOSDEV13_137_snr10,vivos,whisper,tiny,zero_shot,,42,10,speech,MẸ LẦN TAY TRONG VÍ VÀ LẤY RA CHIẾC PHONG BÌ, Mẹ lần đây trong quý và lấy ra khí khóng bây
VIVOSDEV13_137_snr20,vivos,whisper,tiny,zero_shot,,42,20,noise,MẸ LẦN TAY TRONG VÍ VÀ LẤY RA CHIẾC PHONG BÌ, Mẹ lần đây trong Mỹ và lấy ra chết phòng bầy
VIVOSDEV13_137_snr5,vivos,whisper,tiny,zero_shot,,42,5,speech,MẸ LẦN TAY TRONG VÍ VÀ LẤY RA CHIẾC PHONG BÌ, Đại trông bấy và lấy rẻ trông bây
VIVOSDEV13_139_clean,vivos,whisper,tiny,zero_shot,,42,clean,clean,TIÊU NHƯ PHONG CHẠY TRỐN KHỎI KINH THÀNH ĐỂ TÌM HUNG THỦ THẬT SỰ, Điều phòng giải trón khỏi cinh thần để đi mong tổ thật sử
VIVOSDEV13_139_snr0,vivos,whisper,tiny,zero_shot,,42,0,noise,TIÊU NHƯ PHONG CHẠY TRỐN KHỎI KINH THÀNH ĐỂ TÌM HUNG THỦ THẬT SỰ, Đi như phòng dài trón khỏi cinh thần để tìm không tổ thập sử
VIVOSDEV13_139_snr10,vivos,whisper,tiny,zero_shot,,42,10,noise,TIÊU NHƯ PHONG CHẠY TRỐN KHỎI KINH THÀNH ĐỂ TÌM HUNG THỦ THẬT SỰ, Tên như phần dài trón khỏi cinh hành để tìm không tố khật dấu
VIVOSDEV13_139_snr20,vivos,whisper,tiny,zero_shot,,42,20,music,TIÊU NHƯ PHONG CHẠY TRỐN KHỎI KINH THÀNH ĐỂ TÌM HUNG THỦ THẬT SỰ, Để không vòng giải trón khỏi c件 tàn để đi mong tổ cập sử
VIVOSDEV13_139_snr5,vivos,whisper,tiny,zero_shot,,42,5,noise,TIÊU NHƯ PHONG CHẠY TRỐN KHỎI KINH THÀNH ĐỂ TÌM HUNG THỦ THẬT SỰ, Điều phòng dài trón khỏi cinh thành để điểm hông tổ thật dầu
VIVOSDEV13_146_clean,vivos,whisper,tiny,zero_shot,,42,clean,clean,CÓ NGÀY CÁC BÁC SĨ ĐIỀU DƯỠNG MỔ MẮT CHO HÀNG TRĂM NGƯỜI MÙ NGHÈO," Có ngay cái bác sĩ thì giữ mỏ mắt cho hình, chấm người mùa ngheu"
VIVOSDEV13_146_snr0,vivos,whisper,tiny,zero_shot,,42,0,noise,CÓ NGÀY CÁC BÁC SĨ ĐIỀU DƯỠNG MỔ MẮT CHO HÀNG TRĂM NGƯỜI MÙ NGHÈO," có ngay cái bác sĩ đều dữ mỏ mắt cho hình, giấm người mùa ngheu"
VIVOSDEV13_146_snr10,vivos,whisper,tiny,zero_shot,,42,10,noise,CÓ NGÀY CÁC BÁC SĨ ĐIỀU DƯỠNG MỔ MẮT CHO HÀNG TRĂM NGƯỜI MÙ NGHÈO," Có ngay cái bếp sĩ thì hiểu mỗi mắt cho hình, giấm người mùa ngheu"
VIVOSDEV13_146_snr20,vivos,whisper,tiny,zero_shot,,42,20,noise,CÓ NGÀY CÁC BÁC SĨ ĐIỀU DƯỠNG MỔ MẮT CHO HÀNG TRĂM NGƯỜI MÙ NGHÈO," có ngay cái bác sĩ để giữ mỏ mắt cho hình, chấm người mùa ngheu"
VIVOSDEV13_146_snr5,vivos,whisper,tiny,zero_shot,,42,5,speech,CÓ NGÀY CÁC BÁC SĨ ĐIỀU DƯỠNG MỔ MẮT CHO HÀNG TRĂM NGƯỜI MÙ NGHÈO, Con này các bạn phải để vyu nghe mắt cho hệ giáp nguyên môi môi mì.
VIVOSDEV13_147_clean,vivos,whisper,tiny,zero_shot,,42,clean,clean,KHÔNG AI MUỐN CÓ TIÊU CỰC CẢ VÀ CŨNG ĐỪNG TUYỆT ĐỐI HÓA VẤN ĐỀ, Khòa ngoài muốn có từ cơm kẻ và cũng đừng trị đối há vấn đề.
VIVOSDEV13_147_snr0,vivos,whisper,tiny,zero_shot,,42,0,speech,KHÔNG AI MUỐN CÓ TIÊU CỰC CẢ VÀ CŨNG ĐỪNG TUYỆT ĐỐI HÓA VẤN ĐỀ," Hôm nay, bố gá tiêu gửi hôm nay, các bạn có thể chơi thôi."
VIVOSDEV13_147_snr10,vivos,whisper,tiny,zero_shot,,42,10,noise,KHÔNG AI MUỐN CÓ TIÊU CỰC CẢ VÀ CŨNG ĐỪNG TUYỆT ĐỐI HÓA VẤN ĐỀ, Không ai muốn có từ cơm cả và cũng còn việc đối hả vấn đề.
VIVOSDEV13_147_snr20,vivos,whisper,tiny,zero_shot,,42,20,noise,KHÔNG AI MUỐN CÓ TIÊU CỰC CẢ VÀ CŨNG ĐỪNG TUYỆT ĐỐI HÓA VẤN ĐỀ, Thà ngoài muốn có từ cơm kẻ và cũng đừng trịt đối hãi gón đè
VIVOSDEV13_147_snr5,vivos,whisper,tiny,zero_shot,,42,5,noise,KHÔNG AI MUỐN CÓ TIÊU CỰC CẢ VÀ CŨNG ĐỪNG TUYỆT ĐỐI HÓA VẤN ĐỀ, Không ai muốn có từ cập trả và cũng được trịt đối hả vông đẹp
VIVOSDEV13_150_clean,vivos,whisper,tiny,zero_shot,,42,clean,clean,VỢ HẮN THỊ NGẦN MANG LƯỚI RA VÁ ĐỂ CHIỀU THẢ," Vào hắn thị ngần, mang lươi ra vá để chêu thả"
VIVOSDEV13_150_snr0,vivos,whisper,tiny,zero_shot,,42,0,speech,VỢ HẮN THỊ NGẦN MANG LƯỚI RA VÁ ĐỂ CHIỀU THẢ," Sự vá sếng nha hồ, sếng nha vá đầy dụng bán"
VIVOSDEV13_150_snr10,vivos,whisper,tiny,zero_shot,,42,10,noise,VỢ HẮN THỊ NGẦN MANG LƯỚI RA VÁ ĐỂ CHIỀU THẢ, Vào hắn thì ngần mang lươi ra vã để chêu thả
VIVOSDEV13_150_snr20,vivos,whisper,tiny,zero_shot,,42,20,noise,VỢ HẮN THỊ NGẦN MANG LƯỚI RA VÁ ĐỂ CHIỀU THẢ," Vào hắn thị ngần, mang lưu ra và để chêu thả."
VIVOSDEV13_150_snr5,vivos,whisper,tiny,zero_shot,,42,5,music,VỢ HẮN THỊ NGẦN MANG LƯỚI RA VÁ ĐỂ CHIỀU THẢ, Và hắn thì ngần mang lưu ra vá để chưu thạch
VIVOSDEV13_222_clean,vivos,whisper,tiny,zero_shot,,42,clean,clean,MẸ CŨNG ĐÃ TỪNG THỐNG KHỔ TUYỆT VỌNG VÀ CÔ ĐƠN NHƯ VẬY, Mẹ cũng đã tần thống khó thịt vàng và cô đơn như vậy.
VIVOSDEV13_222_snr0,vivos,whisper,tiny,zero_shot,,42,0,music,MẸ CŨNG ĐÃ TỪNG THỐNG KHỔ TUYỆT VỌNG VÀ CÔ ĐƠN NHƯ VẬY, Mày cũng đã tầm thắm khó thư vàng hành câu đơn như vậy
VIVOSDEV13_222_snr10,vivos,whisper,tiny,zero_shot,,42,10,music,MẸ CŨNG ĐÃ TỪNG THỐNG KHỔ TUYỆT VỌNG VÀ CÔ ĐƠN NHƯ VẬY, Mẹ cũng đã từng thống khó từ phòng và cô đơn như vậy.
VIVOSDEV13_222_snr20,vivos,whisper,tiny,zero_shot,,42,20,music,MẸ CŨNG ĐÃ TỪNG THỐNG KHỔ TUYỆT VỌNG VÀ CÔ ĐƠN NHƯ VẬY, Mẹ cũng đã tần thống khó thịt vàng và cô đơn như vậy
VIVOSDEV13_222_snr5,vivos,whisper,tiny,zero_shot,,42,5,music,MẸ CŨNG ĐÃ TỪNG THỐNG KHỔ TUYỆT VỌNG VÀ CÔ ĐƠN NHƯ VẬY, Mẹ cũng đã tần thống khó từ trọng và cô đơn như vậy.
VIVOSDEV13_241_clean,vivos,whisper,tiny,zero_shot,,42,clean,clean,MÙA ĐÔNG CẢ CÁNH ĐỒNG CHUYỂN SANG MỘT MÀU VÀNG RỰC, Đó đông cá cánh đồng chuyến xanh một màu vang rực
VIVOSDEV13_241_snr0,vivos,whisper,tiny,zero_shot,,42,0,music,MÙA ĐÔNG CẢ CÁNH ĐỒNG CHUYỂN SANG MỘT MÀU VÀNG RỰC, Đóng các cánh đồng chuyện xe mộm ào vang được
VIVOSDEV13_241_snr10,vivos,whisper,tiny,zero_shot,,42,10,noise,MÙA ĐÔNG CẢ CÁNH ĐỒNG CHUYỂN SANG MỘT MÀU VÀNG RỰC, Đó đông cả các đồng kính xe mộng màu vang được
VIVOSDEV13_241_snr20,vivos,whisper,tiny,zero_shot,,42,20,music,MÙA ĐÔNG CẢ CÁNH ĐỒNG CHUYỂN SANG MỘT MÀU VÀNG RỰC, Đó đông cả các đồng chuyến xe một màu vang rực
VIVOSDEV13_241_snr5,vivos,whisper,tiny,zero_shot,,42,5,noise,MÙA ĐÔNG CẢ CÁNH ĐỒNG CHUYỂN SANG MỘT MÀU VÀNG RỰC, Đó đông cả các đồng chuyến xe mộ mâu vang rực
VIVOSDEV13_252_clean,vivos,whisper,tiny,zero_shot,,42,clean,clean,TÔI HỌC CÙNG VỚI CÁC ANH CHỊ LÀM VIỆC CHUYÊN VỀ SẢN XUẤT PHẦN MỀM, Tôi học cùng với các anh chỉ làm việc kinh về sáng xúc phần mẹ.
VIVOSDEV13_252_snr0,vivos,whisper,tiny,zero_shot,,42,0,speech,TÔI HỌC CÙNG VỚI CÁC ANH CHỊ LÀM VIỆC CHUYÊN VỀ SẢN XUẤT PHẦN MỀM, Tôi hợp cũng có cái càng chảy là mẹp viên về xen xó phần mè
VIVOSDEV13_252_snr10,vivos,whisper,tiny,zero_shot,,42,10,noise,TÔI HỌC CÙNG VỚI CÁC ANH CHỊ LÀM VIỆC CHUYÊN VỀ SẢN XUẤT PHẦN MỀM, Tôi học bùng với cách anh chảy làm việc biên và gián xúc phần mềm.
VIVOSDEV13_252_snr20,vivos,whisper,tiny,zero_shot,,42,20,speech,TÔI HỌC CÙNG VỚI CÁC ANH CHỊ LÀM VIỆC CHUYÊN VỀ SẢN XUẤT PHẦN MỀM, tôi học cùng với cách anh chỉ làm việc kiên về sáng xúc phần mẹ.
VIVOSDEV13_252_snr5,vivos,whisper,tiny,zero_shot,,42,5,noise,TÔI HỌC CÙNG VỚI CÁC ANH CHỊ LÀM VIỆC CHUYÊN VỀ SẢN XUẤT PHẦN MỀM, Tôi học của tôi cách and sẽ làm việc biên rời dánh xúc không mẹ
VIVOSDEV13_267_clean,vivos,whisper,tiny,zero_shot,,42,clean,clean,DO VẬY VẤN ĐỀ KHU TRÚ KHỐNG CHẾ BỆNH TẢ HIỆN NAY RẤT KHÓ, và vãng đề khu chú không chế bệnh tã hệnh này rất khó.
VIVOSDEV13_267_snr0,vivos,whisper,tiny,zero_shot,,42,0,noise,DO VẬY VẤN ĐỀ KHU TRÚ KHỐNG CHẾ BỆNH TẢ HIỆN NAY RẤT KHÓ, Và vậy vẫn đề phu chú còn chế vận tái hệ này rất khá
VIVOSDEV13_267_snr10,vivos,whisper,tiny,zero_shot,,42,10,music,DO VẬY VẤN ĐỀ KHU TRÚ KHỐNG CHẾ BỆNH TẢ HIỆN NAY RẤT KHÓ, và vãng đề khu chú không chế bệnh tã hệnh này rất khó
VIVOSDEV13_267_snr20,vivos,whisper,tiny,zero_shot,,42,20,noise,DO VẬY VẤN ĐỀ KHU TRÚ KHỐNG CHẾ BỆNH TẢ HIỆN NAY RẤT KHÓ, dà vải vấn đề khu chú không chế bệnh tã hệnh này rất khó
VIVOSDEV13_267_snr5,vivos,whisper,tiny,zero_shot,,42,5,noise,DO VẬY VẤN ĐỀ KHU TRÚ KHỐNG CHẾ BỆNH TẢ HIỆN NAY RẤT KHÓ, và vải vấn đề khu chấu không chế bệnh tã hệnh này rất con
VIVOSDEV13_277_clean,vivos,whisper,tiny,zero_shot,,42,clean,clean,HÀ NỘI MỞ RỘNG KHU VỰC HỒ TÂY SÔNG HỒNG NÊN LÀ KHU VỰC TĨNH, Hàng nói mở rõm khu vật không? Đây xong hảm nên là khu vật tình?
VIVOSDEV13_277_snr0,vivos,whisper,tiny,zero_shot,,42,0,noise,HÀ NỘI MỞ RỘNG KHU VỰC HỒ TÂY SÔNG HỒNG NÊN LÀ KHU VỰC TĨNH, Hàng nói mở rõ mở rõ mùa khu vật khờ tay xam khảm nên là khu vật tình
VIVOSDEV13_277_snr10,vivos,whisper,tiny,zero_shot,,42,10,music,HÀ NỘI MỞ RỘNG KHU VỰC HỒ TÂY SÔNG HỒNG NÊN LÀ KHU VỰC TĨNH, Hà nói mở rắm khu vật hòa tay xam hảm nên là khu vật tình
VIVOSDEV13_277_snr20,vivos,whisper,tiny,zero_shot,,42,20,music,HÀ NỘI MỞ RỘNG KHU VỰC HỒ TÂY SÔNG HỒNG NÊN LÀ KHU VỰC TĨNH, Hà nói mở rãng khu vật không? Đây xong hảm nên là khu vật đánh?
VIVOSDEV13_277_snr5,vivos,whisper,tiny,zero_shot,,42,5,noise,HÀ NỘI MỞ RỘNG KHU VỰC HỒ TÂY SÔNG HỒNG NÊN LÀ KHU VỰC TĨNH," Hẹn gọi mở rãng khu vật, thay xam hồng nên là khu vật tình"
VIVOSDEV14_018_clean,vivos,whisper,tiny,zero_shot,,42,clean,clean,BIÊN CHẾ NÀY NHÀ THANH GỌI LÀ AN NAM QUỐC NHẠC, Bình trế này nhé thân rõ lợ ánh nèm cút nhạc.
VIVOSDEV14_018_snr0,vivos,whisper,tiny,zero_shot,,42,0,music,BIÊN CHẾ NÀY NHÀ THANH GỌI LÀ AN NAM QUỐC NHẠC, Bình kế này nhé thân lợ lợ egg nam guốc nhẹc.
VIVOSDEV14_018_snr10,vivos,whisper,tiny,zero_shot,,42,10,noise,BIÊN CHẾ NÀY NHÀ THANH GỌI LÀ AN NAM QUỐC NHẠC, Bình chế này nhé thân gọi là egg nam quốc nhé.
VIVOSDEV14_018_snr20,vivos,whisper,tiny,zero_shot,,42,20,music,BIÊN CHẾ NÀY NHÀ THANH GỌI LÀ AN NAM QUỐC NHẠC, Bình trế này nhé thân lợ là eg Nam Gút nhẹc.
VIVOSDEV14_018_snr5,vivos,whisper,tiny,zero_shot,,42,5,noise,BIÊN CHẾ NÀY NHÀ THANH GỌI LÀ AN NAM QUỐC NHẠC," Bình kia, nè nhà thang gõ lời eg ngàn bút mẹ"
VIVOSDEV14_022_clean,vivos,whisper,tiny,zero_shot,,42,clean,clean,HƠN LÀ DẪN DẮT CÁC EM THEO CHỦ Ý CỦA GIÁO VIÊN, Hôm nay dẫn 1 cách em theo dụi với gửi yếu viên.
VIVOSDEV14_022_snr0,vivos,whisper,tiny,zero_shot,,42,0,music,HƠN LÀ DẪN DẮT CÁC EM THEO CHỦ Ý CỦA GIÁO VIÊN, Hôm nay dẫn 1 cách em theo chủi của EOi
VIVOSDEV14_022_snr10,vivos,whisper,tiny,zero_shot,,42,10,noise,HƠN LÀ DẪN DẮT CÁC EM THEO CHỦ Ý CỦA GIÁO VIÊN, Hóa là dẫn 1 cách em theo dụi với gửi yếu mình
VIVOSDEV14_022_snr20,vivos,whisper,tiny,zero_shot,,42,20,noise,HƠN LÀ DẪN DẮT CÁC EM THEO CHỦ Ý CỦA GIÁO VIÊN, Hôm nay giống nhất các em theo chủ với khuỡ viên.
VIVOSDEV14_022_snr5,vivos,whisper,tiny,zero_shot,,42,5,noise,HƠN LÀ DẪN DẮT CÁC EM THEO CHỦ Ý CỦA GIÁO VIÊN, không là dưỡng 1 cách danh hay chỗ với khối với
VIVOSDEV14_035_clean,vivos,whisper,tiny,zero_shot,,42,clean,clean,NHẠC SĨ LA HỐI VỚI CA KHÚC XUÂN VÀ TUỔI TRẺ, Nhàng xị là hơi với các khúc sông và tuy trẻ
VIVOSDEV14_035_snr0,vivos,whisper,tiny,zero_shot,,42,0,music,NHẠC SĨ LA HỐI VỚI CA KHÚC XUÂN VÀ TUỔI TRẺ, Nhạc xe làng ối với các khúc xúc và tối trời
VIVOSDEV14_035_snr10,vivos,whisper,tiny,zero_shot,,42,10,speech,NHẠC SĨ LA HỐI VỚI CA KHÚC XUÂN VÀ TUỔI TRẺ, Nhận xây là hối với các khúc sông và tối trở
VIVOSDEV14_035_snr20,vivos,whisper,tiny,zero_shot,,42,20,music,NHẠC SĨ LA HỐI VỚI CA KHÚC XUÂN VÀ TUỔI TRẺ, Những gì là hơi với các khúc sông và tuy kể?
VIVOSDEV14_035_snr5,vivos,whisper,tiny,zero_shot,,42,5,noise,NHẠC SĨ LA HỐI VỚI CA KHÚC XUÂN VÀ TUỔI TRẺ, Nhạc sĩ là hối với cái hút trong nhật đúng chế
VIVOSDEV14_080_clean,vivos,whisper,tiny,zero_shot,,42,clean,clean,TUY PHÍA TRƯỚC CÒN VÔ VÀ KHÓ KHĂN ĐỐI VỚI CON, Tui vẻ chút còn vô và khá hàng đối với cầm.
VIVOSDEV14_080_snr0,vivos,whisper,tiny,zero_shot,,42,0,noise,TUY PHÍA TRƯỚC CÒN VÔ VÀ KHÓ KHĂN ĐỐI VỚI CON, Trời thét chút còn vô và khó khăn đối với cơm
VIVOSDEV14_080_snr10,vivos,whisper,tiny,zero_shot,,42,10,noise,TUY PHÍA TRƯỚC CÒN VÔ VÀ KHÓ KHĂN ĐỐI VỚI CON, Trời phê chút cộng vô và khá hàng lối với cộng
VIVOSDEV14_080_snr20,vivos,whisper,tiny,zero_shot,,42,20,speech,TUY PHÍA TRƯỚC CÒN VÔ VÀ KHÓ KHĂN ĐỐI VỚI CON, Tui phê chút còn vô và khó hành đối với cầm.
VIVOSDEV14_080_snr5,vivos,whisper,tiny,zero_shot,,42,5,noise,TUY PHÍA TRƯỚC CÒN VÔ VÀ KHÓ KHĂN ĐỐI VỚI CON, Tui vét chút còn vô và khá hàng đối với cầu
VIVOSDEV14_085_clean,vivos,whisper,tiny,zero_shot,,42,clean,clean,BỐN NĂM TRỜI BỊ CÂM MỘT MÌNH VỚI BÓNG MÌNH NHIỀU PHEN ÒA KHÓC," Bố 6 trời bị cám một mình với bống, mình nhiều phêng ai khóc"
VIVOSDEV14_085_snr0,vivos,whisper,tiny,zero_shot,,42,0,noise,BỐN NĂM TRỜI BỊ CÂM MỘT MÌNH VỚI BÓNG MÌNH NHIỀU PHEN ÒA KHÓC, phố em cho ở vị cà của mình với bong mình như thế này không?
VIVOSDEV14_085_snr10,vivos,whisper,tiny,zero_shot,,42,10,speech,BỐN NĂM TRỜI BỊ CÂM MỘT MÌNH VỚI BÓNG MÌNH NHIỀU PHEN ÒA KHÓC, Bố năm trời bị cà một mừng với bảo mừng như phê này.
VIVOSDEV14_085_snr20,vivos,whisper,tiny,zero_shot,,42,20,music,BỐN NĂM TRỜI BỊ CÂM MỘT MÌNH VỚI BÓNG MÌNH NHIỀU PHEN ÒA KHÓC," Bố năm trời bị cấp một mình với bống, mình nhiều phên à hấp"
VIVOSDEV14_085_snr5,vivos,whisper,tiny,zero_shot,,42,5,music,BỐN NĂM TRỜI BỊ CÂM MỘT MÌNH VỚI BÓNG MÌNH NHIỀU PHEN ÒA KHÓC, Bố khám cho bị cấp độc mình với bọn mình như phay khai khai khóc
VIVOSDEV14_093_clean,vivos,whisper,tiny,zero_shot,,42,clean,clean,TRÒ ĐÙA ĐỐI VỚI THẦY NHƯNG LẠI LÀ CHÂN THẬT CHÂN THẬT VỚI MỘT NGƯỜI, Chào đủ đối với thải nhương lại là chương thật chương thật với một vời
VIVOSDEV14_093_snr0,vivos,whisper,tiny,zero_shot,,42,0,music,TRÒ ĐÙA ĐỐI VỚI THẦY NHƯNG LẠI LÀ CHÂN THẬT CHÂN THẬT VỚI MỘT NGƯỜI, Chào đủ đối với thải như lại nơi trong thật chân thật lên một phơi
VIVOSDEV14_093_snr10,vivos,whisper,tiny,zero_shot,,42,10,music,TRÒ ĐÙA ĐỐI VỚI THẦY NHƯNG LẠI LÀ CHÂN THẬT CHÂN THẬT VỚI MỘT NGƯỜI, Chào đủ đối với thải những lại là chân thật chân thật với mục hơi
VIVOSDEV14_093_snr20,vivos,whisper,tiny,zero_shot,,42,20,music,TRÒ ĐÙA ĐỐI VỚI THẦY NHƯNG LẠI LÀ CHÂN THẬT CHÂN THẬT VỚI MỘT NGƯỜI, Chào đủ với thải nhương lại là chương thật chương thật với một người
VIVOSDEV14_093_snr5,vivos,whisper,tiny,zero_shot,,42,5,speech,TRÒ ĐÙA ĐỐI VỚI THẦY NHƯNG LẠI LÀ CHÂN THẬT CHÂN THẬT VỚI MỘT NGƯỜI, Chào đủ đối với thấy miếng lại là trong tóc quên mục hồi hợp
VIVOSDEV14_104_clean,vivos,whisper,tiny,zero_shot,,42,clean,clean,ĐÓ LÀ NHẬN XÉT CHUNG CỦA NHIỀU TỔNG GIÁM ĐỐC ĐIỀU HÀNH NGÀY NAY, đó là những sẽ chung của nhiều tổng giám đốc điều hành nghe này
VIVOSDEV14_104_snr0,vivos,whisper,tiny,zero_shot,,42,0,speech,ĐÓ LÀ NHẬN XÉT CHUNG CỦA NHIỀU TỔNG GIÁM ĐỐC ĐIỀU HÀNH NGÀY NAY, Đó là những sẽ chung của nhiều tổng giám đốc điều hành nghe này
VIVOSDEV14_104_snr10,vivos,whisper,tiny,zero_shot,,42,10,noise,ĐÓ LÀ NHẬN XÉT CHUNG CỦA NHIỀU TỔNG GIÁM ĐỐC ĐIỀU HÀNH NGÀY NAY, Đó là những sẽ chung của nhiều tổng giám đốc điều hình như thế này
VIVOSDEV14_104_snr20,vivos,whisper,tiny,zero_shot,,42,20,speech,ĐÓ LÀ NHẬN XÉT CHUNG CỦA NHIỀU TỔNG GIÁM ĐỐC ĐIỀU HÀNH NGÀY NAY, Đó là những sẽ chung của nhiều tổng giám đốc điều hành này này
VIVOSDEV14_104_snr5,vivos,whisper,tiny,zero_shot,,42,5,speech,ĐÓ LÀ NHẬN XÉT CHUNG CỦA NHIỀU TỔNG GIÁM ĐỐC ĐIỀU HÀNH NGÀY NAY, Đáng là nhiều sách trung của nhiều tỏng bième đã đều hôm nay nay.
VIVOSDEV14_115_clean,vivos,whisper,tiny,zero_shot,,42,clean,clean,VẬY MÀ GIỜ ĐÂY NÓ KHÔNG ĐỢI ĐƯỢC ĐẾN LÚC HUY VỀ, Vậy mẹ giờ đây nó không đợi đục đến lúc hư vậy
VIVOSDEV14_115_snr0,vivos,whisper,tiny,zero_shot,,42,0,noise,VẬY MÀ GIỜ ĐÂY NÓ KHÔNG ĐỢI ĐƯỢC ĐẾN LÚC HUY VỀ," Đói nghe, đói nghe, đói nghe, đói nghe, đói nghe, đói nghe, đói nghe, đói nghe, đói nghe, đói nghe, đói nghe, đói nghe, đói nghe, đói nghe, đói nghe, đói nghe, đói nghe, đói nghe, đói nghe, đói nghe, đói nghe, đó"
VIVOSDEV14_115_snr10,vivos,whisper,tiny,zero_shot,,42,10,music,VẬY MÀ GIỜ ĐÂY NÓ KHÔNG ĐỢI ĐƯỢC ĐẾN LÚC HUY VỀ, Vậy mà giờ đây nó không đợi đục đến lúc huy về
VIVOSDEV14_115_snr20,vivos,whisper,tiny,zero_shot,,42,20,noise,VẬY MÀ GIỜ ĐÂY NÓ KHÔNG ĐỢI ĐƯỢC ĐẾN LÚC HUY VỀ, Vậy mẹ giờ đây nó không đợi được đến lúc hôi về
VIVOSDEV14_115_snr5,vivos,whisper,tiny,zero_shot,,42,5,noise,VẬY MÀ GIỜ ĐÂY NÓ KHÔNG ĐỢI ĐƯỢC ĐẾN LÚC HUY VỀ," Vậy này, giờ đây nó không, đại đục đơn lúc hôi về"
VIVOSDEV14_134_clean,vivos,whisper,tiny,zero_shot,,42,clean,clean,NHƯNG TRƯỚC ĐÂY NHÌN TỪ BÊN NGOÀI NƠI NÀY KHÔNG KHÁC MỘT CĂN NHÀ HOANG, chút đây nhìn từ bên ngoài nơi này không khác gì một căn nhỏ hoang
VIVOSDEV14_134_snr0,vivos,whisper,tiny,zero_shot,,42,0,music,NHƯNG TRƯỚC ĐÂY NHÌN TỪ BÊN NGOÀI NƠI NÀY KHÔNG KHÁC MỘT CĂN NHÀ HOANG, Tục đây nhìn từ bên ngoài nơi này không phải gì một cái nhé hình
VIVOSDEV14_134_snr10,vivos,whisper,tiny,zero_shot,,42,10,music,NHƯNG TRƯỚC ĐÂY NHÌN TỪ BÊN NGOÀI NƠI NÀY KHÔNG KHÁC MỘT CĂN NHÀ HOANG, chúc đây nhìn từ bên ngoài nơi này không phải giì một cách nhỏ hơi
VIVOSDEV14_134_snr20,vivos,whisper,tiny,zero_shot,,42,20,music,NHƯNG TRƯỚC ĐÂY NHÌN TỪ BÊN NGOÀI NƠI NÀY KHÔNG KHÁC MỘT CĂN NHÀ HOANG, chút đây nhìn từ bên ngoài nơi này không phải gì một căn nhẹ hơi
VIVOSDEV14_134_snr5,vivos,whisper,tiny,zero_shot,,42,5,noise,NHƯNG TRƯỚC ĐÂY NHÌN TỪ BÊN NGOÀI NƠI NÀY KHÔNG KHÁC MỘT CĂN NHÀ HOANG, chút đây nhìn từ bên ngoài nơi này không phải gì một căn nhỏ hoang
VIVOSDEV14_151_clean,vivos,whisper,tiny,zero_shot,,42,clean,clean,TÔI ĐÃ CÓ THỜI GIAN TUYỆT VỜI KHI CHƠI CHO ĐỘI TUYỂN, Tôi đã có thở in tịch vòa khi chơi cho lỗi tuyên.
VIVOSDEV14_151_snr0,vivos,whisper,tiny,zero_shot,,42,0,speech,TÔI ĐÃ CÓ THỜI GIAN TUYỆT VỜI KHI CHƠI CHO ĐỘI TUYỂN, Tại sao?
VIVOSDEV14_151_snr10,vivos,whisper,tiny,zero_shot,,42,10,music,TÔI ĐÃ CÓ THỜI GIAN TUYỆT VỜI KHI CHƠI CHO ĐỘI TUYỂN, Tôi đã có thở yên tệ quà khi trời trời trời đổi tệ.
VIVOSDEV14_151_snr20,vivos,whisper,tiny,zero_shot,,42,20,noise,TÔI ĐÃ CÓ THỜI GIAN TUYỆT VỜI KHI CHƠI CHO ĐỘI TUYỂN, Tôi đã có thật dân tệ quà khi chơi cho đổi tuyên.
VIVOSDEV14_151_snr5,vivos,whisper,tiny,zero_shot,,42,5,speech,TÔI ĐÃ CÓ THỜI GIAN TUYỆT VỜI KHI CHƠI CHO ĐỘI TUYỂN, Tôi đã có thở in để phở khi chơi cho lỗi tối.
VIVOSDEV14_156_clean,vivos,whisper,tiny,zero_shot,,42,clean,clean,THỈNH THOẢNG CON ĐI QUA DỪNG LẠI DỰNG XE NGỒI HÚT THUỐC, Thịnh thảnh con đi位 dường lại dường xe ngồi hút hút
VIVOSDEV14_156_snr0,vivos,whisper,tiny,zero_shot,,42,0,music,THỈNH THOẢNG CON ĐI QUA DỪNG LẠI DỰNG XE NGỒI HÚT THUỐC, Thánh thảy con đi qua dường là dựu xe ngồi hút hút
VIVOSDEV14_156_snr10,vivos,whisper,tiny,zero_shot,,42,10,music,THỈNH THOẢNG CON ĐI QUA DỪNG LẠI DỰNG XE NGỒI HÚT THUỐC, Thịnh thảnh con đi位 dường lại dường xe ngồi hút hút
VIVOSDEV14_156_snr20,vivos,whisper,tiny,zero_shot,,42,20,speech,THỈNH THOẢNG CON ĐI QUA DỪNG LẠI DỰNG XE NGỒI HÚT THUỐC, Thịt thịt có nhanh đi quên lạ dụng xe ngồi hút khu
VIVOSDEV14_156_snr5,vivos,whisper,tiny,zero_shot,,42,5,music,THỈNH THOẢNG CON ĐI QUA DỪNG LẠI DỰNG XE NGỒI HÚT THUỐC, Chỉnh khảnh con đi ra dừng lại dừng đi xe ngồi húc hốt
VIVOSDEV14_163_clean,vivos,whisper,tiny,zero_shot,,42,clean,clean,CHÚ BỘ ĐỘI QUA NHỮNG CÂU CHUYỆN CỦA ÔNG MỚI GẦN GŨI LÀM SAO, Chưa của đóo anh những câu chuyện của ông mới gần gũ làm sao không?
VIVOSDEV14_163_snr0,vivos,whisper,tiny,zero_shot,,42,0,noise,CHÚ BỘ ĐỘI QUA NHỮNG CÂU CHUYỆN CỦA ÔNG MỚI GẦN GŨI LÀM SAO, Chúc của đá hoàn hình câu chuyển qua emmai là nấu lần tróng
VIVOSDEV14_163_snr10,vivos,whisper,tiny,zero_shot,,42,10,noise,CHÚ BỘ ĐỘI QUA NHỮNG CÂU CHUYỆN CỦA ÔNG MỚI GẦN GŨI LÀM SAO, Chưa bỏ đó và những câu chuyện của ông mới gần gũ lệm xa hàng.
VIVOSDEV14_163_snr20,vivos,whisper,tiny,zero_shot,,42,20,music,CHÚ BỘ ĐỘI QUA NHỮNG CÂU CHUYỆN CỦA ÔNG MỚI GẦN GŨI LÀM SAO, Chưa bỏ đóo anh những câu chuyển của ông mới gần gủ lệm xe hàng.
VIVOSDEV14_163_snr5,vivos,whisper,tiny,zero_shot,,42,5,music,CHÚ BỘ ĐỘI QUA NHỮNG CÂU CHUYỆN CỦA ÔNG MỚI GẦN GŨI LÀM SAO, Chưa hỗ đóo anh những câu chuyện của ông ấy là một luyện của em.
VIVOSDEV14_186_clean,vivos,whisper,tiny,zero_shot,,42,clean,clean,CÓ BẰNG THẠC SĨ NHỮNG NGÀNH TRÊN LÀ MỘT LỢI THẾ, có bằng thè xảy như ngần trên là một lỗi thè
VIVOSDEV14_186_snr0,vivos,whisper,tiny,zero_shot,,42,0,music,CÓ BẰNG THẠC SĨ NHỮNG NGÀNH TRÊN LÀ MỘT LỢI THẾ," Bá bằng hệ khỉ, nhưng nếu gên nằm đồng đều thơ"
VIVOSDEV14_186_snr10,vivos,whisper,tiny,zero_shot,,42,10,music,CÓ BẰNG THẠC SĨ NHỮNG NGÀNH TRÊN LÀ MỘT LỢI THẾ, có bản thệ sĩnh tiêm mẹn trên nằm mập đời thơ
VIVOSDEV14_186_snr20,vivos,whisper,tiny,zero_shot,,42,20,noise,CÓ BẰNG THẠC SĨ NHỮNG NGÀNH TRÊN LÀ MỘT LỢI THẾ, có vảng hệ sĩ dân nhận trên nằm op lỗi thay.
VIVOSDEV14_186_snr5,vivos,whisper,tiny,zero_shot,,42,5,music,CÓ BẰNG THẠC SĨ NHỮNG NGÀNH TRÊN LÀ MỘT LỢI THẾ, Gá bản khai sĩ nhiên nền trên nằm ở play
VIVOSDEV14_191_clean,vivos,whisper,tiny,zero_shot,,42,clean,clean,MINH NHẬT HỒNG QUÂN VŨ CÔNG THÀNH SƯU TẦM TỪ BÁO NƯỚC NGOÀI, Mình quanh hồng quanh vũ công thành dư tập từ báo nước ngoài.
VIVOSDEV14_191_snr0,vivos,whisper,tiny,zero_shot,,42,0,speech,MINH NHẬT HỒNG QUÂN VŨ CÔNG THÀNH SƯU TẦM TỪ BÁO NƯỚC NGOÀI," Bình hôm Hồng Hồng Hồng Bộ Công Thành Mấy Cô Tâm, tự vào nước ngoài."
VIVOSDEV14_191_snr10,vivos,whisper,tiny,zero_shot,,42,10,music,MINH NHẬT HỒNG QUÂN VŨ CÔNG THÀNH SƯU TẦM TỪ BÁO NƯỚC NGOÀI, Mình quanh hồng quanh bố công thành dư tập từ báo nước ngoài.
VIVOSDEV14_191_snr20,vivos,whisper,tiny,zero_shot,,42,20,music,MINH NHẬT HỒNG QUÂN VŨ CÔNG THÀNH SƯU TẦM TỪ BÁO NƯỚC NGOÀI, Mình quanh hồng quân của công thành dư tập từ báo nước ngoài.
VIVOSDEV14_191_snr5,vivos,whisper,tiny,zero_shot,,42,5,noise,MINH NHẬT HỒNG QUÂN VŨ CÔNG THÀNH SƯU TẦM TỪ BÁO NƯỚC NGOÀI, Bình光 hồng quân của công thành xưa tập từ báo nước ngoài.
VIVOSDEV14_194_clean,vivos,whisper,tiny,zero_shot,,42,clean,clean,MUỐN CÓ BẰNG LÁI PHẢI QUA MỘT ĐỢT THI RẤT KHẮT KHE," Vũng có đằng life, phải ngoài mục đợp tây được khách hẹn."
VIVOSDEV14_194_snr0,vivos,whisper,tiny,zero_shot,,42,0,speech,MUỐN CÓ BẰNG LÁI PHẢI QUA MỘT ĐỢT THI RẤT KHẮT KHE," Được rồi, bây giờ, bây giờ, bây giờ, bây giờ, bây giờ, bây giờ, bây giờ, bây giờ, bây giờ, bây giờ, bây giờ, bây giờ, bây giờ, bây giờ, bây giờ, bây giờ, bây giờ, bây giờ, bây giờ, bây giờ, bây giờ, bây giờ, bây giờ, bây giờ, bây giờ, bây giờ, bây giờ, bây giờ, bây giờ, bây giờ, bây giờ,"
VIVOSDEV14_194_snr10,vivos,whisper,tiny,zero_shot,,42,10,noise,MUỐN CÓ BẰNG LÁI PHẢI QUA MỘT ĐỢT THI RẤT KHẮT KHE, Vô gọi là anh lại phải ngoài một bập tý được hả kè.
VIVOSDEV14_194_snr20,vivos,whisper,tiny,zero_shot,,42,20,noise,MUỐN CÓ BẰNG LÁI PHẢI QUA MỘT ĐỢT THI RẤT KHẮT KHE, Lô gọi là anh lại phải ngoài mục đập về được hát hẹn.
VIVOSDEV14_194_snr5,vivos,whisper,tiny,zero_shot,,42,5,noise,MUỐN CÓ BẰNG LÁI PHẢI QUA MỘT ĐỢT THI RẤT KHẮT KHE, Nó có lắng lại phải ngoài mục đập truy đất khác hay
VIVOSDEV14_195_clean,vivos,whisper,tiny,zero_shot,,42,clean,clean,YÊU NHAU KHOẢNG VÀI THÁNG THÌ CHÚNG TÔI ĐÃ CÓ QUAN HỆ TÌNH DỤC, yêu nhau khoảng vài tháng thì chúng tôi đã có quên hả?
VIVOSDEV14_195_snr0,vivos,whisper,tiny,zero_shot,,42,0,speech,YÊU NHAU KHOẢNG VÀI THÁNG THÌ CHÚNG TÔI ĐÃ CÓ QUAN HỆ TÌNH DỤC," Vào mọi người anh hẹn gặp, thì giúp tôi đã có được với người hôm kìm. Ở anh hẹn gặp, anh đã có được với người hôm kìm. Ở anh hẹn gặp, anh đã có được với người hôm kìm. Ở anh hẹn gặp, anh đã có được với người hôm kìm. Ở anh hẹn gặp, anh đã có được với người hôm kìm. Ở anh hẹn gặp, anh đã"
VIVOSDEV14_195_snr10,vivos,whisper,tiny,zero_shot,,42,10,speech,YÊU NHAU KHOẢNG VÀI THÁNG THÌ CHÚNG TÔI ĐÃ CÓ QUAN HỆ TÌNH DỤC, yêu nhau khỏi ngại tháng thì chúng tôi đã có quên hả?
VIVOSDEV14_195_snr20,vivos,whisper,tiny,zero_shot,,42,20,speech,YÊU NHAU KHOẢNG VÀI THÁNG THÌ CHÚNG TÔI ĐÃ CÓ QUAN HỆ TÌNH DỤC, yêu nhau khoảng vài tháng thì chúng tôi đã có quên hả?
VIVOSDEV14_195_snr5,vivos,whisper,tiny,zero_shot,,42,5,noise,YÊU NHAU KHOẢNG VÀI THÁNG THÌ CHÚNG TÔI ĐÃ CÓ QUAN HỆ TÌNH DỤC, Lều nhau khoảng vài thế thì chúng tôi đã có... quanh hệ
VIVOSDEV14_225_clean,vivos,whisper,tiny,zero_shot,,42,clean,clean,ÔNG DƯƠNG ĐỨC LÂN PHÓ TỔNG CỤC TRƯỞNG TỔNG CỤC DẠY NGHỀ, Ông dương đứt lần phá tảm cột trưởng tập cùng. Dạy nghe
VIVOSDEV14_225_snr0,vivos,whisper,tiny,zero_shot,,42,0,noise,ÔNG DƯƠNG ĐỨC LÂN PHÓ TỔNG CỤC TRƯỞNG TỔNG CỤC DẠY NGHỀ," Ông dương đứt lần phá tảm cột chủng tập cột, dễ nghe"
VIVOSDEV14_225_snr10,vivos,whisper,tiny,zero_shot,,42,10,noise,ÔNG DƯƠNG ĐỨC LÂN PHÓ TỔNG CỤC TRƯỞNG TỔNG CỤC DẠY NGHỀ," Ông dương đứt lần phá tảm cột trưởng tập cùng, dễ nghe"
VIVOSDEV14_225_snr20,vivos,whisper,tiny,zero_shot,,42,20,speech,ÔNG DƯƠNG ĐỨC LÂN PHÓ TỔNG CỤC TRƯỞNG TỔNG CỤC DẠY NGHỀ," ông dương đứt lần phá tổng cột trưởng tập cùng, dạy nghe"
VIVOSDEV14_225_snr5,vivos,whisper,tiny,zero_shot,,42,5,noise,ÔNG DƯƠNG ĐỨC LÂN PHÓ TỔNG CỤC TRƯỞNG TỔNG CỤC DẠY NGHỀ, Ông dương lúc lần phá tảm cộp trưởng tập cùng.
VIVOSDEV14_227_clean,vivos,whisper,tiny,zero_shot,,42,clean,clean,ĐỐI XỬ VỚI BẠN NHƯ NGƯỜI YÊU CŨ CỦA BẠN ĐÃ TỪNG LÀM, Đôi sửa vyên nhương người yêu cố vô bản đã tương lãm
VIVOSDEV14_227_snr0,vivos,whisper,tiny,zero_shot,,42,0,music,ĐỐI XỬ VỚI BẠN NHƯ NGƯỜI YÊU CŨ CỦA BẠN ĐÃ TỪNG LÀM, Lớ sửa bàn yên hợi yêu cố gố bàn đã tương lạm
VIVOSDEV14_227_snr10,vivos,whisper,tiny,zero_shot,,42,10,noise,ĐỐI XỬ VỚI BẠN NHƯ NGƯỜI YÊU CŨ CỦA BẠN ĐÃ TỪNG LÀM, Tôi sửa bánh như người yêu của của bánh đẹt tân lãnh
VIVOSDEV14_227_snr20,vivos,whisper,tiny,zero_shot,,42,20,speech,ĐỐI XỬ VỚI BẠN NHƯ NGƯỜI YÊU CŨ CỦA BẠN ĐÃ TỪNG LÀM, Đôi sử vết bánh nhương người yêu cố vô bánh đã tăng lãm
VIVOSDEV14_227_snr5,vivos,whisper,tiny,zero_shot,,42,5,noise,ĐỐI XỬ VỚI BẠN NHƯ NGƯỜI YÊU CŨ CỦA BẠN ĐÃ TỪNG LÀM, Thôi thử bệnh như người yêu của vô bệnh đẹp tinh lệm
VIVOSDEV14_236_clean,vivos,whisper,tiny,zero_shot,,42,clean,clean,VÌ VẬY CÔNG TY B PHẢI CÓ TRÁCH NHIỆM BỒI THƯỜNG, Vì vậy gông tiếp bế phải gắt nhìn boy thường
VIVOSDEV14_236_snr0,vivos,whisper,tiny,zero_shot,,42,0,music,VÌ VẬY CÔNG TY B PHẢI CÓ TRÁCH NHIỆM BỒI THƯỜNG, Tôi tại công tiếp bệ tại các chất nhiều bòi chung
VIVOSDEV14_236_snr10,vivos,whisper,tiny,zero_shot,,42,10,speech,VÌ VẬY CÔNG TY B PHẢI CÓ TRÁCH NHIỆM BỒI THƯỜNG," Vì vậy, không tiếp bè phải gái chất nhìn boy thường."
VIVOSDEV14_236_snr20,vivos,whisper,tiny,zero_shot,,42,20,noise,VÌ VẬY CÔNG TY B PHẢI CÓ TRÁCH NHIỆM BỒI THƯỜNG, Vì vậy gôm tiếp bế phải gắt nhìn boy thường
VIVOSDEV14_236_snr5,vivos,whisper,tiny,zero_shot,,42,5,speech,VÌ VẬY CÔNG TY B PHẢI CÓ TRÁCH NHIỆM BỒI THƯỜNG," Bây giờ, các tây bếc, phải có chắc như bôi thêm."
VIVOSDEV14_256_clean,vivos,whisper,tiny,zero_shot,,42,clean,clean,NÔNG DÂN TRỒNG MÍA THAN CỨ MỘT VỤ ĐƯỢC LẠI BA VỤ THẤT, Nôm dân trong mỹ thàn cứ một phổ lại được ba vụ thức.
VIVOSDEV14_256_snr0,vivos,whisper,tiny,zero_shot,,42,0,speech,NÔNG DÂN TRỒNG MÍA THAN CỨ MỘT VỤ ĐƯỢC LẠI BA VỤ THẤT, Mình sẽ không thể tháng cư một bà của những người tháng tốt.
VIVOSDEV14_256_snr10,vivos,whisper,tiny,zero_shot,,42,10,noise,NÔNG DÂN TRỒNG MÍA THAN CỨ MỘT VỤ ĐƯỢC LẠI BA VỤ THẤT, Nôm dân trong mỹ thàn cứ một bổ lại được bà vụ thức
VIVOSDEV14_256_snr20,vivos,whisper,tiny,zero_shot,,42,20,music,NÔNG DÂN TRỒNG MÍA THAN CỨ MỘT VỤ ĐƯỢC LẠI BA VỤ THẤT, Nôm dân trong mỹ thàn cứ một vổ lại được bá vụ thức.
VIVOSDEV14_256_snr5,vivos,whisper,tiny,zero_shot,,42,5,noise,NÔNG DÂN TRỒNG MÍA THAN CỨ MỘT VỤ ĐƯỢC LẠI BA VỤ THẤT, Nôm dân trong nguyên hàn cứ một vụ lại được bác vụ thật.
VIVOSDEV14_280_clean,vivos,whisper,tiny,zero_shot,,42,clean,clean,THÌ NGƯỜI XEM CŨNG ĐƯỢC NÂNG CAO KIẾN THỨC VỀ ĐỊA LÝ, Thì người xem cũng được nông cao kính thật và để lấy
VIVOSDEV14_280_snr0,vivos,whisper,tiny,zero_shot,,42,0,music,THÌ NGƯỜI XEM CŨNG ĐƯỢC NÂNG CAO KIẾN THỨC VỀ ĐỊA LÝ, Thuy ngồi xem có phục thông thông cảo vệ hình thật em này
VIVOSDEV14_280_snr10,vivos,whisper,tiny,zero_shot,,42,10,noise,THÌ NGƯỜI XEM CŨNG ĐƯỢC NÂNG CAO KIẾN THỨC VỀ ĐỊA LÝ, Thì người xem cũng được nông cao kinh thất và để lấy
VIVOSDEV14_280_snr20,vivos,whisper,tiny,zero_shot,,42,20,noise,THÌ NGƯỜI XEM CŨNG ĐƯỢC NÂNG CAO KIẾN THỨC VỀ ĐỊA LÝ, Thì người xem cũng được nông cao binh thật và để lấy
VIVOSDEV14_280_snr5,vivos,whisper,tiny,zero_shot,,42,5,music,THÌ NGƯỜI XEM CŨNG ĐƯỢC NÂNG CAO KIẾN THỨC VỀ ĐỊA LÝ, Thì người xem cũng được nóng cao kiến thức và để lấy
VIVOSDEV14_283_clean,vivos,whisper,tiny,zero_shot,,42,clean,clean,NGÀY XƯA CÁC CỤ LÀM BÌA SÁCH LÀ MINH HOẠ CHO CUỐN SÁCH ĐÓ, Ngày xưa kết cố làm bề sách là mất hại cho cũng sắp đó.
VIVOSDEV14_283_snr0,vivos,whisper,tiny,zero_shot,,42,0,music,NGÀY XƯA CÁC CỤ LÀM BÌA SÁCH LÀ MINH HOẠ CHO CUỐN SÁCH ĐÓ, Này xưa cái cố làm biệt sát làm bên hệ cho phúc xác đó
VIVOSDEV14_283_snr10,vivos,whisper,tiny,zero_shot,,42,10,speech,NGÀY XƯA CÁC CỤ LÀM BÌA SÁCH LÀ MINH HOẠ CHO CUỐN SÁCH ĐÓ, Ngay sư kết của làm bây sát làm bên hại cho cũng sắp đá
VIVOSDEV14_283_snr20,vivos,whisper,tiny,zero_shot,,42,20,speech,NGÀY XƯA CÁC CỤ LÀM BÌA SÁCH LÀ MINH HOẠ CHO CUỐN SÁCH ĐÓ, Ngày xưa kết cậu làm bây sách là mất hại cho cũng sắp đó
VIVOSDEV14_283_snr5,vivos,whisper,tiny,zero_shot,,42,5,speech,NGÀY XƯA CÁC CỤ LÀM BÌA SÁCH LÀ MINH HOẠ CHO CUỐN SÁCH ĐÓ, Hãy xưa cái cố lần bây xát làm mình để ở chỗ cũng sắp tá.
VIVOSDEV14_286_clean,vivos,whisper,tiny,zero_shot,,42,clean,clean,NHIỀU GIA ĐÌNH HIỆN NAY THÍCH TỰ GIỚI THIỆU CHƯƠNG TRÌNH, Nhiều gia đình hiện ngay hức tối dễ thử trình
VIVOSDEV14_286_snr0,vivos,whisper,tiny,zero_shot,,42,0,music,NHIỀU GIA ĐÌNH HIỆN NAY THÍCH TỰ GIỚI THIỆU CHƯƠNG TRÌNH," Thôi đẹp nhau, đợi đất hữu trang"
VIVOSDEV14_286_snr10,vivos,whisper,tiny,zero_shot,,42,10,noise,NHIỀU GIA ĐÌNH HIỆN NAY THÍCH TỰ GIỚI THIỆU CHƯƠNG TRÌNH, Nhiều gia đình những ngày hức tối với thế thủ trình
VIVOSDEV14_286_snr20,vivos,whisper,tiny,zero_shot,,42,20,speech,NHIỀU GIA ĐÌNH HIỆN NAY THÍCH TỰ GIỚI THIỆU CHƯƠNG TRÌNH, như gia đình hiện nay hấp tối với thế chúng trên.
VIVOSDEV14_286_snr5,vivos,whisper,tiny,zero_shot,,42,5,speech,NHIỀU GIA ĐÌNH HIỆN NAY THÍCH TỰ GIỚI THIỆU CHƯƠNG TRÌNH, Như gia đình hình ảnh tối với tế trung trên.
VIVOSDEV14_289_clean,vivos,whisper,tiny,zero_shot,,42,clean,clean,TÔI LÀ MỘT NGƯỜI MIỀN TÂY ĐANG LÀ NGHIÊN CỨU SINH Ở MỸ, tôi là một người mình tay đang là nghiên cứu xin ở mấy
VIVOSDEV14_289_snr0,vivos,whisper,tiny,zero_shot,,42,0,noise,TÔI LÀ MỘT NGƯỜI MIỀN TÂY ĐANG LÀ NGHIÊN CỨU SINH Ở MỸ, Tôi là một mồ mình tay đang ngàn yên cứu sẽ nở mởi
VIVOSDEV14_289_snr10,vivos,whisper,tiny,zero_shot,,42,10,noise,TÔI LÀ MỘT NGƯỜI MIỀN TÂY ĐANG LÀ NGHIÊN CỨU SINH Ở MỸ, Tôi là một người mình tay đang là nghiên cứu xin ở mấy
VIVOSDEV14_289_snr20,vivos,whisper,tiny,zero_shot,,42,20,noise,TÔI LÀ MỘT NGƯỜI MIỀN TÂY ĐANG LÀ NGHIÊN CỨU SINH Ở MỸ, tôi là một người mình tay đang là nghiên cứu xin ở mấy
VIVOSDEV14_289_snr5,vivos,whisper,tiny,zero_shot,,42,5,speech,TÔI LÀ MỘT NGƯỜI MIỀN TÂY ĐANG LÀ NGHIÊN CỨU SINH Ở MỸ, tôi là một số tài đêm là uống không sẽ nó mấy
VIVOSDEV14_291_clean,vivos,whisper,tiny,zero_shot,,42,clean,clean,CÀNG ĐI SÂU VÀO BÊN TRONG CẢNH TRÍ THIÊN NHIÊN CÀNG HÙNG VĨ, Cái đi sau vào bên trong cạnh trái hình e nghe càng hùng vỡ
VIVOSDEV14_291_snr0,vivos,whisper,tiny,zero_shot,,42,0,speech,CÀNG ĐI SÂU VÀO BÊN TRONG CẢNH TRÍ THIÊN NHIÊN CÀNG HÙNG VĨ," Cái gì sao vậy? Vậy chào, cảnh trái gì? Chào, cảnh trái gì? Chào, cảnh trái gì? Chào, cảnh trái gì? Chào, cảnh trái gì? Chào, cảnh trái gì? Chào, cảnh trái gì? Chào, cảnh trái gì? Chào, cảnh trái gì? Chào, cảnh trái gì? Chào, cảnh trái gì? Chào, cảnh trái gì? Chào, cảnh trái gì? Chào,"
VIVOSDEV14_291_snr10,vivos,whisper,tiny,zero_shot,,42,10,speech,CÀNG ĐI SÂU VÀO BÊN TRONG CẢNH TRÍ THIÊN NHIÊN CÀNG HÙNG VĨ, Cái đi sau và bên trong cạnh trái hình e càng hùng lỗi
VIVOSDEV14_291_snr20,vivos,whisper,tiny,zero_shot,,42,20,speech,CÀNG ĐI SÂU VÀO BÊN TRONG CẢNH TRÍ THIÊN NHIÊN CÀNG HÙNG VĨ, Cái đi sau và bên trong cạnh chế thinh in càng hùng vợi.
VIVOSDEV14_291_snr5,vivos,whisper,tiny,zero_shot,,42,5,speech,CÀNG ĐI SÂU VÀO BÊN TRONG CẢNH TRÍ THIÊN NHIÊN CÀNG HÙNG VĨ," chảy đi sau vào bên trong cạnh, chí tiên kênh của bởi."
VIVOSDEV14_294_clean,vivos,whisper,tiny,zero_shot,,42,clean,clean,MONG BẠN BÌNH TÂM SUY NGHĨ VÀ CHỌN ĐƯỢC CÁCH GIẢI QUYẾT TỐT NHẤT, Môm bệnh 5 xin nghĩ về trọng lưu cách dẻ huy tốt nhất
VIVOSDEV14_294_snr0,vivos,whisper,tiny,zero_shot,,42,0,music,MONG BẠN BÌNH TÂM SUY NGHĨ VÀ CHỌN ĐƯỢC CÁCH GIẢI QUYẾT TỐT NHẤT, Mong bệnh 5 xin nghĩ và trọng lúc cận nhẹ quý tốt nhất
VIVOSDEV14_294_snr10,vivos,whisper,tiny,zero_shot,,42,10,speech,MONG BẠN BÌNH TÂM SUY NGHĨ VÀ CHỌN ĐƯỢC CÁCH GIẢI QUYẾT TỐT NHẤT, Mông bệnh bình thăm xe nghĩ và trọng đục cả nha với tốt nhất
VIVOSDEV14_294_snr20,vivos,whisper,tiny,zero_shot,,42,20,music,MONG BẠN BÌNH TÂM SUY NGHĨ VÀ CHỌN ĐƯỢC CÁCH GIẢI QUYẾT TỐT NHẤT, Mong bệnh 5 xin nghĩ và trọng lưu cách dẻ huy tốt nhất
VIVOSDEV14_294_snr5,vivos,whisper,tiny,zero_shot,,42,5,speech,MONG BẠN BÌNH TÂM SUY NGHĨ VÀ CHỌN ĐƯỢC CÁCH GIẢI QUYẾT TỐT NHẤT, Mong bản bình đám xin nghĩ vậy trọng được cách dẻ quyết tốt nhất.
VIVOSDEV15_014_clean,vivos,whisper,tiny,zero_shot,,42,clean,clean,THÀNH MỘT CHIẾC LỒNG ĐÈN KHỔNG LỒ TẠI CÔNG VIÊN Ở THỦ ĐÔ BẮC KINH, Thành ngồi trước lòng đến khổng lâu tại công viên ở thủ đối bắc kinh.
VIVOSDEV15_014_snr0,vivos,whisper,tiny,zero_shot,,42,0,music,THÀNH MỘT CHIẾC LỒNG ĐÈN KHỔNG LỒ TẠI CÔNG VIÊN Ở THỦ ĐÔ BẮC KINH," Thành bởi chết lòng, đến khóm lỡ tại công việc ở thủ đối bác kinh."
VIVOSDEV15_014_snr10,vivos,whisper,tiny,zero_shot,,42,10,speech,THÀNH MỘT CHIẾC LỒNG ĐÈN KHỔNG LỒ TẠI CÔNG VIÊN Ở THỦ ĐÔ BẮC KINH, Thì mời chưa lòng đến gấm lộ tạo công việc ở thủ đô bắc kinh.
VIVOSDEV15_014_snr20,vivos,whisper,tiny,zero_shot,,42,20,music,THÀNH MỘT CHIẾC LỒNG ĐÈN KHỔNG LỒ TẠI CÔNG VIÊN Ở THỦ ĐÔ BẮC KINH, Thành một chết lòng đến khổng lộ tại công viên ở thủ đô bắc kinh.
VIVOSDEV15_014_snr5,vivos,whisper,tiny,zero_shot,,42,5,music,THÀNH MỘT CHIẾC LỒNG ĐÈN KHỔNG LỒ TẠI CÔNG VIÊN Ở THỦ ĐÔ BẮC KINH," Thành ngối trước lòng, đến khóm lồ tại công viên ở thủ đối bắt kinh."
VIVOSDEV15_020_clean,vivos,whisper,tiny,zero_shot,,42,clean,clean,CÂU CHUYỆN CỦA QUÁ KHỨ ÔNG KỂ KHÔNG BIẾT BAO NHIÊU LẦN, Cơ truyện của qua khứ ông kẻ khấu biết bao nhiêu lan.
VIVOSDEV15_020_snr0,vivos,whisper,tiny,zero_shot,,42,0,noise,CÂU CHUYỆN CỦA QUÁ KHỨ ÔNG KỂ KHÔNG BIẾT BAO NHIÊU LẦN, Cái chút dễ có có chút ăn có chút dễ ngon
VIVOSDEV15_020_snr10,vivos,whisper,tiny,zero_shot,,42,10,noise,CÂU CHUYỆN CỦA QUÁ KHỨ ÔNG KỂ KHÔNG BIẾT BAO NHIÊU LẦN, Cơ truyện của qua khứ ông kẻ khấu biết bao nhiêu lan.
VIVOSDEV15_020_snr20,vivos,whisper,tiny,zero_shot,,42,20,music,CÂU CHUYỆN CỦA QUÁ KHỨ ÔNG KỂ KHÔNG BIẾT BAO NHIÊU LẦN, Cơ truyện của qua khứ ông kẻ khấu biết bao nhiêu lan.
VIVOSDEV15_020_snr5,vivos,whisper,tiny,zero_shot,,42,5,music,CÂU CHUYỆN CỦA QUÁ KHỨ ÔNG KỂ KHÔNG BIẾT BAO NHIÊU LẦN, Cơ truyền của qua khứ ông kẻ khấu biết bao nhiêu lan
VIVOSDEV15_021_clean,vivos,whisper,tiny,zero_shot,,42,clean,clean,MÀU SON TRÔNG THẬT TUYỆT TRÊN BẤT KÌ MÀU DA NÀO," Một xong trong thật thưa trên bất, kì một ra nào"
VIVOSDEV15_021_snr0,vivos,whisper,tiny,zero_shot,,42,0,music,MÀU SON TRÔNG THẬT TUYỆT TRÊN BẤT KÌ MÀU DA NÀO," Một giòn tâm tạc cho tâm mình, không có một chết này."
VIVOSDEV15_021_snr10,vivos,whisper,tiny,zero_shot,,42,10,music,MÀU SON TRÔNG THẬT TUYỆT TRÊN BẤT KÌ MÀU DA NÀO," Một sôn trong thật thật thật trên bất, kì mổ ra nào"
VIVOSDEV15_021_snr20,vivos,whisper,tiny,zero_shot,,42,20,music,MÀU SON TRÔNG THẬT TUYỆT TRÊN BẤT KÌ MÀU DA NÀO," Một sôn trong thật thật thật trên bất, kì một rà nào"
VIVOSDEV15_021_snr5,vivos,whisper,tiny,zero_shot,,42,5,speech,MÀU SON TRÔNG THẬT TUYỆT TRÊN BẤT KÌ MÀU DA NÀO, Vậy sao trong thật thật thật bất kì bầu dân nào?
VIVOSDEV15_026_clean,vivos,whisper,tiny,zero_shot,,42,clean,clean,ÔNG ĂN CHAY MÀ NGHĨ MẶN THÌ ĂN CHAY LÀM CHI, ông anh trái mạng ý mạng thì anh trái làm gì?
VIVOSDEV15_026_snr0,vivos,whisper,tiny,zero_shot,,42,0,noise,ÔNG ĂN CHAY MÀ NGHĨ MẶN THÌ ĂN CHAY LÀM CHI, 1 chai mang hiểm mạng tìm em chai làm gì?
VIVOSDEV15_026_snr10,vivos,whisper,tiny,zero_shot,,42,10,music,ÔNG ĂN CHAY MÀ NGHĨ MẶN THÌ ĂN CHAY LÀM CHI, ông quan trái mạng y immạc thì em trái làm gì?
VIVOSDEV15_026_snr20,vivos,whisper,tiny,zero_shot,,42,20,noise,ÔNG ĂN CHAY MÀ NGHĨ MẶN THÌ ĂN CHAY LÀM CHI, Ông quan trây mạng ý mạng thì em trây làm gì?
VIVOSDEV15_026_snr5,vivos,whisper,tiny,zero_shot,,42,5,speech,ÔNG ĂN CHAY MÀ NGHĨ MẶN THÌ ĂN CHAY LÀM CHI, ông 1 tây mà hình là gì ăn đây làm gì?
VIVOSDEV15_037_clean,vivos,whisper,tiny,zero_shot,,42,clean,clean,TRÊN CƠ SỞ ĐÓ NHỮNG HÀNH VI VI PHẠM SẼ ĐƯỢC XỬ LÝ NGHIÊM, trên cơ sở đó những hành vi vi phạm sẽ được số liên nghiêm
VIVOSDEV15_037_snr0,vivos,whisper,tiny,zero_shot,,42,0,noise,TRÊN CƠ SỞ ĐÓ NHỮNG HÀNH VI VI PHẠM SẼ ĐƯỢC XỬ LÝ NGHIÊM, Trên gần xỏ đó mình hành biến đi phá xe được giống như
VIVOSDEV15_037_snr10,vivos,whisper,tiny,zero_shot,,42,10,music,TRÊN CƠ SỞ ĐÓ NHỮNG HÀNH VI VI PHẠM SẼ ĐƯỢC XỬ LÝ NGHIÊM, Tên cơ sở đá nhưng hình vì vì phạm sẽ được sửa linh nghiệm
VIVOSDEV15_037_snr20,vivos,whisper,tiny,zero_shot,,42,20,speech,TRÊN CƠ SỞ ĐÓ NHỮNG HÀNH VI VI PHẠM SẼ ĐƯỢC XỬ LÝ NGHIÊM, trên cơ sở đó nhưng hành vi vì phạm sẽ được sở liên nghiêm
VIVOSDEV15_037_snr5,vivos,whisper,tiny,zero_shot,,42,5,noise,TRÊN CƠ SỞ ĐÓ NHỮNG HÀNH VI VI PHẠM SẼ ĐƯỢC XỬ LÝ NGHIÊM, Tên cơ sữa đá mình hành vĩ phạm tên được dưới mình nhìn
VIVOSDEV15_038_clean,vivos,whisper,tiny,zero_shot,,42,clean,clean,MỘT CƠ QUAN CHÍNH THỨC ĐỂ KHÁCH HÀNG KHIẾU NẠI THAM KHẢO VÀ TIN TƯỞNG, Một cơ quan trính thức để khách hàng kêu nại tham khả ở vật tinh tưởng.
VIVOSDEV15_038_snr0,vivos,whisper,tiny,zero_shot,,42,0,noise,MỘT CƠ QUAN CHÍNH THỨC ĐỂ KHÁCH HÀNG KHIẾU NẠI THAM KHẢO VÀ TIN TƯỞNG, Một cơ quan trính thức để khách hàng kêu nại tham khả ở vật tinh tưởng
VIVOSDEV15_038_snr10,vivos,whisper,tiny,zero_shot,,42,10,music,MỘT CƠ QUAN CHÍNH THỨC ĐỂ KHÁCH HÀNG KHIẾU NẠI THAM KHẢO VÀ TIN TƯỞNG, Một cơ quan chính thức để khách hàng khướng này tham thảo và tin tưởng
VIVOSDEV15_038_snr20,vivos,whisper,tiny,zero_shot,,42,20,noise,MỘT CƠ QUAN CHÍNH THỨC ĐỂ KHÁCH HÀNG KHIẾU NẠI THAM KHẢO VÀ TIN TƯỞNG, Một cơ quan chính thức để khách hàng kêu này thăm khảo vła tinh tưởng.
VIVOSDEV15_038_snr5,vivos,whisper,tiny,zero_shot,,42,5,noise,MỘT CƠ QUAN CHÍNH THỨC ĐỂ KHÁCH HÀNG KHIẾU NẠI THAM KHẢO VÀ TIN TƯỞNG, Một cơ quan trính thức để khách hàng kêu nại tham khả ở vật tinh tưởng.
VIVOSDEV15_050_clean,vivos,whisper,tiny,zero_shot,,42,clean,clean,CHẲNG LẼ ĂN CƠM NHÀ NGƯỜI MÀ LẠI KHÔNG CHĂM CHÚ LẮNG NGHE NGƯỜI NÓI, Chẳng lên ăn cơm nhà người mà lại khô chăm chú nắng nghe người nói
VIVOSDEV15_050_snr0,vivos,whisper,tiny,zero_shot,,42,0,music,CHẲNG LẼ ĂN CƠM NHÀ NGƯỜI MÀ LẠI KHÔNG CHĂM CHÚ LẮNG NGHE NGƯỜI NÓI, Chàoary and good now người bà lại không tập tụi răng đi anh người người người.
VIVOSDEV15_050_snr10,vivos,whisper,tiny,zero_shot,,42,10,music,CHẲNG LẼ ĂN CƠM NHÀ NGƯỜI MÀ LẠI KHÔNG CHĂM CHÚ LẮNG NGHE NGƯỜI NÓI, Trong lẽ ăn cơm nhà người bà lại khu chăm chú nắng nghe người nói
VIVOSDEV15_050_snr20,vivos,whisper,tiny,zero_shot,,42,20,noise,CHẲNG LẼ ĂN CƠM NHÀ NGƯỜI MÀ LẠI KHÔNG CHĂM CHÚ LẮNG NGHE NGƯỜI NÓI," Trong lãnh cơm, ngơi mà lại không chăm chú nắng ngơi nỗi"
VIVOSDEV15_050_snr5,vivos,whisper,tiny,zero_shot,,42,5,music,CHẲNG LẼ ĂN CƠM NHÀ NGƯỜI MÀ LẠI KHÔNG CHĂM CHÚ LẮNG NGHE NGƯỜI NÓI, Chẳng đến gương nhau người ba lại không chăm trụ nắng nghe người nói
VIVOSDEV15_062_clean,vivos,whisper,tiny,zero_shot,,42,clean,clean,NGHĨA LÀ NẾU BẠN ĐANG LÀM VIỆC DƯỚI QUYỀN MỘT GIÁM SÁT VIÊN," nghĩ là nếu bạn đang làm việc dưới quên 1 xam xa, viên"
VIVOSDEV15_062_snr0,vivos,whisper,tiny,zero_shot,,42,0,speech,NGHĨA LÀ NẾU BẠN ĐANG LÀM VIỆC DƯỚI QUYỀN MỘT GIÁM SÁT VIÊN," Vì là nếu bạn đang làm việc dưới, đừng có thể sẽ tìm như nó giống khó."
VIVOSDEV15_062_snr10,vivos,whisper,tiny,zero_shot,,42,10,music,NGHĨA LÀ NẾU BẠN ĐANG LÀM VIỆC DƯỚI QUYỀN MỘT GIÁM SÁT VIÊN," Nhớ là nếu bạn đang làm việc dưới quên 1 xam xác, phía"
VIVOSDEV15_062_snr20,vivos,whisper,tiny,zero_shot,,42,20,noise,NGHĨA LÀ NẾU BẠN ĐANG LÀM VIỆC DƯỚI QUYỀN MỘT GIÁM SÁT VIÊN," Nhớ là nếu bạn đang làm việc dưới quên 1 xam xa, viên"
VIVOSDEV15_062_snr5,vivos,whisper,tiny,zero_shot,,42,5,speech,NGHĨA LÀ NẾU BẠN ĐANG LÀM VIỆC DƯỚI QUYỀN MỘT GIÁM SÁT VIÊN," Nếu bạn đang làm việc dưới môn ra,"
VIVOSDEV15_066_clean,vivos,whisper,tiny,zero_shot,,42,clean,clean,KẼM CÓ NHIỀU TRONG GAN SÒ THỊT ĐỎ CÁ ÓC TRỨNG," Cảm ơn nhờ trong cãn, sau thích đỏ cá ốc trứng."
VIVOSDEV15_066_snr0,vivos,whisper,tiny,zero_shot,,42,0,noise,KẼM CÓ NHIỀU TRONG GAN SÒ THỊT ĐỎ CÁ ÓC TRỨNG, Cái em có nhiều trong gắng sợ tìm đó gạ ốc trường
VIVOSDEV15_066_snr10,vivos,whisper,tiny,zero_shot,,42,10,music,KẼM CÓ NHIỀU TRONG GAN SÒ THỊT ĐỎ CÁ ÓC TRỨNG, Cảm ơn nhờ trong cán sò thích đỏ cá ốc trường
VIVOSDEV15_066_snr20,vivos,whisper,tiny,zero_shot,,42,20,speech,KẼM CÓ NHIỀU TRONG GAN SÒ THỊT ĐỎ CÁ ÓC TRỨNG, Cảm ơn nhờ trong các so tịch đỏ cá ốc trứng
VIVOSDEV15_066_snr5,vivos,whisper,tiny,zero_shot,,42,5,noise,KẼM CÓ NHIỀU TRONG GAN SÒ THỊT ĐỎ CÁ ÓC TRỨNG, Cảm ơn nhiều trong cám sơ thì bỏ cá ốc trúng
VIVOSDEV15_092_clean,vivos,whisper,tiny,zero_shot,,42,clean,clean,UNG THƯ TỪ MỘT CƠ QUAN KHÁC DI CĂN VÀO HỆ THỐNG HẠCH BẠCH HUYẾT, Ông thứ từ một cơ quan khác gì cân vào hệ thống hệ bài khết
VIVOSDEV15_092_snr0,vivos,whisper,tiny,zero_shot,,42,0,speech,UNG THƯ TỪ MỘT CƠ QUAN KHÁC DI CĂN VÀO HỆ THỐNG HẠCH BẠCH HUYẾT," Thì dù chương trời bây giờ, đừng có thể đánh thử."
VIVOSDEV15_092_snr10,vivos,whisper,tiny,zero_shot,,42,10,noise,UNG THƯ TỪ MỘT CƠ QUAN KHÁC DI CĂN VÀO HỆ THỐNG HẠCH BẠCH HUYẾT, Un thuy tụi một câu con các người cắt đỏ hệ thông hệ tập bệnh hình
VIVOSDEV15_092_snr20,vivos,whisper,tiny,zero_shot,,42,20,music,UNG THƯ TỪ MỘT CƠ QUAN KHÁC DI CĂN VÀO HỆ THỐNG HẠCH BẠCH HUYẾT, Ông thứ từ một cơ quan khác gì cân vào hệ thống hệ bài khết
VIVOSDEV15_092_snr5,vivos,whisper,tiny,zero_shot,,42,5,speech,UNG THƯ TỪ MỘT CƠ QUAN KHÁC DI CĂN VÀO HỆ THỐNG HẠCH BẠCH HUYẾT, ông thứ từ một cơ quan khác của các bạn hãy hãy hãy hãy hãy hãy hãy hãy hãy hãy hãy hãy hãy hãy hãy hãy hãy hãy hãy hãy hãy hãy hãy hãy hãy hãy hãy hãy hãy hãy hãy hãy hãy hãy hãy hãy hãy hãy hãy hãy hãy hãy hãy hãy hãy hãy hãy hãy hãy hãy hãy hãy hãy hãy hãy hãy hãy hãy h
VIVOSDEV15_109_clean,vivos,whisper,tiny,zero_shot,,42,clean,clean,CUỘC THI TỰ HÀO SỬ VIỆT ĐÃ HẾT GIAI ĐOẠN I, Cố gây từ hào sửa vết đã hết xài đọn
VIVOSDEV15_109_snr0,vivos,whisper,tiny,zero_shot,,42,0,music,CUỘC THI TỰ HÀO SỬ VIỆT ĐÃ HẾT GIAI ĐOẠN I, Cô tý tự là hào sử vết đã hề sài đặt
VIVOSDEV15_109_snr10,vivos,whisper,tiny,zero_shot,,42,10,noise,CUỘC THI TỰ HÀO SỬ VIỆT ĐÃ HẾT GIAI ĐOẠN I, Cô kỳ tự hào sổ vẻ đã hết ra đặt
VIVOSDEV15_109_snr20,vivos,whisper,tiny,zero_shot,,42,20,music,CUỘC THI TỰ HÀO SỬ VIỆT ĐÃ HẾT GIAI ĐOẠN I, Cô kỳ tự hào sổ vết đã hết xài đoạn.
VIVOSDEV15_109_snr5,vivos,whisper,tiny,zero_shot,,42,5,music,CUỘC THI TỰ HÀO SỬ VIỆT ĐÃ HẾT GIAI ĐOẠN I, Cô tý từ hào sợ về đã hết ra ra
VIVOSDEV15_111_clean,vivos,whisper,tiny,zero_shot,,42,clean,clean,CUỘC BIỂU TÌNH CỦA ÁO ĐỎ CÓ THỂ SẼ BIẾN THÀNH BẠO LỰC, Cô bều tên của áo đỏ có thể sẽ biến thành bảo lực.
VIVOSDEV15_111_snr0,vivos,whisper,tiny,zero_shot,,42,0,music,CUỘC BIỂU TÌNH CỦA ÁO ĐỎ CÓ THỂ SẼ BIẾN THÀNH BẠO LỰC, Cô bởi vì cũng có áo đau có thể như thế này tình đau lợm
VIVOSDEV15_111_snr10,vivos,whisper,tiny,zero_shot,,42,10,noise,CUỘC BIỂU TÌNH CỦA ÁO ĐỎ CÓ THỂ SẼ BIẾN THÀNH BẠO LỰC, Cô bều thêm của áo đỏ có thể sẽ biến thành bảo lực.
VIVOSDEV15_111_snr20,vivos,whisper,tiny,zero_shot,,42,20,speech,CUỘC BIỂU TÌNH CỦA ÁO ĐỎ CÓ THỂ SẼ BIẾN THÀNH BẠO LỰC, Cô bều tên của áo đỏ có thể sẽ biến thành bảo lực.
VIVOSDEV15_111_snr5,vivos,whisper,tiny,zero_shot,,42,5,noise,CUỘC BIỂU TÌNH CỦA ÁO ĐỎ CÓ THỂ SẼ BIẾN THÀNH BẠO LỰC, Cô về tình của áo đá của thật sẽ bên thịt đá là
VIVOSDEV15_154_clean,vivos,whisper,tiny,zero_shot,,42,clean,clean,CÁI NHÀ HÁT BỊ ĐẬP TAN TÀNH ÔNG KHOÁI LẮM À," Cái nhà hết bị đập tăng tình, ông khỏi lắm à."
VIVOSDEV15_154_snr0,vivos,whisper,tiny,zero_shot,,42,0,music,CÁI NHÀ HÁT BỊ ĐẬP TAN TÀNH ÔNG KHOÁI LẮM À," Cái nhà hết bị đập tâm tình, không phải lắm ai"
VIVOSDEV15_154_snr10,vivos,whisper,tiny,zero_shot,,42,10,music,CÁI NHÀ HÁT BỊ ĐẬP TAN TÀNH ÔNG KHOÁI LẮM À," Cái nhà hết bị đập tăng tình, ông khói lắm á"
VIVOSDEV15_154_snr20,vivos,whisper,tiny,zero_shot,,42,20,noise,CÁI NHÀ HÁT BỊ ĐẬP TAN TÀNH ÔNG KHOÁI LẮM À," Cái nhà hết bị đập tăng tình, ông khỏi lắm à."
VIVOSDEV15_154_snr5,vivos,whisper,tiny,zero_shot,,42,5,speech,CÁI NHÀ HÁT BỊ ĐẬP TAN TÀNH ÔNG KHOÁI LẮM À," Cái nhà hết bị đật tăng tình, ông khỏi lắm à."
VIVOSDEV15_168_clean,vivos,whisper,tiny,zero_shot,,42,clean,clean,MÂM CƠM VẪN THANH ĐẠM TỦ ÁO CỦA VỢ CŨNG CHỈ VÀI BỘ ĐƠN SƠ, Mâm cơ vẫn thang đạm tổ áo của vợ cũng chỉ phải vợ đưa dơ.
VIVOSDEV15_168_snr0,vivos,whisper,tiny,zero_shot,,42,0,music,MÂM CƠM VẪN THANH ĐẠM TỦ ÁO CỦA VỢ CŨNG CHỈ VÀI BỘ ĐƠN SƠ," Bấm cơ vận, tháng đạc, tổ áo của vỏ cũng chỉ vầy, vỏ đất sơ"
VIVOSDEV15_168_snr10,vivos,whisper,tiny,zero_shot,,42,10,noise,MÂM CƠM VẪN THANH ĐẠM TỦ ÁO CỦA VỢ CŨNG CHỈ VÀI BỘ ĐƠN SƠ, Mâm cơ vẫn tháng đạc tổ áo của vợ của chị về vợ đưa dơ
VIVOSDEV15_168_snr20,vivos,whisper,tiny,zero_shot,,42,20,music,MÂM CƠM VẪN THANH ĐẠM TỦ ÁO CỦA VỢ CŨNG CHỈ VÀI BỘ ĐƠN SƠ, Mâm cơv vẫn thang đạm tổ áo của vợ cũng chỉ phải vợ đưa dơ
VIVOSDEV15_168_snr5,vivos,whisper,tiny,zero_shot,,42,5,noise,MÂM CƠM VẪN THANH ĐẠM TỦ ÁO CỦA VỢ CŨNG CHỈ VÀI BỘ ĐƠN SƠ, Mâm cơ vẫn thân đạc tổ áo của vợ cũng thị vài vợ đưa sơ
VIVOSDEV15_180_clean,vivos,whisper,tiny,zero_shot,,42,clean,clean,HIỆN NAY BÀ ĐANG BỊ NHIỀU BỆNH VÀ SỐNG DƯỚI MỨC NGHÈO KHỔ, Hẹn nay bà đang bị nhiều bạc và sống dưới mất ngào hỗ.
VIVOSDEV15_180_snr0,vivos,whisper,tiny,zero_shot,,42,0,music,HIỆN NAY BÀ ĐANG BỊ NHIỀU BỆNH VÀ SỐNG DƯỚI MỨC NGHÈO KHỔ, Hẹn nay bà lắng bị nhiều bạc và sống dễ bất ngào hòa
VIVOSDEV15_180_snr10,vivos,whisper,tiny,zero_shot,,42,10,music,HIỆN NAY BÀ ĐANG BỊ NHIỀU BỆNH VÀ SỐNG DƯỚI MỨC NGHÈO KHỔ," Hẹn nay, bà đang vệ nhiều bạc và sống rối mất ngào khổ."
VIVOSDEV15_180_snr20,vivos,whisper,tiny,zero_shot,,42,20,music,HIỆN NAY BÀ ĐANG BỊ NHIỀU BỆNH VÀ SỐNG DƯỚI MỨC NGHÈO KHỔ," Hẹn nay, bà đang bị nhiều bạc và sống dưới mất ngào khổ."
VIVOSDEV15_180_snr5,vivos,whisper,tiny,zero_shot,,42,5,noise,HIỆN NAY BÀ ĐANG BỊ NHIỀU BỆNH VÀ SỐNG DƯỚI MỨC NGHÈO KHỔ, Hẹn nay bá đào vệ nhiều bạng và sống dưới mất nhau khổ.
VIVOSDEV15_198_clean,vivos,whisper,tiny,zero_shot,,42,clean,clean,NHẢM NHÍ KHI GIỜ HỌC CHÁN PHÈO BUỒN NGỦ QUÁ Ờ BUỒN NGỦ," Nằm gì khi giờ học trán phèo, bôn ngộ quá, bôn ngộ."
VIVOSDEV15_198_snr0,vivos,whisper,tiny,zero_shot,,42,0,noise,NHẢM NHÍ KHI GIỜ HỌC CHÁN PHÈO BUỒN NGỦ QUÁ Ờ BUỒN NGỦ," Nằm gì khi được mọi trón phèo bôn mộ quá, bôn mộ."
VIVOSDEV15_198_snr10,vivos,whisper,tiny,zero_shot,,42,10,music,NHẢM NHÍ KHI GIỜ HỌC CHÁN PHÈO BUỒN NGỦ QUÁ Ờ BUỒN NGỦ," Nạn nghĩ khi giờ học chán phèo buôn bộ quá, buôn bộ"
VIVOSDEV15_198_snr20,vivos,whisper,tiny,zero_shot,,42,20,speech,NHẢM NHÍ KHI GIỜ HỌC CHÁN PHÈO BUỒN NGỦ QUÁ Ờ BUỒN NGỦ," Nằm gì khi giờ học trón phèo, bôn rộ quá, bôn rộng."
VIVOSDEV15_198_snr5,vivos,whisper,tiny,zero_shot,,42,5,music,NHẢM NHÍ KHI GIỜ HỌC CHÁN PHÈO BUỒN NGỦ QUÁ Ờ BUỒN NGỦ, Nạn nghĩ khi giờ học trán phép bôn ngủ quá
VIVOSDEV15_203_clean,vivos,whisper,tiny,zero_shot,,42,clean,clean,CÒN ANH TRAI TÔI TRONG NHẬT KÝ CỦA MÌNH CŨNG LINH CẢM ĐIỀU ĐÓ, còn anh chai tôi trong nhật ki quộ mình cũng linh cảm điều đó
VIVOSDEV15_203_snr0,vivos,whisper,tiny,zero_shot,,42,0,music,CÒN ANH TRAI TÔI TRONG NHẬT KÝ CỦA MÌNH CŨNG LINH CẢM ĐIỀU ĐÓ, Còn ai trái tôi trong nhật ký của mình cũng linh cả việc đó.
VIVOSDEV15_203_snr10,vivos,whisper,tiny,zero_shot,,42,10,music,CÒN ANH TRAI TÔI TRONG NHẬT KÝ CỦA MÌNH CŨNG LINH CẢM ĐIỀU ĐÓ, còn anh chai tôi trong nhật kỹ quẩm mình cũng linh cảm điều đó
VIVOSDEV15_203_snr20,vivos,whisper,tiny,zero_shot,,42,20,speech,CÒN ANH TRAI TÔI TRONG NHẬT KÝ CỦA MÌNH CŨNG LINH CẢM ĐIỀU ĐÓ, còn anh chai tôi trong nhật kiếu quộ miệng của mình cũng linh cảm điều đó.
VIVOSDEV15_203_snr5,vivos,whisper,tiny,zero_shot,,42,5,music,CÒN ANH TRAI TÔI TRONG NHẬT KÝ CỦA MÌNH CŨNG LINH CẢM ĐIỀU ĐÓ, Con anh chai tôi cho mẹ kiếu của mình cũng linh cảm điều đó.
VIVOSDEV15_204_clean,vivos,whisper,tiny,zero_shot,,42,clean,clean,SÁNG CHÚNG TÔI TẠM BIỆT THUNG NAI VÀ NHỮNG CHỦ NHÂN MẾN KHÁCH MỘC MẠC, Sáng trung tôi tạm biệt thông nay và những chủ nhân mến khách bộ mạc.
VIVOSDEV15_204_snr0,vivos,whisper,tiny,zero_shot,,42,0,noise,SÁNG CHÚNG TÔI TẠM BIỆT THUNG NAI VÀ NHỮNG CHỦ NHÂN MẾN KHÁCH MỘC MẠC, Thế nhưng tôi tak về tinh mai và nhận truyền nha mê tên hòa mê tên hòa
VIVOSDEV15_204_snr10,vivos,whisper,tiny,zero_shot,,42,10,music,SÁNG CHÚNG TÔI TẠM BIỆT THUNG NAI VÀ NHỮNG CHỦ NHÂN MẾN KHÁCH MỘC MẠC, 3 trung tới tạm biệt thông nay và những chủ nhân mến khách cổ bà
VIVOSDEV15_204_snr20,vivos,whisper,tiny,zero_shot,,42,20,noise,SÁNG CHÚNG TÔI TẠM BIỆT THUNG NAI VÀ NHỮNG CHỦ NHÂN MẾN KHÁCH MỘC MẠC, Gián chung tôi tạm biệt thông nay và những chủ nhân mến khách bộ mà
VIVOSDEV15_204_snr5,vivos,whisper,tiny,zero_shot,,42,5,music,SÁNG CHÚNG TÔI TẠM BIỆT THUNG NAI VÀ NHỮNG CHỦ NHÂN MẾN KHÁCH MỘC MẠC, Gián chút tôi tạm biệt thông nay và những chủ nhân mẹ khách bột mà
VIVOSDEV15_216_clean,vivos,whisper,tiny,zero_shot,,42,clean,clean,VÀ BẠN CẦN CÓ VIỆC LÀM ỔN ĐỊNH VỚI THU NHẬP CAO, và bạn cần có việc làm ổn định với thương nhỏm cao
VIVOSDEV15_216_snr0,vivos,whisper,tiny,zero_shot,,42,0,speech,VÀ BẠN CẦN CÓ VIỆC LÀM ỔN ĐỊNH VỚI THU NHẬP CAO, Thái bạn tên có việc làm ổn định với những điều cao
VIVOSDEV15_216_snr10,vivos,whisper,tiny,zero_shot,,42,10,speech,VÀ BẠN CẦN CÓ VIỆC LÀM ỔN ĐỊNH VỚI THU NHẬP CAO, và bạn cần có việc làm ổn định với thương nhọc cá.
VIVOSDEV15_216_snr20,vivos,whisper,tiny,zero_shot,,42,20,noise,VÀ BẠN CẦN CÓ VIỆC LÀM ỔN ĐỊNH VỚI THU NHẬP CAO, và bạn cần có việc làm ổn định với thuy nhỏm cao
VIVOSDEV15_216_snr5,vivos,whisper,tiny,zero_shot,,42,5,noise,VÀ BẠN CẦN CÓ VIỆC LÀM ỔN ĐỊNH VỚI THU NHẬP CAO, Các bạn cần có việc làm ổn định với tuy nhỏ cao
VIVOSDEV15_220_clean,vivos,whisper,tiny,zero_shot,,42,clean,clean,ĐÂY LÀ THÁNG CÓ SỐ ĐĂNG KÝ THẤP NHẤT TỪ ĐẦU NĂM ĐẾN NAY, Đây là tháng có số đăng ký thấp nhất từ đầu năm đến nay.
VIVOSDEV15_220_snr0,vivos,whisper,tiny,zero_shot,,42,0,speech,ĐÂY LÀ THÁNG CÓ SỐ ĐĂNG KÝ THẤP NHẤT TỪ ĐẦU NĂM ĐẾN NAY, Đây là tháng có số đăng ký thích chói đầu đáp đến nay
VIVOSDEV15_220_snr10,vivos,whisper,tiny,zero_shot,,42,10,noise,ĐÂY LÀ THÁNG CÓ SỐ ĐĂNG KÝ THẤP NHẤT TỪ ĐẦU NĂM ĐẾN NAY, Đây là tháng có số đăng ký thấp nhất từ đầu năm đến nay
VIVOSDEV15_220_snr20,vivos,whisper,tiny,zero_shot,,42,20,noise,ĐÂY LÀ THÁNG CÓ SỐ ĐĂNG KÝ THẤP NHẤT TỪ ĐẦU NĂM ĐẾN NAY, Đây là tháng có số đăng ký thấp nhất từ đầu năm đến nay
VIVOSDEV15_220_snr5,vivos,whisper,tiny,zero_shot,,42,5,noise,ĐÂY LÀ THÁNG CÓ SỐ ĐĂNG KÝ THẤP NHẤT TỪ ĐẦU NĂM ĐẾN NAY, Đây là tháng có số đăng ký thấp nhất từ đầu năm đến nay
VIVOSDEV15_267_clean,vivos,whisper,tiny,zero_shot,,42,clean,clean,CUỐI CÙNG HỌ DẪN NHAU VỀ NHÀ VỚI THÚNG LÀN KHÔNG, Cối cùng họ dẫn nhau về nhà với thúng làan thông
VIVOSDEV15_267_snr0,vivos,whisper,tiny,zero_shot,,42,0,noise,CUỐI CÙNG HỌ DẪN NHAU VỀ NHÀ VỚI THÚNG LÀN KHÔNG, Mấy con hoặc là nhau về nhà với xin là nông
VIVOSDEV15_267_snr10,vivos,whisper,tiny,zero_shot,,42,10,speech,CUỐI CÙNG HỌ DẪN NHAU VỀ NHÀ VỚI THÚNG LÀN KHÔNG, Cái cường họ dẫn nhau về nhà với thủng lãn không?
VIVOSDEV15_267_snr20,vivos,whisper,tiny,zero_shot,,42,20,noise,CUỐI CÙNG HỌ DẪN NHAU VỀ NHÀ VỚI THÚNG LÀN KHÔNG, Cối cùng họ dẫn nếu về nhà với thúng là anh không?
VIVOSDEV15_267_snr5,vivos,whisper,tiny,zero_shot,,42,5,noise,CUỐI CÙNG HỌ DẪN NHAU VỀ NHÀ VỚI THÚNG LÀN KHÔNG, Cối cùng họ giận nhau về nhà với thống lản thông
VIVOSDEV15_271_clean,vivos,whisper,tiny,zero_shot,,42,clean,clean,PHIM MỚI CỦA TRƯƠNG NGHỆ MƯU SỰ TRỞ LẠI DÒNG PHIM NGHỆ THUẬT," phim mới của chương nghệ mô sợ trở lại, sòng phim nghệ thật"
VIVOSDEV15_271_snr0,vivos,whisper,tiny,zero_shot,,42,0,speech,PHIM MỚI CỦA TRƯƠNG NGHỆ MƯU SỰ TRỞ LẠI DÒNG PHIM NGHỆ THUẬT, Mình sẽ có thể đánh mấy cái mấy cái mấy cái mấy cái mấy cái mấy cái mấy cái mấy cái mấy cái mấy cái mấy cái mấy cái mấy cái mấy cái mấy cái mấy cái mấy cái mấy cái mấy cái mấy cái mấy cái mấy cái mấy cái mấy cái mấy cái mấy cái mấy cái mấy cái mấy cái mấy cái mấy cái mấy cái mấy cái mấy cái mấy cái mấy cái mấy cái mấy cái mấy cái mấy cái m
VIVOSDEV15_271_snr10,vivos,whisper,tiny,zero_shot,,42,10,noise,PHIM MỚI CỦA TRƯƠNG NGHỆ MƯU SỰ TRỞ LẠI DÒNG PHIM NGHỆ THUẬT," Thêm mới của trương mẹ mưu sợi trở lại, dòng phêm mẹ thật."
VIVOSDEV15_271_snr20,vivos,whisper,tiny,zero_shot,,42,20,music,PHIM MỚI CỦA TRƯƠNG NGHỆ MƯU SỰ TRỞ LẠI DÒNG PHIM NGHỆ THUẬT," phim mới của chương nghệ mô sợ trở lại, giống phim nghệ thật"
VIVOSDEV15_271_snr5,vivos,whisper,tiny,zero_shot,,42,5,music,PHIM MỚI CỦA TRƯƠNG NGHỆ MƯU SỰ TRỞ LẠI DÒNG PHIM NGHỆ THUẬT," phim mới của trơn ngày mưu sợ trơn lại, giống phim ngày thôn"
VIVOSDEV15_299_clean,vivos,whisper,tiny,zero_shot,,42,clean,clean,CÒN HÀNG TRĂM CHIẾC KHÁC ĐÃ BÁN THÌ ÔNG KHÔNG NHỚ HẾT, Còn hòn chăm chứ khác đã bán thì ông không nhớ hết
VIVOSDEV15_299_snr0,vivos,whisper,tiny,zero_shot,,42,0,noise,CÒN HÀNG TRĂM CHIẾC KHÁC ĐÃ BÁN THÌ ÔNG KHÔNG NHỚ HẾT, Còn mọi chân chết thác đã bá tỷ un con đưa hệ
VIVOSDEV15_299_snr10,vivos,whisper,tiny,zero_shot,,42,10,music,CÒN HÀNG TRĂM CHIẾC KHÁC ĐÃ BÁN THÌ ÔNG KHÔNG NHỚ HẾT, Còn hòn chăm chứ khác đã bán thì ông không nhớ hết
VIVOSDEV15_299_snr20,vivos,whisper,tiny,zero_shot,,42,20,music,CÒN HÀNG TRĂM CHIẾC KHÁC ĐÃ BÁN THÌ ÔNG KHÔNG NHỚ HẾT, Còn hòn chăm chứ khác đã bán thị ông không nữ hết
VIVOSDEV15_299_snr5,vivos,whisper,tiny,zero_shot,,42,5,speech,CÒN HÀNG TRĂM CHIẾC KHÁC ĐÃ BÁN THÌ ÔNG KHÔNG NHỚ HẾT, Còn hòn chăm chứ khác đã bán thịt ông không như thế
VIVOSDEV16_049_clean,vivos,whisper,tiny,zero_shot,,42,clean,clean,CÒN BA CẦU THỦ VĂN TRƯƠNG BẬT HIẾU VÀ HẢI LÂM THÌ SAO THƯA ÔNG," còn bác, cầu thủ văn thư bặc hiểu và hãy làm thị sao thư không?"
VIVOSDEV16_049_snr0,vivos,whisper,tiny,zero_shot,,42,0,music,CÒN BA CẦU THỦ VĂN TRƯƠNG BẬT HIẾU VÀ HẢI LÂM THÌ SAO THƯA ÔNG," Còn đất, cầu tổ đang xíc tạng, truyến, đã trải làm truyến quan truyến quan truyến quan truyến quan truyến"
VIVOSDEV16_049_snr10,vivos,whisper,tiny,zero_shot,,42,10,speech,CÒN BA CẦU THỦ VĂN TRƯƠNG BẬT HIẾU VÀ HẢI LÂM THÌ SAO THƯA ÔNG, Còn bác cầu tổ vang thương bác đầm tây xào tư.
VIVOSDEV16_049_snr20,vivos,whisper,tiny,zero_shot,,42,20,noise,CÒN BA CẦU THỦ VĂN TRƯƠNG BẬT HIẾU VÀ HẢI LÂM THÌ SAO THƯA ÔNG," còn bác, cầu thủ văn thư bặc hiểu và hãy làm thị sao thư lắm"
VIVOSDEV16_049_snr5,vivos,whisper,tiny,zero_shot,,42,5,music,CÒN BA CẦU THỦ VĂN TRƯƠNG BẬT HIẾU VÀ HẢI LÂM THÌ SAO THƯA ÔNG," còn bắt, khầu thủ giám tiết sắp, dưới, và hãy làm trị sao trưa lắm"
VIVOSDEV16_050_clean,vivos,whisper,tiny,zero_shot,,42,clean,clean,THÁNG BẢY NHIỀU NGƯỜI CON KHÓC NÊN TRỜI BUỒN VÀ KHÓC THEO, Tháng bãi nhiều người con khóc nên trời buồn và khóc theo.
VIVOSDEV16_050_snr0,vivos,whisper,tiny,zero_shot,,42,0,noise,THÁNG BẢY NHIỀU NGƯỜI CON KHÓC NÊN TRỜI BUỒN VÀ KHÓC THEO, Hãy subscribe to the channel
VIVOSDEV16_050_snr10,vivos,whisper,tiny,zero_shot,,42,10,music,THÁNG BẢY NHIỀU NGƯỜI CON KHÓC NÊN TRỜI BUỒN VÀ KHÓC THEO, Tháng gái dựng người con khóc lên trời buồn và khóc thiêu
VIVOSDEV16_050_snr20,vivos,whisper,tiny,zero_shot,,42,20,noise,THÁNG BẢY NHIỀU NGƯỜI CON KHÓC NÊN TRỜI BUỒN VÀ KHÓC THEO, Tháng bãi nhiều người con khóc nên trời buồn và khóc theo.
VIVOSDEV16_050_snr5,vivos,whisper,tiny,zero_shot,,42,5,noise,THÁNG BẢY NHIỀU NGƯỜI CON KHÓC NÊN TRỜI BUỒN VÀ KHÓC THEO, thành thánh dụng người con khóc nền trời buồn và khóc nền
VIVOSDEV16_051_clean,vivos,whisper,tiny,zero_shot,,42,clean,clean,CA KHÚC ĐƯỢC KHÁN GIẢ YÊU THÍCH NHẤT BÀ TÔI NGUYỄN VĨNH TIẾN," Cái khúc được khán giả yêu thích nhật, bà tôi nguyễn vấn tính."
VIVOSDEV16_051_snr0,vivos,whisper,tiny,zero_shot,,42,0,speech,CA KHÚC ĐƯỢC KHÁN GIẢ YÊU THÍCH NHẤT BÀ TÔI NGUYỄN VĨNH TIẾN," Đó là một đặc trời, đất trời, đất trời, đất trời, đất trời, đất trời, đất trời, đất trời, đất trời, đất trời, đất trời, đất trời, đất trời, đất trời, đất trời, đất trời, đất trời, đất trời, đất trời, đất trời, đất trời, đất trời, đất trời, đất trời, đất trời"
VIVOSDEV16_051_snr10,vivos,whisper,tiny,zero_shot,,42,10,noise,CA KHÚC ĐƯỢC KHÁN GIẢ YÊU THÍCH NHẤT BÀ TÔI NGUYỄN VĨNH TIẾN, Cái cốt đường khán giả yêu thích nhóc bà tôi nguyễn vấn tiến anh.
VIVOSDEV16_051_snr20,vivos,whisper,tiny,zero_shot,,42,20,music,CA KHÚC ĐƯỢC KHÁN GIẢ YÊU THÍCH NHẤT BÀ TÔI NGUYỄN VĨNH TIẾN," Cái khúc được khách giả yêu thích nhật, bà tôi nguyễn vấn tính."
VIVOSDEV16_051_snr5,vivos,whisper,tiny,zero_shot,,42,5,speech,CA KHÚC ĐƯỢC KHÁN GIẢ YÊU THÍCH NHẤT BÀ TÔI NGUYỄN VĨNH TIẾN, Cái cây có lưu giết giả yêu thích nhớ bà tôi nghe vấn tý.
VIVOSDEV16_068_clean,vivos,whisper,tiny,zero_shot,,42,clean,clean,BÊN CẠNH ĐÓ CHÚNG TÔI CÒN LÀM HÀNG LOẠT VIỆC KHÁC NHƯ, Bên cạnh đó chúng tôi còn làm hành like vì khác như
VIVOSDEV16_068_snr0,vivos,whisper,tiny,zero_shot,,42,0,music,BÊN CẠNH ĐÓ CHÚNG TÔI CÒN LÀM HÀNG LOẠT VIỆC KHÁC NHƯ, Bên cạnh đã chục tới con làm hành lạc vì chách như
VIVOSDEV16_068_snr10,vivos,whisper,tiny,zero_shot,,42,10,noise,BÊN CẠNH ĐÓ CHÚNG TÔI CÒN LÀM HÀNG LOẠT VIỆC KHÁC NHƯ," Bên cạnh đó chúng tôi còn làm hành lại, vì chết như."
VIVOSDEV16_068_snr20,vivos,whisper,tiny,zero_shot,,42,20,noise,BÊN CẠNH ĐÓ CHÚNG TÔI CÒN LÀM HÀNG LOẠT VIỆC KHÁC NHƯ, Bên cạnh đó chúng tôi còn làm hành like vì khác như
VIVOSDEV16_068_snr5,vivos,whisper,tiny,zero_shot,,42,5,noise,BÊN CẠNH ĐÓ CHÚNG TÔI CÒN LÀM HÀNG LOẠT VIỆC KHÁC NHƯ, Bên cạnh đá dụng tôi gắng làm thành loại. Đi thẻ như...
VIVOSDEV16_074_clean,vivos,whisper,tiny,zero_shot,,42,clean,clean,CHÚNG NÓ YÊU NHAU RẤT TỰ NHIÊN GHÉT NHAU CŨNG RẤT TỰ NHIÊN," Chúng nói yêu nhà rắc tới nhìn, kết nhà của mất tới nhìn."
VIVOSDEV16_074_snr0,vivos,whisper,tiny,zero_shot,,42,0,music,CHÚNG NÓ YÊU NHAU RẤT TỰ NHIÊN GHÉT NHAU CŨNG RẤT TỰ NHIÊN, Vậy là đẹp nhìn được rồi.
VIVOSDEV16_074_snr10,vivos,whisper,tiny,zero_shot,,42,10,music,CHÚNG NÓ YÊU NHAU RẤT TỰ NHIÊN GHÉT NHAU CŨNG RẤT TỰ NHIÊN," Chúng là yêu nhà rất tự nhiên, sẽ nhà có rất tự nhiên."
VIVOSDEV16_074_snr20,vivos,whisper,tiny,zero_shot,,42,20,speech,CHÚNG NÓ YÊU NHAU RẤT TỰ NHIÊN GHÉT NHAU CŨNG RẤT TỰ NHIÊN," Chúng đã yêu nhà rất tự nhiên, kết nhà của rất tự nhiên."
VIVOSDEV16_074_snr5,vivos,whisper,tiny,zero_shot,,42,5,music,CHÚNG NÓ YÊU NHAU RẤT TỰ NHIÊN GHÉT NHAU CŨNG RẤT TỰ NHIÊN, Chúng đã yêu nhà đất tới nhanh kết nha của bất tới nhanh
VIVOSDEV16_112_clean,vivos,whisper,tiny,zero_shot,,42,clean,clean,LÚC HƯNG PHẤN NÓI CHUYỆN PHÓNG LAO CHẲNG CÓ CHI PHỨC TẠP, Lúc hôm phóng nói chuyện phóng là chẳng có chơi phức tạp.
VIVOSDEV16_112_snr0,vivos,whisper,tiny,zero_shot,,42,0,music,LÚC HƯNG PHẤN NÓI CHUYỆN PHÓNG LAO CHẲNG CÓ CHI PHỨC TẠP, Lúc hông tóc ngán truyền thóc ngán trăm cơ xin trạc
VIVOSDEV16_112_snr10,vivos,whisper,tiny,zero_shot,,42,10,noise,LÚC HƯNG PHẤN NÓI CHUYỆN PHÓNG LAO CHẲNG CÓ CHI PHỨC TẠP, Lúc hình phóng nói chuyện phóng là dạng có chơi phút tạp
VIVOSDEV16_112_snr20,vivos,whisper,tiny,zero_shot,,42,20,music,LÚC HƯNG PHẤN NÓI CHUYỆN PHÓNG LAO CHẲNG CÓ CHI PHỨC TẠP, Lúc hình phóng nói chuyện phóng là dạng có chơi phức tạc.
VIVOSDEV16_112_snr5,vivos,whisper,tiny,zero_shot,,42,5,music,LÚC HƯNG PHẤN NÓI CHUYỆN PHÓNG LAO CHẲNG CÓ CHI PHỨC TẠP, Lúc hôm phẳng nói chuyện phòng là chẳng có chí khúc tạm
VIVOSDEV16_149_clean,vivos,whisper,tiny,zero_shot,,42,clean,clean,CÓ BAO GIỜ ÔNG GẶP TÌNH HUỐNG KHÔNG TRẢ LỜI ĐƯỢC CÂU HỎI CỦA DÂN, Các bà giờ ông gặp tình hướng không trả lời được công hại của dân.
VIVOSDEV16_149_snr0,vivos,whisper,tiny,zero_shot,,42,0,speech,CÓ BAO GIỜ ÔNG GẶP TÌNH HUỐNG KHÔNG TRẢ LỜI ĐƯỢC CÂU HỎI CỦA DÂN, Các bạn nhớ không gặp tình hôm tạm lời được không phải phủ dân.
VIVOSDEV16_149_snr10,vivos,whisper,tiny,zero_shot,,42,10,speech,CÓ BAO GIỜ ÔNG GẶP TÌNH HUỐNG KHÔNG TRẢ LỜI ĐƯỢC CÂU HỎI CỦA DÂN, Các bạn dở ông gặp tình hủ không trả lại được con hỏi của em.
VIVOSDEV16_149_snr20,vivos,whisper,tiny,zero_shot,,42,20,noise,CÓ BAO GIỜ ÔNG GẶP TÌNH HUỐNG KHÔNG TRẢ LỜI ĐƯỢC CÂU HỎI CỦA DÂN, Các bà giờ ông gặp tình hướng không trả lại được câu hỏi của dân.
VIVOSDEV16_149_snr5,vivos,whisper,tiny,zero_shot,,42,5,noise,CÓ BAO GIỜ ÔNG GẶP TÌNH HUỐNG KHÔNG TRẢ LỜI ĐƯỢC CÂU HỎI CỦA DÂN, Các bạn dạ ông gặp tình huống không chán lời được không hại cuối dàng.
VIVOSDEV16_154_clean,vivos,whisper,tiny,zero_shot,,42,clean,clean,ÍT CÓ CƠ HỘI SỐNG SÓT CHO CÁC HÀNH KHÁCH TRÊN MÁY BAY, Êt có cơ hồ sống xóu cho kết hành khách dần mấy bây
VIVOSDEV16_154_snr0,vivos,whisper,tiny,zero_shot,,42,0,noise,ÍT CÓ CƠ HỘI SỐNG SÓT CHO CÁC HÀNH KHÁCH TRÊN MÁY BAY," Tất gồn lâu xam xam xam xam xam, tất gồn lâu xam xam xam xam xam xam xam xam xam xam xam xam xam xam xam xam xam xam xam xam xam xam xam xam xam xam xam xam xam xam xam xam xam xam xam xam xam xam xam xam xam xam xam xam xam xam xam xam xam xam xam x"
VIVOSDEV16_154_snr10,vivos,whisper,tiny,zero_shot,,42,10,speech,ÍT CÓ CƠ HỘI SỐNG SÓT CHO CÁC HÀNH KHÁCH TRÊN MÁY BAY, Điều có khu hồ sống sống cho các anh khách đơn mấy bây giờ.
VIVOSDEV16_154_snr20,vivos,whisper,tiny,zero_shot,,42,20,music,ÍT CÓ CƠ HỘI SỐNG SÓT CHO CÁC HÀNH KHÁCH TRÊN MÁY BAY, Đi có cơ hồi sống sống cho kết hành khách đơn mấy bây
VIVOSDEV16_154_snr5,vivos,whisper,tiny,zero_shot,,42,5,music,ÍT CÓ CƠ HỘI SỐNG SÓT CHO CÁC HÀNH KHÁCH TRÊN MÁY BAY, Hãy subscribe cho những video hấp dẫn
VIVOSDEV16_168_clean,vivos,whisper,tiny,zero_shot,,42,clean,clean,HAI CHÁU NGẠC NHIÊN ĐÓN KHÁCH LẠ SUNG SƯỚNG ÔM CẶP MỚI, 2 cháo ngạch nghe in đó khát là xung xứng ổng cập mới
VIVOSDEV16_168_snr0,vivos,whisper,tiny,zero_shot,,42,0,noise,HAI CHÁU NGẠC NHIÊN ĐÓN KHÁCH LẠ SUNG SƯỚNG ÔM CẶP MỚI, 2 cháo ngạch ninh đón khát là xong xứng ổng cập mới
VIVOSDEV16_168_snr10,vivos,whisper,tiny,zero_shot,,42,10,music,HAI CHÁU NGẠC NHIÊN ĐÓN KHÁCH LẠ SUNG SƯỚNG ÔM CẶP MỚI, 2 cháo ngạch nghe in đó khách là xung phương ông Cập mới
VIVOSDEV16_168_snr20,vivos,whisper,tiny,zero_shot,,42,20,noise,HAI CHÁU NGẠC NHIÊN ĐÓN KHÁCH LẠ SUNG SƯỚNG ÔM CẶP MỚI, 2 chóng đẹp nhìn đón khách là xong tướng ông Cập mới
VIVOSDEV16_168_snr5,vivos,whisper,tiny,zero_shot,,42,5,noise,HAI CHÁU NGẠC NHIÊN ĐÓN KHÁCH LẠ SUNG SƯỚNG ÔM CẶP MỚI, 2 cháo ngạch nghe in đó khát là xung xứng ổng cập mới
VIVOSDEV16_173_clean,vivos,whisper,tiny,zero_shot,,42,clean,clean,NHƯNG CÔ QUYẾT CHỨNG MINH NGƯỜI MÙ KHÔNG PHẢI VÔ DỤNG, Nhưng cô quyết chứng mình người mù không phải vô dụng.
VIVOSDEV16_173_snr0,vivos,whisper,tiny,zero_shot,,42,0,noise,NHƯNG CÔ QUYẾT CHỨNG MINH NGƯỜI MÙ KHÔNG PHẢI VÔ DỤNG," Mương cơ quý, giống mình người mù không phải vô dụng."
VIVOSDEV16_173_snr10,vivos,whisper,tiny,zero_shot,,42,10,speech,NHƯNG CÔ QUYẾT CHỨNG MINH NGƯỜI MÙ KHÔNG PHẢI VÔ DỤNG, Nhưng cô quyết chứng mẹ người mồi không phải vô dụng.
VIVOSDEV16_173_snr20,vivos,whisper,tiny,zero_shot,,42,20,noise,NHƯNG CÔ QUYẾT CHỨNG MINH NGƯỜI MÙ KHÔNG PHẢI VÔ DỤNG, Nhưng cô quyết chứng mình người mù không phải vô dụng.
VIVOSDEV16_173_snr5,vivos,whisper,tiny,zero_shot,,42,5,speech,NHƯNG CÔ QUYẾT CHỨNG MINH NGƯỜI MÙ KHÔNG PHẢI VÔ DỤNG, Nhưng có quyết ryss cho một người mâu không phải bố dầu.
VIVOSDEV16_175_clean,vivos,whisper,tiny,zero_shot,,42,clean,clean,HỌ ĐÃ TRAO NHAU LỜI HẸN ƯỚC NÊN DUYÊN CHỒNG VỢ, họ đã trao nhau là hình ước đàn nhuyên trong vỏ
VIVOSDEV16_175_snr0,vivos,whisper,tiny,zero_shot,,42,0,speech,HỌ ĐÃ TRAO NHAU LỜI HẸN ƯỚC NÊN DUYÊN CHỒNG VỢ, Há nó rao thổ là hẹn ước đàn duyên trong miếng bảo
VIVOSDEV16_175_snr10,vivos,whisper,tiny,zero_shot,,42,10,music,HỌ ĐÃ TRAO NHAU LỜI HẸN ƯỚC NÊN DUYÊN CHỒNG VỢ, Hò đã trao nhau là hình ước đen nhuyên trong vợ
VIVOSDEV16_175_snr20,vivos,whisper,tiny,zero_shot,,42,20,speech,HỌ ĐÃ TRAO NHAU LỜI HẸN ƯỚC NÊN DUYÊN CHỒNG VỢ, Hò đã trao nhau là hình ước nghen duyên trong vỡ
VIVOSDEV16_175_snr5,vivos,whisper,tiny,zero_shot,,42,5,music,HỌ ĐÃ TRAO NHAU LỜI HẸN ƯỚC NÊN DUYÊN CHỒNG VỢ, Hó đã trao nhau là hình ước nền huyên trong phó
VIVOSDEV16_177_clean,vivos,whisper,tiny,zero_shot,,42,clean,clean,NẾU THỈNH THOẢNG CÓ VÀI NGÀY NGHỈ NGƯỜI THỤY ĐIỂN THƯỜNG RA ĐẢO CHƠI," Nếu thánh thoảng có và ngài nghỉ, người thầy đỉnh thường ra đảo chơi"
VIVOSDEV16_177_snr0,vivos,whisper,tiny,zero_shot,,42,0,noise,NẾU THỈNH THOẢNG CÓ VÀI NGÀY NGHỈ NGƯỜI THỤY ĐIỂN THƯỜNG RA ĐẢO CHƠI," Đãi tình trả có ai đàn mấy, luôn cho đánh đánh đánh đánh đánh đánh đánh đánh đánh đánh đánh đánh đánh đánh đánh đánh đánh đánh đánh đánh đánh đánh đánh đánh đánh đánh đánh đánh đánh đánh đánh đánh đánh đánh đánh đánh đánh đánh đánh đánh đánh đánh đánh đánh đánh đánh đánh đánh đánh đánh đánh đánh đánh đánh đánh đánh"
VIVOSDEV16_177_snr10,vivos,whisper,tiny,zero_shot,,42,10,noise,NẾU THỈNH THOẢNG CÓ VÀI NGÀY NGHỈ NGƯỜI THỤY ĐIỂN THƯỜNG RA ĐẢO CHƠI, Nếu thịt thỏng có và ngàn nãy gửi thầy đến từng ra lảo chơi
VIVOSDEV16_177_snr20,vivos,whisper,tiny,zero_shot,,42,20,speech,NẾU THỈNH THOẢNG CÓ VÀI NGÀY NGHỈ NGƯỜI THỤY ĐIỂN THƯỜNG RA ĐẢO CHƠI," Nếu thần trải có và ngành nghĩ, người thầy đến thường ra đảo chơi."
VIVOSDEV16_177_snr5,vivos,whisper,tiny,zero_shot,,42,5,music,NẾU THỈNH THOẢNG CÓ VÀI NGÀY NGHỈ NGƯỜI THỤY ĐIỂN THƯỜNG RA ĐẢO CHƠI," Nếu thìm thoảng có bay ngài nổi, ngừa thuy tỉ, trường ra báo chơi"
VIVOSDEV16_197_clean,vivos,whisper,tiny,zero_shot,,42,clean,clean,NHÀ TRƯỜNG ĐỘT NGỘT HỦY ĐỀ TÀI KHIẾN TÔI MẤT PHƯƠNG HƯỚNG," nhà trường độc ngọt, hối đe tại khi to mắt phương hướng."
VIVOSDEV16_197_snr0,vivos,whisper,tiny,zero_shot,,42,0,noise,NHÀ TRƯỜNG ĐỘT NGỘT HỦY ĐỀ TÀI KHIẾN TÔI MẤT PHƯƠNG HƯỚNG," Hôm nay, cho một n� hãy về gái kinh phố tương hồn."
VIVOSDEV16_197_snr10,vivos,whisper,tiny,zero_shot,,42,10,noise,NHÀ TRƯỜNG ĐỘT NGỘT HỦY ĐỀ TÀI KHIẾN TÔI MẤT PHƯƠNG HƯỚNG," Nhà chưa ngọt, hối để tài ký tố mắt phương hứa."
VIVOSDEV16_197_snr20,vivos,whisper,tiny,zero_shot,,42,20,speech,NHÀ TRƯỜNG ĐỘT NGỘT HỦY ĐỀ TÀI KHIẾN TÔI MẤT PHƯƠNG HƯỚNG, Ngà trường đột ngọt hối đe dài kinh tốt mắt phương hướng
VIVOSDEV16_197_snr5,vivos,whisper,tiny,zero_shot,,42,5,noise,NHÀ TRƯỜNG ĐỘT NGỘT HỦY ĐỀ TÀI KHIẾN TÔI MẤT PHƯƠNG HƯỚNG," Nha, đường đột mọt, phải ít đe, ai trên tốt mất kinh người"
VIVOSDEV16_198_clean,vivos,whisper,tiny,zero_shot,,42,clean,clean,CÁC PHẬT TỬ HƯỞNG ỨNG LỜI KÊU GỌI CỦA THẦY NHƯ THẾ NÀO," Các phật tối hưởng ứng, lời giao gọi của thầy như thế nào?"
VIVOSDEV16_198_snr0,vivos,whisper,tiny,zero_shot,,42,0,speech,CÁC PHẬT TỬ HƯỞNG ỨNG LỜI KÊU GỌI CỦA THẦY NHƯ THẾ NÀO," Đẹp phóng, hãy tên tên tên tên tên tên tên tên tên tên tên tên tên tên tên tên tên tên tên tên tên tên tên tên tên tên tên tên tên tên tên tên tên tên tên tên tên tên tên tên tên tên tên tên tên tên tên tên tên tên tên tên tên tên tên tên tên tên tên t"
VIVOSDEV16_198_snr10,vivos,whisper,tiny,zero_shot,,42,10,noise,CÁC PHẬT TỬ HƯỞNG ỨNG LỜI KÊU GỌI CỦA THẦY NHƯ THẾ NÀO," Các bật tối hưởng ứng, lời giao gọi của thầy như thế nào"
VIVOSDEV16_198_snr20,vivos,whisper,tiny,zero_shot,,42,20,speech,CÁC PHẬT TỬ HƯỞNG ỨNG LỜI KÊU GỌI CỦA THẦY NHƯ THẾ NÀO," Đách phật tử hưởng ứng, lời giao gọi của thầy dư thế nào."
VIVOSDEV16_198_snr5,vivos,whisper,tiny,zero_shot,,42,5,noise,CÁC PHẬT TỬ HƯỞNG ỨNG LỜI KÊU GỌI CỦA THẦY NHƯ THẾ NÀO," Các phật ổ hưởng ấn, lời giao gọi của tài như thế nào"
VIVOSDEV16_203_clean,vivos,whisper,tiny,zero_shot,,42,clean,clean,VẬY NHỮNG ĐỐI TƯỢNG NÀY SẼ ĐƯỢC GIẢI QUYẾT NHƯ THẾ NÀO, và nhận đối tưởng này sẽ được giải quyết nhớ hơi nào
VIVOSDEV16_203_snr0,vivos,whisper,tiny,zero_shot,,42,0,music,VẬY NHỮNG ĐỐI TƯỢNG NÀY SẼ ĐƯỢC GIẢI QUYẾT NHƯ THẾ NÀO," Vậy, vông phải nhận đối tượng này sẽ được dài quyết nhớ hơi nào"
VIVOSDEV16_203_snr10,vivos,whisper,tiny,zero_shot,,42,10,speech,VẬY NHỮNG ĐỐI TƯỢNG NÀY SẼ ĐƯỢC GIẢI QUYẾT NHƯ THẾ NÀO, và nhận đối tưởng này sẽ được dài quyết như thế nào
VIVOSDEV16_203_snr20,vivos,whisper,tiny,zero_shot,,42,20,speech,VẬY NHỮNG ĐỐI TƯỢNG NÀY SẼ ĐƯỢC GIẢI QUYẾT NHƯ THẾ NÀO, và những đối tưởng này sẽ được giải quyết nhớ hơi nào
VIVOSDEV16_203_snr5,vivos,whisper,tiny,zero_shot,,42,5,noise,VẬY NHỮNG ĐỐI TƯỢNG NÀY SẼ ĐƯỢC GIẢI QUYẾT NHƯ THẾ NÀO, Cái nhớ lý trưởng này sẽ dục dài bước như thế nào
VIVOSDEV16_233_clean,vivos,whisper,tiny,zero_shot,,42,clean,clean,SÁNG RA THẤY DÂN TÌNH XÚM QUANH CON TÊ GIÁC KHỔNG LỒ ĐÃ CHẾT, xãnh ra thấy dân tình sống quân con tây chết khóm lồ đã chết
VIVOSDEV16_233_snr0,vivos,whisper,tiny,zero_shot,,42,0,speech,SÁNG RA THẤY DÂN TÌNH XÚM QUANH CON TÊ GIÁC KHỔNG LỒ ĐÃ CHẾT, Mình sẽ tìm tình tìm tìm tìm tìm tìm tìm tìm tìm tìm tìm tìm tìm tìm tìm tìm tìm tìm tìm tìm tìm tìm tìm tìm tìm tìm tìm tìm tìm tìm tìm tìm tìm tìm tìm tìm tìm tìm tìm tìm tìm
VIVOSDEV16_233_snr10,vivos,whisper,tiny,zero_shot,,42,10,noise,SÁNG RA THẤY DÂN TÌNH XÚM QUANH CON TÊ GIÁC KHỔNG LỒ ĐÃ CHẾT, xãi ra thấy dân dân quân con tây chế khóm lồ đã chết
VIVOSDEV16_233_snr20,vivos,whisper,tiny,zero_shot,,42,20,noise,SÁNG RA THẤY DÂN TÌNH XÚM QUANH CON TÊ GIÁC KHỔNG LỒ ĐÃ CHẾT, xãnh ra thấy dân tình sống quân con tây chết cóm lồ đã chết
VIVOSDEV16_233_snr5,vivos,whisper,tiny,zero_shot,,42,5,noise,SÁNG RA THẤY DÂN TÌNH XÚM QUANH CON TÊ GIÁC KHỔNG LỒ ĐÃ CHẾT," Bánh ra thấy dân, cấm quân con tây dết, khóp lùa đặc trớp"
VIVOSDEV16_247_clean,vivos,whisper,tiny,zero_shot,,42,clean,clean,NHIỀU HÔM MƯA GIÓ BÁN Ế GÁNH CHÈ NẶNG TRĨU TRÊN VAI MẸ," Như hôm mưu giá bánh ế gánh chín, nặng trữ trên vai mẹ."
VIVOSDEV16_247_snr0,vivos,whisper,tiny,zero_shot,,42,0,noise,NHIỀU HÔM MƯA GIÓ BÁN Ế GÁNH CHÈ NẶNG TRĨU TRÊN VAI MẸ, Như hôm buồn nhá bánh air gặp kinh nặng đủ trình vài mẹ
VIVOSDEV16_247_snr10,vivos,whisper,tiny,zero_shot,,42,10,noise,NHIỀU HÔM MƯA GIÓ BÁN Ế GÁNH CHÈ NẶNG TRĨU TRÊN VAI MẸ, Như hôm buồn giá bánh e gánh chiến máng truyền vài mẹ
VIVOSDEV16_247_snr20,vivos,whisper,tiny,zero_shot,,42,20,noise,NHIỀU HÔM MƯA GIÓ BÁN Ế GÁNH CHÈ NẶNG TRĨU TRÊN VAI MẸ," Như hôm mưu giá bánh e ngắn kìn, nẵn trữ trên vai mẹ."
VIVOSDEV16_247_snr5,vivos,whisper,tiny,zero_shot,,42,5,speech,NHIỀU HÔM MƯA GIÓ BÁN Ế GÁNH CHÈ NẶNG TRĨU TRÊN VAI MẸ, Chúng không mưa giá trang em ở trên này đứa trang mê.
VIVOSDEV16_267_clean,vivos,whisper,tiny,zero_shot,,42,clean,clean,TÔI ĐỨNG TRƯỚC HAI LỐI RẼ VÀ TÔI CHỌN CON ĐƯỜNG ÍT NGƯỜI ĐI HƠN, tôi đứng chứ hai lối rễ và tôi trọng con đường ít người đi hơn
VIVOSDEV16_267_snr0,vivos,whisper,tiny,zero_shot,,42,0,speech,TÔI ĐỨNG TRƯỚC HAI LỐI RẼ VÀ TÔI CHỌN CON ĐƯỜNG ÍT NGƯỜI ĐI HƠN, Thôi đừng có thể đánh thử.
VIVOSDEV16_267_snr10,vivos,whisper,tiny,zero_shot,,42,10,noise,TÔI ĐỨNG TRƯỚC HAI LỐI RẼ VÀ TÔI CHỌN CON ĐƯỜNG ÍT NGƯỜI ĐI HƠN, Thôi đứng trước hai lối để và tôi trọng con được ít người điên hơn
VIVOSDEV16_267_snr20,vivos,whisper,tiny,zero_shot,,42,20,noise,TÔI ĐỨNG TRƯỚC HAI LỐI RẼ VÀ TÔI CHỌN CON ĐƯỜNG ÍT NGƯỜI ĐI HƠN, Tôi đứng trước hai lối rễ và tôi trọng con đường ít người đi hơn.
VIVOSDEV16_267_snr5,vivos,whisper,tiny,zero_shot,,42,5,noise,TÔI ĐỨNG TRƯỚC HAI LỐI RẼ VÀ TÔI CHỌN CON ĐƯỜNG ÍT NGƯỜI ĐI HƠN, Tôi đừng chứ khai lối để và tôi trọng con đường ít ngồi đi hơn
VIVOSDEV16_279_clean,vivos,whisper,tiny,zero_shot,,42,clean,clean,VẬY CHỪNG NÀO MỚI TỚI XIN LỖI NHÂN DÂN TẬP CUỐI, Vậy trình nào mất tới sinh lỗi nhăng dân tập cuối
VIVOSDEV16_279_snr0,vivos,whisper,tiny,zero_shot,,42,0,music,VẬY CHỪNG NÀO MỚI TỚI XIN LỖI NHÂN DÂN TẬP CUỐI, Bây trình nè có tới xin lỗi ím dân của...
VIVOSDEV16_279_snr10,vivos,whisper,tiny,zero_shot,,42,10,speech,VẬY CHỪNG NÀO MỚI TỚI XIN LỖI NHÂN DÂN TẬP CUỐI, Bây kinh nào mà tới sinh lỗi nhàng dẫn của
VIVOSDEV16_279_snr20,vivos,whisper,tiny,zero_shot,,42,20,speech,VẬY CHỪNG NÀO MỚI TỚI XIN LỖI NHÂN DÂN TẬP CUỐI, Vậy chừng nào mất tới sinh lỗi nhăng dân tập cuối.
VIVOSDEV16_279_snr5,vivos,whisper,tiny,zero_shot,,42,5,music,VẬY CHỪNG NÀO MỚI TỚI XIN LỖI NHÂN DÂN TẬP CUỐI, Vậy chừng nào mất tới xin lỗi nhận dân của
VIVOSDEV16_298_clean,vivos,whisper,tiny,zero_shot,,42,clean,clean,HÔM NÀO TAN CA SỚM HẠNH ĐƯỢC GIAO NHIỆM VỤ ĐI CHỢ CHO BỮA TỐI, Hôm nào tàn kia sống hạnh được giang dìm vụ đi cho cháu bối tối
VIVOSDEV16_298_snr0,vivos,whisper,tiny,zero_shot,,42,0,noise,HÔM NÀO TAN CA SỚM HẠNH ĐƯỢC GIAO NHIỆM VỤ ĐI CHỢ CHO BỮA TỐI, Thôi mà con ra con hảng đồ con in hỗng ra ra đồ con
VIVOSDEV16_298_snr10,vivos,whisper,tiny,zero_shot,,42,10,noise,HÔM NÀO TAN CA SỚM HẠNH ĐƯỢC GIAO NHIỆM VỤ ĐI CHỢ CHO BỮA TỐI," Hôm nào tàn ca sống, hành được dân dìm vũ đi cho cháu bú tối."
VIVOSDEV16_298_snr20,vivos,whisper,tiny,zero_shot,,42,20,speech,HÔM NÀO TAN CA SỚM HẠNH ĐƯỢC GIAO NHIỆM VỤ ĐI CHỢ CHO BỮA TỐI, Hôm nào tàn kia sống hạnh được dân dìm vũ đi cho chá buổi tới.
VIVOSDEV16_298_snr5,vivos,whisper,tiny,zero_shot,,42,5,noise,HÔM NÀO TAN CA SỚM HẠNH ĐƯỢC GIAO NHIỆM VỤ ĐI CHỢ CHO BỮA TỐI, Hôm nào tàn kia sống hạnh được giáo nhiêm vụ đi chờ chào buổi tối
VIVOSDEV17_011_clean,vivos,whisper,tiny,zero_shot,,42,clean,clean,RỒI MẶC DÙ BIẾT LÀ NGỚ NGẨN TÔI CỨ NÓI RA, Rồi mặt dụ biết là ngớ ngẩn tôi cứ nó ra
VIVOSDEV17_011_snr0,vivos,whisper,tiny,zero_shot,,42,0,noise,RỒI MẶC DÙ BIẾT LÀ NGỚ NGẨN TÔI CỨ NÓI RA, Rồi mặt dầu biết là ngớ ngẩn tôi cứ nó ra
VIVOSDEV17_011_snr10,vivos,whisper,tiny,zero_shot,,42,10,music,RỒI MẶC DÙ BIẾT LÀ NGỚ NGẨN TÔI CỨ NÓI RA, Rồi mặt dù biết là ngớ ngẩn tôi cứ nói ra
VIVOSDEV17_011_snr20,vivos,whisper,tiny,zero_shot,,42,20,music,RỒI MẶC DÙ BIẾT LÀ NGỚ NGẨN TÔI CỨ NÓI RA, Rồi mặt dầu biết là ngớ ngẩn tôi cứ nó ra
VIVOSDEV17_011_snr5,vivos,whisper,tiny,zero_shot,,42,5,noise,RỒI MẶC DÙ BIẾT LÀ NGỚ NGẨN TÔI CỨ NÓI RA, Nội mặc dù biết là nớn gần tôi cứ nói về
VIVOSDEV17_024_clean,vivos,whisper,tiny,zero_shot,,42,clean,clean,RIÊNG ÔNG NGUYỄN VĂN BA BỊ GỖ ĐÈ DẬP SỌ NÃO CHẾT NGAY TẠI CHỖ," Ghiên ông nguyện văn bá bị rộ đe, giập sọn nảo chất ngay tại chỗ."
VIVOSDEV17_024_snr0,vivos,whisper,tiny,zero_shot,,42,0,noise,RIÊNG ÔNG NGUYỄN VĂN BA BỊ GỖ ĐÈ DẬP SỌ NÃO CHẾT NGAY TẠI CHỖ, Ghiên ông Hũn văn bá bị rộn để bập sọn nảo chất ngay tài trộ.
VIVOSDEV17_024_snr10,vivos,whisper,tiny,zero_shot,,42,10,noise,RIÊNG ÔNG NGUYỄN VĂN BA BỊ GỖ ĐÈ DẬP SỌ NÃO CHẾT NGAY TẠI CHỖ," Ghiên ông nguyễn văn bá bị rộn đe, giập sọn nạo chất ngay tại chỗ."
VIVOSDEV17_024_snr20,vivos,whisper,tiny,zero_shot,,42,20,speech,RIÊNG ÔNG NGUYỄN VĂN BA BỊ GỖ ĐÈ DẬP SỌ NÃO CHẾT NGAY TẠI CHỖ, Ghiên ông nguyễn văn bà bị rộn để giập sọn nạo chất này tại chỗ
VIVOSDEV17_024_snr5,vivos,whisper,tiny,zero_shot,,42,5,noise,RIÊNG ÔNG NGUYỄN VĂN BA BỊ GỖ ĐÈ DẬP SỌ NÃO CHẾT NGAY TẠI CHỖ, Vên ông Huyên Vang Ba bị giò để giọt trọn nảo chấp dây tại giò.
VIVOSDEV17_032_clean,vivos,whisper,tiny,zero_shot,,42,clean,clean,MỖI NGƯỜI NỞ MỘT NỤ CƯỜI VỚI NHỮNG Ý NGHĨA KHÁC NHAU, Mỗi người nở mọc nũ cười với nhận ý nghĩa khác nhau
VIVOSDEV17_032_snr0,vivos,whisper,tiny,zero_shot,,42,0,noise,MỖI NGƯỜI NỞ MỘT NỤ CƯỜI VỚI NHỮNG Ý NGHĨA KHÁC NHAU, Mỗi người nở mọc nũ cười với nhận ý nghĩa khác nhau
VIVOSDEV17_032_snr10,vivos,whisper,tiny,zero_shot,,42,10,music,MỖI NGƯỜI NỞ MỘT NỤ CƯỜI VỚI NHỮNG Ý NGHĨA KHÁC NHAU, Mỗi người nở mọc lũ cười với dẫn ý nghĩ thế nào
VIVOSDEV17_032_snr20,vivos,whisper,tiny,zero_shot,,42,20,noise,MỖI NGƯỜI NỞ MỘT NỤ CƯỜI VỚI NHỮNG Ý NGHĨA KHÁC NHAU, Mỗi người nở mọc nũ cười với dẫn ý nghĩa khác nhau
VIVOSDEV17_032_snr5,vivos,whisper,tiny,zero_shot,,42,5,music,MỖI NGƯỜI NỞ MỘT NỤ CƯỜI VỚI NHỮNG Ý NGHĨA KHÁC NHAU, Mỗi người nảo mọc lúc gười với dùng ý nghĩa kết dau
VIVOSDEV17_043_clean,vivos,whisper,tiny,zero_shot,,42,clean,clean,DO VẬY SẼ ẢNH HƯỞNG TỚI VIỆC THU SÓNG VÔ TUYẾN, Dạc dạc dạc dạc dạc dạc dạc dạc dạc dạc dạc dạc dạc dạc dạc dạc dạc dạc dạc dạc dạc dạc dạc dạc dạc dạc dạc dạc dạc dạc dạc dạc dạc dạc dạc dạc dạc dạc dạc dạc dạc dạc dạ
VIVOSDEV17_043_snr0,vivos,whisper,tiny,zero_shot,,42,0,music,DO VẬY SẼ ẢNH HƯỞNG TỚI VIỆC THU SÓNG VÔ TUYẾN, dây hồi hồi hồi hồi hồi hồi hồi hồi hồi hồi hồi hồi hồi hồi hồi hồi hồi hồi hồi hồi hồi hồi hồi hồi hồi hồi hồi hồi hồi hồi hồi hồi hồi hồi hồi hồi hồi hồi hồi hồi hồi hồi hồi hồi hồi hồi hồi hồi hồi hồi hồi hồi hồi hồi hồi hồi hồi hồi hồi hồi hồi hồi hồi
VIVOSDEV17_043_snr10,vivos,whisper,tiny,zero_shot,,42,10,music,DO VẬY SẼ ẢNH HƯỞNG TỚI VIỆC THU SÓNG VÔ TUYẾN, dơ hỏi sẽ ăn hưởng tiếp về thu sống vô điên
VIVOSDEV17_043_snr20,vivos,whisper,tiny,zero_shot,,42,20,noise,DO VẬY SẼ ẢNH HƯỞNG TỚI VIỆC THU SÓNG VÔ TUYẾN, Dạc dạc dạc dạc dạc dạc dạc dạc dạc dạc dạc dạc dạc dạc dạc dạc dạc dạc dạc dạc dạc dạc dạc dạc dạc dạc dạc dạc dạc dạc dạc dạc dạc dạc dạc dạc dạc dạc dạc dạc dạc dạc dạ
VIVOSDEV17_043_snr5,vivos,whisper,tiny,zero_shot,,42,5,noise,DO VẬY SẼ ẢNH HƯỞNG TỚI VIỆC THU SÓNG VÔ TUYẾN, dây hồi hồi hồi hồi hồi hồi hồi hồi hồi hồi hồi hồi hồi hồi hồi hồi hồi hồi hồi hồi hồi hồi hồi hồi hồi hồi hồi hồi hồi hồi hồi hồi hồi hồi hồi hồi hồi hồi hồi hồi hồi hồi hồi hồi hồi hồi hồi hồi hồi hồi hồi hồi hồi hồi hồi hồi hồi hồi hồi hồi hồi hồi hồi
VIVOSDEV17_048_clean,vivos,whisper,tiny,zero_shot,,42,clean,clean,PHIM CHIẾU NGUYÊN BẢN TIẾNG PHÁP CÓ PHỤ ĐỀ TIẾNG VIỆT, phim chíu nguyên bản tý pháp có phủ đề tính vệ
VIVOSDEV17_048_snr0,vivos,whisper,tiny,zero_shot,,42,0,music,PHIM CHIẾU NGUYÊN BẢN TIẾNG PHÁP CÓ PHỤ ĐỀ TIẾNG VIỆT, phim chứ mình bản tính pháp có phủ đe tính vị
VIVOSDEV17_048_snr10,vivos,whisper,tiny,zero_shot,,42,10,speech,PHIM CHIẾU NGUYÊN BẢN TIẾNG PHÁP CÓ PHỤ ĐỀ TIẾNG VIỆT, Fim chưa muình bản tý pháp có phủ đề tính về
VIVOSDEV17_048_snr20,vivos,whisper,tiny,zero_shot,,42,20,noise,PHIM CHIẾU NGUYÊN BẢN TIẾNG PHÁP CÓ PHỤ ĐỀ TIẾNG VIỆT, phim chíu nguyên bản tý pháp có phủ đề tính vệ
VIVOSDEV17_048_snr5,vivos,whisper,tiny,zero_shot,,42,5,music,PHIM CHIẾU NGUYÊN BẢN TIẾNG PHÁP CÓ PHỤ ĐỀ TIẾNG VIỆT, phim chíu nguyên bản tý pháp có phủ đề tính vệ
VIVOSDEV17_060_clean,vivos,whisper,tiny,zero_shot,,42,clean,clean,BÓNG MÀU XANH LÀ VÙNG TÂM BÃO CÓ THỂ ĐI QUA, Bống màu xanh là vùng tâm bảo có thể đi qua
VIVOSDEV17_060_snr0,vivos,whisper,tiny,zero_shot,,42,0,noise,BÓNG MÀU XANH LÀ VÙNG TÂM BÃO CÓ THỂ ĐI QUA, Bóng mộ xam là một tập hộ tốt trẻ bí quán
VIVOSDEV17_060_snr10,vivos,whisper,tiny,zero_shot,,42,10,music,BÓNG MÀU XANH LÀ VÙNG TÂM BÃO CÓ THỂ ĐI QUA, Bống màu xanh là 1 tâm bảo có thể đi qua
VIVOSDEV17_060_snr20,vivos,whisper,tiny,zero_shot,,42,20,speech,BÓNG MÀU XANH LÀ VÙNG TÂM BÃO CÓ THỂ ĐI QUA, Bống mồ xanh là vùng tâm bảo có thể đi qua
VIVOSDEV17_060_snr5,vivos,whisper,tiny,zero_shot,,42,5,speech,BÓNG MÀU XANH LÀ VÙNG TÂM BÃO CÓ THỂ ĐI QUA," Bộ gần, bộ mộ xan là ông tâm bảo có thể đương quái"
VIVOSDEV17_062_clean,vivos,whisper,tiny,zero_shot,,42,clean,clean,SAU MỘT NGÀY LAO ĐỘNG CĂNG MỆT BẠN ƯU TIÊN CHỌN, Sau một ngày lâu đẩm căng mơ bản ư tinh chóng
VIVOSDEV17_062_snr0,vivos,whisper,tiny,zero_shot,,42,0,speech,SAU MỘT NGÀY LAO ĐỘNG CĂNG MỆT BẠN ƯU TIÊN CHỌN," Nói bây giờ, tất cả những video dưới đời"
VIVOSDEV17_062_snr10,vivos,whisper,tiny,zero_shot,,42,10,noise,SAU MỘT NGÀY LAO ĐỘNG CĂNG MỆT BẠN ƯU TIÊN CHỌN," Sau một ngày lâu đẩm tăng mệt, bản ưu tinh trọng"
VIVOSDEV17_062_snr20,vivos,whisper,tiny,zero_shot,,42,20,music,SAU MỘT NGÀY LAO ĐỘNG CĂNG MỆT BẠN ƯU TIÊN CHỌN," Sau một ngày lâu đẩm tăng mơ, bản ư tinh chó"
VIVOSDEV17_062_snr5,vivos,whisper,tiny,zero_shot,,42,5,speech,SAU MỘT NGÀY LAO ĐỘNG CĂNG MỆT BẠN ƯU TIÊN CHỌN, Mình sẽ không có thể đánh mọi người.
VIVOSDEV17_077_clean,vivos,whisper,tiny,zero_shot,,42,clean,clean,HÔM SAU MỞ MÁY THẤY CÁI TRUYỆN ĐÃ TỰ HOÀN CHỈNH RỒI, Hôm sau mở mấy thế kết chuyện đã tử hành trận rồi
VIVOSDEV17_077_snr0,vivos,whisper,tiny,zero_shot,,42,0,noise,HÔM SAU MỞ MÁY THẤY CÁI TRUYỆN ĐÃ TỰ HOÀN CHỈNH RỒI, Chôm sau mà mấy cái chuyện đã bởi hành trình rồi
VIVOSDEV17_077_snr10,vivos,whisper,tiny,zero_shot,,42,10,noise,HÔM SAU MỞ MÁY THẤY CÁI TRUYỆN ĐÃ TỰ HOÀN CHỈNH RỒI, Hôm sau mở mấy thấy cái chuyện đã tự hành tránh rồi
VIVOSDEV17_077_snr20,vivos,whisper,tiny,zero_shot,,42,20,music,HÔM SAU MỞ MÁY THẤY CÁI TRUYỆN ĐÃ TỰ HOÀN CHỈNH RỒI, Hôm sau mọi máy thấy cái chuyện đã tự hoàn trưởng rồi
VIVOSDEV17_077_snr5,vivos,whisper,tiny,zero_shot,,42,5,music,HÔM SAU MỞ MÁY THẤY CÁI TRUYỆN ĐÃ TỰ HOÀN CHỈNH RỒI, Thường sau mở mấy thái phát triển đã tự hành trình rồi
VIVOSDEV17_090_clean,vivos,whisper,tiny,zero_shot,,42,clean,clean,BÂY GIỜ THÌ ĐÁNG ĐƯỢC KHEN LÀ THÔNG MINH CHỨ HẢ, Bây giờ thì đáng được kênh là thông mưng trước hả?
VIVOSDEV17_090_snr0,vivos,whisper,tiny,zero_shot,,42,0,noise,BÂY GIỜ THÌ ĐÁNG ĐƯỢC KHEN LÀ THÔNG MINH CHỨ HẢ, Đi chào tình đáng được nghe là thông phần dưới này nhá.
VIVOSDEV17_090_snr10,vivos,whisper,tiny,zero_shot,,42,10,speech,BÂY GIỜ THÌ ĐÁNG ĐƯỢC KHEN LÀ THÔNG MINH CHỨ HẢ," Bây giờ thì đang được kênh là thần rồi, hả?"
VIVOSDEV17_090_snr20,vivos,whisper,tiny,zero_shot,,42,20,noise,BÂY GIỜ THÌ ĐÁNG ĐƯỢC KHEN LÀ THÔNG MINH CHỨ HẢ, Bây giờ thì đáng được kênh là thông mưng trước hả?
VIVOSDEV17_090_snr5,vivos,whisper,tiny,zero_shot,,42,5,music,BÂY GIỜ THÌ ĐÁNG ĐƯỢC KHEN LÀ THÔNG MINH CHỨ HẢ, Vì giờ thì đáng được kết là thông mừng trước hả?
VIVOSDEV17_099_clean,vivos,whisper,tiny,zero_shot,,42,clean,clean,CHỊ TÌM NHÀ CHO EM Ở TRỌ NGAY CỔNG TRƯỜNG CHỊ HỌC," Chỉ tìm nhà, cho em ở trọng ngay cộng trường trí hợp"
VIVOSDEV17_099_snr0,vivos,whisper,tiny,zero_shot,,42,0,music,CHỊ TÌM NHÀ CHO EM Ở TRỌ NGAY CỔNG TRƯỜNG CHỊ HỌC," Thế mẹ, tên em ở trả, không có những gì hợp."
VIVOSDEV17_099_snr10,vivos,whisper,tiny,zero_shot,,42,10,music,CHỊ TÌM NHÀ CHO EM Ở TRỌ NGAY CỔNG TRƯỜNG CHỊ HỌC, Chỉ tim nha cho em ở chỗ ngay cộng trường trí hợp
VIVOSDEV17_099_snr20,vivos,whisper,tiny,zero_shot,,42,20,music,CHỊ TÌM NHÀ CHO EM Ở TRỌ NGAY CỔNG TRƯỜNG CHỊ HỌC," Chỉ tìm nhà, cho em ở trọng ngay cộng trường trí hợp"
VIVOSDEV17_099_snr5,vivos,whisper,tiny,zero_shot,,42,5,speech,CHỊ TÌM NHÀ CHO EM Ở TRỌ NGAY CỔNG TRƯỜNG CHỊ HỌC," Chỉ tìm nhà, cho em ở chỗ trảnh không cho kỳ hộn."
VIVOSDEV17_109_clean,vivos,whisper,tiny,zero_shot,,42,clean,clean,MỘT BÀ SANG TRỌNG ĐẾN GẶP BÁC SĨ TRẺ KHÁM BỆNH BÁC SĨ HỎI, 1 xe chọn đánh gặp bác sử trẻ khám bệnh bác sử hỏi
VIVOSDEV17_109_snr0,vivos,whisper,tiny,zero_shot,,42,0,noise,MỘT BÀ SANG TRỌNG ĐẾN GẶP BÁC SĨ TRẺ KHÁM BỆNH BÁC SĨ HỎI, Một bà trên chóng đông gặp phát triển tráng bận phát triển hóa
VIVOSDEV17_109_snr10,vivos,whisper,tiny,zero_shot,,42,10,noise,MỘT BÀ SANG TRỌNG ĐẾN GẶP BÁC SĨ TRẺ KHÁM BỆNH BÁC SĨ HỎI, 1 bà xen trọng đến gặp pắt sử dẻ khám bệnh bắt sử hỏi
VIVOSDEV17_109_snr20,vivos,whisper,tiny,zero_shot,,42,20,speech,MỘT BÀ SANG TRỌNG ĐẾN GẶP BÁC SĨ TRẺ KHÁM BỆNH BÁC SĨ HỎI, Một bà xen trọng đến gặp bác sử trẻ khám vện bác sử hỏi.
VIVOSDEV17_109_snr5,vivos,whisper,tiny,zero_shot,,42,5,noise,MỘT BÀ SANG TRỌNG ĐẾN GẶP BÁC SĨ TRẺ KHÁM BỆNH BÁC SĨ HỎI, Một bà xen chóng đánh gặp 8 sửi trẻ khám bình bắt xe hỏi
VIVOSDEV17_114_clean,vivos,whisper,tiny,zero_shot,,42,clean,clean,NHÂN LỰC NGÀNH THIẾT KẾ ĐỒ HỌA ĐẮT GIÁ VÀ KHAN HIẾM, Nhưng lực ngẩn thích kết đầu hỏa đất kẻ và khang hiếm.
VIVOSDEV17_114_snr0,vivos,whisper,tiny,zero_shot,,42,0,noise,NHÂN LỰC NGÀNH THIẾT KẾ ĐỒ HỌA ĐẮT GIÁ VÀ KHAN HIẾM, nhưng lực thăm tích kết đó hãt bắt trẻ và kênh
VIVOSDEV17_114_snr10,vivos,whisper,tiny,zero_shot,,42,10,speech,NHÂN LỰC NGÀNH THIẾT KẾ ĐỒ HỌA ĐẮT GIÁ VÀ KHAN HIẾM," Nhưng lực ngần thích kết đồ hỏi, lắc trẻ và kênh hình."
VIVOSDEV17_114_snr20,vivos,whisper,tiny,zero_shot,,42,20,speech,NHÂN LỰC NGÀNH THIẾT KẾ ĐỒ HỌA ĐẮT GIÁ VÀ KHAN HIẾM," Nhưng lực ngần thích kết đầu hỏi, tắc kia và kèng hình."
VIVOSDEV17_114_snr5,vivos,whisper,tiny,zero_shot,,42,5,music,NHÂN LỰC NGÀNH THIẾT KẾ ĐỒ HỌA ĐẮT GIÁ VÀ KHAN HIẾM, Nhưng lực nằm thích kết đổ mả tất kia và khang hình
VIVOSDEV17_120_clean,vivos,whisper,tiny,zero_shot,,42,clean,clean,SAU ĐÓ BẢN THÂN HỌC SINH PHẢI LÀM ĐƠN XIN HỌC BỔNG, Sau đó bản thân học sinh phải làm đơn sinh học bảong
VIVOSDEV17_120_snr0,vivos,whisper,tiny,zero_shot,,42,0,speech,SAU ĐÓ BẢN THÂN HỌC SINH PHẢI LÀM ĐƠN XIN HỌC BỔNG, Bạn lòng đừng xin hả?
VIVOSDEV17_120_snr10,vivos,whisper,tiny,zero_shot,,42,10,noise,SAU ĐÓ BẢN THÂN HỌC SINH PHẢI LÀM ĐƠN XIN HỌC BỔNG," Sau đó, bánh thân học sinh phải làm đương sinh học bán"
VIVOSDEV17_120_snr20,vivos,whisper,tiny,zero_shot,,42,20,music,SAU ĐÓ BẢN THÂN HỌC SINH PHẢI LÀM ĐƠN XIN HỌC BỔNG," Sau đó, bản thân học sinh phải làm đơn sinh học bảo."
VIVOSDEV17_120_snr5,vivos,whisper,tiny,zero_shot,,42,5,noise,SAU ĐÓ BẢN THÂN HỌC SINH PHẢI LÀM ĐƠN XIN HỌC BỔNG," Sau đó, bản thân học sinh khoái làm đơn sinh học bảom"
VIVOSDEV17_133_clean,vivos,whisper,tiny,zero_shot,,42,clean,clean,CHỈ CÓ THỰC PHẨM MỚI GIÚP BẠN LÀM ĐƯỢC VIỆC NÀY, Chỉ có thực phẩm mới dấp bản làm được việc này
VIVOSDEV17_133_snr0,vivos,whisper,tiny,zero_shot,,42,0,noise,CHỈ CÓ THỰC PHẨM MỚI GIÚP BẠN LÀM ĐƯỢC VIỆC NÀY, chỉ có thực phẩm mới dup bản làm được việc này
VIVOSDEV17_133_snr10,vivos,whisper,tiny,zero_shot,,42,10,noise,CHỈ CÓ THỰC PHẨM MỚI GIÚP BẠN LÀM ĐƯỢC VIỆC NÀY, Chỉ có thực phẩm mới dấp bản làm được việc này
VIVOSDEV17_133_snr20,vivos,whisper,tiny,zero_shot,,42,20,speech,CHỈ CÓ THỰC PHẨM MỚI GIÚP BẠN LÀM ĐƯỢC VIỆC NÀY, Chỉ có thực phẩm mới dấp bản lâm được việc này
VIVOSDEV17_133_snr5,vivos,whisper,tiny,zero_shot,,42,5,music,CHỈ CÓ THỰC PHẨM MỚI GIÚP BẠN LÀM ĐƯỢC VIỆC NÀY, Chỉ có thực phẩm mới dục bản làm được việc này
VIVOSDEV17_147_clean,vivos,whisper,tiny,zero_shot,,42,clean,clean,VỚI CÁC DÁT MÀU CÀ PHÊ SỮA KHÔNG CẦN ĐIỀU TRỊ, Với các giết màu cả phê sử không cần đư trở
VIVOSDEV17_147_snr0,vivos,whisper,tiny,zero_shot,,42,0,music,VỚI CÁC DÁT MÀU CÀ PHÊ SỮA KHÔNG CẦN ĐIỀU TRỊ, Bởi các yết mầu cả phê sữa không cần được trị
VIVOSDEV17_147_snr10,vivos,whisper,tiny,zero_shot,,42,10,music,VỚI CÁC DÁT MÀU CÀ PHÊ SỮA KHÔNG CẦN ĐIỀU TRỊ, Bối chết dết màu cả phê sở không con đu trị
VIVOSDEV17_147_snr20,vivos,whisper,tiny,zero_shot,,42,20,speech,VỚI CÁC DÁT MÀU CÀ PHÊ SỮA KHÔNG CẦN ĐIỀU TRỊ, Bới các giết màu cà phê sử không cần đư trở
VIVOSDEV17_147_snr5,vivos,whisper,tiny,zero_shot,,42,5,speech,VỚI CÁC DÁT MÀU CÀ PHÊ SỮA KHÔNG CẦN ĐIỀU TRỊ, Các bạn có thể chảy?
VIVOSDEV17_181_clean,vivos,whisper,tiny,zero_shot,,42,clean,clean,NHỮNG CÂU HỎI TRÊN SẼ GIÚP BẠN LÀM ĐƯỢC ĐIỀU NÀY, Những câu hỏi chân sẽ giúp bản làm được điều này
VIVOSDEV17_181_snr0,vivos,whisper,tiny,zero_shot,,42,0,noise,NHỮNG CÂU HỎI TRÊN SẼ GIÚP BẠN LÀM ĐƯỢC ĐIỀU NÀY, Mình không có bỏ trái nước bản làm được điều này
VIVOSDEV17_181_snr10,vivos,whisper,tiny,zero_shot,,42,10,speech,NHỮNG CÂU HỎI TRÊN SẼ GIÚP BẠN LÀM ĐƯỢC ĐIỀU NÀY, Những câu hỏi chơi sẽ giúp bản làm được điều này.
VIVOSDEV17_181_snr20,vivos,whisper,tiny,zero_shot,,42,20,noise,NHỮNG CÂU HỎI TRÊN SẼ GIÚP BẠN LÀM ĐƯỢC ĐIỀU NÀY, Những câu hỏi chân sẽ giúp bản làm được điều này
VIVOSDEV17_181_snr5,vivos,whisper,tiny,zero_shot,,42,5,noise,NHỮNG CÂU HỎI TRÊN SẼ GIÚP BẠN LÀM ĐƯỢC ĐIỀU NÀY, Mình có họ chơi dưới bánh làm được điều này
VIVOSDEV17_189_clean,vivos,whisper,tiny,zero_shot,,42,clean,clean,VẪN CÒN NHƯNG BẠN KHÔNG DÁM CHẮC HỌ CÓ HẠNH PHÚC HAY KHÔNG, Vũng còn nhưng bản không giám chắc hỏi có hạnh phúc hay không?
VIVOSDEV17_189_snr0,vivos,whisper,tiny,zero_shot,,42,0,music,VẪN CÒN NHƯNG BẠN KHÔNG DÁM CHẮC HỌ CÓ HẠNH PHÚC HAY KHÔNG," Bộng gần, nhưng bạn không giám chắc hỏi có hạnh phúc hay không?"
VIVOSDEV17_189_snr10,vivos,whisper,tiny,zero_shot,,42,10,noise,VẪN CÒN NHƯNG BẠN KHÔNG DÁM CHẮC HỌ CÓ HẠNH PHÚC HAY KHÔNG, Vũng còn nhưng bản không giám chắc hỏi có hạnh phúc hay không?
VIVOSDEV17_189_snr20,vivos,whisper,tiny,zero_shot,,42,20,music,VẪN CÒN NHƯNG BẠN KHÔNG DÁM CHẮC HỌ CÓ HẠNH PHÚC HAY KHÔNG," Bưởng gần, nhưng bản không giám chắc, hỏi có hạnh phúc hay không?"
VIVOSDEV17_189_snr5,vivos,whisper,tiny,zero_shot,,42,5,music,VẪN CÒN NHƯNG BẠN KHÔNG DÁM CHẮC HỌ CÓ HẠNH PHÚC HAY KHÔNG," Hủng gồm, nhưng bạn thân giám chắc họ có hạnh thức hay không?"
VIVOSDEV17_192_clean,vivos,whisper,tiny,zero_shot,,42,clean,clean,ĐÓ CŨNG LÀ SỰ TIẾP XÚC GẦN GŨI NHẤT CỦA BỌN EM, Đó cũng là sự tiếp xúc gần của nhất của bỏng em.
VIVOSDEV17_192_snr0,vivos,whisper,tiny,zero_shot,,42,0,music,ĐÓ CŨNG LÀ SỰ TIẾP XÚC GẦN GŨI NHẤT CỦA BỌN EM, Đó cũng là sự tiếp xúc cần gối nhất của bỏng em.
VIVOSDEV17_192_snr10,vivos,whisper,tiny,zero_shot,,42,10,speech,ĐÓ CŨNG LÀ SỰ TIẾP XÚC GẦN GŨI NHẤT CỦA BỌN EM, Đó cũng là sự tiếp tốt với gần gối nhất của bọn em.
VIVOSDEV17_192_snr20,vivos,whisper,tiny,zero_shot,,42,20,speech,ĐÓ CŨNG LÀ SỰ TIẾP XÚC GẦN GŨI NHẤT CỦA BỌN EM, Đó cũng là sự tiếp xúc cần gọi nhất của bản em.
VIVOSDEV17_192_snr5,vivos,whisper,tiny,zero_shot,,42,5,music,ĐÓ CŨNG LÀ SỰ TIẾP XÚC GẦN GŨI NHẤT CỦA BỌN EM, Đó cũng là sự tiếp xúc cần gối nhất của bỏng em.
VIVOSDEV17_204_clean,vivos,whisper,tiny,zero_shot,,42,clean,clean,EM HÃY TỈNH TÁO MÀ TÌM NHỮNG ĐỊNH HƯỚNG TỐT HƠN CHO TƯƠNG LAI, em hãy tính táo mà tìm những đánh hướng tốt hơn cho tương lai
VIVOSDEV17_204_snr0,vivos,whisper,tiny,zero_shot,,42,0,noise,EM HÃY TỈNH TÁO MÀ TÌM NHỮNG ĐỊNH HƯỚNG TỐT HƠN CHO TƯƠNG LAI, em hãy tình táo mặt têm những đỉnh hướng tốt hơn cho tương lai
VIVOSDEV17_204_snr10,vivos,whisper,tiny,zero_shot,,42,10,music,EM HÃY TỈNH TÁO MÀ TÌM NHỮNG ĐỊNH HƯỚNG TỐT HƠN CHO TƯƠNG LAI, em hãy tính táo mặt tìm những đánh hướng tốt hơn cho tương lai
VIVOSDEV17_204_snr20,vivos,whisper,tiny,zero_shot,,42,20,music,EM HÃY TỈNH TÁO MÀ TÌM NHỮNG ĐỊNH HƯỚNG TỐT HƠN CHO TƯƠNG LAI, em hãy tính táo mặt tìm những đánh hướng tốt hơn cho tươi
VIVOSDEV17_204_snr5,vivos,whisper,tiny,zero_shot,,42,5,noise,EM HÃY TỈNH TÁO MÀ TÌM NHỮNG ĐỊNH HƯỚNG TỐT HƠN CHO TƯƠNG LAI, em hãy tính táo mật tìm những dẫn hướng tốt hơn cho tươi
VIVOSDEV17_208_clean,vivos,whisper,tiny,zero_shot,,42,clean,clean,NHƯNG CHẲNG CÓ ĐIỂM SẢN XUẤT NÀO DÙNG BẠT PHỦ CHE CHẮN," Nhưng trận có đỉm sản xuất nào, dùng bà phủ ché chán"
VIVOSDEV17_208_snr0,vivos,whisper,tiny,zero_shot,,42,0,noise,NHƯNG CHẲNG CÓ ĐIỂM SẢN XUẤT NÀO DÙNG BẠT PHỦ CHE CHẮN," Nhưng trận có đến sản xuất nào, dùng bạc phủ chết chắn"
VIVOSDEV17_208_snr10,vivos,whisper,tiny,zero_shot,,42,10,music,NHƯNG CHẲNG CÓ ĐIỂM SẢN XUẤT NÀO DÙNG BẠT PHỦ CHE CHẮN," Nhưng trận có đến sản xuất nào, dùng bạc phủ chie chắn"
VIVOSDEV17_208_snr20,vivos,whisper,tiny,zero_shot,,42,20,noise,NHƯNG CHẲNG CÓ ĐIỂM SẢN XUẤT NÀO DÙNG BẠT PHỦ CHE CHẮN," Nhưng trận có đỉm sản xuất nào, dùng bà phủ ché chán"
VIVOSDEV17_208_snr5,vivos,whisper,tiny,zero_shot,,42,5,noise,NHƯNG CHẲNG CÓ ĐIỂM SẢN XUẤT NÀO DÙNG BẠT PHỦ CHE CHẮN," Nhưng trận có để sản xuất nào, dùng và phủ phía chân"
VIVOSDEV17_217_clean,vivos,whisper,tiny,zero_shot,,42,clean,clean,THÌ HỢP ĐỒNG THẾ CHẤP NÀY CŨNG KHÔNG CÓ GIÁ TRỊ PHÁP LÝ, Thì hợp đầm thế chấp này cũng không có giá trị pháp lý
VIVOSDEV17_217_snr0,vivos,whisper,tiny,zero_shot,,42,0,noise,THÌ HỢP ĐỒNG THẾ CHẤP NÀY CŨNG KHÔNG CÓ GIÁ TRỊ PHÁP LÝ," Thì hợp đáu trái cháu, bây giờ có trọng phói nhé, đáu lý"
VIVOSDEV17_217_snr10,vivos,whisper,tiny,zero_shot,,42,10,music,THÌ HỢP ĐỒNG THẾ CHẤP NÀY CŨNG KHÔNG CÓ GIÁ TRỊ PHÁP LÝ," Thì hợp đồng thế giúp này cũng không có giả trị, đức bắp lý."
VIVOSDEV17_217_snr20,vivos,whisper,tiny,zero_shot,,42,20,music,THÌ HỢP ĐỒNG THẾ CHẤP NÀY CŨNG KHÔNG CÓ GIÁ TRỊ PHÁP LÝ, Thì hợp đồng thế giúp này cũng không có giá trị pháp lý
VIVOSDEV17_217_snr5,vivos,whisper,tiny,zero_shot,,42,5,speech,THÌ HỢP ĐỒNG THẾ CHẤP NÀY CŨNG KHÔNG CÓ GIÁ TRỊ PHÁP LÝ," Bún tình thầy hôm, tầy chấp, nè."
VIVOSDEV17_241_clean,vivos,whisper,tiny,zero_shot,,42,clean,clean,MỘT ANH TRAI TUẤN ĐANG NGỒI TÙ VÌ TỘI GIẾT NGƯỜI, Một anh chai tốn đang ngồi tổ về tổ yết người
VIVOSDEV17_241_snr0,vivos,whisper,tiny,zero_shot,,42,0,speech,MỘT ANH TRAI TUẤN ĐANG NGỒI TÙ VÌ TỘI GIẾT NGƯỜI," Nếu anh chơi với anh, anh sẽ không có đánh đình thử dụng, anh sẽ không có đánh đình thử dụng."
VIVOSDEV17_241_snr10,vivos,whisper,tiny,zero_shot,,42,10,speech,MỘT ANH TRAI TUẤN ĐANG NGỒI TÙ VÌ TỘI GIẾT NGƯỜI, Một anh chai tính lang ngồi tù về nổi ít ngồi
VIVOSDEV17_241_snr20,vivos,whisper,tiny,zero_shot,,42,20,music,MỘT ANH TRAI TUẤN ĐANG NGỒI TÙ VÌ TỘI GIẾT NGƯỜI," Một anh chai tốt, lẽ ngồi tồ, về tỏi yết ngồi"
VIVOSDEV17_241_snr5,vivos,whisper,tiny,zero_shot,,42,5,noise,MỘT ANH TRAI TUẤN ĐANG NGỒI TÙ VÌ TỘI GIẾT NGƯỜI, Một anh chai tống đang ngồi tồ về tổ yết người
VIVOSDEV17_254_clean,vivos,whisper,tiny,zero_shot,,42,clean,clean,CÁC BƯỚC SAU ĐÂY SẼ GIÚP BẠN TÌM RA ỨNG CỬ VIÊN THÍCH HỢP, Các buông sau đây sẽ dấp bạn tìm ra ứng cử viên thích họp.
VIVOSDEV17_254_snr0,vivos,whisper,tiny,zero_shot,,42,0,music,CÁC BƯỚC SAU ĐÂY SẼ GIÚP BẠN TÌM RA ỨNG CỬ VIÊN THÍCH HỢP, Gẹp mức sau đây để giúp bạn về ra ở cậu vinh toàn khóp
VIVOSDEV17_254_snr10,vivos,whisper,tiny,zero_shot,,42,10,noise,CÁC BƯỚC SAU ĐÂY SẼ GIÚP BẠN TÌM RA ỨNG CỬ VIÊN THÍCH HỢP, Các buông sau đây sẽ dúp bạn tìm ra ứng cỡ viên tất hoặc.
VIVOSDEV17_254_snr20,vivos,whisper,tiny,zero_shot,,42,20,noise,CÁC BƯỚC SAU ĐÂY SẼ GIÚP BẠN TÌM RA ỨNG CỬ VIÊN THÍCH HỢP, Gặp mong sau đại sẽ dụng bản tìm ra ứng gấu viên tất hoặc.
VIVOSDEV17_254_snr5,vivos,whisper,tiny,zero_shot,,42,5,noise,CÁC BƯỚC SAU ĐÂY SẼ GIÚP BẠN TÌM RA ỨNG CỬ VIÊN THÍCH HỢP, Gians muốn sau đây sẽ giúp bản trình ra ứng gửi tất khó
VIVOSDEV17_271_clean,vivos,whisper,tiny,zero_shot,,42,clean,clean,GIẢI NHẤT HUY CHƯƠNG VÀNG THUỘC VỀ NHÀ NHIẾP ẢNH CỦA CỘNG HÒA SÉC, Dã nhất khuy trung vàng thủ về nhà như bản của cẩm hoa sét
VIVOSDEV17_271_snr0,vivos,whisper,tiny,zero_shot,,42,0,music,GIẢI NHẤT HUY CHƯƠNG VÀNG THUỘC VỀ NHÀ NHIẾP ẢNH CỦA CỘNG HÒA SÉC, Rã như không trung về nhanh như ăn cái trống hoa kết
VIVOSDEV17_271_snr10,vivos,whisper,tiny,zero_shot,,42,10,noise,GIẢI NHẤT HUY CHƯƠNG VÀNG THUỘC VỀ NHÀ NHIẾP ẢNH CỦA CỘNG HÒA SÉC, Dạ nhớ khuy trương vàng thủ vầy nhà như bản của cẩm hoa sét
VIVOSDEV17_271_snr20,vivos,whisper,tiny,zero_shot,,42,20,music,GIẢI NHẤT HUY CHƯƠNG VÀNG THUỘC VỀ NHÀ NHIẾP ẢNH CỦA CỘNG HÒA SÉC, Dã nhất khuôi trương vệnh thục vệ nhà như bản của cộng hoa sếp.
VIVOSDEV17_271_snr5,vivos,whisper,tiny,zero_shot,,42,5,noise,GIẢI NHẤT HUY CHƯƠNG VÀNG THUỘC VỀ NHÀ NHIẾP ẢNH CỦA CỘNG HÒA SÉC, Dạ nhớ khuy trung vàng thủ về nhà như bản của cẩm hoa sét
VIVOSDEV17_285_clean,vivos,whisper,tiny,zero_shot,,42,clean,clean,ĐỂ XIN THỊ THỰC CÔNG TÁC VỀ CƠ BẢN BẠN PHẢI CÓ," để xinh thị thật công tác, vệ câu bệnh mẹn phải có"
VIVOSDEV17_285_snr0,vivos,whisper,tiny,zero_shot,,42,0,music,ĐỂ XIN THỊ THỰC CÔNG TÁC VỀ CƠ BẢN BẠN PHẢI CÓ, Mình sẽ xin hiểu trong con bác về câu bản bệnh phải có
VIVOSDEV17_285_snr10,vivos,whisper,tiny,zero_shot,,42,10,noise,ĐỂ XIN THỊ THỰC CÔNG TÁC VỀ CƠ BẢN BẠN PHẢI CÓ," để trinh thị thật con bác, vệ câu bệnh mẹn phải có"
VIVOSDEV17_285_snr20,vivos,whisper,tiny,zero_shot,,42,20,music,ĐỂ XIN THỊ THỰC CÔNG TÁC VỀ CƠ BẢN BẠN PHẢI CÓ," để xinh thị thật công tác, vệ câu bệnh mẹn phải có"
VIVOSDEV17_285_snr5,vivos,whisper,tiny,zero_shot,,42,5,noise,ĐỂ XIN THỊ THỰC CÔNG TÁC VỀ CƠ BẢN BẠN PHẢI CÓ," để xinh thị thật công tác, bệ cơ bệnh, bệnh phép cá"
VIVOSDEV17_288_clean,vivos,whisper,tiny,zero_shot,,42,clean,clean,TÔI NẮM BÀN TAY XƯA BA TÔI TỪNG THƯƠNG YÊU ĐAU XÓT CẦM GIỮ," Tôi nắm bản tay sư, bà tôi tưởng thú tôi, ổ só cầm dự."
VIVOSDEV17_288_snr0,vivos,whisper,tiny,zero_shot,,42,0,music,TÔI NẮM BÀN TAY XƯA BA TÔI TỪNG THƯƠNG YÊU ĐAU XÓT CẦM GIỮ," Tôi nắm bánh tây sâu, và tôi không truyền lôi, tâu sốc tầm dựng."
VIVOSDEV17_288_snr10,vivos,whisper,tiny,zero_shot,,42,10,noise,TÔI NẮM BÀN TAY XƯA BA TÔI TỪNG THƯƠNG YÊU ĐAU XÓT CẦM GIỮ," tôi nắm mạnh tây xưa, ba tôi tình thung tôi, ờ sốc tầm dự"
VIVOSDEV17_288_snr20,vivos,whisper,tiny,zero_shot,,42,20,speech,TÔI NẮM BÀN TAY XƯA BA TÔI TỪNG THƯƠNG YÊU ĐAU XÓT CẦM GIỮ," Tôi nắm bản tay sư, bà tôi tưởng thư tôi, ổ sốc cầm dự trạc."
VIVOSDEV17_288_snr5,vivos,whisper,tiny,zero_shot,,42,5,speech,TÔI NẮM BÀN TAY XƯA BA TÔI TỪNG THƯƠNG YÊU ĐAU XÓT CẦM GIỮ," Đói năm nay, tất cả những người tất cả những người tất cả những người tất cả những người tất cả những người tất cả những người tất cả những người tất cả những người tất cả những người tất cả những người tất cả những người tất cả những người tất cả những người tất cả những người tất cả những người tất cả những người tất cả những người tất cả những người tất cả những người tất cả những người tất cả những người tất cả những người tất cả những người tất cả những người tất"
VIVOSDEV17_299_clean,vivos,whisper,tiny,zero_shot,,42,clean,clean,KHAI MẠC TRIỂN LÃM QUY MÔ LỚN VỀ TRANH SƠN MÀI VIỆT NAM, Khai mẹ chính là Vui Mô lớn về chân xương mài Việt Nam
VIVOSDEV17_299_snr0,vivos,whisper,tiny,zero_shot,,42,0,speech,KHAI MẠC TRIỂN LÃM QUY MÔ LỚN VỀ TRANH SƠN MÀI VIỆT NAM," Chào mẹ, tìm ạ."
VIVOSDEV17_299_snr10,vivos,whisper,tiny,zero_shot,,42,10,noise,KHAI MẠC TRIỂN LÃM QUY MÔ LỚN VỀ TRANH SƠN MÀI VIỆT NAM, khai mẹ chính là ông VW 1 lớn về chân xương mai vệnh nào
VIVOSDEV17_299_snr20,vivos,whisper,tiny,zero_shot,,42,20,music,KHAI MẠC TRIỂN LÃM QUY MÔ LỚN VỀ TRANH SƠN MÀI VIỆT NAM, Khai mẹ chính là Vui 1 lớn về chân xương mai Việt Nam
VIVOSDEV17_299_snr5,vivos,whisper,tiny,zero_shot,,42,5,speech,KHAI MẠC TRIỂN LÃM QUY MÔ LỚN VỀ TRANH SƠN MÀI VIỆT NAM, Khai bạch chính là bui mô lớn và chân xong ngoài hình thêm
VIVOSDEV18_006_clean,vivos,whisper,tiny,zero_shot,,42,clean,clean,KHÔNG NÊN CHỈ DỰA VÀO BÀI VIẾT CỦA BẠN ĐỂ THUYẾT MINH THÊM, Không nên chỉ dựa vào bay viết của bạn để tích mình thêm
VIVOSDEV18_006_snr0,vivos,whisper,tiny,zero_shot,,42,0,noise,KHÔNG NÊN CHỈ DỰA VÀO BÀI VIẾT CỦA BẠN ĐỂ THUYẾT MINH THÊM, Không nên chỉ dựa vào đây thì có bạn để tiếp mình đi.
VIVOSDEV18_006_snr10,vivos,whisper,tiny,zero_shot,,42,10,speech,KHÔNG NÊN CHỈ DỰA VÀO BÀI VIẾT CỦA BẠN ĐỂ THUYẾT MINH THÊM, Không mêng tỷ dựa bao mềm rực của bạn đến tế mình thêm.
VIVOSDEV18_006_snr20,vivos,whisper,tiny,zero_shot,,42,20,noise,KHÔNG NÊN CHỈ DỰA VÀO BÀI VIẾT CỦA BẠN ĐỂ THUYẾT MINH THÊM, Không nên chỉ dựa vào bay viết của bạn để kích mình thêm
VIVOSDEV18_006_snr5,vivos,whisper,tiny,zero_shot,,42,5,speech,KHÔNG NÊN CHỈ DỰA VÀO BÀI VIẾT CỦA BẠN ĐỂ THUYẾT MINH THÊM," Công bên dẫn, ra bài phim của bọn đẹp tích mình thấy."
VIVOSDEV18_012_clean,vivos,whisper,tiny,zero_shot,,42,clean,clean,VÀ GIÁO DỤC CON NGƯỜI TRỞ THÀNH VIỆC LUYỆN TRÍ NHỚ, và giá trục con người trở thành việc lượng chi nhớ
VIVOSDEV18_012_snr0,vivos,whisper,tiny,zero_shot,,42,0,noise,VÀ GIÁO DỤC CON NGƯỜI TRỞ THÀNH VIỆC LUYỆN TRÍ NHỚ, và giá trục con người trở thành việc lệ trình nhớ.
VIVOSDEV18_012_snr10,vivos,whisper,tiny,zero_shot,,42,10,noise,VÀ GIÁO DỤC CON NGƯỜI TRỞ THÀNH VIỆC LUYỆN TRÍ NHỚ, Bà giá trục con người dõi thần việc lệ truyền nhớ
VIVOSDEV18_012_snr20,vivos,whisper,tiny,zero_shot,,42,20,music,VÀ GIÁO DỤC CON NGƯỜI TRỞ THÀNH VIỆC LUYỆN TRÍ NHỚ, Bà giá trục con người trở thành việc lệ trinh nhớ
VIVOSDEV18_012_snr5,vivos,whisper,tiny,zero_shot,,42,5,noise,VÀ GIÁO DỤC CON NGƯỜI TRỞ THÀNH VIỆC LUYỆN TRÍ NHỚ, Thái đại đại dịch con nhớ trở thành việc lệ trình nhớ
VIVOSDEV18_017_clean,vivos,whisper,tiny,zero_shot,,42,clean,clean,TUY NHIÊN HỢP ĐỒNG NÀY CHỈ CÓ GIÁ TRỊ TRONG NHỮNG NGÀY BÌNH THƯỜNG, Nhưng nên hợp đồng này chỉ có ra trị trong những ngày bình thường.
VIVOSDEV18_017_snr0,vivos,whisper,tiny,zero_shot,,42,0,noise,TUY NHIÊN HỢP ĐỒNG NÀY CHỈ CÓ GIÁ TRỊ TRONG NHỮNG NGÀY BÌNH THƯỜNG, Mình sẽ mấy mấy mấy mấy mấy mấy mấy mấy mấy mấy mấy mấy mấy mấy mấy mấy mấy mấy mấy mấy mấy mấy mấy mấy mấy mấy mấy mấy mấy mấy mấy mấy mấy mấy mấy mấy mấy mấy mấy mấy mấy mấy mấy mấy mấy mấy mấy mấy mấy mấy mấy mấy mấy mấy mấy mấy mấy mấy mấy mấy mấy mấy m
VIVOSDEV18_017_snr10,vivos,whisper,tiny,zero_shot,,42,10,music,TUY NHIÊN HỢP ĐỒNG NÀY CHỈ CÓ GIÁ TRỊ TRONG NHỮNG NGÀY BÌNH THƯỜNG, Nhân hợp lông này chỉ có ra sĩ trong những ngày bình thường
VIVOSDEV18_017_snr20,vivos,whisper,tiny,zero_shot,,42,20,noise,TUY NHIÊN HỢP ĐỒNG NÀY CHỈ CÓ GIÁ TRỊ TRONG NHỮNG NGÀY BÌNH THƯỜNG, Nhưng nhên hợp đồng này chỉ có ra trị trong những ngày bình thường.
VIVOSDEV18_017_snr5,vivos,whisper,tiny,zero_shot,,42,5,noise,TUY NHIÊN HỢP ĐỒNG NÀY CHỈ CÓ GIÁ TRỊ TRONG NHỮNG NGÀY BÌNH THƯỜNG, Xin trên hợp lông này chỉ có ra trị trong những ngày bình thường.
VIVOSDEV18_060_clean,vivos,whisper,tiny,zero_shot,,42,clean,clean,CÀNG NGÀY MÌNH CÀNG NGHĨ NHIỀU VỀ CÔNG VIỆC GIẢNG DẠY, Căng ngay mình căng gị nhiều về công việc giảng dài.
VIVOSDEV18_060_snr0,vivos,whisper,tiny,zero_shot,,42,0,speech,CÀNG NGÀY MÌNH CÀNG NGHĨ NHIỀU VỀ CÔNG VIỆC GIẢNG DẠY, Tăng em khang kia.
VIVOSDEV18_060_snr10,vivos,whisper,tiny,zero_shot,,42,10,music,CÀNG NGÀY MÌNH CÀNG NGHĨ NHIỀU VỀ CÔNG VIỆC GIẢNG DẠY, Căng ngay mình căng gị nhiều về công việc giảng dài
VIVOSDEV18_060_snr20,vivos,whisper,tiny,zero_shot,,42,20,noise,CÀNG NGÀY MÌNH CÀNG NGHĨ NHIỀU VỀ CÔNG VIỆC GIẢNG DẠY, Căng ngay mình căng gị nhiều về công việc giảng rải.
VIVOSDEV18_060_snr5,vivos,whisper,tiny,zero_shot,,42,5,music,CÀNG NGÀY MÌNH CÀNG NGHĨ NHIỀU VỀ CÔNG VIỆC GIẢNG DẠY, Căng ngay mình căng nghĩ nhiều về công việc giảng dạy
VIVOSDEV18_064_clean,vivos,whisper,tiny,zero_shot,,42,clean,clean,TẤT NHIÊN HÓA ĐƠN TIỀN NƯỚC CŨNG KÈM LUÔN KHOẢN TIỀN, Tất nhiên hà đơn tiền nước cũng kẻm theo luôn khoảng tiền.
VIVOSDEV18_064_snr0,vivos,whisper,tiny,zero_shot,,42,0,noise,TẤT NHIÊN HÓA ĐƠN TIỀN NƯỚC CŨNG KÈM LUÔN KHOẢN TIỀN, Tất nhiên hạt đơn tình nguyên phụng canh theo luôn quan tìm
VIVOSDEV18_064_snr10,vivos,whisper,tiny,zero_shot,,42,10,music,TẤT NHIÊN HÓA ĐƠN TIỀN NƯỚC CŨNG KÈM LUÔN KHOẢN TIỀN, Tất nhiên hà đơn tiền nước cũng càng theo luôn khả tiền.
VIVOSDEV18_064_snr20,vivos,whisper,tiny,zero_shot,,42,20,music,TẤT NHIÊN HÓA ĐƠN TIỀN NƯỚC CŨNG KÈM LUÔN KHOẢN TIỀN," Tất nhiên, hà đơn tiền nước cũng càng theo luôn khant tiền."
VIVOSDEV18_064_snr5,vivos,whisper,tiny,zero_shot,,42,5,noise,TẤT NHIÊN HÓA ĐƠN TIỀN NƯỚC CŨNG KÈM LUÔN KHOẢN TIỀN, Tất nhiên hà đơn tiền nước tụng kém theo luôn phản tiền
VIVOSDEV18_065_clean,vivos,whisper,tiny,zero_shot,,42,clean,clean,CHÚC BẠN ĐỌC CÓ THẬT NHIỀU THỜI GIAN THƯ GIÃN THOẢI MÁI, Bạn đầu có thật nhiều thời gian thứ giản thổi má
VIVOSDEV18_065_snr0,vivos,whisper,tiny,zero_shot,,42,0,music,CHÚC BẠN ĐỌC CÓ THẬT NHIỀU THỜI GIAN THƯ GIÃN THOẢI MÁI, Thôi bà bà bà bà bà bà bà bà bà bà bà bà bà bà bà bà bà bà bà bà bà bà bà bà bà bà bà bà bà bà bà bà bà bà bà bà bà bà bà bà bà bà bà bà bà bà bà bà bà bà bà bà bà bà bà bà bà bà bà bà bà bà bà
VIVOSDEV18_065_snr10,vivos,whisper,tiny,zero_shot,,42,10,music,CHÚC BẠN ĐỌC CÓ THẬT NHIỀU THỜI GIAN THƯ GIÃN THOẢI MÁI, Bạn đầu có tập như thời gian thứ giảng thời mát
VIVOSDEV18_065_snr20,vivos,whisper,tiny,zero_shot,,42,20,noise,CHÚC BẠN ĐỌC CÓ THẬT NHIỀU THỜI GIAN THƯ GIÃN THOẢI MÁI, Mặt đọc có thật nhiều thời gian thứ giản thổi má
VIVOSDEV18_065_snr5,vivos,whisper,tiny,zero_shot,,42,5,music,CHÚC BẠN ĐỌC CÓ THẬT NHIỀU THỜI GIAN THƯ GIÃN THOẢI MÁI, Bạn đầu có tập nho thư giang thư giang thổi má
VIVOSDEV18_118_clean,vivos,whisper,tiny,zero_shot,,42,clean,clean,NGƯỜI ĂN XIN THƯA BÀ NGÀY THƯỜNG THÌ BÀ CHO GÌ CŨNG ĐƯỢC, người an sinh thơ bà ngày thường thì bà cho gì cũng được.
VIVOSDEV18_118_snr0,vivos,whisper,tiny,zero_shot,,42,0,noise,NGƯỜI ĂN XIN THƯA BÀ NGÀY THƯỜNG THÌ BÀ CHO GÌ CŨNG ĐƯỢC, người an sinh thơ bà ngày thường thì bà cho gì cũng được
VIVOSDEV18_118_snr10,vivos,whisper,tiny,zero_shot,,42,10,noise,NGƯỜI ĂN XIN THƯA BÀ NGÀY THƯỜNG THÌ BÀ CHO GÌ CŨNG ĐƯỢC, người an sinh thơ bà ngày thường thì bà cho gì cũng được
VIVOSDEV18_118_snr20,vivos,whisper,tiny,zero_shot,,42,20,noise,NGƯỜI ĂN XIN THƯA BÀ NGÀY THƯỜNG THÌ BÀ CHO GÌ CŨNG ĐƯỢC, người an sinh thơ bà ngày thương thì bà cho gì cũng được
VIVOSDEV18_118_snr5,vivos,whisper,tiny,zero_shot,,42,5,music,NGƯỜI ĂN XIN THƯA BÀ NGÀY THƯỜNG THÌ BÀ CHO GÌ CŨNG ĐƯỢC, Nhiều anh khiến chưa bà ngày thương thì bà cho gì tụi được
VIVOSDEV18_120_clean,vivos,whisper,tiny,zero_shot,,42,clean,clean,BẠN KHÔNG BAO GIỜ RA NGOÀI MÀ KHÔNG DÙNG KEM LÓT, Bạn không bao giờ ra ngoài mạc không dừng game là
VIVOSDEV18_120_snr0,vivos,whisper,tiny,zero_shot,,42,0,speech,BẠN KHÔNG BAO GIỜ RA NGOÀI MÀ KHÔNG DÙNG KEM LÓT, Bà không bà dưới răng ngoài mạc không dưới kìm lắm
VIVOSDEV18_120_snr10,vivos,whisper,tiny,zero_shot,,42,10,noise,BẠN KHÔNG BAO GIỜ RA NGOÀI MÀ KHÔNG DÙNG KEM LÓT, Bạn không bao giờ ra ngoài mạc không dùng game lắm
VIVOSDEV18_120_snr20,vivos,whisper,tiny,zero_shot,,42,20,noise,BẠN KHÔNG BAO GIỜ RA NGOÀI MÀ KHÔNG DÙNG KEM LÓT, Bạn không bao giờ ra ngoài mạc không dừng game là
VIVOSDEV18_120_snr5,vivos,whisper,tiny,zero_shot,,42,5,noise,BẠN KHÔNG BAO GIỜ RA NGOÀI MÀ KHÔNG DÙNG KEM LÓT, Bạn không bao giờ ra ngoài mạc không được game lock
VIVOSDEV18_155_clean,vivos,whisper,tiny,zero_shot,,42,clean,clean,NGƯỜI ĐÀN ÔNG TRÊN GIƯỜNG THÌNH LÌNH RÊN LÊN MỘT TIẾNG RỒI MỞ MẮT, Gười đang ông trên dung thình linh Rellen một tiếng rồi mà mắt.
VIVOSDEV18_155_snr0,vivos,whisper,tiny,zero_shot,,42,0,noise,NGƯỜI ĐÀN ÔNG TRÊN GIƯỜNG THÌNH LÌNH RÊN LÊN MỘT TIẾNG RỒI MỞ MẮT, Tuy ở đây ăn trên đường tình lần trên đường rồi mà mắt
VIVOSDEV18_155_snr10,vivos,whisper,tiny,zero_shot,,42,10,noise,NGƯỜI ĐÀN ÔNG TRÊN GIƯỜNG THÌNH LÌNH RÊN LÊN MỘT TIẾNG RỒI MỞ MẮT," Bữa đàn ông tin giống tin linh, vên lên một tiến rồi mở mắt."
VIVOSDEV18_155_snr20,vivos,whisper,tiny,zero_shot,,42,20,music,NGƯỜI ĐÀN ÔNG TRÊN GIƯỜNG THÌNH LÌNH RÊN LÊN MỘT TIẾNG RỒI MỞ MẮT," Nhiều đang ủng tiến dùng pin linh, ra lên một tiếng rồi mà ủng mắt."
VIVOSDEV18_155_snr5,vivos,whisper,tiny,zero_shot,,42,5,noise,NGƯỜI ĐÀN ÔNG TRÊN GIƯỜNG THÌNH LÌNH RÊN LÊN MỘT TIẾNG RỒI MỞ MẮT," Ghiều đàn ông trên dụng trình linh, ra là một tình rối mất mắt."
VIVOSDEV18_191_clean,vivos,whisper,tiny,zero_shot,,42,clean,clean,VỊ BÁC SĨ HIỀN LÀNH ẤY CÓ NHỮNG LÝ THUYẾT TRỒNG CÂY THẬT THÚ VỊ, vì bắt sĩ hình là nơi có những lý thết trong cây thật thủ vị.
VIVOSDEV18_191_snr0,vivos,whisper,tiny,zero_shot,,42,0,noise,VỊ BÁC SĨ HIỀN LÀNH ẤY CÓ NHỮNG LÝ THUYẾT TRỒNG CÂY THẬT THÚ VỊ," Bất dị hẹn gặp lại ở phần, đi tiếp trồng gái thật thủ vị."
VIVOSDEV18_191_snr10,vivos,whisper,tiny,zero_shot,,42,10,music,VỊ BÁC SĨ HIỀN LÀNH ẤY CÓ NHỮNG LÝ THUYẾT TRỒNG CÂY THẬT THÚ VỊ, Vì bắt phị hình là anh ấy có những lý thép trong cây thật của viện.
VIVOSDEV18_191_snr20,vivos,whisper,tiny,zero_shot,,42,20,noise,VỊ BÁC SĨ HIỀN LÀNH ẤY CÓ NHỮNG LÝ THUYẾT TRỒNG CÂY THẬT THÚ VỊ, vì bắt sĩ hình là anh ấy có những lý thiết trong cây thật thủ vị.
VIVOSDEV18_191_snr5,vivos,whisper,tiny,zero_shot,,42,5,noise,VỊ BÁC SĨ HIỀN LÀNH ẤY CÓ NHỮNG LÝ THUYẾT TRỒNG CÂY THẬT THÚ VỊ, Bắt sự dùng làm ở phó nhấn như thiết trong kai thật thu vị.
VIVOSDEV18_194_clean,vivos,whisper,tiny,zero_shot,,42,clean,clean,XIN VỚI MẸ CHO ĐI CAI TẬP TRUNG SAU MỘT NĂM BẠN TRỞ VỀ NHÀ, Xin với mẹ cho đi cai tập trung xong một năm bản trở về nhà
VIVOSDEV18_194_snr0,vivos,whisper,tiny,zero_shot,,42,0,speech,XIN VỚI MẸ CHO ĐI CAI TẬP TRUNG SAU MỘT NĂM BẠN TRỞ VỀ NHÀ, Mẹ chào đi các tất cả mọi người.
VIVOSDEV18_194_snr10,vivos,whisper,tiny,zero_shot,,42,10,noise,XIN VỚI MẸ CHO ĐI CAI TẬP TRUNG SAU MỘT NĂM BẠN TRỞ VỀ NHÀ, Xin với mẹ cho đi cai tục trung xong bột năm bản trở về nhà.
VIVOSDEV18_194_snr20,vivos,whisper,tiny,zero_shot,,42,20,speech,XIN VỚI MẸ CHO ĐI CAI TẬP TRUNG SAU MỘT NĂM BẠN TRỞ VỀ NHÀ, Xin với mẹ cho đi cao tập trung xong một năm bản trở về nhà
VIVOSDEV18_194_snr5,vivos,whisper,tiny,zero_shot,,42,5,music,XIN VỚI MẸ CHO ĐI CAI TẬP TRUNG SAU MỘT NĂM BẠN TRỞ VỀ NHÀ, Xin với mẹ cho đi cái tập trung xa 1 năm bạc trường về nhàng
VIVOSDEV18_199_clean,vivos,whisper,tiny,zero_shot,,42,clean,clean,HIỂN NHIÊN KHÔNG AI MUỐN XUẤT HIỆN BÊN CẠNH MỘT NGƯỜI NHƯ VẬY, Nhìn không ai muốn xuất hiện bên cạnh một người như vậy
VIVOSDEV18_199_snr0,vivos,whisper,tiny,zero_shot,,42,0,music,HIỂN NHIÊN KHÔNG AI MUỐN XUẤT HIỆN BÊN CẠNH MỘT NGƯỜI NHƯ VẬY," Đi lâu ái, mình sẽ để tạo một quên lúc bà"
VIVOSDEV18_199_snr10,vivos,whisper,tiny,zero_shot,,42,10,speech,HIỂN NHIÊN KHÔNG AI MUỐN XUẤT HIỆN BÊN CẠNH MỘT NGƯỜI NHƯ VẬY, Nhìn công ai một xuất hiện bên cạnh mục người như vậy
VIVOSDEV18_199_snr20,vivos,whisper,tiny,zero_shot,,42,20,music,HIỂN NHIÊN KHÔNG AI MUỐN XUẤT HIỆN BÊN CẠNH MỘT NGƯỜI NHƯ VẬY, Nhìn không ai muốn xuất hiện bên cạnh một người như vậy.
VIVOSDEV18_199_snr5,vivos,whisper,tiny,zero_shot,,42,5,noise,HIỂN NHIÊN KHÔNG AI MUỐN XUẤT HIỆN BÊN CẠNH MỘT NGƯỜI NHƯ VẬY, Nhưng con trang mừng xích hiện đen cả một người như vậy
VIVOSDEV18_214_clean,vivos,whisper,tiny,zero_shot,,42,clean,clean,KIỂU HÀI DUNG TỤC VẪN CỨ LỀNH KHÊNH Ở MỘT SỐ TỤ ĐIỂM, Kể hãy dung tục vàng cứ lên khăn ở một số tụi điểm.
VIVOSDEV18_214_snr0,vivos,whisper,tiny,zero_shot,,42,0,music,KIỂU HÀI DUNG TỤC VẪN CỨ LỀNH KHÊNH Ở MỘT SỐ TỤ ĐIỂM, Tại sao?
VIVOSDEV18_214_snr10,vivos,whisper,tiny,zero_shot,,42,10,noise,KIỂU HÀI DUNG TỤC VẪN CỨ LỀNH KHÊNH Ở MỘT SỐ TỤ ĐIỂM, Kể hãy dừng tục bản cứ lên khăn ở một chó tuyến.
VIVOSDEV18_214_snr20,vivos,whisper,tiny,zero_shot,,42,20,speech,KIỂU HÀI DUNG TỤC VẪN CỨ LỀNH KHÊNH Ở MỘT SỐ TỤ ĐIỂM, kéo hai dung tục bản cứ lên phần ở một chó tu đếm.
VIVOSDEV18_214_snr5,vivos,whisper,tiny,zero_shot,,42,5,speech,KIỂU HÀI DUNG TỤC VẪN CỨ LỀNH KHÊNH Ở MỘT SỐ TỤ ĐIỂM, và hãy dừng tục bận cứ lên và hãy một số tổn điểm.
VIVOSDEV18_250_clean,vivos,whisper,tiny,zero_shot,,42,clean,clean,LẦN ĐẦU TIÊN MỘT NHÂN VIÊN NGƯỜI VIỆT THÁCH THỨC VIỆC TÁC NGHIỆP CỦA TÔI, lần đầu tiên một nền bên người Việt thấp thức việc tắc nghiệp của tôi
VIVOSDEV18_250_snr0,vivos,whisper,tiny,zero_shot,,42,0,music,LẦN ĐẦU TIÊN MỘT NHÂN VIÊN NGƯỜI VIỆT THÁCH THỨC VIỆC TÁC NGHIỆP CỦA TÔI, Nen nhau tên một nền bên người về khắp tục để tắt nhập của tôi
VIVOSDEV18_250_snr10,vivos,whisper,tiny,zero_shot,,42,10,music,LẦN ĐẦU TIÊN MỘT NHÂN VIÊN NGƯỜI VIỆT THÁCH THỨC VIỆC TÁC NGHIỆP CỦA TÔI, Nên đầu tiên một nền bên người Việt thấp tức về tắt nghiệp của tôi
VIVOSDEV18_250_snr20,vivos,whisper,tiny,zero_shot,,42,20,music,LẦN ĐẦU TIÊN MỘT NHÂN VIÊN NGƯỜI VIỆT THÁCH THỨC VIỆC TÁC NGHIỆP CỦA TÔI, lần đầu tiên một nhân viên người Việt thấp thức việc tắc nghiệp của tôi
VIVOSDEV18_250_snr5,vivos,whisper,tiny,zero_shot,,42,5,noise,LẦN ĐẦU TIÊN MỘT NHÂN VIÊN NGƯỜI VIỆT THÁCH THỨC VIỆC TÁC NGHIỆP CỦA TÔI, Nên đầu tiên một nền bên người viên có trực dịch tắc nhập của tôi.
VIVOSDEV18_252_clean,vivos,whisper,tiny,zero_shot,,42,clean,clean,LÚC ĐÓ CHỊ TƯỞNG LÀM NHƯ VẬY CŨNG LÀM MÁ VUI, Tục đó chỉ tự ấn làm như vậy cũng làm má buối
VIVOSDEV18_252_snr0,vivos,whisper,tiny,zero_shot,,42,0,noise,LÚC ĐÓ CHỊ TƯỞNG LÀM NHƯ VẬY CŨNG LÀM MÁ VUI, Tức đó chỉ tự làm như vậy cũng làm m buổi
VIVOSDEV18_252_snr10,vivos,whisper,tiny,zero_shot,,42,10,music,LÚC ĐÓ CHỊ TƯỞNG LÀM NHƯ VẬY CŨNG LÀM MÁ VUI, Tục đó chỉ tưởng làm như vậy cũng làm má buôi
VIVOSDEV18_252_snr20,vivos,whisper,tiny,zero_shot,,42,20,noise,LÚC ĐÓ CHỊ TƯỞNG LÀM NHƯ VẬY CŨNG LÀM MÁ VUI, Đúc đó chỉ tưởng là như vậy cũng là má buổi
VIVOSDEV18_252_snr5,vivos,whisper,tiny,zero_shot,,42,5,noise,LÚC ĐÓ CHỊ TƯỞNG LÀM NHƯ VẬY CŨNG LÀM MÁ VUI, Tức đó chỉ tưởng làm như vậy cũng làm má buối
VIVOSDEV18_263_clean,vivos,whisper,tiny,zero_shot,,42,clean,clean,QUẢN LÝ NHÀ NƯỚC VỀ GIAO THÔNG VẬN TẢI ĐÔ THỊ, Còn lĩnh nhận nước về ra thông bận tải đô thị
VIVOSDEV18_263_snr0,vivos,whisper,tiny,zero_shot,,42,0,music,QUẢN LÝ NHÀ NƯỚC VỀ GIAO THÔNG VẬN TẢI ĐÔ THỊ, Còn em nhận nước phê ra tu vận tay lối
VIVOSDEV18_263_snr10,vivos,whisper,tiny,zero_shot,,42,10,noise,QUẢN LÝ NHÀ NƯỚC VỀ GIAO THÔNG VẬN TẢI ĐÔ THỊ, Còn lý nhắn nước phía ra ho thông bận tải đô thị
VIVOSDEV18_263_snr20,vivos,whisper,tiny,zero_shot,,42,20,speech,QUẢN LÝ NHÀ NƯỚC VỀ GIAO THÔNG VẬN TẢI ĐÔ THỊ, Còn lý nhả nước về ra thông vận tải đưa thị
VIVOSDEV18_263_snr5,vivos,whisper,tiny,zero_shot,,42,5,music,QUẢN LÝ NHÀ NƯỚC VỀ GIAO THÔNG VẬN TẢI ĐÔ THỊ, Còn lĩnh nhắn nước phía ra thông bận tải đô thị
VIVOSDEV18_273_clean,vivos,whisper,tiny,zero_shot,,42,clean,clean,TRƯỚC HẾT BẠN CẦN TÌM HIỂU THÔNG TIN QUY HOẠCH KHU ĐẤT, Chứ hết bạn can tìm hiệu thông tin quy hạt khu đất
VIVOSDEV18_273_snr0,vivos,whisper,tiny,zero_shot,,42,0,music,TRƯỚC HẾT BẠN CẦN TÌM HIỂU THÔNG TIN QUY HOẠCH KHU ĐẤT, Chứ không tắc tình như trong tình quý hạt khu đất
VIVOSDEV18_273_snr10,vivos,whisper,tiny,zero_shot,,42,10,noise,TRƯỚC HẾT BẠN CẦN TÌM HIỂU THÔNG TIN QUY HOẠCH KHU ĐẤT, Khi hết bản can tin hiệu thông tin cuy hặt khô đất
VIVOSDEV18_273_snr20,vivos,whisper,tiny,zero_shot,,42,20,music,TRƯỚC HẾT BẠN CẦN TÌM HIỂU THÔNG TIN QUY HOẠCH KHU ĐẤT, Chứ hết bạn can tìm hiệu thông tin quy hật khu đất.
VIVOSDEV18_273_snr5,vivos,whisper,tiny,zero_shot,,42,5,noise,TRƯỚC HẾT BẠN CẦN TÌM HIỂU THÔNG TIN QUY HOẠCH KHU ĐẤT, Chúc hết bạng cân tìm hiệu thông tín khuï hát khu đất
VIVOSDEV18_279_clean,vivos,whisper,tiny,zero_shot,,42,clean,clean,NHỮNG SẢN PHẨM GIÚP NỞ NGỰC VÀ TAN MỠ CẤP TỐC ẢNH YẾN TRINH, Những sản phẩm giúp nỗng ngược phá ta nở cấp tốc Anh Hèn đến Inchin.
VIVOSDEV18_279_snr0,vivos,whisper,tiny,zero_shot,,42,0,noise,NHỮNG SẢN PHẨM GIÚP NỞ NGỰC VÀ TAN MỠ CẤP TỐC ẢNH YẾN TRINH," Đã cóng giúp nóng ngược phát ta mà hấp lập, xin kia chứ"
VIVOSDEV18_279_snr10,vivos,whisper,tiny,zero_shot,,42,10,noise,NHỮNG SẢN PHẨM GIÚP NỞ NGỰC VÀ TAN MỠ CẤP TỐC ẢNH YẾN TRINH, Những sản phẩm giúp nỗng ngược phá ta mở cấp tập anh hình đến yên trên.
VIVOSDEV18_279_snr20,vivos,whisper,tiny,zero_shot,,42,20,noise,NHỮNG SẢN PHẨM GIÚP NỞ NGỰC VÀ TAN MỠ CẤP TỐC ẢNH YẾN TRINH, Những sản phẩm giúp nỗng ngược part tan mở cấp tập anh hẹn đến yên trên.
VIVOSDEV18_279_snr5,vivos,whisper,tiny,zero_shot,,42,5,noise,NHỮNG SẢN PHẨM GIÚP NỞ NGỰC VÀ TAN MỠ CẤP TỐC ẢNH YẾN TRINH, Nên xanh phẩm giúp nỗi nước phát tan mơ cấp tập anh hình đến tiến trình
VIVOSDEV18_280_clean,vivos,whisper,tiny,zero_shot,,42,clean,clean,PHÓNG SỰ ẢNH NHỮNG MÀN BIỂU DIỄN NGOẠN MỤC TRÊN BẦU TRỜI, Phóng sự an những man bởi giễn ngọt 1 trên bầu trời
VIVOSDEV18_280_snr0,vivos,whisper,tiny,zero_shot,,42,0,noise,PHÓNG SỰ ẢNH NHỮNG MÀN BIỂU DIỄN NGOẠN MỤC TRÊN BẦU TRỜI," Thôi thì, anh mạng được giống mạng được chân bầu cơ"
VIVOSDEV18_280_snr10,vivos,whisper,tiny,zero_shot,,42,10,noise,PHÓNG SỰ ẢNH NHỮNG MÀN BIỂU DIỄN NGOẠN MỤC TRÊN BẦU TRỜI, không sự ăn những mang đều diễn ngọt một trên bầu trường
VIVOSDEV18_280_snr20,vivos,whisper,tiny,zero_shot,,42,20,music,PHÓNG SỰ ẢNH NHỮNG MÀN BIỂU DIỄN NGOẠN MỤC TRÊN BẦU TRỜI, Phóng sự an những man bởi giễn ngọt bục trên bầu trời
VIVOSDEV18_280_snr5,vivos,whisper,tiny,zero_shot,,42,5,noise,PHÓNG SỰ ẢNH NHỮNG MÀN BIỂU DIỄN NGOẠN MỤC TRÊN BẦU TRỜI, không sự ăn những mang đều diễn ngoại mục trên bầu trường
VIVOSDEV18_293_clean,vivos,whisper,tiny,zero_shot,,42,clean,clean,KIỂM TRA TRUNG TÂM NÀY CÔNG AN ĐÃ BẮT GIỮ TỚI, Chào chung tâm này công an đạp bắt dữ tới
VIVOSDEV18_293_snr0,vivos,whisper,tiny,zero_shot,,42,0,speech,KIỂM TRA TRUNG TÂM NÀY CÔNG AN ĐÃ BẮT GIỮ TỚI, Chào tổng tân ngoài ngốc gà lạc bắt hi cây lúc
VIVOSDEV18_293_snr10,vivos,whisper,tiny,zero_shot,,42,10,speech,KIỂM TRA TRUNG TÂM NÀY CÔNG AN ĐÃ BẮT GIỮ TỚI, Chào chung tâm này công an đạp bắt giữ tâm
VIVOSDEV18_293_snr20,vivos,whisper,tiny,zero_shot,,42,20,speech,KIỂM TRA TRUNG TÂM NÀY CÔNG AN ĐÃ BẮT GIỮ TỚI, Chào chung tâm này công an đạp bắt giữ tối
VIVOSDEV18_293_snr5,vivos,whisper,tiny,zero_shot,,42,5,music,KIỂM TRA TRUNG TÂM NÀY CÔNG AN ĐÃ BẮT GIỮ TỚI, Chào tinh tâm này công an đã bắt giữ tối
VIVOSDEV19_008_clean,vivos,whisper,tiny,zero_shot,,42,clean,clean,TỪ ĐÓ LẠI SA ĐÀ VÀO NHIỀU NGHỊCH CẢNH ĐÁNG TIẾC," Từ ra, lại xa đẹp vào nhiều. Nếu cạnh đánh tích."
VIVOSDEV19_008_snr0,vivos,whisper,tiny,zero_shot,,42,0,noise,TỪ ĐÓ LẠI SA ĐÀ VÀO NHIỀU NGHỊCH CẢNH ĐÁNG TIẾC, Tôi đã lại xa đẹp vào nhiều.
VIVOSDEV19_008_snr10,vivos,whisper,tiny,zero_shot,,42,10,noise,TỪ ĐÓ LẠI SA ĐÀ VÀO NHIỀU NGHỊCH CẢNH ĐÁNG TIẾC," Tôi đã lại say đã bao nhiêu. Anh được cạnh, anh biết."
VIVOSDEV19_008_snr20,vivos,whisper,tiny,zero_shot,,42,20,speech,TỪ ĐÓ LẠI SA ĐÀ VÀO NHIỀU NGHỊCH CẢNH ĐÁNG TIẾC," Từ ra, lại xa đẹp vào như, Ấn nực cảnh đánh tích."
VIVOSDEV19_008_snr5,vivos,whisper,tiny,zero_shot,,42,5,noise,TỪ ĐÓ LẠI SA ĐÀ VÀO NHIỀU NGHỊCH CẢNH ĐÁNG TIẾC," Tụi ra, lại say đẹp vào nhiều, em được cạnh thành phép."
VIVOSDEV19_020_clean,vivos,whisper,tiny,zero_shot,,42,clean,clean,LÊN CÁC CUỘC HẸN PHỎNG VẤN VÀ THỰC HIỆN PHỎNG VẤN, Lần các cuộc hẹn phòng bán và thực hiện phòng bán
VIVOSDEV19_020_snr0,vivos,whisper,tiny,zero_shot,,42,0,noise,LÊN CÁC CUỘC HẸN PHỎNG VẤN VÀ THỰC HIỆN PHỎNG VẤN, Lần các cuộc hình thống băng và hẹn thống băng
VIVOSDEV19_020_snr10,vivos,whisper,tiny,zero_shot,,42,10,noise,LÊN CÁC CUỘC HẸN PHỎNG VẤN VÀ THỰC HIỆN PHỎNG VẤN, Lần các cuộc hẹn phòng bán và thực hiện phòng bán
VIVOSDEV19_020_snr20,vivos,whisper,tiny,zero_shot,,42,20,speech,LÊN CÁC CUỘC HẸN PHỎNG VẤN VÀ THỰC HIỆN PHỎNG VẤN," Lần các cuộc hẹn phòng bán, bà thật hẹn phòng bán"
VIVOSDEV19_020_snr5,vivos,whisper,tiny,zero_shot,,42,5,speech,LÊN CÁC CUỘC HẸN PHỎNG VẤN VÀ THỰC HIỆN PHỎNG VẤN, Nên các cuộc hiện phòng bán và thật hiện phòng phòng phòng người Mỹ.
VIVOSDEV19_022_clean,vivos,whisper,tiny,zero_shot,,42,clean,clean,XÉT Ở KHÍA CẠNH NÀY THÌ ĐÚNG LÀ MẤT BÒ MỚI LO LÀM CHUỒNG, Sẽ kế kế cạnh này thầy chực lống lẽ mắt bà mới là làm trường
VIVOSDEV19_022_snr0,vivos,whisper,tiny,zero_shot,,42,0,music,XÉT Ở KHÍA CẠNH NÀY THÌ ĐÚNG LÀ MẤT BÒ MỚI LO LÀM CHUỒNG, Thế ở thiết cảnh này khi chúng lúc là mắt bà mới là làm chút
VIVOSDEV19_022_snr10,vivos,whisper,tiny,zero_shot,,42,10,speech,XÉT Ở KHÍA CẠNH NÀY THÌ ĐÚNG LÀ MẤT BÒ MỚI LO LÀM CHUỒNG, Sẽ ở khi có này thì chực đối là mắt bà mới là làm chua
VIVOSDEV19_022_snr20,vivos,whisper,tiny,zero_shot,,42,20,noise,XÉT Ở KHÍA CẠNH NÀY THÌ ĐÚNG LÀ MẤT BÒ MỚI LO LÀM CHUỒNG, Sẽ kế kế cạnh này thầy chực đúng là mắt bà mới là làm chung
VIVOSDEV19_022_snr5,vivos,whisper,tiny,zero_shot,,42,5,noise,XÉT Ở KHÍA CẠNH NÀY THÌ ĐÚNG LÀ MẤT BÒ MỚI LO LÀM CHUỒNG," Dẹp ở kia tạng này, kìa tụng nè mắt bà mới ngò làm trường"
VIVOSDEV19_024_clean,vivos,whisper,tiny,zero_shot,,42,clean,clean,TUY NHIÊN TÔI NGHĨ CẬU TA XỨNG ĐÁNG VỚI CHỨC VÔ ĐỊCH," Tuy nhiên, tôi nghĩ cầu tài xứng đáng với chức vô đật."
VIVOSDEV19_024_snr0,vivos,whisper,tiny,zero_shot,,42,0,noise,TUY NHIÊN TÔI NGHĨ CẬU TA XỨNG ĐÁNG VỚI CHỨC VÔ ĐỊCH," Tuy nhiên, tôi nghĩ gặp tên xin đáng với吉ball đật"
VIVOSDEV19_024_snr10,vivos,whisper,tiny,zero_shot,,42,10,noise,TUY NHIÊN TÔI NGHĨ CẬU TA XỨNG ĐÁNG VỚI CHỨC VÔ ĐỊCH," Tuy nhiên, tôi nghĩ cầu tài xứng đáng với chức vô đật"
VIVOSDEV19_024_snr20,vivos,whisper,tiny,zero_shot,,42,20,noise,TUY NHIÊN TÔI NGHĨ CẬU TA XỨNG ĐÁNG VỚI CHỨC VÔ ĐỊCH," Tuy nhiên, tôi nghĩ cầu ta xứng đáng với trước 4 đật"
VIVOSDEV19_024_snr5,vivos,whisper,tiny,zero_shot,,42,5,speech,TUY NHIÊN TÔI NGHĨ CẬU TA XỨNG ĐÁNG VỚI CHỨC VÔ ĐỊCH, Tuy nhiên tôi nghĩ cầu ta xung đáng với chức phố định
VIVOSDEV19_027_clean,vivos,whisper,tiny,zero_shot,,42,clean,clean,NHỮNG BIẾN DẠNG NÀY THƯỜNG THẤY RÕ KHI DƯƠNG VẬT CƯƠNG, Những biết giản này thường thấy ra khơi dung và cương
VIVOSDEV19_027_snr0,vivos,whisper,tiny,zero_shot,,42,0,music,NHỮNG BIẾN DẠNG NÀY THƯỜNG THẤY RÕ KHI DƯƠNG VẬT CƯƠNG, Những bí nhạc này thường thấy ra khơi dung và cương
VIVOSDEV19_027_snr10,vivos,whisper,tiny,zero_shot,,42,10,noise,NHỮNG BIẾN DẠNG NÀY THƯỜNG THẤY RÕ KHI DƯƠNG VẬT CƯƠNG, Những biết nhận này thường thấy ra khơi dung và cương.
VIVOSDEV19_027_snr20,vivos,whisper,tiny,zero_shot,,42,20,noise,NHỮNG BIẾN DẠNG NÀY THƯỜNG THẤY RÕ KHI DƯƠNG VẬT CƯƠNG, Nhống biết nhận này thường thấy ra thư dung vật gương
VIVOSDEV19_027_snr5,vivos,whisper,tiny,zero_shot,,42,5,music,NHỮNG BIẾN DẠNG NÀY THƯỜNG THẤY RÕ KHI DƯƠNG VẬT CƯƠNG," Nhưng biết nhận này thường, thấy rõ, khi dung vật gương."
VIVOSDEV19_029_clean,vivos,whisper,tiny,zero_shot,,42,clean,clean,GIỎI GÌ BÁC MÌNH ĐẺ RA KHÔNG NUÔI THÌ AI NUÔI, giỏi thị bác mình để ra không nguy thị ai nối
VIVOSDEV19_029_snr0,vivos,whisper,tiny,zero_shot,,42,0,noise,GIỎI GÌ BÁC MÌNH ĐẺ RA KHÔNG NUÔI THÌ AI NUÔI, Dổi thì bác mình để ra không lua thì anh lối
VIVOSDEV19_029_snr10,vivos,whisper,tiny,zero_shot,,42,10,music,GIỎI GÌ BÁC MÌNH ĐẺ RA KHÔNG NUÔI THÌ AI NUÔI, Dổi thì bác mình để ra không nuôi thì ai nối
VIVOSDEV19_029_snr20,vivos,whisper,tiny,zero_shot,,42,20,speech,GIỎI GÌ BÁC MÌNH ĐẺ RA KHÔNG NUÔI THÌ AI NUÔI, Dỏi thì bác mình để ra không nguy thị ai nối
VIVOSDEV19_029_snr5,vivos,whisper,tiny,zero_shot,,42,5,noise,GIỎI GÌ BÁC MÌNH ĐẺ RA KHÔNG NUÔI THÌ AI NUÔI, giỏi thị bác mình để ra không nguy thị ai nối
VIVOSDEV19_045_clean,vivos,whisper,tiny,zero_shot,,42,clean,clean,ÔNG NÓI CHÚNG TÔI HI VỌNG SẼ CÓ NHỮNG TIN TỨC TỐT LÀNH, Ông nói chúng tôi hư vọng sẽ cã nhấn tinh tất top lần.
VIVOSDEV19_045_snr0,vivos,whisper,tiny,zero_shot,,42,0,noise,ÔNG NÓI CHÚNG TÔI HI VỌNG SẼ CÓ NHỮNG TIN TỨC TỐT LÀNH, Anh nói chúng tôi hãy vào 4 cái nhìn trên tất tất lần.
VIVOSDEV19_045_snr10,vivos,whisper,tiny,zero_shot,,42,10,noise,ÔNG NÓI CHÚNG TÔI HI VỌNG SẼ CÓ NHỮNG TIN TỨC TỐT LÀNH, Ông nói chúng tôi hơi vòng sẽ cã nhấn tình tất tóc lần.
VIVOSDEV19_045_snr20,vivos,whisper,tiny,zero_shot,,42,20,speech,ÔNG NÓI CHÚNG TÔI HI VỌNG SẼ CÓ NHỮNG TIN TỨC TỐT LÀNH, Ông nói chúng tôi hề vọng sẽ cán nhấn tình tất toplan.
VIVOSDEV19_045_snr5,vivos,whisper,tiny,zero_shot,,42,5,music,ÔNG NÓI CHÚNG TÔI HI VỌNG SẼ CÓ NHỮNG TIN TỨC TỐT LÀNH, Uống nói chúng tôi như bảo vệ cánh nhìn thì chúng tôi tốt lạnh.
VIVOSDEV19_061_clean,vivos,whisper,tiny,zero_shot,,42,clean,clean,ĐỂ NHỮNG KHÓ KHĂN VÀ MÂU THUẪN DẦN DẦN SẼ BỊ ĐẨY LUI, Để những khó khăn và mấu thủng dành dòng sẽ bị đại luôn
VIVOSDEV19_061_snr0,vivos,whisper,tiny,zero_shot,,42,0,music,ĐỂ NHỮNG KHÓ KHĂN VÀ MÂU THUẪN DẦN DẦN SẼ BỊ ĐẨY LUI, để nhìn khá khách và bao thủng dân dân xí bị đáy luôn
VIVOSDEV19_061_snr10,vivos,whisper,tiny,zero_shot,,42,10,noise,ĐỂ NHỮNG KHÓ KHĂN VÀ MÂU THUẪN DẦN DẦN SẼ BỊ ĐẨY LUI, Để những khá khách và mỏ thống dần dần sẽ bị đại luôn
VIVOSDEV19_061_snr20,vivos,whisper,tiny,zero_shot,,42,20,music,ĐỂ NHỮNG KHÓ KHĂN VÀ MÂU THUẪN DẦN DẦN SẼ BỊ ĐẨY LUI, Để những khó khăn và mấu thủng dành dòng sẽ bị đại luôn
VIVOSDEV19_061_snr5,vivos,whisper,tiny,zero_shot,,42,5,music,ĐỂ NHỮNG KHÓ KHĂN VÀ MÂU THUẪN DẦN DẦN SẼ BỊ ĐẨY LUI, Để nhừng khá thành và mẫu thủng dân dân sẽ bấy đại luôn
VIVOSDEV19_064_clean,vivos,whisper,tiny,zero_shot,,42,clean,clean,CHÓNG MẶT CÒN CÓ THỂ DO TÌNH TRẠNG RỐI LOẠN NHỊP TIM NẶNG GÂY RA," Chúng mạc, còn có thể ra, tình trạng rất lần nhịp điểm mạnh, gây ra"
VIVOSDEV19_064_snr0,vivos,whisper,tiny,zero_shot,,42,0,noise,CHÓNG MẶT CÒN CÓ THỂ DO TÌNH TRẠNG RỐI LOẠN NHỊP TIM NẶNG GÂY RA," Chúng mạnh còn có thể ra, gơ tình trẻ, đớ lần yeth tiêm, mạnh, dây ra"
VIVOSDEV19_064_snr10,vivos,whisper,tiny,zero_shot,,42,10,speech,CHÓNG MẶT CÒN CÓ THỂ DO TÌNH TRẠNG RỐI LOẠN NHỊP TIM NẶNG GÂY RA, Chúng ta có thể cho lần nhập điểm.
VIVOSDEV19_064_snr20,vivos,whisper,tiny,zero_shot,,42,20,noise,CHÓNG MẶT CÒN CÓ THỂ DO TÌNH TRẠNG RỐI LOẠN NHỊP TIM NẶNG GÂY RA," Chúng mạch còn có thể ra, tình trải rất lần nghiệp tiêm mạng, gây đe."
VIVOSDEV19_064_snr5,vivos,whisper,tiny,zero_shot,,42,5,speech,CHÓNG MẶT CÒN CÓ THỂ DO TÌNH TRẠNG RỐI LOẠN NHỊP TIM NẶNG GÂY RA," Chúng mạnh còn có thể, rất là nhiều tìm, một mạnh, cái rế."
VIVOSDEV19_072_clean,vivos,whisper,tiny,zero_shot,,42,clean,clean,CHƯƠNG TRÌNH HỌC BỔNG THANH NIÊN CHÂU Á CỦA NHẬT BẢN, Trương trình học bỏng thân nên châu á của nhọc bán
VIVOSDEV19_072_snr0,vivos,whisper,tiny,zero_shot,,42,0,noise,CHƯƠNG TRÌNH HỌC BỔNG THANH NIÊN CHÂU Á CỦA NHẬT BẢN, Trương trình học bỏng thành niên châu á của nhật bà hán
VIVOSDEV19_072_snr10,vivos,whisper,tiny,zero_shot,,42,10,noise,CHƯƠNG TRÌNH HỌC BỔNG THANH NIÊN CHÂU Á CỦA NHẬT BẢN, Chương trình hậu bỏng thân lên châu ái của nhận bà hả?
VIVOSDEV19_072_snr20,vivos,whisper,tiny,zero_shot,,42,20,noise,CHƯƠNG TRÌNH HỌC BỔNG THANH NIÊN CHÂU Á CỦA NHẬT BẢN, Chương trình học bỏng thân điên cho á của nhọc bán
VIVOSDEV19_072_snr5,vivos,whisper,tiny,zero_shot,,42,5,noise,CHƯƠNG TRÌNH HỌC BỔNG THANH NIÊN CHÂU Á CỦA NHẬT BẢN, Chương trình học bỏng thân đi nhau à của nhọc bản
VIVOSDEV19_083_clean,vivos,whisper,tiny,zero_shot,,42,clean,clean,NHƯNG RỒI CÁI TÌNH VỚI BÀ CON CỨ NẮM NÍU KHÔNG DỨT RA ĐƯỢC," Nhưng rồi, cái tình, với bà con, cứ năm nếu không giúp ra được."
VIVOSDEV19_083_snr0,vivos,whisper,tiny,zero_shot,,42,0,noise,NHƯNG RỒI CÁI TÌNH VỚI BÀ CON CỨ NẮM NÍU KHÔNG DỨT RA ĐƯỢC," Nhưng rồi, cái tình, bối bà có gửi nằm điều không dịch vệ độc."
VIVOSDEV19_083_snr10,vivos,whisper,tiny,zero_shot,,42,10,music,NHƯNG RỒI CÁI TÌNH VỚI BÀ CON CỨ NẮM NÍU KHÔNG DỨT RA ĐƯỢC," Nhưng rồi, gái tình, với bà con, gương nặp nếu không dục vẻ được."
VIVOSDEV19_083_snr20,vivos,whisper,tiny,zero_shot,,42,20,noise,NHƯNG RỒI CÁI TÌNH VỚI BÀ CON CỨ NẮM NÍU KHÔNG DỨT RA ĐƯỢC," Nhưng rồi, cái tình, với bà con, cứ nằm nếu không giúp ra đổ."
VIVOSDEV19_083_snr5,vivos,whisper,tiny,zero_shot,,42,5,music,NHƯNG RỒI CÁI TÌNH VỚI BÀ CON CỨ NẮM NÍU KHÔNG DỨT RA ĐƯỢC," Nhưng rồi, cái pình, tôi bẻ con, tôi nắm liên không dục vẻ đục."
VIVOSDEV19_111_clean,vivos,whisper,tiny,zero_shot,,42,clean,clean,KHUYẾT ĐIỂM LỚN CỦA CHÚNG TA LÀ CHƯA CÓ DÂN CHỦ THẬT SỰ, Quý điểm lớn của chúng ta lại chưa cá dàng chủ thật sợ.
VIVOSDEV19_111_snr0,vivos,whisper,tiny,zero_shot,,42,0,music,KHUYẾT ĐIỂM LỚN CỦA CHÚNG TA LÀ CHƯA CÓ DÂN CHỦ THẬT SỰ, Hơi điểm lớn của chúng ta lại chưa có dàng trốn phó sợ
VIVOSDEV19_111_snr10,vivos,whisper,tiny,zero_shot,,42,10,speech,KHUYẾT ĐIỂM LỚN CỦA CHÚNG TA LÀ CHƯA CÓ DÂN CHỦ THẬT SỰ," Vì điểm lớn của chúng ta lại chưa cá dàng châu, không sao?"
VIVOSDEV19_111_snr20,vivos,whisper,tiny,zero_shot,,42,20,noise,KHUYẾT ĐIỂM LỚN CỦA CHÚNG TA LÀ CHƯA CÓ DÂN CHỦ THẬT SỰ, Quý đếm lớn của chúng ta lại chưa cá dàng chủ phật sợ.
VIVOSDEV19_111_snr5,vivos,whisper,tiny,zero_shot,,42,5,noise,KHUYẾT ĐIỂM LỚN CỦA CHÚNG TA LÀ CHƯA CÓ DÂN CHỦ THẬT SỰ," Huyết điểm lắm của chúng ta lại chưa có dàng chối, học sợi."
VIVOSDEV19_133_clean,vivos,whisper,tiny,zero_shot,,42,clean,clean,EM CÓ SUY NGHĨ THÊM VỀ VIỆC THAM DỰ HỘI CHỢ KHOA HỌC KHÔNG, Em có suy nghĩ thêm về việc tâm dự hỏi dựa ở qua học không?
VIVOSDEV19_133_snr0,vivos,whisper,tiny,zero_shot,,42,0,music,EM CÓ SUY NGHĨ THÊM VỀ VIỆC THAM DỰ HỘI CHỢ KHOA HỌC KHÔNG, Em cà sĩ như thế này thì sẽ dạc những mọi chiếc ở phần trọc trọng
VIVOSDEV19_133_snr10,vivos,whisper,tiny,zero_shot,,42,10,noise,EM CÓ SUY NGHĨ THÊM VỀ VIỆC THAM DỰ HỘI CHỢ KHOA HỌC KHÔNG, Em gà xuyên lý thêm về việc trám dữ hỏi dở ở qua học không?
VIVOSDEV19_133_snr20,vivos,whisper,tiny,zero_shot,,42,20,music,EM CÓ SUY NGHĨ THÊM VỀ VIỆC THAM DỰ HỘI CHỢ KHOA HỌC KHÔNG, Em có suy nghĩ thêm về việc tâm dự hỏi dựa ở qua học không?
VIVOSDEV19_133_snr5,vivos,whisper,tiny,zero_shot,,42,5,speech,EM CÓ SUY NGHĨ THÊM VỀ VIỆC THAM DỰ HỘI CHỢ KHOA HỌC KHÔNG," In gà xinh người ta đe vì ta dùi mấy chào qua, ta không?"
VIVOSDEV19_161_clean,vivos,whisper,tiny,zero_shot,,42,clean,clean,THÔNG THƯỜNG ÁN KỶ LUẬT NẾU CÓ THƯỜNG BAN HÀNH VÀO CUỐI TUẦN, Thống thường an cái lộn nếu cơ thường bàn hành vào của tổng.
VIVOSDEV19_161_snr0,vivos,whisper,tiny,zero_shot,,42,0,noise,THÔNG THƯỜNG ÁN KỶ LUẬT NẾU CÓ THƯỜNG BAN HÀNH VÀO CUỐI TUẦN, Thông thường an cái lộn nếu có thường banh hành vào cuối tôn
VIVOSDEV19_161_snr10,vivos,whisper,tiny,zero_shot,,42,10,noise,THÔNG THƯỜNG ÁN KỶ LUẬT NẾU CÓ THƯỜNG BAN HÀNH VÀO CUỐI TUẦN, Thông thường an kỳ lộn nếu có thường bàn hành vào của tông
VIVOSDEV19_161_snr20,vivos,whisper,tiny,zero_shot,,42,20,speech,THÔNG THƯỜNG ÁN KỶ LUẬT NẾU CÓ THƯỜNG BAN HÀNH VÀO CUỐI TUẦN, Thông thường an cái lộn nếu cơt thường ban hành vào của tổng.
VIVOSDEV19_161_snr5,vivos,whisper,tiny,zero_shot,,42,5,music,THÔNG THƯỜNG ÁN KỶ LUẬT NẾU CÓ THƯỜNG BAN HÀNH VÀO CUỐI TUẦN, Thông thường an cái lộn nếu cơt thường bàn hành vào cuối tông
VIVOSDEV19_163_clean,vivos,whisper,tiny,zero_shot,,42,clean,clean,ĐIỀU LẠ LÀ TÔI VẪN KHÔNG TỪ BỎ Ý ĐỊNH TRỞ THÀNH TU SĨ, Điều là là tới vấn không từ bãi ít dẫn trở thành tốt sĩ
VIVOSDEV19_163_snr0,vivos,whisper,tiny,zero_shot,,42,0,noise,ĐIỀU LẠ LÀ TÔI VẪN KHÔNG TỪ BỎ Ý ĐỊNH TRỞ THÀNH TU SĨ, Biał lẽ lại tới bằng không từ bã ấy and trở thành tôi sĩ
VIVOSDEV19_163_snr10,vivos,whisper,tiny,zero_shot,,42,10,music,ĐIỀU LẠ LÀ TÔI VẪN KHÔNG TỪ BỎ Ý ĐỊNH TRỞ THÀNH TU SĨ, Điều là tới bằng không từ bã ấy đến trở thành tốt sĩ
VIVOSDEV19_163_snr20,vivos,whisper,tiny,zero_shot,,42,20,speech,ĐIỀU LẠ LÀ TÔI VẪN KHÔNG TỪ BỎ Ý ĐỊNH TRỞ THÀNH TU SĨ, điều lẽ là tới vận không từ bãi ít dẫn trở thành tốt sĩ
VIVOSDEV19_163_snr5,vivos,whisper,tiny,zero_shot,,42,5,noise,ĐIỀU LẠ LÀ TÔI VẪN KHÔNG TỪ BỎ Ý ĐỊNH TRỞ THÀNH TU SĨ, Điều là là tới vắng không từ bãi đến trở thành tốt sĩ
VIVOSDEV19_169_clean,vivos,whisper,tiny,zero_shot,,42,clean,clean,NHANH QUÁ ĐÃ LÀ LẦN THỨ BA XA NHÀ RỒI ĐẤY, Nhân quét đã là lòng thứ pè xem nhà rồi đại
VIVOSDEV19_169_snr0,vivos,whisper,tiny,zero_shot,,42,0,noise,NHANH QUÁ ĐÃ LÀ LẦN THỨ BA XA NHÀ RỒI ĐẤY," Nếu anh đẹp, đẹp, đẹp, đẹp, đẹp, đẹp, đẹp, đẹp, đẹp, đẹp, đẹp, đẹp, đẹp, đẹp, đẹp, đẹp, đẹp, đẹp, đẹp, đẹp, đẹp, đẹp, đẹp, đẹp, đẹp, đẹp, đẹp, đẹp, đẹp, đẹp, đẹp, đ"
VIVOSDEV19_169_snr10,vivos,whisper,tiny,zero_shot,,42,10,noise,NHANH QUÁ ĐÃ LÀ LẦN THỨ BA XA NHÀ RỒI ĐẤY, Nhân quét đẹn là lòng trụ về tây nhà rồi đại
VIVOSDEV19_169_snr20,vivos,whisper,tiny,zero_shot,,42,20,music,NHANH QUÁ ĐÃ LÀ LẦN THỨ BA XA NHÀ RỒI ĐẤY, Nhân quét đã là lòng thứ vẻ xanh nhà rồi đại
VIVOSDEV19_169_snr5,vivos,whisper,tiny,zero_shot,,42,5,music,NHANH QUÁ ĐÃ LÀ LẦN THỨ BA XA NHÀ RỒI ĐẤY, Nhà quét đẹn lòng cũng phải sẽ nhẹn rồi đấy
VIVOSDEV19_179_clean,vivos,whisper,tiny,zero_shot,,42,clean,clean,ĐỖ ĐỨC THUẦN NGUYÊN KẾ TOÁN TRƯỞNG CÔNG TY TIẾP THỊ ĐẦU TƯ," Lở được thần, buồn kết tóng trưởng công ty tiếp thị đầu tư."
VIVOSDEV19_179_snr0,vivos,whisper,tiny,zero_shot,,42,0,speech,ĐỖ ĐỨC THUẦN NGUYÊN KẾ TOÁN TRƯỞNG CÔNG TY TIẾP THỊ ĐẦU TƯ," Điều có thể đưa bằng đường, đưa bằng đường, đưa bằng đường, đưa bằng đường, đưa bằng đường, đưa bằng đường, đưa bằng đường, đưa bằng đường, đưa bằng đường, đưa bằng đường, đưa bằng đường, đưa bằng đường, đưa bằng đường, đưa bằng đường, đưa bằng đường, đưa bằng đường, đưa bằng đường, đưa bằng"
VIVOSDEV19_179_snr10,vivos,whisper,tiny,zero_shot,,42,10,music,ĐỖ ĐỨC THUẦN NGUYÊN KẾ TOÁN TRƯỞNG CÔNG TY TIẾP THỊ ĐẦU TƯ," Lợ đất thùng, buồn kế tóng, dụng, cơm tây, tích thái đầu tư."
VIVOSDEV19_179_snr20,vivos,whisper,tiny,zero_shot,,42,20,speech,ĐỖ ĐỨC THUẦN NGUYÊN KẾ TOÁN TRƯỞNG CÔNG TY TIẾP THỊ ĐẦU TƯ," Lở được thần, buồn kết tóc dữ cũng tây tiếp thị đầu tư hạ."
VIVOSDEV19_179_snr5,vivos,whisper,tiny,zero_shot,,42,5,music,ĐỖ ĐỨC THUẦN NGUYÊN KẾ TOÁN TRƯỞNG CÔNG TY TIẾP THỊ ĐẦU TƯ," Gờ đất hồng, quý kết tón chưởng cầm tây tiếp tầy đầu tư."
VIVOSDEV19_196_clean,vivos,whisper,tiny,zero_shot,,42,clean,clean,NGƯỜI ANH SAU ĐÓ ĐƯỢC PHÉP THẦU XÂY KÊNH NÀY NHƯNG KHÔNG TIẾN HÀNH, Nguyễn sâu đã được phép thau xây gên này nhưng không tiếng hạnh.
VIVOSDEV19_196_snr0,vivos,whisper,tiny,zero_shot,,42,0,music,NGƯỜI ANH SAU ĐÓ ĐƯỢC PHÉP THẦU XÂY KÊNH NÀY NHƯNG KHÔNG TIẾN HÀNH," Nguyện hàng đá rử phía con sây kênh này, đúng không biết là"
VIVOSDEV19_196_snr10,vivos,whisper,tiny,zero_shot,,42,10,speech,NGƯỜI ANH SAU ĐÓ ĐƯỢC PHÉP THẦU XÂY KÊNH NÀY NHƯNG KHÔNG TIẾN HÀNH, Nguyên Anh Thao đã đoave tế Powerest of the Dragon or Night Nhưng Còn Thuy Rất hả?
VIVOSDEV19_196_snr20,vivos,whisper,tiny,zero_shot,,42,20,noise,NGƯỜI ANH SAU ĐÓ ĐƯỢC PHÉP THẦU XÂY KÊNH NÀY NHƯNG KHÔNG TIẾN HÀNH, Nguyễn Thau đã được phép thủ xây gân này nhưng không tiếng hảm.
VIVOSDEV19_196_snr5,vivos,whisper,tiny,zero_shot,,42,5,noise,NGƯỜI ANH SAU ĐÓ ĐƯỢC PHÉP THẦU XÂY KÊNH NÀY NHƯNG KHÔNG TIẾN HÀNH, Nguyện an sau đã được phép thảo xây gân này nhưng không tiếng hảm.
VIVOSDEV19_218_clean,vivos,whisper,tiny,zero_shot,,42,clean,clean,NÓI CÁCH KHÁC CÁI ĐƯỢC CỦA CHÂU Á LÀ CÁI MẤT CỦA CHÂU PHI," Nói cắt khác, cái được của châu Á là cái mắc của châu phê."
VIVOSDEV19_218_snr0,vivos,whisper,tiny,zero_shot,,42,0,noise,NÓI CÁCH KHÁC CÁI ĐƯỢC CỦA CHÂU Á LÀ CÁI MẤT CỦA CHÂU PHI," Nói cắt khác, cái được của châu Á là cái mắc của châu phuy"
VIVOSDEV19_218_snr10,vivos,whisper,tiny,zero_shot,,42,10,noise,NÓI CÁCH KHÁC CÁI ĐƯỢC CỦA CHÂU Á LÀ CÁI MẤT CỦA CHÂU PHI," Nói cắt khác, cái được gối châu á là cái mắt gối châu phí."
VIVOSDEV19_218_snr20,vivos,whisper,tiny,zero_shot,,42,20,speech,NÓI CÁCH KHÁC CÁI ĐƯỢC CỦA CHÂU Á LÀ CÁI MẤT CỦA CHÂU PHI," Nói cắt khác, cái được gối châu án là cái mắt gối châu phuyên."
VIVOSDEV19_218_snr5,vivos,whisper,tiny,zero_shot,,42,5,noise,NÓI CÁCH KHÁC CÁI ĐƯỢC CỦA CHÂU Á LÀ CÁI MẤT CỦA CHÂU PHI," Nói cắt khác, cái được của châu Á là cái mắc của châu phê."
VIVOSDEV19_244_clean,vivos,whisper,tiny,zero_shot,,42,clean,clean,EM HÃY TÌM CÁCH TIẾP CẬN ĐỂ BÀY TỎ VỚI MẸ, em hãy tìm cắt tiếp càng để bày tả với nè
VIVOSDEV19_244_snr0,vivos,whisper,tiny,zero_shot,,42,0,music,EM HÃY TÌM CÁCH TIẾP CẬN ĐỂ BÀY TỎ VỚI MẸ," Em thấy tim cắt, đi vụ cậm t đẹp bài táu hơi mẹ"
VIVOSDEV19_244_snr10,vivos,whisper,tiny,zero_shot,,42,10,noise,EM HÃY TÌM CÁCH TIẾP CẬN ĐỂ BÀY TỎ VỚI MẸ, Em hãy tìm cắt biết càng để bày tả với mẹ
VIVOSDEV19_244_snr20,vivos,whisper,tiny,zero_shot,,42,20,noise,EM HÃY TÌM CÁCH TIẾP CẬN ĐỂ BÀY TỎ VỚI MẸ," em hãy tìm cắt, tiếp, gặng để bây tả với nè"
VIVOSDEV19_244_snr5,vivos,whisper,tiny,zero_shot,,42,5,music,EM HÃY TÌM CÁCH TIẾP CẬN ĐỂ BÀY TỎ VỚI MẸ, Tên hãy tên các tiếp cạnh để bây thảo với nè
VIVOSDEV19_245_clean,vivos,whisper,tiny,zero_shot,,42,clean,clean,LÚC ĐÓ NẠN KẸT XE CHẮC SẼ KINH KHỦNG GẤP NHIỀU LẦN HÔM NAY," Lúc đó, đàn kẹt 4,4 cân khủng, gấp nhiều lòng hôm nay."
VIVOSDEV19_245_snr0,vivos,whisper,tiny,zero_shot,,42,0,music,LÚC ĐÓ NẠN KẸT XE CHẮC SẼ KINH KHỦNG GẤP NHIỀU LẦN HÔM NAY," Lúc đã 9KC, 10KC cường cường. Gợp như lã khăn này."
VIVOSDEV19_245_snr10,vivos,whisper,tiny,zero_shot,,42,10,noise,LÚC ĐÓ NẠN KẸT XE CHẮC SẼ KINH KHỦNG GẤP NHIỀU LẦN HÔM NAY," Lúc đó, đàn kẻ xe chắc xe cân khủng, gấp nhiều lòng hôm nay."
VIVOSDEV19_245_snr20,vivos,whisper,tiny,zero_shot,,42,20,noise,LÚC ĐÓ NẠN KẸT XE CHẮC SẼ KINH KHỦNG GẤP NHIỀU LẦN HÔM NAY," Lúc đó, này kẻ xe chắc xe cân khủng gấp nhiều lòng hôm nay."
VIVOSDEV19_245_snr5,vivos,whisper,tiny,zero_shot,,42,5,music,LÚC ĐÓ NẠN KẸT XE CHẮC SẼ KINH KHỦNG GẤP NHIỀU LẦN HÔM NAY," Lúc ra 9-4, 4, 4, 4, 4, 4, 4, 4, 4, 4, 4, 4, 4, 4, 4, 4, 4, 4, 4, 4, 4, 4, 4, 4, 4, 4, 4, 4, 4, 4, 4, 4, 4, 4, 4, 4, 4, 4, 4, 4, 4, 4, 4, 4, 4, 4, 4, 4, 4, 4, 4, 4, 4, 4, 4, 4, 4, 4, 4, 4, 4, 4"
VIVOSDEV19_246_clean,vivos,whisper,tiny,zero_shot,,42,clean,clean,VỢ LỠ CÓ TẬT THẾ ANH NÊN THAY ĐỔI CÁCH TIẾP CẬN," Bởi lơ các tập trẻ anh nâng, trầy đổi các tiếp càng."
VIVOSDEV19_246_snr0,vivos,whisper,tiny,zero_shot,,42,0,speech,VỢ LỠ CÓ TẬT THẾ ANH NÊN THAY ĐỔI CÁCH TIẾP CẬN," Bây giờ, vô tên hôm nay, vô tên hôm nay."
VIVOSDEV19_246_snr10,vivos,whisper,tiny,zero_shot,,42,10,music,VỢ LỠ CÓ TẬT THẾ ANH NÊN THAY ĐỔI CÁCH TIẾP CẬN," Bởi lời các tập tế anh lên, hay đời các tiếp gão."
VIVOSDEV19_246_snr20,vivos,whisper,tiny,zero_shot,,42,20,music,VỢ LỠ CÓ TẬT THẾ ANH NÊN THAY ĐỔI CÁCH TIẾP CẬN," Bởi lơ các tập trẻ anh nâng, trầy đổi các tiếp gắng."
VIVOSDEV19_246_snr5,vivos,whisper,tiny,zero_shot,,42,5,noise,VỢ LỠ CÓ TẬT THẾ ANH NÊN THAY ĐỔI CÁCH TIẾP CẬN, Vỏ lỡ các tạp nè anh lên cây đổi cắt phía trăm
VIVOSDEV19_249_clean,vivos,whisper,tiny,zero_shot,,42,clean,clean,ĐÂY ĐƯỢC XEM LÀ VAI DIỄN THÀNH CÔNG NHẤT CỦA VƯƠNG TỪ TRƯỚC ĐẾN NAY, Đây được xem là và giễn thần công nhắc của vương tởi chút đánh này.
VIVOSDEV19_249_snr0,vivos,whisper,tiny,zero_shot,,42,0,noise,ĐÂY ĐƯỢC XEM LÀ VAI DIỄN THÀNH CÔNG NHẤT CỦA VƯƠNG TỪ TRƯỚC ĐẾN NAY," Bây giờ, chân lại bây giờ, thành công nhất của vương tổ truyết này."
VIVOSDEV19_249_snr10,vivos,whisper,tiny,zero_shot,,42,10,noise,ĐÂY ĐƯỢC XEM LÀ VAI DIỄN THÀNH CÔNG NHẤT CỦA VƯƠNG TỪ TRƯỚC ĐẾN NAY, Đây được xem là vài giễn thẳng công nhắc quốc bương tổ chú đánh này
VIVOSDEV19_249_snr20,vivos,whisper,tiny,zero_shot,,42,20,music,ĐÂY ĐƯỢC XEM LÀ VAI DIỄN THÀNH CÔNG NHẤT CỦA VƯƠNG TỪ TRƯỚC ĐẾN NAY, Đây được xem là và giễn thành công nhất của vương tởi chú đánh này.
VIVOSDEV19_249_snr5,vivos,whisper,tiny,zero_shot,,42,5,noise,ĐÂY ĐƯỢC XEM LÀ VAI DIỄN THÀNH CÔNG NHẤT CỦA VƯƠNG TỪ TRƯỚC ĐẾN NAY, Đây được xem là bay giễn thần con nhắc của vương tởi chú đánh này
VIVOSDEV19_259_clean,vivos,whisper,tiny,zero_shot,,42,clean,clean,TÍCH CỰC HƠN VỚI VẤN ĐỀ LIÊN QUAN ĐẾN KIỀU BÀO, Tất cậu hư với vắng đợi liên quan đến kiểu bào.
VIVOSDEV19_259_snr0,vivos,whisper,tiny,zero_shot,,42,0,speech,TÍCH CỰC HƠN VỚI VẤN ĐỀ LIÊN QUAN ĐẾN KIỀU BÀO," Bây giờ, không có thể đánh bệnh."
VIVOSDEV19_259_snr10,vivos,whisper,tiny,zero_shot,,42,10,noise,TÍCH CỰC HƠN VỚI VẤN ĐỀ LIÊN QUAN ĐẾN KIỀU BÀO," Tất cậu hư vơi, phóng đại liên quan đến kiểu bảo."
VIVOSDEV19_259_snr20,vivos,whisper,tiny,zero_shot,,42,20,noise,TÍCH CỰC HƠN VỚI VẤN ĐỀ LIÊN QUAN ĐẾN KIỀU BÀO, Tất cậu hư với phóng đại liên quan đến kiểu bào
VIVOSDEV19_259_snr5,vivos,whisper,tiny,zero_shot,,42,5,noise,TÍCH CỰC HƠN VỚI VẤN ĐỀ LIÊN QUAN ĐẾN KIỀU BÀO, Tất cả hâu với Phong đợi liên quan đến Kia Bào
VIVOSDEV19_262_clean,vivos,whisper,tiny,zero_shot,,42,clean,clean,ĐỂ RỒI CHÚNG TA KHAO KHÁT MÃI TRONG VÒNG LUÂN HỒI NHÂN GIAN, Để rồi chúng ta khờ khác mại trong bòng luôn hồi nhăn gái
VIVOSDEV19_262_snr0,vivos,whisper,tiny,zero_shot,,42,0,speech,ĐỂ RỒI CHÚNG TA KHAO KHÁT MÃI TRONG VÒNG LUÂN HỒI NHÂN GIAN, Mình sẽ đánh đánh đánh đánh đánh đánh đánh đánh đánh đánh đánh đánh đánh đánh đánh đánh đánh đánh đánh đánh đánh đánh đánh đánh đánh đánh đánh đánh đánh đánh đánh đánh đánh đánh đánh đánh đánh đánh đánh đánh đánh đánh đánh đánh đánh đánh đánh đánh đánh đánh đánh đánh đánh đánh đánh đánh đánh đánh đánh đánh đánh đánh đ
VIVOSDEV19_262_snr10,vivos,whisper,tiny,zero_shot,,42,10,noise,ĐỂ RỒI CHÚNG TA KHAO KHÁT MÃI TRONG VÒNG LUÂN HỒI NHÂN GIAN, để nói chúng ta vào các mại châm vào luôn hồi anh em
VIVOSDEV19_262_snr20,vivos,whisper,tiny,zero_shot,,42,20,noise,ĐỂ RỒI CHÚNG TA KHAO KHÁT MÃI TRONG VÒNG LUÂN HỒI NHÂN GIAN," Bệ rời chúng ta khó khách mái chông, bà mừng lông hồi anh dễ."
VIVOSDEV19_262_snr5,vivos,whisper,tiny,zero_shot,,42,5,speech,ĐỂ RỒI CHÚNG TA KHAO KHÁT MÃI TRONG VÒNG LUÂN HỒI NHÂN GIAN, Lẽ là chúng ta vào cái mại chấm bà mơm chứ luôn cho nhé.
VIVOSDEV19_266_clean,vivos,whisper,tiny,zero_shot,,42,clean,clean,VẤN ĐỀ NẢY SINH TỪ CÁI CÂU HỎI DINH CU ẤY," Vắng đẹp nãy xin từ cái câu khỏi, dân gâu ai"
VIVOSDEV19_266_snr0,vivos,whisper,tiny,zero_shot,,42,0,music,VẤN ĐỀ NẢY SINH TỪ CÁI CÂU HỎI DINH CU ẤY," Vong đề này xin tâu cao cao xin, quên nhu khói"
VIVOSDEV19_266_snr10,vivos,whisper,tiny,zero_shot,,42,10,speech,VẤN ĐỀ NẢY SINH TỪ CÁI CÂU HỎI DINH CU ẤY," Bất đề này xin từ cái cao hỏi, dân cuối."
VIVOSDEV19_266_snr20,vivos,whisper,tiny,zero_shot,,42,20,noise,VẤN ĐỀ NẢY SINH TỪ CÁI CÂU HỎI DINH CU ẤY," Vấn đề này tin từ解 cao hỏi, dân gâu ai"
VIVOSDEV19_266_snr5,vivos,whisper,tiny,zero_shot,,42,5,music,VẤN ĐỀ NẢY SINH TỪ CÁI CÂU HỎI DINH CU ẤY," Vấn đề để tin từ解 cao khỏi, nguyên gâu ai"
VIVOSDEV19_274_clean,vivos,whisper,tiny,zero_shot,,42,clean,clean,CHỊ NÊN ĐI KHÁM BÁC SĨ VÀ CHỌN PHƯƠNG PHÁP NGỪA THAI HIỆU QUẢ, Chỉ nên đi khám bắt sử về trong phương pháp ngừa thay hiểu quá
VIVOSDEV19_274_snr0,vivos,whisper,tiny,zero_shot,,42,0,speech,CHỊ NÊN ĐI KHÁM BÁC SĨ VÀ CHỌN PHƯƠNG PHÁP NGỪA THAI HIỆU QUẢ, thì mình sẽ ghi nhìn nó sẽ về nhà mình có lẽ sẽ phóng nhìn vào bên này.
VIVOSDEV19_274_snr10,vivos,whisper,tiny,zero_shot,,42,10,noise,CHỊ NÊN ĐI KHÁM BÁC SĨ VÀ CHỌN PHƯƠNG PHÁP NGỪA THAI HIỆU QUẢ, chế nên đi khám đặc sử bệ trọng phương pháp ngừa thái hiểu vậy?
VIVOSDEV19_274_snr20,vivos,whisper,tiny,zero_shot,,42,20,music,CHỊ NÊN ĐI KHÁM BÁC SĨ VÀ CHỌN PHƯƠNG PHÁP NGỪA THAI HIỆU QUẢ," Chỉ nên đi khám, bắt sử về trong phương pháp ngừa thái hiểu vậy?"
VIVOSDEV19_274_snr5,vivos,whisper,tiny,zero_shot,,42,5,noise,CHỊ NÊN ĐI KHÁM BÁC SĨ VÀ CHỌN PHƯƠNG PHÁP NGỪA THAI HIỆU QUẢ, Chỉ nên đi khám đách sẻ về trong phương pháp hửa 2 hiểm quá
