utt_id,dataset,model,model_size,train_type,lambda,seed,snr,noise_type,ref,hyp
VIVOSDEV01_R002_clean,vivos,phowhisper,small,zero_shot,,42,clean,clean,TIẾNG CỌC CẠCH KHỰNG LẠI CỦA NHỮNG KHỚP SẮT,tiếng cọc gạch khựng lạ của những khớp sắt.
VIVOSDEV01_R002_snr0,vivos,phowhisper,small,zero_shot,,42,0,speech,TIẾNG CỌC CẠCH KHỰNG LẠI CỦA NHỮNG KHỚP SẮT,tiếng tọc cạch cận lại của những khớp sắt.
VIVOSDEV01_R002_snr10,vivos,phowhisper,small,zero_shot,,42,10,speech,TIẾNG CỌC CẠCH KHỰNG LẠI CỦA NHỮNG KHỚP SẮT,tiếng cọc cạch khựng lạ có những cớp sắc.
VIVOSDEV01_R002_snr20,vivos,phowhisper,small,zero_shot,,42,20,music,TIẾNG CỌC CẠCH KHỰNG LẠI CỦA NHỮNG KHỚP SẮT,tiếng cọc gạch khựng lạ của những khớp sắt.
VIVOSDEV01_R002_snr5,vivos,phowhisper,small,zero_shot,,42,5,speech,TIẾNG CỌC CẠCH KHỰNG LẠI CỦA NHỮNG KHỚP SẮT,tiếng cọc cạch hạm cự lạy của những cốp sách.
VIVOSDEV01_R003_clean,vivos,phowhisper,small,zero_shot,,42,clean,clean,CŨNG LÊN TIẾNG ỦNG HỘ CÁC KIẾN NGHỊ NÀY,cũng lên tiếng ủng hộ các kiến nghị này.
VIVOSDEV01_R003_snr0,vivos,phowhisper,small,zero_shot,,42,0,music,CŨNG LÊN TIẾNG ỦNG HỘ CÁC KIẾN NGHỊ NÀY,cũng lên tiếng ủng hộ các kiến nghị này.
VIVOSDEV01_R003_snr10,vivos,phowhisper,small,zero_shot,,42,10,noise,CŨNG LÊN TIẾNG ỦNG HỘ CÁC KIẾN NGHỊ NÀY,cũng lên tiếng ủng hộ các kiến nghị này.
VIVOSDEV01_R003_snr20,vivos,phowhisper,small,zero_shot,,42,20,music,CŨNG LÊN TIẾNG ỦNG HỘ CÁC KIẾN NGHỊ NÀY,cũng lên tiếng ủng hộ các kiến nghị này.
VIVOSDEV01_R003_snr5,vivos,phowhisper,small,zero_shot,,42,5,music,CŨNG LÊN TIẾNG ỦNG HỘ CÁC KIẾN NGHỊ NÀY,cũng lên tiếng ủng hộ các kiến nghị này.
VIVOSDEV01_R027_clean,vivos,phowhisper,small,zero_shot,,42,clean,clean,DI TÍCH CÓ BẢY PHỖNG ÔNG VÀ HAI PHỖNG BÀ ĐƯỢC LÀM BẰNG GỖ MÍT,di tích có bảy phỗng ông và hai phỗng bà được làm bằng gỗ mít.
VIVOSDEV01_R027_snr0,vivos,phowhisper,small,zero_shot,,42,0,noise,DI TÍCH CÓ BẢY PHỖNG ÔNG VÀ HAI PHỖNG BÀ ĐƯỢC LÀM BẰNG GỖ MÍT,di tích có bảy phỗng ông và hai phỗng bà được làm bằng gỗ mít.
VIVOSDEV01_R027_snr10,vivos,phowhisper,small,zero_shot,,42,10,music,DI TÍCH CÓ BẢY PHỖNG ÔNG VÀ HAI PHỖNG BÀ ĐƯỢC LÀM BẰNG GỖ MÍT,di tích có bảy phỗng ông và hai phỗng bà được làm bằng gỗ mít.
VIVOSDEV01_R027_snr20,vivos,phowhisper,small,zero_shot,,42,20,music,DI TÍCH CÓ BẢY PHỖNG ÔNG VÀ HAI PHỖNG BÀ ĐƯỢC LÀM BẰNG GỖ MÍT,di tích có bảy phỗng ông và hai phỗng bà được làm bằng gỗ mít.
VIVOSDEV01_R027_snr5,vivos,phowhisper,small,zero_shot,,42,5,noise,DI TÍCH CÓ BẢY PHỖNG ÔNG VÀ HAI PHỖNG BÀ ĐƯỢC LÀM BẰNG GỖ MÍT,di tích có bảy phỗng ông và hai phỗng bà được làm bằng gỗ mít.
VIVOSDEV01_R028_clean,vivos,phowhisper,small,zero_shot,,42,clean,clean,CÁC CHÚ CŨNG THOẢI MÁI PHÓNG UẾ GIỮA CHỐN ĐÔNG NGƯỜI MÀ KHÔNG SỢ,các chú cũng thoải mái phóng uế giữa chốn đông người mà không sợ.
VIVOSDEV01_R028_snr0,vivos,phowhisper,small,zero_shot,,42,0,noise,CÁC CHÚ CŨNG THOẢI MÁI PHÓNG UẾ GIỮA CHỐN ĐÔNG NGƯỜI MÀ KHÔNG SỢ,các chúa cũng thoải mái phóng thoái giữa chốn đông người mà không sợ.
VIVOSDEV01_R028_snr10,vivos,phowhisper,small,zero_shot,,42,10,speech,CÁC CHÚ CŨNG THOẢI MÁI PHÓNG UẾ GIỮA CHỐN ĐÔNG NGƯỜI MÀ KHÔNG SỢ,các chú cũng thoải mái phóng uế giữa chốn đông người mà không sợ.
VIVOSDEV01_R028_snr20,vivos,phowhisper,small,zero_shot,,42,20,noise,CÁC CHÚ CŨNG THOẢI MÁI PHÓNG UẾ GIỮA CHỐN ĐÔNG NGƯỜI MÀ KHÔNG SỢ,các chú cũng thoải mái phóng uế giữa chốn đông người mà không sợ.
VIVOSDEV01_R028_snr5,vivos,phowhisper,small,zero_shot,,42,5,music,CÁC CHÚ CŨNG THOẢI MÁI PHÓNG UẾ GIỮA CHỐN ĐÔNG NGƯỜI MÀ KHÔNG SỢ,các chú cũng thoải mái phóng ối giữa chốn đông người mà không sợ.
VIVOSDEV01_R043_clean,vivos,phowhisper,small,zero_shot,,42,clean,clean,ANH PHÚ CHƯA BÚ ĐƯỢC SỮA MẸ LẦN NÀO,anh phú chưa bú được sữa mẹ lần nào.
VIVOSDEV01_R043_snr0,vivos,phowhisper,small,zero_shot,,42,0,speech,ANH PHÚ CHƯA BÚ ĐƯỢC SỮA MẸ LẦN NÀO,anh phú chưa bú được sữa mẹ lần nào.
VIVOSDEV01_R043_snr10,vivos,phowhisper,small,zero_shot,,42,10,noise,ANH PHÚ CHƯA BÚ ĐƯỢC SỮA MẸ LẦN NÀO,anh phú chưa bú được sữa mẹ lần nào.
VIVOSDEV01_R043_snr20,vivos,phowhisper,small,zero_shot,,42,20,music,ANH PHÚ CHƯA BÚ ĐƯỢC SỮA MẸ LẦN NÀO,anh phú chưa bú được sữa mẹ lần nào.
VIVOSDEV01_R043_snr5,vivos,phowhisper,small,zero_shot,,42,5,noise,ANH PHÚ CHƯA BÚ ĐƯỢC SỮA MẸ LẦN NÀO,anh phú chưa bú được sữa mẹ lần nào.
VIVOSDEV01_R044_clean,vivos,phowhisper,small,zero_shot,,42,clean,clean,NGỌN LỬA BẠO ĐỘNG Ở TRUNG ĐÔNG VÀ PHÁ VỠ LỘ TRÌNH HÒA BÌNH,ngọn lửa bạo động ở trung đông và phá vỡ loại trình hòa bình.
VIVOSDEV01_R044_snr0,vivos,phowhisper,small,zero_shot,,42,0,speech,NGỌN LỬA BẠO ĐỘNG Ở TRUNG ĐÔNG VÀ PHÁ VỠ LỘ TRÌNH HÒA BÌNH,ngọn lửa bạo động ở trung đông và phá vỡ lộ trình hòa bình.
VIVOSDEV01_R044_snr10,vivos,phowhisper,small,zero_shot,,42,10,noise,NGỌN LỬA BẠO ĐỘNG Ở TRUNG ĐÔNG VÀ PHÁ VỠ LỘ TRÌNH HÒA BÌNH,ngọn lửa bạo động ở trung đông và phá vỡ loại trình hòa bình.
VIVOSDEV01_R044_snr20,vivos,phowhisper,small,zero_shot,,42,20,speech,NGỌN LỬA BẠO ĐỘNG Ở TRUNG ĐÔNG VÀ PHÁ VỠ LỘ TRÌNH HÒA BÌNH,ngọn lửa bạo động ở trung đông và phá vỡ loại trình quà bình.
VIVOSDEV01_R044_snr5,vivos,phowhisper,small,zero_shot,,42,5,speech,NGỌN LỬA BẠO ĐỘNG Ở TRUNG ĐÔNG VÀ PHÁ VỠ LỘ TRÌNH HÒA BÌNH,ngọn lửa bạo động ở trung đông và phá vỡ loại trình quà bình.
VIVOSDEV01_R069_clean,vivos,phowhisper,small,zero_shot,,42,clean,clean,ĐÈN BỊ HƯ RỒI BA,đèn bị hư hòa ba.
VIVOSDEV01_R069_snr0,vivos,phowhisper,small,zero_shot,,42,0,music,ĐÈN BỊ HƯ RỒI BA,đèn bị hư hỏa ba.
VIVOSDEV01_R069_snr10,vivos,phowhisper,small,zero_shot,,42,10,noise,ĐÈN BỊ HƯ RỒI BA,đèn bị hư gò ba.
VIVOSDEV01_R069_snr20,vivos,phowhisper,small,zero_shot,,42,20,noise,ĐÈN BỊ HƯ RỒI BA,đèn bị hư gò ba.
VIVOSDEV01_R069_snr5,vivos,phowhisper,small,zero_shot,,42,5,music,ĐÈN BỊ HƯ RỒI BA,đèn bị hư hòa ba.
VIVOSDEV01_R071_clean,vivos,phowhisper,small,zero_shot,,42,clean,clean,TRƯỞNG CÔNG AN XÃ CHẠY SANG CAN NGĂN CŨNG BỊ TUYẾN ĐÁNH TIẾP,trưởng công an xã chạy sang can ngăn cũng bị tuyến đánh tiếp.
VIVOSDEV01_R071_snr0,vivos,phowhisper,small,zero_shot,,42,0,noise,TRƯỞNG CÔNG AN XÃ CHẠY SANG CAN NGĂN CŨNG BỊ TUYẾN ĐÁNH TIẾP,trưởng công an xã trại giang trang nhân cũng bị tuyến tranh tiếp.
VIVOSDEV01_R071_snr10,vivos,phowhisper,small,zero_shot,,42,10,music,TRƯỞNG CÔNG AN XÃ CHẠY SANG CAN NGĂN CŨNG BỊ TUYẾN ĐÁNH TIẾP,trưởng công an xã chạy sang can ngăn cũng bị tuyến đánh tiếp.
VIVOSDEV01_R071_snr20,vivos,phowhisper,small,zero_shot,,42,20,music,TRƯỞNG CÔNG AN XÃ CHẠY SANG CAN NGĂN CŨNG BỊ TUYẾN ĐÁNH TIẾP,trưởng công an xã chạy sang can ngăn cũng bị tuyến đánh tiếp.
VIVOSDEV01_R071_snr5,vivos,phowhisper,small,zero_shot,,42,5,noise,TRƯỞNG CÔNG AN XÃ CHẠY SANG CAN NGĂN CŨNG BỊ TUYẾN ĐÁNH TIẾP,trưởng công an xã chạy sang can ngăn cũng bị tuyến đánh tiếp.
VIVOSDEV01_R099_clean,vivos,phowhisper,small,zero_shot,,42,clean,clean,NHƯNG TÔI THÍCH XEM BỘ PHIM TRUYỆN PHÁT NGAY SAU CHƯƠNG TRÌNH NÀY,nhưng tôi thích xem bộ phim truyện phát ngay sau chương trình này.
VIVOSDEV01_R099_snr0,vivos,phowhisper,small,zero_shot,,42,0,music,NHƯNG TÔI THÍCH XEM BỘ PHIM TRUYỆN PHÁT NGAY SAU CHƯƠNG TRÌNH NÀY,nhưng tôi thích xem bộ phim truyện phát ngay sau chương trình này.
VIVOSDEV01_R099_snr10,vivos,phowhisper,small,zero_shot,,42,10,speech,NHƯNG TÔI THÍCH XEM BỘ PHIM TRUYỆN PHÁT NGAY SAU CHƯƠNG TRÌNH NÀY,nhưng tôi hất xem bộ phim truyện phát ngay sau chương trình này.
VIVOSDEV01_R099_snr20,vivos,phowhisper,small,zero_shot,,42,20,noise,NHƯNG TÔI THÍCH XEM BỘ PHIM TRUYỆN PHÁT NGAY SAU CHƯƠNG TRÌNH NÀY,nhưng tôi thích xem bộ phim truyện phát ngay sau chương trình này.
VIVOSDEV01_R099_snr5,vivos,phowhisper,small,zero_shot,,42,5,noise,NHƯNG TÔI THÍCH XEM BỘ PHIM TRUYỆN PHÁT NGAY SAU CHƯƠNG TRÌNH NÀY,nhưng tôi thích xem bộ phim truyện phát ngay sau chương trình này.
VIVOSDEV01_R108_clean,vivos,phowhisper,small,zero_shot,,42,clean,clean,KHI TRẪM KHỎI BỆNH THÌ SẼ CHÉM ĐẦU,khi chẩm khỏi bệnh thì sẽ chém đầu.
VIVOSDEV01_R108_snr0,vivos,phowhisper,small,zero_shot,,42,0,noise,KHI TRẪM KHỎI BỆNH THÌ SẼ CHÉM ĐẦU,khi chậm khỏi bệnh thì sẽ chém đầu.
VIVOSDEV01_R108_snr10,vivos,phowhisper,small,zero_shot,,42,10,music,KHI TRẪM KHỎI BỆNH THÌ SẼ CHÉM ĐẦU,khi trẫm khỏi bệnh thì sẽ chém đầu.
VIVOSDEV01_R108_snr20,vivos,phowhisper,small,zero_shot,,42,20,noise,KHI TRẪM KHỎI BỆNH THÌ SẼ CHÉM ĐẦU,khi trẫm khỏi bệnh thì sẽ chém đầu.
VIVOSDEV01_R108_snr5,vivos,phowhisper,small,zero_shot,,42,5,noise,KHI TRẪM KHỎI BỆNH THÌ SẼ CHÉM ĐẦU,khi chậm khỏi bệnh thì sẽ chém đầu.
VIVOSDEV01_R117_clean,vivos,phowhisper,small,zero_shot,,42,clean,clean,VIỆC MỘT QUYỂN TIỂU THUYẾT NHƯ THẾ,việc một quyển tiểu huyết như thế.
VIVOSDEV01_R117_snr0,vivos,phowhisper,small,zero_shot,,42,0,noise,VIỆC MỘT QUYỂN TIỂU THUYẾT NHƯ THẾ,việc một tuyển tiểu huyết như thế.
VIVOSDEV01_R117_snr10,vivos,phowhisper,small,zero_shot,,42,10,noise,VIỆC MỘT QUYỂN TIỂU THUYẾT NHƯ THẾ,việc một quyển tiểu huyết như thế.
VIVOSDEV01_R117_snr20,vivos,phowhisper,small,zero_shot,,42,20,speech,VIỆC MỘT QUYỂN TIỂU THUYẾT NHƯ THẾ,việc một quyển tiểu huyết như thế.
VIVOSDEV01_R117_snr5,vivos,phowhisper,small,zero_shot,,42,5,music,VIỆC MỘT QUYỂN TIỂU THUYẾT NHƯ THẾ,việc một quyển tiểu huyết như thế.
VIVOSDEV01_R130_clean,vivos,phowhisper,small,zero_shot,,42,clean,clean,NÃO BỘ CHÚNG TA PHÁT TRIỂN NHỮNG RUNG ĐỘNG YÊU THƯƠNG,nở bộ chúng ta phát triển những rung động yêu thương.
VIVOSDEV01_R130_snr0,vivos,phowhisper,small,zero_shot,,42,0,noise,NÃO BỘ CHÚNG TA PHÁT TRIỂN NHỮNG RUNG ĐỘNG YÊU THƯƠNG,nói bộ chúng ta phát triển những rung động yêu thương.
VIVOSDEV01_R130_snr10,vivos,phowhisper,small,zero_shot,,42,10,noise,NÃO BỘ CHÚNG TA PHÁT TRIỂN NHỮNG RUNG ĐỘNG YÊU THƯƠNG,nở bộ chúng ta phát triển những rung động yêu thương.
VIVOSDEV01_R130_snr20,vivos,phowhisper,small,zero_shot,,42,20,speech,NÃO BỘ CHÚNG TA PHÁT TRIỂN NHỮNG RUNG ĐỘNG YÊU THƯƠNG,nở bộ chúng ta phát triển những rung động yêu hương.
VIVOSDEV01_R130_snr5,vivos,phowhisper,small,zero_shot,,42,5,noise,NÃO BỘ CHÚNG TA PHÁT TRIỂN NHỮNG RUNG ĐỘNG YÊU THƯƠNG,nói bộ chúng ta phát triển những rung động yêu thương.
VIVOSDEV01_R139_clean,vivos,phowhisper,small,zero_shot,,42,clean,clean,TRỪ KHI BẠN BIẾT TÔN TRỌNG BẢN THÂN MÌNH,trừ khi bạn biết tôn trọng bản thân mình.
VIVOSDEV01_R139_snr0,vivos,phowhisper,small,zero_shot,,42,0,noise,TRỪ KHI BẠN BIẾT TÔN TRỌNG BẢN THÂN MÌNH,trừ khi bạn biết tôn trọng bản thân mình.
VIVOSDEV01_R139_snr10,vivos,phowhisper,small,zero_shot,,42,10,noise,TRỪ KHI BẠN BIẾT TÔN TRỌNG BẢN THÂN MÌNH,trừ khi bạn biết tôn trọng bản thân mình.
VIVOSDEV01_R139_snr20,vivos,phowhisper,small,zero_shot,,42,20,noise,TRỪ KHI BẠN BIẾT TÔN TRỌNG BẢN THÂN MÌNH,trừ khi bạn biết tôn trọng bản thân mình.
VIVOSDEV01_R139_snr5,vivos,phowhisper,small,zero_shot,,42,5,music,TRỪ KHI BẠN BIẾT TÔN TRỌNG BẢN THÂN MÌNH,trừ khi bạn biết tôn trọng bản thân mình.
VIVOSDEV01_R150_clean,vivos,phowhisper,small,zero_shot,,42,clean,clean,XIN ĐƯỢC CHÂN KHUÂN VÁC,xin được chân khuân vác.
VIVOSDEV01_R150_snr0,vivos,phowhisper,small,zero_shot,,42,0,music,XIN ĐƯỢC CHÂN KHUÂN VÁC,xin được trưng phương pháp.
VIVOSDEV01_R150_snr10,vivos,phowhisper,small,zero_shot,,42,10,noise,XIN ĐƯỢC CHÂN KHUÂN VÁC,xin được chân khuân vác.
VIVOSDEV01_R150_snr20,vivos,phowhisper,small,zero_shot,,42,20,noise,XIN ĐƯỢC CHÂN KHUÂN VÁC,xin được chân khuân vác.
VIVOSDEV01_R150_snr5,vivos,phowhisper,small,zero_shot,,42,5,noise,XIN ĐƯỢC CHÂN KHUÂN VÁC,xin được chân khuân vác.
VIVOSDEV01_R151_clean,vivos,phowhisper,small,zero_shot,,42,clean,clean,NHƯNG KHI TIẾN GẦN VÀO VỊNH THÌ MẶT BIỂN BỊ RẠN VỠ,nhưng khi tiếng gần vào vịnh thì mặt biển bị rạn vỡ.
VIVOSDEV01_R151_snr0,vivos,phowhisper,small,zero_shot,,42,0,noise,NHƯNG KHI TIẾN GẦN VÀO VỊNH THÌ MẶT BIỂN BỊ RẠN VỠ,nhưng khi tiếng gần vào vịnh thì mặt biển bị rạn vỡ.
VIVOSDEV01_R151_snr10,vivos,phowhisper,small,zero_shot,,42,10,noise,NHƯNG KHI TIẾN GẦN VÀO VỊNH THÌ MẶT BIỂN BỊ RẠN VỠ,nhưng khe tiến gần vào vịnh hì mặt biển bị rạn vỡ.
VIVOSDEV01_R151_snr20,vivos,phowhisper,small,zero_shot,,42,20,music,NHƯNG KHI TIẾN GẦN VÀO VỊNH THÌ MẶT BIỂN BỊ RẠN VỠ,nhưng khe tiến gần vào vịnh hì mặt biển bị rạn vỡ.
VIVOSDEV01_R151_snr5,vivos,phowhisper,small,zero_shot,,42,5,noise,NHƯNG KHI TIẾN GẦN VÀO VỊNH THÌ MẶT BIỂN BỊ RẠN VỠ,nhưng khi tiếng gần vào vịnh thì mặt biển bị rạn vỡ.
VIVOSDEV01_R164_clean,vivos,phowhisper,small,zero_shot,,42,clean,clean,MỘT BÀ NGOẠI GIẶT ĐỒ THUÊ,một bà ngoại giặt đồ hơi.
VIVOSDEV01_R164_snr0,vivos,phowhisper,small,zero_shot,,42,0,noise,MỘT BÀ NGOẠI GIẶT ĐỒ THUÊ,một bà ngoại giặt đồ phơi.
VIVOSDEV01_R164_snr10,vivos,phowhisper,small,zero_shot,,42,10,speech,MỘT BÀ NGOẠI GIẶT ĐỒ THUÊ,một bà ngoại giặt đồ hơi.
VIVOSDEV01_R164_snr20,vivos,phowhisper,small,zero_shot,,42,20,speech,MỘT BÀ NGOẠI GIẶT ĐỒ THUÊ,một bà ngoại giặt đồ hơi.
VIVOSDEV01_R164_snr5,vivos,phowhisper,small,zero_shot,,42,5,music,MỘT BÀ NGOẠI GIẶT ĐỒ THUÊ,một bà ngoại giặt đồ hơi.
VIVOSDEV01_R172_clean,vivos,phowhisper,small,zero_shot,,42,clean,clean,TÂY GIANG VẪN CÒN KHẮC KHOẢI KHÔNG THỂ VÀO XÃ A NÔNG,tây giang vẫn còn khắc khởi không thể vào xã a nông.
VIVOSDEV01_R172_snr0,vivos,phowhisper,small,zero_shot,,42,0,music,TÂY GIANG VẪN CÒN KHẮC KHOẢI KHÔNG THỂ VÀO XÃ A NÔNG,thời gian vẫn còn khắc khoải không thể vào xã a nông.
VIVOSDEV01_R172_snr10,vivos,phowhisper,small,zero_shot,,42,10,noise,TÂY GIANG VẪN CÒN KHẮC KHOẢI KHÔNG THỂ VÀO XÃ A NÔNG,tây giang vẫn còn khắc khởi không thể vào xã a nông.
VIVOSDEV01_R172_snr20,vivos,phowhisper,small,zero_shot,,42,20,noise,TÂY GIANG VẪN CÒN KHẮC KHOẢI KHÔNG THỂ VÀO XÃ A NÔNG,tây giang vẫn còn khắc khởi không thể vào xã a nông.
VIVOSDEV01_R172_snr5,vivos,phowhisper,small,zero_shot,,42,5,noise,TÂY GIANG VẪN CÒN KHẮC KHOẢI KHÔNG THỂ VÀO XÃ A NÔNG,tây giang vẫn còn khắc khoải không thể vào xã a nông.
VIVOSDEV01_R174_clean,vivos,phowhisper,small,zero_shot,,42,clean,clean,NHỮNG DỰ ĐỊNH CẦN PHẢI ĐƯỢC BIẾN THÀNH HIỆN THỰC,những dự định cần phải được biến thành hiện thực.
VIVOSDEV01_R174_snr0,vivos,phowhisper,small,zero_shot,,42,0,speech,NHỮNG DỰ ĐỊNH CẦN PHẢI ĐƯỢC BIẾN THÀNH HIỆN THỰC,những dự định cần phải được điển hành hiện thực.
VIVOSDEV01_R174_snr10,vivos,phowhisper,small,zero_shot,,42,10,music,NHỮNG DỰ ĐỊNH CẦN PHẢI ĐƯỢC BIẾN THÀNH HIỆN THỰC,những dự định cần phải được biến thành hiện thực.
VIVOSDEV01_R174_snr20,vivos,phowhisper,small,zero_shot,,42,20,music,NHỮNG DỰ ĐỊNH CẦN PHẢI ĐƯỢC BIẾN THÀNH HIỆN THỰC,những dự định cần phải được biến thành hiện thực.
VIVOSDEV01_R174_snr5,vivos,phowhisper,small,zero_shot,,42,5,music,NHỮNG DỰ ĐỊNH CẦN PHẢI ĐƯỢC BIẾN THÀNH HIỆN THỰC,những dự định cần phải được biến thành hiện thực.
VIVOSDEV01_R176_clean,vivos,phowhisper,small,zero_shot,,42,clean,clean,ĐỂ TÀU KHÔNG PHẢI CƯỠI CẦU TÀU,để tào không phải cử cầu tào.
VIVOSDEV01_R176_snr0,vivos,phowhisper,small,zero_shot,,42,0,music,ĐỂ TÀU KHÔNG PHẢI CƯỠI CẦU TÀU,lễ tàu không phải cử cầu tàu.
VIVOSDEV01_R176_snr10,vivos,phowhisper,small,zero_shot,,42,10,speech,ĐỂ TÀU KHÔNG PHẢI CƯỠI CẦU TÀU,tới tàu không phải cử cầu tàu.
VIVOSDEV01_R176_snr20,vivos,phowhisper,small,zero_shot,,42,20,noise,ĐỂ TÀU KHÔNG PHẢI CƯỠI CẦU TÀU,để tào không phải cử cầu tào.
VIVOSDEV01_R176_snr5,vivos,phowhisper,small,zero_shot,,42,5,noise,ĐỂ TÀU KHÔNG PHẢI CƯỠI CẦU TÀU,lễ tàu không phải cử cầu tàu.
VIVOSDEV01_R180_clean,vivos,phowhisper,small,zero_shot,,42,clean,clean,BÀN CHỔI SƠN BẰNG BÔNG MỀM RẤT PHỔ BIẾN,bàn chổi sơn bằng bông mịm rất phổ biến.
VIVOSDEV01_R180_snr0,vivos,phowhisper,small,zero_shot,,42,0,music,BÀN CHỔI SƠN BẰNG BÔNG MỀM RẤT PHỔ BIẾN,bàn chổi sơn bằng bông mềm rất phổ biến.
VIVOSDEV01_R180_snr10,vivos,phowhisper,small,zero_shot,,42,10,noise,BÀN CHỔI SƠN BẰNG BÔNG MỀM RẤT PHỔ BIẾN,bàn chổi sơn bằng bông mịm rất phổ biến.
VIVOSDEV01_R180_snr20,vivos,phowhisper,small,zero_shot,,42,20,noise,BÀN CHỔI SƠN BẰNG BÔNG MỀM RẤT PHỔ BIẾN,bàn chổi sơn bằng bông mịm rất phổ biến.
VIVOSDEV01_R180_snr5,vivos,phowhisper,small,zero_shot,,42,5,music,BÀN CHỔI SƠN BẰNG BÔNG MỀM RẤT PHỔ BIẾN,bàn chổi sơn bằng bông mềm rất phổ biến.
VIVOSDEV01_R188_clean,vivos,phowhisper,small,zero_shot,,42,clean,clean,VIỆC QUY TỘI ĐỂ BÙNG NỔ LOẠI SÁCH NÀY LÀ DO,việc quy tội để bùng nổ loại sách này là do.
VIVOSDEV01_R188_snr0,vivos,phowhisper,small,zero_shot,,42,0,noise,VIỆC QUY TỘI ĐỂ BÙNG NỔ LOẠI SÁCH NÀY LÀ DO,việc quy tội để bùng nổ loại sách này là do.
VIVOSDEV01_R188_snr10,vivos,phowhisper,small,zero_shot,,42,10,speech,VIỆC QUY TỘI ĐỂ BÙNG NỔ LOẠI SÁCH NÀY LÀ DO,việc quy tội để bùng nổ loại sách này là do.
VIVOSDEV01_R188_snr20,vivos,phowhisper,small,zero_shot,,42,20,music,VIỆC QUY TỘI ĐỂ BÙNG NỔ LOẠI SÁCH NÀY LÀ DO,việc quy tội để bùng nổ loại sách này là do.
VIVOSDEV01_R188_snr5,vivos,phowhisper,small,zero_shot,,42,5,noise,VIỆC QUY TỘI ĐỂ BÙNG NỔ LOẠI SÁCH NÀY LÀ DO,việc quy tội để bùng nổ loại sách này là do.
VIVOSDEV01_T002_clean,vivos,phowhisper,small,zero_shot,,42,clean,clean,CŨNG CHƯA BIẾT NỮA,cũng chưa biết nữa.
VIVOSDEV01_T002_snr0,vivos,phowhisper,small,zero_shot,,42,0,speech,CŨNG CHƯA BIẾT NỮA,cũng chưa biết là vợ sinh ra thật.
VIVOSDEV01_T002_snr10,vivos,phowhisper,small,zero_shot,,42,10,music,CŨNG CHƯA BIẾT NỮA,cũng chưa biết nữa.
VIVOSDEV01_T002_snr20,vivos,phowhisper,small,zero_shot,,42,20,speech,CŨNG CHƯA BIẾT NỮA,cũng chưa biết nữa.
VIVOSDEV01_T002_snr5,vivos,phowhisper,small,zero_shot,,42,5,music,CŨNG CHƯA BIẾT NỮA,cũng chưa biết nữa.
VIVOSDEV01_T038_clean,vivos,phowhisper,small,zero_shot,,42,clean,clean,CHẮC SẮP TỚI THU XẾP ĐI DU LỊCH THÔI,chắc sắp tới thua xếp đi du lịch thôi.
VIVOSDEV01_T038_snr0,vivos,phowhisper,small,zero_shot,,42,0,noise,CHẮC SẮP TỚI THU XẾP ĐI DU LỊCH THÔI,chắc sắp tới thua xếp đi du lịch thôi.
VIVOSDEV01_T038_snr10,vivos,phowhisper,small,zero_shot,,42,10,music,CHẮC SẮP TỚI THU XẾP ĐI DU LỊCH THÔI,chắc sắp tới hưa suýt đi du lịch thôi.
VIVOSDEV01_T038_snr20,vivos,phowhisper,small,zero_shot,,42,20,music,CHẮC SẮP TỚI THU XẾP ĐI DU LỊCH THÔI,chắc sắp tới thua xếp đi du lịch thôi.
VIVOSDEV01_T038_snr5,vivos,phowhisper,small,zero_shot,,42,5,music,CHẮC SẮP TỚI THU XẾP ĐI DU LỊCH THÔI,chắc sắp tới hô xiếc đi du lịch thôi.
VIVOSDEV01_T043_clean,vivos,phowhisper,small,zero_shot,,42,clean,clean,NÓ TRỐN MẤT TIÊU RỒI CÒN ĐÂU,nó trốn mức tiêu rồi còn đâu.
VIVOSDEV01_T043_snr0,vivos,phowhisper,small,zero_shot,,42,0,noise,NÓ TRỐN MẤT TIÊU RỒI CÒN ĐÂU,nó trốn mức tiêu rồi còn đâu.
VIVOSDEV01_T043_snr10,vivos,phowhisper,small,zero_shot,,42,10,noise,NÓ TRỐN MẤT TIÊU RỒI CÒN ĐÂU,nó trốn mức tiêu rồi còn đâu.
VIVOSDEV01_T043_snr20,vivos,phowhisper,small,zero_shot,,42,20,speech,NÓ TRỐN MẤT TIÊU RỒI CÒN ĐÂU,nó trốn mức tiêu rồi còn đâu.
VIVOSDEV01_T043_snr5,vivos,phowhisper,small,zero_shot,,42,5,music,NÓ TRỐN MẤT TIÊU RỒI CÒN ĐÂU,nó trốn mức tiêu rồi cầu đầu.
VIVOSDEV02_R009_clean,vivos,phowhisper,small,zero_shot,,42,clean,clean,BÀ QUẢNG VẪN ĐANG BẬN RỘN,bà quảng vẫn đang bận rộn.
VIVOSDEV02_R009_snr0,vivos,phowhisper,small,zero_shot,,42,0,noise,BÀ QUẢNG VẪN ĐANG BẬN RỘN,bà quảng vẫn đang bận rộn.
VIVOSDEV02_R009_snr10,vivos,phowhisper,small,zero_shot,,42,10,noise,BÀ QUẢNG VẪN ĐANG BẬN RỘN,bà quảng vẫn đang bận rộn.
VIVOSDEV02_R009_snr20,vivos,phowhisper,small,zero_shot,,42,20,music,BÀ QUẢNG VẪN ĐANG BẬN RỘN,bà quảng vẫn đang bận rộn.
VIVOSDEV02_R009_snr5,vivos,phowhisper,small,zero_shot,,42,5,music,BÀ QUẢNG VẪN ĐANG BẬN RỘN,bà quảng vẫn đang bận rộn.
VIVOSDEV02_R031_clean,vivos,phowhisper,small,zero_shot,,42,clean,clean,MUỐN ĐẸP PHẢI GHÈ LÀM SAO CHO CÁC BÓ CƠ CHÂN NỔI BẬT LÊN,muốn đẹp phải ghè làm sao cho cáp bó cơ chân nổi bật lên.
VIVOSDEV02_R031_snr0,vivos,phowhisper,small,zero_shot,,42,0,speech,MUỐN ĐẸP PHẢI GHÈ LÀM SAO CHO CÁC BÓ CƠ CHÂN NỔI BẬT LÊN,bóng đẹp phải dè làm ca cho cá bó cười trên nổi bật lên.
VIVOSDEV02_R031_snr10,vivos,phowhisper,small,zero_shot,,42,10,music,MUỐN ĐẸP PHẢI GHÈ LÀM SAO CHO CÁC BÓ CƠ CHÂN NỔI BẬT LÊN,muốn đẹp phải ghè làm sao cho cáp bó cơ chân nổi bật lên.
VIVOSDEV02_R031_snr20,vivos,phowhisper,small,zero_shot,,42,20,noise,MUỐN ĐẸP PHẢI GHÈ LÀM SAO CHO CÁC BÓ CƠ CHÂN NỔI BẬT LÊN,muốn đẹp phải ghè làm sao cho các bó cơ trên nổi bật lên.
VIVOSDEV02_R031_snr5,vivos,phowhisper,small,zero_shot,,42,5,noise,MUỐN ĐẸP PHẢI GHÈ LÀM SAO CHO CÁC BÓ CƠ CHÂN NỔI BẬT LÊN,muốn đẹp phải chè làm sao cho các bó cơ trên nổi bật lên.
VIVOSDEV02_R045_clean,vivos,phowhisper,small,zero_shot,,42,clean,clean,CÔ CỨ NHÈ NGAY CÁI NỌNG CÁ TRÊ,cô cứ nhè cái nọng cái chê.
VIVOSDEV02_R045_snr0,vivos,phowhisper,small,zero_shot,,42,0,music,CÔ CỨ NHÈ NGAY CÁI NỌNG CÁ TRÊ,cô cứ nhè cái nọc cái chê.
VIVOSDEV02_R045_snr10,vivos,phowhisper,small,zero_shot,,42,10,noise,CÔ CỨ NHÈ NGAY CÁI NỌNG CÁ TRÊ,cô cứ nhè cái nọc cái chê.
VIVOSDEV02_R045_snr20,vivos,phowhisper,small,zero_shot,,42,20,noise,CÔ CỨ NHÈ NGAY CÁI NỌNG CÁ TRÊ,cô cứ nhè cái nọc cái chê.
VIVOSDEV02_R045_snr5,vivos,phowhisper,small,zero_shot,,42,5,speech,CÔ CỨ NHÈ NGAY CÁI NỌNG CÁ TRÊ,cô cứ nhè cái nọc cái chê.
VIVOSDEV02_R067_clean,vivos,phowhisper,small,zero_shot,,42,clean,clean,ÔNG CHỦ TỊCH TUYÊN BỐ NHƯ THẾ NÀO,ông chủ tịch tuyên bố như thế nào.
VIVOSDEV02_R067_snr0,vivos,phowhisper,small,zero_shot,,42,0,speech,ÔNG CHỦ TỊCH TUYÊN BỐ NHƯ THẾ NÀO,ông chủ tịch đi bởi như thế nào.
VIVOSDEV02_R067_snr10,vivos,phowhisper,small,zero_shot,,42,10,speech,ÔNG CHỦ TỊCH TUYÊN BỐ NHƯ THẾ NÀO,ông chủ tịch tuyên bố như thế nào.
VIVOSDEV02_R067_snr20,vivos,phowhisper,small,zero_shot,,42,20,music,ÔNG CHỦ TỊCH TUYÊN BỐ NHƯ THẾ NÀO,ông chủ tịch tuyên bố như thế nào.
VIVOSDEV02_R067_snr5,vivos,phowhisper,small,zero_shot,,42,5,noise,ÔNG CHỦ TỊCH TUYÊN BỐ NHƯ THẾ NÀO,ông chủ tịch tuyên bố như thế nào.
VIVOSDEV02_R068_clean,vivos,phowhisper,small,zero_shot,,42,clean,clean,KHIẾN HAI CHA CON CẬU,khiến hai cha con cậu.
VIVOSDEV02_R068_snr0,vivos,phowhisper,small,zero_shot,,42,0,speech,KHIẾN HAI CHA CON CẬU,kiến hai cha con cậu.
VIVOSDEV02_R068_snr10,vivos,phowhisper,small,zero_shot,,42,10,speech,KHIẾN HAI CHA CON CẬU,khiến hai cha con cẩu.
VIVOSDEV02_R068_snr20,vivos,phowhisper,small,zero_shot,,42,20,music,KHIẾN HAI CHA CON CẬU,khiến hai cha con cậu.
VIVOSDEV02_R068_snr5,vivos,phowhisper,small,zero_shot,,42,5,noise,KHIẾN HAI CHA CON CẬU,khiến hai cha con cậu.
VIVOSDEV02_R071_clean,vivos,phowhisper,small,zero_shot,,42,clean,clean,MỖI KHI XE RÁC ĐI NGANG QUA ĐÁNH KẺNG MỚI ĐEM RA ĐỔ,mỗi khi xe lát đi ngang qua tấn kẽm mới đem ra đỗ.
VIVOSDEV02_R071_snr0,vivos,phowhisper,small,zero_shot,,42,0,speech,MỖI KHI XE RÁC ĐI NGANG QUA ĐÁNH KẺNG MỚI ĐEM RA ĐỔ,mỗi khi xe lát thì ngang qua tấn khoẻ mới đẹp ra tổn.
VIVOSDEV02_R071_snr10,vivos,phowhisper,small,zero_shot,,42,10,noise,MỖI KHI XE RÁC ĐI NGANG QUA ĐÁNH KẺNG MỚI ĐEM RA ĐỔ,mỗi khi xe lát đi ngang qua tắng kẽ mới đem ra đỗ.
VIVOSDEV02_R071_snr20,vivos,phowhisper,small,zero_shot,,42,20,speech,MỖI KHI XE RÁC ĐI NGANG QUA ĐÁNH KẺNG MỚI ĐEM RA ĐỔ,mỗi khi xe lát đi ngang qua tắng kẽ mới đem ra đỗ.
VIVOSDEV02_R071_snr5,vivos,phowhisper,small,zero_shot,,42,5,music,MỖI KHI XE RÁC ĐI NGANG QUA ĐÁNH KẺNG MỚI ĐEM RA ĐỔ,mỗi khi xe lát đi ngang qua tắng kẽ mới đem ra đỗ.
VIVOSDEV02_R076_clean,vivos,phowhisper,small,zero_shot,,42,clean,clean,THAY VÌ BỐN GIỜ NHƯ TRƯỚC ĐÂY,thay vì bốn giờ như trước đây.
VIVOSDEV02_R076_snr0,vivos,phowhisper,small,zero_shot,,42,0,speech,THAY VÌ BỐN GIỜ NHƯ TRƯỚC ĐÂY,tay vì bốn giờ như trước đây.
VIVOSDEV02_R076_snr10,vivos,phowhisper,small,zero_shot,,42,10,speech,THAY VÌ BỐN GIỜ NHƯ TRƯỚC ĐÂY,thay vì bốn giờ như trước đây.
VIVOSDEV02_R076_snr20,vivos,phowhisper,small,zero_shot,,42,20,noise,THAY VÌ BỐN GIỜ NHƯ TRƯỚC ĐÂY,thay vì bốn giờ như trước đây.
VIVOSDEV02_R076_snr5,vivos,phowhisper,small,zero_shot,,42,5,noise,THAY VÌ BỐN GIỜ NHƯ TRƯỚC ĐÂY,thay vì bốn giờ như trước đây.
VIVOSDEV02_R079_clean,vivos,phowhisper,small,zero_shot,,42,clean,clean,HẦU HẾT NANG NÀY CÓ NGUỒN GỐC TỪ GÂN CƠ CHÂN NGỖNG,hầu hết cha này có nguồn gốc tự gân cơ chân ngỗng.
VIVOSDEV02_R079_snr0,vivos,phowhisper,small,zero_shot,,42,0,music,HẦU HẾT NANG NÀY CÓ NGUỒN GỐC TỪ GÂN CƠ CHÂN NGỖNG,hầu hết xe này có nguồn gốc từ dân cơ chân đông.
VIVOSDEV02_R079_snr10,vivos,phowhisper,small,zero_shot,,42,10,noise,HẦU HẾT NANG NÀY CÓ NGUỒN GỐC TỪ GÂN CƠ CHÂN NGỖNG,hầu hết trang này có nguồn gốc tựa gân cơ chân ngỗng.
VIVOSDEV02_R079_snr20,vivos,phowhisper,small,zero_shot,,42,20,speech,HẦU HẾT NANG NÀY CÓ NGUỒN GỐC TỪ GÂN CƠ CHÂN NGỖNG,hầu hết cha này có nguồn gốc từ gân cơ chân ngỗng.
VIVOSDEV02_R079_snr5,vivos,phowhisper,small,zero_shot,,42,5,speech,HẦU HẾT NANG NÀY CÓ NGUỒN GỐC TỪ GÂN CƠ CHÂN NGỖNG,hầu hết cha này có nguồn gốc từ gân cơ chân ngỗng.
VIVOSDEV02_R087_clean,vivos,phowhisper,small,zero_shot,,42,clean,clean,TIẾNG MÃ TẤU SẮC LẠNH CHẠM NHAU VÀ CẢ TIẾNG RÊN RỈ,tiếng mã đấu sắc lặng chạm nhau và cả tiếng rên rỉ.
VIVOSDEV02_R087_snr0,vivos,phowhisper,small,zero_shot,,42,0,noise,TIẾNG MÃ TẤU SẮC LẠNH CHẠM NHAU VÀ CẢ TIẾNG RÊN RỈ,tiến mạng đấu sách lành giảm nhau và cả tiếng reng reng.
VIVOSDEV02_R087_snr10,vivos,phowhisper,small,zero_shot,,42,10,speech,TIẾNG MÃ TẤU SẮC LẠNH CHẠM NHAU VÀ CẢ TIẾNG RÊN RỈ,tiếng mã đấu sắc lặng chạm nhau và cả tiếng rên rỉ.
VIVOSDEV02_R087_snr20,vivos,phowhisper,small,zero_shot,,42,20,noise,TIẾNG MÃ TẤU SẮC LẠNH CHẠM NHAU VÀ CẢ TIẾNG RÊN RỈ,tiếng mã đấu sắc lặng chạm nhau và cả tiếng rên rỉ.
VIVOSDEV02_R087_snr5,vivos,phowhisper,small,zero_shot,,42,5,noise,TIẾNG MÃ TẤU SẮC LẠNH CHẠM NHAU VÀ CẢ TIẾNG RÊN RỈ,tiếng mã đấu sắc lạnh chạm nhau và cả tiếng rèn rỉ.
VIVOSDEV02_R089_clean,vivos,phowhisper,small,zero_shot,,42,clean,clean,CÓ HẲN MỘT LOẠT BÀI VIẾT CHUYÊN ĐỀ VỀ QUẢN TRỊ THƯƠNG HIỆU,có hẳn một loạt bài viết chuyên đề về quản trị thương hiệu.
VIVOSDEV02_R089_snr0,vivos,phowhisper,small,zero_shot,,42,0,music,CÓ HẲN MỘT LOẠT BÀI VIẾT CHUYÊN ĐỀ VỀ QUẢN TRỊ THƯƠNG HIỆU,có hẳn một là bài viết chuyên đề về quản trị thương hiệu.
VIVOSDEV02_R089_snr10,vivos,phowhisper,small,zero_shot,,42,10,noise,CÓ HẲN MỘT LOẠT BÀI VIẾT CHUYÊN ĐỀ VỀ QUẢN TRỊ THƯƠNG HIỆU,có hẳn một là bài viết chuyên đề về quản trị thương hiệu.
VIVOSDEV02_R089_snr20,vivos,phowhisper,small,zero_shot,,42,20,speech,CÓ HẲN MỘT LOẠT BÀI VIẾT CHUYÊN ĐỀ VỀ QUẢN TRỊ THƯƠNG HIỆU,có hẳn một là bài viết chuyên đề về quản trị thương hiệu.
VIVOSDEV02_R089_snr5,vivos,phowhisper,small,zero_shot,,42,5,music,CÓ HẲN MỘT LOẠT BÀI VIẾT CHUYÊN ĐỀ VỀ QUẢN TRỊ THƯƠNG HIỆU,có hẳn một loạt bài viết chuyên đề về quản trị thương hiệu.
VIVOSDEV02_R091_clean,vivos,phowhisper,small,zero_shot,,42,clean,clean,HỢP VỚI HƯƠNG VỊ ĐẦU XUÂN,hợp với hương vị đầu sân.
VIVOSDEV02_R091_snr0,vivos,phowhisper,small,zero_shot,,42,0,noise,HỢP VỚI HƯƠNG VỊ ĐẦU XUÂN,hợp với hương vị đầu sân.
VIVOSDEV02_R091_snr10,vivos,phowhisper,small,zero_shot,,42,10,noise,HỢP VỚI HƯƠNG VỊ ĐẦU XUÂN,hợp với hương vị đầu sân.
VIVOSDEV02_R091_snr20,vivos,phowhisper,small,zero_shot,,42,20,noise,HỢP VỚI HƯƠNG VỊ ĐẦU XUÂN,hợp với hương vị đầu sân.
VIVOSDEV02_R091_snr5,vivos,phowhisper,small,zero_shot,,42,5,music,HỢP VỚI HƯƠNG VỊ ĐẦU XUÂN,hợp với hương vị đầu xuân.
VIVOSDEV02_R106_clean,vivos,phowhisper,small,zero_shot,,42,clean,clean,TRỞ NÊN THỤ ĐỘNG,trở nên thụ động.
VIVOSDEV02_R106_snr0,vivos,phowhisper,small,zero_shot,,42,0,speech,TRỞ NÊN THỤ ĐỘNG,trở nên thụ động.
VIVOSDEV02_R106_snr10,vivos,phowhisper,small,zero_shot,,42,10,music,TRỞ NÊN THỤ ĐỘNG,trở nên thụ động.
VIVOSDEV02_R106_snr20,vivos,phowhisper,small,zero_shot,,42,20,noise,TRỞ NÊN THỤ ĐỘNG,trở nên thụ động.
VIVOSDEV02_R106_snr5,vivos,phowhisper,small,zero_shot,,42,5,speech,TRỞ NÊN THỤ ĐỘNG,unk trở nên thụ động.
VIVOSDEV02_R130_clean,vivos,phowhisper,small,zero_shot,,42,clean,clean,CHỊ GẶN HỎI ANH THỀ SỐNG THỀ CHẾT LÀ KHÔNG CÓ,chị gặng hỏi anh thể sống thể chết là không có.
VIVOSDEV02_R130_snr0,vivos,phowhisper,small,zero_shot,,42,0,noise,CHỊ GẶN HỎI ANH THỀ SỐNG THỀ CHẾT LÀ KHÔNG CÓ,chị chẳng hỏi anh thề sống thề chết là không có.
VIVOSDEV02_R130_snr10,vivos,phowhisper,small,zero_shot,,42,10,speech,CHỊ GẶN HỎI ANH THỀ SỐNG THỀ CHẾT LÀ KHÔNG CÓ,chị dẫn hỏi anh thề sống thề chết là không có.
VIVOSDEV02_R130_snr20,vivos,phowhisper,small,zero_shot,,42,20,music,CHỊ GẶN HỎI ANH THỀ SỐNG THỀ CHẾT LÀ KHÔNG CÓ,chị gặng hỏi anh thể sống thể chết là không có.
VIVOSDEV02_R130_snr5,vivos,phowhisper,small,zero_shot,,42,5,music,CHỊ GẶN HỎI ANH THỀ SỐNG THỀ CHẾT LÀ KHÔNG CÓ,chỉ giận hỏi anh thề sống thề chết là không có.
VIVOSDEV02_R132_clean,vivos,phowhisper,small,zero_shot,,42,clean,clean,ĐIỆN THOẠI RENG NHƯNG TA CŨNG PHẢI NHẤC MÁY ĐÚNG KHÔNG,tiện thải ren nhưng ta cũng phải nhấc máy túng không.
VIVOSDEV02_R132_snr0,vivos,phowhisper,small,zero_shot,,42,0,music,ĐIỆN THOẠI RENG NHƯNG TA CŨNG PHẢI NHẤC MÁY ĐÚNG KHÔNG,tiền tải leo nên ta cũng phải nhấc máy đúng không.
VIVOSDEV02_R132_snr10,vivos,phowhisper,small,zero_shot,,42,10,music,ĐIỆN THOẠI RENG NHƯNG TA CŨNG PHẢI NHẤC MÁY ĐÚNG KHÔNG,tiện thải ren nhưng ta cũng phải nhấc máy túng không.
VIVOSDEV02_R132_snr20,vivos,phowhisper,small,zero_shot,,42,20,music,ĐIỆN THOẠI RENG NHƯNG TA CŨNG PHẢI NHẤC MÁY ĐÚNG KHÔNG,tiện thải leng nhưng ta cũng phải nhấc máy đúng không.
VIVOSDEV02_R132_snr5,vivos,phowhisper,small,zero_shot,,42,5,speech,ĐIỆN THOẠI RENG NHƯNG TA CŨNG PHẢI NHẤC MÁY ĐÚNG KHÔNG,điện thoại ra nhưng ta cũng phải nhấc máy đúng không.
VIVOSDEV02_R135_clean,vivos,phowhisper,small,zero_shot,,42,clean,clean,CŨNG THUỘC LOẠI DÀY ĐẶC NHẤT TRONG HỆ MẶT TRỜI,cốm thuộc loại giày đặc nhất trong hệ mặt trời.
VIVOSDEV02_R135_snr0,vivos,phowhisper,small,zero_shot,,42,0,speech,CŨNG THUỘC LOẠI DÀY ĐẶC NHẤT TRONG HỆ MẶT TRỜI,cũng thuộc loại giày đặc nhất trong hệ mặt trời.
VIVOSDEV02_R135_snr10,vivos,phowhisper,small,zero_shot,,42,10,music,CŨNG THUỘC LOẠI DÀY ĐẶC NHẤT TRONG HỆ MẶT TRỜI,cốm thuộc loại giày tạng nhất trong hệ mặt trời.
VIVOSDEV02_R135_snr20,vivos,phowhisper,small,zero_shot,,42,20,speech,CŨNG THUỘC LOẠI DÀY ĐẶC NHẤT TRONG HỆ MẶT TRỜI,cốn thuộc loại giày đặc nhất trong hệ mặt trời.
VIVOSDEV02_R135_snr5,vivos,phowhisper,small,zero_shot,,42,5,speech,CŨNG THUỘC LOẠI DÀY ĐẶC NHẤT TRONG HỆ MẶT TRỜI,tổn thuật loại dày đặc nhất trong hệ mặt trời.
VIVOSDEV02_R137_clean,vivos,phowhisper,small,zero_shot,,42,clean,clean,CÁC VỤ THAM NHŨNG VÀ BÊ BỐI KINH TẾ,các vụ tham nhũng và bê bối kinh tế.
VIVOSDEV02_R137_snr0,vivos,phowhisper,small,zero_shot,,42,0,noise,CÁC VỤ THAM NHŨNG VÀ BÊ BỐI KINH TẾ,các vụ tham nhũng và bê bối kinh tế.
VIVOSDEV02_R137_snr10,vivos,phowhisper,small,zero_shot,,42,10,music,CÁC VỤ THAM NHŨNG VÀ BÊ BỐI KINH TẾ,các cuộc tham nhũng và bê bối kinh tế.
VIVOSDEV02_R137_snr20,vivos,phowhisper,small,zero_shot,,42,20,noise,CÁC VỤ THAM NHŨNG VÀ BÊ BỐI KINH TẾ,các vụ tham nhũng và bê bối kinh tế.
VIVOSDEV02_R137_snr5,vivos,phowhisper,small,zero_shot,,42,5,noise,CÁC VỤ THAM NHŨNG VÀ BÊ BỐI KINH TẾ,các cuộc tham nhũng và bê bối kinh tế.
VIVOSDEV02_R164_clean,vivos,phowhisper,small,zero_shot,,42,clean,clean,CÁC CHƯƠNG TRÌNH CA NHẠC PHẦN LỚN ĐỀU KHÔNG ĐỘT PHÁ,các chương trình ca nhạc phần lớn đều không đột phá.
VIVOSDEV02_R164_snr0,vivos,phowhisper,small,zero_shot,,42,0,speech,CÁC CHƯƠNG TRÌNH CA NHẠC PHẦN LỚN ĐỀU KHÔNG ĐỘT PHÁ,các chương trình ca nhạc phần lớn đều không đột thể.
VIVOSDEV02_R164_snr10,vivos,phowhisper,small,zero_shot,,42,10,noise,CÁC CHƯƠNG TRÌNH CA NHẠC PHẦN LỚN ĐỀU KHÔNG ĐỘT PHÁ,các chương trình ca nhạc hình lớn đều không đột phá.
VIVOSDEV02_R164_snr20,vivos,phowhisper,small,zero_shot,,42,20,speech,CÁC CHƯƠNG TRÌNH CA NHẠC PHẦN LỚN ĐỀU KHÔNG ĐỘT PHÁ,các chương trình ca nhạc phần lớn đều không đột phá.
VIVOSDEV02_R164_snr5,vivos,phowhisper,small,zero_shot,,42,5,speech,CÁC CHƯƠNG TRÌNH CA NHẠC PHẦN LỚN ĐỀU KHÔNG ĐỘT PHÁ,các chương trình ca nhạc hình lớn đều không tột phá.
VIVOSDEV02_R170_clean,vivos,phowhisper,small,zero_shot,,42,clean,clean,RỒI CHẠY SANG GÕ CỬA PHÒNG BA LE HAI DẤM DÚI,rồi chạy sang gõ cửa phòng ba len hai giấm dúi.
VIVOSDEV02_R170_snr0,vivos,phowhisper,small,zero_shot,,42,0,music,RỒI CHẠY SANG GÕ CỬA PHÒNG BA LE HAI DẤM DÚI,rồi chạy sang gõ cửa phòng bà lên hai dấm dui.
VIVOSDEV02_R170_snr10,vivos,phowhisper,small,zero_shot,,42,10,noise,RỒI CHẠY SANG GÕ CỬA PHÒNG BA LE HAI DẤM DÚI,rồi chạy sang gõ cửa phòng ba len hai giấm dúi.
VIVOSDEV02_R170_snr20,vivos,phowhisper,small,zero_shot,,42,20,noise,RỒI CHẠY SANG GÕ CỬA PHÒNG BA LE HAI DẤM DÚI,rồi chạy sang gõ cửa phòng ba len hai giấm dúi.
VIVOSDEV02_R170_snr5,vivos,phowhisper,small,zero_shot,,42,5,speech,RỒI CHẠY SANG GÕ CỬA PHÒNG BA LE HAI DẤM DÚI,rồi chạy sang gõ cửa phòng ba len hai dấm dúi.
VIVOSDEV02_R173_clean,vivos,phowhisper,small,zero_shot,,42,clean,clean,ĐỂ TRẢ TRỞ LẠI ĐẠI DƯƠNG,để trả trở lại đại dương.
VIVOSDEV02_R173_snr0,vivos,phowhisper,small,zero_shot,,42,0,noise,ĐỂ TRẢ TRỞ LẠI ĐẠI DƯƠNG,để trả trở lại tại dương.
VIVOSDEV02_R173_snr10,vivos,phowhisper,small,zero_shot,,42,10,music,ĐỂ TRẢ TRỞ LẠI ĐẠI DƯƠNG,để trả trở lại tại dương.
VIVOSDEV02_R173_snr20,vivos,phowhisper,small,zero_shot,,42,20,noise,ĐỂ TRẢ TRỞ LẠI ĐẠI DƯƠNG,để trả trở lại đại dương.
VIVOSDEV02_R173_snr5,vivos,phowhisper,small,zero_shot,,42,5,music,ĐỂ TRẢ TRỞ LẠI ĐẠI DƯƠNG,để trả trở lại đại dương.
VIVOSDEV02_R181_clean,vivos,phowhisper,small,zero_shot,,42,clean,clean,NÀNG CÓ ĐÔI MẮT TO SÂU VÀ VẦNG TRÁN RỘNG MÊNH MÔNG,nàng có tới mắt to sâu và bình chén rộng mênh mông.
VIVOSDEV02_R181_snr0,vivos,phowhisper,small,zero_shot,,42,0,music,NÀNG CÓ ĐÔI MẮT TO SÂU VÀ VẦNG TRÁN RỘNG MÊNH MÔNG,nàng có tới mắt to sâu và bình chẽ rộng mịn màu.
VIVOSDEV02_R181_snr10,vivos,phowhisper,small,zero_shot,,42,10,noise,NÀNG CÓ ĐÔI MẮT TO SÂU VÀ VẦNG TRÁN RỘNG MÊNH MÔNG,nàng có tới mắt tôi sâu và bình chén rộng mênh mông.
VIVOSDEV02_R181_snr20,vivos,phowhisper,small,zero_shot,,42,20,music,NÀNG CÓ ĐÔI MẮT TO SÂU VÀ VẦNG TRÁN RỘNG MÊNH MÔNG,nàng có tới mắt to sâu và bình chén rộng mênh mông.
VIVOSDEV02_R181_snr5,vivos,phowhisper,small,zero_shot,,42,5,speech,NÀNG CÓ ĐÔI MẮT TO SÂU VÀ VẦNG TRÁN RỘNG MÊNH MÔNG,nàng có tới mắt to sâu và bình chán rộng linh môn.
VIVOSDEV02_R192_clean,vivos,phowhisper,small,zero_shot,,42,clean,clean,TÔI TỰ HỎI PHẢI CHĂNG ĐÓ LÀ DO DAN CÒN QUÁ TRẺ,tôi tự hỏi phải tránh đó là do giang còn quá trẻ.
VIVOSDEV02_R192_snr0,vivos,phowhisper,small,zero_shot,,42,0,noise,TÔI TỰ HỎI PHẢI CHĂNG ĐÓ LÀ DO DAN CÒN QUÁ TRẺ,tôi tự hỏi phải tránh tới lại do gian còn quá trễ.
VIVOSDEV02_R192_snr10,vivos,phowhisper,small,zero_shot,,42,10,music,TÔI TỰ HỎI PHẢI CHĂNG ĐÓ LÀ DO DAN CÒN QUÁ TRẺ,tôi tự hỏi phải tránh đó là do giang còn bỏ trẻ.
VIVOSDEV02_R192_snr20,vivos,phowhisper,small,zero_shot,,42,20,noise,TÔI TỰ HỎI PHẢI CHĂNG ĐÓ LÀ DO DAN CÒN QUÁ TRẺ,tôi tự hỏi phải tránh đó là do giang còn quá trẻ.
VIVOSDEV02_R192_snr5,vivos,phowhisper,small,zero_shot,,42,5,music,TÔI TỰ HỎI PHẢI CHĂNG ĐÓ LÀ DO DAN CÒN QUÁ TRẺ,tôi tự hỏi phải tránh đó là do giang còn quá trẻ.
VIVOSDEV02_R195_clean,vivos,phowhisper,small,zero_shot,,42,clean,clean,ỦY BAN CHÂU ÂU KÊU GỌI NHỮNG QUỐC GIA PHÁT TRIỂN CÒN LẠI,ủy ban châu âu kêu gọi những quốc gia phát triển còn lại.
VIVOSDEV02_R195_snr0,vivos,phowhisper,small,zero_shot,,42,0,noise,ỦY BAN CHÂU ÂU KÊU GỌI NHỮNG QUỐC GIA PHÁT TRIỂN CÒN LẠI,ủy ban châu âu kêu gọi những quốc gia phát triển còn lại.
VIVOSDEV02_R195_snr10,vivos,phowhisper,small,zero_shot,,42,10,noise,ỦY BAN CHÂU ÂU KÊU GỌI NHỮNG QUỐC GIA PHÁT TRIỂN CÒN LẠI,ủy ban châu âu kêu gọi những quốc gia phát triển còn lại.
VIVOSDEV02_R195_snr20,vivos,phowhisper,small,zero_shot,,42,20,noise,ỦY BAN CHÂU ÂU KÊU GỌI NHỮNG QUỐC GIA PHÁT TRIỂN CÒN LẠI,ủy ban châu âu kêu gọi những quốc gia phát triển còn lại.
VIVOSDEV02_R195_snr5,vivos,phowhisper,small,zero_shot,,42,5,noise,ỦY BAN CHÂU ÂU KÊU GỌI NHỮNG QUỐC GIA PHÁT TRIỂN CÒN LẠI,ủy ban châu âu kêu gọi những quốc gia phát triển còn lại.
VIVOSDEV02_R200_clean,vivos,phowhisper,small,zero_shot,,42,clean,clean,VÀ KHI CHÚNG TA SAO NHÃNG CÔNG VIỆC CỦA MÌNH,và khi chúng ta xao nhãng công việc của mình.
VIVOSDEV02_R200_snr0,vivos,phowhisper,small,zero_shot,,42,0,noise,VÀ KHI CHÚNG TA SAO NHÃNG CÔNG VIỆC CỦA MÌNH,và khi chúng ta trang nhãn công việc của mình.
VIVOSDEV02_R200_snr10,vivos,phowhisper,small,zero_shot,,42,10,speech,VÀ KHI CHÚNG TA SAO NHÃNG CÔNG VIỆC CỦA MÌNH,và khi chúng ta xa nhã công việc của mình.
VIVOSDEV02_R200_snr20,vivos,phowhisper,small,zero_shot,,42,20,noise,VÀ KHI CHÚNG TA SAO NHÃNG CÔNG VIỆC CỦA MÌNH,và khi chúng ta xao nhãng công việc của mình.
VIVOSDEV02_R200_snr5,vivos,phowhisper,small,zero_shot,,42,5,music,VÀ KHI CHÚNG TA SAO NHÃNG CÔNG VIỆC CỦA MÌNH,và khi chúng ta xa nhã công việc của mình.
VIVOSDEV02_T004_clean,vivos,phowhisper,small,zero_shot,,42,clean,clean,HÔM NAY EM CÓ TỚI NĂM KHÁCH,hôm nay em có tới năm khác.
VIVOSDEV02_T004_snr0,vivos,phowhisper,small,zero_shot,,42,0,speech,HÔM NAY EM CÓ TỚI NĂM KHÁCH,hôm nay em có tới năm khác.
VIVOSDEV02_T004_snr10,vivos,phowhisper,small,zero_shot,,42,10,speech,HÔM NAY EM CÓ TỚI NĂM KHÁCH,hôm nay em có tới năm khác.
VIVOSDEV02_T004_snr20,vivos,phowhisper,small,zero_shot,,42,20,noise,HÔM NAY EM CÓ TỚI NĂM KHÁCH,hôm nay em có tới năm khác.
VIVOSDEV02_T004_snr5,vivos,phowhisper,small,zero_shot,,42,5,noise,HÔM NAY EM CÓ TỚI NĂM KHÁCH,hôm nay em có tới năm khác.
VIVOSDEV02_T012_clean,vivos,phowhisper,small,zero_shot,,42,clean,clean,MÀY DÁM CHƠI VỢ TAO TAO PHẢI GIẾT MÀY,mày dám chơi vợ tao tao sẽ giết mày.
VIVOSDEV02_T012_snr0,vivos,phowhisper,small,zero_shot,,42,0,noise,MÀY DÁM CHƠI VỢ TAO TAO PHẢI GIẾT MÀY,mày dám chơi với vợ tao tao kiệt giết mày.
VIVOSDEV02_T012_snr10,vivos,phowhisper,small,zero_shot,,42,10,noise,MÀY DÁM CHƠI VỢ TAO TAO PHẢI GIẾT MÀY,mày dám chơi vợ tao tao sẽ giết mày.
VIVOSDEV02_T012_snr20,vivos,phowhisper,small,zero_shot,,42,20,speech,MÀY DÁM CHƠI VỢ TAO TAO PHẢI GIẾT MÀY,mày dám chơi với vợ tao tao sẽ giết mày.
VIVOSDEV02_T012_snr5,vivos,phowhisper,small,zero_shot,,42,5,noise,MÀY DÁM CHƠI VỢ TAO TAO PHẢI GIẾT MÀY,mày dám chơi vợ tao tao sẽ giết mày.
VIVOSDEV02_T015_clean,vivos,phowhisper,small,zero_shot,,42,clean,clean,HẮN CHƠI VỢ ANH THÌ SAO ANH KHÔNG CHƠI VỢ HẮN,hắn chơi vợ anh thì sao anh không chơi vợ anh.
VIVOSDEV02_T015_snr0,vivos,phowhisper,small,zero_shot,,42,0,noise,HẮN CHƠI VỢ ANH THÌ SAO ANH KHÔNG CHƠI VỢ HẮN,hắn chơi vợ anh thì sao anh không chơi vợ anh.
VIVOSDEV02_T015_snr10,vivos,phowhisper,small,zero_shot,,42,10,music,HẮN CHƠI VỢ ANH THÌ SAO ANH KHÔNG CHƠI VỢ HẮN,hắn chơi vợ anh thì sao anh không chơi vợ anh.
VIVOSDEV02_T015_snr20,vivos,phowhisper,small,zero_shot,,42,20,music,HẮN CHƠI VỢ ANH THÌ SAO ANH KHÔNG CHƠI VỢ HẮN,hắn chơi vợ anh thì sao anh không chơi vợ anh.
VIVOSDEV02_T015_snr5,vivos,phowhisper,small,zero_shot,,42,5,noise,HẮN CHƠI VỢ ANH THÌ SAO ANH KHÔNG CHƠI VỢ HẮN,hắn chơi vợ anh thì sao anh không chơi vợ anh.
VIVOSDEV02_T022_clean,vivos,phowhisper,small,zero_shot,,42,clean,clean,THÁNG TRƯỚC CHỒNG VỀ MẤY NGÀY MÌNH NẰM NGỦ THẤY ẤM KINH KHỦNG,tháng chứa chồng về mấy ngày mình nằm ngủ thấy ấm kim khủng.
VIVOSDEV02_T022_snr0,vivos,phowhisper,small,zero_shot,,42,0,noise,THÁNG TRƯỚC CHỒNG VỀ MẤY NGÀY MÌNH NẰM NGỦ THẤY ẤM KINH KHỦNG,tháng chứa chồng về mấy ngày mình nằm ngủ thấy ấm khiêng khôn.
VIVOSDEV02_T022_snr10,vivos,phowhisper,small,zero_shot,,42,10,music,THÁNG TRƯỚC CHỒNG VỀ MẤY NGÀY MÌNH NẰM NGỦ THẤY ẤM KINH KHỦNG,tháng chúa tròn về mấy ngày mà nằm ngủ thấy ấm kim khủng.
VIVOSDEV02_T022_snr20,vivos,phowhisper,small,zero_shot,,42,20,noise,THÁNG TRƯỚC CHỒNG VỀ MẤY NGÀY MÌNH NẰM NGỦ THẤY ẤM KINH KHỦNG,tháng chứa chồng về mấy ngày mình nằm ngủ thấy ấm kim khủng.
VIVOSDEV02_T022_snr5,vivos,phowhisper,small,zero_shot,,42,5,speech,THÁNG TRƯỚC CHỒNG VỀ MẤY NGÀY MÌNH NẰM NGỦ THẤY ẤM KINH KHỦNG,tháng trước chồng về mấy ngày mình nằm ngủ thấy ấm kim thủ.
VIVOSDEV02_T031_clean,vivos,phowhisper,small,zero_shot,,42,clean,clean,CHO EM GÓP MỘT VIÊN GẠCH,cho em góp một viên gạc.
VIVOSDEV02_T031_snr0,vivos,phowhisper,small,zero_shot,,42,0,speech,CHO EM GÓP MỘT VIÊN GẠCH,cho em có một bị gạo hiệu e.
VIVOSDEV02_T031_snr10,vivos,phowhisper,small,zero_shot,,42,10,noise,CHO EM GÓP MỘT VIÊN GẠCH,cho em góp một biến dạng.
VIVOSDEV02_T031_snr20,vivos,phowhisper,small,zero_shot,,42,20,noise,CHO EM GÓP MỘT VIÊN GẠCH,cho em góp một viên gạc.
VIVOSDEV02_T031_snr5,vivos,phowhisper,small,zero_shot,,42,5,speech,CHO EM GÓP MỘT VIÊN GẠCH,cho em góp một viên gạch.
VIVOSDEV02_T050_clean,vivos,phowhisper,small,zero_shot,,42,clean,clean,ANH BỊ ĐẨY TỪ HÀ NỘI VÀO SÀI GÒN,ăn bị đẩy từ hà nội vào sài gòn.
VIVOSDEV02_T050_snr0,vivos,phowhisper,small,zero_shot,,42,0,music,ANH BỊ ĐẨY TỪ HÀ NỘI VÀO SÀI GÒN,anh bị đẩy từ hà nội vào sài gòn.
VIVOSDEV02_T050_snr10,vivos,phowhisper,small,zero_shot,,42,10,music,ANH BỊ ĐẨY TỪ HÀ NỘI VÀO SÀI GÒN,ăn bị đẩy từ hà nội vào sài gòn.
VIVOSDEV02_T050_snr20,vivos,phowhisper,small,zero_shot,,42,20,music,ANH BỊ ĐẨY TỪ HÀ NỘI VÀO SÀI GÒN,ăn bị đẩy từ hà nội vào sài gòn.
VIVOSDEV02_T050_snr5,vivos,phowhisper,small,zero_shot,,42,5,music,ANH BỊ ĐẨY TỪ HÀ NỘI VÀO SÀI GÒN,ăn vị đẩy từ hà nội vào sài gòn.
VIVOSDEV03_R007_clean,vivos,phowhisper,small,zero_shot,,42,clean,clean,MỘT CHUYẾN DU LỊCH DÃ NGOẠI TẠI BÒ CẠP VÀNG,một chuyến du lịch dã ngoại tại bo cạp vàng.
VIVOSDEV03_R007_snr0,vivos,phowhisper,small,zero_shot,,42,0,music,MỘT CHUYẾN DU LỊCH DÃ NGOẠI TẠI BÒ CẠP VÀNG,một chuyến du lịch dã ngoại tại bo cạp vàng.
VIVOSDEV03_R007_snr10,vivos,phowhisper,small,zero_shot,,42,10,noise,MỘT CHUYẾN DU LỊCH DÃ NGOẠI TẠI BÒ CẠP VÀNG,một chuyến du lịch dã ngoại tại bo cạp vàng.
VIVOSDEV03_R007_snr20,vivos,phowhisper,small,zero_shot,,42,20,speech,MỘT CHUYẾN DU LỊCH DÃ NGOẠI TẠI BÒ CẠP VÀNG,một chuyến du lịch dã ngoại tại bo cạp vàng.
VIVOSDEV03_R007_snr5,vivos,phowhisper,small,zero_shot,,42,5,noise,MỘT CHUYẾN DU LỊCH DÃ NGOẠI TẠI BÒ CẠP VÀNG,một chuyến du lịch dã ngoại tại bo cạp vàng.
VIVOSDEV03_R010_clean,vivos,phowhisper,small,zero_shot,,42,clean,clean,ÂM THẦM CHẮT CHIU NUÔI TÔI KHÔN LỚN,âm thầm chắt chiu nuôi tôi khôn lớn.
VIVOSDEV03_R010_snr0,vivos,phowhisper,small,zero_shot,,42,0,music,ÂM THẦM CHẮT CHIU NUÔI TÔI KHÔN LỚN,âm thầm chắt chiu nuôi tôi khôn lớn.
VIVOSDEV03_R010_snr10,vivos,phowhisper,small,zero_shot,,42,10,noise,ÂM THẦM CHẮT CHIU NUÔI TÔI KHÔN LỚN,âm thầm chắt chiu nuôi tôi khôn lớn.
VIVOSDEV03_R010_snr20,vivos,phowhisper,small,zero_shot,,42,20,music,ÂM THẦM CHẮT CHIU NUÔI TÔI KHÔN LỚN,âm thầm chắt chiu nuôi tôi khôn lớn.
VIVOSDEV03_R010_snr5,vivos,phowhisper,small,zero_shot,,42,5,noise,ÂM THẦM CHẮT CHIU NUÔI TÔI KHÔN LỚN,âm hầm chắt chiu nuôi tôi khôn lớn.
VIVOSDEV03_R020_clean,vivos,phowhisper,small,zero_shot,,42,clean,clean,BÊN TRONG TRÁI VẢ KHI BỔ RA SẼ RỖNG CHỨ KHÔNG ĐẶC NHƯ TRÁI SUNG,bên trong trái vả khi bổ ra xẻ rỗng chứ không đặt như trái sung.
VIVOSDEV03_R020_snr0,vivos,phowhisper,small,zero_shot,,42,0,music,BÊN TRONG TRÁI VẢ KHI BỔ RA SẼ RỖNG CHỨ KHÔNG ĐẶC NHƯ TRÁI SUNG,bên trong trái vả khi bổ ra thẻ rộng chứ không đặc như trái sung.
VIVOSDEV03_R020_snr10,vivos,phowhisper,small,zero_shot,,42,10,music,BÊN TRONG TRÁI VẢ KHI BỔ RA SẼ RỖNG CHỨ KHÔNG ĐẶC NHƯ TRÁI SUNG,bên trong trái vả khi bổ ra sẽ rỗng chứ không đặt như trái sung.
VIVOSDEV03_R020_snr20,vivos,phowhisper,small,zero_shot,,42,20,noise,BÊN TRONG TRÁI VẢ KHI BỔ RA SẼ RỖNG CHỨ KHÔNG ĐẶC NHƯ TRÁI SUNG,bên trong trái vả khi bổ ra xẻ rỗng chứ không đặt như trái sung.
VIVOSDEV03_R020_snr5,vivos,phowhisper,small,zero_shot,,42,5,noise,BÊN TRONG TRÁI VẢ KHI BỔ RA SẼ RỖNG CHỨ KHÔNG ĐẶC NHƯ TRÁI SUNG,bên trong trái vả khi bổ ra xẻ rỗng chứ không đặc như trái sung.
VIVOSDEV03_R029_clean,vivos,phowhisper,small,zero_shot,,42,clean,clean,NÊN HAI MỐ CẦU BỊ SỤP ĐẤT KHIẾN LỐI ĐI BỘ QUÁ NGUY HIỂM,nên hai mố cầu bị sụp đất khiến lối đi bộ quá nguy hiểm.
VIVOSDEV03_R029_snr0,vivos,phowhisper,small,zero_shot,,42,0,speech,NÊN HAI MỐ CẦU BỊ SỤP ĐẤT KHIẾN LỐI ĐI BỘ QUÁ NGUY HIỂM,n h nên hai mố cầu bị sụp đất khiến lối đi bộ quá nguy hiểm.
VIVOSDEV03_R029_snr10,vivos,phowhisper,small,zero_shot,,42,10,speech,NÊN HAI MỐ CẦU BỊ SỤP ĐẤT KHIẾN LỐI ĐI BỘ QUÁ NGUY HIỂM,nên hai mố cầu bị sập đất khiến lối đi bộ quá nguy hiểm.
VIVOSDEV03_R029_snr20,vivos,phowhisper,small,zero_shot,,42,20,speech,NÊN HAI MỐ CẦU BỊ SỤP ĐẤT KHIẾN LỐI ĐI BỘ QUÁ NGUY HIỂM,nên hai mố cầu bị sập đất khiến lối đi bộ quá nguy hiểm.
VIVOSDEV03_R029_snr5,vivos,phowhisper,small,zero_shot,,42,5,noise,NÊN HAI MỐ CẦU BỊ SỤP ĐẤT KHIẾN LỐI ĐI BỘ QUÁ NGUY HIỂM,nên hai mố cầu bị sụp đất khiến lối đi bộ quá nguy hiểm.
VIVOSDEV03_R041_clean,vivos,phowhisper,small,zero_shot,,42,clean,clean,LUÔN ỔN ĐỊNH VÀ CÁC XE TRẤU KHÁ NẶNG,luôn ổn định và các xe trấu khá nặng.
VIVOSDEV03_R041_snr0,vivos,phowhisper,small,zero_shot,,42,0,music,LUÔN ỔN ĐỊNH VÀ CÁC XE TRẤU KHÁ NẶNG,luôn ổn định và các xe trấu khá nặng.
VIVOSDEV03_R041_snr10,vivos,phowhisper,small,zero_shot,,42,10,noise,LUÔN ỔN ĐỊNH VÀ CÁC XE TRẤU KHÁ NẶNG,luôn ổn định và các xe trấu khá nặng.
VIVOSDEV03_R041_snr20,vivos,phowhisper,small,zero_shot,,42,20,speech,LUÔN ỔN ĐỊNH VÀ CÁC XE TRẤU KHÁ NẶNG,luôn ổn định và các xe trấu khá nặng.
VIVOSDEV03_R041_snr5,vivos,phowhisper,small,zero_shot,,42,5,noise,LUÔN ỔN ĐỊNH VÀ CÁC XE TRẤU KHÁ NẶNG,luôn ổn định và các xe trấu khá nặng.
VIVOSDEV03_R044_clean,vivos,phowhisper,small,zero_shot,,42,clean,clean,VÀ KHI HỌ VẠCH TÓC RA,và khi họ vạch tóc ra.
VIVOSDEV03_R044_snr0,vivos,phowhisper,small,zero_shot,,42,0,noise,VÀ KHI HỌ VẠCH TÓC RA,và khi họ bạch tóc ra.
VIVOSDEV03_R044_snr10,vivos,phowhisper,small,zero_shot,,42,10,noise,VÀ KHI HỌ VẠCH TÓC RA,và khi họ vạch tóc ra.
VIVOSDEV03_R044_snr20,vivos,phowhisper,small,zero_shot,,42,20,noise,VÀ KHI HỌ VẠCH TÓC RA,và khi họ vạch tóc ra.
VIVOSDEV03_R044_snr5,vivos,phowhisper,small,zero_shot,,42,5,noise,VÀ KHI HỌ VẠCH TÓC RA,và khi họ vạch tóc ra.
VIVOSDEV03_R056_clean,vivos,phowhisper,small,zero_shot,,42,clean,clean,SƯƠNG MÙ ĐÃ ĐỌNG THÀNH NHỮNG HẠT GIÁ BĂNG,sương mù đã đọng thành những hạt giá băng.
VIVOSDEV03_R056_snr0,vivos,phowhisper,small,zero_shot,,42,0,noise,SƯƠNG MÙ ĐÃ ĐỌNG THÀNH NHỮNG HẠT GIÁ BĂNG,sương mù đã đọng thành những hạt giá băng.
VIVOSDEV03_R056_snr10,vivos,phowhisper,small,zero_shot,,42,10,noise,SƯƠNG MÙ ĐÃ ĐỌNG THÀNH NHỮNG HẠT GIÁ BĂNG,sương mù đã đọng thành những hạt giá băng.
VIVOSDEV03_R056_snr20,vivos,phowhisper,small,zero_shot,,42,20,noise,SƯƠNG MÙ ĐÃ ĐỌNG THÀNH NHỮNG HẠT GIÁ BĂNG,sương mù đã đọng thành những hạt giá băng.
VIVOSDEV03_R056_snr5,vivos,phowhisper,small,zero_shot,,42,5,noise,SƯƠNG MÙ ĐÃ ĐỌNG THÀNH NHỮNG HẠT GIÁ BĂNG,sương mù đã đọng thành những hạt giá băng.
VIVOSDEV03_R061_clean,vivos,phowhisper,small,zero_shot,,42,clean,clean,LÀ TIẾNG TRỐNG LÂN TÙNG XÈNG VUI TAI,là tiếng trống lăn tùng sàn vui tai.
VIVOSDEV03_R061_snr0,vivos,phowhisper,small,zero_shot,,42,0,speech,LÀ TIẾNG TRỐNG LÂN TÙNG XÈNG VUI TAI,là tiếng trống lâng tùng xe vui tai.
VIVOSDEV03_R061_snr10,vivos,phowhisper,small,zero_shot,,42,10,speech,LÀ TIẾNG TRỐNG LÂN TÙNG XÈNG VUI TAI,là tiếng trống lân tùng sàn vui tai.
VIVOSDEV03_R061_snr20,vivos,phowhisper,small,zero_shot,,42,20,music,LÀ TIẾNG TRỐNG LÂN TÙNG XÈNG VUI TAI,là tiếng trống lăn tùng sàn vui tai.
VIVOSDEV03_R061_snr5,vivos,phowhisper,small,zero_shot,,42,5,music,LÀ TIẾNG TRỐNG LÂN TÙNG XÈNG VUI TAI,là tiếng trống lân tùng sàng vui tai.
VIVOSDEV03_R082_clean,vivos,phowhisper,small,zero_shot,,42,clean,clean,GHÉP CÀNH MAI GIẢO VÀO THÂN CỔ THỤ CHO HOA CÁNH LỚN,ghép cành mai dạo vào thân cổ thụ cho hoa cánh lớn.
VIVOSDEV03_R082_snr0,vivos,phowhisper,small,zero_shot,,42,0,music,GHÉP CÀNH MAI GIẢO VÀO THÂN CỔ THỤ CHO HOA CÁNH LỚN,ghép cành mai dảo vào thân cổ thụ cho hoa cánh lớn.
VIVOSDEV03_R082_snr10,vivos,phowhisper,small,zero_shot,,42,10,speech,GHÉP CÀNH MAI GIẢO VÀO THÂN CỔ THỤ CHO HOA CÁNH LỚN,ghép cành mai dạo vào thân cổ thụ cho hoa cánh lớn.
VIVOSDEV03_R082_snr20,vivos,phowhisper,small,zero_shot,,42,20,noise,GHÉP CÀNH MAI GIẢO VÀO THÂN CỔ THỤ CHO HOA CÁNH LỚN,ghép cành mai dạo vào thân cổ thụ cho hoa cánh lớn.
VIVOSDEV03_R082_snr5,vivos,phowhisper,small,zero_shot,,42,5,noise,GHÉP CÀNH MAI GIẢO VÀO THÂN CỔ THỤ CHO HOA CÁNH LỚN,ghép cành mai dạo vào thân cổ thụ cho hoa cánh lớn.
VIVOSDEV03_R092_clean,vivos,phowhisper,small,zero_shot,,42,clean,clean,ĐỂ CHỌN MÁY IN CHO PHÙ HỢP,để chọn máy in cho phù hợp.
VIVOSDEV03_R092_snr0,vivos,phowhisper,small,zero_shot,,42,0,music,ĐỂ CHỌN MÁY IN CHO PHÙ HỢP,để chọn máy hình cho phù hợp.
VIVOSDEV03_R092_snr10,vivos,phowhisper,small,zero_shot,,42,10,speech,ĐỂ CHỌN MÁY IN CHO PHÙ HỢP,để chọn máy in cho phù hợp.
VIVOSDEV03_R092_snr20,vivos,phowhisper,small,zero_shot,,42,20,music,ĐỂ CHỌN MÁY IN CHO PHÙ HỢP,để chọn máy in cho phù hợp.
VIVOSDEV03_R092_snr5,vivos,phowhisper,small,zero_shot,,42,5,noise,ĐỂ CHỌN MÁY IN CHO PHÙ HỢP,để chọn máy in cho phù hợp.
VIVOSDEV03_R113_clean,vivos,phowhisper,small,zero_shot,,42,clean,clean,VÌ BẠN CÓ THỂ LẢY CÒ TỪNG PHÁT MỘT,vì bạn có thể lấy cò từng phát một.
VIVOSDEV03_R113_snr0,vivos,phowhisper,small,zero_shot,,42,0,noise,VÌ BẠN CÓ THỂ LẢY CÒ TỪNG PHÁT MỘT,vì bạn có thể lấy cò tự thân.
VIVOSDEV03_R113_snr10,vivos,phowhisper,small,zero_shot,,42,10,music,VÌ BẠN CÓ THỂ LẢY CÒ TỪNG PHÁT MỘT,vì bạn có thể lấy cò từng phát một.
VIVOSDEV03_R113_snr20,vivos,phowhisper,small,zero_shot,,42,20,music,VÌ BẠN CÓ THỂ LẢY CÒ TỪNG PHÁT MỘT,vì bạn có thể lấy cò từng phát một.
VIVOSDEV03_R113_snr5,vivos,phowhisper,small,zero_shot,,42,5,noise,VÌ BẠN CÓ THỂ LẢY CÒ TỪNG PHÁT MỘT,vì bạn có thể lấy cò từng phát một.
VIVOSDEV03_R117_clean,vivos,phowhisper,small,zero_shot,,42,clean,clean,VAI TRÒ CỦA CHẾ ĐỘ DINH DƯỠNG,vai trò của chế độ dinh dưỡng.
VIVOSDEV03_R117_snr0,vivos,phowhisper,small,zero_shot,,42,0,speech,VAI TRÒ CỦA CHẾ ĐỘ DINH DƯỠNG,vai trò của chế độ dịch vụ.
VIVOSDEV03_R117_snr10,vivos,phowhisper,small,zero_shot,,42,10,noise,VAI TRÒ CỦA CHẾ ĐỘ DINH DƯỠNG,vai trò của chế độ dinh dưỡng.
VIVOSDEV03_R117_snr20,vivos,phowhisper,small,zero_shot,,42,20,speech,VAI TRÒ CỦA CHẾ ĐỘ DINH DƯỠNG,vai trò của chế độ dinh dưỡng.
VIVOSDEV03_R117_snr5,vivos,phowhisper,small,zero_shot,,42,5,music,VAI TRÒ CỦA CHẾ ĐỘ DINH DƯỠNG,vai trò của chế độ dinh dưỡng.
VIVOSDEV03_R119_clean,vivos,phowhisper,small,zero_shot,,42,clean,clean,KHÔNG HIỂU SAO,không hiểu sao.
VIVOSDEV03_R119_snr0,vivos,phowhisper,small,zero_shot,,42,0,speech,KHÔNG HIỂU SAO,không hiểu sao.
VIVOSDEV03_R119_snr10,vivos,phowhisper,small,zero_shot,,42,10,music,KHÔNG HIỂU SAO,không hiểu sao.
VIVOSDEV03_R119_snr20,vivos,phowhisper,small,zero_shot,,42,20,speech,KHÔNG HIỂU SAO,không hiểu sao.
VIVOSDEV03_R119_snr5,vivos,phowhisper,small,zero_shot,,42,5,speech,KHÔNG HIỂU SAO,không hiểu sao.
VIVOSDEV03_R120_clean,vivos,phowhisper,small,zero_shot,,42,clean,clean,KHIẾN PHỤ HUYNH HIỂU NHẦM,khiến phụ huynh hiểu nhầm.
VIVOSDEV03_R120_snr0,vivos,phowhisper,small,zero_shot,,42,0,speech,KHIẾN PHỤ HUYNH HIỂU NHẦM,khiến phụ huynh hiểu nhầm.
VIVOSDEV03_R120_snr10,vivos,phowhisper,small,zero_shot,,42,10,noise,KHIẾN PHỤ HUYNH HIỂU NHẦM,khiến phụ huynh hiểu nhầm.
VIVOSDEV03_R120_snr20,vivos,phowhisper,small,zero_shot,,42,20,music,KHIẾN PHỤ HUYNH HIỂU NHẦM,khiến phụ huynh hiểu nhầm.
VIVOSDEV03_R120_snr5,vivos,phowhisper,small,zero_shot,,42,5,noise,KHIẾN PHỤ HUYNH HIỂU NHẦM,khiến phụ huynh hiểu nhầm.
VIVOSDEV03_R125_clean,vivos,phowhisper,small,zero_shot,,42,clean,clean,MỖI KHI CƠN GIÓ ĐẾN,mỗi khi cơn gió đến.
VIVOSDEV03_R125_snr0,vivos,phowhisper,small,zero_shot,,42,0,noise,MỖI KHI CƠN GIÓ ĐẾN,mỗi khi cơn gió đến.
VIVOSDEV03_R125_snr10,vivos,phowhisper,small,zero_shot,,42,10,speech,MỖI KHI CƠN GIÓ ĐẾN,mỗi khi cơn gió đến.
VIVOSDEV03_R125_snr20,vivos,phowhisper,small,zero_shot,,42,20,noise,MỖI KHI CƠN GIÓ ĐẾN,mỗi khi cơn gió đến.
VIVOSDEV03_R125_snr5,vivos,phowhisper,small,zero_shot,,42,5,noise,MỖI KHI CƠN GIÓ ĐẾN,mỗi khi cơn gió đến.
VIVOSDEV03_R142_clean,vivos,phowhisper,small,zero_shot,,42,clean,clean,TRONG TƯ THẾ PHI NGỰA CHỒM LÊN,trong tư thế phi ngựa chồng lên.
VIVOSDEV03_R142_snr0,vivos,phowhisper,small,zero_shot,,42,0,noise,TRONG TƯ THẾ PHI NGỰA CHỒM LÊN,trong tư thế phi ngựa chòm lên.
VIVOSDEV03_R142_snr10,vivos,phowhisper,small,zero_shot,,42,10,music,TRONG TƯ THẾ PHI NGỰA CHỒM LÊN,trong tư thế phi ngựa chồm lên.
VIVOSDEV03_R142_snr20,vivos,phowhisper,small,zero_shot,,42,20,noise,TRONG TƯ THẾ PHI NGỰA CHỒM LÊN,trong tư thế phi ngựa chồng lên.
VIVOSDEV03_R142_snr5,vivos,phowhisper,small,zero_shot,,42,5,speech,TRONG TƯ THẾ PHI NGỰA CHỒM LÊN,trong tư thế phi ngựa chồng lên.
VIVOSDEV03_R144_clean,vivos,phowhisper,small,zero_shot,,42,clean,clean,MÀ CŨNG ĐẦY THANH KHIẾT,mà cũng đầy thân thiết.
VIVOSDEV03_R144_snr0,vivos,phowhisper,small,zero_shot,,42,0,noise,MÀ CŨNG ĐẦY THANH KHIẾT,mà cũng đầy thân thiết.
VIVOSDEV03_R144_snr10,vivos,phowhisper,small,zero_shot,,42,10,music,MÀ CŨNG ĐẦY THANH KHIẾT,mà cũng đầy thân thiết.
VIVOSDEV03_R144_snr20,vivos,phowhisper,small,zero_shot,,42,20,noise,MÀ CŨNG ĐẦY THANH KHIẾT,mà cũng đầy thân thiết.
VIVOSDEV03_R144_snr5,vivos,phowhisper,small,zero_shot,,42,5,noise,MÀ CŨNG ĐẦY THANH KHIẾT,mà cũng đầy thân thiết.
VIVOSDEV03_R149_clean,vivos,phowhisper,small,zero_shot,,42,clean,clean,BÀ CON CHÒM XÓM,bà con trộm xóm.
VIVOSDEV03_R149_snr0,vivos,phowhisper,small,zero_shot,,42,0,speech,BÀ CON CHÒM XÓM,bà có chấm xóm.
VIVOSDEV03_R149_snr10,vivos,phowhisper,small,zero_shot,,42,10,speech,BÀ CON CHÒM XÓM,bà con trồng sớm.
VIVOSDEV03_R149_snr20,vivos,phowhisper,small,zero_shot,,42,20,noise,BÀ CON CHÒM XÓM,bà con trộm sớm.
VIVOSDEV03_R149_snr5,vivos,phowhisper,small,zero_shot,,42,5,speech,BÀ CON CHÒM XÓM,bà con trộm sớm.
VIVOSDEV03_R156_clean,vivos,phowhisper,small,zero_shot,,42,clean,clean,ĐÂY LÀ MỨC LÃI SUẤT THẤP NHẤT QUA CÁC PHIÊN ĐẤU THẦU,đây là mức lãi suất thấp nhất qua các phiên đối thầu.
VIVOSDEV03_R156_snr0,vivos,phowhisper,small,zero_shot,,42,0,music,ĐÂY LÀ MỨC LÃI SUẤT THẤP NHẤT QUA CÁC PHIÊN ĐẤU THẦU,đây là mức lãi suất thấp nhất qua các phiên đối thầu.
VIVOSDEV03_R156_snr10,vivos,phowhisper,small,zero_shot,,42,10,music,ĐÂY LÀ MỨC LÃI SUẤT THẤP NHẤT QUA CÁC PHIÊN ĐẤU THẦU,đây là mức lãi suất thấp nhất qua các phiên đối hầu.
VIVOSDEV03_R156_snr20,vivos,phowhisper,small,zero_shot,,42,20,music,ĐÂY LÀ MỨC LÃI SUẤT THẤP NHẤT QUA CÁC PHIÊN ĐẤU THẦU,đây là mức lãi suất thấp nhất qua các phiên đối thầu.
VIVOSDEV03_R156_snr5,vivos,phowhisper,small,zero_shot,,42,5,noise,ĐÂY LÀ MỨC LÃI SUẤT THẤP NHẤT QUA CÁC PHIÊN ĐẤU THẦU,đây là mức lãi suất thấp nhất qua các phiên đối thầu.
VIVOSDEV03_R160_clean,vivos,phowhisper,small,zero_shot,,42,clean,clean,DỌC HAI BÊN SÔNG NGÀN SÂU,dọc hai bên sông ngàn sâu.
VIVOSDEV03_R160_snr0,vivos,phowhisper,small,zero_shot,,42,0,music,DỌC HAI BÊN SÔNG NGÀN SÂU,dọc hai bên sông ngàn sâu.
VIVOSDEV03_R160_snr10,vivos,phowhisper,small,zero_shot,,42,10,noise,DỌC HAI BÊN SÔNG NGÀN SÂU,dọc hai bên sông ngàn sâu.
VIVOSDEV03_R160_snr20,vivos,phowhisper,small,zero_shot,,42,20,noise,DỌC HAI BÊN SÔNG NGÀN SÂU,dọc hai bên sông ngàn sâu.
VIVOSDEV03_R160_snr5,vivos,phowhisper,small,zero_shot,,42,5,music,DỌC HAI BÊN SÔNG NGÀN SÂU,dọc hai bên sông ngàn sâu.
VIVOSDEV03_R182_clean,vivos,phowhisper,small,zero_shot,,42,clean,clean,MỘT KẾ HOẠCH TƯƠNG TỰ ĐƯỢC ÁP DỤNG Ở ANH,một kế hoạch tương tự được áp dụng ở anh.
VIVOSDEV03_R182_snr0,vivos,phowhisper,small,zero_shot,,42,0,noise,MỘT KẾ HOẠCH TƯƠNG TỰ ĐƯỢC ÁP DỤNG Ở ANH,một kế hoạch tương tự được áp dụng ở anh.
VIVOSDEV03_R182_snr10,vivos,phowhisper,small,zero_shot,,42,10,music,MỘT KẾ HOẠCH TƯƠNG TỰ ĐƯỢC ÁP DỤNG Ở ANH,một kế hoạch tương tự được áp dụng ở anh.
VIVOSDEV03_R182_snr20,vivos,phowhisper,small,zero_shot,,42,20,music,MỘT KẾ HOẠCH TƯƠNG TỰ ĐƯỢC ÁP DỤNG Ở ANH,một kế hoạch tương tự được áp dụng ở anh.
VIVOSDEV03_R182_snr5,vivos,phowhisper,small,zero_shot,,42,5,music,MỘT KẾ HOẠCH TƯƠNG TỰ ĐƯỢC ÁP DỤNG Ở ANH,một kế hoạch tương tự được áp dụng ở anh.
VIVOSDEV03_R191_clean,vivos,phowhisper,small,zero_shot,,42,clean,clean,CỠI NGỰA ĐI THI,kởi ngựa đi thi.
VIVOSDEV03_R191_snr0,vivos,phowhisper,small,zero_shot,,42,0,speech,CỠI NGỰA ĐI THI,có ý ngợi đi thi.
VIVOSDEV03_R191_snr10,vivos,phowhisper,small,zero_shot,,42,10,noise,CỠI NGỰA ĐI THI,kởi ngựa đi thi.
VIVOSDEV03_R191_snr20,vivos,phowhisper,small,zero_shot,,42,20,music,CỠI NGỰA ĐI THI,kởi ngựa đi thi.
VIVOSDEV03_R191_snr5,vivos,phowhisper,small,zero_shot,,42,5,noise,CỠI NGỰA ĐI THI,kởi ngựa đi thi.
VIVOSDEV03_R193_clean,vivos,phowhisper,small,zero_shot,,42,clean,clean,ÔI DÀO,ôi dào.
VIVOSDEV03_R193_snr0,vivos,phowhisper,small,zero_shot,,42,0,music,ÔI DÀO,ôi vào.
VIVOSDEV03_R193_snr10,vivos,phowhisper,small,zero_shot,,42,10,noise,ÔI DÀO,o dào.
VIVOSDEV03_R193_snr20,vivos,phowhisper,small,zero_shot,,42,20,noise,ÔI DÀO,ôi giàu.
VIVOSDEV03_R193_snr5,vivos,phowhisper,small,zero_shot,,42,5,noise,ÔI DÀO,ôi giàu.
VIVOSDEV03_R198_clean,vivos,phowhisper,small,zero_shot,,42,clean,clean,RỒI ĐI KHẮP NƠI TÌM THẦY CHỮA BỆNH CHO ANH,rồi đi khắp nơi tìm thầy chữa bệnh cho anh.
VIVOSDEV03_R198_snr0,vivos,phowhisper,small,zero_shot,,42,0,speech,RỒI ĐI KHẮP NƠI TÌM THẦY CHỮA BỆNH CHO ANH,rồi đi khắp nơi tìm thầy chữa bệnh cho anh.
VIVOSDEV03_R198_snr10,vivos,phowhisper,small,zero_shot,,42,10,speech,RỒI ĐI KHẮP NƠI TÌM THẦY CHỮA BỆNH CHO ANH,rồi đi khắp nơi tìm thầy chữa bệnh cho anh.
VIVOSDEV03_R198_snr20,vivos,phowhisper,small,zero_shot,,42,20,noise,RỒI ĐI KHẮP NƠI TÌM THẦY CHỮA BỆNH CHO ANH,rồi đi khắp nơi tìm thầy chữa bệnh cho anh.
VIVOSDEV03_R198_snr5,vivos,phowhisper,small,zero_shot,,42,5,noise,RỒI ĐI KHẮP NƠI TÌM THẦY CHỮA BỆNH CHO ANH,rồi đi khắp nơi tìm thầy chữa bệnh cho anh.
VIVOSDEV03_T009_clean,vivos,phowhisper,small,zero_shot,,42,clean,clean,BÁC ĐANG SUY NGHĨ GÌ THẾ,bác đang suy nghĩ như thế.
VIVOSDEV03_T009_snr0,vivos,phowhisper,small,zero_shot,,42,0,music,BÁC ĐANG SUY NGHĨ GÌ THẾ,bác đang suy nghĩ như thế.
VIVOSDEV03_T009_snr10,vivos,phowhisper,small,zero_shot,,42,10,noise,BÁC ĐANG SUY NGHĨ GÌ THẾ,bạn đang suy nghĩ gì thế.
VIVOSDEV03_T009_snr20,vivos,phowhisper,small,zero_shot,,42,20,speech,BÁC ĐANG SUY NGHĨ GÌ THẾ,bác đang suy nghĩ như thế.
VIVOSDEV03_T009_snr5,vivos,phowhisper,small,zero_shot,,42,5,speech,BÁC ĐANG SUY NGHĨ GÌ THẾ,bác đang suy nghĩ gì thế.
VIVOSDEV03_T017_clean,vivos,phowhisper,small,zero_shot,,42,clean,clean,BÁC VẪN CHƯA TRẢ TIỀN CHO TÔI ĐÂY NHÉ,bác vẫn chưa trả tiền cho tôi đấy nhé.
VIVOSDEV03_T017_snr0,vivos,phowhisper,small,zero_shot,,42,0,noise,BÁC VẪN CHƯA TRẢ TIỀN CHO TÔI ĐÂY NHÉ,bác vẫn chưa trả tiền cho tôi đấy nhé.
VIVOSDEV03_T017_snr10,vivos,phowhisper,small,zero_shot,,42,10,speech,BÁC VẪN CHƯA TRẢ TIỀN CHO TÔI ĐÂY NHÉ,bác vẫn chưa trả tiền cho tôi đấy nhé.
VIVOSDEV03_T017_snr20,vivos,phowhisper,small,zero_shot,,42,20,noise,BÁC VẪN CHƯA TRẢ TIỀN CHO TÔI ĐÂY NHÉ,bác vẫn chưa trả tiền cho tôi đấy nhé.
VIVOSDEV03_T017_snr5,vivos,phowhisper,small,zero_shot,,42,5,noise,BÁC VẪN CHƯA TRẢ TIỀN CHO TÔI ĐÂY NHÉ,bác vẫn chưa trả tiền cho tôi đấy nhé.
VIVOSDEV03_T018_clean,vivos,phowhisper,small,zero_shot,,42,clean,clean,TÔI ĐANG BẬN HỌP,tôi đang bận họp.
VIVOSDEV03_T018_snr0,vivos,phowhisper,small,zero_shot,,42,0,music,TÔI ĐANG BẬN HỌP,tôi đang bận họp.
VIVOSDEV03_T018_snr10,vivos,phowhisper,small,zero_shot,,42,10,music,TÔI ĐANG BẬN HỌP,tôi đang bệnh học.
VIVOSDEV03_T018_snr20,vivos,phowhisper,small,zero_shot,,42,20,music,TÔI ĐANG BẬN HỌP,tôi đang bận họp.
VIVOSDEV03_T018_snr5,vivos,phowhisper,small,zero_shot,,42,5,noise,TÔI ĐANG BẬN HỌP,tôi đang bận họp.
VIVOSDEV03_T041_clean,vivos,phowhisper,small,zero_shot,,42,clean,clean,CON CHÓ LỦI THỦI ĐI THEO CHỦ NÓ,con chó lủi thủi đi theo chủ nó.
VIVOSDEV03_T041_snr0,vivos,phowhisper,small,zero_shot,,42,0,noise,CON CHÓ LỦI THỦI ĐI THEO CHỦ NÓ,con chó lủi thủi đi theo chỗ nó.
VIVOSDEV03_T041_snr10,vivos,phowhisper,small,zero_shot,,42,10,music,CON CHÓ LỦI THỦI ĐI THEO CHỦ NÓ,con chó lủi thủi đi theo chủ nó.
VIVOSDEV03_T041_snr20,vivos,phowhisper,small,zero_shot,,42,20,noise,CON CHÓ LỦI THỦI ĐI THEO CHỦ NÓ,con chó lủi thủi đi theo chủ nó.
VIVOSDEV03_T041_snr5,vivos,phowhisper,small,zero_shot,,42,5,noise,CON CHÓ LỦI THỦI ĐI THEO CHỦ NÓ,con chó lủi thủi đi theo chỗ nó.
VIVOSDEV04_R002_clean,vivos,phowhisper,small,zero_shot,,42,clean,clean,ĐÓ CŨNG LÀ ĐỘNG LỰC THÚC ĐẨY TÔI,đó cũng là động lực thúc đẩy tôi.
VIVOSDEV04_R002_snr0,vivos,phowhisper,small,zero_shot,,42,0,speech,ĐÓ CŨNG LÀ ĐỘNG LỰC THÚC ĐẨY TÔI,đó cũng là động lực thúc đẩy tôi.
VIVOSDEV04_R002_snr10,vivos,phowhisper,small,zero_shot,,42,10,noise,ĐÓ CŨNG LÀ ĐỘNG LỰC THÚC ĐẨY TÔI,đó cũng là động lực thúc đẩy tôi.
VIVOSDEV04_R002_snr20,vivos,phowhisper,small,zero_shot,,42,20,noise,ĐÓ CŨNG LÀ ĐỘNG LỰC THÚC ĐẨY TÔI,đó cũng là động lực thúc đẩy tôi.
VIVOSDEV04_R002_snr5,vivos,phowhisper,small,zero_shot,,42,5,noise,ĐÓ CŨNG LÀ ĐỘNG LỰC THÚC ĐẨY TÔI,đó cũng là động lực thúc đẩy tôi.
VIVOSDEV04_R004_clean,vivos,phowhisper,small,zero_shot,,42,clean,clean,ĐÔI KHI BẠN CŨNG CÓ THỂ LÀM NHỮNG ĐIỀU ĐÓ,đôi khi bạn cũng có thể làm những điều đó.
VIVOSDEV04_R004_snr0,vivos,phowhisper,small,zero_shot,,42,0,noise,ĐÔI KHI BẠN CŨNG CÓ THỂ LÀM NHỮNG ĐIỀU ĐÓ,đôi khi bạn cũng có thể làm những điều đó.
VIVOSDEV04_R004_snr10,vivos,phowhisper,small,zero_shot,,42,10,speech,ĐÔI KHI BẠN CŨNG CÓ THỂ LÀM NHỮNG ĐIỀU ĐÓ,đôi khi bạn cũng có thể làm những điều đó.
VIVOSDEV04_R004_snr20,vivos,phowhisper,small,zero_shot,,42,20,noise,ĐÔI KHI BẠN CŨNG CÓ THỂ LÀM NHỮNG ĐIỀU ĐÓ,đôi khi bạn cũng có thể làm những điều đó.
VIVOSDEV04_R004_snr5,vivos,phowhisper,small,zero_shot,,42,5,noise,ĐÔI KHI BẠN CŨNG CÓ THỂ LÀM NHỮNG ĐIỀU ĐÓ,đôi khi bạn cũng có thể làm những điều đó.
VIVOSDEV04_R008_clean,vivos,phowhisper,small,zero_shot,,42,clean,clean,NHỮNG NGÀY ĐẦU VẮNG BÓNG BA VIỆT CỨ THỪ NGƯỜI NGHĨ NGỢI,những ngày đầu vắng bóng ba miệt cứ thừ người nghĩ ngợi.
VIVOSDEV04_R008_snr0,vivos,phowhisper,small,zero_shot,,42,0,noise,NHỮNG NGÀY ĐẦU VẮNG BÓNG BA VIỆT CỨ THỪ NGƯỜI NGHĨ NGỢI,những ngày đầu vắng bóng ba mượt cứ thừ người nghỉ ngơi.
VIVOSDEV04_R008_snr10,vivos,phowhisper,small,zero_shot,,42,10,noise,NHỮNG NGÀY ĐẦU VẮNG BÓNG BA VIỆT CỨ THỪ NGƯỜI NGHĨ NGỢI,những ngày đầu vắng bóng ba miệt cứ thừ người nghỉ ngơi.
VIVOSDEV04_R008_snr20,vivos,phowhisper,small,zero_shot,,42,20,music,NHỮNG NGÀY ĐẦU VẮNG BÓNG BA VIỆT CỨ THỪ NGƯỜI NGHĨ NGỢI,những ngày đầu vắng bóng ba miệt cứ thừ người nghĩ ngợi.
VIVOSDEV04_R008_snr5,vivos,phowhisper,small,zero_shot,,42,5,noise,NHỮNG NGÀY ĐẦU VẮNG BÓNG BA VIỆT CỨ THỪ NGƯỜI NGHĨ NGỢI,những ngày đầu vắng bóng ba miệng cứ thừ người nghĩ ngợi.
VIVOSDEV04_R010_clean,vivos,phowhisper,small,zero_shot,,42,clean,clean,CON NHỎ MỞ CÁI TÚI GÚT ĐEO TRÊN CỔ,con nhỏ mở cái túi gút đeo trên cổ.
VIVOSDEV04_R010_snr0,vivos,phowhisper,small,zero_shot,,42,0,music,CON NHỎ MỞ CÁI TÚI GÚT ĐEO TRÊN CỔ,con nhỏ mở cái túi rút đeo trên cổ.
VIVOSDEV04_R010_snr10,vivos,phowhisper,small,zero_shot,,42,10,speech,CON NHỎ MỞ CÁI TÚI GÚT ĐEO TRÊN CỔ,con nhỏ mở cái túi hút đeo trên cổ.
VIVOSDEV04_R010_snr20,vivos,phowhisper,small,zero_shot,,42,20,noise,CON NHỎ MỞ CÁI TÚI GÚT ĐEO TRÊN CỔ,con nhỏ mở cái túi gút đeo trên cổ.
VIVOSDEV04_R010_snr5,vivos,phowhisper,small,zero_shot,,42,5,noise,CON NHỎ MỞ CÁI TÚI GÚT ĐEO TRÊN CỔ,con nhỏ mở cái túi gút đeo trên cổ.
VIVOSDEV04_R023_clean,vivos,phowhisper,small,zero_shot,,42,clean,clean,CHÍNH BÀ CŨNG LÀ NGƯỜI NUNG NẤU NIỀM ĐAM MÊ DIỄN XUẤT CỦA CÔ CON GÁI,chính bà cũng là người nung nấu niềm đam mê diễn xuất của cô con gái.
VIVOSDEV04_R023_snr0,vivos,phowhisper,small,zero_shot,,42,0,music,CHÍNH BÀ CŨNG LÀ NGƯỜI NUNG NẤU NIỀM ĐAM MÊ DIỄN XUẤT CỦA CÔ CON GÁI,chính bà cũng là người nung nấu niềm đam mê diễn xuất của cô con gái.
VIVOSDEV04_R023_snr10,vivos,phowhisper,small,zero_shot,,42,10,music,CHÍNH BÀ CŨNG LÀ NGƯỜI NUNG NẤU NIỀM ĐAM MÊ DIỄN XUẤT CỦA CÔ CON GÁI,chính bà cũng là người nung nấu niềm đam mê diễn xuất của cô con gái.
VIVOSDEV04_R023_snr20,vivos,phowhisper,small,zero_shot,,42,20,noise,CHÍNH BÀ CŨNG LÀ NGƯỜI NUNG NẤU NIỀM ĐAM MÊ DIỄN XUẤT CỦA CÔ CON GÁI,chính bà cũng là người nung nấu niềm đam mê diễn xuất của cô con gái.
VIVOSDEV04_R023_snr5,vivos,phowhisper,small,zero_shot,,42,5,noise,CHÍNH BÀ CŨNG LÀ NGƯỜI NUNG NẤU NIỀM ĐAM MÊ DIỄN XUẤT CỦA CÔ CON GÁI,chính bà cũng là người nung nấu niềm đam mê diễn xuất của cô con gái.
VIVOSDEV04_R047_clean,vivos,phowhisper,small,zero_shot,,42,clean,clean,NHÓM SINH VIÊN TẠI TRƯỜNG CÙNG HỌP MẶT ĂN TẾT CHUNG,nhóm sinh viên tại trường cùng họp mặt ăn tết chung.
VIVOSDEV04_R047_snr0,vivos,phowhisper,small,zero_shot,,42,0,music,NHÓM SINH VIÊN TẠI TRƯỜNG CÙNG HỌP MẶT ĂN TẾT CHUNG,nhóm sinh viên tại trường cùng học mặc ăn tết chung.
VIVOSDEV04_R047_snr10,vivos,phowhisper,small,zero_shot,,42,10,noise,NHÓM SINH VIÊN TẠI TRƯỜNG CÙNG HỌP MẶT ĂN TẾT CHUNG,nhóm sinh viên tại trường cùng học mặt ăn tết chung.
VIVOSDEV04_R047_snr20,vivos,phowhisper,small,zero_shot,,42,20,speech,NHÓM SINH VIÊN TẠI TRƯỜNG CÙNG HỌP MẶT ĂN TẾT CHUNG,nhóm sinh viên tại trường cùng họp mặt ăn tết chung.
VIVOSDEV04_R047_snr5,vivos,phowhisper,small,zero_shot,,42,5,music,NHÓM SINH VIÊN TẠI TRƯỜNG CÙNG HỌP MẶT ĂN TẾT CHUNG,nhóm sinh viên tại trường cùng họp mặt ăn tết chung.
VIVOSDEV04_R049_clean,vivos,phowhisper,small,zero_shot,,42,clean,clean,VÌ TỐI ĐÓ,vì tới đó.
VIVOSDEV04_R049_snr0,vivos,phowhisper,small,zero_shot,,42,0,music,VÌ TỐI ĐÓ,vì xứ đó.
VIVOSDEV04_R049_snr10,vivos,phowhisper,small,zero_shot,,42,10,speech,VÌ TỐI ĐÓ,vì tới đó.
VIVOSDEV04_R049_snr20,vivos,phowhisper,small,zero_shot,,42,20,noise,VÌ TỐI ĐÓ,vì tới đó.
VIVOSDEV04_R049_snr5,vivos,phowhisper,small,zero_shot,,42,5,music,VÌ TỐI ĐÓ,vì tới đó.
VIVOSDEV04_R051_clean,vivos,phowhisper,small,zero_shot,,42,clean,clean,RẠCH BÀU MỚP,rạch bàu mướp.
VIVOSDEV04_R051_snr0,vivos,phowhisper,small,zero_shot,,42,0,music,RẠCH BÀU MỚP,rạch bàu nước.
VIVOSDEV04_R051_snr10,vivos,phowhisper,small,zero_shot,,42,10,music,RẠCH BÀU MỚP,rạch bàu mướp.
VIVOSDEV04_R051_snr20,vivos,phowhisper,small,zero_shot,,42,20,noise,RẠCH BÀU MỚP,rặc bàu mướp.
VIVOSDEV04_R051_snr5,vivos,phowhisper,small,zero_shot,,42,5,noise,RẠCH BÀU MỚP,rạch bầu mướp.
VIVOSDEV04_R081_clean,vivos,phowhisper,small,zero_shot,,42,clean,clean,VÀ TÔI THẤY HOA VẠN THỌ VÀNG ƯƠM,và tôi thấy hoa vẫn thọ và ngơm.
VIVOSDEV04_R081_snr0,vivos,phowhisper,small,zero_shot,,42,0,music,VÀ TÔI THẤY HOA VẠN THỌ VÀNG ƯƠM,và tôi thấy qua vận họ còn hơn.
VIVOSDEV04_R081_snr10,vivos,phowhisper,small,zero_shot,,42,10,noise,VÀ TÔI THẤY HOA VẠN THỌ VÀNG ƯƠM,và tôi thấy qua vạn thọ và ngớm.
VIVOSDEV04_R081_snr20,vivos,phowhisper,small,zero_shot,,42,20,music,VÀ TÔI THẤY HOA VẠN THỌ VÀNG ƯƠM,và tôi thấy hoa vẫn thọ và ngớm.
VIVOSDEV04_R081_snr5,vivos,phowhisper,small,zero_shot,,42,5,noise,VÀ TÔI THẤY HOA VẠN THỌ VÀNG ƯƠM,và tôi thấy qua vẫn thọ và ngơm.
VIVOSDEV04_R089_clean,vivos,phowhisper,small,zero_shot,,42,clean,clean,NGỦ TRÊN NỆM KHÔNG PHÙ HỢP,ngủ trên nệm không phù hợp.
VIVOSDEV04_R089_snr0,vivos,phowhisper,small,zero_shot,,42,0,music,NGỦ TRÊN NỆM KHÔNG PHÙ HỢP,mũ trang nệm không phù hợp.
VIVOSDEV04_R089_snr10,vivos,phowhisper,small,zero_shot,,42,10,noise,NGỦ TRÊN NỆM KHÔNG PHÙ HỢP,ngủ trên nệm không phù hợp.
VIVOSDEV04_R089_snr20,vivos,phowhisper,small,zero_shot,,42,20,noise,NGỦ TRÊN NỆM KHÔNG PHÙ HỢP,ngủ trên nệm không phù hợp.
VIVOSDEV04_R089_snr5,vivos,phowhisper,small,zero_shot,,42,5,music,NGỦ TRÊN NỆM KHÔNG PHÙ HỢP,mũ tranh nệm không phù hợp.
VIVOSDEV04_R092_clean,vivos,phowhisper,small,zero_shot,,42,clean,clean,BỊ CÁC CÔ GÁI BAO VÂY RÁO RIẾT,bị cất cô gái bao vây ráo riết.
VIVOSDEV04_R092_snr0,vivos,phowhisper,small,zero_shot,,42,0,speech,BỊ CÁC CÔ GÁI BAO VÂY RÁO RIẾT,mỹ cất cô gái bao vây nấu riết.
VIVOSDEV04_R092_snr10,vivos,phowhisper,small,zero_shot,,42,10,noise,BỊ CÁC CÔ GÁI BAO VÂY RÁO RIẾT,bị các cô gái bao vây ráo riết.
VIVOSDEV04_R092_snr20,vivos,phowhisper,small,zero_shot,,42,20,speech,BỊ CÁC CÔ GÁI BAO VÂY RÁO RIẾT,bị các cô gái bao vây ráo riết.
VIVOSDEV04_R092_snr5,vivos,phowhisper,small,zero_shot,,42,5,noise,BỊ CÁC CÔ GÁI BAO VÂY RÁO RIẾT,bị cấp cô gái bo vai ráo riết.
VIVOSDEV04_R095_clean,vivos,phowhisper,small,zero_shot,,42,clean,clean,TRƠ TRỌI GIỮA ĐỒNG CÁI NHÌN KHẮC KHOẢI,trơ trại giữa đồng cái nhìn khoác khẩy.
VIVOSDEV04_R095_snr0,vivos,phowhisper,small,zero_shot,,42,0,music,TRƠ TRỌI GIỮA ĐỒNG CÁI NHÌN KHẮC KHOẢI,trơ trại giữa đồng cái nhìn mặt mắt phải.
VIVOSDEV04_R095_snr10,vivos,phowhisper,small,zero_shot,,42,10,noise,TRƠ TRỌI GIỮA ĐỒNG CÁI NHÌN KHẮC KHOẢI,trơ trại giữa đồng cái nhìn vất vảy.
VIVOSDEV04_R095_snr20,vivos,phowhisper,small,zero_shot,,42,20,music,TRƠ TRỌI GIỮA ĐỒNG CÁI NHÌN KHẮC KHOẢI,trơ trại giữa đồng cái nhìn khoác khẩy.
VIVOSDEV04_R095_snr5,vivos,phowhisper,small,zero_shot,,42,5,speech,TRƠ TRỌI GIỮA ĐỒNG CÁI NHÌN KHẮC KHOẢI,trơ trại giữa đồng cái nhưng khuất khẩy.
VIVOSDEV04_R097_clean,vivos,phowhisper,small,zero_shot,,42,clean,clean,NGOÀI VIỆC PHÁT HIỆN KẺ THÙ,ngoài việc phát hiện cái thù.
VIVOSDEV04_R097_snr0,vivos,phowhisper,small,zero_shot,,42,0,music,NGOÀI VIỆC PHÁT HIỆN KẺ THÙ,ngoài việc phát hiện cái thù.
VIVOSDEV04_R097_snr10,vivos,phowhisper,small,zero_shot,,42,10,music,NGOÀI VIỆC PHÁT HIỆN KẺ THÙ,ngoài việc phát hiện kẻ thù.
VIVOSDEV04_R097_snr20,vivos,phowhisper,small,zero_shot,,42,20,music,NGOÀI VIỆC PHÁT HIỆN KẺ THÙ,ngoài việc phát hiện cái thù.
VIVOSDEV04_R097_snr5,vivos,phowhisper,small,zero_shot,,42,5,music,NGOÀI VIỆC PHÁT HIỆN KẺ THÙ,ngoài việc vác hiểm cái thù.
VIVOSDEV04_R118_clean,vivos,phowhisper,small,zero_shot,,42,clean,clean,TRẺ EM ĐÂU CÓ CHƯỚNG NGẠI VẬT,trẻ em đâu có chướng ngài vật.
VIVOSDEV04_R118_snr0,vivos,phowhisper,small,zero_shot,,42,0,music,TRẺ EM ĐÂU CÓ CHƯỚNG NGẠI VẬT,trẻ em đâu có chứng ngày vặt.
VIVOSDEV04_R118_snr10,vivos,phowhisper,small,zero_shot,,42,10,music,TRẺ EM ĐÂU CÓ CHƯỚNG NGẠI VẬT,trẻ em đâu có chướng ngại vật.
VIVOSDEV04_R118_snr20,vivos,phowhisper,small,zero_shot,,42,20,music,TRẺ EM ĐÂU CÓ CHƯỚNG NGẠI VẬT,trẻ em đâu có chứng ngài vật.
VIVOSDEV04_R118_snr5,vivos,phowhisper,small,zero_shot,,42,5,music,TRẺ EM ĐÂU CÓ CHƯỚNG NGẠI VẬT,trẻ em đâu có chướng ngại vật.
VIVOSDEV04_R127_clean,vivos,phowhisper,small,zero_shot,,42,clean,clean,RẤT NHIỀU GỬI GẮM VÀ KỲ VỌNG VÀO ÔNG,rất nhiều gửi gắm và kì vọng vào ông.
VIVOSDEV04_R127_snr0,vivos,phowhisper,small,zero_shot,,42,0,music,RẤT NHIỀU GỬI GẮM VÀ KỲ VỌNG VÀO ÔNG,rất nhiều gửi gắm và kỳ vọng vào ông.
VIVOSDEV04_R127_snr10,vivos,phowhisper,small,zero_shot,,42,10,speech,RẤT NHIỀU GỬI GẮM VÀ KỲ VỌNG VÀO ÔNG,rất nhiều gửi gắm và kỳ vọng vào ông.
VIVOSDEV04_R127_snr20,vivos,phowhisper,small,zero_shot,,42,20,noise,RẤT NHIỀU GỬI GẮM VÀ KỲ VỌNG VÀO ÔNG,rất nhiều gửi gắm và kì vọng vào ông.
VIVOSDEV04_R127_snr5,vivos,phowhisper,small,zero_shot,,42,5,music,RẤT NHIỀU GỬI GẮM VÀ KỲ VỌNG VÀO ÔNG,rất nhiều gửi gắm và kỳ vọng vào ông.
VIVOSDEV04_R129_clean,vivos,phowhisper,small,zero_shot,,42,clean,clean,ĐANG THẢO LUẬN VỀ ĐỀ XUẤT,đang thảo luận về đề xuất.
VIVOSDEV04_R129_snr0,vivos,phowhisper,small,zero_shot,,42,0,noise,ĐANG THẢO LUẬN VỀ ĐỀ XUẤT,đang thấu lập vì đề xuất.
VIVOSDEV04_R129_snr10,vivos,phowhisper,small,zero_shot,,42,10,noise,ĐANG THẢO LUẬN VỀ ĐỀ XUẤT,đang thảo luận về đề xuất.
VIVOSDEV04_R129_snr20,vivos,phowhisper,small,zero_shot,,42,20,music,ĐANG THẢO LUẬN VỀ ĐỀ XUẤT,đang thảo luận về đề xuất.
VIVOSDEV04_R129_snr5,vivos,phowhisper,small,zero_shot,,42,5,noise,ĐANG THẢO LUẬN VỀ ĐỀ XUẤT,đang thảo luận về đề xuất.
VIVOSDEV04_R132_clean,vivos,phowhisper,small,zero_shot,,42,clean,clean,CHỦ TỊCH NƯỚC ĐÃ ĐẾN KIỂM TRA TIẾN ĐỘ THI CÔNG,chủ tịch nước đã đến kiểm tra tiến độ thi công.
VIVOSDEV04_R132_snr0,vivos,phowhisper,small,zero_shot,,42,0,music,CHỦ TỊCH NƯỚC ĐÃ ĐẾN KIỂM TRA TIẾN ĐỘ THI CÔNG,chủ tịch nước đã đến kiểm tra tiến độ thi công.
VIVOSDEV04_R132_snr10,vivos,phowhisper,small,zero_shot,,42,10,noise,CHỦ TỊCH NƯỚC ĐÃ ĐẾN KIỂM TRA TIẾN ĐỘ THI CÔNG,chủ tịch nước đã đến kiểm tra tiến độ thi công.
VIVOSDEV04_R132_snr20,vivos,phowhisper,small,zero_shot,,42,20,music,CHỦ TỊCH NƯỚC ĐÃ ĐẾN KIỂM TRA TIẾN ĐỘ THI CÔNG,chủ tịch nước đã đến kiểm tra tiến độ thi công.
VIVOSDEV04_R132_snr5,vivos,phowhisper,small,zero_shot,,42,5,speech,CHỦ TỊCH NƯỚC ĐÃ ĐẾN KIỂM TRA TIẾN ĐỘ THI CÔNG,chủ tịch nước đã đến kiểm tra tiến độ thi công.
VIVOSDEV04_R149_clean,vivos,phowhisper,small,zero_shot,,42,clean,clean,MỘT CÔ GÁI VÁY NGẮN CŨN CỠN CHẠY LÊN HỎI,một cô gái váy ngán cũng cơn chạy lên hỏa.
VIVOSDEV04_R149_snr0,vivos,phowhisper,small,zero_shot,,42,0,music,MỘT CÔ GÁI VÁY NGẮN CŨN CỠN CHẠY LÊN HỎI,một cô gái phái ngán cũng cơn trễ lên hỏa.
VIVOSDEV04_R149_snr10,vivos,phowhisper,small,zero_shot,,42,10,music,MỘT CÔ GÁI VÁY NGẮN CŨN CỠN CHẠY LÊN HỎI,một cô gái phái ngán cũng cưỡng chạy lên hỏa.
VIVOSDEV04_R149_snr20,vivos,phowhisper,small,zero_shot,,42,20,noise,MỘT CÔ GÁI VÁY NGẮN CŨN CỠN CHẠY LÊN HỎI,một cô gái váy ngán cũng cơn chạy lên hỏa.
VIVOSDEV04_R149_snr5,vivos,phowhisper,small,zero_shot,,42,5,noise,MỘT CÔ GÁI VÁY NGẮN CŨN CỠN CHẠY LÊN HỎI,một cô gái váy ngán cũng kởi chạy lên hỏa.
VIVOSDEV04_R152_clean,vivos,phowhisper,small,zero_shot,,42,clean,clean,SẼ KHÔNG KHIẾN BẠN TRÔNG GẦY NHƯ NHỮNG TRANG PHỤC MỘT MÀU,sẽ không khiến bạn trông gầy như những trang phục một màu.
VIVOSDEV04_R152_snr0,vivos,phowhisper,small,zero_shot,,42,0,noise,SẼ KHÔNG KHIẾN BẠN TRÔNG GẦY NHƯ NHỮNG TRANG PHỤC MỘT MÀU,sẽ không khiến bạn trông gầy như những trang phục màu.
VIVOSDEV04_R152_snr10,vivos,phowhisper,small,zero_shot,,42,10,music,SẼ KHÔNG KHIẾN BẠN TRÔNG GẦY NHƯ NHỮNG TRANG PHỤC MỘT MÀU,sẽ không khiến bạn trông gầy như những trang phục một màu.
VIVOSDEV04_R152_snr20,vivos,phowhisper,small,zero_shot,,42,20,music,SẼ KHÔNG KHIẾN BẠN TRÔNG GẦY NHƯ NHỮNG TRANG PHỤC MỘT MÀU,sẽ không khiến bạn trông gầy như những trang phục một màu.
VIVOSDEV04_R152_snr5,vivos,phowhisper,small,zero_shot,,42,5,speech,SẼ KHÔNG KHIẾN BẠN TRÔNG GẦY NHƯ NHỮNG TRANG PHỤC MỘT MÀU,sẽ không khiến bạn trông gầy như những trang phục một màu.
VIVOSDEV04_R162_clean,vivos,phowhisper,small,zero_shot,,42,clean,clean,CÔ CHỈ MỚI VÀO LƯỚI NHẶT BÓNG HAI LẦN,cua chỉ mở vào lưới nhạt bóng hai lần.
VIVOSDEV04_R162_snr0,vivos,phowhisper,small,zero_shot,,42,0,music,CÔ CHỈ MỚI VÀO LƯỚI NHẶT BÓNG HAI LẦN,cua chỉ mới vào lưới nhạc bóng hai lần.
VIVOSDEV04_R162_snr10,vivos,phowhisper,small,zero_shot,,42,10,speech,CÔ CHỈ MỚI VÀO LƯỚI NHẶT BÓNG HAI LẦN,cô chỉ mở vào lưới nhạt bóng hai lần.
VIVOSDEV04_R162_snr20,vivos,phowhisper,small,zero_shot,,42,20,noise,CÔ CHỈ MỚI VÀO LƯỚI NHẶT BÓNG HAI LẦN,cua chỉ mở vào lưới nhạt bóng hai lần.
VIVOSDEV04_R162_snr5,vivos,phowhisper,small,zero_shot,,42,5,speech,CÔ CHỈ MỚI VÀO LƯỚI NHẶT BÓNG HAI LẦN,cô chỉ mở vào lưới nhạt bóng hay lắm.
VIVOSDEV04_T002_clean,vivos,phowhisper,small,zero_shot,,42,clean,clean,CÓ TRẢ TIỀN CHO BỐ KHÔNG THÌ BẢO,có trả tiền cho bố không thì bảo.
VIVOSDEV04_T002_snr0,vivos,phowhisper,small,zero_shot,,42,0,music,CÓ TRẢ TIỀN CHO BỐ KHÔNG THÌ BẢO,có trả tiền cho bố không thì bỏ.
VIVOSDEV04_T002_snr10,vivos,phowhisper,small,zero_shot,,42,10,music,CÓ TRẢ TIỀN CHO BỐ KHÔNG THÌ BẢO,có trả tiền cho bố không thì báo.
VIVOSDEV04_T002_snr20,vivos,phowhisper,small,zero_shot,,42,20,noise,CÓ TRẢ TIỀN CHO BỐ KHÔNG THÌ BẢO,có trả tiền cho bố không thì bảo.
VIVOSDEV04_T002_snr5,vivos,phowhisper,small,zero_shot,,42,5,speech,CÓ TRẢ TIỀN CHO BỐ KHÔNG THÌ BẢO,có trả tiền cho bố không thì bỏ.
VIVOSDEV04_T009_clean,vivos,phowhisper,small,zero_shot,,42,clean,clean,CHO TÔI NHẮN ĐẠI TIN NÀO CŨNG ĐƯỢC,cho tôi nhắn đại tinh nào cũng được.
VIVOSDEV04_T009_snr0,vivos,phowhisper,small,zero_shot,,42,0,music,CHO TÔI NHẮN ĐẠI TIN NÀO CŨNG ĐƯỢC,cho tôi nhắn đãi tin nào cũng được.
VIVOSDEV04_T009_snr10,vivos,phowhisper,small,zero_shot,,42,10,noise,CHO TÔI NHẮN ĐẠI TIN NÀO CŨNG ĐƯỢC,cho tôi nhắn đãi tin nào cũng được.
VIVOSDEV04_T009_snr20,vivos,phowhisper,small,zero_shot,,42,20,noise,CHO TÔI NHẮN ĐẠI TIN NÀO CŨNG ĐƯỢC,cho tôi những đại tinh nào cũng được.
VIVOSDEV04_T009_snr5,vivos,phowhisper,small,zero_shot,,42,5,noise,CHO TÔI NHẮN ĐẠI TIN NÀO CŨNG ĐƯỢC,cho tôi nhấn đại tinh nào cũng được.
VIVOSDEV04_T015_clean,vivos,phowhisper,small,zero_shot,,42,clean,clean,MỘT LÀ GẶP LẠI TẤT CẢ CÁC EM PHÒ,một là gặp lại tất cả các em phò.
VIVOSDEV04_T015_snr0,vivos,phowhisper,small,zero_shot,,42,0,noise,MỘT LÀ GẶP LẠI TẤT CẢ CÁC EM PHÒ,một là gặp lại tất cả các em phò.
VIVOSDEV04_T015_snr10,vivos,phowhisper,small,zero_shot,,42,10,speech,MỘT LÀ GẶP LẠI TẤT CẢ CÁC EM PHÒ,một là gặp lại tất cả các em phòng.
VIVOSDEV04_T015_snr20,vivos,phowhisper,small,zero_shot,,42,20,music,MỘT LÀ GẶP LẠI TẤT CẢ CÁC EM PHÒ,một là gặp lại tất cả các em phò.
VIVOSDEV04_T015_snr5,vivos,phowhisper,small,zero_shot,,42,5,noise,MỘT LÀ GẶP LẠI TẤT CẢ CÁC EM PHÒ,một là gặp lại tất cả các em phò.
VIVOSDEV04_T029_clean,vivos,phowhisper,small,zero_shot,,42,clean,clean,ANH ĐI CÔNG TÁC CẦN THƠ TUẦN SAU MỚI VỀ,anh đi công tác cần thơ tuần sau mới về.
VIVOSDEV04_T029_snr0,vivos,phowhisper,small,zero_shot,,42,0,speech,ANH ĐI CÔNG TÁC CẦN THƠ TUẦN SAU MỚI VỀ,anh đi công tác cần thơ tuần sau mới về.
VIVOSDEV04_T029_snr10,vivos,phowhisper,small,zero_shot,,42,10,noise,ANH ĐI CÔNG TÁC CẦN THƠ TUẦN SAU MỚI VỀ,anh đi công tác cần thơ tuần sau mới về.
VIVOSDEV04_T029_snr20,vivos,phowhisper,small,zero_shot,,42,20,noise,ANH ĐI CÔNG TÁC CẦN THƠ TUẦN SAU MỚI VỀ,anh đi công tác cần thơ tuần sau mới về.
VIVOSDEV04_T029_snr5,vivos,phowhisper,small,zero_shot,,42,5,music,ANH ĐI CÔNG TÁC CẦN THƠ TUẦN SAU MỚI VỀ,anh đi công tác cần thơ tuần sau mới về.
VIVOSDEV04_T032_clean,vivos,phowhisper,small,zero_shot,,42,clean,clean,CAM SÀNH LỘT VỎ CÒN CHUA,cơm sành lộc vỏ còn chua.
VIVOSDEV04_T032_snr0,vivos,phowhisper,small,zero_shot,,42,0,music,CAM SÀNH LỘT VỎ CÒN CHUA,công sành lộc họ còn chưa.
VIVOSDEV04_T032_snr10,vivos,phowhisper,small,zero_shot,,42,10,noise,CAM SÀNH LỘT VỎ CÒN CHUA,căm sành lọc vỏ còn chua.
VIVOSDEV04_T032_snr20,vivos,phowhisper,small,zero_shot,,42,20,noise,CAM SÀNH LỘT VỎ CÒN CHUA,cơm sành lộc vỏ còn chua.
VIVOSDEV04_T032_snr5,vivos,phowhisper,small,zero_shot,,42,5,music,CAM SÀNH LỘT VỎ CÒN CHUA,căm sành lộc gõ còn chưa.
VIVOSDEV04_T044_clean,vivos,phowhisper,small,zero_shot,,42,clean,clean,BA NÀY CHỈ GIỎI BỐC PHÉT,ba này chìa vỏ bốc phét.
VIVOSDEV04_T044_snr0,vivos,phowhisper,small,zero_shot,,42,0,noise,BA NÀY CHỈ GIỎI BỐC PHÉT,ba này gì rõ mất mát.
VIVOSDEV04_T044_snr10,vivos,phowhisper,small,zero_shot,,42,10,speech,BA NÀY CHỈ GIỎI BỐC PHÉT,ba này chỉ giỏi bốc phát.
VIVOSDEV04_T044_snr20,vivos,phowhisper,small,zero_shot,,42,20,noise,BA NÀY CHỈ GIỎI BỐC PHÉT,ba này chị giỏi bốc phét.
VIVOSDEV04_T044_snr5,vivos,phowhisper,small,zero_shot,,42,5,noise,BA NÀY CHỈ GIỎI BỐC PHÉT,ba này chị giỏi bốc phét.
VIVOSDEV05_004_clean,vivos,phowhisper,small,zero_shot,,42,clean,clean,HÃY TƯỞNG TƯỢNG RẰNG BẠN LÀ LÀ GIÁM ĐỐC DỰ ÁN TRONG MỘT CÔNG TY LỚN,hãy tưởng tượng rằng bạn là giám đốc dự án trong một công ty lớn.
VIVOSDEV05_004_snr0,vivos,phowhisper,small,zero_shot,,42,0,speech,HÃY TƯỞNG TƯỢNG RẰNG BẠN LÀ LÀ GIÁM ĐỐC DỰ ÁN TRONG MỘT CÔNG TY LỚN,hãy tưởng tượng rằng bạn là giám đốc dự án trong một công ty lớn.
VIVOSDEV05_004_snr10,vivos,phowhisper,small,zero_shot,,42,10,noise,HÃY TƯỞNG TƯỢNG RẰNG BẠN LÀ LÀ GIÁM ĐỐC DỰ ÁN TRONG MỘT CÔNG TY LỚN,hãy tưởng tượng rằng bạn là giám đốc dự án trong một công ty lớn.
VIVOSDEV05_004_snr20,vivos,phowhisper,small,zero_shot,,42,20,noise,HÃY TƯỞNG TƯỢNG RẰNG BẠN LÀ LÀ GIÁM ĐỐC DỰ ÁN TRONG MỘT CÔNG TY LỚN,hãy tưởng tượng rằng bạn là giám đốc dự án trong một công ty lớn.
VIVOSDEV05_004_snr5,vivos,phowhisper,small,zero_shot,,42,5,noise,HÃY TƯỞNG TƯỢNG RẰNG BẠN LÀ LÀ GIÁM ĐỐC DỰ ÁN TRONG MỘT CÔNG TY LỚN,hãy tưởng tượng rằng bạn là giám đốc dự án trong một công ty lớn.
VIVOSDEV05_030_clean,vivos,phowhisper,small,zero_shot,,42,clean,clean,CỦA NHỮNG THẾ LỰC HÙNG MẠNH,của những thế lực hùng mạnh.
VIVOSDEV05_030_snr0,vivos,phowhisper,small,zero_shot,,42,0,noise,CỦA NHỮNG THẾ LỰC HÙNG MẠNH,của những thế lực hùng mạnh.
VIVOSDEV05_030_snr10,vivos,phowhisper,small,zero_shot,,42,10,music,CỦA NHỮNG THẾ LỰC HÙNG MẠNH,của những thế lực hùng mạnh.
VIVOSDEV05_030_snr20,vivos,phowhisper,small,zero_shot,,42,20,noise,CỦA NHỮNG THẾ LỰC HÙNG MẠNH,của những thế lực hùng mạnh.
VIVOSDEV05_030_snr5,vivos,phowhisper,small,zero_shot,,42,5,music,CỦA NHỮNG THẾ LỰC HÙNG MẠNH,của những thế lực hùng mạnh.
VIVOSDEV05_043_clean,vivos,phowhisper,small,zero_shot,,42,clean,clean,NGUYÊN THỨ TRƯỞNG MAI VĂN DÂU ĐÃ BỊ BẮT,nguyên thứ trưởng mai văn dâu đã bị bắt.
VIVOSDEV05_043_snr0,vivos,phowhisper,small,zero_shot,,42,0,noise,NGUYÊN THỨ TRƯỞNG MAI VĂN DÂU ĐÃ BỊ BẮT,nguyên thứ trưởng mai văn dâu đã bị bắt.
VIVOSDEV05_043_snr10,vivos,phowhisper,small,zero_shot,,42,10,speech,NGUYÊN THỨ TRƯỞNG MAI VĂN DÂU ĐÃ BỊ BẮT,nguyên thứ trưởng mai văn dâu đã bị bắt.
VIVOSDEV05_043_snr20,vivos,phowhisper,small,zero_shot,,42,20,music,NGUYÊN THỨ TRƯỞNG MAI VĂN DÂU ĐÃ BỊ BẮT,nguyên thứ trưởng mai văn dâu đã bị bắt.
VIVOSDEV05_043_snr5,vivos,phowhisper,small,zero_shot,,42,5,speech,NGUYÊN THỨ TRƯỞNG MAI VĂN DÂU ĐÃ BỊ BẮT,nguyên thứ trưởng mai văn dâu đã bị bắt.
VIVOSDEV05_065_clean,vivos,phowhisper,small,zero_shot,,42,clean,clean,NHỮNG NGƯỜI SỐNG THÌ THA THẨN TRONG NHÀ NGOÀI NGÕ,những người sống thì tha thẩn trong nhà ngoài ngõ.
VIVOSDEV05_065_snr0,vivos,phowhisper,small,zero_shot,,42,0,noise,NHỮNG NGƯỜI SỐNG THÌ THA THẨN TRONG NHÀ NGOÀI NGÕ,những người sống thì tha thẩn trong nhà ngoài ngõ.
VIVOSDEV05_065_snr10,vivos,phowhisper,small,zero_shot,,42,10,noise,NHỮNG NGƯỜI SỐNG THÌ THA THẨN TRONG NHÀ NGOÀI NGÕ,những người sống thì tha thẩn trong nhà ngoài ngõ.
VIVOSDEV05_065_snr20,vivos,phowhisper,small,zero_shot,,42,20,speech,NHỮNG NGƯỜI SỐNG THÌ THA THẨN TRONG NHÀ NGOÀI NGÕ,những người sống thì tha thẩn trong nhà ngoài ngõ.
VIVOSDEV05_065_snr5,vivos,phowhisper,small,zero_shot,,42,5,music,NHỮNG NGƯỜI SỐNG THÌ THA THẨN TRONG NHÀ NGOÀI NGÕ,những người sống thì thỏa thuận trong nhà ngoài ngõ.
VIVOSDEV05_087_clean,vivos,phowhisper,small,zero_shot,,42,clean,clean,CẢ KHÔNG GIAN NHUỐM MÀU TRO BẾP,cả không gian nhuốm màu tro bếp.
VIVOSDEV05_087_snr0,vivos,phowhisper,small,zero_shot,,42,0,noise,CẢ KHÔNG GIAN NHUỐM MÀU TRO BẾP,cả không gian nhuốm màu cho bếp.
VIVOSDEV05_087_snr10,vivos,phowhisper,small,zero_shot,,42,10,noise,CẢ KHÔNG GIAN NHUỐM MÀU TRO BẾP,tất cả không gian nhuốm màu cho bếp.
VIVOSDEV05_087_snr20,vivos,phowhisper,small,zero_shot,,42,20,music,CẢ KHÔNG GIAN NHUỐM MÀU TRO BẾP,cả không gian nhuốm màu tro bếp.
VIVOSDEV05_087_snr5,vivos,phowhisper,small,zero_shot,,42,5,noise,CẢ KHÔNG GIAN NHUỐM MÀU TRO BẾP,cả không gian nhuốm màu trò bếp.
VIVOSDEV05_091_clean,vivos,phowhisper,small,zero_shot,,42,clean,clean,TRÁN GIÔ,tráng dâu.
VIVOSDEV05_091_snr0,vivos,phowhisper,small,zero_shot,,42,0,music,TRÁN GIÔ,tráng dâu.
VIVOSDEV05_091_snr10,vivos,phowhisper,small,zero_shot,,42,10,music,TRÁN GIÔ,tráng rô.
VIVOSDEV05_091_snr20,vivos,phowhisper,small,zero_shot,,42,20,noise,TRÁN GIÔ,tráng dâu.
VIVOSDEV05_091_snr5,vivos,phowhisper,small,zero_shot,,42,5,speech,TRÁN GIÔ,tráng rồ.
VIVOSDEV05_107_clean,vivos,phowhisper,small,zero_shot,,42,clean,clean,TRÔNG MỘT CÔ NÀNG ĐỔ NGƯỜI LÊN LƯNG ANH NGƯỜI YÊU GẦY CÒM,trong một cô nàng đỗ người lên lưng anh người yêu gầy còm.
VIVOSDEV05_107_snr0,vivos,phowhisper,small,zero_shot,,42,0,noise,TRÔNG MỘT CÔ NÀNG ĐỔ NGƯỜI LÊN LƯNG ANH NGƯỜI YÊU GẦY CÒM,trong một cô nàng đỗ người lên lưng anh người yêu gầy còm.
VIVOSDEV05_107_snr10,vivos,phowhisper,small,zero_shot,,42,10,noise,TRÔNG MỘT CÔ NÀNG ĐỔ NGƯỜI LÊN LƯNG ANH NGƯỜI YÊU GẦY CÒM,trong một cô nàng đổ người lên lưng anh người yêu gầy còm.
VIVOSDEV05_107_snr20,vivos,phowhisper,small,zero_shot,,42,20,noise,TRÔNG MỘT CÔ NÀNG ĐỔ NGƯỜI LÊN LƯNG ANH NGƯỜI YÊU GẦY CÒM,trong một cô nàng đổ người lên lưng anh người yêu gầy còm.
VIVOSDEV05_107_snr5,vivos,phowhisper,small,zero_shot,,42,5,noise,TRÔNG MỘT CÔ NÀNG ĐỔ NGƯỜI LÊN LƯNG ANH NGƯỜI YÊU GẦY CÒM,trong một câu nàng đổ người lên lưng anh người yêu gầy còm.
VIVOSDEV05_109_clean,vivos,phowhisper,small,zero_shot,,42,clean,clean,DOANH NGHIỆP TUYỂN DỤNG LAO ĐỘNG NƯỚC NGOÀI,doanh nghiệp tuyển dụng lao động nước ngoài.
VIVOSDEV05_109_snr0,vivos,phowhisper,small,zero_shot,,42,0,noise,DOANH NGHIỆP TUYỂN DỤNG LAO ĐỘNG NƯỚC NGOÀI,doanh nghiệp tuyển dụng lao động nước ngoài.
VIVOSDEV05_109_snr10,vivos,phowhisper,small,zero_shot,,42,10,speech,DOANH NGHIỆP TUYỂN DỤNG LAO ĐỘNG NƯỚC NGOÀI,doanh nghiệp tuyển dụng lao động nước ngoài.
VIVOSDEV05_109_snr20,vivos,phowhisper,small,zero_shot,,42,20,music,DOANH NGHIỆP TUYỂN DỤNG LAO ĐỘNG NƯỚC NGOÀI,doanh nghiệp tuyển dụng lao động nước ngoài.
VIVOSDEV05_109_snr5,vivos,phowhisper,small,zero_shot,,42,5,noise,DOANH NGHIỆP TUYỂN DỤNG LAO ĐỘNG NƯỚC NGOÀI,doanh nghiệp tuyển dụng lao động nước ngoài.
VIVOSDEV05_129_clean,vivos,phowhisper,small,zero_shot,,42,clean,clean,THU HÚT RẤT LÀ NHIỀU LOÀI CHIM,thu hút rất là nhiều loài chim.
VIVOSDEV05_129_snr0,vivos,phowhisper,small,zero_shot,,42,0,speech,THU HÚT RẤT LÀ NHIỀU LOÀI CHIM,thu hút rất nhiều loại nhím.
VIVOSDEV05_129_snr10,vivos,phowhisper,small,zero_shot,,42,10,speech,THU HÚT RẤT LÀ NHIỀU LOÀI CHIM,thu hút rất là nhiều loài chim.
VIVOSDEV05_129_snr20,vivos,phowhisper,small,zero_shot,,42,20,music,THU HÚT RẤT LÀ NHIỀU LOÀI CHIM,thu hút rất là nhiều loài chim.
VIVOSDEV05_129_snr5,vivos,phowhisper,small,zero_shot,,42,5,noise,THU HÚT RẤT LÀ NHIỀU LOÀI CHIM,thu hút rất là nhiều loài chim.
VIVOSDEV05_143_clean,vivos,phowhisper,small,zero_shot,,42,clean,clean,NHỎ ĐƯA TAY RA CÀO HẾT BÙN KHÔ TRÊN CỔ TỚ,nhỏ đưa tay ra cao hết bùn khô trên cổ tớ.
VIVOSDEV05_143_snr0,vivos,phowhisper,small,zero_shot,,42,0,music,NHỎ ĐƯA TAY RA CÀO HẾT BÙN KHÔ TRÊN CỔ TỚ,nhóm đưa tay ra cao hết bùn thô trên cổ tớ.
VIVOSDEV05_143_snr10,vivos,phowhisper,small,zero_shot,,42,10,noise,NHỎ ĐƯA TAY RA CÀO HẾT BÙN KHÔ TRÊN CỔ TỚ,nhỏ đưa tay ra cao hết bùn khô trên cổ tới.
VIVOSDEV05_143_snr20,vivos,phowhisper,small,zero_shot,,42,20,noise,NHỎ ĐƯA TAY RA CÀO HẾT BÙN KHÔ TRÊN CỔ TỚ,nhỏ đưa tay ra cao hết bùn khô trên cổ tớ.
VIVOSDEV05_143_snr5,vivos,phowhisper,small,zero_shot,,42,5,music,NHỎ ĐƯA TAY RA CÀO HẾT BÙN KHÔ TRÊN CỔ TỚ,nhỏ đưa tay ra cao hết vùng khô trên cổ tớ.
VIVOSDEV05_170_clean,vivos,phowhisper,small,zero_shot,,42,clean,clean,CHẬM NẮM BẮT XU HƯỚNG PHÁT TRIỂN CÔNG NGHỆ MỚI,chậm nắm bắt xu hướng phát triển công nghệ mới.
VIVOSDEV05_170_snr0,vivos,phowhisper,small,zero_shot,,42,0,music,CHẬM NẮM BẮT XU HƯỚNG PHÁT TRIỂN CÔNG NGHỆ MỚI,chậm nắm bắt xu hướng phát triển công nghệ mới.
VIVOSDEV05_170_snr10,vivos,phowhisper,small,zero_shot,,42,10,music,CHẬM NẮM BẮT XU HƯỚNG PHÁT TRIỂN CÔNG NGHỆ MỚI,chậm nắm bắt xu hướng phát triển công nghệ mới.
VIVOSDEV05_170_snr20,vivos,phowhisper,small,zero_shot,,42,20,noise,CHẬM NẮM BẮT XU HƯỚNG PHÁT TRIỂN CÔNG NGHỆ MỚI,chậm nắm bắt xu hướng phát triển công nghệ mới.
VIVOSDEV05_170_snr5,vivos,phowhisper,small,zero_shot,,42,5,speech,CHẬM NẮM BẮT XU HƯỚNG PHÁT TRIỂN CÔNG NGHỆ MỚI,chậm nắm bắt xu hướng phát triển công nghệ mới.
VIVOSDEV05_185_clean,vivos,phowhisper,small,zero_shot,,42,clean,clean,MÀ MƯỜNG TƯỢNG RA HÌNH BÓNG MẸ,mà mường tượng ra hình bóng mẹ.
VIVOSDEV05_185_snr0,vivos,phowhisper,small,zero_shot,,42,0,noise,MÀ MƯỜNG TƯỢNG RA HÌNH BÓNG MẸ,mà mường tượng ra hình bóng mẹ.
VIVOSDEV05_185_snr10,vivos,phowhisper,small,zero_shot,,42,10,noise,MÀ MƯỜNG TƯỢNG RA HÌNH BÓNG MẸ,mà mường tượng ra hình bóng mẹ.
VIVOSDEV05_185_snr20,vivos,phowhisper,small,zero_shot,,42,20,speech,MÀ MƯỜNG TƯỢNG RA HÌNH BÓNG MẸ,mà mường tượng ra hình bóng mẹ.
VIVOSDEV05_185_snr5,vivos,phowhisper,small,zero_shot,,42,5,noise,MÀ MƯỜNG TƯỢNG RA HÌNH BÓNG MẸ,mà mường tượng ra hình bóng mẹ.
VIVOSDEV05_189_clean,vivos,phowhisper,small,zero_shot,,42,clean,clean,MỖI NGƯỜI MỘT SỐ PHẬN EM À,mỗi người một số phận em à.
VIVOSDEV05_189_snr0,vivos,phowhisper,small,zero_shot,,42,0,music,MỖI NGƯỜI MỘT SỐ PHẬN EM À,mỗi người một tốt phận em à.
VIVOSDEV05_189_snr10,vivos,phowhisper,small,zero_shot,,42,10,noise,MỖI NGƯỜI MỘT SỐ PHẬN EM À,mỗi người một số phận em à.
VIVOSDEV05_189_snr20,vivos,phowhisper,small,zero_shot,,42,20,noise,MỖI NGƯỜI MỘT SỐ PHẬN EM À,mỗi người một số phận em à.
VIVOSDEV05_189_snr5,vivos,phowhisper,small,zero_shot,,42,5,speech,MỖI NGƯỜI MỘT SỐ PHẬN EM À,mỗi người một số phận em à.
VIVOSDEV05_202_clean,vivos,phowhisper,small,zero_shot,,42,clean,clean,CHỊ HAI CHỦ QUÁN NGHE BÀN TÁN RÔM RẢ CŨNG RA GÓP CHUYỆN,chị hai chủ quán nghe bàn tán rôm rả cũng ra góp chuyện.
VIVOSDEV05_202_snr0,vivos,phowhisper,small,zero_shot,,42,0,speech,CHỊ HAI CHỦ QUÁN NGHE BÀN TÁN RÔM RẢ CŨNG RA GÓP CHUYỆN,thị hai chủ quán nga bàn tán rôm rả cũng ra góp chuyện.
VIVOSDEV05_202_snr10,vivos,phowhisper,small,zero_shot,,42,10,noise,CHỊ HAI CHỦ QUÁN NGHE BÀN TÁN RÔM RẢ CŨNG RA GÓP CHUYỆN,chị hai chủ quán nghe bàn tán rôm rả cũng ra góp chuyện.
VIVOSDEV05_202_snr20,vivos,phowhisper,small,zero_shot,,42,20,music,CHỊ HAI CHỦ QUÁN NGHE BÀN TÁN RÔM RẢ CŨNG RA GÓP CHUYỆN,chị hai chủ quán nghe bàn tán rôm rả cũng ra góp chuyện.
VIVOSDEV05_202_snr5,vivos,phowhisper,small,zero_shot,,42,5,speech,CHỊ HAI CHỦ QUÁN NGHE BÀN TÁN RÔM RẢ CŨNG RA GÓP CHUYỆN,thì hai chủ quán nghe bàn tán rôm rả cũng ra góp chuyện.
VIVOSDEV05_206_clean,vivos,phowhisper,small,zero_shot,,42,clean,clean,TỨC KHẮC ẬP VỀ KÉO MỌI NGƯỜI THỨ TRỞ LẠI THỜI HOANG SƠ,tức khắc ập về kéo mọi người thứ trở lại thời hoang sơ.
VIVOSDEV05_206_snr0,vivos,phowhisper,small,zero_shot,,42,0,speech,TỨC KHẮC ẬP VỀ KÉO MỌI NGƯỜI THỨ TRỞ LẠI THỜI HOANG SƠ,tức khắc ập về kéo mọi người thứ trở lại thời hoang sơ.
VIVOSDEV05_206_snr10,vivos,phowhisper,small,zero_shot,,42,10,noise,TỨC KHẮC ẬP VỀ KÉO MỌI NGƯỜI THỨ TRỞ LẠI THỜI HOANG SƠ,tức khắc ập về kéo mọi người thứ trở lại thời hoang sơn.
VIVOSDEV05_206_snr20,vivos,phowhisper,small,zero_shot,,42,20,speech,TỨC KHẮC ẬP VỀ KÉO MỌI NGƯỜI THỨ TRỞ LẠI THỜI HOANG SƠ,tức khắc ập về kéo mọi người thứ trở lại thời hoang sơ.
VIVOSDEV05_206_snr5,vivos,phowhisper,small,zero_shot,,42,5,noise,TỨC KHẮC ẬP VỀ KÉO MỌI NGƯỜI THỨ TRỞ LẠI THỜI HOANG SƠ,tức khắc tập về kéo mọi người thứ trở lại thời hoang sơn.
VIVOSDEV05_212_clean,vivos,phowhisper,small,zero_shot,,42,clean,clean,BỐN CHIẾC TRỐNG ĐẠI PHÈNG LA,bốn chiếc trống đại phàng la.
VIVOSDEV05_212_snr0,vivos,phowhisper,small,zero_shot,,42,0,speech,BỐN CHIẾC TRỐNG ĐẠI PHÈNG LA,một chiếc trống đại trần làng.
VIVOSDEV05_212_snr10,vivos,phowhisper,small,zero_shot,,42,10,music,BỐN CHIẾC TRỐNG ĐẠI PHÈNG LA,bốn chiếc trống đại tàng lan.
VIVOSDEV05_212_snr20,vivos,phowhisper,small,zero_shot,,42,20,noise,BỐN CHIẾC TRỐNG ĐẠI PHÈNG LA,bốn chiếc trống đại phèn la.
VIVOSDEV05_212_snr5,vivos,phowhisper,small,zero_shot,,42,5,music,BỐN CHIẾC TRỐNG ĐẠI PHÈNG LA,bốn chiếc trống đại phàng la.
VIVOSDEV05_251_clean,vivos,phowhisper,small,zero_shot,,42,clean,clean,BỌN BUÔN LẬU MA TÚY VÀ VŨ KHÍ,bọn buôn lậu ma túy và vũ khí.
VIVOSDEV05_251_snr0,vivos,phowhisper,small,zero_shot,,42,0,noise,BỌN BUÔN LẬU MA TÚY VÀ VŨ KHÍ,bọn buôn lậu ma túy và phụ khí.
VIVOSDEV05_251_snr10,vivos,phowhisper,small,zero_shot,,42,10,noise,BỌN BUÔN LẬU MA TÚY VÀ VŨ KHÍ,bọn buôn lậu ma túy và vũ khí.
VIVOSDEV05_251_snr20,vivos,phowhisper,small,zero_shot,,42,20,speech,BỌN BUÔN LẬU MA TÚY VÀ VŨ KHÍ,bọn buôn lậu ma túy và vũ khí.
VIVOSDEV05_251_snr5,vivos,phowhisper,small,zero_shot,,42,5,music,BỌN BUÔN LẬU MA TÚY VÀ VŨ KHÍ,bọn buôn lậu ma túy và vũ khí.
VIVOSDEV05_261_clean,vivos,phowhisper,small,zero_shot,,42,clean,clean,LẠI QUAY RA TẬP VIẾT BÁO RỒI GỬI VU VƠ,lại quay ra tập viết báo rồi gửi vu vơ.
VIVOSDEV05_261_snr0,vivos,phowhisper,small,zero_shot,,42,0,noise,LẠI QUAY RA TẬP VIẾT BÁO RỒI GỬI VU VƠ,lại quay ra tập viết báo rồi gửi vu vơ.
VIVOSDEV05_261_snr10,vivos,phowhisper,small,zero_shot,,42,10,noise,LẠI QUAY RA TẬP VIẾT BÁO RỒI GỬI VU VƠ,lại quay ra tập viết báo rồi gửi vu vơ.
VIVOSDEV05_261_snr20,vivos,phowhisper,small,zero_shot,,42,20,noise,LẠI QUAY RA TẬP VIẾT BÁO RỒI GỬI VU VƠ,lại quay ra tập viết báo rồi gửi vu vơ.
VIVOSDEV05_261_snr5,vivos,phowhisper,small,zero_shot,,42,5,speech,LẠI QUAY RA TẬP VIẾT BÁO RỒI GỬI VU VƠ,lại quay ra tập viết báo rồi gửi vu vơ.
VIVOSDEV05_263_clean,vivos,phowhisper,small,zero_shot,,42,clean,clean,NGHE TIẾNG XÌNH XỊCH XA XA THÌ ĐOÁN TRÚNG PHÓC LÀ HÚT HẦM CẦU,nghe tiếng sừng sịch xa xa thì đoán trúng phóc là hút hầm cầu.
VIVOSDEV05_263_snr0,vivos,phowhisper,small,zero_shot,,42,0,noise,NGHE TIẾNG XÌNH XỊCH XA XA THÌ ĐOÁN TRÚNG PHÓC LÀ HÚT HẦM CẦU,nghe tiếng sình sịch xa xa thì đoán trúng phóc là hốt hầm cầu.
VIVOSDEV05_263_snr10,vivos,phowhisper,small,zero_shot,,42,10,noise,NGHE TIẾNG XÌNH XỊCH XA XA THÌ ĐOÁN TRÚNG PHÓC LÀ HÚT HẦM CẦU,nghe tiếng tình xệch xa xa thì đoán trúng phóc là hút hầm cầu.
VIVOSDEV05_263_snr20,vivos,phowhisper,small,zero_shot,,42,20,music,NGHE TIẾNG XÌNH XỊCH XA XA THÌ ĐOÁN TRÚNG PHÓC LÀ HÚT HẦM CẦU,nghe tiếng sình sạch xa xa thì đoán trúng phóc là hút hầm cầu.
VIVOSDEV05_263_snr5,vivos,phowhisper,small,zero_shot,,42,5,noise,NGHE TIẾNG XÌNH XỊCH XA XA THÌ ĐOÁN TRÚNG PHÓC LÀ HÚT HẦM CẦU,nghe tiếng sừng sạch xa xa thì đoán trúng phóc là hốt hầm cầu.
VIVOSDEV05_295_clean,vivos,phowhisper,small,zero_shot,,42,clean,clean,LÀM HỎNG CÁC THIẾT BỊ CỦA TÊN LỬA,làm hỏng các thiết bị của tên lửa.
VIVOSDEV05_295_snr0,vivos,phowhisper,small,zero_shot,,42,0,noise,LÀM HỎNG CÁC THIẾT BỊ CỦA TÊN LỬA,làm hỏng các thiết bị của tên lửa.
VIVOSDEV05_295_snr10,vivos,phowhisper,small,zero_shot,,42,10,noise,LÀM HỎNG CÁC THIẾT BỊ CỦA TÊN LỬA,làm hỏng các thiết bị của tên lửa.
VIVOSDEV05_295_snr20,vivos,phowhisper,small,zero_shot,,42,20,noise,LÀM HỎNG CÁC THIẾT BỊ CỦA TÊN LỬA,làm hỏng các thiết bị của tên lửa.
VIVOSDEV05_295_snr5,vivos,phowhisper,small,zero_shot,,42,5,music,LÀM HỎNG CÁC THIẾT BỊ CỦA TÊN LỬA,làm hỏng các thiết bị của tên lửa.
VIVOSDEV06_016_clean,vivos,phowhisper,small,zero_shot,,42,clean,clean,RÂU RIA ĐÃ BA NGÀY KHÔNG CẠO,rau ria đã ba ngày không cạo.
VIVOSDEV06_016_snr0,vivos,phowhisper,small,zero_shot,,42,0,music,RÂU RIA ĐÃ BA NGÀY KHÔNG CẠO,râu ria đã ban ngày không cạo.
VIVOSDEV06_016_snr10,vivos,phowhisper,small,zero_shot,,42,10,noise,RÂU RIA ĐÃ BA NGÀY KHÔNG CẠO,rau ria đã ba ngày không cạo.
VIVOSDEV06_016_snr20,vivos,phowhisper,small,zero_shot,,42,20,speech,RÂU RIA ĐÃ BA NGÀY KHÔNG CẠO,rau ria đã ba ngày không cạo.
VIVOSDEV06_016_snr5,vivos,phowhisper,small,zero_shot,,42,5,music,RÂU RIA ĐÃ BA NGÀY KHÔNG CẠO,rau ria đã ba ngày không cạo.
VIVOSDEV06_021_clean,vivos,phowhisper,small,zero_shot,,42,clean,clean,MỘT ĐƯỜNG HƯỚNG CHUYÊN NGHIỆP,một đường hướng chuyên nghiệp.
VIVOSDEV06_021_snr0,vivos,phowhisper,small,zero_shot,,42,0,noise,MỘT ĐƯỜNG HƯỚNG CHUYÊN NGHIỆP,một đường hướng chuyên nghiệp.
VIVOSDEV06_021_snr10,vivos,phowhisper,small,zero_shot,,42,10,music,MỘT ĐƯỜNG HƯỚNG CHUYÊN NGHIỆP,một đường hướng chuyên nghiệp.
VIVOSDEV06_021_snr20,vivos,phowhisper,small,zero_shot,,42,20,noise,MỘT ĐƯỜNG HƯỚNG CHUYÊN NGHIỆP,một đường hướng chuyên nghiệp.
VIVOSDEV06_021_snr5,vivos,phowhisper,small,zero_shot,,42,5,noise,MỘT ĐƯỜNG HƯỚNG CHUYÊN NGHIỆP,một đường hướng chuyên nghiệp.
VIVOSDEV06_034_clean,vivos,phowhisper,small,zero_shot,,42,clean,clean,NHỮNG NGƯỜI TRÊN GHE CỦA CÔNG AN ĐÃ NHẮM THẲNG VÀO GHE ANH CHỦ,những người trên ghe của công an đã nhắm hẳn vào ghe anh chủ.
VIVOSDEV06_034_snr0,vivos,phowhisper,small,zero_shot,,42,0,speech,NHỮNG NGƯỜI TRÊN GHE CỦA CÔNG AN ĐÃ NHẮM THẲNG VÀO GHE ANH CHỦ,anh có trèo và lười trên ghe của công an đã nhắm hẳn vào ghe anh chủ.
VIVOSDEV06_034_snr10,vivos,phowhisper,small,zero_shot,,42,10,music,NHỮNG NGƯỜI TRÊN GHE CỦA CÔNG AN ĐÃ NHẮM THẲNG VÀO GHE ANH CHỦ,những người trên ghe của công an đã nhắm thẳng vào ghe anh chủ.
VIVOSDEV06_034_snr20,vivos,phowhisper,small,zero_shot,,42,20,noise,NHỮNG NGƯỜI TRÊN GHE CỦA CÔNG AN ĐÃ NHẮM THẲNG VÀO GHE ANH CHỦ,những người trên ghe của công an đã nhắm hẳn vào ghe anh chủ.
VIVOSDEV06_034_snr5,vivos,phowhisper,small,zero_shot,,42,5,noise,NHỮNG NGƯỜI TRÊN GHE CỦA CÔNG AN ĐÃ NHẮM THẲNG VÀO GHE ANH CHỦ,những người trên ghe của công an đã nhắm hẳn vào ghe anh chủ.
VIVOSDEV06_037_clean,vivos,phowhisper,small,zero_shot,,42,clean,clean,ĐỪNG BUỒN VÌ TỰ GIẰN VẶT MÌNH NỮA,đừng buồn vì tự dằn vặt mình nữa.
VIVOSDEV06_037_snr0,vivos,phowhisper,small,zero_shot,,42,0,music,ĐỪNG BUỒN VÌ TỰ GIẰN VẶT MÌNH NỮA,đừng buồn vì tự dằn vặt mình nữa.
VIVOSDEV06_037_snr10,vivos,phowhisper,small,zero_shot,,42,10,speech,ĐỪNG BUỒN VÌ TỰ GIẰN VẶT MÌNH NỮA,đừng buồn vì tự dằn vặt mình nữa.
VIVOSDEV06_037_snr20,vivos,phowhisper,small,zero_shot,,42,20,noise,ĐỪNG BUỒN VÌ TỰ GIẰN VẶT MÌNH NỮA,đừng buồn vì tự dằn vặt mình nữa.
VIVOSDEV06_037_snr5,vivos,phowhisper,small,zero_shot,,42,5,noise,ĐỪNG BUỒN VÌ TỰ GIẰN VẶT MÌNH NỮA,đừng buồn vì tự dằn vặt mình nữa.
VIVOSDEV06_042_clean,vivos,phowhisper,small,zero_shot,,42,clean,clean,ĐANG HẤP DẪN CÁC TẬP ĐOÀN PHÂN PHỐI ĐA QUỐC GIA,đang hấp dẫn các tập đoàn phân phối đa quốc gia.
VIVOSDEV06_042_snr0,vivos,phowhisper,small,zero_shot,,42,0,speech,ĐANG HẤP DẪN CÁC TẬP ĐOÀN PHÂN PHỐI ĐA QUỐC GIA,đang hấp dẫn các tập đoàn phân phối đa quốc gia.
VIVOSDEV06_042_snr10,vivos,phowhisper,small,zero_shot,,42,10,noise,ĐANG HẤP DẪN CÁC TẬP ĐOÀN PHÂN PHỐI ĐA QUỐC GIA,đang hấp dẫn các tập đoàn phân phối đa quốc gia.
VIVOSDEV06_042_snr20,vivos,phowhisper,small,zero_shot,,42,20,music,ĐANG HẤP DẪN CÁC TẬP ĐOÀN PHÂN PHỐI ĐA QUỐC GIA,đang hấp dẫn các tập đoàn phân phối đa quốc gia.
VIVOSDEV06_042_snr5,vivos,phowhisper,small,zero_shot,,42,5,music,ĐANG HẤP DẪN CÁC TẬP ĐOÀN PHÂN PHỐI ĐA QUỐC GIA,đang hấp dẫn các tập đoàn phân phối đa quốc gia.
VIVOSDEV06_061_clean,vivos,phowhisper,small,zero_shot,,42,clean,clean,VÌ NÓ KHÔNG NHẮC ĐẾN NHỮNG CUỘC TẤN CÔNG NHẮM VÀO NGƯỜI DO THÁI,vì nó không nhắc đến những cuộc tấn công nhắm vào người do thái.
VIVOSDEV06_061_snr0,vivos,phowhisper,small,zero_shot,,42,0,noise,VÌ NÓ KHÔNG NHẮC ĐẾN NHỮNG CUỘC TẤN CÔNG NHẮM VÀO NGƯỜI DO THÁI,vì nó không nhắc đến những cuộc tấn công nhắm vào người do thái.
VIVOSDEV06_061_snr10,vivos,phowhisper,small,zero_shot,,42,10,speech,VÌ NÓ KHÔNG NHẮC ĐẾN NHỮNG CUỘC TẤN CÔNG NHẮM VÀO NGƯỜI DO THÁI,vì nó không nhắc đến những cuộc tấn công nhắm vào người do thái.
VIVOSDEV06_061_snr20,vivos,phowhisper,small,zero_shot,,42,20,music,VÌ NÓ KHÔNG NHẮC ĐẾN NHỮNG CUỘC TẤN CÔNG NHẮM VÀO NGƯỜI DO THÁI,vì nó không nhắc đến những cuộc tấn công nhắm vào người do thái.
VIVOSDEV06_061_snr5,vivos,phowhisper,small,zero_shot,,42,5,noise,VÌ NÓ KHÔNG NHẮC ĐẾN NHỮNG CUỘC TẤN CÔNG NHẮM VÀO NGƯỜI DO THÁI,vì nó không nhắc đến những cuộc tấn công nhắm vào người do thái.
VIVOSDEV06_070_clean,vivos,phowhisper,small,zero_shot,,42,clean,clean,RỒI KHỀ KHÀ ĐÔI CÂU VỌNG CỔ VỚI CHÂN CHUỘT,rồi khề khà đôi câu vọng cổ với chân chuột.
VIVOSDEV06_070_snr0,vivos,phowhisper,small,zero_shot,,42,0,music,RỒI KHỀ KHÀ ĐÔI CÂU VỌNG CỔ VỚI CHÂN CHUỘT,rồi khề khà đôi câu vọng sổ với chân chuột.
VIVOSDEV06_070_snr10,vivos,phowhisper,small,zero_shot,,42,10,music,RỒI KHỀ KHÀ ĐÔI CÂU VỌNG CỔ VỚI CHÂN CHUỘT,rồi khề khà đôi câu vọng cổ với chân chuột.
VIVOSDEV06_070_snr20,vivos,phowhisper,small,zero_shot,,42,20,noise,RỒI KHỀ KHÀ ĐÔI CÂU VỌNG CỔ VỚI CHÂN CHUỘT,rồi khề khà đôi câu vọng cổ với chân chuột.
VIVOSDEV06_070_snr5,vivos,phowhisper,small,zero_shot,,42,5,speech,RỒI KHỀ KHÀ ĐÔI CÂU VỌNG CỔ VỚI CHÂN CHUỘT,rồi hề khà đôi câu vọng cổ với chân chuột.
VIVOSDEV06_098_clean,vivos,phowhisper,small,zero_shot,,42,clean,clean,CÁI VỊ CHÁT CHÁT VÀ ĐẮNG NGẮT CỦA CÀ PHÊ NGUYÊN CHẤT,cái vị chát chát và đắng ngắt của cà phê nguyên chất.
VIVOSDEV06_098_snr0,vivos,phowhisper,small,zero_shot,,42,0,noise,CÁI VỊ CHÁT CHÁT VÀ ĐẮNG NGẮT CỦA CÀ PHÊ NGUYÊN CHẤT,cái vị chát chác và đắng ngắt của cà phê nguyên chất.
VIVOSDEV06_098_snr10,vivos,phowhisper,small,zero_shot,,42,10,music,CÁI VỊ CHÁT CHÁT VÀ ĐẮNG NGẮT CỦA CÀ PHÊ NGUYÊN CHẤT,cái vị chát chát và đắng ngắt của cà phê nguyên chất.
VIVOSDEV06_098_snr20,vivos,phowhisper,small,zero_shot,,42,20,music,CÁI VỊ CHÁT CHÁT VÀ ĐẮNG NGẮT CỦA CÀ PHÊ NGUYÊN CHẤT,cái vị chát chát và đắng ngắt của cà phê nguyên chất.
VIVOSDEV06_098_snr5,vivos,phowhisper,small,zero_shot,,42,5,noise,CÁI VỊ CHÁT CHÁT VÀ ĐẮNG NGẮT CỦA CÀ PHÊ NGUYÊN CHẤT,cái vị chát chác và đắng ngắt của cà phê nguyên chất.
VIVOSDEV06_108_clean,vivos,phowhisper,small,zero_shot,,42,clean,clean,LÀM CÔ NÀNG RỌ RẠY THỨC TRẮNG CẢ ĐÊM,làm cô nàng rõ ray thức trắng cả đêm.
VIVOSDEV06_108_snr0,vivos,phowhisper,small,zero_shot,,42,0,music,LÀM CÔ NÀNG RỌ RẠY THỨC TRẮNG CẢ ĐÊM,làm cô nàng rõ rây thức trắng cả đêm.
VIVOSDEV06_108_snr10,vivos,phowhisper,small,zero_shot,,42,10,noise,LÀM CÔ NÀNG RỌ RẠY THỨC TRẮNG CẢ ĐÊM,làm cô nàng rõ ray thức trắng cả đêm.
VIVOSDEV06_108_snr20,vivos,phowhisper,small,zero_shot,,42,20,noise,LÀM CÔ NÀNG RỌ RẠY THỨC TRẮNG CẢ ĐÊM,làm cô nàng rõ ray thức trắng cả đêm.
VIVOSDEV06_108_snr5,vivos,phowhisper,small,zero_shot,,42,5,speech,LÀM CÔ NÀNG RỌ RẠY THỨC TRẮNG CẢ ĐÊM,làm cô nàng rõ rây thức trắng cả đêm.
VIVOSDEV06_117_clean,vivos,phowhisper,small,zero_shot,,42,clean,clean,GIẢI QUYẾT KHỐI UNG NHỌT NÀY PHẢI CẦN ĐẾN MỘT CUỘC ĐẠI PHẪU NGHIÊM TÚC,giải quyết khối u nhọc này phải cần đến một cuộc đại phẫu nghiêm túc.
VIVOSDEV06_117_snr0,vivos,phowhisper,small,zero_shot,,42,0,music,GIẢI QUYẾT KHỐI UNG NHỌT NÀY PHẢI CẦN ĐẾN MỘT CUỘC ĐẠI PHẪU NGHIÊM TÚC,giải quyết khối uông nhọt này phải cần đến một cuộc đại phẫu nghiêm túc.
VIVOSDEV06_117_snr10,vivos,phowhisper,small,zero_shot,,42,10,noise,GIẢI QUYẾT KHỐI UNG NHỌT NÀY PHẢI CẦN ĐẾN MỘT CUỘC ĐẠI PHẪU NGHIÊM TÚC,giải quyết khối u nhọc này phải cần đến một cuộc đại phẫu nghiêm túc.
VIVOSDEV06_117_snr20,vivos,phowhisper,small,zero_shot,,42,20,noise,GIẢI QUYẾT KHỐI UNG NHỌT NÀY PHẢI CẦN ĐẾN MỘT CUỘC ĐẠI PHẪU NGHIÊM TÚC,giải quyết khối u nhọc này phải cần đến một cuộc đại phẫu nghiêm túc.
VIVOSDEV06_117_snr5,vivos,phowhisper,small,zero_shot,,42,5,noise,GIẢI QUYẾT KHỐI UNG NHỌT NÀY PHẢI CẦN ĐẾN MỘT CUỘC ĐẠI PHẪU NGHIÊM TÚC,giải quyết khối u nhọc này phải cần đến một cuộc đại phẫu nghiêm túc.
VIVOSDEV06_126_clean,vivos,phowhisper,small,zero_shot,,42,clean,clean,THẬM CHÍ CÀNG GIỐNG ÁO QUÍ NÀNG CÀNG MỐT,thậm chí càng giống áo quý nàng càng mót.
VIVOSDEV06_126_snr0,vivos,phowhisper,small,zero_shot,,42,0,noise,THẬM CHÍ CÀNG GIỐNG ÁO QUÍ NÀNG CÀNG MỐT,thậm chí càng giống áo quý nàng càng mót.
VIVOSDEV06_126_snr10,vivos,phowhisper,small,zero_shot,,42,10,noise,THẬM CHÍ CÀNG GIỐNG ÁO QUÍ NÀNG CÀNG MỐT,thậm chí càng giống áo quý nàng càng mót.
VIVOSDEV06_126_snr20,vivos,phowhisper,small,zero_shot,,42,20,noise,THẬM CHÍ CÀNG GIỐNG ÁO QUÍ NÀNG CÀNG MỐT,thậm chí càng giống áo quý nàng càng mót.
VIVOSDEV06_126_snr5,vivos,phowhisper,small,zero_shot,,42,5,noise,THẬM CHÍ CÀNG GIỐNG ÁO QUÍ NÀNG CÀNG MỐT,thậm chí càng giống áo quý nàng càng mót.
VIVOSDEV06_139_clean,vivos,phowhisper,small,zero_shot,,42,clean,clean,CÒN BỘ KHANG HI TỪ ĐIỂN,còn bộ khăn thi từ điển.
VIVOSDEV06_139_snr0,vivos,phowhisper,small,zero_shot,,42,0,noise,CÒN BỘ KHANG HI TỪ ĐIỂN,còn bộ khăn thi từ điển.
VIVOSDEV06_139_snr10,vivos,phowhisper,small,zero_shot,,42,10,music,CÒN BỘ KHANG HI TỪ ĐIỂN,còn bộ khăn thi từ điển.
VIVOSDEV06_139_snr20,vivos,phowhisper,small,zero_shot,,42,20,music,CÒN BỘ KHANG HI TỪ ĐIỂN,còn bộ khăn thi từ điển.
VIVOSDEV06_139_snr5,vivos,phowhisper,small,zero_shot,,42,5,music,CÒN BỘ KHANG HI TỪ ĐIỂN,còn bộ khăn thi từ điển.
VIVOSDEV06_143_clean,vivos,phowhisper,small,zero_shot,,42,clean,clean,ĐÔI MÔI MẸ PHAI SON MẤP MÁY MỘT LỜI CA HOANG HOẢI,đôi môi mẹ phai son mấp máy một lời ca hoan hoảy.
VIVOSDEV06_143_snr0,vivos,phowhisper,small,zero_shot,,42,0,music,ĐÔI MÔI MẸ PHAI SON MẤP MÁY MỘT LỜI CA HOANG HOẢI,đôi môi mẹ phai son mấp máy một lời ca hoan hoảy.
VIVOSDEV06_143_snr10,vivos,phowhisper,small,zero_shot,,42,10,music,ĐÔI MÔI MẸ PHAI SON MẤP MÁY MỘT LỜI CA HOANG HOẢI,đôi môi mẹ phai son mấp máy một lời ca hoan hoảy.
VIVOSDEV06_143_snr20,vivos,phowhisper,small,zero_shot,,42,20,noise,ĐÔI MÔI MẸ PHAI SON MẤP MÁY MỘT LỜI CA HOANG HOẢI,đôi môi mẹ phai son mấp máy một lời ca hoan hoảy.
VIVOSDEV06_143_snr5,vivos,phowhisper,small,zero_shot,,42,5,noise,ĐÔI MÔI MẸ PHAI SON MẤP MÁY MỘT LỜI CA HOANG HOẢI,đôi môi mẹ phai son mấp máy một lời ca hoan hỏi.
VIVOSDEV06_184_clean,vivos,phowhisper,small,zero_shot,,42,clean,clean,HOẶC BẠN SẼ ĐẾN ĐẤY VỚI MỘT TÂM TRẠNG CHÁN NGÁN VÔ CÙNG,hoặc bạn sẽ đến đấy với một tâm trạng chán ngắn vô cùng.
VIVOSDEV06_184_snr0,vivos,phowhisper,small,zero_shot,,42,0,noise,HOẶC BẠN SẼ ĐẾN ĐẤY VỚI MỘT TÂM TRẠNG CHÁN NGÁN VÔ CÙNG,hoặc bạn sẽ đến đấy với một tâm trạng tráng ngắn vô cùng.
VIVOSDEV06_184_snr10,vivos,phowhisper,small,zero_shot,,42,10,speech,HOẶC BẠN SẼ ĐẾN ĐẤY VỚI MỘT TÂM TRẠNG CHÁN NGÁN VÔ CÙNG,hoặc bạn sẽ đến đấy với một tâm trạng chán ngắn vô cùng.
VIVOSDEV06_184_snr20,vivos,phowhisper,small,zero_shot,,42,20,noise,HOẶC BẠN SẼ ĐẾN ĐẤY VỚI MỘT TÂM TRẠNG CHÁN NGÁN VÔ CÙNG,hoặc bạn sẽ đến đấy với một tâm trạng chán ngắn vô cùng.
VIVOSDEV06_184_snr5,vivos,phowhisper,small,zero_shot,,42,5,noise,HOẶC BẠN SẼ ĐẾN ĐẤY VỚI MỘT TÂM TRẠNG CHÁN NGÁN VÔ CÙNG,hoặc bạn sẽ đến đấy với một tâm trạng chán ngắn vô cùng.
VIVOSDEV06_195_clean,vivos,phowhisper,small,zero_shot,,42,clean,clean,PHẢI ĐƯỢC THỰC HIỆN TRÊN CƠ SỞ,phải được thực hiện trên cơ sở.
VIVOSDEV06_195_snr0,vivos,phowhisper,small,zero_shot,,42,0,music,PHẢI ĐƯỢC THỰC HIỆN TRÊN CƠ SỞ,phải được thực hiện trên cơ sở.
VIVOSDEV06_195_snr10,vivos,phowhisper,small,zero_shot,,42,10,noise,PHẢI ĐƯỢC THỰC HIỆN TRÊN CƠ SỞ,phải được thực hiện trên cơ sở.
VIVOSDEV06_195_snr20,vivos,phowhisper,small,zero_shot,,42,20,noise,PHẢI ĐƯỢC THỰC HIỆN TRÊN CƠ SỞ,phải được thực hiện trên cơ sở.
VIVOSDEV06_195_snr5,vivos,phowhisper,small,zero_shot,,42,5,speech,PHẢI ĐƯỢC THỰC HIỆN TRÊN CƠ SỞ,phải được thực hiện trên cơ sở.
VIVOSDEV06_210_clean,vivos,phowhisper,small,zero_shot,,42,clean,clean,HAI MƯƠI SÁU HAI MƯƠI BẢY,hai mươi sáu hai mươi bảy.
VIVOSDEV06_210_snr0,vivos,phowhisper,small,zero_shot,,42,0,music,HAI MƯƠI SÁU HAI MƯƠI BẢY,hai mươi sáu hai mươi bảy.
VIVOSDEV06_210_snr10,vivos,phowhisper,small,zero_shot,,42,10,noise,HAI MƯƠI SÁU HAI MƯƠI BẢY,hai mươi sáu hai mươi bảy.
VIVOSDEV06_210_snr20,vivos,phowhisper,small,zero_shot,,42,20,noise,HAI MƯƠI SÁU HAI MƯƠI BẢY,hai mươi sáu hai mươi bảy.
VIVOSDEV06_210_snr5,vivos,phowhisper,small,zero_shot,,42,5,noise,HAI MƯƠI SÁU HAI MƯƠI BẢY,hai mươi sáu hai mươi bảy.
VIVOSDEV06_212_clean,vivos,phowhisper,small,zero_shot,,42,clean,clean,BA MƯƠI BA MƯƠI MỐT,ba mươi ba mươi mốt.
VIVOSDEV06_212_snr0,vivos,phowhisper,small,zero_shot,,42,0,music,BA MƯƠI BA MƯƠI MỐT,ba mươi ba mươi mốt.
VIVOSDEV06_212_snr10,vivos,phowhisper,small,zero_shot,,42,10,speech,BA MƯƠI BA MƯƠI MỐT,ba mươi ba mươi mốt.
VIVOSDEV06_212_snr20,vivos,phowhisper,small,zero_shot,,42,20,music,BA MƯƠI BA MƯƠI MỐT,ba mươi ba mươi mốt.
VIVOSDEV06_212_snr5,vivos,phowhisper,small,zero_shot,,42,5,music,BA MƯƠI BA MƯƠI MỐT,ba mươi ba mươi mốt.
VIVOSDEV06_240_clean,vivos,phowhisper,small,zero_shot,,42,clean,clean,TÁM MƯƠI SÁU TÁM MƯƠI BẢY,tám mươi sáu tám mươi bảy.
VIVOSDEV06_240_snr0,vivos,phowhisper,small,zero_shot,,42,0,noise,TÁM MƯƠI SÁU TÁM MƯƠI BẢY,tám mươi sáu tám mươi bảy.
VIVOSDEV06_240_snr10,vivos,phowhisper,small,zero_shot,,42,10,speech,TÁM MƯƠI SÁU TÁM MƯƠI BẢY,tám mươi sáu tám mươi bảy.
VIVOSDEV06_240_snr20,vivos,phowhisper,small,zero_shot,,42,20,speech,TÁM MƯƠI SÁU TÁM MƯƠI BẢY,tám mươi sáu tám mươi bảy.
VIVOSDEV06_240_snr5,vivos,phowhisper,small,zero_shot,,42,5,noise,TÁM MƯƠI SÁU TÁM MƯƠI BẢY,tám mươi sáu tám mươi bảy.
VIVOSDEV06_247_clean,vivos,phowhisper,small,zero_shot,,42,clean,clean,MỘT TRĂM MỘT HAI BA,một trăm một hai ba.
VIVOSDEV06_247_snr0,vivos,phowhisper,small,zero_shot,,42,0,noise,MỘT TRĂM MỘT HAI BA,một trăm một hai ba.
VIVOSDEV06_247_snr10,vivos,phowhisper,small,zero_shot,,42,10,noise,MỘT TRĂM MỘT HAI BA,một trăm một hai ba.
VIVOSDEV06_247_snr20,vivos,phowhisper,small,zero_shot,,42,20,music,MỘT TRĂM MỘT HAI BA,một trăm một hai ba.
VIVOSDEV06_247_snr5,vivos,phowhisper,small,zero_shot,,42,5,speech,MỘT TRĂM MỘT HAI BA,một trăm một hai ba.
VIVOSDEV06_252_clean,vivos,phowhisper,small,zero_shot,,42,clean,clean,NÓI TRƯỚC BƯỚC KHÔNG QUA,nói trước bước không qua.
VIVOSDEV06_252_snr0,vivos,phowhisper,small,zero_shot,,42,0,music,NÓI TRƯỚC BƯỚC KHÔNG QUA,nói trước bước trong qua.
VIVOSDEV06_252_snr10,vivos,phowhisper,small,zero_shot,,42,10,music,NÓI TRƯỚC BƯỚC KHÔNG QUA,nói trước bước không qua.
VIVOSDEV06_252_snr20,vivos,phowhisper,small,zero_shot,,42,20,noise,NÓI TRƯỚC BƯỚC KHÔNG QUA,nói trước bước không qua.
VIVOSDEV06_252_snr5,vivos,phowhisper,small,zero_shot,,42,5,speech,NÓI TRƯỚC BƯỚC KHÔNG QUA,nói trước bước công qua.
VIVOSDEV06_253_clean,vivos,phowhisper,small,zero_shot,,42,clean,clean,CHẲNG LÀ MẤY HÔM NAY TÔI ĐAU BỤNG QUÁ,chẳng là mấy hôm nay tôi đau bụng quá.
VIVOSDEV06_253_snr0,vivos,phowhisper,small,zero_shot,,42,0,noise,CHẲNG LÀ MẤY HÔM NAY TÔI ĐAU BỤNG QUÁ,chẳng là mấy hôm nay tôi đau bụng quá.
VIVOSDEV06_253_snr10,vivos,phowhisper,small,zero_shot,,42,10,speech,CHẲNG LÀ MẤY HÔM NAY TÔI ĐAU BỤNG QUÁ,chẳng là mấy hôm nay tôi đau bụng quá.
VIVOSDEV06_253_snr20,vivos,phowhisper,small,zero_shot,,42,20,music,CHẲNG LÀ MẤY HÔM NAY TÔI ĐAU BỤNG QUÁ,chẳng là mấy hôm nay tôi đau bụng quá.
VIVOSDEV06_253_snr5,vivos,phowhisper,small,zero_shot,,42,5,noise,CHẲNG LÀ MẤY HÔM NAY TÔI ĐAU BỤNG QUÁ,chẳng là mấy hôm nay tôi đau bụng quá.
VIVOSDEV06_261_clean,vivos,phowhisper,small,zero_shot,,42,clean,clean,SAO KẾT QUẢ RA TỆ VẬY,sau kết quả ra tệ vậy.
VIVOSDEV06_261_snr0,vivos,phowhisper,small,zero_shot,,42,0,speech,SAO KẾT QUẢ RA TỆ VẬY,sau kết quả ra tệ vậy.
VIVOSDEV06_261_snr10,vivos,phowhisper,small,zero_shot,,42,10,music,SAO KẾT QUẢ RA TỆ VẬY,sau kết quả ra tệ vậy.
VIVOSDEV06_261_snr20,vivos,phowhisper,small,zero_shot,,42,20,music,SAO KẾT QUẢ RA TỆ VẬY,sau kết quả ra tệ vậy.
VIVOSDEV06_261_snr5,vivos,phowhisper,small,zero_shot,,42,5,noise,SAO KẾT QUẢ RA TỆ VẬY,sau kết quả ra tệ vậy.
VIVOSDEV06_272_clean,vivos,phowhisper,small,zero_shot,,42,clean,clean,TÔI CHỈ MUỐN XEM NHỮNG ĐOẠN HAY MÀ THÔI,tôi chỉ muốn xem những đoạn hay mà thôi.
VIVOSDEV06_272_snr0,vivos,phowhisper,small,zero_shot,,42,0,noise,TÔI CHỈ MUỐN XEM NHỮNG ĐOẠN HAY MÀ THÔI,tôi chỉ muốn xem những trận hay mà thôi.
VIVOSDEV06_272_snr10,vivos,phowhisper,small,zero_shot,,42,10,noise,TÔI CHỈ MUỐN XEM NHỮNG ĐOẠN HAY MÀ THÔI,tôi chỉ muốn xem những đoạn hay mà thôi.
VIVOSDEV06_272_snr20,vivos,phowhisper,small,zero_shot,,42,20,speech,TÔI CHỈ MUỐN XEM NHỮNG ĐOẠN HAY MÀ THÔI,tôi chỉ muốn xem những đoạn hay mà thôi.
VIVOSDEV06_272_snr5,vivos,phowhisper,small,zero_shot,,42,5,noise,TÔI CHỈ MUỐN XEM NHỮNG ĐOẠN HAY MÀ THÔI,tôi chỉ muốn xem những đoạn hay mà thôi.
VIVOSDEV06_287_clean,vivos,phowhisper,small,zero_shot,,42,clean,clean,LƯƠNG BA CỌC BA ĐỒNG THÌ NUÔI ĐƯỢC AI,lương ba cọc ba đồng thì nuôi được ai.
VIVOSDEV06_287_snr0,vivos,phowhisper,small,zero_shot,,42,0,music,LƯƠNG BA CỌC BA ĐỒNG THÌ NUÔI ĐƯỢC AI,lương ba cọc ba đồng thì nuôi được ai.
VIVOSDEV06_287_snr10,vivos,phowhisper,small,zero_shot,,42,10,noise,LƯƠNG BA CỌC BA ĐỒNG THÌ NUÔI ĐƯỢC AI,lương ba cọc ba đồng thì nuôi được ai.
VIVOSDEV06_287_snr20,vivos,phowhisper,small,zero_shot,,42,20,noise,LƯƠNG BA CỌC BA ĐỒNG THÌ NUÔI ĐƯỢC AI,lương ba cọc ba đồng thì nuôi được ai.
VIVOSDEV06_287_snr5,vivos,phowhisper,small,zero_shot,,42,5,speech,LƯƠNG BA CỌC BA ĐỒNG THÌ NUÔI ĐƯỢC AI,lương ba cọc ba đồng thì nuôi được ai.
VIVOSDEV07_002_clean,vivos,phowhisper,small,zero_shot,,42,clean,clean,HẰNG NĂM CHÚNG TA THẢI RA HÀNG TỈ THIẾT BỊ ĐIỆN TỬ,hàng năm chúng ta thải ra hàng tỉ thiết bị điện tử.
VIVOSDEV07_002_snr0,vivos,phowhisper,small,zero_shot,,42,0,music,HẰNG NĂM CHÚNG TA THẢI RA HÀNG TỈ THIẾT BỊ ĐIỆN TỬ,hằng năm chúng ta xảy ra hàng tỷ thiết bị điện tử.
VIVOSDEV07_002_snr10,vivos,phowhisper,small,zero_shot,,42,10,music,HẰNG NĂM CHÚNG TA THẢI RA HÀNG TỈ THIẾT BỊ ĐIỆN TỬ,hàng năm chúng ta thải ra hàng tỷ thiết bị điện tử.
VIVOSDEV07_002_snr20,vivos,phowhisper,small,zero_shot,,42,20,music,HẰNG NĂM CHÚNG TA THẢI RA HÀNG TỈ THIẾT BỊ ĐIỆN TỬ,hàng năm chúng ta thải ra hàng tỉ thiết bị điện tử.
VIVOSDEV07_002_snr5,vivos,phowhisper,small,zero_shot,,42,5,noise,HẰNG NĂM CHÚNG TA THẢI RA HÀNG TỈ THIẾT BỊ ĐIỆN TỬ,hàng năm chúng ta thải ra hàng tỉ thiết bị điện tử.
VIVOSDEV07_036_clean,vivos,phowhisper,small,zero_shot,,42,clean,clean,VÌ ĐÓ MỚI CHÍNH LÀ THỨ BẠN CẦN,vì đó mới chính là thứ bạn cần.
VIVOSDEV07_036_snr0,vivos,phowhisper,small,zero_shot,,42,0,music,VÌ ĐÓ MỚI CHÍNH LÀ THỨ BẠN CẦN,vì đó mới chính là thứ bạn cần.
VIVOSDEV07_036_snr10,vivos,phowhisper,small,zero_shot,,42,10,music,VÌ ĐÓ MỚI CHÍNH LÀ THỨ BẠN CẦN,vì đó mới chính là thứ bạn cần.
VIVOSDEV07_036_snr20,vivos,phowhisper,small,zero_shot,,42,20,music,VÌ ĐÓ MỚI CHÍNH LÀ THỨ BẠN CẦN,vì đó mới chính là thứ bạn cần.
VIVOSDEV07_036_snr5,vivos,phowhisper,small,zero_shot,,42,5,noise,VÌ ĐÓ MỚI CHÍNH LÀ THỨ BẠN CẦN,vì đó mới chính là thứ bạn cần.
VIVOSDEV07_039_clean,vivos,phowhisper,small,zero_shot,,42,clean,clean,GIÓ TRỜI KHÔNG THỂ THÔNG THỐC THỔI VÀO KHAI TRUNG,gió trời không thể thông thốc thổi vào khai trung.
VIVOSDEV07_039_snr0,vivos,phowhisper,small,zero_shot,,42,0,speech,GIÓ TRỜI KHÔNG THỂ THÔNG THỐC THỔI VÀO KHAI TRUNG,gió trời không thể xông thốc dỗ vào khai trung.
VIVOSDEV07_039_snr10,vivos,phowhisper,small,zero_shot,,42,10,noise,GIÓ TRỜI KHÔNG THỂ THÔNG THỐC THỔI VÀO KHAI TRUNG,gió trời không thể thông thốc thổi vào khai trung.
VIVOSDEV07_039_snr20,vivos,phowhisper,small,zero_shot,,42,20,music,GIÓ TRỜI KHÔNG THỂ THÔNG THỐC THỔI VÀO KHAI TRUNG,gió trời không thể thông thốc thổi vào khai trung.
VIVOSDEV07_039_snr5,vivos,phowhisper,small,zero_shot,,42,5,speech,GIÓ TRỜI KHÔNG THỂ THÔNG THỐC THỔI VÀO KHAI TRUNG,gió trời không thể thong thóc thổi vào khai trung.
VIVOSDEV07_044_clean,vivos,phowhisper,small,zero_shot,,42,clean,clean,BỞI CƠ QUAN CHUYÊN MÔN HOẶC THUÊ TỔ CHỨC KIỂM TOÁN ĐỘC LẬP,bởi cơ quan chuyên môn hoặc thuê tổ chức kiểm toán độc lập.
VIVOSDEV07_044_snr0,vivos,phowhisper,small,zero_shot,,42,0,noise,BỞI CƠ QUAN CHUYÊN MÔN HOẶC THUÊ TỔ CHỨC KIỂM TOÁN ĐỘC LẬP,bởi cơ quan chuyên môn hoặc thuê tổ chức kiểm toán độc lập.
VIVOSDEV07_044_snr10,vivos,phowhisper,small,zero_shot,,42,10,speech,BỞI CƠ QUAN CHUYÊN MÔN HOẶC THUÊ TỔ CHỨC KIỂM TOÁN ĐỘC LẬP,bởi cơ quan chuyên môn hoặc thuê tổ chức kiểm toán độc lập.
VIVOSDEV07_044_snr20,vivos,phowhisper,small,zero_shot,,42,20,music,BỞI CƠ QUAN CHUYÊN MÔN HOẶC THUÊ TỔ CHỨC KIỂM TOÁN ĐỘC LẬP,bởi cơ quan chuyên môn hoặc thuê tổ chức kiểm toán độc lập.
VIVOSDEV07_044_snr5,vivos,phowhisper,small,zero_shot,,42,5,noise,BỞI CƠ QUAN CHUYÊN MÔN HOẶC THUÊ TỔ CHỨC KIỂM TOÁN ĐỘC LẬP,bởi cơ quan chuyên môn hoặc thuê tổ chức kiểm toán độc lập.
VIVOSDEV07_045_clean,vivos,phowhisper,small,zero_shot,,42,clean,clean,HOẶC CHO VÀO VẠI MUỐI ĐỂ LỢN ĂN DẦN,hoặc cho vào vải muối để lợn ăn dần.
VIVOSDEV07_045_snr0,vivos,phowhisper,small,zero_shot,,42,0,speech,HOẶC CHO VÀO VẠI MUỐI ĐỂ LỢN ĂN DẦN,hoặc chơi vào vải muối để lợn thắng giận.
VIVOSDEV07_045_snr10,vivos,phowhisper,small,zero_shot,,42,10,noise,HOẶC CHO VÀO VẠI MUỐI ĐỂ LỢN ĂN DẦN,hoặc cho vào vải muối để lợn ăn dần.
VIVOSDEV07_045_snr20,vivos,phowhisper,small,zero_shot,,42,20,music,HOẶC CHO VÀO VẠI MUỐI ĐỂ LỢN ĂN DẦN,hoặc cho vào vải muối để lợn ăn dần.
VIVOSDEV07_045_snr5,vivos,phowhisper,small,zero_shot,,42,5,speech,HOẶC CHO VÀO VẠI MUỐI ĐỂ LỢN ĂN DẦN,hoặc cho vào vải muối để lợn ăn dần.
VIVOSDEV07_066_clean,vivos,phowhisper,small,zero_shot,,42,clean,clean,ĐÃ CÓ DỰ ÁN ĐỂ XÂY DỰNG MỘT CÁI CẦU TỪ ĐẤT LIỀN,đã có dự án để xây dựng một cái cầu từ đất liền.
VIVOSDEV07_066_snr0,vivos,phowhisper,small,zero_shot,,42,0,speech,ĐÃ CÓ DỰ ÁN ĐỂ XÂY DỰNG MỘT CÁI CẦU TỪ ĐẤT LIỀN,đã có dự án để xây dựng một cái cầu từ đất liền.
VIVOSDEV07_066_snr10,vivos,phowhisper,small,zero_shot,,42,10,speech,ĐÃ CÓ DỰ ÁN ĐỂ XÂY DỰNG MỘT CÁI CẦU TỪ ĐẤT LIỀN,đã có dự án để xây dựng một cái cầu từ đất liền.
VIVOSDEV07_066_snr20,vivos,phowhisper,small,zero_shot,,42,20,noise,ĐÃ CÓ DỰ ÁN ĐỂ XÂY DỰNG MỘT CÁI CẦU TỪ ĐẤT LIỀN,đã có dự án để xây dựng một cái cầu từ đất liền.
VIVOSDEV07_066_snr5,vivos,phowhisper,small,zero_shot,,42,5,speech,ĐÃ CÓ DỰ ÁN ĐỂ XÂY DỰNG MỘT CÁI CẦU TỪ ĐẤT LIỀN,đã có dự án để xây dựng một cái cầu thủ đất liền.
VIVOSDEV07_067_clean,vivos,phowhisper,small,zero_shot,,42,clean,clean,CHẠM VÀO PHẦN THÓP MỀM TRÊN ĐẦU BÉ,chạm vào phần thóp mềm trên đầu bé.
VIVOSDEV07_067_snr0,vivos,phowhisper,small,zero_shot,,42,0,noise,CHẠM VÀO PHẦN THÓP MỀM TRÊN ĐẦU BÉ,chạm vào phần thóp mềm trên đầu bé.
VIVOSDEV07_067_snr10,vivos,phowhisper,small,zero_shot,,42,10,music,CHẠM VÀO PHẦN THÓP MỀM TRÊN ĐẦU BÉ,chạm vào phần thóp mềm trên đầu bé.
VIVOSDEV07_067_snr20,vivos,phowhisper,small,zero_shot,,42,20,speech,CHẠM VÀO PHẦN THÓP MỀM TRÊN ĐẦU BÉ,chạm vào phần thóp mềm trên đầu bé.
VIVOSDEV07_067_snr5,vivos,phowhisper,small,zero_shot,,42,5,noise,CHẠM VÀO PHẦN THÓP MỀM TRÊN ĐẦU BÉ,chạm vào phần thóp mềm trên đầu bé.
VIVOSDEV07_084_clean,vivos,phowhisper,small,zero_shot,,42,clean,clean,THÌ BỖNG NGHE THẤY TIẾNG OÁC OÁC TỪ VẠT RỪNG PHI LAO,thì bỗng nghe tiếng oác oác từ vạc rừng phi lao.
VIVOSDEV07_084_snr0,vivos,phowhisper,small,zero_shot,,42,0,music,THÌ BỖNG NGHE THẤY TIẾNG OÁC OÁC TỪ VẠT RỪNG PHI LAO,thì bỗng nghe tiếng oác oác từ vạt rừng phi lao.
VIVOSDEV07_084_snr10,vivos,phowhisper,small,zero_shot,,42,10,noise,THÌ BỖNG NGHE THẤY TIẾNG OÁC OÁC TỪ VẠT RỪNG PHI LAO,thì bỗng nghe tiếng oác oác từ vạc rừng phi lao.
VIVOSDEV07_084_snr20,vivos,phowhisper,small,zero_shot,,42,20,music,THÌ BỖNG NGHE THẤY TIẾNG OÁC OÁC TỪ VẠT RỪNG PHI LAO,thì bỗng nghe tiếng oác oác từ vạc rừng phi lao.
VIVOSDEV07_084_snr5,vivos,phowhisper,small,zero_shot,,42,5,music,THÌ BỖNG NGHE THẤY TIẾNG OÁC OÁC TỪ VẠT RỪNG PHI LAO,thì bỗng nghe tiếng oác oác từ vạt rừng phi lao.
VIVOSDEV07_098_clean,vivos,phowhisper,small,zero_shot,,42,clean,clean,TRẬN CHIẾN XÍCH BÍCH,trận chiến xích bích.
VIVOSDEV07_098_snr0,vivos,phowhisper,small,zero_shot,,42,0,speech,TRẬN CHIẾN XÍCH BÍCH,trận chiến xích bích.
VIVOSDEV07_098_snr10,vivos,phowhisper,small,zero_shot,,42,10,music,TRẬN CHIẾN XÍCH BÍCH,trận chiến xích bích.
VIVOSDEV07_098_snr20,vivos,phowhisper,small,zero_shot,,42,20,noise,TRẬN CHIẾN XÍCH BÍCH,trận chiến xích bích.
VIVOSDEV07_098_snr5,vivos,phowhisper,small,zero_shot,,42,5,noise,TRẬN CHIẾN XÍCH BÍCH,trận chiến xích bích.
VIVOSDEV07_107_clean,vivos,phowhisper,small,zero_shot,,42,clean,clean,NGUYÊN THỨ TRƯỞNG BỘ ĐẠI HỌC VÀ GIÁO DỤC CHUYÊN NGHIỆP CŨ,nguyên thứ trưởng bộ đại học và giáo dục chuyên nghiệp cũ.
VIVOSDEV07_107_snr0,vivos,phowhisper,small,zero_shot,,42,0,noise,NGUYÊN THỨ TRƯỞNG BỘ ĐẠI HỌC VÀ GIÁO DỤC CHUYÊN NGHIỆP CŨ,nguyên thứ trưởng bộ đại học và giáo dục chuyên nghiệp cũ.
VIVOSDEV07_107_snr10,vivos,phowhisper,small,zero_shot,,42,10,speech,NGUYÊN THỨ TRƯỞNG BỘ ĐẠI HỌC VÀ GIÁO DỤC CHUYÊN NGHIỆP CŨ,nguyên thứ trưởng bộ đại học và giáo dục chuyên nghiệp cũ.
VIVOSDEV07_107_snr20,vivos,phowhisper,small,zero_shot,,42,20,speech,NGUYÊN THỨ TRƯỞNG BỘ ĐẠI HỌC VÀ GIÁO DỤC CHUYÊN NGHIỆP CŨ,nguyên thứ trưởng bộ đại học và giáo dục chuyên nghiệp cũ.
VIVOSDEV07_107_snr5,vivos,phowhisper,small,zero_shot,,42,5,music,NGUYÊN THỨ TRƯỞNG BỘ ĐẠI HỌC VÀ GIÁO DỤC CHUYÊN NGHIỆP CŨ,nguyên thứ trưởng bộ đại học và giáo dục chuyên nghiệp cũ.
VIVOSDEV07_115_clean,vivos,phowhisper,small,zero_shot,,42,clean,clean,VÀO CƠ QUAN LÀ ANH HÓT GIỐNG HỆT NHỒNG MỚI LỘT LƯỠI VẬY,vào cơ quan là anh hót giống hệt nhồng với lột lưỡi vậy.
VIVOSDEV07_115_snr0,vivos,phowhisper,small,zero_shot,,42,0,music,VÀO CƠ QUAN LÀ ANH HÓT GIỐNG HỆT NHỒNG MỚI LỘT LƯỠI VẬY,vào cơ quan là anh hót giống hệt nhồng với lột lưỡi vậy.
VIVOSDEV07_115_snr10,vivos,phowhisper,small,zero_shot,,42,10,noise,VÀO CƠ QUAN LÀ ANH HÓT GIỐNG HỆT NHỒNG MỚI LỘT LƯỠI VẬY,vào cơ quan là anh hót giống hệt nhồng với lộn lưỡi vậy.
VIVOSDEV07_115_snr20,vivos,phowhisper,small,zero_shot,,42,20,noise,VÀO CƠ QUAN LÀ ANH HÓT GIỐNG HỆT NHỒNG MỚI LỘT LƯỠI VẬY,vào cơ quan là anh hót giống hệt nhồng với lột lưỡi vậy.
VIVOSDEV07_115_snr5,vivos,phowhisper,small,zero_shot,,42,5,music,VÀO CƠ QUAN LÀ ANH HÓT GIỐNG HỆT NHỒNG MỚI LỘT LƯỠI VẬY,vào cơ quan là ánh hức giống hệt nhồng với lột lưỡi vậy.
VIVOSDEV07_125_clean,vivos,phowhisper,small,zero_shot,,42,clean,clean,ÁNG CHỪNG ĐÃ NGOẠI BẢY MƯƠI,án trừng đã ngoại bảy mươi.
VIVOSDEV07_125_snr0,vivos,phowhisper,small,zero_shot,,42,0,noise,ÁNG CHỪNG ĐÃ NGOẠI BẢY MƯƠI,án trình đã ngoại bảy mươi.
VIVOSDEV07_125_snr10,vivos,phowhisper,small,zero_shot,,42,10,noise,ÁNG CHỪNG ĐÃ NGOẠI BẢY MƯƠI,tán chừng đã ngoại bảy mươi.
VIVOSDEV07_125_snr20,vivos,phowhisper,small,zero_shot,,42,20,noise,ÁNG CHỪNG ĐÃ NGOẠI BẢY MƯƠI,án trừng đã ngoại bảy mươi.
VIVOSDEV07_125_snr5,vivos,phowhisper,small,zero_shot,,42,5,noise,ÁNG CHỪNG ĐÃ NGOẠI BẢY MƯƠI,án trừng đã ngoại bảy mươi.
VIVOSDEV07_134_clean,vivos,phowhisper,small,zero_shot,,42,clean,clean,THAM GIA GIẢNG DẠY LÀ LỰC LƯỢNG ĐOÀN VIÊN,tham gia giảng dạy là lực lượng đoàn viên.
VIVOSDEV07_134_snr0,vivos,phowhisper,small,zero_shot,,42,0,noise,THAM GIA GIẢNG DẠY LÀ LỰC LƯỢNG ĐOÀN VIÊN,tham gia giảng dạy là lực lượng đoàn viên.
VIVOSDEV07_134_snr10,vivos,phowhisper,small,zero_shot,,42,10,noise,THAM GIA GIẢNG DẠY LÀ LỰC LƯỢNG ĐOÀN VIÊN,tham gia giảng dạy là lực lượng đoàn viên.
VIVOSDEV07_134_snr20,vivos,phowhisper,small,zero_shot,,42,20,noise,THAM GIA GIẢNG DẠY LÀ LỰC LƯỢNG ĐOÀN VIÊN,tham gia giảng dạy là lực lượng đoàn viên.
VIVOSDEV07_134_snr5,vivos,phowhisper,small,zero_shot,,42,5,noise,THAM GIA GIẢNG DẠY LÀ LỰC LƯỢNG ĐOÀN VIÊN,tham gia giảng dạy là lực lượng đoàn viên.
VIVOSDEV07_138_clean,vivos,phowhisper,small,zero_shot,,42,clean,clean,ĐÓ HẲN LÀ MỘT MÓN QUÀ,đó hẳn là một món quà.
VIVOSDEV07_138_snr0,vivos,phowhisper,small,zero_shot,,42,0,noise,ĐÓ HẲN LÀ MỘT MÓN QUÀ,đó hẳn là một món quà.
VIVOSDEV07_138_snr10,vivos,phowhisper,small,zero_shot,,42,10,music,ĐÓ HẲN LÀ MỘT MÓN QUÀ,đó hẳn là một món quà.
VIVOSDEV07_138_snr20,vivos,phowhisper,small,zero_shot,,42,20,music,ĐÓ HẲN LÀ MỘT MÓN QUÀ,đó hẳn là một món quà.
VIVOSDEV07_138_snr5,vivos,phowhisper,small,zero_shot,,42,5,music,ĐÓ HẲN LÀ MỘT MÓN QUÀ,đó hẳn là một món quà.
VIVOSDEV07_141_clean,vivos,phowhisper,small,zero_shot,,42,clean,clean,VÀ KHI THẤY TÔI VẪN KIÊN ĐỊNH TRẢ LỜI TRỚT QUỚT,và khi thấy tôi vẫn kiên định trả lời trước word.
VIVOSDEV07_141_snr0,vivos,phowhisper,small,zero_shot,,42,0,music,VÀ KHI THẤY TÔI VẪN KIÊN ĐỊNH TRẢ LỜI TRỚT QUỚT,và khi thấy tôi vẫn quy định trả lời chất góp.
VIVOSDEV07_141_snr10,vivos,phowhisper,small,zero_shot,,42,10,noise,VÀ KHI THẤY TÔI VẪN KIÊN ĐỊNH TRẢ LỜI TRỚT QUỚT,và khi thấy tôi vẫn kiên định trả lời trước cuộc.
VIVOSDEV07_141_snr20,vivos,phowhisper,small,zero_shot,,42,20,noise,VÀ KHI THẤY TÔI VẪN KIÊN ĐỊNH TRẢ LỜI TRỚT QUỚT,và khi thấy tôi vẫn kiên định trả lời trước word.
VIVOSDEV07_141_snr5,vivos,phowhisper,small,zero_shot,,42,5,noise,VÀ KHI THẤY TÔI VẪN KIÊN ĐỊNH TRẢ LỜI TRỚT QUỚT,và khi thấy tôi vẫn kiên định trả lời trớt vớt.
VIVOSDEV07_151_clean,vivos,phowhisper,small,zero_shot,,42,clean,clean,RÔ BÓT THÔNG MINH,robot thông minh.
VIVOSDEV07_151_snr0,vivos,phowhisper,small,zero_shot,,42,0,noise,RÔ BÓT THÔNG MINH,robot thông minh.
VIVOSDEV07_151_snr10,vivos,phowhisper,small,zero_shot,,42,10,speech,RÔ BÓT THÔNG MINH,robot thông minh.
VIVOSDEV07_151_snr20,vivos,phowhisper,small,zero_shot,,42,20,noise,RÔ BÓT THÔNG MINH,robot thông minh.
VIVOSDEV07_151_snr5,vivos,phowhisper,small,zero_shot,,42,5,noise,RÔ BÓT THÔNG MINH,robot thông minh.
VIVOSDEV07_192_clean,vivos,phowhisper,small,zero_shot,,42,clean,clean,NHIỀU NGƯỜI CHO BIẾT,nhiều người cho biết.
VIVOSDEV07_192_snr0,vivos,phowhisper,small,zero_shot,,42,0,music,NHIỀU NGƯỜI CHO BIẾT,nhiều người cho biết.
VIVOSDEV07_192_snr10,vivos,phowhisper,small,zero_shot,,42,10,noise,NHIỀU NGƯỜI CHO BIẾT,nhiều người cho biết.
VIVOSDEV07_192_snr20,vivos,phowhisper,small,zero_shot,,42,20,noise,NHIỀU NGƯỜI CHO BIẾT,nhiều người cho biết.
VIVOSDEV07_192_snr5,vivos,phowhisper,small,zero_shot,,42,5,speech,NHIỀU NGƯỜI CHO BIẾT,nhiều người cho biết.
VIVOSDEV07_195_clean,vivos,phowhisper,small,zero_shot,,42,clean,clean,HỌ CŨNG LUÔN TRÁNH XA NHỮNG TÌNH HUỐNG CÓ THỂ GÂY HẠI CHO HỌ,họ cũng luôn tránh xa những tình huống có thể gây hại cho họ.
VIVOSDEV07_195_snr0,vivos,phowhisper,small,zero_shot,,42,0,speech,HỌ CŨNG LUÔN TRÁNH XA NHỮNG TÌNH HUỐNG CÓ THỂ GÂY HẠI CHO HỌ,họ cũng luôn tránh xa những tình huống có thể gây hại cho họ.
VIVOSDEV07_195_snr10,vivos,phowhisper,small,zero_shot,,42,10,noise,HỌ CŨNG LUÔN TRÁNH XA NHỮNG TÌNH HUỐNG CÓ THỂ GÂY HẠI CHO HỌ,họ cũng luôn tránh xa những tình huống có thể gây hại cho họ.
VIVOSDEV07_195_snr20,vivos,phowhisper,small,zero_shot,,42,20,music,HỌ CŨNG LUÔN TRÁNH XA NHỮNG TÌNH HUỐNG CÓ THỂ GÂY HẠI CHO HỌ,họ cũng luôn tránh xa những tình huống có thể gây hại cho họ.
VIVOSDEV07_195_snr5,vivos,phowhisper,small,zero_shot,,42,5,noise,HỌ CŨNG LUÔN TRÁNH XA NHỮNG TÌNH HUỐNG CÓ THỂ GÂY HẠI CHO HỌ,họ cũng luôn tránh xa những tình huống có thể gây hại cho họ.
VIVOSDEV07_197_clean,vivos,phowhisper,small,zero_shot,,42,clean,clean,TRONG CUỘC SỐNG CỦA TÔI CHÚNG KHÔNG DÙNG ĐỂ KIẾM RA LỢI NHUẬN,trong cuộc sống của tôi chúng không dùng để kiếm ra lợi nhuận.
VIVOSDEV07_197_snr0,vivos,phowhisper,small,zero_shot,,42,0,music,TRONG CUỘC SỐNG CỦA TÔI CHÚNG KHÔNG DÙNG ĐỂ KIẾM RA LỢI NHUẬN,trong cuộc sống của tôi chúng không dùng để kiếm ra lợi nhuận.
VIVOSDEV07_197_snr10,vivos,phowhisper,small,zero_shot,,42,10,speech,TRONG CUỘC SỐNG CỦA TÔI CHÚNG KHÔNG DÙNG ĐỂ KIẾM RA LỢI NHUẬN,trong cuộc sống của tôi chúng không dùng để kiếm ra lợi nhuận.
VIVOSDEV07_197_snr20,vivos,phowhisper,small,zero_shot,,42,20,noise,TRONG CUỘC SỐNG CỦA TÔI CHÚNG KHÔNG DÙNG ĐỂ KIẾM RA LỢI NHUẬN,trong cuộc sống của tôi chúng không dùng để kiếm ra lợi nhuận.
VIVOSDEV07_197_snr5,vivos,phowhisper,small,zero_shot,,42,5,speech,TRONG CUỘC SỐNG CỦA TÔI CHÚNG KHÔNG DÙNG ĐỂ KIẾM RA LỢI NHUẬN,trong cuộc sống của tôi chúng không dùng để kiếm ra lợi nhuận.
VIVOSDEV07_209_clean,vivos,phowhisper,small,zero_shot,,42,clean,clean,HAI MƯƠI BỐN HAI MƯƠI LĂM,hai mươi bốn hai mươi lăm.
VIVOSDEV07_209_snr0,vivos,phowhisper,small,zero_shot,,42,0,speech,HAI MƯƠI BỐN HAI MƯƠI LĂM,hai mươi bốn hai mươi lăm.
VIVOSDEV07_209_snr10,vivos,phowhisper,small,zero_shot,,42,10,noise,HAI MƯƠI BỐN HAI MƯƠI LĂM,hai mươi bốn hai mươi lăm.
VIVOSDEV07_209_snr20,vivos,phowhisper,small,zero_shot,,42,20,noise,HAI MƯƠI BỐN HAI MƯƠI LĂM,hai mươi bốn hai mươi lăm.
VIVOSDEV07_209_snr5,vivos,phowhisper,small,zero_shot,,42,5,noise,HAI MƯƠI BỐN HAI MƯƠI LĂM,hai mươi bốn hai mươi lăm.
VIVOSDEV07_223_clean,vivos,phowhisper,small,zero_shot,,42,clean,clean,NĂM MƯƠI HAI NĂM MƯƠI BA,năm mươi hai năm mươi ba.
VIVOSDEV07_223_snr0,vivos,phowhisper,small,zero_shot,,42,0,speech,NĂM MƯƠI HAI NĂM MƯƠI BA,có chứa hoa đip lỳ boxing.
VIVOSDEV07_223_snr10,vivos,phowhisper,small,zero_shot,,42,10,noise,NĂM MƯƠI HAI NĂM MƯƠI BA,năm mươi hai năm mươi ba.
VIVOSDEV07_223_snr20,vivos,phowhisper,small,zero_shot,,42,20,noise,NĂM MƯƠI HAI NĂM MƯƠI BA,năm mươi hai năm mươi ba.
VIVOSDEV07_223_snr5,vivos,phowhisper,small,zero_shot,,42,5,music,NĂM MƯƠI HAI NĂM MƯƠI BA,năm mươi hai năm mươi ba.
VIVOSDEV07_231_clean,vivos,phowhisper,small,zero_shot,,42,clean,clean,SÁU MƯƠI TÁM SÁU MƯƠI CHÍN,sáu mươi tám sáu mươi chín.
VIVOSDEV07_231_snr0,vivos,phowhisper,small,zero_shot,,42,0,music,SÁU MƯƠI TÁM SÁU MƯƠI CHÍN,sáu mươi tám sáu mươi chín.
VIVOSDEV07_231_snr10,vivos,phowhisper,small,zero_shot,,42,10,music,SÁU MƯƠI TÁM SÁU MƯƠI CHÍN,sáu mươi tám sáu mươi chín.
VIVOSDEV07_231_snr20,vivos,phowhisper,small,zero_shot,,42,20,speech,SÁU MƯƠI TÁM SÁU MƯƠI CHÍN,sáu mươi tám sáu mươi chín.
VIVOSDEV07_231_snr5,vivos,phowhisper,small,zero_shot,,42,5,music,SÁU MƯƠI TÁM SÁU MƯƠI CHÍN,sáu mươi tám sáu mươi chín.
VIVOSDEV07_236_clean,vivos,phowhisper,small,zero_shot,,42,clean,clean,BẢY MƯƠI TÁM BẢY MƯƠI CHÍN,bảy mươi tám bảy mươi chín.
VIVOSDEV07_236_snr0,vivos,phowhisper,small,zero_shot,,42,0,noise,BẢY MƯƠI TÁM BẢY MƯƠI CHÍN,bảy mươi tám bảy mươi chín.
VIVOSDEV07_236_snr10,vivos,phowhisper,small,zero_shot,,42,10,speech,BẢY MƯƠI TÁM BẢY MƯƠI CHÍN,bảy mươi tám bảy mươi chín.
VIVOSDEV07_236_snr20,vivos,phowhisper,small,zero_shot,,42,20,speech,BẢY MƯƠI TÁM BẢY MƯƠI CHÍN,bảy mươi tám bảy mươi chín.
VIVOSDEV07_236_snr5,vivos,phowhisper,small,zero_shot,,42,5,music,BẢY MƯƠI TÁM BẢY MƯƠI CHÍN,bảy mươi tám bảy mươi chín.
VIVOSDEV07_246_clean,vivos,phowhisper,small,zero_shot,,42,clean,clean,CHÍN MƯƠI TÁM CHÍN MƯƠI CHÍN,chín mươi tám chín mươi chín.
VIVOSDEV07_246_snr0,vivos,phowhisper,small,zero_shot,,42,0,noise,CHÍN MƯƠI TÁM CHÍN MƯƠI CHÍN,chín mươi tám chín mươi chín.
VIVOSDEV07_246_snr10,vivos,phowhisper,small,zero_shot,,42,10,speech,CHÍN MƯƠI TÁM CHÍN MƯƠI CHÍN,chín mươi tám chín mươi chín.
VIVOSDEV07_246_snr20,vivos,phowhisper,small,zero_shot,,42,20,music,CHÍN MƯƠI TÁM CHÍN MƯƠI CHÍN,chín mươi tám chín mươi chín.
VIVOSDEV07_246_snr5,vivos,phowhisper,small,zero_shot,,42,5,speech,CHÍN MƯƠI TÁM CHÍN MƯƠI CHÍN,chín mươi tám chín mươi chín.
VIVOSDEV07_264_clean,vivos,phowhisper,small,zero_shot,,42,clean,clean,BUỔI SÁNG THÀNH PHỐ Ô NHIỄM HƠN BUỔI TRƯA,buổi sáng thành phố ô nhiễm hơn buổi trưa.
VIVOSDEV07_264_snr0,vivos,phowhisper,small,zero_shot,,42,0,noise,BUỔI SÁNG THÀNH PHỐ Ô NHIỄM HƠN BUỔI TRƯA,buổi sáng thành phố ô nhiễm hơn buổi trưa.
VIVOSDEV07_264_snr10,vivos,phowhisper,small,zero_shot,,42,10,noise,BUỔI SÁNG THÀNH PHỐ Ô NHIỄM HƠN BUỔI TRƯA,buổi sáng thành phố ô nhiễm hơn buổi trưa.
VIVOSDEV07_264_snr20,vivos,phowhisper,small,zero_shot,,42,20,noise,BUỔI SÁNG THÀNH PHỐ Ô NHIỄM HƠN BUỔI TRƯA,buổi sáng thành phố ô nhiễm hơn buổi trưa.
VIVOSDEV07_264_snr5,vivos,phowhisper,small,zero_shot,,42,5,noise,BUỔI SÁNG THÀNH PHỐ Ô NHIỄM HƠN BUỔI TRƯA,buổi sáng thành phố ô nhiễm hơn buổi trưa.
VIVOSDEV07_266_clean,vivos,phowhisper,small,zero_shot,,42,clean,clean,NÓNG GIẬN TÔI ĐÃ LĂNG MẠ ANH,nóng giận tôi đã lăng mạ anh.
VIVOSDEV07_266_snr0,vivos,phowhisper,small,zero_shot,,42,0,noise,NÓNG GIẬN TÔI ĐÃ LĂNG MẠ ANH,nóng giận tôi đã lăn bà anh.
VIVOSDEV07_266_snr10,vivos,phowhisper,small,zero_shot,,42,10,music,NÓNG GIẬN TÔI ĐÃ LĂNG MẠ ANH,nóng giận tôi đã lăn mạ anh.
VIVOSDEV07_266_snr20,vivos,phowhisper,small,zero_shot,,42,20,music,NÓNG GIẬN TÔI ĐÃ LĂNG MẠ ANH,nóng giận tôi đã lăng mạ anh.
VIVOSDEV07_266_snr5,vivos,phowhisper,small,zero_shot,,42,5,speech,NÓNG GIẬN TÔI ĐÃ LĂNG MẠ ANH,nóng giận tôi đã lăn mà anh.
VIVOSDEV07_295_clean,vivos,phowhisper,small,zero_shot,,42,clean,clean,CHỦ TÀU CHO BIẾT SẼ TIẾP TỤC THƯƠNG THUYẾT VỀ SỐ CHI PHÍ NÀY,chủ tàu cho biết sẽ tiếp tục thương thuyết về số chi phí này.
VIVOSDEV07_295_snr0,vivos,phowhisper,small,zero_shot,,42,0,speech,CHỦ TÀU CHO BIẾT SẼ TIẾP TỤC THƯƠNG THUYẾT VỀ SỐ CHI PHÍ NÀY,chủng tàu cho biết sẽ tiếp tục thương tiếc về số chi phí này.
VIVOSDEV07_295_snr10,vivos,phowhisper,small,zero_shot,,42,10,noise,CHỦ TÀU CHO BIẾT SẼ TIẾP TỤC THƯƠNG THUYẾT VỀ SỐ CHI PHÍ NÀY,chủ tàu cho biết sẽ tiếp tục thương thuyết về số chi phí này.
VIVOSDEV07_295_snr20,vivos,phowhisper,small,zero_shot,,42,20,music,CHỦ TÀU CHO BIẾT SẼ TIẾP TỤC THƯƠNG THUYẾT VỀ SỐ CHI PHÍ NÀY,chủ tàu cho biết sẽ tiếp tục thương thuyết về số chi phí này.
VIVOSDEV07_295_snr5,vivos,phowhisper,small,zero_shot,,42,5,speech,CHỦ TÀU CHO BIẾT SẼ TIẾP TỤC THƯƠNG THUYẾT VỀ SỐ CHI PHÍ NÀY,chủ tàu cho biết sẽ tiếp tục thương thuyết vào số chi phí này.
VIVOSDEV08_005_clean,vivos,phowhisper,small,zero_shot,,42,clean,clean,CÂY CỔ THỤ ẤY BẤT CHỢT BỊ BỆNH TẬT QUẬT NGÃ,cây cổ thụ ấy bất chợt bị bệnh tật quật ngã.
VIVOSDEV08_005_snr0,vivos,phowhisper,small,zero_shot,,42,0,speech,CÂY CỔ THỤ ẤY BẤT CHỢT BỊ BỆNH TẬT QUẬT NGÃ,cây cổ thụ ấy bất chợt bị bệnh tằn quật ngã.
VIVOSDEV08_005_snr10,vivos,phowhisper,small,zero_shot,,42,10,music,CÂY CỔ THỤ ẤY BẤT CHỢT BỊ BỆNH TẬT QUẬT NGÃ,cây cổ thụ ấy bất chợt bị bệnh tật quật ngã.
VIVOSDEV08_005_snr20,vivos,phowhisper,small,zero_shot,,42,20,noise,CÂY CỔ THỤ ẤY BẤT CHỢT BỊ BỆNH TẬT QUẬT NGÃ,cây cổ thụ ấy bất chợt bị bệnh tật quật ngã.
VIVOSDEV08_005_snr5,vivos,phowhisper,small,zero_shot,,42,5,speech,CÂY CỔ THỤ ẤY BẤT CHỢT BỊ BỆNH TẬT QUẬT NGÃ,cây cổ thụ ấy bất chợt bị bệnh tật quật ngã.
VIVOSDEV08_014_clean,vivos,phowhisper,small,zero_shot,,42,clean,clean,VÀ NẾU BẠN TRÓT LÀM LỘN XỘN MÀN HÌNH NỀN,và nếu bạn trót làm lộn xộn màn hình nền.
VIVOSDEV08_014_snr0,vivos,phowhisper,small,zero_shot,,42,0,speech,VÀ NẾU BẠN TRÓT LÀM LỘN XỘN MÀN HÌNH NỀN,và nếu bạn trót thâm lòng xong mà hình hình.
VIVOSDEV08_014_snr10,vivos,phowhisper,small,zero_shot,,42,10,music,VÀ NẾU BẠN TRÓT LÀM LỘN XỘN MÀN HÌNH NỀN,và nếu bạn trót làm lộn xộn màn hình nền.
VIVOSDEV08_014_snr20,vivos,phowhisper,small,zero_shot,,42,20,speech,VÀ NẾU BẠN TRÓT LÀM LỘN XỘN MÀN HÌNH NỀN,và nếu bạn trót làm lộn xộn màn hình nền.
VIVOSDEV08_014_snr5,vivos,phowhisper,small,zero_shot,,42,5,music,VÀ NẾU BẠN TRÓT LÀM LỘN XỘN MÀN HÌNH NỀN,và nếu bạn trót làm lộn xộn màn hình nền.
VIVOSDEV08_025_clean,vivos,phowhisper,small,zero_shot,,42,clean,clean,ĐẠO DIỄN TRẺ NÀY CÓ NHIỀU ĐIỀU NGẪM NGỢI VỀ NGHỀ,đạo diễn tẻ này có nhiều điều ngẫm ngợi về nghề.
VIVOSDEV08_025_snr0,vivos,phowhisper,small,zero_shot,,42,0,noise,ĐẠO DIỄN TRẺ NÀY CÓ NHIỀU ĐIỀU NGẪM NGỢI VỀ NGHỀ,đạo diễn trẻ này có nhiều điều ngẫm ngại về nghề.
VIVOSDEV08_025_snr10,vivos,phowhisper,small,zero_shot,,42,10,noise,ĐẠO DIỄN TRẺ NÀY CÓ NHIỀU ĐIỀU NGẪM NGỢI VỀ NGHỀ,đạo diễn tẻ này có nhiều điều ngẫm ngợi về nghề.
VIVOSDEV08_025_snr20,vivos,phowhisper,small,zero_shot,,42,20,noise,ĐẠO DIỄN TRẺ NÀY CÓ NHIỀU ĐIỀU NGẪM NGỢI VỀ NGHỀ,đạo diễn tẻ này có nhiều điều ngẫm ngợi về nghề.
VIVOSDEV08_025_snr5,vivos,phowhisper,small,zero_shot,,42,5,speech,ĐẠO DIỄN TRẺ NÀY CÓ NHIỀU ĐIỀU NGẪM NGỢI VỀ NGHỀ,đạo diễn tẻ này có nhiều điều ngậm nghề về nghề.
VIVOSDEV08_032_clean,vivos,phowhisper,small,zero_shot,,42,clean,clean,SẼ KHÔNG KHIẾN BẠN TRÔNG GẦY NHƯ NHỮNG TRANG PHỤC MỘT MÀU,sẽ không khiến bạn trông gầy như những trang phục màu.
VIVOSDEV08_032_snr0,vivos,phowhisper,small,zero_shot,,42,0,music,SẼ KHÔNG KHIẾN BẠN TRÔNG GẦY NHƯ NHỮNG TRANG PHỤC MỘT MÀU,sẽ không khiến bạn đông gầy như những trang phục màu.
VIVOSDEV08_032_snr10,vivos,phowhisper,small,zero_shot,,42,10,noise,SẼ KHÔNG KHIẾN BẠN TRÔNG GẦY NHƯ NHỮNG TRANG PHỤC MỘT MÀU,sẽ không khiến bạn trông gầy như những trang phục màu.
VIVOSDEV08_032_snr20,vivos,phowhisper,small,zero_shot,,42,20,noise,SẼ KHÔNG KHIẾN BẠN TRÔNG GẦY NHƯ NHỮNG TRANG PHỤC MỘT MÀU,sẽ không khiến bạn trông gầy như những trang phục màu.
VIVOSDEV08_032_snr5,vivos,phowhisper,small,zero_shot,,42,5,music,SẼ KHÔNG KHIẾN BẠN TRÔNG GẦY NHƯ NHỮNG TRANG PHỤC MỘT MÀU,sẽ không khiến bạn trông gầy như những trang phục một màu.
VIVOSDEV08_053_clean,vivos,phowhisper,small,zero_shot,,42,clean,clean,BỞI CƠ QUAN CHUYÊN MÔN HOẶC THUÊ TỔ CHỨC KIỂM TOÁN ĐỘC LẬP,bởi cơ quan chuyên môn hoặc thuê tổ chức kiểm toán độc lập.
VIVOSDEV08_053_snr0,vivos,phowhisper,small,zero_shot,,42,0,speech,BỞI CƠ QUAN CHUYÊN MÔN HOẶC THUÊ TỔ CHỨC KIỂM TOÁN ĐỘC LẬP,bởi cơ quan chuyên môn hoặc thuê tổ chức kiểm toán rạp mắt.
VIVOSDEV08_053_snr10,vivos,phowhisper,small,zero_shot,,42,10,music,BỞI CƠ QUAN CHUYÊN MÔN HOẶC THUÊ TỔ CHỨC KIỂM TOÁN ĐỘC LẬP,bởi cơ quan chuyên môn hoặc thuê tổ chức kiểm toán độc lập.
VIVOSDEV08_053_snr20,vivos,phowhisper,small,zero_shot,,42,20,noise,BỞI CƠ QUAN CHUYÊN MÔN HOẶC THUÊ TỔ CHỨC KIỂM TOÁN ĐỘC LẬP,bởi cơ quan chuyên môn hoặc thuê tổ chức kiểm toán độc lập.
VIVOSDEV08_053_snr5,vivos,phowhisper,small,zero_shot,,42,5,speech,BỞI CƠ QUAN CHUYÊN MÔN HOẶC THUÊ TỔ CHỨC KIỂM TOÁN ĐỘC LẬP,bởi cơ quan chuyên môn hoặc thuê tổ chức kiểm toán độc lập.
VIVOSDEV08_057_clean,vivos,phowhisper,small,zero_shot,,42,clean,clean,NÓ LẬT ĐẬT ĐẠP CHIẾC XE CÀ TÀNG BĂNG NGAY RA ĐẦU ĐƯỜNG,nó lật đật đạp chiếc xe cà tàng băng ngay ra đầu đường.
VIVOSDEV08_057_snr0,vivos,phowhisper,small,zero_shot,,42,0,music,NÓ LẬT ĐẬT ĐẠP CHIẾC XE CÀ TÀNG BĂNG NGAY RA ĐẦU ĐƯỜNG,nó lật đật đạp chiếc xe cà tàng băng ngay ra đầu đường.
VIVOSDEV08_057_snr10,vivos,phowhisper,small,zero_shot,,42,10,noise,NÓ LẬT ĐẬT ĐẠP CHIẾC XE CÀ TÀNG BĂNG NGAY RA ĐẦU ĐƯỜNG,nó lật đật đạp chiếc xe cà tàng băng ngay ra đầu đường.
VIVOSDEV08_057_snr20,vivos,phowhisper,small,zero_shot,,42,20,music,NÓ LẬT ĐẬT ĐẠP CHIẾC XE CÀ TÀNG BĂNG NGAY RA ĐẦU ĐƯỜNG,nó lật đật đạp chiếc xe cà tàng băng ngay ra đầu đường.
VIVOSDEV08_057_snr5,vivos,phowhisper,small,zero_shot,,42,5,music,NÓ LẬT ĐẬT ĐẠP CHIẾC XE CÀ TÀNG BĂNG NGAY RA ĐẦU ĐƯỜNG,nó lật đật đạp chiếc xe cà tàng băng ngay ra đầu đường.
VIVOSDEV08_062_clean,vivos,phowhisper,small,zero_shot,,42,clean,clean,HOẶC CHỈ BIỂU HIỆN BẰNG CÁC RỐI LOẠN CO BÓP,hoặc chỉ biểu hiện bằng các rối loạn co bóp.
VIVOSDEV08_062_snr0,vivos,phowhisper,small,zero_shot,,42,0,noise,HOẶC CHỈ BIỂU HIỆN BẰNG CÁC RỐI LOẠN CO BÓP,hoặc chỉ biểu hiện bằng các rối loạn co bóp.
VIVOSDEV08_062_snr10,vivos,phowhisper,small,zero_shot,,42,10,noise,HOẶC CHỈ BIỂU HIỆN BẰNG CÁC RỐI LOẠN CO BÓP,hoặc chỉ biểu hiện bằng các rối loạn co bóp.
VIVOSDEV08_062_snr20,vivos,phowhisper,small,zero_shot,,42,20,music,HOẶC CHỈ BIỂU HIỆN BẰNG CÁC RỐI LOẠN CO BÓP,hoặc chỉ biểu hiện bằng các rối loạn co bóp.
VIVOSDEV08_062_snr5,vivos,phowhisper,small,zero_shot,,42,5,speech,HOẶC CHỈ BIỂU HIỆN BẰNG CÁC RỐI LOẠN CO BÓP,hoặc chỉ biểu hiện bằng các rối loạn co bóp.
VIVOSDEV08_071_clean,vivos,phowhisper,small,zero_shot,,42,clean,clean,KHI TÔI LÀ CON BÉ LỚP BỐN THÌ CÂY VẢ ĐÃ CAO QUÁ NÓC NHÀ,khi tôi là con bé lớp bốn thì cái vỏ đã cao quá nóc nhà.
VIVOSDEV08_071_snr0,vivos,phowhisper,small,zero_shot,,42,0,music,KHI TÔI LÀ CON BÉ LỚP BỐN THÌ CÂY VẢ ĐÃ CAO QUÁ NÓC NHÀ,khi tôi là con bé lớp bốn thì cái vỏ đã cao quá nóc nhà.
VIVOSDEV08_071_snr10,vivos,phowhisper,small,zero_shot,,42,10,noise,KHI TÔI LÀ CON BÉ LỚP BỐN THÌ CÂY VẢ ĐÃ CAO QUÁ NÓC NHÀ,khi tôi là con bé lớp bốn thì cái vỏ đã cao quá nóc nhà.
VIVOSDEV08_071_snr20,vivos,phowhisper,small,zero_shot,,42,20,music,KHI TÔI LÀ CON BÉ LỚP BỐN THÌ CÂY VẢ ĐÃ CAO QUÁ NÓC NHÀ,khi tôi là con bé lớp bốn thì cái vỏ đã cao quá nóc nhà.
VIVOSDEV08_071_snr5,vivos,phowhisper,small,zero_shot,,42,5,noise,KHI TÔI LÀ CON BÉ LỚP BỐN THÌ CÂY VẢ ĐÃ CAO QUÁ NÓC NHÀ,khi tôi là con bé lớp bốn thì kỳ vã đã cao quá nóc nhà.
VIVOSDEV08_077_clean,vivos,phowhisper,small,zero_shot,,42,clean,clean,BUỔI ĐẦU THẬT KHÓ KHĂN THEO ĐUỔI CHƯƠNG TRÌNH HỌC,buổi đầu thật khó khăn theo đuổi chương trình học.
VIVOSDEV08_077_snr0,vivos,phowhisper,small,zero_shot,,42,0,speech,BUỔI ĐẦU THẬT KHÓ KHĂN THEO ĐUỔI CHƯƠNG TRÌNH HỌC,mũi đầu đã khắc hăng theo đuổi chương trình học.
VIVOSDEV08_077_snr10,vivos,phowhisper,small,zero_shot,,42,10,noise,BUỔI ĐẦU THẬT KHÓ KHĂN THEO ĐUỔI CHƯƠNG TRÌNH HỌC,buổi đầu thật khó khăn theo đuổi chương trình học.
VIVOSDEV08_077_snr20,vivos,phowhisper,small,zero_shot,,42,20,noise,BUỔI ĐẦU THẬT KHÓ KHĂN THEO ĐUỔI CHƯƠNG TRÌNH HỌC,buổi đầu thật khó khăn theo đuổi chương trình học.
VIVOSDEV08_077_snr5,vivos,phowhisper,small,zero_shot,,42,5,noise,BUỔI ĐẦU THẬT KHÓ KHĂN THEO ĐUỔI CHƯƠNG TRÌNH HỌC,buổi đầu thật khó khăn theo đuổi chương trình học.
VIVOSDEV08_090_clean,vivos,phowhisper,small,zero_shot,,42,clean,clean,VÌ KHÔNG CÓ TIỀN ĐÓNG HỌC PHÍ,vì không có tiền đóng học phí.
VIVOSDEV08_090_snr0,vivos,phowhisper,small,zero_shot,,42,0,music,VÌ KHÔNG CÓ TIỀN ĐÓNG HỌC PHÍ,vì không có tiền đông học phí.
VIVOSDEV08_090_snr10,vivos,phowhisper,small,zero_shot,,42,10,speech,VÌ KHÔNG CÓ TIỀN ĐÓNG HỌC PHÍ,vì không có tiền đóng học phí.
VIVOSDEV08_090_snr20,vivos,phowhisper,small,zero_shot,,42,20,speech,VÌ KHÔNG CÓ TIỀN ĐÓNG HỌC PHÍ,vì không có tiền đóng học phí.
VIVOSDEV08_090_snr5,vivos,phowhisper,small,zero_shot,,42,5,music,VÌ KHÔNG CÓ TIỀN ĐÓNG HỌC PHÍ,vì không có tiền đóng học phí.
VIVOSDEV08_129_clean,vivos,phowhisper,small,zero_shot,,42,clean,clean,NƯỚC GỖ TRÊN CHIẾC ĐỒNG HỒ ĐÃ BẮT LÊN MÀU GỤ BÓNG LOÁNG,nước gỗ trên chiếc đồng hồ để bắc lên màu vụ mông loán.
VIVOSDEV08_129_snr0,vivos,phowhisper,small,zero_shot,,42,0,music,NƯỚC GỖ TRÊN CHIẾC ĐỒNG HỒ ĐÃ BẮT LÊN MÀU GỤ BÓNG LOÁNG,nước gỗ trên chiếc đồng hồ để bắc lên màu gỗ mông loáng.
VIVOSDEV08_129_snr10,vivos,phowhisper,small,zero_shot,,42,10,noise,NƯỚC GỖ TRÊN CHIẾC ĐỒNG HỒ ĐÃ BẮT LÊN MÀU GỤ BÓNG LOÁNG,nước gỗ trên chiếc đồng hồ đã bắt lên màu gỗ bóng loáng.
VIVOSDEV08_129_snr20,vivos,phowhisper,small,zero_shot,,42,20,noise,NƯỚC GỖ TRÊN CHIẾC ĐỒNG HỒ ĐÃ BẮT LÊN MÀU GỤ BÓNG LOÁNG,nước gỗ trên chiếc đồng hồ để bắc lên màu vụ mông loáng.
VIVOSDEV08_129_snr5,vivos,phowhisper,small,zero_shot,,42,5,noise,NƯỚC GỖ TRÊN CHIẾC ĐỒNG HỒ ĐÃ BẮT LÊN MÀU GỤ BÓNG LOÁNG,nước gỗ trên chiếc đồng hồ để bắc lên màu vụ mông loáng.
VIVOSDEV08_143_clean,vivos,phowhisper,small,zero_shot,,42,clean,clean,THAM GIA GIẢNG DẠY LÀ LỰC LƯỢNG ĐOÀN VIÊN,tham gia giảng dạy là lực lượng đoàn viên.
VIVOSDEV08_143_snr0,vivos,phowhisper,small,zero_shot,,42,0,noise,THAM GIA GIẢNG DẠY LÀ LỰC LƯỢNG ĐOÀN VIÊN,tham gia đoạn dài là lực lượng động viên.
VIVOSDEV08_143_snr10,vivos,phowhisper,small,zero_shot,,42,10,noise,THAM GIA GIẢNG DẠY LÀ LỰC LƯỢNG ĐOÀN VIÊN,tham gia giảng dạy là lực lượng đoàn viên.
VIVOSDEV08_143_snr20,vivos,phowhisper,small,zero_shot,,42,20,music,THAM GIA GIẢNG DẠY LÀ LỰC LƯỢNG ĐOÀN VIÊN,tham gia giảng dạy là lực lượng đoàn viên.
VIVOSDEV08_143_snr5,vivos,phowhisper,small,zero_shot,,42,5,music,THAM GIA GIẢNG DẠY LÀ LỰC LƯỢNG ĐOÀN VIÊN,tham gia giảng dạy là lực lượng đoàn viên.
VIVOSDEV08_145_clean,vivos,phowhisper,small,zero_shot,,42,clean,clean,VÀ VẢI HOẶC CÓI NHIỀU MÀU,và vải hoặc có nhiều màu.
VIVOSDEV08_145_snr0,vivos,phowhisper,small,zero_shot,,42,0,noise,VÀ VẢI HOẶC CÓI NHIỀU MÀU,và vải hoặc quá nhiều màu.
VIVOSDEV08_145_snr10,vivos,phowhisper,small,zero_shot,,42,10,speech,VÀ VẢI HOẶC CÓI NHIỀU MÀU,và vải hoặc có nhiều màu.
VIVOSDEV08_145_snr20,vivos,phowhisper,small,zero_shot,,42,20,music,VÀ VẢI HOẶC CÓI NHIỀU MÀU,và vải hoặc có nhiều màu.
VIVOSDEV08_145_snr5,vivos,phowhisper,small,zero_shot,,42,5,noise,VÀ VẢI HOẶC CÓI NHIỀU MÀU,và vải hoặc có nhiều màu.
VIVOSDEV08_159_clean,vivos,phowhisper,small,zero_shot,,42,clean,clean,VỚI NGƯỜI MẸ Ở XÓM CHÀI LONG BIÊN,với người mẹ ở xóm chài long biên.
VIVOSDEV08_159_snr0,vivos,phowhisper,small,zero_shot,,42,0,music,VỚI NGƯỜI MẸ Ở XÓM CHÀI LONG BIÊN,với người mẹ ở sân trài long biên.
VIVOSDEV08_159_snr10,vivos,phowhisper,small,zero_shot,,42,10,music,VỚI NGƯỜI MẸ Ở XÓM CHÀI LONG BIÊN,với người mẹ ở xóm chài long biên.
VIVOSDEV08_159_snr20,vivos,phowhisper,small,zero_shot,,42,20,speech,VỚI NGƯỜI MẸ Ở XÓM CHÀI LONG BIÊN,với người mẹ ở xóm chài long biên.
VIVOSDEV08_159_snr5,vivos,phowhisper,small,zero_shot,,42,5,music,VỚI NGƯỜI MẸ Ở XÓM CHÀI LONG BIÊN,với người mẹ ở sến trại long biên.
VIVOSDEV08_182_clean,vivos,phowhisper,small,zero_shot,,42,clean,clean,KẾT QUẢ CHỈ CÓ VỎN VẸN BA NGƯỜI CÒN BIẾT DỆT,kết quả chỉ có vỏn vẹn ba người còn biết dẹp.
VIVOSDEV08_182_snr0,vivos,phowhisper,small,zero_shot,,42,0,music,KẾT QUẢ CHỈ CÓ VỎN VẸN BA NGƯỜI CÒN BIẾT DỆT,kết quả chỉ có vỏn vẹn ba người còn biết dẹp.
VIVOSDEV08_182_snr10,vivos,phowhisper,small,zero_shot,,42,10,noise,KẾT QUẢ CHỈ CÓ VỎN VẸN BA NGƯỜI CÒN BIẾT DỆT,kết quả chỉ có vỏn vẹn ba người còn biết dẹp.
VIVOSDEV08_182_snr20,vivos,phowhisper,small,zero_shot,,42,20,noise,KẾT QUẢ CHỈ CÓ VỎN VẸN BA NGƯỜI CÒN BIẾT DỆT,kết quả chỉ có vỏn vẹn ba người còn biết dẹp.
VIVOSDEV08_182_snr5,vivos,phowhisper,small,zero_shot,,42,5,noise,KẾT QUẢ CHỈ CÓ VỎN VẸN BA NGƯỜI CÒN BIẾT DỆT,kết quả chỉ có vỏn vẹn ba người còn biết dệt.
VIVOSDEV08_193_clean,vivos,phowhisper,small,zero_shot,,42,clean,clean,LÀ TƯƠNG ĐỐI CÓ HIỆU QUẢ,là tương đối có hiệu quả.
VIVOSDEV08_193_snr0,vivos,phowhisper,small,zero_shot,,42,0,noise,LÀ TƯƠNG ĐỐI CÓ HIỆU QUẢ,là tương đối có hiệu quả.
VIVOSDEV08_193_snr10,vivos,phowhisper,small,zero_shot,,42,10,music,LÀ TƯƠNG ĐỐI CÓ HIỆU QUẢ,là tương đối có hiệu quả.
VIVOSDEV08_193_snr20,vivos,phowhisper,small,zero_shot,,42,20,noise,LÀ TƯƠNG ĐỐI CÓ HIỆU QUẢ,là tương đối có hiệu quả.
VIVOSDEV08_193_snr5,vivos,phowhisper,small,zero_shot,,42,5,noise,LÀ TƯƠNG ĐỐI CÓ HIỆU QUẢ,là tương đối có hiệu quả.
VIVOSDEV08_210_clean,vivos,phowhisper,small,zero_shot,,42,clean,clean,HAI MƯƠI SÁU HAI MƯƠI BẢY,hai mươi sáu hai mươi bảy.
VIVOSDEV08_210_snr0,vivos,phowhisper,small,zero_shot,,42,0,music,HAI MƯƠI SÁU HAI MƯƠI BẢY,hai mươi sáu hai mươi bảy.
VIVOSDEV08_210_snr10,vivos,phowhisper,small,zero_shot,,42,10,noise,HAI MƯƠI SÁU HAI MƯƠI BẢY,hai mươi giáo hai mươi bảy.
VIVOSDEV08_210_snr20,vivos,phowhisper,small,zero_shot,,42,20,noise,HAI MƯƠI SÁU HAI MƯƠI BẢY,hai mươi sáu hai mươi bảy.
VIVOSDEV08_210_snr5,vivos,phowhisper,small,zero_shot,,42,5,speech,HAI MƯƠI SÁU HAI MƯƠI BẢY,hai mươi giáo hai mươi bãi.
VIVOSDEV08_233_clean,vivos,phowhisper,small,zero_shot,,42,clean,clean,BẢY MƯƠI HAI BẢY MƯƠI BA,bảy mươi hai bảy mươi ba.
VIVOSDEV08_233_snr0,vivos,phowhisper,small,zero_shot,,42,0,noise,BẢY MƯƠI HAI BẢY MƯƠI BA,bảy mươi hai bảy mươi ba.
VIVOSDEV08_233_snr10,vivos,phowhisper,small,zero_shot,,42,10,music,BẢY MƯƠI HAI BẢY MƯƠI BA,bảy mươi hai bảy mươi ba.
VIVOSDEV08_233_snr20,vivos,phowhisper,small,zero_shot,,42,20,music,BẢY MƯƠI HAI BẢY MƯƠI BA,bảy mươi hai bảy mươi ba.
VIVOSDEV08_233_snr5,vivos,phowhisper,small,zero_shot,,42,5,speech,BẢY MƯƠI HAI BẢY MƯƠI BA,bảy mươi hai bảy mươi ba.
VIVOSDEV08_270_clean,vivos,phowhisper,small,zero_shot,,42,clean,clean,NÓI THẬT ĐẤY À,nói thật đấy à.
VIVOSDEV08_270_snr0,vivos,phowhisper,small,zero_shot,,42,0,speech,NÓI THẬT ĐẤY À,unk thắc tè.
VIVOSDEV08_270_snr10,vivos,phowhisper,small,zero_shot,,42,10,noise,NÓI THẬT ĐẤY À,nói thật đấy à.
VIVOSDEV08_270_snr20,vivos,phowhisper,small,zero_shot,,42,20,noise,NÓI THẬT ĐẤY À,nói thật đấy à.
VIVOSDEV08_270_snr5,vivos,phowhisper,small,zero_shot,,42,5,music,NÓI THẬT ĐẤY À,nói thật đấy à.
VIVOSDEV08_277_clean,vivos,phowhisper,small,zero_shot,,42,clean,clean,ĐÀN ÔNG CÓ HAI THỨ ĐỂ BUỒN,đàn ông có hai thứ để buồn.
VIVOSDEV08_277_snr0,vivos,phowhisper,small,zero_shot,,42,0,music,ĐÀN ÔNG CÓ HAI THỨ ĐỂ BUỒN,đàn ông có hai thứ để buồn.
VIVOSDEV08_277_snr10,vivos,phowhisper,small,zero_shot,,42,10,music,ĐÀN ÔNG CÓ HAI THỨ ĐỂ BUỒN,đàn ông có hai thứ để buồn.
VIVOSDEV08_277_snr20,vivos,phowhisper,small,zero_shot,,42,20,noise,ĐÀN ÔNG CÓ HAI THỨ ĐỂ BUỒN,đàn ông có hai thứ để buồn.
VIVOSDEV08_277_snr5,vivos,phowhisper,small,zero_shot,,42,5,speech,ĐÀN ÔNG CÓ HAI THỨ ĐỂ BUỒN,đàn ông có hai thứ để bùn.
VIVOSDEV08_295_clean,vivos,phowhisper,small,zero_shot,,42,clean,clean,GIÀU ĐỔI BẠN SANG ĐỔI VỢ,chào đổi bạn sang đổi vợ.
VIVOSDEV08_295_snr0,vivos,phowhisper,small,zero_shot,,42,0,music,GIÀU ĐỔI BẠN SANG ĐỔI VỢ,sào đổi bạn sang đổi vợ.
VIVOSDEV08_295_snr10,vivos,phowhisper,small,zero_shot,,42,10,music,GIÀU ĐỔI BẠN SANG ĐỔI VỢ,chào đổi bạn sáng đổi vợ.
VIVOSDEV08_295_snr20,vivos,phowhisper,small,zero_shot,,42,20,music,GIÀU ĐỔI BẠN SANG ĐỔI VỢ,chào đổi bạn sáng đổi vợ.
VIVOSDEV08_295_snr5,vivos,phowhisper,small,zero_shot,,42,5,music,GIÀU ĐỔI BẠN SANG ĐỔI VỢ,chào đổi bạn sang đổi vợ.
VIVOSDEV08_300_clean,vivos,phowhisper,small,zero_shot,,42,clean,clean,ÁN MẠNG TRÊN TOA TÀU TỐC HÀNH,án mạng trên toa tàu tốc hành.
VIVOSDEV08_300_snr0,vivos,phowhisper,small,zero_shot,,42,0,noise,ÁN MẠNG TRÊN TOA TÀU TỐC HÀNH,án mạng trên toa tàu tấp hành.
VIVOSDEV08_300_snr10,vivos,phowhisper,small,zero_shot,,42,10,music,ÁN MẠNG TRÊN TOA TÀU TỐC HÀNH,án mạng trên toa tàu tốc hành.
VIVOSDEV08_300_snr20,vivos,phowhisper,small,zero_shot,,42,20,speech,ÁN MẠNG TRÊN TOA TÀU TỐC HÀNH,án mạng trên toa tàu tốc hành.
VIVOSDEV08_300_snr5,vivos,phowhisper,small,zero_shot,,42,5,noise,ÁN MẠNG TRÊN TOA TÀU TỐC HÀNH,án mạng trên toa tàu thất thành.
VIVOSDEV09_029_clean,vivos,phowhisper,small,zero_shot,,42,clean,clean,BẠN CÓ THỂ KHIỂN TRÁCH NGƯỜI LÁI XE,bạn có thể khiển trách người lái xe.
VIVOSDEV09_029_snr0,vivos,phowhisper,small,zero_shot,,42,0,noise,BẠN CÓ THỂ KHIỂN TRÁCH NGƯỜI LÁI XE,bạn có thể khiển trách người lái xe.
VIVOSDEV09_029_snr10,vivos,phowhisper,small,zero_shot,,42,10,noise,BẠN CÓ THỂ KHIỂN TRÁCH NGƯỜI LÁI XE,bạn có thể khiển trách người lái xe.
VIVOSDEV09_029_snr20,vivos,phowhisper,small,zero_shot,,42,20,noise,BẠN CÓ THỂ KHIỂN TRÁCH NGƯỜI LÁI XE,bạn có thể khiển trách người lái xe.
VIVOSDEV09_029_snr5,vivos,phowhisper,small,zero_shot,,42,5,music,BẠN CÓ THỂ KHIỂN TRÁCH NGƯỜI LÁI XE,bạn có thể khiển trách người lái xe.
VIVOSDEV09_035_clean,vivos,phowhisper,small,zero_shot,,42,clean,clean,LOÁNG THOÁNG TRĂN TRỞ LOÁNG THOÁNG BUỒN VUI,loan thoáng trăn trở loan thoáng buồn vui.
VIVOSDEV09_035_snr0,vivos,phowhisper,small,zero_shot,,42,0,noise,LOÁNG THOÁNG TRĂN TRỞ LOÁNG THOÁNG BUỒN VUI,loáng thoáng trong chợ loáng thoáng buồn vui.
VIVOSDEV09_035_snr10,vivos,phowhisper,small,zero_shot,,42,10,noise,LOÁNG THOÁNG TRĂN TRỞ LOÁNG THOÁNG BUỒN VUI,loáng thoáng trăn trở loáng thoáng buồn vui.
VIVOSDEV09_035_snr20,vivos,phowhisper,small,zero_shot,,42,20,noise,LOÁNG THOÁNG TRĂN TRỞ LOÁNG THOÁNG BUỒN VUI,loáng thoáng trăn trở loáng thoáng buồn rôi.
VIVOSDEV09_035_snr5,vivos,phowhisper,small,zero_shot,,42,5,noise,LOÁNG THOÁNG TRĂN TRỞ LOÁNG THOÁNG BUỒN VUI,loan thoáng trăn trở loan thoáng buồn vui.
VIVOSDEV09_038_clean,vivos,phowhisper,small,zero_shot,,42,clean,clean,PHÒNG TRÀ KHIÊU VŨ CÁNH QUẠT CỐI XAY ĐỎ,phòng trà khiêu vũ cánh quạt cối xay đỏ.
VIVOSDEV09_038_snr0,vivos,phowhisper,small,zero_shot,,42,0,speech,PHÒNG TRÀ KHIÊU VŨ CÁNH QUẠT CỐI XAY ĐỎ,một phòng trà yêu vụ cánh quả cối xay đỏ.
VIVOSDEV09_038_snr10,vivos,phowhisper,small,zero_shot,,42,10,speech,PHÒNG TRÀ KHIÊU VŨ CÁNH QUẠT CỐI XAY ĐỎ,phòng trà khiêu vụ cánh quạt cối xay đỏ.
VIVOSDEV09_038_snr20,vivos,phowhisper,small,zero_shot,,42,20,noise,PHÒNG TRÀ KHIÊU VŨ CÁNH QUẠT CỐI XAY ĐỎ,phòng trà khiêu vũ cánh quạt cối xay đỏ.
VIVOSDEV09_038_snr5,vivos,phowhisper,small,zero_shot,,42,5,noise,PHÒNG TRÀ KHIÊU VŨ CÁNH QUẠT CỐI XAY ĐỎ,phòng phòng trà kêu vụ cánh quạt có xay đỏ.
VIVOSDEV09_041_clean,vivos,phowhisper,small,zero_shot,,42,clean,clean,HIỆN TRONG NHIỀU LOẠI TỎI CÓ MẶT TRÊN THỊ TRƯỜNG,hiện trong nhiều loại tỏi có mặt trên thị trường.
VIVOSDEV09_041_snr0,vivos,phowhisper,small,zero_shot,,42,0,noise,HIỆN TRONG NHIỀU LOẠI TỎI CÓ MẶT TRÊN THỊ TRƯỜNG,huyện trong nhiều loại tỏi có mặt trên thị trường.
VIVOSDEV09_041_snr10,vivos,phowhisper,small,zero_shot,,42,10,music,HIỆN TRONG NHIỀU LOẠI TỎI CÓ MẶT TRÊN THỊ TRƯỜNG,hiện trong nhiều loại tỏi có mặt trên thị trường.
VIVOSDEV09_041_snr20,vivos,phowhisper,small,zero_shot,,42,20,music,HIỆN TRONG NHIỀU LOẠI TỎI CÓ MẶT TRÊN THỊ TRƯỜNG,hiện trong nhiều loại tỏi có mặt trên thị trường.
VIVOSDEV09_041_snr5,vivos,phowhisper,small,zero_shot,,42,5,speech,HIỆN TRONG NHIỀU LOẠI TỎI CÓ MẶT TRÊN THỊ TRƯỜNG,hiện trong nhiều loại tỏi có mặt trên thị trường.
VIVOSDEV09_081_clean,vivos,phowhisper,small,zero_shot,,42,clean,clean,ĐƯỢC MỸ RÁO RIẾT TUNG RA,được mỹ ra quyết tung ra.
VIVOSDEV09_081_snr0,vivos,phowhisper,small,zero_shot,,42,0,noise,ĐƯỢC MỸ RÁO RIẾT TUNG RA,được mỹ lá quyết tung ra.
VIVOSDEV09_081_snr10,vivos,phowhisper,small,zero_shot,,42,10,noise,ĐƯỢC MỸ RÁO RIẾT TUNG RA,được mỹ rác huyết tung ra.
VIVOSDEV09_081_snr20,vivos,phowhisper,small,zero_shot,,42,20,speech,ĐƯỢC MỸ RÁO RIẾT TUNG RA,được mỹ ra quyết tung ra.
VIVOSDEV09_081_snr5,vivos,phowhisper,small,zero_shot,,42,5,speech,ĐƯỢC MỸ RÁO RIẾT TUNG RA,đường mỹ rác huýt tung ra.
VIVOSDEV09_083_clean,vivos,phowhisper,small,zero_shot,,42,clean,clean,VÌ LƯỢNG CA KHÚC MỚI QUÁ NHIỀU,vì lượng ca khúc mới quá nhiều.
VIVOSDEV09_083_snr0,vivos,phowhisper,small,zero_shot,,42,0,noise,VÌ LƯỢNG CA KHÚC MỚI QUÁ NHIỀU,vì lượng ca khúc mới quá nhiều.
VIVOSDEV09_083_snr10,vivos,phowhisper,small,zero_shot,,42,10,speech,VÌ LƯỢNG CA KHÚC MỚI QUÁ NHIỀU,vì lượng ca khúc mới quá nhiều.
VIVOSDEV09_083_snr20,vivos,phowhisper,small,zero_shot,,42,20,music,VÌ LƯỢNG CA KHÚC MỚI QUÁ NHIỀU,vì lượng ca khúc mới quá nhiều.
VIVOSDEV09_083_snr5,vivos,phowhisper,small,zero_shot,,42,5,music,VÌ LƯỢNG CA KHÚC MỚI QUÁ NHIỀU,vì lượng ca khúc mới quá nhiều.
VIVOSDEV09_091_clean,vivos,phowhisper,small,zero_shot,,42,clean,clean,NƯỚC CHẢY QUÁ MẠNH,nước chảy quá mạnh.
VIVOSDEV09_091_snr0,vivos,phowhisper,small,zero_shot,,42,0,speech,NƯỚC CHẢY QUÁ MẠNH,nước chảy quá mạnh.
VIVOSDEV09_091_snr10,vivos,phowhisper,small,zero_shot,,42,10,speech,NƯỚC CHẢY QUÁ MẠNH,nước chảy quá mạnh.
VIVOSDEV09_091_snr20,vivos,phowhisper,small,zero_shot,,42,20,speech,NƯỚC CHẢY QUÁ MẠNH,nước chảy quá mạnh.
VIVOSDEV09_091_snr5,vivos,phowhisper,small,zero_shot,,42,5,noise,NƯỚC CHẢY QUÁ MẠNH,nước chảy quá mạnh.
VIVOSDEV09_098_clean,vivos,phowhisper,small,zero_shot,,42,clean,clean,KHIẾN CẢ HAI PHẢI GIẬN HỜN VÔ LÝ,khiến cả hai phải giận hờn vô lý.
VIVOSDEV09_098_snr0,vivos,phowhisper,small,zero_shot,,42,0,music,KHIẾN CẢ HAI PHẢI GIẬN HỜN VÔ LÝ,khiến cả hai phải dẫn hàng vô lý.
VIVOSDEV09_098_snr10,vivos,phowhisper,small,zero_shot,,42,10,speech,KHIẾN CẢ HAI PHẢI GIẬN HỜN VÔ LÝ,khiến cả hai phải giận hờn vô lý.
VIVOSDEV09_098_snr20,vivos,phowhisper,small,zero_shot,,42,20,noise,KHIẾN CẢ HAI PHẢI GIẬN HỜN VÔ LÝ,khiến cả hai phải giận hờn vô lý.
VIVOSDEV09_098_snr5,vivos,phowhisper,small,zero_shot,,42,5,music,KHIẾN CẢ HAI PHẢI GIẬN HỜN VÔ LÝ,khiến cả hai phải giận hờn vô lý.
VIVOSDEV09_106_clean,vivos,phowhisper,small,zero_shot,,42,clean,clean,RỒI CHÌM LỈM MỘT THỜI GIAN,rồi chuyền liễm một thời gian.
VIVOSDEV09_106_snr0,vivos,phowhisper,small,zero_shot,,42,0,speech,RỒI CHÌM LỈM MỘT THỜI GIAN,rồi chuyền lỉa một thời gian.
VIVOSDEV09_106_snr10,vivos,phowhisper,small,zero_shot,,42,10,noise,RỒI CHÌM LỈM MỘT THỜI GIAN,rồi chuyền liễm một thời gian.
VIVOSDEV09_106_snr20,vivos,phowhisper,small,zero_shot,,42,20,music,RỒI CHÌM LỈM MỘT THỜI GIAN,rồi chìm lĩm một thời gian.
VIVOSDEV09_106_snr5,vivos,phowhisper,small,zero_shot,,42,5,noise,RỒI CHÌM LỈM MỘT THỜI GIAN,rồi chìm lỉm một thời gian.
VIVOSDEV09_134_clean,vivos,phowhisper,small,zero_shot,,42,clean,clean,CÂU TRẢ LỜI CỦA ÔNG TA RẤT KHIẾM NHÃ,câu trả lời của của ông ta rất khiếm nhã.
VIVOSDEV09_134_snr0,vivos,phowhisper,small,zero_shot,,42,0,noise,CÂU TRẢ LỜI CỦA ÔNG TA RẤT KHIẾM NHÃ,câu trả lời của của ông ta rất khiếm nhã.
VIVOSDEV09_134_snr10,vivos,phowhisper,small,zero_shot,,42,10,noise,CÂU TRẢ LỜI CỦA ÔNG TA RẤT KHIẾM NHÃ,câu trả lời của hổ âm tam rất khiếm nhã.
VIVOSDEV09_134_snr20,vivos,phowhisper,small,zero_shot,,42,20,noise,CÂU TRẢ LỜI CỦA ÔNG TA RẤT KHIẾM NHÃ,câu trả lời của của ông ta rất khiếm nhã.
VIVOSDEV09_134_snr5,vivos,phowhisper,small,zero_shot,,42,5,noise,CÂU TRẢ LỜI CỦA ÔNG TA RẤT KHIẾM NHÃ,câu trả lời của hổ âm than rất khiếm nhã.
VIVOSDEV09_142_clean,vivos,phowhisper,small,zero_shot,,42,clean,clean,VỀ CHUYỆN ĐANG THEO DÕI BỌN GIÁN ĐIỆP NƯỚC NGOÀI,về chuyện đang theo dõi bọn gián điệp nước ngoài.
VIVOSDEV09_142_snr0,vivos,phowhisper,small,zero_shot,,42,0,noise,VỀ CHUYỆN ĐANG THEO DÕI BỌN GIÁN ĐIỆP NƯỚC NGOÀI,về chuyện đang theo dõi bọn giám định nước ngoài.
VIVOSDEV09_142_snr10,vivos,phowhisper,small,zero_shot,,42,10,noise,VỀ CHUYỆN ĐANG THEO DÕI BỌN GIÁN ĐIỆP NƯỚC NGOÀI,về chuyện đang theo dõi bọn gián điệp nước ngoài.
VIVOSDEV09_142_snr20,vivos,phowhisper,small,zero_shot,,42,20,noise,VỀ CHUYỆN ĐANG THEO DÕI BỌN GIÁN ĐIỆP NƯỚC NGOÀI,về chuyện đang theo dõi bọn gián điệp nước ngoài.
VIVOSDEV09_142_snr5,vivos,phowhisper,small,zero_shot,,42,5,music,VỀ CHUYỆN ĐANG THEO DÕI BỌN GIÁN ĐIỆP NƯỚC NGOÀI,về chuyện đang theo dõi bọn gián điệp nước ngoài.
VIVOSDEV09_144_clean,vivos,phowhisper,small,zero_shot,,42,clean,clean,ĐƯỢC CẮT TỪ VỎ CHĂN BỘ ĐỘI CŨ CỦA CÁC ÔNG BỐ RA,được cắt từ võ trang bộ đội cũ của các ông bố ra.
VIVOSDEV09_144_snr0,vivos,phowhisper,small,zero_shot,,42,0,noise,ĐƯỢC CẮT TỪ VỎ CHĂN BỘ ĐỘI CŨ CỦA CÁC ÔNG BỐ RA,được cắt từ vỏ chân bộ đội cũ của các ông bố ra.
VIVOSDEV09_144_snr10,vivos,phowhisper,small,zero_shot,,42,10,speech,ĐƯỢC CẮT TỪ VỎ CHĂN BỘ ĐỘI CŨ CỦA CÁC ÔNG BỐ RA,được cắt từ vỏ chân bộ đội cũ của các ông bố ra.
VIVOSDEV09_144_snr20,vivos,phowhisper,small,zero_shot,,42,20,noise,ĐƯỢC CẮT TỪ VỎ CHĂN BỘ ĐỘI CŨ CỦA CÁC ÔNG BỐ RA,được cắt từ võ trang bộ đội cũ của các ông bố ra.
VIVOSDEV09_144_snr5,vivos,phowhisper,small,zero_shot,,42,5,noise,ĐƯỢC CẮT TỪ VỎ CHĂN BỘ ĐỘI CŨ CỦA CÁC ÔNG BỐ RA,được khắc từ vỏ chân bộ đội cũ của các ông bố ra.
VIVOSDEV09_159_clean,vivos,phowhisper,small,zero_shot,,42,clean,clean,TỨC LẤY SỤN LÀNH TỪ NƠI KHÔNG PHẢI CHỊU LỰC GHÉP VÀO NƠI HƯ,tức lấy sụn lạnh từ nơi không phải chịu lực ghép vào nơi hư.
VIVOSDEV09_159_snr0,vivos,phowhisper,small,zero_shot,,42,0,speech,TỨC LẤY SỤN LÀNH TỪ NƠI KHÔNG PHẢI CHỊU LỰC GHÉP VÀO NƠI HƯ,tức lấy sụn lạnh từ nơi không phải chiều lột ghép vào nơi hư.
VIVOSDEV09_159_snr10,vivos,phowhisper,small,zero_shot,,42,10,noise,TỨC LẤY SỤN LÀNH TỪ NƠI KHÔNG PHẢI CHỊU LỰC GHÉP VÀO NƠI HƯ,tức lấy sụn lạnh từ nơi không phải chịu lực gác vào nơi hư.
VIVOSDEV09_159_snr20,vivos,phowhisper,small,zero_shot,,42,20,noise,TỨC LẤY SỤN LÀNH TỪ NƠI KHÔNG PHẢI CHỊU LỰC GHÉP VÀO NƠI HƯ,tức lấy sụn lạnh từ nơi không phải chịu lực ghép vào nơi hư.
VIVOSDEV09_159_snr5,vivos,phowhisper,small,zero_shot,,42,5,music,TỨC LẤY SỤN LÀNH TỪ NƠI KHÔNG PHẢI CHỊU LỰC GHÉP VÀO NƠI HƯ,tức lấy sụn lạnh từ nơi không phải chịu lực ghép vào nơi hư.
VIVOSDEV09_163_clean,vivos,phowhisper,small,zero_shot,,42,clean,clean,ĐIỀU VÔ CÙNG QUAN TRỌNG TRONG THỜI ĐẠI CÓ QUÁ NHIỀU HOẠT ĐỘNG,điều vô cùng quan trọng trong thời đại có nhiều hoạt động.
VIVOSDEV09_163_snr0,vivos,phowhisper,small,zero_shot,,42,0,speech,ĐIỀU VÔ CÙNG QUAN TRỌNG TRONG THỜI ĐẠI CÓ QUÁ NHIỀU HOẠT ĐỘNG,điều vô cùng quan trọng trong thời đại có nhiều hoạt động.
VIVOSDEV09_163_snr10,vivos,phowhisper,small,zero_shot,,42,10,noise,ĐIỀU VÔ CÙNG QUAN TRỌNG TRONG THỜI ĐẠI CÓ QUÁ NHIỀU HOẠT ĐỘNG,điều vô cùng quan trọng trong thời đại có nhiều hoạt động.
VIVOSDEV09_163_snr20,vivos,phowhisper,small,zero_shot,,42,20,speech,ĐIỀU VÔ CÙNG QUAN TRỌNG TRONG THỜI ĐẠI CÓ QUÁ NHIỀU HOẠT ĐỘNG,điều vô cùng quan trọng trong thời đại có nhiều hoạt động.
VIVOSDEV09_163_snr5,vivos,phowhisper,small,zero_shot,,42,5,noise,ĐIỀU VÔ CÙNG QUAN TRỌNG TRONG THỜI ĐẠI CÓ QUÁ NHIỀU HOẠT ĐỘNG,điều vô cùng quan trọng trong thời đại có nhiều hoạt động.
VIVOSDEV09_166_clean,vivos,phowhisper,small,zero_shot,,42,clean,clean,THÍ SINH TỰ DO CẦN QUAN TÂM ĐẾN ĐỘ VÊNH KIẾN THỨC CÁC MÔN,thí sinh tự do cần quan tâm đến độ vênh kiến thức các môn.
VIVOSDEV09_166_snr0,vivos,phowhisper,small,zero_shot,,42,0,music,THÍ SINH TỰ DO CẦN QUAN TÂM ĐẾN ĐỘ VÊNH KIẾN THỨC CÁC MÔN,ý sinh tự do trời quan tâm đến đội bên kiến thức các môn.
VIVOSDEV09_166_snr10,vivos,phowhisper,small,zero_shot,,42,10,music,THÍ SINH TỰ DO CẦN QUAN TÂM ĐẾN ĐỘ VÊNH KIẾN THỨC CÁC MÔN,thí sinh tự do cần quan tâm đến độ vênh kiến thức các môn.
VIVOSDEV09_166_snr20,vivos,phowhisper,small,zero_shot,,42,20,speech,THÍ SINH TỰ DO CẦN QUAN TÂM ĐẾN ĐỘ VÊNH KIẾN THỨC CÁC MÔN,thí sinh tự do cần quan tâm đến đổ vênh kiến thức các môn.
VIVOSDEV09_166_snr5,vivos,phowhisper,small,zero_shot,,42,5,speech,THÍ SINH TỰ DO CẦN QUAN TÂM ĐẾN ĐỘ VÊNH KIẾN THỨC CÁC MÔN,ý sinh tự do cần quan tâm đến đội vân kiến thức các môn.
VIVOSDEV09_168_clean,vivos,phowhisper,small,zero_shot,,42,clean,clean,MỖI NGƯỜI CHÚNG TA SẼ CÓ NHỮNG THỨ KHÁC NHAU,mỗi người chúng ta sẽ có những thứ khác nhau.
VIVOSDEV09_168_snr0,vivos,phowhisper,small,zero_shot,,42,0,noise,MỖI NGƯỜI CHÚNG TA SẼ CÓ NHỮNG THỨ KHÁC NHAU,mỗi người chúng ta sẽ có những thứ khác nhau.
VIVOSDEV09_168_snr10,vivos,phowhisper,small,zero_shot,,42,10,music,MỖI NGƯỜI CHÚNG TA SẼ CÓ NHỮNG THỨ KHÁC NHAU,mỗi người chúng ta sẽ có những thứ khác nhau.
VIVOSDEV09_168_snr20,vivos,phowhisper,small,zero_shot,,42,20,noise,MỖI NGƯỜI CHÚNG TA SẼ CÓ NHỮNG THỨ KHÁC NHAU,mỗi người chúng ta sẽ có những thứ khác nhau.
VIVOSDEV09_168_snr5,vivos,phowhisper,small,zero_shot,,42,5,noise,MỖI NGƯỜI CHÚNG TA SẼ CÓ NHỮNG THỨ KHÁC NHAU,mỗi người chúng ta sẽ có những thứ khác nhau.
VIVOSDEV09_178_clean,vivos,phowhisper,small,zero_shot,,42,clean,clean,VÀ THẬM CHÍ BẠN CŨNG KHÔNG NÊN CỐ GẮNG,và thậm chí bạn cũng không nên cố gắng.
VIVOSDEV09_178_snr0,vivos,phowhisper,small,zero_shot,,42,0,music,VÀ THẬM CHÍ BẠN CŨNG KHÔNG NÊN CỐ GẮNG,và thậm chí bạn cũng không nên cố gắng.
VIVOSDEV09_178_snr10,vivos,phowhisper,small,zero_shot,,42,10,music,VÀ THẬM CHÍ BẠN CŨNG KHÔNG NÊN CỐ GẮNG,và thậm chí bạn cũng không nên cố gắng.
VIVOSDEV09_178_snr20,vivos,phowhisper,small,zero_shot,,42,20,noise,VÀ THẬM CHÍ BẠN CŨNG KHÔNG NÊN CỐ GẮNG,và thậm chí bạn cũng không nên cố gắng.
VIVOSDEV09_178_snr5,vivos,phowhisper,small,zero_shot,,42,5,music,VÀ THẬM CHÍ BẠN CŨNG KHÔNG NÊN CỐ GẮNG,và thậm chí bạn cũng không nên cố gắng.
VIVOSDEV09_194_clean,vivos,phowhisper,small,zero_shot,,42,clean,clean,TRÊN BẦU TRỜI ÁNH TRĂNG SÁNG VẰNG VẶC,trên bầu trời ánh trăng sáng vằn vặt.
VIVOSDEV09_194_snr0,vivos,phowhisper,small,zero_shot,,42,0,music,TRÊN BẦU TRỜI ÁNH TRĂNG SÁNG VẰNG VẶC,trên bầu trời ánh trăng sáng phẳng phặc.
VIVOSDEV09_194_snr10,vivos,phowhisper,small,zero_shot,,42,10,noise,TRÊN BẦU TRỜI ÁNH TRĂNG SÁNG VẰNG VẶC,trên bầu trời ánh trăng sáng vằn vặt.
VIVOSDEV09_194_snr20,vivos,phowhisper,small,zero_shot,,42,20,music,TRÊN BẦU TRỜI ÁNH TRĂNG SÁNG VẰNG VẶC,trên bầu trời ánh trăng sáng vằn vặt.
VIVOSDEV09_194_snr5,vivos,phowhisper,small,zero_shot,,42,5,speech,TRÊN BẦU TRỜI ÁNH TRĂNG SÁNG VẰNG VẶC,trên bầu trời ánh trăng sáng phẳng phặc.
VIVOSDEV09_198_clean,vivos,phowhisper,small,zero_shot,,42,clean,clean,LÀ TỔ TIÊN CỦA ÔNG ĐẶNG LÊN ĐẢM TRÁCH VIỆC DẪN ĐƯỜNG,là tổ tiên của ông đặng lên đảm trách việc dẫn đường.
VIVOSDEV09_198_snr0,vivos,phowhisper,small,zero_shot,,42,0,music,LÀ TỔ TIÊN CỦA ÔNG ĐẶNG LÊN ĐẢM TRÁCH VIỆC DẪN ĐƯỜNG,là tổ tiên của ông nặng nên đảm trách việc dẫn đường.
VIVOSDEV09_198_snr10,vivos,phowhisper,small,zero_shot,,42,10,noise,LÀ TỔ TIÊN CỦA ÔNG ĐẶNG LÊN ĐẢM TRÁCH VIỆC DẪN ĐƯỜNG,là tổ tiên của ông đặng lên đảm chắc việc dẫn đường.
VIVOSDEV09_198_snr20,vivos,phowhisper,small,zero_shot,,42,20,music,LÀ TỔ TIÊN CỦA ÔNG ĐẶNG LÊN ĐẢM TRÁCH VIỆC DẪN ĐƯỜNG,là tổ tiên của ông đặng lên đảm trách việc dẫn đường.
VIVOSDEV09_198_snr5,vivos,phowhisper,small,zero_shot,,42,5,music,LÀ TỔ TIÊN CỦA ÔNG ĐẶNG LÊN ĐẢM TRÁCH VIỆC DẪN ĐƯỜNG,là tổ tiên của ông đặng lên đảm trách việc dẫn đường.
VIVOSDEV09_203_clean,vivos,phowhisper,small,zero_shot,,42,clean,clean,TÁM CHÍN MƯỜI MƯỜI MỘT,tám chín mười mười một.
VIVOSDEV09_203_snr0,vivos,phowhisper,small,zero_shot,,42,0,speech,TÁM CHÍN MƯỜI MƯỜI MỘT,tám chín mười mươi lăm.
VIVOSDEV09_203_snr10,vivos,phowhisper,small,zero_shot,,42,10,speech,TÁM CHÍN MƯỜI MƯỜI MỘT,tám chín mười mười một.
VIVOSDEV09_203_snr20,vivos,phowhisper,small,zero_shot,,42,20,music,TÁM CHÍN MƯỜI MƯỜI MỘT,tám chín mười mười một.
VIVOSDEV09_203_snr5,vivos,phowhisper,small,zero_shot,,42,5,noise,TÁM CHÍN MƯỜI MƯỜI MỘT,tám chín mười mười một.
VIVOSDEV09_246_clean,vivos,phowhisper,small,zero_shot,,42,clean,clean,CHÍN MƯƠI TÁM CHÍN MƯƠI CHÍN,chín mươi tám chín mươi chín.
VIVOSDEV09_246_snr0,vivos,phowhisper,small,zero_shot,,42,0,speech,CHÍN MƯƠI TÁM CHÍN MƯƠI CHÍN,y lưới bá nét khi sự thuận tiến thứ của giáo dục.
VIVOSDEV09_246_snr10,vivos,phowhisper,small,zero_shot,,42,10,noise,CHÍN MƯƠI TÁM CHÍN MƯƠI CHÍN,chín mươi tám chín mươi chín.
VIVOSDEV09_246_snr20,vivos,phowhisper,small,zero_shot,,42,20,music,CHÍN MƯƠI TÁM CHÍN MƯƠI CHÍN,chín mươi tám chín mươi chín.
VIVOSDEV09_246_snr5,vivos,phowhisper,small,zero_shot,,42,5,music,CHÍN MƯƠI TÁM CHÍN MƯƠI CHÍN,chín mươi tám chín mươi chín.
VIVOSDEV09_267_clean,vivos,phowhisper,small,zero_shot,,42,clean,clean,CĂN NHÀ ĐẰNG KIA NGHE NÓI CÓ MA,căn nhà đằng kia nghe nói có ma.
VIVOSDEV09_267_snr0,vivos,phowhisper,small,zero_shot,,42,0,noise,CĂN NHÀ ĐẰNG KIA NGHE NÓI CÓ MA,căn nhà đằm kiêng nghe nói khốn ai.
VIVOSDEV09_267_snr10,vivos,phowhisper,small,zero_shot,,42,10,music,CĂN NHÀ ĐẰNG KIA NGHE NÓI CÓ MA,căn nhà đằng kia nghe nói cót ma.
VIVOSDEV09_267_snr20,vivos,phowhisper,small,zero_shot,,42,20,music,CĂN NHÀ ĐẰNG KIA NGHE NÓI CÓ MA,căn nhà đằng kia nghe nói cốt ma.
VIVOSDEV09_267_snr5,vivos,phowhisper,small,zero_shot,,42,5,music,CĂN NHÀ ĐẰNG KIA NGHE NÓI CÓ MA,căn nhà đằng kia nghe nói cốt ma.
VIVOSDEV09_288_clean,vivos,phowhisper,small,zero_shot,,42,clean,clean,CHẮC SẮP TỚI THU XẾP ĐI DU LỊCH THÔI,chắc sắp tới thu xếp đi du lịch thôi.
VIVOSDEV09_288_snr0,vivos,phowhisper,small,zero_shot,,42,0,speech,CHẮC SẮP TỚI THU XẾP ĐI DU LỊCH THÔI,chắc sắp tới thu xếp đi du lịch.
VIVOSDEV09_288_snr10,vivos,phowhisper,small,zero_shot,,42,10,noise,CHẮC SẮP TỚI THU XẾP ĐI DU LỊCH THÔI,chắc sắp tới thu xếp đi du lịch thôi.
VIVOSDEV09_288_snr20,vivos,phowhisper,small,zero_shot,,42,20,noise,CHẮC SẮP TỚI THU XẾP ĐI DU LỊCH THÔI,chắc sắp tới thu xếp đi du lịch thôi.
VIVOSDEV09_288_snr5,vivos,phowhisper,small,zero_shot,,42,5,noise,CHẮC SẮP TỚI THU XẾP ĐI DU LỊCH THÔI,chắc sắp tới thu xếp đi du lịch thôi.
VIVOSDEV10_010_clean,vivos,phowhisper,small,zero_shot,,42,clean,clean,KHI BỊ CÔNG AN THỘP CỔ KHẨN CẤP,khi bị công an hợp cổ hẫn cấp.
VIVOSDEV10_010_snr0,vivos,phowhisper,small,zero_shot,,42,0,noise,KHI BỊ CÔNG AN THỘP CỔ KHẨN CẤP,khi bị công an hợp cổ khẩn cấp.
VIVOSDEV10_010_snr10,vivos,phowhisper,small,zero_shot,,42,10,speech,KHI BỊ CÔNG AN THỘP CỔ KHẨN CẤP,khi bị công an hợp cổ khẩn cấp.
VIVOSDEV10_010_snr20,vivos,phowhisper,small,zero_shot,,42,20,music,KHI BỊ CÔNG AN THỘP CỔ KHẨN CẤP,khi bị công an hợp cổ hẫn cấp.
VIVOSDEV10_010_snr5,vivos,phowhisper,small,zero_shot,,42,5,noise,KHI BỊ CÔNG AN THỘP CỔ KHẨN CẤP,khi bị công an hợp cổ khẩn cấp.
VIVOSDEV10_017_clean,vivos,phowhisper,small,zero_shot,,42,clean,clean,NGA KHI ẤY CÀNG THÌN NẾT NA,nga thi ấy càng nhìn lớp nga.
VIVOSDEV10_017_snr0,vivos,phowhisper,small,zero_shot,,42,0,noise,NGA KHI ẤY CÀNG THÌN NẾT NA,nga thi ấy càng dùng lớp nga.
VIVOSDEV10_017_snr10,vivos,phowhisper,small,zero_shot,,42,10,music,NGA KHI ẤY CÀNG THÌN NẾT NA,nga thi ấy càng nhìn nước nga.
VIVOSDEV10_017_snr20,vivos,phowhisper,small,zero_shot,,42,20,noise,NGA KHI ẤY CÀNG THÌN NẾT NA,nga thi ấy càng nhìn lớp nga.
VIVOSDEV10_017_snr5,vivos,phowhisper,small,zero_shot,,42,5,music,NGA KHI ẤY CÀNG THÌN NẾT NA,nga thi ấy càng nhìn lớp nga.
VIVOSDEV10_020_clean,vivos,phowhisper,small,zero_shot,,42,clean,clean,VIỆC ÁP DỤNG CẢ BÀN VÁ LỖI VÀ CÔNG CỤ QUÉT,việc áp dụng cả bàn vá đổi và công cụ quét.
VIVOSDEV10_020_snr0,vivos,phowhisper,small,zero_shot,,42,0,noise,VIỆC ÁP DỤNG CẢ BÀN VÁ LỖI VÀ CÔNG CỤ QUÉT,việc áp dụng cả bàn quá rõi là không cũ quét.
VIVOSDEV10_020_snr10,vivos,phowhisper,small,zero_shot,,42,10,noise,VIỆC ÁP DỤNG CẢ BÀN VÁ LỖI VÀ CÔNG CỤ QUÉT,việc áp dụng cả bàn bá lỗi và công cụ quét.
VIVOSDEV10_020_snr20,vivos,phowhisper,small,zero_shot,,42,20,music,VIỆC ÁP DỤNG CẢ BÀN VÁ LỖI VÀ CÔNG CỤ QUÉT,việc áp dụng cả bàn vá đổi và công cụ quét.
VIVOSDEV10_020_snr5,vivos,phowhisper,small,zero_shot,,42,5,speech,VIỆC ÁP DỤNG CẢ BÀN VÁ LỖI VÀ CÔNG CỤ QUÉT,việc áp dụng cả bàn phá lõi và công cụ quế.
VIVOSDEV10_024_clean,vivos,phowhisper,small,zero_shot,,42,clean,clean,NGOÀI TRỜI MƯA CỨ LAY PHAY RẮC HẠT,ngoài trời mưa tới đây phai gác hạt.
VIVOSDEV10_024_snr0,vivos,phowhisper,small,zero_shot,,42,0,noise,NGOÀI TRỜI MƯA CỨ LAY PHAY RẮC HẠT,ngoài trời mưa tới đây phai rác hạt.
VIVOSDEV10_024_snr10,vivos,phowhisper,small,zero_shot,,42,10,speech,NGOÀI TRỜI MƯA CỨ LAY PHAY RẮC HẠT,ngoài trời mưa tứ ai phây rất hạt.
VIVOSDEV10_024_snr20,vivos,phowhisper,small,zero_shot,,42,20,music,NGOÀI TRỜI MƯA CỨ LAY PHAY RẮC HẠT,ngoài trời mưa tới đây phai gác hạt.
VIVOSDEV10_024_snr5,vivos,phowhisper,small,zero_shot,,42,5,noise,NGOÀI TRỜI MƯA CỨ LAY PHAY RẮC HẠT,ngoài trời mưa tứ ai phây rách hạt.
VIVOSDEV10_035_clean,vivos,phowhisper,small,zero_shot,,42,clean,clean,CÓ THỂ GIÚP TA QUÊN ĐI NHỮNG NỖI ƯU PHIỀN,có thể giúp cao quên đi những nỗi u phiền.
VIVOSDEV10_035_snr0,vivos,phowhisper,small,zero_shot,,42,0,noise,CÓ THỂ GIÚP TA QUÊN ĐI NHỮNG NỖI ƯU PHIỀN,có thể giúp cao quên đi những nỗi u phiền.
VIVOSDEV10_035_snr10,vivos,phowhisper,small,zero_shot,,42,10,music,CÓ THỂ GIÚP TA QUÊN ĐI NHỮNG NỖI ƯU PHIỀN,có thể giúp cao quên đi những nỗi u phiền.
VIVOSDEV10_035_snr20,vivos,phowhisper,small,zero_shot,,42,20,noise,CÓ THỂ GIÚP TA QUÊN ĐI NHỮNG NỖI ƯU PHIỀN,có thể giúp cao quên đi những nỗi u phiền.
VIVOSDEV10_035_snr5,vivos,phowhisper,small,zero_shot,,42,5,noise,CÓ THỂ GIÚP TA QUÊN ĐI NHỮNG NỖI ƯU PHIỀN,có thể giúp cao quên đi những lỗi u phiền.
VIVOSDEV10_043_clean,vivos,phowhisper,small,zero_shot,,42,clean,clean,MÀ DUNG DĂNG NHÉ CẦM TAY ĐẤT TRỜI,mà dung danh nhé cầm cai đất trời.
VIVOSDEV10_043_snr0,vivos,phowhisper,small,zero_shot,,42,0,speech,MÀ DUNG DĂNG NHÉ CẦM TAY ĐẤT TRỜI,mà du danh nhé cầm tay đất trời.
VIVOSDEV10_043_snr10,vivos,phowhisper,small,zero_shot,,42,10,speech,MÀ DUNG DĂNG NHÉ CẦM TAY ĐẤT TRỜI,mà dung danh nhé cầm cai đất trời.
VIVOSDEV10_043_snr20,vivos,phowhisper,small,zero_shot,,42,20,music,MÀ DUNG DĂNG NHÉ CẦM TAY ĐẤT TRỜI,mà dung danh nhé cầm cai đất trời.
VIVOSDEV10_043_snr5,vivos,phowhisper,small,zero_shot,,42,5,speech,MÀ DUNG DĂNG NHÉ CẦM TAY ĐẤT TRỜI,mà dung danh nhé cầm cai đất trời.
VIVOSDEV10_045_clean,vivos,phowhisper,small,zero_shot,,42,clean,clean,TÔI LỚN LÊN TRONG SỰ GHẺ LẠNH CỦA NGƯỜI MẸ KẾ,côi lớn lên trong sự ghẻ lạnh của người mẹ cá.
VIVOSDEV10_045_snr0,vivos,phowhisper,small,zero_shot,,42,0,speech,TÔI LỚN LÊN TRONG SỰ GHẺ LẠNH CỦA NGƯỜI MẸ KẾ,tôi lớn lên trong sự gạ gánh của người mẹ cái.
VIVOSDEV10_045_snr10,vivos,phowhisper,small,zero_shot,,42,10,speech,TÔI LỚN LÊN TRONG SỰ GHẺ LẠNH CỦA NGƯỜI MẸ KẾ,cô lớn lên trong sự ghẻ lạnh của người mẹ trẻ.
VIVOSDEV10_045_snr20,vivos,phowhisper,small,zero_shot,,42,20,music,TÔI LỚN LÊN TRONG SỰ GHẺ LẠNH CỦA NGƯỜI MẸ KẾ,cô lớn lên trong sự ghẻ lạnh của người mẹ cá.
VIVOSDEV10_045_snr5,vivos,phowhisper,small,zero_shot,,42,5,music,TÔI LỚN LÊN TRONG SỰ GHẺ LẠNH CỦA NGƯỜI MẸ KẾ,cô lớn lên trong sự ghẻ lạnh của người mẹ cá.
VIVOSDEV10_067_clean,vivos,phowhisper,small,zero_shot,,42,clean,clean,THẾ NHƯNG TÔI KHÔNG ÂN HẬN KHI TRỞ THÀNH ĐẢ NỮ,thế nhưng tôi không ân hận khi trở thành đả nữ.
VIVOSDEV10_067_snr0,vivos,phowhisper,small,zero_shot,,42,0,noise,THẾ NHƯNG TÔI KHÔNG ÂN HẬN KHI TRỞ THÀNH ĐẢ NỮ,thế nhưng tôi không ân hận khi trở thành đả nữ.
VIVOSDEV10_067_snr10,vivos,phowhisper,small,zero_shot,,42,10,noise,THẾ NHƯNG TÔI KHÔNG ÂN HẬN KHI TRỞ THÀNH ĐẢ NỮ,thế nhưng tôi không ân hận khi trở thành đả nữ.
VIVOSDEV10_067_snr20,vivos,phowhisper,small,zero_shot,,42,20,noise,THẾ NHƯNG TÔI KHÔNG ÂN HẬN KHI TRỞ THÀNH ĐẢ NỮ,thế nhưng tôi không ân hận khi trở thành đả nữ.
VIVOSDEV10_067_snr5,vivos,phowhisper,small,zero_shot,,42,5,music,THẾ NHƯNG TÔI KHÔNG ÂN HẬN KHI TRỞ THÀNH ĐẢ NỮ,thế nhưng tôi không ân hận khi trở thành đả nữ.
VIVOSDEV10_068_clean,vivos,phowhisper,small,zero_shot,,42,clean,clean,VỚI MỘT TỐC ĐỘ MÀ CHÚNG TA KHÔNG THỂ ĐI ĐẾN TẬN CÙNG CỦA NÓ,với một cốc độ mà chúng ta không hễ đi đến cận cùng của nó.
VIVOSDEV10_068_snr0,vivos,phowhisper,small,zero_shot,,42,0,noise,VỚI MỘT TỐC ĐỘ MÀ CHÚNG TA KHÔNG THỂ ĐI ĐẾN TẬN CÙNG CỦA NÓ,với một cốc gỗ mà trung ca không mẻ đi đến tận cùng của nó.
VIVOSDEV10_068_snr10,vivos,phowhisper,small,zero_shot,,42,10,noise,VỚI MỘT TỐC ĐỘ MÀ CHÚNG TA KHÔNG THỂ ĐI ĐẾN TẬN CÙNG CỦA NÓ,với một cốc lộ mà chúng ta không hễ đi đến cận cùng cửa ngó.
VIVOSDEV10_068_snr20,vivos,phowhisper,small,zero_shot,,42,20,music,VỚI MỘT TỐC ĐỘ MÀ CHÚNG TA KHÔNG THỂ ĐI ĐẾN TẬN CÙNG CỦA NÓ,với một cấp độ mà chúng ta không hễ đi đến cận cùng của nó.
VIVOSDEV10_068_snr5,vivos,phowhisper,small,zero_shot,,42,5,music,VỚI MỘT TỐC ĐỘ MÀ CHÚNG TA KHÔNG THỂ ĐI ĐẾN TẬN CÙNG CỦA NÓ,với một cốc độ mà chúng ta không thể đi đến cận cùng của nó.
VIVOSDEV10_072_clean,vivos,phowhisper,small,zero_shot,,42,clean,clean,TÔI THẤY ĐỒNG LƯƠNG CỦA MÌNH NĂM NĂM RỒI VẪN ĐỨNG NGUYÊN,cụ thấy động lương của mình ngâm ngâm rồi vẫn ứng nguyên.
VIVOSDEV10_072_snr0,vivos,phowhisper,small,zero_shot,,42,0,noise,TÔI THẤY ĐỒNG LƯƠNG CỦA MÌNH NĂM NĂM RỒI VẪN ĐỨNG NGUYÊN,tôi thấy động thương của mình năm năm rồi vẫn gần như.
VIVOSDEV10_072_snr10,vivos,phowhisper,small,zero_shot,,42,10,speech,TÔI THẤY ĐỒNG LƯƠNG CỦA MÌNH NĂM NĂM RỒI VẪN ĐỨNG NGUYÊN,cư thế động lương của mình năm năm rồi vẫn ứng nguyên.
VIVOSDEV10_072_snr20,vivos,phowhisper,small,zero_shot,,42,20,speech,TÔI THẤY ĐỒNG LƯƠNG CỦA MÌNH NĂM NĂM RỒI VẪN ĐỨNG NGUYÊN,cư thấy đồng lương của mình năm năm rồi vẫn ứng nguyên.
VIVOSDEV10_072_snr5,vivos,phowhisper,small,zero_shot,,42,5,noise,TÔI THẤY ĐỒNG LƯƠNG CỦA MÌNH NĂM NĂM RỒI VẪN ĐỨNG NGUYÊN,cư thế động luôn của mình ngâm ngâm rồi vẫn ứng nguyên.
VIVOSDEV10_073_clean,vivos,phowhisper,small,zero_shot,,42,clean,clean,ĐỂ CHẤM DỨT NẠN BẠO HÀNH TRONG GIA ĐÌNH,để cấm dứt ngạn bạo hành trong gia đình.
VIVOSDEV10_073_snr0,vivos,phowhisper,small,zero_shot,,42,0,noise,ĐỂ CHẤM DỨT NẠN BẠO HÀNH TRONG GIA ĐÌNH,để cấm vứt nghẹn bạo hành trong gia đình.
VIVOSDEV10_073_snr10,vivos,phowhisper,small,zero_shot,,42,10,music,ĐỂ CHẤM DỨT NẠN BẠO HÀNH TRONG GIA ĐÌNH,để cấm vứt ngạn bạo hành trong gia đình.
VIVOSDEV10_073_snr20,vivos,phowhisper,small,zero_shot,,42,20,noise,ĐỂ CHẤM DỨT NẠN BẠO HÀNH TRONG GIA ĐÌNH,để cấm vứt ngạn bạo hành trong gia đình.
VIVOSDEV10_073_snr5,vivos,phowhisper,small,zero_shot,,42,5,music,ĐỂ CHẤM DỨT NẠN BẠO HÀNH TRONG GIA ĐÌNH,để cấm vứt ngã bạo hành trong gia đình.
VIVOSDEV10_076_clean,vivos,phowhisper,small,zero_shot,,42,clean,clean,LÀM ĐƯỜNG SÁ NGẬP XẮP XẮP QUANH NĂM SUỐT THÁNG,đàm đường sá ngập sáp sáp quanh năm suốt tháng.
VIVOSDEV10_076_snr0,vivos,phowhisper,small,zero_shot,,42,0,noise,LÀM ĐƯỜNG SÁ NGẬP XẮP XẮP QUANH NĂM SUỐT THÁNG,làm đường sá ngập sấp sấp quanh năm suốt tháng.
VIVOSDEV10_076_snr10,vivos,phowhisper,small,zero_shot,,42,10,music,LÀM ĐƯỜNG SÁ NGẬP XẮP XẮP QUANH NĂM SUỐT THÁNG,đàm đường sá ngập sắp sắp quanh năm suốt tháng.
VIVOSDEV10_076_snr20,vivos,phowhisper,small,zero_shot,,42,20,speech,LÀM ĐƯỜNG SÁ NGẬP XẮP XẮP QUANH NĂM SUỐT THÁNG,làm đường sá ngập sắp sắp quanh năm suốt tháng.
VIVOSDEV10_076_snr5,vivos,phowhisper,small,zero_shot,,42,5,speech,LÀM ĐƯỜNG SÁ NGẬP XẮP XẮP QUANH NĂM SUỐT THÁNG,đàm đường cá ngập sấp khắp quanh năm suốt tháng.
VIVOSDEV10_117_clean,vivos,phowhisper,small,zero_shot,,42,clean,clean,CÁI KHÓ LÀ,cái khói ạ.
VIVOSDEV10_117_snr0,vivos,phowhisper,small,zero_shot,,42,0,speech,CÁI KHÓ LÀ,cái khói à.
VIVOSDEV10_117_snr10,vivos,phowhisper,small,zero_shot,,42,10,noise,CÁI KHÓ LÀ,cái khói ạ.
VIVOSDEV10_117_snr20,vivos,phowhisper,small,zero_shot,,42,20,noise,CÁI KHÓ LÀ,cái khói ạ.
VIVOSDEV10_117_snr5,vivos,phowhisper,small,zero_shot,,42,5,music,CÁI KHÓ LÀ,cái khói ạ.
VIVOSDEV10_140_clean,vivos,phowhisper,small,zero_shot,,42,clean,clean,CHÀNG TRAI LỒM CỒM BÒ DẬY MẶT MÀY XANH LÉT NHƯ TÀU LÁ CHUỐI,chàng trai làm còm bò dậy mạch mài xanh đét như tàu lá chuối.
VIVOSDEV10_140_snr0,vivos,phowhisper,small,zero_shot,,42,0,noise,CHÀNG TRAI LỒM CỒM BÒ DẬY MẶT MÀY XANH LÉT NHƯ TÀU LÁ CHUỐI,chàng trai đờm còm bò dạy mảnh mài xanh đen như tàu lá chuối.
VIVOSDEV10_140_snr10,vivos,phowhisper,small,zero_shot,,42,10,speech,CHÀNG TRAI LỒM CỒM BÒ DẬY MẶT MÀY XANH LÉT NHƯ TÀU LÁ CHUỐI,chàng trai đòm còm bò dãy mạch mài xanh đen như tàu áo chuối.
VIVOSDEV10_140_snr20,vivos,phowhisper,small,zero_shot,,42,20,noise,CHÀNG TRAI LỒM CỒM BÒ DẬY MẶT MÀY XANH LÉT NHƯ TÀU LÁ CHUỐI,chàng trai lởm còm bò dậy mạch mài xanh đét như tàu lá chuối.
VIVOSDEV10_140_snr5,vivos,phowhisper,small,zero_shot,,42,5,noise,CHÀNG TRAI LỒM CỒM BÒ DẬY MẶT MÀY XANH LÉT NHƯ TÀU LÁ CHUỐI,chàng trai lộp cộm bôi dậy mạch mài xanh đét như cầu áo chuối.
VIVOSDEV10_162_clean,vivos,phowhisper,small,zero_shot,,42,clean,clean,CŨNG LÀ TIN VUI CHO TẤT CẢ NHỮNG AI,cũng là kinh vui cho tất cả những ai.
VIVOSDEV10_162_snr0,vivos,phowhisper,small,zero_shot,,42,0,music,CŨNG LÀ TIN VUI CHO TẤT CẢ NHỮNG AI,cũng là chinh vui cho tất cả những ai.
VIVOSDEV10_162_snr10,vivos,phowhisper,small,zero_shot,,42,10,noise,CŨNG LÀ TIN VUI CHO TẤT CẢ NHỮNG AI,cũng là kinh vui cho tất cả những ai.
VIVOSDEV10_162_snr20,vivos,phowhisper,small,zero_shot,,42,20,speech,CŨNG LÀ TIN VUI CHO TẤT CẢ NHỮNG AI,cũng là kinh vui cho tất cả những ai.
VIVOSDEV10_162_snr5,vivos,phowhisper,small,zero_shot,,42,5,speech,CŨNG LÀ TIN VUI CHO TẤT CẢ NHỮNG AI,cũng là kinh vui cho tất cả những ai.
VIVOSDEV10_172_clean,vivos,phowhisper,small,zero_shot,,42,clean,clean,HƯỢM ĐÃ CÒN PHẢI ĐIỀU CHỈNH,hôm đã còn phải điều chỉnh.
VIVOSDEV10_172_snr0,vivos,phowhisper,small,zero_shot,,42,0,speech,HƯỢM ĐÃ CÒN PHẢI ĐIỀU CHỈNH,hôm đã còn phải điều dưỡng.
VIVOSDEV10_172_snr10,vivos,phowhisper,small,zero_shot,,42,10,noise,HƯỢM ĐÃ CÒN PHẢI ĐIỀU CHỈNH,hôm đã còn phải điều chỉnh.
VIVOSDEV10_172_snr20,vivos,phowhisper,small,zero_shot,,42,20,music,HƯỢM ĐÃ CÒN PHẢI ĐIỀU CHỈNH,hôm đã còn phải điều chỉnh.
VIVOSDEV10_172_snr5,vivos,phowhisper,small,zero_shot,,42,5,speech,HƯỢM ĐÃ CÒN PHẢI ĐIỀU CHỈNH,hện đã còn phải điều chỉnh.
VIVOSDEV10_176_clean,vivos,phowhisper,small,zero_shot,,42,clean,clean,TRONG TÌNH THẾ ẤY CHỈ ĐÁM TRẺ VEN SÔNG,trong kình thế ấy chỉ đám trẻ ven sông.
VIVOSDEV10_176_snr0,vivos,phowhisper,small,zero_shot,,42,0,noise,TRONG TÌNH THẾ ẤY CHỈ ĐÁM TRẺ VEN SÔNG,trong cảnh thấy ấy chỉ đám trẻ ven sông.
VIVOSDEV10_176_snr10,vivos,phowhisper,small,zero_shot,,42,10,noise,TRONG TÌNH THẾ ẤY CHỈ ĐÁM TRẺ VEN SÔNG,trong tình thế ấy chỉ đám trẻ quen xong.
VIVOSDEV10_176_snr20,vivos,phowhisper,small,zero_shot,,42,20,music,TRONG TÌNH THẾ ẤY CHỈ ĐÁM TRẺ VEN SÔNG,trong kình thế ấy chỉ đám trẻ ven sông.
VIVOSDEV10_176_snr5,vivos,phowhisper,small,zero_shot,,42,5,music,TRONG TÌNH THẾ ẤY CHỈ ĐÁM TRẺ VEN SÔNG,trong trình thấy ấy chỉ đám trẻ ven sông.
VIVOSDEV10_189_clean,vivos,phowhisper,small,zero_shot,,42,clean,clean,NẾU ĐI TIẾP NHA TRANG,nếu y tiếp nha trang.
VIVOSDEV10_189_snr0,vivos,phowhisper,small,zero_shot,,42,0,speech,NẾU ĐI TIẾP NHA TRANG,unk lậu phim.
VIVOSDEV10_189_snr10,vivos,phowhisper,small,zero_shot,,42,10,speech,NẾU ĐI TIẾP NHA TRANG,nếu li tiếp nha trang.
VIVOSDEV10_189_snr20,vivos,phowhisper,small,zero_shot,,42,20,music,NẾU ĐI TIẾP NHA TRANG,nếu y tiếp nha trang.
VIVOSDEV10_189_snr5,vivos,phowhisper,small,zero_shot,,42,5,noise,NẾU ĐI TIẾP NHA TRANG,nghĩ li kết nha trang.
VIVOSDEV10_194_clean,vivos,phowhisper,small,zero_shot,,42,clean,clean,TỨC CHANH CÓ THỂ TRỊ ĐƯỢC BỆNH,tức tranh có thể trị được bệnh.
VIVOSDEV10_194_snr0,vivos,phowhisper,small,zero_shot,,42,0,speech,TỨC CHANH CÓ THỂ TRỊ ĐƯỢC BỆNH,các đức tranh có thể trị được bệnh.
VIVOSDEV10_194_snr10,vivos,phowhisper,small,zero_shot,,42,10,noise,TỨC CHANH CÓ THỂ TRỊ ĐƯỢC BỆNH,tức tranh có thể trị được bệnh.
VIVOSDEV10_194_snr20,vivos,phowhisper,small,zero_shot,,42,20,noise,TỨC CHANH CÓ THỂ TRỊ ĐƯỢC BỆNH,tức tranh có thể chỉ được bệnh.
VIVOSDEV10_194_snr5,vivos,phowhisper,small,zero_shot,,42,5,music,TỨC CHANH CÓ THỂ TRỊ ĐƯỢC BỆNH,tức xúc trang có thể trị được bệnh.
VIVOSDEV10_211_clean,vivos,phowhisper,small,zero_shot,,42,clean,clean,HAI MƯƠI TÁM HAI MƯƠI CHÍN,hai mươi tám hai mươi chín.
VIVOSDEV10_211_snr0,vivos,phowhisper,small,zero_shot,,42,0,speech,HAI MƯƠI TÁM HAI MƯƠI CHÍN,hai mươi tám hai mươi chín.
VIVOSDEV10_211_snr10,vivos,phowhisper,small,zero_shot,,42,10,speech,HAI MƯƠI TÁM HAI MƯƠI CHÍN,hai mươi tám hai mươi chín.
VIVOSDEV10_211_snr20,vivos,phowhisper,small,zero_shot,,42,20,noise,HAI MƯƠI TÁM HAI MƯƠI CHÍN,hai mươi tám hai mươi chín.
VIVOSDEV10_211_snr5,vivos,phowhisper,small,zero_shot,,42,5,speech,HAI MƯƠI TÁM HAI MƯƠI CHÍN,hai mươi tám hai mươi chín.
VIVOSDEV10_212_clean,vivos,phowhisper,small,zero_shot,,42,clean,clean,BA MƯƠI BA MƯƠI MỐT,ba mươi ba mươi mốt.
VIVOSDEV10_212_snr0,vivos,phowhisper,small,zero_shot,,42,0,noise,BA MƯƠI BA MƯƠI MỐT,ba mươi ba mươi mốt.
VIVOSDEV10_212_snr10,vivos,phowhisper,small,zero_shot,,42,10,speech,BA MƯƠI BA MƯƠI MỐT,ba mươi ba mươi mốt.
VIVOSDEV10_212_snr20,vivos,phowhisper,small,zero_shot,,42,20,music,BA MƯƠI BA MƯƠI MỐT,ba mươi ba mươi mốt.
VIVOSDEV10_212_snr5,vivos,phowhisper,small,zero_shot,,42,5,music,BA MƯƠI BA MƯƠI MỐT,ba mươi ba mươi món.
VIVOSDEV10_227_clean,vivos,phowhisper,small,zero_shot,,42,clean,clean,SÁU MƯƠI SÁU MƯƠI MỐT,sáu mươi sáu mươi mốt.
VIVOSDEV10_227_snr0,vivos,phowhisper,small,zero_shot,,42,0,noise,SÁU MƯƠI SÁU MƯƠI MỐT,sáu mươi sáu mươi mốt.
VIVOSDEV10_227_snr10,vivos,phowhisper,small,zero_shot,,42,10,music,SÁU MƯƠI SÁU MƯƠI MỐT,sáu mươi sáu mươi mốt.
VIVOSDEV10_227_snr20,vivos,phowhisper,small,zero_shot,,42,20,speech,SÁU MƯƠI SÁU MƯƠI MỐT,sáu mươi sáu mươi mốt.
VIVOSDEV10_227_snr5,vivos,phowhisper,small,zero_shot,,42,5,music,SÁU MƯƠI SÁU MƯƠI MỐT,sáu mươi sáu mươi mốt.
VIVOSDEV10_234_clean,vivos,phowhisper,small,zero_shot,,42,clean,clean,BẢY MƯƠI BỐN BẢY MƯƠI LĂM,bảy mươi bốn bảy mươi lăm.
VIVOSDEV10_234_snr0,vivos,phowhisper,small,zero_shot,,42,0,noise,BẢY MƯƠI BỐN BẢY MƯƠI LĂM,bảy mươi bốn bảy mươi lăm.
VIVOSDEV10_234_snr10,vivos,phowhisper,small,zero_shot,,42,10,speech,BẢY MƯƠI BỐN BẢY MƯƠI LĂM,bảy mươi bốn bảy mươi lăm.
VIVOSDEV10_234_snr20,vivos,phowhisper,small,zero_shot,,42,20,noise,BẢY MƯƠI BỐN BẢY MƯƠI LĂM,bảy mươi bốn bảy mươi lăm.
VIVOSDEV10_234_snr5,vivos,phowhisper,small,zero_shot,,42,5,noise,BẢY MƯƠI BỐN BẢY MƯƠI LĂM,bảy mươi bốn bảy mươi lăm.
VIVOSDEV10_247_clean,vivos,phowhisper,small,zero_shot,,42,clean,clean,MỘT TRĂM MỘT HAI BA,một trăm một hai ba.
VIVOSDEV10_247_snr0,vivos,phowhisper,small,zero_shot,,42,0,speech,MỘT TRĂM MỘT HAI BA,một trăm mẫu hai ba.
VIVOSDEV10_247_snr10,vivos,phowhisper,small,zero_shot,,42,10,noise,MỘT TRĂM MỘT HAI BA,một trăm một hai ba.
VIVOSDEV10_247_snr20,vivos,phowhisper,small,zero_shot,,42,20,noise,MỘT TRĂM MỘT HAI BA,một trăm một hai ba.
VIVOSDEV10_247_snr5,vivos,phowhisper,small,zero_shot,,42,5,noise,MỘT TRĂM MỘT HAI BA,một trăm một hai ba.
VIVOSDEV10_249_clean,vivos,phowhisper,small,zero_shot,,42,clean,clean,KHÔNG HAI BỐN SÁU TÁM,không hai bốn sáu tám.
VIVOSDEV10_249_snr0,vivos,phowhisper,small,zero_shot,,42,0,noise,KHÔNG HAI BỐN SÁU TÁM,không hai bốn sáu cám.
VIVOSDEV10_249_snr10,vivos,phowhisper,small,zero_shot,,42,10,speech,KHÔNG HAI BỐN SÁU TÁM,không hai bốn sáu cám.
VIVOSDEV10_249_snr20,vivos,phowhisper,small,zero_shot,,42,20,music,KHÔNG HAI BỐN SÁU TÁM,thông hai bốn sáu cám.
VIVOSDEV10_249_snr5,vivos,phowhisper,small,zero_shot,,42,5,music,KHÔNG HAI BỐN SÁU TÁM,không hai bốn sáu cắm.
VIVOSDEV10_278_clean,vivos,phowhisper,small,zero_shot,,42,clean,clean,TỘI NGHIỆP ĐỨA NHỎ KHÔNG AI CHĂM SÓC,cội nghiệp đứa nhỏ không ai chăm sóc.
VIVOSDEV10_278_snr0,vivos,phowhisper,small,zero_shot,,42,0,music,TỘI NGHIỆP ĐỨA NHỎ KHÔNG AI CHĂM SÓC,cõi nghiệp hướng nhỏ không ai chăm sóc.
VIVOSDEV10_278_snr10,vivos,phowhisper,small,zero_shot,,42,10,noise,TỘI NGHIỆP ĐỨA NHỎ KHÔNG AI CHĂM SÓC,cội nghiệp đứa nhỏ không ai chăm sóc.
VIVOSDEV10_278_snr20,vivos,phowhisper,small,zero_shot,,42,20,music,TỘI NGHIỆP ĐỨA NHỎ KHÔNG AI CHĂM SÓC,cội nghiệp đứa nhỏ không ai chăm sóc.
VIVOSDEV10_278_snr5,vivos,phowhisper,small,zero_shot,,42,5,music,TỘI NGHIỆP ĐỨA NHỎ KHÔNG AI CHĂM SÓC,cội nghiệp đứa nhỏ không ai chăm sóc.
VIVOSDEV11_022_clean,vivos,phowhisper,small,zero_shot,,42,clean,clean,SẼ LÀM GIẢM TÌNH TRẠNG ÓI ỌC CỦA TRẺ,sẽ làm tình trạng ói ọc của trẻ.
VIVOSDEV11_022_snr0,vivos,phowhisper,small,zero_shot,,42,0,speech,SẼ LÀM GIẢM TÌNH TRẠNG ÓI ỌC CỦA TRẺ,sẽ làm tình trạng ói ọc của trẻ.
VIVOSDEV11_022_snr10,vivos,phowhisper,small,zero_shot,,42,10,noise,SẼ LÀM GIẢM TÌNH TRẠNG ÓI ỌC CỦA TRẺ,sẽ làm tình trạng ói ọc của trẻ.
VIVOSDEV11_022_snr20,vivos,phowhisper,small,zero_shot,,42,20,music,SẼ LÀM GIẢM TÌNH TRẠNG ÓI ỌC CỦA TRẺ,sẽ làm tình trạng ói ọc của trẻ.
VIVOSDEV11_022_snr5,vivos,phowhisper,small,zero_shot,,42,5,noise,SẼ LÀM GIẢM TÌNH TRẠNG ÓI ỌC CỦA TRẺ,sẽ làm tình trạng ói ọc của trẻ.
VIVOSDEV11_046_clean,vivos,phowhisper,small,zero_shot,,42,clean,clean,ĐỪNG BAO GIỜ ĐỂ CHO BẤT KỲ AI NÓI VỚI BẠN RẰNG,đừng bao giờ để cho bất kỳ ai nói với bạn rằng.
VIVOSDEV11_046_snr0,vivos,phowhisper,small,zero_shot,,42,0,noise,ĐỪNG BAO GIỜ ĐỂ CHO BẤT KỲ AI NÓI VỚI BẠN RẰNG,đừng bao giờ để cho bất kỳ ai nói với bạn rằng.
VIVOSDEV11_046_snr10,vivos,phowhisper,small,zero_shot,,42,10,music,ĐỪNG BAO GIỜ ĐỂ CHO BẤT KỲ AI NÓI VỚI BẠN RẰNG,đừng bao giờ để cho bất kỳ ai nói với bạn rằng.
VIVOSDEV11_046_snr20,vivos,phowhisper,small,zero_shot,,42,20,noise,ĐỪNG BAO GIỜ ĐỂ CHO BẤT KỲ AI NÓI VỚI BẠN RẰNG,đừng bao giờ để cho bất kỳ ai nói với bạn rằng.
VIVOSDEV11_046_snr5,vivos,phowhisper,small,zero_shot,,42,5,noise,ĐỪNG BAO GIỜ ĐỂ CHO BẤT KỲ AI NÓI VỚI BẠN RẰNG,đừng bao giờ để cho bất kỳ ai nói với bạn rằng.
VIVOSDEV11_057_clean,vivos,phowhisper,small,zero_shot,,42,clean,clean,NẾU VÌ CHÚNG TÔI,nếu vì chúng tôi.
VIVOSDEV11_057_snr0,vivos,phowhisper,small,zero_shot,,42,0,music,NẾU VÌ CHÚNG TÔI,nếu vị chúng tôi.
VIVOSDEV11_057_snr10,vivos,phowhisper,small,zero_shot,,42,10,music,NẾU VÌ CHÚNG TÔI,nếu vì chúng tôi.
VIVOSDEV11_057_snr20,vivos,phowhisper,small,zero_shot,,42,20,noise,NẾU VÌ CHÚNG TÔI,nếu vì chúng tôi.
VIVOSDEV11_057_snr5,vivos,phowhisper,small,zero_shot,,42,5,music,NẾU VÌ CHÚNG TÔI,nếu vì chúng tôi.
VIVOSDEV11_063_clean,vivos,phowhisper,small,zero_shot,,42,clean,clean,NẾU BẠN VẪN CẢM THẤY TỘI LỖI,nếu bạn vẫn cảm thấy tội lỗi.
VIVOSDEV11_063_snr0,vivos,phowhisper,small,zero_shot,,42,0,music,NẾU BẠN VẪN CẢM THẤY TỘI LỖI,nếu bạn vẫn cảm thấy tội lỗi.
VIVOSDEV11_063_snr10,vivos,phowhisper,small,zero_shot,,42,10,speech,NẾU BẠN VẪN CẢM THẤY TỘI LỖI,nếu bạn vẫn cảm thấy tội lỗi.
VIVOSDEV11_063_snr20,vivos,phowhisper,small,zero_shot,,42,20,noise,NẾU BẠN VẪN CẢM THẤY TỘI LỖI,nếu bạn vẫn cảm thấy tội lỗi.
VIVOSDEV11_063_snr5,vivos,phowhisper,small,zero_shot,,42,5,noise,NẾU BẠN VẪN CẢM THẤY TỘI LỖI,nếu bạn vẫn cảm thấy tội lỗi.
VIVOSDEV11_076_clean,vivos,phowhisper,small,zero_shot,,42,clean,clean,VỚI TRÊN LÀ NÚI VÀ DƯỚI LÀ SÔNG,với trên là núi và dưới là sông.
VIVOSDEV11_076_snr0,vivos,phowhisper,small,zero_shot,,42,0,speech,VỚI TRÊN LÀ NÚI VÀ DƯỚI LÀ SÔNG,với trên là núi và dưới là sông.
VIVOSDEV11_076_snr10,vivos,phowhisper,small,zero_shot,,42,10,music,VỚI TRÊN LÀ NÚI VÀ DƯỚI LÀ SÔNG,với trên là núi và dưới là sông.
VIVOSDEV11_076_snr20,vivos,phowhisper,small,zero_shot,,42,20,speech,VỚI TRÊN LÀ NÚI VÀ DƯỚI LÀ SÔNG,với trên là núi và dưới là sông.
VIVOSDEV11_076_snr5,vivos,phowhisper,small,zero_shot,,42,5,noise,VỚI TRÊN LÀ NÚI VÀ DƯỚI LÀ SÔNG,với trên là núi và dưới là sông.
VIVOSDEV11_077_clean,vivos,phowhisper,small,zero_shot,,42,clean,clean,VỚI SỰ XUẤT HIỆN CỦA QUÁI THÚ VÀ RỒNG,với sự xuất hiện của quái thú và ròng.
VIVOSDEV11_077_snr0,vivos,phowhisper,small,zero_shot,,42,0,noise,VỚI SỰ XUẤT HIỆN CỦA QUÁI THÚ VÀ RỒNG,với sự xuất hiện của quái thú và ròng.
VIVOSDEV11_077_snr10,vivos,phowhisper,small,zero_shot,,42,10,music,VỚI SỰ XUẤT HIỆN CỦA QUÁI THÚ VÀ RỒNG,với sự xuất hiện của quái thú và ròng.
VIVOSDEV11_077_snr20,vivos,phowhisper,small,zero_shot,,42,20,speech,VỚI SỰ XUẤT HIỆN CỦA QUÁI THÚ VÀ RỒNG,với sự xuất hiện của quái thú và ròng.
VIVOSDEV11_077_snr5,vivos,phowhisper,small,zero_shot,,42,5,music,VỚI SỰ XUẤT HIỆN CỦA QUÁI THÚ VÀ RỒNG,với sự xuất hiện của quái thú và ròng.
VIVOSDEV11_079_clean,vivos,phowhisper,small,zero_shot,,42,clean,clean,NÉT MẶT HỌ KHÔNG NGỜI LÊN HẠNH PHÚC CỦA NGƯỜI MẸ,nét mặt họ không ngời lên hạnh phúc của người mẹ.
VIVOSDEV11_079_snr0,vivos,phowhisper,small,zero_shot,,42,0,music,NÉT MẶT HỌ KHÔNG NGỜI LÊN HẠNH PHÚC CỦA NGƯỜI MẸ,nét mặt nhỏ không ngời lên hạnh phúc của người già.
VIVOSDEV11_079_snr10,vivos,phowhisper,small,zero_shot,,42,10,noise,NÉT MẶT HỌ KHÔNG NGỜI LÊN HẠNH PHÚC CỦA NGƯỜI MẸ,nét mặt họ không ngời lên hạnh phúc của người mẹ.
VIVOSDEV11_079_snr20,vivos,phowhisper,small,zero_shot,,42,20,speech,NÉT MẶT HỌ KHÔNG NGỜI LÊN HẠNH PHÚC CỦA NGƯỜI MẸ,nét mặt họ không ngời lên hạnh phúc của người mẹ.
VIVOSDEV11_079_snr5,vivos,phowhisper,small,zero_shot,,42,5,noise,NÉT MẶT HỌ KHÔNG NGỜI LÊN HẠNH PHÚC CỦA NGƯỜI MẸ,nét mặt họ không ngời lên hạnh phúc của người mẹ.
VIVOSDEV11_081_clean,vivos,phowhisper,small,zero_shot,,42,clean,clean,MỘT SỐ NGƯỜI CHO RẰNG,một số người cho rằng.
VIVOSDEV11_081_snr0,vivos,phowhisper,small,zero_shot,,42,0,noise,MỘT SỐ NGƯỜI CHO RẰNG,một số người cho rằng.
VIVOSDEV11_081_snr10,vivos,phowhisper,small,zero_shot,,42,10,noise,MỘT SỐ NGƯỜI CHO RẰNG,một số người cho rằng.
VIVOSDEV11_081_snr20,vivos,phowhisper,small,zero_shot,,42,20,speech,MỘT SỐ NGƯỜI CHO RẰNG,một số người cho rằng.
VIVOSDEV11_081_snr5,vivos,phowhisper,small,zero_shot,,42,5,noise,MỘT SỐ NGƯỜI CHO RẰNG,một số người cho rằng.
VIVOSDEV11_095_clean,vivos,phowhisper,small,zero_shot,,42,clean,clean,MỌI THỨ ĐỀU ĐƯỢC MỔ XẺ LẠI,mọi thứ đều được mổ xả lại.
VIVOSDEV11_095_snr0,vivos,phowhisper,small,zero_shot,,42,0,speech,MỌI THỨ ĐỀU ĐƯỢC MỔ XẺ LẠI,mọi thứ đều được mổ sẻ lại.
VIVOSDEV11_095_snr10,vivos,phowhisper,small,zero_shot,,42,10,music,MỌI THỨ ĐỀU ĐƯỢC MỔ XẺ LẠI,mọi thứ đều được mổ xẻ lại.
VIVOSDEV11_095_snr20,vivos,phowhisper,small,zero_shot,,42,20,speech,MỌI THỨ ĐỀU ĐƯỢC MỔ XẺ LẠI,mọi thứ đều được mổ xả lại.
VIVOSDEV11_095_snr5,vivos,phowhisper,small,zero_shot,,42,5,music,MỌI THỨ ĐỀU ĐƯỢC MỔ XẺ LẠI,mọi thứ đều được mổ xả lại.
VIVOSDEV11_122_clean,vivos,phowhisper,small,zero_shot,,42,clean,clean,KHÔNG PHẢI NẮP KHUM,không phải nắp khum.
VIVOSDEV11_122_snr0,vivos,phowhisper,small,zero_shot,,42,0,noise,KHÔNG PHẢI NẮP KHUM,không phải nắp khum.
VIVOSDEV11_122_snr10,vivos,phowhisper,small,zero_shot,,42,10,speech,KHÔNG PHẢI NẮP KHUM,không phải nắp khum.
VIVOSDEV11_122_snr20,vivos,phowhisper,small,zero_shot,,42,20,noise,KHÔNG PHẢI NẮP KHUM,không phải nắp khum.
VIVOSDEV11_122_snr5,vivos,phowhisper,small,zero_shot,,42,5,music,KHÔNG PHẢI NẮP KHUM,không phải nắp khum.
VIVOSDEV11_123_clean,vivos,phowhisper,small,zero_shot,,42,clean,clean,CÁC CÔNG TY DU LỊCH PHẢI XÁC ĐỊNH,các công ty du lịch phải xác định.
VIVOSDEV11_123_snr0,vivos,phowhisper,small,zero_shot,,42,0,music,CÁC CÔNG TY DU LỊCH PHẢI XÁC ĐỊNH,các công ty du lịch phải xác định.
VIVOSDEV11_123_snr10,vivos,phowhisper,small,zero_shot,,42,10,noise,CÁC CÔNG TY DU LỊCH PHẢI XÁC ĐỊNH,các công ty du lịch phải xác định.
VIVOSDEV11_123_snr20,vivos,phowhisper,small,zero_shot,,42,20,music,CÁC CÔNG TY DU LỊCH PHẢI XÁC ĐỊNH,các công ty du lịch phải xác định.
VIVOSDEV11_123_snr5,vivos,phowhisper,small,zero_shot,,42,5,music,CÁC CÔNG TY DU LỊCH PHẢI XÁC ĐỊNH,các công ty du lịch phải xác định.
VIVOSDEV11_136_clean,vivos,phowhisper,small,zero_shot,,42,clean,clean,KHI NHÂN VIÊN CỨU HỘ CỐ GẮNG ĐƯA NÓ LÊN SÀ LAN,khi nhân viên cứu hộ cố gắng đưa nó lên sà lan.
VIVOSDEV11_136_snr0,vivos,phowhisper,small,zero_shot,,42,0,noise,KHI NHÂN VIÊN CỨU HỘ CỐ GẮNG ĐƯA NÓ LÊN SÀ LAN,khi nhân viên cứu hộ cố gắng đưa nó lên sà lan.
VIVOSDEV11_136_snr10,vivos,phowhisper,small,zero_shot,,42,10,speech,KHI NHÂN VIÊN CỨU HỘ CỐ GẮNG ĐƯA NÓ LÊN SÀ LAN,khi nhân viên cứu hộ cố gắng đưa nó lên sà lan.
VIVOSDEV11_136_snr20,vivos,phowhisper,small,zero_shot,,42,20,music,KHI NHÂN VIÊN CỨU HỘ CỐ GẮNG ĐƯA NÓ LÊN SÀ LAN,khi nhân viên cứu hộ cố gắng đưa nó lên sà lan.
VIVOSDEV11_136_snr5,vivos,phowhisper,small,zero_shot,,42,5,speech,KHI NHÂN VIÊN CỨU HỘ CỐ GẮNG ĐƯA NÓ LÊN SÀ LAN,khi nhân viên cứu hộ cố gắng đưa nó lên sà lan.
VIVOSDEV11_147_clean,vivos,phowhisper,small,zero_shot,,42,clean,clean,GẮN LÔNG CHIM HỘT ĐÁ LÓNG LÁNH HAY BÈO DÚN TÙA LUA ĐẦY CỔ,gắn lông chim hộp đá lóng lánh hay bèo dính tùa lô đầy cổ.
VIVOSDEV11_147_snr0,vivos,phowhisper,small,zero_shot,,42,0,noise,GẮN LÔNG CHIM HỘT ĐÁ LÓNG LÁNH HAY BÈO DÚN TÙA LUA ĐẦY CỔ,gắn lông chim hộp đá lóng lánh hay bào dưới cầu lôi đầy cổ.
VIVOSDEV11_147_snr10,vivos,phowhisper,small,zero_shot,,42,10,noise,GẮN LÔNG CHIM HỘT ĐÁ LÓNG LÁNH HAY BÈO DÚN TÙA LUA ĐẦY CỔ,gắn lông chim hộp đá lóng lánh hay bèo dính tùa lô đầy cổ.
VIVOSDEV11_147_snr20,vivos,phowhisper,small,zero_shot,,42,20,noise,GẮN LÔNG CHIM HỘT ĐÁ LÓNG LÁNH HAY BÈO DÚN TÙA LUA ĐẦY CỔ,gắn lông chim hột đá lóng lánh hay bèo dính tùa lô đầy cổ.
VIVOSDEV11_147_snr5,vivos,phowhisper,small,zero_shot,,42,5,music,GẮN LÔNG CHIM HỘT ĐÁ LÓNG LÁNH HAY BÈO DÚN TÙA LUA ĐẦY CỔ,rắn lông chim hộp đá lóng lánh hay bèo dưới tàu lô đầy cổ.
VIVOSDEV11_164_clean,vivos,phowhisper,small,zero_shot,,42,clean,clean,ÍT NHẤT Ở HƠN BA MƯƠI TRƯỜNG THUỘC CÁC ĐỊA PHƯƠNG NÓI TRÊN,ít nhất ở hơn ba mươi trường thuộc các địa phương nói trên.
VIVOSDEV11_164_snr0,vivos,phowhisper,small,zero_shot,,42,0,speech,ÍT NHẤT Ở HƠN BA MƯƠI TRƯỜNG THUỘC CÁC ĐỊA PHƯƠNG NÓI TRÊN,ít nhất ở hơn ba mươi trường mục các địa phương nói trên.
VIVOSDEV11_164_snr10,vivos,phowhisper,small,zero_shot,,42,10,noise,ÍT NHẤT Ở HƠN BA MƯƠI TRƯỜNG THUỘC CÁC ĐỊA PHƯƠNG NÓI TRÊN,ít nhất ở hơn ba mươi trường thuộc các địa phương nói trên.
VIVOSDEV11_164_snr20,vivos,phowhisper,small,zero_shot,,42,20,noise,ÍT NHẤT Ở HƠN BA MƯƠI TRƯỜNG THUỘC CÁC ĐỊA PHƯƠNG NÓI TRÊN,ít nhất ở hơn ba mươi trường thuộc các địa phương nói trên.
VIVOSDEV11_164_snr5,vivos,phowhisper,small,zero_shot,,42,5,noise,ÍT NHẤT Ở HƠN BA MƯƠI TRƯỜNG THUỘC CÁC ĐỊA PHƯƠNG NÓI TRÊN,ít nhất ở hơn ba mươi trường thuộc các địa phương nói trên.
VIVOSDEV11_198_clean,vivos,phowhisper,small,zero_shot,,42,clean,clean,LƠ LỬNG TRÊN ĐẦU LÀ NHỮNG CHIẾC BẪY ĐÁ HÀNG TRĂM KHỐI,lơ lửng trên đầu là những chiếc bẫy đá hàng trăm khối.
VIVOSDEV11_198_snr0,vivos,phowhisper,small,zero_shot,,42,0,noise,LƠ LỬNG TRÊN ĐẦU LÀ NHỮNG CHIẾC BẪY ĐÁ HÀNG TRĂM KHỐI,lơ lửng trên đầu là những chiếc bẫy đá hàng trăm khối.
VIVOSDEV11_198_snr10,vivos,phowhisper,small,zero_shot,,42,10,noise,LƠ LỬNG TRÊN ĐẦU LÀ NHỮNG CHIẾC BẪY ĐÁ HÀNG TRĂM KHỐI,lơ lẩn trên đầu là những chiếc bẫy đá hàng trăm khối.
VIVOSDEV11_198_snr20,vivos,phowhisper,small,zero_shot,,42,20,music,LƠ LỬNG TRÊN ĐẦU LÀ NHỮNG CHIẾC BẪY ĐÁ HÀNG TRĂM KHỐI,lơ lửng trên đầu là những chiếc bẫy đá hàng trăm khối.
VIVOSDEV11_198_snr5,vivos,phowhisper,small,zero_shot,,42,5,music,LƠ LỬNG TRÊN ĐẦU LÀ NHỮNG CHIẾC BẪY ĐÁ HÀNG TRĂM KHỐI,lơ lửng trên đầu là những chiếc bẫy đá hàng trăm khối.
VIVOSDEV11_200_clean,vivos,phowhisper,small,zero_shot,,42,clean,clean,NĂM ĐẦU TIÊN,năm đầu tiên.
VIVOSDEV11_200_snr0,vivos,phowhisper,small,zero_shot,,42,0,music,NĂM ĐẦU TIÊN,năm đầu tiên.
VIVOSDEV11_200_snr10,vivos,phowhisper,small,zero_shot,,42,10,music,NĂM ĐẦU TIÊN,năm đầu tiên.
VIVOSDEV11_200_snr20,vivos,phowhisper,small,zero_shot,,42,20,noise,NĂM ĐẦU TIÊN,năm đầu tiên.
VIVOSDEV11_200_snr5,vivos,phowhisper,small,zero_shot,,42,5,noise,NĂM ĐẦU TIÊN,năm đầu tiên.
VIVOSDEV11_234_clean,vivos,phowhisper,small,zero_shot,,42,clean,clean,BẢY MƯƠI BỐN BẢY MƯƠI LĂM,bảy mươi bốn bảy mươi lăm.
VIVOSDEV11_234_snr0,vivos,phowhisper,small,zero_shot,,42,0,noise,BẢY MƯƠI BỐN BẢY MƯƠI LĂM,bảy mươi bốn bảy mươi lăm.
VIVOSDEV11_234_snr10,vivos,phowhisper,small,zero_shot,,42,10,speech,BẢY MƯƠI BỐN BẢY MƯƠI LĂM,bảy mươi bốn bảy mươi lăm.
VIVOSDEV11_234_snr20,vivos,phowhisper,small,zero_shot,,42,20,noise,BẢY MƯƠI BỐN BẢY MƯƠI LĂM,bảy mươi bốn bảy mươi lăm.
VIVOSDEV11_234_snr5,vivos,phowhisper,small,zero_shot,,42,5,noise,BẢY MƯƠI BỐN BẢY MƯƠI LĂM,bảy mươi bốn bảy mươi lăm.
VIVOSDEV11_246_clean,vivos,phowhisper,small,zero_shot,,42,clean,clean,CHÍN MƯƠI TÁM CHÍN MƯƠI CHÍN,chín mươi tám chín mươi chín.
VIVOSDEV11_246_snr0,vivos,phowhisper,small,zero_shot,,42,0,noise,CHÍN MƯƠI TÁM CHÍN MƯƠI CHÍN,chín mươi tám chín mươi chín.
VIVOSDEV11_246_snr10,vivos,phowhisper,small,zero_shot,,42,10,music,CHÍN MƯƠI TÁM CHÍN MƯƠI CHÍN,chín mươi tám chín mươi chín.
VIVOSDEV11_246_snr20,vivos,phowhisper,small,zero_shot,,42,20,speech,CHÍN MƯƠI TÁM CHÍN MƯƠI CHÍN,chín mươi tám chín mươi chín.
VIVOSDEV11_246_snr5,vivos,phowhisper,small,zero_shot,,42,5,music,CHÍN MƯƠI TÁM CHÍN MƯƠI CHÍN,chín mươi tám chín mươi chín.
VIVOSDEV11_252_clean,vivos,phowhisper,small,zero_shot,,42,clean,clean,BÂY GIỜ CƯỚP NHIỀU QUÁ ĐI ĐƯỜNG CŨNG THẤY SỢ,bây giờ cướp nhiều quá đi đường cũng thấy sợ.
VIVOSDEV11_252_snr0,vivos,phowhisper,small,zero_shot,,42,0,music,BÂY GIỜ CƯỚP NHIỀU QUÁ ĐI ĐƯỜNG CŨNG THẤY SỢ,bây giờ cướp nhiều quá đi đường cũng thấy sợ.
VIVOSDEV11_252_snr10,vivos,phowhisper,small,zero_shot,,42,10,music,BÂY GIỜ CƯỚP NHIỀU QUÁ ĐI ĐƯỜNG CŨNG THẤY SỢ,bây giờ cướp nhiều quá đi đường cũng thấy sợ.
VIVOSDEV11_252_snr20,vivos,phowhisper,small,zero_shot,,42,20,noise,BÂY GIỜ CƯỚP NHIỀU QUÁ ĐI ĐƯỜNG CŨNG THẤY SỢ,bây giờ cướp nhiều quá đi đường cũng thấy sợ.
VIVOSDEV11_252_snr5,vivos,phowhisper,small,zero_shot,,42,5,music,BÂY GIỜ CƯỚP NHIỀU QUÁ ĐI ĐƯỜNG CŨNG THẤY SỢ,bây giờ cướp nhiều quá đi đường cũng thấy sợ.
VIVOSDEV11_262_clean,vivos,phowhisper,small,zero_shot,,42,clean,clean,TÌM HUNG THỦ HIẾP DÂM BẰNG NƯỚC BỌT NẠN NHÂN,tìm hung thủ hiếp dâm bằng nước bọt nạn nhân.
VIVOSDEV11_262_snr0,vivos,phowhisper,small,zero_shot,,42,0,noise,TÌM HUNG THỦ HIẾP DÂM BẰNG NƯỚC BỌT NẠN NHÂN,tìm hung thủ huyết dâm bằng nước bọt nạn nhân.
VIVOSDEV11_262_snr10,vivos,phowhisper,small,zero_shot,,42,10,music,TÌM HUNG THỦ HIẾP DÂM BẰNG NƯỚC BỌT NẠN NHÂN,tìm hung thủ hiếp dâm bằng nước bọt nạn nhân.
VIVOSDEV11_262_snr20,vivos,phowhisper,small,zero_shot,,42,20,speech,TÌM HUNG THỦ HIẾP DÂM BẰNG NƯỚC BỌT NẠN NHÂN,tìm hung thủ hiếp dâm bằng nước bọt nạn nhân.
VIVOSDEV11_262_snr5,vivos,phowhisper,small,zero_shot,,42,5,music,TÌM HUNG THỦ HIẾP DÂM BẰNG NƯỚC BỌT NẠN NHÂN,tìm hung thủ hiếp dâm bằng nước bọt nạn nhân.
VIVOSDEV11_269_clean,vivos,phowhisper,small,zero_shot,,42,clean,clean,CHÚNG TÔI YÊU NHAU ĐƯỢC HAI NĂM THÌ GIA ĐÌNH TÔI XẢY RA CHUYỆN,chúng tôi yêu nhau được hai năm thì gia đình tôi xảy ra chuyện.
VIVOSDEV11_269_snr0,vivos,phowhisper,small,zero_shot,,42,0,music,CHÚNG TÔI YÊU NHAU ĐƯỢC HAI NĂM THÌ GIA ĐÌNH TÔI XẢY RA CHUYỆN,chúng tôi yêu nhau được hai năm thì gia đình tôi xảy ra chuyện.
VIVOSDEV11_269_snr10,vivos,phowhisper,small,zero_shot,,42,10,noise,CHÚNG TÔI YÊU NHAU ĐƯỢC HAI NĂM THÌ GIA ĐÌNH TÔI XẢY RA CHUYỆN,chúng tôi yêu nhau được hai năm thì gia đình tôi xảy ra chuyện.
VIVOSDEV11_269_snr20,vivos,phowhisper,small,zero_shot,,42,20,noise,CHÚNG TÔI YÊU NHAU ĐƯỢC HAI NĂM THÌ GIA ĐÌNH TÔI XẢY RA CHUYỆN,chúng tôi yêu nhau được hai năm thì gia đình tôi xảy ra chuyện.
VIVOSDEV11_269_snr5,vivos,phowhisper,small,zero_shot,,42,5,noise,CHÚNG TÔI YÊU NHAU ĐƯỢC HAI NĂM THÌ GIA ĐÌNH TÔI XẢY RA CHUYỆN,chúng tôi yêu nhau được hai năm thì gia đình tôi xảy ra chuyện.
VIVOSDEV11_273_clean,vivos,phowhisper,small,zero_shot,,42,clean,clean,TRỌNG TÀI PHẠT THẺ ĐỎ,trọng tài phạt thẻ đỏ.
VIVOSDEV11_273_snr0,vivos,phowhisper,small,zero_shot,,42,0,speech,TRỌNG TÀI PHẠT THẺ ĐỎ,trọng tài phạt thẻ đỏ.
VIVOSDEV11_273_snr10,vivos,phowhisper,small,zero_shot,,42,10,noise,TRỌNG TÀI PHẠT THẺ ĐỎ,trọng tài phạt thẻ đỏ.
VIVOSDEV11_273_snr20,vivos,phowhisper,small,zero_shot,,42,20,noise,TRỌNG TÀI PHẠT THẺ ĐỎ,trọng tài phạt thẻ đỏ.
VIVOSDEV11_273_snr5,vivos,phowhisper,small,zero_shot,,42,5,noise,TRỌNG TÀI PHẠT THẺ ĐỎ,trọng tài phạt thẻ đỏ.
VIVOSDEV11_274_clean,vivos,phowhisper,small,zero_shot,,42,clean,clean,KIỂU NÀY CHẮC PHẢI CẮT GIẢM BIÊN CHẾ,kiểu này chắc phải cắt giảm biên chế.
VIVOSDEV11_274_snr0,vivos,phowhisper,small,zero_shot,,42,0,noise,KIỂU NÀY CHẮC PHẢI CẮT GIẢM BIÊN CHẾ,kiểu này chắc phải cắt giảm biên chế.
VIVOSDEV11_274_snr10,vivos,phowhisper,small,zero_shot,,42,10,music,KIỂU NÀY CHẮC PHẢI CẮT GIẢM BIÊN CHẾ,kiểu này chắc phải cắt giảm biên chế.
VIVOSDEV11_274_snr20,vivos,phowhisper,small,zero_shot,,42,20,noise,KIỂU NÀY CHẮC PHẢI CẮT GIẢM BIÊN CHẾ,kiểu này chắc phải cắt giảm biên chế.
VIVOSDEV11_274_snr5,vivos,phowhisper,small,zero_shot,,42,5,noise,KIỂU NÀY CHẮC PHẢI CẮT GIẢM BIÊN CHẾ,kiểu này chắc phải cắt giảm biên chế.
VIVOSDEV11_289_clean,vivos,phowhisper,small,zero_shot,,42,clean,clean,THEO PHÓ CHỦ TỊCH ỦY BAN AN TOÀN GIAO THÔNG QUỐC GIA,theo phó chủ tịch ủy ban an toàn giao thông quốc gia.
VIVOSDEV11_289_snr0,vivos,phowhisper,small,zero_shot,,42,0,noise,THEO PHÓ CHỦ TỊCH ỦY BAN AN TOÀN GIAO THÔNG QUỐC GIA,theo phó chủ tịch ủy ban an toàn giao thông quốc gia.
VIVOSDEV11_289_snr10,vivos,phowhisper,small,zero_shot,,42,10,noise,THEO PHÓ CHỦ TỊCH ỦY BAN AN TOÀN GIAO THÔNG QUỐC GIA,theo phó chủ tịch ủy ban an toàn giao thông quốc gia.
VIVOSDEV11_289_snr20,vivos,phowhisper,small,zero_shot,,42,20,music,THEO PHÓ CHỦ TỊCH ỦY BAN AN TOÀN GIAO THÔNG QUỐC GIA,theo phó chủ tịch ủy ban an toàn giao thông quốc gia.
VIVOSDEV11_289_snr5,vivos,phowhisper,small,zero_shot,,42,5,noise,THEO PHÓ CHỦ TỊCH ỦY BAN AN TOÀN GIAO THÔNG QUỐC GIA,theo phó chủ tịch ủy ban an toàn giao thông quốc gia.
VIVOSDEV12_006_clean,vivos,phowhisper,small,zero_shot,,42,clean,clean,TỪ SỰ DƯ THỪA QUÁ MỨC CỦA LUỒNG TIỀN NÀY,từ sự dư thừa quá mức của luồng tiền này.
VIVOSDEV12_006_snr0,vivos,phowhisper,small,zero_shot,,42,0,noise,TỪ SỰ DƯ THỪA QUÁ MỨC CỦA LUỒNG TIỀN NÀY,từ sự dư thừa quá mức rõ luộng tràn này.
VIVOSDEV12_006_snr10,vivos,phowhisper,small,zero_shot,,42,10,noise,TỪ SỰ DƯ THỪA QUÁ MỨC CỦA LUỒNG TIỀN NÀY,từ sự dư thừa quá mức của luồng tiền này.
VIVOSDEV12_006_snr20,vivos,phowhisper,small,zero_shot,,42,20,music,TỪ SỰ DƯ THỪA QUÁ MỨC CỦA LUỒNG TIỀN NÀY,từ sự dư thừa quá mức của luồng tiền này.
VIVOSDEV12_006_snr5,vivos,phowhisper,small,zero_shot,,42,5,noise,TỪ SỰ DƯ THỪA QUÁ MỨC CỦA LUỒNG TIỀN NÀY,từ sự dư thừa quá mức của luồng tiền này.
VIVOSDEV12_011_clean,vivos,phowhisper,small,zero_shot,,42,clean,clean,ĐÓ CHỨNG TỎ RẰNG CHÚNG TA ĐÃ GIÀ,đó chứng tỏ rằng chúng ta đã già.
VIVOSDEV12_011_snr0,vivos,phowhisper,small,zero_shot,,42,0,music,ĐÓ CHỨNG TỎ RẰNG CHÚNG TA ĐÃ GIÀ,đó chứng tỏ rằng chúng ta đã già.
VIVOSDEV12_011_snr10,vivos,phowhisper,small,zero_shot,,42,10,noise,ĐÓ CHỨNG TỎ RẰNG CHÚNG TA ĐÃ GIÀ,đó chứng tỏ rằng chúng ta đã già.
VIVOSDEV12_011_snr20,vivos,phowhisper,small,zero_shot,,42,20,noise,ĐÓ CHỨNG TỎ RẰNG CHÚNG TA ĐÃ GIÀ,đó chứng tỏ rằng chúng ta đã già.
VIVOSDEV12_011_snr5,vivos,phowhisper,small,zero_shot,,42,5,speech,ĐÓ CHỨNG TỎ RẰNG CHÚNG TA ĐÃ GIÀ,đó chứng tỏ rằng chúng ta đã già.
VIVOSDEV12_015_clean,vivos,phowhisper,small,zero_shot,,42,clean,clean,TRẢ LẠI ĐẤT CHO RỪNG,trả lại đất cho rừng.
VIVOSDEV12_015_snr0,vivos,phowhisper,small,zero_shot,,42,0,noise,TRẢ LẠI ĐẤT CHO RỪNG,trả lại đất cho rừng.
VIVOSDEV12_015_snr10,vivos,phowhisper,small,zero_shot,,42,10,noise,TRẢ LẠI ĐẤT CHO RỪNG,trả lại đất cho rừng.
VIVOSDEV12_015_snr20,vivos,phowhisper,small,zero_shot,,42,20,music,TRẢ LẠI ĐẤT CHO RỪNG,trả lại đất cho rừng.
VIVOSDEV12_015_snr5,vivos,phowhisper,small,zero_shot,,42,5,speech,TRẢ LẠI ĐẤT CHO RỪNG,trả lại đất cho rừng.
VIVOSDEV12_032_clean,vivos,phowhisper,small,zero_shot,,42,clean,clean,CÁC LOẠI CÂY TRỒNG Ở RỪNG NÀY TOÀN CÂY KÉM GIÁ TRỊ,các loại cây trồng ở rừng này toàn cây kém giá trị.
VIVOSDEV12_032_snr0,vivos,phowhisper,small,zero_shot,,42,0,music,CÁC LOẠI CÂY TRỒNG Ở RỪNG NÀY TOÀN CÂY KÉM GIÁ TRỊ,các loại cây trồng ở rừng này toàn cây kém giá trị.
VIVOSDEV12_032_snr10,vivos,phowhisper,small,zero_shot,,42,10,music,CÁC LOẠI CÂY TRỒNG Ở RỪNG NÀY TOÀN CÂY KÉM GIÁ TRỊ,các loại cây trồng ở rừng này toàn cây kém giá trị.
VIVOSDEV12_032_snr20,vivos,phowhisper,small,zero_shot,,42,20,speech,CÁC LOẠI CÂY TRỒNG Ở RỪNG NÀY TOÀN CÂY KÉM GIÁ TRỊ,các loại cây trồng ở rừng này toàn cây kém giá trị.
VIVOSDEV12_032_snr5,vivos,phowhisper,small,zero_shot,,42,5,speech,CÁC LOẠI CÂY TRỒNG Ở RỪNG NÀY TOÀN CÂY KÉM GIÁ TRỊ,các loại cây trồng ở rừng này còn cây kém giá trị.
VIVOSDEV12_056_clean,vivos,phowhisper,small,zero_shot,,42,clean,clean,TẠI CHỢ CÁ,tại chợ cá.
VIVOSDEV12_056_snr0,vivos,phowhisper,small,zero_shot,,42,0,noise,TẠI CHỢ CÁ,tại chợ cát.
VIVOSDEV12_056_snr10,vivos,phowhisper,small,zero_shot,,42,10,music,TẠI CHỢ CÁ,tại chợ cá.
VIVOSDEV12_056_snr20,vivos,phowhisper,small,zero_shot,,42,20,speech,TẠI CHỢ CÁ,tại chợ cá.
VIVOSDEV12_056_snr5,vivos,phowhisper,small,zero_shot,,42,5,noise,TẠI CHỢ CÁ,tại chợ cá.
VIVOSDEV12_057_clean,vivos,phowhisper,small,zero_shot,,42,clean,clean,KHÔNG PHẢI VÌ TÔI KHÔNG COI TRỌNG CHẤT LƯỢNG,không phải vì tôi không coi trọng chất lượng.
VIVOSDEV12_057_snr0,vivos,phowhisper,small,zero_shot,,42,0,music,KHÔNG PHẢI VÌ TÔI KHÔNG COI TRỌNG CHẤT LƯỢNG,không phải vì tôi không coi trọng chất lượng.
VIVOSDEV12_057_snr10,vivos,phowhisper,small,zero_shot,,42,10,noise,KHÔNG PHẢI VÌ TÔI KHÔNG COI TRỌNG CHẤT LƯỢNG,không phải vì tôi không coi trọng chất lượng.
VIVOSDEV12_057_snr20,vivos,phowhisper,small,zero_shot,,42,20,noise,KHÔNG PHẢI VÌ TÔI KHÔNG COI TRỌNG CHẤT LƯỢNG,không phải vì tôi không coi trọng chất lượng.
VIVOSDEV12_057_snr5,vivos,phowhisper,small,zero_shot,,42,5,noise,KHÔNG PHẢI VÌ TÔI KHÔNG COI TRỌNG CHẤT LƯỢNG,không phải vì tôi không coi trọng chất lượng.
VIVOSDEV12_066_clean,vivos,phowhisper,small,zero_shot,,42,clean,clean,THIẾU TƯỚNG PHẠM QUÝ NGỌ CHO BIẾT,thiếu tướng phạm quý ngọ cho biết.
VIVOSDEV12_066_snr0,vivos,phowhisper,small,zero_shot,,42,0,noise,THIẾU TƯỚNG PHẠM QUÝ NGỌ CHO BIẾT,thiếu tướng phạm quý ngọ cho biết.
VIVOSDEV12_066_snr10,vivos,phowhisper,small,zero_shot,,42,10,speech,THIẾU TƯỚNG PHẠM QUÝ NGỌ CHO BIẾT,thiếu tướng phạm quý ngọ cho biết.
VIVOSDEV12_066_snr20,vivos,phowhisper,small,zero_shot,,42,20,music,THIẾU TƯỚNG PHẠM QUÝ NGỌ CHO BIẾT,thiếu tướng phạm quý ngọ cho biết.
VIVOSDEV12_066_snr5,vivos,phowhisper,small,zero_shot,,42,5,music,THIẾU TƯỚNG PHẠM QUÝ NGỌ CHO BIẾT,thiếu tướng phạm quý ngọ cho biết.
VIVOSDEV12_068_clean,vivos,phowhisper,small,zero_shot,,42,clean,clean,KHÔNG MỘT CHÚT TRẦY TRỤA MÀ ĐỀN CÁI GÌ,không một chút trầy trụa mà đền cái gì.
VIVOSDEV12_068_snr0,vivos,phowhisper,small,zero_shot,,42,0,speech,KHÔNG MỘT CHÚT TRẦY TRỤA MÀ ĐỀN CÁI GÌ,không một chút trầy trồ mà đền cái gì.
VIVOSDEV12_068_snr10,vivos,phowhisper,small,zero_shot,,42,10,speech,KHÔNG MỘT CHÚT TRẦY TRỤA MÀ ĐỀN CÁI GÌ,không một chút trầy trụa mà đền cái gì.
VIVOSDEV12_068_snr20,vivos,phowhisper,small,zero_shot,,42,20,speech,KHÔNG MỘT CHÚT TRẦY TRỤA MÀ ĐỀN CÁI GÌ,không một chút trầy trụa mà đền cái gì.
VIVOSDEV12_068_snr5,vivos,phowhisper,small,zero_shot,,42,5,noise,KHÔNG MỘT CHÚT TRẦY TRỤA MÀ ĐỀN CÁI GÌ,không một chút chạy trụa mà đền cái gì.
VIVOSDEV12_079_clean,vivos,phowhisper,small,zero_shot,,42,clean,clean,XANH CỎ MƯỢT MÀ VEN ĐƯỜNG,xanh cỏ mượt mà ven đường.
VIVOSDEV12_079_snr0,vivos,phowhisper,small,zero_shot,,42,0,noise,XANH CỎ MƯỢT MÀ VEN ĐƯỜNG,xanh cỏ bợp mà ven đường.
VIVOSDEV12_079_snr10,vivos,phowhisper,small,zero_shot,,42,10,music,XANH CỎ MƯỢT MÀ VEN ĐƯỜNG,xanh cỏ mượt mà ven đường.
VIVOSDEV12_079_snr20,vivos,phowhisper,small,zero_shot,,42,20,noise,XANH CỎ MƯỢT MÀ VEN ĐƯỜNG,xanh cỏ mượt mà ven đường.
VIVOSDEV12_079_snr5,vivos,phowhisper,small,zero_shot,,42,5,music,XANH CỎ MƯỢT MÀ VEN ĐƯỜNG,xanh cỏ mượt mà ven đường.
VIVOSDEV12_101_clean,vivos,phowhisper,small,zero_shot,,42,clean,clean,KHI CHÍNH PHỦ LÚC ĐẦU ĐỀ NGHỊ ÂN XÁ CHO NHỮNG NGƯỜI NỔI DẬY,khi chính phủ lúc đầu đề nghị ân xá cho những người nổi dậy.
VIVOSDEV12_101_snr0,vivos,phowhisper,small,zero_shot,,42,0,music,KHI CHÍNH PHỦ LÚC ĐẦU ĐỀ NGHỊ ÂN XÁ CHO NHỮNG NGƯỜI NỔI DẬY,khi chính phủ lúc đầu đề nghị âm sáng cho những người nổi dậy.
VIVOSDEV12_101_snr10,vivos,phowhisper,small,zero_shot,,42,10,noise,KHI CHÍNH PHỦ LÚC ĐẦU ĐỀ NGHỊ ÂN XÁ CHO NHỮNG NGƯỜI NỔI DẬY,khi chính phủ lúc đầu đề nghị ân xá cho những người nổi dậy.
VIVOSDEV12_101_snr20,vivos,phowhisper,small,zero_shot,,42,20,speech,KHI CHÍNH PHỦ LÚC ĐẦU ĐỀ NGHỊ ÂN XÁ CHO NHỮNG NGƯỜI NỔI DẬY,khi chính phủ lúc đầu đề nghị ân xá cho những người nổi dậy.
VIVOSDEV12_101_snr5,vivos,phowhisper,small,zero_shot,,42,5,speech,KHI CHÍNH PHỦ LÚC ĐẦU ĐỀ NGHỊ ÂN XÁ CHO NHỮNG NGƯỜI NỔI DẬY,khi chính phủ lúc đầu đề nghị ân xá cho những người nổi dậy.
VIVOSDEV12_116_clean,vivos,phowhisper,small,zero_shot,,42,clean,clean,DƯỚI ÁNH ĐÈN MỜ MỜ ẢO ẢO,dưới ánh đèn mờ mờ ào ào.
VIVOSDEV12_116_snr0,vivos,phowhisper,small,zero_shot,,42,0,noise,DƯỚI ÁNH ĐÈN MỜ MỜ ẢO ẢO,dưới ánh đèn mờ mờ ào ào.
VIVOSDEV12_116_snr10,vivos,phowhisper,small,zero_shot,,42,10,noise,DƯỚI ÁNH ĐÈN MỜ MỜ ẢO ẢO,dưới ánh đèn mờ mờ ào ào.
VIVOSDEV12_116_snr20,vivos,phowhisper,small,zero_shot,,42,20,speech,DƯỚI ÁNH ĐÈN MỜ MỜ ẢO ẢO,dưới ánh đèn mờ mờ ào ào.
VIVOSDEV12_116_snr5,vivos,phowhisper,small,zero_shot,,42,5,music,DƯỚI ÁNH ĐÈN MỜ MỜ ẢO ẢO,dưới ánh đèn mờ mờ ào ào.
VIVOSDEV12_132_clean,vivos,phowhisper,small,zero_shot,,42,clean,clean,HẦU HẾT NHỮNG VẤN ĐỀ XẢY RA TRÊN THẾ GIỚI,hầu hết những vấn đề xảy ra trên thế giới.
VIVOSDEV12_132_snr0,vivos,phowhisper,small,zero_shot,,42,0,speech,HẦU HẾT NHỮNG VẤN ĐỀ XẢY RA TRÊN THẾ GIỚI,hầu hết những vấn đề xảy ra trên thế giới.
VIVOSDEV12_132_snr10,vivos,phowhisper,small,zero_shot,,42,10,noise,HẦU HẾT NHỮNG VẤN ĐỀ XẢY RA TRÊN THẾ GIỚI,hầu hết những vấn đề xảy ra trên thế giới.
VIVOSDEV12_132_snr20,vivos,phowhisper,small,zero_shot,,42,20,noise,HẦU HẾT NHỮNG VẤN ĐỀ XẢY RA TRÊN THẾ GIỚI,hầu hết những vấn đề xảy ra trên thế giới.
VIVOSDEV12_132_snr5,vivos,phowhisper,small,zero_shot,,42,5,speech,HẦU HẾT NHỮNG VẤN ĐỀ XẢY RA TRÊN THẾ GIỚI,hầu hết những vấn đề xảy ra trên thế giới.
VIVOSDEV12_144_clean,vivos,phowhisper,small,zero_shot,,42,clean,clean,TRẢ LỜI TÔI BIẾT,trả lời tôi biết.
VIVOSDEV12_144_snr0,vivos,phowhisper,small,zero_shot,,42,0,music,TRẢ LỜI TÔI BIẾT,trả lòi cho biết.
VIVOSDEV12_144_snr10,vivos,phowhisper,small,zero_shot,,42,10,music,TRẢ LỜI TÔI BIẾT,trả lời tôi biết.
VIVOSDEV12_144_snr20,vivos,phowhisper,small,zero_shot,,42,20,music,TRẢ LỜI TÔI BIẾT,trả lời tôi biết.
VIVOSDEV12_144_snr5,vivos,phowhisper,small,zero_shot,,42,5,noise,TRẢ LỜI TÔI BIẾT,chả loài coi biết.
VIVOSDEV12_166_clean,vivos,phowhisper,small,zero_shot,,42,clean,clean,ỊCH GÃ TO BÉO ỤC ỊCH,ệch gã to béo ộc ệch.
VIVOSDEV12_166_snr0,vivos,phowhisper,small,zero_shot,,42,0,noise,ỊCH GÃ TO BÉO ỤC ỊCH,ệch gã to béo ồn khoáng.
VIVOSDEV12_166_snr10,vivos,phowhisper,small,zero_shot,,42,10,speech,ỊCH GÃ TO BÉO ỤC ỊCH,ịch gã to béo ục ẩm.
VIVOSDEV12_166_snr20,vivos,phowhisper,small,zero_shot,,42,20,speech,ỊCH GÃ TO BÉO ỤC ỊCH,ịch gã to béo ục ạ.
VIVOSDEV12_166_snr5,vivos,phowhisper,small,zero_shot,,42,5,noise,ỊCH GÃ TO BÉO ỤC ỊCH,ịch cả to béo ục ạ.
VIVOSDEV12_169_clean,vivos,phowhisper,small,zero_shot,,42,clean,clean,ÁO RÁCH LƯƠM BƯƠM,áo rách lươm bươm.
VIVOSDEV12_169_snr0,vivos,phowhisper,small,zero_shot,,42,0,noise,ÁO RÁCH LƯƠM BƯƠM,áo rách lươm bươm.
VIVOSDEV12_169_snr10,vivos,phowhisper,small,zero_shot,,42,10,noise,ÁO RÁCH LƯƠM BƯƠM,áo rách luôm bôm.
VIVOSDEV12_169_snr20,vivos,phowhisper,small,zero_shot,,42,20,noise,ÁO RÁCH LƯƠM BƯƠM,áo rách lươm bươm.
VIVOSDEV12_169_snr5,vivos,phowhisper,small,zero_shot,,42,5,noise,ÁO RÁCH LƯƠM BƯƠM,áo rách lươm bươm.
VIVOSDEV12_173_clean,vivos,phowhisper,small,zero_shot,,42,clean,clean,ĐỐI VỚI NHỮNG PHẢN ỨNG KHÁC BIỆT ĐÓ,đối với những phản ứng khác biệt đó.
VIVOSDEV12_173_snr0,vivos,phowhisper,small,zero_shot,,42,0,music,ĐỐI VỚI NHỮNG PHẢN ỨNG KHÁC BIỆT ĐÓ,đối với những phản ứng khác biệt đó.
VIVOSDEV12_173_snr10,vivos,phowhisper,small,zero_shot,,42,10,noise,ĐỐI VỚI NHỮNG PHẢN ỨNG KHÁC BIỆT ĐÓ,đối với những phản ứng khác biệt đó.
VIVOSDEV12_173_snr20,vivos,phowhisper,small,zero_shot,,42,20,noise,ĐỐI VỚI NHỮNG PHẢN ỨNG KHÁC BIỆT ĐÓ,đối với những phản ứng khác biệt đó.
VIVOSDEV12_173_snr5,vivos,phowhisper,small,zero_shot,,42,5,noise,ĐỐI VỚI NHỮNG PHẢN ỨNG KHÁC BIỆT ĐÓ,đối với những phản ứng khác biệt đó.
VIVOSDEV12_192_clean,vivos,phowhisper,small,zero_shot,,42,clean,clean,TRANG THỨ HAI CỦA TỜ BÁO,trang thứ hai của tờ báo.
VIVOSDEV12_192_snr0,vivos,phowhisper,small,zero_shot,,42,0,noise,TRANG THỨ HAI CỦA TỜ BÁO,trang thứ hai của tờ báo.
VIVOSDEV12_192_snr10,vivos,phowhisper,small,zero_shot,,42,10,music,TRANG THỨ HAI CỦA TỜ BÁO,trang thứ hai của tờ báo.
VIVOSDEV12_192_snr20,vivos,phowhisper,small,zero_shot,,42,20,speech,TRANG THỨ HAI CỦA TỜ BÁO,trang thứ hai của tờ báo.
VIVOSDEV12_192_snr5,vivos,phowhisper,small,zero_shot,,42,5,speech,TRANG THỨ HAI CỦA TỜ BÁO,tràng thứ hai của tờ báo.
VIVOSDEV12_213_clean,vivos,phowhisper,small,zero_shot,,42,clean,clean,BA MƯƠI HAI BA MƯƠI BA,ba mươi hai ba mươi ba.
VIVOSDEV12_213_snr0,vivos,phowhisper,small,zero_shot,,42,0,speech,BA MƯƠI HAI BA MƯƠI BA,ba mươi hai ba mươi ba.
VIVOSDEV12_213_snr10,vivos,phowhisper,small,zero_shot,,42,10,music,BA MƯƠI HAI BA MƯƠI BA,ba mươi hai ba mươi ba.
VIVOSDEV12_213_snr20,vivos,phowhisper,small,zero_shot,,42,20,music,BA MƯƠI HAI BA MƯƠI BA,ba mươi hai ba mươi ba.
VIVOSDEV12_213_snr5,vivos,phowhisper,small,zero_shot,,42,5,noise,BA MƯƠI HAI BA MƯƠI BA,ba mươi hai ba mươi ba.
VIVOSDEV12_223_clean,vivos,phowhisper,small,zero_shot,,42,clean,clean,NĂM MƯƠI HAI NĂM MƯƠI BA,năm mươi hai năm mươi ba.
VIVOSDEV12_223_snr0,vivos,phowhisper,small,zero_shot,,42,0,music,NĂM MƯƠI HAI NĂM MƯƠI BA,năm mươi hai năm mươi ba.
VIVOSDEV12_223_snr10,vivos,phowhisper,small,zero_shot,,42,10,music,NĂM MƯƠI HAI NĂM MƯƠI BA,năm mươi hai năm mươi ba.
VIVOSDEV12_223_snr20,vivos,phowhisper,small,zero_shot,,42,20,music,NĂM MƯƠI HAI NĂM MƯƠI BA,năm mươi hai năm mươi ba.
VIVOSDEV12_223_snr5,vivos,phowhisper,small,zero_shot,,42,5,noise,NĂM MƯƠI HAI NĂM MƯƠI BA,năm mươi hai năm mươi ba.
VIVOSDEV12_232_clean,vivos,phowhisper,small,zero_shot,,42,clean,clean,BẢY MƯƠI BẢY MƯƠI MỐT,bảy mươi bảy mươi mốt.
VIVOSDEV12_232_snr0,vivos,phowhisper,small,zero_shot,,42,0,noise,BẢY MƯƠI BẢY MƯƠI MỐT,bảy mươi bảy mươi mốt.
VIVOSDEV12_232_snr10,vivos,phowhisper,small,zero_shot,,42,10,noise,BẢY MƯƠI BẢY MƯƠI MỐT,bảy mươi bảy mươi mốt.
VIVOSDEV12_232_snr20,vivos,phowhisper,small,zero_shot,,42,20,speech,BẢY MƯƠI BẢY MƯƠI MỐT,bảy mươi bảy mươi mốt.
VIVOSDEV12_232_snr5,vivos,phowhisper,small,zero_shot,,42,5,speech,BẢY MƯƠI BẢY MƯƠI MỐT,bảy mươi bảy mươi mốt.
VIVOSDEV12_244_clean,vivos,phowhisper,small,zero_shot,,42,clean,clean,CHÍN MƯƠI BỐN CHÍN MƯƠI LĂM,chín mươi bốn chín mươi lăm.
VIVOSDEV12_244_snr0,vivos,phowhisper,small,zero_shot,,42,0,music,CHÍN MƯƠI BỐN CHÍN MƯƠI LĂM,chín mươi bốn chín mươi lăm.
VIVOSDEV12_244_snr10,vivos,phowhisper,small,zero_shot,,42,10,noise,CHÍN MƯƠI BỐN CHÍN MƯƠI LĂM,chín mươi bốn chín mươi lăm.
VIVOSDEV12_244_snr20,vivos,phowhisper,small,zero_shot,,42,20,noise,CHÍN MƯƠI BỐN CHÍN MƯƠI LĂM,chín mươi bốn chín mươi lăm.
VIVOSDEV12_244_snr5,vivos,phowhisper,small,zero_shot,,42,5,speech,CHÍN MƯƠI BỐN CHÍN MƯƠI LĂM,chín mươi bốn chín mươi lăm.
VIVOSDEV12_248_clean,vivos,phowhisper,small,zero_shot,,42,clean,clean,MỘT BA NĂM BẢY CHÍN,một ba năm bảy chín.
VIVOSDEV12_248_snr0,vivos,phowhisper,small,zero_shot,,42,0,speech,MỘT BA NĂM BẢY CHÍN,một ba năm bảy chín.
VIVOSDEV12_248_snr10,vivos,phowhisper,small,zero_shot,,42,10,noise,MỘT BA NĂM BẢY CHÍN,một ba năm bảy chín.
VIVOSDEV12_248_snr20,vivos,phowhisper,small,zero_shot,,42,20,noise,MỘT BA NĂM BẢY CHÍN,một ba năm bảy chín.
VIVOSDEV12_248_snr5,vivos,phowhisper,small,zero_shot,,42,5,music,MỘT BA NĂM BẢY CHÍN,một ba năm bảy chín.
VIVOSDEV12_280_clean,vivos,phowhisper,small,zero_shot,,42,clean,clean,DU LỊCH SẼ TRỞ THÀNH NGÀNH KINH TẾ MŨI NHỌN,du lịch sẽ trở thành ngành kinh tế mũi nhọn.
VIVOSDEV12_280_snr0,vivos,phowhisper,small,zero_shot,,42,0,noise,DU LỊCH SẼ TRỞ THÀNH NGÀNH KINH TẾ MŨI NHỌN,du lịch sẽ trở thành ngành kinh tế mũi nhọn.
VIVOSDEV12_280_snr10,vivos,phowhisper,small,zero_shot,,42,10,noise,DU LỊCH SẼ TRỞ THÀNH NGÀNH KINH TẾ MŨI NHỌN,du lịch sẽ trở thành ngành kinh tế mũi nhọn.
VIVOSDEV12_280_snr20,vivos,phowhisper,small,zero_shot,,42,20,noise,DU LỊCH SẼ TRỞ THÀNH NGÀNH KINH TẾ MŨI NHỌN,du lịch sẽ trở thành ngành kinh tế mũi nhọn.
VIVOSDEV12_280_snr5,vivos,phowhisper,small,zero_shot,,42,5,music,DU LỊCH SẼ TRỞ THÀNH NGÀNH KINH TẾ MŨI NHỌN,du lịch sẽ trở thành ngành kinh tế mũi nhọn.
VIVOSDEV12_290_clean,vivos,phowhisper,small,zero_shot,,42,clean,clean,TỪ KHI CHỒNG QUA ĐỜI VÌ BỆNH TẬT,từ khi chồng qua đời vì bệnh tật.
VIVOSDEV12_290_snr0,vivos,phowhisper,small,zero_shot,,42,0,speech,TỪ KHI CHỒNG QUA ĐỜI VÌ BỆNH TẬT,từ khi chồng qua đời vì bệnh tật.
VIVOSDEV12_290_snr10,vivos,phowhisper,small,zero_shot,,42,10,noise,TỪ KHI CHỒNG QUA ĐỜI VÌ BỆNH TẬT,từ khi chồng qua đời vì bệnh tật.
VIVOSDEV12_290_snr20,vivos,phowhisper,small,zero_shot,,42,20,speech,TỪ KHI CHỒNG QUA ĐỜI VÌ BỆNH TẬT,từ khi chồng qua đời vì bệnh tật.
VIVOSDEV12_290_snr5,vivos,phowhisper,small,zero_shot,,42,5,speech,TỪ KHI CHỒNG QUA ĐỜI VÌ BỆNH TẬT,từ khi cháu qua đời vì bệnh tật.
VIVOSDEV13_019_clean,vivos,phowhisper,small,zero_shot,,42,clean,clean,ĐƠN VỊ MÌNH KHÔNG NGHE AI NÓI GÌ CHƯA HẲN ĐÃ TỐT,đơn vị mình không nghe ai nói gì chưa hẳn đã tốt.
VIVOSDEV13_019_snr0,vivos,phowhisper,small,zero_shot,,42,0,speech,ĐƠN VỊ MÌNH KHÔNG NGHE AI NÓI GÌ CHƯA HẲN ĐÃ TỐT,đơn vị mình không nghe ai nói gì chưa ăn đã tốt.
VIVOSDEV13_019_snr10,vivos,phowhisper,small,zero_shot,,42,10,noise,ĐƠN VỊ MÌNH KHÔNG NGHE AI NÓI GÌ CHƯA HẲN ĐÃ TỐT,đơn vị mình không nghe ai nói vì chưa hẳn đã tốt.
VIVOSDEV13_019_snr20,vivos,phowhisper,small,zero_shot,,42,20,speech,ĐƠN VỊ MÌNH KHÔNG NGHE AI NÓI GÌ CHƯA HẲN ĐÃ TỐT,đơn vị mình không nghe ai nói gì chưa hẳn đã tốt.
VIVOSDEV13_019_snr5,vivos,phowhisper,small,zero_shot,,42,5,noise,ĐƠN VỊ MÌNH KHÔNG NGHE AI NÓI GÌ CHƯA HẲN ĐÃ TỐT,đơn vị mình không nghe ai nói vì chưa hẳn đã tốt.
VIVOSDEV13_026_clean,vivos,phowhisper,small,zero_shot,,42,clean,clean,KHÔNG AI ĐƯỢC NGƯỢC ĐÃI CÁC EM VÌ CÁC EM HỌC CHẬM,không ai được ngược đãi các em vì các em học chậm.
VIVOSDEV13_026_snr0,vivos,phowhisper,small,zero_shot,,42,0,music,KHÔNG AI ĐƯỢC NGƯỢC ĐÃI CÁC EM VÌ CÁC EM HỌC CHẬM,không ai được ngược đãi các em vì các em học chậm.
VIVOSDEV13_026_snr10,vivos,phowhisper,small,zero_shot,,42,10,music,KHÔNG AI ĐƯỢC NGƯỢC ĐÃI CÁC EM VÌ CÁC EM HỌC CHẬM,không ai được ngược đãi các em vì các em học chậm.
VIVOSDEV13_026_snr20,vivos,phowhisper,small,zero_shot,,42,20,noise,KHÔNG AI ĐƯỢC NGƯỢC ĐÃI CÁC EM VÌ CÁC EM HỌC CHẬM,không ai được ngược đãi các em vì các em học chậm.
VIVOSDEV13_026_snr5,vivos,phowhisper,small,zero_shot,,42,5,noise,KHÔNG AI ĐƯỢC NGƯỢC ĐÃI CÁC EM VÌ CÁC EM HỌC CHẬM,không ai được ngược đãi các em vì các em học chậm.
VIVOSDEV13_058_clean,vivos,phowhisper,small,zero_shot,,42,clean,clean,ĐÓ LÀ GIAI ĐOẠN THỜI TIẾT ÍT BIẾN ĐỘNG VÀ NHIỆT ĐỘ KHÔNG QUÁ THẤP,đó là giai đoạn thời tiết ít biến động và nhiệt độ không quá thấp.
VIVOSDEV13_058_snr0,vivos,phowhisper,small,zero_shot,,42,0,noise,ĐÓ LÀ GIAI ĐOẠN THỜI TIẾT ÍT BIẾN ĐỘNG VÀ NHIỆT ĐỘ KHÔNG QUÁ THẤP,đó là giai đoạn thời tiết ít biến động và nhiệt độ không quá thấp.
VIVOSDEV13_058_snr10,vivos,phowhisper,small,zero_shot,,42,10,noise,ĐÓ LÀ GIAI ĐOẠN THỜI TIẾT ÍT BIẾN ĐỘNG VÀ NHIỆT ĐỘ KHÔNG QUÁ THẤP,đó là giai đoạn thời tiết ít biến động và nhiệt độ không quá thấp.
VIVOSDEV13_058_snr20,vivos,phowhisper,small,zero_shot,,42,20,noise,ĐÓ LÀ GIAI ĐOẠN THỜI TIẾT ÍT BIẾN ĐỘNG VÀ NHIỆT ĐỘ KHÔNG QUÁ THẤP,đó là giai đoạn thời tiết ít biến động và nhiệt độ không quá thấp.
VIVOSDEV13_058_snr5,vivos,phowhisper,small,zero_shot,,42,5,music,ĐÓ LÀ GIAI ĐOẠN THỜI TIẾT ÍT BIẾN ĐỘNG VÀ NHIỆT ĐỘ KHÔNG QUÁ THẤP,đó là giai đoạn thời tiết ít biến động và nhiệt độ không quá thấp.
VIVOSDEV13_061_clean,vivos,phowhisper,small,zero_shot,,42,clean,clean,NHƯNG SAU NGHE CON NÓI RA NÓI VÀO LẠI ÁC CẢM VỚI EM,nhưng sau nghe con nói ra nói vào lại ác cảm với em.
VIVOSDEV13_061_snr0,vivos,phowhisper,small,zero_shot,,42,0,noise,NHƯNG SAU NGHE CON NÓI RA NÓI VÀO LẠI ÁC CẢM VỚI EM,nhưng sau nghe con nói ra nói vào lại nhát cảm với em.
VIVOSDEV13_061_snr10,vivos,phowhisper,small,zero_shot,,42,10,speech,NHƯNG SAU NGHE CON NÓI RA NÓI VÀO LẠI ÁC CẢM VỚI EM,nhưng sau nghe con nói ra nói vào lại ác cảm với em.
VIVOSDEV13_061_snr20,vivos,phowhisper,small,zero_shot,,42,20,speech,NHƯNG SAU NGHE CON NÓI RA NÓI VÀO LẠI ÁC CẢM VỚI EM,nhưng sau nghe con nói ra nói vào lại ác cảm với em.
VIVOSDEV13_061_snr5,vivos,phowhisper,small,zero_shot,,42,5,noise,NHƯNG SAU NGHE CON NÓI RA NÓI VÀO LẠI ÁC CẢM VỚI EM,nhưng sau nghe con nói ra nói vào lại ác cảm với em.
VIVOSDEV13_075_clean,vivos,phowhisper,small,zero_shot,,42,clean,clean,BẠN CÓ THỂ TẮT CHƯƠNG TRÌNH ĐÓ ĐI VÀ THỰC HIỆN THAO TÁC CUỐI CÙNG,bạn có thể tắt chương trình đó đi và thực hiện thao tác cuối cùng.
VIVOSDEV13_075_snr0,vivos,phowhisper,small,zero_shot,,42,0,speech,BẠN CÓ THỂ TẮT CHƯƠNG TRÌNH ĐÓ ĐI VÀ THỰC HIỆN THAO TÁC CUỐI CÙNG,bạn có thể tắt chương trình đó đi và thực hiện thao tác cuối cùng.
VIVOSDEV13_075_snr10,vivos,phowhisper,small,zero_shot,,42,10,music,BẠN CÓ THỂ TẮT CHƯƠNG TRÌNH ĐÓ ĐI VÀ THỰC HIỆN THAO TÁC CUỐI CÙNG,bạn có thể tắt chương trình đó đi và thực hiện thao tác cuối cùng.
VIVOSDEV13_075_snr20,vivos,phowhisper,small,zero_shot,,42,20,noise,BẠN CÓ THỂ TẮT CHƯƠNG TRÌNH ĐÓ ĐI VÀ THỰC HIỆN THAO TÁC CUỐI CÙNG,bạn có thể tắt chương trình đó đi và thực hiện thao tác cuối cùng.
VIVOSDEV13_075_snr5,vivos,phowhisper,small,zero_shot,,42,5,speech,BẠN CÓ THỂ TẮT CHƯƠNG TRÌNH ĐÓ ĐI VÀ THỰC HIỆN THAO TÁC CUỐI CÙNG,bạn có thể tắt chương trình đó đi và thực hiện thao tác cuối cùng.
VIVOSDEV13_078_clean,vivos,phowhisper,small,zero_shot,,42,clean,clean,KHẮP NƠI QUANH CHÚNG TÔI VƯƠNG VÃI XÁC CHẾT CỦA NGƯỜI DÂN VÔ TỘI,khắp nơi quanh chúng tôi vươn vải xác chết của người dân vô tội.
VIVOSDEV13_078_snr0,vivos,phowhisper,small,zero_shot,,42,0,speech,KHẮP NƠI QUANH CHÚNG TÔI VƯƠNG VÃI XÁC CHẾT CỦA NGƯỜI DÂN VÔ TỘI,khắp nơi quanh chúng tôi quân vãi sắc chết của người dân vô tội.
VIVOSDEV13_078_snr10,vivos,phowhisper,small,zero_shot,,42,10,music,KHẮP NƠI QUANH CHÚNG TÔI VƯƠNG VÃI XÁC CHẾT CỦA NGƯỜI DÂN VÔ TỘI,khắp nơi quanh chúng tôi vươn vải xác chết của người dân vô tội.
VIVOSDEV13_078_snr20,vivos,phowhisper,small,zero_shot,,42,20,noise,KHẮP NƠI QUANH CHÚNG TÔI VƯƠNG VÃI XÁC CHẾT CỦA NGƯỜI DÂN VÔ TỘI,khắp nơi quanh chúng tôi vươn vải xác chết của người dân vô tội.
VIVOSDEV13_078_snr5,vivos,phowhisper,small,zero_shot,,42,5,noise,KHẮP NƠI QUANH CHÚNG TÔI VƯƠNG VÃI XÁC CHẾT CỦA NGƯỜI DÂN VÔ TỘI,khắp nơi quanh chúng tôi vươn vải xác chết của người dân vô tội.
VIVOSDEV13_089_clean,vivos,phowhisper,small,zero_shot,,42,clean,clean,NHÀ VĂN NGUYÊN NGỌC SINH VIÊN CÓ QUYỀN HOÀI NGHI VÀ TRANH CÃI,nhà văn nguyễn ngọc sinh vi có quyền hoài nghi và tranh cãi.
VIVOSDEV13_089_snr0,vivos,phowhisper,small,zero_shot,,42,0,noise,NHÀ VĂN NGUYÊN NGỌC SINH VIÊN CÓ QUYỀN HOÀI NGHI VÀ TRANH CÃI,nhà văn nguyễn học sinh hy vọng có cười ngoài nghi và tranh cãi.
VIVOSDEV13_089_snr10,vivos,phowhisper,small,zero_shot,,42,10,noise,NHÀ VĂN NGUYÊN NGỌC SINH VIÊN CÓ QUYỀN HOÀI NGHI VÀ TRANH CÃI,nhà văn nguyễn ngọc sinh vi có cười hoài nghi và tranh cãi.
VIVOSDEV13_089_snr20,vivos,phowhisper,small,zero_shot,,42,20,noise,NHÀ VĂN NGUYÊN NGỌC SINH VIÊN CÓ QUYỀN HOÀI NGHI VÀ TRANH CÃI,nhà văn nguyễn nguyễn ngọc sinh vi có quyền hoài nghi và tranh cãi.
VIVOSDEV13_089_snr5,vivos,phowhisper,small,zero_shot,,42,5,noise,NHÀ VĂN NGUYÊN NGỌC SINH VIÊN CÓ QUYỀN HOÀI NGHI VÀ TRANH CÃI,nhà văn nguyễn ngọc sinh vi có quyền hoài nghi và tranh cãi.
VIVOSDEV13_097_clean,vivos,phowhisper,small,zero_shot,,42,clean,clean,CUỘC THI CÒN CÓ HAI GIẢI NHÌ BA GIẢI BA VÀ BỐN GIẢI KHUYẾN KHÍCH,cuộc thi còn có hai giải nhì ba giải ba và bốn giải khuyến khích.
VIVOSDEV13_097_snr0,vivos,phowhisper,small,zero_shot,,42,0,noise,CUỘC THI CÒN CÓ HAI GIẢI NHÌ BA GIẢI BA VÀ BỐN GIẢI KHUYẾN KHÍCH,cuộc thi còn có hai giải nhì ba giải ba và bốn giải khuyến khích.
VIVOSDEV13_097_snr10,vivos,phowhisper,small,zero_shot,,42,10,music,CUỘC THI CÒN CÓ HAI GIẢI NHÌ BA GIẢI BA VÀ BỐN GIẢI KHUYẾN KHÍCH,cuộc thi còn có hai giải nhì ba giải ba và bốn giải khuyến khích.
VIVOSDEV13_097_snr20,vivos,phowhisper,small,zero_shot,,42,20,noise,CUỘC THI CÒN CÓ HAI GIẢI NHÌ BA GIẢI BA VÀ BỐN GIẢI KHUYẾN KHÍCH,cuộc thi còn có hai giải nhì ba giải ba và bốn giải khuyến khích.
VIVOSDEV13_097_snr5,vivos,phowhisper,small,zero_shot,,42,5,speech,CUỘC THI CÒN CÓ HAI GIẢI NHÌ BA GIẢI BA VÀ BỐN GIẢI KHUYẾN KHÍCH,cuộc thi còn có hai giải nhì ba giải ba và bốn giải khuyến khích.
VIVOSDEV13_105_clean,vivos,phowhisper,small,zero_shot,,42,clean,clean,NHÓC ĐỎ MẶT TÍA TAI NHÓC THUA CHỊ MỘT TUỔI THÔI ĐẤY,nhóc đỏ mặt tía tai nhóc thưa chị một tuổi thôi đấy.
VIVOSDEV13_105_snr0,vivos,phowhisper,small,zero_shot,,42,0,noise,NHÓC ĐỎ MẶT TÍA TAI NHÓC THUA CHỊ MỘT TUỔI THÔI ĐẤY,nhóc đỏ mặt tía tai nhóc thưa chị một tuổi thôi đấy.
VIVOSDEV13_105_snr10,vivos,phowhisper,small,zero_shot,,42,10,music,NHÓC ĐỎ MẶT TÍA TAI NHÓC THUA CHỊ MỘT TUỔI THÔI ĐẤY,nhóc đỏ mặt tía tai nhóc thưa chị một tuổi thôi đấy.
VIVOSDEV13_105_snr20,vivos,phowhisper,small,zero_shot,,42,20,speech,NHÓC ĐỎ MẶT TÍA TAI NHÓC THUA CHỊ MỘT TUỔI THÔI ĐẤY,nhóc đỏ mặt tía tai nhóc thưa chị một tuổi thôi đấy.
VIVOSDEV13_105_snr5,vivos,phowhisper,small,zero_shot,,42,5,noise,NHÓC ĐỎ MẶT TÍA TAI NHÓC THUA CHỊ MỘT TUỔI THÔI ĐẤY,nhóc đỏ mặt tía tai nhóc thưa chị một tuổi thôi đấy.
VIVOSDEV13_136_clean,vivos,phowhisper,small,zero_shot,,42,clean,clean,TÔI VÀO QUẦY GIẢI KHÁT ĐẦU TIÊN VÀ GỌI MỘT CỐC NƯỚC CAM,tôi vào quầy giải khát đầu tiên và gọi một cốc nước cam.
VIVOSDEV13_136_snr0,vivos,phowhisper,small,zero_shot,,42,0,noise,TÔI VÀO QUẦY GIẢI KHÁT ĐẦU TIÊN VÀ GỌI MỘT CỐC NƯỚC CAM,tôi vào quầy giải khát đầu tiên và gọi một cốc nước kem.
VIVOSDEV13_136_snr10,vivos,phowhisper,small,zero_shot,,42,10,music,TÔI VÀO QUẦY GIẢI KHÁT ĐẦU TIÊN VÀ GỌI MỘT CỐC NƯỚC CAM,tôi vào quầy giải khát đầu tiên và gọi một cốc nước kem.
VIVOSDEV13_136_snr20,vivos,phowhisper,small,zero_shot,,42,20,noise,TÔI VÀO QUẦY GIẢI KHÁT ĐẦU TIÊN VÀ GỌI MỘT CỐC NƯỚC CAM,tôi vào quầy giải khát đầu tiên và gọi một cốc nước cam.
VIVOSDEV13_136_snr5,vivos,phowhisper,small,zero_shot,,42,5,noise,TÔI VÀO QUẦY GIẢI KHÁT ĐẦU TIÊN VÀ GỌI MỘT CỐC NƯỚC CAM,tôi vào quầy giải khát đầu tiên và gọi một cốc nước cam.
VIVOSDEV13_137_clean,vivos,phowhisper,small,zero_shot,,42,clean,clean,MẸ LẦN TAY TRONG VÍ VÀ LẤY RA CHIẾC PHONG BÌ,mẹ lần tay trong ví và lấy ra chiếc phong bì.
VIVOSDEV13_137_snr0,vivos,phowhisper,small,zero_shot,,42,0,noise,MẸ LẦN TAY TRONG VÍ VÀ LẤY RA CHIẾC PHONG BÌ,mẹ lạnh tay trong mí và lấy ra chiếc khom bì.
VIVOSDEV13_137_snr10,vivos,phowhisper,small,zero_shot,,42,10,speech,MẸ LẦN TAY TRONG VÍ VÀ LẤY RA CHIẾC PHONG BÌ,mẹ lần tay trong ví và lấy ra chiếc phong bì.
VIVOSDEV13_137_snr20,vivos,phowhisper,small,zero_shot,,42,20,noise,MẸ LẦN TAY TRONG VÍ VÀ LẤY RA CHIẾC PHONG BÌ,mẹ lần tay trông ví và lấy ra chiếc phong bì.
VIVOSDEV13_137_snr5,vivos,phowhisper,small,zero_shot,,42,5,speech,MẸ LẦN TAY TRONG VÍ VÀ LẤY RA CHIẾC PHONG BÌ,mẹ lần tay trong ví và lấy ra chiếc hông bì.
VIVOSDEV13_139_clean,vivos,phowhisper,small,zero_shot,,42,clean,clean,TIÊU NHƯ PHONG CHẠY TRỐN KHỎI KINH THÀNH ĐỂ TÌM HUNG THỦ THẬT SỰ,tiêu như phong chạy trốn khỏi kinh thành để tìm hung thủ thật sự.
VIVOSDEV13_139_snr0,vivos,phowhisper,small,zero_shot,,42,0,noise,TIÊU NHƯ PHONG CHẠY TRỐN KHỎI KINH THÀNH ĐỂ TÌM HUNG THỦ THẬT SỰ,tiêu như phong chạy trốn khỏi kinh thành để tìm hung thủ thật sự.
VIVOSDEV13_139_snr10,vivos,phowhisper,small,zero_shot,,42,10,noise,TIÊU NHƯ PHONG CHẠY TRỐN KHỎI KINH THÀNH ĐỂ TÌM HUNG THỦ THẬT SỰ,tiêu như phong chạy trốn khỏi kinh thành để tìm hung thủ thật sự.
VIVOSDEV13_139_snr20,vivos,phowhisper,small,zero_shot,,42,20,music,TIÊU NHƯ PHONG CHẠY TRỐN KHỎI KINH THÀNH ĐỂ TÌM HUNG THỦ THẬT SỰ,tiêu như phong chạy trốn khỏi kinh thành để tìm hung thủ thật sự.
VIVOSDEV13_139_snr5,vivos,phowhisper,small,zero_shot,,42,5,noise,TIÊU NHƯ PHONG CHẠY TRỐN KHỎI KINH THÀNH ĐỂ TÌM HUNG THỦ THẬT SỰ,tiêu như phong chạy trốn khỏi kinh thành để tìm hung thủ thật sự.
VIVOSDEV13_146_clean,vivos,phowhisper,small,zero_shot,,42,clean,clean,CÓ NGÀY CÁC BÁC SĨ ĐIỀU DƯỠNG MỔ MẮT CHO HÀNG TRĂM NGƯỜI MÙ NGHÈO,có ngày các bác sĩ điều dưỡng mổ mắt cho hàng trăm người mù nghèo.
VIVOSDEV13_146_snr0,vivos,phowhisper,small,zero_shot,,42,0,noise,CÓ NGÀY CÁC BÁC SĨ ĐIỀU DƯỠNG MỔ MẮT CHO HÀNG TRĂM NGƯỜI MÙ NGHÈO,có ngày các bác sĩ điều dưỡng mổ mắt cho hàng trăm người mù nghèo.
VIVOSDEV13_146_snr10,vivos,phowhisper,small,zero_shot,,42,10,noise,CÓ NGÀY CÁC BÁC SĨ ĐIỀU DƯỠNG MỔ MẮT CHO HÀNG TRĂM NGƯỜI MÙ NGHÈO,có ngày các bác sĩ điều dưỡng mổ mắt cho hàng trăm người mù nghèo.
VIVOSDEV13_146_snr20,vivos,phowhisper,small,zero_shot,,42,20,noise,CÓ NGÀY CÁC BÁC SĨ ĐIỀU DƯỠNG MỔ MẮT CHO HÀNG TRĂM NGƯỜI MÙ NGHÈO,có ngày các bác sĩ điều dưỡng mổ mắt cho hàng trăm người mù nghèo.
VIVOSDEV13_146_snr5,vivos,phowhisper,small,zero_shot,,42,5,speech,CÓ NGÀY CÁC BÁC SĨ ĐIỀU DƯỠNG MỔ MẮT CHO HÀNG TRĂM NGƯỜI MÙ NGHÈO,có ngày các bác sĩ điều dưỡng mổ mắt cho hàng trăm người mù nghèo.
VIVOSDEV13_147_clean,vivos,phowhisper,small,zero_shot,,42,clean,clean,KHÔNG AI MUỐN CÓ TIÊU CỰC CẢ VÀ CŨNG ĐỪNG TUYỆT ĐỐI HÓA VẤN ĐỀ,không ai muốn có tiêu cực cả và cũng đừng tuyệt đối hoá vấn đề.
VIVOSDEV13_147_snr0,vivos,phowhisper,small,zero_shot,,42,0,speech,KHÔNG AI MUỐN CÓ TIÊU CỰC CẢ VÀ CŨNG ĐỪNG TUYỆT ĐỐI HÓA VẤN ĐỀ,không ai muốn có tiêu cực cả và cũng từng việc tới hóa vấn đề.
VIVOSDEV13_147_snr10,vivos,phowhisper,small,zero_shot,,42,10,noise,KHÔNG AI MUỐN CÓ TIÊU CỰC CẢ VÀ CŨNG ĐỪNG TUYỆT ĐỐI HÓA VẤN ĐỀ,không ai muốn có tiêu cực cả và cũng đừng tuyệt đối hoá vấn đề.
VIVOSDEV13_147_snr20,vivos,phowhisper,small,zero_shot,,42,20,noise,KHÔNG AI MUỐN CÓ TIÊU CỰC CẢ VÀ CŨNG ĐỪNG TUYỆT ĐỐI HÓA VẤN ĐỀ,không ai muốn có tiêu cực cả và cũng đừng tuyệt đối hoá vấn đề.
VIVOSDEV13_147_snr5,vivos,phowhisper,small,zero_shot,,42,5,noise,KHÔNG AI MUỐN CÓ TIÊU CỰC CẢ VÀ CŨNG ĐỪNG TUYỆT ĐỐI HÓA VẤN ĐỀ,không ai muốn có tiêu cực cả và cũng đừng việc đối hóa vấn đề.
VIVOSDEV13_150_clean,vivos,phowhisper,small,zero_shot,,42,clean,clean,VỢ HẮN THỊ NGẦN MANG LƯỚI RA VÁ ĐỂ CHIỀU THẢ,vợ hắn thị ngần mang lưới ra vá để chiều thả.
VIVOSDEV13_150_snr0,vivos,phowhisper,small,zero_shot,,42,0,speech,VỢ HẮN THỊ NGẦN MANG LƯỚI RA VÁ ĐỂ CHIỀU THẢ,vở hành thị ngân mang rưới ra vá để trìu thả.
VIVOSDEV13_150_snr10,vivos,phowhisper,small,zero_shot,,42,10,noise,VỢ HẮN THỊ NGẦN MANG LƯỚI RA VÁ ĐỂ CHIỀU THẢ,vợ hắn thiện ngần mang lưới ra vá để chiều thả.
VIVOSDEV13_150_snr20,vivos,phowhisper,small,zero_shot,,42,20,noise,VỢ HẮN THỊ NGẦN MANG LƯỚI RA VÁ ĐỂ CHIỀU THẢ,vợ hắn thị ngần mang lưới ra vá để chiều thả.
VIVOSDEV13_150_snr5,vivos,phowhisper,small,zero_shot,,42,5,music,VỢ HẮN THỊ NGẦN MANG LƯỚI RA VÁ ĐỂ CHIỀU THẢ,vợ hắn thị ngần mang lưới ra vá để chèo thả.
VIVOSDEV13_222_clean,vivos,phowhisper,small,zero_shot,,42,clean,clean,MẸ CŨNG ĐÃ TỪNG THỐNG KHỔ TUYỆT VỌNG VÀ CÔ ĐƠN NHƯ VẬY,mẹ cũng đã từng thấm khổ tuyệt vọng và cô đơn như vậy.
VIVOSDEV13_222_snr0,vivos,phowhisper,small,zero_shot,,42,0,music,MẸ CŨNG ĐÃ TỪNG THỐNG KHỔ TUYỆT VỌNG VÀ CÔ ĐƠN NHƯ VẬY,mẹ cũng đã từng thấm thỗ thiệt phạm rằng cô đơn như vậy.
VIVOSDEV13_222_snr10,vivos,phowhisper,small,zero_shot,,42,10,music,MẸ CŨNG ĐÃ TỪNG THỐNG KHỔ TUYỆT VỌNG VÀ CÔ ĐƠN NHƯ VẬY,mẹ cũng đã từng thấm khổ tuyệt vọng và cô đơn như vậy.
VIVOSDEV13_222_snr20,vivos,phowhisper,small,zero_shot,,42,20,music,MẸ CŨNG ĐÃ TỪNG THỐNG KHỔ TUYỆT VỌNG VÀ CÔ ĐƠN NHƯ VẬY,mẹ cũng đã từng thấm khổ tuyệt vọng và cô đơn như vậy.
VIVOSDEV13_222_snr5,vivos,phowhisper,small,zero_shot,,42,5,music,MẸ CŨNG ĐÃ TỪNG THỐNG KHỔ TUYỆT VỌNG VÀ CÔ ĐƠN NHƯ VẬY,mẹ cũng đã từng thấm khổ tuyệt vọng và cô đơn như vậy.
VIVOSDEV13_241_clean,vivos,phowhisper,small,zero_shot,,42,clean,clean,MÙA ĐÔNG CẢ CÁNH ĐỒNG CHUYỂN SANG MỘT MÀU VÀNG RỰC,unk đông cả cánh đồng chuyển sang một màu vàng rực.
VIVOSDEV13_241_snr0,vivos,phowhisper,small,zero_shot,,42,0,music,MÙA ĐÔNG CẢ CÁNH ĐỒNG CHUYỂN SANG MỘT MÀU VÀNG RỰC,mùa đông cả cánh đồng chuyển sang một màu vàng lượt.
VIVOSDEV13_241_snr10,vivos,phowhisper,small,zero_shot,,42,10,noise,MÙA ĐÔNG CẢ CÁNH ĐỒNG CHUYỂN SANG MỘT MÀU VÀNG RỰC,mùa đông cả cánh đồng chuyển sang một màu vàng rực.
VIVOSDEV13_241_snr20,vivos,phowhisper,small,zero_shot,,42,20,music,MÙA ĐÔNG CẢ CÁNH ĐỒNG CHUYỂN SANG MỘT MÀU VÀNG RỰC,unk đông cả cánh đồng chuyển sang một màu vàng rực.
VIVOSDEV13_241_snr5,vivos,phowhisper,small,zero_shot,,42,5,noise,MÙA ĐÔNG CẢ CÁNH ĐỒNG CHUYỂN SANG MỘT MÀU VÀNG RỰC,unk đông cả cánh đồng chuyển sang một màu vàng rực.
VIVOSDEV13_252_clean,vivos,phowhisper,small,zero_shot,,42,clean,clean,TÔI HỌC CÙNG VỚI CÁC ANH CHỊ LÀM VIỆC CHUYÊN VỀ SẢN XUẤT PHẦN MỀM,tôi học cùng với các anh chị làm việc chuyên về sản xuất phần mềm.
VIVOSDEV13_252_snr0,vivos,phowhisper,small,zero_shot,,42,0,speech,TÔI HỌC CÙNG VỚI CÁC ANH CHỊ LÀM VIỆC CHUYÊN VỀ SẢN XUẤT PHẦN MỀM,tôi học cùng với các anh chị làm việc chuyên về sản xuất phần mềm.
VIVOSDEV13_252_snr10,vivos,phowhisper,small,zero_shot,,42,10,noise,TÔI HỌC CÙNG VỚI CÁC ANH CHỊ LÀM VIỆC CHUYÊN VỀ SẢN XUẤT PHẦN MỀM,tôi học cùng với các anh chị làm việc chuyên về sản xuất phần mềm.
VIVOSDEV13_252_snr20,vivos,phowhisper,small,zero_shot,,42,20,speech,TÔI HỌC CÙNG VỚI CÁC ANH CHỊ LÀM VIỆC CHUYÊN VỀ SẢN XUẤT PHẦN MỀM,tôi học cùng với các anh chị làm việc chuyên về sản xuất phần mềm.
VIVOSDEV13_252_snr5,vivos,phowhisper,small,zero_shot,,42,5,noise,TÔI HỌC CÙNG VỚI CÁC ANH CHỊ LÀM VIỆC CHUYÊN VỀ SẢN XUẤT PHẦN MỀM,tôi học cùng với các anh chị làm việc chuyên về sản xuất phần mềm.
VIVOSDEV13_267_clean,vivos,phowhisper,small,zero_shot,,42,clean,clean,DO VẬY VẤN ĐỀ KHU TRÚ KHỐNG CHẾ BỆNH TẢ HIỆN NAY RẤT KHÓ,do vậy vấn đề khu trú không chế bệnh tả hiện nay rất khó.
VIVOSDEV13_267_snr0,vivos,phowhisper,small,zero_shot,,42,0,noise,DO VẬY VẤN ĐỀ KHU TRÚ KHỐNG CHẾ BỆNH TẢ HIỆN NAY RẤT KHÓ,do vậy vấn đề khu trú không chế bệnh tả hiện nay rất khó.
VIVOSDEV13_267_snr10,vivos,phowhisper,small,zero_shot,,42,10,music,DO VẬY VẤN ĐỀ KHU TRÚ KHỐNG CHẾ BỆNH TẢ HIỆN NAY RẤT KHÓ,do vậy vấn đề khu trú không chế bệnh tả hiện nay rất khó.
VIVOSDEV13_267_snr20,vivos,phowhisper,small,zero_shot,,42,20,noise,DO VẬY VẤN ĐỀ KHU TRÚ KHỐNG CHẾ BỆNH TẢ HIỆN NAY RẤT KHÓ,do vậy vấn đề khu trú không chế bệnh tả hiện nay rất khó.
VIVOSDEV13_267_snr5,vivos,phowhisper,small,zero_shot,,42,5,noise,DO VẬY VẤN ĐỀ KHU TRÚ KHỐNG CHẾ BỆNH TẢ HIỆN NAY RẤT KHÓ,do vậy vấn đề của chú không chế bệnh tả hiện nay rất khó.
VIVOSDEV13_277_clean,vivos,phowhisper,small,zero_shot,,42,clean,clean,HÀ NỘI MỞ RỘNG KHU VỰC HỒ TÂY SÔNG HỒNG NÊN LÀ KHU VỰC TĨNH,hà nội mở rộng khu vực hồ tây sông hồng nên là khu vực tỉnh.
VIVOSDEV13_277_snr0,vivos,phowhisper,small,zero_shot,,42,0,noise,HÀ NỘI MỞ RỘNG KHU VỰC HỒ TÂY SÔNG HỒNG NÊN LÀ KHU VỰC TĨNH,hà nội mở rộng khu vực hồ tây sông hồng nên là khu vực tỉnh.
VIVOSDEV13_277_snr10,vivos,phowhisper,small,zero_shot,,42,10,music,HÀ NỘI MỞ RỘNG KHU VỰC HỒ TÂY SÔNG HỒNG NÊN LÀ KHU VỰC TĨNH,hà nội mở rộng khu vực hồ tây sông hồng nên là khu vực tỉnh.
VIVOSDEV13_277_snr20,vivos,phowhisper,small,zero_shot,,42,20,music,HÀ NỘI MỞ RỘNG KHU VỰC HỒ TÂY SÔNG HỒNG NÊN LÀ KHU VỰC TĨNH,hà nội mở rộng khu vực hồ tây sông hồng nên là khu vực tỉnh.
VIVOSDEV13_277_snr5,vivos,phowhisper,small,zero_shot,,42,5,noise,HÀ NỘI MỞ RỘNG KHU VỰC HỒ TÂY SÔNG HỒNG NÊN LÀ KHU VỰC TĨNH,hà nội mở rộng khu vực hồ tây sông hồng nên là khu vực tỉnh.
VIVOSDEV14_018_clean,vivos,phowhisper,small,zero_shot,,42,clean,clean,BIÊN CHẾ NÀY NHÀ THANH GỌI LÀ AN NAM QUỐC NHẠC,biên chế này nhà thanh gọi là an nam quốc nhạc.
VIVOSDEV14_018_snr0,vivos,phowhisper,small,zero_shot,,42,0,music,BIÊN CHẾ NÀY NHÀ THANH GỌI LÀ AN NAM QUỐC NHẠC,biên chế này nhà thanh gọi là an nam quốc nhạc.
VIVOSDEV14_018_snr10,vivos,phowhisper,small,zero_shot,,42,10,noise,BIÊN CHẾ NÀY NHÀ THANH GỌI LÀ AN NAM QUỐC NHẠC,biên chế này nhà thanh gọi là an nam quốc nhạc.
VIVOSDEV14_018_snr20,vivos,phowhisper,small,zero_shot,,42,20,music,BIÊN CHẾ NÀY NHÀ THANH GỌI LÀ AN NAM QUỐC NHẠC,biên chế này nhà thanh gọi là an nam quốc nhạc.
VIVOSDEV14_018_snr5,vivos,phowhisper,small,zero_shot,,42,5,noise,BIÊN CHẾ NÀY NHÀ THANH GỌI LÀ AN NAM QUỐC NHẠC,biên chế này nhà thanh gọi là an nam quốc nhạc.
VIVOSDEV14_022_clean,vivos,phowhisper,small,zero_shot,,42,clean,clean,HƠN LÀ DẪN DẮT CÁC EM THEO CHỦ Ý CỦA GIÁO VIÊN,hơn là dẫn dắt các em theo chủ ý của giáo viên.
VIVOSDEV14_022_snr0,vivos,phowhisper,small,zero_shot,,42,0,music,HƠN LÀ DẪN DẮT CÁC EM THEO CHỦ Ý CỦA GIÁO VIÊN,hơn là dẫn dắt các em theo chủ ý của giáo viên.
VIVOSDEV14_022_snr10,vivos,phowhisper,small,zero_shot,,42,10,noise,HƠN LÀ DẪN DẮT CÁC EM THEO CHỦ Ý CỦA GIÁO VIÊN,hơn là dẫn dắt các em theo chủ ý của giáo viên.
VIVOSDEV14_022_snr20,vivos,phowhisper,small,zero_shot,,42,20,noise,HƠN LÀ DẪN DẮT CÁC EM THEO CHỦ Ý CỦA GIÁO VIÊN,hơn là dẫn dắt các em theo chủ ý của giáo viên.
VIVOSDEV14_022_snr5,vivos,phowhisper,small,zero_shot,,42,5,noise,HƠN LÀ DẪN DẮT CÁC EM THEO CHỦ Ý CỦA GIÁO VIÊN,hơn là dẫn dắt các em theo chủ ý của giáo viên.
VIVOSDEV14_035_clean,vivos,phowhisper,small,zero_shot,,42,clean,clean,NHẠC SĨ LA HỐI VỚI CA KHÚC XUÂN VÀ TUỔI TRẺ,nhạc sĩ la hối với ca khúc xuân và tuổi trẻ.
VIVOSDEV14_035_snr0,vivos,phowhisper,small,zero_shot,,42,0,music,NHẠC SĨ LA HỐI VỚI CA KHÚC XUÂN VÀ TUỔI TRẺ,nhạc sĩ la hối với ca khúc xuân và tuổi trẻ.
VIVOSDEV14_035_snr10,vivos,phowhisper,small,zero_shot,,42,10,speech,NHẠC SĨ LA HỐI VỚI CA KHÚC XUÂN VÀ TUỔI TRẺ,nhạc sĩ la hối với ca khúc xuân và tuổi trẻ.
VIVOSDEV14_035_snr20,vivos,phowhisper,small,zero_shot,,42,20,music,NHẠC SĨ LA HỐI VỚI CA KHÚC XUÂN VÀ TUỔI TRẺ,nhạc sĩ la hối với ca khúc xuân và tuổi trẻ.
VIVOSDEV14_035_snr5,vivos,phowhisper,small,zero_shot,,42,5,noise,NHẠC SĨ LA HỐI VỚI CA KHÚC XUÂN VÀ TUỔI TRẺ,nhạc sĩ la hối với ca khúc xuân và tuổi trẻ.
VIVOSDEV14_080_clean,vivos,phowhisper,small,zero_shot,,42,clean,clean,TUY PHÍA TRƯỚC CÒN VÔ VÀ KHÓ KHĂN ĐỐI VỚI CON,tuy phía trước còn vô và khó khăn đối với con.
VIVOSDEV14_080_snr0,vivos,phowhisper,small,zero_shot,,42,0,noise,TUY PHÍA TRƯỚC CÒN VÔ VÀ KHÓ KHĂN ĐỐI VỚI CON,tuy cái trước còn vô và khó khăn đối với con.
VIVOSDEV14_080_snr10,vivos,phowhisper,small,zero_shot,,42,10,noise,TUY PHÍA TRƯỚC CÒN VÔ VÀ KHÓ KHĂN ĐỐI VỚI CON,tuy phía trước còn vô và khó khăn đối với con.
VIVOSDEV14_080_snr20,vivos,phowhisper,small,zero_shot,,42,20,speech,TUY PHÍA TRƯỚC CÒN VÔ VÀ KHÓ KHĂN ĐỐI VỚI CON,tuy phía trước còn vô và khó khăn đối với con.
VIVOSDEV14_080_snr5,vivos,phowhisper,small,zero_shot,,42,5,noise,TUY PHÍA TRƯỚC CÒN VÔ VÀ KHÓ KHĂN ĐỐI VỚI CON,tuy phía trước còn vô và khó khăn đối với con.
VIVOSDEV14_085_clean,vivos,phowhisper,small,zero_shot,,42,clean,clean,BỐN NĂM TRỜI BỊ CÂM MỘT MÌNH VỚI BÓNG MÌNH NHIỀU PHEN ÒA KHÓC,bốn năm trời bị câm một mình với bóng mình nhiều phen bài khóc.
VIVOSDEV14_085_snr0,vivos,phowhisper,small,zero_shot,,42,0,noise,BỐN NĂM TRỜI BỊ CÂM MỘT MÌNH VỚI BÓNG MÌNH NHIỀU PHEN ÒA KHÓC,bốn năm trời bị câm một mình với bóng mình nhiều khi mạn khóc.
VIVOSDEV14_085_snr10,vivos,phowhisper,small,zero_shot,,42,10,speech,BỐN NĂM TRỜI BỊ CÂM MỘT MÌNH VỚI BÓNG MÌNH NHIỀU PHEN ÒA KHÓC,bốn năm trời bị câm một mình với bóng mình nhiều phen hài khóc.
VIVOSDEV14_085_snr20,vivos,phowhisper,small,zero_shot,,42,20,music,BỐN NĂM TRỜI BỊ CÂM MỘT MÌNH VỚI BÓNG MÌNH NHIỀU PHEN ÒA KHÓC,bốn năm trời bị câm một mình với bóng mình nhiều phen bài khóc.
VIVOSDEV14_085_snr5,vivos,phowhisper,small,zero_shot,,42,5,music,BỐN NĂM TRỜI BỊ CÂM MỘT MÌNH VỚI BÓNG MÌNH NHIỀU PHEN ÒA KHÓC,bốn năm trời bị câm một mình với bóng mình nhiều phen hoảng khóc.
VIVOSDEV14_093_clean,vivos,phowhisper,small,zero_shot,,42,clean,clean,TRÒ ĐÙA ĐỐI VỚI THẦY NHƯNG LẠI LÀ CHÂN THẬT CHÂN THẬT VỚI MỘT NGƯỜI,trò đùa đối với thầy nhưng lại là chân thật chân thật với một người.
VIVOSDEV14_093_snr0,vivos,phowhisper,small,zero_shot,,42,0,music,TRÒ ĐÙA ĐỐI VỚI THẦY NHƯNG LẠI LÀ CHÂN THẬT CHÂN THẬT VỚI MỘT NGƯỜI,trò đùa đối với thầy nhưng lại là chân thật chân thật với một người.
VIVOSDEV14_093_snr10,vivos,phowhisper,small,zero_shot,,42,10,music,TRÒ ĐÙA ĐỐI VỚI THẦY NHƯNG LẠI LÀ CHÂN THẬT CHÂN THẬT VỚI MỘT NGƯỜI,trò đùa đối với thầy nhưng lại là chân thật chân thật với một người.
VIVOSDEV14_093_snr20,vivos,phowhisper,small,zero_shot,,42,20,music,TRÒ ĐÙA ĐỐI VỚI THẦY NHƯNG LẠI LÀ CHÂN THẬT CHÂN THẬT VỚI MỘT NGƯỜI,trò đùa đối với thầy nhưng lại là chân thật chân thật với một người.
VIVOSDEV14_093_snr5,vivos,phowhisper,small,zero_shot,,42,5,speech,TRÒ ĐÙA ĐỐI VỚI THẦY NHƯNG LẠI LÀ CHÂN THẬT CHÂN THẬT VỚI MỘT NGƯỜI,trò đùa đối với thầy nhưng lại là chân thật chân thật với một người.
VIVOSDEV14_104_clean,vivos,phowhisper,small,zero_shot,,42,clean,clean,ĐÓ LÀ NHẬN XÉT CHUNG CỦA NHIỀU TỔNG GIÁM ĐỐC ĐIỀU HÀNH NGÀY NAY,đó là nhận xét chung của nhiều tổng giám đốc điều hành ngày nay.
VIVOSDEV14_104_snr0,vivos,phowhisper,small,zero_shot,,42,0,speech,ĐÓ LÀ NHẬN XÉT CHUNG CỦA NHIỀU TỔNG GIÁM ĐỐC ĐIỀU HÀNH NGÀY NAY,đó là nhận xét chung của nhiều tổng giám đốc điều hành ngày nay.
VIVOSDEV14_104_snr10,vivos,phowhisper,small,zero_shot,,42,10,noise,ĐÓ LÀ NHẬN XÉT CHUNG CỦA NHIỀU TỔNG GIÁM ĐỐC ĐIỀU HÀNH NGÀY NAY,đó là nhận xét chung của nhiều tổng giám đốc điều hành ngày nay.
VIVOSDEV14_104_snr20,vivos,phowhisper,small,zero_shot,,42,20,speech,ĐÓ LÀ NHẬN XÉT CHUNG CỦA NHIỀU TỔNG GIÁM ĐỐC ĐIỀU HÀNH NGÀY NAY,đó là nhận xét chung của nhiều tổng giám đốc điều hành ngày nay.
VIVOSDEV14_104_snr5,vivos,phowhisper,small,zero_shot,,42,5,speech,ĐÓ LÀ NHẬN XÉT CHUNG CỦA NHIỀU TỔNG GIÁM ĐỐC ĐIỀU HÀNH NGÀY NAY,đó là nhận xét chung của nhiều tổng giám đốc điều hành nghề này.
VIVOSDEV14_115_clean,vivos,phowhisper,small,zero_shot,,42,clean,clean,VẬY MÀ GIỜ ĐÂY NÓ KHÔNG ĐỢI ĐƯỢC ĐẾN LÚC HUY VỀ,vậy mà giờ đây nó không đợi được đến lúc huy về.
VIVOSDEV14_115_snr0,vivos,phowhisper,small,zero_shot,,42,0,noise,VẬY MÀ GIỜ ĐÂY NÓ KHÔNG ĐỢI ĐƯỢC ĐẾN LÚC HUY VỀ,vậy mà giờ đây nó không đợi được đến lúc huy về.
VIVOSDEV14_115_snr10,vivos,phowhisper,small,zero_shot,,42,10,music,VẬY MÀ GIỜ ĐÂY NÓ KHÔNG ĐỢI ĐƯỢC ĐẾN LÚC HUY VỀ,vậy mà giờ đây nó không đợi được đến lúc huy về.
VIVOSDEV14_115_snr20,vivos,phowhisper,small,zero_shot,,42,20,noise,VẬY MÀ GIỜ ĐÂY NÓ KHÔNG ĐỢI ĐƯỢC ĐẾN LÚC HUY VỀ,vậy mà giờ đây nó không đợi được đến lúc huy về.
VIVOSDEV14_115_snr5,vivos,phowhisper,small,zero_shot,,42,5,noise,VẬY MÀ GIỜ ĐÂY NÓ KHÔNG ĐỢI ĐƯỢC ĐẾN LÚC HUY VỀ,vậy mà giờ đây nó không đợi được đến lúc huy về.
VIVOSDEV14_134_clean,vivos,phowhisper,small,zero_shot,,42,clean,clean,NHƯNG TRƯỚC ĐÂY NHÌN TỪ BÊN NGOÀI NƠI NÀY KHÔNG KHÁC MỘT CĂN NHÀ HOANG,trước đây nhìn từ bên ngoài nơi này không khác gì một căn nhà hoang.
VIVOSDEV14_134_snr0,vivos,phowhisper,small,zero_shot,,42,0,music,NHƯNG TRƯỚC ĐÂY NHÌN TỪ BÊN NGOÀI NƠI NÀY KHÔNG KHÁC MỘT CĂN NHÀ HOANG,trước đây nhìn từ bên ngoài nơi này không khác gì một căn nhà hoang.
VIVOSDEV14_134_snr10,vivos,phowhisper,small,zero_shot,,42,10,music,NHƯNG TRƯỚC ĐÂY NHÌN TỪ BÊN NGOÀI NƠI NÀY KHÔNG KHÁC MỘT CĂN NHÀ HOANG,trước đây nhìn từ bên ngoài nơi này không khác gì một căn nhà hoang.
VIVOSDEV14_134_snr20,vivos,phowhisper,small,zero_shot,,42,20,music,NHƯNG TRƯỚC ĐÂY NHÌN TỪ BÊN NGOÀI NƠI NÀY KHÔNG KHÁC MỘT CĂN NHÀ HOANG,trước đây nhìn từ bên ngoài nơi này không khác gì một căn nhà hoang.
VIVOSDEV14_134_snr5,vivos,phowhisper,small,zero_shot,,42,5,noise,NHƯNG TRƯỚC ĐÂY NHÌN TỪ BÊN NGOÀI NƠI NÀY KHÔNG KHÁC MỘT CĂN NHÀ HOANG,trước đây nhìn từ bên ngoài nơi này không khác gì một căn nhà hoang.
VIVOSDEV14_151_clean,vivos,phowhisper,small,zero_shot,,42,clean,clean,TÔI ĐÃ CÓ THỜI GIAN TUYỆT VỜI KHI CHƠI CHO ĐỘI TUYỂN,tôi đã có thời gian tuyệt vời khi chơi cho đội tuyển.
VIVOSDEV14_151_snr0,vivos,phowhisper,small,zero_shot,,42,0,speech,TÔI ĐÃ CÓ THỜI GIAN TUYỆT VỜI KHI CHƠI CHO ĐỘI TUYỂN,tôi đã có thời gian tệ đứa tải nhất an tiếng trung quốc.
VIVOSDEV14_151_snr10,vivos,phowhisper,small,zero_shot,,42,10,music,TÔI ĐÃ CÓ THỜI GIAN TUYỆT VỜI KHI CHƠI CHO ĐỘI TUYỂN,tôi đã có thời gian tuyệt vời khi chơi cho đội tuyển.
VIVOSDEV14_151_snr20,vivos,phowhisper,small,zero_shot,,42,20,noise,TÔI ĐÃ CÓ THỜI GIAN TUYỆT VỜI KHI CHƠI CHO ĐỘI TUYỂN,tôi đã có thời gian tuyệt vời khi chơi cho đội tuyển.
VIVOSDEV14_151_snr5,vivos,phowhisper,small,zero_shot,,42,5,speech,TÔI ĐÃ CÓ THỜI GIAN TUYỆT VỜI KHI CHƠI CHO ĐỘI TUYỂN,tôi đã có thời gian tuyệt vời khi chơi cho đội tuyển.
VIVOSDEV14_156_clean,vivos,phowhisper,small,zero_shot,,42,clean,clean,THỈNH THOẢNG CON ĐI QUA DỪNG LẠI DỰNG XE NGỒI HÚT THUỐC,thỉnh thoảng con đi qua dừng lại dựng xe ngồi hút thuốc.
VIVOSDEV14_156_snr0,vivos,phowhisper,small,zero_shot,,42,0,music,THỈNH THOẢNG CON ĐI QUA DỪNG LẠI DỰNG XE NGỒI HÚT THUỐC,thỉnh thoảng con đi qua giường lại dựng xe ngồi hút thuốc.
VIVOSDEV14_156_snr10,vivos,phowhisper,small,zero_shot,,42,10,music,THỈNH THOẢNG CON ĐI QUA DỪNG LẠI DỰNG XE NGỒI HÚT THUỐC,thỉnh thoảng con đi qua dừng lại dựng xe ngồi hút thuốc.
VIVOSDEV14_156_snr20,vivos,phowhisper,small,zero_shot,,42,20,speech,THỈNH THOẢNG CON ĐI QUA DỪNG LẠI DỰNG XE NGỒI HÚT THUỐC,thỉnh thoảng con đi qua dừng lại dựng xe ngồi hút thuốc.
VIVOSDEV14_156_snr5,vivos,phowhisper,small,zero_shot,,42,5,music,THỈNH THOẢNG CON ĐI QUA DỪNG LẠI DỰNG XE NGỒI HÚT THUỐC,thỉnh thoảng con đi qua dừng lại dựng xe ngồi hút thuốc.
VIVOSDEV14_163_clean,vivos,phowhisper,small,zero_shot,,42,clean,clean,CHÚ BỘ ĐỘI QUA NHỮNG CÂU CHUYỆN CỦA ÔNG MỚI GẦN GŨI LÀM SAO,chứ bộ đòi qua những câu chuyện của ông mới gần gũi làm sao.
VIVOSDEV14_163_snr0,vivos,phowhisper,small,zero_shot,,42,0,noise,CHÚ BỘ ĐỘI QUA NHỮNG CÂU CHUYỆN CỦA ÔNG MỚI GẦN GŨI LÀM SAO,chú bộ đọa qua những câu chuyện của ông mới gần gũi lành xong.
VIVOSDEV14_163_snr10,vivos,phowhisper,small,zero_shot,,42,10,noise,CHÚ BỘ ĐỘI QUA NHỮNG CÂU CHUYỆN CỦA ÔNG MỚI GẦN GŨI LÀM SAO,chứ bộ đòi qua những câu chuyện của ông mới gần gũi làm sao.
VIVOSDEV14_163_snr20,vivos,phowhisper,small,zero_shot,,42,20,music,CHÚ BỘ ĐỘI QUA NHỮNG CÂU CHUYỆN CỦA ÔNG MỚI GẦN GŨI LÀM SAO,chứ bộ đòi qua những câu chuyện của ông mới gần gũi làm sao.
VIVOSDEV14_163_snr5,vivos,phowhisper,small,zero_shot,,42,5,music,CHÚ BỘ ĐỘI QUA NHỮNG CÂU CHUYỆN CỦA ÔNG MỚI GẦN GŨI LÀM SAO,chứ bộ đổi qua những câu chuyện của ông mới gần gũi làm sao.
VIVOSDEV14_186_clean,vivos,phowhisper,small,zero_shot,,42,clean,clean,CÓ BẰNG THẠC SĨ NHỮNG NGÀNH TRÊN LÀ MỘT LỢI THẾ,có bằng thạc sĩ nhưng ngành trên là một lợi thế.
VIVOSDEV14_186_snr0,vivos,phowhisper,small,zero_shot,,42,0,music,CÓ BẰNG THẠC SĨ NHỮNG NGÀNH TRÊN LÀ MỘT LỢI THẾ,có bằng thạc sĩ nhưng nằm trên là một giỏi thế.
VIVOSDEV14_186_snr10,vivos,phowhisper,small,zero_shot,,42,10,music,CÓ BẰNG THẠC SĨ NHỮNG NGÀNH TRÊN LÀ MỘT LỢI THẾ,có bằng thạc sĩ nhưng ngành trên là một lợi thế.
VIVOSDEV14_186_snr20,vivos,phowhisper,small,zero_shot,,42,20,noise,CÓ BẰNG THẠC SĨ NHỮNG NGÀNH TRÊN LÀ MỘT LỢI THẾ,có bằng thạc sĩ nhưng ngành trên là một lợi thế.
VIVOSDEV14_186_snr5,vivos,phowhisper,small,zero_shot,,42,5,music,CÓ BẰNG THẠC SĨ NHỮNG NGÀNH TRÊN LÀ MỘT LỢI THẾ,có bằng thạc sĩ nhưng ngầm trên là một loại khác.
VIVOSDEV14_191_clean,vivos,phowhisper,small,zero_shot,,42,clean,clean,MINH NHẬT HỒNG QUÂN VŨ CÔNG THÀNH SƯU TẦM TỪ BÁO NƯỚC NGOÀI,minh quân hồng quân vũ công thành sưu tập từ báo nước ngoài.
VIVOSDEV14_191_snr0,vivos,phowhisper,small,zero_shot,,42,0,speech,MINH NHẬT HỒNG QUÂN VŨ CÔNG THÀNH SƯU TẦM TỪ BÁO NƯỚC NGOÀI,minh quân hồng quân vũ công thành sưu tập từ báo nước ngoài.
VIVOSDEV14_191_snr10,vivos,phowhisper,small,zero_shot,,42,10,music,MINH NHẬT HỒNG QUÂN VŨ CÔNG THÀNH SƯU TẦM TỪ BÁO NƯỚC NGOÀI,minh quân hồng quân vũ công thành sưu tập từ báo nước ngoài.
VIVOSDEV14_191_snr20,vivos,phowhisper,small,zero_shot,,42,20,music,MINH NHẬT HỒNG QUÂN VŨ CÔNG THÀNH SƯU TẦM TỪ BÁO NƯỚC NGOÀI,minh quân hồng quân vũ công thành sưu tập từ báo nước ngoài.
VIVOSDEV14_191_snr5,vivos,phowhisper,small,zero_shot,,42,5,noise,MINH NHẬT HỒNG QUÂN VŨ CÔNG THÀNH SƯU TẦM TỪ BÁO NƯỚC NGOÀI,minh quân hồng quân vũ công thành sưu tập từ báo nước ngoài.
VIVOSDEV14_194_clean,vivos,phowhisper,small,zero_shot,,42,clean,clean,MUỐN CÓ BẰNG LÁI PHẢI QUA MỘT ĐỢT THI RẤT KHẮT KHE,vốn có bằng lái phải qua một đợt thi đất khắt khe.
VIVOSDEV14_194_snr0,vivos,phowhisper,small,zero_shot,,42,0,speech,MUỐN CÓ BẰNG LÁI PHẢI QUA MỘT ĐỢT THI RẤT KHẮT KHE,muốn có bằng lái phải qua một đợt thi đất khác em.
VIVOSDEV14_194_snr10,vivos,phowhisper,small,zero_shot,,42,10,noise,MUỐN CÓ BẰNG LÁI PHẢI QUA MỘT ĐỢT THI RẤT KHẮT KHE,vốn có bằng lái phải qua một đợt thi rất khắt khe.
VIVOSDEV14_194_snr20,vivos,phowhisper,small,zero_shot,,42,20,noise,MUỐN CÓ BẰNG LÁI PHẢI QUA MỘT ĐỢT THI RẤT KHẮT KHE,vốn có bằng lái phải qua một đợt thi đất khắt khe.
VIVOSDEV14_194_snr5,vivos,phowhisper,small,zero_shot,,42,5,noise,MUỐN CÓ BẰNG LÁI PHẢI QUA MỘT ĐỢT THI RẤT KHẮT KHE,vú có bằng lái phải qua một đợt thi rất khắt khe.
VIVOSDEV14_195_clean,vivos,phowhisper,small,zero_shot,,42,clean,clean,YÊU NHAU KHOẢNG VÀI THÁNG THÌ CHÚNG TÔI ĐÃ CÓ QUAN HỆ TÌNH DỤC,yêu nhau khoảng vài tháng thì chúng tôi đã có quan hệ.
VIVOSDEV14_195_snr0,vivos,phowhisper,small,zero_shot,,42,0,speech,YÊU NHAU KHOẢNG VÀI THÁNG THÌ CHÚNG TÔI ĐÃ CÓ QUAN HỆ TÌNH DỤC,yêu nhau khoảng thời tháng thì chúng tôi đã có quan hệ.
VIVOSDEV14_195_snr10,vivos,phowhisper,small,zero_shot,,42,10,speech,YÊU NHAU KHOẢNG VÀI THÁNG THÌ CHÚNG TÔI ĐÃ CÓ QUAN HỆ TÌNH DỤC,yêu nhau khoảng vài tháng thì chúng tôi đã có quan hệ.
VIVOSDEV14_195_snr20,vivos,phowhisper,small,zero_shot,,42,20,speech,YÊU NHAU KHOẢNG VÀI THÁNG THÌ CHÚNG TÔI ĐÃ CÓ QUAN HỆ TÌNH DỤC,yêu nhau khoảng vài tháng thì chúng tôi đã có quan hệ.
VIVOSDEV14_195_snr5,vivos,phowhisper,small,zero_shot,,42,5,noise,YÊU NHAU KHOẢNG VÀI THÁNG THÌ CHÚNG TÔI ĐÃ CÓ QUAN HỆ TÌNH DỤC,yêu nhau khoảng vài tháng thì chúng tôi đã có quan hệ.
VIVOSDEV14_225_clean,vivos,phowhisper,small,zero_shot,,42,clean,clean,ÔNG DƯƠNG ĐỨC LÂN PHÓ TỔNG CỤC TRƯỞNG TỔNG CỤC DẠY NGHỀ,ông dương đức lân phó tổng cục trưởng tộc cụm dạy nghề.
VIVOSDEV14_225_snr0,vivos,phowhisper,small,zero_shot,,42,0,noise,ÔNG DƯƠNG ĐỨC LÂN PHÓ TỔNG CỤC TRƯỞNG TỔNG CỤC DẠY NGHỀ,ông dương đức lân phó tổng cục trưởng tập cục dạy nghề.
VIVOSDEV14_225_snr10,vivos,phowhisper,small,zero_shot,,42,10,noise,ÔNG DƯƠNG ĐỨC LÂN PHÓ TỔNG CỤC TRƯỞNG TỔNG CỤC DẠY NGHỀ,ông dương đức luân phó tổng cục trưởng tập cục dạy nghề.
VIVOSDEV14_225_snr20,vivos,phowhisper,small,zero_shot,,42,20,speech,ÔNG DƯƠNG ĐỨC LÂN PHÓ TỔNG CỤC TRƯỞNG TỔNG CỤC DẠY NGHỀ,ông dương đức lân phó tổng cục trưởng tộc cục dạy nghề.
VIVOSDEV14_225_snr5,vivos,phowhisper,small,zero_shot,,42,5,noise,ÔNG DƯƠNG ĐỨC LÂN PHÓ TỔNG CỤC TRƯỞNG TỔNG CỤC DẠY NGHỀ,ông dương đức lân phó tổng cục trưởng tộc cục dạy nghề.
VIVOSDEV14_227_clean,vivos,phowhisper,small,zero_shot,,42,clean,clean,ĐỐI XỬ VỚI BẠN NHƯ NGƯỜI YÊU CŨ CỦA BẠN ĐÃ TỪNG LÀM,đối xử với bạn như người yêu cũ của bạn đã từng làm.
VIVOSDEV14_227_snr0,vivos,phowhisper,small,zero_shot,,42,0,music,ĐỐI XỬ VỚI BẠN NHƯ NGƯỜI YÊU CŨ CỦA BẠN ĐÃ TỪNG LÀM,đối xử với bạn như người yêu cũ của bạn đã từng làm.
VIVOSDEV14_227_snr10,vivos,phowhisper,small,zero_shot,,42,10,noise,ĐỐI XỬ VỚI BẠN NHƯ NGƯỜI YÊU CŨ CỦA BẠN ĐÃ TỪNG LÀM,đối xử với bạn như người yêu cũ của bạn đã từng làm.
VIVOSDEV14_227_snr20,vivos,phowhisper,small,zero_shot,,42,20,speech,ĐỐI XỬ VỚI BẠN NHƯ NGƯỜI YÊU CŨ CỦA BẠN ĐÃ TỪNG LÀM,đối xử với bạn như người yêu cũ của bạn đã từng làm.
VIVOSDEV14_227_snr5,vivos,phowhisper,small,zero_shot,,42,5,noise,ĐỐI XỬ VỚI BẠN NHƯ NGƯỜI YÊU CŨ CỦA BẠN ĐÃ TỪNG LÀM,đối xử với bạn như người yêu cũ của bạn đã từng làm.
VIVOSDEV14_236_clean,vivos,phowhisper,small,zero_shot,,42,clean,clean,VÌ VẬY CÔNG TY B PHẢI CÓ TRÁCH NHIỆM BỒI THƯỜNG,vì vậy công ty b phải có trách nhiệm bồi thường.
VIVOSDEV14_236_snr0,vivos,phowhisper,small,zero_shot,,42,0,music,VÌ VẬY CÔNG TY B PHẢI CÓ TRÁCH NHIỆM BỒI THƯỜNG,vì vậy công ty bê phải có trách nhiệm bồi thường.
VIVOSDEV14_236_snr10,vivos,phowhisper,small,zero_shot,,42,10,speech,VÌ VẬY CÔNG TY B PHẢI CÓ TRÁCH NHIỆM BỒI THƯỜNG,vì vậy công ty bê phải có trách nhiệm bồi thường.
VIVOSDEV14_236_snr20,vivos,phowhisper,small,zero_shot,,42,20,noise,VÌ VẬY CÔNG TY B PHẢI CÓ TRÁCH NHIỆM BỒI THƯỜNG,vì vậy công ty bê phải có trách nhiệm bồi thường.
VIVOSDEV14_236_snr5,vivos,phowhisper,small,zero_shot,,42,5,speech,VÌ VẬY CÔNG TY B PHẢI CÓ TRÁCH NHIỆM BỒI THƯỜNG,vì vậy công ty bê phải có trách nhiệm bồi thường.
VIVOSDEV14_256_clean,vivos,phowhisper,small,zero_shot,,42,clean,clean,NÔNG DÂN TRỒNG MÍA THAN CỨ MỘT VỤ ĐƯỢC LẠI BA VỤ THẤT,nông dân trồng mía than cứu một vụ lại được ba vụ thức.
VIVOSDEV14_256_snr0,vivos,phowhisper,small,zero_shot,,42,0,speech,NÔNG DÂN TRỒNG MÍA THAN CỨ MỘT VỤ ĐƯỢC LẠI BA VỤ THẤT,ngông dân trong ít hang cứu một vụ luyện tại được bao hút thuốc.
VIVOSDEV14_256_snr10,vivos,phowhisper,small,zero_shot,,42,10,noise,NÔNG DÂN TRỒNG MÍA THAN CỨ MỘT VỤ ĐƯỢC LẠI BA VỤ THẤT,nông dân trồng mía than cứ một vụ lại được ba vụ thức.
VIVOSDEV14_256_snr20,vivos,phowhisper,small,zero_shot,,42,20,music,NÔNG DÂN TRỒNG MÍA THAN CỨ MỘT VỤ ĐƯỢC LẠI BA VỤ THẤT,nông dân trồng mía than cứu một vụ lại được ba vụ thức.
VIVOSDEV14_256_snr5,vivos,phowhisper,small,zero_shot,,42,5,noise,NÔNG DÂN TRỒNG MÍA THAN CỨ MỘT VỤ ĐƯỢC LẠI BA VỤ THẤT,nông dân trồng ghế than cứu một vụ lại được ba vụ thức.
VIVOSDEV14_280_clean,vivos,phowhisper,small,zero_shot,,42,clean,clean,THÌ NGƯỜI XEM CŨNG ĐƯỢC NÂNG CAO KIẾN THỨC VỀ ĐỊA LÝ,thì người xem cũng được nâng cao kiến thức và địa lý.
VIVOSDEV14_280_snr0,vivos,phowhisper,small,zero_shot,,42,0,music,THÌ NGƯỜI XEM CŨNG ĐƯỢC NÂNG CAO KIẾN THỨC VỀ ĐỊA LÝ,thì người xem cũng được nâng cao kiến thức và địa lý.
VIVOSDEV14_280_snr10,vivos,phowhisper,small,zero_shot,,42,10,noise,THÌ NGƯỜI XEM CŨNG ĐƯỢC NÂNG CAO KIẾN THỨC VỀ ĐỊA LÝ,thì người xem cũng được nâng cao kiến thức về địa lý.
VIVOSDEV14_280_snr20,vivos,phowhisper,small,zero_shot,,42,20,noise,THÌ NGƯỜI XEM CŨNG ĐƯỢC NÂNG CAO KIẾN THỨC VỀ ĐỊA LÝ,thì người xem cũng được nâng cao kiến thức về địa lý.
VIVOSDEV14_280_snr5,vivos,phowhisper,small,zero_shot,,42,5,music,THÌ NGƯỜI XEM CŨNG ĐƯỢC NÂNG CAO KIẾN THỨC VỀ ĐỊA LÝ,thì người xem cũng được nâng cao kiến thức và địa lý.
VIVOSDEV14_283_clean,vivos,phowhisper,small,zero_shot,,42,clean,clean,NGÀY XƯA CÁC CỤ LÀM BÌA SÁCH LÀ MINH HOẠ CHO CUỐN SÁCH ĐÓ,ngày xưa các cụ làm bìa sách là minh hoả cho cuốn sách đó.
VIVOSDEV14_283_snr0,vivos,phowhisper,small,zero_shot,,42,0,music,NGÀY XƯA CÁC CỤ LÀM BÌA SÁCH LÀ MINH HOẠ CHO CUỐN SÁCH ĐÓ,ngày xưa các cụ làm bề sách làm minh hỏa cho cuốn sách đó.
VIVOSDEV14_283_snr10,vivos,phowhisper,small,zero_shot,,42,10,speech,NGÀY XƯA CÁC CỤ LÀM BÌA SÁCH LÀ MINH HOẠ CHO CUỐN SÁCH ĐÓ,ngày xưa các cụ làm bìa sách là minh hoả cho cuốn sách đó.
VIVOSDEV14_283_snr20,vivos,phowhisper,small,zero_shot,,42,20,speech,NGÀY XƯA CÁC CỤ LÀM BÌA SÁCH LÀ MINH HOẠ CHO CUỐN SÁCH ĐÓ,ngày xưa các cụ làm bìa sách làm minh hỏa cho cuốn sách đó.
VIVOSDEV14_283_snr5,vivos,phowhisper,small,zero_shot,,42,5,speech,NGÀY XƯA CÁC CỤ LÀM BÌA SÁCH LÀ MINH HOẠ CHO CUỐN SÁCH ĐÓ,ngày xưa các cụ làm bè sách làm minh hải cho cuốn sách đó.
VIVOSDEV14_286_clean,vivos,phowhisper,small,zero_shot,,42,clean,clean,NHIỀU GIA ĐÌNH HIỆN NAY THÍCH TỰ GIỚI THIỆU CHƯƠNG TRÌNH,nhiều gia đình hiện nay thích tự giới thiệu chương trình.
VIVOSDEV14_286_snr0,vivos,phowhisper,small,zero_shot,,42,0,music,NHIỀU GIA ĐÌNH HIỆN NAY THÍCH TỰ GIỚI THIỆU CHƯƠNG TRÌNH,người gia đình muốn thích tự giới thiệu chương trình.
VIVOSDEV14_286_snr10,vivos,phowhisper,small,zero_shot,,42,10,noise,NHIỀU GIA ĐÌNH HIỆN NAY THÍCH TỰ GIỚI THIỆU CHƯƠNG TRÌNH,nhiều gia đình hiện nay thích tự giới thiệu chương trình.
VIVOSDEV14_286_snr20,vivos,phowhisper,small,zero_shot,,42,20,speech,NHIỀU GIA ĐÌNH HIỆN NAY THÍCH TỰ GIỚI THIỆU CHƯƠNG TRÌNH,nhiều gia đình hiện nay thích tự giới thiệu chương trình.
VIVOSDEV14_286_snr5,vivos,phowhisper,small,zero_shot,,42,5,speech,NHIỀU GIA ĐÌNH HIỆN NAY THÍCH TỰ GIỚI THIỆU CHƯƠNG TRÌNH,nhiều gia đình hiện nay thích tự giới thiệu chương trình.
VIVOSDEV14_289_clean,vivos,phowhisper,small,zero_shot,,42,clean,clean,TÔI LÀ MỘT NGƯỜI MIỀN TÂY ĐANG LÀ NGHIÊN CỨU SINH Ở MỸ,tôi là một người miền tây đang là nghiên cứu sinh ở mỹ.
VIVOSDEV14_289_snr0,vivos,phowhisper,small,zero_shot,,42,0,noise,TÔI LÀ MỘT NGƯỜI MIỀN TÂY ĐANG LÀ NGHIÊN CỨU SINH Ở MỸ,tôi là một người miền tây đang là nghiên cứu sinh ở mỹ.
VIVOSDEV14_289_snr10,vivos,phowhisper,small,zero_shot,,42,10,noise,TÔI LÀ MỘT NGƯỜI MIỀN TÂY ĐANG LÀ NGHIÊN CỨU SINH Ở MỸ,tôi là một người miền tây đang là nghiên cứu sinh ở mỹ.
VIVOSDEV14_289_snr20,vivos,phowhisper,small,zero_shot,,42,20,noise,TÔI LÀ MỘT NGƯỜI MIỀN TÂY ĐANG LÀ NGHIÊN CỨU SINH Ở MỸ,tôi là một người miền tây đang là nghiên cứu sinh ở mỹ.
VIVOSDEV14_289_snr5,vivos,phowhisper,small,zero_shot,,42,5,speech,TÔI LÀ MỘT NGƯỜI MIỀN TÂY ĐANG LÀ NGHIÊN CỨU SINH Ở MỸ,tôi là một người miền tây đang là nghiên cứu sinh ở mỹ.
VIVOSDEV14_291_clean,vivos,phowhisper,small,zero_shot,,42,clean,clean,CÀNG ĐI SÂU VÀO BÊN TRONG CẢNH TRÍ THIÊN NHIÊN CÀNG HÙNG VĨ,càng đi sâu vào bên trong cảnh trí thiên nhiên càng hùng vĩ.
VIVOSDEV14_291_snr0,vivos,phowhisper,small,zero_shot,,42,0,speech,CÀNG ĐI SÂU VÀO BÊN TRONG CẢNH TRÍ THIÊN NHIÊN CÀNG HÙNG VĨ,kẻ đi sâu vào bên trong cảnh trí thiên nhiên càng hùng vĩ.
VIVOSDEV14_291_snr10,vivos,phowhisper,small,zero_shot,,42,10,speech,CÀNG ĐI SÂU VÀO BÊN TRONG CẢNH TRÍ THIÊN NHIÊN CÀNG HÙNG VĨ,càng đi sâu vào bên trong cảnh trí thiên nhiên càng hùng vĩ.
VIVOSDEV14_291_snr20,vivos,phowhisper,small,zero_shot,,42,20,speech,CÀNG ĐI SÂU VÀO BÊN TRONG CẢNH TRÍ THIÊN NHIÊN CÀNG HÙNG VĨ,càng đi sâu vào bên trong cảnh trí thiên nhiên càng hùng vĩ.
VIVOSDEV14_291_snr5,vivos,phowhisper,small,zero_shot,,42,5,speech,CÀNG ĐI SÂU VÀO BÊN TRONG CẢNH TRÍ THIÊN NHIÊN CÀNG HÙNG VĨ,kè đi sâu vào bên trong cảnh trí thiên nhiên càng hùng vĩ.
VIVOSDEV14_294_clean,vivos,phowhisper,small,zero_shot,,42,clean,clean,MONG BẠN BÌNH TÂM SUY NGHĨ VÀ CHỌN ĐƯỢC CÁCH GIẢI QUYẾT TỐT NHẤT,mong bạn bình đắm suy nghĩ và chọn được cách giải quyết tốt nhất.
VIVOSDEV14_294_snr0,vivos,phowhisper,small,zero_shot,,42,0,music,MONG BẠN BÌNH TÂM SUY NGHĨ VÀ CHỌN ĐƯỢC CÁCH GIẢI QUYẾT TỐT NHẤT,mong bạn bình đẳng suy nghĩ và chọn được cách giải quyết tốt nhất.
VIVOSDEV14_294_snr10,vivos,phowhisper,small,zero_shot,,42,10,speech,MONG BẠN BÌNH TÂM SUY NGHĨ VÀ CHỌN ĐƯỢC CÁCH GIẢI QUYẾT TỐT NHẤT,mong bạn bình đâm suy nghĩ và chọn được cảnh giải quyết tốt nhất.
VIVOSDEV14_294_snr20,vivos,phowhisper,small,zero_shot,,42,20,music,MONG BẠN BÌNH TÂM SUY NGHĨ VÀ CHỌN ĐƯỢC CÁCH GIẢI QUYẾT TỐT NHẤT,mong bạn bình đắm suy nghĩ và chọn được cách giải quyết tốt nhất.
VIVOSDEV14_294_snr5,vivos,phowhisper,small,zero_shot,,42,5,speech,MONG BẠN BÌNH TÂM SUY NGHĨ VÀ CHỌN ĐƯỢC CÁCH GIẢI QUYẾT TỐT NHẤT,mong bạn bình tâm suy nghĩ và chọn được cách giải quyết tốt nhất.
VIVOSDEV15_014_clean,vivos,phowhisper,small,zero_shot,,42,clean,clean,THÀNH MỘT CHIẾC LỒNG ĐÈN KHỔNG LỒ TẠI CÔNG VIÊN Ở THỦ ĐÔ BẮC KINH,thành một chiếc lồng đèn khổng lồ tại công viên ở thủ đô bắc kinh.
VIVOSDEV15_014_snr0,vivos,phowhisper,small,zero_shot,,42,0,music,THÀNH MỘT CHIẾC LỒNG ĐÈN KHỔNG LỒ TẠI CÔNG VIÊN Ở THỦ ĐÔ BẮC KINH,thành một chiếc lồng đèn khổng lồ tại công viên ở thủ đô bắc kinh.
VIVOSDEV15_014_snr10,vivos,phowhisper,small,zero_shot,,42,10,speech,THÀNH MỘT CHIẾC LỒNG ĐÈN KHỔNG LỒ TẠI CÔNG VIÊN Ở THỦ ĐÔ BẮC KINH,thành một chiếc lồng đèn khổng lồ tại công viên ở thủ đô bắc kinh.
VIVOSDEV15_014_snr20,vivos,phowhisper,small,zero_shot,,42,20,music,THÀNH MỘT CHIẾC LỒNG ĐÈN KHỔNG LỒ TẠI CÔNG VIÊN Ở THỦ ĐÔ BẮC KINH,thành một chiếc lồng đèn khổng lồ tại công viên ở thủ đô bắc kinh.
VIVOSDEV15_014_snr5,vivos,phowhisper,small,zero_shot,,42,5,music,THÀNH MỘT CHIẾC LỒNG ĐÈN KHỔNG LỒ TẠI CÔNG VIÊN Ở THỦ ĐÔ BẮC KINH,thành một chiếc lồng đèn khổng lồ tại công viên ở thủ đô bắc kinh.
VIVOSDEV15_020_clean,vivos,phowhisper,small,zero_shot,,42,clean,clean,CÂU CHUYỆN CỦA QUÁ KHỨ ÔNG KỂ KHÔNG BIẾT BAO NHIÊU LẦN,câu chuyện của quá khứ ông kể không biết bao nhiêu lần.
VIVOSDEV15_020_snr0,vivos,phowhisper,small,zero_shot,,42,0,noise,CÂU CHUYỆN CỦA QUÁ KHỨ ÔNG KỂ KHÔNG BIẾT BAO NHIÊU LẦN,câu chuyện của quá khứ ông phải thay đổi bao nhiêu lần.
VIVOSDEV15_020_snr10,vivos,phowhisper,small,zero_shot,,42,10,noise,CÂU CHUYỆN CỦA QUÁ KHỨ ÔNG KỂ KHÔNG BIẾT BAO NHIÊU LẦN,câu chuyện của quá khứ ông kể không biết bao nhiêu lần.
VIVOSDEV15_020_snr20,vivos,phowhisper,small,zero_shot,,42,20,music,CÂU CHUYỆN CỦA QUÁ KHỨ ÔNG KỂ KHÔNG BIẾT BAO NHIÊU LẦN,câu chuyện của quá khứ ông kể không biết bao nhiêu lần.
VIVOSDEV15_020_snr5,vivos,phowhisper,small,zero_shot,,42,5,music,CÂU CHUYỆN CỦA QUÁ KHỨ ÔNG KỂ KHÔNG BIẾT BAO NHIÊU LẦN,câu chuyện của quá khứ ông kể không biết bao nhiêu lần.
VIVOSDEV15_021_clean,vivos,phowhisper,small,zero_shot,,42,clean,clean,MÀU SON TRÔNG THẬT TUYỆT TRÊN BẤT KÌ MÀU DA NÀO,màu son trông thật tuyệt trên bất kì màu da nào.
VIVOSDEV15_021_snr0,vivos,phowhisper,small,zero_shot,,42,0,music,MÀU SON TRÔNG THẬT TUYỆT TRÊN BẤT KÌ MÀU DA NÀO,màu son trông thật tuyệt cho bất kỳ người ra ngoài.
VIVOSDEV15_021_snr10,vivos,phowhisper,small,zero_shot,,42,10,music,MÀU SON TRÔNG THẬT TUYỆT TRÊN BẤT KÌ MÀU DA NÀO,màu son trông thật tuyệt trên bất kỳ màu da nào.
VIVOSDEV15_021_snr20,vivos,phowhisper,small,zero_shot,,42,20,music,MÀU SON TRÔNG THẬT TUYỆT TRÊN BẤT KÌ MÀU DA NÀO,màu son trông thật tuyệt trên bất kì màu da nào.
VIVOSDEV15_021_snr5,vivos,phowhisper,small,zero_shot,,42,5,speech,MÀU SON TRÔNG THẬT TUYỆT TRÊN BẤT KÌ MÀU DA NÀO,màu son trông thật tuyệt trên bất kỳ bầu ra nào.
VIVOSDEV15_026_clean,vivos,phowhisper,small,zero_shot,,42,clean,clean,ÔNG ĂN CHAY MÀ NGHĨ MẶN THÌ ĂN CHAY LÀM CHI,ông ăn chay mà nghĩ mặn thì ăn chay làm chi.
VIVOSDEV15_026_snr0,vivos,phowhisper,small,zero_shot,,42,0,noise,ÔNG ĂN CHAY MÀ NGHĨ MẶN THÌ ĂN CHAY LÀM CHI,ông ăn cay mà nghĩ mạn thì ăn cay làm thi.
VIVOSDEV15_026_snr10,vivos,phowhisper,small,zero_shot,,42,10,music,ÔNG ĂN CHAY MÀ NGHĨ MẶN THÌ ĂN CHAY LÀM CHI,ông ăn chay mà nghĩ mặn thì ăn chay làm gì.
VIVOSDEV15_026_snr20,vivos,phowhisper,small,zero_shot,,42,20,noise,ÔNG ĂN CHAY MÀ NGHĨ MẶN THÌ ĂN CHAY LÀM CHI,ông ăn chay mà nghĩ mặn thì ăn chay làm gì.
VIVOSDEV15_026_snr5,vivos,phowhisper,small,zero_shot,,42,5,speech,ÔNG ĂN CHAY MÀ NGHĨ MẶN THÌ ĂN CHAY LÀM CHI,ông ăn tay mà nghĩ mặn thì ăn tay làm thi.
VIVOSDEV15_037_clean,vivos,phowhisper,small,zero_shot,,42,clean,clean,TRÊN CƠ SỞ ĐÓ NHỮNG HÀNH VI VI PHẠM SẼ ĐƯỢC XỬ LÝ NGHIÊM,trên cơ sở đó những hành vi vi phạm sẽ được xử lý nghiêm.
VIVOSDEV15_037_snr0,vivos,phowhisper,small,zero_shot,,42,0,noise,TRÊN CƠ SỞ ĐÓ NHỮNG HÀNH VI VI PHẠM SẼ ĐƯỢC XỬ LÝ NGHIÊM,trên cơ sở đó những hành vi vi phạm sẽ được xử lý nghiêm.
VIVOSDEV15_037_snr10,vivos,phowhisper,small,zero_shot,,42,10,music,TRÊN CƠ SỞ ĐÓ NHỮNG HÀNH VI VI PHẠM SẼ ĐƯỢC XỬ LÝ NGHIÊM,trên cơ sở đó những hành vi vi phạm sẽ được xử lý nghiêm.
VIVOSDEV15_037_snr20,vivos,phowhisper,small,zero_shot,,42,20,speech,TRÊN CƠ SỞ ĐÓ NHỮNG HÀNH VI VI PHẠM SẼ ĐƯỢC XỬ LÝ NGHIÊM,trên cơ sở đó những hành vi vi phạm sẽ được xử lý nghiêm.
VIVOSDEV15_037_snr5,vivos,phowhisper,small,zero_shot,,42,5,noise,TRÊN CƠ SỞ ĐÓ NHỮNG HÀNH VI VI PHẠM SẼ ĐƯỢC XỬ LÝ NGHIÊM,trên cơ sở đó những hành vi vi phạm sẽ được xử lý nghiêm.
VIVOSDEV15_038_clean,vivos,phowhisper,small,zero_shot,,42,clean,clean,MỘT CƠ QUAN CHÍNH THỨC ĐỂ KHÁCH HÀNG KHIẾU NẠI THAM KHẢO VÀ TIN TƯỞNG,một cơ quan chính thức để khách hàng khiếu nại tham khảo và tin tưởng.
VIVOSDEV15_038_snr0,vivos,phowhisper,small,zero_shot,,42,0,noise,MỘT CƠ QUAN CHÍNH THỨC ĐỂ KHÁCH HÀNG KHIẾU NẠI THAM KHẢO VÀ TIN TƯỞNG,một cơ quan chính thức để khách hàng khiếu nại tham khảo và tin tưởng.
VIVOSDEV15_038_snr10,vivos,phowhisper,small,zero_shot,,42,10,music,MỘT CƠ QUAN CHÍNH THỨC ĐỂ KHÁCH HÀNG KHIẾU NẠI THAM KHẢO VÀ TIN TƯỞNG,một cơ quan chính thức để khách hàng khiếu nại tham khảo và tin tưởng.
VIVOSDEV15_038_snr20,vivos,phowhisper,small,zero_shot,,42,20,noise,MỘT CƠ QUAN CHÍNH THỨC ĐỂ KHÁCH HÀNG KHIẾU NẠI THAM KHẢO VÀ TIN TƯỞNG,một cơ quan chính thức để khách hàng khiếu nại tham khảo và tin tưởng.
VIVOSDEV15_038_snr5,vivos,phowhisper,small,zero_shot,,42,5,noise,MỘT CƠ QUAN CHÍNH THỨC ĐỂ KHÁCH HÀNG KHIẾU NẠI THAM KHẢO VÀ TIN TƯỞNG,một cơ quan chính thức để khách hàng khiếu nại tham khảo và tin tưởng.
VIVOSDEV15_050_clean,vivos,phowhisper,small,zero_shot,,42,clean,clean,CHẲNG LẼ ĂN CƠM NHÀ NGƯỜI MÀ LẠI KHÔNG CHĂM CHÚ LẮNG NGHE NGƯỜI NÓI,chẳng lẽ ăn cơm nhà người mà lại không chăm chú lắng nghe người nói.
VIVOSDEV15_050_snr0,vivos,phowhisper,small,zero_shot,,42,0,music,CHẲNG LẼ ĂN CƠM NHÀ NGƯỜI MÀ LẠI KHÔNG CHĂM CHÚ LẮNG NGHE NGƯỜI NÓI,chẳng lẽ anh cơm nhà người mà lại không chăm chú làm nghe người nói.
VIVOSDEV15_050_snr10,vivos,phowhisper,small,zero_shot,,42,10,music,CHẲNG LẼ ĂN CƠM NHÀ NGƯỜI MÀ LẠI KHÔNG CHĂM CHÚ LẮNG NGHE NGƯỜI NÓI,chẳng lẽ anh cơm nhà người mà lại không chăm chú lắng nghe người nói.
VIVOSDEV15_050_snr20,vivos,phowhisper,small,zero_shot,,42,20,noise,CHẲNG LẼ ĂN CƠM NHÀ NGƯỜI MÀ LẠI KHÔNG CHĂM CHÚ LẮNG NGHE NGƯỜI NÓI,chẳng lẽ ăn cơm nhà người mà lại không chăm chú lắng nghe người nói.
VIVOSDEV15_050_snr5,vivos,phowhisper,small,zero_shot,,42,5,music,CHẲNG LẼ ĂN CƠM NHÀ NGƯỜI MÀ LẠI KHÔNG CHĂM CHÚ LẮNG NGHE NGƯỜI NÓI,chẳng lẽ anh cơm nhà người mà lại không chăm chú lắng nghe người nói.
VIVOSDEV15_062_clean,vivos,phowhisper,small,zero_shot,,42,clean,clean,NGHĨA LÀ NẾU BẠN ĐANG LÀM VIỆC DƯỚI QUYỀN MỘT GIÁM SÁT VIÊN,nghĩa là nếu bạn đang làm việc dưới quyền một giám sát viên.
VIVOSDEV15_062_snr0,vivos,phowhisper,small,zero_shot,,42,0,speech,NGHĨA LÀ NẾU BẠN ĐANG LÀM VIỆC DƯỚI QUYỀN MỘT GIÁM SÁT VIÊN,nghĩa là nếu bạn đang làm việc dưới quyền và giám sát viên.
VIVOSDEV15_062_snr10,vivos,phowhisper,small,zero_shot,,42,10,music,NGHĨA LÀ NẾU BẠN ĐANG LÀM VIỆC DƯỚI QUYỀN MỘT GIÁM SÁT VIÊN,nghĩa là nếu bạn đang làm việc dưới quyền muốn giám sát viên.
VIVOSDEV15_062_snr20,vivos,phowhisper,small,zero_shot,,42,20,noise,NGHĨA LÀ NẾU BẠN ĐANG LÀM VIỆC DƯỚI QUYỀN MỘT GIÁM SÁT VIÊN,nghĩa là nếu bạn đang làm việc dưới quyền một giám sát viên.
VIVOSDEV15_062_snr5,vivos,phowhisper,small,zero_shot,,42,5,speech,NGHĨA LÀ NẾU BẠN ĐANG LÀM VIỆC DƯỚI QUYỀN MỘT GIÁM SÁT VIÊN,nghĩa là nếu bạn đang làm việc dưới truyền màu sản xát viên.
VIVOSDEV15_066_clean,vivos,phowhisper,small,zero_shot,,42,clean,clean,KẼM CÓ NHIỀU TRONG GAN SÒ THỊT ĐỎ CÁ ÓC TRỨNG,kẽm có nhiều trong can sò thịt đỏ cá óc trứng.
VIVOSDEV15_066_snr0,vivos,phowhisper,small,zero_shot,,42,0,noise,KẼM CÓ NHIỀU TRONG GAN SÒ THỊT ĐỎ CÁ ÓC TRỨNG,kẽm quá nhiều trong can sò thịt đỏ cá óc trứng.
VIVOSDEV15_066_snr10,vivos,phowhisper,small,zero_shot,,42,10,music,KẼM CÓ NHIỀU TRONG GAN SÒ THỊT ĐỎ CÁ ÓC TRỨNG,kẽm có nhiều trong can sò thịt đỏ cá óc trứng.
VIVOSDEV15_066_snr20,vivos,phowhisper,small,zero_shot,,42,20,speech,KẼM CÓ NHIỀU TRONG GAN SÒ THỊT ĐỎ CÁ ÓC TRỨNG,kẽm có nhiều trong can sò thịt đỏ cá óc trứng.
VIVOSDEV15_066_snr5,vivos,phowhisper,small,zero_shot,,42,5,noise,KẼM CÓ NHIỀU TRONG GAN SÒ THỊT ĐỎ CÁ ÓC TRỨNG,kẽm có nhiều trong can sò thịt đỏ cá óc trứng.
VIVOSDEV15_092_clean,vivos,phowhisper,small,zero_shot,,42,clean,clean,UNG THƯ TỪ MỘT CƠ QUAN KHÁC DI CĂN VÀO HỆ THỐNG HẠCH BẠCH HUYẾT,ung thư từ một cơ quan khác di căn vào hệ thống hạch bạch huyết.
VIVOSDEV15_092_snr0,vivos,phowhisper,small,zero_shot,,42,0,speech,UNG THƯ TỪ MỘT CƠ QUAN KHÁC DI CĂN VÀO HỆ THỐNG HẠCH BẠCH HUYẾT,đừng yên tử một cơ quan khác gì căn bản hay ống hạch đế chế.
VIVOSDEV15_092_snr10,vivos,phowhisper,small,zero_shot,,42,10,noise,UNG THƯ TỪ MỘT CƠ QUAN KHÁC DI CĂN VÀO HỆ THỐNG HẠCH BẠCH HUYẾT,ung thư từ một cơ quan khác như căn bảo hệ thống bạch huyết.
VIVOSDEV15_092_snr20,vivos,phowhisper,small,zero_shot,,42,20,music,UNG THƯ TỪ MỘT CƠ QUAN KHÁC DI CĂN VÀO HỆ THỐNG HẠCH BẠCH HUYẾT,ung thư từ một cơ quan khác di căn vào hệ thống bạch huyết.
VIVOSDEV15_092_snr5,vivos,phowhisper,small,zero_shot,,42,5,speech,UNG THƯ TỪ MỘT CƠ QUAN KHÁC DI CĂN VÀO HỆ THỐNG HẠCH BẠCH HUYẾT,ung thư từ một cơ quan khác di căn vào hệ thống hạch bạch huyết.
VIVOSDEV15_109_clean,vivos,phowhisper,small,zero_shot,,42,clean,clean,CUỘC THI TỰ HÀO SỬ VIỆT ĐÃ HẾT GIAI ĐOẠN I,cuộc thi tự hào sử việt đã hết giai đoạn.
VIVOSDEV15_109_snr0,vivos,phowhisper,small,zero_shot,,42,0,music,CUỘC THI TỰ HÀO SỬ VIỆT ĐÃ HẾT GIAI ĐOẠN I,cuộc thi tự hào sự việc đã hết giai đoạn.
VIVOSDEV15_109_snr10,vivos,phowhisper,small,zero_shot,,42,10,noise,CUỘC THI TỰ HÀO SỬ VIỆT ĐÃ HẾT GIAI ĐOẠN I,cuộc thi tự hào sở việt đã hết giai đoạn.
VIVOSDEV15_109_snr20,vivos,phowhisper,small,zero_shot,,42,20,music,CUỘC THI TỰ HÀO SỬ VIỆT ĐÃ HẾT GIAI ĐOẠN I,cuộc thi tự hào sử việt đã hết giai đoạn.
VIVOSDEV15_109_snr5,vivos,phowhisper,small,zero_shot,,42,5,music,CUỘC THI TỰ HÀO SỬ VIỆT ĐÃ HẾT GIAI ĐOẠN I,cuộc thi tự hào sự việc đã hết giai đoạn.
VIVOSDEV15_111_clean,vivos,phowhisper,small,zero_shot,,42,clean,clean,CUỘC BIỂU TÌNH CỦA ÁO ĐỎ CÓ THỂ SẼ BIẾN THÀNH BẠO LỰC,cuộc biểu tình của áo đỏ có thể sẽ biến thành bạo lực.
VIVOSDEV15_111_snr0,vivos,phowhisper,small,zero_shot,,42,0,music,CUỘC BIỂU TÌNH CỦA ÁO ĐỎ CÓ THỂ SẼ BIẾN THÀNH BẠO LỰC,cuộc biểu tình của áo đỏ có thể sẽ biến thành bão lửa.
VIVOSDEV15_111_snr10,vivos,phowhisper,small,zero_shot,,42,10,noise,CUỘC BIỂU TÌNH CỦA ÁO ĐỎ CÓ THỂ SẼ BIẾN THÀNH BẠO LỰC,cuộc biểu tình của áo đỏ có thể sẽ biến thành bạo lực.
VIVOSDEV15_111_snr20,vivos,phowhisper,small,zero_shot,,42,20,speech,CUỘC BIỂU TÌNH CỦA ÁO ĐỎ CÓ THỂ SẼ BIẾN THÀNH BẠO LỰC,cuộc biểu tình của áo đỏ có thể sẽ biến thành bạo lực.
VIVOSDEV15_111_snr5,vivos,phowhisper,small,zero_shot,,42,5,noise,CUỘC BIỂU TÌNH CỦA ÁO ĐỎ CÓ THỂ SẼ BIẾN THÀNH BẠO LỰC,cuộc biểu tình của áo đỏ có thể sẽ biến thành bạo lực.
VIVOSDEV15_154_clean,vivos,phowhisper,small,zero_shot,,42,clean,clean,CÁI NHÀ HÁT BỊ ĐẬP TAN TÀNH ÔNG KHOÁI LẮM À,cái nhà hát bị đập tan tành ông khoái lắm ả.
VIVOSDEV15_154_snr0,vivos,phowhisper,small,zero_shot,,42,0,music,CÁI NHÀ HÁT BỊ ĐẬP TAN TÀNH ÔNG KHOÁI LẮM À,cái nhạc hát bị đập toan tình ông khá lắm à.
VIVOSDEV15_154_snr10,vivos,phowhisper,small,zero_shot,,42,10,music,CÁI NHÀ HÁT BỊ ĐẬP TAN TÀNH ÔNG KHOÁI LẮM À,cái nhà hát bị đập tan tành ông khoái lắm ả.
VIVOSDEV15_154_snr20,vivos,phowhisper,small,zero_shot,,42,20,noise,CÁI NHÀ HÁT BỊ ĐẬP TAN TÀNH ÔNG KHOÁI LẮM À,cái nhà hát bị đập tan tành ông khoái lắm ả.
VIVOSDEV15_154_snr5,vivos,phowhisper,small,zero_shot,,42,5,speech,CÁI NHÀ HÁT BỊ ĐẬP TAN TÀNH ÔNG KHOÁI LẮM À,cái nhà hát bị đập tan tành ông khoái lắm ạ.
VIVOSDEV15_168_clean,vivos,phowhisper,small,zero_shot,,42,clean,clean,MÂM CƠM VẪN THANH ĐẠM TỦ ÁO CỦA VỢ CŨNG CHỈ VÀI BỘ ĐƠN SƠ,mâm cơ vẫn thanh đạm tổ áo của vợ cũng chỉ vài bộ đơn sơ.
VIVOSDEV15_168_snr0,vivos,phowhisper,small,zero_shot,,42,0,music,MÂM CƠM VẪN THANH ĐẠM TỦ ÁO CỦA VỢ CŨNG CHỈ VÀI BỘ ĐƠN SƠ,mâm cơ vẫn thanh đạm tổ áo của vợ cũng chỉ vài bộ đơn giơ.
VIVOSDEV15_168_snr10,vivos,phowhisper,small,zero_shot,,42,10,noise,MÂM CƠM VẪN THANH ĐẠM TỦ ÁO CỦA VỢ CŨNG CHỈ VÀI BỘ ĐƠN SƠ,mâm cơ vẫn thanh đạm tổ áo của vợ cũng chỉ vài bộ đơn sơ.
VIVOSDEV15_168_snr20,vivos,phowhisper,small,zero_shot,,42,20,music,MÂM CƠM VẪN THANH ĐẠM TỦ ÁO CỦA VỢ CŨNG CHỈ VÀI BỘ ĐƠN SƠ,mâm cơm vẫn thanh đạm tổ áo của vợ cũng chỉ vài bộ đơn sơ.
VIVOSDEV15_168_snr5,vivos,phowhisper,small,zero_shot,,42,5,noise,MÂM CƠM VẪN THANH ĐẠM TỦ ÁO CỦA VỢ CŨNG CHỈ VÀI BỘ ĐƠN SƠ,mâm cơ vẫn thanh đạm tổ áo của vợ cũng chỉ vài bộ đơn sơ.
VIVOSDEV15_180_clean,vivos,phowhisper,small,zero_shot,,42,clean,clean,HIỆN NAY BÀ ĐANG BỊ NHIỀU BỆNH VÀ SỐNG DƯỚI MỨC NGHÈO KHỔ,hiện nay bà đang bị nhiều bệnh và sống dưới mức nghèo khổ.
VIVOSDEV15_180_snr0,vivos,phowhisper,small,zero_shot,,42,0,music,HIỆN NAY BÀ ĐANG BỊ NHIỀU BỆNH VÀ SỐNG DƯỚI MỨC NGHÈO KHỔ,hiện nay bà đang bị nhiều bệnh và sống dưới mức nghèo khổ.
VIVOSDEV15_180_snr10,vivos,phowhisper,small,zero_shot,,42,10,music,HIỆN NAY BÀ ĐANG BỊ NHIỀU BỆNH VÀ SỐNG DƯỚI MỨC NGHÈO KHỔ,hiện nay bà đang bị nhiều bệnh và sống dưới mức nghèo khổ.
VIVOSDEV15_180_snr20,vivos,phowhisper,small,zero_shot,,42,20,music,HIỆN NAY BÀ ĐANG BỊ NHIỀU BỆNH VÀ SỐNG DƯỚI MỨC NGHÈO KHỔ,hiện nay bà đang bị nhiều bệnh và sống dưới mức nghèo khổ.
VIVOSDEV15_180_snr5,vivos,phowhisper,small,zero_shot,,42,5,noise,HIỆN NAY BÀ ĐANG BỊ NHIỀU BỆNH VÀ SỐNG DƯỚI MỨC NGHÈO KHỔ,hiện nay bà đang bị nhiều bệnh và sống dưới mức nghèo khổ.
VIVOSDEV15_198_clean,vivos,phowhisper,small,zero_shot,,42,clean,clean,NHẢM NHÍ KHI GIỜ HỌC CHÁN PHÈO BUỒN NGỦ QUÁ Ờ BUỒN NGỦ,nhảm nhí khi giờ học chán phèo buồn ngủ quá ờ buồn ngủ.
VIVOSDEV15_198_snr0,vivos,phowhisper,small,zero_shot,,42,0,noise,NHẢM NHÍ KHI GIỜ HỌC CHÁN PHÈO BUỒN NGỦ QUÁ Ờ BUỒN NGỦ,nhảm nhí khi giờ họ chán phèo buồn ngủ quá à buồn ngủ.
VIVOSDEV15_198_snr10,vivos,phowhisper,small,zero_shot,,42,10,music,NHẢM NHÍ KHI GIỜ HỌC CHÁN PHÈO BUỒN NGỦ QUÁ Ờ BUỒN NGỦ,nhảm nhí khi giờ học chán phèo buồn ngủ quá à buồn ngủ.
VIVOSDEV15_198_snr20,vivos,phowhisper,small,zero_shot,,42,20,speech,NHẢM NHÍ KHI GIỜ HỌC CHÁN PHÈO BUỒN NGỦ QUÁ Ờ BUỒN NGỦ,nhảm nhí khi giờ học chán phèo buồn ngủ quá à buồn ngủ.
VIVOSDEV15_198_snr5,vivos,phowhisper,small,zero_shot,,42,5,music,NHẢM NHÍ KHI GIỜ HỌC CHÁN PHÈO BUỒN NGỦ QUÁ Ờ BUỒN NGỦ,nhảm nhí khi giờ học chán phèo buồn ngủ quá à buồn ngủ.
VIVOSDEV15_203_clean,vivos,phowhisper,small,zero_shot,,42,clean,clean,CÒN ANH TRAI TÔI TRONG NHẬT KÝ CỦA MÌNH CŨNG LINH CẢM ĐIỀU ĐÓ,còn anh trai tôi trong nhật ký của mình cũng linh cảm điều đó.
VIVOSDEV15_203_snr0,vivos,phowhisper,small,zero_shot,,42,0,music,CÒN ANH TRAI TÔI TRONG NHẬT KÝ CỦA MÌNH CŨNG LINH CẢM ĐIỀU ĐÓ,còn anh chơi tôi trong nhật ký của mình cũng linh cảm điều đó.
VIVOSDEV15_203_snr10,vivos,phowhisper,small,zero_shot,,42,10,music,CÒN ANH TRAI TÔI TRONG NHẬT KÝ CỦA MÌNH CŨNG LINH CẢM ĐIỀU ĐÓ,còn anh trai tôi trong nhật ký của mình cũng linh cảm điều đó.
VIVOSDEV15_203_snr20,vivos,phowhisper,small,zero_shot,,42,20,speech,CÒN ANH TRAI TÔI TRONG NHẬT KÝ CỦA MÌNH CŨNG LINH CẢM ĐIỀU ĐÓ,còn anh trai tôi trong nhật ký của mình cũng linh cảm điều đó.
VIVOSDEV15_203_snr5,vivos,phowhisper,small,zero_shot,,42,5,music,CÒN ANH TRAI TÔI TRONG NHẬT KÝ CỦA MÌNH CŨNG LINH CẢM ĐIỀU ĐÓ,còn anh trai tôi trong nhật ký của mình cũng linh cảm điều đó.
VIVOSDEV15_204_clean,vivos,phowhisper,small,zero_shot,,42,clean,clean,SÁNG CHÚNG TÔI TẠM BIỆT THUNG NAI VÀ NHỮNG CHỦ NHÂN MẾN KHÁCH MỘC MẠC,sáng chúng tôi tạm biệt thung nai và những chủ nhân mến khách bộc mạc.
VIVOSDEV15_204_snr0,vivos,phowhisper,small,zero_shot,,42,0,noise,SÁNG CHÚNG TÔI TẠM BIỆT THUNG NAI VÀ NHỮNG CHỦ NHÂN MẾN KHÁCH MỘC MẠC,sáng chúng tôi tạm biệt thương mai và những chủ nhân mến tháp kẹt phà.
VIVOSDEV15_204_snr10,vivos,phowhisper,small,zero_shot,,42,10,music,SÁNG CHÚNG TÔI TẠM BIỆT THUNG NAI VÀ NHỮNG CHỦ NHÂN MẾN KHÁCH MỘC MẠC,sáng chúng tôi tạm biệt thung nai và những chủ nhân bến khách bộc bạc.
VIVOSDEV15_204_snr20,vivos,phowhisper,small,zero_shot,,42,20,noise,SÁNG CHÚNG TÔI TẠM BIỆT THUNG NAI VÀ NHỮNG CHỦ NHÂN MẾN KHÁCH MỘC MẠC,sáng chúng tôi tạm biệt thung nai và những chủ nhân bến khách bộc bạc.
VIVOSDEV15_204_snr5,vivos,phowhisper,small,zero_shot,,42,5,music,SÁNG CHÚNG TÔI TẠM BIỆT THUNG NAI VÀ NHỮNG CHỦ NHÂN MẾN KHÁCH MỘC MẠC,sáng chúng tôi tạm biệt thăm lai và những chủ nhân bén khách phục mà.
VIVOSDEV15_216_clean,vivos,phowhisper,small,zero_shot,,42,clean,clean,VÀ BẠN CẦN CÓ VIỆC LÀM ỔN ĐỊNH VỚI THU NHẬP CAO,và bạn cần có việc làm ổn định với thu nhập cao.
VIVOSDEV15_216_snr0,vivos,phowhisper,small,zero_shot,,42,0,speech,VÀ BẠN CẦN CÓ VIỆC LÀM ỔN ĐỊNH VỚI THU NHẬP CAO,và bạn cần có việc làm ổn định với thu nhập cao.
VIVOSDEV15_216_snr10,vivos,phowhisper,small,zero_shot,,42,10,speech,VÀ BẠN CẦN CÓ VIỆC LÀM ỔN ĐỊNH VỚI THU NHẬP CAO,và bạn cần có việc làm ổn định với thu nhập cao.
VIVOSDEV15_216_snr20,vivos,phowhisper,small,zero_shot,,42,20,noise,VÀ BẠN CẦN CÓ VIỆC LÀM ỔN ĐỊNH VỚI THU NHẬP CAO,và bạn cần có việc làm ổn định với thu nhập cao.
VIVOSDEV15_216_snr5,vivos,phowhisper,small,zero_shot,,42,5,noise,VÀ BẠN CẦN CÓ VIỆC LÀM ỔN ĐỊNH VỚI THU NHẬP CAO,và bạn cần có việc làm ổn định với thu nhập cao.
VIVOSDEV15_220_clean,vivos,phowhisper,small,zero_shot,,42,clean,clean,ĐÂY LÀ THÁNG CÓ SỐ ĐĂNG KÝ THẤP NHẤT TỪ ĐẦU NĂM ĐẾN NAY,đây là tháng có số đăng ký thấp nhất từ đầu năm đến nay.
VIVOSDEV15_220_snr0,vivos,phowhisper,small,zero_shot,,42,0,speech,ĐÂY LÀ THÁNG CÓ SỐ ĐĂNG KÝ THẤP NHẤT TỪ ĐẦU NĂM ĐẾN NAY,đây là tháng có số đăng ký thấp nhất từ đầu năm đến nay.
VIVOSDEV15_220_snr10,vivos,phowhisper,small,zero_shot,,42,10,noise,ĐÂY LÀ THÁNG CÓ SỐ ĐĂNG KÝ THẤP NHẤT TỪ ĐẦU NĂM ĐẾN NAY,đây là tháng có số đăng ký thấp nhất từ đầu năm đến nay.
VIVOSDEV15_220_snr20,vivos,phowhisper,small,zero_shot,,42,20,noise,ĐÂY LÀ THÁNG CÓ SỐ ĐĂNG KÝ THẤP NHẤT TỪ ĐẦU NĂM ĐẾN NAY,đây là tháng có số đăng ký thấp nhất từ đầu năm đến nay.
VIVOSDEV15_220_snr5,vivos,phowhisper,small,zero_shot,,42,5,noise,ĐÂY LÀ THÁNG CÓ SỐ ĐĂNG KÝ THẤP NHẤT TỪ ĐẦU NĂM ĐẾN NAY,đây là tháng có số đăng ký thấp nhất từ đầu năm đến nay.
VIVOSDEV15_267_clean,vivos,phowhisper,small,zero_shot,,42,clean,clean,CUỐI CÙNG HỌ DẪN NHAU VỀ NHÀ VỚI THÚNG LÀN KHÔNG,cuối cùng họ dẫn nhau về nhà với thúng làn không.
VIVOSDEV15_267_snr0,vivos,phowhisper,small,zero_shot,,42,0,noise,CUỐI CÙNG HỌ DẪN NHAU VỀ NHÀ VỚI THÚNG LÀN KHÔNG,tối cồm họ dẫn nhau về nhà với thú làn hông.
VIVOSDEV15_267_snr10,vivos,phowhisper,small,zero_shot,,42,10,speech,CUỐI CÙNG HỌ DẪN NHAU VỀ NHÀ VỚI THÚNG LÀN KHÔNG,cuối cùng họ dẫn nhau về nhà với thúng làn không.
VIVOSDEV15_267_snr20,vivos,phowhisper,small,zero_shot,,42,20,noise,CUỐI CÙNG HỌ DẪN NHAU VỀ NHÀ VỚI THÚNG LÀN KHÔNG,cuối cùng họ dẫn nhau về nhà với thúng làn không.
VIVOSDEV15_267_snr5,vivos,phowhisper,small,zero_shot,,42,5,noise,CUỐI CÙNG HỌ DẪN NHAU VỀ NHÀ VỚI THÚNG LÀN KHÔNG,cuối cùng họ dẫn nhau về nhà với thúng làn không.
VIVOSDEV15_271_clean,vivos,phowhisper,small,zero_shot,,42,clean,clean,PHIM MỚI CỦA TRƯƠNG NGHỆ MƯU SỰ TRỞ LẠI DÒNG PHIM NGHỆ THUẬT,phim mới của trương nghệ mưu sự trở lại dòng phim nghệ thuật.
VIVOSDEV15_271_snr0,vivos,phowhisper,small,zero_shot,,42,0,speech,PHIM MỚI CỦA TRƯƠNG NGHỆ MƯU SỰ TRỞ LẠI DÒNG PHIM NGHỆ THUẬT,phim mới của chương nghệ vô sự trở lại dòng phim nghệ thuật.
VIVOSDEV15_271_snr10,vivos,phowhisper,small,zero_shot,,42,10,noise,PHIM MỚI CỦA TRƯƠNG NGHỆ MƯU SỰ TRỞ LẠI DÒNG PHIM NGHỆ THUẬT,phim mới của trương nghệ mưu sự trở lại dòng phim nghệ thuật.
VIVOSDEV15_271_snr20,vivos,phowhisper,small,zero_shot,,42,20,music,PHIM MỚI CỦA TRƯƠNG NGHỆ MƯU SỰ TRỞ LẠI DÒNG PHIM NGHỆ THUẬT,phim mới của trương nghệ mưu sự trở lại dòng phim nghệ thuật.
VIVOSDEV15_271_snr5,vivos,phowhisper,small,zero_shot,,42,5,music,PHIM MỚI CỦA TRƯƠNG NGHỆ MƯU SỰ TRỞ LẠI DÒNG PHIM NGHỆ THUẬT,phim mới của trương nghệ mưu sự trở lại dòng phim nghệ thuật.
VIVOSDEV15_299_clean,vivos,phowhisper,small,zero_shot,,42,clean,clean,CÒN HÀNG TRĂM CHIẾC KHÁC ĐÃ BÁN THÌ ÔNG KHÔNG NHỚ HẾT,còn hàng trăm chiếc khác đã bán thì ông không nhớ hết.
VIVOSDEV15_299_snr0,vivos,phowhisper,small,zero_shot,,42,0,noise,CÒN HÀNG TRĂM CHIẾC KHÁC ĐÃ BÁN THÌ ÔNG KHÔNG NHỚ HẾT,còn hàng trăm thuyết thác đã bán thì ông không nhớ hết.
VIVOSDEV15_299_snr10,vivos,phowhisper,small,zero_shot,,42,10,music,CÒN HÀNG TRĂM CHIẾC KHÁC ĐÃ BÁN THÌ ÔNG KHÔNG NHỚ HẾT,còn hàng trăm chiếc khác đã bán thì ông không nhớ hết.
VIVOSDEV15_299_snr20,vivos,phowhisper,small,zero_shot,,42,20,music,CÒN HÀNG TRĂM CHIẾC KHÁC ĐÃ BÁN THÌ ÔNG KHÔNG NHỚ HẾT,còn hàng trăm chiếc khác đã bán thì ông không nhớ hết.
VIVOSDEV15_299_snr5,vivos,phowhisper,small,zero_shot,,42,5,speech,CÒN HÀNG TRĂM CHIẾC KHÁC ĐÃ BÁN THÌ ÔNG KHÔNG NHỚ HẾT,còn hàng trăm chiếc hát đã bán thì ông không nhớ hết.
VIVOSDEV16_049_clean,vivos,phowhisper,small,zero_shot,,42,clean,clean,CÒN BA CẦU THỦ VĂN TRƯƠNG BẬT HIẾU VÀ HẢI LÂM THÌ SAO THƯA ÔNG,còn ba cầu thủ văn thương bậc hiếu và hải lâm thì sao thưa ông.
VIVOSDEV16_049_snr0,vivos,phowhisper,small,zero_shot,,42,0,music,CÒN BA CẦU THỦ VĂN TRƯƠNG BẬT HIẾU VÀ HẢI LÂM THÌ SAO THƯA ÔNG,còn ba cầu thủ văn thư phật thú và hải vân thì sao chưa ông.
VIVOSDEV16_049_snr10,vivos,phowhisper,small,zero_shot,,42,10,speech,CÒN BA CẦU THỦ VĂN TRƯƠNG BẬT HIẾU VÀ HẢI LÂM THÌ SAO THƯA ÔNG,còn ba cầu thủ văn thương bậc hiếu và hải lâm thì sao thưa ông.
VIVOSDEV16_049_snr20,vivos,phowhisper,small,zero_shot,,42,20,noise,CÒN BA CẦU THỦ VĂN TRƯƠNG BẬT HIẾU VÀ HẢI LÂM THÌ SAO THƯA ÔNG,còn ba cầu thủ văn thương bậc hiếu và hải lâm thì sao thưa ông.
VIVOSDEV16_049_snr5,vivos,phowhisper,small,zero_shot,,42,5,music,CÒN BA CẦU THỦ VĂN TRƯƠNG BẬT HIẾU VÀ HẢI LÂM THÌ SAO THƯA ÔNG,còn ba cầu thủ văn thu bậc phía và hải lâm thì thao thưa ông.
VIVOSDEV16_050_clean,vivos,phowhisper,small,zero_shot,,42,clean,clean,THÁNG BẢY NHIỀU NGƯỜI CON KHÓC NÊN TRỜI BUỒN VÀ KHÓC THEO,tháng bảy nhiều người con khóc nên trời buồn và khóc theo.
VIVOSDEV16_050_snr0,vivos,phowhisper,small,zero_shot,,42,0,noise,THÁNG BẢY NHIỀU NGƯỜI CON KHÓC NÊN TRỜI BUỒN VÀ KHÓC THEO,tháng bảy nhiều người con khóc lên trời buồn và khóc theo.
VIVOSDEV16_050_snr10,vivos,phowhisper,small,zero_shot,,42,10,music,THÁNG BẢY NHIỀU NGƯỜI CON KHÓC NÊN TRỜI BUỒN VÀ KHÓC THEO,tháng bảy nhiều người con khóc nên trời buồn và khóc theo.
VIVOSDEV16_050_snr20,vivos,phowhisper,small,zero_shot,,42,20,noise,THÁNG BẢY NHIỀU NGƯỜI CON KHÓC NÊN TRỜI BUỒN VÀ KHÓC THEO,tháng bảy nhiều người con khóc nên trời buồn và khóc theo.
VIVOSDEV16_050_snr5,vivos,phowhisper,small,zero_shot,,42,5,noise,THÁNG BẢY NHIỀU NGƯỜI CON KHÓC NÊN TRỜI BUỒN VÀ KHÓC THEO,thấy bởi nhiều người con khóc nên trời buồn và khóc yêu.
VIVOSDEV16_051_clean,vivos,phowhisper,small,zero_shot,,42,clean,clean,CA KHÚC ĐƯỢC KHÁN GIẢ YÊU THÍCH NHẤT BÀ TÔI NGUYỄN VĨNH TIẾN,ca khúc được khán giả yêu thích nhất bà tôi nguyễn vĩnh tiến.
VIVOSDEV16_051_snr0,vivos,phowhisper,small,zero_shot,,42,0,speech,CA KHÚC ĐƯỢC KHÁN GIẢ YÊU THÍCH NHẤT BÀ TÔI NGUYỄN VĨNH TIẾN,ca khúc được khán giả yêu thích nhất bài toán vĩnh tuyến.
VIVOSDEV16_051_snr10,vivos,phowhisper,small,zero_shot,,42,10,noise,CA KHÚC ĐƯỢC KHÁN GIẢ YÊU THÍCH NHẤT BÀ TÔI NGUYỄN VĨNH TIẾN,ca khúc được khán giả yêu thích nhất bà tôi nguyễn vĩnh tiến.
VIVOSDEV16_051_snr20,vivos,phowhisper,small,zero_shot,,42,20,music,CA KHÚC ĐƯỢC KHÁN GIẢ YÊU THÍCH NHẤT BÀ TÔI NGUYỄN VĨNH TIẾN,ca khúc được khán giả yêu thích nhất bà tôi nguyễn vĩnh tiến.
VIVOSDEV16_051_snr5,vivos,phowhisper,small,zero_shot,,42,5,speech,CA KHÚC ĐƯỢC KHÁN GIẢ YÊU THÍCH NHẤT BÀ TÔI NGUYỄN VĨNH TIẾN,ca khúc được khán giả yêu thích nhất bà tôi nghĩ vĩnh tiến.
VIVOSDEV16_068_clean,vivos,phowhisper,small,zero_shot,,42,clean,clean,BÊN CẠNH ĐÓ CHÚNG TÔI CÒN LÀM HÀNG LOẠT VIỆC KHÁC NHƯ,bên cạnh đó chúng tôi còn làm hàng loạt việc khác như.
VIVOSDEV16_068_snr0,vivos,phowhisper,small,zero_shot,,42,0,music,BÊN CẠNH ĐÓ CHÚNG TÔI CÒN LÀM HÀNG LOẠT VIỆC KHÁC NHƯ,bên cạnh đó chúng tôi còn làm hàng loạt việc khác như.
VIVOSDEV16_068_snr10,vivos,phowhisper,small,zero_shot,,42,10,noise,BÊN CẠNH ĐÓ CHÚNG TÔI CÒN LÀM HÀNG LOẠT VIỆC KHÁC NHƯ,bên cạnh đó chúng tôi còn làm hàng loạt việc khác như.
VIVOSDEV16_068_snr20,vivos,phowhisper,small,zero_shot,,42,20,noise,BÊN CẠNH ĐÓ CHÚNG TÔI CÒN LÀM HÀNG LOẠT VIỆC KHÁC NHƯ,bên cạnh đó chúng tôi còn làm hàng loạt việc khác như.
VIVOSDEV16_068_snr5,vivos,phowhisper,small,zero_shot,,42,5,noise,BÊN CẠNH ĐÓ CHÚNG TÔI CÒN LÀM HÀNG LOẠT VIỆC KHÁC NHƯ,bên cạnh đó chúng tôi còn làm hàng loạt việc khác như.
VIVOSDEV16_074_clean,vivos,phowhisper,small,zero_shot,,42,clean,clean,CHÚNG NÓ YÊU NHAU RẤT TỰ NHIÊN GHÉT NHAU CŨNG RẤT TỰ NHIÊN,chúng nói yêu nhau rất tự nhiên ghét nhau cũng rất tự nhiên.
VIVOSDEV16_074_snr0,vivos,phowhisper,small,zero_shot,,42,0,music,CHÚNG NÓ YÊU NHAU RẤT TỰ NHIÊN GHÉT NHAU CŨNG RẤT TỰ NHIÊN,chúng ta yêu nhau rất tự nhiên ước mơ cũng rất tự nhiên.
VIVOSDEV16_074_snr10,vivos,phowhisper,small,zero_shot,,42,10,music,CHÚNG NÓ YÊU NHAU RẤT TỰ NHIÊN GHÉT NHAU CŨNG RẤT TỰ NHIÊN,chúng nó yêu nhau rất tự nhiên ghét nhau cũng rất tự nhiên.
VIVOSDEV16_074_snr20,vivos,phowhisper,small,zero_shot,,42,20,speech,CHÚNG NÓ YÊU NHAU RẤT TỰ NHIÊN GHÉT NHAU CŨNG RẤT TỰ NHIÊN,chúng nói yêu nhau rất tự nhiên ghét nhau cũng rất tự nhiên.
VIVOSDEV16_074_snr5,vivos,phowhisper,small,zero_shot,,42,5,music,CHÚNG NÓ YÊU NHAU RẤT TỰ NHIÊN GHÉT NHAU CŨNG RẤT TỰ NHIÊN,chúng nói yêu nhau rất tự nhiên ghét nhau cũng rất tự nhiên.
VIVOSDEV16_112_clean,vivos,phowhisper,small,zero_shot,,42,clean,clean,LÚC HƯNG PHẤN NÓI CHUYỆN PHÓNG LAO CHẲNG CÓ CHI PHỨC TẠP,lúc hưng phấn nói chuyện phóng lao chẳng có chi phức tạp.
VIVOSDEV16_112_snr0,vivos,phowhisper,small,zero_shot,,42,0,music,LÚC HƯNG PHẤN NÓI CHUYỆN PHÓNG LAO CHẲNG CÓ CHI PHỨC TẠP,lúc hưng phấn nói chuyện phóng lao chẳng có chi phức tạp.
VIVOSDEV16_112_snr10,vivos,phowhisper,small,zero_shot,,42,10,noise,LÚC HƯNG PHẤN NÓI CHUYỆN PHÓNG LAO CHẲNG CÓ CHI PHỨC TẠP,lúc hưng phấn nói chuyện phóng lao chẳng có chi phức tạp.
VIVOSDEV16_112_snr20,vivos,phowhisper,small,zero_shot,,42,20,music,LÚC HƯNG PHẤN NÓI CHUYỆN PHÓNG LAO CHẲNG CÓ CHI PHỨC TẠP,lúc hưng phấn nói chuyện phóng lao chẳng có chi phức tạp.
VIVOSDEV16_112_snr5,vivos,phowhisper,small,zero_shot,,42,5,music,LÚC HƯNG PHẤN NÓI CHUYỆN PHÓNG LAO CHẲNG CÓ CHI PHỨC TẠP,lúc hưng phấn nói chuyện phong lao chẳng có chi phức tạp.
VIVOSDEV16_149_clean,vivos,phowhisper,small,zero_shot,,42,clean,clean,CÓ BAO GIỜ ÔNG GẶP TÌNH HUỐNG KHÔNG TRẢ LỜI ĐƯỢC CÂU HỎI CỦA DÂN,có bao giờ ông gặp tình huống không trả lời được câu hỏi của dân.
VIVOSDEV16_149_snr0,vivos,phowhisper,small,zero_shot,,42,0,speech,CÓ BAO GIỜ ÔNG GẶP TÌNH HUỐNG KHÔNG TRẢ LỜI ĐƯỢC CÂU HỎI CỦA DÂN,có bao giờ ông gặp tình huống không trả lời được câu hỏi của dân.
VIVOSDEV16_149_snr10,vivos,phowhisper,small,zero_shot,,42,10,speech,CÓ BAO GIỜ ÔNG GẶP TÌNH HUỐNG KHÔNG TRẢ LỜI ĐƯỢC CÂU HỎI CỦA DÂN,có bao giờ ông gặp tình huống không trả lời được câu hỏi của dân.
VIVOSDEV16_149_snr20,vivos,phowhisper,small,zero_shot,,42,20,noise,CÓ BAO GIỜ ÔNG GẶP TÌNH HUỐNG KHÔNG TRẢ LỜI ĐƯỢC CÂU HỎI CỦA DÂN,có bao giờ ông gặp tình huống không trả lời được câu hỏi của dân.
VIVOSDEV16_149_snr5,vivos,phowhisper,small,zero_shot,,42,5,noise,CÓ BAO GIỜ ÔNG GẶP TÌNH HUỐNG KHÔNG TRẢ LỜI ĐƯỢC CÂU HỎI CỦA DÂN,có bao giờ ông gặp tình huống không trả lời được câu hỏi của dân.
VIVOSDEV16_154_clean,vivos,phowhisper,small,zero_shot,,42,clean,clean,ÍT CÓ CƠ HỘI SỐNG SÓT CHO CÁC HÀNH KHÁCH TRÊN MÁY BAY,ít có cơ hội sống sót cho các hành khách trên máy bay.
VIVOSDEV16_154_snr0,vivos,phowhisper,small,zero_shot,,42,0,noise,ÍT CÓ CƠ HỘI SỐNG SÓT CHO CÁC HÀNH KHÁCH TRÊN MÁY BAY,chắc có cô nội sống sót trong các hành khách trên máy bay.
VIVOSDEV16_154_snr10,vivos,phowhisper,small,zero_shot,,42,10,speech,ÍT CÓ CƠ HỘI SỐNG SÓT CHO CÁC HÀNH KHÁCH TRÊN MÁY BAY,ít có cơ hội sống sót cho các hành khách trên máy bay.
VIVOSDEV16_154_snr20,vivos,phowhisper,small,zero_shot,,42,20,music,ÍT CÓ CƠ HỘI SỐNG SÓT CHO CÁC HÀNH KHÁCH TRÊN MÁY BAY,ít có cơ hội sống sót cho các hành khách trên máy bay.
VIVOSDEV16_154_snr5,vivos,phowhisper,small,zero_shot,,42,5,music,ÍT CÓ CƠ HỘI SỐNG SÓT CHO CÁC HÀNH KHÁCH TRÊN MÁY BAY,ít có cơ hội sống sót cho các hành khách trên máy bay.
VIVOSDEV16_168_clean,vivos,phowhisper,small,zero_shot,,42,clean,clean,HAI CHÁU NGẠC NHIÊN ĐÓN KHÁCH LẠ SUNG SƯỚNG ÔM CẶP MỚI,hai cháu ngạc nhiên đón khách lạ xung xứng ôm cặp mới.
VIVOSDEV16_168_snr0,vivos,phowhisper,small,zero_shot,,42,0,noise,HAI CHÁU NGẠC NHIÊN ĐÓN KHÁCH LẠ SUNG SƯỚNG ÔM CẶP MỚI,hai cháu ngạc nhiên đón khách lạ xung xứng ôn cặp mới.
VIVOSDEV16_168_snr10,vivos,phowhisper,small,zero_shot,,42,10,music,HAI CHÁU NGẠC NHIÊN ĐÓN KHÁCH LẠ SUNG SƯỚNG ÔM CẶP MỚI,hai cháu ngạc nhiên đón khách lạ sung sướng ôn cặp mới.
VIVOSDEV16_168_snr20,vivos,phowhisper,small,zero_shot,,42,20,noise,HAI CHÁU NGẠC NHIÊN ĐÓN KHÁCH LẠ SUNG SƯỚNG ÔM CẶP MỚI,hai cháu ngạc nhiên đón khách lạ sung sướng ôm cặp mới.
VIVOSDEV16_168_snr5,vivos,phowhisper,small,zero_shot,,42,5,noise,HAI CHÁU NGẠC NHIÊN ĐÓN KHÁCH LẠ SUNG SƯỚNG ÔM CẶP MỚI,hai cháu ngạc nhiên đón khách lạ xung xứng ôm cặp mới.
VIVOSDEV16_173_clean,vivos,phowhisper,small,zero_shot,,42,clean,clean,NHƯNG CÔ QUYẾT CHỨNG MINH NGƯỜI MÙ KHÔNG PHẢI VÔ DỤNG,nhưng cô quyết chứng minh người mù không phải vô dụng.
VIVOSDEV16_173_snr0,vivos,phowhisper,small,zero_shot,,42,0,noise,NHƯNG CÔ QUYẾT CHỨNG MINH NGƯỜI MÙ KHÔNG PHẢI VÔ DỤNG,nhưng cô quyết chứng minh người mù không phải vô dụng.
VIVOSDEV16_173_snr10,vivos,phowhisper,small,zero_shot,,42,10,speech,NHƯNG CÔ QUYẾT CHỨNG MINH NGƯỜI MÙ KHÔNG PHẢI VÔ DỤNG,nhưng cô quyết chứng minh người mùi không phải vô dụng.
VIVOSDEV16_173_snr20,vivos,phowhisper,small,zero_shot,,42,20,noise,NHƯNG CÔ QUYẾT CHỨNG MINH NGƯỜI MÙ KHÔNG PHẢI VÔ DỤNG,nhưng cô quyết chứng minh người mù không phải vô dụng.
VIVOSDEV16_173_snr5,vivos,phowhisper,small,zero_shot,,42,5,speech,NHƯNG CÔ QUYẾT CHỨNG MINH NGƯỜI MÙ KHÔNG PHẢI VÔ DỤNG,nhưng cô quyết chứng minh người mù không phải vô dụng.
VIVOSDEV16_175_clean,vivos,phowhisper,small,zero_shot,,42,clean,clean,HỌ ĐÃ TRAO NHAU LỜI HẸN ƯỚC NÊN DUYÊN CHỒNG VỢ,họ đã trao nhau lời hẹn ước nên duyên chồng vợ.
VIVOSDEV16_175_snr0,vivos,phowhisper,small,zero_shot,,42,0,speech,HỌ ĐÃ TRAO NHAU LỜI HẸN ƯỚC NÊN DUYÊN CHỒNG VỢ,họ đã trao nhau lời hẹn ước nên duyên chồng vợ.
VIVOSDEV16_175_snr10,vivos,phowhisper,small,zero_shot,,42,10,music,HỌ ĐÃ TRAO NHAU LỜI HẸN ƯỚC NÊN DUYÊN CHỒNG VỢ,họ đã trao nhau lời hẹn ước nên duyên chồng vợ.
VIVOSDEV16_175_snr20,vivos,phowhisper,small,zero_shot,,42,20,speech,HỌ ĐÃ TRAO NHAU LỜI HẸN ƯỚC NÊN DUYÊN CHỒNG VỢ,họ đã trao nhau lời hẹn ước lên duyên chồng vợ.
VIVOSDEV16_175_snr5,vivos,phowhisper,small,zero_shot,,42,5,music,HỌ ĐÃ TRAO NHAU LỜI HẸN ƯỚC NÊN DUYÊN CHỒNG VỢ,họ đã trao nhau lời hẹn ước nên duyên chồng vợ.
VIVOSDEV16_177_clean,vivos,phowhisper,small,zero_shot,,42,clean,clean,NẾU THỈNH THOẢNG CÓ VÀI NGÀY NGHỈ NGƯỜI THỤY ĐIỂN THƯỜNG RA ĐẢO CHƠI,nếu thỉnh thoảng có vài ngày nghỉ người thụy điển thường ra đảo chơi.
VIVOSDEV16_177_snr0,vivos,phowhisper,small,zero_shot,,42,0,noise,NẾU THỈNH THOẢNG CÓ VÀI NGÀY NGHỈ NGƯỜI THỤY ĐIỂN THƯỜNG RA ĐẢO CHƠI,nếu thẩm phán cái bài này nghĩ người thời điểm thường ra đảo chơi.
VIVOSDEV16_177_snr10,vivos,phowhisper,small,zero_shot,,42,10,noise,NẾU THỈNH THOẢNG CÓ VÀI NGÀY NGHỈ NGƯỜI THỤY ĐIỂN THƯỜNG RA ĐẢO CHƠI,nếu thỉnh thoảng có vài ngày nghỉ người thụy điển thường ra đảo chơi.
VIVOSDEV16_177_snr20,vivos,phowhisper,small,zero_shot,,42,20,speech,NẾU THỈNH THOẢNG CÓ VÀI NGÀY NGHỈ NGƯỜI THỤY ĐIỂN THƯỜNG RA ĐẢO CHƠI,nếu thỉnh thoảng có vài ngày nghỉ người thụy điển thường ra đảo chơi.
VIVOSDEV16_177_snr5,vivos,phowhisper,small,zero_shot,,42,5,music,NẾU THỈNH THOẢNG CÓ VÀI NGÀY NGHỈ NGƯỜI THỤY ĐIỂN THƯỜNG RA ĐẢO CHƠI,nếu thỉnh thoảng có vài ngày nghỉ người thụy điển thường ra đảo chơi.
VIVOSDEV16_197_clean,vivos,phowhisper,small,zero_shot,,42,clean,clean,NHÀ TRƯỜNG ĐỘT NGỘT HỦY ĐỀ TÀI KHIẾN TÔI MẤT PHƯƠNG HƯỚNG,nhà trường đột ngột huỷ đề tài khiến tôi mất phương hướng.
VIVOSDEV16_197_snr0,vivos,phowhisper,small,zero_shot,,42,0,noise,NHÀ TRƯỜNG ĐỘT NGỘT HỦY ĐỀ TÀI KHIẾN TÔI MẤT PHƯƠNG HƯỚNG,nhà trường đột ngột hủy bề tài khiến tôi mất thương hướng.
VIVOSDEV16_197_snr10,vivos,phowhisper,small,zero_shot,,42,10,noise,NHÀ TRƯỜNG ĐỘT NGỘT HỦY ĐỀ TÀI KHIẾN TÔI MẤT PHƯƠNG HƯỚNG,nhà trường đột ngột huỷ đề tài khiến tôi mất phương hướng.
VIVOSDEV16_197_snr20,vivos,phowhisper,small,zero_shot,,42,20,speech,NHÀ TRƯỜNG ĐỘT NGỘT HỦY ĐỀ TÀI KHIẾN TÔI MẤT PHƯƠNG HƯỚNG,nhà trường đột ngột huỷ đề tài khiến tôi mất phương hướng.
VIVOSDEV16_197_snr5,vivos,phowhisper,small,zero_shot,,42,5,noise,NHÀ TRƯỜNG ĐỘT NGỘT HỦY ĐỀ TÀI KHIẾN TÔI MẤT PHƯƠNG HƯỚNG,nhà trường đột ngột thủy đề tài chính tôi mất thương hướng.
VIVOSDEV16_198_clean,vivos,phowhisper,small,zero_shot,,42,clean,clean,CÁC PHẬT TỬ HƯỞNG ỨNG LỜI KÊU GỌI CỦA THẦY NHƯ THẾ NÀO,các vật tự hưởng ứng lời kêu gọi của thầy như thế nào.
VIVOSDEV16_198_snr0,vivos,phowhisper,small,zero_shot,,42,0,speech,CÁC PHẬT TỬ HƯỞNG ỨNG LỜI KÊU GỌI CỦA THẦY NHƯ THẾ NÀO,các phật tử hưởng ứng lời kêu gọi của thầy như thế nào.
VIVOSDEV16_198_snr10,vivos,phowhisper,small,zero_shot,,42,10,noise,CÁC PHẬT TỬ HƯỞNG ỨNG LỜI KÊU GỌI CỦA THẦY NHƯ THẾ NÀO,các phật tự hưởng ứng lời kêu gọi của thầy như thế nào.
VIVOSDEV16_198_snr20,vivos,phowhisper,small,zero_shot,,42,20,speech,CÁC PHẬT TỬ HƯỞNG ỨNG LỜI KÊU GỌI CỦA THẦY NHƯ THẾ NÀO,các phật tự hưởng ứng lời kêu gọi của thầy như thế nào.
VIVOSDEV16_198_snr5,vivos,phowhisper,small,zero_shot,,42,5,noise,CÁC PHẬT TỬ HƯỞNG ỨNG LỜI KÊU GỌI CỦA THẦY NHƯ THẾ NÀO,các phật tự hưởng ứng lời kêu gọi của thầy như thế nào.
VIVOSDEV16_203_clean,vivos,phowhisper,small,zero_shot,,42,clean,clean,VẬY NHỮNG ĐỐI TƯỢNG NÀY SẼ ĐƯỢC GIẢI QUYẾT NHƯ THẾ NÀO,vậy những đối tượng này sẽ được giải quyết như thế nào.
VIVOSDEV16_203_snr0,vivos,phowhisper,small,zero_shot,,42,0,music,VẬY NHỮNG ĐỐI TƯỢNG NÀY SẼ ĐƯỢC GIẢI QUYẾT NHƯ THẾ NÀO,và những đối tượng này sẽ được giải quyết như thế nào.
VIVOSDEV16_203_snr10,vivos,phowhisper,small,zero_shot,,42,10,speech,VẬY NHỮNG ĐỐI TƯỢNG NÀY SẼ ĐƯỢC GIẢI QUYẾT NHƯ THẾ NÀO,và những đối tượng này sẽ được giải quyết như thế nào.
VIVOSDEV16_203_snr20,vivos,phowhisper,small,zero_shot,,42,20,speech,VẬY NHỮNG ĐỐI TƯỢNG NÀY SẼ ĐƯỢC GIẢI QUYẾT NHƯ THẾ NÀO,vậy những đối tượng này sẽ được giải quyết như thế nào.
VIVOSDEV16_203_snr5,vivos,phowhisper,small,zero_shot,,42,5,noise,VẬY NHỮNG ĐỐI TƯỢNG NÀY SẼ ĐƯỢC GIẢI QUYẾT NHƯ THẾ NÀO,và những đối tượng này sẽ được giải quyết như thế nào.
VIVOSDEV16_233_clean,vivos,phowhisper,small,zero_shot,,42,clean,clean,SÁNG RA THẤY DÂN TÌNH XÚM QUANH CON TÊ GIÁC KHỔNG LỒ ĐÃ CHẾT,sáng ra thấy dân tình xúm quanh con tê giác khổng lồ đã chết.
VIVOSDEV16_233_snr0,vivos,phowhisper,small,zero_shot,,42,0,speech,SÁNG RA THẤY DÂN TÌNH XÚM QUANH CON TÊ GIÁC KHỔNG LỒ ĐÃ CHẾT,unk trong trong phim sang ra thấy dân tần xung quanh con tê giác khổng lồ đã chết.
VIVOSDEV16_233_snr10,vivos,phowhisper,small,zero_shot,,42,10,noise,SÁNG RA THẤY DÂN TÌNH XÚM QUANH CON TÊ GIÁC KHỔNG LỒ ĐÃ CHẾT,sáng ra thấy dân tình xúm quanh con tê giác khổng lồ đã chết.
VIVOSDEV16_233_snr20,vivos,phowhisper,small,zero_shot,,42,20,noise,SÁNG RA THẤY DÂN TÌNH XÚM QUANH CON TÊ GIÁC KHỔNG LỒ ĐÃ CHẾT,sáng ra thấy dân tình xúm quanh con tê giác khổng lồ đã chết.
VIVOSDEV16_233_snr5,vivos,phowhisper,small,zero_shot,,42,5,noise,SÁNG RA THẤY DÂN TÌNH XÚM QUANH CON TÊ GIÁC KHỔNG LỒ ĐÃ CHẾT,sáng ra thấy dân tình kính quanh con tê giác khổng lồ đã chết.
VIVOSDEV16_247_clean,vivos,phowhisper,small,zero_shot,,42,clean,clean,NHIỀU HÔM MƯA GIÓ BÁN Ế GÁNH CHÈ NẶNG TRĨU TRÊN VAI MẸ,nhiều hơn mưa gió bán ế gánh chè nặng trĩu trên vai mẹ.
VIVOSDEV16_247_snr0,vivos,phowhisper,small,zero_shot,,42,0,noise,NHIỀU HÔM MƯA GIÓ BÁN Ế GÁNH CHÈ NẶNG TRĨU TRÊN VAI MẸ,nhiều hơn mưa gió bán áo gánh chèn nặng trĩu trên vai mẹ.
VIVOSDEV16_247_snr10,vivos,phowhisper,small,zero_shot,,42,10,noise,NHIỀU HÔM MƯA GIÓ BÁN Ế GÁNH CHÈ NẶNG TRĨU TRÊN VAI MẸ,nhiều hơn mưa gió bắn ế gánh chè nặng kỹ trên vai mẹ.
VIVOSDEV16_247_snr20,vivos,phowhisper,small,zero_shot,,42,20,noise,NHIỀU HÔM MƯA GIÓ BÁN Ế GÁNH CHÈ NẶNG TRĨU TRÊN VAI MẸ,nhiều hơn mưa gió bán ế gánh chè nặng trĩu trên vai mẹ.
VIVOSDEV16_247_snr5,vivos,phowhisper,small,zero_shot,,42,5,speech,NHIỀU HÔM MƯA GIÓ BÁN Ế GÁNH CHÈ NẶNG TRĨU TRÊN VAI MẸ,nhiều hơn mưa gió bán ế gánh chè nặng trữ trên vai mẹ.
VIVOSDEV16_267_clean,vivos,phowhisper,small,zero_shot,,42,clean,clean,TÔI ĐỨNG TRƯỚC HAI LỐI RẼ VÀ TÔI CHỌN CON ĐƯỜNG ÍT NGƯỜI ĐI HƠN,tôi đứng trước hai lối rẽ và tôi chọn con đường ít người đi hơn.
VIVOSDEV16_267_snr0,vivos,phowhisper,small,zero_shot,,42,0,speech,TÔI ĐỨNG TRƯỚC HAI LỐI RẼ VÀ TÔI CHỌN CON ĐƯỜNG ÍT NGƯỜI ĐI HƠN,tôi đứng trên xe lối rẽ và tôi chọn con về vạch người đi hơn.
VIVOSDEV16_267_snr10,vivos,phowhisper,small,zero_shot,,42,10,noise,TÔI ĐỨNG TRƯỚC HAI LỐI RẼ VÀ TÔI CHỌN CON ĐƯỜNG ÍT NGƯỜI ĐI HƠN,tôi đứng trước hai lối rẽ và tôi chọn con đường ít người đi hơn.
VIVOSDEV16_267_snr20,vivos,phowhisper,small,zero_shot,,42,20,noise,TÔI ĐỨNG TRƯỚC HAI LỐI RẼ VÀ TÔI CHỌN CON ĐƯỜNG ÍT NGƯỜI ĐI HƠN,tôi đứng trước hai lối rẽ và tôi chọn con đường ít người đi hơn.
VIVOSDEV16_267_snr5,vivos,phowhisper,small,zero_shot,,42,5,noise,TÔI ĐỨNG TRƯỚC HAI LỐI RẼ VÀ TÔI CHỌN CON ĐƯỜNG ÍT NGƯỜI ĐI HƠN,tôi đứng trước hai lối rẽ và tôi chọn con đường ít người đi hơn.
VIVOSDEV16_279_clean,vivos,phowhisper,small,zero_shot,,42,clean,clean,VẬY CHỪNG NÀO MỚI TỚI XIN LỖI NHÂN DÂN TẬP CUỐI,vậy chừng nào mới tới xin lỗi nhân dân tập cuối.
VIVOSDEV16_279_snr0,vivos,phowhisper,small,zero_shot,,42,0,music,VẬY CHỪNG NÀO MỚI TỚI XIN LỖI NHÂN DÂN TẬP CUỐI,bậy trừng nào mới tới xin lỗi nhân dân cuối hả.
VIVOSDEV16_279_snr10,vivos,phowhisper,small,zero_shot,,42,10,speech,VẬY CHỪNG NÀO MỚI TỚI XIN LỖI NHÂN DÂN TẬP CUỐI,vậy chừng nào mới tới xin lỗi nhân dân tập cuối.
VIVOSDEV16_279_snr20,vivos,phowhisper,small,zero_shot,,42,20,speech,VẬY CHỪNG NÀO MỚI TỚI XIN LỖI NHÂN DÂN TẬP CUỐI,vậy chừng nào mới tới xin lỗi nhân dân tập cuối.
VIVOSDEV16_279_snr5,vivos,phowhisper,small,zero_shot,,42,5,music,VẬY CHỪNG NÀO MỚI TỚI XIN LỖI NHÂN DÂN TẬP CUỐI,bậy trừng nào mới tới xin lỗi nhân dân cuối.
VIVOSDEV16_298_clean,vivos,phowhisper,small,zero_shot,,42,clean,clean,HÔM NÀO TAN CA SỚM HẠNH ĐƯỢC GIAO NHIỆM VỤ ĐI CHỢ CHO BỮA TỐI,hôm nào tăng ca sớm hạnh được giao nhiệm vụ đi chợ cho buổi tối.
VIVOSDEV16_298_snr0,vivos,phowhisper,small,zero_shot,,42,0,noise,HÔM NÀO TAN CA SỚM HẠNH ĐƯỢC GIAO NHIỆM VỤ ĐI CHỢ CHO BỮA TỐI,hôm nào tăng cho tróm hận được giao nhiệm vụ đi chợ cho buổi tối.
VIVOSDEV16_298_snr10,vivos,phowhisper,small,zero_shot,,42,10,noise,HÔM NÀO TAN CA SỚM HẠNH ĐƯỢC GIAO NHIỆM VỤ ĐI CHỢ CHO BỮA TỐI,hôm nào tăng ca sớm hạnh được giao nhiệm vụ đi chợ cho buổi tối.
VIVOSDEV16_298_snr20,vivos,phowhisper,small,zero_shot,,42,20,speech,HÔM NÀO TAN CA SỚM HẠNH ĐƯỢC GIAO NHIỆM VỤ ĐI CHỢ CHO BỮA TỐI,hôm nào tăng ca sớm hạnh được giao nhiệm vụ đi chợ cho buổi tối.
VIVOSDEV16_298_snr5,vivos,phowhisper,small,zero_shot,,42,5,noise,HÔM NÀO TAN CA SỚM HẠNH ĐƯỢC GIAO NHIỆM VỤ ĐI CHỢ CHO BỮA TỐI,hôm nào tăng ca sớm hạnh được giao nhiệm vụ đi chợ cho buổi tối.
VIVOSDEV17_011_clean,vivos,phowhisper,small,zero_shot,,42,clean,clean,RỒI MẶC DÙ BIẾT LÀ NGỚ NGẨN TÔI CỨ NÓI RA,rồi mặc dù biết là ngớ ngẩn tôi cứ nói ra.
VIVOSDEV17_011_snr0,vivos,phowhisper,small,zero_shot,,42,0,noise,RỒI MẶC DÙ BIẾT LÀ NGỚ NGẨN TÔI CỨ NÓI RA,rồi mặc dù biết là ngớ ngẩn tôi cứ nói ra.
VIVOSDEV17_011_snr10,vivos,phowhisper,small,zero_shot,,42,10,music,RỒI MẶC DÙ BIẾT LÀ NGỚ NGẨN TÔI CỨ NÓI RA,rồi mặc dù biết là ngớ ngẩn tôi cứ nói ra.
VIVOSDEV17_011_snr20,vivos,phowhisper,small,zero_shot,,42,20,music,RỒI MẶC DÙ BIẾT LÀ NGỚ NGẨN TÔI CỨ NÓI RA,rồi mặc dù biết là ngớ ngẩn tôi cứ nói ra.
VIVOSDEV17_011_snr5,vivos,phowhisper,small,zero_shot,,42,5,noise,RỒI MẶC DÙ BIẾT LÀ NGỚ NGẨN TÔI CỨ NÓI RA,rồi mặc dù biết là ngớ ngẩn tôi cứ nói ra.
VIVOSDEV17_024_clean,vivos,phowhisper,small,zero_shot,,42,clean,clean,RIÊNG ÔNG NGUYỄN VĂN BA BỊ GỖ ĐÈ DẬP SỌ NÃO CHẾT NGAY TẠI CHỖ,riêng ông nguyễn văn ba bị rỗ đè gặp sỏ não chết ngay tại chỗ.
VIVOSDEV17_024_snr0,vivos,phowhisper,small,zero_shot,,42,0,noise,RIÊNG ÔNG NGUYỄN VĂN BA BỊ GỖ ĐÈ DẬP SỌ NÃO CHẾT NGAY TẠI CHỖ,riêng ông nguyễn văn ba bị rỗ đè đập sọ não chết ngay tại chỗ.
VIVOSDEV17_024_snr10,vivos,phowhisper,small,zero_shot,,42,10,noise,RIÊNG ÔNG NGUYỄN VĂN BA BỊ GỖ ĐÈ DẬP SỌ NÃO CHẾT NGAY TẠI CHỖ,riêng ông nguyễn văn ba bị rỗ đè gặp sỏ não chết ngay tại chỗ.
VIVOSDEV17_024_snr20,vivos,phowhisper,small,zero_shot,,42,20,speech,RIÊNG ÔNG NGUYỄN VĂN BA BỊ GỖ ĐÈ DẬP SỌ NÃO CHẾT NGAY TẠI CHỖ,riêng ông nguyễn văn ba bị rỗ đè gặp sỏ não chết ngay tại chỗ.
VIVOSDEV17_024_snr5,vivos,phowhisper,small,zero_shot,,42,5,noise,RIÊNG ÔNG NGUYỄN VĂN BA BỊ GỖ ĐÈ DẬP SỌ NÃO CHẾT NGAY TẠI CHỖ,riêng ông nguyễn văn ba bị rỗ đè gặp vỏ não chết ngay tại chỗ.
VIVOSDEV17_032_clean,vivos,phowhisper,small,zero_shot,,42,clean,clean,MỖI NGƯỜI NỞ MỘT NỤ CƯỜI VỚI NHỮNG Ý NGHĨA KHÁC NHAU,mỗi người nở một nụ cười với những ý nghĩa khác nhau.
VIVOSDEV17_032_snr0,vivos,phowhisper,small,zero_shot,,42,0,noise,MỖI NGƯỜI NỞ MỘT NỤ CƯỜI VỚI NHỮNG Ý NGHĨA KHÁC NHAU,mỗi người nở một nụ cười với những ý nghĩa khác nhau.
VIVOSDEV17_032_snr10,vivos,phowhisper,small,zero_shot,,42,10,music,MỖI NGƯỜI NỞ MỘT NỤ CƯỜI VỚI NHỮNG Ý NGHĨA KHÁC NHAU,mỗi người nở một nụ cười với những ý nghĩa khác nhau.
VIVOSDEV17_032_snr20,vivos,phowhisper,small,zero_shot,,42,20,noise,MỖI NGƯỜI NỞ MỘT NỤ CƯỜI VỚI NHỮNG Ý NGHĨA KHÁC NHAU,mỗi người nở một nụ cười với những ý nghĩa khác nhau.
VIVOSDEV17_032_snr5,vivos,phowhisper,small,zero_shot,,42,5,music,MỖI NGƯỜI NỞ MỘT NỤ CƯỜI VỚI NHỮNG Ý NGHĨA KHÁC NHAU,mỗi người nở một nụ cười với những ý nghĩ khác nhau.
VIVOSDEV17_043_clean,vivos,phowhisper,small,zero_shot,,42,clean,clean,DO VẬY SẼ ẢNH HƯỞNG TỚI VIỆC THU SÓNG VÔ TUYẾN,do vậy sẽ ảnh hưởng tới việc thu sóng vô tuyến.
VIVOSDEV17_043_snr0,vivos,phowhisper,small,zero_shot,,42,0,music,DO VẬY SẼ ẢNH HƯỞNG TỚI VIỆC THU SÓNG VÔ TUYẾN,do vậy sẽ ảnh hưởng tới việc thu sóng vô tuyến.
VIVOSDEV17_043_snr10,vivos,phowhisper,small,zero_shot,,42,10,music,DO VẬY SẼ ẢNH HƯỞNG TỚI VIỆC THU SÓNG VÔ TUYẾN,do vậy sẽ ảnh hưởng tới việc thu sóng vô tuyến.
VIVOSDEV17_043_snr20,vivos,phowhisper,small,zero_shot,,42,20,noise,DO VẬY SẼ ẢNH HƯỞNG TỚI VIỆC THU SÓNG VÔ TUYẾN,do vậy sẽ ảnh hưởng tới việc thu sóng vô tuyến.
VIVOSDEV17_043_snr5,vivos,phowhisper,small,zero_shot,,42,5,noise,DO VẬY SẼ ẢNH HƯỞNG TỚI VIỆC THU SÓNG VÔ TUYẾN,do vậy sẽ ảnh hưởng tới việc thu sóng vô tuyến.
VIVOSDEV17_048_clean,vivos,phowhisper,small,zero_shot,,42,clean,clean,PHIM CHIẾU NGUYÊN BẢN TIẾNG PHÁP CÓ PHỤ ĐỀ TIẾNG VIỆT,phim chiếu nguyên bản tiếng pháp có phủ đề tiếng việt.
VIVOSDEV17_048_snr0,vivos,phowhisper,small,zero_shot,,42,0,music,PHIM CHIẾU NGUYÊN BẢN TIẾNG PHÁP CÓ PHỤ ĐỀ TIẾNG VIỆT,phim chiếu nguyên bản tiếng pháp có phủ đề tiếng việt.
VIVOSDEV17_048_snr10,vivos,phowhisper,small,zero_shot,,42,10,speech,PHIM CHIẾU NGUYÊN BẢN TIẾNG PHÁP CÓ PHỤ ĐỀ TIẾNG VIỆT,phim chiếu nguyên bản tiếng pháp có phủ đề tiếng việt.
VIVOSDEV17_048_snr20,vivos,phowhisper,small,zero_shot,,42,20,noise,PHIM CHIẾU NGUYÊN BẢN TIẾNG PHÁP CÓ PHỤ ĐỀ TIẾNG VIỆT,phim chiếu nguyên bản tiếng pháp có phủ đề tiếng việt.
VIVOSDEV17_048_snr5,vivos,phowhisper,small,zero_shot,,42,5,music,PHIM CHIẾU NGUYÊN BẢN TIẾNG PHÁP CÓ PHỤ ĐỀ TIẾNG VIỆT,phim chiếu nguyên bản tiếng pháp có phủ đều tiếng việt.
VIVOSDEV17_060_clean,vivos,phowhisper,small,zero_shot,,42,clean,clean,BÓNG MÀU XANH LÀ VÙNG TÂM BÃO CÓ THỂ ĐI QUA,bóng màu xanh là vùng tâm bão có thể đi qua.
VIVOSDEV17_060_snr0,vivos,phowhisper,small,zero_shot,,42,0,noise,BÓNG MÀU XANH LÀ VÙNG TÂM BÃO CÓ THỂ ĐI QUA,bóng màu xanh là vùng tâm hậu có thể đi qua.
VIVOSDEV17_060_snr10,vivos,phowhisper,small,zero_shot,,42,10,music,BÓNG MÀU XANH LÀ VÙNG TÂM BÃO CÓ THỂ ĐI QUA,bóng màu xanh là vùng tâm bão có thể đi qua.
VIVOSDEV17_060_snr20,vivos,phowhisper,small,zero_shot,,42,20,speech,BÓNG MÀU XANH LÀ VÙNG TÂM BÃO CÓ THỂ ĐI QUA,bóng màu xanh là vùng tâm bão có thể đi qua.
VIVOSDEV17_060_snr5,vivos,phowhisper,small,zero_shot,,42,5,speech,BÓNG MÀU XANH LÀ VÙNG TÂM BÃO CÓ THỂ ĐI QUA,bóng màu xanh là vùng tâm bão có thể đi qua.
VIVOSDEV17_062_clean,vivos,phowhisper,small,zero_shot,,42,clean,clean,SAU MỘT NGÀY LAO ĐỘNG CĂNG MỆT BẠN ƯU TIÊN CHỌN,sau một ngày lao động căng mệt bạn ưu tiên chọn.
VIVOSDEV17_062_snr0,vivos,phowhisper,small,zero_shot,,42,0,speech,SAU MỘT NGÀY LAO ĐỘNG CĂNG MỆT BẠN ƯU TIÊN CHỌN,sau một ngày lao động căn hộ bạn ô tiêu chọn.
VIVOSDEV17_062_snr10,vivos,phowhisper,small,zero_shot,,42,10,noise,SAU MỘT NGÀY LAO ĐỘNG CĂNG MỆT BẠN ƯU TIÊN CHỌN,sau một ngày lao động căng mệt bạn ưu tiên trọn.
VIVOSDEV17_062_snr20,vivos,phowhisper,small,zero_shot,,42,20,music,SAU MỘT NGÀY LAO ĐỘNG CĂNG MỆT BẠN ƯU TIÊN CHỌN,sau một ngày lao động căng mệt bạn ưu tiên chọn.
VIVOSDEV17_062_snr5,vivos,phowhisper,small,zero_shot,,42,5,speech,SAU MỘT NGÀY LAO ĐỘNG CĂNG MỆT BẠN ƯU TIÊN CHỌN,sau một ngày lao động trăng mệt bạn ưu tiên trọ.
VIVOSDEV17_077_clean,vivos,phowhisper,small,zero_shot,,42,clean,clean,HÔM SAU MỞ MÁY THẤY CÁI TRUYỆN ĐÃ TỰ HOÀN CHỈNH RỒI,hôm sau mở máy thấy cái chuyện đã tự hoàn chỉnh rồi.
VIVOSDEV17_077_snr0,vivos,phowhisper,small,zero_shot,,42,0,noise,HÔM SAU MỞ MÁY THẤY CÁI TRUYỆN ĐÃ TỰ HOÀN CHỈNH RỒI,hôm sau mở máy thấy cái chuyện đã tự hành chỉnh rồi.
VIVOSDEV17_077_snr10,vivos,phowhisper,small,zero_shot,,42,10,noise,HÔM SAU MỞ MÁY THẤY CÁI TRUYỆN ĐÃ TỰ HOÀN CHỈNH RỒI,hôm sau mở máy thấy cái chuyện đã tự hoàn chỉnh rồi.
VIVOSDEV17_077_snr20,vivos,phowhisper,small,zero_shot,,42,20,music,HÔM SAU MỞ MÁY THẤY CÁI TRUYỆN ĐÃ TỰ HOÀN CHỈNH RỒI,hôm sau mở máy thấy cái chuyện đã tự hoàn chỉnh rồi.
VIVOSDEV17_077_snr5,vivos,phowhisper,small,zero_shot,,42,5,music,HÔM SAU MỞ MÁY THẤY CÁI TRUYỆN ĐÃ TỰ HOÀN CHỈNH RỒI,hôm sau mở máy thấy cái chuyện đã tự hoàn chỉnh rồi.
VIVOSDEV17_090_clean,vivos,phowhisper,small,zero_shot,,42,clean,clean,BÂY GIỜ THÌ ĐÁNG ĐƯỢC KHEN LÀ THÔNG MINH CHỨ HẢ,bây giờ thì đáng được khen là thông minh chứ hả.
VIVOSDEV17_090_snr0,vivos,phowhisper,small,zero_shot,,42,0,noise,BÂY GIỜ THÌ ĐÁNG ĐƯỢC KHEN LÀ THÔNG MINH CHỨ HẢ,bây giờ thì đáng được khen là thông minh thiếu hạ.
VIVOSDEV17_090_snr10,vivos,phowhisper,small,zero_shot,,42,10,speech,BÂY GIỜ THÌ ĐÁNG ĐƯỢC KHEN LÀ THÔNG MINH CHỨ HẢ,bây giờ thì đáng được khen là thông minh chứ hả.
VIVOSDEV17_090_snr20,vivos,phowhisper,small,zero_shot,,42,20,noise,BÂY GIỜ THÌ ĐÁNG ĐƯỢC KHEN LÀ THÔNG MINH CHỨ HẢ,bây giờ thì đáng được khen là thông minh chứ hả.
VIVOSDEV17_090_snr5,vivos,phowhisper,small,zero_shot,,42,5,music,BÂY GIỜ THÌ ĐÁNG ĐƯỢC KHEN LÀ THÔNG MINH CHỨ HẢ,bây giờ thì đáng được khen là thông minh chứ hạ.
VIVOSDEV17_099_clean,vivos,phowhisper,small,zero_shot,,42,clean,clean,CHỊ TÌM NHÀ CHO EM Ở TRỌ NGAY CỔNG TRƯỜNG CHỊ HỌC,chị tìm nhà cho em ở trỏ ngay cổng trường chỉ học.
VIVOSDEV17_099_snr0,vivos,phowhisper,small,zero_shot,,42,0,music,CHỊ TÌM NHÀ CHO EM Ở TRỌ NGAY CỔNG TRƯỜNG CHỊ HỌC,chỉ tìm nhà cho em ở trọ ngay cổng trường chỉ học.
VIVOSDEV17_099_snr10,vivos,phowhisper,small,zero_shot,,42,10,music,CHỊ TÌM NHÀ CHO EM Ở TRỌ NGAY CỔNG TRƯỜNG CHỊ HỌC,chỉ tìm nhà cho em ở trỏ ngay cổng trường chỉ học.
VIVOSDEV17_099_snr20,vivos,phowhisper,small,zero_shot,,42,20,music,CHỊ TÌM NHÀ CHO EM Ở TRỌ NGAY CỔNG TRƯỜNG CHỊ HỌC,chị tìm nhà cho em ở trỏ ngay cổng trường chỉ học.
VIVOSDEV17_099_snr5,vivos,phowhisper,small,zero_shot,,42,5,speech,CHỊ TÌM NHÀ CHO EM Ở TRỌ NGAY CỔNG TRƯỜNG CHỊ HỌC,chỉ tìm nhà cho em ở trỏ ngay công trường chỉ học.
VIVOSDEV17_109_clean,vivos,phowhisper,small,zero_shot,,42,clean,clean,MỘT BÀ SANG TRỌNG ĐẾN GẶP BÁC SĨ TRẺ KHÁM BỆNH BÁC SĨ HỎI,một bà sang trọng đến gặp bác sĩ trẻ khám bệnh bác sĩ hỏi.
VIVOSDEV17_109_snr0,vivos,phowhisper,small,zero_shot,,42,0,noise,MỘT BÀ SANG TRỌNG ĐẾN GẶP BÁC SĨ TRẺ KHÁM BỆNH BÁC SĨ HỎI,một bà sang trọng đến gặp bác sĩ trẻ khám bệnh bác sĩ hỏi.
VIVOSDEV17_109_snr10,vivos,phowhisper,small,zero_shot,,42,10,noise,MỘT BÀ SANG TRỌNG ĐẾN GẶP BÁC SĨ TRẺ KHÁM BỆNH BÁC SĨ HỎI,một bà sang trọng đến gặp bác sĩ trẻ khám bệnh bác sĩ hỏi.
VIVOSDEV17_109_snr20,vivos,phowhisper,small,zero_shot,,42,20,speech,MỘT BÀ SANG TRỌNG ĐẾN GẶP BÁC SĨ TRẺ KHÁM BỆNH BÁC SĨ HỎI,một bà sang trọng đến gặp bác sĩ trẻ khám bệnh bác sĩ hỏi.
VIVOSDEV17_109_snr5,vivos,phowhisper,small,zero_shot,,42,5,noise,MỘT BÀ SANG TRỌNG ĐẾN GẶP BÁC SĨ TRẺ KHÁM BỆNH BÁC SĨ HỎI,một bà sang trọng đến gặp bác sĩ trẻ khám bệnh bác sĩ hỏi.
VIVOSDEV17_114_clean,vivos,phowhisper,small,zero_shot,,42,clean,clean,NHÂN LỰC NGÀNH THIẾT KẾ ĐỒ HỌA ĐẮT GIÁ VÀ KHAN HIẾM,nhưng lực ngành thiết kế đồ họa đắt giá và khan hiếm.
VIVOSDEV17_114_snr0,vivos,phowhisper,small,zero_shot,,42,0,noise,NHÂN LỰC NGÀNH THIẾT KẾ ĐỒ HỌA ĐẮT GIÁ VÀ KHAN HIẾM,nhân lực thành thiết kế tồn tại đắt giá và khan hiếm.
VIVOSDEV17_114_snr10,vivos,phowhisper,small,zero_shot,,42,10,speech,NHÂN LỰC NGÀNH THIẾT KẾ ĐỒ HỌA ĐẮT GIÁ VÀ KHAN HIẾM,nhưng lực lượng thiết kế đồ họa đắt giá và khan hiếm.
VIVOSDEV17_114_snr20,vivos,phowhisper,small,zero_shot,,42,20,speech,NHÂN LỰC NGÀNH THIẾT KẾ ĐỒ HỌA ĐẮT GIÁ VÀ KHAN HIẾM,nhưng lực ngành thiết kế đồ họa đắt giá và khan hiếm.
VIVOSDEV17_114_snr5,vivos,phowhisper,small,zero_shot,,42,5,music,NHÂN LỰC NGÀNH THIẾT KẾ ĐỒ HỌA ĐẮT GIÁ VÀ KHAN HIẾM,nhân lực ngậm thiết kế đồ họa đắt giá và khan hiếm.
VIVOSDEV17_120_clean,vivos,phowhisper,small,zero_shot,,42,clean,clean,SAU ĐÓ BẢN THÂN HỌC SINH PHẢI LÀM ĐƠN XIN HỌC BỔNG,sau đó bản thân học sinh phải làm đơn xin học bổng.
VIVOSDEV17_120_snr0,vivos,phowhisper,small,zero_shot,,42,0,speech,SAU ĐÓ BẢN THÂN HỌC SINH PHẢI LÀM ĐƠN XIN HỌC BỔNG,sau đó bạn thân học sinh phải làm đơn xin học mập.
VIVOSDEV17_120_snr10,vivos,phowhisper,small,zero_shot,,42,10,noise,SAU ĐÓ BẢN THÂN HỌC SINH PHẢI LÀM ĐƠN XIN HỌC BỔNG,sau đó bản thân học sinh phải làm đơn xin học bổng.
VIVOSDEV17_120_snr20,vivos,phowhisper,small,zero_shot,,42,20,music,SAU ĐÓ BẢN THÂN HỌC SINH PHẢI LÀM ĐƠN XIN HỌC BỔNG,sau đó bản thân học sinh phải làm đơn xin học bổng.
VIVOSDEV17_120_snr5,vivos,phowhisper,small,zero_shot,,42,5,noise,SAU ĐÓ BẢN THÂN HỌC SINH PHẢI LÀM ĐƠN XIN HỌC BỔNG,sau đó bản thân học sinh phải làm đơn xin học bổng.
VIVOSDEV17_133_clean,vivos,phowhisper,small,zero_shot,,42,clean,clean,CHỈ CÓ THỰC PHẨM MỚI GIÚP BẠN LÀM ĐƯỢC VIỆC NÀY,chỉ có thực phẩm mới giúp bạn làm được việc này.
VIVOSDEV17_133_snr0,vivos,phowhisper,small,zero_shot,,42,0,noise,CHỈ CÓ THỰC PHẨM MỚI GIÚP BẠN LÀM ĐƯỢC VIỆC NÀY,chỉ có thực phẩm mới giúp bạn làm được việc này.
VIVOSDEV17_133_snr10,vivos,phowhisper,small,zero_shot,,42,10,noise,CHỈ CÓ THỰC PHẨM MỚI GIÚP BẠN LÀM ĐƯỢC VIỆC NÀY,chỉ có thực phẩm mới giúp bạn làm được việc này.
VIVOSDEV17_133_snr20,vivos,phowhisper,small,zero_shot,,42,20,speech,CHỈ CÓ THỰC PHẨM MỚI GIÚP BẠN LÀM ĐƯỢC VIỆC NÀY,chỉ có thực phẩm mới giúp bạn làm được việc này.
VIVOSDEV17_133_snr5,vivos,phowhisper,small,zero_shot,,42,5,music,CHỈ CÓ THỰC PHẨM MỚI GIÚP BẠN LÀM ĐƯỢC VIỆC NÀY,chỉ có thực phẩm mới giúp bạn làm được việc này.
VIVOSDEV17_147_clean,vivos,phowhisper,small,zero_shot,,42,clean,clean,VỚI CÁC DÁT MÀU CÀ PHÊ SỮA KHÔNG CẦN ĐIỀU TRỊ,với các giác màu cà phê sữa không cần điều trị.
VIVOSDEV17_147_snr0,vivos,phowhisper,small,zero_shot,,42,0,music,VỚI CÁC DÁT MÀU CÀ PHÊ SỮA KHÔNG CẦN ĐIỀU TRỊ,với các giác màu cà phê sữa không cần điều trị.
VIVOSDEV17_147_snr10,vivos,phowhisper,small,zero_shot,,42,10,music,VỚI CÁC DÁT MÀU CÀ PHÊ SỮA KHÔNG CẦN ĐIỀU TRỊ,với các vết màu cà phê sữa không cần điều trị.
VIVOSDEV17_147_snr20,vivos,phowhisper,small,zero_shot,,42,20,speech,VỚI CÁC DÁT MÀU CÀ PHÊ SỮA KHÔNG CẦN ĐIỀU TRỊ,với các giác màu cà phê sữa không cần điều trị.
VIVOSDEV17_147_snr5,vivos,phowhisper,small,zero_shot,,42,5,speech,VỚI CÁC DÁT MÀU CÀ PHÊ SỮA KHÔNG CẦN ĐIỀU TRỊ,với các nét màu cà phê sữa không cần điều trị.
VIVOSDEV17_181_clean,vivos,phowhisper,small,zero_shot,,42,clean,clean,NHỮNG CÂU HỎI TRÊN SẼ GIÚP BẠN LÀM ĐƯỢC ĐIỀU NÀY,những câu hỏi trên sẽ giúp bạn làm được điều này.
VIVOSDEV17_181_snr0,vivos,phowhisper,small,zero_shot,,42,0,noise,NHỮNG CÂU HỎI TRÊN SẼ GIÚP BẠN LÀM ĐƯỢC ĐIỀU NÀY,những câu hỏi trên sẽ giúp bạn làm được điều này.
VIVOSDEV17_181_snr10,vivos,phowhisper,small,zero_shot,,42,10,speech,NHỮNG CÂU HỎI TRÊN SẼ GIÚP BẠN LÀM ĐƯỢC ĐIỀU NÀY,những câu hỏi trên sẽ giúp bạn làm được điều này.
VIVOSDEV17_181_snr20,vivos,phowhisper,small,zero_shot,,42,20,noise,NHỮNG CÂU HỎI TRÊN SẼ GIÚP BẠN LÀM ĐƯỢC ĐIỀU NÀY,những câu hỏi trên sẽ giúp bạn làm được điều này.
VIVOSDEV17_181_snr5,vivos,phowhisper,small,zero_shot,,42,5,noise,NHỮNG CÂU HỎI TRÊN SẼ GIÚP BẠN LÀM ĐƯỢC ĐIỀU NÀY,những câu hỏi trên sẽ giúp bạn làm được điều này.
VIVOSDEV17_189_clean,vivos,phowhisper,small,zero_shot,,42,clean,clean,VẪN CÒN NHƯNG BẠN KHÔNG DÁM CHẮC HỌ CÓ HẠNH PHÚC HAY KHÔNG,vẫn còn nhưng bạn không dám chắc hỏi có hạnh phúc hay không.
VIVOSDEV17_189_snr0,vivos,phowhisper,small,zero_shot,,42,0,music,VẪN CÒN NHƯNG BẠN KHÔNG DÁM CHẮC HỌ CÓ HẠNH PHÚC HAY KHÔNG,vẫn còn nhưng bạn không dám chắc họ có hạnh phúc hay không.
VIVOSDEV17_189_snr10,vivos,phowhisper,small,zero_shot,,42,10,noise,VẪN CÒN NHƯNG BẠN KHÔNG DÁM CHẮC HỌ CÓ HẠNH PHÚC HAY KHÔNG,vẫn còn nhưng bạn không dám chắc họ có hạnh phúc hay không.
VIVOSDEV17_189_snr20,vivos,phowhisper,small,zero_shot,,42,20,music,VẪN CÒN NHƯNG BẠN KHÔNG DÁM CHẮC HỌ CÓ HẠNH PHÚC HAY KHÔNG,vẫn còn nhưng bạn không dám chắc hỏi có hạnh phúc hay không.
VIVOSDEV17_189_snr5,vivos,phowhisper,small,zero_shot,,42,5,music,VẪN CÒN NHƯNG BẠN KHÔNG DÁM CHẮC HỌ CÓ HẠNH PHÚC HAY KHÔNG,vẫn còn nhưng bạn không dám chắc họ có hạnh phúc hay không.
VIVOSDEV17_192_clean,vivos,phowhisper,small,zero_shot,,42,clean,clean,ĐÓ CŨNG LÀ SỰ TIẾP XÚC GẦN GŨI NHẤT CỦA BỌN EM,đó cũng là sự tiếp xúc gần gũi nhất của bọn em.
VIVOSDEV17_192_snr0,vivos,phowhisper,small,zero_shot,,42,0,music,ĐÓ CŨNG LÀ SỰ TIẾP XÚC GẦN GŨI NHẤT CỦA BỌN EM,đó cũng là sự tiếp xúc gần gũi nhất của bọn em.
VIVOSDEV17_192_snr10,vivos,phowhisper,small,zero_shot,,42,10,speech,ĐÓ CŨNG LÀ SỰ TIẾP XÚC GẦN GŨI NHẤT CỦA BỌN EM,đó cũng là sự tiếp xúc gần gũi nhất của bọn em.
VIVOSDEV17_192_snr20,vivos,phowhisper,small,zero_shot,,42,20,speech,ĐÓ CŨNG LÀ SỰ TIẾP XÚC GẦN GŨI NHẤT CỦA BỌN EM,đó cũng là sự tiếp xúc gần gũi nhất của bọn em.
VIVOSDEV17_192_snr5,vivos,phowhisper,small,zero_shot,,42,5,music,ĐÓ CŨNG LÀ SỰ TIẾP XÚC GẦN GŨI NHẤT CỦA BỌN EM,đó cũng là sự tiếp xúc gần gũi nhất của bọn em.
VIVOSDEV17_204_clean,vivos,phowhisper,small,zero_shot,,42,clean,clean,EM HÃY TỈNH TÁO MÀ TÌM NHỮNG ĐỊNH HƯỚNG TỐT HƠN CHO TƯƠNG LAI,em hãy tỉnh táo mà tìm những định hướng tốt hơn cho tương lai.
VIVOSDEV17_204_snr0,vivos,phowhisper,small,zero_shot,,42,0,noise,EM HÃY TỈNH TÁO MÀ TÌM NHỮNG ĐỊNH HƯỚNG TỐT HƠN CHO TƯƠNG LAI,em hãy tỉnh táo mà tìm những định hướng tốt hơn cho tương lai.
VIVOSDEV17_204_snr10,vivos,phowhisper,small,zero_shot,,42,10,music,EM HÃY TỈNH TÁO MÀ TÌM NHỮNG ĐỊNH HƯỚNG TỐT HƠN CHO TƯƠNG LAI,em hãy tỉnh táo mà tìm những định hướng tốt hơn cho tương lai.
VIVOSDEV17_204_snr20,vivos,phowhisper,small,zero_shot,,42,20,music,EM HÃY TỈNH TÁO MÀ TÌM NHỮNG ĐỊNH HƯỚNG TỐT HƠN CHO TƯƠNG LAI,em hãy tỉnh táo mà tìm những định hướng tốt hơn cho tương lai.
VIVOSDEV17_204_snr5,vivos,phowhisper,small,zero_shot,,42,5,noise,EM HÃY TỈNH TÁO MÀ TÌM NHỮNG ĐỊNH HƯỚNG TỐT HƠN CHO TƯƠNG LAI,em hãy tỉnh táo mà tìm những định hướng tốt hơn cho tương lai.
VIVOSDEV17_208_clean,vivos,phowhisper,small,zero_shot,,42,clean,clean,NHƯNG CHẲNG CÓ ĐIỂM SẢN XUẤT NÀO DÙNG BẠT PHỦ CHE CHẮN,nhưng chẳng có điểm sản xuất nào dùng bạc phụ che chắn.
VIVOSDEV17_208_snr0,vivos,phowhisper,small,zero_shot,,42,0,noise,NHƯNG CHẲNG CÓ ĐIỂM SẢN XUẤT NÀO DÙNG BẠT PHỦ CHE CHẮN,nhưng chẳng có điểm sản xuất nào dùng bạt phụ che chắn.
VIVOSDEV17_208_snr10,vivos,phowhisper,small,zero_shot,,42,10,music,NHƯNG CHẲNG CÓ ĐIỂM SẢN XUẤT NÀO DÙNG BẠT PHỦ CHE CHẮN,nhưng chẳng có điểm sản xuất nào dùng bạc phủ che chắn.
VIVOSDEV17_208_snr20,vivos,phowhisper,small,zero_shot,,42,20,noise,NHƯNG CHẲNG CÓ ĐIỂM SẢN XUẤT NÀO DÙNG BẠT PHỦ CHE CHẮN,nhưng chẳng có điểm sản xuất nào dùng bạc phụ che chắn.
VIVOSDEV17_208_snr5,vivos,phowhisper,small,zero_shot,,42,5,noise,NHƯNG CHẲNG CÓ ĐIỂM SẢN XUẤT NÀO DÙNG BẠT PHỦ CHE CHẮN,nhưng chẳng có điểm sản xuất nào dùng bạt phụ che chắn.
VIVOSDEV17_217_clean,vivos,phowhisper,small,zero_shot,,42,clean,clean,THÌ HỢP ĐỒNG THẾ CHẤP NÀY CŨNG KHÔNG CÓ GIÁ TRỊ PHÁP LÝ,thì hợp đồng thế chấp này cũng không có giá trị pháp lý.
VIVOSDEV17_217_snr0,vivos,phowhisper,small,zero_shot,,42,0,noise,THÌ HỢP ĐỒNG THẾ CHẤP NÀY CŨNG KHÔNG CÓ GIÁ TRỊ PHÁP LÝ,thì hợp đồng thế chấp này cũng không có giá trị pháp lý.
VIVOSDEV17_217_snr10,vivos,phowhisper,small,zero_shot,,42,10,music,THÌ HỢP ĐỒNG THẾ CHẤP NÀY CŨNG KHÔNG CÓ GIÁ TRỊ PHÁP LÝ,thì hợp đồng thế chấp này cũng không có giá trị pháp lý.
VIVOSDEV17_217_snr20,vivos,phowhisper,small,zero_shot,,42,20,music,THÌ HỢP ĐỒNG THẾ CHẤP NÀY CŨNG KHÔNG CÓ GIÁ TRỊ PHÁP LÝ,thì hợp đồng thế chấp này cũng không có giá trị pháp lý.
VIVOSDEV17_217_snr5,vivos,phowhisper,small,zero_shot,,42,5,speech,THÌ HỢP ĐỒNG THẾ CHẤP NÀY CŨNG KHÔNG CÓ GIÁ TRỊ PHÁP LÝ,thì hoạt động thế chấp này cũng không có giá trị pháp lý.
VIVOSDEV17_241_clean,vivos,phowhisper,small,zero_shot,,42,clean,clean,MỘT ANH TRAI TUẤN ĐANG NGỒI TÙ VÌ TỘI GIẾT NGƯỜI,một anh trai tuấn đang ngồi tù vì tội giết người.
VIVOSDEV17_241_snr0,vivos,phowhisper,small,zero_shot,,42,0,speech,MỘT ANH TRAI TUẤN ĐANG NGỒI TÙ VÌ TỘI GIẾT NGƯỜI,nâu một anh chen tôm đang ngồi tàu ngồi cậu rồi.
VIVOSDEV17_241_snr10,vivos,phowhisper,small,zero_shot,,42,10,speech,MỘT ANH TRAI TUẤN ĐANG NGỒI TÙ VÌ TỘI GIẾT NGƯỜI,một anh trai tuấn đang ngồi tù vì tội giết người.
VIVOSDEV17_241_snr20,vivos,phowhisper,small,zero_shot,,42,20,music,MỘT ANH TRAI TUẤN ĐANG NGỒI TÙ VÌ TỘI GIẾT NGƯỜI,một anh trai tuấn đang ngồi tù vì tội giết người.
VIVOSDEV17_241_snr5,vivos,phowhisper,small,zero_shot,,42,5,noise,MỘT ANH TRAI TUẤN ĐANG NGỒI TÙ VÌ TỘI GIẾT NGƯỜI,một anh chay tuấn đang ngồi tù vì tội giết người.
VIVOSDEV17_254_clean,vivos,phowhisper,small,zero_shot,,42,clean,clean,CÁC BƯỚC SAU ĐÂY SẼ GIÚP BẠN TÌM RA ỨNG CỬ VIÊN THÍCH HỢP,các bước sau đây sẽ giúp bạn tìm ra ứng cử viên thích hợp.
VIVOSDEV17_254_snr0,vivos,phowhisper,small,zero_shot,,42,0,music,CÁC BƯỚC SAU ĐÂY SẼ GIÚP BẠN TÌM RA ỨNG CỬ VIÊN THÍCH HỢP,các bước sau đây sẽ giúp bạn tìm ra ứng cử viên thích hợp.
VIVOSDEV17_254_snr10,vivos,phowhisper,small,zero_shot,,42,10,noise,CÁC BƯỚC SAU ĐÂY SẼ GIÚP BẠN TÌM RA ỨNG CỬ VIÊN THÍCH HỢP,các bước sau đây sẽ giúp bạn tìm ra ứng cử viên thích hợp.
VIVOSDEV17_254_snr20,vivos,phowhisper,small,zero_shot,,42,20,noise,CÁC BƯỚC SAU ĐÂY SẼ GIÚP BẠN TÌM RA ỨNG CỬ VIÊN THÍCH HỢP,các bước sau đây sẽ giúp bạn tìm ra ứng cử viên thích hợp.
VIVOSDEV17_254_snr5,vivos,phowhisper,small,zero_shot,,42,5,noise,CÁC BƯỚC SAU ĐÂY SẼ GIÚP BẠN TÌM RA ỨNG CỬ VIÊN THÍCH HỢP,các mức sau đây sẽ giúp bạn tìm ra ứng cử viên thích hợp.
VIVOSDEV17_271_clean,vivos,phowhisper,small,zero_shot,,42,clean,clean,GIẢI NHẤT HUY CHƯƠNG VÀNG THUỘC VỀ NHÀ NHIẾP ẢNH CỦA CỘNG HÒA SÉC,giải nhất huy chương vàng thuộc về nhà nhiếp ảnh của cộng hoà séc.
VIVOSDEV17_271_snr0,vivos,phowhisper,small,zero_shot,,42,0,music,GIẢI NHẤT HUY CHƯƠNG VÀNG THUỘC VỀ NHÀ NHIẾP ẢNH CỦA CỘNG HÒA SÉC,giải nhất huy chương vàng thuộc về nhà nhiếp ảnh của cộng hòa pháp.
VIVOSDEV17_271_snr10,vivos,phowhisper,small,zero_shot,,42,10,noise,GIẢI NHẤT HUY CHƯƠNG VÀNG THUỘC VỀ NHÀ NHIẾP ẢNH CỦA CỘNG HÒA SÉC,giải nhất huy chương vàng thuộc về nhà nhiếp ảnh của cộng hoà séc.
VIVOSDEV17_271_snr20,vivos,phowhisper,small,zero_shot,,42,20,music,GIẢI NHẤT HUY CHƯƠNG VÀNG THUỘC VỀ NHÀ NHIẾP ẢNH CỦA CỘNG HÒA SÉC,giải nhất huy chương vàng thuộc về nhà nhiếp ảnh của cộng hòa sét.
VIVOSDEV17_271_snr5,vivos,phowhisper,small,zero_shot,,42,5,noise,GIẢI NHẤT HUY CHƯƠNG VÀNG THUỘC VỀ NHÀ NHIẾP ẢNH CỦA CỘNG HÒA SÉC,giải nhất huy chương vàng thuộc về nhà nhiếp ảnh của cộng hoà séc.
VIVOSDEV17_285_clean,vivos,phowhisper,small,zero_shot,,42,clean,clean,ĐỂ XIN THỊ THỰC CÔNG TÁC VỀ CƠ BẢN BẠN PHẢI CÓ,để xin thủy thuật công tác về cơ bản bạn phải có.
VIVOSDEV17_285_snr0,vivos,phowhisper,small,zero_shot,,42,0,music,ĐỂ XIN THỊ THỰC CÔNG TÁC VỀ CƠ BẢN BẠN PHẢI CÓ,để xin thủ thuật công tác về cơ bản bạn phải có.
VIVOSDEV17_285_snr10,vivos,phowhisper,small,zero_shot,,42,10,noise,ĐỂ XIN THỊ THỰC CÔNG TÁC VỀ CƠ BẢN BẠN PHẢI CÓ,để xin thủy thuật công tác về cơ bản bạn phải có.
VIVOSDEV17_285_snr20,vivos,phowhisper,small,zero_shot,,42,20,music,ĐỂ XIN THỊ THỰC CÔNG TÁC VỀ CƠ BẢN BẠN PHẢI CÓ,để xin thị thực công tác về cơ bản bạn phải có.
VIVOSDEV17_285_snr5,vivos,phowhisper,small,zero_shot,,42,5,noise,ĐỂ XIN THỊ THỰC CÔNG TÁC VỀ CƠ BẢN BẠN PHẢI CÓ,để xin thủy thuật công tác về cơ bản bạn phải có.
VIVOSDEV17_288_clean,vivos,phowhisper,small,zero_shot,,42,clean,clean,TÔI NẮM BÀN TAY XƯA BA TÔI TỪNG THƯƠNG YÊU ĐAU XÓT CẦM GIỮ,tôi nắm bàn tay xưa ba tôi từng thương tôi đau xót cầm dự.
VIVOSDEV17_288_snr0,vivos,phowhisper,small,zero_shot,,42,0,music,TÔI NẮM BÀN TAY XƯA BA TÔI TỪNG THƯƠNG YÊU ĐAU XÓT CẦM GIỮ,tôi nắm bàn tay xưa ba tôi từng thương tôi đau xót cầm dữ.
VIVOSDEV17_288_snr10,vivos,phowhisper,small,zero_shot,,42,10,noise,TÔI NẮM BÀN TAY XƯA BA TÔI TỪNG THƯƠNG YÊU ĐAU XÓT CẦM GIỮ,tôi nắm bàn tay sơ ba tôi từng thương tôi đau xót cầm dữ.
VIVOSDEV17_288_snr20,vivos,phowhisper,small,zero_shot,,42,20,speech,TÔI NẮM BÀN TAY XƯA BA TÔI TỪNG THƯƠNG YÊU ĐAU XÓT CẦM GIỮ,tôi nắm bàn tay xưa ba tôi từng thương tôi đau xót cầm giữ.
VIVOSDEV17_288_snr5,vivos,phowhisper,small,zero_shot,,42,5,speech,TÔI NẮM BÀN TAY XƯA BA TÔI TỪNG THƯƠNG YÊU ĐAU XÓT CẦM GIỮ,tôi nắm mạnh tây cường và tôi từng thương tôi đâui xót bằng dữ.
VIVOSDEV17_299_clean,vivos,phowhisper,small,zero_shot,,42,clean,clean,KHAI MẠC TRIỂN LÃM QUY MÔ LỚN VỀ TRANH SƠN MÀI VIỆT NAM,khai mạc triển lãm quy mô lớn về tranh sơn mài việt nam.
VIVOSDEV17_299_snr0,vivos,phowhisper,small,zero_shot,,42,0,speech,KHAI MẠC TRIỂN LÃM QUY MÔ LỚN VỀ TRANH SƠN MÀI VIỆT NAM,khai mạc triển lãm quy mô lớn về tranh sân bay việt nam.
VIVOSDEV17_299_snr10,vivos,phowhisper,small,zero_shot,,42,10,noise,KHAI MẠC TRIỂN LÃM QUY MÔ LỚN VỀ TRANH SƠN MÀI VIỆT NAM,thai mạc triển lãm quy mô lớn về tranh sơn mài việt nam.
VIVOSDEV17_299_snr20,vivos,phowhisper,small,zero_shot,,42,20,music,KHAI MẠC TRIỂN LÃM QUY MÔ LỚN VỀ TRANH SƠN MÀI VIỆT NAM,thay mặt triển lãm quy mô lớn về tranh sơn mài việt nam.
VIVOSDEV17_299_snr5,vivos,phowhisper,small,zero_shot,,42,5,speech,KHAI MẠC TRIỂN LÃM QUY MÔ LỚN VỀ TRANH SƠN MÀI VIỆT NAM,khai mạc triển lãm quy mô lớn về tranh sơn mài việt nam.
VIVOSDEV18_006_clean,vivos,phowhisper,small,zero_shot,,42,clean,clean,KHÔNG NÊN CHỈ DỰA VÀO BÀI VIẾT CỦA BẠN ĐỂ THUYẾT MINH THÊM,không nên chỉ dựa vào bài viết của bạn để thuyết minh thêm.
VIVOSDEV18_006_snr0,vivos,phowhisper,small,zero_shot,,42,0,noise,KHÔNG NÊN CHỈ DỰA VÀO BÀI VIẾT CỦA BẠN ĐỂ THUYẾT MINH THÊM,không nên chỉ dựa vào bài thiết của bạn để thuyết minh thêm.
VIVOSDEV18_006_snr10,vivos,phowhisper,small,zero_shot,,42,10,speech,KHÔNG NÊN CHỈ DỰA VÀO BÀI VIẾT CỦA BẠN ĐỂ THUYẾT MINH THÊM,không nên chỉ dựa vào bài viết của bạn để thuyết minh thêm.
VIVOSDEV18_006_snr20,vivos,phowhisper,small,zero_shot,,42,20,noise,KHÔNG NÊN CHỈ DỰA VÀO BÀI VIẾT CỦA BẠN ĐỂ THUYẾT MINH THÊM,không nên chỉ dựa vào bài viết của bạn để thuyết minh thêm.
VIVOSDEV18_006_snr5,vivos,phowhisper,small,zero_shot,,42,5,speech,KHÔNG NÊN CHỈ DỰA VÀO BÀI VIẾT CỦA BẠN ĐỂ THUYẾT MINH THÊM,không nên chỉ dựa vào bài viết của bạn để thuyết minh thêm.
VIVOSDEV18_012_clean,vivos,phowhisper,small,zero_shot,,42,clean,clean,VÀ GIÁO DỤC CON NGƯỜI TRỞ THÀNH VIỆC LUYỆN TRÍ NHỚ,và giáo dục con người trở thành việc luyện trí nhớ.
VIVOSDEV18_012_snr0,vivos,phowhisper,small,zero_shot,,42,0,noise,VÀ GIÁO DỤC CON NGƯỜI TRỞ THÀNH VIỆC LUYỆN TRÍ NHỚ,và giáo dục con người trở thành việc luyện trí nhớ.
VIVOSDEV18_012_snr10,vivos,phowhisper,small,zero_shot,,42,10,noise,VÀ GIÁO DỤC CON NGƯỜI TRỞ THÀNH VIỆC LUYỆN TRÍ NHỚ,và giáo dục con người trở thành việc luyện trí nhớ.
VIVOSDEV18_012_snr20,vivos,phowhisper,small,zero_shot,,42,20,music,VÀ GIÁO DỤC CON NGƯỜI TRỞ THÀNH VIỆC LUYỆN TRÍ NHỚ,và giáo dục con người trở thành việc luyện trí nhớ.
VIVOSDEV18_012_snr5,vivos,phowhisper,small,zero_shot,,42,5,noise,VÀ GIÁO DỤC CON NGƯỜI TRỞ THÀNH VIỆC LUYỆN TRÍ NHỚ,và giáo dục con người trở thành việc luyện trí nhớ.
VIVOSDEV18_017_clean,vivos,phowhisper,small,zero_shot,,42,clean,clean,TUY NHIÊN HỢP ĐỒNG NÀY CHỈ CÓ GIÁ TRỊ TRONG NHỮNG NGÀY BÌNH THƯỜNG,tuy nhiên hợp đồng này chỉ có giá trị trong những ngày bình thường.
VIVOSDEV18_017_snr0,vivos,phowhisper,small,zero_shot,,42,0,noise,TUY NHIÊN HỢP ĐỒNG NÀY CHỈ CÓ GIÁ TRỊ TRONG NHỮNG NGÀY BÌNH THƯỜNG,nguyên nhân hợp đồng này chỉ có giá trị cho những ngày bình thường.
VIVOSDEV18_017_snr10,vivos,phowhisper,small,zero_shot,,42,10,music,TUY NHIÊN HỢP ĐỒNG NÀY CHỈ CÓ GIÁ TRỊ TRONG NHỮNG NGÀY BÌNH THƯỜNG,tuy nhiên hợp đồng này chỉ có giá trị trong những ngày bình thường.
VIVOSDEV18_017_snr20,vivos,phowhisper,small,zero_shot,,42,20,noise,TUY NHIÊN HỢP ĐỒNG NÀY CHỈ CÓ GIÁ TRỊ TRONG NHỮNG NGÀY BÌNH THƯỜNG,tuy nhiên hợp đồng này chỉ có giá trị trong những ngày bình thường.
VIVOSDEV18_017_snr5,vivos,phowhisper,small,zero_shot,,42,5,noise,TUY NHIÊN HỢP ĐỒNG NÀY CHỈ CÓ GIÁ TRỊ TRONG NHỮNG NGÀY BÌNH THƯỜNG,nguyên nhân hợp đồng này chỉ có giá trị trong những ngày bình thường.
VIVOSDEV18_060_clean,vivos,phowhisper,small,zero_shot,,42,clean,clean,CÀNG NGÀY MÌNH CÀNG NGHĨ NHIỀU VỀ CÔNG VIỆC GIẢNG DẠY,càng ngày mình càng nghĩ nhiều về công việc giảng dạy.
VIVOSDEV18_060_snr0,vivos,phowhisper,small,zero_shot,,42,0,speech,CÀNG NGÀY MÌNH CÀNG NGHĨ NHIỀU VỀ CÔNG VIỆC GIẢNG DẠY,càng ngày mình càng nghĩ nhiều về công việc giảng dạy.
VIVOSDEV18_060_snr10,vivos,phowhisper,small,zero_shot,,42,10,music,CÀNG NGÀY MÌNH CÀNG NGHĨ NHIỀU VỀ CÔNG VIỆC GIẢNG DẠY,càng ngày mình càng nghĩ nhiều về công việc giảng dạy.
VIVOSDEV18_060_snr20,vivos,phowhisper,small,zero_shot,,42,20,noise,CÀNG NGÀY MÌNH CÀNG NGHĨ NHIỀU VỀ CÔNG VIỆC GIẢNG DẠY,càng ngày mình càng nghĩ nhiều về công việc giảng dạy.
VIVOSDEV18_060_snr5,vivos,phowhisper,small,zero_shot,,42,5,music,CÀNG NGÀY MÌNH CÀNG NGHĨ NHIỀU VỀ CÔNG VIỆC GIẢNG DẠY,càng ngày mình càng nghĩ nhiều về công việc giảng dạy.
VIVOSDEV18_064_clean,vivos,phowhisper,small,zero_shot,,42,clean,clean,TẤT NHIÊN HÓA ĐƠN TIỀN NƯỚC CŨNG KÈM LUÔN KHOẢN TIỀN,tất nhiên hóa đơn tiền nước cũng kèm theo luôn khoản tiền.
VIVOSDEV18_064_snr0,vivos,phowhisper,small,zero_shot,,42,0,noise,TẤT NHIÊN HÓA ĐƠN TIỀN NƯỚC CŨNG KÈM LUÔN KHOẢN TIỀN,tất nhiên hoa đơn tiền nước cũng kèm theo luôn khoản tiền.
VIVOSDEV18_064_snr10,vivos,phowhisper,small,zero_shot,,42,10,music,TẤT NHIÊN HÓA ĐƠN TIỀN NƯỚC CŨNG KÈM LUÔN KHOẢN TIỀN,tất nhiên hóa đơn tiền nước cũng kèm theo luôn khoản tiền.
VIVOSDEV18_064_snr20,vivos,phowhisper,small,zero_shot,,42,20,music,TẤT NHIÊN HÓA ĐƠN TIỀN NƯỚC CŨNG KÈM LUÔN KHOẢN TIỀN,tất nhiên hóa đơn tiền nước cũng kèm theo luôn khoản tiền.
VIVOSDEV18_064_snr5,vivos,phowhisper,small,zero_shot,,42,5,noise,TẤT NHIÊN HÓA ĐƠN TIỀN NƯỚC CŨNG KÈM LUÔN KHOẢN TIỀN,tất nhiên hóa đơn tiền nước cũng kèm theo luôn khoản tiền.
VIVOSDEV18_065_clean,vivos,phowhisper,small,zero_shot,,42,clean,clean,CHÚC BẠN ĐỌC CÓ THẬT NHIỀU THỜI GIAN THƯ GIÃN THOẢI MÁI,mỗi ngày bạn đọc có thật nhiều thời gian thư giãn thoải mái.
VIVOSDEV18_065_snr0,vivos,phowhisper,small,zero_shot,,42,0,music,CHÚC BẠN ĐỌC CÓ THẬT NHIỀU THỜI GIAN THƯ GIÃN THOẢI MÁI,bạn đọc có thực nhiều thời gian thi đoạn thoải mái.
VIVOSDEV18_065_snr10,vivos,phowhisper,small,zero_shot,,42,10,music,CHÚC BẠN ĐỌC CÓ THẬT NHIỀU THỜI GIAN THƯ GIÃN THOẢI MÁI,các bạn đọc có thật nhiều thời gian thư giãn thoải mái.
VIVOSDEV18_065_snr20,vivos,phowhisper,small,zero_shot,,42,20,noise,CHÚC BẠN ĐỌC CÓ THẬT NHIỀU THỜI GIAN THƯ GIÃN THOẢI MÁI,những bạn đọc có thật nhiều thời gian thư giãn thoải mái.
VIVOSDEV18_065_snr5,vivos,phowhisper,small,zero_shot,,42,5,music,CHÚC BẠN ĐỌC CÓ THẬT NHIỀU THỜI GIAN THƯ GIÃN THOẢI MÁI,nhưng bạn đọc có thật nhiều thời gian thư giãn thoải mái.
VIVOSDEV18_118_clean,vivos,phowhisper,small,zero_shot,,42,clean,clean,NGƯỜI ĂN XIN THƯA BÀ NGÀY THƯỜNG THÌ BÀ CHO GÌ CŨNG ĐƯỢC,người ăn xin thưa bà ngày thường thì bà cho gì cũng được.
VIVOSDEV18_118_snr0,vivos,phowhisper,small,zero_shot,,42,0,noise,NGƯỜI ĂN XIN THƯA BÀ NGÀY THƯỜNG THÌ BÀ CHO GÌ CŨNG ĐƯỢC,người ăn xin thưa bà ngày thường thì bà cho gì cũng được.
VIVOSDEV18_118_snr10,vivos,phowhisper,small,zero_shot,,42,10,noise,NGƯỜI ĂN XIN THƯA BÀ NGÀY THƯỜNG THÌ BÀ CHO GÌ CŨNG ĐƯỢC,người ăn xin thưa bà ngày thường thì bà cho gì cũng được.
VIVOSDEV18_118_snr20,vivos,phowhisper,small,zero_shot,,42,20,noise,NGƯỜI ĂN XIN THƯA BÀ NGÀY THƯỜNG THÌ BÀ CHO GÌ CŨNG ĐƯỢC,người ăn xin thưa bà ngày thường thì bà cho gì cũng được.
VIVOSDEV18_118_snr5,vivos,phowhisper,small,zero_shot,,42,5,music,NGƯỜI ĂN XIN THƯA BÀ NGÀY THƯỜNG THÌ BÀ CHO GÌ CŨNG ĐƯỢC,nhiều em xin thưa bà ngày thường thì bà cho gì cũng được.
VIVOSDEV18_120_clean,vivos,phowhisper,small,zero_shot,,42,clean,clean,BẠN KHÔNG BAO GIỜ RA NGOÀI MÀ KHÔNG DÙNG KEM LÓT,bạn không bao giờ ra ngoài mà không dùng kem lót.
VIVOSDEV18_120_snr0,vivos,phowhisper,small,zero_shot,,42,0,speech,BẠN KHÔNG BAO GIỜ RA NGOÀI MÀ KHÔNG DÙNG KEM LÓT,bạn không bao giờ ra ngoài mà không dùng kem lót.
VIVOSDEV18_120_snr10,vivos,phowhisper,small,zero_shot,,42,10,noise,BẠN KHÔNG BAO GIỜ RA NGOÀI MÀ KHÔNG DÙNG KEM LÓT,bạn không bao giờ ra ngoài mà không dùng kem lót.
VIVOSDEV18_120_snr20,vivos,phowhisper,small,zero_shot,,42,20,noise,BẠN KHÔNG BAO GIỜ RA NGOÀI MÀ KHÔNG DÙNG KEM LÓT,bạn không bao giờ ra ngoài mà không dùng kem lót.
VIVOSDEV18_120_snr5,vivos,phowhisper,small,zero_shot,,42,5,noise,BẠN KHÔNG BAO GIỜ RA NGOÀI MÀ KHÔNG DÙNG KEM LÓT,bạn không bao giờ ra ngoài mà không dùng kem lót.
VIVOSDEV18_155_clean,vivos,phowhisper,small,zero_shot,,42,clean,clean,NGƯỜI ĐÀN ÔNG TRÊN GIƯỜNG THÌNH LÌNH RÊN LÊN MỘT TIẾNG RỒI MỞ MẮT,người đàn ông trên giường thịnh lịnh rên lên một tiếng rồi mở mắt.
VIVOSDEV18_155_snr0,vivos,phowhisper,small,zero_shot,,42,0,noise,NGƯỜI ĐÀN ÔNG TRÊN GIƯỜNG THÌNH LÌNH RÊN LÊN MỘT TIẾNG RỒI MỞ MẮT,người đàn ông trên vườn thùng linh rên lên một tiếng rồi mở mắt.
VIVOSDEV18_155_snr10,vivos,phowhisper,small,zero_shot,,42,10,noise,NGƯỜI ĐÀN ÔNG TRÊN GIƯỜNG THÌNH LÌNH RÊN LÊN MỘT TIẾNG RỒI MỞ MẮT,người đàn ông trên giường thịnh lịnh rên lên một tiếng rồi mở mắt.
VIVOSDEV18_155_snr20,vivos,phowhisper,small,zero_shot,,42,20,music,NGƯỜI ĐÀN ÔNG TRÊN GIƯỜNG THÌNH LÌNH RÊN LÊN MỘT TIẾNG RỒI MỞ MẮT,người đàn ông trên giường thịnh lịnh rên lên một tiếng rồi mở mắt.
VIVOSDEV18_155_snr5,vivos,phowhisper,small,zero_shot,,42,5,noise,NGƯỜI ĐÀN ÔNG TRÊN GIƯỜNG THÌNH LÌNH RÊN LÊN MỘT TIẾNG RỒI MỞ MẮT,người đàn ông trên giường chìm linh rên lên một tiếng rồi mở mắt.
VIVOSDEV18_191_clean,vivos,phowhisper,small,zero_shot,,42,clean,clean,VỊ BÁC SĨ HIỀN LÀNH ẤY CÓ NHỮNG LÝ THUYẾT TRỒNG CÂY THẬT THÚ VỊ,vị bác sĩ hiền lành ấy có những lý thuyết trồng cây thật thú vị.
VIVOSDEV18_191_snr0,vivos,phowhisper,small,zero_shot,,42,0,noise,VỊ BÁC SĨ HIỀN LÀNH ẤY CÓ NHỮNG LÝ THUYẾT TRỒNG CÂY THẬT THÚ VỊ,bị bất dị hiền là thấy có những bí thuyết trồng cây thật thú vị.
VIVOSDEV18_191_snr10,vivos,phowhisper,small,zero_shot,,42,10,music,VỊ BÁC SĨ HIỀN LÀNH ẤY CÓ NHỮNG LÝ THUYẾT TRỒNG CÂY THẬT THÚ VỊ,vị bác sĩ hiền lành ấy có những lý thuyết trồng cây thật thú vị.
VIVOSDEV18_191_snr20,vivos,phowhisper,small,zero_shot,,42,20,noise,VỊ BÁC SĨ HIỀN LÀNH ẤY CÓ NHỮNG LÝ THUYẾT TRỒNG CÂY THẬT THÚ VỊ,vị bác sĩ hiền lành ấy có những lý thuyết trồng cây thật thú vị.
VIVOSDEV18_191_snr5,vivos,phowhisper,small,zero_shot,,42,5,noise,VỊ BÁC SĨ HIỀN LÀNH ẤY CÓ NHỮNG LÝ THUYẾT TRỒNG CÂY THẬT THÚ VỊ,bị bác sĩ hiền lặn ấy có những lý thuyết trồng cây thật thú vị.
VIVOSDEV18_194_clean,vivos,phowhisper,small,zero_shot,,42,clean,clean,XIN VỚI MẸ CHO ĐI CAI TẬP TRUNG SAU MỘT NĂM BẠN TRỞ VỀ NHÀ,xin với mẹ cho đi cai tập trung sau một năm bạn trở về nhà.
VIVOSDEV18_194_snr0,vivos,phowhisper,small,zero_shot,,42,0,speech,XIN VỚI MẸ CHO ĐI CAI TẬP TRUNG SAU MỘT NĂM BẠN TRỞ VỀ NHÀ,xin với mẹ cho đi cai tập trung sau một năm bà bị trở về nhà.
VIVOSDEV18_194_snr10,vivos,phowhisper,small,zero_shot,,42,10,noise,XIN VỚI MẸ CHO ĐI CAI TẬP TRUNG SAU MỘT NĂM BẠN TRỞ VỀ NHÀ,xin với mẹ cho đi cai tập trung sau một năm bạn trở về nhà.
VIVOSDEV18_194_snr20,vivos,phowhisper,small,zero_shot,,42,20,speech,XIN VỚI MẸ CHO ĐI CAI TẬP TRUNG SAU MỘT NĂM BẠN TRỞ VỀ NHÀ,xin với mẹ cho đi cai tập trung sau một năm bạn trở về nhà.
VIVOSDEV18_194_snr5,vivos,phowhisper,small,zero_shot,,42,5,music,XIN VỚI MẸ CHO ĐI CAI TẬP TRUNG SAU MỘT NĂM BẠN TRỞ VỀ NHÀ,xin với mẹ cho đi cai tập trung sau một năm bạn trở về nhà.
VIVOSDEV18_199_clean,vivos,phowhisper,small,zero_shot,,42,clean,clean,HIỂN NHIÊN KHÔNG AI MUỐN XUẤT HIỆN BÊN CẠNH MỘT NGƯỜI NHƯ VẬY,tuy nhiên không ai muốn xuất hiện bên cạnh một người như vậy.
VIVOSDEV18_199_snr0,vivos,phowhisper,small,zero_shot,,42,0,music,HIỂN NHIÊN KHÔNG AI MUỐN XUẤT HIỆN BÊN CẠNH MỘT NGƯỜI NHƯ VẬY,nhưng không ai muốn xuất hiện bên cạnh một người như vậy.
VIVOSDEV18_199_snr10,vivos,phowhisper,small,zero_shot,,42,10,speech,HIỂN NHIÊN KHÔNG AI MUỐN XUẤT HIỆN BÊN CẠNH MỘT NGƯỜI NHƯ VẬY,tất nhiên không ai muốn xuất hiện bên cạnh một người như vậy.
VIVOSDEV18_199_snr20,vivos,phowhisper,small,zero_shot,,42,20,music,HIỂN NHIÊN KHÔNG AI MUỐN XUẤT HIỆN BÊN CẠNH MỘT NGƯỜI NHƯ VẬY,tuy nhiên không ai muốn xuất hiện bên cạnh một người như vậy.
VIVOSDEV18_199_snr5,vivos,phowhisper,small,zero_shot,,42,5,noise,HIỂN NHIÊN KHÔNG AI MUỐN XUẤT HIỆN BÊN CẠNH MỘT NGƯỜI NHƯ VẬY,tuy nhiên không ai muốn xuất hiện bên cạnh một người như vậy.
VIVOSDEV18_214_clean,vivos,phowhisper,small,zero_shot,,42,clean,clean,KIỂU HÀI DUNG TỤC VẪN CỨ LỀNH KHÊNH Ở MỘT SỐ TỤ ĐIỂM,kiểu hài dung tục vẫn cứ lần khân ở một số tụ điểm.
VIVOSDEV18_214_snr0,vivos,phowhisper,small,zero_shot,,42,0,music,KIỂU HÀI DUNG TỤC VẪN CỨ LỀNH KHÊNH Ở MỘT SỐ TỤ ĐIỂM,tiểu hải dùng tục đánh cứu nền thần một số tử tế.
VIVOSDEV18_214_snr10,vivos,phowhisper,small,zero_shot,,42,10,noise,KIỂU HÀI DUNG TỤC VẪN CỨ LỀNH KHÊNH Ở MỘT SỐ TỤ ĐIỂM,kiểu hải dung tục vẫn cứ lần khận ở một số tụ điểm.
VIVOSDEV18_214_snr20,vivos,phowhisper,small,zero_shot,,42,20,speech,KIỂU HÀI DUNG TỤC VẪN CỨ LỀNH KHÊNH Ở MỘT SỐ TỤ ĐIỂM,kiểu hài dung tục vẫn cứ lần khân ở một số tụ điểm.
VIVOSDEV18_214_snr5,vivos,phowhisper,small,zero_shot,,42,5,speech,KIỂU HÀI DUNG TỤC VẪN CỨ LỀNH KHÊNH Ở MỘT SỐ TỤ ĐIỂM,kiểu hài dung tục vẫn cứ lần cận một số tụ điểm.
VIVOSDEV18_250_clean,vivos,phowhisper,small,zero_shot,,42,clean,clean,LẦN ĐẦU TIÊN MỘT NHÂN VIÊN NGƯỜI VIỆT THÁCH THỨC VIỆC TÁC NGHIỆP CỦA TÔI,lần đầu tiên một nhân viên người việt thách thức việc tác nghiệp của tôi.
VIVOSDEV18_250_snr0,vivos,phowhisper,small,zero_shot,,42,0,music,LẦN ĐẦU TIÊN MỘT NHÂN VIÊN NGƯỜI VIỆT THÁCH THỨC VIỆC TÁC NGHIỆP CỦA TÔI,lần đầu tiên một nhân viên người việt thách thức việc tác nghiệp của tôi.
VIVOSDEV18_250_snr10,vivos,phowhisper,small,zero_shot,,42,10,music,LẦN ĐẦU TIÊN MỘT NHÂN VIÊN NGƯỜI VIỆT THÁCH THỨC VIỆC TÁC NGHIỆP CỦA TÔI,lần đầu tiên một nhân viên người việt thách thức việc tác nghiệp của tôi.
VIVOSDEV18_250_snr20,vivos,phowhisper,small,zero_shot,,42,20,music,LẦN ĐẦU TIÊN MỘT NHÂN VIÊN NGƯỜI VIỆT THÁCH THỨC VIỆC TÁC NGHIỆP CỦA TÔI,lần đầu tiên một nhân viên người việt thách thức việc tác nghiệp của tôi.
VIVOSDEV18_250_snr5,vivos,phowhisper,small,zero_shot,,42,5,noise,LẦN ĐẦU TIÊN MỘT NHÂN VIÊN NGƯỜI VIỆT THÁCH THỨC VIỆC TÁC NGHIỆP CỦA TÔI,lần đầu tiên một nhân viên người việt thất thức việc tác nghiệp của tôi.
VIVOSDEV18_252_clean,vivos,phowhisper,small,zero_shot,,42,clean,clean,LÚC ĐÓ CHỊ TƯỞNG LÀM NHƯ VẬY CŨNG LÀM MÁ VUI,lúc đó chị tưởng làm như vậy cũng là má vui.
VIVOSDEV18_252_snr0,vivos,phowhisper,small,zero_shot,,42,0,noise,LÚC ĐÓ CHỊ TƯỞNG LÀM NHƯ VẬY CŨNG LÀM MÁ VUI,lúc đó chị tưởng làm như vậy cũng là má vui.
VIVOSDEV18_252_snr10,vivos,phowhisper,small,zero_shot,,42,10,music,LÚC ĐÓ CHỊ TƯỞNG LÀM NHƯ VẬY CŨNG LÀM MÁ VUI,lúc đó chị tưởng làm như vậy cũng là má vui.
VIVOSDEV18_252_snr20,vivos,phowhisper,small,zero_shot,,42,20,noise,LÚC ĐÓ CHỊ TƯỞNG LÀM NHƯ VẬY CŨNG LÀM MÁ VUI,lúc đó chị tưởng làm như vậy cũng là má vui.
VIVOSDEV18_252_snr5,vivos,phowhisper,small,zero_shot,,42,5,noise,LÚC ĐÓ CHỊ TƯỞNG LÀM NHƯ VẬY CŨNG LÀM MÁ VUI,lúc đó chị tưởng làm như vậy cũng là má vui.
VIVOSDEV18_263_clean,vivos,phowhisper,small,zero_shot,,42,clean,clean,QUẢN LÝ NHÀ NƯỚC VỀ GIAO THÔNG VẬN TẢI ĐÔ THỊ,quản lý nhà nước về giao thông vận tải đô thị.
VIVOSDEV18_263_snr0,vivos,phowhisper,small,zero_shot,,42,0,music,QUẢN LÝ NHÀ NƯỚC VỀ GIAO THÔNG VẬN TẢI ĐÔ THỊ,quản lý nhà nước về giao thông vận tải đô thị.
VIVOSDEV18_263_snr10,vivos,phowhisper,small,zero_shot,,42,10,noise,QUẢN LÝ NHÀ NƯỚC VỀ GIAO THÔNG VẬN TẢI ĐÔ THỊ,quản lý nhà nước về giao thông vận tải đô thị.
VIVOSDEV18_263_snr20,vivos,phowhisper,small,zero_shot,,42,20,speech,QUẢN LÝ NHÀ NƯỚC VỀ GIAO THÔNG VẬN TẢI ĐÔ THỊ,quản lý nhà nước về giao thông vận tải đô thị.
VIVOSDEV18_263_snr5,vivos,phowhisper,small,zero_shot,,42,5,music,QUẢN LÝ NHÀ NƯỚC VỀ GIAO THÔNG VẬN TẢI ĐÔ THỊ,quản lý nhà nước về giao thông vận tải đô thị.
VIVOSDEV18_273_clean,vivos,phowhisper,small,zero_shot,,42,clean,clean,TRƯỚC HẾT BẠN CẦN TÌM HIỂU THÔNG TIN QUY HOẠCH KHU ĐẤT,trước hết bạn cần tìm hiểu thông tin quy hoạch khu đất.
VIVOSDEV18_273_snr0,vivos,phowhisper,small,zero_shot,,42,0,music,TRƯỚC HẾT BẠN CẦN TÌM HIỂU THÔNG TIN QUY HOẠCH KHU ĐẤT,trước hết bạn cần tìm hiểu thông tin quy hoạch khu đất.
VIVOSDEV18_273_snr10,vivos,phowhisper,small,zero_shot,,42,10,noise,TRƯỚC HẾT BẠN CẦN TÌM HIỂU THÔNG TIN QUY HOẠCH KHU ĐẤT,trước hết bạn cần tìm hiểu thông tin quy hoạch khu đất.
VIVOSDEV18_273_snr20,vivos,phowhisper,small,zero_shot,,42,20,music,TRƯỚC HẾT BẠN CẦN TÌM HIỂU THÔNG TIN QUY HOẠCH KHU ĐẤT,trước hết bạn cần tìm hiểu thông tin quy hoạch khu đất.
VIVOSDEV18_273_snr5,vivos,phowhisper,small,zero_shot,,42,5,noise,TRƯỚC HẾT BẠN CẦN TÌM HIỂU THÔNG TIN QUY HOẠCH KHU ĐẤT,trước hết bạn cần tìm hiểu thông tin quy hoạch khu đất.
VIVOSDEV18_279_clean,vivos,phowhisper,small,zero_shot,,42,clean,clean,NHỮNG SẢN PHẨM GIÚP NỞ NGỰC VÀ TAN MỠ CẤP TỐC ẢNH YẾN TRINH,những sản phẩm giúp nở ngực và tan mở cấp tốc ảnh hưởng đến yến trinh.
VIVOSDEV18_279_snr0,vivos,phowhisper,small,zero_shot,,42,0,noise,NHỮNG SẢN PHẨM GIÚP NỞ NGỰC VÀ TAN MỠ CẤP TỐC ẢNH YẾN TRINH,truyền tai cấp giúp ngẫu ngực và tan vỡ cấp cấp khiến tiến thiên.
VIVOSDEV18_279_snr10,vivos,phowhisper,small,zero_shot,,42,10,noise,NHỮNG SẢN PHẨM GIÚP NỞ NGỰC VÀ TAN MỠ CẤP TỐC ẢNH YẾN TRINH,những sản phẩm giúp nở ngực và tan mỡ cấp tốc ảnh hưởng đến yến trinh.
VIVOSDEV18_279_snr20,vivos,phowhisper,small,zero_shot,,42,20,noise,NHỮNG SẢN PHẨM GIÚP NỞ NGỰC VÀ TAN MỠ CẤP TỐC ẢNH YẾN TRINH,những sản phẩm giúp nở ngực và tan mỡ cấp tốc ảnh hưởng đến yến trinh.
VIVOSDEV18_279_snr5,vivos,phowhisper,small,zero_shot,,42,5,noise,NHỮNG SẢN PHẨM GIÚP NỞ NGỰC VÀ TAN MỠ CẤP TỐC ẢNH YẾN TRINH,những sản phẩm giúp nở ngực và tan mở cấp tốc ảnh hưởng đến yến trinh.
VIVOSDEV18_280_clean,vivos,phowhisper,small,zero_shot,,42,clean,clean,PHÓNG SỰ ẢNH NHỮNG MÀN BIỂU DIỄN NGOẠN MỤC TRÊN BẦU TRỜI,phóng sự ảnh những màn biểu diễn ngoạn mục trên bầu trời.
VIVOSDEV18_280_snr0,vivos,phowhisper,small,zero_shot,,42,0,noise,PHÓNG SỰ ẢNH NHỮNG MÀN BIỂU DIỄN NGOẠN MỤC TRÊN BẦU TRỜI,phóng sự thắng ngưỡng mang đối diện ngoại mục trên bầu cờ.
VIVOSDEV18_280_snr10,vivos,phowhisper,small,zero_shot,,42,10,noise,PHÓNG SỰ ẢNH NHỮNG MÀN BIỂU DIỄN NGOẠN MỤC TRÊN BẦU TRỜI,phóng sự ăn những màn biểu diễn ngoạn mục trên bầu trời.
VIVOSDEV18_280_snr20,vivos,phowhisper,small,zero_shot,,42,20,music,PHÓNG SỰ ẢNH NHỮNG MÀN BIỂU DIỄN NGOẠN MỤC TRÊN BẦU TRỜI,phóng sự ăn những màn biểu diễn ngoạn mục trên bầu trời.
VIVOSDEV18_280_snr5,vivos,phowhisper,small,zero_shot,,42,5,noise,PHÓNG SỰ ẢNH NHỮNG MÀN BIỂU DIỄN NGOẠN MỤC TRÊN BẦU TRỜI,phóng sự ảnh những màn biểu diễn ngoạn mục trên bầu trời.
VIVOSDEV18_293_clean,vivos,phowhisper,small,zero_shot,,42,clean,clean,KIỂM TRA TRUNG TÂM NÀY CÔNG AN ĐÃ BẮT GIỮ TỚI,kiểm tra trung tâm này công an đã bắt giữ tới.
VIVOSDEV18_293_snr0,vivos,phowhisper,small,zero_shot,,42,0,speech,KIỂM TRA TRUNG TÂM NÀY CÔNG AN ĐÃ BẮT GIỮ TỚI,cho trung tâm này công an đã bắt giữ cử.
VIVOSDEV18_293_snr10,vivos,phowhisper,small,zero_shot,,42,10,speech,KIỂM TRA TRUNG TÂM NÀY CÔNG AN ĐÃ BẮT GIỮ TỚI,unk cha trung tâm này công an đã bắt giữ tới.
VIVOSDEV18_293_snr20,vivos,phowhisper,small,zero_shot,,42,20,speech,KIỂM TRA TRUNG TÂM NÀY CÔNG AN ĐÃ BẮT GIỮ TỚI,kiểm tra trung tâm này công an đã bắt giữ tới.
VIVOSDEV18_293_snr5,vivos,phowhisper,small,zero_shot,,42,5,music,KIỂM TRA TRUNG TÂM NÀY CÔNG AN ĐÃ BẮT GIỮ TỚI,vượt qua trung tâm này công an đã bắt giữ tới.
VIVOSDEV19_008_clean,vivos,phowhisper,small,zero_shot,,42,clean,clean,TỪ ĐÓ LẠI SA ĐÀ VÀO NHIỀU NGHỊCH CẢNH ĐÁNG TIẾC,từ đó lại sa đà vào nhiều nghịch cảnh đáng tiếc.
VIVOSDEV19_008_snr0,vivos,phowhisper,small,zero_shot,,42,0,noise,TỪ ĐÓ LẠI SA ĐÀ VÀO NHIỀU NGHỊCH CẢNH ĐÁNG TIẾC,từ đó lại sa đà vào nhiều nghịch cảnh đáng tiếc.
VIVOSDEV19_008_snr10,vivos,phowhisper,small,zero_shot,,42,10,noise,TỪ ĐÓ LẠI SA ĐÀ VÀO NHIỀU NGHỊCH CẢNH ĐÁNG TIẾC,từ đó lại sa đà vào nhiều nghịch cảnh đáng tiếc.
VIVOSDEV19_008_snr20,vivos,phowhisper,small,zero_shot,,42,20,speech,TỪ ĐÓ LẠI SA ĐÀ VÀO NHIỀU NGHỊCH CẢNH ĐÁNG TIẾC,từ đó lại sa đà vào nhiều nghịch cảnh đáng tiếc.
VIVOSDEV19_008_snr5,vivos,phowhisper,small,zero_shot,,42,5,noise,TỪ ĐÓ LẠI SA ĐÀ VÀO NHIỀU NGHỊCH CẢNH ĐÁNG TIẾC,từ đó lại sa đà vào nhiều gạo cận đáng tiếc.
VIVOSDEV19_020_clean,vivos,phowhisper,small,zero_shot,,42,clean,clean,LÊN CÁC CUỘC HẸN PHỎNG VẤN VÀ THỰC HIỆN PHỎNG VẤN,lên các cuộc hẹn phỏng vấn và thực hiện phỏng vấn.
VIVOSDEV19_020_snr0,vivos,phowhisper,small,zero_shot,,42,0,noise,LÊN CÁC CUỘC HẸN PHỎNG VẤN VÀ THỰC HIỆN PHỎNG VẤN,nên các cuộc hẹn phỏng vấn và thực hiện phỏng vấn.
VIVOSDEV19_020_snr10,vivos,phowhisper,small,zero_shot,,42,10,noise,LÊN CÁC CUỘC HẸN PHỎNG VẤN VÀ THỰC HIỆN PHỎNG VẤN,lên các cuộc hẹn phỏng vấn và thực hiện phỏng vấn.
VIVOSDEV19_020_snr20,vivos,phowhisper,small,zero_shot,,42,20,speech,LÊN CÁC CUỘC HẸN PHỎNG VẤN VÀ THỰC HIỆN PHỎNG VẤN,lên các cuộc hẹn phỏng vấn và thực hiện phỏng vấn.
VIVOSDEV19_020_snr5,vivos,phowhisper,small,zero_shot,,42,5,speech,LÊN CÁC CUỘC HẸN PHỎNG VẤN VÀ THỰC HIỆN PHỎNG VẤN,lên các cuộc hẹn phỏng vấn và thực hiện phỏng vấn.
VIVOSDEV19_022_clean,vivos,phowhisper,small,zero_shot,,42,clean,clean,XÉT Ở KHÍA CẠNH NÀY THÌ ĐÚNG LÀ MẤT BÒ MỚI LO LÀM CHUỒNG,xét ở khía cạnh này thì đúng là mất bò mới lo làm chuồng.
VIVOSDEV19_022_snr0,vivos,phowhisper,small,zero_shot,,42,0,music,XÉT Ở KHÍA CẠNH NÀY THÌ ĐÚNG LÀ MẤT BÒ MỚI LO LÀM CHUỒNG,xét ở khía cạnh này thì chỉ đúng là mất bò mới lo làm chuồng.
VIVOSDEV19_022_snr10,vivos,phowhisper,small,zero_shot,,42,10,speech,XÉT Ở KHÍA CẠNH NÀY THÌ ĐÚNG LÀ MẤT BÒ MỚI LO LÀM CHUỒNG,xét ở khía cạnh này thì đúng là mất bò mới lo làm chuồng.
VIVOSDEV19_022_snr20,vivos,phowhisper,small,zero_shot,,42,20,noise,XÉT Ở KHÍA CẠNH NÀY THÌ ĐÚNG LÀ MẤT BÒ MỚI LO LÀM CHUỒNG,xét ở khía cạnh này thì đúng là mất bò mới lo làm chuồng.
VIVOSDEV19_022_snr5,vivos,phowhisper,small,zero_shot,,42,5,noise,XÉT Ở KHÍA CẠNH NÀY THÌ ĐÚNG LÀ MẤT BÒ MỚI LO LÀM CHUỒNG,xét ở khía cạnh này thì đúng là mất bò mới lo làm chuồng.
VIVOSDEV19_024_clean,vivos,phowhisper,small,zero_shot,,42,clean,clean,TUY NHIÊN TÔI NGHĨ CẬU TA XỨNG ĐÁNG VỚI CHỨC VÔ ĐỊCH,tuy nhiên tôi nghĩ cậu ta xứng đáng với chức vô địch.
VIVOSDEV19_024_snr0,vivos,phowhisper,small,zero_shot,,42,0,noise,TUY NHIÊN TÔI NGHĨ CẬU TA XỨNG ĐÁNG VỚI CHỨC VÔ ĐỊCH,tuy nhiên tôi nghĩ cậu ta xứng đáng với chức vô địch.
VIVOSDEV19_024_snr10,vivos,phowhisper,small,zero_shot,,42,10,noise,TUY NHIÊN TÔI NGHĨ CẬU TA XỨNG ĐÁNG VỚI CHỨC VÔ ĐỊCH,tuy nhiên tôi nghĩ cậu ta xứng đáng với chức vô địch.
VIVOSDEV19_024_snr20,vivos,phowhisper,small,zero_shot,,42,20,noise,TUY NHIÊN TÔI NGHĨ CẬU TA XỨNG ĐÁNG VỚI CHỨC VÔ ĐỊCH,tuy nhiên tôi nghĩ cậu ta xứng đáng với chức vô địch.
VIVOSDEV19_024_snr5,vivos,phowhisper,small,zero_shot,,42,5,speech,TUY NHIÊN TÔI NGHĨ CẬU TA XỨNG ĐÁNG VỚI CHỨC VÔ ĐỊCH,tuy nhiên tôi nghĩ cậu ta xứng đáng với chức vô địch.
VIVOSDEV19_027_clean,vivos,phowhisper,small,zero_shot,,42,clean,clean,NHỮNG BIẾN DẠNG NÀY THƯỜNG THẤY RÕ KHI DƯƠNG VẬT CƯƠNG,những biến dạng này thường thấy rõ khi dương vật cương.
VIVOSDEV19_027_snr0,vivos,phowhisper,small,zero_shot,,42,0,music,NHỮNG BIẾN DẠNG NÀY THƯỜNG THẤY RÕ KHI DƯƠNG VẬT CƯƠNG,những biến dạng này thường thấy rõ khi dương vật cương.
VIVOSDEV19_027_snr10,vivos,phowhisper,small,zero_shot,,42,10,noise,NHỮNG BIẾN DẠNG NÀY THƯỜNG THẤY RÕ KHI DƯƠNG VẬT CƯƠNG,những biến dạng này thường thấy rõ khi dương vật cương.
VIVOSDEV19_027_snr20,vivos,phowhisper,small,zero_shot,,42,20,noise,NHỮNG BIẾN DẠNG NÀY THƯỜNG THẤY RÕ KHI DƯƠNG VẬT CƯƠNG,những biến dạng này thường thấy rõ khi dương vật cương.
VIVOSDEV19_027_snr5,vivos,phowhisper,small,zero_shot,,42,5,music,NHỮNG BIẾN DẠNG NÀY THƯỜNG THẤY RÕ KHI DƯƠNG VẬT CƯƠNG,những biến dạng này thường thấy rõ khi dương vật cương.
VIVOSDEV19_029_clean,vivos,phowhisper,small,zero_shot,,42,clean,clean,GIỎI GÌ BÁC MÌNH ĐẺ RA KHÔNG NUÔI THÌ AI NUÔI,giỏi thì bác mình đẻ ra không nuôi thì ai nuôi.
VIVOSDEV19_029_snr0,vivos,phowhisper,small,zero_shot,,42,0,noise,GIỎI GÌ BÁC MÌNH ĐẺ RA KHÔNG NUÔI THÌ AI NUÔI,giỏi thì bác mình đẻ ra không nuôi thì ai nuôi.
VIVOSDEV19_029_snr10,vivos,phowhisper,small,zero_shot,,42,10,music,GIỎI GÌ BÁC MÌNH ĐẺ RA KHÔNG NUÔI THÌ AI NUÔI,giỏi thì bác mình đẻ ra không nuôi thì ai nuôi.
VIVOSDEV19_029_snr20,vivos,phowhisper,small,zero_shot,,42,20,speech,GIỎI GÌ BÁC MÌNH ĐẺ RA KHÔNG NUÔI THÌ AI NUÔI,giỏi thì bác mình đẻ ra không nuôi thì ai nuôi.
VIVOSDEV19_029_snr5,vivos,phowhisper,small,zero_shot,,42,5,noise,GIỎI GÌ BÁC MÌNH ĐẺ RA KHÔNG NUÔI THÌ AI NUÔI,giỏi thì bác mình đẻ ra không nuôi thì ai nuôi.
VIVOSDEV19_045_clean,vivos,phowhisper,small,zero_shot,,42,clean,clean,ÔNG NÓI CHÚNG TÔI HI VỌNG SẼ CÓ NHỮNG TIN TỨC TỐT LÀNH,ông nói chúng tôi hi vọng sẽ có những tin tức tốt lành.
VIVOSDEV19_045_snr0,vivos,phowhisper,small,zero_shot,,42,0,noise,ÔNG NÓI CHÚNG TÔI HI VỌNG SẼ CÓ NHỮNG TIN TỨC TỐT LÀNH,ông nói chúng tôi hy vọng sẽ có những tin tức bốc lành.
VIVOSDEV19_045_snr10,vivos,phowhisper,small,zero_shot,,42,10,noise,ÔNG NÓI CHÚNG TÔI HI VỌNG SẼ CÓ NHỮNG TIN TỨC TỐT LÀNH,ông nói chúng tôi hi vọng sẽ có những tin tức tốt lành.
VIVOSDEV19_045_snr20,vivos,phowhisper,small,zero_shot,,42,20,speech,ÔNG NÓI CHÚNG TÔI HI VỌNG SẼ CÓ NHỮNG TIN TỨC TỐT LÀNH,ông nói chúng tôi hi vọng sẽ có những tin tức tốt lành.
VIVOSDEV19_045_snr5,vivos,phowhisper,small,zero_shot,,42,5,music,ÔNG NÓI CHÚNG TÔI HI VỌNG SẼ CÓ NHỮNG TIN TỨC TỐT LÀNH,ông nói chúng tôi hy vọng sẽ có những tin tức tốt lành.
VIVOSDEV19_061_clean,vivos,phowhisper,small,zero_shot,,42,clean,clean,ĐỂ NHỮNG KHÓ KHĂN VÀ MÂU THUẪN DẦN DẦN SẼ BỊ ĐẨY LUI,để những khó khăn và mâu thuẫn dần dần sẽ bị đẩy lui.
VIVOSDEV19_061_snr0,vivos,phowhisper,small,zero_shot,,42,0,music,ĐỂ NHỮNG KHÓ KHĂN VÀ MÂU THUẪN DẦN DẦN SẼ BỊ ĐẨY LUI,để những khó khăn và mâu thuẫn dần dần sẽ bị đẩy lui.
VIVOSDEV19_061_snr10,vivos,phowhisper,small,zero_shot,,42,10,noise,ĐỂ NHỮNG KHÓ KHĂN VÀ MÂU THUẪN DẦN DẦN SẼ BỊ ĐẨY LUI,để những khó khăn và mâu thuẫn dần dần sẽ bị đẩy lui.
VIVOSDEV19_061_snr20,vivos,phowhisper,small,zero_shot,,42,20,music,ĐỂ NHỮNG KHÓ KHĂN VÀ MÂU THUẪN DẦN DẦN SẼ BỊ ĐẨY LUI,để những khó khăn và mâu thuẫn dần dần sẽ bị đẩy lui.
VIVOSDEV19_061_snr5,vivos,phowhisper,small,zero_shot,,42,5,music,ĐỂ NHỮNG KHÓ KHĂN VÀ MÂU THUẪN DẦN DẦN SẼ BỊ ĐẨY LUI,để những khó khăn và mâu thuẫn dần dần sẽ bị đẩy lui.
VIVOSDEV19_064_clean,vivos,phowhisper,small,zero_shot,,42,clean,clean,CHÓNG MẶT CÒN CÓ THỂ DO TÌNH TRẠNG RỐI LOẠN NHỊP TIM NẶNG GÂY RA,chóng mặt còn có thể do tình trạng rối loạn nhịp tim nặng gây ra.
VIVOSDEV19_064_snr0,vivos,phowhisper,small,zero_shot,,42,0,noise,CHÓNG MẶT CÒN CÓ THỂ DO TÌNH TRẠNG RỐI LOẠN NHỊP TIM NẶNG GÂY RA,chóng mặt còn có thể do tình trạng rối loạn nhịp tim nặng gây ra.
VIVOSDEV19_064_snr10,vivos,phowhisper,small,zero_shot,,42,10,speech,CHÓNG MẶT CÒN CÓ THỂ DO TÌNH TRẠNG RỐI LOẠN NHỊP TIM NẶNG GÂY RA,chống mật còn có thể do tình trạng rối loạn nhịp tim mạng gây ra.
VIVOSDEV19_064_snr20,vivos,phowhisper,small,zero_shot,,42,20,noise,CHÓNG MẶT CÒN CÓ THỂ DO TÌNH TRẠNG RỐI LOẠN NHỊP TIM NẶNG GÂY RA,chóng mặt còn có thể do tình trạng rối loạn nhịp tim nặng gây ra.
VIVOSDEV19_064_snr5,vivos,phowhisper,small,zero_shot,,42,5,speech,CHÓNG MẶT CÒN CÓ THỂ DO TÌNH TRẠNG RỐI LOẠN NHỊP TIM NẶNG GÂY RA,chống mật còn có thể do tình trạng rối loạn nhịp tim mạng gây ra.
VIVOSDEV19_072_clean,vivos,phowhisper,small,zero_shot,,42,clean,clean,CHƯƠNG TRÌNH HỌC BỔNG THANH NIÊN CHÂU Á CỦA NHẬT BẢN,chương trình học bổng thanh niên châu á của nhật bản.
VIVOSDEV19_072_snr0,vivos,phowhisper,small,zero_shot,,42,0,noise,CHƯƠNG TRÌNH HỌC BỔNG THANH NIÊN CHÂU Á CỦA NHẬT BẢN,chương trình học bổng thanh niên châu á của nhật bản.
VIVOSDEV19_072_snr10,vivos,phowhisper,small,zero_shot,,42,10,noise,CHƯƠNG TRÌNH HỌC BỔNG THANH NIÊN CHÂU Á CỦA NHẬT BẢN,chương trình học bổng thanh niên châu á của nhật bản.
VIVOSDEV19_072_snr20,vivos,phowhisper,small,zero_shot,,42,20,noise,CHƯƠNG TRÌNH HỌC BỔNG THANH NIÊN CHÂU Á CỦA NHẬT BẢN,chương trình học bổng thanh niên châu á của nhật bản.
VIVOSDEV19_072_snr5,vivos,phowhisper,small,zero_shot,,42,5,noise,CHƯƠNG TRÌNH HỌC BỔNG THANH NIÊN CHÂU Á CỦA NHẬT BẢN,chương trình học bổng thanh niên châu á của nhật bản.
VIVOSDEV19_083_clean,vivos,phowhisper,small,zero_shot,,42,clean,clean,NHƯNG RỒI CÁI TÌNH VỚI BÀ CON CỨ NẮM NÍU KHÔNG DỨT RA ĐƯỢC,nhưng rồi cái tình với bà con cứ nắm níu không dứt ra được.
VIVOSDEV19_083_snr0,vivos,phowhisper,small,zero_shot,,42,0,noise,NHƯNG RỒI CÁI TÌNH VỚI BÀ CON CỨ NẮM NÍU KHÔNG DỨT RA ĐƯỢC,nhưng rồi cái tình với bà con cứ nắm níu không giúp ra được.
VIVOSDEV19_083_snr10,vivos,phowhisper,small,zero_shot,,42,10,music,NHƯNG RỒI CÁI TÌNH VỚI BÀ CON CỨ NẮM NÍU KHÔNG DỨT RA ĐƯỢC,nhưng rồi cái tình với bà con cứ nắm níu không dứt ra được.
VIVOSDEV19_083_snr20,vivos,phowhisper,small,zero_shot,,42,20,noise,NHƯNG RỒI CÁI TÌNH VỚI BÀ CON CỨ NẮM NÍU KHÔNG DỨT RA ĐƯỢC,nhưng rồi cái tình với bà con cứ nắm níu không dứt ra được.
VIVOSDEV19_083_snr5,vivos,phowhisper,small,zero_shot,,42,5,music,NHƯNG RỒI CÁI TÌNH VỚI BÀ CON CỨ NẮM NÍU KHÔNG DỨT RA ĐƯỢC,nhưng rồi cái tình với bà con cứ nắm níu không dứt ra được.
VIVOSDEV19_111_clean,vivos,phowhisper,small,zero_shot,,42,clean,clean,KHUYẾT ĐIỂM LỚN CỦA CHÚNG TA LÀ CHƯA CÓ DÂN CHỦ THẬT SỰ,khuyết điểm lớn của chúng ta là chưa có dân chủ thật sự.
VIVOSDEV19_111_snr0,vivos,phowhisper,small,zero_shot,,42,0,music,KHUYẾT ĐIỂM LỚN CỦA CHÚNG TA LÀ CHƯA CÓ DÂN CHỦ THẬT SỰ,khuyết điểm lớn của chúng ta là chưa có dân chủ thật sự.
VIVOSDEV19_111_snr10,vivos,phowhisper,small,zero_shot,,42,10,speech,KHUYẾT ĐIỂM LỚN CỦA CHÚNG TA LÀ CHƯA CÓ DÂN CHỦ THẬT SỰ,khuyết điểm lớn của chúng ta là chưa có dân chủ thật sự.
VIVOSDEV19_111_snr20,vivos,phowhisper,small,zero_shot,,42,20,noise,KHUYẾT ĐIỂM LỚN CỦA CHÚNG TA LÀ CHƯA CÓ DÂN CHỦ THẬT SỰ,khuyết điểm lớn của chúng ta là chưa có dân chủ thật sự.
VIVOSDEV19_111_snr5,vivos,phowhisper,small,zero_shot,,42,5,noise,KHUYẾT ĐIỂM LỚN CỦA CHÚNG TA LÀ CHƯA CÓ DÂN CHỦ THẬT SỰ,khuyết điểm lớn của chúng ta là chưa có dân chủ thật sự.
VIVOSDEV19_133_clean,vivos,phowhisper,small,zero_shot,,42,clean,clean,EM CÓ SUY NGHĨ THÊM VỀ VIỆC THAM DỰ HỘI CHỢ KHOA HỌC KHÔNG,em có suy nghĩ thêm về việc tham dự hội chợ khoa học không.
VIVOSDEV19_133_snr0,vivos,phowhisper,small,zero_shot,,42,0,music,EM CÓ SUY NGHĨ THÊM VỀ VIỆC THAM DỰ HỘI CHỢ KHOA HỌC KHÔNG,em có suy nghĩ thêm về việc tham dự hội chợ không học.
VIVOSDEV19_133_snr10,vivos,phowhisper,small,zero_shot,,42,10,noise,EM CÓ SUY NGHĨ THÊM VỀ VIỆC THAM DỰ HỘI CHỢ KHOA HỌC KHÔNG,em có suy nghĩ thêm về việc tham dự hội chợ khoa học không.
VIVOSDEV19_133_snr20,vivos,phowhisper,small,zero_shot,,42,20,music,EM CÓ SUY NGHĨ THÊM VỀ VIỆC THAM DỰ HỘI CHỢ KHOA HỌC KHÔNG,em có suy nghĩ thêm về việc tham dự hội chợ khoa học không.
VIVOSDEV19_133_snr5,vivos,phowhisper,small,zero_shot,,42,5,speech,EM CÓ SUY NGHĨ THÊM VỀ VIỆC THAM DỰ HỘI CHỢ KHOA HỌC KHÔNG,em có suy nghĩ thêm về việc tham dự hội chợ khoa học không.
VIVOSDEV19_161_clean,vivos,phowhisper,small,zero_shot,,42,clean,clean,THÔNG THƯỜNG ÁN KỶ LUẬT NẾU CÓ THƯỜNG BAN HÀNH VÀO CUỐI TUẦN,thông thường án kỷ luật nếu có thường ban hành vào cuối tuần.
VIVOSDEV19_161_snr0,vivos,phowhisper,small,zero_shot,,42,0,noise,THÔNG THƯỜNG ÁN KỶ LUẬT NẾU CÓ THƯỜNG BAN HÀNH VÀO CUỐI TUẦN,thông thường án kỷ luật nếu có thường ban hành vào cuối tuần.
VIVOSDEV19_161_snr10,vivos,phowhisper,small,zero_shot,,42,10,noise,THÔNG THƯỜNG ÁN KỶ LUẬT NẾU CÓ THƯỜNG BAN HÀNH VÀO CUỐI TUẦN,thông thường án kỷ luật nếu có thường ban hành vào cuối tuần.
VIVOSDEV19_161_snr20,vivos,phowhisper,small,zero_shot,,42,20,speech,THÔNG THƯỜNG ÁN KỶ LUẬT NẾU CÓ THƯỜNG BAN HÀNH VÀO CUỐI TUẦN,thông thường án kỷ luật nếu có thường ban hành vào cuối tuần.
VIVOSDEV19_161_snr5,vivos,phowhisper,small,zero_shot,,42,5,music,THÔNG THƯỜNG ÁN KỶ LUẬT NẾU CÓ THƯỜNG BAN HÀNH VÀO CUỐI TUẦN,thông thường án kỷ luật nếu có thường ban hành vào cuối tuần.
VIVOSDEV19_163_clean,vivos,phowhisper,small,zero_shot,,42,clean,clean,ĐIỀU LẠ LÀ TÔI VẪN KHÔNG TỪ BỎ Ý ĐỊNH TRỞ THÀNH TU SĨ,điều lạ là tôi vẫn không từ bỏ ý định trở thành tu sĩ.
VIVOSDEV19_163_snr0,vivos,phowhisper,small,zero_shot,,42,0,noise,ĐIỀU LẠ LÀ TÔI VẪN KHÔNG TỪ BỎ Ý ĐỊNH TRỞ THÀNH TU SĨ,điều lạ là tôi vẫn không từ bỏ ý định trở thành tu sĩ.
VIVOSDEV19_163_snr10,vivos,phowhisper,small,zero_shot,,42,10,music,ĐIỀU LẠ LÀ TÔI VẪN KHÔNG TỪ BỎ Ý ĐỊNH TRỞ THÀNH TU SĨ,điều lạ là tôi vẫn không từ bỏ ý định trở thành tu sĩ.
VIVOSDEV19_163_snr20,vivos,phowhisper,small,zero_shot,,42,20,speech,ĐIỀU LẠ LÀ TÔI VẪN KHÔNG TỪ BỎ Ý ĐỊNH TRỞ THÀNH TU SĨ,điều lạ là tôi vẫn không từ bỏ ý định trở thành tu sĩ.
VIVOSDEV19_163_snr5,vivos,phowhisper,small,zero_shot,,42,5,noise,ĐIỀU LẠ LÀ TÔI VẪN KHÔNG TỪ BỎ Ý ĐỊNH TRỞ THÀNH TU SĨ,điều lạ là tôi vẫn không từ bỏ ý định trở thành tu sĩ.
VIVOSDEV19_169_clean,vivos,phowhisper,small,zero_shot,,42,clean,clean,NHANH QUÁ ĐÃ LÀ LẦN THỨ BA XA NHÀ RỒI ĐẤY,nhanh quá đã là lần thứ ba xa nhà rồi đấy.
VIVOSDEV19_169_snr0,vivos,phowhisper,small,zero_shot,,42,0,noise,NHANH QUÁ ĐÃ LÀ LẦN THỨ BA XA NHÀ RỒI ĐẤY,nhanh quá đã là lần thứ ba xa nhà rồi đấy.
VIVOSDEV19_169_snr10,vivos,phowhisper,small,zero_shot,,42,10,noise,NHANH QUÁ ĐÃ LÀ LẦN THỨ BA XA NHÀ RỒI ĐẤY,nhanh quá đã là lần thứ ba xây nhà rồi đấy.
VIVOSDEV19_169_snr20,vivos,phowhisper,small,zero_shot,,42,20,music,NHANH QUÁ ĐÃ LÀ LẦN THỨ BA XA NHÀ RỒI ĐẤY,nhanh quá đã là lần thứ ba xa nhà rồi đấy.
VIVOSDEV19_169_snr5,vivos,phowhisper,small,zero_shot,,42,5,music,NHANH QUÁ ĐÃ LÀ LẦN THỨ BA XA NHÀ RỒI ĐẤY,nhanh quá đã là lần thứ ba xa nhà rồi đấy.
VIVOSDEV19_179_clean,vivos,phowhisper,small,zero_shot,,42,clean,clean,ĐỖ ĐỨC THUẦN NGUYÊN KẾ TOÁN TRƯỞNG CÔNG TY TIẾP THỊ ĐẦU TƯ,đỗ đức thuần nguyên kế toán trưởng công ty tiếp thị đầu tư.
VIVOSDEV19_179_snr0,vivos,phowhisper,small,zero_shot,,42,0,speech,ĐỖ ĐỨC THUẦN NGUYÊN KẾ TOÁN TRƯỞNG CÔNG TY TIẾP THỊ ĐẦU TƯ,được xuất hiện ở đức thầu nguyên kết tâm giữa công ty tiếp thị đầu tư.
VIVOSDEV19_179_snr10,vivos,phowhisper,small,zero_shot,,42,10,music,ĐỖ ĐỨC THUẦN NGUYÊN KẾ TOÁN TRƯỞNG CÔNG TY TIẾP THỊ ĐẦU TƯ,đỗ đức thuần nguyên kế toán trưởng công ty tiếp thị đầu tư.
VIVOSDEV19_179_snr20,vivos,phowhisper,small,zero_shot,,42,20,speech,ĐỖ ĐỨC THUẦN NGUYÊN KẾ TOÁN TRƯỞNG CÔNG TY TIẾP THỊ ĐẦU TƯ,đỗ đức thuần nguyên kế toán trưởng công ty tiếp thị đầu tư.
VIVOSDEV19_179_snr5,vivos,phowhisper,small,zero_shot,,42,5,music,ĐỖ ĐỨC THUẦN NGUYÊN KẾ TOÁN TRƯỞNG CÔNG TY TIẾP THỊ ĐẦU TƯ,cửa đất thần nguyên kế toán trưởng công ty tiếp thị đầu tư.
VIVOSDEV19_196_clean,vivos,phowhisper,small,zero_shot,,42,clean,clean,NGƯỜI ANH SAU ĐÓ ĐƯỢC PHÉP THẦU XÂY KÊNH NÀY NHƯNG KHÔNG TIẾN HÀNH,người anh sau đó được phép thầu xây kênh này nhưng không tiến hành.
VIVOSDEV19_196_snr0,vivos,phowhisper,small,zero_shot,,42,0,music,NGƯỜI ANH SAU ĐÓ ĐƯỢC PHÉP THẦU XÂY KÊNH NÀY NHƯNG KHÔNG TIẾN HÀNH,người anh sau đó được phép thầu xây kê này nhưng không thiếu nạn nhân.
VIVOSDEV19_196_snr10,vivos,phowhisper,small,zero_shot,,42,10,speech,NGƯỜI ANH SAU ĐÓ ĐƯỢC PHÉP THẦU XÂY KÊNH NÀY NHƯNG KHÔNG TIẾN HÀNH,người anh sau đó được phép thầu xây kênh này nhưng không tiến hành.
VIVOSDEV19_196_snr20,vivos,phowhisper,small,zero_shot,,42,20,noise,NGƯỜI ANH SAU ĐÓ ĐƯỢC PHÉP THẦU XÂY KÊNH NÀY NHƯNG KHÔNG TIẾN HÀNH,người anh sau đó được phép thầu xây kênh này nhưng không tiến hành.
VIVOSDEV19_196_snr5,vivos,phowhisper,small,zero_shot,,42,5,noise,NGƯỜI ANH SAU ĐÓ ĐƯỢC PHÉP THẦU XÂY KÊNH NÀY NHƯNG KHÔNG TIẾN HÀNH,người anh sau đó được phép thầu xây kênh này nhưng không tiến hành.
VIVOSDEV19_218_clean,vivos,phowhisper,small,zero_shot,,42,clean,clean,NÓI CÁCH KHÁC CÁI ĐƯỢC CỦA CHÂU Á LÀ CÁI MẤT CỦA CHÂU PHI,nói cách khác cái được của châu á là cái mất của châu phi.
VIVOSDEV19_218_snr0,vivos,phowhisper,small,zero_shot,,42,0,noise,NÓI CÁCH KHÁC CÁI ĐƯỢC CỦA CHÂU Á LÀ CÁI MẤT CỦA CHÂU PHI,nói cách khác cái được của châu á là cái mất của châu phi.
VIVOSDEV19_218_snr10,vivos,phowhisper,small,zero_shot,,42,10,noise,NÓI CÁCH KHÁC CÁI ĐƯỢC CỦA CHÂU Á LÀ CÁI MẤT CỦA CHÂU PHI,nói cách khác cái được của châu á là cái mất của châu phi.
VIVOSDEV19_218_snr20,vivos,phowhisper,small,zero_shot,,42,20,speech,NÓI CÁCH KHÁC CÁI ĐƯỢC CỦA CHÂU Á LÀ CÁI MẤT CỦA CHÂU PHI,nói cách khác cái được của châu á là cái mất của châu phi.
VIVOSDEV19_218_snr5,vivos,phowhisper,small,zero_shot,,42,5,noise,NÓI CÁCH KHÁC CÁI ĐƯỢC CỦA CHÂU Á LÀ CÁI MẤT CỦA CHÂU PHI,nói cách khác cái được của châu á là cái mất của châu phi.
VIVOSDEV19_244_clean,vivos,phowhisper,small,zero_shot,,42,clean,clean,EM HÃY TÌM CÁCH TIẾP CẬN ĐỂ BÀY TỎ VỚI MẸ,em hãy tìm cách tiếp cận để bày tỏ với mẹ.
VIVOSDEV19_244_snr0,vivos,phowhisper,small,zero_shot,,42,0,music,EM HÃY TÌM CÁCH TIẾP CẬN ĐỂ BÀY TỎ VỚI MẸ,em hãy tìm cách tiếp cận để bày tỏ với mẹ.
VIVOSDEV19_244_snr10,vivos,phowhisper,small,zero_shot,,42,10,noise,EM HÃY TÌM CÁCH TIẾP CẬN ĐỂ BÀY TỎ VỚI MẸ,em hãy tìm cách tiếp cận để bày tỏ với mẹ.
VIVOSDEV19_244_snr20,vivos,phowhisper,small,zero_shot,,42,20,noise,EM HÃY TÌM CÁCH TIẾP CẬN ĐỂ BÀY TỎ VỚI MẸ,em hãy tìm cách tiếp cận để bày tỏ với mẹ.
VIVOSDEV19_244_snr5,vivos,phowhisper,small,zero_shot,,42,5,music,EM HÃY TÌM CÁCH TIẾP CẬN ĐỂ BÀY TỎ VỚI MẸ,em hãy tìm cách tiếp cận để bày tỏ với mẹ.
VIVOSDEV19_245_clean,vivos,phowhisper,small,zero_shot,,42,clean,clean,LÚC ĐÓ NẠN KẸT XE CHẮC SẼ KINH KHỦNG GẤP NHIỀU LẦN HÔM NAY,lúc đó nạn kẹt xe chắc sẽ kinh khủng gấp nhiều lần hôm nay.
VIVOSDEV19_245_snr0,vivos,phowhisper,small,zero_shot,,42,0,music,LÚC ĐÓ NẠN KẸT XE CHẮC SẼ KINH KHỦNG GẤP NHIỀU LẦN HÔM NAY,lúc đó nạn kẹt xe các xe gân khủng gấp nhiều lần hôm nay.
VIVOSDEV19_245_snr10,vivos,phowhisper,small,zero_shot,,42,10,noise,LÚC ĐÓ NẠN KẸT XE CHẮC SẼ KINH KHỦNG GẤP NHIỀU LẦN HÔM NAY,lúc đó nạn kẹt xe chắc sẽ kinh khủng gấp nhiều lần hôm nay.
VIVOSDEV19_245_snr20,vivos,phowhisper,small,zero_shot,,42,20,noise,LÚC ĐÓ NẠN KẸT XE CHẮC SẼ KINH KHỦNG GẤP NHIỀU LẦN HÔM NAY,lúc đó nạn kẹt xe chắc sẽ kinh khủng gấp nhiều lần hôm nay.
VIVOSDEV19_245_snr5,vivos,phowhisper,small,zero_shot,,42,5,music,LÚC ĐÓ NẠN KẸT XE CHẮC SẼ KINH KHỦNG GẤP NHIỀU LẦN HÔM NAY,lúc đó nạn kẹt xe chắc sẽ kinh khủng gấp nhiều lần hôm nay.
VIVOSDEV19_246_clean,vivos,phowhisper,small,zero_shot,,42,clean,clean,VỢ LỠ CÓ TẬT THẾ ANH NÊN THAY ĐỔI CÁCH TIẾP CẬN,vợ lỡ có tật thế anh nên thay đổi cách tiếp cận.
VIVOSDEV19_246_snr0,vivos,phowhisper,small,zero_shot,,42,0,speech,VỢ LỠ CÓ TẬT THẾ ANH NÊN THAY ĐỔI CÁCH TIẾP CẬN,chị nợ có khen xấu hát nốt là mật sim wales gái ừm xa ở đây.
VIVOSDEV19_246_snr10,vivos,phowhisper,small,zero_shot,,42,10,music,VỢ LỠ CÓ TẬT THẾ ANH NÊN THAY ĐỔI CÁCH TIẾP CẬN,vợ lỡ các tật thế anh nên thay đổi cách tiếp cận.
VIVOSDEV19_246_snr20,vivos,phowhisper,small,zero_shot,,42,20,music,VỢ LỠ CÓ TẬT THẾ ANH NÊN THAY ĐỔI CÁCH TIẾP CẬN,vợ lỡ có tật thế anh nên thay đổi cách tiếp cận.
VIVOSDEV19_246_snr5,vivos,phowhisper,small,zero_shot,,42,5,noise,VỢ LỠ CÓ TẬT THẾ ANH NÊN THAY ĐỔI CÁCH TIẾP CẬN,vợ lỡ có tật thế anh nên thay đổi cách tiếp cận.
VIVOSDEV19_249_clean,vivos,phowhisper,small,zero_shot,,42,clean,clean,ĐÂY ĐƯỢC XEM LÀ VAI DIỄN THÀNH CÔNG NHẤT CỦA VƯƠNG TỪ TRƯỚC ĐẾN NAY,đây được xem là vai diễn thành công nhất của vương từ trước đến nay.
VIVOSDEV19_249_snr0,vivos,phowhisper,small,zero_shot,,42,0,noise,ĐÂY ĐƯỢC XEM LÀ VAI DIỄN THÀNH CÔNG NHẤT CỦA VƯƠNG TỪ TRƯỚC ĐẾN NAY,đây được xem là vai diễn thành công nhất của vương từ trước đến nay.
VIVOSDEV19_249_snr10,vivos,phowhisper,small,zero_shot,,42,10,noise,ĐÂY ĐƯỢC XEM LÀ VAI DIỄN THÀNH CÔNG NHẤT CỦA VƯƠNG TỪ TRƯỚC ĐẾN NAY,đây được xem là vai diễn thành công nhất của vương từ trước đến nay.
VIVOSDEV19_249_snr20,vivos,phowhisper,small,zero_shot,,42,20,music,ĐÂY ĐƯỢC XEM LÀ VAI DIỄN THÀNH CÔNG NHẤT CỦA VƯƠNG TỪ TRƯỚC ĐẾN NAY,đây được xem là vai diễn thành công nhất của vương từ trước đến nay.
VIVOSDEV19_249_snr5,vivos,phowhisper,small,zero_shot,,42,5,noise,ĐÂY ĐƯỢC XEM LÀ VAI DIỄN THÀNH CÔNG NHẤT CỦA VƯƠNG TỪ TRƯỚC ĐẾN NAY,đây được xem là vai diễn thành công nhất của vương từ trước đến nay.
VIVOSDEV19_259_clean,vivos,phowhisper,small,zero_shot,,42,clean,clean,TÍCH CỰC HƠN VỚI VẤN ĐỀ LIÊN QUAN ĐẾN KIỀU BÀO,tích cực hơn với vấn đề liên quan đến kiều bào.
VIVOSDEV19_259_snr0,vivos,phowhisper,small,zero_shot,,42,0,speech,TÍCH CỰC HƠN VỚI VẤN ĐỀ LIÊN QUAN ĐẾN KIỀU BÀO,tích cực hơn với vấn đề liên quan đến tiều bào.
VIVOSDEV19_259_snr10,vivos,phowhisper,small,zero_shot,,42,10,noise,TÍCH CỰC HƠN VỚI VẤN ĐỀ LIÊN QUAN ĐẾN KIỀU BÀO,tích cực hơn với vấn đề liên quan đến kiều bào.
VIVOSDEV19_259_snr20,vivos,phowhisper,small,zero_shot,,42,20,noise,TÍCH CỰC HƠN VỚI VẤN ĐỀ LIÊN QUAN ĐẾN KIỀU BÀO,tích cực hơn với vấn đề liên quan đến kiều bào.
VIVOSDEV19_259_snr5,vivos,phowhisper,small,zero_shot,,42,5,noise,TÍCH CỰC HƠN VỚI VẤN ĐỀ LIÊN QUAN ĐẾN KIỀU BÀO,tích cực hơn với vấn đề liên quan đến kiều bào.
VIVOSDEV19_262_clean,vivos,phowhisper,small,zero_shot,,42,clean,clean,ĐỂ RỒI CHÚNG TA KHAO KHÁT MÃI TRONG VÒNG LUÂN HỒI NHÂN GIAN,để rồi chúng ta khao khát mãi trong vòng luân hồi nhân gian.
VIVOSDEV19_262_snr0,vivos,phowhisper,small,zero_shot,,42,0,speech,ĐỂ RỒI CHÚNG TA KHAO KHÁT MÃI TRONG VÒNG LUÂN HỒI NHÂN GIAN,để rồi chúng ta kho thép mãi trong bụng luân hồi nhân gian.
VIVOSDEV19_262_snr10,vivos,phowhisper,small,zero_shot,,42,10,noise,ĐỂ RỒI CHÚNG TA KHAO KHÁT MÃI TRONG VÒNG LUÂN HỒI NHÂN GIAN,để rồi chúng ta khao khát mãi trong vòng luân hồi nhân gian.
VIVOSDEV19_262_snr20,vivos,phowhisper,small,zero_shot,,42,20,noise,ĐỂ RỒI CHÚNG TA KHAO KHÁT MÃI TRONG VÒNG LUÂN HỒI NHÂN GIAN,để rồi chúng ta khao khát mãi trong vòng luân hồi nhân gian.
VIVOSDEV19_262_snr5,vivos,phowhisper,small,zero_shot,,42,5,speech,ĐỂ RỒI CHÚNG TA KHAO KHÁT MÃI TRONG VÒNG LUÂN HỒI NHÂN GIAN,để rồi chúng ta khao khát mãi trong vòng luân hồi nhân gian.
VIVOSDEV19_266_clean,vivos,phowhisper,small,zero_shot,,42,clean,clean,VẤN ĐỀ NẢY SINH TỪ CÁI CÂU HỎI DINH CU ẤY,vấn đề nảy sinh từ cái câu hỏi dinh cu ấy.
VIVOSDEV19_266_snr0,vivos,phowhisper,small,zero_shot,,42,0,music,VẤN ĐỀ NẢY SINH TỪ CÁI CÂU HỎI DINH CU ẤY,vấn đề nảy sinh từ cái câu hỏi đinh thu ấy.
VIVOSDEV19_266_snr10,vivos,phowhisper,small,zero_shot,,42,10,speech,VẤN ĐỀ NẢY SINH TỪ CÁI CÂU HỎI DINH CU ẤY,vấn đề nảy sinh từ cái câu hỏi dinh cu ấy.
VIVOSDEV19_266_snr20,vivos,phowhisper,small,zero_shot,,42,20,noise,VẤN ĐỀ NẢY SINH TỪ CÁI CÂU HỎI DINH CU ẤY,vấn đề nảy sinh từ cái câu hỏi dinh cu ấy.
VIVOSDEV19_266_snr5,vivos,phowhisper,small,zero_shot,,42,5,music,VẤN ĐỀ NẢY SINH TỪ CÁI CÂU HỎI DINH CU ẤY,vấn đề nảy sinh từ cái câu hỏi dinh cu ấy.
VIVOSDEV19_274_clean,vivos,phowhisper,small,zero_shot,,42,clean,clean,CHỊ NÊN ĐI KHÁM BÁC SĨ VÀ CHỌN PHƯƠNG PHÁP NGỪA THAI HIỆU QUẢ,chị nên đi khám bác sĩ và chọn phương pháp ngừa thai hiệu quả.
VIVOSDEV19_274_snr0,vivos,phowhisper,small,zero_shot,,42,0,speech,CHỊ NÊN ĐI KHÁM BÁC SĨ VÀ CHỌN PHƯƠNG PHÁP NGỪA THAI HIỆU QUẢ,unk gì nó sẽ bé giá của rin tơ pho nét sẽ phát minh áp lý kế nhiên.
VIVOSDEV19_274_snr10,vivos,phowhisper,small,zero_shot,,42,10,noise,CHỊ NÊN ĐI KHÁM BÁC SĨ VÀ CHỌN PHƯƠNG PHÁP NGỪA THAI HIỆU QUẢ,chị nên đi khám bác sĩ và chọn phương pháp người thai hiệu quả.
VIVOSDEV19_274_snr20,vivos,phowhisper,small,zero_shot,,42,20,music,CHỊ NÊN ĐI KHÁM BÁC SĨ VÀ CHỌN PHƯƠNG PHÁP NGỪA THAI HIỆU QUẢ,chị nên đi khám bác sĩ và chọn phương pháp người thai hiệu quả.
VIVOSDEV19_274_snr5,vivos,phowhisper,small,zero_shot,,42,5,noise,CHỊ NÊN ĐI KHÁM BÁC SĨ VÀ CHỌN PHƯƠNG PHÁP NGỪA THAI HIỆU QUẢ,chị nên đi khám bác sĩ và chọn phương pháp ngừa thai hiệu quả.
