utt_id,dataset,model,model_size,train_type,lambda,seed,snr,noise_type,ref,hyp
VIVOSDEV01_R002_clean,vivos,whisper,small,zero_shot,,42,clean,clean,TIẾNG CỌC CẠCH KHỰNG LẠI CỦA NHỮNG KHỚP SẮT," Tiến cập cật, cận lại có những cấp sắc."
VIVOSDEV01_R002_snr0,vivos,whisper,small,zero_shot,,42,0,speech,TIẾNG CỌC CẠCH KHỰNG LẠI CỦA NHỮNG KHỚP SẮT, Tiến gặp cắt cưng lại của những cấp sắc.
VIVOSDEV01_R002_snr10,vivos,whisper,small,zero_shot,,42,10,speech,TIẾNG CỌC CẠCH KHỰNG LẠI CỦA NHỮNG KHỚP SẮT," tiến gặp cách, cận lại, có hỗ dẫn cấp xác."
VIVOSDEV01_R002_snr20,vivos,whisper,small,zero_shot,,42,20,music,TIẾNG CỌC CẠCH KHỰNG LẠI CỦA NHỮNG KHỚP SẮT, Tiến cập cách cận lại có những cấp sắc.
VIVOSDEV01_R002_snr5,vivos,whisper,small,zero_shot,,42,5,speech,TIẾNG CỌC CẠCH KHỰNG LẠI CỦA NHỮNG KHỚP SẮT," đi, đi, đi, đi, đi, đi, đi, đi, đi, đi, đi, đi, đi, đi, đi, đi, đi, đi, đi, đi, đi, đi, đi, đi, đi, đi, đi, đi, đi, đi, đi, đi, đi, đi, đi, đi, đi, đi, đi, đi, đi, đi, đi, đi, đi, đi, đi, đi, đi, đi, đi, đi, đi, đi, đi, đi, đi, đi, đi, đi, đi, đi, đi, đi,"
VIVOSDEV01_R003_clean,vivos,whisper,small,zero_shot,,42,clean,clean,CŨNG LÊN TIẾNG ỦNG HỘ CÁC KIẾN NGHỊ NÀY, Cũng lên tiếng ủng hộ các kĩ nghị này.
VIVOSDEV01_R003_snr0,vivos,whisper,small,zero_shot,,42,0,music,CŨNG LÊN TIẾNG ỦNG HỘ CÁC KIẾN NGHỊ NÀY, Cũng lên tiếng ủng hộ các kĩ nghị này
VIVOSDEV01_R003_snr10,vivos,whisper,small,zero_shot,,42,10,noise,CŨNG LÊN TIẾNG ỦNG HỘ CÁC KIẾN NGHỊ NÀY, Cũng lên tiếng ủng hộ các kĩ nghị này
VIVOSDEV01_R003_snr20,vivos,whisper,small,zero_shot,,42,20,music,CŨNG LÊN TIẾNG ỦNG HỘ CÁC KIẾN NGHỊ NÀY, Cũng lên tiếng ủng hộ các kĩ nghị này.
VIVOSDEV01_R003_snr5,vivos,whisper,small,zero_shot,,42,5,music,CŨNG LÊN TIẾNG ỦNG HỘ CÁC KIẾN NGHỊ NÀY, Cũng lên tiếng ủng hộ các kĩ nghị này
VIVOSDEV01_R027_clean,vivos,whisper,small,zero_shot,,42,clean,clean,DI TÍCH CÓ BẢY PHỖNG ÔNG VÀ HAI PHỖNG BÀ ĐƯỢC LÀM BẰNG GỖ MÍT, Giì tích có 7 phổng ông và 2 phổng và được làm vàng gỗ mích.
VIVOSDEV01_R027_snr0,vivos,whisper,small,zero_shot,,42,0,noise,DI TÍCH CÓ BẢY PHỖNG ÔNG VÀ HAI PHỖNG BÀ ĐƯỢC LÀM BẰNG GỖ MÍT, Chì tích có 7 phổng ông và 2 phổng và được làm bằng gỗ mích.
VIVOSDEV01_R027_snr10,vivos,whisper,small,zero_shot,,42,10,music,DI TÍCH CÓ BẢY PHỖNG ÔNG VÀ HAI PHỖNG BÀ ĐƯỢC LÀM BẰNG GỖ MÍT, Giì tích có 7 phỏng ông và 2 phỏng và được làm bằng gỗ mích.
VIVOSDEV01_R027_snr20,vivos,whisper,small,zero_shot,,42,20,music,DI TÍCH CÓ BẢY PHỖNG ÔNG VÀ HAI PHỖNG BÀ ĐƯỢC LÀM BẰNG GỖ MÍT, Di Tích có 7 phổng ông và 2 phổng bà được làm vàng gỗ mích.
VIVOSDEV01_R027_snr5,vivos,whisper,small,zero_shot,,42,5,noise,DI TÍCH CÓ BẢY PHỖNG ÔNG VÀ HAI PHỖNG BÀ ĐƯỢC LÀM BẰNG GỖ MÍT, Giì tích có 7 phổng ông và 2 phổng bà được làm vàng gỗ mích.
VIVOSDEV01_R028_clean,vivos,whisper,small,zero_shot,,42,clean,clean,CÁC CHÚ CŨNG THOẢI MÁI PHÓNG UẾ GIỮA CHỐN ĐÔNG NGƯỜI MÀ KHÔNG SỢ, Các chú cũng hỏi máy phống ở giữa chú đông người mà không sợ.
VIVOSDEV01_R028_snr0,vivos,whisper,small,zero_shot,,42,0,noise,CÁC CHÚ CŨNG THOẢI MÁI PHÓNG UẾ GIỮA CHỐN ĐÔNG NGƯỜI MÀ KHÔNG SỢ," Chắc chúa cũng hỏi mái, cũng ở giữa chốn đông người mà không sợ"
VIVOSDEV01_R028_snr10,vivos,whisper,small,zero_shot,,42,10,speech,CÁC CHÚ CŨNG THOẢI MÁI PHÓNG UẾ GIỮA CHỐN ĐÔNG NGƯỜI MÀ KHÔNG SỢ, Các chúa cũng hỏi máy phống ở giữa chúa đông người mà không sợ.
VIVOSDEV01_R028_snr20,vivos,whisper,small,zero_shot,,42,20,noise,CÁC CHÚ CŨNG THOẢI MÁI PHÓNG UẾ GIỮA CHỐN ĐÔNG NGƯỜI MÀ KHÔNG SỢ, Các chúa cũng hỏi máy phống ở giữa chúa đông người mà không sợ
VIVOSDEV01_R028_snr5,vivos,whisper,small,zero_shot,,42,5,music,CÁC CHÚ CŨNG THOẢI MÁI PHÓNG UẾ GIỮA CHỐN ĐÔNG NGƯỜI MÀ KHÔNG SỢ," Các chúa cũng hỏi máy, phóng hối giữa chúa đông người mà không sợ."
VIVOSDEV01_R043_clean,vivos,whisper,small,zero_shot,,42,clean,clean,ANH PHÚ CHƯA BÚ ĐƯỢC SỮA MẸ LẦN NÀO, Anh Phú chưa bố được sữa mẹ lần nào?
VIVOSDEV01_R043_snr0,vivos,whisper,small,zero_shot,,42,0,speech,ANH PHÚ CHƯA BÚ ĐƯỢC SỮA MẸ LẦN NÀO, Anh Phú chưa bú được sữa mẹ lần nào?
VIVOSDEV01_R043_snr10,vivos,whisper,small,zero_shot,,42,10,noise,ANH PHÚ CHƯA BÚ ĐƯỢC SỮA MẸ LẦN NÀO, Anh Phú chưa bố được sữa mẹ lần nào?
VIVOSDEV01_R043_snr20,vivos,whisper,small,zero_shot,,42,20,music,ANH PHÚ CHƯA BÚ ĐƯỢC SỮA MẸ LẦN NÀO, Anh Phú chưa bố được sữa mẹ lần nào?
VIVOSDEV01_R043_snr5,vivos,whisper,small,zero_shot,,42,5,noise,ANH PHÚ CHƯA BÚ ĐƯỢC SỮA MẸ LẦN NÀO, Anh Phú chưa bố được sữa mẹ lần nào?
VIVOSDEV01_R044_clean,vivos,whisper,small,zero_shot,,42,clean,clean,NGỌN LỬA BẠO ĐỘNG Ở TRUNG ĐÔNG VÀ PHÁ VỠ LỘ TRÌNH HÒA BÌNH, ngon lửa bò động ở Trung Đông và phá vỡ lội trình qua bình.
VIVOSDEV01_R044_snr0,vivos,whisper,small,zero_shot,,42,0,speech,NGỌN LỬA BẠO ĐỘNG Ở TRUNG ĐÔNG VÀ PHÁ VỠ LỘ TRÌNH HÒA BÌNH, Ngon lứa bọ động ở Trung Đông và phá vỡ lỗi trình qua bình.
VIVOSDEV01_R044_snr10,vivos,whisper,small,zero_shot,,42,10,noise,NGỌN LỬA BẠO ĐỘNG Ở TRUNG ĐÔNG VÀ PHÁ VỠ LỘ TRÌNH HÒA BÌNH, Ngon lửa bò động ở Trung Nông và phá vỡ lội trình qua bình.
VIVOSDEV01_R044_snr20,vivos,whisper,small,zero_shot,,42,20,speech,NGỌN LỬA BẠO ĐỘNG Ở TRUNG ĐÔNG VÀ PHÁ VỠ LỘ TRÌNH HÒA BÌNH, Ngon lửa bò đồng ở Trung Đông và phá vỡ lội trình qua bình.
VIVOSDEV01_R044_snr5,vivos,whisper,small,zero_shot,,42,5,speech,NGỌN LỬA BẠO ĐỘNG Ở TRUNG ĐÔNG VÀ PHÁ VỠ LỘ TRÌNH HÒA BÌNH, Ngon lửa bạo động ở Trung Đông và phá vào lội trình qua bình.
VIVOSDEV01_R069_clean,vivos,whisper,small,zero_shot,,42,clean,clean,ĐÈN BỊ HƯ RỒI BA, Đèn bỉ hư gọi ba
VIVOSDEV01_R069_snr0,vivos,whisper,small,zero_shot,,42,0,music,ĐÈN BỊ HƯ RỒI BA, Đẹp vỵ hư gọi ba
VIVOSDEV01_R069_snr10,vivos,whisper,small,zero_shot,,42,10,noise,ĐÈN BỊ HƯ RỒI BA, Đèn bỉ hư gọi ba
VIVOSDEV01_R069_snr20,vivos,whisper,small,zero_shot,,42,20,noise,ĐÈN BỊ HƯ RỒI BA, Đèn bỉ hư gọi ba
VIVOSDEV01_R069_snr5,vivos,whisper,small,zero_shot,,42,5,music,ĐÈN BỊ HƯ RỒI BA, Tèm bí hơn rồi ba
VIVOSDEV01_R071_clean,vivos,whisper,small,zero_shot,,42,clean,clean,TRƯỞNG CÔNG AN XÃ CHẠY SANG CAN NGĂN CŨNG BỊ TUYẾN ĐÁNH TIẾP, Chưởng công An Sạ chạy sang can ngăn cũng bị tuyến đánh tiếp.
VIVOSDEV01_R071_snr0,vivos,whisper,small,zero_shot,,42,0,noise,TRƯỞNG CÔNG AN XÃ CHẠY SANG CAN NGĂN CŨNG BỊ TUYẾN ĐÁNH TIẾP, Chưởng công an sở chạy tan nhanh cũng bị yên tranh tiếp
VIVOSDEV01_R071_snr10,vivos,whisper,small,zero_shot,,42,10,music,TRƯỞNG CÔNG AN XÃ CHẠY SANG CAN NGĂN CŨNG BỊ TUYẾN ĐÁNH TIẾP, Chưởng công An Sở chạy sang can ngan cũng bị tuyến đánh tiếp.
VIVOSDEV01_R071_snr20,vivos,whisper,small,zero_shot,,42,20,music,TRƯỞNG CÔNG AN XÃ CHẠY SANG CAN NGĂN CŨNG BỊ TUYẾN ĐÁNH TIẾP, Chưởng công an xã chạy sang can ngan cũng bị tuyến đánh tiếp.
VIVOSDEV01_R071_snr5,vivos,whisper,small,zero_shot,,42,5,noise,TRƯỞNG CÔNG AN XÃ CHẠY SANG CAN NGĂN CŨNG BỊ TUYẾN ĐÁNH TIẾP, Chưởng Công An Sở chạy sang can nhan cũng bị tuyến đánh tiếp.
VIVOSDEV01_R099_clean,vivos,whisper,small,zero_shot,,42,clean,clean,NHƯNG TÔI THÍCH XEM BỘ PHIM TRUYỆN PHÁT NGAY SAU CHƯƠNG TRÌNH NÀY, nhưng tôi hết xem bộ phim chuyển phát ngay sau chương trình này.
VIVOSDEV01_R099_snr0,vivos,whisper,small,zero_shot,,42,0,music,NHƯNG TÔI THÍCH XEM BỘ PHIM TRUYỆN PHÁT NGAY SAU CHƯƠNG TRÌNH NÀY, nhưng tôi thích xem bộ phim chuyện phát ngay sau chương trình này
VIVOSDEV01_R099_snr10,vivos,whisper,small,zero_shot,,42,10,speech,NHƯNG TÔI THÍCH XEM BỘ PHIM TRUYỆN PHÁT NGAY SAU CHƯƠNG TRÌNH NÀY, nhưng tôi hứt xem bộ phim chuyển phát ngay sau chương trình này.
VIVOSDEV01_R099_snr20,vivos,whisper,small,zero_shot,,42,20,noise,NHƯNG TÔI THÍCH XEM BỘ PHIM TRUYỆN PHÁT NGAY SAU CHƯƠNG TRÌNH NÀY, nhưng tôi hít xem bộ phim chuyển phát ngay sau chương trình này.
VIVOSDEV01_R099_snr5,vivos,whisper,small,zero_shot,,42,5,noise,NHƯNG TÔI THÍCH XEM BỘ PHIM TRUYỆN PHÁT NGAY SAU CHƯƠNG TRÌNH NÀY, nhưng tôi hết xem bộ phim chuyện phát ngay sau chương trình này
VIVOSDEV01_R108_clean,vivos,whisper,small,zero_shot,,42,clean,clean,KHI TRẪM KHỎI BỆNH THÌ SẼ CHÉM ĐẦU, Khi chậm cõi bệnh thì sẽ chém đầu.
VIVOSDEV01_R108_snr0,vivos,whisper,small,zero_shot,,42,0,noise,KHI TRẪM KHỎI BỆNH THÌ SẼ CHÉM ĐẦU, Khi chậm khỏi bình thì sẽ chém đầu
VIVOSDEV01_R108_snr10,vivos,whisper,small,zero_shot,,42,10,music,KHI TRẪM KHỎI BỆNH THÌ SẼ CHÉM ĐẦU, Khi chảm khỏi bệnh thì sẽ chém đầu.
VIVOSDEV01_R108_snr20,vivos,whisper,small,zero_shot,,42,20,noise,KHI TRẪM KHỎI BỆNH THÌ SẼ CHÉM ĐẦU, Khi chảm cõi bệnh thì sẽ chém đầu.
VIVOSDEV01_R108_snr5,vivos,whisper,small,zero_shot,,42,5,noise,KHI TRẪM KHỎI BỆNH THÌ SẼ CHÉM ĐẦU, Khi chậm khỏi bệnh thì sẽ chém đầu.
VIVOSDEV01_R117_clean,vivos,whisper,small,zero_shot,,42,clean,clean,VIỆC MỘT QUYỂN TIỂU THUYẾT NHƯ THẾ, việc mọc quyển tiểu hiếc như thế.
VIVOSDEV01_R117_snr0,vivos,whisper,small,zero_shot,,42,0,noise,VIỆC MỘT QUYỂN TIỂU THUYẾT NHƯ THẾ, Việc ngọt chuyển tiểu hiếp như thế.
VIVOSDEV01_R117_snr10,vivos,whisper,small,zero_shot,,42,10,noise,VIỆC MỘT QUYỂN TIỂU THUYẾT NHƯ THẾ, Việc 1 quen tiểu hiếp như hơi
VIVOSDEV01_R117_snr20,vivos,whisper,small,zero_shot,,42,20,speech,VIỆC MỘT QUYỂN TIỂU THUYẾT NHƯ THẾ, Việc mọc quyển tiểu hít như thế.
VIVOSDEV01_R117_snr5,vivos,whisper,small,zero_shot,,42,5,music,VIỆC MỘT QUYỂN TIỂU THUYẾT NHƯ THẾ, Việc mọc quyển tiểu hiếp như thế
VIVOSDEV01_R130_clean,vivos,whisper,small,zero_shot,,42,clean,clean,NÃO BỘ CHÚNG TA PHÁT TRIỂN NHỮNG RUNG ĐỘNG YÊU THƯƠNG, Nếu bộ chúng ta phát triển những cung động yêu hương
VIVOSDEV01_R130_snr0,vivos,whisper,small,zero_shot,,42,0,noise,NÃO BỘ CHÚNG TA PHÁT TRIỂN NHỮNG RUNG ĐỘNG YÊU THƯƠNG, Nếu bộ chúng ta phát triển những cung động yêu hương
VIVOSDEV01_R130_snr10,vivos,whisper,small,zero_shot,,42,10,noise,NÃO BỘ CHÚNG TA PHÁT TRIỂN NHỮNG RUNG ĐỘNG YÊU THƯƠNG, Nếu bộ chúng ta phát triển những cung động yêu hương
VIVOSDEV01_R130_snr20,vivos,whisper,small,zero_shot,,42,20,speech,NÃO BỘ CHÚNG TA PHÁT TRIỂN NHỮNG RUNG ĐỘNG YÊU THƯƠNG, Nếu bộ chúng ta phát triển những cung động yêu hương.
VIVOSDEV01_R130_snr5,vivos,whisper,small,zero_shot,,42,5,noise,NÃO BỘ CHÚNG TA PHÁT TRIỂN NHỮNG RUNG ĐỘNG YÊU THƯƠNG, Nó bộ chúng ta phát triển những cung động yêu hương
VIVOSDEV01_R139_clean,vivos,whisper,small,zero_shot,,42,clean,clean,TRỪ KHI BẠN BIẾT TÔN TRỌNG BẢN THÂN MÌNH, trừ khi bạn biết tôn trọng bản hân mình.
VIVOSDEV01_R139_snr0,vivos,whisper,small,zero_shot,,42,0,noise,TRỪ KHI BẠN BIẾT TÔN TRỌNG BẢN THÂN MÌNH, Trừ khi bạn biết tôn trọng bã hơn mình
VIVOSDEV01_R139_snr10,vivos,whisper,small,zero_shot,,42,10,noise,TRỪ KHI BẠN BIẾT TÔN TRỌNG BẢN THÂN MÌNH, trừ khi bạn biết tôn trọng bản hân mình.
VIVOSDEV01_R139_snr20,vivos,whisper,small,zero_shot,,42,20,noise,TRỪ KHI BẠN BIẾT TÔN TRỌNG BẢN THÂN MÌNH, trừ khi bạn biết tôn trọng bản hân mình.
VIVOSDEV01_R139_snr5,vivos,whisper,small,zero_shot,,42,5,music,TRỪ KHI BẠN BIẾT TÔN TRỌNG BẢN THÂN MÌNH, trừ khi bạn biết tôn trọng bản hân mình.
VIVOSDEV01_R150_clean,vivos,whisper,small,zero_shot,,42,clean,clean,XIN ĐƯỢC CHÂN KHUÂN VÁC, xin được chân khuôn vết
VIVOSDEV01_R150_snr0,vivos,whisper,small,zero_shot,,42,0,music,XIN ĐƯỢC CHÂN KHUÂN VÁC, Xin được chừng quốc phép
VIVOSDEV01_R150_snr10,vivos,whisper,small,zero_shot,,42,10,noise,XIN ĐƯỢC CHÂN KHUÂN VÁC, Xin được chân khuôn vết
VIVOSDEV01_R150_snr20,vivos,whisper,small,zero_shot,,42,20,noise,XIN ĐƯỢC CHÂN KHUÂN VÁC, xin được chân quân vết
VIVOSDEV01_R150_snr5,vivos,whisper,small,zero_shot,,42,5,noise,XIN ĐƯỢC CHÂN KHUÂN VÁC, Xin được chân khuôn vết.
VIVOSDEV01_R151_clean,vivos,whisper,small,zero_shot,,42,clean,clean,NHƯNG KHI TIẾN GẦN VÀO VỊNH THÌ MẶT BIỂN BỊ RẠN VỠ, nhưng khi tiếng gần vào vĩnh thì mặt biển bị gàng vỡ.
VIVOSDEV01_R151_snr0,vivos,whisper,small,zero_shot,,42,0,noise,NHƯNG KHI TIẾN GẦN VÀO VỊNH THÌ MẶT BIỂN BỊ RẠN VỠ, nhưng khi tiếng gần vào bệnh thì mặc biển bị gàng bở.
VIVOSDEV01_R151_snr10,vivos,whisper,small,zero_shot,,42,10,noise,NHƯNG KHI TIẾN GẦN VÀO VỊNH THÌ MẶT BIỂN BỊ RẠN VỠ, nhưng khi tiếng gần vào bệnh thì mặc biển bị gàng vỡ.
VIVOSDEV01_R151_snr20,vivos,whisper,small,zero_shot,,42,20,music,NHƯNG KHI TIẾN GẦN VÀO VỊNH THÌ MẶT BIỂN BỊ RẠN VỠ, nhưng khi tiếng gần vào bệnh thì mặt biển bị gàng vỡ.
VIVOSDEV01_R151_snr5,vivos,whisper,small,zero_shot,,42,5,noise,NHƯNG KHI TIẾN GẦN VÀO VỊNH THÌ MẶT BIỂN BỊ RẠN VỠ, nhưng khi tiếng gần vào vĩnh thì mặt biển bị gàng vỡ.
VIVOSDEV01_R164_clean,vivos,whisper,small,zero_shot,,42,clean,clean,MỘT BÀ NGOẠI GIẶT ĐỒ THUÊ, Mọc vào ngoại giặt đầu hơi
VIVOSDEV01_R164_snr0,vivos,whisper,small,zero_shot,,42,0,noise,MỘT BÀ NGOẠI GIẶT ĐỒ THUÊ, Một vàng hỏa dặt rau thôi
VIVOSDEV01_R164_snr10,vivos,whisper,small,zero_shot,,42,10,speech,MỘT BÀ NGOẠI GIẶT ĐỒ THUÊ, Một bà ngoa dắt đầu thôi.
VIVOSDEV01_R164_snr20,vivos,whisper,small,zero_shot,,42,20,speech,MỘT BÀ NGOẠI GIẶT ĐỒ THUÊ, Mọc vào ngoại giặc đầu hơi.
VIVOSDEV01_R164_snr5,vivos,whisper,small,zero_shot,,42,5,music,MỘT BÀ NGOẠI GIẶT ĐỒ THUÊ, Mọc vào ngoại giặc rau hơi
VIVOSDEV01_R172_clean,vivos,whisper,small,zero_shot,,42,clean,clean,TÂY GIANG VẪN CÒN KHẮC KHOẢI KHÔNG THỂ VÀO XÃ A NÔNG, Tây Giang vẫn còn khắc khỏi không hởi vào xã A-Nông.
VIVOSDEV01_R172_snr0,vivos,whisper,small,zero_shot,,42,0,music,TÂY GIANG VẪN CÒN KHẮC KHOẢI KHÔNG THỂ VÀO XÃ A NÔNG, Tây Giang còn khách või không thể vào sở Anong
VIVOSDEV01_R172_snr10,vivos,whisper,small,zero_shot,,42,10,noise,TÂY GIANG VẪN CÒN KHẮC KHOẢI KHÔNG THỂ VÀO XÃ A NÔNG, Tây Giang vẫn còn khắc khỏi không hởi vào xã Anong
VIVOSDEV01_R172_snr20,vivos,whisper,small,zero_shot,,42,20,noise,TÂY GIANG VẪN CÒN KHẮC KHOẢI KHÔNG THỂ VÀO XÃ A NÔNG, Tây Giang vẫn còn khắc khỏi không hởi vào sã Anong.
VIVOSDEV01_R172_snr5,vivos,whisper,small,zero_shot,,42,5,noise,TÂY GIANG VẪN CÒN KHẮC KHOẢI KHÔNG THỂ VÀO XÃ A NÔNG, Tây Giang vẫn còn khách khỏi không hởi vào xã A Nông.
VIVOSDEV01_R174_clean,vivos,whisper,small,zero_shot,,42,clean,clean,NHỮNG DỰ ĐỊNH CẦN PHẢI ĐƯỢC BIẾN THÀNH HIỆN THỰC, Những dự định cần phải được biến hành hiện hật.
VIVOSDEV01_R174_snr0,vivos,whisper,small,zero_shot,,42,0,speech,NHỮNG DỰ ĐỊNH CẦN PHẢI ĐƯỢC BIẾN THÀNH HIỆN THỰC, Nó không có ai có thể nói chuyện này.
VIVOSDEV01_R174_snr10,vivos,whisper,small,zero_shot,,42,10,music,NHỮNG DỰ ĐỊNH CẦN PHẢI ĐƯỢC BIẾN THÀNH HIỆN THỰC, Những dự định cần phải được biến hành hiện hật.
VIVOSDEV01_R174_snr20,vivos,whisper,small,zero_shot,,42,20,music,NHỮNG DỰ ĐỊNH CẦN PHẢI ĐƯỢC BIẾN THÀNH HIỆN THỰC, Những dự định cần phải được biến hành hiện hật.
VIVOSDEV01_R174_snr5,vivos,whisper,small,zero_shot,,42,5,music,NHỮNG DỰ ĐỊNH CẦN PHẢI ĐƯỢC BIẾN THÀNH HIỆN THỰC, Những dự định cần phải được biến hành hiện thật.
VIVOSDEV01_R176_clean,vivos,whisper,small,zero_shot,,42,clean,clean,ĐỂ TÀU KHÔNG PHẢI CƯỠI CẦU TÀU, Để tao không phải cưới cầu tao
VIVOSDEV01_R176_snr0,vivos,whisper,small,zero_shot,,42,0,music,ĐỂ TÀU KHÔNG PHẢI CƯỠI CẦU TÀU, Để tao không phải cưới cầu tao
VIVOSDEV01_R176_snr10,vivos,whisper,small,zero_shot,,42,10,speech,ĐỂ TÀU KHÔNG PHẢI CƯỠI CẦU TÀU, Để tao không phải cưới câu tao.
VIVOSDEV01_R176_snr20,vivos,whisper,small,zero_shot,,42,20,noise,ĐỂ TÀU KHÔNG PHẢI CƯỠI CẦU TÀU, Để tao không phải cưới cầu tao
VIVOSDEV01_R176_snr5,vivos,whisper,small,zero_shot,,42,5,noise,ĐỂ TÀU KHÔNG PHẢI CƯỠI CẦU TÀU, Để tao không phải cưỡi cầu tao
VIVOSDEV01_R180_clean,vivos,whisper,small,zero_shot,,42,clean,clean,BÀN CHỔI SƠN BẰNG BÔNG MỀM RẤT PHỔ BIẾN, Bàn trỏi sơn bằng bông miệng gức phổ biến.
VIVOSDEV01_R180_snr0,vivos,whisper,small,zero_shot,,42,0,music,BÀN CHỔI SƠN BẰNG BÔNG MỀM RẤT PHỔ BIẾN, Bàn trỏi sơn bằng bông mềm gức phổ biến.
VIVOSDEV01_R180_snr10,vivos,whisper,small,zero_shot,,42,10,noise,BÀN CHỔI SƠN BẰNG BÔNG MỀM RẤT PHỔ BIẾN, Bàn trỏi sơn bằng bông miệng gức phổ biến.
VIVOSDEV01_R180_snr20,vivos,whisper,small,zero_shot,,42,20,noise,BÀN CHỔI SƠN BẰNG BÔNG MỀM RẤT PHỔ BIẾN, Bàn trỏi sơn bằng bông miệng gức phổ biến.
VIVOSDEV01_R180_snr5,vivos,whisper,small,zero_shot,,42,5,music,BÀN CHỔI SƠN BẰNG BÔNG MỀM RẤT PHỔ BIẾN, Bàn trỏi sơn bằng bông mềm gức phổ biến.
VIVOSDEV01_R188_clean,vivos,whisper,small,zero_shot,,42,clean,clean,VIỆC QUY TỘI ĐỂ BÙNG NỔ LOẠI SÁCH NÀY LÀ DO, việc quy tội để bùng nổ loại sách này là do.
VIVOSDEV01_R188_snr0,vivos,whisper,small,zero_shot,,42,0,noise,VIỆC QUY TỘI ĐỂ BÙNG NỔ LOẠI SÁCH NÀY LÀ DO, Khiệt quê tội để bùng nổ loại sách này là do
VIVOSDEV01_R188_snr10,vivos,whisper,small,zero_shot,,42,10,speech,VIỆC QUY TỘI ĐỂ BÙNG NỔ LOẠI SÁCH NÀY LÀ DO, Quyệt quy tội để bùng nổ lợi sách này là do
VIVOSDEV01_R188_snr20,vivos,whisper,small,zero_shot,,42,20,music,VIỆC QUY TỘI ĐỂ BÙNG NỔ LOẠI SÁCH NÀY LÀ DO, Việc quy tội để bùng nổ loại sách này là do
VIVOSDEV01_R188_snr5,vivos,whisper,small,zero_shot,,42,5,noise,VIỆC QUY TỘI ĐỂ BÙNG NỔ LOẠI SÁCH NÀY LÀ DO, Vì quý tội để bùng nổ lợi sách này là do
VIVOSDEV01_T002_clean,vivos,whisper,small,zero_shot,,42,clean,clean,CŨNG CHƯA BIẾT NỮA, Cũng chưa biết nữa
VIVOSDEV01_T002_snr0,vivos,whisper,small,zero_shot,,42,0,speech,CŨNG CHƯA BIẾT NỮA, Cũng không biết
VIVOSDEV01_T002_snr10,vivos,whisper,small,zero_shot,,42,10,music,CŨNG CHƯA BIẾT NỮA, Cũng chưa biết nữa
VIVOSDEV01_T002_snr20,vivos,whisper,small,zero_shot,,42,20,speech,CŨNG CHƯA BIẾT NỮA, Cũng chưa biết nữa.
VIVOSDEV01_T002_snr5,vivos,whisper,small,zero_shot,,42,5,music,CŨNG CHƯA BIẾT NỮA, Cũng chưa biết nữa
VIVOSDEV01_T038_clean,vivos,whisper,small,zero_shot,,42,clean,clean,CHẮC SẮP TỚI THU XẾP ĐI DU LỊCH THÔI, Chắc sắp tới hưu xíp đi vui lịch thôi.
VIVOSDEV01_T038_snr0,vivos,whisper,small,zero_shot,,42,0,noise,CHẮC SẮP TỚI THU XẾP ĐI DU LỊCH THÔI, Chắc sắp tới Huixip đi vui lịch thôi
VIVOSDEV01_T038_snr10,vivos,whisper,small,zero_shot,,42,10,music,CHẮC SẮP TỚI THU XẾP ĐI DU LỊCH THÔI, Chắc chấp tới Hồ Sít đi vui lịch thôi
VIVOSDEV01_T038_snr20,vivos,whisper,small,zero_shot,,42,20,music,CHẮC SẮP TỚI THU XẾP ĐI DU LỊCH THÔI, Chắc sắp tới Huixip đi vui lực thôi
VIVOSDEV01_T038_snr5,vivos,whisper,small,zero_shot,,42,5,music,CHẮC SẮP TỚI THU XẾP ĐI DU LỊCH THÔI, Chắc chắn tới hưu xích đi vui đặc thôi
VIVOSDEV01_T043_clean,vivos,whisper,small,zero_shot,,42,clean,clean,NÓ TRỐN MẤT TIÊU RỒI CÒN ĐÂU," Nói chốn, mất tiêu gọi còn đâu?"
VIVOSDEV01_T043_snr0,vivos,whisper,small,zero_shot,,42,0,noise,NÓ TRỐN MẤT TIÊU RỒI CÒN ĐÂU, Nói chốn mất tiêu rồi còn đâu?
VIVOSDEV01_T043_snr10,vivos,whisper,small,zero_shot,,42,10,noise,NÓ TRỐN MẤT TIÊU RỒI CÒN ĐÂU," Nói chốn, mất tiêu, gọi còn đâu."
VIVOSDEV01_T043_snr20,vivos,whisper,small,zero_shot,,42,20,speech,NÓ TRỐN MẤT TIÊU RỒI CÒN ĐÂU, Nói chốn mức tiêu gọi còn đâu?
VIVOSDEV01_T043_snr5,vivos,whisper,small,zero_shot,,42,5,music,NÓ TRỐN MẤT TIÊU RỒI CÒN ĐÂU," Nói chố mất tiêu rồi, cầu đầu"
VIVOSDEV02_R009_clean,vivos,whisper,small,zero_shot,,42,clean,clean,BÀ QUẢNG VẪN ĐANG BẬN RỘN, 3 quảng vẫn đang bận rộn.
VIVOSDEV02_R009_snr0,vivos,whisper,small,zero_shot,,42,0,noise,BÀ QUẢNG VẪN ĐANG BẬN RỘN, 3 quán với 8 phần rồ
VIVOSDEV02_R009_snr10,vivos,whisper,small,zero_shot,,42,10,noise,BÀ QUẢNG VẪN ĐANG BẬN RỘN, 3 quảng vẫn đang bận rộn
VIVOSDEV02_R009_snr20,vivos,whisper,small,zero_shot,,42,20,music,BÀ QUẢNG VẪN ĐANG BẬN RỘN, 3 quán vẫn đang bận rộn
VIVOSDEV02_R009_snr5,vivos,whisper,small,zero_shot,,42,5,music,BÀ QUẢNG VẪN ĐANG BẬN RỘN, 3 quán vẫn đang bận rồm
VIVOSDEV02_R031_clean,vivos,whisper,small,zero_shot,,42,clean,clean,MUỐN ĐẸP PHẢI GHÈ LÀM SAO CHO CÁC BÓ CƠ CHÂN NỔI BẬT LÊN, Muốn đẹp phải ghề làm sao cho các bó cười trên nổi bận lên.
VIVOSDEV02_R031_snr0,vivos,whisper,small,zero_shot,,42,0,speech,MUỐN ĐẸP PHẢI GHÈ LÀM SAO CHO CÁC BÓ CƠ CHÂN NỔI BẬT LÊN, Bốn đẹp phải ghê làm cho các bóc rời trên nổi bật lệnh.
VIVOSDEV02_R031_snr10,vivos,whisper,small,zero_shot,,42,10,music,MUỐN ĐẸP PHẢI GHÈ LÀM SAO CHO CÁC BÓ CƠ CHÂN NỔI BẬT LÊN, Muốn đẹp phải ghề làm sao cho cá bó cười trên nổi bận lên.
VIVOSDEV02_R031_snr20,vivos,whisper,small,zero_shot,,42,20,noise,MUỐN ĐẸP PHẢI GHÈ LÀM SAO CHO CÁC BÓ CƠ CHÂN NỔI BẬT LÊN, Muốn đẹp phải ghề làm sao cho các bó cười trên nổi bận lên.
VIVOSDEV02_R031_snr5,vivos,whisper,small,zero_shot,,42,5,noise,MUỐN ĐẸP PHẢI GHÈ LÀM SAO CHO CÁC BÓ CƠ CHÂN NỔI BẬT LÊN, Muốn đẹp phải về làm sao cho các bó cơ trên nổi bận lên.
VIVOSDEV02_R045_clean,vivos,whisper,small,zero_shot,,42,clean,clean,CÔ CỨ NHÈ NGAY CÁI NỌNG CÁ TRÊ," Cô cứ nhè cái nọng, cái chê."
VIVOSDEV02_R045_snr0,vivos,whisper,small,zero_shot,,42,0,music,CÔ CỨ NHÈ NGAY CÁI NỌNG CÁ TRÊ, Cô cứ nhè cái nọc cái chê
VIVOSDEV02_R045_snr10,vivos,whisper,small,zero_shot,,42,10,noise,CÔ CỨ NHÈ NGAY CÁI NỌNG CÁ TRÊ, Cô cứ nhè cái nọng cá chê.
VIVOSDEV02_R045_snr20,vivos,whisper,small,zero_shot,,42,20,noise,CÔ CỨ NHÈ NGAY CÁI NỌNG CÁ TRÊ, Cô cứ nhè cái nọng cá chê
VIVOSDEV02_R045_snr5,vivos,whisper,small,zero_shot,,42,5,speech,CÔ CỨ NHÈ NGAY CÁI NỌNG CÁ TRÊ, Tôi sẽ đánh thật rất tốt.
VIVOSDEV02_R067_clean,vivos,whisper,small,zero_shot,,42,clean,clean,ÔNG CHỦ TỊCH TUYÊN BỐ NHƯ THẾ NÀO, Ông chủ tịch điên bỏ như thế nào?
VIVOSDEV02_R067_snr0,vivos,whisper,small,zero_shot,,42,0,speech,ÔNG CHỦ TỊCH TUYÊN BỐ NHƯ THẾ NÀO, Một người tham gia của tôi đã nói rằng tôi cần hôm nay.
VIVOSDEV02_R067_snr10,vivos,whisper,small,zero_shot,,42,10,speech,ÔNG CHỦ TỊCH TUYÊN BỐ NHƯ THẾ NÀO, Ông chủ tịch điên bỏ như thế nào?
VIVOSDEV02_R067_snr20,vivos,whisper,small,zero_shot,,42,20,music,ÔNG CHỦ TỊCH TUYÊN BỐ NHƯ THẾ NÀO, Ông chủ tịch điên bỏ như thế nào?
VIVOSDEV02_R067_snr5,vivos,whisper,small,zero_shot,,42,5,noise,ÔNG CHỦ TỊCH TUYÊN BỐ NHƯ THẾ NÀO, Ông chủ tịch tiêm bỏ như thế nào?
VIVOSDEV02_R068_clean,vivos,whisper,small,zero_shot,,42,clean,clean,KHIẾN HAI CHA CON CẬU, Kính hài ra con gạo.
VIVOSDEV02_R068_snr0,vivos,whisper,small,zero_shot,,42,0,speech,KHIẾN HAI CHA CON CẬU, Kinh hãi đã cong cầu.
VIVOSDEV02_R068_snr10,vivos,whisper,small,zero_shot,,42,10,speech,KHIẾN HAI CHA CON CẬU, Kính hài trở con gạo.
VIVOSDEV02_R068_snr20,vivos,whisper,small,zero_shot,,42,20,music,KHIẾN HAI CHA CON CẬU, Kính hài trả con gạo
VIVOSDEV02_R068_snr5,vivos,whisper,small,zero_shot,,42,5,noise,KHIẾN HAI CHA CON CẬU, Kinh hãi đã con gạo
VIVOSDEV02_R071_clean,vivos,whisper,small,zero_shot,,42,clean,clean,MỖI KHI XE RÁC ĐI NGANG QUA ĐÁNH KẺNG MỚI ĐEM RA ĐỔ, Mỗi khi sẽ lát ti nghe qua tăng kẹm mới đêm ra đổ.
VIVOSDEV02_R071_snr0,vivos,whisper,small,zero_shot,,42,0,speech,MỖI KHI XE RÁC ĐI NGANG QUA ĐÁNH KẺNG MỚI ĐEM RA ĐỔ, Một khi chở lá tìm ngàn qua tăng kẹm mới đêm lá tộ.
VIVOSDEV02_R071_snr10,vivos,whisper,small,zero_shot,,42,10,noise,MỖI KHI XE RÁC ĐI NGANG QUA ĐÁNH KẺNG MỚI ĐEM RA ĐỔ, Mỗi khi chơi lá ti nghe qua tăng kẹm mới đem ra độ
VIVOSDEV02_R071_snr20,vivos,whisper,small,zero_shot,,42,20,speech,MỖI KHI XE RÁC ĐI NGANG QUA ĐÁNH KẺNG MỚI ĐEM RA ĐỔ, Mỗi khi sẽ lá ti nghe qua tăng kẻ mới đêm ra đổ
VIVOSDEV02_R071_snr5,vivos,whisper,small,zero_shot,,42,5,music,MỖI KHI XE RÁC ĐI NGANG QUA ĐÁNH KẺNG MỚI ĐEM RA ĐỔ, Mỗi khi chơi lá ti nghe qua tăng kẹm mới têm lá đậu.
VIVOSDEV02_R076_clean,vivos,whisper,small,zero_shot,,42,clean,clean,THAY VÌ BỐN GIỜ NHƯ TRƯỚC ĐÂY, Thay vị 4 giờ như trước đây
VIVOSDEV02_R076_snr0,vivos,whisper,small,zero_shot,,42,0,speech,THAY VÌ BỐN GIỜ NHƯ TRƯỚC ĐÂY," Hãy về 4 giờ như chứ, tạm biệt."
VIVOSDEV02_R076_snr10,vivos,whisper,small,zero_shot,,42,10,speech,THAY VÌ BỐN GIỜ NHƯ TRƯỚC ĐÂY, Thay bề 4 giờ như trước đây.
VIVOSDEV02_R076_snr20,vivos,whisper,small,zero_shot,,42,20,noise,THAY VÌ BỐN GIỜ NHƯ TRƯỚC ĐÂY, Thay vị 4 giờ như trước đây
VIVOSDEV02_R076_snr5,vivos,whisper,small,zero_shot,,42,5,noise,THAY VÌ BỐN GIỜ NHƯ TRƯỚC ĐÂY, Thay vị 4 giờ như trước đây
VIVOSDEV02_R079_clean,vivos,whisper,small,zero_shot,,42,clean,clean,HẦU HẾT NANG NÀY CÓ NGUỒN GỐC TỪ GÂN CƠ CHÂN NGỖNG, Hào hép tra này có gồm gấp từ gân cơ chân ngỏng
VIVOSDEV02_R079_snr0,vivos,whisper,small,zero_shot,,42,0,music,HẦU HẾT NANG NÀY CÓ NGUỒN GỐC TỪ GÂN CƠ CHÂN NGỖNG, Hào hết cha này có khuôn gấp từ gân cơ chân nồng
VIVOSDEV02_R079_snr10,vivos,whisper,small,zero_shot,,42,10,noise,HẦU HẾT NANG NÀY CÓ NGUỒN GỐC TỪ GÂN CƠ CHÂN NGỖNG, Hào hếp tra này có ngồn gấp từ gân cơ chân ngỏng.
VIVOSDEV02_R079_snr20,vivos,whisper,small,zero_shot,,42,20,speech,HẦU HẾT NANG NÀY CÓ NGUỒN GỐC TỪ GÂN CƠ CHÂN NGỖNG, Hầu hết tra này có ngồn gấp từ gân cơ chân ngọng.
VIVOSDEV02_R079_snr5,vivos,whisper,small,zero_shot,,42,5,speech,HẦU HẾT NANG NÀY CÓ NGUỒN GỐC TỪ GÂN CƠ CHÂN NGỖNG, Hào huếp tra này có hồn góc từ gân cơ chân ngọng.
VIVOSDEV02_R087_clean,vivos,whisper,small,zero_shot,,42,clean,clean,TIẾNG MÃ TẤU SẮC LẠNH CHẠM NHAU VÀ CẢ TIẾNG RÊN RỈ, Tí mả đáu chất làng cảm nhau và cả tín trên rỉ.
VIVOSDEV02_R087_snr0,vivos,whisper,small,zero_shot,,42,0,noise,TIẾNG MÃ TẤU SẮC LẠNH CHẠM NHAU VÀ CẢ TIẾNG RÊN RỈ, Tiếp mà đấu chắc là nặng sạm nhau và cả tiếng Lennie
VIVOSDEV02_R087_snr10,vivos,whisper,small,zero_shot,,42,10,speech,TIẾNG MÃ TẤU SẮC LẠNH CHẠM NHAU VÀ CẢ TIẾNG RÊN RỈ, Tí mả đó chắc là cạm nhau và cả tín trên rỉ.
VIVOSDEV02_R087_snr20,vivos,whisper,small,zero_shot,,42,20,noise,TIẾNG MÃ TẤU SẮC LẠNH CHẠM NHAU VÀ CẢ TIẾNG RÊN RỈ, Tí mả đó chắc là cạm nhau và cả tín trên rỉ.
VIVOSDEV02_R087_snr5,vivos,whisper,small,zero_shot,,42,5,noise,TIẾNG MÃ TẤU SẮC LẠNH CHẠM NHAU VÀ CẢ TIẾNG RÊN RỈ," Tiếng mạ đáu chất lặng, cảm nhau và cả tiếng trên rỉ."
VIVOSDEV02_R089_clean,vivos,whisper,small,zero_shot,,42,clean,clean,CÓ HẲN MỘT LOẠT BÀI VIẾT CHUYÊN ĐỀ VỀ QUẢN TRỊ THƯƠNG HIỆU, Có hãng một là bài viết chín đề về quản trị thương hiệu.
VIVOSDEV02_R089_snr0,vivos,whisper,small,zero_shot,,42,0,music,CÓ HẲN MỘT LOẠT BÀI VIẾT CHUYÊN ĐỀ VỀ QUẢN TRỊ THƯƠNG HIỆU, Có hãng hộp là bài mỹ chín về quán chỉ thi hiệu.
VIVOSDEV02_R089_snr10,vivos,whisper,small,zero_shot,,42,10,noise,CÓ HẲN MỘT LOẠT BÀI VIẾT CHUYÊN ĐỀ VỀ QUẢN TRỊ THƯƠNG HIỆU, Có hãng một là bài bí chín đề về quản trị thương hiệu.
VIVOSDEV02_R089_snr20,vivos,whisper,small,zero_shot,,42,20,speech,CÓ HẲN MỘT LOẠT BÀI VIẾT CHUYÊN ĐỀ VỀ QUẢN TRỊ THƯƠNG HIỆU, Có hãng một là bài viết trên đề về quán chỉ thương hiệu.
VIVOSDEV02_R089_snr5,vivos,whisper,small,zero_shot,,42,5,music,CÓ HẲN MỘT LOẠT BÀI VIẾT CHUYÊN ĐỀ VỀ QUẢN TRỊ THƯƠNG HIỆU, Có hãng một là bài bí chín đề về quán chỉ thư hiệu.
VIVOSDEV02_R091_clean,vivos,whisper,small,zero_shot,,42,clean,clean,HỢP VỚI HƯƠNG VỊ ĐẦU XUÂN, Hạ với hương với đạo sân.
VIVOSDEV02_R091_snr0,vivos,whisper,small,zero_shot,,42,0,noise,HỢP VỚI HƯƠNG VỊ ĐẦU XUÂN, Hạ với hương của các bạn đạo sân.
VIVOSDEV02_R091_snr10,vivos,whisper,small,zero_shot,,42,10,noise,HỢP VỚI HƯƠNG VỊ ĐẦU XUÂN, Hạ với hương với đạo sân.
VIVOSDEV02_R091_snr20,vivos,whisper,small,zero_shot,,42,20,noise,HỢP VỚI HƯƠNG VỊ ĐẦU XUÂN, Hạ với hương với đạo sân.
VIVOSDEV02_R091_snr5,vivos,whisper,small,zero_shot,,42,5,music,HỢP VỚI HƯƠNG VỊ ĐẦU XUÂN, Hạ với hương với đảo sân
VIVOSDEV02_R106_clean,vivos,whisper,small,zero_shot,,42,clean,clean,TRỞ NÊN THỤ ĐỘNG, Chào anh em thủ đạo
VIVOSDEV02_R106_snr0,vivos,whisper,small,zero_shot,,42,0,speech,TRỞ NÊN THỤ ĐỘNG, Chúng ta có thể đánh dạng được.
VIVOSDEV02_R106_snr10,vivos,whisper,small,zero_shot,,42,10,music,TRỞ NÊN THỤ ĐỘNG, Giờ anh đang tổ đạo
VIVOSDEV02_R106_snr20,vivos,whisper,small,zero_shot,,42,20,noise,TRỞ NÊN THỤ ĐỘNG, Chà nhanh thủ đo
VIVOSDEV02_R106_snr5,vivos,whisper,small,zero_shot,,42,5,speech,TRỞ NÊN THỤ ĐỘNG, Chúng ta không phải bỏ lỡ tất cả những tên khác.
VIVOSDEV02_R130_clean,vivos,whisper,small,zero_shot,,42,clean,clean,CHỊ GẶN HỎI ANH THỀ SỐNG THỀ CHẾT LÀ KHÔNG CÓ, Chị gặn hỏi anh thầy sống thầy chết là không có.
VIVOSDEV02_R130_snr0,vivos,whisper,small,zero_shot,,42,0,noise,CHỊ GẶN HỎI ANH THỀ SỐNG THỀ CHẾT LÀ KHÔNG CÓ," Chị chặn hỏi anh thề sống, thề chết là không có"
VIVOSDEV02_R130_snr10,vivos,whisper,small,zero_shot,,42,10,speech,CHỊ GẶN HỎI ANH THỀ SỐNG THỀ CHẾT LÀ KHÔNG CÓ," Chị gặn hỏi anh thề xóm, thề chết là không có."
VIVOSDEV02_R130_snr20,vivos,whisper,small,zero_shot,,42,20,music,CHỊ GẶN HỎI ANH THỀ SỐNG THỀ CHẾT LÀ KHÔNG CÓ, Chị gặn hỏi anh thè sống thè chết là không có.
VIVOSDEV02_R130_snr5,vivos,whisper,small,zero_shot,,42,5,music,CHỊ GẶN HỎI ANH THỀ SỐNG THỀ CHẾT LÀ KHÔNG CÓ, Chị dặn hỏi anh thè sống thè chết là không có.
VIVOSDEV02_R132_clean,vivos,whisper,small,zero_shot,,42,clean,clean,ĐIỆN THOẠI RENG NHƯNG TA CŨNG PHẢI NHẤC MÁY ĐÚNG KHÔNG, Tiện thại lê nhân ta cũng phải nhất máy đúng không?
VIVOSDEV02_R132_snr0,vivos,whisper,small,zero_shot,,42,0,music,ĐIỆN THOẠI RENG NHƯNG TA CŨNG PHẢI NHẤC MÁY ĐÚNG KHÔNG, Tuyền thái lê nhân ta cũng phải nhất mây đúng không?
VIVOSDEV02_R132_snr10,vivos,whisper,small,zero_shot,,42,10,music,ĐIỆN THOẠI RENG NHƯNG TA CŨNG PHẢI NHẤC MÁY ĐÚNG KHÔNG, tiền thại lê nhân ta cũng phải nhất máy túng không?
VIVOSDEV02_R132_snr20,vivos,whisper,small,zero_shot,,42,20,music,ĐIỆN THOẠI RENG NHƯNG TA CŨNG PHẢI NHẤC MÁY ĐÚNG KHÔNG, tiện thại lê nhân ta cũng phải nhất máy đúng không?
VIVOSDEV02_R132_snr5,vivos,whisper,small,zero_shot,,42,5,speech,ĐIỆN THOẠI RENG NHƯNG TA CŨNG PHẢI NHẤC MÁY ĐÚNG KHÔNG, Liên thái lên nhân ta cũng phải nhất may đúng không?
VIVOSDEV02_R135_clean,vivos,whisper,small,zero_shot,,42,clean,clean,CŨNG THUỘC LOẠI DÀY ĐẶC NHẤT TRONG HỆ MẶT TRỜI, Cũng thuộc lại giày đặc nhất trong hệ mặt trời.
VIVOSDEV02_R135_snr0,vivos,whisper,small,zero_shot,,42,0,speech,CŨNG THUỘC LOẠI DÀY ĐẶC NHẤT TRONG HỆ MẶT TRỜI, Cũng phụ lại giày đặt nhất trong hệ mặt trời.
VIVOSDEV02_R135_snr10,vivos,whisper,small,zero_shot,,42,10,music,CŨNG THUỘC LOẠI DÀY ĐẶC NHẤT TRONG HỆ MẶT TRỜI, Cũng thộ lại giày đặc nhất trong hệ mà chời.
VIVOSDEV02_R135_snr20,vivos,whisper,small,zero_shot,,42,20,speech,CŨNG THUỘC LOẠI DÀY ĐẶC NHẤT TRONG HỆ MẶT TRỜI, Cũng thộ lại giày đặc nhất trong hệ mặt trời.
VIVOSDEV02_R135_snr5,vivos,whisper,small,zero_shot,,42,5,speech,CŨNG THUỘC LOẠI DÀY ĐẶC NHẤT TRONG HỆ MẶT TRỜI, Nhưng tôi không biết là gì khác trong hệ mặt trời.
VIVOSDEV02_R137_clean,vivos,whisper,small,zero_shot,,42,clean,clean,CÁC VỤ THAM NHŨNG VÀ BÊ BỐI KINH TẾ, Các vụ tham nhỏng và bê bói kinh tế.
VIVOSDEV02_R137_snr0,vivos,whisper,small,zero_shot,,42,0,noise,CÁC VỤ THAM NHŨNG VÀ BÊ BỐI KINH TẾ, Các vụ tham nhỏ và bê bói kinh tế.
VIVOSDEV02_R137_snr10,vivos,whisper,small,zero_shot,,42,10,music,CÁC VỤ THAM NHŨNG VÀ BÊ BỐI KINH TẾ, Các bộ tham nhỏ và bê bói kinh tế.
VIVOSDEV02_R137_snr20,vivos,whisper,small,zero_shot,,42,20,noise,CÁC VỤ THAM NHŨNG VÀ BÊ BỐI KINH TẾ, Các vụ tham nhỏ và bê bói kinh tế.
VIVOSDEV02_R137_snr5,vivos,whisper,small,zero_shot,,42,5,noise,CÁC VỤ THAM NHŨNG VÀ BÊ BỐI KINH TẾ, Các cuộc tham nhận và bê bói kinh tế.
VIVOSDEV02_R164_clean,vivos,whisper,small,zero_shot,,42,clean,clean,CÁC CHƯƠNG TRÌNH CA NHẠC PHẦN LỚN ĐỀU KHÔNG ĐỘT PHÁ, Các chương trình ca nhạc phình lớn đều không đột phá.
VIVOSDEV02_R164_snr0,vivos,whisper,small,zero_shot,,42,0,speech,CÁC CHƯƠNG TRÌNH CA NHẠC PHẦN LỚN ĐỀU KHÔNG ĐỘT PHÁ," Cái gì cũng kìa nhạt, nhưng lần đầu không được."
VIVOSDEV02_R164_snr10,vivos,whisper,small,zero_shot,,42,10,noise,CÁC CHƯƠNG TRÌNH CA NHẠC PHẦN LỚN ĐỀU KHÔNG ĐỘT PHÁ, Các chương trình ca nhạc thịnh lớn đều không đột hét.
VIVOSDEV02_R164_snr20,vivos,whisper,small,zero_shot,,42,20,speech,CÁC CHƯƠNG TRÌNH CA NHẠC PHẦN LỚN ĐỀU KHÔNG ĐỘT PHÁ, Các chương trình ca nhạc phình lớn đều không được phá.
VIVOSDEV02_R164_snr5,vivos,whisper,small,zero_shot,,42,5,speech,CÁC CHƯƠNG TRÌNH CA NHẠC PHẦN LỚN ĐỀU KHÔNG ĐỘT PHÁ, Các chương trình các nhà thịnh lớn đều không được phá.
VIVOSDEV02_R170_clean,vivos,whisper,small,zero_shot,,42,clean,clean,RỒI CHẠY SANG GÕ CỬA PHÒNG BA LE HAI DẤM DÚI, Rồi chạy sang gõ cửa phòng 3L2 giấm dưới.
VIVOSDEV02_R170_snr0,vivos,whisper,small,zero_shot,,42,0,music,RỒI CHẠY SANG GÕ CỬA PHÒNG BA LE HAI DẤM DÚI, Rồi chảy sáng gọi cửa phòng 3 lên 2h
VIVOSDEV02_R170_snr10,vivos,whisper,small,zero_shot,,42,10,noise,RỒI CHẠY SANG GÕ CỬA PHÒNG BA LE HAI DẤM DÚI," Rồi, trảy sáng gõ cửa phòng 3Lan 2 giấm vui."
VIVOSDEV02_R170_snr20,vivos,whisper,small,zero_shot,,42,20,noise,RỒI CHẠY SANG GÕ CỬA PHÒNG BA LE HAI DẤM DÚI, Lồi chạy sang gõ cửa phòng 3L2 giấm dưới
VIVOSDEV02_R170_snr5,vivos,whisper,small,zero_shot,,42,5,speech,RỒI CHẠY SANG GÕ CỬA PHÒNG BA LE HAI DẤM DÚI," Rồi, trạy sang gõ cửa phòng 3Lan 2 giấm dưới."
VIVOSDEV02_R173_clean,vivos,whisper,small,zero_shot,,42,clean,clean,ĐỂ TRẢ TRỞ LẠI ĐẠI DƯƠNG, để trả trở lại tại Duân.
VIVOSDEV02_R173_snr0,vivos,whisper,small,zero_shot,,42,0,noise,ĐỂ TRẢ TRỞ LẠI ĐẠI DƯƠNG," Để trả trở lại, anh Dương"
VIVOSDEV02_R173_snr10,vivos,whisper,small,zero_shot,,42,10,music,ĐỂ TRẢ TRỞ LẠI ĐẠI DƯƠNG," Để trả trở lại, tại dương"
VIVOSDEV02_R173_snr20,vivos,whisper,small,zero_shot,,42,20,noise,ĐỂ TRẢ TRỞ LẠI ĐẠI DƯƠNG, Để trả trở lại tại Du
VIVOSDEV02_R173_snr5,vivos,whisper,small,zero_shot,,42,5,music,ĐỂ TRẢ TRỞ LẠI ĐẠI DƯƠNG," Để trả trở lại, ai dương"
VIVOSDEV02_R181_clean,vivos,whisper,small,zero_shot,,42,clean,clean,NÀNG CÓ ĐÔI MẮT TO SÂU VÀ VẦNG TRÁN RỘNG MÊNH MÔNG, Nàng có tới mắt to sau và bình chán rộng minh mong.
VIVOSDEV02_R181_snr0,vivos,whisper,small,zero_shot,,42,0,music,NÀNG CÓ ĐÔI MẮT TO SÂU VÀ VẦNG TRÁN RỘNG MÊNH MÔNG, Nè có tới mắt to sau và bình trẻ lọc bình mong
VIVOSDEV02_R181_snr10,vivos,whisper,small,zero_shot,,42,10,noise,NÀNG CÓ ĐÔI MẮT TO SÂU VÀ VẦNG TRÁN RỘNG MÊNH MÔNG, Nàng có tới mắt tôi sau và bình chán độc Minh Mong.
VIVOSDEV02_R181_snr20,vivos,whisper,small,zero_shot,,42,20,music,NÀNG CÓ ĐÔI MẮT TO SÂU VÀ VẦNG TRÁN RỘNG MÊNH MÔNG, Nàng có tới mắt to sau và bình chán rộng minh mong.
VIVOSDEV02_R181_snr5,vivos,whisper,small,zero_shot,,42,5,speech,NÀNG CÓ ĐÔI MẮT TO SÂU VÀ VẦNG TRÁN RỘNG MÊNH MÔNG, Nàng có tới mắt đó sau và bình chán giọng mình nồi.
VIVOSDEV02_R192_clean,vivos,whisper,small,zero_shot,,42,clean,clean,TÔI TỰ HỎI PHẢI CHĂNG ĐÓ LÀ DO DAN CÒN QUÁ TRẺ, Tôi tự hỏi phải tranh đó lại do dân của con quá trẻ.
VIVOSDEV02_R192_snr0,vivos,whisper,small,zero_shot,,42,0,noise,TÔI TỰ HỎI PHẢI CHĂNG ĐÓ LÀ DO DAN CÒN QUÁ TRẺ, Đôi bự hỏi phải trân đối lại cho dân tròn bắt chế.
VIVOSDEV02_R192_snr10,vivos,whisper,small,zero_shot,,42,10,music,TÔI TỰ HỎI PHẢI CHĂNG ĐÓ LÀ DO DAN CÒN QUÁ TRẺ, Tôi tự hỏi phải tranh tới lại cho Giang còn bắt chệ
VIVOSDEV02_R192_snr20,vivos,whisper,small,zero_shot,,42,20,noise,TÔI TỰ HỎI PHẢI CHĂNG ĐÓ LÀ DO DAN CÒN QUÁ TRẺ, Tôi tự hỏi phải tranh đó lại cho Giang còn quá trễ.
VIVOSDEV02_R192_snr5,vivos,whisper,small,zero_shot,,42,5,music,TÔI TỰ HỎI PHẢI CHĂNG ĐÓ LÀ DO DAN CÒN QUÁ TRẺ, Tôi tự hỏi phải tránh đó lại cho Giang còn quá trễ
VIVOSDEV02_R195_clean,vivos,whisper,small,zero_shot,,42,clean,clean,ỦY BAN CHÂU ÂU KÊU GỌI NHỮNG QUỐC GIA PHÁT TRIỂN CÒN LẠI, Ủy ban châu Âu kêu gọi những quốc gia phát triển còn lại.
VIVOSDEV02_R195_snr0,vivos,whisper,small,zero_shot,,42,0,noise,ỦY BAN CHÂU ÂU KÊU GỌI NHỮNG QUỐC GIA PHÁT TRIỂN CÒN LẠI, Ủy ban châu Âu kêu gọi những quốc gia phát triển gọi lại.
VIVOSDEV02_R195_snr10,vivos,whisper,small,zero_shot,,42,10,noise,ỦY BAN CHÂU ÂU KÊU GỌI NHỮNG QUỐC GIA PHÁT TRIỂN CÒN LẠI, Ủy ban châu Âu kêu gọi những vết gia phát triển còn lại.
VIVOSDEV02_R195_snr20,vivos,whisper,small,zero_shot,,42,20,noise,ỦY BAN CHÂU ÂU KÊU GỌI NHỮNG QUỐC GIA PHÁT TRIỂN CÒN LẠI, Ủy ban trâu Âu kêu gọi những quốc gia phát triển còn lại.
VIVOSDEV02_R195_snr5,vivos,whisper,small,zero_shot,,42,5,noise,ỦY BAN CHÂU ÂU KÊU GỌI NHỮNG QUỐC GIA PHÁT TRIỂN CÒN LẠI, Ủy ban châu Âu kêu gọi những quốc gia phát triển còn lại.
VIVOSDEV02_R200_clean,vivos,whisper,small,zero_shot,,42,clean,clean,VÀ KHI CHÚNG TA SAO NHÃNG CÔNG VIỆC CỦA MÌNH, Và khi chúng ta sẽ nhãn công việc của mình.
VIVOSDEV02_R200_snr0,vivos,whisper,small,zero_shot,,42,0,noise,VÀ KHI CHÚNG TA SAO NHÃNG CÔNG VIỆC CỦA MÌNH, Và khi chúng ta sẽ nhãn công việc của mình
VIVOSDEV02_R200_snr10,vivos,whisper,small,zero_shot,,42,10,speech,VÀ KHI CHÚNG TA SAO NHÃNG CÔNG VIỆC CỦA MÌNH, Và khi chúng ta xa nhạc công việc của mình.
VIVOSDEV02_R200_snr20,vivos,whisper,small,zero_shot,,42,20,noise,VÀ KHI CHÚNG TA SAO NHÃNG CÔNG VIỆC CỦA MÌNH, Và khi chúng ta sẽ nhãn công việc của mình.
VIVOSDEV02_R200_snr5,vivos,whisper,small,zero_shot,,42,5,music,VÀ KHI CHÚNG TA SAO NHÃNG CÔNG VIỆC CỦA MÌNH, Và khi chúng ta sẽ nhãn công việc của mình.
VIVOSDEV02_T004_clean,vivos,whisper,small,zero_shot,,42,clean,clean,HÔM NAY EM CÓ TỚI NĂM KHÁCH, Hôm nay em có tới 5 khách
VIVOSDEV02_T004_snr0,vivos,whisper,small,zero_shot,,42,0,speech,HÔM NAY EM CÓ TỚI NĂM KHÁCH, Hôm nay em có đợi 5 cát
VIVOSDEV02_T004_snr10,vivos,whisper,small,zero_shot,,42,10,speech,HÔM NAY EM CÓ TỚI NĂM KHÁCH, Hôm nay em có đỡ 5 trái.
VIVOSDEV02_T004_snr20,vivos,whisper,small,zero_shot,,42,20,noise,HÔM NAY EM CÓ TỚI NĂM KHÁCH, Hôm nay em có tới 5 khác
VIVOSDEV02_T004_snr5,vivos,whisper,small,zero_shot,,42,5,noise,HÔM NAY EM CÓ TỚI NĂM KHÁCH, Hôm nay em có đỡ 5 khác
VIVOSDEV02_T012_clean,vivos,whisper,small,zero_shot,,42,clean,clean,MÀY DÁM CHƠI VỢ TAO TAO PHẢI GIẾT MÀY," Mày dám chơi vợ tao, tao sẽ giết mày."
VIVOSDEV02_T012_snr0,vivos,whisper,small,zero_shot,,42,0,noise,MÀY DÁM CHƠI VỢ TAO TAO PHẢI GIẾT MÀY, Mày dám chơi và ta ta chạy giúp mày
VIVOSDEV02_T012_snr10,vivos,whisper,small,zero_shot,,42,10,noise,MÀY DÁM CHƠI VỢ TAO TAO PHẢI GIẾT MÀY," Mày dám chơi vợ tao, tao sẽ giết mày."
VIVOSDEV02_T012_snr20,vivos,whisper,small,zero_shot,,42,20,speech,MÀY DÁM CHƠI VỢ TAO TAO PHẢI GIẾT MÀY," Mày dám chơi vợ tao, tao chạy giết mày."
VIVOSDEV02_T012_snr5,vivos,whisper,small,zero_shot,,42,5,noise,MÀY DÁM CHƠI VỢ TAO TAO PHẢI GIẾT MÀY," Mày dám chơi bợ tao, tao chạy giết mày."
VIVOSDEV02_T015_clean,vivos,whisper,small,zero_shot,,42,clean,clean,HẮN CHƠI VỢ ANH THÌ SAO ANH KHÔNG CHƠI VỢ HẮN, Hán chơi vợ ăn thì sao ăn không chơi vợ ăn?
VIVOSDEV02_T015_snr0,vivos,whisper,small,zero_shot,,42,0,noise,HẮN CHƠI VỢ ANH THÌ SAO ANH KHÔNG CHƠI VỢ HẮN, Anh chơi và ăn thì sao ăn không chơi và ăn?
VIVOSDEV02_T015_snr10,vivos,whisper,small,zero_shot,,42,10,music,HẮN CHƠI VỢ ANH THÌ SAO ANH KHÔNG CHƠI VỢ HẮN, Hán chơi vợ ăn thì sao ăn không chơi vợ ăn?
VIVOSDEV02_T015_snr20,vivos,whisper,small,zero_shot,,42,20,music,HẮN CHƠI VỢ ANH THÌ SAO ANH KHÔNG CHƠI VỢ HẮN, Hán chơi vợ ăn thì sao ăn không chơi vợ ăn?
VIVOSDEV02_T015_snr5,vivos,whisper,small,zero_shot,,42,5,noise,HẮN CHƠI VỢ ANH THÌ SAO ANH KHÔNG CHƠI VỢ HẮN, Hán chơi vợ ăn thì sao ăn không chơi vợ ăn?
VIVOSDEV02_T022_clean,vivos,whisper,small,zero_shot,,42,clean,clean,THÁNG TRƯỚC CHỒNG VỀ MẤY NGÀY MÌNH NẰM NGỦ THẤY ẤM KINH KHỦNG, Tháng trước trộn về mấy ngày mình nằm ngủ thấy ấm kiến khủng.
VIVOSDEV02_T022_snr0,vivos,whisper,small,zero_shot,,42,0,noise,THÁNG TRƯỚC CHỒNG VỀ MẤY NGÀY MÌNH NẰM NGỦ THẤY ẤM KINH KHỦNG, Tháng trước chọn về mấy ngày mình nằm ngủ thấy ấm kiên khủng.
VIVOSDEV02_T022_snr10,vivos,whisper,small,zero_shot,,42,10,music,THÁNG TRƯỚC CHỒNG VỀ MẤY NGÀY MÌNH NẰM NGỦ THẤY ẤM KINH KHỦNG, Tháng trước chọn về mấy ngày mình nằm ngủ thấy ấm quyên khủng.
VIVOSDEV02_T022_snr20,vivos,whisper,small,zero_shot,,42,20,noise,THÁNG TRƯỚC CHỒNG VỀ MẤY NGÀY MÌNH NẰM NGỦ THẤY ẤM KINH KHỦNG, Tháng trước chọn về mấy ngày mình nằm ngủ thấy ấm kuyên khủng.
VIVOSDEV02_T022_snr5,vivos,whisper,small,zero_shot,,42,5,speech,THÁNG TRƯỚC CHỒNG VỀ MẤY NGÀY MÌNH NẰM NGỦ THẤY ẤM KINH KHỦNG, Tháng trước chồng về mấy ngày mình nằm ngủ thấy âm kinh thủ.
VIVOSDEV02_T031_clean,vivos,whisper,small,zero_shot,,42,clean,clean,CHO EM GÓP MỘT VIÊN GẠCH, cho em góp một biên gạc.
VIVOSDEV02_T031_snr0,vivos,whisper,small,zero_shot,,42,0,speech,CHO EM GÓP MỘT VIÊN GẠCH, Đã em gặp hộp bình yên kìa.
VIVOSDEV02_T031_snr10,vivos,whisper,small,zero_shot,,42,10,noise,CHO EM GÓP MỘT VIÊN GẠCH, cho em góp một biến dạch.
VIVOSDEV02_T031_snr20,vivos,whisper,small,zero_shot,,42,20,noise,CHO EM GÓP MỘT VIÊN GẠCH, Cho em góp một biên gạc.
VIVOSDEV02_T031_snr5,vivos,whisper,small,zero_shot,,42,5,speech,CHO EM GÓP MỘT VIÊN GẠCH, Cho em góp một biên gác.
VIVOSDEV02_T050_clean,vivos,whisper,small,zero_shot,,42,clean,clean,ANH BỊ ĐẨY TỪ HÀ NỘI VÀO SÀI GÒN, ăn vị đẩy từ Hà Nội và Sài Gòn.
VIVOSDEV02_T050_snr0,vivos,whisper,small,zero_shot,,42,0,music,ANH BỊ ĐẨY TỪ HÀ NỘI VÀO SÀI GÒN, ăn bị nãy từ thàn nội và chảy gòn
VIVOSDEV02_T050_snr10,vivos,whisper,small,zero_shot,,42,10,music,ANH BỊ ĐẨY TỪ HÀ NỘI VÀO SÀI GÒN, ăn bị đẩy từ Hà Nội và Sài Gòn
VIVOSDEV02_T050_snr20,vivos,whisper,small,zero_shot,,42,20,music,ANH BỊ ĐẨY TỪ HÀ NỘI VÀO SÀI GÒN, Ăn bị đẩy từ Hà Nội và Sài Gòn
VIVOSDEV02_T050_snr5,vivos,whisper,small,zero_shot,,42,5,music,ANH BỊ ĐẨY TỪ HÀ NỘI VÀO SÀI GÒN, ăn vị đẩy từ Hà Nội và Sài Gòn
VIVOSDEV03_R007_clean,vivos,whisper,small,zero_shot,,42,clean,clean,MỘT CHUYẾN DU LỊCH DÃ NGOẠI TẠI BÒ CẠP VÀNG, Một chuyến du lịch giã ngoại tại Boca Phan
VIVOSDEV03_R007_snr0,vivos,whisper,small,zero_shot,,42,0,music,MỘT CHUYẾN DU LỊCH DÃ NGOẠI TẠI BÒ CẠP VÀNG, Một chuyến du lịch dã ngoại tại Bo Cà Phan
VIVOSDEV03_R007_snr10,vivos,whisper,small,zero_shot,,42,10,noise,MỘT CHUYẾN DU LỊCH DÃ NGOẠI TẠI BÒ CẠP VÀNG, Một chiến du lịch giã ngoại tại Boca Phan
VIVOSDEV03_R007_snr20,vivos,whisper,small,zero_shot,,42,20,speech,MỘT CHUYẾN DU LỊCH DÃ NGOẠI TẠI BÒ CẠP VÀNG, Một chuyến du lịch giã ngoại tại Boca Phan
VIVOSDEV03_R007_snr5,vivos,whisper,small,zero_shot,,42,5,noise,MỘT CHUYẾN DU LỊCH DÃ NGOẠI TẠI BÒ CẠP VÀNG, Một chuyến du lịch giã ngoại tại Boca Phan
VIVOSDEV03_R010_clean,vivos,whisper,small,zero_shot,,42,clean,clean,ÂM THẦM CHẮT CHIU NUÔI TÔI KHÔN LỚN, âm hầm chắc chiêu nuôi tôi khôm lớn
VIVOSDEV03_R010_snr0,vivos,whisper,small,zero_shot,,42,0,music,ÂM THẦM CHẮT CHIU NUÔI TÔI KHÔN LỚN, âm hầm chắc chiêu nuôi toi khôm lớn
VIVOSDEV03_R010_snr10,vivos,whisper,small,zero_shot,,42,10,noise,ÂM THẦM CHẮT CHIU NUÔI TÔI KHÔN LỚN, âm hầm chắc chiêu nuôi tôi không lớn
VIVOSDEV03_R010_snr20,vivos,whisper,small,zero_shot,,42,20,music,ÂM THẦM CHẮT CHIU NUÔI TÔI KHÔN LỚN, âm hầm chắc chiêu nuôi tôi khôm lớn
VIVOSDEV03_R010_snr5,vivos,whisper,small,zero_shot,,42,5,noise,ÂM THẦM CHẮT CHIU NUÔI TÔI KHÔN LỚN, Anh hầm chắc chịu nuôi tôi khôm lớn
VIVOSDEV03_R020_clean,vivos,whisper,small,zero_shot,,42,clean,clean,BÊN TRONG TRÁI VẢ KHI BỔ RA SẼ RỖNG CHỨ KHÔNG ĐẶC NHƯ TRÁI SUNG, Bên trong trái vả khi bổ ra sẽ rổng chứ không đặt như trái sung.
VIVOSDEV03_R020_snr0,vivos,whisper,small,zero_shot,,42,0,music,BÊN TRONG TRÁI VẢ KHI BỔ RA SẼ RỖNG CHỨ KHÔNG ĐẶC NHƯ TRÁI SUNG, Bên trong trái quả khi bỏ ra thể rõm chương trọng đặc nhiều trái xung.
VIVOSDEV03_R020_snr10,vivos,whisper,small,zero_shot,,42,10,music,BÊN TRONG TRÁI VẢ KHI BỔ RA SẼ RỖNG CHỨ KHÔNG ĐẶC NHƯ TRÁI SUNG, Bên trong trái vả khi bổ ra sẽ rổng chứ không đặt như trái sung.
VIVOSDEV03_R020_snr20,vivos,whisper,small,zero_shot,,42,20,noise,BÊN TRONG TRÁI VẢ KHI BỔ RA SẼ RỖNG CHỨ KHÔNG ĐẶC NHƯ TRÁI SUNG, Bên trong trái vả khi bổ ra sẽ rổng chứ không đặt như trái sung.
VIVOSDEV03_R020_snr5,vivos,whisper,small,zero_shot,,42,5,noise,BÊN TRONG TRÁI VẢ KHI BỔ RA SẼ RỖNG CHỨ KHÔNG ĐẶC NHƯ TRÁI SUNG, bên trong trái bả khi bổ ra sẽ rổng chứ không đặt như trái xung
VIVOSDEV03_R029_clean,vivos,whisper,small,zero_shot,,42,clean,clean,NÊN HAI MỐ CẦU BỊ SỤP ĐẤT KHIẾN LỐI ĐI BỘ QUÁ NGUY HIỂM, nên 2 mố cầu bị dập đất khiến lối đi bộ quá nguy hiểm.
VIVOSDEV03_R029_snr0,vivos,whisper,small,zero_shot,,42,0,speech,NÊN HAI MỐ CẦU BỊ SỤP ĐẤT KHIẾN LỐI ĐI BỘ QUÁ NGUY HIỂM, Nên 2 mô cao bị sập đất khiến lối đi bộ hoàng hủy hệ.
VIVOSDEV03_R029_snr10,vivos,whisper,small,zero_shot,,42,10,speech,NÊN HAI MỐ CẦU BỊ SỤP ĐẤT KHIẾN LỐI ĐI BỘ QUÁ NGUY HIỂM, nên 2 mấu cầu bị sập đất khiến lối đi bộ quá nguy hiểm.
VIVOSDEV03_R029_snr20,vivos,whisper,small,zero_shot,,42,20,speech,NÊN HAI MỐ CẦU BỊ SỤP ĐẤT KHIẾN LỐI ĐI BỘ QUÁ NGUY HIỂM, nên hai mố cầu bị sập đất khiến lối đi bộ quá nguy hiểm.
VIVOSDEV03_R029_snr5,vivos,whisper,small,zero_shot,,42,5,noise,NÊN HAI MỐ CẦU BỊ SỤP ĐẤT KHIẾN LỐI ĐI BỘ QUÁ NGUY HIỂM, nên 2 mấu cầu bị dập đất khiến lối đi bộ quá nguy hiểm
VIVOSDEV03_R041_clean,vivos,whisper,small,zero_shot,,42,clean,clean,LUÔN ỔN ĐỊNH VÀ CÁC XE TRẤU KHÁ NẶNG, luôn ổn định và các xe trấu khá nặng.
VIVOSDEV03_R041_snr0,vivos,whisper,small,zero_shot,,42,0,music,LUÔN ỔN ĐỊNH VÀ CÁC XE TRẤU KHÁ NẶNG, luôn ộng định và các xe trấu khác này
VIVOSDEV03_R041_snr10,vivos,whisper,small,zero_shot,,42,10,noise,LUÔN ỔN ĐỊNH VÀ CÁC XE TRẤU KHÁ NẶNG, luôn ổn định và các xe cháu khá nặng
VIVOSDEV03_R041_snr20,vivos,whisper,small,zero_shot,,42,20,speech,LUÔN ỔN ĐỊNH VÀ CÁC XE TRẤU KHÁ NẶNG, luôn ổn định và các xe trấu khá nặng.
VIVOSDEV03_R041_snr5,vivos,whisper,small,zero_shot,,42,5,noise,LUÔN ỔN ĐỊNH VÀ CÁC XE TRẤU KHÁ NẶNG, luôn ổn định và các xe trấu khá nặng.
VIVOSDEV03_R044_clean,vivos,whisper,small,zero_shot,,42,clean,clean,VÀ KHI HỌ VẠCH TÓC RA, và khi họ bắt tóc ra
VIVOSDEV03_R044_snr0,vivos,whisper,small,zero_shot,,42,0,noise,VÀ KHI HỌ VẠCH TÓC RA, và khi họ bắt tóc ra
VIVOSDEV03_R044_snr10,vivos,whisper,small,zero_shot,,42,10,noise,VÀ KHI HỌ VẠCH TÓC RA, và khi họ bắt tóc ra
VIVOSDEV03_R044_snr20,vivos,whisper,small,zero_shot,,42,20,noise,VÀ KHI HỌ VẠCH TÓC RA, và khi họ bắt tóc ra
VIVOSDEV03_R044_snr5,vivos,whisper,small,zero_shot,,42,5,noise,VÀ KHI HỌ VẠCH TÓC RA, và khi họ bắt tóc ra
VIVOSDEV03_R056_clean,vivos,whisper,small,zero_shot,,42,clean,clean,SƯƠNG MÙ ĐÃ ĐỌNG THÀNH NHỮNG HẠT GIÁ BĂNG, Xương màu đã động thần những hạt giá băng.
VIVOSDEV03_R056_snr0,vivos,whisper,small,zero_shot,,42,0,noise,SƯƠNG MÙ ĐÃ ĐỌNG THÀNH NHỮNG HẠT GIÁ BĂNG, Xương ngù đã động thành những hệ thật băng
VIVOSDEV03_R056_snr10,vivos,whisper,small,zero_shot,,42,10,noise,SƯƠNG MÙ ĐÃ ĐỌNG THÀNH NHỮNG HẠT GIÁ BĂNG, Sưu màu đã động thần những hạt giá băng
VIVOSDEV03_R056_snr20,vivos,whisper,small,zero_shot,,42,20,noise,SƯƠNG MÙ ĐÃ ĐỌNG THÀNH NHỮNG HẠT GIÁ BĂNG, Xương màu đã động thần những hạt giá băng
VIVOSDEV03_R056_snr5,vivos,whisper,small,zero_shot,,42,5,noise,SƯƠNG MÙ ĐÃ ĐỌNG THÀNH NHỮNG HẠT GIÁ BĂNG, Xương màu đã động thần những hạt giá băng
VIVOSDEV03_R061_clean,vivos,whisper,small,zero_shot,,42,clean,clean,LÀ TIẾNG TRỐNG LÂN TÙNG XÈNG VUI TAI, là tiếng trống lâng tùng sẹn vui tai.
VIVOSDEV03_R061_snr0,vivos,whisper,small,zero_shot,,42,0,speech,LÀ TIẾNG TRỐNG LÂN TÙNG XÈNG VUI TAI, là tuyến trống lần tục xe vui tai.
VIVOSDEV03_R061_snr10,vivos,whisper,small,zero_shot,,42,10,speech,LÀ TIẾNG TRỐNG LÂN TÙNG XÈNG VUI TAI, là chuyến trống lân tùng sạng vui tai.
VIVOSDEV03_R061_snr20,vivos,whisper,small,zero_shot,,42,20,music,LÀ TIẾNG TRỐNG LÂN TÙNG XÈNG VUI TAI, là tiếng trống lâng tùng sạng vui tai.
VIVOSDEV03_R061_snr5,vivos,whisper,small,zero_shot,,42,5,music,LÀ TIẾNG TRỐNG LÂN TÙNG XÈNG VUI TAI, là tuyến trống lân tùng sạng vui tai
VIVOSDEV03_R082_clean,vivos,whisper,small,zero_shot,,42,clean,clean,GHÉP CÀNH MAI GIẢO VÀO THÂN CỔ THỤ CHO HOA CÁNH LỚN, Gép cành mai giảo vào thân cổ thụ cho hoa cánh lớn.
VIVOSDEV03_R082_snr0,vivos,whisper,small,zero_shot,,42,0,music,GHÉP CÀNH MAI GIẢO VÀO THÂN CỔ THỤ CHO HOA CÁNH LỚN, Giết cặp mai gião vào thân cổ thụ cho hoa cánh lớn
VIVOSDEV03_R082_snr10,vivos,whisper,small,zero_shot,,42,10,speech,GHÉP CÀNH MAI GIẢO VÀO THÂN CỔ THỤ CHO HOA CÁNH LỚN, Gép cành mai giảo vào thân cổ thụ cho hoa cánh lớn.
VIVOSDEV03_R082_snr20,vivos,whisper,small,zero_shot,,42,20,noise,GHÉP CÀNH MAI GIẢO VÀO THÂN CỔ THỤ CHO HOA CÁNH LỚN, Gép cành mai giảo vào thân cổ thụ cho hoa cánh lớn.
VIVOSDEV03_R082_snr5,vivos,whisper,small,zero_shot,,42,5,noise,GHÉP CÀNH MAI GIẢO VÀO THÂN CỔ THỤ CHO HOA CÁNH LỚN, Gép cành mai giảo vào thân cổ thụ cho hoa cánh lớn
VIVOSDEV03_R092_clean,vivos,whisper,small,zero_shot,,42,clean,clean,ĐỂ CHỌN MÁY IN CHO PHÙ HỢP, để chọn máy in cho phù hợp.
VIVOSDEV03_R092_snr0,vivos,whisper,small,zero_shot,,42,0,music,ĐỂ CHỌN MÁY IN CHO PHÙ HỢP, để chọn máy ít cho vô hỏi
VIVOSDEV03_R092_snr10,vivos,whisper,small,zero_shot,,42,10,speech,ĐỂ CHỌN MÁY IN CHO PHÙ HỢP, Để chọn máy anh cho phù hợp.
VIVOSDEV03_R092_snr20,vivos,whisper,small,zero_shot,,42,20,music,ĐỂ CHỌN MÁY IN CHO PHÙ HỢP, để chọn máy in cho phù hợp.
VIVOSDEV03_R092_snr5,vivos,whisper,small,zero_shot,,42,5,noise,ĐỂ CHỌN MÁY IN CHO PHÙ HỢP, Để chọn máy in cho phù hợp.
VIVOSDEV03_R113_clean,vivos,whisper,small,zero_shot,,42,clean,clean,VÌ BẠN CÓ THỂ LẢY CÒ TỪNG PHÁT MỘT, Vì bạn có thể lấy cò từng phát mọc.
VIVOSDEV03_R113_snr0,vivos,whisper,small,zero_shot,,42,0,noise,VÌ BẠN CÓ THỂ LẢY CÒ TỪNG PHÁT MỘT, Vì bạn có thể lấy con từng thật
VIVOSDEV03_R113_snr10,vivos,whisper,small,zero_shot,,42,10,music,VÌ BẠN CÓ THỂ LẢY CÒ TỪNG PHÁT MỘT, Vì bạn có thể lấy cò từng phát mọc.
VIVOSDEV03_R113_snr20,vivos,whisper,small,zero_shot,,42,20,music,VÌ BẠN CÓ THỂ LẢY CÒ TỪNG PHÁT MỘT, Vì bạn có thể lấy cò từng phát mọc.
VIVOSDEV03_R113_snr5,vivos,whisper,small,zero_shot,,42,5,noise,VÌ BẠN CÓ THỂ LẢY CÒ TỪNG PHÁT MỘT, Vì bạn có thể lấy co từng phép 1
VIVOSDEV03_R117_clean,vivos,whisper,small,zero_shot,,42,clean,clean,VAI TRÒ CỦA CHẾ ĐỘ DINH DƯỠNG, vai trò của chế độ dinh dưỡng.
VIVOSDEV03_R117_snr0,vivos,whisper,small,zero_shot,,42,0,speech,VAI TRÒ CỦA CHẾ ĐỘ DINH DƯỠNG, Quay trò của chế đấu dịch dự.
VIVOSDEV03_R117_snr10,vivos,whisper,small,zero_shot,,42,10,noise,VAI TRÒ CỦA CHẾ ĐỘ DINH DƯỠNG, vai trò của chế độ dinh dưỡng
VIVOSDEV03_R117_snr20,vivos,whisper,small,zero_shot,,42,20,speech,VAI TRÒ CỦA CHẾ ĐỘ DINH DƯỠNG, vai trò của chế độ dinh dưỡng.
VIVOSDEV03_R117_snr5,vivos,whisper,small,zero_shot,,42,5,music,VAI TRÒ CỦA CHẾ ĐỘ DINH DƯỠNG, vai trò của chế độ chính dưỡng
VIVOSDEV03_R119_clean,vivos,whisper,small,zero_shot,,42,clean,clean,KHÔNG HIỂU SAO, Không hiểu sao.
VIVOSDEV03_R119_snr0,vivos,whisper,small,zero_shot,,42,0,speech,KHÔNG HIỂU SAO, Tông hiểu sao?
VIVOSDEV03_R119_snr10,vivos,whisper,small,zero_shot,,42,10,music,KHÔNG HIỂU SAO, Không hiểu sao?
VIVOSDEV03_R119_snr20,vivos,whisper,small,zero_shot,,42,20,speech,KHÔNG HIỂU SAO, Không hiểu sao.
VIVOSDEV03_R119_snr5,vivos,whisper,small,zero_shot,,42,5,speech,KHÔNG HIỂU SAO, Không hiểu sao
VIVOSDEV03_R120_clean,vivos,whisper,small,zero_shot,,42,clean,clean,KHIẾN PHỤ HUYNH HIỂU NHẦM, khiến phụ huynh hiểu nhầm.
VIVOSDEV03_R120_snr0,vivos,whisper,small,zero_shot,,42,0,speech,KHIẾN PHỤ HUYNH HIỂU NHẦM," Khi mà phổ huân hiểu nhạm bữa xa mết,"
VIVOSDEV03_R120_snr10,vivos,whisper,small,zero_shot,,42,10,noise,KHIẾN PHỤ HUYNH HIỂU NHẦM, khiến phụ huynh hiểu nhầm.
VIVOSDEV03_R120_snr20,vivos,whisper,small,zero_shot,,42,20,music,KHIẾN PHỤ HUYNH HIỂU NHẦM, khiến phụ huynh hiểu nhầm.
VIVOSDEV03_R120_snr5,vivos,whisper,small,zero_shot,,42,5,noise,KHIẾN PHỤ HUYNH HIỂU NHẦM, Kiến phủ huynh hiểu nhầm
VIVOSDEV03_R125_clean,vivos,whisper,small,zero_shot,,42,clean,clean,MỖI KHI CƠN GIÓ ĐẾN, Mỗi khi cần gió đến.
VIVOSDEV03_R125_snr0,vivos,whisper,small,zero_shot,,42,0,noise,MỖI KHI CƠN GIÓ ĐẾN, Mỏi khi cơc vô nên
VIVOSDEV03_R125_snr10,vivos,whisper,small,zero_shot,,42,10,speech,MỖI KHI CƠN GIÓ ĐẾN, Mỗi khi cơn gió đến.
VIVOSDEV03_R125_snr20,vivos,whisper,small,zero_shot,,42,20,noise,MỖI KHI CƠN GIÓ ĐẾN, Mỗi khi cần gió đến.
VIVOSDEV03_R125_snr5,vivos,whisper,small,zero_shot,,42,5,noise,MỖI KHI CƠN GIÓ ĐẾN, Mỗi khi cần gió đến.
VIVOSDEV03_R142_clean,vivos,whisper,small,zero_shot,,42,clean,clean,TRONG TƯ THẾ PHI NGỰA CHỒM LÊN, Trong tư thế phi ngửa chồng lên.
VIVOSDEV03_R142_snr0,vivos,whisper,small,zero_shot,,42,0,noise,TRONG TƯ THẾ PHI NGỰA CHỒM LÊN, Trong tư thế phi ngửa chồng lên
VIVOSDEV03_R142_snr10,vivos,whisper,small,zero_shot,,42,10,music,TRONG TƯ THẾ PHI NGỰA CHỒM LÊN, Trong tư thế phi ngửa chồng lên
VIVOSDEV03_R142_snr20,vivos,whisper,small,zero_shot,,42,20,noise,TRONG TƯ THẾ PHI NGỰA CHỒM LÊN, Trong tư thế phi ngửa chồng lên
VIVOSDEV03_R142_snr5,vivos,whisper,small,zero_shot,,42,5,speech,TRONG TƯ THẾ PHI NGỰA CHỒM LÊN, trong tư thế phiên ngựa chầm lên.
VIVOSDEV03_R144_clean,vivos,whisper,small,zero_shot,,42,clean,clean,MÀ CŨNG ĐẦY THANH KHIẾT, mà cũng đầy thanh khích.
VIVOSDEV03_R144_snr0,vivos,whisper,small,zero_shot,,42,0,noise,MÀ CŨNG ĐẦY THANH KHIẾT, mà cũng đầy thân khít
VIVOSDEV03_R144_snr10,vivos,whisper,small,zero_shot,,42,10,music,MÀ CŨNG ĐẦY THANH KHIẾT, mà cũng đầy thân khít.
VIVOSDEV03_R144_snr20,vivos,whisper,small,zero_shot,,42,20,noise,MÀ CŨNG ĐẦY THANH KHIẾT, mà cũng đầy thân khít.
VIVOSDEV03_R144_snr5,vivos,whisper,small,zero_shot,,42,5,noise,MÀ CŨNG ĐẦY THANH KHIẾT, mà cũng đầy thân khích.
VIVOSDEV03_R149_clean,vivos,whisper,small,zero_shot,,42,clean,clean,BÀ CON CHÒM XÓM, Và con chồng sớm!
VIVOSDEV03_R149_snr0,vivos,whisper,small,zero_shot,,42,0,speech,BÀ CON CHÒM XÓM," Vì hôm nay, hãy đón tìm thêm video của mình."
VIVOSDEV03_R149_snr10,vivos,whisper,small,zero_shot,,42,10,speech,BÀ CON CHÒM XÓM, Mà con chồng sớm.
VIVOSDEV03_R149_snr20,vivos,whisper,small,zero_shot,,42,20,noise,BÀ CON CHÒM XÓM, Bà con chồng sớm
VIVOSDEV03_R149_snr5,vivos,whisper,small,zero_shot,,42,5,speech,BÀ CON CHÒM XÓM, Mà con chăm sóc.
VIVOSDEV03_R156_clean,vivos,whisper,small,zero_shot,,42,clean,clean,ĐÂY LÀ MỨC LÃI SUẤT THẤP NHẤT QUA CÁC PHIÊN ĐẤU THẦU, Đây là mức lại xuất thấp nhắc qua các phiên đấu hầu
VIVOSDEV03_R156_snr0,vivos,whisper,small,zero_shot,,42,0,music,ĐÂY LÀ MỨC LÃI SUẤT THẤP NHẤT QUA CÁC PHIÊN ĐẤU THẦU, Đây là mức lại xuất thấp nhất qua các phiên đấu hầu.
VIVOSDEV03_R156_snr10,vivos,whisper,small,zero_shot,,42,10,music,ĐÂY LÀ MỨC LÃI SUẤT THẤP NHẤT QUA CÁC PHIÊN ĐẤU THẦU, đây là mức lại xuất thấp nhắc qua các phiên đấu hầu
VIVOSDEV03_R156_snr20,vivos,whisper,small,zero_shot,,42,20,music,ĐÂY LÀ MỨC LÃI SUẤT THẤP NHẤT QUA CÁC PHIÊN ĐẤU THẦU, Đây là mức lại xuất thấp nhắc qua các phiên đấu hầu
VIVOSDEV03_R156_snr5,vivos,whisper,small,zero_shot,,42,5,noise,ĐÂY LÀ MỨC LÃI SUẤT THẤP NHẤT QUA CÁC PHIÊN ĐẤU THẦU, Đây là mức lãi xuất thấp nhất qua các phiên đấu hầu.
VIVOSDEV03_R160_clean,vivos,whisper,small,zero_shot,,42,clean,clean,DỌC HAI BÊN SÔNG NGÀN SÂU, Dọc 2 bên xong ngàn sau
VIVOSDEV03_R160_snr0,vivos,whisper,small,zero_shot,,42,0,music,DỌC HAI BÊN SÔNG NGÀN SÂU, dọc hai bên xong ngàn xong
VIVOSDEV03_R160_snr10,vivos,whisper,small,zero_shot,,42,10,noise,DỌC HAI BÊN SÔNG NGÀN SÂU, dọc hai bên xong ngàn sau
VIVOSDEV03_R160_snr20,vivos,whisper,small,zero_shot,,42,20,noise,DỌC HAI BÊN SÔNG NGÀN SÂU, dọc 2 bên xong ngàn sau
VIVOSDEV03_R160_snr5,vivos,whisper,small,zero_shot,,42,5,music,DỌC HAI BÊN SÔNG NGÀN SÂU, Dọc 2 bên xong ngàn sau
VIVOSDEV03_R182_clean,vivos,whisper,small,zero_shot,,42,clean,clean,MỘT KẾ HOẠCH TƯƠNG TỰ ĐƯỢC ÁP DỤNG Ở ANH, Một kế hoạch tương tự được áp dụng ở anh
VIVOSDEV03_R182_snr0,vivos,whisper,small,zero_shot,,42,0,noise,MỘT KẾ HOẠCH TƯƠNG TỰ ĐƯỢC ÁP DỤNG Ở ANH, Một cái mặt xương tội được áp dụng
VIVOSDEV03_R182_snr10,vivos,whisper,small,zero_shot,,42,10,music,MỘT KẾ HOẠCH TƯƠNG TỰ ĐƯỢC ÁP DỤNG Ở ANH, Một kế hoạch tương tự được áp dụng ở anh
VIVOSDEV03_R182_snr20,vivos,whisper,small,zero_shot,,42,20,music,MỘT KẾ HOẠCH TƯƠNG TỰ ĐƯỢC ÁP DỤNG Ở ANH, Một kế hoạch tương tự được áp dụng ở anh
VIVOSDEV03_R182_snr5,vivos,whisper,small,zero_shot,,42,5,music,MỘT KẾ HOẠCH TƯƠNG TỰ ĐƯỢC ÁP DỤNG Ở ANH, Một kế hoạch tương tự được áp dụng ở Anh
VIVOSDEV03_R191_clean,vivos,whisper,small,zero_shot,,42,clean,clean,CỠI NGỰA ĐI THI, Cảm ơn các bạn đã đón tìm thấy mình đã thay đổi.
VIVOSDEV03_R191_snr0,vivos,whisper,small,zero_shot,,42,0,speech,CỠI NGỰA ĐI THI," Đi nào, anh em."
VIVOSDEV03_R191_snr10,vivos,whisper,small,zero_shot,,42,10,noise,CỠI NGỰA ĐI THI, Cảm ơn các bạn đã đón tìm thấy mình đã thay đổi.
VIVOSDEV03_R191_snr20,vivos,whisper,small,zero_shot,,42,20,music,CỠI NGỰA ĐI THI, Cảnh ngựa đi thi
VIVOSDEV03_R191_snr5,vivos,whisper,small,zero_shot,,42,5,noise,CỠI NGỰA ĐI THI, Cẩy ngựa đi thi
VIVOSDEV03_R193_clean,vivos,whisper,small,zero_shot,,42,clean,clean,ÔI DÀO, Oh yeah
VIVOSDEV03_R193_snr0,vivos,whisper,small,zero_shot,,42,0,music,ÔI DÀO, Oh yeah
VIVOSDEV03_R193_snr10,vivos,whisper,small,zero_shot,,42,10,noise,ÔI DÀO, Oh yeah
VIVOSDEV03_R193_snr20,vivos,whisper,small,zero_shot,,42,20,noise,ÔI DÀO, Oh yeah
VIVOSDEV03_R193_snr5,vivos,whisper,small,zero_shot,,42,5,noise,ÔI DÀO, Oh yeah
VIVOSDEV03_R198_clean,vivos,whisper,small,zero_shot,,42,clean,clean,RỒI ĐI KHẮP NƠI TÌM THẦY CHỮA BỆNH CHO ANH, Rồi đi khắp nơi tìm hài chữ bệnh cho anh.
VIVOSDEV03_R198_snr0,vivos,whisper,small,zero_shot,,42,0,speech,RỒI ĐI KHẮP NƠI TÌM THẦY CHỮA BỆNH CHO ANH, Chúng ta không nói tìm hay chứ bắt cho anh.
VIVOSDEV03_R198_snr10,vivos,whisper,small,zero_shot,,42,10,speech,RỒI ĐI KHẮP NƠI TÌM THẦY CHỮA BỆNH CHO ANH," Rồi đi khắp nơi, tiền hài chữ bệnh cho anh."
VIVOSDEV03_R198_snr20,vivos,whisper,small,zero_shot,,42,20,noise,RỒI ĐI KHẮP NƠI TÌM THẦY CHỮA BỆNH CHO ANH, Rồi đi khắp nơi tìm hài chữ bệnh cho anh
VIVOSDEV03_R198_snr5,vivos,whisper,small,zero_shot,,42,5,noise,RỒI ĐI KHẮP NƠI TÌM THẦY CHỮA BỆNH CHO ANH, Rồi đi khắp nơi tìm hày chữ bệnh cho anh.
VIVOSDEV03_T009_clean,vivos,whisper,small,zero_shot,,42,clean,clean,BÁC ĐANG SUY NGHĨ GÌ THẾ, Mà đang suy nghĩ gì thế?
VIVOSDEV03_T009_snr0,vivos,whisper,small,zero_shot,,42,0,music,BÁC ĐANG SUY NGHĨ GÌ THẾ, Mà đang suy nghĩ gì thế?
VIVOSDEV03_T009_snr10,vivos,whisper,small,zero_shot,,42,10,noise,BÁC ĐANG SUY NGHĨ GÌ THẾ, Quá đang suy nghĩ gì thế?
VIVOSDEV03_T009_snr20,vivos,whisper,small,zero_shot,,42,20,speech,BÁC ĐANG SUY NGHĨ GÌ THẾ, Chúng ta đang xử nghĩ gì thế?
VIVOSDEV03_T009_snr5,vivos,whisper,small,zero_shot,,42,5,speech,BÁC ĐANG SUY NGHĨ GÌ THẾ, Mình đang suy nghĩ gì thấy?
VIVOSDEV03_T017_clean,vivos,whisper,small,zero_shot,,42,clean,clean,BÁC VẪN CHƯA TRẢ TIỀN CHO TÔI ĐÂY NHÉ, Bác vẫn chưa đã tiền cho tôi đấy nhé
VIVOSDEV03_T017_snr0,vivos,whisper,small,zero_shot,,42,0,noise,BÁC VẪN CHƯA TRẢ TIỀN CHO TÔI ĐÂY NHÉ, Mà vẫn chưa đã tiền cho tôi đấy nhé
VIVOSDEV03_T017_snr10,vivos,whisper,small,zero_shot,,42,10,speech,BÁC VẪN CHƯA TRẢ TIỀN CHO TÔI ĐÂY NHÉ, Bác vẫn chưa đã tiền cho tôi đây nhé.
VIVOSDEV03_T017_snr20,vivos,whisper,small,zero_shot,,42,20,noise,BÁC VẪN CHƯA TRẢ TIỀN CHO TÔI ĐÂY NHÉ, Bác vẫn chưa đã tiền cho tôi đấy nhé
VIVOSDEV03_T017_snr5,vivos,whisper,small,zero_shot,,42,5,noise,BÁC VẪN CHƯA TRẢ TIỀN CHO TÔI ĐÂY NHÉ, Bác vẫn chưa rả tiền cho tôi đây nhé
VIVOSDEV03_T018_clean,vivos,whisper,small,zero_shot,,42,clean,clean,TÔI ĐANG BẬN HỌP, Tôi đang bận hợp.
VIVOSDEV03_T018_snr0,vivos,whisper,small,zero_shot,,42,0,music,TÔI ĐANG BẬN HỌP, Tôi đang bận hộp
VIVOSDEV03_T018_snr10,vivos,whisper,small,zero_shot,,42,10,music,TÔI ĐANG BẬN HỌP, tôi đang bệnh hả?
VIVOSDEV03_T018_snr20,vivos,whisper,small,zero_shot,,42,20,music,TÔI ĐANG BẬN HỌP, Tôi đang bận hợp.
VIVOSDEV03_T018_snr5,vivos,whisper,small,zero_shot,,42,5,noise,TÔI ĐANG BẬN HỌP, Tôi đang bận hợp
VIVOSDEV03_T041_clean,vivos,whisper,small,zero_shot,,42,clean,clean,CON CHÓ LỦI THỦI ĐI THEO CHỦ NÓ, Con chó lửa thủ đi theo chủ nó
VIVOSDEV03_T041_snr0,vivos,whisper,small,zero_shot,,42,0,noise,CON CHÓ LỦI THỦI ĐI THEO CHỦ NÓ," Bây giờ, bây giờ, bây giờ, bây giờ, bây giờ, bây giờ, bây giờ, bây giờ, bây giờ, bây giờ, bây giờ, bây giờ, bây giờ, bây giờ, bây giờ, bây giờ, bây giờ, bây giờ, bây giờ, bây giờ, bây giờ, bây giờ, bây giờ, bây giờ, bây giờ, bây giờ, bây giờ, bây giờ, bây giờ, bây giờ, bây giờ, bây giờ,"
VIVOSDEV03_T041_snr10,vivos,whisper,small,zero_shot,,42,10,music,CON CHÓ LỦI THỦI ĐI THEO CHỦ NÓ, Con chó lửa thủ đi theo chủ nó
VIVOSDEV03_T041_snr20,vivos,whisper,small,zero_shot,,42,20,noise,CON CHÓ LỦI THỦI ĐI THEO CHỦ NÓ, Con chó lửa thủy đi theo chủ nó
VIVOSDEV03_T041_snr5,vivos,whisper,small,zero_shot,,42,5,noise,CON CHÓ LỦI THỦI ĐI THEO CHỦ NÓ, Con chó lửa thủ đi theo chủ nó
VIVOSDEV04_R002_clean,vivos,whisper,small,zero_shot,,42,clean,clean,ĐÓ CŨNG LÀ ĐỘNG LỰC THÚC ĐẨY TÔI, Đó cũng là động lực thúc để tôi
VIVOSDEV04_R002_snr0,vivos,whisper,small,zero_shot,,42,0,speech,ĐÓ CŨNG LÀ ĐỘNG LỰC THÚC ĐẨY TÔI, Đó cũng là động lực thúc để tôi
VIVOSDEV04_R002_snr10,vivos,whisper,small,zero_shot,,42,10,noise,ĐÓ CŨNG LÀ ĐỘNG LỰC THÚC ĐẨY TÔI, Đó cũng là động lực thúc để tôi
VIVOSDEV04_R002_snr20,vivos,whisper,small,zero_shot,,42,20,noise,ĐÓ CŨNG LÀ ĐỘNG LỰC THÚC ĐẨY TÔI, Đó cũng là động lực thúc để tôi
VIVOSDEV04_R002_snr5,vivos,whisper,small,zero_shot,,42,5,noise,ĐÓ CŨNG LÀ ĐỘNG LỰC THÚC ĐẨY TÔI, Đó cũng là động lực thúc để tôi
VIVOSDEV04_R004_clean,vivos,whisper,small,zero_shot,,42,clean,clean,ĐÔI KHI BẠN CŨNG CÓ THỂ LÀM NHỮNG ĐIỀU ĐÓ, Đâu khi bạn cũng có thể làm những điều đó.
VIVOSDEV04_R004_snr0,vivos,whisper,small,zero_shot,,42,0,noise,ĐÔI KHI BẠN CŨNG CÓ THỂ LÀM NHỮNG ĐIỀU ĐÓ, Đâu khi bạn cũng có thể làm những điều đó.
VIVOSDEV04_R004_snr10,vivos,whisper,small,zero_shot,,42,10,speech,ĐÔI KHI BẠN CŨNG CÓ THỂ LÀM NHỮNG ĐIỀU ĐÓ, Đôi khi bạn cũng có thể làm những biểu đó.
VIVOSDEV04_R004_snr20,vivos,whisper,small,zero_shot,,42,20,noise,ĐÔI KHI BẠN CŨNG CÓ THỂ LÀM NHỮNG ĐIỀU ĐÓ, Đôi khi bạn cũng có thể làm những điều đó.
VIVOSDEV04_R004_snr5,vivos,whisper,small,zero_shot,,42,5,noise,ĐÔI KHI BẠN CŨNG CÓ THỂ LÀM NHỮNG ĐIỀU ĐÓ, Đôi khi bạn cũng có thể làm những điều đó.
VIVOSDEV04_R008_clean,vivos,whisper,small,zero_shot,,42,clean,clean,NHỮNG NGÀY ĐẦU VẮNG BÓNG BA VIỆT CỨ THỪ NGƯỜI NGHĨ NGỢI, Những ngày đầu vén bóng ba miệng cứ thử người nghĩ ngợi.
VIVOSDEV04_R008_snr0,vivos,whisper,small,zero_shot,,42,0,noise,NHỮNG NGÀY ĐẦU VẮNG BÓNG BA VIỆT CỨ THỪ NGƯỜI NGHĨ NGỢI, Những ngày đầu vén vóng 3.1 cứ thử người nghĩ rồi
VIVOSDEV04_R008_snr10,vivos,whisper,small,zero_shot,,42,10,noise,NHỮNG NGÀY ĐẦU VẮNG BÓNG BA VIỆT CỨ THỪ NGƯỜI NGHĨ NGỢI, Những ngày đầu ván bóng 3 miệng cứ thử người nghĩ ngợi.
VIVOSDEV04_R008_snr20,vivos,whisper,small,zero_shot,,42,20,music,NHỮNG NGÀY ĐẦU VẮNG BÓNG BA VIỆT CỨ THỪ NGƯỜI NGHĨ NGỢI, Những ngày đầu vén bóng ba miệng cứ thử người nghĩ ngợi.
VIVOSDEV04_R008_snr5,vivos,whisper,small,zero_shot,,42,5,noise,NHỮNG NGÀY ĐẦU VẮNG BÓNG BA VIỆT CỨ THỪ NGƯỜI NGHĨ NGỢI, Những ngày đầu vén bóng 3 miệng cứ thử người nghĩ ngợi.
VIVOSDEV04_R010_clean,vivos,whisper,small,zero_shot,,42,clean,clean,CON NHỎ MỞ CÁI TÚI GÚT ĐEO TRÊN CỔ, Con nhỏ mở cái tuyết rút đeo trên cổ.
VIVOSDEV04_R010_snr0,vivos,whisper,small,zero_shot,,42,0,music,CON NHỎ MỞ CÁI TÚI GÚT ĐEO TRÊN CỔ, Con nhỏ mở cái túi uống đều trên cổ.
VIVOSDEV04_R010_snr10,vivos,whisper,small,zero_shot,,42,10,speech,CON NHỎ MỞ CÁI TÚI GÚT ĐEO TRÊN CỔ, con nhỏ mở cái tuy uống đeo trên cổ.
VIVOSDEV04_R010_snr20,vivos,whisper,small,zero_shot,,42,20,noise,CON NHỎ MỞ CÁI TÚI GÚT ĐEO TRÊN CỔ, Con nhỏ mở cái tuyết uống đeo trên cổ.
VIVOSDEV04_R010_snr5,vivos,whisper,small,zero_shot,,42,5,noise,CON NHỎ MỞ CÁI TÚI GÚT ĐEO TRÊN CỔ, Con nhỏ mở cái tuyết rúc đều trên cổ.
VIVOSDEV04_R023_clean,vivos,whisper,small,zero_shot,,42,clean,clean,CHÍNH BÀ CŨNG LÀ NGƯỜI NUNG NẤU NIỀM ĐAM MÊ DIỄN XUẤT CỦA CÔ CON GÁI, Chính bà cũng là người nung nấu niềm đam mê diễn sức của cô con gái.
VIVOSDEV04_R023_snr0,vivos,whisper,small,zero_shot,,42,0,music,CHÍNH BÀ CŨNG LÀ NGƯỜI NUNG NẤU NIỀM ĐAM MÊ DIỄN XUẤT CỦA CÔ CON GÁI, Chính bà cũng là người đung nấu niềm đam mê dĩ sức của cô con gái.
VIVOSDEV04_R023_snr10,vivos,whisper,small,zero_shot,,42,10,music,CHÍNH BÀ CŨNG LÀ NGƯỜI NUNG NẤU NIỀM ĐAM MÊ DIỄN XUẤT CỦA CÔ CON GÁI, Chính bà cũng là người nung nấu niềm đam mê diễn sức của cô con gái.
VIVOSDEV04_R023_snr20,vivos,whisper,small,zero_shot,,42,20,noise,CHÍNH BÀ CŨNG LÀ NGƯỜI NUNG NẤU NIỀM ĐAM MÊ DIỄN XUẤT CỦA CÔ CON GÁI, Chính bà cũng là người nung nấu niềm đam mê diễn sức của cô con gái.
VIVOSDEV04_R023_snr5,vivos,whisper,small,zero_shot,,42,5,noise,CHÍNH BÀ CŨNG LÀ NGƯỜI NUNG NẤU NIỀM ĐAM MÊ DIỄN XUẤT CỦA CÔ CON GÁI, Chính bà cũng là người nung nấu niềm đam mê diễn sức của cô con gái.
VIVOSDEV04_R047_clean,vivos,whisper,small,zero_shot,,42,clean,clean,NHÓM SINH VIÊN TẠI TRƯỜNG CÙNG HỌP MẶT ĂN TẾT CHUNG, Nhóm sinh viên tại trường cùng hợp mặt an tích chung.
VIVOSDEV04_R047_snr0,vivos,whisper,small,zero_shot,,42,0,music,NHÓM SINH VIÊN TẠI TRƯỜNG CÙNG HỌP MẶT ĂN TẾT CHUNG, Nhóm sinh viên tại trường cùng học mặt an tích chung.
VIVOSDEV04_R047_snr10,vivos,whisper,small,zero_shot,,42,10,noise,NHÓM SINH VIÊN TẠI TRƯỜNG CÙNG HỌP MẶT ĂN TẾT CHUNG, Nhóm sinh viên tại trường cùng học mặt ăn tích chung.
VIVOSDEV04_R047_snr20,vivos,whisper,small,zero_shot,,42,20,speech,NHÓM SINH VIÊN TẠI TRƯỜNG CÙNG HỌP MẶT ĂN TẾT CHUNG, nhóm sinh viên tại trường cùng hợp mặt an tích chung.
VIVOSDEV04_R047_snr5,vivos,whisper,small,zero_shot,,42,5,music,NHÓM SINH VIÊN TẠI TRƯỜNG CÙNG HỌP MẶT ĂN TẾT CHUNG, Nhóm sinh viên tại trường cùng hợp mặt an tích chung.
VIVOSDEV04_R049_clean,vivos,whisper,small,zero_shot,,42,clean,clean,VÌ TỐI ĐÓ, Vậy tới đó!
VIVOSDEV04_R049_snr0,vivos,whisper,small,zero_shot,,42,0,music,VÌ TỐI ĐÓ, Vì so đẹp
VIVOSDEV04_R049_snr10,vivos,whisper,small,zero_shot,,42,10,speech,VÌ TỐI ĐÓ," V, tối đo."
VIVOSDEV04_R049_snr20,vivos,whisper,small,zero_shot,,42,20,noise,VÌ TỐI ĐÓ, Vậy tạo ra
VIVOSDEV04_R049_snr5,vivos,whisper,small,zero_shot,,42,5,music,VÌ TỐI ĐÓ, Vậy tới đó.
VIVOSDEV04_R051_clean,vivos,whisper,small,zero_shot,,42,clean,clean,RẠCH BÀU MỚP, Rắc bao mướp
VIVOSDEV04_R051_snr0,vivos,whisper,small,zero_shot,,42,0,music,RẠCH BÀU MỚP, Giặc bao lúc
VIVOSDEV04_R051_snr10,vivos,whisper,small,zero_shot,,42,10,music,RẠCH BÀU MỚP, Rắc bao mướp
VIVOSDEV04_R051_snr20,vivos,whisper,small,zero_shot,,42,20,noise,RẠCH BÀU MỚP, Rắc bao mướp
VIVOSDEV04_R051_snr5,vivos,whisper,small,zero_shot,,42,5,noise,RẠCH BÀU MỚP, Rắc bão mướt
VIVOSDEV04_R081_clean,vivos,whisper,small,zero_shot,,42,clean,clean,VÀ TÔI THẤY HOA VẠN THỌ VÀNG ƯƠM, Và tôi thấy hوا vang thỏ và ngâm.
VIVOSDEV04_R081_snr0,vivos,whisper,small,zero_shot,,42,0,music,VÀ TÔI THẤY HOA VẠN THỌ VÀNG ƯƠM," Và đôi thấy, quà vòng hò, vòng hơm."
VIVOSDEV04_R081_snr10,vivos,whisper,small,zero_shot,,42,10,noise,VÀ TÔI THẤY HOA VẠN THỌ VÀNG ƯƠM, Và tôi thấy qua bảng thỏ vàng ơn.
VIVOSDEV04_R081_snr20,vivos,whisper,small,zero_shot,,42,20,music,VÀ TÔI THẤY HOA VẠN THỌ VÀNG ƯƠM, Và tôi thấy qua vang thỏ vàng ơn.
VIVOSDEV04_R081_snr5,vivos,whisper,small,zero_shot,,42,5,noise,VÀ TÔI THẤY HOA VẠN THỌ VÀNG ƯƠM, Và đôi thấy qua vang thỏ vàng ơn.
VIVOSDEV04_R089_clean,vivos,whisper,small,zero_shot,,42,clean,clean,NGỦ TRÊN NỆM KHÔNG PHÙ HỢP, Ngủ tình nềm không phù hợp.
VIVOSDEV04_R089_snr0,vivos,whisper,small,zero_shot,,42,0,music,NGỦ TRÊN NỆM KHÔNG PHÙ HỢP," Ôu tình nếm, không phù hợp."
VIVOSDEV04_R089_snr10,vivos,whisper,small,zero_shot,,42,10,noise,NGỦ TRÊN NỆM KHÔNG PHÙ HỢP, Lũ tình ném không phù hợp.
VIVOSDEV04_R089_snr20,vivos,whisper,small,zero_shot,,42,20,noise,NGỦ TRÊN NỆM KHÔNG PHÙ HỢP," Nóu tình nèm, không phù hợp."
VIVOSDEV04_R089_snr5,vivos,whisper,small,zero_shot,,42,5,music,NGỦ TRÊN NỆM KHÔNG PHÙ HỢP, Ủa trang nèm không phù hợp.
VIVOSDEV04_R092_clean,vivos,whisper,small,zero_shot,,42,clean,clean,BỊ CÁC CÔ GÁI BAO VÂY RÁO RIẾT, bị có cô gái bao vầy rau riết.
VIVOSDEV04_R092_snr0,vivos,whisper,small,zero_shot,,42,0,speech,BỊ CÁC CÔ GÁI BAO VÂY RÁO RIẾT," Mấy cơ cố gái, bảo vệ, đúng rồi."
VIVOSDEV04_R092_snr10,vivos,whisper,small,zero_shot,,42,10,noise,BỊ CÁC CÔ GÁI BAO VÂY RÁO RIẾT, bị cất cô gái bao vầy rau riết
VIVOSDEV04_R092_snr20,vivos,whisper,small,zero_shot,,42,20,speech,BỊ CÁC CÔ GÁI BAO VÂY RÁO RIẾT, bị cất cô gái bao vầy rau riết.
VIVOSDEV04_R092_snr5,vivos,whisper,small,zero_shot,,42,5,noise,BỊ CÁC CÔ GÁI BAO VÂY RÁO RIẾT, bị cất cô gái bò vầy rau vết
VIVOSDEV04_R095_clean,vivos,whisper,small,zero_shot,,42,clean,clean,TRƠ TRỌI GIỮA ĐỒNG CÁI NHÌN KHẮC KHOẢI, Chờ trại giữa đồng cái nhìn khắc khỏe.
VIVOSDEV04_R095_snr0,vivos,whisper,small,zero_shot,,42,0,music,TRƠ TRỌI GIỮA ĐỒNG CÁI NHÌN KHẮC KHOẢI, Chờ lại giữa đồng cái nhìn quát khỏe.
VIVOSDEV04_R095_snr10,vivos,whisper,small,zero_shot,,42,10,noise,TRƠ TRỌI GIỮA ĐỒNG CÁI NHÌN KHẮC KHOẢI, Cho trại giữa đồng cái nhìn khuất khỏe.
VIVOSDEV04_R095_snr20,vivos,whisper,small,zero_shot,,42,20,music,TRƠ TRỌI GIỮA ĐỒNG CÁI NHÌN KHẮC KHOẢI, Chờ trại giữa đồng cái nhìn khắc khỏe.
VIVOSDEV04_R095_snr5,vivos,whisper,small,zero_shot,,42,5,speech,TRƠ TRỌI GIỮA ĐỒNG CÁI NHÌN KHẮC KHOẢI, Chờ trại giữa đồng cái nhìn khắc khỏe.
VIVOSDEV04_R097_clean,vivos,whisper,small,zero_shot,,42,clean,clean,NGOÀI VIỆC PHÁT HIỆN KẺ THÙ, Ngoại việc phát hiện cái thô.
VIVOSDEV04_R097_snr0,vivos,whisper,small,zero_shot,,42,0,music,NGOÀI VIỆC PHÁT HIỆN KẺ THÙ, Ngoại việc phát hiện cái thô.
VIVOSDEV04_R097_snr10,vivos,whisper,small,zero_shot,,42,10,music,NGOÀI VIỆC PHÁT HIỆN KẺ THÙ, Ngoài việc phát hiện cái thô.
VIVOSDEV04_R097_snr20,vivos,whisper,small,zero_shot,,42,20,music,NGOÀI VIỆC PHÁT HIỆN KẺ THÙ, Ngoại việc phát hiện cái thô.
VIVOSDEV04_R097_snr5,vivos,whisper,small,zero_shot,,42,5,music,NGOÀI VIỆC PHÁT HIỆN KẺ THÙ, Ngoại việc phát hiện cái thô.
VIVOSDEV04_R118_clean,vivos,whisper,small,zero_shot,,42,clean,clean,TRẺ EM ĐÂU CÓ CHƯỚNG NGẠI VẬT, Trẻ em đâu có chứng ngày vọt.
VIVOSDEV04_R118_snr0,vivos,whisper,small,zero_shot,,42,0,music,TRẺ EM ĐÂU CÓ CHƯỚNG NGẠI VẬT, Trẻ em đâu có chút ngày vọc
VIVOSDEV04_R118_snr10,vivos,whisper,small,zero_shot,,42,10,music,TRẺ EM ĐÂU CÓ CHƯỚNG NGẠI VẬT, Trẻ em đâu có chứng ngày vọt.
VIVOSDEV04_R118_snr20,vivos,whisper,small,zero_shot,,42,20,music,TRẺ EM ĐÂU CÓ CHƯỚNG NGẠI VẬT, Trẻ em đâu có chứng ngày vọc.
VIVOSDEV04_R118_snr5,vivos,whisper,small,zero_shot,,42,5,music,TRẺ EM ĐÂU CÓ CHƯỚNG NGẠI VẬT, Trẻ em đâu có chứng ngày vọt.
VIVOSDEV04_R127_clean,vivos,whisper,small,zero_shot,,42,clean,clean,RẤT NHIỀU GỬI GẮM VÀ KỲ VỌNG VÀO ÔNG, rất nhiều gưới gắm và kỳ vọng vào ông.
VIVOSDEV04_R127_snr0,vivos,whisper,small,zero_shot,,42,0,music,RẤT NHIỀU GỬI GẮM VÀ KỲ VỌNG VÀO ÔNG, rất nhiều vưới góc và kì bọc vào ám
VIVOSDEV04_R127_snr10,vivos,whisper,small,zero_shot,,42,10,speech,RẤT NHIỀU GỬI GẮM VÀ KỲ VỌNG VÀO ÔNG, rất nhiều gưới gắm và kỳ vọng vào ông.
VIVOSDEV04_R127_snr20,vivos,whisper,small,zero_shot,,42,20,noise,RẤT NHIỀU GỬI GẮM VÀ KỲ VỌNG VÀO ÔNG, rất nhiều gưới gắm và kỳ vọng vào ông.
VIVOSDEV04_R127_snr5,vivos,whisper,small,zero_shot,,42,5,music,RẤT NHIỀU GỬI GẮM VÀ KỲ VỌNG VÀO ÔNG, rất nhiều gưới gắm và kỳ vọng vào ông.
VIVOSDEV04_R129_clean,vivos,whisper,small,zero_shot,,42,clean,clean,ĐANG THẢO LUẬN VỀ ĐỀ XUẤT, đang thấu lẫn về đề xuất.
VIVOSDEV04_R129_snr0,vivos,whisper,small,zero_shot,,42,0,noise,ĐANG THẢO LUẬN VỀ ĐỀ XUẤT, đang thấu lập về địa sức
VIVOSDEV04_R129_snr10,vivos,whisper,small,zero_shot,,42,10,noise,ĐANG THẢO LUẬN VỀ ĐỀ XUẤT, đang thấu lẫn về đề xuất.
VIVOSDEV04_R129_snr20,vivos,whisper,small,zero_shot,,42,20,music,ĐANG THẢO LUẬN VỀ ĐỀ XUẤT, đang thấu lẫn về đề xuất.
VIVOSDEV04_R129_snr5,vivos,whisper,small,zero_shot,,42,5,noise,ĐANG THẢO LUẬN VỀ ĐỀ XUẤT, đang thấu lẫn về đề xuất.
VIVOSDEV04_R132_clean,vivos,whisper,small,zero_shot,,42,clean,clean,CHỦ TỊCH NƯỚC ĐÃ ĐẾN KIỂM TRA TIẾN ĐỘ THI CÔNG, Chủ tịch nước đã đánh kiểm tra tiến đội Thế công.
VIVOSDEV04_R132_snr0,vivos,whisper,small,zero_shot,,42,0,music,CHỦ TỊCH NƯỚC ĐÃ ĐẾN KIỂM TRA TIẾN ĐỘ THI CÔNG, Chủ tịch nước đã đánh kiểm tra tuyến độ thay công.
VIVOSDEV04_R132_snr10,vivos,whisper,small,zero_shot,,42,10,noise,CHỦ TỊCH NƯỚC ĐÃ ĐẾN KIỂM TRA TIẾN ĐỘ THI CÔNG, Chứ tịch nước đã đánh kiểm tra tiến độ thiết công.
VIVOSDEV04_R132_snr20,vivos,whisper,small,zero_shot,,42,20,music,CHỦ TỊCH NƯỚC ĐÃ ĐẾN KIỂM TRA TIẾN ĐỘ THI CÔNG, Chủ tịch nước đã đánh kiểm tra tiến độ Thế cong
VIVOSDEV04_R132_snr5,vivos,whisper,small,zero_shot,,42,5,speech,CHỦ TỊCH NƯỚC ĐÃ ĐẾN KIỂM TRA TIẾN ĐỘ THI CÔNG, Chứu tịch nước đã đánh kiểm tra tiếng đội Thế Công.
VIVOSDEV04_R149_clean,vivos,whisper,small,zero_shot,,42,clean,clean,MỘT CÔ GÁI VÁY NGẮN CŨN CỠN CHẠY LÊN HỎI, Một cô gái vãi ngán cũng cận chạy lên hả?
VIVOSDEV04_R149_snr0,vivos,whisper,small,zero_shot,,42,0,music,MỘT CÔ GÁI VÁY NGẮN CŨN CỠN CHẠY LÊN HỎI, Một cô gái phải nghe cũng cận chạy lên hả?
VIVOSDEV04_R149_snr10,vivos,whisper,small,zero_shot,,42,10,music,MỘT CÔ GÁI VÁY NGẮN CŨN CỠN CHẠY LÊN HỎI, Một cô gái phải nghe cũng cỡ trẻ lên hả?
VIVOSDEV04_R149_snr20,vivos,whisper,small,zero_shot,,42,20,noise,MỘT CÔ GÁI VÁY NGẮN CŨN CỠN CHẠY LÊN HỎI, Một cô gái vãi ngán cũng cận chạy lên hả?
VIVOSDEV04_R149_snr5,vivos,whisper,small,zero_shot,,42,5,noise,MỘT CÔ GÁI VÁY NGẮN CŨN CỠN CHẠY LÊN HỎI, Một cô gái vãi nghe cũng cỡ trạy lên hả?
VIVOSDEV04_R152_clean,vivos,whisper,small,zero_shot,,42,clean,clean,SẼ KHÔNG KHIẾN BẠN TRÔNG GẦY NHƯ NHỮNG TRANG PHỤC MỘT MÀU, sẽ không khiến bạn trong gài như những trang phục mục màu.
VIVOSDEV04_R152_snr0,vivos,whisper,small,zero_shot,,42,0,noise,SẼ KHÔNG KHIẾN BẠN TRÔNG GẦY NHƯ NHỮNG TRANG PHỤC MỘT MÀU, sẽ không khiến bạn trong gài như những trông thuộc một màu.
VIVOSDEV04_R152_snr10,vivos,whisper,small,zero_shot,,42,10,music,SẼ KHÔNG KHIẾN BẠN TRÔNG GẦY NHƯ NHỮNG TRANG PHỤC MỘT MÀU, sẽ không thiếu vặn trong gài như nhỉ trông phục mục màu.
VIVOSDEV04_R152_snr20,vivos,whisper,small,zero_shot,,42,20,music,SẼ KHÔNG KHIẾN BẠN TRÔNG GẦY NHƯ NHỮNG TRANG PHỤC MỘT MÀU, sẽ không khiến bạn trong gài như những trang phục mục màu.
VIVOSDEV04_R152_snr5,vivos,whisper,small,zero_shot,,42,5,speech,SẼ KHÔNG KHIẾN BẠN TRÔNG GẦY NHƯ NHỮNG TRANG PHỤC MỘT MÀU, sẽ không khiến bạn trong gài như những trong phục mục màu.
VIVOSDEV04_R162_clean,vivos,whisper,small,zero_shot,,42,clean,clean,CÔ CHỈ MỚI VÀO LƯỚI NHẶT BÓNG HAI LẦN, Cô chỉ mở vào lưới nhật bóng 2 lần.
VIVOSDEV04_R162_snr0,vivos,whisper,small,zero_shot,,42,0,music,CÔ CHỈ MỚI VÀO LƯỚI NHẶT BÓNG HAI LẦN, Cô chỉ mới vào lưới nhật bóng 2 lần.
VIVOSDEV04_R162_snr10,vivos,whisper,small,zero_shot,,42,10,speech,CÔ CHỈ MỚI VÀO LƯỚI NHẶT BÓNG HAI LẦN, Cô chỉ mở vào lưới nhập bóng hay lần.
VIVOSDEV04_R162_snr20,vivos,whisper,small,zero_shot,,42,20,noise,CÔ CHỈ MỚI VÀO LƯỚI NHẶT BÓNG HAI LẦN, Cô chỉ mở vào lưới nhật bóng 2 lần.
VIVOSDEV04_R162_snr5,vivos,whisper,small,zero_shot,,42,5,speech,CÔ CHỈ MỚI VÀO LƯỚI NHẶT BÓNG HAI LẦN, Cô chỉ mở vào lưới nhật bông hay lặng.
VIVOSDEV04_T002_clean,vivos,whisper,small,zero_shot,,42,clean,clean,CÓ TRẢ TIỀN CHO BỐ KHÔNG THÌ BẢO, Có trọa tiền cho bố không thị bão
VIVOSDEV04_T002_snr0,vivos,whisper,small,zero_shot,,42,0,music,CÓ TRẢ TIỀN CHO BỐ KHÔNG THÌ BẢO, Có trả xịn trong buồn không thị bão
VIVOSDEV04_T002_snr10,vivos,whisper,small,zero_shot,,42,10,music,CÓ TRẢ TIỀN CHO BỐ KHÔNG THÌ BẢO, Có trả tiền cho bố không thì bảo
VIVOSDEV04_T002_snr20,vivos,whisper,small,zero_shot,,42,20,noise,CÓ TRẢ TIỀN CHO BỐ KHÔNG THÌ BẢO, Có trả tiền cho bố không thì bảo
VIVOSDEV04_T002_snr5,vivos,whisper,small,zero_shot,,42,5,speech,CÓ TRẢ TIỀN CHO BỐ KHÔNG THÌ BẢO, Có trò tiền cho buồn không thị bão.
VIVOSDEV04_T009_clean,vivos,whisper,small,zero_shot,,42,clean,clean,CHO TÔI NHẮN ĐẠI TIN NÀO CŨNG ĐƯỢC, cho tôi nhấn đại tiếng nào cũng được.
VIVOSDEV04_T009_snr0,vivos,whisper,small,zero_shot,,42,0,music,CHO TÔI NHẮN ĐẠI TIN NÀO CŨNG ĐƯỢC, cho tôi nhấn đại thịt nào cũng được.
VIVOSDEV04_T009_snr10,vivos,whisper,small,zero_shot,,42,10,noise,CHO TÔI NHẮN ĐẠI TIN NÀO CŨNG ĐƯỢC, cho tôi nhấn đại tin nào cũng được.
VIVOSDEV04_T009_snr20,vivos,whisper,small,zero_shot,,42,20,noise,CHO TÔI NHẮN ĐẠI TIN NÀO CŨNG ĐƯỢC, cho tôi nhấn đại tin nào cũng được.
VIVOSDEV04_T009_snr5,vivos,whisper,small,zero_shot,,42,5,noise,CHO TÔI NHẮN ĐẠI TIN NÀO CŨNG ĐƯỢC, cho tôi nhấn đại tinh nào cũng được.
VIVOSDEV04_T015_clean,vivos,whisper,small,zero_shot,,42,clean,clean,MỘT LÀ GẶP LẠI TẤT CẢ CÁC EM PHÒ, Một là gặp lại tất cả các info.
VIVOSDEV04_T015_snr0,vivos,whisper,small,zero_shot,,42,0,noise,MỘT LÀ GẶP LẠI TẤT CẢ CÁC EM PHÒ, Một là gặp lại tất cả các im phòng.
VIVOSDEV04_T015_snr10,vivos,whisper,small,zero_shot,,42,10,speech,MỘT LÀ GẶP LẠI TẤT CẢ CÁC EM PHÒ, Một là gặp lại tất cả các em phòng.
VIVOSDEV04_T015_snr20,vivos,whisper,small,zero_shot,,42,20,music,MỘT LÀ GẶP LẠI TẤT CẢ CÁC EM PHÒ, Một là gặp lại tất cả các em phò.
VIVOSDEV04_T015_snr5,vivos,whisper,small,zero_shot,,42,5,noise,MỘT LÀ GẶP LẠI TẤT CẢ CÁC EM PHÒ, Một là gặp lại tất cả các info.
VIVOSDEV04_T029_clean,vivos,whisper,small,zero_shot,,42,clean,clean,ANH ĐI CÔNG TÁC CẦN THƠ TUẦN SAU MỚI VỀ, Anh đi công thắc càng thơ tuần sau muốn về.
VIVOSDEV04_T029_snr0,vivos,whisper,small,zero_shot,,42,0,speech,ANH ĐI CÔNG TÁC CẦN THƠ TUẦN SAU MỚI VỀ, Anh đi công thắc càng thơ tuần sau mỗi ngày.
VIVOSDEV04_T029_snr10,vivos,whisper,small,zero_shot,,42,10,noise,ANH ĐI CÔNG TÁC CẦN THƠ TUẦN SAU MỚI VỀ, Anh đi công tác cặn thơ từng sau mới về.
VIVOSDEV04_T029_snr20,vivos,whisper,small,zero_shot,,42,20,noise,ANH ĐI CÔNG TÁC CẦN THƠ TUẦN SAU MỚI VỀ, Anh đi công thắc càng thơ tuần sau muốn về.
VIVOSDEV04_T029_snr5,vivos,whisper,small,zero_shot,,42,5,music,ANH ĐI CÔNG TÁC CẦN THƠ TUẦN SAU MỚI VỀ, Anh đi công thắc cặn thơ từng xong mới về.
VIVOSDEV04_T032_clean,vivos,whisper,small,zero_shot,,42,clean,clean,CAM SÀNH LỘT VỎ CÒN CHUA, Câm sành lục võ con chua.
VIVOSDEV04_T032_snr0,vivos,whisper,small,zero_shot,,42,0,music,CAM SÀNH LỘT VỎ CÒN CHUA, Công sẵn lộp có con chua
VIVOSDEV04_T032_snr10,vivos,whisper,small,zero_shot,,42,10,noise,CAM SÀNH LỘT VỎ CÒN CHUA, Câm sành lộc vào còn chua.
VIVOSDEV04_T032_snr20,vivos,whisper,small,zero_shot,,42,20,noise,CAM SÀNH LỘT VỎ CÒN CHUA, Câm sần lộc vào còn chua.
VIVOSDEV04_T032_snr5,vivos,whisper,small,zero_shot,,42,5,music,CAM SÀNH LỘT VỎ CÒN CHUA, Câm sần lục off con chua
VIVOSDEV04_T044_clean,vivos,whisper,small,zero_shot,,42,clean,clean,BA NÀY CHỈ GIỎI BỐC PHÉT," Bơ này, chị giỏ bốc phép."
VIVOSDEV04_T044_snr0,vivos,whisper,small,zero_shot,,42,0,noise,BA NÀY CHỈ GIỎI BỐC PHÉT, 3 này gì giỏ mất phép
VIVOSDEV04_T044_snr10,vivos,whisper,small,zero_shot,,42,10,speech,BA NÀY CHỈ GIỎI BỐC PHÉT," Bên này, chìa gió bốc phép."
VIVOSDEV04_T044_snr20,vivos,whisper,small,zero_shot,,42,20,noise,BA NÀY CHỈ GIỎI BỐC PHÉT," Ba này, chi gió bốc phép."
VIVOSDEV04_T044_snr5,vivos,whisper,small,zero_shot,,42,5,noise,BA NÀY CHỈ GIỎI BỐC PHÉT," Bò này, chi gió bốc phát"
VIVOSDEV05_004_clean,vivos,whisper,small,zero_shot,,42,clean,clean,HÃY TƯỞNG TƯỢNG RẰNG BẠN LÀ LÀ GIÁM ĐỐC DỰ ÁN TRONG MỘT CÔNG TY LỚN, Hãy tưởng tượng rằng bạn là giám đốc dự án trong một công ty lớn.
VIVOSDEV05_004_snr0,vivos,whisper,small,zero_shot,,42,0,speech,HÃY TƯỞNG TƯỢNG RẰNG BẠN LÀ LÀ GIÁM ĐỐC DỰ ÁN TRONG MỘT CÔNG TY LỚN, Hãy tưởng tượng rằng bạn là dám đốc điều an trong một công ty lớn.
VIVOSDEV05_004_snr10,vivos,whisper,small,zero_shot,,42,10,noise,HÃY TƯỞNG TƯỢNG RẰNG BẠN LÀ LÀ GIÁM ĐỐC DỰ ÁN TRONG MỘT CÔNG TY LỚN, Hãy tưởng tượng rằng bạn là giám đốc dự án trong một công ty lớn.
VIVOSDEV05_004_snr20,vivos,whisper,small,zero_shot,,42,20,noise,HÃY TƯỞNG TƯỢNG RẰNG BẠN LÀ LÀ GIÁM ĐỐC DỰ ÁN TRONG MỘT CÔNG TY LỚN, Hãy tưởng tượng rằng bạn là giám đốc dự án trong một công ty lớn.
VIVOSDEV05_004_snr5,vivos,whisper,small,zero_shot,,42,5,noise,HÃY TƯỞNG TƯỢNG RẰNG BẠN LÀ LÀ GIÁM ĐỐC DỰ ÁN TRONG MỘT CÔNG TY LỚN, Hãy tưởng tượng rằng bạn là giám đốc giữ án trong một công ty lớn.
VIVOSDEV05_030_clean,vivos,whisper,small,zero_shot,,42,clean,clean,CỦA NHỮNG THẾ LỰC HÙNG MẠNH, của những thế lật hùng mạnh.
VIVOSDEV05_030_snr0,vivos,whisper,small,zero_shot,,42,0,noise,CỦA NHỮNG THẾ LỰC HÙNG MẠNH, Ủa những thế là không mạnh
VIVOSDEV05_030_snr10,vivos,whisper,small,zero_shot,,42,10,music,CỦA NHỮNG THẾ LỰC HÙNG MẠNH, của những thái là không mạnh.
VIVOSDEV05_030_snr20,vivos,whisper,small,zero_shot,,42,20,noise,CỦA NHỮNG THẾ LỰC HÙNG MẠNH, của những thế lật hùng mạnh.
VIVOSDEV05_030_snr5,vivos,whisper,small,zero_shot,,42,5,music,CỦA NHỮNG THẾ LỰC HÙNG MẠNH, của những thái là khùng mạnh.
VIVOSDEV05_043_clean,vivos,whisper,small,zero_shot,,42,clean,clean,NGUYÊN THỨ TRƯỞNG MAI VĂN DÂU ĐÃ BỊ BẮT, Nguyên Thứ trưởng Mai Van Dâu đã bị bắt.
VIVOSDEV05_043_snr0,vivos,whisper,small,zero_shot,,42,0,noise,NGUYÊN THỨ TRƯỞNG MAI VĂN DÂU ĐÃ BỊ BẮT, Nguyên thứ trưởng Mai Van Dâu đã bị bắt.
VIVOSDEV05_043_snr10,vivos,whisper,small,zero_shot,,42,10,speech,NGUYÊN THỨ TRƯỞNG MAI VĂN DÂU ĐÃ BỊ BẮT, Nguyên Thứ trưởng Mai Van Dau đã bị bắt.
VIVOSDEV05_043_snr20,vivos,whisper,small,zero_shot,,42,20,music,NGUYÊN THỨ TRƯỞNG MAI VĂN DÂU ĐÃ BỊ BẮT, Nguyên Thứ trưởng Mai Van Dâu đã bị bắt.
VIVOSDEV05_043_snr5,vivos,whisper,small,zero_shot,,42,5,speech,NGUYÊN THỨ TRƯỞNG MAI VĂN DÂU ĐÃ BỊ BẮT, Nguyên thứ trưởng Mai Phan Dâu đã bị bắt.
VIVOSDEV05_065_clean,vivos,whisper,small,zero_shot,,42,clean,clean,NHỮNG NGƯỜI SỐNG THÌ THA THẨN TRONG NHÀ NGOÀI NGÕ, Những người sống thì tha thận trong nhà ngoài ngỏ.
VIVOSDEV05_065_snr0,vivos,whisper,small,zero_shot,,42,0,noise,NHỮNG NGƯỜI SỐNG THÌ THA THẨN TRONG NHÀ NGOÀI NGÕ, Những người sống thì tha thẩn trong nhà ngoài ngỏ.
VIVOSDEV05_065_snr10,vivos,whisper,small,zero_shot,,42,10,noise,NHỮNG NGƯỜI SỐNG THÌ THA THẨN TRONG NHÀ NGOÀI NGÕ, Những người sống thì tha thẩn trong nhà ngoài ngỏ.
VIVOSDEV05_065_snr20,vivos,whisper,small,zero_shot,,42,20,speech,NHỮNG NGƯỜI SỐNG THÌ THA THẨN TRONG NHÀ NGOÀI NGÕ, Những người sống thì tha thận trong nhà ngoài ngỏ.
VIVOSDEV05_065_snr5,vivos,whisper,small,zero_shot,,42,5,music,NHỮNG NGƯỜI SỐNG THÌ THA THẨN TRONG NHÀ NGOÀI NGÕ, Những người sống thì thả thẩn trong nhà ngoài ngỏ.
VIVOSDEV05_087_clean,vivos,whisper,small,zero_shot,,42,clean,clean,CẢ KHÔNG GIAN NHUỐM MÀU TRO BẾP, cả không gian nhuống màu trò bếp.
VIVOSDEV05_087_snr0,vivos,whisper,small,zero_shot,,42,0,noise,CẢ KHÔNG GIAN NHUỐM MÀU TRO BẾP, cả không gian dũng màu cho bếp
VIVOSDEV05_087_snr10,vivos,whisper,small,zero_shot,,42,10,noise,CẢ KHÔNG GIAN NHUỐM MÀU TRO BẾP, trả không gian dũng màu trò bếp
VIVOSDEV05_087_snr20,vivos,whisper,small,zero_shot,,42,20,music,CẢ KHÔNG GIAN NHUỐM MÀU TRO BẾP, Cả không gian dũng màu trò bếp
VIVOSDEV05_087_snr5,vivos,whisper,small,zero_shot,,42,5,noise,CẢ KHÔNG GIAN NHUỐM MÀU TRO BẾP, Cả không gian nhũm màu trò bếp
VIVOSDEV05_091_clean,vivos,whisper,small,zero_shot,,42,clean,clean,TRÁN GIÔ, Tạm biệt!
VIVOSDEV05_091_snr0,vivos,whisper,small,zero_shot,,42,0,music,TRÁN GIÔ, Tạm biệt!
VIVOSDEV05_091_snr10,vivos,whisper,small,zero_shot,,42,10,music,TRÁN GIÔ, Tạm biệt!
VIVOSDEV05_091_snr20,vivos,whisper,small,zero_shot,,42,20,noise,TRÁN GIÔ, Tạm biệt!
VIVOSDEV05_091_snr5,vivos,whisper,small,zero_shot,,42,5,speech,TRÁN GIÔ, Đang so!
VIVOSDEV05_107_clean,vivos,whisper,small,zero_shot,,42,clean,clean,TRÔNG MỘT CÔ NÀNG ĐỔ NGƯỜI LÊN LƯNG ANH NGƯỜI YÊU GẦY CÒM, Trong một cô nàng đổ người lên lưng anh người yêu gây cầm.
VIVOSDEV05_107_snr0,vivos,whisper,small,zero_shot,,42,0,noise,TRÔNG MỘT CÔ NÀNG ĐỔ NGƯỜI LÊN LƯNG ANH NGƯỜI YÊU GẦY CÒM, trong một cô nàng đổ người lên lưng anh người yêu gây cầm
VIVOSDEV05_107_snr10,vivos,whisper,small,zero_shot,,42,10,noise,TRÔNG MỘT CÔ NÀNG ĐỔ NGƯỜI LÊN LƯNG ANH NGƯỜI YÊU GẦY CÒM, trong một cô nàng đổ người lên lưng anh người yêu gây cơm
VIVOSDEV05_107_snr20,vivos,whisper,small,zero_shot,,42,20,noise,TRÔNG MỘT CÔ NÀNG ĐỔ NGƯỜI LÊN LƯNG ANH NGƯỜI YÊU GẦY CÒM, Trong một cô nàng đổ người lên lưng anh người yêu gây cơm.
VIVOSDEV05_107_snr5,vivos,whisper,small,zero_shot,,42,5,noise,TRÔNG MỘT CÔ NÀNG ĐỔ NGƯỜI LÊN LƯNG ANH NGƯỜI YÊU GẦY CÒM, trong một cô nàng đổ người lên lưng anh người yêu gây cầm
VIVOSDEV05_109_clean,vivos,whisper,small,zero_shot,,42,clean,clean,DOANH NGHIỆP TUYỂN DỤNG LAO ĐỘNG NƯỚC NGOÀI, do anh nghiệp tuyển dùng lao động nước ngoài.
VIVOSDEV05_109_snr0,vivos,whisper,small,zero_shot,,42,0,noise,DOANH NGHIỆP TUYỂN DỤNG LAO ĐỘNG NƯỚC NGOÀI, găng nghiệp kiển dọn lao động nước ngoài
VIVOSDEV05_109_snr10,vivos,whisper,small,zero_shot,,42,10,speech,DOANH NGHIỆP TUYỂN DỤNG LAO ĐỘNG NƯỚC NGOÀI, doanh nghiệp tuyển dụng lao động nước ngoài.
VIVOSDEV05_109_snr20,vivos,whisper,small,zero_shot,,42,20,music,DOANH NGHIỆP TUYỂN DỤNG LAO ĐỘNG NƯỚC NGOÀI, do anh nghiệp tuyến dụng lao động nước ngoài.
VIVOSDEV05_109_snr5,vivos,whisper,small,zero_shot,,42,5,noise,DOANH NGHIỆP TUYỂN DỤNG LAO ĐỘNG NƯỚC NGOÀI, do anh nghiệp tuyển dùng lao động nước ngoài
VIVOSDEV05_129_clean,vivos,whisper,small,zero_shot,,42,clean,clean,THU HÚT RẤT LÀ NHIỀU LOÀI CHIM, thu hút rất nhiều loại chim
VIVOSDEV05_129_snr0,vivos,whisper,small,zero_shot,,42,0,speech,THU HÚT RẤT LÀ NHIỀU LOÀI CHIM, Thu hốc rất là nhiều lạy kim
VIVOSDEV05_129_snr10,vivos,whisper,small,zero_shot,,42,10,speech,THU HÚT RẤT LÀ NHIỀU LOÀI CHIM, Thu hút rất là nhiều loại chim.
VIVOSDEV05_129_snr20,vivos,whisper,small,zero_shot,,42,20,music,THU HÚT RẤT LÀ NHIỀU LOÀI CHIM, thu hút rất nhiều loại chim
VIVOSDEV05_129_snr5,vivos,whisper,small,zero_shot,,42,5,noise,THU HÚT RẤT LÀ NHIỀU LOÀI CHIM, thu hút rất nhiều loại chim
VIVOSDEV05_143_clean,vivos,whisper,small,zero_shot,,42,clean,clean,NHỎ ĐƯA TAY RA CÀO HẾT BÙN KHÔ TRÊN CỔ TỚ, nhỏ đưa tay ra cao hết bùng khô trên cổ tớ
VIVOSDEV05_143_snr0,vivos,whisper,small,zero_shot,,42,0,music,NHỎ ĐƯA TAY RA CÀO HẾT BÙN KHÔ TRÊN CỔ TỚ, nhỏ nưa tay ra cao hết cùng thô trên cổ cơn
VIVOSDEV05_143_snr10,vivos,whisper,small,zero_shot,,42,10,noise,NHỎ ĐƯA TAY RA CÀO HẾT BÙN KHÔ TRÊN CỔ TỚ, nhỏ đưa tay ra cao hết bùng khô trên cổ tớ
VIVOSDEV05_143_snr20,vivos,whisper,small,zero_shot,,42,20,noise,NHỎ ĐƯA TAY RA CÀO HẾT BÙN KHÔ TRÊN CỔ TỚ, nhỏ đưa tay ra cao hết bùng khô trên cổ tớ
VIVOSDEV05_143_snr5,vivos,whisper,small,zero_shot,,42,5,music,NHỎ ĐƯA TAY RA CÀO HẾT BÙN KHÔ TRÊN CỔ TỚ, nhỏ đưa tay ra cao hết bùng khô trên cổ tớ
VIVOSDEV05_170_clean,vivos,whisper,small,zero_shot,,42,clean,clean,CHẬM NẮM BẮT XU HƯỚNG PHÁT TRIỂN CÔNG NGHỆ MỚI, Chầm 5 bắt su hướng phát triển công nghệ mới.
VIVOSDEV05_170_snr0,vivos,whisper,small,zero_shot,,42,0,music,CHẬM NẮM BẮT XU HƯỚNG PHÁT TRIỂN CÔNG NGHỆ MỚI," Chặm 5 bắt xu hướng, bắt truyền tông hệ mới."
VIVOSDEV05_170_snr10,vivos,whisper,small,zero_shot,,42,10,music,CHẬM NẮM BẮT XU HƯỚNG PHÁT TRIỂN CÔNG NGHỆ MỚI, Chầm 5 bắt xu hướng bắt điện công nghệ mới.
VIVOSDEV05_170_snr20,vivos,whisper,small,zero_shot,,42,20,noise,CHẬM NẮM BẮT XU HƯỚNG PHÁT TRIỂN CÔNG NGHỆ MỚI, chậm 5 bắt su hướng phát triển công nghệ mới
VIVOSDEV05_170_snr5,vivos,whisper,small,zero_shot,,42,5,speech,CHẬM NẮM BẮT XU HƯỚNG PHÁT TRIỂN CÔNG NGHỆ MỚI, chậm 5 bắt xu hướng phát triển công nghệ mới.
VIVOSDEV05_185_clean,vivos,whisper,small,zero_shot,,42,clean,clean,MÀ MƯỜNG TƯỢNG RA HÌNH BÓNG MẸ, mà mương tượng ra hình bóng mẹ.
VIVOSDEV05_185_snr0,vivos,whisper,small,zero_shot,,42,0,noise,MÀ MƯỜNG TƯỢNG RA HÌNH BÓNG MẸ, mà mừng tưởng ra hình bóng mẹ
VIVOSDEV05_185_snr10,vivos,whisper,small,zero_shot,,42,10,noise,MÀ MƯỜNG TƯỢNG RA HÌNH BÓNG MẸ, mà mương tượng ra hình bóng mẹ.
VIVOSDEV05_185_snr20,vivos,whisper,small,zero_shot,,42,20,speech,MÀ MƯỜNG TƯỢNG RA HÌNH BÓNG MẸ, mà mương tưởng ra hình bóng mẹ.
VIVOSDEV05_185_snr5,vivos,whisper,small,zero_shot,,42,5,noise,MÀ MƯỜNG TƯỢNG RA HÌNH BÓNG MẸ, mà mừng tượng ra hình bóng mẹ
VIVOSDEV05_189_clean,vivos,whisper,small,zero_shot,,42,clean,clean,MỖI NGƯỜI MỘT SỐ PHẬN EM À, Mỗi người một số phận M.A.
VIVOSDEV05_189_snr0,vivos,whisper,small,zero_shot,,42,0,music,MỖI NGƯỜI MỘT SỐ PHẬN EM À, Mỗi người mộng tốt vàng em à
VIVOSDEV05_189_snr10,vivos,whisper,small,zero_shot,,42,10,noise,MỖI NGƯỜI MỘT SỐ PHẬN EM À, Mỗi người một số phận em à
VIVOSDEV05_189_snr20,vivos,whisper,small,zero_shot,,42,20,noise,MỖI NGƯỜI MỘT SỐ PHẬN EM À, Mỗi người một số phần em à
VIVOSDEV05_189_snr5,vivos,whisper,small,zero_shot,,42,5,speech,MỖI NGƯỜI MỘT SỐ PHẬN EM À, Mọi người một số phòng em à
VIVOSDEV05_202_clean,vivos,whisper,small,zero_shot,,42,clean,clean,CHỊ HAI CHỦ QUÁN NGHE BÀN TÁN RÔM RẢ CŨNG RA GÓP CHUYỆN, Chị 2 chủ quán ngay bàn tán rôm rạ cũng ra góp chuyện.
VIVOSDEV05_202_snr0,vivos,whisper,small,zero_shot,,42,0,speech,CHỊ HAI CHỦ QUÁN NGHE BÀN TÁN RÔM RẢ CŨNG RA GÓP CHUYỆN, và khi người ta có tìm được bản tháng rôm rạc cũng ra góp chuyện.
VIVOSDEV05_202_snr10,vivos,whisper,small,zero_shot,,42,10,noise,CHỊ HAI CHỦ QUÁN NGHE BÀN TÁN RÔM RẢ CŨNG RA GÓP CHUYỆN, Chị 2 chủ quán ngay bàn tán rôm rạ cũng ra góp chuyện.
VIVOSDEV05_202_snr20,vivos,whisper,small,zero_shot,,42,20,music,CHỊ HAI CHỦ QUÁN NGHE BÀN TÁN RÔM RẢ CŨNG RA GÓP CHUYỆN, Chị 2 chủ quán ngay bàn tán rôm rạc cũng ra góp chuyện.
VIVOSDEV05_202_snr5,vivos,whisper,small,zero_shot,,42,5,speech,CHỊ HAI CHỦ QUÁN NGHE BÀN TÁN RÔM RẢ CŨNG RA GÓP CHUYỆN, Thì hai chủ quán nghe bàn tán rôm đã cũng ra góp kìa.
VIVOSDEV05_206_clean,vivos,whisper,small,zero_shot,,42,clean,clean,TỨC KHẮC ẬP VỀ KÉO MỌI NGƯỜI THỨ TRỞ LẠI THỜI HOANG SƠ, Tức khắc ập về kéo mọi người thứ trở lại thời hoang sơ.
VIVOSDEV05_206_snr0,vivos,whisper,small,zero_shot,,42,0,speech,TỨC KHẮC ẬP VỀ KÉO MỌI NGƯỜI THỨ TRỞ LẠI THỜI HOANG SƠ, Tức ập về kéo mọi người thứ trở lại thời hoang sơ.
VIVOSDEV05_206_snr10,vivos,whisper,small,zero_shot,,42,10,noise,TỨC KHẮC ẬP VỀ KÉO MỌI NGƯỜI THỨ TRỞ LẠI THỜI HOANG SƠ, Tức khắc ập về kéo mọi người thứ trở lại thời hoang sơ.
VIVOSDEV05_206_snr20,vivos,whisper,small,zero_shot,,42,20,speech,TỨC KHẮC ẬP VỀ KÉO MỌI NGƯỜI THỨ TRỞ LẠI THỜI HOANG SƠ, Tức khắc ập về kéo mọi người thứ trở lại thời hoang sơ.
VIVOSDEV05_206_snr5,vivos,whisper,small,zero_shot,,42,5,noise,TỨC KHẮC ẬP VỀ KÉO MỌI NGƯỜI THỨ TRỞ LẠI THỜI HOANG SƠ, Tức các tập về kéo mọi người thứ trở lại thời hoang sơ
VIVOSDEV05_212_clean,vivos,whisper,small,zero_shot,,42,clean,clean,BỐN CHIẾC TRỐNG ĐẠI PHÈNG LA, 4 chiếc trống đại phèn La
VIVOSDEV05_212_snr0,vivos,whisper,small,zero_shot,,42,0,speech,BỐN CHIẾC TRỐNG ĐẠI PHÈNG LA, Một điểm nại dân lá.
VIVOSDEV05_212_snr10,vivos,whisper,small,zero_shot,,42,10,music,BỐN CHIẾC TRỐNG ĐẠI PHÈNG LA, 4 chiếc trống đại phền Lan
VIVOSDEV05_212_snr20,vivos,whisper,small,zero_shot,,42,20,noise,BỐN CHIẾC TRỐNG ĐẠI PHÈNG LA, 4 chiếc trống đại phèn la
VIVOSDEV05_212_snr5,vivos,whisper,small,zero_shot,,42,5,music,BỐN CHIẾC TRỐNG ĐẠI PHÈNG LA, 4 chiếc trống đại phèn la
VIVOSDEV05_251_clean,vivos,whisper,small,zero_shot,,42,clean,clean,BỌN BUÔN LẬU MA TÚY VÀ VŨ KHÍ, Bọn bương lão ma tuế và vũ khí.
VIVOSDEV05_251_snr0,vivos,whisper,small,zero_shot,,42,0,noise,BỌN BUÔN LẬU MA TÚY VÀ VŨ KHÍ," Bòn buông, lão, ma quý và bụng khí"
VIVOSDEV05_251_snr10,vivos,whisper,small,zero_shot,,42,10,noise,BỌN BUÔN LẬU MA TÚY VÀ VŨ KHÍ, Bọn buông lão ma tuế và vũ khí
VIVOSDEV05_251_snr20,vivos,whisper,small,zero_shot,,42,20,speech,BỌN BUÔN LẬU MA TÚY VÀ VŨ KHÍ, Bọn buông lão ma tuế và bộ khí.
VIVOSDEV05_251_snr5,vivos,whisper,small,zero_shot,,42,5,music,BỌN BUÔN LẬU MA TÚY VÀ VŨ KHÍ, Bọn buông lão ma tuế và bộ khí
VIVOSDEV05_261_clean,vivos,whisper,small,zero_shot,,42,clean,clean,LẠI QUAY RA TẬP VIẾT BÁO RỒI GỬI VU VƠ, Lại quay ra tập viết báo rồi gửi VUVÔN
VIVOSDEV05_261_snr0,vivos,whisper,small,zero_shot,,42,0,noise,LẠI QUAY RA TẬP VIẾT BÁO RỒI GỬI VU VƠ, lại quay ra tập bí báo rồi giữ Google
VIVOSDEV05_261_snr10,vivos,whisper,small,zero_shot,,42,10,noise,LẠI QUAY RA TẬP VIẾT BÁO RỒI GỬI VU VƠ, Lại quay ra tập bí báo rồi gửi vô vơ
VIVOSDEV05_261_snr20,vivos,whisper,small,zero_shot,,42,20,noise,LẠI QUAY RA TẬP VIẾT BÁO RỒI GỬI VU VƠ, Lại quay ra tập viết báo rồi gửi VUV
VIVOSDEV05_261_snr5,vivos,whisper,small,zero_shot,,42,5,speech,LẠI QUAY RA TẬP VIẾT BÁO RỒI GỬI VU VƠ, lại quay ra tập phí báo rồi dưới vô vơ.
VIVOSDEV05_263_clean,vivos,whisper,small,zero_shot,,42,clean,clean,NGHE TIẾNG XÌNH XỊCH XA XA THÌ ĐOÁN TRÚNG PHÓC LÀ HÚT HẦM CẦU, Nghe tiếng Sần Sật xa xa thì đoán trúng pháp là hốc hầm cầu.
VIVOSDEV05_263_snr0,vivos,whisper,small,zero_shot,,42,0,noise,NGHE TIẾNG XÌNH XỊCH XA XA THÌ ĐOÁN TRÚNG PHÓC LÀ HÚT HẦM CẦU, Nghe tiếng Sình Sạch Sà xa thì đoán Trung Pháp là hốt hầm cầu.
VIVOSDEV05_263_snr10,vivos,whisper,small,zero_shot,,42,10,noise,NGHE TIẾNG XÌNH XỊCH XA XA THÌ ĐOÁN TRÚNG PHÓC LÀ HÚT HẦM CẦU, Nghe tiếng trình sật xa xa thì đoán Trung Phóc là hốt hầm cầu.
VIVOSDEV05_263_snr20,vivos,whisper,small,zero_shot,,42,20,music,NGHE TIẾNG XÌNH XỊCH XA XA THÌ ĐOÁN TRÚNG PHÓC LÀ HÚT HẦM CẦU, Nghe tiếng Sần Sật xa xa thì đoán trúng pháp là hốc hầm cầu.
VIVOSDEV05_263_snr5,vivos,whisper,small,zero_shot,,42,5,noise,NGHE TIẾNG XÌNH XỊCH XA XA THÌ ĐOÁN TRÚNG PHÓC LÀ HÚT HẦM CẦU, Nghe tiếng Sình Sạch Sà xa thì đoán Cúng Phóc là hốt hầm cầu.
VIVOSDEV05_295_clean,vivos,whisper,small,zero_shot,,42,clean,clean,LÀM HỎNG CÁC THIẾT BỊ CỦA TÊN LỬA, làm hỏng các thiết bị của tên lửa
VIVOSDEV05_295_snr0,vivos,whisper,small,zero_shot,,42,0,noise,LÀM HỎNG CÁC THIẾT BỊ CỦA TÊN LỬA, làm hỏng các thiết bị của tên lửa
VIVOSDEV05_295_snr10,vivos,whisper,small,zero_shot,,42,10,noise,LÀM HỎNG CÁC THIẾT BỊ CỦA TÊN LỬA, làm hỏng cá thức bị của tên lửa
VIVOSDEV05_295_snr20,vivos,whisper,small,zero_shot,,42,20,noise,LÀM HỎNG CÁC THIẾT BỊ CỦA TÊN LỬA, làm hỏng các thiết bị của tên lửa
VIVOSDEV05_295_snr5,vivos,whisper,small,zero_shot,,42,5,music,LÀM HỎNG CÁC THIẾT BỊ CỦA TÊN LỬA, làm hỏng các thiết bị của tên lửa
VIVOSDEV06_016_clean,vivos,whisper,small,zero_shot,,42,clean,clean,RÂU RIA ĐÃ BA NGÀY KHÔNG CẠO, Râu riê đã 3 ngày không cạo
VIVOSDEV06_016_snr0,vivos,whisper,small,zero_shot,,42,0,music,RÂU RIA ĐÃ BA NGÀY KHÔNG CẠO, Râu riê đã 3 ngày không cào
VIVOSDEV06_016_snr10,vivos,whisper,small,zero_shot,,42,10,noise,RÂU RIA ĐÃ BA NGÀY KHÔNG CẠO, Râu riê đã 3 ngày không cạo
VIVOSDEV06_016_snr20,vivos,whisper,small,zero_shot,,42,20,speech,RÂU RIA ĐÃ BA NGÀY KHÔNG CẠO, Râu riê đã 3 ngày không cạo.
VIVOSDEV06_016_snr5,vivos,whisper,small,zero_shot,,42,5,music,RÂU RIA ĐÃ BA NGÀY KHÔNG CẠO, Râu Ria đã ba ngày không cạo
VIVOSDEV06_021_clean,vivos,whisper,small,zero_shot,,42,clean,clean,MỘT ĐƯỜNG HƯỚNG CHUYÊN NGHIỆP, Một đường hướng chuyên nghiệp
VIVOSDEV06_021_snr0,vivos,whisper,small,zero_shot,,42,0,noise,MỘT ĐƯỜNG HƯỚNG CHUYÊN NGHIỆP, Một đường hướng chuyên nghiệp
VIVOSDEV06_021_snr10,vivos,whisper,small,zero_shot,,42,10,music,MỘT ĐƯỜNG HƯỚNG CHUYÊN NGHIỆP, Một đường hướng chuyên nghiệp
VIVOSDEV06_021_snr20,vivos,whisper,small,zero_shot,,42,20,noise,MỘT ĐƯỜNG HƯỚNG CHUYÊN NGHIỆP, Một đường hướng chuyên nghiệp
VIVOSDEV06_021_snr5,vivos,whisper,small,zero_shot,,42,5,noise,MỘT ĐƯỜNG HƯỚNG CHUYÊN NGHIỆP, Một đường hướng chuyên nghiệp.
VIVOSDEV06_034_clean,vivos,whisper,small,zero_shot,,42,clean,clean,NHỮNG NGƯỜI TRÊN GHE CỦA CÔNG AN ĐÃ NHẮM THẲNG VÀO GHE ANH CHỦ, Những người trên ghia của công an đã nhắm hẳn vào ghia anh chủ.
VIVOSDEV06_034_snr0,vivos,whisper,small,zero_shot,,42,0,speech,NHỮNG NGƯỜI TRÊN GHE CỦA CÔNG AN ĐÃ NHẮM THẲNG VÀO GHE ANH CHỦ," Nó là một lần đầu tiên của cậu, cậu, cậu."
VIVOSDEV06_034_snr10,vivos,whisper,small,zero_shot,,42,10,music,NHỮNG NGƯỜI TRÊN GHE CỦA CÔNG AN ĐÃ NHẮM THẲNG VÀO GHE ANH CHỦ, Những người trên ghia của công an đã nhắm hẳn vào ghia anh chủ
VIVOSDEV06_034_snr20,vivos,whisper,small,zero_shot,,42,20,noise,NHỮNG NGƯỜI TRÊN GHE CỦA CÔNG AN ĐÃ NHẮM THẲNG VÀO GHE ANH CHỦ, Những người trên ghia của công an đã nhắm hẳn vào ghia anh chủ
VIVOSDEV06_034_snr5,vivos,whisper,small,zero_shot,,42,5,noise,NHỮNG NGƯỜI TRÊN GHE CỦA CÔNG AN ĐÃ NHẮM THẲNG VÀO GHE ANH CHỦ, Những người trên ghia của công an đã nhắm hẳn vào ghia anh chủ.
VIVOSDEV06_037_clean,vivos,whisper,small,zero_shot,,42,clean,clean,ĐỪNG BUỒN VÌ TỰ GIẰN VẶT MÌNH NỮA, Đừng buông vì tự dàng vạc mình nữa.
VIVOSDEV06_037_snr0,vivos,whisper,small,zero_shot,,42,0,music,ĐỪNG BUỒN VÌ TỰ GIẰN VẶT MÌNH NỮA, Đừng buông vi tử dăn bạc mình nữa
VIVOSDEV06_037_snr10,vivos,whisper,small,zero_shot,,42,10,speech,ĐỪNG BUỒN VÌ TỰ GIẰN VẶT MÌNH NỮA, Đừng buồn vì tự dăng bạc mình nữa.
VIVOSDEV06_037_snr20,vivos,whisper,small,zero_shot,,42,20,noise,ĐỪNG BUỒN VÌ TỰ GIẰN VẶT MÌNH NỮA, Đừng buông vì tự dàng vặt mình nữa.
VIVOSDEV06_037_snr5,vivos,whisper,small,zero_shot,,42,5,noise,ĐỪNG BUỒN VÌ TỰ GIẰN VẶT MÌNH NỮA, bình buồn bị tử dặn bạc mình nữa
VIVOSDEV06_042_clean,vivos,whisper,small,zero_shot,,42,clean,clean,ĐANG HẤP DẪN CÁC TẬP ĐOÀN PHÂN PHỐI ĐA QUỐC GIA, đang hấp dẫn các tập đoàn phân phối Đa quốc gia
VIVOSDEV06_042_snr0,vivos,whisper,small,zero_shot,,42,0,speech,ĐANG HẤP DẪN CÁC TẬP ĐOÀN PHÂN PHỐI ĐA QUỐC GIA, Đang hấp dẫn các thật đoàn phân phối đa quốc gia.
VIVOSDEV06_042_snr10,vivos,whisper,small,zero_shot,,42,10,noise,ĐANG HẤP DẪN CÁC TẬP ĐOÀN PHÂN PHỐI ĐA QUỐC GIA, đang hấp dẫn các tập đồn phân phối Đa quốc gia
VIVOSDEV06_042_snr20,vivos,whisper,small,zero_shot,,42,20,music,ĐANG HẤP DẪN CÁC TẬP ĐOÀN PHÂN PHỐI ĐA QUỐC GIA, đang hấp dẫn các tập đoàn phân phối Đa quốc gia.
VIVOSDEV06_042_snr5,vivos,whisper,small,zero_shot,,42,5,music,ĐANG HẤP DẪN CÁC TẬP ĐOÀN PHÂN PHỐI ĐA QUỐC GIA, đang hấp dẫn các tập đoàn phân phối đa quốc gia.
VIVOSDEV06_061_clean,vivos,whisper,small,zero_shot,,42,clean,clean,VÌ NÓ KHÔNG NHẮC ĐẾN NHỮNG CUỘC TẤN CÔNG NHẮM VÀO NGƯỜI DO THÁI, vì nó không nhắc đến những cuộc tấn công nhắm vào người do Thái.
VIVOSDEV06_061_snr0,vivos,whisper,small,zero_shot,,42,0,noise,VÌ NÓ KHÔNG NHẮC ĐẾN NHỮNG CUỘC TẤN CÔNG NHẮM VÀO NGƯỜI DO THÁI, vì nó không nhắc đến những cuộc tấn công nhắm vào người do Thái.
VIVOSDEV06_061_snr10,vivos,whisper,small,zero_shot,,42,10,speech,VÌ NÓ KHÔNG NHẮC ĐẾN NHỮNG CUỘC TẤN CÔNG NHẮM VÀO NGƯỜI DO THÁI, vì nó không nhắc đến những cuộc tấn công nhắm vào người do Thái.
VIVOSDEV06_061_snr20,vivos,whisper,small,zero_shot,,42,20,music,VÌ NÓ KHÔNG NHẮC ĐẾN NHỮNG CUỘC TẤN CÔNG NHẮM VÀO NGƯỜI DO THÁI, vì nó không nhắc đến những cuộc tấn công nhắm vào người do Thái.
VIVOSDEV06_061_snr5,vivos,whisper,small,zero_shot,,42,5,noise,VÌ NÓ KHÔNG NHẮC ĐẾN NHỮNG CUỘC TẤN CÔNG NHẮM VÀO NGƯỜI DO THÁI, vì nó không nhắc đến những cuộc tấn công nhắm vào người do Thái
VIVOSDEV06_070_clean,vivos,whisper,small,zero_shot,,42,clean,clean,RỒI KHỀ KHÀ ĐÔI CÂU VỌNG CỔ VỚI CHÂN CHUỘT, Rồi khe kha đôi câu vọng cổ với chân chuột.
VIVOSDEV06_070_snr0,vivos,whisper,small,zero_shot,,42,0,music,RỒI KHỀ KHÀ ĐÔI CÂU VỌNG CỔ VỚI CHÂN CHUỘT," Rồi, HeKha đôi câu cộng cổ với chân chuột"
VIVOSDEV06_070_snr10,vivos,whisper,small,zero_shot,,42,10,music,RỒI KHỀ KHÀ ĐÔI CÂU VỌNG CỔ VỚI CHÂN CHUỘT, Rồi khề kha đôi câu vọng cổ với chân chuột.
VIVOSDEV06_070_snr20,vivos,whisper,small,zero_shot,,42,20,noise,RỒI KHỀ KHÀ ĐÔI CÂU VỌNG CỔ VỚI CHÂN CHUỘT," Rồi, KK đôi câu vọng cổ với chân chuột"
VIVOSDEV06_070_snr5,vivos,whisper,small,zero_shot,,42,5,speech,RỒI KHỀ KHÀ ĐÔI CÂU VỌNG CỔ VỚI CHÂN CHUỘT," Rồi, HeKha đôi câu vọng cổ với chân chuột."
VIVOSDEV06_098_clean,vivos,whisper,small,zero_shot,,42,clean,clean,CÁI VỊ CHÁT CHÁT VÀ ĐẮNG NGẮT CỦA CÀ PHÊ NGUYÊN CHẤT, Cái vị chát chát và đắng ngắt của cà phê nguyên chất.
VIVOSDEV06_098_snr0,vivos,whisper,small,zero_shot,,42,0,noise,CÁI VỊ CHÁT CHÁT VÀ ĐẮNG NGẮT CỦA CÀ PHÊ NGUYÊN CHẤT, Cái vị chắc chắc và đắng ngắt của cà phê nguyên chất
VIVOSDEV06_098_snr10,vivos,whisper,small,zero_shot,,42,10,music,CÁI VỊ CHÁT CHÁT VÀ ĐẮNG NGẮT CỦA CÀ PHÊ NGUYÊN CHẤT, Cái vị chắc chắc và đắng ngắt của cà phê nguyên chất.
VIVOSDEV06_098_snr20,vivos,whisper,small,zero_shot,,42,20,music,CÁI VỊ CHÁT CHÁT VÀ ĐẮNG NGẮT CỦA CÀ PHÊ NGUYÊN CHẤT, Cái vị chát chát và đắng ngắt của cà phê nguyên chất.
VIVOSDEV06_098_snr5,vivos,whisper,small,zero_shot,,42,5,noise,CÁI VỊ CHÁT CHÁT VÀ ĐẮNG NGẮT CỦA CÀ PHÊ NGUYÊN CHẤT, Cái vị chắc chắc và đắng ngắt của cao pey nguyên chất
VIVOSDEV06_108_clean,vivos,whisper,small,zero_shot,,42,clean,clean,LÀM CÔ NÀNG RỌ RẠY THỨC TRẮNG CẢ ĐÊM, Làm cô nàng rõ rây thức trắng cả đêm
VIVOSDEV06_108_snr0,vivos,whisper,small,zero_shot,,42,0,music,LÀM CÔ NÀNG RỌ RẠY THỨC TRẮNG CẢ ĐÊM, làm cô này rõ rây thức trắng cả đêm
VIVOSDEV06_108_snr10,vivos,whisper,small,zero_shot,,42,10,noise,LÀM CÔ NÀNG RỌ RẠY THỨC TRẮNG CẢ ĐÊM, làm cô nàng rõ rây thức trắng trả đêm
VIVOSDEV06_108_snr20,vivos,whisper,small,zero_shot,,42,20,noise,LÀM CÔ NÀNG RỌ RẠY THỨC TRẮNG CẢ ĐÊM, Làm cô nàng rõ rây thức trắng cả đêm
VIVOSDEV06_108_snr5,vivos,whisper,small,zero_shot,,42,5,speech,LÀM CÔ NÀNG RỌ RẠY THỨC TRẮNG CẢ ĐÊM, làm con nàng rõ rây thức trắng cả đêm.
VIVOSDEV06_117_clean,vivos,whisper,small,zero_shot,,42,clean,clean,GIẢI QUYẾT KHỐI UNG NHỌT NÀY PHẢI CẦN ĐẾN MỘT CUỘC ĐẠI PHẪU NGHIÊM TÚC, Dải quyết khói ung nhọt này phải cần đến một cuộc đại phẩu nghiêm túc.
VIVOSDEV06_117_snr0,vivos,whisper,small,zero_shot,,42,0,music,GIẢI QUYẾT KHỐI UNG NHỌT NÀY PHẢI CẦN ĐẾN MỘT CUỘC ĐẠI PHẪU NGHIÊM TÚC, Dải quyết khói ung nhọt này phải cần đến một cuộc đại phẩu nghiêm túc.
VIVOSDEV06_117_snr10,vivos,whisper,small,zero_shot,,42,10,noise,GIẢI QUYẾT KHỐI UNG NHỌT NÀY PHẢI CẦN ĐẾN MỘT CUỘC ĐẠI PHẪU NGHIÊM TÚC, Dải quyết khói un nhọt này phải cần đến một cuộc đại phẩu nghiêm túc.
VIVOSDEV06_117_snr20,vivos,whisper,small,zero_shot,,42,20,noise,GIẢI QUYẾT KHỐI UNG NHỌT NÀY PHẢI CẦN ĐẾN MỘT CUỘC ĐẠI PHẪU NGHIÊM TÚC, Dải quyết khói ung nhọt này phải cần đến một cuộc đại phẩu nghiêm túc.
VIVOSDEV06_117_snr5,vivos,whisper,small,zero_shot,,42,5,noise,GIẢI QUYẾT KHỐI UNG NHỌT NÀY PHẢI CẦN ĐẾN MỘT CUỘC ĐẠI PHẪU NGHIÊM TÚC, Dải quyết khói ung nhọt này phải cần đến một cuộc đại phẩu nghiêm túc.
VIVOSDEV06_126_clean,vivos,whisper,small,zero_shot,,42,clean,clean,THẬM CHÍ CÀNG GIỐNG ÁO QUÍ NÀNG CÀNG MỐT, Hậm chí càng giống áo quý nàng càng mót.
VIVOSDEV06_126_snr0,vivos,whisper,small,zero_shot,,42,0,noise,THẬM CHÍ CÀNG GIỐNG ÁO QUÍ NÀNG CÀNG MỐT, Hậm chí càng giống áo quý nàng càng mót
VIVOSDEV06_126_snr10,vivos,whisper,small,zero_shot,,42,10,noise,THẬM CHÍ CÀNG GIỐNG ÁO QUÍ NÀNG CÀNG MỐT, Hậm chí càng giống áo quý nàng càng mót.
VIVOSDEV06_126_snr20,vivos,whisper,small,zero_shot,,42,20,noise,THẬM CHÍ CÀNG GIỐNG ÁO QUÍ NÀNG CÀNG MỐT, Hậm chí càng giống áo quý nàng càng mót.
VIVOSDEV06_126_snr5,vivos,whisper,small,zero_shot,,42,5,noise,THẬM CHÍ CÀNG GIỐNG ÁO QUÍ NÀNG CÀNG MỐT, Hệ trí càng dỗng áo quý nàng càng mót
VIVOSDEV06_139_clean,vivos,whisper,small,zero_shot,,42,clean,clean,CÒN BỘ KHANG HI TỪ ĐIỂN, Còn Bảo Khang hê từ điểm
VIVOSDEV06_139_snr0,vivos,whisper,small,zero_shot,,42,0,noise,CÒN BỘ KHANG HI TỪ ĐIỂN, Còn Bảo Khang hây từ điểm
VIVOSDEV06_139_snr10,vivos,whisper,small,zero_shot,,42,10,music,CÒN BỘ KHANG HI TỪ ĐIỂN, Còn Bảo Khang Hê Tử Điến
VIVOSDEV06_139_snr20,vivos,whisper,small,zero_shot,,42,20,music,CÒN BỘ KHANG HI TỪ ĐIỂN, Còn Bảo Khang hê từ điểm
VIVOSDEV06_139_snr5,vivos,whisper,small,zero_shot,,42,5,music,CÒN BỘ KHANG HI TỪ ĐIỂN, Còn Bộ Khang Hê Tự Điếm
VIVOSDEV06_143_clean,vivos,whisper,small,zero_shot,,42,clean,clean,ĐÔI MÔI MẸ PHAI SON MẤP MÁY MỘT LỜI CA HOANG HOẢI, Đôi môi mẹ phai son mắp máy một lời ca hoang hỏi.
VIVOSDEV06_143_snr0,vivos,whisper,small,zero_shot,,42,0,music,ĐÔI MÔI MẸ PHAI SON MẤP MÁY MỘT LỜI CA HOANG HOẢI, Đôi môi mẹ phai son mắp máy một lời ca hoang hỏi.
VIVOSDEV06_143_snr10,vivos,whisper,small,zero_shot,,42,10,music,ĐÔI MÔI MẸ PHAI SON MẤP MÁY MỘT LỜI CA HOANG HOẢI, đôi môi mẹ phai son mắp máy một lời ca hoang hỏi
VIVOSDEV06_143_snr20,vivos,whisper,small,zero_shot,,42,20,noise,ĐÔI MÔI MẸ PHAI SON MẤP MÁY MỘT LỜI CA HOANG HOẢI, Đôi môi mẹ phai son mắp máy một lời ca hoang hỏi.
VIVOSDEV06_143_snr5,vivos,whisper,small,zero_shot,,42,5,noise,ĐÔI MÔI MẸ PHAI SON MẤP MÁY MỘT LỜI CA HOANG HOẢI, đôi môi mẹ phai son mắp máy một lời ca hoang hỏi
VIVOSDEV06_184_clean,vivos,whisper,small,zero_shot,,42,clean,clean,HOẶC BẠN SẼ ĐẾN ĐẤY VỚI MỘT TÂM TRẠNG CHÁN NGÁN VÔ CÙNG, hoặc bạn sẽ đến đây với 1 tâm trạng tráng ngắn vô cùng.
VIVOSDEV06_184_snr0,vivos,whisper,small,zero_shot,,42,0,noise,HOẶC BẠN SẼ ĐẾN ĐẤY VỚI MỘT TÂM TRẠNG CHÁN NGÁN VÔ CÙNG, hoặc bạn sẽ đến tới với 100 trạng nhán vô cùng
VIVOSDEV06_184_snr10,vivos,whisper,small,zero_shot,,42,10,speech,HOẶC BẠN SẼ ĐẾN ĐẤY VỚI MỘT TÂM TRẠNG CHÁN NGÁN VÔ CÙNG, hoặc bạn sẽ đến đấy với một tâm trạng tráng ngắn bô cùng.
VIVOSDEV06_184_snr20,vivos,whisper,small,zero_shot,,42,20,noise,HOẶC BẠN SẼ ĐẾN ĐẤY VỚI MỘT TÂM TRẠNG CHÁN NGÁN VÔ CÙNG, hoặc bạn sẽ đến đây với 1 tâm trạng tráng ngắn vô cùng.
VIVOSDEV06_184_snr5,vivos,whisper,small,zero_shot,,42,5,noise,HOẶC BẠN SẼ ĐẾN ĐẤY VỚI MỘT TÂM TRẠNG CHÁN NGÁN VÔ CÙNG, Mặc bạn sẽ đến đây với 1 tâm trạng chán ngãn vô cùng.
VIVOSDEV06_195_clean,vivos,whisper,small,zero_shot,,42,clean,clean,PHẢI ĐƯỢC THỰC HIỆN TRÊN CƠ SỞ, phải được thực hiện trên cơ sở.
VIVOSDEV06_195_snr0,vivos,whisper,small,zero_shot,,42,0,music,PHẢI ĐƯỢC THỰC HIỆN TRÊN CƠ SỞ, phải được thực hiện trên cơ sở.
VIVOSDEV06_195_snr10,vivos,whisper,small,zero_shot,,42,10,noise,PHẢI ĐƯỢC THỰC HIỆN TRÊN CƠ SỞ, Phải được thực hiện trên cơ sở.
VIVOSDEV06_195_snr20,vivos,whisper,small,zero_shot,,42,20,noise,PHẢI ĐƯỢC THỰC HIỆN TRÊN CƠ SỞ, phải được thực hiện trên cơ sở.
VIVOSDEV06_195_snr5,vivos,whisper,small,zero_shot,,42,5,speech,PHẢI ĐƯỢC THỰC HIỆN TRÊN CƠ SỞ, phải được thực hiện trên cơ sở.
VIVOSDEV06_210_clean,vivos,whisper,small,zero_shot,,42,clean,clean,HAI MƯƠI SÁU HAI MƯƠI BẢY," 26, 27"
VIVOSDEV06_210_snr0,vivos,whisper,small,zero_shot,,42,0,music,HAI MƯƠI SÁU HAI MƯƠI BẢY," 26, 27"
VIVOSDEV06_210_snr10,vivos,whisper,small,zero_shot,,42,10,noise,HAI MƯƠI SÁU HAI MƯƠI BẢY, 26 27
VIVOSDEV06_210_snr20,vivos,whisper,small,zero_shot,,42,20,noise,HAI MƯƠI SÁU HAI MƯƠI BẢY," 26, 27"
VIVOSDEV06_210_snr5,vivos,whisper,small,zero_shot,,42,5,noise,HAI MƯƠI SÁU HAI MƯƠI BẢY," 26, 27"
VIVOSDEV06_212_clean,vivos,whisper,small,zero_shot,,42,clean,clean,BA MƯƠI BA MƯƠI MỐT, 30 31
VIVOSDEV06_212_snr0,vivos,whisper,small,zero_shot,,42,0,music,BA MƯƠI BA MƯƠI MỐT," 30, 30 mối"
VIVOSDEV06_212_snr10,vivos,whisper,small,zero_shot,,42,10,speech,BA MƯƠI BA MƯƠI MỐT," 30, 30 mối"
VIVOSDEV06_212_snr20,vivos,whisper,small,zero_shot,,42,20,music,BA MƯƠI BA MƯƠI MỐT," 30, 30 mấu"
VIVOSDEV06_212_snr5,vivos,whisper,small,zero_shot,,42,5,music,BA MƯƠI BA MƯƠI MỐT," 30, 30, 11"
VIVOSDEV06_240_clean,vivos,whisper,small,zero_shot,,42,clean,clean,TÁM MƯƠI SÁU TÁM MƯƠI BẢY, 86 87
VIVOSDEV06_240_snr0,vivos,whisper,small,zero_shot,,42,0,noise,TÁM MƯƠI SÁU TÁM MƯƠI BẢY, 86 87
VIVOSDEV06_240_snr10,vivos,whisper,small,zero_shot,,42,10,speech,TÁM MƯƠI SÁU TÁM MƯƠI BẢY," Chủ tịch sát, chủ tịch sát."
VIVOSDEV06_240_snr20,vivos,whisper,small,zero_shot,,42,20,speech,TÁM MƯƠI SÁU TÁM MƯƠI BẢY," 86, 87"
VIVOSDEV06_240_snr5,vivos,whisper,small,zero_shot,,42,5,noise,TÁM MƯƠI SÁU TÁM MƯƠI BẢY," 86, 87"
VIVOSDEV06_247_clean,vivos,whisper,small,zero_shot,,42,clean,clean,MỘT TRĂM MỘT HAI BA, 100 123
VIVOSDEV06_247_snr0,vivos,whisper,small,zero_shot,,42,0,noise,MỘT TRĂM MỘT HAI BA, 100 123
VIVOSDEV06_247_snr10,vivos,whisper,small,zero_shot,,42,10,noise,MỘT TRĂM MỘT HAI BA, 100 123
VIVOSDEV06_247_snr20,vivos,whisper,small,zero_shot,,42,20,music,MỘT TRĂM MỘT HAI BA, 100 123
VIVOSDEV06_247_snr5,vivos,whisper,small,zero_shot,,42,5,speech,MỘT TRĂM MỘT HAI BA," Một đậm, một, hai, ba."
VIVOSDEV06_252_clean,vivos,whisper,small,zero_shot,,42,clean,clean,NÓI TRƯỚC BƯỚC KHÔNG QUA, Nói trước bước gòng qua.
VIVOSDEV06_252_snr0,vivos,whisper,small,zero_shot,,42,0,music,NÓI TRƯỚC BƯỚC KHÔNG QUA, Đối trước bước công qua
VIVOSDEV06_252_snr10,vivos,whisper,small,zero_shot,,42,10,music,NÓI TRƯỚC BƯỚC KHÔNG QUA, Nói trước bước gòng qua.
VIVOSDEV06_252_snr20,vivos,whisper,small,zero_shot,,42,20,noise,NÓI TRƯỚC BƯỚC KHÔNG QUA, Nói trước bước không qua
VIVOSDEV06_252_snr5,vivos,whisper,small,zero_shot,,42,5,speech,NÓI TRƯỚC BƯỚC KHÔNG QUA, Nói tước bước con quà
VIVOSDEV06_253_clean,vivos,whisper,small,zero_shot,,42,clean,clean,CHẲNG LÀ MẤY HÔM NAY TÔI ĐAU BỤNG QUÁ, Chẳng là mấy hôm nay tôi đau bụng quá.
VIVOSDEV06_253_snr0,vivos,whisper,small,zero_shot,,42,0,noise,CHẲNG LÀ MẤY HÔM NAY TÔI ĐAU BỤNG QUÁ, Chẳng là mấy hôm nay tôi đau bụng quá
VIVOSDEV06_253_snr10,vivos,whisper,small,zero_shot,,42,10,speech,CHẲNG LÀ MẤY HÔM NAY TÔI ĐAU BỤNG QUÁ, Chẳng là mấy hôm nay tôi đau bụng quá.
VIVOSDEV06_253_snr20,vivos,whisper,small,zero_shot,,42,20,music,CHẲNG LÀ MẤY HÔM NAY TÔI ĐAU BỤNG QUÁ, Chẳng là mấy hôm nay tôi đau bụng quá.
VIVOSDEV06_253_snr5,vivos,whisper,small,zero_shot,,42,5,noise,CHẲNG LÀ MẤY HÔM NAY TÔI ĐAU BỤNG QUÁ, Chẳng là mấy hôm nay tôi đau bụng quá
VIVOSDEV06_261_clean,vivos,whisper,small,zero_shot,,42,clean,clean,SAO KẾT QUẢ RA TỆ VẬY, Sau kết quả ra tệ vậy
VIVOSDEV06_261_snr0,vivos,whisper,small,zero_shot,,42,0,speech,SAO KẾT QUẢ RA TỆ VẬY, Sau kết quả ra tại vậy.
VIVOSDEV06_261_snr10,vivos,whisper,small,zero_shot,,42,10,music,SAO KẾT QUẢ RA TỆ VẬY, Sau kết quả ra tệ vậy
VIVOSDEV06_261_snr20,vivos,whisper,small,zero_shot,,42,20,music,SAO KẾT QUẢ RA TỆ VẬY, Sau kết quả ra tại vậy
VIVOSDEV06_261_snr5,vivos,whisper,small,zero_shot,,42,5,noise,SAO KẾT QUẢ RA TỆ VẬY, sau kết quả ra tại vậy
VIVOSDEV06_272_clean,vivos,whisper,small,zero_shot,,42,clean,clean,TÔI CHỈ MUỐN XEM NHỮNG ĐOẠN HAY MÀ THÔI, Tôi chỉ muốn xem những động hay mà thôi.
VIVOSDEV06_272_snr0,vivos,whisper,small,zero_shot,,42,0,noise,TÔI CHỈ MUỐN XEM NHỮNG ĐOẠN HAY MÀ THÔI, tôi chỉ muốn xem nhận trọng hay mà thôi
VIVOSDEV06_272_snr10,vivos,whisper,small,zero_shot,,42,10,noise,TÔI CHỈ MUỐN XEM NHỮNG ĐOẠN HAY MÀ THÔI, Tôi chỉ muốn xem những động hay mà thôi
VIVOSDEV06_272_snr20,vivos,whisper,small,zero_shot,,42,20,speech,TÔI CHỈ MUỐN XEM NHỮNG ĐOẠN HAY MÀ THÔI, Tôi chỉ muốn xem những động hay mà thôi.
VIVOSDEV06_272_snr5,vivos,whisper,small,zero_shot,,42,5,noise,TÔI CHỈ MUỐN XEM NHỮNG ĐOẠN HAY MÀ THÔI, Tôi chỉ muốn xem những đoạn hay mà thôi
VIVOSDEV06_287_clean,vivos,whisper,small,zero_shot,,42,clean,clean,LƯƠNG BA CỌC BA ĐỒNG THÌ NUÔI ĐƯỢC AI, Lương 3 Cọc 3 Đồng Hị nuôi được ai?
VIVOSDEV06_287_snr0,vivos,whisper,small,zero_shot,,42,0,music,LƯƠNG BA CỌC BA ĐỒNG THÌ NUÔI ĐƯỢC AI, Lương ba cọc ba đồng hỉ nuôi được anh
VIVOSDEV06_287_snr10,vivos,whisper,small,zero_shot,,42,10,noise,LƯƠNG BA CỌC BA ĐỒNG THÌ NUÔI ĐƯỢC AI, Lương 3 Cọc 3 Đồng Hị nuôi được ai?
VIVOSDEV06_287_snr20,vivos,whisper,small,zero_shot,,42,20,noise,LƯƠNG BA CỌC BA ĐỒNG THÌ NUÔI ĐƯỢC AI, Lương 3 Cọc 3 Đồng Hì nuôi được ai?
VIVOSDEV06_287_snr5,vivos,whisper,small,zero_shot,,42,5,speech,LƯƠNG BA CỌC BA ĐỒNG THÌ NUÔI ĐƯỢC AI," Lương 3 cọc, 3 đồng hình nuôi được 2"
VIVOSDEV07_002_clean,vivos,whisper,small,zero_shot,,42,clean,clean,HẰNG NĂM CHÚNG TA THẢI RA HÀNG TỈ THIẾT BỊ ĐIỆN TỬ, Hằng năm chúng ta thể ra hàng tỷ thiết bị điện tử
VIVOSDEV07_002_snr0,vivos,whisper,small,zero_shot,,42,0,music,HẰNG NĂM CHÚNG TA THẢI RA HÀNG TỈ THIẾT BỊ ĐIỆN TỬ, Thằng năm chúng ta sẽ ra hàng tỷ thiết bị điển tử
VIVOSDEV07_002_snr10,vivos,whisper,small,zero_shot,,42,10,music,HẰNG NĂM CHÚNG TA THẢI RA HÀNG TỈ THIẾT BỊ ĐIỆN TỬ, Hằng năm chúng ta thể ra hàng tỷ thiết bị điện tử
VIVOSDEV07_002_snr20,vivos,whisper,small,zero_shot,,42,20,music,HẰNG NĂM CHÚNG TA THẢI RA HÀNG TỈ THIẾT BỊ ĐIỆN TỬ, Hằng năm chúng ta thể ra hàng tỷ thiết bị điện tử
VIVOSDEV07_002_snr5,vivos,whisper,small,zero_shot,,42,5,noise,HẰNG NĂM CHÚNG TA THẢI RA HÀNG TỈ THIẾT BỊ ĐIỆN TỬ, Hằng năm chúng ta phải ra hàng tỷ thiết bị điện tử
VIVOSDEV07_036_clean,vivos,whisper,small,zero_shot,,42,clean,clean,VÌ ĐÓ MỚI CHÍNH LÀ THỨ BẠN CẦN, Vì đó mới chính là thứ bạn cần
VIVOSDEV07_036_snr0,vivos,whisper,small,zero_shot,,42,0,music,VÌ ĐÓ MỚI CHÍNH LÀ THỨ BẠN CẦN, Vì đó mới chính là thứ bạn cần
VIVOSDEV07_036_snr10,vivos,whisper,small,zero_shot,,42,10,music,VÌ ĐÓ MỚI CHÍNH LÀ THỨ BẠN CẦN, Vì đó mới chính là thứ bạn cần
VIVOSDEV07_036_snr20,vivos,whisper,small,zero_shot,,42,20,music,VÌ ĐÓ MỚI CHÍNH LÀ THỨ BẠN CẦN, Vì đó mới chính là thứ bạn cần
VIVOSDEV07_036_snr5,vivos,whisper,small,zero_shot,,42,5,noise,VÌ ĐÓ MỚI CHÍNH LÀ THỨ BẠN CẦN, Vì đó mới chính là thứ bạn cần
VIVOSDEV07_039_clean,vivos,whisper,small,zero_shot,,42,clean,clean,GIÓ TRỜI KHÔNG THỂ THÔNG THỐC THỔI VÀO KHAI TRUNG, Gió trời không thể thông thúc thổi vào khai trung.
VIVOSDEV07_039_snr0,vivos,whisper,small,zero_shot,,42,0,speech,GIÓ TRỜI KHÔNG THỂ THÔNG THỐC THỔI VÀO KHAI TRUNG," Vì vậy, tôi sẽ tìm thấy một người thân thông, chúng ta phải đánh ra."
VIVOSDEV07_039_snr10,vivos,whisper,small,zero_shot,,42,10,noise,GIÓ TRỜI KHÔNG THỂ THÔNG THỐC THỔI VÀO KHAI TRUNG, Gió trời không thể thông thúc thổi vào khai trung.
VIVOSDEV07_039_snr20,vivos,whisper,small,zero_shot,,42,20,music,GIÓ TRỜI KHÔNG THỂ THÔNG THỐC THỔI VÀO KHAI TRUNG, Gió trời không thể thông thúc thổi vào khai trung.
VIVOSDEV07_039_snr5,vivos,whisper,small,zero_shot,,42,5,speech,GIÓ TRỜI KHÔNG THỂ THÔNG THỐC THỔI VÀO KHAI TRUNG, Gió trời không thể thông thúc thổi vào khai trung.
VIVOSDEV07_044_clean,vivos,whisper,small,zero_shot,,42,clean,clean,BỞI CƠ QUAN CHUYÊN MÔN HOẶC THUÊ TỔ CHỨC KIỂM TOÁN ĐỘC LẬP, bởi cơ quan chiên môn hoặc thuê tổ chức kiểm toán độc lập.
VIVOSDEV07_044_snr0,vivos,whisper,small,zero_shot,,42,0,noise,BỞI CƠ QUAN CHUYÊN MÔN HOẶC THUÊ TỔ CHỨC KIỂM TOÁN ĐỘC LẬP, Bởi cơ quan chiên môn hoặc thuê tổ chức kiểm toán độc lập
VIVOSDEV07_044_snr10,vivos,whisper,small,zero_shot,,42,10,speech,BỞI CƠ QUAN CHUYÊN MÔN HOẶC THUÊ TỔ CHỨC KIỂM TOÁN ĐỘC LẬP, bởi cơ quan chiên môn hoặc thuê tổ chức kiểm toán độc lập.
VIVOSDEV07_044_snr20,vivos,whisper,small,zero_shot,,42,20,music,BỞI CƠ QUAN CHUYÊN MÔN HOẶC THUÊ TỔ CHỨC KIỂM TOÁN ĐỘC LẬP, bởi cơ quan chiên môn hoặc thuê tổ chức kiểm toán độc lập.
VIVOSDEV07_044_snr5,vivos,whisper,small,zero_shot,,42,5,noise,BỞI CƠ QUAN CHUYÊN MÔN HOẶC THUÊ TỔ CHỨC KIỂM TOÁN ĐỘC LẬP, Với thưa quang chiên môn hoặc thuê tổ chức kiểm toán độc lập
VIVOSDEV07_045_clean,vivos,whisper,small,zero_shot,,42,clean,clean,HOẶC CHO VÀO VẠI MUỐI ĐỂ LỢN ĂN DẦN, hoặc cho vào vài muối để lận ăn dần
VIVOSDEV07_045_snr0,vivos,whisper,small,zero_shot,,42,0,speech,HOẶC CHO VÀO VẠI MUỐI ĐỂ LỢN ĂN DẦN, hoặc cho vào bãi mối đen lận khác dật.
VIVOSDEV07_045_snr10,vivos,whisper,small,zero_shot,,42,10,noise,HOẶC CHO VÀO VẠI MUỐI ĐỂ LỢN ĂN DẦN, hoặc cho vào vải muối để lận ăn dần.
VIVOSDEV07_045_snr20,vivos,whisper,small,zero_shot,,42,20,music,HOẶC CHO VÀO VẠI MUỐI ĐỂ LỢN ĂN DẦN, hoặc cho vào vải muối để lận ăn dần
VIVOSDEV07_045_snr5,vivos,whisper,small,zero_shot,,42,5,speech,HOẶC CHO VÀO VẠI MUỐI ĐỂ LỢN ĂN DẦN, hoặc cho vào vải muối để lận ăn dân.
VIVOSDEV07_066_clean,vivos,whisper,small,zero_shot,,42,clean,clean,ĐÃ CÓ DỰ ÁN ĐỂ XÂY DỰNG MỘT CÁI CẦU TỪ ĐẤT LIỀN, đã có dự án để xây dựng một cái cầu từ đất liền.
VIVOSDEV07_066_snr0,vivos,whisper,small,zero_shot,,42,0,speech,ĐÃ CÓ DỰ ÁN ĐỂ XÂY DỰNG MỘT CÁI CẦU TỪ ĐẤT LIỀN, Đó là chuyện xảy ra. Tôi mong anh nói anh ấy nhớ.
VIVOSDEV07_066_snr10,vivos,whisper,small,zero_shot,,42,10,speech,ĐÃ CÓ DỰ ÁN ĐỂ XÂY DỰNG MỘT CÁI CẦU TỪ ĐẤT LIỀN, đã có dự án để xây dựng một cái cầu từ đất liền.
VIVOSDEV07_066_snr20,vivos,whisper,small,zero_shot,,42,20,noise,ĐÃ CÓ DỰ ÁN ĐỂ XÂY DỰNG MỘT CÁI CẦU TỪ ĐẤT LIỀN, đã có dự án để xây dựng 1 cái cầu từ đất liền.
VIVOSDEV07_066_snr5,vivos,whisper,small,zero_shot,,42,5,speech,ĐÃ CÓ DỰ ÁN ĐỂ XÂY DỰNG MỘT CÁI CẦU TỪ ĐẤT LIỀN, đã có dự án để xây dựng một cái cầu từ đất liền.
VIVOSDEV07_067_clean,vivos,whisper,small,zero_shot,,42,clean,clean,CHẠM VÀO PHẦN THÓP MỀM TRÊN ĐẦU BÉ, Chạm vào phần thóp mềm trên đầu bé
VIVOSDEV07_067_snr0,vivos,whisper,small,zero_shot,,42,0,noise,CHẠM VÀO PHẦN THÓP MỀM TRÊN ĐẦU BÉ, Chạm vào phần thóp mềm trên đầu bé
VIVOSDEV07_067_snr10,vivos,whisper,small,zero_shot,,42,10,music,CHẠM VÀO PHẦN THÓP MỀM TRÊN ĐẦU BÉ, Chạm vào phần thóp mềm trên đầu bé
VIVOSDEV07_067_snr20,vivos,whisper,small,zero_shot,,42,20,speech,CHẠM VÀO PHẦN THÓP MỀM TRÊN ĐẦU BÉ, Chạm vào phần thóp mềm trên đầu bé
VIVOSDEV07_067_snr5,vivos,whisper,small,zero_shot,,42,5,noise,CHẠM VÀO PHẦN THÓP MỀM TRÊN ĐẦU BÉ, Chạm vào phần thóp mềm trên đầu bé
VIVOSDEV07_084_clean,vivos,whisper,small,zero_shot,,42,clean,clean,THÌ BỖNG NGHE THẤY TIẾNG OÁC OÁC TỪ VẠT RỪNG PHI LAO, Thì bỗng nghe tiếng Oát Oát từ Vạt Rừng Phí Lao.
VIVOSDEV07_084_snr0,vivos,whisper,small,zero_shot,,42,0,music,THÌ BỖNG NGHE THẤY TIẾNG OÁC OÁC TỪ VẠT RỪNG PHI LAO, thì bỗng nghe tiếc hoát hoát từ bạc rừng phi lao.
VIVOSDEV07_084_snr10,vivos,whisper,small,zero_shot,,42,10,noise,THÌ BỖNG NGHE THẤY TIẾNG OÁC OÁC TỪ VẠT RỪNG PHI LAO, thì bỗng nghe tiếng Oát Oát từ Vạt Rừng Phí Lao
VIVOSDEV07_084_snr20,vivos,whisper,small,zero_shot,,42,20,music,THÌ BỖNG NGHE THẤY TIẾNG OÁC OÁC TỪ VẠT RỪNG PHI LAO, thì bỗng nghe tiếng Oát Oát từ Vạt Rừng Phí Lao.
VIVOSDEV07_084_snr5,vivos,whisper,small,zero_shot,,42,5,music,THÌ BỖNG NGHE THẤY TIẾNG OÁC OÁC TỪ VẠT RỪNG PHI LAO, thì bỗng nghe tiếng Oát Oát từ vàng rừng phí lao.
VIVOSDEV07_098_clean,vivos,whisper,small,zero_shot,,42,clean,clean,TRẬN CHIẾN XÍCH BÍCH, Trận chiến xích bích
VIVOSDEV07_098_snr0,vivos,whisper,small,zero_shot,,42,0,speech,TRẬN CHIẾN XÍCH BÍCH, Cảm kiến xích bất.
VIVOSDEV07_098_snr10,vivos,whisper,small,zero_shot,,42,10,music,TRẬN CHIẾN XÍCH BÍCH, Trận chiến xích bích
VIVOSDEV07_098_snr20,vivos,whisper,small,zero_shot,,42,20,noise,TRẬN CHIẾN XÍCH BÍCH, Trận chiến xích bích
VIVOSDEV07_098_snr5,vivos,whisper,small,zero_shot,,42,5,noise,TRẬN CHIẾN XÍCH BÍCH, Rằng chiến sức bất
VIVOSDEV07_107_clean,vivos,whisper,small,zero_shot,,42,clean,clean,NGUYÊN THỨ TRƯỞNG BỘ ĐẠI HỌC VÀ GIÁO DỤC CHUYÊN NGHIỆP CŨ, Nguyên Thứ Trưởng Bộ Đại học và Giáo dòng chuyên nghiệp cụ
VIVOSDEV07_107_snr0,vivos,whisper,small,zero_shot,,42,0,noise,NGUYÊN THỨ TRƯỞNG BỘ ĐẠI HỌC VÀ GIÁO DỤC CHUYÊN NGHIỆP CŨ, Nguyên Thứ Trưởng Bộ Đại học và Giáo dụng chuyên nghiệp cũ
VIVOSDEV07_107_snr10,vivos,whisper,small,zero_shot,,42,10,speech,NGUYÊN THỨ TRƯỞNG BỘ ĐẠI HỌC VÀ GIÁO DỤC CHUYÊN NGHIỆP CŨ," Nguyên thứ trưởng bộ, đại học và giáo dòng chuyên nghiệp cổ."
VIVOSDEV07_107_snr20,vivos,whisper,small,zero_shot,,42,20,speech,NGUYÊN THỨ TRƯỞNG BỘ ĐẠI HỌC VÀ GIÁO DỤC CHUYÊN NGHIỆP CŨ, Nguyên Thứ Trưởng Bộ Đại học và Giáo dục chuyên nghiệp của ốp.
VIVOSDEV07_107_snr5,vivos,whisper,small,zero_shot,,42,5,music,NGUYÊN THỨ TRƯỞNG BỘ ĐẠI HỌC VÀ GIÁO DỤC CHUYÊN NGHIỆP CŨ, Nguyên Thứ Trưởng Bộ Đại học và Giáo dụng chuyên nghiệp cụ
VIVOSDEV07_115_clean,vivos,whisper,small,zero_shot,,42,clean,clean,VÀO CƠ QUAN LÀ ANH HÓT GIỐNG HỆT NHỒNG MỚI LỘT LƯỠI VẬY, Vào cơ quan là anh hót giống hệt nhồng với lộp lưỡi vậy
VIVOSDEV07_115_snr0,vivos,whisper,small,zero_shot,,42,0,music,VÀO CƠ QUAN LÀ ANH HÓT GIỐNG HỆT NHỒNG MỚI LỘT LƯỠI VẬY, Vào cơ quan là anh hót giống hệt nhồng với lột lưỡi vậy
VIVOSDEV07_115_snr10,vivos,whisper,small,zero_shot,,42,10,noise,VÀO CƠ QUAN LÀ ANH HÓT GIỐNG HỆT NHỒNG MỚI LỘT LƯỠI VẬY, Vào cơ quan là anh hót giống hệt nhồng với lộp lưỡi vậy
VIVOSDEV07_115_snr20,vivos,whisper,small,zero_shot,,42,20,noise,VÀO CƠ QUAN LÀ ANH HÓT GIỐNG HỆT NHỒNG MỚI LỘT LƯỠI VẬY, Vào cơ quan là anh hót giống hệt nhồng với lộp lưỡi vậy
VIVOSDEV07_115_snr5,vivos,whisper,small,zero_shot,,42,5,music,VÀO CƠ QUAN LÀ ANH HÓT GIỐNG HỆT NHỒNG MỚI LỘT LƯỠI VẬY, Vào cơ quan là anh hót giống hệt nhồng với lộp lưỡi vậy
VIVOSDEV07_125_clean,vivos,whisper,small,zero_shot,,42,clean,clean,ÁNG CHỪNG ĐÃ NGOẠI BẢY MƯƠI, Án chừng đã ngoại 70
VIVOSDEV07_125_snr0,vivos,whisper,small,zero_shot,,42,0,noise,ÁNG CHỪNG ĐÃ NGOẠI BẢY MƯƠI, Đã ngoài 70km
VIVOSDEV07_125_snr10,vivos,whisper,small,zero_shot,,42,10,noise,ÁNG CHỪNG ĐÃ NGOẠI BẢY MƯƠI, Án chừng đã ngoại 70
VIVOSDEV07_125_snr20,vivos,whisper,small,zero_shot,,42,20,noise,ÁNG CHỪNG ĐÃ NGOẠI BẢY MƯƠI, Án chừng đã ngoại 70
VIVOSDEV07_125_snr5,vivos,whisper,small,zero_shot,,42,5,noise,ÁNG CHỪNG ĐÃ NGOẠI BẢY MƯƠI, Án chừng đã ngoại 70
VIVOSDEV07_134_clean,vivos,whisper,small,zero_shot,,42,clean,clean,THAM GIA GIẢNG DẠY LÀ LỰC LƯỢNG ĐOÀN VIÊN, Tham gia dãn vậy là lực lượng đoàn viên
VIVOSDEV07_134_snr0,vivos,whisper,small,zero_shot,,42,0,noise,THAM GIA GIẢNG DẠY LÀ LỰC LƯỢNG ĐOÀN VIÊN, Tháp gia dãn vậy là lực lượng đoàn viên
VIVOSDEV07_134_snr10,vivos,whisper,small,zero_shot,,42,10,noise,THAM GIA GIẢNG DẠY LÀ LỰC LƯỢNG ĐOÀN VIÊN, Tham gia giãn vậy là lực lượng đoan viên
VIVOSDEV07_134_snr20,vivos,whisper,small,zero_shot,,42,20,noise,THAM GIA GIẢNG DẠY LÀ LỰC LƯỢNG ĐOÀN VIÊN, Tham gia dãn vậy là lực lượng đoàn viên
VIVOSDEV07_134_snr5,vivos,whisper,small,zero_shot,,42,5,noise,THAM GIA GIẢNG DẠY LÀ LỰC LƯỢNG ĐOÀN VIÊN, Tham gia dãn vậy là lực lượng đoàn viên
VIVOSDEV07_138_clean,vivos,whisper,small,zero_shot,,42,clean,clean,ĐÓ HẲN LÀ MỘT MÓN QUÀ, Đó hẳn là 1 món quà
VIVOSDEV07_138_snr0,vivos,whisper,small,zero_shot,,42,0,noise,ĐÓ HẲN LÀ MỘT MÓN QUÀ, Đó hẳn là 1 món quà
VIVOSDEV07_138_snr10,vivos,whisper,small,zero_shot,,42,10,music,ĐÓ HẲN LÀ MỘT MÓN QUÀ, Đó hẳn là 1 món quà
VIVOSDEV07_138_snr20,vivos,whisper,small,zero_shot,,42,20,music,ĐÓ HẲN LÀ MỘT MÓN QUÀ, Đó hẳn là 1 món quà
VIVOSDEV07_138_snr5,vivos,whisper,small,zero_shot,,42,5,music,ĐÓ HẲN LÀ MỘT MÓN QUÀ, Đó hẳn là 1 món quà
VIVOSDEV07_141_clean,vivos,whisper,small,zero_shot,,42,clean,clean,VÀ KHI THẤY TÔI VẪN KIÊN ĐỊNH TRẢ LỜI TRỚT QUỚT, Và khi thấy tôi vẫn kiên định trả lời trước Quốc.
VIVOSDEV07_141_snr0,vivos,whisper,small,zero_shot,,42,0,music,VÀ KHI THẤY TÔI VẪN KIÊN ĐỊNH TRẢ LỜI TRỚT QUỚT, Và khi thấy tôi vẫn chỉ trình trả lời trước quốc
VIVOSDEV07_141_snr10,vivos,whisper,small,zero_shot,,42,10,noise,VÀ KHI THẤY TÔI VẪN KIÊN ĐỊNH TRẢ LỜI TRỚT QUỚT, Và khi thấy tôi vẫn kiên định trả lời trước Quốc.
VIVOSDEV07_141_snr20,vivos,whisper,small,zero_shot,,42,20,noise,VÀ KHI THẤY TÔI VẪN KIÊN ĐỊNH TRẢ LỜI TRỚT QUỚT, Và khi thấy tôi vẫn kiên định trả lời trước Quốc.
VIVOSDEV07_141_snr5,vivos,whisper,small,zero_shot,,42,5,noise,VÀ KHI THẤY TÔI VẪN KIÊN ĐỊNH TRẢ LỜI TRỚT QUỚT, Và khi thấy tôi vẫn kiên định trả lời trước Quốc
VIVOSDEV07_151_clean,vivos,whisper,small,zero_shot,,42,clean,clean,RÔ BÓT THÔNG MINH, Robot thông minh
VIVOSDEV07_151_snr0,vivos,whisper,small,zero_shot,,42,0,noise,RÔ BÓT THÔNG MINH, robot thông minh
VIVOSDEV07_151_snr10,vivos,whisper,small,zero_shot,,42,10,speech,RÔ BÓT THÔNG MINH, robot thông minh
VIVOSDEV07_151_snr20,vivos,whisper,small,zero_shot,,42,20,noise,RÔ BÓT THÔNG MINH, robot thông minh
VIVOSDEV07_151_snr5,vivos,whisper,small,zero_shot,,42,5,noise,RÔ BÓT THÔNG MINH, robot thông minh
VIVOSDEV07_192_clean,vivos,whisper,small,zero_shot,,42,clean,clean,NHIỀU NGƯỜI CHO BIẾT, nhiều người cho biết
VIVOSDEV07_192_snr0,vivos,whisper,small,zero_shot,,42,0,music,NHIỀU NGƯỜI CHO BIẾT, nhiều người cho biết
VIVOSDEV07_192_snr10,vivos,whisper,small,zero_shot,,42,10,noise,NHIỀU NGƯỜI CHO BIẾT, nhiều người cho biết
VIVOSDEV07_192_snr20,vivos,whisper,small,zero_shot,,42,20,noise,NHIỀU NGƯỜI CHO BIẾT, nhiều người cho biết
VIVOSDEV07_192_snr5,vivos,whisper,small,zero_shot,,42,5,speech,NHIỀU NGƯỜI CHO BIẾT, Nhiều người cho biết...
VIVOSDEV07_195_clean,vivos,whisper,small,zero_shot,,42,clean,clean,HỌ CŨNG LUÔN TRÁNH XA NHỮNG TÌNH HUỐNG CÓ THỂ GÂY HẠI CHO HỌ, Họ cũng luôn tránh xa những tình huống có thể gây hệ cho họ.
VIVOSDEV07_195_snr0,vivos,whisper,small,zero_shot,,42,0,speech,HỌ CŨNG LUÔN TRÁNH XA NHỮNG TÌNH HUỐNG CÓ THỂ GÂY HẠI CHO HỌ, Họ cũng luôn tránh xa những tình huống có thể gây hại cho họ.
VIVOSDEV07_195_snr10,vivos,whisper,small,zero_shot,,42,10,noise,HỌ CŨNG LUÔN TRÁNH XA NHỮNG TÌNH HUỐNG CÓ THỂ GÂY HẠI CHO HỌ, Họ cũng luôn tránh xa những tình huống có thể gây hệ cho họ.
VIVOSDEV07_195_snr20,vivos,whisper,small,zero_shot,,42,20,music,HỌ CŨNG LUÔN TRÁNH XA NHỮNG TÌNH HUỐNG CÓ THỂ GÂY HẠI CHO HỌ, Họ cũng luôn tránh xa những tình huống có thể gây hệ cho họ.
VIVOSDEV07_195_snr5,vivos,whisper,small,zero_shot,,42,5,noise,HỌ CŨNG LUÔN TRÁNH XA NHỮNG TÌNH HUỐNG CÓ THỂ GÂY HẠI CHO HỌ, Họ cũng luôn tránh xa những tình huống có thể gây hệ cho họ.
VIVOSDEV07_197_clean,vivos,whisper,small,zero_shot,,42,clean,clean,TRONG CUỘC SỐNG CỦA TÔI CHÚNG KHÔNG DÙNG ĐỂ KIẾM RA LỢI NHUẬN, Trong cuộc sống của tôi chúng không dùng để kiếm ra lợi nhuận.
VIVOSDEV07_197_snr0,vivos,whisper,small,zero_shot,,42,0,music,TRONG CUỘC SỐNG CỦA TÔI CHÚNG KHÔNG DÙNG ĐỂ KIẾM RA LỢI NHUẬN, Trong cuộc sống của tôi chúng không dùng để kiếm ra lợi nhộn.
VIVOSDEV07_197_snr10,vivos,whisper,small,zero_shot,,42,10,speech,TRONG CUỘC SỐNG CỦA TÔI CHÚNG KHÔNG DÙNG ĐỂ KIẾM RA LỢI NHUẬN, Trong cuộc sống của tôi chúng không dùng để kiếm ra lợi nhuận.
VIVOSDEV07_197_snr20,vivos,whisper,small,zero_shot,,42,20,noise,TRONG CUỘC SỐNG CỦA TÔI CHÚNG KHÔNG DÙNG ĐỂ KIẾM RA LỢI NHUẬN, Trong cuộc sống của tôi chúng không dùng để kiếm ra lợi nhuận.
VIVOSDEV07_197_snr5,vivos,whisper,small,zero_shot,,42,5,speech,TRONG CUỘC SỐNG CỦA TÔI CHÚNG KHÔNG DÙNG ĐỂ KIẾM RA LỢI NHUẬN, trong cuộc sống của tôi chung không dùng để kiếm ra lợi nhuận.
VIVOSDEV07_209_clean,vivos,whisper,small,zero_shot,,42,clean,clean,HAI MƯƠI BỐN HAI MƯƠI LĂM, 24 25
VIVOSDEV07_209_snr0,vivos,whisper,small,zero_shot,,42,0,speech,HAI MƯƠI BỐN HAI MƯƠI LĂM," Hẹn bây bầu, hẹn bây lắm."
VIVOSDEV07_209_snr10,vivos,whisper,small,zero_shot,,42,10,noise,HAI MƯƠI BỐN HAI MƯƠI LĂM, 24 25
VIVOSDEV07_209_snr20,vivos,whisper,small,zero_shot,,42,20,noise,HAI MƯƠI BỐN HAI MƯƠI LĂM, 24 25
VIVOSDEV07_209_snr5,vivos,whisper,small,zero_shot,,42,5,noise,HAI MƯƠI BỐN HAI MƯƠI LĂM, 24 25
VIVOSDEV07_223_clean,vivos,whisper,small,zero_shot,,42,clean,clean,NĂM MƯƠI HAI NĂM MƯƠI BA, 52 53
VIVOSDEV07_223_snr0,vivos,whisper,small,zero_shot,,42,0,speech,NĂM MƯƠI HAI NĂM MƯƠI BA, Đây là Bí Bí Bóng.
VIVOSDEV07_223_snr10,vivos,whisper,small,zero_shot,,42,10,noise,NĂM MƯƠI HAI NĂM MƯƠI BA, 52 53
VIVOSDEV07_223_snr20,vivos,whisper,small,zero_shot,,42,20,noise,NĂM MƯƠI HAI NĂM MƯƠI BA, 52 53
VIVOSDEV07_223_snr5,vivos,whisper,small,zero_shot,,42,5,music,NĂM MƯƠI HAI NĂM MƯƠI BA, 52 53
VIVOSDEV07_231_clean,vivos,whisper,small,zero_shot,,42,clean,clean,SÁU MƯƠI TÁM SÁU MƯƠI CHÍN, 68 69
VIVOSDEV07_231_snr0,vivos,whisper,small,zero_shot,,42,0,music,SÁU MƯƠI TÁM SÁU MƯƠI CHÍN, 68 69
VIVOSDEV07_231_snr10,vivos,whisper,small,zero_shot,,42,10,music,SÁU MƯƠI TÁM SÁU MƯƠI CHÍN, 68 69
VIVOSDEV07_231_snr20,vivos,whisper,small,zero_shot,,42,20,speech,SÁU MƯƠI TÁM SÁU MƯƠI CHÍN," 68, 69"
VIVOSDEV07_231_snr5,vivos,whisper,small,zero_shot,,42,5,music,SÁU MƯƠI TÁM SÁU MƯƠI CHÍN, 68 69
VIVOSDEV07_236_clean,vivos,whisper,small,zero_shot,,42,clean,clean,BẢY MƯƠI TÁM BẢY MƯƠI CHÍN, 78 79
VIVOSDEV07_236_snr0,vivos,whisper,small,zero_shot,,42,0,noise,BẢY MƯƠI TÁM BẢY MƯƠI CHÍN, 78 79
VIVOSDEV07_236_snr10,vivos,whisper,small,zero_shot,,42,10,speech,BẢY MƯƠI TÁM BẢY MƯƠI CHÍN, Mày có thể chạy được mọi thứ.
VIVOSDEV07_236_snr20,vivos,whisper,small,zero_shot,,42,20,speech,BẢY MƯƠI TÁM BẢY MƯƠI CHÍN," 78, 79"
VIVOSDEV07_236_snr5,vivos,whisper,small,zero_shot,,42,5,music,BẢY MƯƠI TÁM BẢY MƯƠI CHÍN, 78 79
VIVOSDEV07_246_clean,vivos,whisper,small,zero_shot,,42,clean,clean,CHÍN MƯƠI TÁM CHÍN MƯƠI CHÍN, 98 99
VIVOSDEV07_246_snr0,vivos,whisper,small,zero_shot,,42,0,noise,CHÍN MƯƠI TÁM CHÍN MƯƠI CHÍN, 98 99
VIVOSDEV07_246_snr10,vivos,whisper,small,zero_shot,,42,10,speech,CHÍN MƯƠI TÁM CHÍN MƯƠI CHÍN," 98, 99"
VIVOSDEV07_246_snr20,vivos,whisper,small,zero_shot,,42,20,music,CHÍN MƯƠI TÁM CHÍN MƯƠI CHÍN, 98 99
VIVOSDEV07_246_snr5,vivos,whisper,small,zero_shot,,42,5,speech,CHÍN MƯƠI TÁM CHÍN MƯƠI CHÍN," 98, 99"
VIVOSDEV07_264_clean,vivos,whisper,small,zero_shot,,42,clean,clean,BUỔI SÁNG THÀNH PHỐ Ô NHIỄM HƠN BUỔI TRƯA, Bội sáng thành phố ô nhiễm hơn bội trưa.
VIVOSDEV07_264_snr0,vivos,whisper,small,zero_shot,,42,0,noise,BUỔI SÁNG THÀNH PHỐ Ô NHIỄM HƠN BUỔI TRƯA, Bội sáng thành phố ôi nhiễm hơn bội chưa
VIVOSDEV07_264_snr10,vivos,whisper,small,zero_shot,,42,10,noise,BUỔI SÁNG THÀNH PHỐ Ô NHIỄM HƠN BUỔI TRƯA, Bội sáng thành phố ô nhiễm hơn bội trưa
VIVOSDEV07_264_snr20,vivos,whisper,small,zero_shot,,42,20,noise,BUỔI SÁNG THÀNH PHỐ Ô NHIỄM HƠN BUỔI TRƯA, Bội sáng thành phố ô nhiễm hơn bội trưa
VIVOSDEV07_264_snr5,vivos,whisper,small,zero_shot,,42,5,noise,BUỔI SÁNG THÀNH PHỐ Ô NHIỄM HƠN BUỔI TRƯA, Bội sáng thành phố ô diễn hơn bội trưa.
VIVOSDEV07_266_clean,vivos,whisper,small,zero_shot,,42,clean,clean,NÓNG GIẬN TÔI ĐÃ LĂNG MẠ ANH, Nóng dẫn tôi đã lắt mà anh
VIVOSDEV07_266_snr0,vivos,whisper,small,zero_shot,,42,0,noise,NÓNG GIẬN TÔI ĐÃ LĂNG MẠ ANH, Nóng dẫn tôi đã lăn mà anh
VIVOSDEV07_266_snr10,vivos,whisper,small,zero_shot,,42,10,music,NÓNG GIẬN TÔI ĐÃ LĂNG MẠ ANH, Nóng dẫn tôi đã lăn mà anh
VIVOSDEV07_266_snr20,vivos,whisper,small,zero_shot,,42,20,music,NÓNG GIẬN TÔI ĐÃ LĂNG MẠ ANH, Nóng dẫn tôi đã lăn mà anh
VIVOSDEV07_266_snr5,vivos,whisper,small,zero_shot,,42,5,speech,NÓNG GIẬN TÔI ĐÃ LĂNG MẠ ANH, Nóng giận tôi đã lăng mà anh.
VIVOSDEV07_295_clean,vivos,whisper,small,zero_shot,,42,clean,clean,CHỦ TÀU CHO BIẾT SẼ TIẾP TỤC THƯƠNG THUYẾT VỀ SỐ CHI PHÍ NÀY, Chủ tàu cho biết sẽ tiếp tục thương thuết về số chi phí này.
VIVOSDEV07_295_snr0,vivos,whisper,small,zero_shot,,42,0,speech,CHỦ TÀU CHO BIẾT SẼ TIẾP TỤC THƯƠNG THUYẾT VỀ SỐ CHI PHÍ NÀY, Chúng ta sẽ có thể cố gắng được sự thân phí của chúng ta.
VIVOSDEV07_295_snr10,vivos,whisper,small,zero_shot,,42,10,noise,CHỦ TÀU CHO BIẾT SẼ TIẾP TỤC THƯƠNG THUYẾT VỀ SỐ CHI PHÍ NÀY, Chủ tàu cho biết sẽ tiếp tục thương thuyết về số chi phí này.
VIVOSDEV07_295_snr20,vivos,whisper,small,zero_shot,,42,20,music,CHỦ TÀU CHO BIẾT SẼ TIẾP TỤC THƯƠNG THUYẾT VỀ SỐ CHI PHÍ NÀY, Chủ tàu cho biết sẽ tiếp tục thương thuết về số chi phí này.
VIVOSDEV07_295_snr5,vivos,whisper,small,zero_shot,,42,5,speech,CHỦ TÀU CHO BIẾT SẼ TIẾP TỤC THƯƠNG THUYẾT VỀ SỐ CHI PHÍ NÀY, Chủ tàu cho biết sẽ tiếp tục thương thức về số chi phí này.
VIVOSDEV08_005_clean,vivos,whisper,small,zero_shot,,42,clean,clean,CÂY CỔ THỤ ẤY BẤT CHỢT BỊ BỆNH TẬT QUẬT NGÃ, Cây cổ thậu ấy bất trật bị bị ảnh tặng quật ngã.
VIVOSDEV08_005_snr0,vivos,whisper,small,zero_shot,,42,0,speech,CÂY CỔ THỤ ẤY BẤT CHỢT BỊ BỆNH TẬT QUẬT NGÃ, Cây cổ thậu ái bất trận vì bệnh tận quốc ngại.
VIVOSDEV08_005_snr10,vivos,whisper,small,zero_shot,,42,10,music,CÂY CỔ THỤ ẤY BẤT CHỢT BỊ BỆNH TẬT QUẬT NGÃ, Cây cổ thậu ấy bất chật bị bệnh tạch quật ngã.
VIVOSDEV08_005_snr20,vivos,whisper,small,zero_shot,,42,20,noise,CÂY CỔ THỤ ẤY BẤT CHỢT BỊ BỆNH TẬT QUẬT NGÃ, Cây cổ thậu ấy bất chật bị bị ảnh tặng của quật ngã.
VIVOSDEV08_005_snr5,vivos,whisper,small,zero_shot,,42,5,speech,CÂY CỔ THỤ ẤY BẤT CHỢT BỊ BỆNH TẬT QUẬT NGÃ, Cây có thậu ái bất chặt bị bệnh tặng quốc.
VIVOSDEV08_014_clean,vivos,whisper,small,zero_shot,,42,clean,clean,VÀ NẾU BẠN TRÓT LÀM LỘN XỘN MÀN HÌNH NỀN, Và nếu bạn trót làm lộng xọng mang hình nền.
VIVOSDEV08_014_snr0,vivos,whisper,small,zero_shot,,42,0,speech,VÀ NẾU BẠN TRÓT LÀM LỘN XỘN MÀN HÌNH NỀN, Và nếu bạn có tâm lộng sóng mà hình nhan
VIVOSDEV08_014_snr10,vivos,whisper,small,zero_shot,,42,10,music,VÀ NẾU BẠN TRÓT LÀM LỘN XỘN MÀN HÌNH NỀN, Và nếu bạn trót làm lộng xọng mang hình nền.
VIVOSDEV08_014_snr20,vivos,whisper,small,zero_shot,,42,20,speech,VÀ NẾU BẠN TRÓT LÀM LỘN XỘN MÀN HÌNH NỀN, Và nếu bạn trót làm lộng xọng mang hình nền.
VIVOSDEV08_014_snr5,vivos,whisper,small,zero_shot,,42,5,music,VÀ NẾU BẠN TRÓT LÀM LỘN XỘN MÀN HÌNH NỀN, Và nếu bạn có làm lộng sóng mà hình nền
VIVOSDEV08_025_clean,vivos,whisper,small,zero_shot,,42,clean,clean,ĐẠO DIỄN TRẺ NÀY CÓ NHIỀU ĐIỀU NGẪM NGỢI VỀ NGHỀ, Đau diễn tẻ này có nhiều điều ngắm người về nghề.
VIVOSDEV08_025_snr0,vivos,whisper,small,zero_shot,,42,0,noise,ĐẠO DIỄN TRẺ NÀY CÓ NHIỀU ĐIỀU NGẪM NGỢI VỀ NGHỀ, Đã đoàn đường đường lắm
VIVOSDEV08_025_snr10,vivos,whisper,small,zero_shot,,42,10,noise,ĐẠO DIỄN TRẺ NÀY CÓ NHIỀU ĐIỀU NGẪM NGỢI VỀ NGHỀ, Đau diễn tẻ này có nhiều điều ngắm ngợi về nghề.
VIVOSDEV08_025_snr20,vivos,whisper,small,zero_shot,,42,20,noise,ĐẠO DIỄN TRẺ NÀY CÓ NHIỀU ĐIỀU NGẪM NGỢI VỀ NGHỀ, Đau diễn tẻ này có nhiều điều ngắm ngợi về nghề
VIVOSDEV08_025_snr5,vivos,whisper,small,zero_shot,,42,5,speech,ĐẠO DIỄN TRẺ NÀY CÓ NHIỀU ĐIỀU NGẪM NGỢI VỀ NGHỀ, Đau diễn tẻ này có nhiều điều ngợi về ngay.
VIVOSDEV08_032_clean,vivos,whisper,small,zero_shot,,42,clean,clean,SẼ KHÔNG KHIẾN BẠN TRÔNG GẦY NHƯ NHỮNG TRANG PHỤC MỘT MÀU, sẽ không khiến bạn trong gài như những trang phục một màu.
VIVOSDEV08_032_snr0,vivos,whisper,small,zero_shot,,42,0,music,SẼ KHÔNG KHIẾN BẠN TRÔNG GẦY NHƯ NHỮNG TRANG PHỤC MỘT MÀU, sẽ không kiến bạn trong gài như những trang phục một màu.
VIVOSDEV08_032_snr10,vivos,whisper,small,zero_shot,,42,10,noise,SẼ KHÔNG KHIẾN BẠN TRÔNG GẦY NHƯ NHỮNG TRANG PHỤC MỘT MÀU, sẽ không khiến bạn trong gài như những trang phục một màu.
VIVOSDEV08_032_snr20,vivos,whisper,small,zero_shot,,42,20,noise,SẼ KHÔNG KHIẾN BẠN TRÔNG GẦY NHƯ NHỮNG TRANG PHỤC MỘT MÀU, sẽ không khiến bạn trong gài như những trang phục một màu
VIVOSDEV08_032_snr5,vivos,whisper,small,zero_shot,,42,5,music,SẼ KHÔNG KHIẾN BẠN TRÔNG GẦY NHƯ NHỮNG TRANG PHỤC MỘT MÀU, sẽ không khiến bạn trong gài như những can tục một màu.
VIVOSDEV08_053_clean,vivos,whisper,small,zero_shot,,42,clean,clean,BỞI CƠ QUAN CHUYÊN MÔN HOẶC THUÊ TỔ CHỨC KIỂM TOÁN ĐỘC LẬP, Bởi cơ quan chiên môn hoặc thể tổ chức kiểm toán độc lạc.
VIVOSDEV08_053_snr0,vivos,whisper,small,zero_shot,,42,0,speech,BỞI CƠ QUAN CHUYÊN MÔN HOẶC THUÊ TỔ CHỨC KIỂM TOÁN ĐỘC LẬP, Với cơ hoang chiên môn hoặc thay đổi chiếm tón hoặc
VIVOSDEV08_053_snr10,vivos,whisper,small,zero_shot,,42,10,music,BỞI CƠ QUAN CHUYÊN MÔN HOẶC THUÊ TỔ CHỨC KIỂM TOÁN ĐỘC LẬP, Bởi cơ quan chiên môn hoặc thể tổ chức kiểm toán độc lạc.
VIVOSDEV08_053_snr20,vivos,whisper,small,zero_shot,,42,20,noise,BỞI CƠ QUAN CHUYÊN MÔN HOẶC THUÊ TỔ CHỨC KIỂM TOÁN ĐỘC LẬP, bởi cơ quan chiên môn hoặc thể tổ chức kiểm toán độc lạc.
VIVOSDEV08_053_snr5,vivos,whisper,small,zero_shot,,42,5,speech,BỞI CƠ QUAN CHUYÊN MÔN HOẶC THUÊ TỔ CHỨC KIỂM TOÁN ĐỘC LẬP, Mày có quen kinh mong mặc mặc tất cả kia kinh tông đọc lạc.
VIVOSDEV08_057_clean,vivos,whisper,small,zero_shot,,42,clean,clean,NÓ LẬT ĐẬT ĐẠP CHIẾC XE CÀ TÀNG BĂNG NGAY RA ĐẦU ĐƯỜNG," Nó lật đặt đặt chiếc xe cà tàn, băng ngay ra đầu đường."
VIVOSDEV08_057_snr0,vivos,whisper,small,zero_shot,,42,0,music,NÓ LẬT ĐẬT ĐẠP CHIẾC XE CÀ TÀNG BĂNG NGAY RA ĐẦU ĐƯỜNG, Nó là đặt đặt chiếc xe cà tàn băng ngay ra đầu đường
VIVOSDEV08_057_snr10,vivos,whisper,small,zero_shot,,42,10,noise,NÓ LẬT ĐẬT ĐẠP CHIẾC XE CÀ TÀNG BĂNG NGAY RA ĐẦU ĐƯỜNG," Nó là đặt đặt phí xe cà tàn, băng ngay ra đầu đường"
VIVOSDEV08_057_snr20,vivos,whisper,small,zero_shot,,42,20,music,NÓ LẬT ĐẬT ĐẠP CHIẾC XE CÀ TÀNG BĂNG NGAY RA ĐẦU ĐƯỜNG, Nó là đặt đặt chiếc xe cà tàn băng ngay ra đầu đường
VIVOSDEV08_057_snr5,vivos,whisper,small,zero_shot,,42,5,music,NÓ LẬT ĐẬT ĐẠP CHIẾC XE CÀ TÀNG BĂNG NGAY RA ĐẦU ĐƯỜNG, Nó lật đặt đặt dịch xe cà tàn băng ngay ra đầu đường
VIVOSDEV08_062_clean,vivos,whisper,small,zero_shot,,42,clean,clean,HOẶC CHỈ BIỂU HIỆN BẰNG CÁC RỐI LOẠN CO BÓP, hoặc chỉ biêu hiện bằng các rõ lọn co-bub
VIVOSDEV08_062_snr0,vivos,whisper,small,zero_shot,,42,0,noise,HOẶC CHỈ BIỂU HIỆN BẰNG CÁC RỐI LOẠN CO BÓP, hoặc chỉ biêu hiện bằng cách rơ lộn co-bub
VIVOSDEV08_062_snr10,vivos,whisper,small,zero_shot,,42,10,noise,HOẶC CHỈ BIỂU HIỆN BẰNG CÁC RỐI LOẠN CO BÓP, hoặc chỉ biêu hiện bằng các rõ lọn co-bub
VIVOSDEV08_062_snr20,vivos,whisper,small,zero_shot,,42,20,music,HOẶC CHỈ BIỂU HIỆN BẰNG CÁC RỐI LOẠN CO BÓP, hoặc chỉ biêu hiện bằng các rõ lọn co-bub
VIVOSDEV08_062_snr5,vivos,whisper,small,zero_shot,,42,5,speech,HOẶC CHỈ BIỂU HIỆN BẰNG CÁC RỐI LOẠN CO BÓP, Hoặc ki bưu hiện bằng cách rơ lộng có bớt
VIVOSDEV08_071_clean,vivos,whisper,small,zero_shot,,42,clean,clean,KHI TÔI LÀ CON BÉ LỚP BỐN THÌ CÂY VẢ ĐÃ CAO QUÁ NÓC NHÀ, Khi tôi là con bé lớp 4 thì cái vả đã cao qua nóc nhà
VIVOSDEV08_071_snr0,vivos,whisper,small,zero_shot,,42,0,music,KHI TÔI LÀ CON BÉ LỚP BỐN THÌ CÂY VẢ ĐÃ CAO QUÁ NÓC NHÀ, Khi tôi là con bé lớp 4 thì kê vả Naka Hoa Núc Nga
VIVOSDEV08_071_snr10,vivos,whisper,small,zero_shot,,42,10,noise,KHI TÔI LÀ CON BÉ LỚP BỐN THÌ CÂY VẢ ĐÃ CAO QUÁ NÓC NHÀ, Khi tôi là con bé lớp 4 thì cây vả đã cao qua nóc nhà.
VIVOSDEV08_071_snr20,vivos,whisper,small,zero_shot,,42,20,music,KHI TÔI LÀ CON BÉ LỚP BỐN THÌ CÂY VẢ ĐÃ CAO QUÁ NÓC NHÀ, Khi tôi là con bé lớp 4 thì cây vả đã cao qua nóc nhà
VIVOSDEV08_071_snr5,vivos,whisper,small,zero_shot,,42,5,noise,KHI TÔI LÀ CON BÉ LỚP BỐN THÌ CÂY VẢ ĐÃ CAO QUÁ NÓC NHÀ, Khi tôi là con bé lớp 4 thì kênh vả đã cao qua nóc nhà
VIVOSDEV08_077_clean,vivos,whisper,small,zero_shot,,42,clean,clean,BUỔI ĐẦU THẬT KHÓ KHĂN THEO ĐUỔI CHƯƠNG TRÌNH HỌC, Bụi đào thật có khăn theo đổi chương trình học
VIVOSDEV08_077_snr0,vivos,whisper,small,zero_shot,,42,0,speech,BUỔI ĐẦU THẬT KHÓ KHĂN THEO ĐUỔI CHƯƠNG TRÌNH HỌC, Mỗi đào sẽ có khác theo đối chương trình nào.
VIVOSDEV08_077_snr10,vivos,whisper,small,zero_shot,,42,10,noise,BUỔI ĐẦU THẬT KHÓ KHĂN THEO ĐUỔI CHƯƠNG TRÌNH HỌC, Bụi đào thật có khăn theo đổi chương trình học
VIVOSDEV08_077_snr20,vivos,whisper,small,zero_shot,,42,20,noise,BUỔI ĐẦU THẬT KHÓ KHĂN THEO ĐUỔI CHƯƠNG TRÌNH HỌC, Bụi đào thật có khăn theo đổi chương trình học
VIVOSDEV08_077_snr5,vivos,whisper,small,zero_shot,,42,5,noise,BUỔI ĐẦU THẬT KHÓ KHĂN THEO ĐUỔI CHƯƠNG TRÌNH HỌC, Bữa đầu thật có khăn theo đổi chương trình học
VIVOSDEV08_090_clean,vivos,whisper,small,zero_shot,,42,clean,clean,VÌ KHÔNG CÓ TIỀN ĐÓNG HỌC PHÍ, Vì không có tiền đóng hợp phí
VIVOSDEV08_090_snr0,vivos,whisper,small,zero_shot,,42,0,music,VÌ KHÔNG CÓ TIỀN ĐÓNG HỌC PHÍ, Vì các mất tiền nắm học xí
VIVOSDEV08_090_snr10,vivos,whisper,small,zero_shot,,42,10,speech,VÌ KHÔNG CÓ TIỀN ĐÓNG HỌC PHÍ, Vì không có tiền đóng hợp phí.
VIVOSDEV08_090_snr20,vivos,whisper,small,zero_shot,,42,20,speech,VÌ KHÔNG CÓ TIỀN ĐÓNG HỌC PHÍ, Vì không có tiền đóng hợp phí
VIVOSDEV08_090_snr5,vivos,whisper,small,zero_shot,,42,5,music,VÌ KHÔNG CÓ TIỀN ĐÓNG HỌC PHÍ, Vì không có tiền đóng hợp phí
VIVOSDEV08_129_clean,vivos,whisper,small,zero_shot,,42,clean,clean,NƯỚC GỖ TRÊN CHIẾC ĐỒNG HỒ ĐÃ BẮT LÊN MÀU GỤ BÓNG LOÁNG, Nước gõ trên chiếc đồng hò để bắt lên màu vụ móng loán.
VIVOSDEV08_129_snr0,vivos,whisper,small,zero_shot,,42,0,music,NƯỚC GỖ TRÊN CHIẾC ĐỒNG HỒ ĐÃ BẮT LÊN MÀU GỤ BÓNG LOÁNG, Nước gõ trên chiếc đồng hò để bắt lên màu gũ mông loán
VIVOSDEV08_129_snr10,vivos,whisper,small,zero_shot,,42,10,noise,NƯỚC GỖ TRÊN CHIẾC ĐỒNG HỒ ĐÃ BẮT LÊN MÀU GỤ BÓNG LOÁNG, nước gỗ trên chiếc đồng hò đã bắt lên màu gụu móng loán
VIVOSDEV08_129_snr20,vivos,whisper,small,zero_shot,,42,20,noise,NƯỚC GỖ TRÊN CHIẾC ĐỒNG HỒ ĐÃ BẮT LÊN MÀU GỤ BÓNG LOÁNG, nước gỗ trên chiếc đồng hò để bắt lên màu vụ móng loán
VIVOSDEV08_129_snr5,vivos,whisper,small,zero_shot,,42,5,noise,NƯỚC GỖ TRÊN CHIẾC ĐỒNG HỒ ĐÃ BẮT LÊN MÀU GỤ BÓNG LOÁNG, Nước gõ trên chiếc đồng hò để bắt lên màu vụ móng loán.
VIVOSDEV08_143_clean,vivos,whisper,small,zero_shot,,42,clean,clean,THAM GIA GIẢNG DẠY LÀ LỰC LƯỢNG ĐOÀN VIÊN, Tham gia sáng dải là lực lượng đồng viên.
VIVOSDEV08_143_snr0,vivos,whisper,small,zero_shot,,42,0,noise,THAM GIA GIẢNG DẠY LÀ LỰC LƯỢNG ĐOÀN VIÊN," Thám ra, dạng dài là lực tưởng đồng viên"
VIVOSDEV08_143_snr10,vivos,whisper,small,zero_shot,,42,10,noise,THAM GIA GIẢNG DẠY LÀ LỰC LƯỢNG ĐOÀN VIÊN, Hăm ra sản giải là lực lượng đồng viên
VIVOSDEV08_143_snr20,vivos,whisper,small,zero_shot,,42,20,music,THAM GIA GIẢNG DẠY LÀ LỰC LƯỢNG ĐOÀN VIÊN, Tham gia sáng dải là lực lượng đồng viên
VIVOSDEV08_143_snr5,vivos,whisper,small,zero_shot,,42,5,music,THAM GIA GIẢNG DẠY LÀ LỰC LƯỢNG ĐOÀN VIÊN," Tham gia, dãi là lực lượng đồng viên."
VIVOSDEV08_145_clean,vivos,whisper,small,zero_shot,,42,clean,clean,VÀ VẢI HOẶC CÓI NHIỀU MÀU, và vải hoặc có nhiều màu.
VIVOSDEV08_145_snr0,vivos,whisper,small,zero_shot,,42,0,noise,VÀ VẢI HOẶC CÓI NHIỀU MÀU, và vải hoặc có nhiều màu.
VIVOSDEV08_145_snr10,vivos,whisper,small,zero_shot,,42,10,speech,VÀ VẢI HOẶC CÓI NHIỀU MÀU, Và vải hoặc có nhiều màu.
VIVOSDEV08_145_snr20,vivos,whisper,small,zero_shot,,42,20,music,VÀ VẢI HOẶC CÓI NHIỀU MÀU, và vải hoặc có nhiều màu.
VIVOSDEV08_145_snr5,vivos,whisper,small,zero_shot,,42,5,noise,VÀ VẢI HOẶC CÓI NHIỀU MÀU, và vải hoặc có nhiều màu
VIVOSDEV08_159_clean,vivos,whisper,small,zero_shot,,42,clean,clean,VỚI NGƯỜI MẸ Ở XÓM CHÀI LONG BIÊN, Với người mẹ ở sấm chai Long Biên
VIVOSDEV08_159_snr0,vivos,whisper,small,zero_shot,,42,0,music,VỚI NGƯỜI MẸ Ở XÓM CHÀI LONG BIÊN, với người mẹ ở Sánh Chai Long Biến
VIVOSDEV08_159_snr10,vivos,whisper,small,zero_shot,,42,10,music,VỚI NGƯỜI MẸ Ở XÓM CHÀI LONG BIÊN, với người mẹ ở Sấm Chai Long Biên
VIVOSDEV08_159_snr20,vivos,whisper,small,zero_shot,,42,20,speech,VỚI NGƯỜI MẸ Ở XÓM CHÀI LONG BIÊN, Với người mẹ ở Sấm Chai Long Biên.
VIVOSDEV08_159_snr5,vivos,whisper,small,zero_shot,,42,5,music,VỚI NGƯỜI MẸ Ở XÓM CHÀI LONG BIÊN, Với người mẹ ở Sấm Chai Long Biên
VIVOSDEV08_182_clean,vivos,whisper,small,zero_shot,,42,clean,clean,KẾT QUẢ CHỈ CÓ VỎN VẸN BA NGƯỜI CÒN BIẾT DỆT, Kết quả chỉ có võn vẹn 3 người còn biết dẹp.
VIVOSDEV08_182_snr0,vivos,whisper,small,zero_shot,,42,0,music,KẾT QUẢ CHỈ CÓ VỎN VẸN BA NGƯỜI CÒN BIẾT DỆT, Kết quả chỉ có võn vẹn 3 người còn biết dạch.
VIVOSDEV08_182_snr10,vivos,whisper,small,zero_shot,,42,10,noise,KẾT QUẢ CHỈ CÓ VỎN VẸN BA NGƯỜI CÒN BIẾT DỆT, Kết quả chỉ có võn vẹn 3 người còn biết dạp.
VIVOSDEV08_182_snr20,vivos,whisper,small,zero_shot,,42,20,noise,KẾT QUẢ CHỈ CÓ VỎN VẸN BA NGƯỜI CÒN BIẾT DỆT, Kết quả chỉ có võn vẹn 3 người còn biết dạp
VIVOSDEV08_182_snr5,vivos,whisper,small,zero_shot,,42,5,noise,KẾT QUẢ CHỈ CÓ VỎN VẸN BA NGƯỜI CÒN BIẾT DỆT, Kết quả chỉ có võng vẹn 3 người còn biết gì
VIVOSDEV08_193_clean,vivos,whisper,small,zero_shot,,42,clean,clean,LÀ TƯƠNG ĐỐI CÓ HIỆU QUẢ, là tương đối có hiệu quả.
VIVOSDEV08_193_snr0,vivos,whisper,small,zero_shot,,42,0,noise,LÀ TƯƠNG ĐỐI CÓ HIỆU QUẢ, là tương đối có hiệu quả
VIVOSDEV08_193_snr10,vivos,whisper,small,zero_shot,,42,10,music,LÀ TƯƠNG ĐỐI CÓ HIỆU QUẢ, là tương đối có hiệu quả
VIVOSDEV08_193_snr20,vivos,whisper,small,zero_shot,,42,20,noise,LÀ TƯƠNG ĐỐI CÓ HIỆU QUẢ, là tương đối có hiệu quả.
VIVOSDEV08_193_snr5,vivos,whisper,small,zero_shot,,42,5,noise,LÀ TƯƠNG ĐỐI CÓ HIỆU QUẢ, là tương đối có hiệu quả
VIVOSDEV08_210_clean,vivos,whisper,small,zero_shot,,42,clean,clean,HAI MƯƠI SÁU HAI MƯƠI BẢY," 20 giáo, 20 bãi"
VIVOSDEV08_210_snr0,vivos,whisper,small,zero_shot,,42,0,music,HAI MƯƠI SÁU HAI MƯƠI BẢY," Em ơi chào, em ơi bài"
VIVOSDEV08_210_snr10,vivos,whisper,small,zero_shot,,42,10,noise,HAI MƯƠI SÁU HAI MƯƠI BẢY, Hẹn gặp lại!
VIVOSDEV08_210_snr20,vivos,whisper,small,zero_shot,,42,20,noise,HAI MƯƠI SÁU HAI MƯƠI BẢY," 26, 27"
VIVOSDEV08_210_snr5,vivos,whisper,small,zero_shot,,42,5,speech,HAI MƯƠI SÁU HAI MƯƠI BẢY, Hẹn gặp lại trong lúc này!
VIVOSDEV08_233_clean,vivos,whisper,small,zero_shot,,42,clean,clean,BẢY MƯƠI HAI BẢY MƯƠI BA, 72 73
VIVOSDEV08_233_snr0,vivos,whisper,small,zero_shot,,42,0,noise,BẢY MƯƠI HAI BẢY MƯƠI BA, 72 73
VIVOSDEV08_233_snr10,vivos,whisper,small,zero_shot,,42,10,music,BẢY MƯƠI HAI BẢY MƯƠI BA, 72 73
VIVOSDEV08_233_snr20,vivos,whisper,small,zero_shot,,42,20,music,BẢY MƯƠI HAI BẢY MƯƠI BA, 72 73
VIVOSDEV08_233_snr5,vivos,whisper,small,zero_shot,,42,5,speech,BẢY MƯƠI HAI BẢY MƯƠI BA," Bái 12, bái 13"
VIVOSDEV08_270_clean,vivos,whisper,small,zero_shot,,42,clean,clean,NÓI THẬT ĐẤY À, Nói thật nè!
VIVOSDEV08_270_snr0,vivos,whisper,small,zero_shot,,42,0,speech,NÓI THẬT ĐẤY À, Đó là khóa.
VIVOSDEV08_270_snr10,vivos,whisper,small,zero_shot,,42,10,noise,NÓI THẬT ĐẤY À, Nói thật đè à
VIVOSDEV08_270_snr20,vivos,whisper,small,zero_shot,,42,20,noise,NÓI THẬT ĐẤY À, Nói thật đè à
VIVOSDEV08_270_snr5,vivos,whisper,small,zero_shot,,42,5,music,NÓI THẬT ĐẤY À, Đói thật đẹp
VIVOSDEV08_277_clean,vivos,whisper,small,zero_shot,,42,clean,clean,ĐÀN ÔNG CÓ HAI THỨ ĐỂ BUỒN, Đàn ông có hai thứ để buồn
VIVOSDEV08_277_snr0,vivos,whisper,small,zero_shot,,42,0,music,ĐÀN ÔNG CÓ HAI THỨ ĐỂ BUỒN, Đang ong có ai thứ để buồn
VIVOSDEV08_277_snr10,vivos,whisper,small,zero_shot,,42,10,music,ĐÀN ÔNG CÓ HAI THỨ ĐỂ BUỒN, Đảng ông có ai thứ để buồn
VIVOSDEV08_277_snr20,vivos,whisper,small,zero_shot,,42,20,noise,ĐÀN ÔNG CÓ HAI THỨ ĐỂ BUỒN, Đàn ông có hai thứ để buồn
VIVOSDEV08_277_snr5,vivos,whisper,small,zero_shot,,42,5,speech,ĐÀN ÔNG CÓ HAI THỨ ĐỂ BUỒN, Mình xin đàn ông có ai thứ để bồn.
VIVOSDEV08_295_clean,vivos,whisper,small,zero_shot,,42,clean,clean,GIÀU ĐỔI BẠN SANG ĐỔI VỢ," Gào đối bạn, sáng đối vợ!"
VIVOSDEV08_295_snr0,vivos,whisper,small,zero_shot,,42,0,music,GIÀU ĐỔI BẠN SANG ĐỔI VỢ," Sào đối bạn, xan đối vợ!"
VIVOSDEV08_295_snr10,vivos,whisper,small,zero_shot,,42,10,music,GIÀU ĐỔI BẠN SANG ĐỔI VỢ," Gào đỡ bạn, sang đối vợ"
VIVOSDEV08_295_snr20,vivos,whisper,small,zero_shot,,42,20,music,GIÀU ĐỔI BẠN SANG ĐỔI VỢ," Gào đối bạn, sang đối vợ!"
VIVOSDEV08_295_snr5,vivos,whisper,small,zero_shot,,42,5,music,GIÀU ĐỔI BẠN SANG ĐỔI VỢ," Gào đối bạn, sang đối vợ!"
VIVOSDEV08_300_clean,vivos,whisper,small,zero_shot,,42,clean,clean,ÁN MẠNG TRÊN TOA TÀU TỐC HÀNH, Áng mạng trên to tạo tóc hành.
VIVOSDEV08_300_snr0,vivos,whisper,small,zero_shot,,42,0,noise,ÁN MẠNG TRÊN TOA TÀU TỐC HÀNH, án mạn trên to tạo tấp hành
VIVOSDEV08_300_snr10,vivos,whisper,small,zero_shot,,42,10,music,ÁN MẠNG TRÊN TOA TÀU TỐC HÀNH, Ăn mạng trên to tạo tóc hành
VIVOSDEV08_300_snr20,vivos,whisper,small,zero_shot,,42,20,speech,ÁN MẠNG TRÊN TOA TÀU TỐC HÀNH, án mạng trên to tạo tốc hành.
VIVOSDEV08_300_snr5,vivos,whisper,small,zero_shot,,42,5,noise,ÁN MẠNG TRÊN TOA TÀU TỐC HÀNH, ác mạng trên cao tạo tóc hành
VIVOSDEV09_029_clean,vivos,whisper,small,zero_shot,,42,clean,clean,BẠN CÓ THỂ KHIỂN TRÁCH NGƯỜI LÁI XE, bạn có thể kiến chất người lái xe à?
VIVOSDEV09_029_snr0,vivos,whisper,small,zero_shot,,42,0,noise,BẠN CÓ THỂ KHIỂN TRÁCH NGƯỜI LÁI XE, bạn có thể khiến chất người lái xe
VIVOSDEV09_029_snr10,vivos,whisper,small,zero_shot,,42,10,noise,BẠN CÓ THỂ KHIỂN TRÁCH NGƯỜI LÁI XE, bạn có thể kiến chất người lai xe à?
VIVOSDEV09_029_snr20,vivos,whisper,small,zero_shot,,42,20,noise,BẠN CÓ THỂ KHIỂN TRÁCH NGƯỜI LÁI XE, bạn có thể kiến chất người lái xe
VIVOSDEV09_029_snr5,vivos,whisper,small,zero_shot,,42,5,music,BẠN CÓ THỂ KHIỂN TRÁCH NGƯỜI LÁI XE, bạn có thể kiến trách người lai xe
VIVOSDEV09_035_clean,vivos,whisper,small,zero_shot,,42,clean,clean,LOÁNG THOÁNG TRĂN TRỞ LOÁNG THOÁNG BUỒN VUI, Lóng thoáng trăng trở lóng thoáng bùng vui.
VIVOSDEV09_035_snr0,vivos,whisper,small,zero_shot,,42,0,noise,LOÁNG THOÁNG TRĂN TRỞ LOÁNG THOÁNG BUỒN VUI, Lóng thoáng trong trả lóng thoáng buồn vui
VIVOSDEV09_035_snr10,vivos,whisper,small,zero_shot,,42,10,noise,LOÁNG THOÁNG TRĂN TRỞ LOÁNG THOÁNG BUỒN VUI, Loan thoáng trần trở loan tháng bùng vui.
VIVOSDEV09_035_snr20,vivos,whisper,small,zero_shot,,42,20,noise,LOÁNG THOÁNG TRĂN TRỞ LOÁNG THOÁNG BUỒN VUI, Loan thoáng trần trở loan thoáng bùng rôi
VIVOSDEV09_035_snr5,vivos,whisper,small,zero_shot,,42,5,noise,LOÁNG THOÁNG TRĂN TRỞ LOÁNG THOÁNG BUỒN VUI, Lóng thoáng trăng trở lóng thoáng bùng vui
VIVOSDEV09_038_clean,vivos,whisper,small,zero_shot,,42,clean,clean,PHÒNG TRÀ KHIÊU VŨ CÁNH QUẠT CỐI XAY ĐỎ, Phòng trà khí vụ kính hoạt có xây đó.
VIVOSDEV09_038_snr0,vivos,whisper,small,zero_shot,,42,0,speech,PHÒNG TRÀ KHIÊU VŨ CÁNH QUẠT CỐI XAY ĐỎ, Một phòng trạm hiểu của gần web của xe đoàn.
VIVOSDEV09_038_snr10,vivos,whisper,small,zero_shot,,42,10,speech,PHÒNG TRÀ KHIÊU VŨ CÁNH QUẠT CỐI XAY ĐỎ, Phòng trạc hiếu vụ cánh hoạt có xây đó.
VIVOSDEV09_038_snr20,vivos,whisper,small,zero_shot,,42,20,noise,PHÒNG TRÀ KHIÊU VŨ CÁNH QUẠT CỐI XAY ĐỎ, Phòng trà khí vụ kính hoạt có xây đó.
VIVOSDEV09_038_snr5,vivos,whisper,small,zero_shot,,42,5,noise,PHÒNG TRÀ KHIÊU VŨ CÁNH QUẠT CỐI XAY ĐỎ," Vòng, phòng chà thi vụ cánh hoạt có xây đỏ."
VIVOSDEV09_041_clean,vivos,whisper,small,zero_shot,,42,clean,clean,HIỆN TRONG NHIỀU LOẠI TỎI CÓ MẶT TRÊN THỊ TRƯỜNG, Hẹn trong nhiều loại tỏi có mặt trên hình trường.
VIVOSDEV09_041_snr0,vivos,whisper,small,zero_shot,,42,0,noise,HIỆN TRONG NHIỀU LOẠI TỎI CÓ MẶT TRÊN THỊ TRƯỜNG, Hẹn gặp lại các tỏa mặt trên hình trường
VIVOSDEV09_041_snr10,vivos,whisper,small,zero_shot,,42,10,music,HIỆN TRONG NHIỀU LOẠI TỎI CÓ MẶT TRÊN THỊ TRƯỜNG, hiện trong nhiều loại tỏi có mặt trên hệ trường.
VIVOSDEV09_041_snr20,vivos,whisper,small,zero_shot,,42,20,music,HIỆN TRONG NHIỀU LOẠI TỎI CÓ MẶT TRÊN THỊ TRƯỜNG, hiện trong nhiều loại tỏi có mặt trên hình trường.
VIVOSDEV09_041_snr5,vivos,whisper,small,zero_shot,,42,5,speech,HIỆN TRONG NHIỀU LOẠI TỎI CÓ MẶT TRÊN THỊ TRƯỜNG, Hãy chung nhờ lãi đại góng chân hiệu trường.
VIVOSDEV09_081_clean,vivos,whisper,small,zero_shot,,42,clean,clean,ĐƯỢC MỸ RÁO RIẾT TUNG RA, Được Mỹ ra khuếc túm ra
VIVOSDEV09_081_snr0,vivos,whisper,small,zero_shot,,42,0,noise,ĐƯỢC MỸ RÁO RIẾT TUNG RA," Được Mỹ ra, quý vị quý vị quý vị quý vị quý vị quý vị quý vị quý vị quý vị quý vị quý vị quý vị quý vị quý vị quý vị quý vị quý vị quý vị quý vị quý vị quý vị quý vị quý vị quý vị quý vị quý vị quý vị quý vị quý vị quý vị quý vị quý vị quý vị quý vị quý vị quý vị quý vị quý vị quý vị quý vị quý vị"
VIVOSDEV09_081_snr10,vivos,whisper,small,zero_shot,,42,10,noise,ĐƯỢC MỸ RÁO RIẾT TUNG RA, Được mấy ra khối tung ra
VIVOSDEV09_081_snr20,vivos,whisper,small,zero_shot,,42,20,speech,ĐƯỢC MỸ RÁO RIẾT TUNG RA, Được mấy ra khuếp tung ra
VIVOSDEV09_081_snr5,vivos,whisper,small,zero_shot,,42,5,speech,ĐƯỢC MỸ RÁO RIẾT TUNG RA, Đừng mênh ra con súng rau.
VIVOSDEV09_083_clean,vivos,whisper,small,zero_shot,,42,clean,clean,VÌ LƯỢNG CA KHÚC MỚI QUÁ NHIỀU, Vì lượng ca khúc mới quá nhiều.
VIVOSDEV09_083_snr0,vivos,whisper,small,zero_shot,,42,0,noise,VÌ LƯỢNG CA KHÚC MỚI QUÁ NHIỀU, Vì lượng ca khúc mới quá nhiều
VIVOSDEV09_083_snr10,vivos,whisper,small,zero_shot,,42,10,speech,VÌ LƯỢNG CA KHÚC MỚI QUÁ NHIỀU, Vì lượng ca khúc mới quá nhiều.
VIVOSDEV09_083_snr20,vivos,whisper,small,zero_shot,,42,20,music,VÌ LƯỢNG CA KHÚC MỚI QUÁ NHIỀU, Vì lưỡng ca khúc mới quá nhiều
VIVOSDEV09_083_snr5,vivos,whisper,small,zero_shot,,42,5,music,VÌ LƯỢNG CA KHÚC MỚI QUÁ NHIỀU, Về lưỡng ca khúc mới hoá hiểm
VIVOSDEV09_091_clean,vivos,whisper,small,zero_shot,,42,clean,clean,NƯỚC CHẢY QUÁ MẠNH, nước chạy quá mạnh
VIVOSDEV09_091_snr0,vivos,whisper,small,zero_shot,,42,0,speech,NƯỚC CHẢY QUÁ MẠNH, Nước chảy quá màn
VIVOSDEV09_091_snr10,vivos,whisper,small,zero_shot,,42,10,speech,NƯỚC CHẢY QUÁ MẠNH, Nước chạy quá mạnh.
VIVOSDEV09_091_snr20,vivos,whisper,small,zero_shot,,42,20,speech,NƯỚC CHẢY QUÁ MẠNH, nước chạy quá mạnh.
VIVOSDEV09_091_snr5,vivos,whisper,small,zero_shot,,42,5,noise,NƯỚC CHẢY QUÁ MẠNH, nước chạy quá mình
VIVOSDEV09_098_clean,vivos,whisper,small,zero_shot,,42,clean,clean,KHIẾN CẢ HAI PHẢI GIẬN HỜN VÔ LÝ, khiến cả hai phải dẫn hơn vô lý.
VIVOSDEV09_098_snr0,vivos,whisper,small,zero_shot,,42,0,music,KHIẾN CẢ HAI PHẢI GIẬN HỜN VÔ LÝ, Kiến cản hôm phải dẫn hồi vô lý
VIVOSDEV09_098_snr10,vivos,whisper,small,zero_shot,,42,10,speech,KHIẾN CẢ HAI PHẢI GIẬN HỜN VÔ LÝ, khiến cả hai phải dẫn hơn vô lý.
VIVOSDEV09_098_snr20,vivos,whisper,small,zero_shot,,42,20,noise,KHIẾN CẢ HAI PHẢI GIẬN HỜN VÔ LÝ, khiến cả hai phải dẫn hơn vô lý.
VIVOSDEV09_098_snr5,vivos,whisper,small,zero_shot,,42,5,music,KHIẾN CẢ HAI PHẢI GIẬN HỜN VÔ LÝ, Kiến cả 2 phải dẫn hơn Vô Lý
VIVOSDEV09_106_clean,vivos,whisper,small,zero_shot,,42,clean,clean,RỒI CHÌM LỈM MỘT THỜI GIAN, Rồi chiều liễm một thời gian
VIVOSDEV09_106_snr0,vivos,whisper,small,zero_shot,,42,0,speech,RỒI CHÌM LỈM MỘT THỜI GIAN, Rồi chiêm lĩ 1 thời gian
VIVOSDEV09_106_snr10,vivos,whisper,small,zero_shot,,42,10,noise,RỒI CHÌM LỈM MỘT THỜI GIAN, Rồi chiều liễm một thời gian
VIVOSDEV09_106_snr20,vivos,whisper,small,zero_shot,,42,20,music,RỒI CHÌM LỈM MỘT THỜI GIAN, Rồi chiêm liếm một thời gian
VIVOSDEV09_106_snr5,vivos,whisper,small,zero_shot,,42,5,noise,RỒI CHÌM LỈM MỘT THỜI GIAN, Rồi chiều lễ một thời gian
VIVOSDEV09_134_clean,vivos,whisper,small,zero_shot,,42,clean,clean,CÂU TRẢ LỜI CỦA ÔNG TA RẤT KHIẾM NHÃ, câu trả lời của ông Tân rất khiếm nhả
VIVOSDEV09_134_snr0,vivos,whisper,small,zero_shot,,42,0,noise,CÂU TRẢ LỜI CỦA ÔNG TA RẤT KHIẾM NHÃ, câu trả lời của ông Tân rất khiếm nhả
VIVOSDEV09_134_snr10,vivos,whisper,small,zero_shot,,42,10,noise,CÂU TRẢ LỜI CỦA ÔNG TA RẤT KHIẾM NHÃ, câu trả lời của hôn ta rất khiến nhả
VIVOSDEV09_134_snr20,vivos,whisper,small,zero_shot,,42,20,noise,CÂU TRẢ LỜI CỦA ÔNG TA RẤT KHIẾM NHÃ, câu trả lời của ông Tân rất khiếm nhả
VIVOSDEV09_134_snr5,vivos,whisper,small,zero_shot,,42,5,noise,CÂU TRẢ LỜI CỦA ÔNG TA RẤT KHIẾM NHÃ, câu trải lời của ông Tân rất khím nhã
VIVOSDEV09_142_clean,vivos,whisper,small,zero_shot,,42,clean,clean,VỀ CHUYỆN ĐANG THEO DÕI BỌN GIÁN ĐIỆP NƯỚC NGOÀI, về chuyện đang theo dõi bọn gián điểm nước ngoài.
VIVOSDEV09_142_snr0,vivos,whisper,small,zero_shot,,42,0,noise,VỀ CHUYỆN ĐANG THEO DÕI BỌN GIÁN ĐIỆP NƯỚC NGOÀI, Về chuyện đang theo dõi bọn gián hệm nước ngoài.
VIVOSDEV09_142_snr10,vivos,whisper,small,zero_shot,,42,10,noise,VỀ CHUYỆN ĐANG THEO DÕI BỌN GIÁN ĐIỆP NƯỚC NGOÀI, về chuyện đang theo dõi bọn gián điểm nước ngoài.
VIVOSDEV09_142_snr20,vivos,whisper,small,zero_shot,,42,20,noise,VỀ CHUYỆN ĐANG THEO DÕI BỌN GIÁN ĐIỆP NƯỚC NGOÀI, về chuyện đang theo dõi bọn gián điệp nước ngoài.
VIVOSDEV09_142_snr5,vivos,whisper,small,zero_shot,,42,5,music,VỀ CHUYỆN ĐANG THEO DÕI BỌN GIÁN ĐIỆP NƯỚC NGOÀI, về chuyện đang theo dõi bọn gián điểm nước ngoài.
VIVOSDEV09_144_clean,vivos,whisper,small,zero_shot,,42,clean,clean,ĐƯỢC CẮT TỪ VỎ CHĂN BỘ ĐỘI CŨ CỦA CÁC ÔNG BỐ RA, Được các từ võ trang bộ đoại cụ của các ông Bora.
VIVOSDEV09_144_snr0,vivos,whisper,small,zero_shot,,42,0,noise,ĐƯỢC CẮT TỪ VỎ CHĂN BỘ ĐỘI CŨ CỦA CÁC ÔNG BỐ RA, được các từ võ trang bộ đoại cụ của các thông bố ra.
VIVOSDEV09_144_snr10,vivos,whisper,small,zero_shot,,42,10,speech,ĐƯỢC CẮT TỪ VỎ CHĂN BỘ ĐỘI CŨ CỦA CÁC ÔNG BỐ RA, được các từ võ trang bộ đoại cụ của các ông Bora.
VIVOSDEV09_144_snr20,vivos,whisper,small,zero_shot,,42,20,noise,ĐƯỢC CẮT TỪ VỎ CHĂN BỘ ĐỘI CŨ CỦA CÁC ÔNG BỐ RA, được cắt từ võ chăng bộ đoại cụ của các ông Bora
VIVOSDEV09_144_snr5,vivos,whisper,small,zero_shot,,42,5,noise,ĐƯỢC CẮT TỪ VỎ CHĂN BỘ ĐỘI CŨ CỦA CÁC ÔNG BỐ RA, được cắt từ võ chăng bộ đoại cụ của các thông bố ra
VIVOSDEV09_159_clean,vivos,whisper,small,zero_shot,,42,clean,clean,TỨC LẤY SỤN LÀNH TỪ NƠI KHÔNG PHẢI CHỊU LỰC GHÉP VÀO NƠI HƯ, Tức lấy sụm lạnh từ nơi không phải chiều lực để vào nơi hư.
VIVOSDEV09_159_snr0,vivos,whisper,small,zero_shot,,42,0,speech,TỨC LẤY SỤN LÀNH TỪ NƠI KHÔNG PHẢI CHỊU LỰC GHÉP VÀO NƠI HƯ, tức lẽ chủng làn tựa nó không phải kiều lực kế vào nơi hơn.
VIVOSDEV09_159_snr10,vivos,whisper,small,zero_shot,,42,10,noise,TỨC LẤY SỤN LÀNH TỪ NƠI KHÔNG PHẢI CHỊU LỰC GHÉP VÀO NƠI HƯ, tức lấy sụm lạnh từ nơi không phải chiều lực giá vào nơi hư
VIVOSDEV09_159_snr20,vivos,whisper,small,zero_shot,,42,20,noise,TỨC LẤY SỤN LÀNH TỪ NƠI KHÔNG PHẢI CHỊU LỰC GHÉP VÀO NƠI HƯ, Tức lấy sụm lạnh từ nơi không phải chiều lực để vào nơi hư.
VIVOSDEV09_159_snr5,vivos,whisper,small,zero_shot,,42,5,music,TỨC LẤY SỤN LÀNH TỪ NƠI KHÔNG PHẢI CHỊU LỰC GHÉP VÀO NƠI HƯ, tức lấy sụm lạnh từ nơi không phải chịu lực ép vào nơi hư.
VIVOSDEV09_163_clean,vivos,whisper,small,zero_shot,,42,clean,clean,ĐIỀU VÔ CÙNG QUAN TRỌNG TRONG THỜI ĐẠI CÓ QUÁ NHIỀU HOẠT ĐỘNG, Điều vô cùng quan trọng trong thời đại có nhiều hoạt động.
VIVOSDEV09_163_snr0,vivos,whisper,small,zero_shot,,42,0,speech,ĐIỀU VÔ CÙNG QUAN TRỌNG TRONG THỜI ĐẠI CÓ QUÁ NHIỀU HOẠT ĐỘNG, Điều vô cùng quan trọng trong thời đại có nhiều hoạt động.
VIVOSDEV09_163_snr10,vivos,whisper,small,zero_shot,,42,10,noise,ĐIỀU VÔ CÙNG QUAN TRỌNG TRONG THỜI ĐẠI CÓ QUÁ NHIỀU HOẠT ĐỘNG, điều vô cùng quan trọng trong thời đại có nhiều hoạt động
VIVOSDEV09_163_snr20,vivos,whisper,small,zero_shot,,42,20,speech,ĐIỀU VÔ CÙNG QUAN TRỌNG TRONG THỜI ĐẠI CÓ QUÁ NHIỀU HOẠT ĐỘNG, điều vô cùng quan trọng trong thời đại có nhiều hoạt động.
VIVOSDEV09_163_snr5,vivos,whisper,small,zero_shot,,42,5,noise,ĐIỀU VÔ CÙNG QUAN TRỌNG TRONG THỜI ĐẠI CÓ QUÁ NHIỀU HOẠT ĐỘNG, Điều vô cùng quan trọng trong thời đại có nhiều hoạt động.
VIVOSDEV09_166_clean,vivos,whisper,small,zero_shot,,42,clean,clean,THÍ SINH TỰ DO CẦN QUAN TÂM ĐẾN ĐỘ VÊNH KIẾN THỨC CÁC MÔN, Thí sinh tự do cần quan tâm đến độ văn kiến thức các môn.
VIVOSDEV09_166_snr0,vivos,whisper,small,zero_shot,,42,0,music,THÍ SINH TỰ DO CẦN QUAN TÂM ĐẾN ĐỘ VÊNH KIẾN THỨC CÁC MÔN, Chí xương tự do cho ngoài tâm đến độ quan kiến thức các môn.
VIVOSDEV09_166_snr10,vivos,whisper,small,zero_shot,,42,10,music,THÍ SINH TỰ DO CẦN QUAN TÂM ĐẾN ĐỘ VÊNH KIẾN THỨC CÁC MÔN, Thí sinh tự do cần quan tâm đến độ văn kiến thức các môn.
VIVOSDEV09_166_snr20,vivos,whisper,small,zero_shot,,42,20,speech,THÍ SINH TỰ DO CẦN QUAN TÂM ĐẾN ĐỘ VÊNH KIẾN THỨC CÁC MÔN, Thí sinh tự do cần quan tâm đến độ vân kiến thức các môn.
VIVOSDEV09_166_snr5,vivos,whisper,small,zero_shot,,42,5,speech,THÍ SINH TỰ DO CẦN QUAN TÂM ĐẾN ĐỘ VÊNH KIẾN THỨC CÁC MÔN, Ý sinh tự do cận hoa tâm đến nộ văn kiến thức các môn.
VIVOSDEV09_168_clean,vivos,whisper,small,zero_shot,,42,clean,clean,MỖI NGƯỜI CHÚNG TA SẼ CÓ NHỮNG THỨ KHÁC NHAU, Mọi người chúng ta sẽ có những thứ khác nhau.
VIVOSDEV09_168_snr0,vivos,whisper,small,zero_shot,,42,0,noise,MỖI NGƯỜI CHÚNG TA SẼ CÓ NHỮNG THỨ KHÁC NHAU, Mọi người chúng ta sẽ có những thứ khác nhau.
VIVOSDEV09_168_snr10,vivos,whisper,small,zero_shot,,42,10,music,MỖI NGƯỜI CHÚNG TA SẼ CÓ NHỮNG THỨ KHÁC NHAU, Mọi người chúng ta sẽ có những thứ khác nhau.
VIVOSDEV09_168_snr20,vivos,whisper,small,zero_shot,,42,20,noise,MỖI NGƯỜI CHÚNG TA SẼ CÓ NHỮNG THỨ KHÁC NHAU, Mọi người chúng ta sẽ có những thứ khác nhau
VIVOSDEV09_168_snr5,vivos,whisper,small,zero_shot,,42,5,noise,MỖI NGƯỜI CHÚNG TA SẼ CÓ NHỮNG THỨ KHÁC NHAU, Mọi người chúng ta sẽ có những thứ khác nhau.
VIVOSDEV09_178_clean,vivos,whisper,small,zero_shot,,42,clean,clean,VÀ THẬM CHÍ BẠN CŨNG KHÔNG NÊN CỐ GẮNG, và thậm chí bạn cũng không nên cố gắng.
VIVOSDEV09_178_snr0,vivos,whisper,small,zero_shot,,42,0,music,VÀ THẬM CHÍ BẠN CŨNG KHÔNG NÊN CỐ GẮNG, Và thậm chí bạn cũng không lần cố gắng
VIVOSDEV09_178_snr10,vivos,whisper,small,zero_shot,,42,10,music,VÀ THẬM CHÍ BẠN CŨNG KHÔNG NÊN CỐ GẮNG, và thậm chí bạn cũng không nên cố gắng.
VIVOSDEV09_178_snr20,vivos,whisper,small,zero_shot,,42,20,noise,VÀ THẬM CHÍ BẠN CŨNG KHÔNG NÊN CỐ GẮNG, và thậm chí bạn cũng không nên cố gắng.
VIVOSDEV09_178_snr5,vivos,whisper,small,zero_shot,,42,5,music,VÀ THẬM CHÍ BẠN CŨNG KHÔNG NÊN CỐ GẮNG, Và thậm chí bạn cũng không nên cố gắng
VIVOSDEV09_194_clean,vivos,whisper,small,zero_shot,,42,clean,clean,TRÊN BẦU TRỜI ÁNH TRĂNG SÁNG VẰNG VẶC, Trên bầu trời án trăng sáng vặn vặt.
VIVOSDEV09_194_snr0,vivos,whisper,small,zero_shot,,42,0,music,TRÊN BẦU TRỜI ÁNH TRĂNG SÁNG VẰNG VẶC, Trên bầu trời Ấn trang sáng phẳng vặn.
VIVOSDEV09_194_snr10,vivos,whisper,small,zero_shot,,42,10,noise,TRÊN BẦU TRỜI ÁNH TRĂNG SÁNG VẰNG VẶC, Trên bầu trời Ấn trăng sáng vặn vặt.
VIVOSDEV09_194_snr20,vivos,whisper,small,zero_shot,,42,20,music,TRÊN BẦU TRỜI ÁNH TRĂNG SÁNG VẰNG VẶC, Trên bầu trời Ấn trang sáng văn vặt.
VIVOSDEV09_194_snr5,vivos,whisper,small,zero_shot,,42,5,speech,TRÊN BẦU TRỜI ÁNH TRĂNG SÁNG VẰNG VẶC, Trên bầu trời ấn trăng sáng vặn vạc.
VIVOSDEV09_198_clean,vivos,whisper,small,zero_shot,,42,clean,clean,LÀ TỔ TIÊN CỦA ÔNG ĐẶNG LÊN ĐẢM TRÁCH VIỆC DẪN ĐƯỜNG, là tổ tiên của ông đặn lên đám chách việc dẫn đường.
VIVOSDEV09_198_snr0,vivos,whisper,small,zero_shot,,42,0,music,LÀ TỔ TIÊN CỦA ÔNG ĐẶNG LÊN ĐẢM TRÁCH VIỆC DẪN ĐƯỜNG, là tổ tiên của ông nặng lên nặng chấp việc giảm đường.
VIVOSDEV09_198_snr10,vivos,whisper,small,zero_shot,,42,10,noise,LÀ TỔ TIÊN CỦA ÔNG ĐẶNG LÊN ĐẢM TRÁCH VIỆC DẪN ĐƯỜNG, là tổ tiên của ông đặn lên đảm chấp việc dẫn đường
VIVOSDEV09_198_snr20,vivos,whisper,small,zero_shot,,42,20,music,LÀ TỔ TIÊN CỦA ÔNG ĐẶNG LÊN ĐẢM TRÁCH VIỆC DẪN ĐƯỜNG, là tổ tiên của ông đặn lên đám chách việc dẫn đường.
VIVOSDEV09_198_snr5,vivos,whisper,small,zero_shot,,42,5,music,LÀ TỔ TIÊN CỦA ÔNG ĐẶNG LÊN ĐẢM TRÁCH VIỆC DẪN ĐƯỜNG, là tổ tiên của ông đẳng lên đảm chắc việc giảm đường.
VIVOSDEV09_203_clean,vivos,whisper,small,zero_shot,,42,clean,clean,TÁM CHÍN MƯỜI MƯỜI MỘT, 8-9-10-11
VIVOSDEV09_203_snr0,vivos,whisper,small,zero_shot,,42,0,speech,TÁM CHÍN MƯỜI MƯỜI MỘT, 890 nguyên.
VIVOSDEV09_203_snr10,vivos,whisper,small,zero_shot,,42,10,speech,TÁM CHÍN MƯỜI MƯỜI MỘT, 891
VIVOSDEV09_203_snr20,vivos,whisper,small,zero_shot,,42,20,music,TÁM CHÍN MƯỜI MƯỜI MỘT, 8.9.11
VIVOSDEV09_203_snr5,vivos,whisper,small,zero_shot,,42,5,noise,TÁM CHÍN MƯỜI MƯỜI MỘT, 8-9-10-11
VIVOSDEV09_246_clean,vivos,whisper,small,zero_shot,,42,clean,clean,CHÍN MƯƠI TÁM CHÍN MƯƠI CHÍN, 98-99
VIVOSDEV09_246_snr0,vivos,whisper,small,zero_shot,,42,0,speech,CHÍN MƯƠI TÁM CHÍN MƯƠI CHÍN, và bà lẹp sạch tên tên tên tên tên tên tên tên tên tên tên tên tên tên tên tên tên tên tên tên tên tên tên tên tên tên tên tên tên tên tên tên tên tên tên tên tên tên tên tên tên tên tên tên tên tên tên tên tên tên tên tên tên tên tên tên tên tên tên t
VIVOSDEV09_246_snr10,vivos,whisper,small,zero_shot,,42,10,noise,CHÍN MƯƠI TÁM CHÍN MƯƠI CHÍN," 98, 99"
VIVOSDEV09_246_snr20,vivos,whisper,small,zero_shot,,42,20,music,CHÍN MƯƠI TÁM CHÍN MƯƠI CHÍN, 98-99
VIVOSDEV09_246_snr5,vivos,whisper,small,zero_shot,,42,5,music,CHÍN MƯƠI TÁM CHÍN MƯƠI CHÍN," Tính 18, tính 19"
VIVOSDEV09_267_clean,vivos,whisper,small,zero_shot,,42,clean,clean,CĂN NHÀ ĐẰNG KIA NGHE NÓI CÓ MA, Các nhà đằng kia nghe nói có mà
VIVOSDEV09_267_snr0,vivos,whisper,small,zero_shot,,42,0,noise,CĂN NHÀ ĐẰNG KIA NGHE NÓI CÓ MA, Nói cốt mài
VIVOSDEV09_267_snr10,vivos,whisper,small,zero_shot,,42,10,music,CĂN NHÀ ĐẰNG KIA NGHE NÓI CÓ MA, Trang nhà đằng kia nghe nói cốt mà
VIVOSDEV09_267_snr20,vivos,whisper,small,zero_shot,,42,20,music,CĂN NHÀ ĐẰNG KIA NGHE NÓI CÓ MA, Trang nhà đằng kia nghe nói có mà
VIVOSDEV09_267_snr5,vivos,whisper,small,zero_shot,,42,5,music,CĂN NHÀ ĐẰNG KIA NGHE NÓI CÓ MA, Các nhà đằng kia nghe nói có mà
VIVOSDEV09_288_clean,vivos,whisper,small,zero_shot,,42,clean,clean,CHẮC SẮP TỚI THU XẾP ĐI DU LỊCH THÔI, Chắc sắp tới thu xếp đi yếu lật thôi.
VIVOSDEV09_288_snr0,vivos,whisper,small,zero_shot,,42,0,speech,CHẮC SẮP TỚI THU XẾP ĐI DU LỊCH THÔI, Chắc sắp tới thù sếp đi dù dù hôn.
VIVOSDEV09_288_snr10,vivos,whisper,small,zero_shot,,42,10,noise,CHẮC SẮP TỚI THU XẾP ĐI DU LỊCH THÔI, Chắc sắp tới thu xếp đi dù gập thôi
VIVOSDEV09_288_snr20,vivos,whisper,small,zero_shot,,42,20,noise,CHẮC SẮP TỚI THU XẾP ĐI DU LỊCH THÔI, Chắc sắp tới thu xếp đi yếu lịch thôi.
VIVOSDEV09_288_snr5,vivos,whisper,small,zero_shot,,42,5,noise,CHẮC SẮP TỚI THU XẾP ĐI DU LỊCH THÔI, Chắc sắp tới tui xếp đi yếu lật thôi
VIVOSDEV10_010_clean,vivos,whisper,small,zero_shot,,42,clean,clean,KHI BỊ CÔNG AN THỘP CỔ KHẨN CẤP, Hi bị công an hợp cổ hẳn cấp
VIVOSDEV10_010_snr0,vivos,whisper,small,zero_shot,,42,0,noise,KHI BỊ CÔNG AN THỘP CỔ KHẨN CẤP, Hi vệ công an hợp cổ hẳn cấp
VIVOSDEV10_010_snr10,vivos,whisper,small,zero_shot,,42,10,speech,KHI BỊ CÔNG AN THỘP CỔ KHẨN CẤP, Hãy bệ công an hợp cổ thẳng cấp.
VIVOSDEV10_010_snr20,vivos,whisper,small,zero_shot,,42,20,music,KHI BỊ CÔNG AN THỘP CỔ KHẨN CẤP, Hi bị công an hợp cổ hẳn cấp
VIVOSDEV10_010_snr5,vivos,whisper,small,zero_shot,,42,5,noise,KHI BỊ CÔNG AN THỘP CỔ KHẨN CẤP, Hi bị công an hợp cổ hẳn cấp
VIVOSDEV10_017_clean,vivos,whisper,small,zero_shot,,42,clean,clean,NGA KHI ẤY CÀNG THÌN NẾT NA, Nga hy ấy càng nhìn ngất Nga.
VIVOSDEV10_017_snr0,vivos,whisper,small,zero_shot,,42,0,noise,NGA KHI ẤY CÀNG THÌN NẾT NA, Nga hư ấy càng ngừng nát Nga
VIVOSDEV10_017_snr10,vivos,whisper,small,zero_shot,,42,10,music,NGA KHI ẤY CÀNG THÌN NẾT NA," Nga hỷ ái, càng nhìn nó ca"
VIVOSDEV10_017_snr20,vivos,whisper,small,zero_shot,,42,20,noise,NGA KHI ẤY CÀNG THÌN NẾT NA, Nga hy ấy càng nhìn ngất Nga.
VIVOSDEV10_017_snr5,vivos,whisper,small,zero_shot,,42,5,music,NGA KHI ẤY CÀNG THÌN NẾT NA, Nga hy ấy càng nhìn nít Nga
VIVOSDEV10_020_clean,vivos,whisper,small,zero_shot,,42,clean,clean,VIỆC ÁP DỤNG CẢ BÀN VÁ LỖI VÀ CÔNG CỤ QUÉT, việc áp dụng cả bàn vãi rõi và công cụ quét.
VIVOSDEV10_020_snr0,vivos,whisper,small,zero_shot,,42,0,noise,VIỆC ÁP DỤNG CẢ BÀN VÁ LỖI VÀ CÔNG CỤ QUÉT, Vịt áp dụng cả bàn bá gỏi là con cụ quế.
VIVOSDEV10_020_snr10,vivos,whisper,small,zero_shot,,42,10,noise,VIỆC ÁP DỤNG CẢ BÀN VÁ LỖI VÀ CÔNG CỤ QUÉT, việc áp dụng cả bàn bá đổi và công cụ quế.
VIVOSDEV10_020_snr20,vivos,whisper,small,zero_shot,,42,20,music,VIỆC ÁP DỤNG CẢ BÀN VÁ LỖI VÀ CÔNG CỤ QUÉT, việc áp dụng cả bàn vãi đổi và công cụ quế.
VIVOSDEV10_020_snr5,vivos,whisper,small,zero_shot,,42,5,speech,VIỆC ÁP DỤNG CẢ BÀN VÁ LỖI VÀ CÔNG CỤ QUÉT, việc áp dụng cá bàn và lỗi và công cổ uối.
VIVOSDEV10_024_clean,vivos,whisper,small,zero_shot,,42,clean,clean,NGOÀI TRỜI MƯA CỨ LAY PHAY RẮC HẠT," Ngoài trời mưa, tứa air fight gắt hạt."
VIVOSDEV10_024_snr0,vivos,whisper,small,zero_shot,,42,0,noise,NGOÀI TRỜI MƯA CỨ LAY PHAY RẮC HẠT," Ngoài trời mưa, tứa ai phai gắt hạt."
VIVOSDEV10_024_snr10,vivos,whisper,small,zero_shot,,42,10,speech,NGOÀI TRỜI MƯA CỨ LAY PHAY RẮC HẠT," ngoài trời mưa, tứa ai phai gắt hạt"
VIVOSDEV10_024_snr20,vivos,whisper,small,zero_shot,,42,20,music,NGOÀI TRỜI MƯA CỨ LAY PHAY RẮC HẠT," ngoài trời mưa, tứa ai phai gắt hạt"
VIVOSDEV10_024_snr5,vivos,whisper,small,zero_shot,,42,5,noise,NGOÀI TRỜI MƯA CỨ LAY PHAY RẮC HẠT," Ngoài trời mưa, tứa ai phai gắt hạt"
VIVOSDEV10_035_clean,vivos,whisper,small,zero_shot,,42,clean,clean,CÓ THỂ GIÚP TA QUÊN ĐI NHỮNG NỖI ƯU PHIỀN, Có thể giúp cao qua đi những ngõi u phèn.
VIVOSDEV10_035_snr0,vivos,whisper,small,zero_shot,,42,0,noise,CÓ THỂ GIÚP TA QUÊN ĐI NHỮNG NỖI ƯU PHIỀN, có thể giúp cao quên đi những nổi u phiền
VIVOSDEV10_035_snr10,vivos,whisper,small,zero_shot,,42,10,music,CÓ THỂ GIÚP TA QUÊN ĐI NHỮNG NỖI ƯU PHIỀN, Có thể giết cao quên đi những nổi u phì
VIVOSDEV10_035_snr20,vivos,whisper,small,zero_shot,,42,20,noise,CÓ THỂ GIÚP TA QUÊN ĐI NHỮNG NỖI ƯU PHIỀN, Có thể giúp cao qua đi những nỗi u phèn
VIVOSDEV10_035_snr5,vivos,whisper,small,zero_shot,,42,5,noise,CÓ THỂ GIÚP TA QUÊN ĐI NHỮNG NỖI ƯU PHIỀN, Có thể giúp cao quên đi những ngõi u phền
VIVOSDEV10_043_clean,vivos,whisper,small,zero_shot,,42,clean,clean,MÀ DUNG DĂNG NHÉ CẦM TAY ĐẤT TRỜI," Mà dung danh nhé, cầm cai lất trời"
VIVOSDEV10_043_snr0,vivos,whisper,small,zero_shot,,42,0,speech,MÀ DUNG DĂNG NHÉ CẦM TAY ĐẤT TRỜI, Mà dũng danh nghe cầm cai lất trời
VIVOSDEV10_043_snr10,vivos,whisper,small,zero_shot,,42,10,speech,MÀ DUNG DĂNG NHÉ CẦM TAY ĐẤT TRỜI," Mà dung danh nhé, cầm cai lất trời."
VIVOSDEV10_043_snr20,vivos,whisper,small,zero_shot,,42,20,music,MÀ DUNG DĂNG NHÉ CẦM TAY ĐẤT TRỜI, mà dung danh nhé cầm cai lất trời
VIVOSDEV10_043_snr5,vivos,whisper,small,zero_shot,,42,5,speech,MÀ DUNG DĂNG NHÉ CẦM TAY ĐẤT TRỜI," Mà dung danh nhé, cầm cai đất trời."
VIVOSDEV10_045_clean,vivos,whisper,small,zero_shot,,42,clean,clean,TÔI LỚN LÊN TRONG SỰ GHẺ LẠNH CỦA NGƯỜI MẸ KẾ, Cô lớn lên trong sự ghé lạnh của người mẹ kế.
VIVOSDEV10_045_snr0,vivos,whisper,small,zero_shot,,42,0,speech,TÔI LỚN LÊN TRONG SỰ GHẺ LẠNH CỦA NGƯỜI MẸ KẾ," Tôi đơn anh lên, cung sợ gian của người mẹ kế."
VIVOSDEV10_045_snr10,vivos,whisper,small,zero_shot,,42,10,speech,TÔI LỚN LÊN TRONG SỰ GHẺ LẠNH CỦA NGƯỜI MẸ KẾ," Cô ấy đó hên, trong sự ghẻ là lặng của người mẹ kế."
VIVOSDEV10_045_snr20,vivos,whisper,small,zero_shot,,42,20,music,TÔI LỚN LÊN TRONG SỰ GHẺ LẠNH CỦA NGƯỜI MẸ KẾ, Cô lớn lên trong sự ghé lạnh của người mẹ kế.
VIVOSDEV10_045_snr5,vivos,whisper,small,zero_shot,,42,5,music,TÔI LỚN LÊN TRONG SỰ GHẺ LẠNH CỦA NGƯỜI MẸ KẾ, Cô lớn lên trong sự kẻ lạnh của người mẹ kẻ.
VIVOSDEV10_067_clean,vivos,whisper,small,zero_shot,,42,clean,clean,THẾ NHƯNG TÔI KHÔNG ÂN HẬN KHI TRỞ THÀNH ĐẢ NỮ, Hãy nhừng côi không ăn hận khi trở hành đá nữ.
VIVOSDEV10_067_snr0,vivos,whisper,small,zero_shot,,42,0,noise,THẾ NHƯNG TÔI KHÔNG ÂN HẬN KHI TRỞ THÀNH ĐẢ NỮ, Thấy nhìn côi không ăn hận khi trở hành đá nữ
VIVOSDEV10_067_snr10,vivos,whisper,small,zero_shot,,42,10,noise,THẾ NHƯNG TÔI KHÔNG ÂN HẬN KHI TRỞ THÀNH ĐẢ NỮ, Thấy nhưng cúi không ăn hận khi trở hành đá nữ
VIVOSDEV10_067_snr20,vivos,whisper,small,zero_shot,,42,20,noise,THẾ NHƯNG TÔI KHÔNG ÂN HẬN KHI TRỞ THÀNH ĐẢ NỮ, Thấy nhưng cúi không ăn hận khi trở hành đá nữ
VIVOSDEV10_067_snr5,vivos,whisper,small,zero_shot,,42,5,music,THẾ NHƯNG TÔI KHÔNG ÂN HẬN KHI TRỞ THÀNH ĐẢ NỮ, Thấy nhưng tôi không ăn hận khi trở hành à nữ.
VIVOSDEV10_068_clean,vivos,whisper,small,zero_shot,,42,clean,clean,VỚI MỘT TỐC ĐỘ MÀ CHÚNG TA KHÔNG THỂ ĐI ĐẾN TẬN CÙNG CỦA NÓ," với 1 cấp độ mà chúng ta hầm mẽ đi đến, cận cùng của nó"
VIVOSDEV10_068_snr0,vivos,whisper,small,zero_shot,,42,0,noise,VỚI MỘT TỐC ĐỘ MÀ CHÚNG TA KHÔNG THỂ ĐI ĐẾN TẬN CÙNG CỦA NÓ, với một cấp độ mà chúc ca hông mẽ đến cận công của nó
VIVOSDEV10_068_snr10,vivos,whisper,small,zero_shot,,42,10,noise,VỚI MỘT TỐC ĐỘ MÀ CHÚNG TA KHÔNG THỂ ĐI ĐẾN TẬN CÙNG CỦA NÓ, với 1 cấp độ mà chúng ta hông hệ đi đến cận cùng của nó
VIVOSDEV10_068_snr20,vivos,whisper,small,zero_shot,,42,20,music,VỚI MỘT TỐC ĐỘ MÀ CHÚNG TA KHÔNG THỂ ĐI ĐẾN TẬN CÙNG CỦA NÓ, với 1 cấp độ mà chúng ta hông hễ đi đến cận cùng của nó
VIVOSDEV10_068_snr5,vivos,whisper,small,zero_shot,,42,5,music,VỚI MỘT TỐC ĐỘ MÀ CHÚNG TA KHÔNG THỂ ĐI ĐẾN TẬN CÙNG CỦA NÓ, Quên 1 cấp độ mà chúng ta hồng hẻ đi đến cận cộng của nó
VIVOSDEV10_072_clean,vivos,whisper,small,zero_shot,,42,clean,clean,TÔI THẤY ĐỒNG LƯƠNG CỦA MÌNH NĂM NĂM RỒI VẪN ĐỨNG NGUYÊN," Cô ấy thấy lòng, vô hôn của mình, ngam ngam gọi vẫn ứng nguyên."
VIVOSDEV10_072_snr0,vivos,whisper,small,zero_shot,,42,0,noise,TÔI THẤY ĐỒNG LƯƠNG CỦA MÌNH NĂM NĂM RỒI VẪN ĐỨNG NGUYÊN, Tôi thấy lòng rơn của mình 5 năm rồi vẫn giống như...
VIVOSDEV10_072_snr10,vivos,whisper,small,zero_shot,,42,10,speech,TÔI THẤY ĐỒNG LƯƠNG CỦA MÌNH NĂM NĂM RỒI VẪN ĐỨNG NGUYÊN," Cô thấy dòng, luôn của mình, ngắm ngắm gọi, vẫn ứng nguyên."
VIVOSDEV10_072_snr20,vivos,whisper,small,zero_shot,,42,20,speech,TÔI THẤY ĐỒNG LƯƠNG CỦA MÌNH NĂM NĂM RỒI VẪN ĐỨNG NGUYÊN," Cô ấy thấy lòng, vô hôn của mình, ngam ngam gọi vẫn ứng nguyên."
VIVOSDEV10_072_snr5,vivos,whisper,small,zero_shot,,42,5,noise,TÔI THẤY ĐỒNG LƯƠNG CỦA MÌNH NĂM NĂM RỒI VẪN ĐỨNG NGUYÊN," Cô ấy thấy rộng, vô hôn của mình 5 năm rồi vẫn ứng nguyên."
VIVOSDEV10_073_clean,vivos,whisper,small,zero_shot,,42,clean,clean,ĐỂ CHẤM DỨT NẠN BẠO HÀNH TRONG GIA ĐÌNH, để cấm giúp ngạn bảo hành công gia yên.
VIVOSDEV10_073_snr0,vivos,whisper,small,zero_shot,,42,0,noise,ĐỂ CHẤM DỨT NẠN BẠO HÀNH TRONG GIA ĐÌNH, để cấm giúp ngạn bảo hành trong gia yên
VIVOSDEV10_073_snr10,vivos,whisper,small,zero_shot,,42,10,music,ĐỂ CHẤM DỨT NẠN BẠO HÀNH TRONG GIA ĐÌNH, để cấm giúp ngạn bảo hành công gia anh.
VIVOSDEV10_073_snr20,vivos,whisper,small,zero_shot,,42,20,noise,ĐỂ CHẤM DỨT NẠN BẠO HÀNH TRONG GIA ĐÌNH, để cấm giúp ngạn bảo hành công gia yên.
VIVOSDEV10_073_snr5,vivos,whisper,small,zero_shot,,42,5,music,ĐỂ CHẤM DỨT NẠN BẠO HÀNH TRONG GIA ĐÌNH, để cấm giúp ngạn bảo hành công gia đình.
VIVOSDEV10_076_clean,vivos,whisper,small,zero_shot,,42,clean,clean,LÀM ĐƯỜNG SÁ NGẬP XẮP XẮP QUANH NĂM SUỐT THÁNG, Đàm đường sẽ ngập xáp xáp quan ngâm chút háng.
VIVOSDEV10_076_snr0,vivos,whisper,small,zero_shot,,42,0,noise,LÀM ĐƯỜNG SÁ NGẬP XẮP XẮP QUANH NĂM SUỐT THÁNG, Đang đường xá nhập xắp xắp quan ngâm chút hém
VIVOSDEV10_076_snr10,vivos,whisper,small,zero_shot,,42,10,music,LÀM ĐƯỜNG SÁ NGẬP XẮP XẮP QUANH NĂM SUỐT THÁNG," Đàm đường chá ngập xáp xáp, quan ngâm chút háng."
VIVOSDEV10_076_snr20,vivos,whisper,small,zero_shot,,42,20,speech,LÀM ĐƯỜNG SÁ NGẬP XẮP XẮP QUANH NĂM SUỐT THÁNG," Đàm đường xá ngập xáp xáp, quan ngập chúc hả?"
VIVOSDEV10_076_snr5,vivos,whisper,small,zero_shot,,42,5,speech,LÀM ĐƯỜNG SÁ NGẬP XẮP XẮP QUANH NĂM SUỐT THÁNG, Đàm đường chán ngập xắp xắp quán ngập trúc hay.
VIVOSDEV10_117_clean,vivos,whisper,small,zero_shot,,42,clean,clean,CÁI KHÓ LÀ, Cái khó à?
VIVOSDEV10_117_snr0,vivos,whisper,small,zero_shot,,42,0,speech,CÁI KHÓ LÀ," Này, hãi á."
VIVOSDEV10_117_snr10,vivos,whisper,small,zero_shot,,42,10,noise,CÁI KHÓ LÀ, Cái hòa à
VIVOSDEV10_117_snr20,vivos,whisper,small,zero_shot,,42,20,noise,CÁI KHÓ LÀ, Cái khó à?
VIVOSDEV10_117_snr5,vivos,whisper,small,zero_shot,,42,5,music,CÁI KHÓ LÀ, Cái khói à
VIVOSDEV10_140_clean,vivos,whisper,small,zero_shot,,42,clean,clean,CHÀNG TRAI LỒM CỒM BÒ DẬY MẶT MÀY XANH LÉT NHƯ TÀU LÁ CHUỐI, Càng trai đầm cơm bò dậy mặt mài xanh đét như cào á chuối
VIVOSDEV10_140_snr0,vivos,whisper,small,zero_shot,,42,0,noise,CHÀNG TRAI LỒM CỒM BÒ DẬY MẶT MÀY XANH LÉT NHƯ TÀU LÁ CHUỐI," Càng trai đập cơm bò dậy, mạnh mài xanh nét, như cao á chuối."
VIVOSDEV10_140_snr10,vivos,whisper,small,zero_shot,,42,10,speech,CHÀNG TRAI LỒM CỒM BÒ DẬY MẶT MÀY XANH LÉT NHƯ TÀU LÁ CHUỐI," Càng trai đậm cơm bó dậy mặt mái xanh đét, như cào á chuối."
VIVOSDEV10_140_snr20,vivos,whisper,small,zero_shot,,42,20,noise,CHÀNG TRAI LỒM CỒM BÒ DẬY MẶT MÀY XANH LÉT NHƯ TÀU LÁ CHUỐI," Càng trai đập cơm bó dậy mặt mài xanh đế, như cào á chuối"
VIVOSDEV10_140_snr5,vivos,whisper,small,zero_shot,,42,5,noise,CHÀNG TRAI LỒM CỒM BÒ DẬY MẶT MÀY XANH LÉT NHƯ TÀU LÁ CHUỐI, Cần trai đập cơm bò dậy mặt mai xanh đét như cào á chuối
VIVOSDEV10_162_clean,vivos,whisper,small,zero_shot,,42,clean,clean,CŨNG LÀ TIN VUI CHO TẤT CẢ NHỮNG AI, Cũng là kinh buôi cho các cả những ai
VIVOSDEV10_162_snr0,vivos,whisper,small,zero_shot,,42,0,music,CŨNG LÀ TIN VUI CHO TẤT CẢ NHỮNG AI, cũng là chinh vui cho tất cả những ai
VIVOSDEV10_162_snr10,vivos,whisper,small,zero_shot,,42,10,noise,CŨNG LÀ TIN VUI CHO TẤT CẢ NHỮNG AI, cũng là chinh vui cho các cả những ai
VIVOSDEV10_162_snr20,vivos,whisper,small,zero_shot,,42,20,speech,CŨNG LÀ TIN VUI CHO TẤT CẢ NHỮNG AI, Cũng là kinh buôi cho các cả những ai.
VIVOSDEV10_162_snr5,vivos,whisper,small,zero_shot,,42,5,speech,CŨNG LÀ TIN VUI CHO TẤT CẢ NHỮNG AI, Cũng là chân vui cho các cả những em.
VIVOSDEV10_172_clean,vivos,whisper,small,zero_shot,,42,clean,clean,HƯỢM ĐÃ CÒN PHẢI ĐIỀU CHỈNH, Hôm mẹ còn phải yêu chảnh.
VIVOSDEV10_172_snr0,vivos,whisper,small,zero_shot,,42,0,speech,HƯỢM ĐÃ CÒN PHẢI ĐIỀU CHỈNH, Hôm nay còn phải yêu nhau.
VIVOSDEV10_172_snr10,vivos,whisper,small,zero_shot,,42,10,noise,HƯỢM ĐÃ CÒN PHẢI ĐIỀU CHỈNH, Hôm nay còn phải yêu chỉnh
VIVOSDEV10_172_snr20,vivos,whisper,small,zero_shot,,42,20,music,HƯỢM ĐÃ CÒN PHẢI ĐIỀU CHỈNH, Hôm nay còn phải yêu chỉnh.
VIVOSDEV10_172_snr5,vivos,whisper,small,zero_shot,,42,5,speech,HƯỢM ĐÃ CÒN PHẢI ĐIỀU CHỈNH, Hôm nay còn phải yêu cạnh.
VIVOSDEV10_176_clean,vivos,whisper,small,zero_shot,,42,clean,clean,TRONG TÌNH THẾ ẤY CHỈ ĐÁM TRẺ VEN SÔNG, Công kinh thấy ấy chỉ đắm kẻ ven xong.
VIVOSDEV10_176_snr0,vivos,whisper,small,zero_shot,,42,0,noise,TRONG TÌNH THẾ ẤY CHỈ ĐÁM TRẺ VEN SÔNG, Công kinh thấy ấy chỉ đắm kẻ ven xong
VIVOSDEV10_176_snr10,vivos,whisper,small,zero_shot,,42,10,noise,TRONG TÌNH THẾ ẤY CHỈ ĐÁM TRẺ VEN SÔNG, Công kinh thế ấy chỉ ăn kẻ ven xong.
VIVOSDEV10_176_snr20,vivos,whisper,small,zero_shot,,42,20,music,TRONG TÌNH THẾ ẤY CHỈ ĐÁM TRẺ VEN SÔNG, Công kinh thế ấy chỉ đắm kẻ ven xong.
VIVOSDEV10_176_snr5,vivos,whisper,small,zero_shot,,42,5,music,TRONG TÌNH THẾ ẤY CHỈ ĐÁM TRẺ VEN SÔNG, Trong kinh thử ấy chỉ làm kẻ ven xong
VIVOSDEV10_189_clean,vivos,whisper,small,zero_shot,,42,clean,clean,NẾU ĐI TIẾP NHA TRANG, Nếu y kếp Nha Trang
VIVOSDEV10_189_snr0,vivos,whisper,small,zero_shot,,42,0,speech,NẾU ĐI TIẾP NHA TRANG," Này, mày đặt đi, anh em."
VIVOSDEV10_189_snr10,vivos,whisper,small,zero_shot,,42,10,speech,NẾU ĐI TIẾP NHA TRANG, Nếu hủy kếp nha chàng
VIVOSDEV10_189_snr20,vivos,whisper,small,zero_shot,,42,20,music,NẾU ĐI TIẾP NHA TRANG, Nếu y kếp nha chan
VIVOSDEV10_189_snr5,vivos,whisper,small,zero_shot,,42,5,noise,NẾU ĐI TIẾP NHA TRANG, Nghĩu y kết nha kia
VIVOSDEV10_194_clean,vivos,whisper,small,zero_shot,,42,clean,clean,TỨC CHANH CÓ THỂ TRỊ ĐƯỢC BỆNH, Tức tranh có thể kỷ rục bệnh.
VIVOSDEV10_194_snr0,vivos,whisper,small,zero_shot,,42,0,speech,TỨC CHANH CÓ THỂ TRỊ ĐƯỢC BỆNH, Có thể là các chân phá khí của chúng ta đang có thể đợi bệnh.
VIVOSDEV10_194_snr10,vivos,whisper,small,zero_shot,,42,10,noise,TỨC CHANH CÓ THỂ TRỊ ĐƯỢC BỆNH, Cứt Chan có thể kỷ được bệnh
VIVOSDEV10_194_snr20,vivos,whisper,small,zero_shot,,42,20,noise,TỨC CHANH CÓ THỂ TRỊ ĐƯỢC BỆNH, Tức tranh có thể kỷ rục bệnh.
VIVOSDEV10_194_snr5,vivos,whisper,small,zero_shot,,42,5,music,TỨC CHANH CÓ THỂ TRỊ ĐƯỢC BỆNH, Cứt chanh có thể kỷ rục bệnh
VIVOSDEV10_211_clean,vivos,whisper,small,zero_shot,,42,clean,clean,HAI MƯƠI TÁM HAI MƯƠI CHÍN," 20 cám, 20 chính"
VIVOSDEV10_211_snr0,vivos,whisper,small,zero_shot,,42,0,speech,HAI MƯƠI TÁM HAI MƯƠI CHÍN," 28, 29"
VIVOSDEV10_211_snr10,vivos,whisper,small,zero_shot,,42,10,speech,HAI MƯƠI TÁM HAI MƯƠI CHÍN," 28, 29"
VIVOSDEV10_211_snr20,vivos,whisper,small,zero_shot,,42,20,noise,HAI MƯƠI TÁM HAI MƯƠI CHÍN," 20 cám, 20 chính"
VIVOSDEV10_211_snr5,vivos,whisper,small,zero_shot,,42,5,speech,HAI MƯƠI TÁM HAI MƯƠI CHÍN, 28 29
VIVOSDEV10_212_clean,vivos,whisper,small,zero_shot,,42,clean,clean,BA MƯƠI BA MƯƠI MỐT, 30 31
VIVOSDEV10_212_snr0,vivos,whisper,small,zero_shot,,42,0,noise,BA MƯƠI BA MƯƠI MỐT, 30 31
VIVOSDEV10_212_snr10,vivos,whisper,small,zero_shot,,42,10,speech,BA MƯƠI BA MƯƠI MỐT," 30, 30 mót"
VIVOSDEV10_212_snr20,vivos,whisper,small,zero_shot,,42,20,music,BA MƯƠI BA MƯƠI MỐT, 30 31
VIVOSDEV10_212_snr5,vivos,whisper,small,zero_shot,,42,5,music,BA MƯƠI BA MƯƠI MỐT, 30... 30 móng
VIVOSDEV10_227_clean,vivos,whisper,small,zero_shot,,42,clean,clean,SÁU MƯƠI SÁU MƯƠI MỐT, xáu 10 xáu 11
VIVOSDEV10_227_snr0,vivos,whisper,small,zero_shot,,42,0,noise,SÁU MƯƠI SÁU MƯƠI MỐT," 60, 61"
VIVOSDEV10_227_snr10,vivos,whisper,small,zero_shot,,42,10,music,SÁU MƯƠI SÁU MƯƠI MỐT," 60, 61"
VIVOSDEV10_227_snr20,vivos,whisper,small,zero_shot,,42,20,speech,SÁU MƯƠI SÁU MƯƠI MỐT," Xáu mười, xáu mười móp."
VIVOSDEV10_227_snr5,vivos,whisper,small,zero_shot,,42,5,music,SÁU MƯƠI SÁU MƯƠI MỐT, xa 10 xa 11
VIVOSDEV10_234_clean,vivos,whisper,small,zero_shot,,42,clean,clean,BẢY MƯƠI BỐN BẢY MƯƠI LĂM, 704 75
VIVOSDEV10_234_snr0,vivos,whisper,small,zero_shot,,42,0,noise,BẢY MƯƠI BỐN BẢY MƯƠI LĂM," 70,4,70,5"
VIVOSDEV10_234_snr10,vivos,whisper,small,zero_shot,,42,10,speech,BẢY MƯƠI BỐN BẢY MƯƠI LĂM, Mình muốn đi vào một người tốt.
VIVOSDEV10_234_snr20,vivos,whisper,small,zero_shot,,42,20,noise,BẢY MƯƠI BỐN BẢY MƯƠI LĂM," 70,4,70,5"
VIVOSDEV10_234_snr5,vivos,whisper,small,zero_shot,,42,5,noise,BẢY MƯƠI BỐN BẢY MƯƠI LĂM," 74, 75"
VIVOSDEV10_247_clean,vivos,whisper,small,zero_shot,,42,clean,clean,MỘT TRĂM MỘT HAI BA, 100 123
VIVOSDEV10_247_snr0,vivos,whisper,small,zero_shot,,42,0,speech,MỘT TRĂM MỘT HAI BA," Một chăm, một hành bác."
VIVOSDEV10_247_snr10,vivos,whisper,small,zero_shot,,42,10,noise,MỘT TRĂM MỘT HAI BA, 100 123
VIVOSDEV10_247_snr20,vivos,whisper,small,zero_shot,,42,20,noise,MỘT TRĂM MỘT HAI BA, 100 123
VIVOSDEV10_247_snr5,vivos,whisper,small,zero_shot,,42,5,noise,MỘT TRĂM MỘT HAI BA, 100 123
VIVOSDEV10_249_clean,vivos,whisper,small,zero_shot,,42,clean,clean,KHÔNG HAI BỐN SÁU TÁM, 0246 cam
VIVOSDEV10_249_snr0,vivos,whisper,small,zero_shot,,42,0,noise,KHÔNG HAI BỐN SÁU TÁM, 0246 cam
VIVOSDEV10_249_snr10,vivos,whisper,small,zero_shot,,42,10,speech,KHÔNG HAI BỐN SÁU TÁM, 0246 cam
VIVOSDEV10_249_snr20,vivos,whisper,small,zero_shot,,42,20,music,KHÔNG HAI BỐN SÁU TÁM, 0246 cam
VIVOSDEV10_249_snr5,vivos,whisper,small,zero_shot,,42,5,music,KHÔNG HAI BỐN SÁU TÁM, 0246 cam
VIVOSDEV10_278_clean,vivos,whisper,small,zero_shot,,42,clean,clean,TỘI NGHIỆP ĐỨA NHỎ KHÔNG AI CHĂM SÓC, Của nghiệp đứa nhỏ không ai chăm sóc
VIVOSDEV10_278_snr0,vivos,whisper,small,zero_shot,,42,0,music,TỘI NGHIỆP ĐỨA NHỎ KHÔNG AI CHĂM SÓC, Còn ngày phướng nhỏ không ai chăm sóc.
VIVOSDEV10_278_snr10,vivos,whisper,small,zero_shot,,42,10,noise,TỘI NGHIỆP ĐỨA NHỎ KHÔNG AI CHĂM SÓC, Của nghiệp tướng nhỏ không ai chăm sóc.
VIVOSDEV10_278_snr20,vivos,whisper,small,zero_shot,,42,20,music,TỘI NGHIỆP ĐỨA NHỎ KHÔNG AI CHĂM SÓC, Của nghệp đứa nhỏ không ai chăm sóc.
VIVOSDEV10_278_snr5,vivos,whisper,small,zero_shot,,42,5,music,TỘI NGHIỆP ĐỨA NHỎ KHÔNG AI CHĂM SÓC, Của nghệp tướng nhỏ không ai chăm sóc.
VIVOSDEV11_022_clean,vivos,whisper,small,zero_shot,,42,clean,clean,SẼ LÀM GIẢM TÌNH TRẠNG ÓI ỌC CỦA TRẺ, Sẽ làm tình trạng ói ọc của trẻ.
VIVOSDEV11_022_snr0,vivos,whisper,small,zero_shot,,42,0,speech,SẼ LÀM GIẢM TÌNH TRẠNG ÓI ỌC CỦA TRẺ, sẽ làm trình trạng ói ngọc của đẻ
VIVOSDEV11_022_snr10,vivos,whisper,small,zero_shot,,42,10,noise,SẼ LÀM GIẢM TÌNH TRẠNG ÓI ỌC CỦA TRẺ, sẽ làm tình trạng ói học của trẻ.
VIVOSDEV11_022_snr20,vivos,whisper,small,zero_shot,,42,20,music,SẼ LÀM GIẢM TÌNH TRẠNG ÓI ỌC CỦA TRẺ, sẽ làm tình trạng ói ọc của trẻ
VIVOSDEV11_022_snr5,vivos,whisper,small,zero_shot,,42,5,noise,SẼ LÀM GIẢM TÌNH TRẠNG ÓI ỌC CỦA TRẺ, sẽ làm tình trạng ối ọc của trẻ
VIVOSDEV11_046_clean,vivos,whisper,small,zero_shot,,42,clean,clean,ĐỪNG BAO GIỜ ĐỂ CHO BẤT KỲ AI NÓI VỚI BẠN RẰNG, Đừng bao giờ để cho bất kì ai nói với bạn rằng
VIVOSDEV11_046_snr0,vivos,whisper,small,zero_shot,,42,0,noise,ĐỪNG BAO GIỜ ĐỂ CHO BẤT KỲ AI NÓI VỚI BẠN RẰNG, Đừng bao giờ để cho bất kì ai nói với bạn ràng.
VIVOSDEV11_046_snr10,vivos,whisper,small,zero_shot,,42,10,music,ĐỪNG BAO GIỜ ĐỂ CHO BẤT KỲ AI NÓI VỚI BẠN RẰNG, Đừng bao giờ để cho bất kì ai nói với bạn rằng
VIVOSDEV11_046_snr20,vivos,whisper,small,zero_shot,,42,20,noise,ĐỪNG BAO GIỜ ĐỂ CHO BẤT KỲ AI NÓI VỚI BẠN RẰNG, Đừng bao giờ để cho bất kì ai nói với bạn rằng
VIVOSDEV11_046_snr5,vivos,whisper,small,zero_shot,,42,5,noise,ĐỪNG BAO GIỜ ĐỂ CHO BẤT KỲ AI NÓI VỚI BẠN RẰNG, Đừng bao giờ để cho bất kì ai nói với bạn rằng
VIVOSDEV11_057_clean,vivos,whisper,small,zero_shot,,42,clean,clean,NẾU VÌ CHÚNG TÔI, Nếu vì chúng tôi
VIVOSDEV11_057_snr0,vivos,whisper,small,zero_shot,,42,0,music,NẾU VÌ CHÚNG TÔI, Nếu vị chúng tôi
VIVOSDEV11_057_snr10,vivos,whisper,small,zero_shot,,42,10,music,NẾU VÌ CHÚNG TÔI, Nếu bị chúng tôi
VIVOSDEV11_057_snr20,vivos,whisper,small,zero_shot,,42,20,noise,NẾU VÌ CHÚNG TÔI, Nếu vì chúng tôi
VIVOSDEV11_057_snr5,vivos,whisper,small,zero_shot,,42,5,music,NẾU VÌ CHÚNG TÔI, Nếu vì chúng tôi
VIVOSDEV11_063_clean,vivos,whisper,small,zero_shot,,42,clean,clean,NẾU BẠN VẪN CẢM THẤY TỘI LỖI, Nếu bạn vẫn cảm thấy tội lỗi
VIVOSDEV11_063_snr0,vivos,whisper,small,zero_shot,,42,0,music,NẾU BẠN VẪN CẢM THẤY TỘI LỖI, Nếu bạn vẫn cảm thấy tội lỗi
VIVOSDEV11_063_snr10,vivos,whisper,small,zero_shot,,42,10,speech,NẾU BẠN VẪN CẢM THẤY TỘI LỖI, Nếu bạn vẫn cảm thấy tội lỗi
VIVOSDEV11_063_snr20,vivos,whisper,small,zero_shot,,42,20,noise,NẾU BẠN VẪN CẢM THẤY TỘI LỖI, Nếu bạn vẫn cảm thấy tội lỗi
VIVOSDEV11_063_snr5,vivos,whisper,small,zero_shot,,42,5,noise,NẾU BẠN VẪN CẢM THẤY TỘI LỖI, Nếu bạn vẫn cảm thấy tội lỗi
VIVOSDEV11_076_clean,vivos,whisper,small,zero_shot,,42,clean,clean,VỚI TRÊN LÀ NÚI VÀ DƯỚI LÀ SÔNG, Với trên là núi và dưới là xong.
VIVOSDEV11_076_snr0,vivos,whisper,small,zero_shot,,42,0,speech,VỚI TRÊN LÀ NÚI VÀ DƯỚI LÀ SÔNG, Với trường là nối và dưới là xong.
VIVOSDEV11_076_snr10,vivos,whisper,small,zero_shot,,42,10,music,VỚI TRÊN LÀ NÚI VÀ DƯỚI LÀ SÔNG, Với trên là núi và dưới là xong.
VIVOSDEV11_076_snr20,vivos,whisper,small,zero_shot,,42,20,speech,VỚI TRÊN LÀ NÚI VÀ DƯỚI LÀ SÔNG, Với trên là núi và dưới là xong.
VIVOSDEV11_076_snr5,vivos,whisper,small,zero_shot,,42,5,noise,VỚI TRÊN LÀ NÚI VÀ DƯỚI LÀ SÔNG, Với trên là núi và dưới là xong
VIVOSDEV11_077_clean,vivos,whisper,small,zero_shot,,42,clean,clean,VỚI SỰ XUẤT HIỆN CỦA QUÁI THÚ VÀ RỒNG, với sự xuất hiện của quái thố và rồng.
VIVOSDEV11_077_snr0,vivos,whisper,small,zero_shot,,42,0,noise,VỚI SỰ XUẤT HIỆN CỦA QUÁI THÚ VÀ RỒNG, với thầy xuất hiện của quái thú và rồng.
VIVOSDEV11_077_snr10,vivos,whisper,small,zero_shot,,42,10,music,VỚI SỰ XUẤT HIỆN CỦA QUÁI THÚ VÀ RỒNG, với sự xuất hiện của Quái Thố và Rồng.
VIVOSDEV11_077_snr20,vivos,whisper,small,zero_shot,,42,20,speech,VỚI SỰ XUẤT HIỆN CỦA QUÁI THÚ VÀ RỒNG, với sự xuất hiện của quái thú và rồng.
VIVOSDEV11_077_snr5,vivos,whisper,small,zero_shot,,42,5,music,VỚI SỰ XUẤT HIỆN CỦA QUÁI THÚ VÀ RỒNG, với sự xuất hiện của Quái Thố và Rồng.
VIVOSDEV11_079_clean,vivos,whisper,small,zero_shot,,42,clean,clean,NÉT MẶT HỌ KHÔNG NGỜI LÊN HẠNH PHÚC CỦA NGƯỜI MẸ, Nét mặt họ không ngồi lên hạnh phúc của người mẹ.
VIVOSDEV11_079_snr0,vivos,whisper,small,zero_shot,,42,0,music,NÉT MẶT HỌ KHÔNG NGỜI LÊN HẠNH PHÚC CỦA NGƯỜI MẸ, Nét mặt rõ không ngài nên hạnh phúc của người dài
VIVOSDEV11_079_snr10,vivos,whisper,small,zero_shot,,42,10,noise,NÉT MẶT HỌ KHÔNG NGỜI LÊN HẠNH PHÚC CỦA NGƯỜI MẸ, Nét mặt họ không ngồi lên hạnh phúc của người mẹ
VIVOSDEV11_079_snr20,vivos,whisper,small,zero_shot,,42,20,speech,NÉT MẶT HỌ KHÔNG NGỜI LÊN HẠNH PHÚC CỦA NGƯỜI MẸ, Nét mặt họ không ngồi lên hạnh phúc của người mẹ.
VIVOSDEV11_079_snr5,vivos,whisper,small,zero_shot,,42,5,noise,NÉT MẶT HỌ KHÔNG NGỜI LÊN HẠNH PHÚC CỦA NGƯỜI MẸ, Nét mặt họ không ngồi lên hạnh phúc của người mẹ
VIVOSDEV11_081_clean,vivos,whisper,small,zero_shot,,42,clean,clean,MỘT SỐ NGƯỜI CHO RẰNG, Một số người cho rằng
VIVOSDEV11_081_snr0,vivos,whisper,small,zero_shot,,42,0,noise,MỘT SỐ NGƯỜI CHO RẰNG, Một số người cho rằng
VIVOSDEV11_081_snr10,vivos,whisper,small,zero_shot,,42,10,noise,MỘT SỐ NGƯỜI CHO RẰNG, Một số người cho rằng
VIVOSDEV11_081_snr20,vivos,whisper,small,zero_shot,,42,20,speech,MỘT SỐ NGƯỜI CHO RẰNG, Một số người cho rằng
VIVOSDEV11_081_snr5,vivos,whisper,small,zero_shot,,42,5,noise,MỘT SỐ NGƯỜI CHO RẰNG, Một số người cho rằng
VIVOSDEV11_095_clean,vivos,whisper,small,zero_shot,,42,clean,clean,MỌI THỨ ĐỀU ĐƯỢC MỔ XẺ LẠI, Mọi thứ đều được mổ xé lại.
VIVOSDEV11_095_snr0,vivos,whisper,small,zero_shot,,42,0,speech,MỌI THỨ ĐỀU ĐƯỢC MỔ XẺ LẠI, Mọi thứ đều được mổ xé lại.
VIVOSDEV11_095_snr10,vivos,whisper,small,zero_shot,,42,10,music,MỌI THỨ ĐỀU ĐƯỢC MỔ XẺ LẠI, Mọi thứ đều được mổ sẽ lại
VIVOSDEV11_095_snr20,vivos,whisper,small,zero_shot,,42,20,speech,MỌI THỨ ĐỀU ĐƯỢC MỔ XẺ LẠI, Mọi thứ đều được mổ sẽ lại.
VIVOSDEV11_095_snr5,vivos,whisper,small,zero_shot,,42,5,music,MỌI THỨ ĐỀU ĐƯỢC MỔ XẺ LẠI, Mọi thứ đều được mổ xé lại.
VIVOSDEV11_122_clean,vivos,whisper,small,zero_shot,,42,clean,clean,KHÔNG PHẢI NẮP KHUM, Không phải nắp không
VIVOSDEV11_122_snr0,vivos,whisper,small,zero_shot,,42,0,noise,KHÔNG PHẢI NẮP KHUM, Không phải nặp không
VIVOSDEV11_122_snr10,vivos,whisper,small,zero_shot,,42,10,speech,KHÔNG PHẢI NẮP KHUM, Không phải nắp cơm.
VIVOSDEV11_122_snr20,vivos,whisper,small,zero_shot,,42,20,noise,KHÔNG PHẢI NẮP KHUM, Không phải nắp không
VIVOSDEV11_122_snr5,vivos,whisper,small,zero_shot,,42,5,music,KHÔNG PHẢI NẮP KHUM, Không phải nắp khùm.
VIVOSDEV11_123_clean,vivos,whisper,small,zero_shot,,42,clean,clean,CÁC CÔNG TY DU LỊCH PHẢI XÁC ĐỊNH, các công ty du lịch phải xác định.
VIVOSDEV11_123_snr0,vivos,whisper,small,zero_shot,,42,0,music,CÁC CÔNG TY DU LỊCH PHẢI XÁC ĐỊNH, các công ty du lịch phải xác định.
VIVOSDEV11_123_snr10,vivos,whisper,small,zero_shot,,42,10,noise,CÁC CÔNG TY DU LỊCH PHẢI XÁC ĐỊNH, các công ty du lịch phải xác định
VIVOSDEV11_123_snr20,vivos,whisper,small,zero_shot,,42,20,music,CÁC CÔNG TY DU LỊCH PHẢI XÁC ĐỊNH, các công ty du lịch phải xác định.
VIVOSDEV11_123_snr5,vivos,whisper,small,zero_shot,,42,5,music,CÁC CÔNG TY DU LỊCH PHẢI XÁC ĐỊNH, các công ty du lịch phải xác định
VIVOSDEV11_136_clean,vivos,whisper,small,zero_shot,,42,clean,clean,KHI NHÂN VIÊN CỨU HỘ CỐ GẮNG ĐƯA NÓ LÊN SÀ LAN," Khi nhân viên cứu hậu, cố gắng đưa nó lên sà lan."
VIVOSDEV11_136_snr0,vivos,whisper,small,zero_shot,,42,0,noise,KHI NHÂN VIÊN CỨU HỘ CỐ GẮNG ĐƯA NÓ LÊN SÀ LAN," Khi nhân viên cứu hộ, cố gắng đưa nó lên sà lang."
VIVOSDEV11_136_snr10,vivos,whisper,small,zero_shot,,42,10,speech,KHI NHÂN VIÊN CỨU HỘ CỐ GẮNG ĐƯA NÓ LÊN SÀ LAN," Khi nhân viên cứu hậu, cố gắng đưa nó lên xả lan."
VIVOSDEV11_136_snr20,vivos,whisper,small,zero_shot,,42,20,music,KHI NHÂN VIÊN CỨU HỘ CỐ GẮNG ĐƯA NÓ LÊN SÀ LAN," Khi nhân viên cứu hậu, cố gắng đưa nó lên xà lan."
VIVOSDEV11_136_snr5,vivos,whisper,small,zero_shot,,42,5,speech,KHI NHÂN VIÊN CỨU HỘ CỐ GẮNG ĐƯA NÓ LÊN SÀ LAN," Khi nhân viên cứu họ, cố gắng đưa nó lên xa lao."
VIVOSDEV11_147_clean,vivos,whisper,small,zero_shot,,42,clean,clean,GẮN LÔNG CHIM HỘT ĐÁ LÓNG LÁNH HAY BÈO DÚN TÙA LUA ĐẦY CỔ," Gắn lòng chim học đá, lóng lánh hay bèo dưới, tùa lô đầy cổ."
VIVOSDEV11_147_snr0,vivos,whisper,small,zero_shot,,42,0,noise,GẮN LÔNG CHIM HỘT ĐÁ LÓNG LÁNH HAY BÈO DÚN TÙA LUA ĐẦY CỔ," Đã lòng chiên hộp đã lóng đánh hay bèo dưới, tồ lô đầy cổ."
VIVOSDEV11_147_snr10,vivos,whisper,small,zero_shot,,42,10,noise,GẮN LÔNG CHIM HỘT ĐÁ LÓNG LÁNH HAY BÈO DÚN TÙA LUA ĐẦY CỔ," Gắn lòng chim học đá lóng lánh hay bèo dún, tuồ lo đầy cổ."
VIVOSDEV11_147_snr20,vivos,whisper,small,zero_shot,,42,20,noise,GẮN LÔNG CHIM HỘT ĐÁ LÓNG LÁNH HAY BÈO DÚN TÙA LUA ĐẦY CỔ," Giắng lòng chim học đá, lóng lánh hay bèo dưới, tùa lô, đầy cổ."
VIVOSDEV11_147_snr5,vivos,whisper,small,zero_shot,,42,5,music,GẮN LÔNG CHIM HỘT ĐÁ LÓNG LÁNH HAY BÈO DÚN TÙA LUA ĐẦY CỔ," Gắn lòng chim học đá, lóng lánh hay bèo dưới, tùa lô hợp đầy cổ."
VIVOSDEV11_164_clean,vivos,whisper,small,zero_shot,,42,clean,clean,ÍT NHẤT Ở HƠN BA MƯƠI TRƯỜNG THUỘC CÁC ĐỊA PHƯƠNG NÓI TRÊN, ít nhất ở hơn 30 trường thuộc các địa phương nói trên.
VIVOSDEV11_164_snr0,vivos,whisper,small,zero_shot,,42,0,speech,ÍT NHẤT Ở HƠN BA MƯƠI TRƯỜNG THUỘC CÁC ĐỊA PHƯƠNG NÓI TRÊN, Nói chắc là một cái hợp của mình là một cái hợp của mình.
VIVOSDEV11_164_snr10,vivos,whisper,small,zero_shot,,42,10,noise,ÍT NHẤT Ở HƠN BA MƯƠI TRƯỜNG THUỘC CÁC ĐỊA PHƯƠNG NÓI TRÊN, ít nhất ở hơn 30 trường hục các địa phương nói trên
VIVOSDEV11_164_snr20,vivos,whisper,small,zero_shot,,42,20,noise,ÍT NHẤT Ở HƠN BA MƯƠI TRƯỜNG THUỘC CÁC ĐỊA PHƯƠNG NÓI TRÊN, ít nhất ở hơn 30 trường thuộc các địa phương nói trên.
VIVOSDEV11_164_snr5,vivos,whisper,small,zero_shot,,42,5,noise,ÍT NHẤT Ở HƠN BA MƯƠI TRƯỜNG THUỘC CÁC ĐỊA PHƯƠNG NÓI TRÊN, ít nhất ở hơn 30 trường thuộc các địa phương nói trên.
VIVOSDEV11_198_clean,vivos,whisper,small,zero_shot,,42,clean,clean,LƠ LỬNG TRÊN ĐẦU LÀ NHỮNG CHIẾC BẪY ĐÁ HÀNG TRĂM KHỐI, Lơ lẫn trên đầu là những chiếc 7 đá hàng trăm khối.
VIVOSDEV11_198_snr0,vivos,whisper,small,zero_shot,,42,0,noise,LƠ LỬNG TRÊN ĐẦU LÀ NHỮNG CHIẾC BẪY ĐÁ HÀNG TRĂM KHỐI, Lơ lãnh trên đầu là những chiếc 7 đá hàng trăm khối.
VIVOSDEV11_198_snr10,vivos,whisper,small,zero_shot,,42,10,noise,LƠ LỬNG TRÊN ĐẦU LÀ NHỮNG CHIẾC BẪY ĐÁ HÀNG TRĂM KHỐI, Lơ lẫn cân đầu lại những chiếc 7 đá hàng trăm khối.
VIVOSDEV11_198_snr20,vivos,whisper,small,zero_shot,,42,20,music,LƠ LỬNG TRÊN ĐẦU LÀ NHỮNG CHIẾC BẪY ĐÁ HÀNG TRĂM KHỐI, Lơ lẫn trên đầu là những chiếc 7 đá hàng trăm khối.
VIVOSDEV11_198_snr5,vivos,whisper,small,zero_shot,,42,5,music,LƠ LỬNG TRÊN ĐẦU LÀ NHỮNG CHIẾC BẪY ĐÁ HÀNG TRĂM KHỐI, Lơ lẫn trên đầu là những chiếc 7 đá hàng trăm khối.
VIVOSDEV11_200_clean,vivos,whisper,small,zero_shot,,42,clean,clean,NĂM ĐẦU TIÊN, Năm đầu tiên
VIVOSDEV11_200_snr0,vivos,whisper,small,zero_shot,,42,0,music,NĂM ĐẦU TIÊN, năm đầu tiên
VIVOSDEV11_200_snr10,vivos,whisper,small,zero_shot,,42,10,music,NĂM ĐẦU TIÊN, năm đầu tiên
VIVOSDEV11_200_snr20,vivos,whisper,small,zero_shot,,42,20,noise,NĂM ĐẦU TIÊN, Năm đầu tiên
VIVOSDEV11_200_snr5,vivos,whisper,small,zero_shot,,42,5,noise,NĂM ĐẦU TIÊN, Năm đầu tiên
VIVOSDEV11_234_clean,vivos,whisper,small,zero_shot,,42,clean,clean,BẢY MƯƠI BỐN BẢY MƯƠI LĂM, 74 75
VIVOSDEV11_234_snr0,vivos,whisper,small,zero_shot,,42,0,noise,BẢY MƯƠI BỐN BẢY MƯƠI LĂM," 74, 75"
VIVOSDEV11_234_snr10,vivos,whisper,small,zero_shot,,42,10,speech,BẢY MƯƠI BỐN BẢY MƯƠI LĂM," 70 quốc, 75."
VIVOSDEV11_234_snr20,vivos,whisper,small,zero_shot,,42,20,noise,BẢY MƯƠI BỐN BẢY MƯƠI LĂM, 74 75
VIVOSDEV11_234_snr5,vivos,whisper,small,zero_shot,,42,5,noise,BẢY MƯƠI BỐN BẢY MƯƠI LĂM, 70.4 75
VIVOSDEV11_246_clean,vivos,whisper,small,zero_shot,,42,clean,clean,CHÍN MƯƠI TÁM CHÍN MƯƠI CHÍN, 98-99
VIVOSDEV11_246_snr0,vivos,whisper,small,zero_shot,,42,0,noise,CHÍN MƯƠI TÁM CHÍN MƯƠI CHÍN," 98, 99"
VIVOSDEV11_246_snr10,vivos,whisper,small,zero_shot,,42,10,music,CHÍN MƯƠI TÁM CHÍN MƯƠI CHÍN, 98-99
VIVOSDEV11_246_snr20,vivos,whisper,small,zero_shot,,42,20,speech,CHÍN MƯƠI TÁM CHÍN MƯƠI CHÍN," 98, 99"
VIVOSDEV11_246_snr5,vivos,whisper,small,zero_shot,,42,5,music,CHÍN MƯƠI TÁM CHÍN MƯƠI CHÍN," 98, 99"
VIVOSDEV11_252_clean,vivos,whisper,small,zero_shot,,42,clean,clean,BÂY GIỜ CƯỚP NHIỀU QUÁ ĐI ĐƯỜNG CŨNG THẤY SỢ," Bây giờ cướp nhiều quá, đi đường cũng thấy sợ."
VIVOSDEV11_252_snr0,vivos,whisper,small,zero_shot,,42,0,music,BÂY GIỜ CƯỚP NHIỀU QUÁ ĐI ĐƯỜNG CŨNG THẤY SỢ," bay già cướp nhiều quá, đi đường cũng thấy sợ"
VIVOSDEV11_252_snr10,vivos,whisper,small,zero_shot,,42,10,music,BÂY GIỜ CƯỚP NHIỀU QUÁ ĐI ĐƯỜNG CŨNG THẤY SỢ," Bây giờ, cướp nhiều quá, đi đường cũng thấy sợ."
VIVOSDEV11_252_snr20,vivos,whisper,small,zero_shot,,42,20,noise,BÂY GIỜ CƯỚP NHIỀU QUÁ ĐI ĐƯỜNG CŨNG THẤY SỢ," Bây giờ cướp nhiều quá, đi đường cũng thấy sợ"
VIVOSDEV11_252_snr5,vivos,whisper,small,zero_shot,,42,5,music,BÂY GIỜ CƯỚP NHIỀU QUÁ ĐI ĐƯỜNG CŨNG THẤY SỢ," Bây giờ cướp nhiều quá, đi đường cũng thấy sợ."
VIVOSDEV11_262_clean,vivos,whisper,small,zero_shot,,42,clean,clean,TÌM HUNG THỦ HIẾP DÂM BẰNG NƯỚC BỌT NẠN NHÂN, Tìm hôn thổ híp dâm bằng nước bọt nạn nhân.
VIVOSDEV11_262_snr0,vivos,whisper,small,zero_shot,,42,0,noise,TÌM HUNG THỦ HIẾP DÂM BẰNG NƯỚC BỌT NẠN NHÂN, Tền hông thủ hít dăm bằng nước bọt nạn nhân.
VIVOSDEV11_262_snr10,vivos,whisper,small,zero_shot,,42,10,music,TÌM HUNG THỦ HIẾP DÂM BẰNG NƯỚC BỌT NẠN NHÂN, Tìm hôm thủ híp dâm bằng nước bọt nạn nhân.
VIVOSDEV11_262_snr20,vivos,whisper,small,zero_shot,,42,20,speech,TÌM HUNG THỦ HIẾP DÂM BẰNG NƯỚC BỌT NẠN NHÂN, Tìm hôm thủ hiếp dăm bằng nước bọt nạn nhân.
VIVOSDEV11_262_snr5,vivos,whisper,small,zero_shot,,42,5,music,TÌM HUNG THỦ HIẾP DÂM BẰNG NƯỚC BỌT NẠN NHÂN, Tìm hôn thổ hiếp dăm bằng nước bọt nạn nhân.
VIVOSDEV11_269_clean,vivos,whisper,small,zero_shot,,42,clean,clean,CHÚNG TÔI YÊU NHAU ĐƯỢC HAI NĂM THÌ GIA ĐÌNH TÔI XẢY RA CHUYỆN, Chúng tôi yêu nhau được 2 năm thầy gia đình tôi xảy ra chuyện.
VIVOSDEV11_269_snr0,vivos,whisper,small,zero_shot,,42,0,music,CHÚNG TÔI YÊU NHAU ĐƯỢC HAI NĂM THÌ GIA ĐÌNH TÔI XẢY RA CHUYỆN, Chúng tôi yêu nhau được hai năm thầy gia đình tôi xảy ra chuyện.
VIVOSDEV11_269_snr10,vivos,whisper,small,zero_shot,,42,10,noise,CHÚNG TÔI YÊU NHAU ĐƯỢC HAI NĂM THÌ GIA ĐÌNH TÔI XẢY RA CHUYỆN, Chúng tôi yêu nhau được 2 năm thầy gia đình tôi xảy ra chuyện
VIVOSDEV11_269_snr20,vivos,whisper,small,zero_shot,,42,20,noise,CHÚNG TÔI YÊU NHAU ĐƯỢC HAI NĂM THÌ GIA ĐÌNH TÔI XẢY RA CHUYỆN, Chúng tôi yêu nhau được 2 năm thầy gia đình tôi xảy ra chuyện.
VIVOSDEV11_269_snr5,vivos,whisper,small,zero_shot,,42,5,noise,CHÚNG TÔI YÊU NHAU ĐƯỢC HAI NĂM THÌ GIA ĐÌNH TÔI XẢY RA CHUYỆN, Chúng tôi yêu nhau được 2 năm thầy gia đình tôi xảy ra chuyện.
VIVOSDEV11_273_clean,vivos,whisper,small,zero_shot,,42,clean,clean,TRỌNG TÀI PHẠT THẺ ĐỎ, Trong tay Phạt thế đó
VIVOSDEV11_273_snr0,vivos,whisper,small,zero_shot,,42,0,speech,TRỌNG TÀI PHẠT THẺ ĐỎ, Công tai phạt thế đó.
VIVOSDEV11_273_snr10,vivos,whisper,small,zero_shot,,42,10,noise,TRỌNG TÀI PHẠT THẺ ĐỎ, Trong tay phạt thế đó.
VIVOSDEV11_273_snr20,vivos,whisper,small,zero_shot,,42,20,noise,TRỌNG TÀI PHẠT THẺ ĐỎ, Trong tay phạt thế đó
VIVOSDEV11_273_snr5,vivos,whisper,small,zero_shot,,42,5,noise,TRỌNG TÀI PHẠT THẺ ĐỎ, Trộm tay phạt hết đó
VIVOSDEV11_274_clean,vivos,whisper,small,zero_shot,,42,clean,clean,KIỂU NÀY CHẮC PHẢI CẮT GIẢM BIÊN CHẾ, Kiểu này chắc phải cắt xảm biên chế.
VIVOSDEV11_274_snr0,vivos,whisper,small,zero_shot,,42,0,noise,KIỂU NÀY CHẮC PHẢI CẮT GIẢM BIÊN CHẾ, Khiểu này chắc phải cắt giảm biên chế
VIVOSDEV11_274_snr10,vivos,whisper,small,zero_shot,,42,10,music,KIỂU NÀY CHẮC PHẢI CẮT GIẢM BIÊN CHẾ, kiểu này chắc phải cắt xảm biên chế
VIVOSDEV11_274_snr20,vivos,whisper,small,zero_shot,,42,20,noise,KIỂU NÀY CHẮC PHẢI CẮT GIẢM BIÊN CHẾ, kiểu này chắc phải cắt xảm biên chế.
VIVOSDEV11_274_snr5,vivos,whisper,small,zero_shot,,42,5,noise,KIỂU NÀY CHẮC PHẢI CẮT GIẢM BIÊN CHẾ, kiểu này chắc phải cắt xảm biên chế
VIVOSDEV11_289_clean,vivos,whisper,small,zero_shot,,42,clean,clean,THEO PHÓ CHỦ TỊCH ỦY BAN AN TOÀN GIAO THÔNG QUỐC GIA, Theo phó chủ tịch quỷ bang an toàn giao thông quất ra
VIVOSDEV11_289_snr0,vivos,whisper,small,zero_shot,,42,0,noise,THEO PHÓ CHỦ TỊCH ỦY BAN AN TOÀN GIAO THÔNG QUỐC GIA, Theo phó chủ tịch quỹ ban an toàn giao thông bất ra
VIVOSDEV11_289_snr10,vivos,whisper,small,zero_shot,,42,10,noise,THEO PHÓ CHỦ TỊCH ỦY BAN AN TOÀN GIAO THÔNG QUỐC GIA, Theo phó chủ tịch quỷ bang an toàn giao thông bất ra
VIVOSDEV11_289_snr20,vivos,whisper,small,zero_shot,,42,20,music,THEO PHÓ CHỦ TỊCH ỦY BAN AN TOÀN GIAO THÔNG QUỐC GIA, Theo phó chủ tịch quỷ bang an toàn giao thông quất ra
VIVOSDEV11_289_snr5,vivos,whisper,small,zero_shot,,42,5,noise,THEO PHÓ CHỦ TỊCH ỦY BAN AN TOÀN GIAO THÔNG QUỐC GIA, Theo phó chủ tịch quỷ bang an toàn giao thông quất ra
VIVOSDEV12_006_clean,vivos,whisper,small,zero_shot,,42,clean,clean,TỪ SỰ DƯ THỪA QUÁ MỨC CỦA LUỒNG TIỀN NÀY, Từ sự du thờ qua mức của luận tiền này.
VIVOSDEV12_006_snr0,vivos,whisper,small,zero_shot,,42,0,noise,TỪ SỰ DƯ THỪA QUÁ MỨC CỦA LUỒNG TIỀN NÀY, Tời trở dư thờ quá múc bỏ lộn tềm này
VIVOSDEV12_006_snr10,vivos,whisper,small,zero_shot,,42,10,noise,TỪ SỰ DƯ THỪA QUÁ MỨC CỦA LUỒNG TIỀN NÀY, từ sự dư thờ qua mức của luận tiền này
VIVOSDEV12_006_snr20,vivos,whisper,small,zero_shot,,42,20,music,TỪ SỰ DƯ THỪA QUÁ MỨC CỦA LUỒNG TIỀN NÀY, Từ sự du thờ qua mức của luận tiền này.
VIVOSDEV12_006_snr5,vivos,whisper,small,zero_shot,,42,5,noise,TỪ SỰ DƯ THỪA QUÁ MỨC CỦA LUỒNG TIỀN NÀY, Từ từ vư thờ quá mức của lồn tề này
VIVOSDEV12_011_clean,vivos,whisper,small,zero_shot,,42,clean,clean,ĐÓ CHỨNG TỎ RẰNG CHÚNG TA ĐÃ GIÀ, Đó chứng tỏ rằng chúng ta đã già.
VIVOSDEV12_011_snr0,vivos,whisper,small,zero_shot,,42,0,music,ĐÓ CHỨNG TỎ RẰNG CHÚNG TA ĐÃ GIÀ, Đó chứng tỏ rằng chúng ta đã già
VIVOSDEV12_011_snr10,vivos,whisper,small,zero_shot,,42,10,noise,ĐÓ CHỨNG TỎ RẰNG CHÚNG TA ĐÃ GIÀ, Đó chứng tỏ rằng chúng ta đã già
VIVOSDEV12_011_snr20,vivos,whisper,small,zero_shot,,42,20,noise,ĐÓ CHỨNG TỎ RẰNG CHÚNG TA ĐÃ GIÀ, Đó chứng tỏ rằng chúng ta đã già
VIVOSDEV12_011_snr5,vivos,whisper,small,zero_shot,,42,5,speech,ĐÓ CHỨNG TỎ RẰNG CHÚNG TA ĐÃ GIÀ, Đó chứng tỏ rằng chúng ta đã già.
VIVOSDEV12_015_clean,vivos,whisper,small,zero_shot,,42,clean,clean,TRẢ LẠI ĐẤT CHO RỪNG, Trả lại đất cho rừng.
VIVOSDEV12_015_snr0,vivos,whisper,small,zero_shot,,42,0,noise,TRẢ LẠI ĐẤT CHO RỪNG, trả lại đất cho rừng.
VIVOSDEV12_015_snr10,vivos,whisper,small,zero_shot,,42,10,noise,TRẢ LẠI ĐẤT CHO RỪNG, Trả lại đất cho rừng.
VIVOSDEV12_015_snr20,vivos,whisper,small,zero_shot,,42,20,music,TRẢ LẠI ĐẤT CHO RỪNG, Trả lại đất cho rừng.
VIVOSDEV12_015_snr5,vivos,whisper,small,zero_shot,,42,5,speech,TRẢ LẠI ĐẤT CHO RỪNG, trả lại đắt cho rừng
VIVOSDEV12_032_clean,vivos,whisper,small,zero_shot,,42,clean,clean,CÁC LOẠI CÂY TRỒNG Ở RỪNG NÀY TOÀN CÂY KÉM GIÁ TRỊ, Các lợi cây trông ở rừng này toàn cây kém giá trị.
VIVOSDEV12_032_snr0,vivos,whisper,small,zero_shot,,42,0,music,CÁC LOẠI CÂY TRỒNG Ở RỪNG NÀY TOÀN CÂY KÉM GIÁ TRỊ, các lợi gây trông ở rừng này to cây kém giá trị
VIVOSDEV12_032_snr10,vivos,whisper,small,zero_shot,,42,10,music,CÁC LOẠI CÂY TRỒNG Ở RỪNG NÀY TOÀN CÂY KÉM GIÁ TRỊ, Các lợi cây trong ở rừng này toàn cây kém giá trị.
VIVOSDEV12_032_snr20,vivos,whisper,small,zero_shot,,42,20,speech,CÁC LOẠI CÂY TRỒNG Ở RỪNG NÀY TOÀN CÂY KÉM GIÁ TRỊ, Các lợi cây trồng ở rừng này toàn cây kém giá trị.
VIVOSDEV12_032_snr5,vivos,whisper,small,zero_shot,,42,5,speech,CÁC LOẠI CÂY TRỒNG Ở RỪNG NÀY TOÀN CÂY KÉM GIÁ TRỊ, Các trợ cây trồng ở rừng này còn cây kém giá trị.
VIVOSDEV12_056_clean,vivos,whisper,small,zero_shot,,42,clean,clean,TẠI CHỢ CÁ, Tại chợ cá
VIVOSDEV12_056_snr0,vivos,whisper,small,zero_shot,,42,0,noise,TẠI CHỢ CÁ, Tại chợ cá
VIVOSDEV12_056_snr10,vivos,whisper,small,zero_shot,,42,10,music,TẠI CHỢ CÁ, Tại chợ cá
VIVOSDEV12_056_snr20,vivos,whisper,small,zero_shot,,42,20,speech,TẠI CHỢ CÁ, Tại chợ cá
VIVOSDEV12_056_snr5,vivos,whisper,small,zero_shot,,42,5,noise,TẠI CHỢ CÁ, Tại chợ cá
VIVOSDEV12_057_clean,vivos,whisper,small,zero_shot,,42,clean,clean,KHÔNG PHẢI VÌ TÔI KHÔNG COI TRỌNG CHẤT LƯỢNG, Không phải vì tôi không coi trọng chất lượng.
VIVOSDEV12_057_snr0,vivos,whisper,small,zero_shot,,42,0,music,KHÔNG PHẢI VÌ TÔI KHÔNG COI TRỌNG CHẤT LƯỢNG, Không phải vì tôi không coi trọng cách lượng.
VIVOSDEV12_057_snr10,vivos,whisper,small,zero_shot,,42,10,noise,KHÔNG PHẢI VÌ TÔI KHÔNG COI TRỌNG CHẤT LƯỢNG, Không phải vì tôi không coi trọng chất lượng.
VIVOSDEV12_057_snr20,vivos,whisper,small,zero_shot,,42,20,noise,KHÔNG PHẢI VÌ TÔI KHÔNG COI TRỌNG CHẤT LƯỢNG, Không phải vì tôi không coi trọng chất lượng.
VIVOSDEV12_057_snr5,vivos,whisper,small,zero_shot,,42,5,noise,KHÔNG PHẢI VÌ TÔI KHÔNG COI TRỌNG CHẤT LƯỢNG, Không phải vì tôi không coi trọng chất lượng.
VIVOSDEV12_066_clean,vivos,whisper,small,zero_shot,,42,clean,clean,THIẾU TƯỚNG PHẠM QUÝ NGỌ CHO BIẾT, Thíu tướng Phạm Quý Ngọ cho biết.
VIVOSDEV12_066_snr0,vivos,whisper,small,zero_shot,,42,0,noise,THIẾU TƯỚNG PHẠM QUÝ NGỌ CHO BIẾT, Hiểu tướng Phạm Quý Ngọ cho biết
VIVOSDEV12_066_snr10,vivos,whisper,small,zero_shot,,42,10,speech,THIẾU TƯỚNG PHẠM QUÝ NGỌ CHO BIẾT, Thíu tướng Phạm Quý Ngọ cho biết.
VIVOSDEV12_066_snr20,vivos,whisper,small,zero_shot,,42,20,music,THIẾU TƯỚNG PHẠM QUÝ NGỌ CHO BIẾT, Thiếu tướng Phạm Quý Ngọ cho biết
VIVOSDEV12_066_snr5,vivos,whisper,small,zero_shot,,42,5,music,THIẾU TƯỚNG PHẠM QUÝ NGỌ CHO BIẾT, Hiếu tướng Phạm Quý Ngọ cho biết
VIVOSDEV12_068_clean,vivos,whisper,small,zero_shot,,42,clean,clean,KHÔNG MỘT CHÚT TRẦY TRỤA MÀ ĐỀN CÁI GÌ, Không một chút trầy trộm mà đến cái gì?
VIVOSDEV12_068_snr0,vivos,whisper,small,zero_shot,,42,0,speech,KHÔNG MỘT CHÚT TRẦY TRỤA MÀ ĐỀN CÁI GÌ, không một chút chạy trò mà đến cái gì?
VIVOSDEV12_068_snr10,vivos,whisper,small,zero_shot,,42,10,speech,KHÔNG MỘT CHÚT TRẦY TRỤA MÀ ĐỀN CÁI GÌ, Không một chút trầy trua mà đến cái gì.
VIVOSDEV12_068_snr20,vivos,whisper,small,zero_shot,,42,20,speech,KHÔNG MỘT CHÚT TRẦY TRỤA MÀ ĐỀN CÁI GÌ, Không một chút trầy trộm mà đến cái gì?
VIVOSDEV12_068_snr5,vivos,whisper,small,zero_shot,,42,5,noise,KHÔNG MỘT CHÚT TRẦY TRỤA MÀ ĐỀN CÁI GÌ, Không một chút chạy trò mà đền cái gì
VIVOSDEV12_079_clean,vivos,whisper,small,zero_shot,,42,clean,clean,XANH CỎ MƯỢT MÀ VEN ĐƯỜNG, Xanh có mượt mà vang đường.
VIVOSDEV12_079_snr0,vivos,whisper,small,zero_shot,,42,0,noise,XANH CỎ MƯỢT MÀ VEN ĐƯỜNG, xanh tró mượt màu vang đường
VIVOSDEV12_079_snr10,vivos,whisper,small,zero_shot,,42,10,music,XANH CỎ MƯỢT MÀ VEN ĐƯỜNG, xanh có mượt mà vang đường
VIVOSDEV12_079_snr20,vivos,whisper,small,zero_shot,,42,20,noise,XANH CỎ MƯỢT MÀ VEN ĐƯỜNG, xanh có mượt mà vang đường.
VIVOSDEV12_079_snr5,vivos,whisper,small,zero_shot,,42,5,music,XANH CỎ MƯỢT MÀ VEN ĐƯỜNG, xanh có mượt mà vang đường
VIVOSDEV12_101_clean,vivos,whisper,small,zero_shot,,42,clean,clean,KHI CHÍNH PHỦ LÚC ĐẦU ĐỀ NGHỊ ÂN XÁ CHO NHỮNG NGƯỜI NỔI DẬY, Khi chính phủ lúc đầu đề nghị ân xá cho những người nổi dậy.
VIVOSDEV12_101_snr0,vivos,whisper,small,zero_shot,,42,0,music,KHI CHÍNH PHỦ LÚC ĐẦU ĐỀ NGHỊ ÂN XÁ CHO NHỮNG NGƯỜI NỔI DẬY, khi chính phủ lúc đầu đề nghị ông xá cho những người ngổ dây.
VIVOSDEV12_101_snr10,vivos,whisper,small,zero_shot,,42,10,noise,KHI CHÍNH PHỦ LÚC ĐẦU ĐỀ NGHỊ ÂN XÁ CHO NHỮNG NGƯỜI NỔI DẬY, khi chính phủ lúc đầu đề nghị ân xá cho những người nổi dậy.
VIVOSDEV12_101_snr20,vivos,whisper,small,zero_shot,,42,20,speech,KHI CHÍNH PHỦ LÚC ĐẦU ĐỀ NGHỊ ÂN XÁ CHO NHỮNG NGƯỜI NỔI DẬY, Khi chính phủ lúc đầu đề nghị ân xá cho những người nổi dậy.
VIVOSDEV12_101_snr5,vivos,whisper,small,zero_shot,,42,5,speech,KHI CHÍNH PHỦ LÚC ĐẦU ĐỀ NGHỊ ÂN XÁ CHO NHỮNG NGƯỜI NỔI DẬY, Khi chính phủ lúc đầu đề nghỉ ân xa cho những người nổi dậy.
VIVOSDEV12_116_clean,vivos,whisper,small,zero_shot,,42,clean,clean,DƯỚI ÁNH ĐÈN MỜ MỜ ẢO ẢO, Dưới ánh đèn mờ mờ áo áo
VIVOSDEV12_116_snr0,vivos,whisper,small,zero_shot,,42,0,noise,DƯỚI ÁNH ĐÈN MỜ MỜ ẢO ẢO, Với ánh đèn mờ mờ ảo ảo
VIVOSDEV12_116_snr10,vivos,whisper,small,zero_shot,,42,10,noise,DƯỚI ÁNH ĐÈN MỜ MỜ ẢO ẢO, dưới ánh đèn mờ mờ áo áo
VIVOSDEV12_116_snr20,vivos,whisper,small,zero_shot,,42,20,speech,DƯỚI ÁNH ĐÈN MỜ MỜ ẢO ẢO, Dưới ánh đèn mờ mờ áo áo.
VIVOSDEV12_116_snr5,vivos,whisper,small,zero_shot,,42,5,music,DƯỚI ÁNH ĐÈN MỜ MỜ ẢO ẢO, dưới ách đèn mờ mờ ào áo
VIVOSDEV12_132_clean,vivos,whisper,small,zero_shot,,42,clean,clean,HẦU HẾT NHỮNG VẤN ĐỀ XẢY RA TRÊN THẾ GIỚI, Hầu hết những vấn đề xảy ra trên thế giới.
VIVOSDEV12_132_snr0,vivos,whisper,small,zero_shot,,42,0,speech,HẦU HẾT NHỮNG VẤN ĐỀ XẢY RA TRÊN THẾ GIỚI, Hầu hết những vấn đề xảy ra trên thế giới.
VIVOSDEV12_132_snr10,vivos,whisper,small,zero_shot,,42,10,noise,HẦU HẾT NHỮNG VẤN ĐỀ XẢY RA TRÊN THẾ GIỚI, Hầu hết những vấn đề xảy ra trên thế giới.
VIVOSDEV12_132_snr20,vivos,whisper,small,zero_shot,,42,20,noise,HẦU HẾT NHỮNG VẤN ĐỀ XẢY RA TRÊN THẾ GIỚI, Hầu hết những vấn đề xảy ra trên thế giới.
VIVOSDEV12_132_snr5,vivos,whisper,small,zero_shot,,42,5,speech,HẦU HẾT NHỮNG VẤN ĐỀ XẢY RA TRÊN THẾ GIỚI, Hầu hết những vấn đề xảy ra trên thế giới.
VIVOSDEV12_144_clean,vivos,whisper,small,zero_shot,,42,clean,clean,TRẢ LỜI TÔI BIẾT, Trả lời tôi biết.
VIVOSDEV12_144_snr0,vivos,whisper,small,zero_shot,,42,0,music,TRẢ LỜI TÔI BIẾT, Chả lời coi biết.
VIVOSDEV12_144_snr10,vivos,whisper,small,zero_shot,,42,10,music,TRẢ LỜI TÔI BIẾT, Cả lời tôi biết.
VIVOSDEV12_144_snr20,vivos,whisper,small,zero_shot,,42,20,music,TRẢ LỜI TÔI BIẾT, Trả lời tôi biết.
VIVOSDEV12_144_snr5,vivos,whisper,small,zero_shot,,42,5,noise,TRẢ LỜI TÔI BIẾT, Chả lời coi biết
VIVOSDEV12_166_clean,vivos,whisper,small,zero_shot,,42,clean,clean,ỊCH GÃ TO BÉO ỤC ỊCH, Hết gã to béo ốc ạ
VIVOSDEV12_166_snr0,vivos,whisper,small,zero_shot,,42,0,noise,ỊCH GÃ TO BÉO ỤC ỊCH, thịt gà to béo ốc ạ
VIVOSDEV12_166_snr10,vivos,whisper,small,zero_shot,,42,10,speech,ỊCH GÃ TO BÉO ỤC ỊCH, Tất cả to béo ục à
VIVOSDEV12_166_snr20,vivos,whisper,small,zero_shot,,42,20,speech,ỊCH GÃ TO BÉO ỤC ỊCH, Thật gã to béo ục à
VIVOSDEV12_166_snr5,vivos,whisper,small,zero_shot,,42,5,noise,ỊCH GÃ TO BÉO ỤC ỊCH, Hết cả to béo ục à
VIVOSDEV12_169_clean,vivos,whisper,small,zero_shot,,42,clean,clean,ÁO RÁCH LƯƠM BƯƠM, Áo rắt lương bơm
VIVOSDEV12_169_snr0,vivos,whisper,small,zero_shot,,42,0,noise,ÁO RÁCH LƯƠM BƯƠM, áo rắt lương bơm
VIVOSDEV12_169_snr10,vivos,whisper,small,zero_shot,,42,10,noise,ÁO RÁCH LƯƠM BƯƠM, áo rắt lùm bùm
VIVOSDEV12_169_snr20,vivos,whisper,small,zero_shot,,42,20,noise,ÁO RÁCH LƯƠM BƯƠM, Áo rắt lùm bơm
VIVOSDEV12_169_snr5,vivos,whisper,small,zero_shot,,42,5,noise,ÁO RÁCH LƯƠM BƯƠM, áo rắt luôn bơm
VIVOSDEV12_173_clean,vivos,whisper,small,zero_shot,,42,clean,clean,ĐỐI VỚI NHỮNG PHẢN ỨNG KHÁC BIỆT ĐÓ, đối với những phản ứng khác biệt đó.
VIVOSDEV12_173_snr0,vivos,whisper,small,zero_shot,,42,0,music,ĐỐI VỚI NHỮNG PHẢN ỨNG KHÁC BIỆT ĐÓ, Đôi với đừng phản ứng khác đi đó.
VIVOSDEV12_173_snr10,vivos,whisper,small,zero_shot,,42,10,noise,ĐỐI VỚI NHỮNG PHẢN ỨNG KHÁC BIỆT ĐÓ, đối với những phản ứng khác biệt đó.
VIVOSDEV12_173_snr20,vivos,whisper,small,zero_shot,,42,20,noise,ĐỐI VỚI NHỮNG PHẢN ỨNG KHÁC BIỆT ĐÓ, đối với những phản ứng khác biệt đó.
VIVOSDEV12_173_snr5,vivos,whisper,small,zero_shot,,42,5,noise,ĐỐI VỚI NHỮNG PHẢN ỨNG KHÁC BIỆT ĐÓ, đối với những phản ứng khác biệt đó.
VIVOSDEV12_192_clean,vivos,whisper,small,zero_shot,,42,clean,clean,TRANG THỨ HAI CỦA TỜ BÁO, Trang thứ 2 của tờ báo
VIVOSDEV12_192_snr0,vivos,whisper,small,zero_shot,,42,0,noise,TRANG THỨ HAI CỦA TỜ BÁO, Trang thứ 2 của tờ báo
VIVOSDEV12_192_snr10,vivos,whisper,small,zero_shot,,42,10,music,TRANG THỨ HAI CỦA TỜ BÁO, Trang thứ 2 của Tờ Báo
VIVOSDEV12_192_snr20,vivos,whisper,small,zero_shot,,42,20,speech,TRANG THỨ HAI CỦA TỜ BÁO, Trang thứ 2 của tờ báo
VIVOSDEV12_192_snr5,vivos,whisper,small,zero_shot,,42,5,speech,TRANG THỨ HAI CỦA TỜ BÁO, Trang thứ 2 của tờ báo
VIVOSDEV12_213_clean,vivos,whisper,small,zero_shot,,42,clean,clean,BA MƯƠI HAI BA MƯƠI BA," 32, 33"
VIVOSDEV12_213_snr0,vivos,whisper,small,zero_shot,,42,0,speech,BA MƯƠI HAI BA MƯƠI BA, 3.5.
VIVOSDEV12_213_snr10,vivos,whisper,small,zero_shot,,42,10,music,BA MƯƠI HAI BA MƯƠI BA, 32 33
VIVOSDEV12_213_snr20,vivos,whisper,small,zero_shot,,42,20,music,BA MƯƠI HAI BA MƯƠI BA, 32 33
VIVOSDEV12_213_snr5,vivos,whisper,small,zero_shot,,42,5,noise,BA MƯƠI HAI BA MƯƠI BA, 32 33
VIVOSDEV12_223_clean,vivos,whisper,small,zero_shot,,42,clean,clean,NĂM MƯƠI HAI NĂM MƯƠI BA," Năm 12, Năm 13"
VIVOSDEV12_223_snr0,vivos,whisper,small,zero_shot,,42,0,music,NĂM MƯƠI HAI NĂM MƯƠI BA," Năm mười hai, năm mười ba"
VIVOSDEV12_223_snr10,vivos,whisper,small,zero_shot,,42,10,music,NĂM MƯƠI HAI NĂM MƯƠI BA," Năm 12, Năm 13"
VIVOSDEV12_223_snr20,vivos,whisper,small,zero_shot,,42,20,music,NĂM MƯƠI HAI NĂM MƯƠI BA," Năm 12, Năm 13"
VIVOSDEV12_223_snr5,vivos,whisper,small,zero_shot,,42,5,noise,NĂM MƯƠI HAI NĂM MƯƠI BA," Năm 12, Năm 13"
VIVOSDEV12_232_clean,vivos,whisper,small,zero_shot,,42,clean,clean,BẢY MƯƠI BẢY MƯƠI MỐT," 70, 71"
VIVOSDEV12_232_snr0,vivos,whisper,small,zero_shot,,42,0,noise,BẢY MƯƠI BẢY MƯƠI MỐT, 70 71
VIVOSDEV12_232_snr10,vivos,whisper,small,zero_shot,,42,10,noise,BẢY MƯƠI BẢY MƯƠI MỐT," 70, 71"
VIVOSDEV12_232_snr20,vivos,whisper,small,zero_shot,,42,20,speech,BẢY MƯƠI BẢY MƯƠI MỐT, 70 71
VIVOSDEV12_232_snr5,vivos,whisper,small,zero_shot,,42,5,speech,BẢY MƯƠI BẢY MƯƠI MỐT," 70, 71"
VIVOSDEV12_244_clean,vivos,whisper,small,zero_shot,,42,clean,clean,CHÍN MƯƠI BỐN CHÍN MƯƠI LĂM, 94 95
VIVOSDEV12_244_snr0,vivos,whisper,small,zero_shot,,42,0,music,CHÍN MƯƠI BỐN CHÍN MƯƠI LĂM, 94 95
VIVOSDEV12_244_snr10,vivos,whisper,small,zero_shot,,42,10,noise,CHÍN MƯƠI BỐN CHÍN MƯƠI LĂM, 94 95
VIVOSDEV12_244_snr20,vivos,whisper,small,zero_shot,,42,20,noise,CHÍN MƯƠI BỐN CHÍN MƯƠI LĂM, 94 95
VIVOSDEV12_244_snr5,vivos,whisper,small,zero_shot,,42,5,speech,CHÍN MƯƠI BỐN CHÍN MƯƠI LĂM, 914 95
VIVOSDEV12_248_clean,vivos,whisper,small,zero_shot,,42,clean,clean,MỘT BA NĂM BẢY CHÍN," 1, 3, 5, 7, 9"
VIVOSDEV12_248_snr0,vivos,whisper,small,zero_shot,,42,0,speech,MỘT BA NĂM BẢY CHÍN," Một, ba, năm, bảy, chín."
VIVOSDEV12_248_snr10,vivos,whisper,small,zero_shot,,42,10,noise,MỘT BA NĂM BẢY CHÍN," 1, 3, 5, 7, 9"
VIVOSDEV12_248_snr20,vivos,whisper,small,zero_shot,,42,20,noise,MỘT BA NĂM BẢY CHÍN," 1, 3, 5, 7, 9"
VIVOSDEV12_248_snr5,vivos,whisper,small,zero_shot,,42,5,music,MỘT BA NĂM BẢY CHÍN," 1, 3, 5, 7, 9"
VIVOSDEV12_280_clean,vivos,whisper,small,zero_shot,,42,clean,clean,DU LỊCH SẼ TRỞ THÀNH NGÀNH KINH TẾ MŨI NHỌN, Vô lịch sẽ trở thành ngành kinh tế mũi nhọn.
VIVOSDEV12_280_snr0,vivos,whisper,small,zero_shot,,42,0,noise,DU LỊCH SẼ TRỞ THÀNH NGÀNH KINH TẾ MŨI NHỌN, Vô lịch sẽ trở thành ngành kinh tế mũi nhộn.
VIVOSDEV12_280_snr10,vivos,whisper,small,zero_shot,,42,10,noise,DU LỊCH SẼ TRỞ THÀNH NGÀNH KINH TẾ MŨI NHỌN, Vô lịch sẽ trở thành ngành cIMTế mũi nhọn.
VIVOSDEV12_280_snr20,vivos,whisper,small,zero_shot,,42,20,noise,DU LỊCH SẼ TRỞ THÀNH NGÀNH KINH TẾ MŨI NHỌN, Vô lịch sẽ trở thành ngành kinh tế mũi nhọn.
VIVOSDEV12_280_snr5,vivos,whisper,small,zero_shot,,42,5,music,DU LỊCH SẼ TRỞ THÀNH NGÀNH KINH TẾ MŨI NHỌN, Du lịch sẽ trở thành ngành kinh tế mũi nhọn.
VIVOSDEV12_290_clean,vivos,whisper,small,zero_shot,,42,clean,clean,TỪ KHI CHỒNG QUA ĐỜI VÌ BỆNH TẬT, từ khi trồng qua đời vì bệnh tật.
VIVOSDEV12_290_snr0,vivos,whisper,small,zero_shot,,42,0,speech,TỪ KHI CHỒNG QUA ĐỜI VÌ BỆNH TẬT, từ khi trọng qua nội vì bệnh tật.
VIVOSDEV12_290_snr10,vivos,whisper,small,zero_shot,,42,10,noise,TỪ KHI CHỒNG QUA ĐỜI VÌ BỆNH TẬT, Từ khi trồng qua đòi vì bệnh tật
VIVOSDEV12_290_snr20,vivos,whisper,small,zero_shot,,42,20,speech,TỪ KHI CHỒNG QUA ĐỜI VÌ BỆNH TẬT, từ khi trọng qua đòi vì bệnh tạch.
VIVOSDEV12_290_snr5,vivos,whisper,small,zero_shot,,42,5,speech,TỪ KHI CHỒNG QUA ĐỜI VÌ BỆNH TẬT, từ khi trọng qua đời vì mình tận.
VIVOSDEV13_019_clean,vivos,whisper,small,zero_shot,,42,clean,clean,ĐƠN VỊ MÌNH KHÔNG NGHE AI NÓI GÌ CHƯA HẲN ĐÃ TỐT, Đơn vị mình không nghe ai nói gì chưa hẳn đã tốt
VIVOSDEV13_019_snr0,vivos,whisper,small,zero_shot,,42,0,speech,ĐƠN VỊ MÌNH KHÔNG NGHE AI NÓI GÌ CHƯA HẲN ĐÃ TỐT, Đông vị mình không nghe anh nói gì chứ hẳn đã tốt.
VIVOSDEV13_019_snr10,vivos,whisper,small,zero_shot,,42,10,noise,ĐƠN VỊ MÌNH KHÔNG NGHE AI NÓI GÌ CHƯA HẲN ĐÃ TỐT, Đơn vị mình không nghe ai nói gì chưa hẳn đã tốt
VIVOSDEV13_019_snr20,vivos,whisper,small,zero_shot,,42,20,speech,ĐƠN VỊ MÌNH KHÔNG NGHE AI NÓI GÌ CHƯA HẲN ĐÃ TỐT, Đơn vị mình không nghe ai nói gì chưa hẳn đã tốt.
VIVOSDEV13_019_snr5,vivos,whisper,small,zero_shot,,42,5,noise,ĐƠN VỊ MÌNH KHÔNG NGHE AI NÓI GÌ CHƯA HẲN ĐÃ TỐT, Đơn vị mình không nghe ai nói gì chưa hẳn đã tốt
VIVOSDEV13_026_clean,vivos,whisper,small,zero_shot,,42,clean,clean,KHÔNG AI ĐƯỢC NGƯỢC ĐÃI CÁC EM VÌ CÁC EM HỌC CHẬM, Không ai được ngược đại các em vì các em học chạm.
VIVOSDEV13_026_snr0,vivos,whisper,small,zero_shot,,42,0,music,KHÔNG AI ĐƯỢC NGƯỢC ĐÃI CÁC EM VÌ CÁC EM HỌC CHẬM, Không ai được ngược đại các em vì các em học chạm.
VIVOSDEV13_026_snr10,vivos,whisper,small,zero_shot,,42,10,music,KHÔNG AI ĐƯỢC NGƯỢC ĐÃI CÁC EM VÌ CÁC EM HỌC CHẬM, Không ai được ngược đại các em vì các em học chạm.
VIVOSDEV13_026_snr20,vivos,whisper,small,zero_shot,,42,20,noise,KHÔNG AI ĐƯỢC NGƯỢC ĐÃI CÁC EM VÌ CÁC EM HỌC CHẬM, Không ai được ngược đại các em vì các em học chạm.
VIVOSDEV13_026_snr5,vivos,whisper,small,zero_shot,,42,5,noise,KHÔNG AI ĐƯỢC NGƯỢC ĐÃI CÁC EM VÌ CÁC EM HỌC CHẬM, Không ai được ngược đại các em về các em học chạm.
VIVOSDEV13_058_clean,vivos,whisper,small,zero_shot,,42,clean,clean,ĐÓ LÀ GIAI ĐOẠN THỜI TIẾT ÍT BIẾN ĐỘNG VÀ NHIỆT ĐỘ KHÔNG QUÁ THẤP, Đó là giai đoạn thời tiết ít biến động và nhiệt độ không quá thấp.
VIVOSDEV13_058_snr0,vivos,whisper,small,zero_shot,,42,0,noise,ĐÓ LÀ GIAI ĐOẠN THỜI TIẾT ÍT BIẾN ĐỘNG VÀ NHIỆT ĐỘ KHÔNG QUÁ THẤP, Đó là giai đạn thời tiết ít biến động và nhiệt độ không graph hấp.
VIVOSDEV13_058_snr10,vivos,whisper,small,zero_shot,,42,10,noise,ĐÓ LÀ GIAI ĐOẠN THỜI TIẾT ÍT BIẾN ĐỘNG VÀ NHIỆT ĐỘ KHÔNG QUÁ THẤP, Đó là giai đoạn thời tiết ít biến động và nhiệt độ không quá thấp.
VIVOSDEV13_058_snr20,vivos,whisper,small,zero_shot,,42,20,noise,ĐÓ LÀ GIAI ĐOẠN THỜI TIẾT ÍT BIẾN ĐỘNG VÀ NHIỆT ĐỘ KHÔNG QUÁ THẤP, Đó là giai đoạn thời tiết ít biến động và nhiệt độ không quá thấp.
VIVOSDEV13_058_snr5,vivos,whisper,small,zero_shot,,42,5,music,ĐÓ LÀ GIAI ĐOẠN THỜI TIẾT ÍT BIẾN ĐỘNG VÀ NHIỆT ĐỘ KHÔNG QUÁ THẤP, Đó là giai đoạn thời tiết ít biến động và nhiệt độ không quá thấp.
VIVOSDEV13_061_clean,vivos,whisper,small,zero_shot,,42,clean,clean,NHƯNG SAU NGHE CON NÓI RA NÓI VÀO LẠI ÁC CẢM VỚI EM," Nhưng sau nghe con nói ra, nói vào lại ác cảm với em."
VIVOSDEV13_061_snr0,vivos,whisper,small,zero_shot,,42,0,noise,NHƯNG SAU NGHE CON NÓI RA NÓI VÀO LẠI ÁC CẢM VỚI EM," Nhưng sau nghe con nói ra, nói vào lại, đã cảm thấy em."
VIVOSDEV13_061_snr10,vivos,whisper,small,zero_shot,,42,10,speech,NHƯNG SAU NGHE CON NÓI RA NÓI VÀO LẠI ÁC CẢM VỚI EM," Nhưng sau nghe con nói ra, nói vào lại ác cảm với em."
VIVOSDEV13_061_snr20,vivos,whisper,small,zero_shot,,42,20,speech,NHƯNG SAU NGHE CON NÓI RA NÓI VÀO LẠI ÁC CẢM VỚI EM," Nhưng sau nghe con nói ra, nói vào lại ác cảm với em."
VIVOSDEV13_061_snr5,vivos,whisper,small,zero_shot,,42,5,noise,NHƯNG SAU NGHE CON NÓI RA NÓI VÀO LẠI ÁC CẢM VỚI EM, Nhưng sau nghe con nói ra nói vào lại ác cảm với em
VIVOSDEV13_075_clean,vivos,whisper,small,zero_shot,,42,clean,clean,BẠN CÓ THỂ TẮT CHƯƠNG TRÌNH ĐÓ ĐI VÀ THỰC HIỆN THAO TÁC CUỐI CÙNG, bạn có thể tắt chương trình đó đi và thực hiện thao tác cuối cùng
VIVOSDEV13_075_snr0,vivos,whisper,small,zero_shot,,42,0,speech,BẠN CÓ THỂ TẮT CHƯƠNG TRÌNH ĐÓ ĐI VÀ THỰC HIỆN THAO TÁC CUỐI CÙNG, Mà có thể tác chương trình đó đi và sự thiện hoạt tác cuối cùng.
VIVOSDEV13_075_snr10,vivos,whisper,small,zero_shot,,42,10,music,BẠN CÓ THỂ TẮT CHƯƠNG TRÌNH ĐÓ ĐI VÀ THỰC HIỆN THAO TÁC CUỐI CÙNG, bạn có thể tắt chương trình đó đi và thực hiện thao tác cuối cùng.
VIVOSDEV13_075_snr20,vivos,whisper,small,zero_shot,,42,20,noise,BẠN CÓ THỂ TẮT CHƯƠNG TRÌNH ĐÓ ĐI VÀ THỰC HIỆN THAO TÁC CUỐI CÙNG, bạn có thể tắt chương trình đó đi và thực hiện thao tác cuối cùng
VIVOSDEV13_075_snr5,vivos,whisper,small,zero_shot,,42,5,speech,BẠN CÓ THỂ TẮT CHƯƠNG TRÌNH ĐÓ ĐI VÀ THỰC HIỆN THAO TÁC CUỐI CÙNG, Mạn có thể tắt chương trình đó đi và thực hiện cao tác cuối cùng.
VIVOSDEV13_078_clean,vivos,whisper,small,zero_shot,,42,clean,clean,KHẮP NƠI QUANH CHÚNG TÔI VƯƠNG VÃI XÁC CHẾT CỦA NGƯỜI DÂN VÔ TỘI, Khắp nơi quanh chung tôi vương vãi xác chết của người dân vô trội.
VIVOSDEV13_078_snr0,vivos,whisper,small,zero_shot,,42,0,speech,KHẮP NƠI QUANH CHÚNG TÔI VƯƠNG VÃI XÁC CHẾT CỦA NGƯỜI DÂN VÔ TỘI," Họ bỏ. Cám ơn hôm nay, tôi không phải sát chết của người dân vô trội."
VIVOSDEV13_078_snr10,vivos,whisper,small,zero_shot,,42,10,music,KHẮP NƠI QUANH CHÚNG TÔI VƯƠNG VÃI XÁC CHẾT CỦA NGƯỜI DÂN VÔ TỘI, Hấp nơi quanh chúng tôi vương vãi xác chết của người dân vô trội.
VIVOSDEV13_078_snr20,vivos,whisper,small,zero_shot,,42,20,noise,KHẮP NƠI QUANH CHÚNG TÔI VƯƠNG VÃI XÁC CHẾT CỦA NGƯỜI DÂN VÔ TỘI, Khắp nơi quanh chung tôi vương vãi xác chết của người dân vô trội.
VIVOSDEV13_078_snr5,vivos,whisper,small,zero_shot,,42,5,noise,KHẮP NƠI QUANH CHÚNG TÔI VƯƠNG VÃI XÁC CHẾT CỦA NGƯỜI DÂN VÔ TỘI, Khắp nơi quanh chúng tôi vương vãi xác chết của người dân vô trội.
VIVOSDEV13_089_clean,vivos,whisper,small,zero_shot,,42,clean,clean,NHÀ VĂN NGUYÊN NGỌC SINH VIÊN CÓ QUYỀN HOÀI NGHI VÀ TRANH CÃI," Nhà Văn Nguyên Ngọc sinh, Nhà Văn Nguyên Ngọc sinh Vê có, Huyền Hoài Nghi và Trân Cãi"
VIVOSDEV13_089_snr0,vivos,whisper,small,zero_shot,,42,0,noise,NHÀ VĂN NGUYÊN NGỌC SINH VIÊN CÓ QUYỀN HOÀI NGHI VÀ TRANH CÃI, Nha Văn Nguyên Ngọc Sinh Nha Văn Nguyên Ngọc Sinh Nguyên có 10 ngoài Nhi và Trân Cả
VIVOSDEV13_089_snr10,vivos,whisper,small,zero_shot,,42,10,noise,NHÀ VĂN NGUYÊN NGỌC SINH VIÊN CÓ QUYỀN HOÀI NGHI VÀ TRANH CÃI," Nhà Văn Nguyên Ngọc sinh, Nhà Văn Nguyên Ngọc sinh vê có, Bùi Hoài Ngây và Trân Cãi"
VIVOSDEV13_089_snr20,vivos,whisper,small,zero_shot,,42,20,noise,NHÀ VĂN NGUYÊN NGỌC SINH VIÊN CÓ QUYỀN HOÀI NGHI VÀ TRANH CÃI," Nhà Văn Nguyên Ngọc sinh, Nhà Văn Nguyên Ngọc sinh Vê có, Huyền Hoài Nghi và Trân Cãi"
VIVOSDEV13_089_snr5,vivos,whisper,small,zero_shot,,42,5,noise,NHÀ VĂN NGUYÊN NGỌC SINH VIÊN CÓ QUYỀN HOÀI NGHI VÀ TRANH CÃI," Nhà Văn Nguyên Ngọc sinh, Nhà Văn Nguyên Ngọc sinh Vê có Huyền Hoài Nghi và Trân Cãi"
VIVOSDEV13_097_clean,vivos,whisper,small,zero_shot,,42,clean,clean,CUỘC THI CÒN CÓ HAI GIẢI NHÌ BA GIẢI BA VÀ BỐN GIẢI KHUYẾN KHÍCH, Cục thi còn có 2 giải nhì 3 giải 3 và 4 giải khuyến khích
VIVOSDEV13_097_snr0,vivos,whisper,small,zero_shot,,42,0,noise,CUỘC THI CÒN CÓ HAI GIẢI NHÌ BA GIẢI BA VÀ BỐN GIẢI KHUYẾN KHÍCH," Cục thi còn có 2 giải 2, 3 giải 3 và 4 giải khuyến khích"
VIVOSDEV13_097_snr10,vivos,whisper,small,zero_shot,,42,10,music,CUỘC THI CÒN CÓ HAI GIẢI NHÌ BA GIẢI BA VÀ BỐN GIẢI KHUYẾN KHÍCH, Cục thi còn có 2 giải nhì 3 giải 3 và 4 giải khuyến khích
VIVOSDEV13_097_snr20,vivos,whisper,small,zero_shot,,42,20,noise,CUỘC THI CÒN CÓ HAI GIẢI NHÌ BA GIẢI BA VÀ BỐN GIẢI KHUYẾN KHÍCH, Cục thi còn có 2 giải nhì 3 giải 3 và 4 giải khuyến khích
VIVOSDEV13_097_snr5,vivos,whisper,small,zero_shot,,42,5,speech,CUỘC THI CÒN CÓ HAI GIẢI NHÌ BA GIẢI BA VÀ BỐN GIẢI KHUYẾN KHÍCH, Cô Khi còn có 2 giải nhì 3 giải 3 và 4 giải khuyến khích.
VIVOSDEV13_105_clean,vivos,whisper,small,zero_shot,,42,clean,clean,NHÓC ĐỎ MẶT TÍA TAI NHÓC THUA CHỊ MỘT TUỔI THÔI ĐẤY, Nhóc đỏ mặt tiếp tai Nhóc đỏ mặt tiếp tai nhóc thưa chị một tuổi thôi đấy
VIVOSDEV13_105_snr0,vivos,whisper,small,zero_shot,,42,0,noise,NHÓC ĐỎ MẶT TÍA TAI NHÓC THUA CHỊ MỘT TUỔI THÔI ĐẤY, nhóc đỏ mặt tía tai nhóc đỏ mặt tía tai nhóc hư chị 1 tuổi thôi đấy
VIVOSDEV13_105_snr10,vivos,whisper,small,zero_shot,,42,10,music,NHÓC ĐỎ MẶT TÍA TAI NHÓC THUA CHỊ MỘT TUỔI THÔI ĐẤY, nhóc đỏ mặt tiếp tai nhóc đỏ mặt tiếp tai nhóc khưa chị một tuổi thôi đấy
VIVOSDEV13_105_snr20,vivos,whisper,small,zero_shot,,42,20,speech,NHÓC ĐỎ MẶT TÍA TAI NHÓC THUA CHỊ MỘT TUỔI THÔI ĐẤY, nhóc đỏ mặt tiếp tai nhóc đỏ mặt tiếp tai nhóc thưa chị một tuổi thôi đây
VIVOSDEV13_105_snr5,vivos,whisper,small,zero_shot,,42,5,noise,NHÓC ĐỎ MẶT TÍA TAI NHÓC THUA CHỊ MỘT TUỔI THÔI ĐẤY," Nhóc đỏ mặt tiếc tai Nhóc đỏ mặt tiếc tai, nhóc thưa chị một tuổi thôi đấy"
VIVOSDEV13_136_clean,vivos,whisper,small,zero_shot,,42,clean,clean,TÔI VÀO QUẦY GIẢI KHÁT ĐẦU TIÊN VÀ GỌI MỘT CỐC NƯỚC CAM, Tôi vào quay giải khác đầu tiên và gọi 1 cốc nước cam
VIVOSDEV13_136_snr0,vivos,whisper,small,zero_shot,,42,0,noise,TÔI VÀO QUẦY GIẢI KHÁT ĐẦU TIÊN VÀ GỌI MỘT CỐC NƯỚC CAM, Tôi vào quầy giải thát đầu tiên và gọi một cốc nước kem.
VIVOSDEV13_136_snr10,vivos,whisper,small,zero_shot,,42,10,music,TÔI VÀO QUẦY GIẢI KHÁT ĐẦU TIÊN VÀ GỌI MỘT CỐC NƯỚC CAM, Tôi vào quay giải khác đầu tiên và gọi 1 cốc nước kem
VIVOSDEV13_136_snr20,vivos,whisper,small,zero_shot,,42,20,noise,TÔI VÀO QUẦY GIẢI KHÁT ĐẦU TIÊN VÀ GỌI MỘT CỐC NƯỚC CAM, Tôi vào quay giải khác đầu tiên và gọi 1 cốc nước cam
VIVOSDEV13_136_snr5,vivos,whisper,small,zero_shot,,42,5,noise,TÔI VÀO QUẦY GIẢI KHÁT ĐẦU TIÊN VÀ GỌI MỘT CỐC NƯỚC CAM, Tôi vào quầy dễ thác đầu tiên và gọi 1 cốc nước cam
VIVOSDEV13_137_clean,vivos,whisper,small,zero_shot,,42,clean,clean,MẸ LẦN TAY TRONG VÍ VÀ LẤY RA CHIẾC PHONG BÌ, Mẹ lần tai trong vĩ và lấy ra chiếc phòng bì.
VIVOSDEV13_137_snr0,vivos,whisper,small,zero_shot,,42,0,noise,MẸ LẦN TAY TRONG VÍ VÀ LẤY RA CHIẾC PHONG BÌ, Mẹ lần tai trong lý và lấy ra chiếc khoong bì
VIVOSDEV13_137_snr10,vivos,whisper,small,zero_shot,,42,10,speech,MẸ LẦN TAY TRONG VÍ VÀ LẤY RA CHIẾC PHONG BÌ, Mẹ lần tai trong vĩ và lấy ra chiếc không bì.
VIVOSDEV13_137_snr20,vivos,whisper,small,zero_shot,,42,20,noise,MẸ LẦN TAY TRONG VÍ VÀ LẤY RA CHIẾC PHONG BÌ, Mẹ lần tai trong vĩ và lấy ra chiếc phong bì.
VIVOSDEV13_137_snr5,vivos,whisper,small,zero_shot,,42,5,speech,MẸ LẦN TAY TRONG VÍ VÀ LẤY RA CHIẾC PHONG BÌ, Mẹ lần tai trong nguy và lấy ra chiếc hồng bì.
VIVOSDEV13_139_clean,vivos,whisper,small,zero_shot,,42,clean,clean,TIÊU NHƯ PHONG CHẠY TRỐN KHỎI KINH THÀNH ĐỂ TÌM HUNG THỦ THẬT SỰ, Tiêu như phong chạy trốn khỏi kinh thành để tìm hung thủ thật sự.
VIVOSDEV13_139_snr0,vivos,whisper,small,zero_shot,,42,0,noise,TIÊU NHƯ PHONG CHẠY TRỐN KHỎI KINH THÀNH ĐỂ TÌM HUNG THỦ THẬT SỰ, Tiếp nhữ phong chạy trốn khỏi kinh hành để tìm hung thủ thật sự.
VIVOSDEV13_139_snr10,vivos,whisper,small,zero_shot,,42,10,noise,TIÊU NHƯ PHONG CHẠY TRỐN KHỎI KINH THÀNH ĐỂ TÌM HUNG THỦ THẬT SỰ, Tiêu như không chạy chốn khỏi kinh hành để tìm hung thủ thật sự
VIVOSDEV13_139_snr20,vivos,whisper,small,zero_shot,,42,20,music,TIÊU NHƯ PHONG CHẠY TRỐN KHỎI KINH THÀNH ĐỂ TÌM HUNG THỦ THẬT SỰ, Tiêu như phong chạy trốn khỏi kinh thành để tìm hung thủ thật sự.
VIVOSDEV13_139_snr5,vivos,whisper,small,zero_shot,,42,5,noise,TIÊU NHƯ PHONG CHẠY TRỐN KHỎI KINH THÀNH ĐỂ TÌM HUNG THỦ THẬT SỰ, tiêu như phong chạy chốn khỏi kinh thành để tìm hung thủ thật sự
VIVOSDEV13_146_clean,vivos,whisper,small,zero_shot,,42,clean,clean,CÓ NGÀY CÁC BÁC SĨ ĐIỀU DƯỠNG MỔ MẮT CHO HÀNG TRĂM NGƯỜI MÙ NGHÈO, Có ngày các bác sĩ điều dưỡng mổ mắt cho hàng trăm người mùa nghèo.
VIVOSDEV13_146_snr0,vivos,whisper,small,zero_shot,,42,0,noise,CÓ NGÀY CÁC BÁC SĨ ĐIỀU DƯỠNG MỔ MẮT CHO HÀNG TRĂM NGƯỜI MÙ NGHÈO, Có ngày các bác sĩ điều dựng mổ mắt cho hàng trăm người mù nghèo.
VIVOSDEV13_146_snr10,vivos,whisper,small,zero_shot,,42,10,noise,CÓ NGÀY CÁC BÁC SĨ ĐIỀU DƯỠNG MỔ MẮT CHO HÀNG TRĂM NGƯỜI MÙ NGHÈO, Có 2 các bác sĩ điều dựa mổ mắt cho hàng trăm người mùa nghèo.
VIVOSDEV13_146_snr20,vivos,whisper,small,zero_shot,,42,20,noise,CÓ NGÀY CÁC BÁC SĨ ĐIỀU DƯỠNG MỔ MẮT CHO HÀNG TRĂM NGƯỜI MÙ NGHÈO, Có ngày các bác sĩ điều dưỡng mổ mắt cho hàng chăm người mù nghèo.
VIVOSDEV13_146_snr5,vivos,whisper,small,zero_shot,,42,5,speech,CÓ NGÀY CÁC BÁC SĨ ĐIỀU DƯỠNG MỔ MẮT CHO HÀNG TRĂM NGƯỜI MÙ NGHÈO, Có ngày các bác sĩ điều dựng mổ mắt cho hành chăm người mồ nghèo.
VIVOSDEV13_147_clean,vivos,whisper,small,zero_shot,,42,clean,clean,KHÔNG AI MUỐN CÓ TIÊU CỰC CẢ VÀ CŨNG ĐỪNG TUYỆT ĐỐI HÓA VẤN ĐỀ, Không ai muốn có tiêu cực kả và cũng đừng tuyệt đối hóa vấn đề.
VIVOSDEV13_147_snr0,vivos,whisper,small,zero_shot,,42,0,speech,KHÔNG AI MUỐN CÓ TIÊU CỰC CẢ VÀ CŨNG ĐỪNG TUYỆT ĐỐI HÓA VẤN ĐỀ, Không ai muốn có tiêu cực kẻ và cũng từng đề đối hả con đề?
VIVOSDEV13_147_snr10,vivos,whisper,small,zero_shot,,42,10,noise,KHÔNG AI MUỐN CÓ TIÊU CỰC CẢ VÀ CŨNG ĐỪNG TUYỆT ĐỐI HÓA VẤN ĐỀ, Không ai muốn có tiêu cực kả và cũng đừng tuyệt đối hóa vấn đề.
VIVOSDEV13_147_snr20,vivos,whisper,small,zero_shot,,42,20,noise,KHÔNG AI MUỐN CÓ TIÊU CỰC CẢ VÀ CŨNG ĐỪNG TUYỆT ĐỐI HÓA VẤN ĐỀ, Không ai muốn có tiêu cực kẻ và cũng đừng tuyệt đối hóa vấn đề.
VIVOSDEV13_147_snr5,vivos,whisper,small,zero_shot,,42,5,noise,KHÔNG AI MUỐN CÓ TIÊU CỰC CẢ VÀ CŨNG ĐỪNG TUYỆT ĐỐI HÓA VẤN ĐỀ, Không ai muốn có tiêu cực cả và cũng đừng biệt đối hóa vấn đề.
VIVOSDEV13_150_clean,vivos,whisper,small,zero_shot,,42,clean,clean,VỢ HẮN THỊ NGẦN MANG LƯỚI RA VÁ ĐỂ CHIỀU THẢ," Vợ hán thiện ngần, mang lưới ra vá để chiều thả."
VIVOSDEV13_150_snr0,vivos,whisper,small,zero_shot,,42,0,speech,VỢ HẮN THỊ NGẦN MANG LƯỚI RA VÁ ĐỂ CHIỀU THẢ," Sự sản hỏng sân trì, giữ thái."
VIVOSDEV13_150_snr10,vivos,whisper,small,zero_shot,,42,10,noise,VỢ HẮN THỊ NGẦN MANG LƯỚI RA VÁ ĐỂ CHIỀU THẢ, Vợ hán thiện nân mang lưới ra vá để chiều thả
VIVOSDEV13_150_snr20,vivos,whisper,small,zero_shot,,42,20,noise,VỢ HẮN THỊ NGẦN MANG LƯỚI RA VÁ ĐỂ CHIỀU THẢ," Vợ hán thiện ngần, mang lưới ra vá để chiều thả."
VIVOSDEV13_150_snr5,vivos,whisper,small,zero_shot,,42,5,music,VỢ HẮN THỊ NGẦN MANG LƯỚI RA VÁ ĐỂ CHIỀU THẢ, Vợ hán thị ngần mang lưới ra vá để chiều thả
VIVOSDEV13_222_clean,vivos,whisper,small,zero_shot,,42,clean,clean,MẸ CŨNG ĐÃ TỪNG THỐNG KHỔ TUYỆT VỌNG VÀ CÔ ĐƠN NHƯ VẬY, Mẹ cũng đã từng thống khổ tuyệt vọng và cô đơn như vậy.
VIVOSDEV13_222_snr0,vivos,whisper,small,zero_shot,,42,0,music,MẸ CŨNG ĐÃ TỪNG THỐNG KHỔ TUYỆT VỌNG VÀ CÔ ĐƠN NHƯ VẬY, Mẹ cũng đã từng thấm khổ thiệt phạm là cô đơn như vậy.
VIVOSDEV13_222_snr10,vivos,whisper,small,zero_shot,,42,10,music,MẸ CŨNG ĐÃ TỪNG THỐNG KHỔ TUYỆT VỌNG VÀ CÔ ĐƠN NHƯ VẬY, Mẹ cũng đã từng thấm khổ tuyệt vọng và cô đơn như vậy.
VIVOSDEV13_222_snr20,vivos,whisper,small,zero_shot,,42,20,music,MẸ CŨNG ĐÃ TỪNG THỐNG KHỔ TUYỆT VỌNG VÀ CÔ ĐƠN NHƯ VẬY, Mẹ cũng đã từng thống khổ tuyệt vọng và cô đơn như vậy.
VIVOSDEV13_222_snr5,vivos,whisper,small,zero_shot,,42,5,music,MẸ CŨNG ĐÃ TỪNG THỐNG KHỔ TUYỆT VỌNG VÀ CÔ ĐƠN NHƯ VẬY, Mẹ cũng đã từng thấm khổ tuyệt vọng và cô đơn như vậy.
VIVOSDEV13_241_clean,vivos,whisper,small,zero_shot,,42,clean,clean,MÙA ĐÔNG CẢ CÁNH ĐỒNG CHUYỂN SANG MỘT MÀU VÀNG RỰC, Đầu đông cả cánh đồng chuyển sang một màu vàng rực.
VIVOSDEV13_241_snr0,vivos,whisper,small,zero_shot,,42,0,music,MÙA ĐÔNG CẢ CÁNH ĐỒNG CHUYỂN SANG MỘT MÀU VÀNG RỰC, Cả cánh tàu viễn sang một màu vàng lập
VIVOSDEV13_241_snr10,vivos,whisper,small,zero_shot,,42,10,noise,MÙA ĐÔNG CẢ CÁNH ĐỒNG CHUYỂN SANG MỘT MÀU VÀNG RỰC, Đó là một đông cả cánh đồng chuyển sang một màu vàng rực
VIVOSDEV13_241_snr20,vivos,whisper,small,zero_shot,,42,20,music,MÙA ĐÔNG CẢ CÁNH ĐỒNG CHUYỂN SANG MỘT MÀU VÀNG RỰC, Đầu Đông cả cánh đồng chuyển sang một màu vàng rực.
VIVOSDEV13_241_snr5,vivos,whisper,small,zero_shot,,42,5,noise,MÙA ĐÔNG CẢ CÁNH ĐỒNG CHUYỂN SANG MỘT MÀU VÀNG RỰC, Đó là đồng cả cánh đồng chuyển sang một màu vàng rực
VIVOSDEV13_252_clean,vivos,whisper,small,zero_shot,,42,clean,clean,TÔI HỌC CÙNG VỚI CÁC ANH CHỊ LÀM VIỆC CHUYÊN VỀ SẢN XUẤT PHẦN MỀM, Tôi hào cùng với các anh chị làm việc chuyên về sản xuất phần mềm.
VIVOSDEV13_252_snr0,vivos,whisper,small,zero_shot,,42,0,speech,TÔI HỌC CÙNG VỚI CÁC ANH CHỊ LÀM VIỆC CHUYÊN VỀ SẢN XUẤT PHẦN MỀM, Tôi học cùng với các anh chỉ làm việc kim về sản xuất phần mềm.
VIVOSDEV13_252_snr10,vivos,whisper,small,zero_shot,,42,10,noise,TÔI HỌC CÙNG VỚI CÁC ANH CHỊ LÀM VIỆC CHUYÊN VỀ SẢN XUẤT PHẦN MỀM, Tôi học cùng với các anh chị làm việc chuyên về sản xuất phần mềm.
VIVOSDEV13_252_snr20,vivos,whisper,small,zero_shot,,42,20,speech,TÔI HỌC CÙNG VỚI CÁC ANH CHỊ LÀM VIỆC CHUYÊN VỀ SẢN XUẤT PHẦN MỀM, Tôi hào cùng với các anh chị làm việc chuyên về sản xuất phần mềm.
VIVOSDEV13_252_snr5,vivos,whisper,small,zero_shot,,42,5,noise,TÔI HỌC CÙNG VỚI CÁC ANH CHỊ LÀM VIỆC CHUYÊN VỀ SẢN XUẤT PHẦN MỀM, tôi học cùng với các anh chị làm việc chuyên về sản xuất phần mềm.
VIVOSDEV13_267_clean,vivos,whisper,small,zero_shot,,42,clean,clean,DO VẬY VẤN ĐỀ KHU TRÚ KHỐNG CHẾ BỆNH TẢ HIỆN NAY RẤT KHÓ, Do vậy vấn đề khu chú không chế bệnh tả hiện nay rất khó.
VIVOSDEV13_267_snr0,vivos,whisper,small,zero_shot,,42,0,noise,DO VẬY VẤN ĐỀ KHU TRÚ KHỐNG CHẾ BỆNH TẢ HIỆN NAY RẤT KHÓ, Do vậy vấn đề khu chú không? Chế bệnh tả hiện nay rất khó.
VIVOSDEV13_267_snr10,vivos,whisper,small,zero_shot,,42,10,music,DO VẬY VẤN ĐỀ KHU TRÚ KHỐNG CHẾ BỆNH TẢ HIỆN NAY RẤT KHÓ, Do vậy vấn đề khu chú không chế bệnh tả hiện nay rất khó.
VIVOSDEV13_267_snr20,vivos,whisper,small,zero_shot,,42,20,noise,DO VẬY VẤN ĐỀ KHU TRÚ KHỐNG CHẾ BỆNH TẢ HIỆN NAY RẤT KHÓ, Do vậy vấn đề khu chú không chế bệnh tả hiện nay rất khó.
VIVOSDEV13_267_snr5,vivos,whisper,small,zero_shot,,42,5,noise,DO VẬY VẤN ĐỀ KHU TRÚ KHỐNG CHẾ BỆNH TẢ HIỆN NAY RẤT KHÓ, Do vậy vấn đề khu chú không chế bệnh tả hiện nay rất khó
VIVOSDEV13_277_clean,vivos,whisper,small,zero_shot,,42,clean,clean,HÀ NỘI MỞ RỘNG KHU VỰC HỒ TÂY SÔNG HỒNG NÊN LÀ KHU VỰC TĨNH, Hà Nội mở rộng khu vực hầu tay xong hồng nên là khu vực tỉnh.
VIVOSDEV13_277_snr0,vivos,whisper,small,zero_shot,,42,0,noise,HÀ NỘI MỞ RỘNG KHU VỰC HỒ TÂY SÔNG HỒNG NÊN LÀ KHU VỰC TĨNH, Hà Nội mở rõm khu vực hầu tay xong hồng nên là khu vực tỉnh.
VIVOSDEV13_277_snr10,vivos,whisper,small,zero_shot,,42,10,music,HÀ NỘI MỞ RỘNG KHU VỰC HỒ TÂY SÔNG HỒNG NÊN LÀ KHU VỰC TĨNH, Hà Nội mở rõm khu vực hầu tay xong hồng nên là khu vực tỉnh
VIVOSDEV13_277_snr20,vivos,whisper,small,zero_shot,,42,20,music,HÀ NỘI MỞ RỘNG KHU VỰC HỒ TÂY SÔNG HỒNG NÊN LÀ KHU VỰC TĨNH, Hà nội mở rộng khu vực hầu tay xong hồng nên là khu vực tỉnh.
VIVOSDEV13_277_snr5,vivos,whisper,small,zero_shot,,42,5,noise,HÀ NỘI MỞ RỘNG KHU VỰC HỒ TÂY SÔNG HỒNG NÊN LÀ KHU VỰC TĨNH, Hà Nội mở rộng khu vực hợp tay xong hồng nên là khu vực tỉnh.
VIVOSDEV14_018_clean,vivos,whisper,small,zero_shot,,42,clean,clean,BIÊN CHẾ NÀY NHÀ THANH GỌI LÀ AN NAM QUỐC NHẠC, Biên chế này nhà thanh gọi là An Nam Quốc Nhật.
VIVOSDEV14_018_snr0,vivos,whisper,small,zero_shot,,42,0,music,BIÊN CHẾ NÀY NHÀ THANH GỌI LÀ AN NAM QUỐC NHẠC, Biên chế này nhà thanh gọi là An Nam Quốc Nhật
VIVOSDEV14_018_snr10,vivos,whisper,small,zero_shot,,42,10,noise,BIÊN CHẾ NÀY NHÀ THANH GỌI LÀ AN NAM QUỐC NHẠC, Biên chế này nhà thanh gọi là An Nam Quốc Nhật
VIVOSDEV14_018_snr20,vivos,whisper,small,zero_shot,,42,20,music,BIÊN CHẾ NÀY NHÀ THANH GỌI LÀ AN NAM QUỐC NHẠC, Biên chế này nhà thanh gọi là An Nam Quốc Nhật.
VIVOSDEV14_018_snr5,vivos,whisper,small,zero_shot,,42,5,noise,BIÊN CHẾ NÀY NHÀ THANH GỌI LÀ AN NAM QUỐC NHẠC, Biên chế này nè thăng gọi là An Nam Quốc Nhật
VIVOSDEV14_022_clean,vivos,whisper,small,zero_shot,,42,clean,clean,HƠN LÀ DẪN DẮT CÁC EM THEO CHỦ Ý CỦA GIÁO VIÊN, hơn là dẫn dắt các em theo chủ ý của giao duyên.
VIVOSDEV14_022_snr0,vivos,whisper,small,zero_shot,,42,0,music,HƠN LÀ DẪN DẮT CÁC EM THEO CHỦ Ý CỦA GIÁO VIÊN, Hơn là dẫn dắt các em theo chủ y của giao y
VIVOSDEV14_022_snr10,vivos,whisper,small,zero_shot,,42,10,noise,HƠN LÀ DẪN DẮT CÁC EM THEO CHỦ Ý CỦA GIÁO VIÊN, hơn là dẫn dắt các em theo chủ ý của giao duyên.
VIVOSDEV14_022_snr20,vivos,whisper,small,zero_shot,,42,20,noise,HƠN LÀ DẪN DẮT CÁC EM THEO CHỦ Ý CỦA GIÁO VIÊN, hơn là dẫn dắt các em theo chủ ý của dân viên.
VIVOSDEV14_022_snr5,vivos,whisper,small,zero_shot,,42,5,noise,HƠN LÀ DẪN DẮT CÁC EM THEO CHỦ Ý CỦA GIÁO VIÊN, Thân là dẫn dắt các tem theo chủ ý của giáo viên.
VIVOSDEV14_035_clean,vivos,whisper,small,zero_shot,,42,clean,clean,NHẠC SĨ LA HỐI VỚI CA KHÚC XUÂN VÀ TUỔI TRẺ, Nhạc sĩ la hối với cái khúc xung và tuổi trẻ.
VIVOSDEV14_035_snr0,vivos,whisper,small,zero_shot,,42,0,music,NHẠC SĨ LA HỐI VỚI CA KHÚC XUÂN VÀ TUỔI TRẺ, Nhạc sĩ la hối với cái khúc xung và tụi trẻ.
VIVOSDEV14_035_snr10,vivos,whisper,small,zero_shot,,42,10,speech,NHẠC SĨ LA HỐI VỚI CA KHÚC XUÂN VÀ TUỔI TRẺ, Nhạc sĩ la hối với cái khúc xung và tuổi trễ.
VIVOSDEV14_035_snr20,vivos,whisper,small,zero_shot,,42,20,music,NHẠC SĨ LA HỐI VỚI CA KHÚC XUÂN VÀ TUỔI TRẺ, Nhạc sĩ la hối với cái khúc xung và tuổi trẻ.
VIVOSDEV14_035_snr5,vivos,whisper,small,zero_shot,,42,5,noise,NHẠC SĨ LA HỐI VỚI CA KHÚC XUÂN VÀ TUỔI TRẺ, Nhạc sĩ la hối với cái khúc xung vào trí trẻ
VIVOSDEV14_080_clean,vivos,whisper,small,zero_shot,,42,clean,clean,TUY PHÍA TRƯỚC CÒN VÔ VÀ KHÓ KHĂN ĐỐI VỚI CON, Tuy vẽ trước còn vô và khó khăn đối với con
VIVOSDEV14_080_snr0,vivos,whisper,small,zero_shot,,42,0,noise,TUY PHÍA TRƯỚC CÒN VÔ VÀ KHÓ KHĂN ĐỐI VỚI CON, Tôi sẽ trước còn vô và khó khăn với con
VIVOSDEV14_080_snr10,vivos,whisper,small,zero_shot,,42,10,noise,TUY PHÍA TRƯỚC CÒN VÔ VÀ KHÓ KHĂN ĐỐI VỚI CON, Tuy phía trước còn vô và khó khăn đối với con
VIVOSDEV14_080_snr20,vivos,whisper,small,zero_shot,,42,20,speech,TUY PHÍA TRƯỚC CÒN VÔ VÀ KHÓ KHĂN ĐỐI VỚI CON, Tuy vẽ trước còn vô và khó khăn đối với con
VIVOSDEV14_080_snr5,vivos,whisper,small,zero_shot,,42,5,noise,TUY PHÍA TRƯỚC CÒN VÔ VÀ KHÓ KHĂN ĐỐI VỚI CON, Tuy vết trước còn vô và khó khăn đối với con
VIVOSDEV14_085_clean,vivos,whisper,small,zero_shot,,42,clean,clean,BỐN NĂM TRỜI BỊ CÂM MỘT MÌNH VỚI BÓNG MÌNH NHIỀU PHEN ÒA KHÓC," 4 năm trời bị ca mục mình với bóng, mình nhiều phiên ai khóc."
VIVOSDEV14_085_snr0,vivos,whisper,small,zero_shot,,42,0,noise,BỐN NĂM TRỜI BỊ CÂM MỘT MÌNH VỚI BÓNG MÌNH NHIỀU PHEN ÒA KHÓC," 4 năm trời bị ca 1 mình với bóng, mình nhiều khi phải khóc"
VIVOSDEV14_085_snr10,vivos,whisper,small,zero_shot,,42,10,speech,BỐN NĂM TRỜI BỊ CÂM MỘT MÌNH VỚI BÓNG MÌNH NHIỀU PHEN ÒA KHÓC," 4 năm trời bị cam 1 mình với bóng, mình nhiều phiên an khóc."
VIVOSDEV14_085_snr20,vivos,whisper,small,zero_shot,,42,20,music,BỐN NĂM TRỜI BỊ CÂM MỘT MÌNH VỚI BÓNG MÌNH NHIỀU PHEN ÒA KHÓC," 4 năm trời bị ca mục mình với bóng, mình nhiều phiên à khóc."
VIVOSDEV14_085_snr5,vivos,whisper,small,zero_shot,,42,5,music,BỐN NĂM TRỜI BỊ CÂM MỘT MÌNH VỚI BÓNG MÌNH NHIỀU PHEN ÒA KHÓC," 4 năm trời bị ca mục mình với bóng, mình nhiều khên hoàng hốc."
VIVOSDEV14_093_clean,vivos,whisper,small,zero_shot,,42,clean,clean,TRÒ ĐÙA ĐỐI VỚI THẦY NHƯNG LẠI LÀ CHÂN THẬT CHÂN THẬT VỚI MỘT NGƯỜI, Cho đồ đối với thầy nhưng lại là chân thật chân thật với một người.
VIVOSDEV14_093_snr0,vivos,whisper,small,zero_shot,,42,0,music,TRÒ ĐÙA ĐỐI VỚI THẦY NHƯNG LẠI LÀ CHÂN THẬT CHÂN THẬT VỚI MỘT NGƯỜI, Cho đồ đối với thầy nhưng lại là chân thật chân thật với một người
VIVOSDEV14_093_snr10,vivos,whisper,small,zero_shot,,42,10,music,TRÒ ĐÙA ĐỐI VỚI THẦY NHƯNG LẠI LÀ CHÂN THẬT CHÂN THẬT VỚI MỘT NGƯỜI, cho đùa đối với thầy nhưng lại là chân thật chân thật với một người
VIVOSDEV14_093_snr20,vivos,whisper,small,zero_shot,,42,20,music,TRÒ ĐÙA ĐỐI VỚI THẦY NHƯNG LẠI LÀ CHÂN THẬT CHÂN THẬT VỚI MỘT NGƯỜI, cho đồ đối với thầy nhưng lại là chân thật chân thật với một người
VIVOSDEV14_093_snr5,vivos,whisper,small,zero_shot,,42,5,speech,TRÒ ĐÙA ĐỐI VỚI THẦY NHƯNG LẠI LÀ CHÂN THẬT CHÂN THẬT VỚI MỘT NGƯỜI, cho đồ đối với thầy nhân gại là trân thật trân thật với một người.
VIVOSDEV14_104_clean,vivos,whisper,small,zero_shot,,42,clean,clean,ĐÓ LÀ NHẬN XÉT CHUNG CỦA NHIỀU TỔNG GIÁM ĐỐC ĐIỀU HÀNH NGÀY NAY, Đó là những xét chung của nhiều tổng giám đốc điều hành ngày nay.
VIVOSDEV14_104_snr0,vivos,whisper,small,zero_shot,,42,0,speech,ĐÓ LÀ NHẬN XÉT CHUNG CỦA NHIỀU TỔNG GIÁM ĐỐC ĐIỀU HÀNH NGÀY NAY, Đó là những xét chung của nhiều tổng giám đốc điều hành ngày nay.
VIVOSDEV14_104_snr10,vivos,whisper,small,zero_shot,,42,10,noise,ĐÓ LÀ NHẬN XÉT CHUNG CỦA NHIỀU TỔNG GIÁM ĐỐC ĐIỀU HÀNH NGÀY NAY, Đó là những xét chung của nhiều tổng giám đốc điều hành ngày nay.
VIVOSDEV14_104_snr20,vivos,whisper,small,zero_shot,,42,20,speech,ĐÓ LÀ NHẬN XÉT CHUNG CỦA NHIỀU TỔNG GIÁM ĐỐC ĐIỀU HÀNH NGÀY NAY, Đó là những xét chung của nhiều tổng giám đốc điều hành ngày nay.
VIVOSDEV14_104_snr5,vivos,whisper,small,zero_shot,,42,5,speech,ĐÓ LÀ NHẬN XÉT CHUNG CỦA NHIỀU TỔNG GIÁM ĐỐC ĐIỀU HÀNH NGÀY NAY, Đó là những xét chung của nhiều tộng giám đốc điều hình ngày nay.
VIVOSDEV14_115_clean,vivos,whisper,small,zero_shot,,42,clean,clean,VẬY MÀ GIỜ ĐÂY NÓ KHÔNG ĐỢI ĐƯỢC ĐẾN LÚC HUY VỀ, Vậy mà giờ đây nó không đợi được đến lúc huy về
VIVOSDEV14_115_snr0,vivos,whisper,small,zero_shot,,42,0,noise,VẬY MÀ GIỜ ĐÂY NÓ KHÔNG ĐỢI ĐƯỢC ĐẾN LÚC HUY VỀ, Vậy mà giờ đây nó không phải được đến lúc thí rồi
VIVOSDEV14_115_snr10,vivos,whisper,small,zero_shot,,42,10,music,VẬY MÀ GIỜ ĐÂY NÓ KHÔNG ĐỢI ĐƯỢC ĐẾN LÚC HUY VỀ, Vậy mà giờ đây nó không đợi được đến lúc Huy về
VIVOSDEV14_115_snr20,vivos,whisper,small,zero_shot,,42,20,noise,VẬY MÀ GIỜ ĐÂY NÓ KHÔNG ĐỢI ĐƯỢC ĐẾN LÚC HUY VỀ, Vậy mà giờ đây nó không đợi được đến lúc huy về
VIVOSDEV14_115_snr5,vivos,whisper,small,zero_shot,,42,5,noise,VẬY MÀ GIỜ ĐÂY NÓ KHÔNG ĐỢI ĐƯỢC ĐẾN LÚC HUY VỀ, Vậy mà giờ đây nó không đợi được đến lúc huy về
VIVOSDEV14_134_clean,vivos,whisper,small,zero_shot,,42,clean,clean,NHƯNG TRƯỚC ĐÂY NHÌN TỪ BÊN NGOÀI NƠI NÀY KHÔNG KHÁC MỘT CĂN NHÀ HOANG, trước đây nhìn từ bên ngoài nơi này không khác gì một căn nhà hoang
VIVOSDEV14_134_snr0,vivos,whisper,small,zero_shot,,42,0,music,NHƯNG TRƯỚC ĐÂY NHÌN TỪ BÊN NGOÀI NƠI NÀY KHÔNG KHÁC MỘT CĂN NHÀ HOANG, trước đây nhìn từ bên ngoài nơi này không khác gì một căn nhà hoang
VIVOSDEV14_134_snr10,vivos,whisper,small,zero_shot,,42,10,music,NHƯNG TRƯỚC ĐÂY NHÌN TỪ BÊN NGOÀI NƠI NÀY KHÔNG KHÁC MỘT CĂN NHÀ HOANG," Trước đây, nhìn từ bên ngoài nơi này không khác gì một căn nhà hoang"
VIVOSDEV14_134_snr20,vivos,whisper,small,zero_shot,,42,20,music,NHƯNG TRƯỚC ĐÂY NHÌN TỪ BÊN NGOÀI NƠI NÀY KHÔNG KHÁC MỘT CĂN NHÀ HOANG, trước đây nhìn từ bên ngoài nơi này không phát duy một căn nhà hoang
VIVOSDEV14_134_snr5,vivos,whisper,small,zero_shot,,42,5,noise,NHƯNG TRƯỚC ĐÂY NHÌN TỪ BÊN NGOÀI NƠI NÀY KHÔNG KHÁC MỘT CĂN NHÀ HOANG, trước đây nhìn từ bên ngoài nơi này không khác gì một căn nhà hoang
VIVOSDEV14_151_clean,vivos,whisper,small,zero_shot,,42,clean,clean,TÔI ĐÃ CÓ THỜI GIAN TUYỆT VỜI KHI CHƠI CHO ĐỘI TUYỂN, Tôi đã có thời gian tiệt vời khi chơi cho đổi tuyển.
VIVOSDEV14_151_snr0,vivos,whisper,small,zero_shot,,42,0,speech,TÔI ĐÃ CÓ THỜI GIAN TUYỆT VỜI KHI CHƠI CHO ĐỘI TUYỂN," Thôi đừng có tài giới tệ của anh, anh không phải là anh."
VIVOSDEV14_151_snr10,vivos,whisper,small,zero_shot,,42,10,music,TÔI ĐÃ CÓ THỜI GIAN TUYỆT VỜI KHI CHƠI CHO ĐỘI TUYỂN, Tôi đã có thời gian tiệt vời khi chơi cho đổi tuổi.
VIVOSDEV14_151_snr20,vivos,whisper,small,zero_shot,,42,20,noise,TÔI ĐÃ CÓ THỜI GIAN TUYỆT VỜI KHI CHƠI CHO ĐỘI TUYỂN, Tôi đã có thời gian tiệt vời khi chơi cho đổi tuyển.
VIVOSDEV14_151_snr5,vivos,whisper,small,zero_shot,,42,5,speech,TÔI ĐÃ CÓ THỜI GIAN TUYỆT VỜI KHI CHƠI CHO ĐỘI TUYỂN, Tôi đã có thời gian tiệt vời khi chơi cho đội tuổi.
VIVOSDEV14_156_clean,vivos,whisper,small,zero_shot,,42,clean,clean,THỈNH THOẢNG CON ĐI QUA DỪNG LẠI DỰNG XE NGỒI HÚT THUỐC, Thỉnh thảng con đi qua dừng lại dựng xe ngồi hút thú.
VIVOSDEV14_156_snr0,vivos,whisper,small,zero_shot,,42,0,music,THỈNH THOẢNG CON ĐI QUA DỪNG LẠI DỰNG XE NGỒI HÚT THUỐC, Thỉnh thoảng con đi qua dừng lại dụng xe ngồi hút hút
VIVOSDEV14_156_snr10,vivos,whisper,small,zero_shot,,42,10,music,THỈNH THOẢNG CON ĐI QUA DỪNG LẠI DỰNG XE NGỒI HÚT THUỐC, Thỉnh thảng con đi qua dừng lại dựng xe ngồi hút thú
VIVOSDEV14_156_snr20,vivos,whisper,small,zero_shot,,42,20,speech,THỈNH THOẢNG CON ĐI QUA DỪNG LẠI DỰNG XE NGỒI HÚT THUỐC, Thỉnh thảng con đi qua dừng lại dựng xe ngồi hút hút.
VIVOSDEV14_156_snr5,vivos,whisper,small,zero_shot,,42,5,music,THỈNH THOẢNG CON ĐI QUA DỪNG LẠI DỰNG XE NGỒI HÚT THUỐC, Kỉnh thỏa con đi qua dừng lại dựng xe ngồi hút khúc.
VIVOSDEV14_163_clean,vivos,whisper,small,zero_shot,,42,clean,clean,CHÚ BỘ ĐỘI QUA NHỮNG CÂU CHUYỆN CỦA ÔNG MỚI GẦN GŨI LÀM SAO, Chưa bộ đổi qua những câu chuyện của ông mới gần gũi làm sao?
VIVOSDEV14_163_snr0,vivos,whisper,small,zero_shot,,42,0,noise,CHÚ BỘ ĐỘI QUA NHỮNG CÂU CHUYỆN CỦA ÔNG MỚI GẦN GŨI LÀM SAO, Chú bộ đợi qua những công tiên có ấm mới gần gửi lạnh sơn.
VIVOSDEV14_163_snr10,vivos,whisper,small,zero_shot,,42,10,noise,CHÚ BỘ ĐỘI QUA NHỮNG CÂU CHUYỆN CỦA ÔNG MỚI GẦN GŨI LÀM SAO, Chưa bộ đợi qua những câu chuyện của ông mới gần gũi làm sao?
VIVOSDEV14_163_snr20,vivos,whisper,small,zero_shot,,42,20,music,CHÚ BỘ ĐỘI QUA NHỮNG CÂU CHUYỆN CỦA ÔNG MỚI GẦN GŨI LÀM SAO, Chưa vụ đợi qua những câu chuyện của ông mới gần gũi làm sao?
VIVOSDEV14_163_snr5,vivos,whisper,small,zero_shot,,42,5,music,CHÚ BỘ ĐỘI QUA NHỮNG CÂU CHUYỆN CỦA ÔNG MỚI GẦN GŨI LÀM SAO, Chưa bộ đổi qua những câu chuyện của ông mới gần thủ lệm cho các bạn.
VIVOSDEV14_186_clean,vivos,whisper,small,zero_shot,,42,clean,clean,CÓ BẰNG THẠC SĨ NHỮNG NGÀNH TRÊN LÀ MỘT LỢI THẾ, Có bàn thạch sĩ Nhân Ngành Trên là một lợi thế.
VIVOSDEV14_186_snr0,vivos,whisper,small,zero_shot,,42,0,music,CÓ BẰNG THẠC SĨ NHỮNG NGÀNH TRÊN LÀ MỘT LỢI THẾ," Có bằng thật sĩ, giữ nhanh trên là một lợi khớ."
VIVOSDEV14_186_snr10,vivos,whisper,small,zero_shot,,42,10,music,CÓ BẰNG THẠC SĨ NHỮNG NGÀNH TRÊN LÀ MỘT LỢI THẾ, Có bằng thạch sĩ Nhưng Ngành Trân là một lợi thớ
VIVOSDEV14_186_snr20,vivos,whisper,small,zero_shot,,42,20,noise,CÓ BẰNG THẠC SĨ NHỮNG NGÀNH TRÊN LÀ MỘT LỢI THẾ, Có bằng thạch sĩ dân ngành trên là một lợi thế.
VIVOSDEV14_186_snr5,vivos,whisper,small,zero_shot,,42,5,music,CÓ BẰNG THẠC SĨ NHỮNG NGÀNH TRÊN LÀ MỘT LỢI THẾ, Có bằng thạch sĩ Nhưng Nằm Trân là một loại phê
VIVOSDEV14_191_clean,vivos,whisper,small,zero_shot,,42,clean,clean,MINH NHẬT HỒNG QUÂN VŨ CÔNG THÀNH SƯU TẦM TỪ BÁO NƯỚC NGOÀI, Mình quân hồng quân bụ công thành sư tập từ báo nước ngoài.
VIVOSDEV14_191_snr0,vivos,whisper,small,zero_shot,,42,0,speech,MINH NHẬT HỒNG QUÂN VŨ CÔNG THÀNH SƯU TẦM TỪ BÁO NƯỚC NGOÀI, Mình quân hồng quân bủ công thành sâu tập từ báo nước ngoài.
VIVOSDEV14_191_snr10,vivos,whisper,small,zero_shot,,42,10,music,MINH NHẬT HỒNG QUÂN VŨ CÔNG THÀNH SƯU TẦM TỪ BÁO NƯỚC NGOÀI, Mình quân hồng quân của công thành sư tập từ báo nước ngoài.
VIVOSDEV14_191_snr20,vivos,whisper,small,zero_shot,,42,20,music,MINH NHẬT HỒNG QUÂN VŨ CÔNG THÀNH SƯU TẦM TỪ BÁO NƯỚC NGOÀI, Mình quân hồng quân phủ công thành sưu tập từ báo nước ngoài.
VIVOSDEV14_191_snr5,vivos,whisper,small,zero_shot,,42,5,noise,MINH NHẬT HỒNG QUÂN VŨ CÔNG THÀNH SƯU TẦM TỪ BÁO NƯỚC NGOÀI, Mình quân hồng quân hũ công thành sưu tập từ báo nước ngoài.
VIVOSDEV14_194_clean,vivos,whisper,small,zero_shot,,42,clean,clean,MUỐN CÓ BẰNG LÁI PHẢI QUA MỘT ĐỢT THI RẤT KHẮT KHE, Vốn có bằng lái phải qua mục đợt thi đất khác khe
VIVOSDEV14_194_snr0,vivos,whisper,small,zero_shot,,42,0,speech,MUỐN CÓ BẰNG LÁI PHẢI QUA MỘT ĐỢT THI RẤT KHẮT KHE, Một con bằng lái phải qua một đậu pay đức hay một em.
VIVOSDEV14_194_snr10,vivos,whisper,small,zero_shot,,42,10,noise,MUỐN CÓ BẰNG LÁI PHẢI QUA MỘT ĐỢT THI RẤT KHẮT KHE, Vốn có bằng lái phải qua một đợt thi đất khác khe
VIVOSDEV14_194_snr20,vivos,whisper,small,zero_shot,,42,20,noise,MUỐN CÓ BẰNG LÁI PHẢI QUA MỘT ĐỢT THI RẤT KHẮT KHE, Vốn có bằng lái phải qua mục đợp thi đất khác khe
VIVOSDEV14_194_snr5,vivos,whisper,small,zero_shot,,42,5,noise,MUỐN CÓ BẰNG LÁI PHẢI QUA MỘT ĐỢT THI RẤT KHẮT KHE, Vũ có bằng lái phải qua mục đợt thi đất khác he
VIVOSDEV14_195_clean,vivos,whisper,small,zero_shot,,42,clean,clean,YÊU NHAU KHOẢNG VÀI THÁNG THÌ CHÚNG TÔI ĐÃ CÓ QUAN HỆ TÌNH DỤC, yêu nhau khoảng vài tháng thì chúng tôi đã có... quen hệ
VIVOSDEV14_195_snr0,vivos,whisper,small,zero_shot,,42,0,speech,YÊU NHAU KHOẢNG VÀI THÁNG THÌ CHÚNG TÔI ĐÃ CÓ QUAN HỆ TÌNH DỤC, Nếu nhau quen quài thì chúng tôi đã có... Quen hả?
VIVOSDEV14_195_snr10,vivos,whisper,small,zero_shot,,42,10,speech,YÊU NHAU KHOẢNG VÀI THÁNG THÌ CHÚNG TÔI ĐÃ CÓ QUAN HỆ TÌNH DỤC, Yêu nhau khoảng vài tháng thì chúng tôi đã có... ...oan hệ.
VIVOSDEV14_195_snr20,vivos,whisper,small,zero_shot,,42,20,speech,YÊU NHAU KHOẢNG VÀI THÁNG THÌ CHÚNG TÔI ĐÃ CÓ QUAN HỆ TÌNH DỤC, yêu nhau khoảng vài tháng thì chúng tôi đã có quen hệ
VIVOSDEV14_195_snr5,vivos,whisper,small,zero_shot,,42,5,noise,YÊU NHAU KHOẢNG VÀI THÁNG THÌ CHÚNG TÔI ĐÃ CÓ QUAN HỆ TÌNH DỤC, yêu nhau khoảng vài tháng thì chúng tôi đã có quen hệ
VIVOSDEV14_225_clean,vivos,whisper,small,zero_shot,,42,clean,clean,ÔNG DƯƠNG ĐỨC LÂN PHÓ TỔNG CỤC TRƯỞNG TỔNG CỤC DẠY NGHỀ, Ông Dương Đức lên phó tổng cục trưởng tập cùng. Dạy nghe.
VIVOSDEV14_225_snr0,vivos,whisper,small,zero_shot,,42,0,noise,ÔNG DƯƠNG ĐỨC LÂN PHÓ TỔNG CỤC TRƯỞNG TỔNG CỤC DẠY NGHỀ, Ông Dương Đức lên phó tổng cục trưởng tâm cùng. Dạy nghe.
VIVOSDEV14_225_snr10,vivos,whisper,small,zero_shot,,42,10,noise,ÔNG DƯƠNG ĐỨC LÂN PHÓ TỔNG CỤC TRƯỞNG TỔNG CỤC DẠY NGHỀ, Ông Dương Đức lên phó tổng cục trưởng tập cùng. Chạy nghe.
VIVOSDEV14_225_snr20,vivos,whisper,small,zero_shot,,42,20,speech,ÔNG DƯƠNG ĐỨC LÂN PHÓ TỔNG CỤC TRƯỞNG TỔNG CỤC DẠY NGHỀ, Ông Dương Đức lên phó tổng cục trưởng tập cùng. Dậy nghe.
VIVOSDEV14_225_snr5,vivos,whisper,small,zero_shot,,42,5,noise,ÔNG DƯƠNG ĐỨC LÂN PHÓ TỔNG CỤC TRƯỞNG TỔNG CỤC DẠY NGHỀ, Ông Dương lứt lên phó tổng cục trưởng tập cùng. Dậy nghe.
VIVOSDEV14_227_clean,vivos,whisper,small,zero_shot,,42,clean,clean,ĐỐI XỬ VỚI BẠN NHƯ NGƯỜI YÊU CŨ CỦA BẠN ĐÃ TỪNG LÀM, Đối xử với bạn như người yêu cũ của bạn đã từng làm.
VIVOSDEV14_227_snr0,vivos,whisper,small,zero_shot,,42,0,music,ĐỐI XỬ VỚI BẠN NHƯ NGƯỜI YÊU CŨ CỦA BẠN ĐÃ TỪNG LÀM, Đối xử với bạn như hồi yêu cũ của bạn đã từng làm.
VIVOSDEV14_227_snr10,vivos,whisper,small,zero_shot,,42,10,noise,ĐỐI XỬ VỚI BẠN NHƯ NGƯỜI YÊU CŨ CỦA BẠN ĐÃ TỪNG LÀM, Đối xử với bạn như người yêu cũ của bạn đã từng làm.
VIVOSDEV14_227_snr20,vivos,whisper,small,zero_shot,,42,20,speech,ĐỐI XỬ VỚI BẠN NHƯ NGƯỜI YÊU CŨ CỦA BẠN ĐÃ TỪNG LÀM, Đối xử với bạn như người yêu cũ của bạn đã từng làm.
VIVOSDEV14_227_snr5,vivos,whisper,small,zero_shot,,42,5,noise,ĐỐI XỬ VỚI BẠN NHƯ NGƯỜI YÊU CŨ CỦA BẠN ĐÃ TỪNG LÀM, Tối xử với bạn như người yêu cũ của bạn đã từng làm.
VIVOSDEV14_236_clean,vivos,whisper,small,zero_shot,,42,clean,clean,VÌ VẬY CÔNG TY B PHẢI CÓ TRÁCH NHIỆM BỒI THƯỜNG, Vì vậy công ty B phải có chất nhiễm bồi thường.
VIVOSDEV14_236_snr0,vivos,whisper,small,zero_shot,,42,0,music,VÌ VẬY CÔNG TY B PHẢI CÓ TRÁCH NHIỆM BỒI THƯỜNG," Từ vậy, công ty B phải có chất nhiễm bồi thương."
VIVOSDEV14_236_snr10,vivos,whisper,small,zero_shot,,42,10,speech,VÌ VẬY CÔNG TY B PHẢI CÓ TRÁCH NHIỆM BỒI THƯỜNG," Vì vậy, công ty B phải có chất nhiễm bồi thương."
VIVOSDEV14_236_snr20,vivos,whisper,small,zero_shot,,42,20,noise,VÌ VẬY CÔNG TY B PHẢI CÓ TRÁCH NHIỆM BỒI THƯỜNG, Vì vậy công ty B phải có chất nhiễm bồi thường.
VIVOSDEV14_236_snr5,vivos,whisper,small,zero_shot,,42,5,speech,VÌ VẬY CÔNG TY B PHẢI CÓ TRÁCH NHIỆM BỒI THƯỜNG," Vì vậy, công ty B phải có chất nhiễm bồi thương."
VIVOSDEV14_256_clean,vivos,whisper,small,zero_shot,,42,clean,clean,NÔNG DÂN TRỒNG MÍA THAN CỨ MỘT VỤ ĐƯỢC LẠI BA VỤ THẤT, Nông dân trồng miếng thang cứu một vụ lại được ba vụ thất.
VIVOSDEV14_256_snr0,vivos,whisper,small,zero_shot,,42,0,speech,NÔNG DÂN TRỒNG MÍA THAN CỨ MỘT VỤ ĐƯỢC LẠI BA VỤ THẤT, Không dừng trong ít hàn cứu một vụ đại được bán mụ thức.
VIVOSDEV14_256_snr10,vivos,whisper,small,zero_shot,,42,10,noise,NÔNG DÂN TRỒNG MÍA THAN CỨ MỘT VỤ ĐƯỢC LẠI BA VỤ THẤT, Nông dân trong miếng thang cứu một vụ lại được ba vụ thức.
VIVOSDEV14_256_snr20,vivos,whisper,small,zero_shot,,42,20,music,NÔNG DÂN TRỒNG MÍA THAN CỨ MỘT VỤ ĐƯỢC LẠI BA VỤ THẤT, Nông dân trong miếng thang cứu một vụ lại được ba vụ thất.
VIVOSDEV14_256_snr5,vivos,whisper,small,zero_shot,,42,5,noise,NÔNG DÂN TRỒNG MÍA THAN CỨ MỘT VỤ ĐƯỢC LẠI BA VỤ THẤT, Nông dân trồng ý than cứu một vụ lại được ba vụ thất.
VIVOSDEV14_280_clean,vivos,whisper,small,zero_shot,,42,clean,clean,THÌ NGƯỜI XEM CŨNG ĐƯỢC NÂNG CAO KIẾN THỨC VỀ ĐỊA LÝ, thì người xem cũng được nâng cao kính thức và để lấy.
VIVOSDEV14_280_snr0,vivos,whisper,small,zero_shot,,42,0,music,THÌ NGƯỜI XEM CŨNG ĐƯỢC NÂNG CAO KIẾN THỨC VỀ ĐỊA LÝ, Thì người xem cũng được nâng cao kính phức và để lấy
VIVOSDEV14_280_snr10,vivos,whisper,small,zero_shot,,42,10,noise,THÌ NGƯỜI XEM CŨNG ĐƯỢC NÂNG CAO KIẾN THỨC VỀ ĐỊA LÝ, thì người xem cũng được nâng cao kính thức và để lấy.
VIVOSDEV14_280_snr20,vivos,whisper,small,zero_shot,,42,20,noise,THÌ NGƯỜI XEM CŨNG ĐƯỢC NÂNG CAO KIẾN THỨC VỀ ĐỊA LÝ, thì người xem cũng được nâng cao kính thức và để lấy.
VIVOSDEV14_280_snr5,vivos,whisper,small,zero_shot,,42,5,music,THÌ NGƯỜI XEM CŨNG ĐƯỢC NÂNG CAO KIẾN THỨC VỀ ĐỊA LÝ, Thì người xem cũng được nâng cao kính thức và để lấy
VIVOSDEV14_283_clean,vivos,whisper,small,zero_shot,,42,clean,clean,NGÀY XƯA CÁC CỤ LÀM BÌA SÁCH LÀ MINH HOẠ CHO CUỐN SÁCH ĐÓ," Ngày xưa, các cụ làm bề sách làm minh hỏa cho cúng sắp đó."
VIVOSDEV14_283_snr0,vivos,whisper,small,zero_shot,,42,0,music,NGÀY XƯA CÁC CỤ LÀM BÌA SÁCH LÀ MINH HOẠ CHO CUỐN SÁCH ĐÓ," Ngày xưa, cái cụ làm bề sách làm minh hoa cho phút sách đó"
VIVOSDEV14_283_snr10,vivos,whisper,small,zero_shot,,42,10,speech,NGÀY XƯA CÁC CỤ LÀM BÌA SÁCH LÀ MINH HOẠ CHO CUỐN SÁCH ĐÓ," Ngày xưa, các cổ làm bề sách làm minh hã cho cúng sắp đó."
VIVOSDEV14_283_snr20,vivos,whisper,small,zero_shot,,42,20,speech,NGÀY XƯA CÁC CỤ LÀM BÌA SÁCH LÀ MINH HOẠ CHO CUỐN SÁCH ĐÓ," Ngày xưa, cái cụ làm bề sất là Minh Hã cho cúng sắp đó."
VIVOSDEV14_283_snr5,vivos,whisper,small,zero_shot,,42,5,speech,NGÀY XƯA CÁC CỤ LÀM BÌA SÁCH LÀ MINH HOẠ CHO CUỐN SÁCH ĐÓ," Ngày xưa, cái cổ làm bề sát làm mình ngã cho cung sát đó."
VIVOSDEV14_286_clean,vivos,whisper,small,zero_shot,,42,clean,clean,NHIỀU GIA ĐÌNH HIỆN NAY THÍCH TỰ GIỚI THIỆU CHƯƠNG TRÌNH, Nhiều gia đình hiện nay thích tự giới thiệu chương trình.
VIVOSDEV14_286_snr0,vivos,whisper,small,zero_shot,,42,0,music,NHIỀU GIA ĐÌNH HIỆN NAY THÍCH TỰ GIỚI THIỆU CHƯƠNG TRÌNH, Chị gian là ngu ngốc đổi giới thể chương trình.
VIVOSDEV14_286_snr10,vivos,whisper,small,zero_shot,,42,10,noise,NHIỀU GIA ĐÌNH HIỆN NAY THÍCH TỰ GIỚI THIỆU CHƯƠNG TRÌNH, Nhiều gia đình hiện nay thích tự giới thiệu chương trình.
VIVOSDEV14_286_snr20,vivos,whisper,small,zero_shot,,42,20,speech,NHIỀU GIA ĐÌNH HIỆN NAY THÍCH TỰ GIỚI THIỆU CHƯƠNG TRÌNH, nhiều gia đình hiện nay thích tự giới thiệu chương trình.
VIVOSDEV14_286_snr5,vivos,whisper,small,zero_shot,,42,5,speech,NHIỀU GIA ĐÌNH HIỆN NAY THÍCH TỰ GIỚI THIỆU CHƯƠNG TRÌNH, nhiều gia đình hiện nay sẽ tự giới thiệu trung trình.
VIVOSDEV14_289_clean,vivos,whisper,small,zero_shot,,42,clean,clean,TÔI LÀ MỘT NGƯỜI MIỀN TÂY ĐANG LÀ NGHIÊN CỨU SINH Ở MỸ, Tôi là một người miền tai đen là nghiên cứu sinh ở Mỹ.
VIVOSDEV14_289_snr0,vivos,whisper,small,zero_shot,,42,0,noise,TÔI LÀ MỘT NGƯỜI MIỀN TÂY ĐANG LÀ NGHIÊN CỨU SINH Ở MỸ, Tôi là một người miền tai đen là nghiên cứu sinh ở Mỹ
VIVOSDEV14_289_snr10,vivos,whisper,small,zero_shot,,42,10,noise,TÔI LÀ MỘT NGƯỜI MIỀN TÂY ĐANG LÀ NGHIÊN CỨU SINH Ở MỸ, Tôi là một người miền tai đen là nghiên cứu sinh ở Mỹ
VIVOSDEV14_289_snr20,vivos,whisper,small,zero_shot,,42,20,noise,TÔI LÀ MỘT NGƯỜI MIỀN TÂY ĐANG LÀ NGHIÊN CỨU SINH Ở MỸ, Tôi là một người miền tai đen là nghiên cứu sinh ở Mỹ.
VIVOSDEV14_289_snr5,vivos,whisper,small,zero_shot,,42,5,speech,TÔI LÀ MỘT NGƯỜI MIỀN TÂY ĐANG LÀ NGHIÊN CỨU SINH Ở MỸ, Tôi là một người mà người tay đem là ni cũ sinh ở Mỹ.
VIVOSDEV14_291_clean,vivos,whisper,small,zero_shot,,42,clean,clean,CÀNG ĐI SÂU VÀO BÊN TRONG CẢNH TRÍ THIÊN NHIÊN CÀNG HÙNG VĨ, Càng đi sau và bên trong cảnh trí thiên nhiên càng hùng vỡy.
VIVOSDEV14_291_snr0,vivos,whisper,small,zero_shot,,42,0,speech,CÀNG ĐI SÂU VÀO BÊN TRONG CẢNH TRÍ THIÊN NHIÊN CÀNG HÙNG VĨ, Kể đi sau về bên trong cảnh trí đi nhiên càng hùng vỡi.
VIVOSDEV14_291_snr10,vivos,whisper,small,zero_shot,,42,10,speech,CÀNG ĐI SÂU VÀO BÊN TRONG CẢNH TRÍ THIÊN NHIÊN CÀNG HÙNG VĨ, Kẹ đi sau và bên trong cảnh trí thiên nhiên kẹn hùng vẫy.
VIVOSDEV14_291_snr20,vivos,whisper,small,zero_shot,,42,20,speech,CÀNG ĐI SÂU VÀO BÊN TRONG CẢNH TRÍ THIÊN NHIÊN CÀNG HÙNG VĨ, Càng đi sau và bên trong cảnh trưới thiên nhiên càng hùng vẫy.
VIVOSDEV14_291_snr5,vivos,whisper,small,zero_shot,,42,5,speech,CÀNG ĐI SÂU VÀO BÊN TRONG CẢNH TRÍ THIÊN NHIÊN CÀNG HÙNG VĨ, Kề đi sau và bên trong cảnh trí dinh viên kèng hùng vẫy.
VIVOSDEV14_294_clean,vivos,whisper,small,zero_shot,,42,clean,clean,MONG BẠN BÌNH TÂM SUY NGHĨ VÀ CHỌN ĐƯỢC CÁCH GIẢI QUYẾT TỐT NHẤT, Mong bạn bình đam xí nghĩ và chọn được cách giải quyết tốt nhất.
VIVOSDEV14_294_snr0,vivos,whisper,small,zero_shot,,42,0,music,MONG BẠN BÌNH TÂM SUY NGHĨ VÀ CHỌN ĐƯỢC CÁCH GIẢI QUYẾT TỐT NHẤT, Mong bạn bình tâm xí nghĩ và chọn được cách giải quyết tốt nhất.
VIVOSDEV14_294_snr10,vivos,whisper,small,zero_shot,,42,10,speech,MONG BẠN BÌNH TÂM SUY NGHĨ VÀ CHỌN ĐƯỢC CÁCH GIẢI QUYẾT TỐT NHẤT," Mông bạn binh, đám xí nghỉ và chọn được cạnh giải quyết tốt nhất."
VIVOSDEV14_294_snr20,vivos,whisper,small,zero_shot,,42,20,music,MONG BẠN BÌNH TÂM SUY NGHĨ VÀ CHỌN ĐƯỢC CÁCH GIẢI QUYẾT TỐT NHẤT, Mong bạn bình tâm xí nghĩ và chọn được cách giải quyết tốt nhất.
VIVOSDEV14_294_snr5,vivos,whisper,small,zero_shot,,42,5,speech,MONG BẠN BÌNH TÂM SUY NGHĨ VÀ CHỌN ĐƯỢC CÁCH GIẢI QUYẾT TỐT NHẤT, Mông bạn mình đám xí nghĩ và chọn được cách giải quyết tốt nhất.
VIVOSDEV15_014_clean,vivos,whisper,small,zero_shot,,42,clean,clean,THÀNH MỘT CHIẾC LỒNG ĐÈN KHỔNG LỒ TẠI CÔNG VIÊN Ở THỦ ĐÔ BẮC KINH, thành một chết lồng để anh khổng lồ tại công viên ở thủ đô Bắc Kinh.
VIVOSDEV15_014_snr0,vivos,whisper,small,zero_shot,,42,0,music,THÀNH MỘT CHIẾC LỒNG ĐÈN KHỔNG LỒ TẠI CÔNG VIÊN Ở THỦ ĐÔ BẮC KINH, Thành một chết lòng để hành khổng lồ tại công viên ở thủ đô Bắc Kinh.
VIVOSDEV15_014_snr10,vivos,whisper,small,zero_shot,,42,10,speech,THÀNH MỘT CHIẾC LỒNG ĐÈN KHỔNG LỒ TẠI CÔNG VIÊN Ở THỦ ĐÔ BẮC KINH, Thành một chất lòng để hình khổng lồ tại công viên ở thủ đô Bắc Kinh.
VIVOSDEV15_014_snr20,vivos,whisper,small,zero_shot,,42,20,music,THÀNH MỘT CHIẾC LỒNG ĐÈN KHỔNG LỒ TẠI CÔNG VIÊN Ở THỦ ĐÔ BẮC KINH, thành một chết lòng đèn khổng lồ tại công viên ở Thủ đô Bắc Kinh.
VIVOSDEV15_014_snr5,vivos,whisper,small,zero_shot,,42,5,music,THÀNH MỘT CHIẾC LỒNG ĐÈN KHỔNG LỒ TẠI CÔNG VIÊN Ở THỦ ĐÔ BẮC KINH, Thành một chết lồng để anh khổng lồ tại công viên ở thủ đô Bắc Kinh.
VIVOSDEV15_020_clean,vivos,whisper,small,zero_shot,,42,clean,clean,CÂU CHUYỆN CỦA QUÁ KHỨ ÔNG KỂ KHÔNG BIẾT BAO NHIÊU LẦN, Câu chuyện của quả khứ ông kể không biết bao nhiêu lành
VIVOSDEV15_020_snr0,vivos,whisper,small,zero_shot,,42,0,noise,CÂU CHUYỆN CỦA QUÁ KHỨ ÔNG KỂ KHÔNG BIẾT BAO NHIÊU LẦN, Tôi chưa còn có quát giữ ông có cái bếp bao nhiêu lần?
VIVOSDEV15_020_snr10,vivos,whisper,small,zero_shot,,42,10,noise,CÂU CHUYỆN CỦA QUÁ KHỨ ÔNG KỂ KHÔNG BIẾT BAO NHIÊU LẦN, Câu chuyện của quả khứ ông kể không biết bao nhiêu lành
VIVOSDEV15_020_snr20,vivos,whisper,small,zero_shot,,42,20,music,CÂU CHUYỆN CỦA QUÁ KHỨ ÔNG KỂ KHÔNG BIẾT BAO NHIÊU LẦN, Câu chuyện của quả khứ ông kể không biết bao nhiêu lành
VIVOSDEV15_020_snr5,vivos,whisper,small,zero_shot,,42,5,music,CÂU CHUYỆN CỦA QUÁ KHỨ ÔNG KỂ KHÔNG BIẾT BAO NHIÊU LẦN, Câu chuyện của quả khứ ông kể không biết bao nhiêu lành
VIVOSDEV15_021_clean,vivos,whisper,small,zero_shot,,42,clean,clean,MÀU SON TRÔNG THẬT TUYỆT TRÊN BẤT KÌ MÀU DA NÀO, Một son trông thật tuyệt trên mất kỳ màu da nào
VIVOSDEV15_021_snr0,vivos,whisper,small,zero_shot,,42,0,music,MÀU SON TRÔNG THẬT TUYỆT TRÊN BẤT KÌ MÀU DA NÀO, Một xong trông phật đều trông vụ kiền ra.
VIVOSDEV15_021_snr10,vivos,whisper,small,zero_shot,,42,10,music,MÀU SON TRÔNG THẬT TUYỆT TRÊN BẤT KÌ MÀU DA NÀO, Một son trông thật tuyệt trên mức kỳ màu da nào
VIVOSDEV15_021_snr20,vivos,whisper,small,zero_shot,,42,20,music,MÀU SON TRÔNG THẬT TUYỆT TRÊN BẤT KÌ MÀU DA NÀO, Một son trông thật tuyệt trên mất kỳ màu da nào
VIVOSDEV15_021_snr5,vivos,whisper,small,zero_shot,,42,5,speech,MÀU SON TRÔNG THẬT TUYỆT TRÊN BẤT KÌ MÀU DA NÀO, Một son trong thật tuyệt chơi mất kì màu da nào.
VIVOSDEV15_026_clean,vivos,whisper,small,zero_shot,,42,clean,clean,ÔNG ĂN CHAY MÀ NGHĨ MẶN THÌ ĂN CHAY LÀM CHI, Ông An Tray mà nghĩ mạn thì anh Tray làm gì?
VIVOSDEV15_026_snr0,vivos,whisper,small,zero_shot,,42,0,noise,ÔNG ĂN CHAY MÀ NGHĨ MẶN THÌ ĂN CHAY LÀM CHI, Ông ăn cay mà nghĩ mặn thì ăn cay làm gì?
VIVOSDEV15_026_snr10,vivos,whisper,small,zero_shot,,42,10,music,ÔNG ĂN CHAY MÀ NGHĨ MẶN THÌ ĂN CHAY LÀM CHI, Ông ăn tray mà nghĩ mặn thì ăn tray làm gì?
VIVOSDEV15_026_snr20,vivos,whisper,small,zero_shot,,42,20,noise,ÔNG ĂN CHAY MÀ NGHĨ MẶN THÌ ĂN CHAY LÀM CHI, Ông ăn trái mà nghĩ mặn thì ăn trái làm gì?
VIVOSDEV15_026_snr5,vivos,whisper,small,zero_shot,,42,5,speech,ÔNG ĂN CHAY MÀ NGHĨ MẶN THÌ ĂN CHAY LÀM CHI, Ông ăn tay mà hình mặn để anh đây làm gì?
VIVOSDEV15_037_clean,vivos,whisper,small,zero_shot,,42,clean,clean,TRÊN CƠ SỞ ĐÓ NHỮNG HÀNH VI VI PHẠM SẼ ĐƯỢC XỬ LÝ NGHIÊM," Trên cơ sở đó, những hành vi vi phạm sẽ được sửa lý nghiêm."
VIVOSDEV15_037_snr0,vivos,whisper,small,zero_shot,,42,0,noise,TRÊN CƠ SỞ ĐÓ NHỮNG HÀNH VI VI PHẠM SẼ ĐƯỢC XỬ LÝ NGHIÊM, Trên cơ sở đáo những hành vi vi phạm sẽ được dồn đến niềm.
VIVOSDEV15_037_snr10,vivos,whisper,small,zero_shot,,42,10,music,TRÊN CƠ SỞ ĐÓ NHỮNG HÀNH VI VI PHẠM SẼ ĐƯỢC XỬ LÝ NGHIÊM," Trên cơ sở đó, những hành vi vi phạm sẽ được dùng lý nghiêm."
VIVOSDEV15_037_snr20,vivos,whisper,small,zero_shot,,42,20,speech,TRÊN CƠ SỞ ĐÓ NHỮNG HÀNH VI VI PHẠM SẼ ĐƯỢC XỬ LÝ NGHIÊM," Trên cơ sở đó, những hành vi vi phạm sẽ được sửa lý nghiêm."
VIVOSDEV15_037_snr5,vivos,whisper,small,zero_shot,,42,5,noise,TRÊN CƠ SỞ ĐÓ NHỮNG HÀNH VI VI PHẠM SẼ ĐƯỢC XỬ LÝ NGHIÊM, Trên cơ sở đó những hành vi vi phạ sẽ được trở lý nghiêm.
VIVOSDEV15_038_clean,vivos,whisper,small,zero_shot,,42,clean,clean,MỘT CƠ QUAN CHÍNH THỨC ĐỂ KHÁCH HÀNG KHIẾU NẠI THAM KHẢO VÀ TIN TƯỞNG," Một cơ quan chính thức để khách hàng khiếu nại, tham khảo và tin tưởng."
VIVOSDEV15_038_snr0,vivos,whisper,small,zero_shot,,42,0,noise,MỘT CƠ QUAN CHÍNH THỨC ĐỂ KHÁCH HÀNG KHIẾU NẠI THAM KHẢO VÀ TIN TƯỞNG," Một cơ quan chính thức để khách hàng khiếu nại, tham khảo và tin tưởng."
VIVOSDEV15_038_snr10,vivos,whisper,small,zero_shot,,42,10,music,MỘT CƠ QUAN CHÍNH THỨC ĐỂ KHÁCH HÀNG KHIẾU NẠI THAM KHẢO VÀ TIN TƯỞNG," Một cơ quan chính thức để khách hàng khíu nại, tham khảo và tin tưởng."
VIVOSDEV15_038_snr20,vivos,whisper,small,zero_shot,,42,20,noise,MỘT CƠ QUAN CHÍNH THỨC ĐỂ KHÁCH HÀNG KHIẾU NẠI THAM KHẢO VÀ TIN TƯỞNG," Một cơ quan chính thức để khách hàng khiếu nại, tham khảo và tin tưởng."
VIVOSDEV15_038_snr5,vivos,whisper,small,zero_shot,,42,5,noise,MỘT CƠ QUAN CHÍNH THỨC ĐỂ KHÁCH HÀNG KHIẾU NẠI THAM KHẢO VÀ TIN TƯỞNG," Một cơ quan chính thức để khách hàng khiếu nại, tham khảo và tin tưởng."
VIVOSDEV15_050_clean,vivos,whisper,small,zero_shot,,42,clean,clean,CHẲNG LẼ ĂN CƠM NHÀ NGƯỜI MÀ LẠI KHÔNG CHĂM CHÚ LẮNG NGHE NGƯỜI NÓI, Chẳng lẽ anh cơm nhà người mà lại không chăm chú nắng nghe người nói.
VIVOSDEV15_050_snr0,vivos,whisper,small,zero_shot,,42,0,music,CHẲNG LẼ ĂN CƠM NHÀ NGƯỜI MÀ LẠI KHÔNG CHĂM CHÚ LẮNG NGHE NGƯỜI NÓI, Chẳng để ăn cơ nhà người bạn lại không chấp trú lắm nghe anh người nữa ấy.
VIVOSDEV15_050_snr10,vivos,whisper,small,zero_shot,,42,10,music,CHẲNG LẼ ĂN CƠM NHÀ NGƯỜI MÀ LẠI KHÔNG CHĂM CHÚ LẮNG NGHE NGƯỜI NÓI, Chẳng lẽ anh cơm nhà người mà lại không chăm chú nắng nghe người nói.
VIVOSDEV15_050_snr20,vivos,whisper,small,zero_shot,,42,20,noise,CHẲNG LẼ ĂN CƠM NHÀ NGƯỜI MÀ LẠI KHÔNG CHĂM CHÚ LẮNG NGHE NGƯỜI NÓI, Chẳng lẽ anh cơm nhà người mà lại không trăm chú nắng nghe người nói.
VIVOSDEV15_050_snr5,vivos,whisper,small,zero_shot,,42,5,music,CHẲNG LẼ ĂN CƠM NHÀ NGƯỜI MÀ LẠI KHÔNG CHĂM CHÚ LẮNG NGHE NGƯỜI NÓI, Chẳng lẽ ăn cơm nhà người mà lại không chăm chú nắng nghe người nói.
VIVOSDEV15_062_clean,vivos,whisper,small,zero_shot,,42,clean,clean,NGHĨA LÀ NẾU BẠN ĐANG LÀM VIỆC DƯỚI QUYỀN MỘT GIÁM SÁT VIÊN," Nghĩa là nếu bạn đang làm việc giới quyền một giám sát, viên."
VIVOSDEV15_062_snr0,vivos,whisper,small,zero_shot,,42,0,speech,NGHĨA LÀ NẾU BẠN ĐANG LÀM VIỆC DƯỚI QUYỀN MỘT GIÁM SÁT VIÊN, Chúng ta có thể nhận được một tên tên tên tên tên tên tên tên tên tên tên tên tên tên tên tên tên tên tên tên tên tên tên tên tên tên tên tên tên tên tên tên tên tên tên tên tên tên tên tên tên tên tên tên tên tên tên tên tên tên tên tên tên tên tên tên tên tên tên t
VIVOSDEV15_062_snr10,vivos,whisper,small,zero_shot,,42,10,music,NGHĨA LÀ NẾU BẠN ĐANG LÀM VIỆC DƯỚI QUYỀN MỘT GIÁM SÁT VIÊN, Nghĩa là nếu bạn đang làm việc giới quyền một giám sát viên.
VIVOSDEV15_062_snr20,vivos,whisper,small,zero_shot,,42,20,noise,NGHĨA LÀ NẾU BẠN ĐANG LÀM VIỆC DƯỚI QUYỀN MỘT GIÁM SÁT VIÊN," Nghĩa là nếu bạn đang làm việc giới quyền một giám sát, viên."
VIVOSDEV15_062_snr5,vivos,whisper,small,zero_shot,,42,5,speech,NGHĨA LÀ NẾU BẠN ĐANG LÀM VIỆC DƯỚI QUYỀN MỘT GIÁM SÁT VIÊN," Nghĩa là nếu bạn đang làm việc dưới truyền 1 xám xác,"
VIVOSDEV15_066_clean,vivos,whisper,small,zero_shot,,42,clean,clean,KẼM CÓ NHIỀU TRONG GAN SÒ THỊT ĐỎ CÁ ÓC TRỨNG," Kẻm có nhiều trong gan sò thịt đỏ cá, óc, trứng"
VIVOSDEV15_066_snr0,vivos,whisper,small,zero_shot,,42,0,noise,KẼM CÓ NHIỀU TRONG GAN SÒ THỊT ĐỎ CÁ ÓC TRỨNG, Cảm ơn các bạn đã đăng ký kênh của mình.
VIVOSDEV15_066_snr10,vivos,whisper,small,zero_shot,,42,10,music,KẼM CÓ NHIỀU TRONG GAN SÒ THỊT ĐỎ CÁ ÓC TRỨNG, Cảm ơn các bạn đã đón xem video này.
VIVOSDEV15_066_snr20,vivos,whisper,small,zero_shot,,42,20,speech,KẼM CÓ NHIỀU TRONG GAN SÒ THỊT ĐỎ CÁ ÓC TRỨNG," Kẻm có nhiều trong ca anh sò thịt đỏ cá, óc, trứng."
VIVOSDEV15_066_snr5,vivos,whisper,small,zero_shot,,42,5,noise,KẼM CÓ NHIỀU TRONG GAN SÒ THỊT ĐỎ CÁ ÓC TRỨNG," Cảm có nhiều trong can sò, thịt đỏ, cá, óc, trứng."
VIVOSDEV15_092_clean,vivos,whisper,small,zero_shot,,42,clean,clean,UNG THƯ TỪ MỘT CƠ QUAN KHÁC DI CĂN VÀO HỆ THỐNG HẠCH BẠCH HUYẾT, Ông thư từ một cơ quan khác di can vào hệ thống hạch bài quyết.
VIVOSDEV15_092_snr0,vivos,whisper,small,zero_shot,,42,0,speech,UNG THƯ TỪ MỘT CƠ QUAN KHÁC DI CĂN VÀO HỆ THỐNG HẠCH BẠCH HUYẾT," Một tên phần này là một tên phần tốt, nhưng khi này, anh đã..."
VIVOSDEV15_092_snr10,vivos,whisper,small,zero_shot,,42,10,noise,UNG THƯ TỪ MỘT CƠ QUAN KHÁC DI CĂN VÀO HỆ THỐNG HẠCH BẠCH HUYẾT, Ông tư từ một cơ quan khác như căn vào hệ thống hay bài quyết
VIVOSDEV15_092_snr20,vivos,whisper,small,zero_shot,,42,20,music,UNG THƯ TỪ MỘT CƠ QUAN KHÁC DI CĂN VÀO HỆ THỐNG HẠCH BẠCH HUYẾT, Ông thư từ một cơ quan khác di can vào hệ thống hay bài quyết
VIVOSDEV15_092_snr5,vivos,whisper,small,zero_shot,,42,5,speech,UNG THƯ TỪ MỘT CƠ QUAN KHÁC DI CĂN VÀO HỆ THỐNG HẠCH BẠCH HUYẾT, Ông thư từ một cơ quan khác di gian vào hệ thống Hạch bà khuyến.
VIVOSDEV15_109_clean,vivos,whisper,small,zero_shot,,42,clean,clean,CUỘC THI TỰ HÀO SỬ VIỆT ĐÃ HẾT GIAI ĐOẠN I, Quốc thị tự hào sự Việt đã hết dài đoạn.
VIVOSDEV15_109_snr0,vivos,whisper,small,zero_shot,,42,0,music,CUỘC THI TỰ HÀO SỬ VIỆT ĐÃ HẾT GIAI ĐOẠN I, Cuộc thay tự hào sự Việt đã hết dài đoạn.
VIVOSDEV15_109_snr10,vivos,whisper,small,zero_shot,,42,10,noise,CUỘC THI TỰ HÀO SỬ VIỆT ĐÃ HẾT GIAI ĐOẠN I, Quốc thị tự hào số Việt đã hết giai đoạn.
VIVOSDEV15_109_snr20,vivos,whisper,small,zero_shot,,42,20,music,CUỘC THI TỰ HÀO SỬ VIỆT ĐÃ HẾT GIAI ĐOẠN I, Quốc thị tự hào sự Việt đã hết dài đoạn.
VIVOSDEV15_109_snr5,vivos,whisper,small,zero_shot,,42,5,music,CUỘC THI TỰ HÀO SỬ VIỆT ĐÃ HẾT GIAI ĐOẠN I, Có thí tự hào sổ Việt đã hết tai đặt.
VIVOSDEV15_111_clean,vivos,whisper,small,zero_shot,,42,clean,clean,CUỘC BIỂU TÌNH CỦA ÁO ĐỎ CÓ THỂ SẼ BIẾN THÀNH BẠO LỰC, Cục biểu tình của áo đỏ có thể sẽ biến thành bạo lực.
VIVOSDEV15_111_snr0,vivos,whisper,small,zero_shot,,42,0,music,CUỘC BIỂU TÌNH CỦA ÁO ĐỎ CÓ THỂ SẼ BIẾN THÀNH BẠO LỰC, Cô viểu kênh của áo đạo có thể viên thêm bạo lượng.
VIVOSDEV15_111_snr10,vivos,whisper,small,zero_shot,,42,10,noise,CUỘC BIỂU TÌNH CỦA ÁO ĐỎ CÓ THỂ SẼ BIẾN THÀNH BẠO LỰC, Cột biểu tình của áo đỏ có thể sẽ biến thanh bạo lực.
VIVOSDEV15_111_snr20,vivos,whisper,small,zero_shot,,42,20,speech,CUỘC BIỂU TÌNH CỦA ÁO ĐỎ CÓ THỂ SẼ BIẾN THÀNH BẠO LỰC, Cục biểu tiên của áo đỏ có thể sẽ biến thành bạo lực.
VIVOSDEV15_111_snr5,vivos,whisper,small,zero_shot,,42,5,noise,CUỘC BIỂU TÌNH CỦA ÁO ĐỎ CÓ THỂ SẼ BIẾN THÀNH BẠO LỰC, Cô vừa kênh của áo đỏ có thể sẽ biến tham đạo lực.
VIVOSDEV15_154_clean,vivos,whisper,small,zero_shot,,42,clean,clean,CÁI NHÀ HÁT BỊ ĐẬP TAN TÀNH ÔNG KHOÁI LẮM À," Cái nhà hát bị đập tan tình, ông Khuai lắm à."
VIVOSDEV15_154_snr0,vivos,whisper,small,zero_shot,,42,0,music,CÁI NHÀ HÁT BỊ ĐẬP TAN TÀNH ÔNG KHOÁI LẮM À," Cái nhà hát bị đập tan tình, ông ai lắm ai?"
VIVOSDEV15_154_snr10,vivos,whisper,small,zero_shot,,42,10,music,CÁI NHÀ HÁT BỊ ĐẬP TAN TÀNH ÔNG KHOÁI LẮM À," Cái nhà hát bị đập tan tình, ông Khuai lắm à."
VIVOSDEV15_154_snr20,vivos,whisper,small,zero_shot,,42,20,noise,CÁI NHÀ HÁT BỊ ĐẬP TAN TÀNH ÔNG KHOÁI LẮM À," Cái nhà hát bị đập tan tình, ông Khuai lắm à."
VIVOSDEV15_154_snr5,vivos,whisper,small,zero_shot,,42,5,speech,CÁI NHÀ HÁT BỊ ĐẬP TAN TÀNH ÔNG KHOÁI LẮM À," Cái nhà hát bị đập tan tình, ông Khuai lắm à."
VIVOSDEV15_168_clean,vivos,whisper,small,zero_shot,,42,clean,clean,MÂM CƠM VẪN THANH ĐẠM TỦ ÁO CỦA VỢ CŨNG CHỈ VÀI BỘ ĐƠN SƠ," Mâm cơm vẫn thanh đạm, tổ áo của vợ cũng chỉ vài vộn đơn giản."
VIVOSDEV15_168_snr0,vivos,whisper,small,zero_shot,,42,0,music,MÂM CƠM VẪN THANH ĐẠM TỦ ÁO CỦA VỢ CŨNG CHỈ VÀI BỘ ĐƠN SƠ," Bâm cơm vẫn thanh đạm, tổ áo của vợ cũng chỉ vài bộ đơn giản."
VIVOSDEV15_168_snr10,vivos,whisper,small,zero_shot,,42,10,noise,MÂM CƠM VẪN THANH ĐẠM TỦ ÁO CỦA VỢ CŨNG CHỈ VÀI BỘ ĐƠN SƠ," Bâm cơ vẫn thanh đạm, tổ áo của vợ cũng chỉ vài bộ đơn giản."
VIVOSDEV15_168_snr20,vivos,whisper,small,zero_shot,,42,20,music,MÂM CƠM VẪN THANH ĐẠM TỦ ÁO CỦA VỢ CŨNG CHỈ VÀI BỘ ĐƠN SƠ," mơm cơm vẫn thanh đạm, tổ áo của vợ cũng chỉ vài vộn đất sơ."
VIVOSDEV15_168_snr5,vivos,whisper,small,zero_shot,,42,5,noise,MÂM CƠM VẪN THANH ĐẠM TỦ ÁO CỦA VỢ CŨNG CHỈ VÀI BỘ ĐƠN SƠ," Mơm cơm vẫn thanh đạn, tổ áo của vợ cũng thỉ vài bộ đất sơ."
VIVOSDEV15_180_clean,vivos,whisper,small,zero_shot,,42,clean,clean,HIỆN NAY BÀ ĐANG BỊ NHIỀU BỆNH VÀ SỐNG DƯỚI MỨC NGHÈO KHỔ, Hiện nay bà đang bị nhiều bệnh và sống giới mức ngào khổ.
VIVOSDEV15_180_snr0,vivos,whisper,small,zero_shot,,42,0,music,HIỆN NAY BÀ ĐANG BỊ NHIỀU BỆNH VÀ SỐNG DƯỚI MỨC NGHÈO KHỔ, Hiện nay bà đang bị nhiều bệnh và sống giới mức ngào khổ.
VIVOSDEV15_180_snr10,vivos,whisper,small,zero_shot,,42,10,music,HIỆN NAY BÀ ĐANG BỊ NHIỀU BỆNH VÀ SỐNG DƯỚI MỨC NGHÈO KHỔ, Hiện nay bà đang bị nhiều bệnh và sống giới mất ngào khổ.
VIVOSDEV15_180_snr20,vivos,whisper,small,zero_shot,,42,20,music,HIỆN NAY BÀ ĐANG BỊ NHIỀU BỆNH VÀ SỐNG DƯỚI MỨC NGHÈO KHỔ, Hiện nay bà đang bị nhiều bệnh và sống giới mức ngào khổ.
VIVOSDEV15_180_snr5,vivos,whisper,small,zero_shot,,42,5,noise,HIỆN NAY BÀ ĐANG BỊ NHIỀU BỆNH VÀ SỐNG DƯỚI MỨC NGHÈO KHỔ, Hiện nay bà đang bị nhiều bạn và sống giới mức nhau khổ.
VIVOSDEV15_198_clean,vivos,whisper,small,zero_shot,,42,clean,clean,NHẢM NHÍ KHI GIỜ HỌC CHÁN PHÈO BUỒN NGỦ QUÁ Ờ BUỒN NGỦ," Nhạm nhỉ khi giờ học trán phèo buồn ngộ quá à, buồn ngộ"
VIVOSDEV15_198_snr0,vivos,whisper,small,zero_shot,,42,0,noise,NHẢM NHÍ KHI GIỜ HỌC CHÁN PHÈO BUỒN NGỦ QUÁ Ờ BUỒN NGỦ," Nhạm gì khi giờ hộp chảm theo, buồn ngủ quá. Ờ, buồn ngủ."
VIVOSDEV15_198_snr10,vivos,whisper,small,zero_shot,,42,10,music,NHẢM NHÍ KHI GIỜ HỌC CHÁN PHÈO BUỒN NGỦ QUÁ Ờ BUỒN NGỦ," Nhạm dưới khi giờ học trán phèo buồn ngủ quá à, buồn ngủ"
VIVOSDEV15_198_snr20,vivos,whisper,small,zero_shot,,42,20,speech,NHẢM NHÍ KHI GIỜ HỌC CHÁN PHÈO BUỒN NGỦ QUÁ Ờ BUỒN NGỦ," Nhạm nhí khi giờ học trán phèo buồn ngộ quá. Ờ, buồn ngộ."
VIVOSDEV15_198_snr5,vivos,whisper,small,zero_shot,,42,5,music,NHẢM NHÍ KHI GIỜ HỌC CHÁN PHÈO BUỒN NGỦ QUÁ Ờ BUỒN NGỦ," Nhạm dưới khi giờ học trán phèo buồn ngộ quá. Ờ, buồn ngủ."
VIVOSDEV15_203_clean,vivos,whisper,small,zero_shot,,42,clean,clean,CÒN ANH TRAI TÔI TRONG NHẬT KÝ CỦA MÌNH CŨNG LINH CẢM ĐIỀU ĐÓ, Còn anh trai tôi trong nhật ký của mình cũng linh cảm điều đó.
VIVOSDEV15_203_snr0,vivos,whisper,small,zero_shot,,42,0,music,CÒN ANH TRAI TÔI TRONG NHẬT KÝ CỦA MÌNH CŨNG LINH CẢM ĐIỀU ĐÓ, Còn anh trai tôi trong nhật ký của mình cũng linh cảm điều đó.
VIVOSDEV15_203_snr10,vivos,whisper,small,zero_shot,,42,10,music,CÒN ANH TRAI TÔI TRONG NHẬT KÝ CỦA MÌNH CŨNG LINH CẢM ĐIỀU ĐÓ, Còn anh trai tôi trong nhật ký của mình cũng linh cảm điều đó.
VIVOSDEV15_203_snr20,vivos,whisper,small,zero_shot,,42,20,speech,CÒN ANH TRAI TÔI TRONG NHẬT KÝ CỦA MÌNH CŨNG LINH CẢM ĐIỀU ĐÓ, Còn anh trai tôi trong nhật ký của mình cũng linh cảm điều đó.
VIVOSDEV15_203_snr5,vivos,whisper,small,zero_shot,,42,5,music,CÒN ANH TRAI TÔI TRONG NHẬT KÝ CỦA MÌNH CŨNG LINH CẢM ĐIỀU ĐÓ, Còn anh trai tôi trong nhật ký của mình cũng linh cảm điều đó.
VIVOSDEV15_204_clean,vivos,whisper,small,zero_shot,,42,clean,clean,SÁNG CHÚNG TÔI TẠM BIỆT THUNG NAI VÀ NHỮNG CHỦ NHÂN MẾN KHÁCH MỘC MẠC, Sáng chúng tôi tạm biệt thông nao và những chủ nhân mến khác bộc mà.
VIVOSDEV15_204_snr0,vivos,whisper,small,zero_shot,,42,0,noise,SÁNG CHÚNG TÔI TẠM BIỆT THUNG NAI VÀ NHỮNG CHỦ NHÂN MẾN KHÁCH MỘC MẠC, Chào anh chúng tôi tạm biệt thương mai và những chỉ nhân mến khác kệ phản.
VIVOSDEV15_204_snr10,vivos,whisper,small,zero_shot,,42,10,music,SÁNG CHÚNG TÔI TẠM BIỆT THUNG NAI VÀ NHỮNG CHỦ NHÂN MẾN KHÁCH MỘC MẠC, Sáng chúng tôi tạm biệt thông naib và những chủ nhân mén khách cục mà.
VIVOSDEV15_204_snr20,vivos,whisper,small,zero_shot,,42,20,noise,SÁNG CHÚNG TÔI TẠM BIỆT THUNG NAI VÀ NHỮNG CHỦ NHÂN MẾN KHÁCH MỘC MẠC, Sáng chúng tôi tạm biệt thông nay và những chủ nhân mén khác bộc mà.
VIVOSDEV15_204_snr5,vivos,whisper,small,zero_shot,,42,5,music,SÁNG CHÚNG TÔI TẠM BIỆT THUNG NAI VÀ NHỮNG CHỦ NHÂN MẾN KHÁCH MỘC MẠC, Sáng chúng tôi tạm biệt thông nay và những chủ nhân mén khác bộc mà.
VIVOSDEV15_216_clean,vivos,whisper,small,zero_shot,,42,clean,clean,VÀ BẠN CẦN CÓ VIỆC LÀM ỔN ĐỊNH VỚI THU NHẬP CAO, Và bạn cần có việc làm ổn định với thu nhập cao.
VIVOSDEV15_216_snr0,vivos,whisper,small,zero_shot,,42,0,speech,VÀ BẠN CẦN CÓ VIỆC LÀM ỔN ĐỊNH VỚI THU NHẬP CAO, Và bạn cần có việc làm ổn định với thứ nhập cao.
VIVOSDEV15_216_snr10,vivos,whisper,small,zero_shot,,42,10,speech,VÀ BẠN CẦN CÓ VIỆC LÀM ỔN ĐỊNH VỚI THU NHẬP CAO, Và bạn cần có việc làm ổn định với thu nhập cao.
VIVOSDEV15_216_snr20,vivos,whisper,small,zero_shot,,42,20,noise,VÀ BẠN CẦN CÓ VIỆC LÀM ỔN ĐỊNH VỚI THU NHẬP CAO, Và bạn cần có việc làm ổn định với thu nhập cao.
VIVOSDEV15_216_snr5,vivos,whisper,small,zero_shot,,42,5,noise,VÀ BẠN CẦN CÓ VIỆC LÀM ỔN ĐỊNH VỚI THU NHẬP CAO, Và bạn cần có việc làm ổn định với thú nhập cao
VIVOSDEV15_220_clean,vivos,whisper,small,zero_shot,,42,clean,clean,ĐÂY LÀ THÁNG CÓ SỐ ĐĂNG KÝ THẤP NHẤT TỪ ĐẦU NĂM ĐẾN NAY, Đây là tháng có số đăng ký thấp nhất từ đầu năm đến nay.
VIVOSDEV15_220_snr0,vivos,whisper,small,zero_shot,,42,0,speech,ĐÂY LÀ THÁNG CÓ SỐ ĐĂNG KÝ THẤP NHẤT TỪ ĐẦU NĂM ĐẾN NAY, Đây là thảng con số đăng ký thấp nhắc từ đầu năm đến nay.
VIVOSDEV15_220_snr10,vivos,whisper,small,zero_shot,,42,10,noise,ĐÂY LÀ THÁNG CÓ SỐ ĐĂNG KÝ THẤP NHẤT TỪ ĐẦU NĂM ĐẾN NAY, Đây là thảng con số đang ký thấp nhất từ đầu năm đến nay.
VIVOSDEV15_220_snr20,vivos,whisper,small,zero_shot,,42,20,noise,ĐÂY LÀ THÁNG CÓ SỐ ĐĂNG KÝ THẤP NHẤT TỪ ĐẦU NĂM ĐẾN NAY, Đây là tháng có số đăng ký thấp nhất từ đầu năm đến nay.
VIVOSDEV15_220_snr5,vivos,whisper,small,zero_shot,,42,5,noise,ĐÂY LÀ THÁNG CÓ SỐ ĐĂNG KÝ THẤP NHẤT TỪ ĐẦU NĂM ĐẾN NAY, Đây là tháng con số đăng ký thấp nhất từ đầu năm đến nay.
VIVOSDEV15_267_clean,vivos,whisper,small,zero_shot,,42,clean,clean,CUỐI CÙNG HỌ DẪN NHAU VỀ NHÀ VỚI THÚNG LÀN KHÔNG, Quế cùng họ dẫn nhau về nhà với thúng làn không?
VIVOSDEV15_267_snr0,vivos,whisper,small,zero_shot,,42,0,noise,CUỐI CÙNG HỌ DẪN NHAU VỀ NHÀ VỚI THÚNG LÀN KHÔNG, với cùng họ vẫn nhau về nhà với thống lản thôi
VIVOSDEV15_267_snr10,vivos,whisper,small,zero_shot,,42,10,speech,CUỐI CÙNG HỌ DẪN NHAU VỀ NHÀ VỚI THÚNG LÀN KHÔNG, Quý cộng họ dẫn nhau về nhà với thú làn không?
VIVOSDEV15_267_snr20,vivos,whisper,small,zero_shot,,42,20,noise,CUỐI CÙNG HỌ DẪN NHAU VỀ NHÀ VỚI THÚNG LÀN KHÔNG, Quế cùng họ dẫn nhau về nhà với thúng làn không?
VIVOSDEV15_267_snr5,vivos,whisper,small,zero_shot,,42,5,noise,CUỐI CÙNG HỌ DẪN NHAU VỀ NHÀ VỚI THÚNG LÀN KHÔNG, Quế cùng họ dẫn nhau về nhà với thúng làn không?
VIVOSDEV15_271_clean,vivos,whisper,small,zero_shot,,42,clean,clean,PHIM MỚI CỦA TRƯƠNG NGHỆ MƯU SỰ TRỞ LẠI DÒNG PHIM NGHỆ THUẬT, phim mới của Trương Nghệ mô sự chở lại dòng phim nghệ thuật
VIVOSDEV15_271_snr0,vivos,whisper,small,zero_shot,,42,0,speech,PHIM MỚI CỦA TRƯƠNG NGHỆ MƯU SỰ TRỞ LẠI DÒNG PHIM NGHỆ THUẬT," Thì mới của chương mẹ, buồn sự trở lại, dòng phim mẹ thôi."
VIVOSDEV15_271_snr10,vivos,whisper,small,zero_shot,,42,10,noise,PHIM MỚI CỦA TRƯƠNG NGHỆ MƯU SỰ TRỞ LẠI DÒNG PHIM NGHỆ THUẬT, phim mới của Trương Nghệ mưu sự trở lại dòng phim nghệ thuật
VIVOSDEV15_271_snr20,vivos,whisper,small,zero_shot,,42,20,music,PHIM MỚI CỦA TRƯƠNG NGHỆ MƯU SỰ TRỞ LẠI DÒNG PHIM NGHỆ THUẬT, phim mới của Trương Nghệ mô sự chở lại dòng phim nghệ thuật
VIVOSDEV15_271_snr5,vivos,whisper,small,zero_shot,,42,5,music,PHIM MỚI CỦA TRƯƠNG NGHỆ MƯU SỰ TRỞ LẠI DÒNG PHIM NGHỆ THUẬT, phim mới của chương nghệ mua sự chở lại dòng phim nghệ thuần
VIVOSDEV15_299_clean,vivos,whisper,small,zero_shot,,42,clean,clean,CÒN HÀNG TRĂM CHIẾC KHÁC ĐÃ BÁN THÌ ÔNG KHÔNG NHỚ HẾT, Còn hàng trăm trước khác đã bán thì ông không nhớ hết.
VIVOSDEV15_299_snr0,vivos,whisper,small,zero_shot,,42,0,noise,CÒN HÀNG TRĂM CHIẾC KHÁC ĐÃ BÁN THÌ ÔNG KHÔNG NHỚ HẾT, Còn hàng trăn viết khác đã bán thì ông không nhớ hết
VIVOSDEV15_299_snr10,vivos,whisper,small,zero_shot,,42,10,music,CÒN HÀNG TRĂM CHIẾC KHÁC ĐÃ BÁN THÌ ÔNG KHÔNG NHỚ HẾT, Còn hàng trăm trước khác đã bán thì ông không nhớ hết.
VIVOSDEV15_299_snr20,vivos,whisper,small,zero_shot,,42,20,music,CÒN HÀNG TRĂM CHIẾC KHÁC ĐÃ BÁN THÌ ÔNG KHÔNG NHỚ HẾT, Còn hàng trăm trước khác đã bán thì ông không nhớ hết.
VIVOSDEV15_299_snr5,vivos,whisper,small,zero_shot,,42,5,speech,CÒN HÀNG TRĂM CHIẾC KHÁC ĐÃ BÁN THÌ ÔNG KHÔNG NHỚ HẾT, còn thằng trăm trước khác đã bán thì ông không nhớ hết.
VIVOSDEV16_049_clean,vivos,whisper,small,zero_shot,,42,clean,clean,CÒN BA CẦU THỦ VĂN TRƯƠNG BẬT HIẾU VÀ HẢI LÂM THÌ SAO THƯA ÔNG, Còn 3 cầu thủ văn thương Bật Hiếu và Hải Lam thì sao thưa ông?
VIVOSDEV16_049_snr0,vivos,whisper,small,zero_shot,,42,0,music,CÒN BA CẦU THỦ VĂN TRƯƠNG BẬT HIẾU VÀ HẢI LÂM THÌ SAO THƯA ÔNG," Còn bác, cầu thủ văn kêu phạm, trí và hải văn trì sang chiêu ông."
VIVOSDEV16_049_snr10,vivos,whisper,small,zero_shot,,42,10,speech,CÒN BA CẦU THỦ VĂN TRƯƠNG BẬT HIẾU VÀ HẢI LÂM THÌ SAO THƯA ÔNG," Còn Bach, cầu thổ văn thương bật yếu và hãi lắm thì sao thương?"
VIVOSDEV16_049_snr20,vivos,whisper,small,zero_shot,,42,20,noise,CÒN BA CẦU THỦ VĂN TRƯƠNG BẬT HIẾU VÀ HẢI LÂM THÌ SAO THƯA ÔNG," Còn 3, Cầu Thổ Văn Thương Bậc Hiếu và Hải Lam Thì Sao Thưa Ông?"
VIVOSDEV16_049_snr5,vivos,whisper,small,zero_shot,,42,5,music,CÒN BA CẦU THỦ VĂN TRƯƠNG BẬT HIẾU VÀ HẢI LÂM THÌ SAO THƯA ÔNG," Còn 3, Cầu Thố Văn Thuyết Bạc, Thứ, và Hải Lam Thị Cao Thương."
VIVOSDEV16_050_clean,vivos,whisper,small,zero_shot,,42,clean,clean,THÁNG BẢY NHIỀU NGƯỜI CON KHÓC NÊN TRỜI BUỒN VÀ KHÓC THEO, Tháng bảy nhiều người con khóc nên trời buồn và khóc theo.
VIVOSDEV16_050_snr0,vivos,whisper,small,zero_shot,,42,0,noise,THÁNG BẢY NHIỀU NGƯỜI CON KHÓC NÊN TRỜI BUỒN VÀ KHÓC THEO, Tháng bởi chương người con khóc lên trời buồn và khóc hiếu.
VIVOSDEV16_050_snr10,vivos,whisper,small,zero_shot,,42,10,music,THÁNG BẢY NHIỀU NGƯỜI CON KHÓC NÊN TRỜI BUỒN VÀ KHÓC THEO," Tháng 70, nhiều người con khóc nên trời buồn và khóc thiêu."
VIVOSDEV16_050_snr20,vivos,whisper,small,zero_shot,,42,20,noise,THÁNG BẢY NHIỀU NGƯỜI CON KHÓC NÊN TRỜI BUỒN VÀ KHÓC THEO, Tháng 7 nhiều người con khóc nên trời buồn và khóc theo.
VIVOSDEV16_050_snr5,vivos,whisper,small,zero_shot,,42,5,noise,THÁNG BẢY NHIỀU NGƯỜI CON KHÓC NÊN TRỜI BUỒN VÀ KHÓC THEO," Thấy phải nhiều người con khóc lên trời, buồn và khóc nhiều."
VIVOSDEV16_051_clean,vivos,whisper,small,zero_shot,,42,clean,clean,CA KHÚC ĐƯỢC KHÁN GIẢ YÊU THÍCH NHẤT BÀ TÔI NGUYỄN VĨNH TIẾN, ca khúc được khán giả yêu thích nhóc bà Tô Nguyễn Vĩnh Tiến.
VIVOSDEV16_051_snr0,vivos,whisper,small,zero_shot,,42,0,speech,CA KHÚC ĐƯỢC KHÁN GIẢ YÊU THÍCH NHẤT BÀ TÔI NGUYỄN VĨNH TIẾN, Các cũng được các dạ yêu thích nhất và tổn nhận vĩnh tế.
VIVOSDEV16_051_snr10,vivos,whisper,small,zero_shot,,42,10,noise,CA KHÚC ĐƯỢC KHÁN GIẢ YÊU THÍCH NHẤT BÀ TÔI NGUYỄN VĨNH TIẾN, ca khúc được khán giả yêu thích nhóc bà tôi Nguyễn Vĩnh Tiến.
VIVOSDEV16_051_snr20,vivos,whisper,small,zero_shot,,42,20,music,CA KHÚC ĐƯỢC KHÁN GIẢ YÊU THÍCH NHẤT BÀ TÔI NGUYỄN VĨNH TIẾN, ca khúc được khán giả yêu thích nhắc bà Tô Nguyễn Vĩnh Tiến.
VIVOSDEV16_051_snr5,vivos,whisper,small,zero_shot,,42,5,speech,CA KHÚC ĐƯỢC KHÁN GIẢ YÊU THÍCH NHẤT BÀ TÔI NGUYỄN VĨNH TIẾN," Các khúc được các dạ yêu thích nhóc, bà tôi nguyện vệnh tiếng."
VIVOSDEV16_068_clean,vivos,whisper,small,zero_shot,,42,clean,clean,BÊN CẠNH ĐÓ CHÚNG TÔI CÒN LÀM HÀNG LOẠT VIỆC KHÁC NHƯ, Bên cạnh đó chúng tôi còn làm hàng loại việc khác nhu.
VIVOSDEV16_068_snr0,vivos,whisper,small,zero_shot,,42,0,music,BÊN CẠNH ĐÓ CHÚNG TÔI CÒN LÀM HÀNG LOẠT VIỆC KHÁC NHƯ, Bên cạnh đó chúng tôi còn làm hành loại việc khác như
VIVOSDEV16_068_snr10,vivos,whisper,small,zero_shot,,42,10,noise,BÊN CẠNH ĐÓ CHÚNG TÔI CÒN LÀM HÀNG LOẠT VIỆC KHÁC NHƯ, Bên cạnh đó chúng tôi còn làm hành loại việc khác như
VIVOSDEV16_068_snr20,vivos,whisper,small,zero_shot,,42,20,noise,BÊN CẠNH ĐÓ CHÚNG TÔI CÒN LÀM HÀNG LOẠT VIỆC KHÁC NHƯ, Bên cạnh đó chúng tôi còn làm hàng loại việc khác nhu.
VIVOSDEV16_068_snr5,vivos,whisper,small,zero_shot,,42,5,noise,BÊN CẠNH ĐÓ CHÚNG TÔI CÒN LÀM HÀNG LOẠT VIỆC KHÁC NHƯ," Bên cạnh đó chúng tôi còn làm hành loại, việc khác như."
VIVOSDEV16_074_clean,vivos,whisper,small,zero_shot,,42,clean,clean,CHÚNG NÓ YÊU NHAU RẤT TỰ NHIÊN GHÉT NHAU CŨNG RẤT TỰ NHIÊN," Chúng đã yêu nhau rất tự nhiên, ghét nhau cũng rất tự nhiên."
VIVOSDEV16_074_snr0,vivos,whisper,small,zero_shot,,42,0,music,CHÚNG NÓ YÊU NHAU RẤT TỰ NHIÊN GHÉT NHAU CŨNG RẤT TỰ NHIÊN," Quý bá yêu nhò rất tưởng nguyên, ít nhò cũng rất tưởng nguyên."
VIVOSDEV16_074_snr10,vivos,whisper,small,zero_shot,,42,10,music,CHÚNG NÓ YÊU NHAU RẤT TỰ NHIÊN GHÉT NHAU CŨNG RẤT TỰ NHIÊN," chúng đã yêu nhau rất tự nhiên, ghét nhau cũng rất tự nhiên"
VIVOSDEV16_074_snr20,vivos,whisper,small,zero_shot,,42,20,speech,CHÚNG NÓ YÊU NHAU RẤT TỰ NHIÊN GHÉT NHAU CŨNG RẤT TỰ NHIÊN," Chúng đã yêu nhau rất tự nhiên, ghét nhau cũng rất tự nhiên."
VIVOSDEV16_074_snr5,vivos,whisper,small,zero_shot,,42,5,music,CHÚNG NÓ YÊU NHAU RẤT TỰ NHIÊN GHÉT NHAU CŨNG RẤT TỰ NHIÊN," Chúng đã yêu nhau rất tự nhiên, ghét nhau cũng rất tự nhiên."
VIVOSDEV16_112_clean,vivos,whisper,small,zero_shot,,42,clean,clean,LÚC HƯNG PHẤN NÓI CHUYỆN PHÓNG LAO CHẲNG CÓ CHI PHỨC TẠP," Lúc hơn phấn nói chuyện, phóng lao chẳng có chi phức tạp."
VIVOSDEV16_112_snr0,vivos,whisper,small,zero_shot,,42,0,music,LÚC HƯNG PHẤN NÓI CHUYỆN PHÓNG LAO CHẲNG CÓ CHI PHỨC TẠP," Lúc hơn phấn nói chuyện, phấn lao dạng có chi phức tạ."
VIVOSDEV16_112_snr10,vivos,whisper,small,zero_shot,,42,10,noise,LÚC HƯNG PHẤN NÓI CHUYỆN PHÓNG LAO CHẲNG CÓ CHI PHỨC TẠP, Lúc hơn Phân nói chuyện Phóng lao chẳng có chi phức tạp.
VIVOSDEV16_112_snr20,vivos,whisper,small,zero_shot,,42,20,music,LÚC HƯNG PHẤN NÓI CHUYỆN PHÓNG LAO CHẲNG CÓ CHI PHỨC TẠP, Lúc Hân Phấn nói chuyện Phóng lao chẳng có chi phức tạc.
VIVOSDEV16_112_snr5,vivos,whisper,small,zero_shot,,42,5,music,LÚC HƯNG PHẤN NÓI CHUYỆN PHÓNG LAO CHẲNG CÓ CHI PHỨC TẠP, Lúc hôn phân lái chuyện phóng la chẳng có chi phức tạp.
VIVOSDEV16_149_clean,vivos,whisper,small,zero_shot,,42,clean,clean,CÓ BAO GIỜ ÔNG GẶP TÌNH HUỐNG KHÔNG TRẢ LỜI ĐƯỢC CÂU HỎI CỦA DÂN, Có bao giờ ông gặp tình huống không trả lời được câu hỏi của dân?
VIVOSDEV16_149_snr0,vivos,whisper,small,zero_shot,,42,0,speech,CÓ BAO GIỜ ÔNG GẶP TÌNH HUỐNG KHÔNG TRẢ LỜI ĐƯỢC CÂU HỎI CỦA DÂN, Có bao giờ ông gặp tình huống không trả lời được câu hỏi của dân?
VIVOSDEV16_149_snr10,vivos,whisper,small,zero_shot,,42,10,speech,CÓ BAO GIỜ ÔNG GẶP TÌNH HUỐNG KHÔNG TRẢ LỜI ĐƯỢC CÂU HỎI CỦA DÂN, Có bao giờ ông gặp tình thú không trả lời được câu hỏi của dân?
VIVOSDEV16_149_snr20,vivos,whisper,small,zero_shot,,42,20,noise,CÓ BAO GIỜ ÔNG GẶP TÌNH HUỐNG KHÔNG TRẢ LỜI ĐƯỢC CÂU HỎI CỦA DÂN, Có bao giờ ông gặp tình huống không trả lời được câu hỏi của dân?
VIVOSDEV16_149_snr5,vivos,whisper,small,zero_shot,,42,5,noise,CÓ BAO GIỜ ÔNG GẶP TÌNH HUỐNG KHÔNG TRẢ LỜI ĐƯỢC CÂU HỎI CỦA DÂN, Có bao giờ ông gặp tình huống không trả lời được câu hỏi của Văn?
VIVOSDEV16_154_clean,vivos,whisper,small,zero_shot,,42,clean,clean,ÍT CÓ CƠ HỘI SỐNG SÓT CHO CÁC HÀNH KHÁCH TRÊN MÁY BAY, ít có cơ hội sống sót cho các hành khách trên máy bay.
VIVOSDEV16_154_snr0,vivos,whisper,small,zero_shot,,42,0,noise,ÍT CÓ CƠ HỘI SỐNG SÓT CHO CÁC HÀNH KHÁCH TRÊN MÁY BAY," Chúng ta có một mộng xâm xong cho chế hình hấp dẫn, bye bye!"
VIVOSDEV16_154_snr10,vivos,whisper,small,zero_shot,,42,10,speech,ÍT CÓ CƠ HỘI SỐNG SÓT CHO CÁC HÀNH KHÁCH TRÊN MÁY BAY, ít có cơ hội sống sót cho các hành khách trên máy bay.
VIVOSDEV16_154_snr20,vivos,whisper,small,zero_shot,,42,20,music,ÍT CÓ CƠ HỘI SỐNG SÓT CHO CÁC HÀNH KHÁCH TRÊN MÁY BAY, ít có cơ hội sống sót cho các hành khách trên máy bay.
VIVOSDEV16_154_snr5,vivos,whisper,small,zero_shot,,42,5,music,ÍT CÓ CƠ HỘI SỐNG SÓT CHO CÁC HÀNH KHÁCH TRÊN MÁY BAY, ít có cố hộ trong xóm cho tác hành khắp trên mấy bày
VIVOSDEV16_168_clean,vivos,whisper,small,zero_shot,,42,clean,clean,HAI CHÁU NGẠC NHIÊN ĐÓN KHÁCH LẠ SUNG SƯỚNG ÔM CẶP MỚI, Hai cháu ngạc nhiên đón khách là xung xướng ôm cặp mới.
VIVOSDEV16_168_snr0,vivos,whisper,small,zero_shot,,42,0,noise,HAI CHÁU NGẠC NHIÊN ĐÓN KHÁCH LẠ SUNG SƯỚNG ÔM CẶP MỚI, Hai cháu ngạc nhiên bóng khách là xung xướng ôm cặp mới.
VIVOSDEV16_168_snr10,vivos,whisper,small,zero_shot,,42,10,music,HAI CHÁU NGẠC NHIÊN ĐÓN KHÁCH LẠ SUNG SƯỚNG ÔM CẶP MỚI, Hai cháu ngạc nhiên bóng khách là xung xướng ôm cặp mới.
VIVOSDEV16_168_snr20,vivos,whisper,small,zero_shot,,42,20,noise,HAI CHÁU NGẠC NHIÊN ĐÓN KHÁCH LẠ SUNG SƯỚNG ÔM CẶP MỚI, 2 cháu ngạc nhiên đón khách là xung xương ôm cặp mới
VIVOSDEV16_168_snr5,vivos,whisper,small,zero_shot,,42,5,noise,HAI CHÁU NGẠC NHIÊN ĐÓN KHÁCH LẠ SUNG SƯỚNG ÔM CẶP MỚI, Hai cháu ngạc nhiên đón khách là xung xướng ôm cặp mới.
VIVOSDEV16_173_clean,vivos,whisper,small,zero_shot,,42,clean,clean,NHƯNG CÔ QUYẾT CHỨNG MINH NGƯỜI MÙ KHÔNG PHẢI VÔ DỤNG, nhưng cô quyết chứng minh người mù không phải vô dụng.
VIVOSDEV16_173_snr0,vivos,whisper,small,zero_shot,,42,0,noise,NHƯNG CÔ QUYẾT CHỨNG MINH NGƯỜI MÙ KHÔNG PHẢI VÔ DỤNG, nhưng cô quyết chứng minh người mù không phải vô dụng.
VIVOSDEV16_173_snr10,vivos,whisper,small,zero_shot,,42,10,speech,NHƯNG CÔ QUYẾT CHỨNG MINH NGƯỜI MÙ KHÔNG PHẢI VÔ DỤNG, Nhưng cô quyết chứng minh người mùi không phải vô dụng.
VIVOSDEV16_173_snr20,vivos,whisper,small,zero_shot,,42,20,noise,NHƯNG CÔ QUYẾT CHỨNG MINH NGƯỜI MÙ KHÔNG PHẢI VÔ DỤNG, Nhưng cô quyết chứng minh người mù không phải vô dụng.
VIVOSDEV16_173_snr5,vivos,whisper,small,zero_shot,,42,5,speech,NHƯNG CÔ QUYẾT CHỨNG MINH NGƯỜI MÙ KHÔNG PHẢI VÔ DỤNG, nhưng cô quyết chứng minh người mồ không phải vô dụng.
VIVOSDEV16_175_clean,vivos,whisper,small,zero_shot,,42,clean,clean,HỌ ĐÃ TRAO NHAU LỜI HẸN ƯỚC NÊN DUYÊN CHỒNG VỢ, họ đã trao nhau lời hiện ước nên nguyên chồng vợ.
VIVOSDEV16_175_snr0,vivos,whisper,small,zero_shot,,42,0,speech,HỌ ĐÃ TRAO NHAU LỜI HẸN ƯỚC NÊN DUYÊN CHỒNG VỢ, Họ đã trao nhau lời hiện ước nên duyên trong phở.
VIVOSDEV16_175_snr10,vivos,whisper,small,zero_shot,,42,10,music,HỌ ĐÃ TRAO NHAU LỜI HẸN ƯỚC NÊN DUYÊN CHỒNG VỢ, họ đã trao nhau lời hẹn ước nên nguyên chồng vợ.
VIVOSDEV16_175_snr20,vivos,whisper,small,zero_shot,,42,20,speech,HỌ ĐÃ TRAO NHAU LỜI HẸN ƯỚC NÊN DUYÊN CHỒNG VỢ, Họ đã trao nhau lời hiện ước nên duyên chồng vợ.
VIVOSDEV16_175_snr5,vivos,whisper,small,zero_shot,,42,5,music,HỌ ĐÃ TRAO NHAU LỜI HẸN ƯỚC NÊN DUYÊN CHỒNG VỢ, Họ đã trao nhau lời hẹn ước nên duyên chồng vợ.
VIVOSDEV16_177_clean,vivos,whisper,small,zero_shot,,42,clean,clean,NẾU THỈNH THOẢNG CÓ VÀI NGÀY NGHỈ NGƯỜI THỤY ĐIỂN THƯỜNG RA ĐẢO CHƠI," Nếu thỉnh thoảng có vài ngày nghỉ, người thùy điển thường ra đảo chơi."
VIVOSDEV16_177_snr0,vivos,whisper,small,zero_shot,,42,0,noise,NẾU THỈNH THOẢNG CÓ VÀI NGÀY NGHỈ NGƯỜI THỤY ĐIỂN THƯỜNG RA ĐẢO CHƠI," Nếu thận thạm có vài ngày Mỹ, vừa thương biển thương ra bảo chơi."
VIVOSDEV16_177_snr10,vivos,whisper,small,zero_shot,,42,10,noise,NẾU THỈNH THOẢNG CÓ VÀI NGÀY NGHỈ NGƯỜI THỤY ĐIỂN THƯỜNG RA ĐẢO CHƠI," Nếu thỉnh thoảng có vài ngày nghỉ, người thầy điển thường ra đảo chơi."
VIVOSDEV16_177_snr20,vivos,whisper,small,zero_shot,,42,20,speech,NẾU THỈNH THOẢNG CÓ VÀI NGÀY NGHỈ NGƯỜI THỤY ĐIỂN THƯỜNG RA ĐẢO CHƠI," Nếu Thỉnh Thoảng có vài ngày nghỉ, người Thuỳ Điển thường ra đảo chơi."
VIVOSDEV16_177_snr5,vivos,whisper,small,zero_shot,,42,5,music,NẾU THỈNH THOẢNG CÓ VÀI NGÀY NGHỈ NGƯỜI THỤY ĐIỂN THƯỜNG RA ĐẢO CHƠI," Nếu Thỉnh Thoảng có vài ngày nghỉ, người Thuỳ Điển thương ra đảo chơi."
VIVOSDEV16_197_clean,vivos,whisper,small,zero_shot,,42,clean,clean,NHÀ TRƯỜNG ĐỘT NGỘT HỦY ĐỀ TÀI KHIẾN TÔI MẤT PHƯƠNG HƯỚNG," Nhà trường độc ngộng, hủy đề, tài khiến tôi mắc phương hướng."
VIVOSDEV16_197_snr0,vivos,whisper,small,zero_shot,,42,0,noise,NHÀ TRƯỜNG ĐỘT NGỘT HỦY ĐỀ TÀI KHIẾN TÔI MẤT PHƯƠNG HƯỚNG," Nà trường độc nộng, thấy trè tài khiến con mắc thương hướng."
VIVOSDEV16_197_snr10,vivos,whisper,small,zero_shot,,42,10,noise,NHÀ TRƯỜNG ĐỘT NGỘT HỦY ĐỀ TÀI KHIẾN TÔI MẤT PHƯƠNG HƯỚNG," Nhà trường độc ngộng, hủy đề, tài khí tốt mắc phương hướng."
VIVOSDEV16_197_snr20,vivos,whisper,small,zero_shot,,42,20,speech,NHÀ TRƯỜNG ĐỘT NGỘT HỦY ĐỀ TÀI KHIẾN TÔI MẤT PHƯƠNG HƯỚNG," Nhà trường độc ngộng, hủy đề, tài khiến tôi mắc phương hướng."
VIVOSDEV16_197_snr5,vivos,whisper,small,zero_shot,,42,5,noise,NHÀ TRƯỜNG ĐỘT NGỘT HỦY ĐỀ TÀI KHIẾN TÔI MẤT PHƯƠNG HƯỚNG," Nà trường độc ngộ, thấy tề, tài kính to mắc thương vướng."
VIVOSDEV16_198_clean,vivos,whisper,small,zero_shot,,42,clean,clean,CÁC PHẬT TỬ HƯỞNG ỨNG LỜI KÊU GỌI CỦA THẦY NHƯ THẾ NÀO, Các vật tự hưởng ứng là kêu gọi cụ thầy như thế nào?
VIVOSDEV16_198_snr0,vivos,whisper,small,zero_shot,,42,0,speech,CÁC PHẬT TỬ HƯỞNG ỨNG LỜI KÊU GỌI CỦA THẦY NHƯ THẾ NÀO, Các phật ổ rữ ống lời kêu gọi quốc thành như thế nào?
VIVOSDEV16_198_snr10,vivos,whisper,small,zero_shot,,42,10,noise,CÁC PHẬT TỬ HƯỞNG ỨNG LỜI KÊU GỌI CỦA THẦY NHƯ THẾ NÀO, Các phật tự hưởng ứng là kêu gọi củ thầy như thế nào?
VIVOSDEV16_198_snr20,vivos,whisper,small,zero_shot,,42,20,speech,CÁC PHẬT TỬ HƯỞNG ỨNG LỜI KÊU GỌI CỦA THẦY NHƯ THẾ NÀO, Các phật tự hưởng ứng là kêu gọi cụ thầy như thế nào?
VIVOSDEV16_198_snr5,vivos,whisper,small,zero_shot,,42,5,noise,CÁC PHẬT TỬ HƯỞNG ỨNG LỜI KÊU GỌI CỦA THẦY NHƯ THẾ NÀO, Các phật tự hưởng ứng là kêu gọi cụ thầy như thế nào?
VIVOSDEV16_203_clean,vivos,whisper,small,zero_shot,,42,clean,clean,VẬY NHỮNG ĐỐI TƯỢNG NÀY SẼ ĐƯỢC GIẢI QUYẾT NHƯ THẾ NÀO, và những đối tượng này sẽ được giải quyết như thế nào?
VIVOSDEV16_203_snr0,vivos,whisper,small,zero_shot,,42,0,music,VẬY NHỮNG ĐỐI TƯỢNG NÀY SẼ ĐƯỢC GIẢI QUYẾT NHƯ THẾ NÀO, và những đối tượng này sẽ được giải quyết như thế nào?
VIVOSDEV16_203_snr10,vivos,whisper,small,zero_shot,,42,10,speech,VẬY NHỮNG ĐỐI TƯỢNG NÀY SẼ ĐƯỢC GIẢI QUYẾT NHƯ THẾ NÀO, và những đối tượng này sẽ được giải quyết như thế nào.
VIVOSDEV16_203_snr20,vivos,whisper,small,zero_shot,,42,20,speech,VẬY NHỮNG ĐỐI TƯỢNG NÀY SẼ ĐƯỢC GIẢI QUYẾT NHƯ THẾ NÀO, và những đối tượng này sẽ được giải quyết như thế nào?
VIVOSDEV16_203_snr5,vivos,whisper,small,zero_shot,,42,5,noise,VẬY NHỮNG ĐỐI TƯỢNG NÀY SẼ ĐƯỢC GIẢI QUYẾT NHƯ THẾ NÀO, Và những đứa tụng này sẽ được chạy quyết như thế nào?
VIVOSDEV16_233_clean,vivos,whisper,small,zero_shot,,42,clean,clean,SÁNG RA THẤY DÂN TÌNH XÚM QUANH CON TÊ GIÁC KHỔNG LỒ ĐÃ CHẾT, Sáng ra Thái Dân Tình súng quanh con tê giác cộng lồ đã chết.
VIVOSDEV16_233_snr0,vivos,whisper,small,zero_shot,,42,0,speech,SÁNG RA THẤY DÂN TÌNH XÚM QUANH CON TÊ GIÁC KHỔNG LỒ ĐÃ CHẾT, ...sang ra thái dân tình dung quân con tây giác không lồ đã chết.
VIVOSDEV16_233_snr10,vivos,whisper,small,zero_shot,,42,10,noise,SÁNG RA THẤY DÂN TÌNH XÚM QUANH CON TÊ GIÁC KHỔNG LỒ ĐÃ CHẾT, Sáng ra Thái Dân Tình xung quanh con tê giá khổng lồ đã chết.
VIVOSDEV16_233_snr20,vivos,whisper,small,zero_shot,,42,20,noise,SÁNG RA THẤY DÂN TÌNH XÚM QUANH CON TÊ GIÁC KHỔNG LỒ ĐÃ CHẾT, Sáng ra Thái Dân Tình súng quanh con tê giác cộng lồ đã chết.
VIVOSDEV16_233_snr5,vivos,whisper,small,zero_shot,,42,5,noise,SÁNG RA THẤY DÂN TÌNH XÚM QUANH CON TÊ GIÁC KHỔNG LỒ ĐÃ CHẾT, Sáng ra Thái dân tình cũng quanh con tê giá khổng lồ đã chết.
VIVOSDEV16_247_clean,vivos,whisper,small,zero_shot,,42,clean,clean,NHIỀU HÔM MƯA GIÓ BÁN Ế GÁNH CHÈ NẶNG TRĨU TRÊN VAI MẸ, nhiều hơn mưa giá bán ép gánh chiền nặng trữ trên vai mẹ.
VIVOSDEV16_247_snr0,vivos,whisper,small,zero_shot,,42,0,noise,NHIỀU HÔM MƯA GIÓ BÁN Ế GÁNH CHÈ NẶNG TRĨU TRÊN VAI MẸ, nhiều hơn mưa giá bán ép gánh chiền nặng trữ trên vai mẹ.
VIVOSDEV16_247_snr10,vivos,whisper,small,zero_shot,,42,10,noise,NHIỀU HÔM MƯA GIÓ BÁN Ế GÁNH CHÈ NẶNG TRĨU TRÊN VAI MẸ, nhiều hơn mưa giá bán ép gánh chiền màng chử trên vai mẹ.
VIVOSDEV16_247_snr20,vivos,whisper,small,zero_shot,,42,20,noise,NHIỀU HÔM MƯA GIÓ BÁN Ế GÁNH CHÈ NẶNG TRĨU TRÊN VAI MẸ, nhiều hơn mưa giá bán ép gánh chền nặng trữ trên vai mẹ.
VIVOSDEV16_247_snr5,vivos,whisper,small,zero_shot,,42,5,speech,NHIỀU HÔM MƯA GIÓ BÁN Ế GÁNH CHÈ NẶNG TRĨU TRÊN VAI MẸ, nhiều hôm mưa gió bán ép gánh chiền nặng tử trên rai mẹ.
VIVOSDEV16_267_clean,vivos,whisper,small,zero_shot,,42,clean,clean,TÔI ĐỨNG TRƯỚC HAI LỐI RẼ VÀ TÔI CHỌN CON ĐƯỜNG ÍT NGƯỜI ĐI HƠN, Tôi đứng trước hai lối rễ và tôi chọn con đường ít người đi hơn.
VIVOSDEV16_267_snr0,vivos,whisper,small,zero_shot,,42,0,speech,TÔI ĐỨNG TRƯỚC HAI LỐI RẼ VÀ TÔI CHỌN CON ĐƯỜNG ÍT NGƯỜI ĐI HƠN, Tôi đứng trên đây đối rễ và tôi chạy con người vụt người đi hơn.
VIVOSDEV16_267_snr10,vivos,whisper,small,zero_shot,,42,10,noise,TÔI ĐỨNG TRƯỚC HAI LỐI RẼ VÀ TÔI CHỌN CON ĐƯỜNG ÍT NGƯỜI ĐI HƠN, Tôi đứng trước hai lối rễ và tôi chọn con đường ít người điên hơn.
VIVOSDEV16_267_snr20,vivos,whisper,small,zero_shot,,42,20,noise,TÔI ĐỨNG TRƯỚC HAI LỐI RẼ VÀ TÔI CHỌN CON ĐƯỜNG ÍT NGƯỜI ĐI HƠN, Tôi đứng trước hai lối rễ và tôi chọn con đường ít người đi hơn.
VIVOSDEV16_267_snr5,vivos,whisper,small,zero_shot,,42,5,noise,TÔI ĐỨNG TRƯỚC HAI LỐI RẼ VÀ TÔI CHỌN CON ĐƯỜNG ÍT NGƯỜI ĐI HƠN, Tôi đứng trước 2 lối rễ và tôi chọn con đường ít người đi hơn.
VIVOSDEV16_279_clean,vivos,whisper,small,zero_shot,,42,clean,clean,VẬY CHỪNG NÀO MỚI TỚI XIN LỖI NHÂN DÂN TẬP CUỐI, Vậy chừng nào mới tới xin lỗi nhân dân tập cuối.
VIVOSDEV16_279_snr0,vivos,whisper,small,zero_shot,,42,0,music,VẬY CHỪNG NÀO MỚI TỚI XIN LỖI NHÂN DÂN TẬP CUỐI, 7 trần nào mới tới phim lỗi nhân dân cuối hả?
VIVOSDEV16_279_snr10,vivos,whisper,small,zero_shot,,42,10,speech,VẬY CHỪNG NÀO MỚI TỚI XIN LỖI NHÂN DÂN TẬP CUỐI, Vậy chừng nào mới tới xin lỗi nhân dân tập cuối.
VIVOSDEV16_279_snr20,vivos,whisper,small,zero_shot,,42,20,speech,VẬY CHỪNG NÀO MỚI TỚI XIN LỖI NHÂN DÂN TẬP CUỐI, Vậy chừng nào mới tới xin lỗi nhân dân tập cuối.
VIVOSDEV16_279_snr5,vivos,whisper,small,zero_shot,,42,5,music,VẬY CHỪNG NÀO MỚI TỚI XIN LỖI NHÂN DÂN TẬP CUỐI, Vậy trần nào mới tới xin lỗi nhân dân tạm cuối.
VIVOSDEV16_298_clean,vivos,whisper,small,zero_shot,,42,clean,clean,HÔM NÀO TAN CA SỚM HẠNH ĐƯỢC GIAO NHIỆM VỤ ĐI CHỢ CHO BỮA TỐI, Hôm nào tan ca sớm hạnh được giao nhiệm vụ đi trợ cho buổi tối.
VIVOSDEV16_298_snr0,vivos,whisper,small,zero_shot,,42,0,noise,HÔM NÀO TAN CA SỚM HẠNH ĐƯỢC GIAO NHIỆM VỤ ĐI CHỢ CHO BỮA TỐI, Không mà tăng ca trốn thành đường non hiền vụ đi trợ tra vũi tối.
VIVOSDEV16_298_snr10,vivos,whisper,small,zero_shot,,42,10,noise,HÔM NÀO TAN CA SỚM HẠNH ĐƯỢC GIAO NHIỆM VỤ ĐI CHỢ CHO BỮA TỐI, Hôm nào tan ca sớm hạnh được giao nhiệm vụ đi trợ cho buổi tối.
VIVOSDEV16_298_snr20,vivos,whisper,small,zero_shot,,42,20,speech,HÔM NÀO TAN CA SỚM HẠNH ĐƯỢC GIAO NHIỆM VỤ ĐI CHỢ CHO BỮA TỐI, Hôm nào tan ca sớm hạnh được giao nhiệm vụ đi trợ cho buổi tối.
VIVOSDEV16_298_snr5,vivos,whisper,small,zero_shot,,42,5,noise,HÔM NÀO TAN CA SỚM HẠNH ĐƯỢC GIAO NHIỆM VỤ ĐI CHỢ CHO BỮA TỐI, Hôm nào tan ca sớm hạnh được giao nhiệm vụ đi trò cho buổi tối.
VIVOSDEV17_011_clean,vivos,whisper,small,zero_shot,,42,clean,clean,RỒI MẶC DÙ BIẾT LÀ NGỚ NGẨN TÔI CỨ NÓI RA, Rồi mặc dù biết là ngớ ngẫn tôi cứ nói ra.
VIVOSDEV17_011_snr0,vivos,whisper,small,zero_shot,,42,0,noise,RỒI MẶC DÙ BIẾT LÀ NGỚ NGẨN TÔI CỨ NÓI RA, Rồi mặc dù biết là ngớ ngận tôi cứ nói ra
VIVOSDEV17_011_snr10,vivos,whisper,small,zero_shot,,42,10,music,RỒI MẶC DÙ BIẾT LÀ NGỚ NGẨN TÔI CỨ NÓI RA," Rồi mặc dù biết là ngớ ngận, tôi cứ nói ra"
VIVOSDEV17_011_snr20,vivos,whisper,small,zero_shot,,42,20,music,RỒI MẶC DÙ BIẾT LÀ NGỚ NGẨN TÔI CỨ NÓI RA, Rồi mặc dù biết là ngớ ngận tôi cứ nói ra
VIVOSDEV17_011_snr5,vivos,whisper,small,zero_shot,,42,5,noise,RỒI MẶC DÙ BIẾT LÀ NGỚ NGẨN TÔI CỨ NÓI RA, Rồi mặc dù biết là ngỡ ngỡ tôi cứ nói ra
VIVOSDEV17_024_clean,vivos,whisper,small,zero_shot,,42,clean,clean,RIÊNG ÔNG NGUYỄN VĂN BA BỊ GỖ ĐÈ DẬP SỌ NÃO CHẾT NGAY TẠI CHỖ," Ghiên ông Nguyễn Văn Ba bị rổ đề, dập sỏ nạo chết ngay tại chỗ."
VIVOSDEV17_024_snr0,vivos,whisper,small,zero_shot,,42,0,noise,RIÊNG ÔNG NGUYỄN VĂN BA BỊ GỖ ĐÈ DẬP SỌ NÃO CHẾT NGAY TẠI CHỖ," Ghiên ông Nguyễn Văn Ba bị rổ đe, bặp sỏ nạo chết ngay tại chỗ."
VIVOSDEV17_024_snr10,vivos,whisper,small,zero_shot,,42,10,noise,RIÊNG ÔNG NGUYỄN VĂN BA BỊ GỖ ĐÈ DẬP SỌ NÃO CHẾT NGAY TẠI CHỖ," Ghiên ông Nguyễn Văn Ba bị rổ đe, dập sỏ nạo chết ngay tại chỗ."
VIVOSDEV17_024_snr20,vivos,whisper,small,zero_shot,,42,20,speech,RIÊNG ÔNG NGUYỄN VĂN BA BỊ GỖ ĐÈ DẬP SỌ NÃO CHẾT NGAY TẠI CHỖ," Kiên ông Nguyễn Văn Ba bị rổ đề, dập sỏ nạo chết ngay tại chỗ."
VIVOSDEV17_024_snr5,vivos,whisper,small,zero_shot,,42,5,noise,RIÊNG ÔNG NGUYỄN VĂN BA BỊ GỖ ĐÈ DẬP SỌ NÃO CHẾT NGAY TẠI CHỖ," Giên ông Nguyễn Văn Ba bị gỗ đe, gặp xỏa nạo chết ngay tại chỗ."
VIVOSDEV17_032_clean,vivos,whisper,small,zero_shot,,42,clean,clean,MỖI NGƯỜI NỞ MỘT NỤ CƯỜI VỚI NHỮNG Ý NGHĨA KHÁC NHAU, Mọi người nở mọc nụ cười với những ý nghĩ khác nhau.
VIVOSDEV17_032_snr0,vivos,whisper,small,zero_shot,,42,0,noise,MỖI NGƯỜI NỞ MỘT NỤ CƯỜI VỚI NHỮNG Ý NGHĨA KHÁC NHAU, Mọi người nở mọc nụ cười với những ý nghĩ khác nhau.
VIVOSDEV17_032_snr10,vivos,whisper,small,zero_shot,,42,10,music,MỖI NGƯỜI NỞ MỘT NỤ CƯỜI VỚI NHỮNG Ý NGHĨA KHÁC NHAU, Mọi người nở mộng nụ cười với những ý nghĩ khác nhau.
VIVOSDEV17_032_snr20,vivos,whisper,small,zero_shot,,42,20,noise,MỖI NGƯỜI NỞ MỘT NỤ CƯỜI VỚI NHỮNG Ý NGHĨA KHÁC NHAU, Mọi người nở mọc nụ cười với những ý nghĩ khác nhau.
VIVOSDEV17_032_snr5,vivos,whisper,small,zero_shot,,42,5,music,MỖI NGƯỜI NỞ MỘT NỤ CƯỜI VỚI NHỮNG Ý NGHĨA KHÁC NHAU, Mọi người nở một nụ cười với những ý nghĩ khác nhau.
VIVOSDEV17_043_clean,vivos,whisper,small,zero_shot,,42,clean,clean,DO VẬY SẼ ẢNH HƯỞNG TỚI VIỆC THU SÓNG VÔ TUYẾN, do vậy sẽ ảnh hưởng tới việc thu sống vô tuyến.
VIVOSDEV17_043_snr0,vivos,whisper,small,zero_shot,,42,0,music,DO VẬY SẼ ẢNH HƯỞNG TỚI VIỆC THU SÓNG VÔ TUYẾN, do vậy sẽ ảnh hưởng tới việc thu sống vô tuyến
VIVOSDEV17_043_snr10,vivos,whisper,small,zero_shot,,42,10,music,DO VẬY SẼ ẢNH HƯỞNG TỚI VIỆC THU SÓNG VÔ TUYẾN, do vậy sẽ ảnh hưởng tới việc thu sống vô tuyến.
VIVOSDEV17_043_snr20,vivos,whisper,small,zero_shot,,42,20,noise,DO VẬY SẼ ẢNH HƯỞNG TỚI VIỆC THU SÓNG VÔ TUYẾN, do vậy sẽ ảnh hưởng tới việc thu sống vô tuyến.
VIVOSDEV17_043_snr5,vivos,whisper,small,zero_shot,,42,5,noise,DO VẬY SẼ ẢNH HƯỞNG TỚI VIỆC THU SÓNG VÔ TUYẾN, do vậy sẽ ảnh hưởng tới việc thu sống vô tuyến.
VIVOSDEV17_048_clean,vivos,whisper,small,zero_shot,,42,clean,clean,PHIM CHIẾU NGUYÊN BẢN TIẾNG PHÁP CÓ PHỤ ĐỀ TIẾNG VIỆT, Phim Chíu Nguyên bạn Tiến Pháp có phụ đề tiếng Việt.
VIVOSDEV17_048_snr0,vivos,whisper,small,zero_shot,,42,0,music,PHIM CHIẾU NGUYÊN BẢN TIẾNG PHÁP CÓ PHỤ ĐỀ TIẾNG VIỆT, phim Chíu Nguyên bạn Tiến Pháp có phụ đề tiếng Việt
VIVOSDEV17_048_snr10,vivos,whisper,small,zero_shot,,42,10,speech,PHIM CHIẾU NGUYÊN BẢN TIẾNG PHÁP CÓ PHỤ ĐỀ TIẾNG VIỆT, phim chíu nguyên bạn Tiến Pháp có phụ đề Tiến Viện.
VIVOSDEV17_048_snr20,vivos,whisper,small,zero_shot,,42,20,noise,PHIM CHIẾU NGUYÊN BẢN TIẾNG PHÁP CÓ PHỤ ĐỀ TIẾNG VIỆT, Phim Chíu Nguyên bạn Tiến Pháp có phụ đề tiếng Việt.
VIVOSDEV17_048_snr5,vivos,whisper,small,zero_shot,,42,5,music,PHIM CHIẾU NGUYÊN BẢN TIẾNG PHÁP CÓ PHỤ ĐỀ TIẾNG VIỆT, phim Chíu Nguyên bạn Tiếp Pháp có phụ đề tiếng Việt.
VIVOSDEV17_060_clean,vivos,whisper,small,zero_shot,,42,clean,clean,BÓNG MÀU XANH LÀ VÙNG TÂM BÃO CÓ THỂ ĐI QUA, Bóng màu xanh là vùng tâm bão có thể đi qua
VIVOSDEV17_060_snr0,vivos,whisper,small,zero_shot,,42,0,noise,BÓNG MÀU XANH LÀ VÙNG TÂM BÃO CÓ THỂ ĐI QUA, Bóng màu xâm là vùng tâm bão có thể đi qua
VIVOSDEV17_060_snr10,vivos,whisper,small,zero_shot,,42,10,music,BÓNG MÀU XANH LÀ VÙNG TÂM BÃO CÓ THỂ ĐI QUA, Bóng màu xanh là nguồn tâm bão có thể đi qua
VIVOSDEV17_060_snr20,vivos,whisper,small,zero_shot,,42,20,speech,BÓNG MÀU XANH LÀ VÙNG TÂM BÃO CÓ THỂ ĐI QUA, Bóng màu xanh là vùng tâm bão có thể đi qua.
VIVOSDEV17_060_snr5,vivos,whisper,small,zero_shot,,42,5,speech,BÓNG MÀU XANH LÀ VÙNG TÂM BÃO CÓ THỂ ĐI QUA, Bóng màu xanh là vùng tâm bão có thể đi qua.
VIVOSDEV17_062_clean,vivos,whisper,small,zero_shot,,42,clean,clean,SAU MỘT NGÀY LAO ĐỘNG CĂNG MỆT BẠN ƯU TIÊN CHỌN," Sau một ngày lao động căn mệt, bạn ưu tiên chọn."
VIVOSDEV17_062_snr0,vivos,whisper,small,zero_shot,,42,0,speech,SAU MỘT NGÀY LAO ĐỘNG CĂNG MỆT BẠN ƯU TIÊN CHỌN, sau đêm ngày lao động căng hợp và ưu phí trộn.
VIVOSDEV17_062_snr10,vivos,whisper,small,zero_shot,,42,10,noise,SAU MỘT NGÀY LAO ĐỘNG CĂNG MỆT BẠN ƯU TIÊN CHỌN," Sau một ngày lao động căng mệt, bạn ưu tiên chọn."
VIVOSDEV17_062_snr20,vivos,whisper,small,zero_shot,,42,20,music,SAU MỘT NGÀY LAO ĐỘNG CĂNG MỆT BẠN ƯU TIÊN CHỌN," Sau một ngày lao động căn mệt, bạn ưu tiên chọn."
VIVOSDEV17_062_snr5,vivos,whisper,small,zero_shot,,42,5,speech,SAU MỘT NGÀY LAO ĐỘNG CĂNG MỆT BẠN ƯU TIÊN CHỌN," Sau một ngày lao động trang mật, bạn ưu tiết trọ."
VIVOSDEV17_077_clean,vivos,whisper,small,zero_shot,,42,clean,clean,HÔM SAU MỞ MÁY THẤY CÁI TRUYỆN ĐÃ TỰ HOÀN CHỈNH RỒI, Hôm sau mở máy thấy cái chuyện đã tự hoàn chỉnh rồi.
VIVOSDEV17_077_snr0,vivos,whisper,small,zero_shot,,42,0,noise,HÔM SAU MỞ MÁY THẤY CÁI TRUYỆN ĐÃ TỰ HOÀN CHỈNH RỒI, Hôm sau mở máy thấy chuyện đã tự hành trĩnh rồi
VIVOSDEV17_077_snr10,vivos,whisper,small,zero_shot,,42,10,noise,HÔM SAU MỞ MÁY THẤY CÁI TRUYỆN ĐÃ TỰ HOÀN CHỈNH RỒI, Hôm sau mở máy thấy cái chuyện đã tự hoàn chỉnh rồi.
VIVOSDEV17_077_snr20,vivos,whisper,small,zero_shot,,42,20,music,HÔM SAU MỞ MÁY THẤY CÁI TRUYỆN ĐÃ TỰ HOÀN CHỈNH RỒI, Hôm sau mở máy thấy cái chuyện đã tự hoàn chỉnh rồi.
VIVOSDEV17_077_snr5,vivos,whisper,small,zero_shot,,42,5,music,HÔM SAU MỞ MÁY THẤY CÁI TRUYỆN ĐÃ TỰ HOÀN CHỈNH RỒI, Hôm sau mở máy thấy cái chuyện đã tự hành trảnh rồi.
VIVOSDEV17_090_clean,vivos,whisper,small,zero_shot,,42,clean,clean,BÂY GIỜ THÌ ĐÁNG ĐƯỢC KHEN LÀ THÔNG MINH CHỨ HẢ, Bây giờ thì đáng được khen là thông minh chứ hả?
VIVOSDEV17_090_snr0,vivos,whisper,small,zero_shot,,42,0,noise,BÂY GIỜ THÌ ĐÁNG ĐƯỢC KHEN LÀ THÔNG MINH CHỨ HẢ, Bây giờ thì đáng được thân là thông vân chứ hả?
VIVOSDEV17_090_snr10,vivos,whisper,small,zero_shot,,42,10,speech,BÂY GIỜ THÌ ĐÁNG ĐƯỢC KHEN LÀ THÔNG MINH CHỨ HẢ, Bây giờ thì đáng được khen là thông bân cứ hã.
VIVOSDEV17_090_snr20,vivos,whisper,small,zero_shot,,42,20,noise,BÂY GIỜ THÌ ĐÁNG ĐƯỢC KHEN LÀ THÔNG MINH CHỨ HẢ, Bây giờ thì đáng được khen là thông minh chứ hả?
VIVOSDEV17_090_snr5,vivos,whisper,small,zero_shot,,42,5,music,BÂY GIỜ THÌ ĐÁNG ĐƯỢC KHEN LÀ THÔNG MINH CHỨ HẢ, Bây giờ thì đáng được khen là thông minh chứ hả?
VIVOSDEV17_099_clean,vivos,whisper,small,zero_shot,,42,clean,clean,CHỊ TÌM NHÀ CHO EM Ở TRỌ NGAY CỔNG TRƯỜNG CHỊ HỌC, Chỉ tìm nhà cho em ở chỗ ngay cộng trường chỉ học.
VIVOSDEV17_099_snr0,vivos,whisper,small,zero_shot,,42,0,music,CHỊ TÌM NHÀ CHO EM Ở TRỌ NGAY CỔNG TRƯỜNG CHỊ HỌC, Chỉ đi ngạc cho em ở chỗ hay cộng trường chỉ học.
VIVOSDEV17_099_snr10,vivos,whisper,small,zero_shot,,42,10,music,CHỊ TÌM NHÀ CHO EM Ở TRỌ NGAY CỔNG TRƯỜNG CHỊ HỌC, Chỉ tìm nhà cho em ở chỗ ngay cộng trường chỉ học.
VIVOSDEV17_099_snr20,vivos,whisper,small,zero_shot,,42,20,music,CHỊ TÌM NHÀ CHO EM Ở TRỌ NGAY CỔNG TRƯỜNG CHỊ HỌC, Chỉ tìm nhà cho em ở chỗ ngay cộng trường chỉ học.
VIVOSDEV17_099_snr5,vivos,whisper,small,zero_shot,,42,5,speech,CHỊ TÌM NHÀ CHO EM Ở TRỌ NGAY CỔNG TRƯỜNG CHỊ HỌC, Chỉ tìm nhà cho em ở chỗ đen của chương trình Chỉ Hồng.
VIVOSDEV17_109_clean,vivos,whisper,small,zero_shot,,42,clean,clean,MỘT BÀ SANG TRỌNG ĐẾN GẶP BÁC SĨ TRẺ KHÁM BỆNH BÁC SĨ HỎI, 1 bà xan trọng đến gặp bác sĩ trẻ khám bệnh bác sĩ hỏi.
VIVOSDEV17_109_snr0,vivos,whisper,small,zero_shot,,42,0,noise,MỘT BÀ SANG TRỌNG ĐẾN GẶP BÁC SĨ TRẺ KHÁM BỆNH BÁC SĨ HỎI," 1 3, than trọng đến gặp bác sĩ trẻ khám ứng bác sĩ hỏi"
VIVOSDEV17_109_snr10,vivos,whisper,small,zero_shot,,42,10,noise,MỘT BÀ SANG TRỌNG ĐẾN GẶP BÁC SĨ TRẺ KHÁM BỆNH BÁC SĨ HỎI, một bà xe chọng đến gặp bác sĩ trẻ khám bệnh bác sĩ hỏi.
VIVOSDEV17_109_snr20,vivos,whisper,small,zero_shot,,42,20,speech,MỘT BÀ SANG TRỌNG ĐẾN GẶP BÁC SĨ TRẺ KHÁM BỆNH BÁC SĨ HỎI, Một bà xan trọng đến gặp bác sĩ trẻ khám bệnh bác sĩ hỏi.
VIVOSDEV17_109_snr5,vivos,whisper,small,zero_shot,,42,5,noise,MỘT BÀ SANG TRỌNG ĐẾN GẶP BÁC SĨ TRẺ KHÁM BỆNH BÁC SĨ HỎI, Một bà xe chọng đến gặp bác sĩ trẻ khám bệnh bác sĩ hỏi.
VIVOSDEV17_114_clean,vivos,whisper,small,zero_shot,,42,clean,clean,NHÂN LỰC NGÀNH THIẾT KẾ ĐỒ HỌA ĐẮT GIÁ VÀ KHAN HIẾM, nhân lực ngành thiết kế đồ họa đắc giá và khang hiếm.
VIVOSDEV17_114_snr0,vivos,whisper,small,zero_shot,,42,0,noise,NHÂN LỰC NGÀNH THIẾT KẾ ĐỒ HỌA ĐẮT GIÁ VÀ KHAN HIẾM," nhân lực thẩm thiết kế tồ họa, tắt giá và khang hiếm."
VIVOSDEV17_114_snr10,vivos,whisper,small,zero_shot,,42,10,speech,NHÂN LỰC NGÀNH THIẾT KẾ ĐỒ HỌA ĐẮT GIÁ VÀ KHAN HIẾM," Nhân lực nặng thiết kế đồ họa, đắt giá và khang hiếm."
VIVOSDEV17_114_snr20,vivos,whisper,small,zero_shot,,42,20,speech,NHÂN LỰC NGÀNH THIẾT KẾ ĐỒ HỌA ĐẮT GIÁ VÀ KHAN HIẾM, nhân lực ngành thiết kế đồ họa đắc giá và khang hiếm.
VIVOSDEV17_114_snr5,vivos,whisper,small,zero_shot,,42,5,music,NHÂN LỰC NGÀNH THIẾT KẾ ĐỒ HỌA ĐẮT GIÁ VÀ KHAN HIẾM," Nhân lực ngậm thiết kế đồ họa, đắt giá và khang hiếm."
VIVOSDEV17_120_clean,vivos,whisper,small,zero_shot,,42,clean,clean,SAU ĐÓ BẢN THÂN HỌC SINH PHẢI LÀM ĐƠN XIN HỌC BỔNG," Sau đó, bản thân học sinh phải làm đơn sinh học mỏng."
VIVOSDEV17_120_snr0,vivos,whisper,small,zero_shot,,42,0,speech,SAU ĐÓ BẢN THÂN HỌC SINH PHẢI LÀM ĐƠN XIN HỌC BỔNG, sau đó bạn thân học sinh phải làm đơn sinh học bảo.
VIVOSDEV17_120_snr10,vivos,whisper,small,zero_shot,,42,10,noise,SAU ĐÓ BẢN THÂN HỌC SINH PHẢI LÀM ĐƠN XIN HỌC BỔNG," Sau đó, bản thân học sinh phải làm đơn sinh học bỏng."
VIVOSDEV17_120_snr20,vivos,whisper,small,zero_shot,,42,20,music,SAU ĐÓ BẢN THÂN HỌC SINH PHẢI LÀM ĐƠN XIN HỌC BỔNG," Sau đó, bản thân học sinh phải làm đơn sinh học bỏng."
VIVOSDEV17_120_snr5,vivos,whisper,small,zero_shot,,42,5,noise,SAU ĐÓ BẢN THÂN HỌC SINH PHẢI LÀM ĐƠN XIN HỌC BỔNG," Sau đó, bản thân học sinh phải làm đơn sinh học mỏng."
VIVOSDEV17_133_clean,vivos,whisper,small,zero_shot,,42,clean,clean,CHỈ CÓ THỰC PHẨM MỚI GIÚP BẠN LÀM ĐƯỢC VIỆC NÀY, Chỉ có thực phẩm mới giúp bạn làm được việc này.
VIVOSDEV17_133_snr0,vivos,whisper,small,zero_shot,,42,0,noise,CHỈ CÓ THỰC PHẨM MỚI GIÚP BẠN LÀM ĐƯỢC VIỆC NÀY, Chỉ có thực phẩm mới giúp bạn làm được việc này.
VIVOSDEV17_133_snr10,vivos,whisper,small,zero_shot,,42,10,noise,CHỈ CÓ THỰC PHẨM MỚI GIÚP BẠN LÀM ĐƯỢC VIỆC NÀY, chỉ có thực phẩm mới giúp bạn làm được việc này.
VIVOSDEV17_133_snr20,vivos,whisper,small,zero_shot,,42,20,speech,CHỈ CÓ THỰC PHẨM MỚI GIÚP BẠN LÀM ĐƯỢC VIỆC NÀY, chỉ có thực phẩm mới giúp bạn làm được việc này.
VIVOSDEV17_133_snr5,vivos,whisper,small,zero_shot,,42,5,music,CHỈ CÓ THỰC PHẨM MỚI GIÚP BẠN LÀM ĐƯỢC VIỆC NÀY, Chỉ có thực phẩm mới giúp bạn làm được việc này.
VIVOSDEV17_147_clean,vivos,whisper,small,zero_shot,,42,clean,clean,VỚI CÁC DÁT MÀU CÀ PHÊ SỮA KHÔNG CẦN ĐIỀU TRỊ, Với các giác màu cà phê sữa không cần điều trị.
VIVOSDEV17_147_snr0,vivos,whisper,small,zero_shot,,42,0,music,VỚI CÁC DÁT MÀU CÀ PHÊ SỮA KHÔNG CẦN ĐIỀU TRỊ, Với các giác màu cà phê sữa không cần đưa chỉ
VIVOSDEV17_147_snr10,vivos,whisper,small,zero_shot,,42,10,music,VỚI CÁC DÁT MÀU CÀ PHÊ SỮA KHÔNG CẦN ĐIỀU TRỊ, với các niết màu cà phê sữa không cần đủ chỉ
VIVOSDEV17_147_snr20,vivos,whisper,small,zero_shot,,42,20,speech,VỚI CÁC DÁT MÀU CÀ PHÊ SỮA KHÔNG CẦN ĐIỀU TRỊ," với các giác màu, cà phê sữa không cần điều trị."
VIVOSDEV17_147_snr5,vivos,whisper,small,zero_shot,,42,5,speech,VỚI CÁC DÁT MÀU CÀ PHÊ SỮA KHÔNG CẦN ĐIỀU TRỊ," Bởi các ghét màu, cà phê sữa không cần điều trị."
VIVOSDEV17_181_clean,vivos,whisper,small,zero_shot,,42,clean,clean,NHỮNG CÂU HỎI TRÊN SẼ GIÚP BẠN LÀM ĐƯỢC ĐIỀU NÀY, Những câu hỏi trên sẽ giúp bạn làm được điều này.
VIVOSDEV17_181_snr0,vivos,whisper,small,zero_shot,,42,0,noise,NHỮNG CÂU HỎI TRÊN SẼ GIÚP BẠN LÀM ĐƯỢC ĐIỀU NÀY, Những con hỏi chân sẽ giúp bạn làm được điều này.
VIVOSDEV17_181_snr10,vivos,whisper,small,zero_shot,,42,10,speech,NHỮNG CÂU HỎI TRÊN SẼ GIÚP BẠN LÀM ĐƯỢC ĐIỀU NÀY, Những câu hỏi trên sẽ giúp bạn làm được điều này.
VIVOSDEV17_181_snr20,vivos,whisper,small,zero_shot,,42,20,noise,NHỮNG CÂU HỎI TRÊN SẼ GIÚP BẠN LÀM ĐƯỢC ĐIỀU NÀY, Những câu hỏi trên sẽ giúp bạn làm được điều này.
VIVOSDEV17_181_snr5,vivos,whisper,small,zero_shot,,42,5,noise,NHỮNG CÂU HỎI TRÊN SẼ GIÚP BẠN LÀM ĐƯỢC ĐIỀU NÀY, Những câu hỏi trên sẽ giúp bạn làm được điều này.
VIVOSDEV17_189_clean,vivos,whisper,small,zero_shot,,42,clean,clean,VẪN CÒN NHƯNG BẠN KHÔNG DÁM CHẮC HỌ CÓ HẠNH PHÚC HAY KHÔNG, Bận còn nhân bạn không dám chắc họ có hạnh phúc hay không?
VIVOSDEV17_189_snr0,vivos,whisper,small,zero_shot,,42,0,music,VẪN CÒN NHƯNG BẠN KHÔNG DÁM CHẮC HỌ CÓ HẠNH PHÚC HAY KHÔNG," Vẫn còn, nhưng bạn không dám chắc họ có hạnh phúc hay không?"
VIVOSDEV17_189_snr10,vivos,whisper,small,zero_shot,,42,10,noise,VẪN CÒN NHƯNG BẠN KHÔNG DÁM CHẮC HỌ CÓ HẠNH PHÚC HAY KHÔNG," Bận con, nhân bạn không dám chắc họ có hạnh phúc hay không?"
VIVOSDEV17_189_snr20,vivos,whisper,small,zero_shot,,42,20,music,VẪN CÒN NHƯNG BẠN KHÔNG DÁM CHẮC HỌ CÓ HẠNH PHÚC HAY KHÔNG, Bận còn nhân bạn không dám chắc họ có hạnh phúc hay không?
VIVOSDEV17_189_snr5,vivos,whisper,small,zero_shot,,42,5,music,VẪN CÒN NHƯNG BẠN KHÔNG DÁM CHẮC HỌ CÓ HẠNH PHÚC HAY KHÔNG, Cũng còn nhân bạn không dám chắc họ có hạnh phúc hay không?
VIVOSDEV17_192_clean,vivos,whisper,small,zero_shot,,42,clean,clean,ĐÓ CŨNG LÀ SỰ TIẾP XÚC GẦN GŨI NHẤT CỦA BỌN EM, Đó cũng là sự tiếp xúc gần gối nhất của bọn em.
VIVOSDEV17_192_snr0,vivos,whisper,small,zero_shot,,42,0,music,ĐÓ CŨNG LÀ SỰ TIẾP XÚC GẦN GŨI NHẤT CỦA BỌN EM, Đó cũng là sự tiếp xúc gần gối nhất của bọn em.
VIVOSDEV17_192_snr10,vivos,whisper,small,zero_shot,,42,10,speech,ĐÓ CŨNG LÀ SỰ TIẾP XÚC GẦN GŨI NHẤT CỦA BỌN EM, Đó cũng là sự tiếp tục gần gối nhất của bọn em.
VIVOSDEV17_192_snr20,vivos,whisper,small,zero_shot,,42,20,speech,ĐÓ CŨNG LÀ SỰ TIẾP XÚC GẦN GŨI NHẤT CỦA BỌN EM, Đó cũng là sự tiếp xúc gần gối nhất của bọn em.
VIVOSDEV17_192_snr5,vivos,whisper,small,zero_shot,,42,5,music,ĐÓ CŨNG LÀ SỰ TIẾP XÚC GẦN GŨI NHẤT CỦA BỌN EM, Đó cũng là sự tiếp xúc gần gối nhất của bọn em.
VIVOSDEV17_204_clean,vivos,whisper,small,zero_shot,,42,clean,clean,EM HÃY TỈNH TÁO MÀ TÌM NHỮNG ĐỊNH HƯỚNG TỐT HƠN CHO TƯƠNG LAI, Em hãy tỉnh táo mà tìm những định hướng tốt hơn cho tương lai.
VIVOSDEV17_204_snr0,vivos,whisper,small,zero_shot,,42,0,noise,EM HÃY TỈNH TÁO MÀ TÌM NHỮNG ĐỊNH HƯỚNG TỐT HƠN CHO TƯƠNG LAI, Em hãy tỉnh táo mà tìm những định hướng tốt hơn cho tương lai.
VIVOSDEV17_204_snr10,vivos,whisper,small,zero_shot,,42,10,music,EM HÃY TỈNH TÁO MÀ TÌM NHỮNG ĐỊNH HƯỚNG TỐT HƠN CHO TƯƠNG LAI, Em hãy tỉnh táo mà tìm những đỉnh hứa tốt hơn cho tương lai.
VIVOSDEV17_204_snr20,vivos,whisper,small,zero_shot,,42,20,music,EM HÃY TỈNH TÁO MÀ TÌM NHỮNG ĐỊNH HƯỚNG TỐT HƠN CHO TƯƠNG LAI, Em hãy tỉnh táo mà tìm những định hướng tốt hơn cho tương lai.
VIVOSDEV17_204_snr5,vivos,whisper,small,zero_shot,,42,5,noise,EM HÃY TỈNH TÁO MÀ TÌM NHỮNG ĐỊNH HƯỚNG TỐT HƠN CHO TƯƠNG LAI, Em hãy tỉnh táo mà tìm những định hướng tốt hơn cho tương lai.
VIVOSDEV17_208_clean,vivos,whisper,small,zero_shot,,42,clean,clean,NHƯNG CHẲNG CÓ ĐIỂM SẢN XUẤT NÀO DÙNG BẠT PHỦ CHE CHẮN, Nhân chẳng có điểm sản xuất nào dùng bạc phụ che chắn?
VIVOSDEV17_208_snr0,vivos,whisper,small,zero_shot,,42,0,noise,NHƯNG CHẲNG CÓ ĐIỂM SẢN XUẤT NÀO DÙNG BẠT PHỦ CHE CHẮN, Nhân chẳng có điểm sản xuất nào dùng bạc phủ che trắng.
VIVOSDEV17_208_snr10,vivos,whisper,small,zero_shot,,42,10,music,NHƯNG CHẲNG CÓ ĐIỂM SẢN XUẤT NÀO DÙNG BẠT PHỦ CHE CHẮN, Nhân chẳng có điểm sản xuất nào dùng bạc phủ chia trắng.
VIVOSDEV17_208_snr20,vivos,whisper,small,zero_shot,,42,20,noise,NHƯNG CHẲNG CÓ ĐIỂM SẢN XUẤT NÀO DÙNG BẠT PHỦ CHE CHẮN, Nhân chẳng có điểm sản xuất nào dùng bạc phụ che chắn.
VIVOSDEV17_208_snr5,vivos,whisper,small,zero_shot,,42,5,noise,NHƯNG CHẲNG CÓ ĐIỂM SẢN XUẤT NÀO DÙNG BẠT PHỦ CHE CHẮN, Nhân chẳng có điểm sản xuất nào dùng bà phụ che trắng
VIVOSDEV17_217_clean,vivos,whisper,small,zero_shot,,42,clean,clean,THÌ HỢP ĐỒNG THẾ CHẤP NÀY CŨNG KHÔNG CÓ GIÁ TRỊ PHÁP LÝ, Thì hợp đồng thế chấp này cũng không có giá trị. Pháp lý.
VIVOSDEV17_217_snr0,vivos,whisper,small,zero_shot,,42,0,noise,THÌ HỢP ĐỒNG THẾ CHẤP NÀY CŨNG KHÔNG CÓ GIÁ TRỊ PHÁP LÝ, Thì hợp đồng thế chấp này cũng không có giá trị pháp lý.
VIVOSDEV17_217_snr10,vivos,whisper,small,zero_shot,,42,10,music,THÌ HỢP ĐỒNG THẾ CHẤP NÀY CŨNG KHÔNG CÓ GIÁ TRỊ PHÁP LÝ, Thì hợp đồng thế chấp này cũng không có giá trị. Pup Lee.
VIVOSDEV17_217_snr20,vivos,whisper,small,zero_shot,,42,20,music,THÌ HỢP ĐỒNG THẾ CHẤP NÀY CŨNG KHÔNG CÓ GIÁ TRỊ PHÁP LÝ, Thì hợp đồng thế chấp này cũng không có giá trị. Pháp lý.
VIVOSDEV17_217_snr5,vivos,whisper,small,zero_shot,,42,5,speech,THÌ HỢP ĐỒNG THẾ CHẤP NÀY CŨNG KHÔNG CÓ GIÁ TRỊ PHÁP LÝ, nhưng mà với đông thế chấp này cũng không có giá trí.
VIVOSDEV17_241_clean,vivos,whisper,small,zero_shot,,42,clean,clean,MỘT ANH TRAI TUẤN ĐANG NGỒI TÙ VÌ TỘI GIẾT NGƯỜI, Một anh trai Tuấn đang ngồi tù vì tổ giết người.
VIVOSDEV17_241_snr0,vivos,whisper,small,zero_shot,,42,0,speech,MỘT ANH TRAI TUẤN ĐANG NGỒI TÙ VÌ TỘI GIẾT NGƯỜI," Không, chỉ là đi với các tên của anh. Anh có thể làm những tên của anh."
VIVOSDEV17_241_snr10,vivos,whisper,small,zero_shot,,42,10,speech,MỘT ANH TRAI TUẤN ĐANG NGỒI TÙ VÌ TỘI GIẾT NGƯỜI, Một anh trai Tướng đang ngồi tồ vì tổ giúp người.
VIVOSDEV17_241_snr20,vivos,whisper,small,zero_shot,,42,20,music,MỘT ANH TRAI TUẤN ĐANG NGỒI TÙ VÌ TỘI GIẾT NGƯỜI, Một anh trai Tướng đang ngồi tù vì tổ giết người.
VIVOSDEV17_241_snr5,vivos,whisper,small,zero_shot,,42,5,noise,MỘT ANH TRAI TUẤN ĐANG NGỒI TÙ VÌ TỘI GIẾT NGƯỜI, Một anh trai Tướng đang ngồi tù vì tổ giết người.
VIVOSDEV17_254_clean,vivos,whisper,small,zero_shot,,42,clean,clean,CÁC BƯỚC SAU ĐÂY SẼ GIÚP BẠN TÌM RA ỨNG CỬ VIÊN THÍCH HỢP, Các bước sau đây sẽ giúp bạn tìm ra ấn cử viên thích hộp.
VIVOSDEV17_254_snr0,vivos,whisper,small,zero_shot,,42,0,music,CÁC BƯỚC SAU ĐÂY SẼ GIÚP BẠN TÌM RA ỨNG CỬ VIÊN THÍCH HỢP, Các mươi sau đây để giúp bạn tìm ra ấn cụ biên thích hộp.
VIVOSDEV17_254_snr10,vivos,whisper,small,zero_shot,,42,10,noise,CÁC BƯỚC SAU ĐÂY SẼ GIÚP BẠN TÌM RA ỨNG CỬ VIÊN THÍCH HỢP, Các bước sau đây sẽ giúp bạn tìm ra ấn cử viên thích hộp.
VIVOSDEV17_254_snr20,vivos,whisper,small,zero_shot,,42,20,noise,CÁC BƯỚC SAU ĐÂY SẼ GIÚP BẠN TÌM RA ỨNG CỬ VIÊN THÍCH HỢP, Các mươi sau đây sẽ giúp bạn tìm ra ấn cử viên thích hộp.
VIVOSDEV17_254_snr5,vivos,whisper,small,zero_shot,,42,5,noise,CÁC BƯỚC SAU ĐÂY SẼ GIÚP BẠN TÌM RA ỨNG CỬ VIÊN THÍCH HỢP, Các mân sau đây sẽ giúp bạn tìm ra ấn cử viên thích hộn.
VIVOSDEV17_271_clean,vivos,whisper,small,zero_shot,,42,clean,clean,GIẢI NHẤT HUY CHƯƠNG VÀNG THUỘC VỀ NHÀ NHIẾP ẢNH CỦA CỘNG HÒA SÉC, giải nhất khuy chương vàng thuộc về nhà nhếp ảnh của Cộng Hoa Xét.
VIVOSDEV17_271_snr0,vivos,whisper,small,zero_shot,,42,0,music,GIẢI NHẤT HUY CHƯƠNG VÀNG THUỘC VỀ NHÀ NHIẾP ẢNH CỦA CỘNG HÒA SÉC, Dã nhất khi chư bàn thuộc về nhà niếp ảnh của Cộng Hòa Xếp.
VIVOSDEV17_271_snr10,vivos,whisper,small,zero_shot,,42,10,noise,GIẢI NHẤT HUY CHƯƠNG VÀNG THUỘC VỀ NHÀ NHIẾP ẢNH CỦA CỘNG HÒA SÉC, giải nhất khuy chương vàng thuộc về nhà nhếp ảnh của cộng hoa xét
VIVOSDEV17_271_snr20,vivos,whisper,small,zero_shot,,42,20,music,GIẢI NHẤT HUY CHƯƠNG VÀNG THUỘC VỀ NHÀ NHIẾP ẢNH CỦA CỘNG HÒA SÉC, giải nhất khi trương vàng thuộc về nhà nhếp ảnh của Cộng Hoa Xét
VIVOSDEV17_271_snr5,vivos,whisper,small,zero_shot,,42,5,noise,GIẢI NHẤT HUY CHƯƠNG VÀNG THUỘC VỀ NHÀ NHIẾP ẢNH CỦA CỘNG HÒA SÉC, giải nhất khuy trương vàng thuộc về nhà nhếp ảnh của cộng hòa xét
VIVOSDEV17_285_clean,vivos,whisper,small,zero_shot,,42,clean,clean,ĐỂ XIN THỊ THỰC CÔNG TÁC VỀ CƠ BẢN BẠN PHẢI CÓ," Để xin thủy thật công tác về cơ bản, bạn phải có."
VIVOSDEV17_285_snr0,vivos,whisper,small,zero_shot,,42,0,music,ĐỂ XIN THỊ THỰC CÔNG TÁC VỀ CƠ BẢN BẠN PHẢI CÓ," Để xin thử thật công tác về cơ bạn, bạn phải có"
VIVOSDEV17_285_snr10,vivos,whisper,small,zero_shot,,42,10,noise,ĐỂ XIN THỊ THỰC CÔNG TÁC VỀ CƠ BẢN BẠN PHẢI CÓ, để chính thủy thực công tác về cơ bản bạn phải có.
VIVOSDEV17_285_snr20,vivos,whisper,small,zero_shot,,42,20,music,ĐỂ XIN THỊ THỰC CÔNG TÁC VỀ CƠ BẢN BẠN PHẢI CÓ," Để xin thỉ thật công tác về cơ bản, bạn phải có."
VIVOSDEV17_285_snr5,vivos,whisper,small,zero_shot,,42,5,noise,ĐỂ XIN THỊ THỰC CÔNG TÁC VỀ CƠ BẢN BẠN PHẢI CÓ," Để xin thủy thật công tác về cơ bản, bạn phải có."
VIVOSDEV17_288_clean,vivos,whisper,small,zero_shot,,42,clean,clean,TÔI NẮM BÀN TAY XƯA BA TÔI TỪNG THƯƠNG YÊU ĐAU XÓT CẦM GIỮ," Tôi nắm bàn tay xưa, ba tôi từng thương tôi, đâu xót cầm dữ."
VIVOSDEV17_288_snr0,vivos,whisper,small,zero_shot,,42,0,music,TÔI NẮM BÀN TAY XƯA BA TÔI TỪNG THƯƠNG YÊU ĐAU XÓT CẦM GIỮ," Tôi nắm bàn tay xưa, ba tôi từng thương tôi, đâu xót cầm giữ."
VIVOSDEV17_288_snr10,vivos,whisper,small,zero_shot,,42,10,noise,TÔI NẮM BÀN TAY XƯA BA TÔI TỪNG THƯƠNG YÊU ĐAU XÓT CẦM GIỮ," Tôi nắm bàn tay xưa, ba tôi từng thư tôi, đâu sót cầm giữ."
VIVOSDEV17_288_snr20,vivos,whisper,small,zero_shot,,42,20,speech,TÔI NẮM BÀN TAY XƯA BA TÔI TỪNG THƯƠNG YÊU ĐAU XÓT CẦM GIỮ," Tôi nắm bàn tay xưa, ba tôi từng thương tôi, đâu sóc cầm giữ."
VIVOSDEV17_288_snr5,vivos,whisper,small,zero_shot,,42,5,speech,TÔI NẮM BÀN TAY XƯA BA TÔI TỪNG THƯƠNG YÊU ĐAU XÓT CẦM GIỮ," Tại khi cô ấy đã nói một câu hội trong bà của cô ấy, cô ấy đã nhận ra một bộng đồ."
VIVOSDEV17_299_clean,vivos,whisper,small,zero_shot,,42,clean,clean,KHAI MẠC TRIỂN LÃM QUY MÔ LỚN VỀ TRANH SƠN MÀI VIỆT NAM, Khai mạc chỉnh lãng quy mô lớn về tranh sân mài Việt Nam.
VIVOSDEV17_299_snr0,vivos,whisper,small,zero_shot,,42,0,speech,KHAI MẠC TRIỂN LÃM QUY MÔ LỚN VỀ TRANH SƠN MÀI VIỆT NAM, khai mạc truyền lãng vui mô lớn về tranh sân mai Đi Nam.
VIVOSDEV17_299_snr10,vivos,whisper,small,zero_shot,,42,10,noise,KHAI MẠC TRIỂN LÃM QUY MÔ LỚN VỀ TRANH SƠN MÀI VIỆT NAM, Thái mạc chỉ là lãng quy mô lớn về tranh sơn Mai Việt Nam.
VIVOSDEV17_299_snr20,vivos,whisper,small,zero_shot,,42,20,music,KHAI MẠC TRIỂN LÃM QUY MÔ LỚN VỀ TRANH SƠN MÀI VIỆT NAM, Khai mạc chỉnh lãng quy mô lớn về tranh sân mài Việt Nam.
VIVOSDEV17_299_snr5,vivos,whisper,small,zero_shot,,42,5,speech,KHAI MẠC TRIỂN LÃM QUY MÔ LỚN VỀ TRANH SƠN MÀI VIỆT NAM," Thay mạc chính là quy mô lớn về chân sân này, Huy Tram."
VIVOSDEV18_006_clean,vivos,whisper,small,zero_shot,,42,clean,clean,KHÔNG NÊN CHỈ DỰA VÀO BÀI VIẾT CỦA BẠN ĐỂ THUYẾT MINH THÊM, không nên chỉ dựa vào bay vết của bạn để thích minh thêm.
VIVOSDEV18_006_snr0,vivos,whisper,small,zero_shot,,42,0,noise,KHÔNG NÊN CHỈ DỰA VÀO BÀI VIẾT CỦA BẠN ĐỂ THUYẾT MINH THÊM, không nên chỉ dựa vào bài dịch của bạn để thích mình thêm.
VIVOSDEV18_006_snr10,vivos,whisper,small,zero_shot,,42,10,speech,KHÔNG NÊN CHỈ DỰA VÀO BÀI VIẾT CỦA BẠN ĐỂ THUYẾT MINH THÊM, Không nên chỉ dựa vào bài viết của bạn để thích mình thêm.
VIVOSDEV18_006_snr20,vivos,whisper,small,zero_shot,,42,20,noise,KHÔNG NÊN CHỈ DỰA VÀO BÀI VIẾT CỦA BẠN ĐỂ THUYẾT MINH THÊM, không nên chỉ dựa vào bay vết của bạn để thích minh thêm.
VIVOSDEV18_006_snr5,vivos,whisper,small,zero_shot,,42,5,speech,KHÔNG NÊN CHỈ DỰA VÀO BÀI VIẾT CỦA BẠN ĐỂ THUYẾT MINH THÊM, không nên chỉ dựa vào bài viết của bạn để tiếp mình thêm.
VIVOSDEV18_012_clean,vivos,whisper,small,zero_shot,,42,clean,clean,VÀ GIÁO DỤC CON NGƯỜI TRỞ THÀNH VIỆC LUYỆN TRÍ NHỚ, và giá dục con người trở thành việc luyện chi nhớ.
VIVOSDEV18_012_snr0,vivos,whisper,small,zero_shot,,42,0,noise,VÀ GIÁO DỤC CON NGƯỜI TRỞ THÀNH VIỆC LUYỆN TRÍ NHỚ, và giá dục con người trở thành việc luyện chi nhớ.
VIVOSDEV18_012_snr10,vivos,whisper,small,zero_shot,,42,10,noise,VÀ GIÁO DỤC CON NGƯỜI TRỞ THÀNH VIỆC LUYỆN TRÍ NHỚ, và giá dục con người trở thành việc luyện chi nhớ.
VIVOSDEV18_012_snr20,vivos,whisper,small,zero_shot,,42,20,music,VÀ GIÁO DỤC CON NGƯỜI TRỞ THÀNH VIỆC LUYỆN TRÍ NHỚ, và giá dục con người trở thành việc luyện chi nhớ.
VIVOSDEV18_012_snr5,vivos,whisper,small,zero_shot,,42,5,noise,VÀ GIÁO DỤC CON NGƯỜI TRỞ THÀNH VIỆC LUYỆN TRÍ NHỚ, và giúp con người trở thành việc lệm chí nhớ.
VIVOSDEV18_017_clean,vivos,whisper,small,zero_shot,,42,clean,clean,TUY NHIÊN HỢP ĐỒNG NÀY CHỈ CÓ GIÁ TRỊ TRONG NHỮNG NGÀY BÌNH THƯỜNG, nhưng nhân hợp đồng này chỉ có gia trị trong những ngày bình thường.
VIVOSDEV18_017_snr0,vivos,whisper,small,zero_shot,,42,0,noise,TUY NHIÊN HỢP ĐỒNG NÀY CHỈ CÓ GIÁ TRỊ TRONG NHỮNG NGÀY BÌNH THƯỜNG, Nên hợp đầy này chỉ phá giá tự câm những 2 đường tiền
VIVOSDEV18_017_snr10,vivos,whisper,small,zero_shot,,42,10,music,TUY NHIÊN HỢP ĐỒNG NÀY CHỈ CÓ GIÁ TRỊ TRONG NHỮNG NGÀY BÌNH THƯỜNG, Mình nhân học đồng này chỉ có gia trị trong những ngày bình thường.
VIVOSDEV18_017_snr20,vivos,whisper,small,zero_shot,,42,20,noise,TUY NHIÊN HỢP ĐỒNG NÀY CHỈ CÓ GIÁ TRỊ TRONG NHỮNG NGÀY BÌNH THƯỜNG, nhưng nhân hợp đồng này chỉ có gia trị trong những ngày bình thường.
VIVOSDEV18_017_snr5,vivos,whisper,small,zero_shot,,42,5,noise,TUY NHIÊN HỢP ĐỒNG NÀY CHỈ CÓ GIÁ TRỊ TRONG NHỮNG NGÀY BÌNH THƯỜNG, Cái nhân hợp đồng này chỉ có gia trị trong những ngày bình thường.
VIVOSDEV18_060_clean,vivos,whisper,small,zero_shot,,42,clean,clean,CÀNG NGÀY MÌNH CÀNG NGHĨ NHIỀU VỀ CÔNG VIỆC GIẢNG DẠY, Càng ngày mình càng nghĩ nhiều về công việc giảng dạy.
VIVOSDEV18_060_snr0,vivos,whisper,small,zero_shot,,42,0,speech,CÀNG NGÀY MÌNH CÀNG NGHĨ NHIỀU VỀ CÔNG VIỆC GIẢNG DẠY, Thằng ngày mình càng yêu về công việc trạm dài.
VIVOSDEV18_060_snr10,vivos,whisper,small,zero_shot,,42,10,music,CÀNG NGÀY MÌNH CÀNG NGHĨ NHIỀU VỀ CÔNG VIỆC GIẢNG DẠY, Càng ngày mình càng nghĩ nhiều về công việc giảng dạy.
VIVOSDEV18_060_snr20,vivos,whisper,small,zero_shot,,42,20,noise,CÀNG NGÀY MÌNH CÀNG NGHĨ NHIỀU VỀ CÔNG VIỆC GIẢNG DẠY, Càng ngày mình càng nghĩ nhiều về công việc giãn dại.
VIVOSDEV18_060_snr5,vivos,whisper,small,zero_shot,,42,5,music,CÀNG NGÀY MÌNH CÀNG NGHĨ NHIỀU VỀ CÔNG VIỆC GIẢNG DẠY, Càng ngày mình càng nghĩ nhiều về công việc giảng dại.
VIVOSDEV18_064_clean,vivos,whisper,small,zero_shot,,42,clean,clean,TẤT NHIÊN HÓA ĐƠN TIỀN NƯỚC CŨNG KÈM LUÔN KHOẢN TIỀN, Tất nhiên hóa đơn tiền nước cũng kèm theo luôn khoảng tiền.
VIVOSDEV18_064_snr0,vivos,whisper,small,zero_shot,,42,0,noise,TẤT NHIÊN HÓA ĐƠN TIỀN NƯỚC CŨNG KÈM LUÔN KHOẢN TIỀN, Tất nhiên hòa đơn tiền nước cũng kèm theo luôn khoảng tiền.
VIVOSDEV18_064_snr10,vivos,whisper,small,zero_shot,,42,10,music,TẤT NHIÊN HÓA ĐƠN TIỀN NƯỚC CŨNG KÈM LUÔN KHOẢN TIỀN, Tất nhiên hóa đơn tiền nước cũng kèm theo luôn khoảng tiền.
VIVOSDEV18_064_snr20,vivos,whisper,small,zero_shot,,42,20,music,TẤT NHIÊN HÓA ĐƠN TIỀN NƯỚC CŨNG KÈM LUÔN KHOẢN TIỀN, Tất nhiên hã đơn tiền nước cũng kèm theo luôn khoảng tiền.
VIVOSDEV18_064_snr5,vivos,whisper,small,zero_shot,,42,5,noise,TẤT NHIÊN HÓA ĐƠN TIỀN NƯỚC CŨNG KÈM LUÔN KHOẢN TIỀN, Tất nhiên hóa đơn tiền nước cũng kèm theo luôn khoảng tiền.
VIVOSDEV18_065_clean,vivos,whisper,small,zero_shot,,42,clean,clean,CHÚC BẠN ĐỌC CÓ THẬT NHIỀU THỜI GIAN THƯ GIÃN THOẢI MÁI, Bạn đọc có thật nhiều thời gian thư giãn thoải mái.
VIVOSDEV18_065_snr0,vivos,whisper,small,zero_shot,,42,0,music,CHÚC BẠN ĐỌC CÓ THẬT NHIỀU THỜI GIAN THƯ GIÃN THOẢI MÁI, và các bạn đọc có thực sự thế gian thí dạng thoải mái.
VIVOSDEV18_065_snr10,vivos,whisper,small,zero_shot,,42,10,music,CHÚC BẠN ĐỌC CÓ THẬT NHIỀU THỜI GIAN THƯ GIÃN THOẢI MÁI, Bạn đọc có thật nhiều thời gian thư giãn thoải mái.
VIVOSDEV18_065_snr20,vivos,whisper,small,zero_shot,,42,20,noise,CHÚC BẠN ĐỌC CÓ THẬT NHIỀU THỜI GIAN THƯ GIÃN THOẢI MÁI, Bạn đọc có thật nhiều thời gian thư giãn thoải mái.
VIVOSDEV18_065_snr5,vivos,whisper,small,zero_shot,,42,5,music,CHÚC BẠN ĐỌC CÓ THẬT NHIỀU THỜI GIAN THƯ GIÃN THOẢI MÁI, Bạn đọc có thật nhiều thời gian thư giãn thoải mái
VIVOSDEV18_118_clean,vivos,whisper,small,zero_shot,,42,clean,clean,NGƯỜI ĂN XIN THƯA BÀ NGÀY THƯỜNG THÌ BÀ CHO GÌ CŨNG ĐƯỢC," Mọi người an sinh thưa bà, ngày thường thì bà cho gì cũng được."
VIVOSDEV18_118_snr0,vivos,whisper,small,zero_shot,,42,0,noise,NGƯỜI ĂN XIN THƯA BÀ NGÀY THƯỜNG THÌ BÀ CHO GÌ CŨNG ĐƯỢC, Mọi người an sinh thưa bà ngày thường thì bà cho gì cũng được.
VIVOSDEV18_118_snr10,vivos,whisper,small,zero_shot,,42,10,noise,NGƯỜI ĂN XIN THƯA BÀ NGÀY THƯỜNG THÌ BÀ CHO GÌ CŨNG ĐƯỢC, Mọi người an sinh thưa bà ngày thường thì bà cho gì cũng được.
VIVOSDEV18_118_snr20,vivos,whisper,small,zero_shot,,42,20,noise,NGƯỜI ĂN XIN THƯA BÀ NGÀY THƯỜNG THÌ BÀ CHO GÌ CŨNG ĐƯỢC, Mọi người an sinh thưa bà ngày thường thì bà cho gì cũng được.
VIVOSDEV18_118_snr5,vivos,whisper,small,zero_shot,,42,5,music,NGƯỜI ĂN XIN THƯA BÀ NGÀY THƯỜNG THÌ BÀ CHO GÌ CŨNG ĐƯỢC, Như ăn xin cưa bà ngày thường thì bà cho gì cũng được.
VIVOSDEV18_120_clean,vivos,whisper,small,zero_shot,,42,clean,clean,BẠN KHÔNG BAO GIỜ RA NGOÀI MÀ KHÔNG DÙNG KEM LÓT, bạn không bao giờ ra ngoài mà không dùng kem lót
VIVOSDEV18_120_snr0,vivos,whisper,small,zero_shot,,42,0,speech,BẠN KHÔNG BAO GIỜ RA NGOÀI MÀ KHÔNG DÙNG KEM LÓT, Bạn không bao giờ ra ngoài mà không dùng kém lắm
VIVOSDEV18_120_snr10,vivos,whisper,small,zero_shot,,42,10,noise,BẠN KHÔNG BAO GIỜ RA NGOÀI MÀ KHÔNG DÙNG KEM LÓT, bạn không bao giờ ra ngoài mà không dùng kem lóc
VIVOSDEV18_120_snr20,vivos,whisper,small,zero_shot,,42,20,noise,BẠN KHÔNG BAO GIỜ RA NGOÀI MÀ KHÔNG DÙNG KEM LÓT, bạn không bao giờ ra ngoài mà không dùng kem lót
VIVOSDEV18_120_snr5,vivos,whisper,small,zero_shot,,42,5,noise,BẠN KHÔNG BAO GIỜ RA NGOÀI MÀ KHÔNG DÙNG KEM LÓT, bạn không bao giờ ra ngoài mà không dùng kem ló
VIVOSDEV18_155_clean,vivos,whisper,small,zero_shot,,42,clean,clean,NGƯỜI ĐÀN ÔNG TRÊN GIƯỜNG THÌNH LÌNH RÊN LÊN MỘT TIẾNG RỒI MỞ MẮT, Người đàn ông trên dường Thịnh Linh lên lên một tiếng rồi mở mắt.
VIVOSDEV18_155_snr0,vivos,whisper,small,zero_shot,,42,0,noise,NGƯỜI ĐÀN ÔNG TRÊN GIƯỜNG THÌNH LÌNH RÊN LÊN MỘT TIẾNG RỒI MỞ MẮT, Chùa đàn ông tuyên rừng từng linh ghen lên một chín rồi mở mắt.
VIVOSDEV18_155_snr10,vivos,whisper,small,zero_shot,,42,10,noise,NGƯỜI ĐÀN ÔNG TRÊN GIƯỜNG THÌNH LÌNH RÊN LÊN MỘT TIẾNG RỒI MỞ MẮT, Người đàn ông trên dường Thịnh Linh lên lên một tiếng rồi mỡ mắt.
VIVOSDEV18_155_snr20,vivos,whisper,small,zero_shot,,42,20,music,NGƯỜI ĐÀN ÔNG TRÊN GIƯỜNG THÌNH LÌNH RÊN LÊN MỘT TIẾNG RỒI MỞ MẮT, Người đàn ông trên dường Thịnh Lình lên lên một tiếng rồi mỡ mắt.
VIVOSDEV18_155_snr5,vivos,whisper,small,zero_shot,,42,5,noise,NGƯỜI ĐÀN ÔNG TRÊN GIƯỜNG THÌNH LÌNH RÊN LÊN MỘT TIẾNG RỒI MỞ MẮT, Người đàn ông trên dường tình Linh ra lên một tiếng rồi mở mắt.
VIVOSDEV18_191_clean,vivos,whisper,small,zero_shot,,42,clean,clean,VỊ BÁC SĨ HIỀN LÀNH ẤY CÓ NHỮNG LÝ THUYẾT TRỒNG CÂY THẬT THÚ VỊ, vị bác sĩ hiện lần ấy có những lý thuyết trồng cây thật thú vị.
VIVOSDEV18_191_snr0,vivos,whisper,small,zero_shot,,42,0,noise,VỊ BÁC SĨ HIỀN LÀNH ẤY CÓ NHỮNG LÝ THUYẾT TRỒNG CÂY THẬT THÚ VỊ, bị bác sĩ hiện ra có những mý thuyết trồng cây thật thú vị.
VIVOSDEV18_191_snr10,vivos,whisper,small,zero_shot,,42,10,music,VỊ BÁC SĨ HIỀN LÀNH ẤY CÓ NHỮNG LÝ THUYẾT TRỒNG CÂY THẬT THÚ VỊ, vị bác sĩ hiện lần ấy có những lý tuyết trồng cây thật thú vị.
VIVOSDEV18_191_snr20,vivos,whisper,small,zero_shot,,42,20,noise,VỊ BÁC SĨ HIỀN LÀNH ẤY CÓ NHỮNG LÝ THUYẾT TRỒNG CÂY THẬT THÚ VỊ, vị bác sĩ hiện lần ấy có những lý thuyết trong cây thật thú vị.
VIVOSDEV18_191_snr5,vivos,whisper,small,zero_shot,,42,5,noise,VỊ BÁC SĨ HIỀN LÀNH ẤY CÓ NHỮNG LÝ THUYẾT TRỒNG CÂY THẬT THÚ VỊ, vị bác tỷ hường làn ở có những lý thiết trồng cây thật thú vị.
VIVOSDEV18_194_clean,vivos,whisper,small,zero_shot,,42,clean,clean,XIN VỚI MẸ CHO ĐI CAI TẬP TRUNG SAU MỘT NĂM BẠN TRỞ VỀ NHÀ, Xin với mẹ cho đi cai tập chung sau một năm bạn trở về nhà.
VIVOSDEV18_194_snr0,vivos,whisper,small,zero_shot,,42,0,speech,XIN VỚI MẸ CHO ĐI CAI TẬP TRUNG SAU MỘT NĂM BẠN TRỞ VỀ NHÀ, Xin với mẹ cho đi cai tập chúng sau một năm bàn thịt về nhà.
VIVOSDEV18_194_snr10,vivos,whisper,small,zero_shot,,42,10,noise,XIN VỚI MẸ CHO ĐI CAI TẬP TRUNG SAU MỘT NĂM BẠN TRỞ VỀ NHÀ, Xin với mẹ cho đi cai tập trung sau một năm bạn trở về nhà.
VIVOSDEV18_194_snr20,vivos,whisper,small,zero_shot,,42,20,speech,XIN VỚI MẸ CHO ĐI CAI TẬP TRUNG SAU MỘT NĂM BẠN TRỞ VỀ NHÀ, Xin với mẹ cho đi cai tập trung sau một năm bạn trở về nhà.
VIVOSDEV18_194_snr5,vivos,whisper,small,zero_shot,,42,5,music,XIN VỚI MẸ CHO ĐI CAI TẬP TRUNG SAU MỘT NĂM BẠN TRỞ VỀ NHÀ, Xin với mẹ cho đi cai tập trung sau một năm bạn chịu về nhà
VIVOSDEV18_199_clean,vivos,whisper,small,zero_shot,,42,clean,clean,HIỂN NHIÊN KHÔNG AI MUỐN XUẤT HIỆN BÊN CẠNH MỘT NGƯỜI NHƯ VẬY, nhưng không ai muốn xuất hiện bên cạnh một người như vậy.
VIVOSDEV18_199_snr0,vivos,whisper,small,zero_shot,,42,0,music,HIỂN NHIÊN KHÔNG AI MUỐN XUẤT HIỆN BÊN CẠNH MỘT NGƯỜI NHƯ VẬY, Như không ai muốn sức giết đến tập mật của mình vậy
VIVOSDEV18_199_snr10,vivos,whisper,small,zero_shot,,42,10,speech,HIỂN NHIÊN KHÔNG AI MUỐN XUẤT HIỆN BÊN CẠNH MỘT NGƯỜI NHƯ VẬY, nhưng không ai muốn xuất hiện bên cạnh một người như vậy.
VIVOSDEV18_199_snr20,vivos,whisper,small,zero_shot,,42,20,music,HIỂN NHIÊN KHÔNG AI MUỐN XUẤT HIỆN BÊN CẠNH MỘT NGƯỜI NHƯ VẬY, nhưng không ai muốn xuất hiện bên cạnh một người như vậy.
VIVOSDEV18_199_snr5,vivos,whisper,small,zero_shot,,42,5,noise,HIỂN NHIÊN KHÔNG AI MUỐN XUẤT HIỆN BÊN CẠNH MỘT NGƯỜI NHƯ VẬY, Nhưng không ai muốn xuất hiện bên cạnh một người như vậy.
VIVOSDEV18_214_clean,vivos,whisper,small,zero_shot,,42,clean,clean,KIỂU HÀI DUNG TỤC VẪN CỨ LỀNH KHÊNH Ở MỘT SỐ TỤ ĐIỂM, Kẹo 2 dung tục vẫn cứ lần khăn ở 1 số tụ điểm.
VIVOSDEV18_214_snr0,vivos,whisper,small,zero_shot,,42,0,music,KIỂU HÀI DUNG TỤC VẪN CỨ LỀNH KHÊNH Ở MỘT SỐ TỤ ĐIỂM, Tiểu hai dung tục tự kử lên thân hộ một số tụi điểm.
VIVOSDEV18_214_snr10,vivos,whisper,small,zero_shot,,42,10,noise,KIỂU HÀI DUNG TỤC VẪN CỨ LỀNH KHÊNH Ở MỘT SỐ TỤ ĐIỂM, Kẹo 2 chúng tục vẫn cứ lên khăn ở 1 số tụ điểm.
VIVOSDEV18_214_snr20,vivos,whisper,small,zero_shot,,42,20,speech,KIỂU HÀI DUNG TỤC VẪN CỨ LỀNH KHÊNH Ở MỘT SỐ TỤ ĐIỂM, Kẹo 2 dung tục vẫn cứ lên khăn ở một số tụ điểm.
VIVOSDEV18_214_snr5,vivos,whisper,small,zero_shot,,42,5,speech,KIỂU HÀI DUNG TỤC VẪN CỨ LỀNH KHÊNH Ở MỘT SỐ TỤ ĐIỂM, kiểu hai dung tục vẫn cứ lên thành một số tủ điểm.
VIVOSDEV18_250_clean,vivos,whisper,small,zero_shot,,42,clean,clean,LẦN ĐẦU TIÊN MỘT NHÂN VIÊN NGƯỜI VIỆT THÁCH THỨC VIỆC TÁC NGHIỆP CỦA TÔI," Lần đầu tiên, một nhân viên người Việt thắt thức việc tác nghiệp của tôi."
VIVOSDEV18_250_snr0,vivos,whisper,small,zero_shot,,42,0,music,LẦN ĐẦU TIÊN MỘT NHÂN VIÊN NGƯỜI VIỆT THÁCH THỨC VIỆC TÁC NGHIỆP CỦA TÔI, Lần đầu tiên một nhân viên người Việt thắc thức việc tác nghiệp của tôi.
VIVOSDEV18_250_snr10,vivos,whisper,small,zero_shot,,42,10,music,LẦN ĐẦU TIÊN MỘT NHÂN VIÊN NGƯỜI VIỆT THÁCH THỨC VIỆC TÁC NGHIỆP CỦA TÔI, là đầu tiên một nhân viên người Việt thất thức việc tác niệp của tôi.
VIVOSDEV18_250_snr20,vivos,whisper,small,zero_shot,,42,20,music,LẦN ĐẦU TIÊN MỘT NHÂN VIÊN NGƯỜI VIỆT THÁCH THỨC VIỆC TÁC NGHIỆP CỦA TÔI, là lần đầu tiên một nhân viên người Việt thắt thức việc tác nghiệp của tôi.
VIVOSDEV18_250_snr5,vivos,whisper,small,zero_shot,,42,5,noise,LẦN ĐẦU TIÊN MỘT NHÂN VIÊN NGƯỜI VIỆT THÁCH THỨC VIỆC TÁC NGHIỆP CỦA TÔI, là đầu tiên một nên viên người Việt khóc khích việc tác nghiệp của tôi.
VIVOSDEV18_252_clean,vivos,whisper,small,zero_shot,,42,clean,clean,LÚC ĐÓ CHỊ TƯỞNG LÀM NHƯ VẬY CŨNG LÀM MÁ VUI, Đúc đó chỉ tưởng làm như vậy cũng là má vui.
VIVOSDEV18_252_snr0,vivos,whisper,small,zero_shot,,42,0,noise,LÚC ĐÓ CHỊ TƯỞNG LÀM NHƯ VẬY CŨNG LÀM MÁ VUI, Trúc đó chỉ tưởng làm như vậy cũng làm má vui
VIVOSDEV18_252_snr10,vivos,whisper,small,zero_shot,,42,10,music,LÚC ĐÓ CHỊ TƯỞNG LÀM NHƯ VẬY CŨNG LÀM MÁ VUI, Túc đó chỉ tưởng làm như vậy cũng là má vui.
VIVOSDEV18_252_snr20,vivos,whisper,small,zero_shot,,42,20,noise,LÚC ĐÓ CHỊ TƯỞNG LÀM NHƯ VẬY CŨNG LÀM MÁ VUI, Đúc đó chỉ tưởng làm như vậy cũng là má vui.
VIVOSDEV18_252_snr5,vivos,whisper,small,zero_shot,,42,5,noise,LÚC ĐÓ CHỊ TƯỞNG LÀM NHƯ VẬY CŨNG LÀM MÁ VUI, Tốt đó chỉ tưởng làm như vậy cũng là má vui.
VIVOSDEV18_263_clean,vivos,whisper,small,zero_shot,,42,clean,clean,QUẢN LÝ NHÀ NƯỚC VỀ GIAO THÔNG VẬN TẢI ĐÔ THỊ, Quản lý nhàn nước về giao thông vận tại Đô Thị
VIVOSDEV18_263_snr0,vivos,whisper,small,zero_shot,,42,0,music,QUẢN LÝ NHÀ NƯỚC VỀ GIAO THÔNG VẬN TẢI ĐÔ THỊ, Quả lý nhật nước về ra thông vận tại đôi thịn
VIVOSDEV18_263_snr10,vivos,whisper,small,zero_shot,,42,10,noise,QUẢN LÝ NHÀ NƯỚC VỀ GIAO THÔNG VẬN TẢI ĐÔ THỊ, Quản lý nhàn nước về giao thông vận tại Đô Thị
VIVOSDEV18_263_snr20,vivos,whisper,small,zero_shot,,42,20,speech,QUẢN LÝ NHÀ NƯỚC VỀ GIAO THÔNG VẬN TẢI ĐÔ THỊ, Quản lý nhận nước về giao thông vận tại đô thị.
VIVOSDEV18_263_snr5,vivos,whisper,small,zero_shot,,42,5,music,QUẢN LÝ NHÀ NƯỚC VỀ GIAO THÔNG VẬN TẢI ĐÔ THỊ, Quản lý nhàn nước về giao thông vận tại Đô Thị
VIVOSDEV18_273_clean,vivos,whisper,small,zero_shot,,42,clean,clean,TRƯỚC HẾT BẠN CẦN TÌM HIỂU THÔNG TIN QUY HOẠCH KHU ĐẤT, trước hết bạn cần tìm hiểu thông tin quy hoạt khu đất.
VIVOSDEV18_273_snr0,vivos,whisper,small,zero_shot,,42,0,music,TRƯỚC HẾT BẠN CẦN TÌM HIỂU THÔNG TIN QUY HOẠCH KHU ĐẤT, trước hết bạn cần tìm hiểu thông tin quy hoạt khu đất.
VIVOSDEV18_273_snr10,vivos,whisper,small,zero_shot,,42,10,noise,TRƯỚC HẾT BẠN CẦN TÌM HIỂU THÔNG TIN QUY HOẠCH KHU ĐẤT, trước hết bạn cần tìm hiểu thông tin quy hoạt khu đất.
VIVOSDEV18_273_snr20,vivos,whisper,small,zero_shot,,42,20,music,TRƯỚC HẾT BẠN CẦN TÌM HIỂU THÔNG TIN QUY HOẠCH KHU ĐẤT, trước hết bạn cần tìm hiểu thông tin quy hoạt khu đất.
VIVOSDEV18_273_snr5,vivos,whisper,small,zero_shot,,42,5,noise,TRƯỚC HẾT BẠN CẦN TÌM HIỂU THÔNG TIN QUY HOẠCH KHU ĐẤT, trước hết bạn cần tìm hiểu thông tin khuy hoạch khu đất.
VIVOSDEV18_279_clean,vivos,whisper,small,zero_shot,,42,clean,clean,NHỮNG SẢN PHẨM GIÚP NỞ NGỰC VÀ TAN MỠ CẤP TỐC ẢNH YẾN TRINH, Những sản phẩm giúp nỡ ngược và tan mở cấp tốc ăn hèn đến yến chinh.
VIVOSDEV18_279_snr0,vivos,whisper,small,zero_shot,,42,0,noise,NHỮNG SẢN PHẨM GIÚP NỞ NGỰC VÀ TAN MỠ CẤP TỐC ẢNH YẾN TRINH, Cảm ơn các cậu giúp nỗng người ta mọi khắp thấp. Xin xin chào.
VIVOSDEV18_279_snr10,vivos,whisper,small,zero_shot,,42,10,noise,NHỮNG SẢN PHẨM GIÚP NỞ NGỰC VÀ TAN MỠ CẤP TỐC ẢNH YẾN TRINH, Những sản phẩm giúp nỡ ngược và tan mở cấp tốc ăn hiển đến Yến Trinh.
VIVOSDEV18_279_snr20,vivos,whisper,small,zero_shot,,42,20,noise,NHỮNG SẢN PHẨM GIÚP NỞ NGỰC VÀ TAN MỠ CẤP TỐC ẢNH YẾN TRINH, Những sản phẩm giúp nỡ ngược và tan mở cấp tốc ăn hiền đến yến chinh.
VIVOSDEV18_279_snr5,vivos,whisper,small,zero_shot,,42,5,noise,NHỮNG SẢN PHẨM GIÚP NỞ NGỰC VÀ TAN MỠ CẤP TỐC ẢNH YẾN TRINH, Những sản phẩm giúp nỡ ngược và tan mở cấp tốc an hẹn đến yến chinh.
VIVOSDEV18_280_clean,vivos,whisper,small,zero_shot,,42,clean,clean,PHÓNG SỰ ẢNH NHỮNG MÀN BIỂU DIỄN NGOẠN MỤC TRÊN BẦU TRỜI, phóng sự ăn những man biểu diễn ngoạn mục trên bầu trời.
VIVOSDEV18_280_snr0,vivos,whisper,small,zero_shot,,42,0,noise,PHÓNG SỰ ẢNH NHỮNG MÀN BIỂU DIỄN NGOẠN MỤC TRÊN BẦU TRỜI, Thóng sự nhiều ăn mang đỡ giãn mạng một chân bầu cơm.
VIVOSDEV18_280_snr10,vivos,whisper,small,zero_shot,,42,10,noise,PHÓNG SỰ ẢNH NHỮNG MÀN BIỂU DIỄN NGOẠN MỤC TRÊN BẦU TRỜI, phóng sự ăn những man đưa diễn ngoạn mục trên bầu trường.
VIVOSDEV18_280_snr20,vivos,whisper,small,zero_shot,,42,20,music,PHÓNG SỰ ẢNH NHỮNG MÀN BIỂU DIỄN NGOẠN MỤC TRÊN BẦU TRỜI, phóng sự ăn những man biểu diễn ngoạn mục trên bầu trời.
VIVOSDEV18_280_snr5,vivos,whisper,small,zero_shot,,42,5,noise,PHÓNG SỰ ẢNH NHỮNG MÀN BIỂU DIỄN NGOẠN MỤC TRÊN BẦU TRỜI, Phóng sự ăn những man đưa diễn ngoạn mục trên bầu trời.
VIVOSDEV18_293_clean,vivos,whisper,small,zero_shot,,42,clean,clean,KIỂM TRA TRUNG TÂM NÀY CÔNG AN ĐÃ BẮT GIỮ TỚI, để kiểm tra trung tâm này công an đã bắt giữ tới.
VIVOSDEV18_293_snr0,vivos,whisper,small,zero_shot,,42,0,speech,KIỂM TRA TRUNG TÂM NÀY CÔNG AN ĐÃ BẮT GIỮ TỚI," Cháy chí tâm này có quan đại 15K, hông?"
VIVOSDEV18_293_snr10,vivos,whisper,small,zero_shot,,42,10,speech,KIỂM TRA TRUNG TÂM NÀY CÔNG AN ĐÃ BẮT GIỮ TỚI, và cho trung tâm này công an đã bắt giữ tớ.
VIVOSDEV18_293_snr20,vivos,whisper,small,zero_shot,,42,20,speech,KIỂM TRA TRUNG TÂM NÀY CÔNG AN ĐÃ BẮT GIỮ TỚI, Điểm tra trung tâm này công an đã bắt giữ tới.
VIVOSDEV18_293_snr5,vivos,whisper,small,zero_shot,,42,5,music,KIỂM TRA TRUNG TÂM NÀY CÔNG AN ĐÃ BẮT GIỮ TỚI, Để cho trung tâm này công an đã bắt giữ tới.
VIVOSDEV19_008_clean,vivos,whisper,small,zero_shot,,42,clean,clean,TỪ ĐÓ LẠI SA ĐÀ VÀO NHIỀU NGHỊCH CẢNH ĐÁNG TIẾC, Từ đó lại sẽ đe vào nhiều ngựt cảnh đáng tiếp.
VIVOSDEV19_008_snr0,vivos,whisper,small,zero_shot,,42,0,noise,TỪ ĐÓ LẠI SA ĐÀ VÀO NHIỀU NGHỊCH CẢNH ĐÁNG TIẾC," Từ đó, lại xe đe vào nhiều ngựt cảnh đáng tiết."
VIVOSDEV19_008_snr10,vivos,whisper,small,zero_shot,,42,10,noise,TỪ ĐÓ LẠI SA ĐÀ VÀO NHIỀU NGHỊCH CẢNH ĐÁNG TIẾC, Từ đó lại sẽ đe vào nhiều nận cảnh đáng tiết.
VIVOSDEV19_008_snr20,vivos,whisper,small,zero_shot,,42,20,speech,TỪ ĐÓ LẠI SA ĐÀ VÀO NHIỀU NGHỊCH CẢNH ĐÁNG TIẾC, Từ đó lại xe đe vào nhiều ngựt cảnh đáng tiếp.
VIVOSDEV19_008_snr5,vivos,whisper,small,zero_shot,,42,5,noise,TỪ ĐÓ LẠI SA ĐÀ VÀO NHIỀU NGHỊCH CẢNH ĐÁNG TIẾC, Từ đó lại sẽ đe vào nhiều nựt cảnh đánh tiết.
VIVOSDEV19_020_clean,vivos,whisper,small,zero_shot,,42,clean,clean,LÊN CÁC CUỘC HẸN PHỎNG VẤN VÀ THỰC HIỆN PHỎNG VẤN, Lên các cuộc hẻn phong bón và thực hiện phong phón.
VIVOSDEV19_020_snr0,vivos,whisper,small,zero_shot,,42,0,noise,LÊN CÁC CUỘC HẸN PHỎNG VẤN VÀ THỰC HIỆN PHỎNG VẤN, Lên các cuộc hiện phong bấm và thực hiện phong bấm.
VIVOSDEV19_020_snr10,vivos,whisper,small,zero_shot,,42,10,noise,LÊN CÁC CUỘC HẸN PHỎNG VẤN VÀ THỰC HIỆN PHỎNG VẤN, Lên các cuộc hẻng phong phấn và thực hiện phong phấn.
VIVOSDEV19_020_snr20,vivos,whisper,small,zero_shot,,42,20,speech,LÊN CÁC CUỘC HẸN PHỎNG VẤN VÀ THỰC HIỆN PHỎNG VẤN, Lên các cuộc hẻn phong bón và thực hiện phong bón.
VIVOSDEV19_020_snr5,vivos,whisper,small,zero_shot,,42,5,speech,LÊN CÁC CUỘC HẸN PHỎNG VẤN VÀ THỰC HIỆN PHỎNG VẤN, Nên các cuộc hiện phong phong và thực hiện phong phong.
VIVOSDEV19_022_clean,vivos,whisper,small,zero_shot,,42,clean,clean,XÉT Ở KHÍA CẠNH NÀY THÌ ĐÚNG LÀ MẤT BÒ MỚI LO LÀM CHUỒNG, Xét ở khiếc ảnh này thì trụt đúng là mắc bà mới lo làm chuồng.
VIVOSDEV19_022_snr0,vivos,whisper,small,zero_shot,,42,0,music,XÉT Ở KHÍA CẠNH NÀY THÌ ĐÚNG LÀ MẤT BÒ MỚI LO LÀM CHUỒNG, Xét ở dưới cạnh này thì chứng đúng là mắc bà mới la làm chuồng.
VIVOSDEV19_022_snr10,vivos,whisper,small,zero_shot,,42,10,speech,XÉT Ở KHÍA CẠNH NÀY THÌ ĐÚNG LÀ MẤT BÒ MỚI LO LÀM CHUỒNG, Xét ở khiếc ảnh này thì trực đúng là mắc bà mới lo làm chùm.
VIVOSDEV19_022_snr20,vivos,whisper,small,zero_shot,,42,20,noise,XÉT Ở KHÍA CẠNH NÀY THÌ ĐÚNG LÀ MẤT BÒ MỚI LO LÀM CHUỒNG, Xét ở khi cạnh này thì chụp đúng là mắc bà mới lo làm chuồng.
VIVOSDEV19_022_snr5,vivos,whisper,small,zero_shot,,42,5,noise,XÉT Ở KHÍA CẠNH NÀY THÌ ĐÚNG LÀ MẤT BÒ MỚI LO LÀM CHUỒNG, Chết ở dưới cạnh này thì chụp đúng là mắc bà mới lo làm chùm.
VIVOSDEV19_024_clean,vivos,whisper,small,zero_shot,,42,clean,clean,TUY NHIÊN TÔI NGHĨ CẬU TA XỨNG ĐÁNG VỚI CHỨC VÔ ĐỊCH," Tuy nhiên, tôi nghĩ cậu ta sứng đáng với chức vô địch."
VIVOSDEV19_024_snr0,vivos,whisper,small,zero_shot,,42,0,noise,TUY NHIÊN TÔI NGHĨ CẬU TA XỨNG ĐÁNG VỚI CHỨC VÔ ĐỊCH," Tuy nhiên, tôi nghĩ cậu ta xứng đáng với chức phô địch."
VIVOSDEV19_024_snr10,vivos,whisper,small,zero_shot,,42,10,noise,TUY NHIÊN TÔI NGHĨ CẬU TA XỨNG ĐÁNG VỚI CHỨC VÔ ĐỊCH," Tuy nhiên, tôi nghĩ cậu ta xứng đáng với chức vô địch."
VIVOSDEV19_024_snr20,vivos,whisper,small,zero_shot,,42,20,noise,TUY NHIÊN TÔI NGHĨ CẬU TA XỨNG ĐÁNG VỚI CHỨC VÔ ĐỊCH," Tuy nhiên, tôi nghĩ cậu ta sứng đáng với chức vô địch."
VIVOSDEV19_024_snr5,vivos,whisper,small,zero_shot,,42,5,speech,TUY NHIÊN TÔI NGHĨ CẬU TA XỨNG ĐÁNG VỚI CHỨC VÔ ĐỊCH," Tuy nhiên, tôi nghĩ cậu ta sẽ đáng với chức phô địch."
VIVOSDEV19_027_clean,vivos,whisper,small,zero_shot,,42,clean,clean,NHỮNG BIẾN DẠNG NÀY THƯỜNG THẤY RÕ KHI DƯƠNG VẬT CƯƠNG, Những biến dạng này thường thấy rõ khi duong và cương.
VIVOSDEV19_027_snr0,vivos,whisper,small,zero_shot,,42,0,music,NHỮNG BIẾN DẠNG NÀY THƯỜNG THẤY RÕ KHI DƯƠNG VẬT CƯƠNG, Những biến dạ này thường thấy rõ khi duong và cương.
VIVOSDEV19_027_snr10,vivos,whisper,small,zero_shot,,42,10,noise,NHỮNG BIẾN DẠNG NÀY THƯỜNG THẤY RÕ KHI DƯƠNG VẬT CƯƠNG, Những biến dạng này thường thấy rõ khi duong vật cương.
VIVOSDEV19_027_snr20,vivos,whisper,small,zero_shot,,42,20,noise,NHỮNG BIẾN DẠNG NÀY THƯỜNG THẤY RÕ KHI DƯƠNG VẬT CƯƠNG, Những biến dạng này thường thấy rõ khi duong và cương.
VIVOSDEV19_027_snr5,vivos,whisper,small,zero_shot,,42,5,music,NHỮNG BIẾN DẠNG NÀY THƯỜNG THẤY RÕ KHI DƯƠNG VẬT CƯƠNG, Những biến dạ này thường thấy rõ khi duong và cung.
VIVOSDEV19_029_clean,vivos,whisper,small,zero_shot,,42,clean,clean,GIỎI GÌ BÁC MÌNH ĐẺ RA KHÔNG NUÔI THÌ AI NUÔI," Dõi thì bác mình để ra, không nuôi thì ai nuôi?"
VIVOSDEV19_029_snr0,vivos,whisper,small,zero_shot,,42,0,noise,GIỎI GÌ BÁC MÌNH ĐẺ RA KHÔNG NUÔI THÌ AI NUÔI," Dõi thì bác mình để ra, không nuôi thì ai nuôi?"
VIVOSDEV19_029_snr10,vivos,whisper,small,zero_shot,,42,10,music,GIỎI GÌ BÁC MÌNH ĐẺ RA KHÔNG NUÔI THÌ AI NUÔI," Dõi thì bác mình để ra, không nuôi thì ai nuôi?"
VIVOSDEV19_029_snr20,vivos,whisper,small,zero_shot,,42,20,speech,GIỎI GÌ BÁC MÌNH ĐẺ RA KHÔNG NUÔI THÌ AI NUÔI," Dõi thì bác mình để ra, không nuôi thì ai nuôi?"
VIVOSDEV19_029_snr5,vivos,whisper,small,zero_shot,,42,5,noise,GIỎI GÌ BÁC MÌNH ĐẺ RA KHÔNG NUÔI THÌ AI NUÔI, Dõi thì bác mình để ra không nuôi thì ai nuôi?
VIVOSDEV19_045_clean,vivos,whisper,small,zero_shot,,42,clean,clean,ÔNG NÓI CHÚNG TÔI HI VỌNG SẼ CÓ NHỮNG TIN TỨC TỐT LÀNH, Ông nói chúng tôi hy vọng sẽ cá những tin tức tốt lành.
VIVOSDEV19_045_snr0,vivos,whisper,small,zero_shot,,42,0,noise,ÔNG NÓI CHÚNG TÔI HI VỌNG SẼ CÓ NHỮNG TIN TỨC TỐT LÀNH, Ông nói chúng tôi hy vọng tị cá những sinh tất áp lành.
VIVOSDEV19_045_snr10,vivos,whisper,small,zero_shot,,42,10,noise,ÔNG NÓI CHÚNG TÔI HI VỌNG SẼ CÓ NHỮNG TIN TỨC TỐT LÀNH, Ông nói chúng tôi hy vọng sẽ cá những tin tức tốt lành.
VIVOSDEV19_045_snr20,vivos,whisper,small,zero_shot,,42,20,speech,ÔNG NÓI CHÚNG TÔI HI VỌNG SẼ CÓ NHỮNG TIN TỨC TỐT LÀNH, Ông nói chúng tôi hy vọng sẽ cá những tin tức tốt lành.
VIVOSDEV19_045_snr5,vivos,whisper,small,zero_shot,,42,5,music,ÔNG NÓI CHÚNG TÔI HI VỌNG SẼ CÓ NHỮNG TIN TỨC TỐT LÀNH, Ông nói chúng tôi hy vọng phải có những tin tức tốt lành.
VIVOSDEV19_061_clean,vivos,whisper,small,zero_shot,,42,clean,clean,ĐỂ NHỮNG KHÓ KHĂN VÀ MÂU THUẪN DẦN DẦN SẼ BỊ ĐẨY LUI, để những khó khăn và máu thủn dần dần sẽ bị đại luy.
VIVOSDEV19_061_snr0,vivos,whisper,small,zero_shot,,42,0,music,ĐỂ NHỮNG KHÓ KHĂN VÀ MÂU THUẪN DẦN DẦN SẼ BỊ ĐẨY LUI, để những khó khăn và báo thủ nhanh dàng sẽ bị đại luy.
VIVOSDEV19_061_snr10,vivos,whisper,small,zero_shot,,42,10,noise,ĐỂ NHỮNG KHÓ KHĂN VÀ MÂU THUẪN DẦN DẦN SẼ BỊ ĐẨY LUI, để những khó khăn và máu thủng dần dần sẽ bị đại luy.
VIVOSDEV19_061_snr20,vivos,whisper,small,zero_shot,,42,20,music,ĐỂ NHỮNG KHÓ KHĂN VÀ MÂU THUẪN DẦN DẦN SẼ BỊ ĐẨY LUI, để những khó khăn và máu thủn dần dần sẽ bị đại luy.
VIVOSDEV19_061_snr5,vivos,whisper,small,zero_shot,,42,5,music,ĐỂ NHỮNG KHÓ KHĂN VÀ MÂU THUẪN DẦN DẦN SẼ BỊ ĐẨY LUI, Để những khó khăn và máu thủn dần dần sẽ bị đại luy
VIVOSDEV19_064_clean,vivos,whisper,small,zero_shot,,42,clean,clean,CHÓNG MẶT CÒN CÓ THỂ DO TÌNH TRẠNG RỐI LOẠN NHỊP TIM NẶNG GÂY RA, Chống mặt còn có thể do tình trạng rất lọn dịp tim nặng gây ra.
VIVOSDEV19_064_snr0,vivos,whisper,small,zero_shot,,42,0,noise,CHÓNG MẶT CÒN CÓ THỂ DO TÌNH TRẠNG RỐI LOẠN NHỊP TIM NẶNG GÂY RA," Chóng mạch còn có thể ra tình trạng, lọ nhịp tim nặng cây ra"
VIVOSDEV19_064_snr10,vivos,whisper,small,zero_shot,,42,10,speech,CHÓNG MẶT CÒN CÓ THỂ DO TÌNH TRẠNG RỐI LOẠN NHỊP TIM NẶNG GÂY RA," Chống mạch, còn có thể do tình trạng rớ lọn nhịp tim mạng gây ra."
VIVOSDEV19_064_snr20,vivos,whisper,small,zero_shot,,42,20,noise,CHÓNG MẶT CÒN CÓ THỂ DO TÌNH TRẠNG RỐI LOẠN NHỊP TIM NẶNG GÂY RA, Chống mặt còn có thể ra tình trạng rất lọn dịp tim nặng gây ra.
VIVOSDEV19_064_snr5,vivos,whisper,small,zero_shot,,42,5,speech,CHÓNG MẶT CÒN CÓ THỂ DO TÌNH TRẠNG RỐI LOẠN NHỊP TIM NẶNG GÂY RA, Chống mạch còn có thể do tình trạng giữa lọn nhịp tim mạng cây ra.
VIVOSDEV19_072_clean,vivos,whisper,small,zero_shot,,42,clean,clean,CHƯƠNG TRÌNH HỌC BỔNG THANH NIÊN CHÂU Á CỦA NHẬT BẢN, trương trình học bỏng thanh Liên Châu Á của Nhật Bản
VIVOSDEV19_072_snr0,vivos,whisper,small,zero_shot,,42,0,noise,CHƯƠNG TRÌNH HỌC BỔNG THANH NIÊN CHÂU Á CỦA NHẬT BẢN, trương trình học bỏng thanh niên châu á của Nhật Bản
VIVOSDEV19_072_snr10,vivos,whisper,small,zero_shot,,42,10,noise,CHƯƠNG TRÌNH HỌC BỔNG THANH NIÊN CHÂU Á CỦA NHẬT BẢN, Chương trình học bỏng thanh niên châu Á của Nhật Bản
VIVOSDEV19_072_snr20,vivos,whisper,small,zero_shot,,42,20,noise,CHƯƠNG TRÌNH HỌC BỔNG THANH NIÊN CHÂU Á CỦA NHẬT BẢN, Chương trình học bỏng thanh Liên Châu Á của Nhật Bản
VIVOSDEV19_072_snr5,vivos,whisper,small,zero_shot,,42,5,noise,CHƯƠNG TRÌNH HỌC BỔNG THANH NIÊN CHÂU Á CỦA NHẬT BẢN, trương trình học bỏng thanh liên châu á của Nhật Bản
VIVOSDEV19_083_clean,vivos,whisper,small,zero_shot,,42,clean,clean,NHƯNG RỒI CÁI TÌNH VỚI BÀ CON CỨ NẮM NÍU KHÔNG DỨT RA ĐƯỢC," Nhưng rồi, cải tình với bà con cứ nắm nếu không giúp ra được."
VIVOSDEV19_083_snr0,vivos,whisper,small,zero_shot,,42,0,noise,NHƯNG RỒI CÁI TÌNH VỚI BÀ CON CỨ NẮM NÍU KHÔNG DỨT RA ĐƯỢC," Nhưng rồi, cái tình với bè con cứ nắm nếu không giúp ra được."
VIVOSDEV19_083_snr10,vivos,whisper,small,zero_shot,,42,10,music,NHƯNG RỒI CÁI TÌNH VỚI BÀ CON CỨ NẮM NÍU KHÔNG DỨT RA ĐƯỢC," Nhưng rồi, cái tình với bà con cứ nắm nếu không giúp ra được."
VIVOSDEV19_083_snr20,vivos,whisper,small,zero_shot,,42,20,noise,NHƯNG RỒI CÁI TÌNH VỚI BÀ CON CỨ NẮM NÍU KHÔNG DỨT RA ĐƯỢC," Nhưng rồi, cái tình với bà con cứ nắm nếu không giúp ra được."
VIVOSDEV19_083_snr5,vivos,whisper,small,zero_shot,,42,5,music,NHƯNG RỒI CÁI TÌNH VỚI BÀ CON CỨ NẮM NÍU KHÔNG DỨT RA ĐƯỢC," nhưng rồi, cái tình, cưới bà con cưới nắm nếu không giúp ra được."
VIVOSDEV19_111_clean,vivos,whisper,small,zero_shot,,42,clean,clean,KHUYẾT ĐIỂM LỚN CỦA CHÚNG TA LÀ CHƯA CÓ DÂN CHỦ THẬT SỰ," Khuyết điểm lớn của chúng ta là chưa cá dăng chủ, thật sự."
VIVOSDEV19_111_snr0,vivos,whisper,small,zero_shot,,42,0,music,KHUYẾT ĐIỂM LỚN CỦA CHÚNG TA LÀ CHƯA CÓ DÂN CHỦ THẬT SỰ," Khuyết điểm lớn của chúng ta là chưa có văn chủ, thật sự."
VIVOSDEV19_111_snr10,vivos,whisper,small,zero_shot,,42,10,speech,KHUYẾT ĐIỂM LỚN CỦA CHÚNG TA LÀ CHƯA CÓ DÂN CHỦ THẬT SỰ, Quyết điểm lớn của chúng ta là chưa cả Giang Chủ thật sự.
VIVOSDEV19_111_snr20,vivos,whisper,small,zero_shot,,42,20,noise,KHUYẾT ĐIỂM LỚN CỦA CHÚNG TA LÀ CHƯA CÓ DÂN CHỦ THẬT SỰ," Khuyết điểm lớn của chúng ta là chưa cá dăng chủ, thật sự."
VIVOSDEV19_111_snr5,vivos,whisper,small,zero_shot,,42,5,noise,KHUYẾT ĐIỂM LỚN CỦA CHÚNG TA LÀ CHƯA CÓ DÂN CHỦ THẬT SỰ," Khuyết điểm lớn của chúng ta là chưa cá dăng chủ, thật sự."
VIVOSDEV19_133_clean,vivos,whisper,small,zero_shot,,42,clean,clean,EM CÓ SUY NGHĨ THÊM VỀ VIỆC THAM DỰ HỘI CHỢ KHOA HỌC KHÔNG, Em có suy nghĩ thêm về việc tham dự hội trợ khóa học không?
VIVOSDEV19_133_snr0,vivos,whisper,small,zero_shot,,42,0,music,EM CÓ SUY NGHĨ THÊM VỀ VIỆC THAM DỰ HỘI CHỢ KHOA HỌC KHÔNG, Em có suy nghĩ thêm người Việt Nam dự hỏi trở khóa học không?
VIVOSDEV19_133_snr10,vivos,whisper,small,zero_shot,,42,10,noise,EM CÓ SUY NGHĨ THÊM VỀ VIỆC THAM DỰ HỘI CHỢ KHOA HỌC KHÔNG, Em có suy nghĩ thêm về việc hành dự hội chờ ở quá học không?
VIVOSDEV19_133_snr20,vivos,whisper,small,zero_shot,,42,20,music,EM CÓ SUY NGHĨ THÊM VỀ VIỆC THAM DỰ HỘI CHỢ KHOA HỌC KHÔNG, Em có suy nghĩ thêm về việc tham dự hội trợ ở Khoa học không?
VIVOSDEV19_133_snr5,vivos,whisper,small,zero_shot,,42,5,speech,EM CÓ SUY NGHĨ THÊM VỀ VIỆC THAM DỰ HỘI CHỢ KHOA HỌC KHÔNG, Em có suy nghĩ thêm về viện thám dự hội trở qua học không?
VIVOSDEV19_161_clean,vivos,whisper,small,zero_shot,,42,clean,clean,THÔNG THƯỜNG ÁN KỶ LUẬT NẾU CÓ THƯỜNG BAN HÀNH VÀO CUỐI TUẦN, Thông thường án kỹ lục nếu có thường bang hành vào cuối tùng.
VIVOSDEV19_161_snr0,vivos,whisper,small,zero_shot,,42,0,noise,THÔNG THƯỜNG ÁN KỶ LUẬT NẾU CÓ THƯỜNG BAN HÀNH VÀO CUỐI TUẦN, Thông thường án kỹ lục nếu có thường bang hành vào cuối tùng
VIVOSDEV19_161_snr10,vivos,whisper,small,zero_shot,,42,10,noise,THÔNG THƯỜNG ÁN KỶ LUẬT NẾU CÓ THƯỜNG BAN HÀNH VÀO CUỐI TUẦN, Thông thường án kỹ lục nếu có thường mang hành vào cuối tùng.
VIVOSDEV19_161_snr20,vivos,whisper,small,zero_shot,,42,20,speech,THÔNG THƯỜNG ÁN KỶ LUẬT NẾU CÓ THƯỜNG BAN HÀNH VÀO CUỐI TUẦN, Thông thường án kỹ lục nếu có thường ban hành vào cuối tùng.
VIVOSDEV19_161_snr5,vivos,whisper,small,zero_shot,,42,5,music,THÔNG THƯỜNG ÁN KỶ LUẬT NẾU CÓ THƯỜNG BAN HÀNH VÀO CUỐI TUẦN, Thông thường án kỹ lục nếu có thường bang hành vào cuối tùng.
VIVOSDEV19_163_clean,vivos,whisper,small,zero_shot,,42,clean,clean,ĐIỀU LẠ LÀ TÔI VẪN KHÔNG TỪ BỎ Ý ĐỊNH TRỞ THÀNH TU SĨ, Điều lẽ là tôi vẫn không từ bá ít ảnh trở thành tu sế.
VIVOSDEV19_163_snr0,vivos,whisper,small,zero_shot,,42,0,noise,ĐIỀU LẠ LÀ TÔI VẪN KHÔNG TỪ BỎ Ý ĐỊNH TRỞ THÀNH TU SĨ, Điều lẽ là tôi vẫn không từ bá ít ảnh trở thành tu sế.
VIVOSDEV19_163_snr10,vivos,whisper,small,zero_shot,,42,10,music,ĐIỀU LẠ LÀ TÔI VẪN KHÔNG TỪ BỎ Ý ĐỊNH TRỞ THÀNH TU SĨ, Điều lẽ là tôi vẫn không từ bá ít ảnh trở thành tu sế.
VIVOSDEV19_163_snr20,vivos,whisper,small,zero_shot,,42,20,speech,ĐIỀU LẠ LÀ TÔI VẪN KHÔNG TỪ BỎ Ý ĐỊNH TRỞ THÀNH TU SĨ, Điều lẽ là tôi vẫn không từ bá ít ảnh trở thành tu sĩ.
VIVOSDEV19_163_snr5,vivos,whisper,small,zero_shot,,42,5,noise,ĐIỀU LẠ LÀ TÔI VẪN KHÔNG TỪ BỎ Ý ĐỊNH TRỞ THÀNH TU SĨ, Điều lẽ là tôi vẫn không từ bá ít định trở thành tu sĩ.
VIVOSDEV19_169_clean,vivos,whisper,small,zero_shot,,42,clean,clean,NHANH QUÁ ĐÃ LÀ LẦN THỨ BA XA NHÀ RỒI ĐẤY, Nhanh quẽ đã là lần thứ 3 xe nhà rồi đấy
VIVOSDEV19_169_snr0,vivos,whisper,small,zero_shot,,42,0,noise,NHANH QUÁ ĐÃ LÀ LẦN THỨ BA XA NHÀ RỒI ĐẤY, Thì nhanh quá đã là lần thứ ba xa nhờ đấy
VIVOSDEV19_169_snr10,vivos,whisper,small,zero_shot,,42,10,noise,NHANH QUÁ ĐÃ LÀ LẦN THỨ BA XA NHÀ RỒI ĐẤY, Nhanh quá đã là lần thứ 3 xem nhà rồi đấy
VIVOSDEV19_169_snr20,vivos,whisper,small,zero_shot,,42,20,music,NHANH QUÁ ĐÃ LÀ LẦN THỨ BA XA NHÀ RỒI ĐẤY, Nhanh quá đã là lần thứ 3 xe nhà rồi đấy
VIVOSDEV19_169_snr5,vivos,whisper,small,zero_shot,,42,5,music,NHANH QUÁ ĐÃ LÀ LẦN THỨ BA XA NHÀ RỒI ĐẤY, Nhanh quá đã là lòng thứ 3 xe nhà rồi đấy
VIVOSDEV19_179_clean,vivos,whisper,small,zero_shot,,42,clean,clean,ĐỖ ĐỨC THUẦN NGUYÊN KẾ TOÁN TRƯỞNG CÔNG TY TIẾP THỊ ĐẦU TƯ, Độ đất thần nguyên kế toán trưởng công ty tiếp thị đầu tư.
VIVOSDEV19_179_snr0,vivos,whisper,small,zero_shot,,42,0,speech,ĐỖ ĐỨC THUẦN NGUYÊN KẾ TOÁN TRƯỞNG CÔNG TY TIẾP THỊ ĐẦU TƯ, Điện xe của quý vị trí thủy của quý vị trí thủy của quý vị trí thủy của quý vị trí thủy của quý vị trí thủy của quý vị trí thủy của quý vị trí thủy của quý vị trí thủy của quý vị trí thủy của quý vị trí thủy của quý vị trí thủy của quý vị trí thủy của quý vị trí thủy của quý vị trí
VIVOSDEV19_179_snr10,vivos,whisper,small,zero_shot,,42,10,music,ĐỖ ĐỨC THUẦN NGUYÊN KẾ TOÁN TRƯỞNG CÔNG TY TIẾP THỊ ĐẦU TƯ, Độ đất thùng nguyên kế toán trưởng công ty tiếp thủi đầu tư.
VIVOSDEV19_179_snr20,vivos,whisper,small,zero_shot,,42,20,speech,ĐỖ ĐỨC THUẦN NGUYÊN KẾ TOÁN TRƯỞNG CÔNG TY TIẾP THỊ ĐẦU TƯ, đổ đất thần nguyên kế toán trưởng công ty tiếp thị đầu tương.
VIVOSDEV19_179_snr5,vivos,whisper,small,zero_shot,,42,5,music,ĐỖ ĐỨC THUẦN NGUYÊN KẾ TOÁN TRƯỞNG CÔNG TY TIẾP THỊ ĐẦU TƯ," Của đất thùng, quy kế tón trưởng công ty tiếp thệ đầu tư."
VIVOSDEV19_196_clean,vivos,whisper,small,zero_shot,,42,clean,clean,NGƯỜI ANH SAU ĐÓ ĐƯỢC PHÉP THẦU XÂY KÊNH NÀY NHƯNG KHÔNG TIẾN HÀNH, Người ăn sau đó được phép thầu xây kênh này nhưng không tiếng hành.
VIVOSDEV19_196_snr0,vivos,whisper,small,zero_shot,,42,0,music,NGƯỜI ANH SAU ĐÓ ĐƯỢC PHÉP THẦU XÂY KÊNH NÀY NHƯNG KHÔNG TIẾN HÀNH," Người anh sau đó được xít thỏng xây cơ này, nhưng không tiếng hạt."
VIVOSDEV19_196_snr10,vivos,whisper,small,zero_shot,,42,10,speech,NGƯỜI ANH SAU ĐÓ ĐƯỢC PHÉP THẦU XÂY KÊNH NÀY NHƯNG KHÔNG TIẾN HÀNH," Người Anh sau đó được phép thầu phai kênh này, nhưng không tiến hành."
VIVOSDEV19_196_snr20,vivos,whisper,small,zero_shot,,42,20,noise,NGƯỜI ANH SAU ĐÓ ĐƯỢC PHÉP THẦU XÂY KÊNH NÀY NHƯNG KHÔNG TIẾN HÀNH, Người ăn sau đó được phép thầu xây kênh này nhưng không tiếng hành.
VIVOSDEV19_196_snr5,vivos,whisper,small,zero_shot,,42,5,noise,NGƯỜI ANH SAU ĐÓ ĐƯỢC PHÉP THẦU XÂY KÊNH NÀY NHƯNG KHÔNG TIẾN HÀNH, Người ăn sau đó được phép thầu xây kênh này nhưng không tiếu hành.
VIVOSDEV19_218_clean,vivos,whisper,small,zero_shot,,42,clean,clean,NÓI CÁCH KHÁC CÁI ĐƯỢC CỦA CHÂU Á LÀ CÁI MẤT CỦA CHÂU PHI," Nói cách khác, cái đuệp của châu Á là cái mắt của châu Phi."
VIVOSDEV19_218_snr0,vivos,whisper,small,zero_shot,,42,0,noise,NÓI CÁCH KHÁC CÁI ĐƯỢC CỦA CHÂU Á LÀ CÁI MẤT CỦA CHÂU PHI," Nói cách khác, cái đuệp của châu Á là cái mắt của châu Phi"
VIVOSDEV19_218_snr10,vivos,whisper,small,zero_shot,,42,10,noise,NÓI CÁCH KHÁC CÁI ĐƯỢC CỦA CHÂU Á LÀ CÁI MẤT CỦA CHÂU PHI," Nói cách khác, cái đường của châu Á là cái mắt của châu Phi"
VIVOSDEV19_218_snr20,vivos,whisper,small,zero_shot,,42,20,speech,NÓI CÁCH KHÁC CÁI ĐƯỢC CỦA CHÂU Á LÀ CÁI MẤT CỦA CHÂU PHI," Nói các khác, cái được của Châu Á là cái mắt của Châu Phi."
VIVOSDEV19_218_snr5,vivos,whisper,small,zero_shot,,42,5,noise,NÓI CÁCH KHÁC CÁI ĐƯỢC CỦA CHÂU Á LÀ CÁI MẤT CỦA CHÂU PHI," Nói cách khác, cái được của châu Á là cái mắt của châu Phi."
VIVOSDEV19_244_clean,vivos,whisper,small,zero_shot,,42,clean,clean,EM HÃY TÌM CÁCH TIẾP CẬN ĐỂ BÀY TỎ VỚI MẸ, Em hãy tìm cách tiếp cận để bày tả với mẹ.
VIVOSDEV19_244_snr0,vivos,whisper,small,zero_shot,,42,0,music,EM HÃY TÌM CÁCH TIẾP CẬN ĐỂ BÀY TỎ VỚI MẸ, Em hãy tìm cách tiếp cộng để bày tạo với mẹ
VIVOSDEV19_244_snr10,vivos,whisper,small,zero_shot,,42,10,noise,EM HÃY TÌM CÁCH TIẾP CẬN ĐỂ BÀY TỎ VỚI MẸ, Em hãy tìm cách tiếp cận để bày tả với mẹ
VIVOSDEV19_244_snr20,vivos,whisper,small,zero_shot,,42,20,noise,EM HÃY TÌM CÁCH TIẾP CẬN ĐỂ BÀY TỎ VỚI MẸ, Em hãy tìm cách tiếp cận để bày tả với mẹ.
VIVOSDEV19_244_snr5,vivos,whisper,small,zero_shot,,42,5,music,EM HÃY TÌM CÁCH TIẾP CẬN ĐỂ BÀY TỎ VỚI MẸ, Em hãy tìm cách tiếp cận để bày ca vô nhẹ
VIVOSDEV19_245_clean,vivos,whisper,small,zero_shot,,42,clean,clean,LÚC ĐÓ NẠN KẸT XE CHẮC SẼ KINH KHỦNG GẤP NHIỀU LẦN HÔM NAY, Lúc đó nạn kẹt xe chắc xỉ kinh khủng gấp nhiều lần hôm nay.
VIVOSDEV19_245_snr0,vivos,whisper,small,zero_shot,,42,0,music,LÚC ĐÓ NẠN KẸT XE CHẮC SẼ KINH KHỦNG GẤP NHIỀU LẦN HÔM NAY, Lúc đó đã nhẹ cây các sẻ gân khủng rất nhiều lòng hôm nay.
VIVOSDEV19_245_snr10,vivos,whisper,small,zero_shot,,42,10,noise,LÚC ĐÓ NẠN KẸT XE CHẮC SẼ KINH KHỦNG GẤP NHIỀU LẦN HÔM NAY, Lúc đó nạn kẹt xe chắc xỉ kinh khủng gấp nhiều lần hôm nay.
VIVOSDEV19_245_snr20,vivos,whisper,small,zero_shot,,42,20,noise,LÚC ĐÓ NẠN KẸT XE CHẮC SẼ KINH KHỦNG GẤP NHIỀU LẦN HÔM NAY," Lúc đó, nạn kẹt xe chắc xỉ kinh khủng gấp nhiều lần hôm nay."
VIVOSDEV19_245_snr5,vivos,whisper,small,zero_shot,,42,5,music,LÚC ĐÓ NẠN KẸT XE CHẮC SẼ KINH KHỦNG GẤP NHIỀU LẦN HÔM NAY," Lúc đó, nạn kẹt xe chắc sẽ kinh khủng gấp nhiều lần hôm nay."
VIVOSDEV19_246_clean,vivos,whisper,small,zero_shot,,42,clean,clean,VỢ LỠ CÓ TẬT THẾ ANH NÊN THAY ĐỔI CÁCH TIẾP CẬN, Bởi lỡ các tạp thế anh nên thay đổi cách tiếp cận.
VIVOSDEV19_246_snr0,vivos,whisper,small,zero_shot,,42,0,speech,VỢ LỠ CÓ TẬT THẾ ANH NÊN THAY ĐỔI CÁCH TIẾP CẬN," Nếu chúng ta không có bất ngờ, chúng ta sẽ không có bất ngờ."
VIVOSDEV19_246_snr10,vivos,whisper,small,zero_shot,,42,10,music,VỢ LỠ CÓ TẬT THẾ ANH NÊN THAY ĐỔI CÁCH TIẾP CẬN, Bỏ lỡ các tạp thế ăn nên thay đổi cách tiếp cận.
VIVOSDEV19_246_snr20,vivos,whisper,small,zero_shot,,42,20,music,VỢ LỠ CÓ TẬT THẾ ANH NÊN THAY ĐỔI CÁCH TIẾP CẬN, Bở lỡ các tạc thế anh nên thay đổi cách tiếp cận.
VIVOSDEV19_246_snr5,vivos,whisper,small,zero_shot,,42,5,noise,VỢ LỠ CÓ TẬT THẾ ANH NÊN THAY ĐỔI CÁCH TIẾP CẬN, Vợ lợ các tạp thế ăn nên thay đổi cách tiết quảm.
VIVOSDEV19_249_clean,vivos,whisper,small,zero_shot,,42,clean,clean,ĐÂY ĐƯỢC XEM LÀ VAI DIỄN THÀNH CÔNG NHẤT CỦA VƯƠNG TỪ TRƯỚC ĐẾN NAY," Đây, đựa xem là vai diễn thành công nhắc của Vương từ chút đến nay."
VIVOSDEV19_249_snr0,vivos,whisper,small,zero_shot,,42,0,noise,ĐÂY ĐƯỢC XEM LÀ VAI DIỄN THÀNH CÔNG NHẤT CỦA VƯƠNG TỪ TRƯỚC ĐẾN NAY, Bài đội chân lại ba diễn thành công nhắc của vương tờ chụp đen nay.
VIVOSDEV19_249_snr10,vivos,whisper,small,zero_shot,,42,10,noise,ĐÂY ĐƯỢC XEM LÀ VAI DIỄN THÀNH CÔNG NHẤT CỦA VƯƠNG TỪ TRƯỚC ĐẾN NAY," Đây, đợi xem là vai diễn thành công nhắc của Vương từ chút đến nay."
VIVOSDEV19_249_snr20,vivos,whisper,small,zero_shot,,42,20,music,ĐÂY ĐƯỢC XEM LÀ VAI DIỄN THÀNH CÔNG NHẤT CỦA VƯƠNG TỪ TRƯỚC ĐẾN NAY," Đây, đựa xem là vai diễn thành công nhắc của Vương từ chút đến nay."
VIVOSDEV19_249_snr5,vivos,whisper,small,zero_shot,,42,5,noise,ĐÂY ĐƯỢC XEM LÀ VAI DIỄN THÀNH CÔNG NHẤT CỦA VƯƠNG TỪ TRƯỚC ĐẾN NAY," Đây, đựa xem là vai diễn thành công nhắc của vương từ chút đến nay"
VIVOSDEV19_259_clean,vivos,whisper,small,zero_shot,,42,clean,clean,TÍCH CỰC HƠN VỚI VẤN ĐỀ LIÊN QUAN ĐẾN KIỀU BÀO, Tất cả cậu hơn với vấn đề liên quan đến Kiều Bào.
VIVOSDEV19_259_snr0,vivos,whisper,small,zero_shot,,42,0,speech,TÍCH CỰC HƠN VỚI VẤN ĐỀ LIÊN QUAN ĐẾN KIỀU BÀO, Mày có thích tôi trong đó?
VIVOSDEV19_259_snr10,vivos,whisper,small,zero_shot,,42,10,noise,TÍCH CỰC HƠN VỚI VẤN ĐỀ LIÊN QUAN ĐẾN KIỀU BÀO, Tất cả cậu hơn với vấn đề liên quan đến Kiều Bào.
VIVOSDEV19_259_snr20,vivos,whisper,small,zero_shot,,42,20,noise,TÍCH CỰC HƠN VỚI VẤN ĐỀ LIÊN QUAN ĐẾN KIỀU BÀO, Tất cả cậu hơn với vấn đề liên quan đến Kiều Bào.
VIVOSDEV19_259_snr5,vivos,whisper,small,zero_shot,,42,5,noise,TÍCH CỰC HƠN VỚI VẤN ĐỀ LIÊN QUAN ĐẾN KIỀU BÀO, Tất cả cậu hôm với vấn đề liên quan đến Kiều Bào.
VIVOSDEV19_262_clean,vivos,whisper,small,zero_shot,,42,clean,clean,ĐỂ RỒI CHÚNG TA KHAO KHÁT MÃI TRONG VÒNG LUÂN HỒI NHÂN GIAN, để chúng ta khau khát mãi trong vòng luôn hồi nhanh da
VIVOSDEV19_262_snr0,vivos,whisper,small,zero_shot,,42,0,speech,ĐỂ RỒI CHÚNG TA KHAO KHÁT MÃI TRONG VÒNG LUÂN HỒI NHÂN GIAN, Để rồi chúng ta hoặc hát mãi trong bằng luôn hỏi như gian.
VIVOSDEV19_262_snr10,vivos,whisper,small,zero_shot,,42,10,noise,ĐỂ RỒI CHÚNG TA KHAO KHÁT MÃI TRONG VÒNG LUÂN HỒI NHÂN GIAN, để chúng ta khau khát mãi trong vòng luôn hồi nhanh gian
VIVOSDEV19_262_snr20,vivos,whisper,small,zero_shot,,42,20,noise,ĐỂ RỒI CHÚNG TA KHAO KHÁT MÃI TRONG VÒNG LUÂN HỒI NHÂN GIAN, để chúng ta khau khác mại trong bòng luôn hồi nhanh da
VIVOSDEV19_262_snr5,vivos,whisper,small,zero_shot,,42,5,speech,ĐỂ RỒI CHÚNG TA KHAO KHÁT MÃI TRONG VÒNG LUÂN HỒI NHÂN GIAN, Để rồi chúng ta qua khác mãi trong vòng luôn thồi ngăn gian.
VIVOSDEV19_266_clean,vivos,whisper,small,zero_shot,,42,clean,clean,VẤN ĐỀ NẢY SINH TỪ CÁI CÂU HỎI DINH CU ẤY," Vấn đề này xin từ cái câu hỏi, dinh cô ấy"
VIVOSDEV19_266_snr0,vivos,whisper,small,zero_shot,,42,0,music,VẤN ĐỀ NẢY SINH TỪ CÁI CÂU HỎI DINH CU ẤY," Vấn đề này xin từ cái câu hỏi, nhìn cô ấy"
VIVOSDEV19_266_snr10,vivos,whisper,small,zero_shot,,42,10,speech,VẤN ĐỀ NẢY SINH TỪ CÁI CÂU HỎI DINH CU ẤY," Vấn đề này xin từ cái câu hỏi, Vinh cô ấy."
VIVOSDEV19_266_snr20,vivos,whisper,small,zero_shot,,42,20,noise,VẤN ĐỀ NẢY SINH TỪ CÁI CÂU HỎI DINH CU ẤY, Vấn đề này tin từ cái câu hỏi Vinh cô ấy
VIVOSDEV19_266_snr5,vivos,whisper,small,zero_shot,,42,5,music,VẤN ĐỀ NẢY SINH TỪ CÁI CÂU HỎI DINH CU ẤY," Vấn đề này xin từ cái câu hỏi, dinh cô ấy"
VIVOSDEV19_274_clean,vivos,whisper,small,zero_shot,,42,clean,clean,CHỊ NÊN ĐI KHÁM BÁC SĨ VÀ CHỌN PHƯƠNG PHÁP NGỪA THAI HIỆU QUẢ, Chị nên đi khám bác sĩ về chọn phương pháp ngừa thai hiệu quả.
VIVOSDEV19_274_snr0,vivos,whisper,small,zero_shot,,42,0,speech,CHỊ NÊN ĐI KHÁM BÁC SĨ VÀ CHỌN PHƯƠNG PHÁP NGỪA THAI HIỆU QUẢ," và không thể nhìn thấy, bởi vì bất kì tốt lắm."
VIVOSDEV19_274_snr10,vivos,whisper,small,zero_shot,,42,10,noise,CHỊ NÊN ĐI KHÁM BÁC SĨ VÀ CHỌN PHƯƠNG PHÁP NGỪA THAI HIỆU QUẢ, Chị nên đi khám bác sĩ về chọn phương pháp người thai hiệu quả.
VIVOSDEV19_274_snr20,vivos,whisper,small,zero_shot,,42,20,music,CHỊ NÊN ĐI KHÁM BÁC SĨ VÀ CHỌN PHƯƠNG PHÁP NGỪA THAI HIỆU QUẢ, Chị nên đi khám bác sĩ về chọn phương pháp ngừa thai hiệu quả.
VIVOSDEV19_274_snr5,vivos,whisper,small,zero_shot,,42,5,noise,CHỊ NÊN ĐI KHÁM BÁC SĨ VÀ CHỌN PHƯƠNG PHÁP NGỪA THAI HIỆU QUẢ, Chị nên đi khám bác sĩ về trong phương pháp nuôi 2 hiệu quả.
