metric_version,dataset,model,model_size,train_type,lambda,seed,group_type,group_value,ref_coda,hyp_coda,count,ref_total,row_rate
aligned_v1,vivos,phowhisper,base,ordinary_lora,0,42,scope,overall,none,none,0,93,0.000000000000
aligned_v1,vivos,phowhisper,base,ordinary_lora,0,42,scope,overall,none,n,28,93,0.301075268817
aligned_v1,vivos,phowhisper,base,ordinary_lora,0,42,scope,overall,none,ng,25,93,0.268817204301
aligned_v1,vivos,phowhisper,base,ordinary_lora,0,42,scope,overall,none,nh,6,93,0.064516129032
aligned_v1,vivos,phowhisper,base,ordinary_lora,0,42,scope,overall,none,t,8,93,0.086021505376
aligned_v1,vivos,phowhisper,base,ordinary_lora,0,42,scope,overall,none,c,12,93,0.129032258065
aligned_v1,vivos,phowhisper,base,ordinary_lora,0,42,scope,overall,none,ch,1,93,0.010752688172
aligned_v1,vivos,phowhisper,base,ordinary_lora,0,42,scope,overall,none,m,10,93,0.107526881720
aligned_v1,vivos,phowhisper,base,ordinary_lora,0,42,scope,overall,none,p,3,93,0.032258064516
aligned_v1,vivos,phowhisper,base,ordinary_lora,0,42,scope,overall,n,none,44,1910,0.023036649215
aligned_v1,vivos,phowhisper,base,ordinary_lora,0,42,scope,overall,n,n,1778,1910,0.930890052356
aligned_v1,vivos,phowhisper,base,ordinary_lora,0,42,scope,overall,n,ng,53,1910,0.027748691099
aligned_v1,vivos,phowhisper,base,ordinary_lora,0,42,scope,overall,n,nh,12,1910,0.006282722513
aligned_v1,vivos,phowhisper,base,ordinary_lora,0,42,scope,overall,n,t,7,1910,0.003664921466
aligned_v1,vivos,phowhisper,base,ordinary_lora,0,42,scope,overall,n,c,1,1910,0.000523560209
aligned_v1,vivos,phowhisper,base,ordinary_lora,0,42,scope,overall,n,ch,2,1910,0.001047120419
aligned_v1,vivos,phowhisper,base,ordinary_lora,0,42,scope,overall,n,m,12,1910,0.006282722513
aligned_v1,vivos,phowhisper,base,ordinary_lora,0,42,scope,overall,n,p,1,1910,0.000523560209
aligned_v1,vivos,phowhisper,base,ordinary_lora,0,42,scope,overall,ng,none,37,1965,0.018829516539
aligned_v1,vivos,phowhisper,base,ordinary_lora,0,42,scope,overall,ng,n,48,1965,0.024427480916
aligned_v1,vivos,phowhisper,base,ordinary_lora,0,42,scope,overall,ng,ng,1846,1965,0.939440203562
aligned_v1,vivos,phowhisper,base,ordinary_lora,0,42,scope,overall,ng,nh,13,1965,0.006615776081
aligned_v1,vivos,phowhisper,base,ordinary_lora,0,42,scope,overall,ng,t,5,1965,0.002544529262
aligned_v1,vivos,phowhisper,base,ordinary_lora,0,42,scope,overall,ng,c,5,1965,0.002544529262
aligned_v1,vivos,phowhisper,base,ordinary_lora,0,42,scope,overall,ng,ch,1,1965,0.000508905852
aligned_v1,vivos,phowhisper,base,ordinary_lora,0,42,scope,overall,ng,m,10,1965,0.005089058524
aligned_v1,vivos,phowhisper,base,ordinary_lora,0,42,scope,overall,ng,p,0,1965,0.000000000000
aligned_v1,vivos,phowhisper,base,ordinary_lora,0,42,scope,overall,nh,none,9,675,0.013333333333
aligned_v1,vivos,phowhisper,base,ordinary_lora,0,42,scope,overall,nh,n,12,675,0.017777777778
aligned_v1,vivos,phowhisper,base,ordinary_lora,0,42,scope,overall,nh,ng,5,675,0.007407407407
aligned_v1,vivos,phowhisper,base,ordinary_lora,0,42,scope,overall,nh,nh,644,675,0.954074074074
aligned_v1,vivos,phowhisper,base,ordinary_lora,0,42,scope,overall,nh,t,0,675,0.000000000000
aligned_v1,vivos,phowhisper,base,ordinary_lora,0,42,scope,overall,nh,c,2,675,0.002962962963
aligned_v1,vivos,phowhisper,base,ordinary_lora,0,42,scope,overall,nh,ch,1,675,0.001481481481
aligned_v1,vivos,phowhisper,base,ordinary_lora,0,42,scope,overall,nh,m,2,675,0.002962962963
aligned_v1,vivos,phowhisper,base,ordinary_lora,0,42,scope,overall,nh,p,0,675,0.000000000000
aligned_v1,vivos,phowhisper,base,ordinary_lora,0,42,scope,overall,t,none,23,830,0.027710843373
aligned_v1,vivos,phowhisper,base,ordinary_lora,0,42,scope,overall,t,n,10,830,0.012048192771
aligned_v1,vivos,phowhisper,base,ordinary_lora,0,42,scope,overall,t,ng,2,830,0.002409638554
aligned_v1,vivos,phowhisper,base,ordinary_lora,0,42,scope,overall,t,nh,0,830,0.000000000000
aligned_v1,vivos,phowhisper,base,ordinary_lora,0,42,scope,overall,t,t,723,830,0.871084337349
aligned_v1,vivos,phowhisper,base,ordinary_lora,0,42,scope,overall,t,c,54,830,0.065060240964
aligned_v1,vivos,phowhisper,base,ordinary_lora,0,42,scope,overall,t,ch,13,830,0.015662650602
aligned_v1,vivos,phowhisper,base,ordinary_lora,0,42,scope,overall,t,m,2,830,0.002409638554
aligned_v1,vivos,phowhisper,base,ordinary_lora,0,42,scope,overall,t,p,3,830,0.003614457831
aligned_v1,vivos,phowhisper,base,ordinary_lora,0,42,scope,overall,c,none,11,885,0.012429378531
aligned_v1,vivos,phowhisper,base,ordinary_lora,0,42,scope,overall,c,n,2,885,0.002259887006
aligned_v1,vivos,phowhisper,base,ordinary_lora,0,42,scope,overall,c,ng,8,885,0.009039548023
aligned_v1,vivos,phowhisper,base,ordinary_lora,0,42,scope,overall,c,nh,0,885,0.000000000000
aligned_v1,vivos,phowhisper,base,ordinary_lora,0,42,scope,overall,c,t,51,885,0.057627118644
aligned_v1,vivos,phowhisper,base,ordinary_lora,0,42,scope,overall,c,c,808,885,0.912994350282
aligned_v1,vivos,phowhisper,base,ordinary_lora,0,42,scope,overall,c,ch,0,885,0.000000000000
aligned_v1,vivos,phowhisper,base,ordinary_lora,0,42,scope,overall,c,m,0,885,0.000000000000
aligned_v1,vivos,phowhisper,base,ordinary_lora,0,42,scope,overall,c,p,5,885,0.005649717514
aligned_v1,vivos,phowhisper,base,ordinary_lora,0,42,scope,overall,ch,none,7,180,0.038888888889
aligned_v1,vivos,phowhisper,base,ordinary_lora,0,42,scope,overall,ch,n,1,180,0.005555555556
aligned_v1,vivos,phowhisper,base,ordinary_lora,0,42,scope,overall,ch,ng,1,180,0.005555555556
aligned_v1,vivos,phowhisper,base,ordinary_lora,0,42,scope,overall,ch,nh,1,180,0.005555555556
aligned_v1,vivos,phowhisper,base,ordinary_lora,0,42,scope,overall,ch,t,5,180,0.027777777778
aligned_v1,vivos,phowhisper,base,ordinary_lora,0,42,scope,overall,ch,c,1,180,0.005555555556
aligned_v1,vivos,phowhisper,base,ordinary_lora,0,42,scope,overall,ch,ch,158,180,0.877777777778
aligned_v1,vivos,phowhisper,base,ordinary_lora,0,42,scope,overall,ch,m,2,180,0.011111111111
aligned_v1,vivos,phowhisper,base,ordinary_lora,0,42,scope,overall,ch,p,4,180,0.022222222222
aligned_v1,vivos,phowhisper,base,ordinary_lora,0,42,scope,overall,m,none,18,840,0.021428571429
aligned_v1,vivos,phowhisper,base,ordinary_lora,0,42,scope,overall,m,n,13,840,0.015476190476
aligned_v1,vivos,phowhisper,base,ordinary_lora,0,42,scope,overall,m,ng,20,840,0.023809523810
aligned_v1,vivos,phowhisper,base,ordinary_lora,0,42,scope,overall,m,nh,1,840,0.001190476190
aligned_v1,vivos,phowhisper,base,ordinary_lora,0,42,scope,overall,m,t,2,840,0.002380952381
aligned_v1,vivos,phowhisper,base,ordinary_lora,0,42,scope,overall,m,c,1,840,0.001190476190
aligned_v1,vivos,phowhisper,base,ordinary_lora,0,42,scope,overall,m,ch,0,840,0.000000000000
aligned_v1,vivos,phowhisper,base,ordinary_lora,0,42,scope,overall,m,m,784,840,0.933333333333
aligned_v1,vivos,phowhisper,base,ordinary_lora,0,42,scope,overall,m,p,1,840,0.001190476190
aligned_v1,vivos,phowhisper,base,ordinary_lora,0,42,scope,overall,p,none,11,285,0.038596491228
aligned_v1,vivos,phowhisper,base,ordinary_lora,0,42,scope,overall,p,n,3,285,0.010526315789
aligned_v1,vivos,phowhisper,base,ordinary_lora,0,42,scope,overall,p,ng,0,285,0.000000000000
aligned_v1,vivos,phowhisper,base,ordinary_lora,0,42,scope,overall,p,nh,0,285,0.000000000000
aligned_v1,vivos,phowhisper,base,ordinary_lora,0,42,scope,overall,p,t,1,285,0.003508771930
aligned_v1,vivos,phowhisper,base,ordinary_lora,0,42,scope,overall,p,c,9,285,0.031578947368
aligned_v1,vivos,phowhisper,base,ordinary_lora,0,42,scope,overall,p,ch,0,285,0.000000000000
aligned_v1,vivos,phowhisper,base,ordinary_lora,0,42,scope,overall,p,m,2,285,0.007017543860
aligned_v1,vivos,phowhisper,base,ordinary_lora,0,42,scope,overall,p,p,259,285,0.908771929825
aligned_v1,vivos,phowhisper,base,ordinary_lora,0,42,scope,low_snr,none,none,0,71,0.000000000000
aligned_v1,vivos,phowhisper,base,ordinary_lora,0,42,scope,low_snr,none,n,22,71,0.309859154930
aligned_v1,vivos,phowhisper,base,ordinary_lora,0,42,scope,low_snr,none,ng,20,71,0.281690140845
aligned_v1,vivos,phowhisper,base,ordinary_lora,0,42,scope,low_snr,none,nh,6,71,0.084507042254
aligned_v1,vivos,phowhisper,base,ordinary_lora,0,42,scope,low_snr,none,t,6,71,0.084507042254
aligned_v1,vivos,phowhisper,base,ordinary_lora,0,42,scope,low_snr,none,c,7,71,0.098591549296
aligned_v1,vivos,phowhisper,base,ordinary_lora,0,42,scope,low_snr,none,ch,1,71,0.014084507042
aligned_v1,vivos,phowhisper,base,ordinary_lora,0,42,scope,low_snr,none,m,7,71,0.098591549296
aligned_v1,vivos,phowhisper,base,ordinary_lora,0,42,scope,low_snr,none,p,2,71,0.028169014085
aligned_v1,vivos,phowhisper,base,ordinary_lora,0,42,scope,low_snr,n,none,33,764,0.043193717277
aligned_v1,vivos,phowhisper,base,ordinary_lora,0,42,scope,low_snr,n,n,675,764,0.883507853403
aligned_v1,vivos,phowhisper,base,ordinary_lora,0,42,scope,low_snr,n,ng,31,764,0.040575916230
aligned_v1,vivos,phowhisper,base,ordinary_lora,0,42,scope,low_snr,n,nh,5,764,0.006544502618
aligned_v1,vivos,phowhisper,base,ordinary_lora,0,42,scope,low_snr,n,t,5,764,0.006544502618
aligned_v1,vivos,phowhisper,base,ordinary_lora,0,42,scope,low_snr,n,c,1,764,0.001308900524
aligned_v1,vivos,phowhisper,base,ordinary_lora,0,42,scope,low_snr,n,ch,2,764,0.002617801047
aligned_v1,vivos,phowhisper,base,ordinary_lora,0,42,scope,low_snr,n,m,11,764,0.014397905759
aligned_v1,vivos,phowhisper,base,ordinary_lora,0,42,scope,low_snr,n,p,1,764,0.001308900524
aligned_v1,vivos,phowhisper,base,ordinary_lora,0,42,scope,low_snr,ng,none,30,786,0.038167938931
aligned_v1,vivos,phowhisper,base,ordinary_lora,0,42,scope,low_snr,ng,n,20,786,0.025445292621
aligned_v1,vivos,phowhisper,base,ordinary_lora,0,42,scope,low_snr,ng,ng,710,786,0.903307888041
aligned_v1,vivos,phowhisper,base,ordinary_lora,0,42,scope,low_snr,ng,nh,8,786,0.010178117048
aligned_v1,vivos,phowhisper,base,ordinary_lora,0,42,scope,low_snr,ng,t,4,786,0.005089058524
aligned_v1,vivos,phowhisper,base,ordinary_lora,0,42,scope,low_snr,ng,c,5,786,0.006361323155
aligned_v1,vivos,phowhisper,base,ordinary_lora,0,42,scope,low_snr,ng,ch,1,786,0.001272264631
aligned_v1,vivos,phowhisper,base,ordinary_lora,0,42,scope,low_snr,ng,m,8,786,0.010178117048
aligned_v1,vivos,phowhisper,base,ordinary_lora,0,42,scope,low_snr,ng,p,0,786,0.000000000000
aligned_v1,vivos,phowhisper,base,ordinary_lora,0,42,scope,low_snr,nh,none,9,270,0.033333333333
aligned_v1,vivos,phowhisper,base,ordinary_lora,0,42,scope,low_snr,nh,n,7,270,0.025925925926
aligned_v1,vivos,phowhisper,base,ordinary_lora,0,42,scope,low_snr,nh,ng,4,270,0.014814814815
aligned_v1,vivos,phowhisper,base,ordinary_lora,0,42,scope,low_snr,nh,nh,246,270,0.911111111111
aligned_v1,vivos,phowhisper,base,ordinary_lora,0,42,scope,low_snr,nh,t,0,270,0.000000000000
aligned_v1,vivos,phowhisper,base,ordinary_lora,0,42,scope,low_snr,nh,c,1,270,0.003703703704
aligned_v1,vivos,phowhisper,base,ordinary_lora,0,42,scope,low_snr,nh,ch,1,270,0.003703703704
aligned_v1,vivos,phowhisper,base,ordinary_lora,0,42,scope,low_snr,nh,m,2,270,0.007407407407
aligned_v1,vivos,phowhisper,base,ordinary_lora,0,42,scope,low_snr,nh,p,0,270,0.000000000000
aligned_v1,vivos,phowhisper,base,ordinary_lora,0,42,scope,low_snr,t,none,18,332,0.054216867470
aligned_v1,vivos,phowhisper,base,ordinary_lora,0,42,scope,low_snr,t,n,7,332,0.021084337349
aligned_v1,vivos,phowhisper,base,ordinary_lora,0,42,scope,low_snr,t,ng,0,332,0.000000000000
aligned_v1,vivos,phowhisper,base,ordinary_lora,0,42,scope,low_snr,t,nh,0,332,0.000000000000
aligned_v1,vivos,phowhisper,base,ordinary_lora,0,42,scope,low_snr,t,t,273,332,0.822289156627
aligned_v1,vivos,phowhisper,base,ordinary_lora,0,42,scope,low_snr,t,c,20,332,0.060240963855
aligned_v1,vivos,phowhisper,base,ordinary_lora,0,42,scope,low_snr,t,ch,10,332,0.030120481928
aligned_v1,vivos,phowhisper,base,ordinary_lora,0,42,scope,low_snr,t,m,2,332,0.006024096386
aligned_v1,vivos,phowhisper,base,ordinary_lora,0,42,scope,low_snr,t,p,2,332,0.006024096386
aligned_v1,vivos,phowhisper,base,ordinary_lora,0,42,scope,low_snr,c,none,7,354,0.019774011299
aligned_v1,vivos,phowhisper,base,ordinary_lora,0,42,scope,low_snr,c,n,0,354,0.000000000000
aligned_v1,vivos,phowhisper,base,ordinary_lora,0,42,scope,low_snr,c,ng,8,354,0.022598870056
aligned_v1,vivos,phowhisper,base,ordinary_lora,0,42,scope,low_snr,c,nh,0,354,0.000000000000
aligned_v1,vivos,phowhisper,base,ordinary_lora,0,42,scope,low_snr,c,t,27,354,0.076271186441
aligned_v1,vivos,phowhisper,base,ordinary_lora,0,42,scope,low_snr,c,c,309,354,0.872881355932
aligned_v1,vivos,phowhisper,base,ordinary_lora,0,42,scope,low_snr,c,ch,0,354,0.000000000000
aligned_v1,vivos,phowhisper,base,ordinary_lora,0,42,scope,low_snr,c,m,0,354,0.000000000000
aligned_v1,vivos,phowhisper,base,ordinary_lora,0,42,scope,low_snr,c,p,3,354,0.008474576271
aligned_v1,vivos,phowhisper,base,ordinary_lora,0,42,scope,low_snr,ch,none,5,72,0.069444444444
aligned_v1,vivos,phowhisper,base,ordinary_lora,0,42,scope,low_snr,ch,n,1,72,0.013888888889
aligned_v1,vivos,phowhisper,base,ordinary_lora,0,42,scope,low_snr,ch,ng,1,72,0.013888888889
aligned_v1,vivos,phowhisper,base,ordinary_lora,0,42,scope,low_snr,ch,nh,1,72,0.013888888889
aligned_v1,vivos,phowhisper,base,ordinary_lora,0,42,scope,low_snr,ch,t,2,72,0.027777777778
aligned_v1,vivos,phowhisper,base,ordinary_lora,0,42,scope,low_snr,ch,c,1,72,0.013888888889
aligned_v1,vivos,phowhisper,base,ordinary_lora,0,42,scope,low_snr,ch,ch,58,72,0.805555555556
aligned_v1,vivos,phowhisper,base,ordinary_lora,0,42,scope,low_snr,ch,m,1,72,0.013888888889
aligned_v1,vivos,phowhisper,base,ordinary_lora,0,42,scope,low_snr,ch,p,2,72,0.027777777778
aligned_v1,vivos,phowhisper,base,ordinary_lora,0,42,scope,low_snr,m,none,13,336,0.038690476190
aligned_v1,vivos,phowhisper,base,ordinary_lora,0,42,scope,low_snr,m,n,11,336,0.032738095238
aligned_v1,vivos,phowhisper,base,ordinary_lora,0,42,scope,low_snr,m,ng,11,336,0.032738095238
aligned_v1,vivos,phowhisper,base,ordinary_lora,0,42,scope,low_snr,m,nh,1,336,0.002976190476
aligned_v1,vivos,phowhisper,base,ordinary_lora,0,42,scope,low_snr,m,t,1,336,0.002976190476
aligned_v1,vivos,phowhisper,base,ordinary_lora,0,42,scope,low_snr,m,c,1,336,0.002976190476
aligned_v1,vivos,phowhisper,base,ordinary_lora,0,42,scope,low_snr,m,ch,0,336,0.000000000000
aligned_v1,vivos,phowhisper,base,ordinary_lora,0,42,scope,low_snr,m,m,297,336,0.883928571429
aligned_v1,vivos,phowhisper,base,ordinary_lora,0,42,scope,low_snr,m,p,1,336,0.002976190476
aligned_v1,vivos,phowhisper,base,ordinary_lora,0,42,scope,low_snr,p,none,8,114,0.070175438596
aligned_v1,vivos,phowhisper,base,ordinary_lora,0,42,scope,low_snr,p,n,3,114,0.026315789474
aligned_v1,vivos,phowhisper,base,ordinary_lora,0,42,scope,low_snr,p,ng,0,114,0.000000000000
aligned_v1,vivos,phowhisper,base,ordinary_lora,0,42,scope,low_snr,p,nh,0,114,0.000000000000
aligned_v1,vivos,phowhisper,base,ordinary_lora,0,42,scope,low_snr,p,t,1,114,0.008771929825
aligned_v1,vivos,phowhisper,base,ordinary_lora,0,42,scope,low_snr,p,c,6,114,0.052631578947
aligned_v1,vivos,phowhisper,base,ordinary_lora,0,42,scope,low_snr,p,ch,0,114,0.000000000000
aligned_v1,vivos,phowhisper,base,ordinary_lora,0,42,scope,low_snr,p,m,2,114,0.017543859649
aligned_v1,vivos,phowhisper,base,ordinary_lora,0,42,scope,low_snr,p,p,94,114,0.824561403509
aligned_v1,vivos,phowhisper,base,tone_aware_lora,0.05,42,scope,overall,none,none,0,92,0.000000000000
aligned_v1,vivos,phowhisper,base,tone_aware_lora,0.05,42,scope,overall,none,n,30,92,0.326086956522
aligned_v1,vivos,phowhisper,base,tone_aware_lora,0.05,42,scope,overall,none,ng,28,92,0.304347826087
aligned_v1,vivos,phowhisper,base,tone_aware_lora,0.05,42,scope,overall,none,nh,4,92,0.043478260870
aligned_v1,vivos,phowhisper,base,tone_aware_lora,0.05,42,scope,overall,none,t,9,92,0.097826086957
aligned_v1,vivos,phowhisper,base,tone_aware_lora,0.05,42,scope,overall,none,c,9,92,0.097826086957
aligned_v1,vivos,phowhisper,base,tone_aware_lora,0.05,42,scope,overall,none,ch,1,92,0.010869565217
aligned_v1,vivos,phowhisper,base,tone_aware_lora,0.05,42,scope,overall,none,m,9,92,0.097826086957
aligned_v1,vivos,phowhisper,base,tone_aware_lora,0.05,42,scope,overall,none,p,2,92,0.021739130435
aligned_v1,vivos,phowhisper,base,tone_aware_lora,0.05,42,scope,overall,n,none,45,1910,0.023560209424
aligned_v1,vivos,phowhisper,base,tone_aware_lora,0.05,42,scope,overall,n,n,1778,1910,0.930890052356
aligned_v1,vivos,phowhisper,base,tone_aware_lora,0.05,42,scope,overall,n,ng,55,1910,0.028795811518
aligned_v1,vivos,phowhisper,base,tone_aware_lora,0.05,42,scope,overall,n,nh,16,1910,0.008376963351
aligned_v1,vivos,phowhisper,base,tone_aware_lora,0.05,42,scope,overall,n,t,5,1910,0.002617801047
aligned_v1,vivos,phowhisper,base,tone_aware_lora,0.05,42,scope,overall,n,c,2,1910,0.001047120419
aligned_v1,vivos,phowhisper,base,tone_aware_lora,0.05,42,scope,overall,n,ch,0,1910,0.000000000000
aligned_v1,vivos,phowhisper,base,tone_aware_lora,0.05,42,scope,overall,n,m,7,1910,0.003664921466
aligned_v1,vivos,phowhisper,base,tone_aware_lora,0.05,42,scope,overall,n,p,2,1910,0.001047120419
aligned_v1,vivos,phowhisper,base,tone_aware_lora,0.05,42,scope,overall,ng,none,35,1965,0.017811704835
aligned_v1,vivos,phowhisper,base,tone_aware_lora,0.05,42,scope,overall,ng,n,49,1965,0.024936386768
aligned_v1,vivos,phowhisper,base,tone_aware_lora,0.05,42,scope,overall,ng,ng,1846,1965,0.939440203562
aligned_v1,vivos,phowhisper,base,tone_aware_lora,0.05,42,scope,overall,ng,nh,13,1965,0.006615776081
aligned_v1,vivos,phowhisper,base,tone_aware_lora,0.05,42,scope,overall,ng,t,7,1965,0.003562340967
aligned_v1,vivos,phowhisper,base,tone_aware_lora,0.05,42,scope,overall,ng,c,4,1965,0.002035623410
aligned_v1,vivos,phowhisper,base,tone_aware_lora,0.05,42,scope,overall,ng,ch,2,1965,0.001017811705
aligned_v1,vivos,phowhisper,base,tone_aware_lora,0.05,42,scope,overall,ng,m,9,1965,0.004580152672
aligned_v1,vivos,phowhisper,base,tone_aware_lora,0.05,42,scope,overall,ng,p,0,1965,0.000000000000
aligned_v1,vivos,phowhisper,base,tone_aware_lora,0.05,42,scope,overall,nh,none,8,675,0.011851851852
aligned_v1,vivos,phowhisper,base,tone_aware_lora,0.05,42,scope,overall,nh,n,14,675,0.020740740741
aligned_v1,vivos,phowhisper,base,tone_aware_lora,0.05,42,scope,overall,nh,ng,7,675,0.010370370370
aligned_v1,vivos,phowhisper,base,tone_aware_lora,0.05,42,scope,overall,nh,nh,640,675,0.948148148148
aligned_v1,vivos,phowhisper,base,tone_aware_lora,0.05,42,scope,overall,nh,t,0,675,0.000000000000
aligned_v1,vivos,phowhisper,base,tone_aware_lora,0.05,42,scope,overall,nh,c,2,675,0.002962962963
aligned_v1,vivos,phowhisper,base,tone_aware_lora,0.05,42,scope,overall,nh,ch,0,675,0.000000000000
aligned_v1,vivos,phowhisper,base,tone_aware_lora,0.05,42,scope,overall,nh,m,4,675,0.005925925926
aligned_v1,vivos,phowhisper,base,tone_aware_lora,0.05,42,scope,overall,nh,p,0,675,0.000000000000
aligned_v1,vivos,phowhisper,base,tone_aware_lora,0.05,42,scope,overall,t,none,26,830,0.031325301205
aligned_v1,vivos,phowhisper,base,tone_aware_lora,0.05,42,scope,overall,t,n,8,830,0.009638554217
aligned_v1,vivos,phowhisper,base,tone_aware_lora,0.05,42,scope,overall,t,ng,2,830,0.002409638554
aligned_v1,vivos,phowhisper,base,tone_aware_lora,0.05,42,scope,overall,t,nh,0,830,0.000000000000
aligned_v1,vivos,phowhisper,base,tone_aware_lora,0.05,42,scope,overall,t,t,719,830,0.866265060241
aligned_v1,vivos,phowhisper,base,tone_aware_lora,0.05,42,scope,overall,t,c,55,830,0.066265060241
aligned_v1,vivos,phowhisper,base,tone_aware_lora,0.05,42,scope,overall,t,ch,14,830,0.016867469880
aligned_v1,vivos,phowhisper,base,tone_aware_lora,0.05,42,scope,overall,t,m,2,830,0.002409638554
aligned_v1,vivos,phowhisper,base,tone_aware_lora,0.05,42,scope,overall,t,p,4,830,0.004819277108
aligned_v1,vivos,phowhisper,base,tone_aware_lora,0.05,42,scope,overall,c,none,10,885,0.011299435028
aligned_v1,vivos,phowhisper,base,tone_aware_lora,0.05,42,scope,overall,c,n,3,885,0.003389830508
aligned_v1,vivos,phowhisper,base,tone_aware_lora,0.05,42,scope,overall,c,ng,8,885,0.009039548023
aligned_v1,vivos,phowhisper,base,tone_aware_lora,0.05,42,scope,overall,c,nh,0,885,0.000000000000
aligned_v1,vivos,phowhisper,base,tone_aware_lora,0.05,42,scope,overall,c,t,50,885,0.056497175141
aligned_v1,vivos,phowhisper,base,tone_aware_lora,0.05,42,scope,overall,c,c,809,885,0.914124293785
aligned_v1,vivos,phowhisper,base,tone_aware_lora,0.05,42,scope,overall,c,ch,0,885,0.000000000000
aligned_v1,vivos,phowhisper,base,tone_aware_lora,0.05,42,scope,overall,c,m,1,885,0.001129943503
aligned_v1,vivos,phowhisper,base,tone_aware_lora,0.05,42,scope,overall,c,p,4,885,0.004519774011
aligned_v1,vivos,phowhisper,base,tone_aware_lora,0.05,42,scope,overall,ch,none,5,180,0.027777777778
aligned_v1,vivos,phowhisper,base,tone_aware_lora,0.05,42,scope,overall,ch,n,3,180,0.016666666667
aligned_v1,vivos,phowhisper,base,tone_aware_lora,0.05,42,scope,overall,ch,ng,0,180,0.000000000000
aligned_v1,vivos,phowhisper,base,tone_aware_lora,0.05,42,scope,overall,ch,nh,1,180,0.005555555556
aligned_v1,vivos,phowhisper,base,tone_aware_lora,0.05,42,scope,overall,ch,t,5,180,0.027777777778
aligned_v1,vivos,phowhisper,base,tone_aware_lora,0.05,42,scope,overall,ch,c,1,180,0.005555555556
aligned_v1,vivos,phowhisper,base,tone_aware_lora,0.05,42,scope,overall,ch,ch,159,180,0.883333333333
aligned_v1,vivos,phowhisper,base,tone_aware_lora,0.05,42,scope,overall,ch,m,2,180,0.011111111111
aligned_v1,vivos,phowhisper,base,tone_aware_lora,0.05,42,scope,overall,ch,p,4,180,0.022222222222
aligned_v1,vivos,phowhisper,base,tone_aware_lora,0.05,42,scope,overall,m,none,16,840,0.019047619048
aligned_v1,vivos,phowhisper,base,tone_aware_lora,0.05,42,scope,overall,m,n,11,840,0.013095238095
aligned_v1,vivos,phowhisper,base,tone_aware_lora,0.05,42,scope,overall,m,ng,18,840,0.021428571429
aligned_v1,vivos,phowhisper,base,tone_aware_lora,0.05,42,scope,overall,m,nh,2,840,0.002380952381
aligned_v1,vivos,phowhisper,base,tone_aware_lora,0.05,42,scope,overall,m,t,3,840,0.003571428571
aligned_v1,vivos,phowhisper,base,tone_aware_lora,0.05,42,scope,overall,m,c,1,840,0.001190476190
aligned_v1,vivos,phowhisper,base,tone_aware_lora,0.05,42,scope,overall,m,ch,0,840,0.000000000000
aligned_v1,vivos,phowhisper,base,tone_aware_lora,0.05,42,scope,overall,m,m,788,840,0.938095238095
aligned_v1,vivos,phowhisper,base,tone_aware_lora,0.05,42,scope,overall,m,p,1,840,0.001190476190
aligned_v1,vivos,phowhisper,base,tone_aware_lora,0.05,42,scope,overall,p,none,10,285,0.035087719298
aligned_v1,vivos,phowhisper,base,tone_aware_lora,0.05,42,scope,overall,p,n,2,285,0.007017543860
aligned_v1,vivos,phowhisper,base,tone_aware_lora,0.05,42,scope,overall,p,ng,0,285,0.000000000000
aligned_v1,vivos,phowhisper,base,tone_aware_lora,0.05,42,scope,overall,p,nh,0,285,0.000000000000
aligned_v1,vivos,phowhisper,base,tone_aware_lora,0.05,42,scope,overall,p,t,1,285,0.003508771930
aligned_v1,vivos,phowhisper,base,tone_aware_lora,0.05,42,scope,overall,p,c,10,285,0.035087719298
aligned_v1,vivos,phowhisper,base,tone_aware_lora,0.05,42,scope,overall,p,ch,0,285,0.000000000000
aligned_v1,vivos,phowhisper,base,tone_aware_lora,0.05,42,scope,overall,p,m,3,285,0.010526315789
aligned_v1,vivos,phowhisper,base,tone_aware_lora,0.05,42,scope,overall,p,p,259,285,0.908771929825
aligned_v1,vivos,phowhisper,base,tone_aware_lora,0.05,42,scope,low_snr,none,none,0,71,0.000000000000
aligned_v1,vivos,phowhisper,base,tone_aware_lora,0.05,42,scope,low_snr,none,n,24,71,0.338028169014
aligned_v1,vivos,phowhisper,base,tone_aware_lora,0.05,42,scope,low_snr,none,ng,23,71,0.323943661972
aligned_v1,vivos,phowhisper,base,tone_aware_lora,0.05,42,scope,low_snr,none,nh,4,71,0.056338028169
aligned_v1,vivos,phowhisper,base,tone_aware_lora,0.05,42,scope,low_snr,none,t,7,71,0.098591549296
aligned_v1,vivos,phowhisper,base,tone_aware_lora,0.05,42,scope,low_snr,none,c,5,71,0.070422535211
aligned_v1,vivos,phowhisper,base,tone_aware_lora,0.05,42,scope,low_snr,none,ch,1,71,0.014084507042
aligned_v1,vivos,phowhisper,base,tone_aware_lora,0.05,42,scope,low_snr,none,m,6,71,0.084507042254
aligned_v1,vivos,phowhisper,base,tone_aware_lora,0.05,42,scope,low_snr,none,p,1,71,0.014084507042
aligned_v1,vivos,phowhisper,base,tone_aware_lora,0.05,42,scope,low_snr,n,none,33,764,0.043193717277
aligned_v1,vivos,phowhisper,base,tone_aware_lora,0.05,42,scope,low_snr,n,n,677,764,0.886125654450
aligned_v1,vivos,phowhisper,base,tone_aware_lora,0.05,42,scope,low_snr,n,ng,32,764,0.041884816754
aligned_v1,vivos,phowhisper,base,tone_aware_lora,0.05,42,scope,low_snr,n,nh,8,764,0.010471204188
aligned_v1,vivos,phowhisper,base,tone_aware_lora,0.05,42,scope,low_snr,n,t,4,764,0.005235602094
aligned_v1,vivos,phowhisper,base,tone_aware_lora,0.05,42,scope,low_snr,n,c,2,764,0.002617801047
aligned_v1,vivos,phowhisper,base,tone_aware_lora,0.05,42,scope,low_snr,n,ch,0,764,0.000000000000
aligned_v1,vivos,phowhisper,base,tone_aware_lora,0.05,42,scope,low_snr,n,m,6,764,0.007853403141
aligned_v1,vivos,phowhisper,base,tone_aware_lora,0.05,42,scope,low_snr,n,p,2,764,0.002617801047
aligned_v1,vivos,phowhisper,base,tone_aware_lora,0.05,42,scope,low_snr,ng,none,27,786,0.034351145038
aligned_v1,vivos,phowhisper,base,tone_aware_lora,0.05,42,scope,low_snr,ng,n,22,786,0.027989821883
aligned_v1,vivos,phowhisper,base,tone_aware_lora,0.05,42,scope,low_snr,ng,ng,710,786,0.903307888041
aligned_v1,vivos,phowhisper,base,tone_aware_lora,0.05,42,scope,low_snr,ng,nh,8,786,0.010178117048
aligned_v1,vivos,phowhisper,base,tone_aware_lora,0.05,42,scope,low_snr,ng,t,6,786,0.007633587786
aligned_v1,vivos,phowhisper,base,tone_aware_lora,0.05,42,scope,low_snr,ng,c,4,786,0.005089058524
aligned_v1,vivos,phowhisper,base,tone_aware_lora,0.05,42,scope,low_snr,ng,ch,2,786,0.002544529262
aligned_v1,vivos,phowhisper,base,tone_aware_lora,0.05,42,scope,low_snr,ng,m,7,786,0.008905852417
aligned_v1,vivos,phowhisper,base,tone_aware_lora,0.05,42,scope,low_snr,ng,p,0,786,0.000000000000
aligned_v1,vivos,phowhisper,base,tone_aware_lora,0.05,42,scope,low_snr,nh,none,8,270,0.029629629630
aligned_v1,vivos,phowhisper,base,tone_aware_lora,0.05,42,scope,low_snr,nh,n,8,270,0.029629629630
aligned_v1,vivos,phowhisper,base,tone_aware_lora,0.05,42,scope,low_snr,nh,ng,6,270,0.022222222222
aligned_v1,vivos,phowhisper,base,tone_aware_lora,0.05,42,scope,low_snr,nh,nh,243,270,0.900000000000
aligned_v1,vivos,phowhisper,base,tone_aware_lora,0.05,42,scope,low_snr,nh,t,0,270,0.000000000000
aligned_v1,vivos,phowhisper,base,tone_aware_lora,0.05,42,scope,low_snr,nh,c,1,270,0.003703703704
aligned_v1,vivos,phowhisper,base,tone_aware_lora,0.05,42,scope,low_snr,nh,ch,0,270,0.000000000000
aligned_v1,vivos,phowhisper,base,tone_aware_lora,0.05,42,scope,low_snr,nh,m,4,270,0.014814814815
aligned_v1,vivos,phowhisper,base,tone_aware_lora,0.05,42,scope,low_snr,nh,p,0,270,0.000000000000
aligned_v1,vivos,phowhisper,base,tone_aware_lora,0.05,42,scope,low_snr,t,none,21,332,0.063253012048
aligned_v1,vivos,phowhisper,base,tone_aware_lora,0.05,42,scope,low_snr,t,n,5,332,0.015060240964
aligned_v1,vivos,phowhisper,base,tone_aware_lora,0.05,42,scope,low_snr,t,ng,1,332,0.003012048193
aligned_v1,vivos,phowhisper,base,tone_aware_lora,0.05,42,scope,low_snr,t,nh,0,332,0.000000000000
aligned_v1,vivos,phowhisper,base,tone_aware_lora,0.05,42,scope,low_snr,t,t,268,332,0.807228915663
aligned_v1,vivos,phowhisper,base,tone_aware_lora,0.05,42,scope,low_snr,t,c,22,332,0.066265060241
aligned_v1,vivos,phowhisper,base,tone_aware_lora,0.05,42,scope,low_snr,t,ch,10,332,0.030120481928
aligned_v1,vivos,phowhisper,base,tone_aware_lora,0.05,42,scope,low_snr,t,m,2,332,0.006024096386
aligned_v1,vivos,phowhisper,base,tone_aware_lora,0.05,42,scope,low_snr,t,p,3,332,0.009036144578
aligned_v1,vivos,phowhisper,base,tone_aware_lora,0.05,42,scope,low_snr,c,none,6,354,0.016949152542
aligned_v1,vivos,phowhisper,base,tone_aware_lora,0.05,42,scope,low_snr,c,n,0,354,0.000000000000
aligned_v1,vivos,phowhisper,base,tone_aware_lora,0.05,42,scope,low_snr,c,ng,8,354,0.022598870056
aligned_v1,vivos,phowhisper,base,tone_aware_lora,0.05,42,scope,low_snr,c,nh,0,354,0.000000000000
aligned_v1,vivos,phowhisper,base,tone_aware_lora,0.05,42,scope,low_snr,c,t,27,354,0.076271186441
aligned_v1,vivos,phowhisper,base,tone_aware_lora,0.05,42,scope,low_snr,c,c,310,354,0.875706214689
aligned_v1,vivos,phowhisper,base,tone_aware_lora,0.05,42,scope,low_snr,c,ch,0,354,0.000000000000
aligned_v1,vivos,phowhisper,base,tone_aware_lora,0.05,42,scope,low_snr,c,m,1,354,0.002824858757
aligned_v1,vivos,phowhisper,base,tone_aware_lora,0.05,42,scope,low_snr,c,p,2,354,0.005649717514
aligned_v1,vivos,phowhisper,base,tone_aware_lora,0.05,42,scope,low_snr,ch,none,4,72,0.055555555556
aligned_v1,vivos,phowhisper,base,tone_aware_lora,0.05,42,scope,low_snr,ch,n,3,72,0.041666666667
aligned_v1,vivos,phowhisper,base,tone_aware_lora,0.05,42,scope,low_snr,ch,ng,0,72,0.000000000000
aligned_v1,vivos,phowhisper,base,tone_aware_lora,0.05,42,scope,low_snr,ch,nh,1,72,0.013888888889
aligned_v1,vivos,phowhisper,base,tone_aware_lora,0.05,42,scope,low_snr,ch,t,2,72,0.027777777778
aligned_v1,vivos,phowhisper,base,tone_aware_lora,0.05,42,scope,low_snr,ch,c,1,72,0.013888888889
aligned_v1,vivos,phowhisper,base,tone_aware_lora,0.05,42,scope,low_snr,ch,ch,58,72,0.805555555556
aligned_v1,vivos,phowhisper,base,tone_aware_lora,0.05,42,scope,low_snr,ch,m,1,72,0.013888888889
aligned_v1,vivos,phowhisper,base,tone_aware_lora,0.05,42,scope,low_snr,ch,p,2,72,0.027777777778
aligned_v1,vivos,phowhisper,base,tone_aware_lora,0.05,42,scope,low_snr,m,none,10,336,0.029761904762
aligned_v1,vivos,phowhisper,base,tone_aware_lora,0.05,42,scope,low_snr,m,n,9,336,0.026785714286
aligned_v1,vivos,phowhisper,base,tone_aware_lora,0.05,42,scope,low_snr,m,ng,11,336,0.032738095238
aligned_v1,vivos,phowhisper,base,tone_aware_lora,0.05,42,scope,low_snr,m,nh,2,336,0.005952380952
aligned_v1,vivos,phowhisper,base,tone_aware_lora,0.05,42,scope,low_snr,m,t,1,336,0.002976190476
aligned_v1,vivos,phowhisper,base,tone_aware_lora,0.05,42,scope,low_snr,m,c,1,336,0.002976190476
aligned_v1,vivos,phowhisper,base,tone_aware_lora,0.05,42,scope,low_snr,m,ch,0,336,0.000000000000
aligned_v1,vivos,phowhisper,base,tone_aware_lora,0.05,42,scope,low_snr,m,m,301,336,0.895833333333
aligned_v1,vivos,phowhisper,base,tone_aware_lora,0.05,42,scope,low_snr,m,p,1,336,0.002976190476
aligned_v1,vivos,phowhisper,base,tone_aware_lora,0.05,42,scope,low_snr,p,none,7,114,0.061403508772
aligned_v1,vivos,phowhisper,base,tone_aware_lora,0.05,42,scope,low_snr,p,n,2,114,0.017543859649
aligned_v1,vivos,phowhisper,base,tone_aware_lora,0.05,42,scope,low_snr,p,ng,0,114,0.000000000000
aligned_v1,vivos,phowhisper,base,tone_aware_lora,0.05,42,scope,low_snr,p,nh,0,114,0.000000000000
aligned_v1,vivos,phowhisper,base,tone_aware_lora,0.05,42,scope,low_snr,p,t,1,114,0.008771929825
aligned_v1,vivos,phowhisper,base,tone_aware_lora,0.05,42,scope,low_snr,p,c,6,114,0.052631578947
aligned_v1,vivos,phowhisper,base,tone_aware_lora,0.05,42,scope,low_snr,p,ch,0,114,0.000000000000
aligned_v1,vivos,phowhisper,base,tone_aware_lora,0.05,42,scope,low_snr,p,m,3,114,0.026315789474
aligned_v1,vivos,phowhisper,base,tone_aware_lora,0.05,42,scope,low_snr,p,p,95,114,0.833333333333
aligned_v1,vivos,phowhisper,base,tone_aware_lora,0.1,42,scope,overall,none,none,0,99,0.000000000000
aligned_v1,vivos,phowhisper,base,tone_aware_lora,0.1,42,scope,overall,none,n,38,99,0.383838383838
aligned_v1,vivos,phowhisper,base,tone_aware_lora,0.1,42,scope,overall,none,ng,27,99,0.272727272727
aligned_v1,vivos,phowhisper,base,tone_aware_lora,0.1,42,scope,overall,none,nh,5,99,0.050505050505
aligned_v1,vivos,phowhisper,base,tone_aware_lora,0.1,42,scope,overall,none,t,9,99,0.090909090909
aligned_v1,vivos,phowhisper,base,tone_aware_lora,0.1,42,scope,overall,none,c,10,99,0.101010101010
aligned_v1,vivos,phowhisper,base,tone_aware_lora,0.1,42,scope,overall,none,ch,1,99,0.010101010101
aligned_v1,vivos,phowhisper,base,tone_aware_lora,0.1,42,scope,overall,none,m,7,99,0.070707070707
aligned_v1,vivos,phowhisper,base,tone_aware_lora,0.1,42,scope,overall,none,p,2,99,0.020202020202
aligned_v1,vivos,phowhisper,base,tone_aware_lora,0.1,42,scope,overall,n,none,45,1910,0.023560209424
aligned_v1,vivos,phowhisper,base,tone_aware_lora,0.1,42,scope,overall,n,n,1782,1910,0.932984293194
aligned_v1,vivos,phowhisper,base,tone_aware_lora,0.1,42,scope,overall,n,ng,50,1910,0.026178010471
aligned_v1,vivos,phowhisper,base,tone_aware_lora,0.1,42,scope,overall,n,nh,16,1910,0.008376963351
aligned_v1,vivos,phowhisper,base,tone_aware_lora,0.1,42,scope,overall,n,t,5,1910,0.002617801047
aligned_v1,vivos,phowhisper,base,tone_aware_lora,0.1,42,scope,overall,n,c,2,1910,0.001047120419
aligned_v1,vivos,phowhisper,base,tone_aware_lora,0.1,42,scope,overall,n,ch,0,1910,0.000000000000
aligned_v1,vivos,phowhisper,base,tone_aware_lora,0.1,42,scope,overall,n,m,9,1910,0.004712041885
aligned_v1,vivos,phowhisper,base,tone_aware_lora,0.1,42,scope,overall,n,p,1,1910,0.000523560209
aligned_v1,vivos,phowhisper,base,tone_aware_lora,0.1,42,scope,overall,ng,none,39,1965,0.019847328244
aligned_v1,vivos,phowhisper,base,tone_aware_lora,0.1,42,scope,overall,ng,n,47,1965,0.023918575064
aligned_v1,vivos,phowhisper,base,tone_aware_lora,0.1,42,scope,overall,ng,ng,1845,1965,0.938931297710
aligned_v1,vivos,phowhisper,base,tone_aware_lora,0.1,42,scope,overall,ng,nh,13,1965,0.006615776081
aligned_v1,vivos,phowhisper,base,tone_aware_lora,0.1,42,scope,overall,ng,t,5,1965,0.002544529262
aligned_v1,vivos,phowhisper,base,tone_aware_lora,0.1,42,scope,overall,ng,c,5,1965,0.002544529262
aligned_v1,vivos,phowhisper,base,tone_aware_lora,0.1,42,scope,overall,ng,ch,1,1965,0.000508905852
aligned_v1,vivos,phowhisper,base,tone_aware_lora,0.1,42,scope,overall,ng,m,10,1965,0.005089058524
aligned_v1,vivos,phowhisper,base,tone_aware_lora,0.1,42,scope,overall,ng,p,0,1965,0.000000000000
aligned_v1,vivos,phowhisper,base,tone_aware_lora,0.1,42,scope,overall,nh,none,8,675,0.011851851852
aligned_v1,vivos,phowhisper,base,tone_aware_lora,0.1,42,scope,overall,nh,n,15,675,0.022222222222
aligned_v1,vivos,phowhisper,base,tone_aware_lora,0.1,42,scope,overall,nh,ng,6,675,0.008888888889
aligned_v1,vivos,phowhisper,base,tone_aware_lora,0.1,42,scope,overall,nh,nh,639,675,0.946666666667
aligned_v1,vivos,phowhisper,base,tone_aware_lora,0.1,42,scope,overall,nh,t,0,675,0.000000000000
aligned_v1,vivos,phowhisper,base,tone_aware_lora,0.1,42,scope,overall,nh,c,2,675,0.002962962963
aligned_v1,vivos,phowhisper,base,tone_aware_lora,0.1,42,scope,overall,nh,ch,0,675,0.000000000000
aligned_v1,vivos,phowhisper,base,tone_aware_lora,0.1,42,scope,overall,nh,m,5,675,0.007407407407
aligned_v1,vivos,phowhisper,base,tone_aware_lora,0.1,42,scope,overall,nh,p,0,675,0.000000000000
aligned_v1,vivos,phowhisper,base,tone_aware_lora,0.1,42,scope,overall,t,none,27,830,0.032530120482
aligned_v1,vivos,phowhisper,base,tone_aware_lora,0.1,42,scope,overall,t,n,7,830,0.008433734940
aligned_v1,vivos,phowhisper,base,tone_aware_lora,0.1,42,scope,overall,t,ng,2,830,0.002409638554
aligned_v1,vivos,phowhisper,base,tone_aware_lora,0.1,42,scope,overall,t,nh,0,830,0.000000000000
aligned_v1,vivos,phowhisper,base,tone_aware_lora,0.1,42,scope,overall,t,t,719,830,0.866265060241
aligned_v1,vivos,phowhisper,base,tone_aware_lora,0.1,42,scope,overall,t,c,55,830,0.066265060241
aligned_v1,vivos,phowhisper,base,tone_aware_lora,0.1,42,scope,overall,t,ch,14,830,0.016867469880
aligned_v1,vivos,phowhisper,base,tone_aware_lora,0.1,42,scope,overall,t,m,2,830,0.002409638554
aligned_v1,vivos,phowhisper,base,tone_aware_lora,0.1,42,scope,overall,t,p,4,830,0.004819277108
aligned_v1,vivos,phowhisper,base,tone_aware_lora,0.1,42,scope,overall,c,none,11,885,0.012429378531
aligned_v1,vivos,phowhisper,base,tone_aware_lora,0.1,42,scope,overall,c,n,3,885,0.003389830508
aligned_v1,vivos,phowhisper,base,tone_aware_lora,0.1,42,scope,overall,c,ng,9,885,0.010169491525
aligned_v1,vivos,phowhisper,base,tone_aware_lora,0.1,42,scope,overall,c,nh,0,885,0.000000000000
aligned_v1,vivos,phowhisper,base,tone_aware_lora,0.1,42,scope,overall,c,t,48,885,0.054237288136
aligned_v1,vivos,phowhisper,base,tone_aware_lora,0.1,42,scope,overall,c,c,810,885,0.915254237288
aligned_v1,vivos,phowhisper,base,tone_aware_lora,0.1,42,scope,overall,c,ch,0,885,0.000000000000
aligned_v1,vivos,phowhisper,base,tone_aware_lora,0.1,42,scope,overall,c,m,0,885,0.000000000000
aligned_v1,vivos,phowhisper,base,tone_aware_lora,0.1,42,scope,overall,c,p,4,885,0.004519774011
aligned_v1,vivos,phowhisper,base,tone_aware_lora,0.1,42,scope,overall,ch,none,5,180,0.027777777778
aligned_v1,vivos,phowhisper,base,tone_aware_lora,0.1,42,scope,overall,ch,n,3,180,0.016666666667
aligned_v1,vivos,phowhisper,base,tone_aware_lora,0.1,42,scope,overall,ch,ng,0,180,0.000000000000
aligned_v1,vivos,phowhisper,base,tone_aware_lora,0.1,42,scope,overall,ch,nh,0,180,0.000000000000
aligned_v1,vivos,phowhisper,base,tone_aware_lora,0.1,42,scope,overall,ch,t,5,180,0.027777777778
aligned_v1,vivos,phowhisper,base,tone_aware_lora,0.1,42,scope,overall,ch,c,2,180,0.011111111111
aligned_v1,vivos,phowhisper,base,tone_aware_lora,0.1,42,scope,overall,ch,ch,159,180,0.883333333333
aligned_v1,vivos,phowhisper,base,tone_aware_lora,0.1,42,scope,overall,ch,m,2,180,0.011111111111
aligned_v1,vivos,phowhisper,base,tone_aware_lora,0.1,42,scope,overall,ch,p,4,180,0.022222222222
aligned_v1,vivos,phowhisper,base,tone_aware_lora,0.1,42,scope,overall,m,none,17,840,0.020238095238
aligned_v1,vivos,phowhisper,base,tone_aware_lora,0.1,42,scope,overall,m,n,11,840,0.013095238095
aligned_v1,vivos,phowhisper,base,tone_aware_lora,0.1,42,scope,overall,m,ng,15,840,0.017857142857
aligned_v1,vivos,phowhisper,base,tone_aware_lora,0.1,42,scope,overall,m,nh,2,840,0.002380952381
aligned_v1,vivos,phowhisper,base,tone_aware_lora,0.1,42,scope,overall,m,t,2,840,0.002380952381
aligned_v1,vivos,phowhisper,base,tone_aware_lora,0.1,42,scope,overall,m,c,2,840,0.002380952381
aligned_v1,vivos,phowhisper,base,tone_aware_lora,0.1,42,scope,overall,m,ch,0,840,0.000000000000
aligned_v1,vivos,phowhisper,base,tone_aware_lora,0.1,42,scope,overall,m,m,790,840,0.940476190476
aligned_v1,vivos,phowhisper,base,tone_aware_lora,0.1,42,scope,overall,m,p,1,840,0.001190476190
aligned_v1,vivos,phowhisper,base,tone_aware_lora,0.1,42,scope,overall,p,none,7,285,0.024561403509
aligned_v1,vivos,phowhisper,base,tone_aware_lora,0.1,42,scope,overall,p,n,3,285,0.010526315789
aligned_v1,vivos,phowhisper,base,tone_aware_lora,0.1,42,scope,overall,p,ng,1,285,0.003508771930
aligned_v1,vivos,phowhisper,base,tone_aware_lora,0.1,42,scope,overall,p,nh,0,285,0.000000000000
aligned_v1,vivos,phowhisper,base,tone_aware_lora,0.1,42,scope,overall,p,t,1,285,0.003508771930
aligned_v1,vivos,phowhisper,base,tone_aware_lora,0.1,42,scope,overall,p,c,10,285,0.035087719298
aligned_v1,vivos,phowhisper,base,tone_aware_lora,0.1,42,scope,overall,p,ch,0,285,0.000000000000
aligned_v1,vivos,phowhisper,base,tone_aware_lora,0.1,42,scope,overall,p,m,2,285,0.007017543860
aligned_v1,vivos,phowhisper,base,tone_aware_lora,0.1,42,scope,overall,p,p,261,285,0.915789473684
aligned_v1,vivos,phowhisper,base,tone_aware_lora,0.1,42,scope,low_snr,none,none,0,78,0.000000000000
aligned_v1,vivos,phowhisper,base,tone_aware_lora,0.1,42,scope,low_snr,none,n,32,78,0.410256410256
aligned_v1,vivos,phowhisper,base,tone_aware_lora,0.1,42,scope,low_snr,none,ng,21,78,0.269230769231
aligned_v1,vivos,phowhisper,base,tone_aware_lora,0.1,42,scope,low_snr,none,nh,5,78,0.064102564103
aligned_v1,vivos,phowhisper,base,tone_aware_lora,0.1,42,scope,low_snr,none,t,7,78,0.089743589744
aligned_v1,vivos,phowhisper,base,tone_aware_lora,0.1,42,scope,low_snr,none,c,6,78,0.076923076923
aligned_v1,vivos,phowhisper,base,tone_aware_lora,0.1,42,scope,low_snr,none,ch,1,78,0.012820512821
aligned_v1,vivos,phowhisper,base,tone_aware_lora,0.1,42,scope,low_snr,none,m,4,78,0.051282051282
aligned_v1,vivos,phowhisper,base,tone_aware_lora,0.1,42,scope,low_snr,none,p,2,78,0.025641025641
aligned_v1,vivos,phowhisper,base,tone_aware_lora,0.1,42,scope,low_snr,n,none,34,764,0.044502617801
aligned_v1,vivos,phowhisper,base,tone_aware_lora,0.1,42,scope,low_snr,n,n,683,764,0.893979057592
aligned_v1,vivos,phowhisper,base,tone_aware_lora,0.1,42,scope,low_snr,n,ng,25,764,0.032722513089
aligned_v1,vivos,phowhisper,base,tone_aware_lora,0.1,42,scope,low_snr,n,nh,8,764,0.010471204188
aligned_v1,vivos,phowhisper,base,tone_aware_lora,0.1,42,scope,low_snr,n,t,5,764,0.006544502618
aligned_v1,vivos,phowhisper,base,tone_aware_lora,0.1,42,scope,low_snr,n,c,1,764,0.001308900524
aligned_v1,vivos,phowhisper,base,tone_aware_lora,0.1,42,scope,low_snr,n,ch,0,764,0.000000000000
aligned_v1,vivos,phowhisper,base,tone_aware_lora,0.1,42,scope,low_snr,n,m,7,764,0.009162303665
aligned_v1,vivos,phowhisper,base,tone_aware_lora,0.1,42,scope,low_snr,n,p,1,764,0.001308900524
aligned_v1,vivos,phowhisper,base,tone_aware_lora,0.1,42,scope,low_snr,ng,none,30,786,0.038167938931
aligned_v1,vivos,phowhisper,base,tone_aware_lora,0.1,42,scope,low_snr,ng,n,23,786,0.029262086514
aligned_v1,vivos,phowhisper,base,tone_aware_lora,0.1,42,scope,low_snr,ng,ng,709,786,0.902035623410
aligned_v1,vivos,phowhisper,base,tone_aware_lora,0.1,42,scope,low_snr,ng,nh,8,786,0.010178117048
aligned_v1,vivos,phowhisper,base,tone_aware_lora,0.1,42,scope,low_snr,ng,t,5,786,0.006361323155
aligned_v1,vivos,phowhisper,base,tone_aware_lora,0.1,42,scope,low_snr,ng,c,4,786,0.005089058524
aligned_v1,vivos,phowhisper,base,tone_aware_lora,0.1,42,scope,low_snr,ng,ch,1,786,0.001272264631
aligned_v1,vivos,phowhisper,base,tone_aware_lora,0.1,42,scope,low_snr,ng,m,6,786,0.007633587786
aligned_v1,vivos,phowhisper,base,tone_aware_lora,0.1,42,scope,low_snr,ng,p,0,786,0.000000000000
aligned_v1,vivos,phowhisper,base,tone_aware_lora,0.1,42,scope,low_snr,nh,none,8,270,0.029629629630
aligned_v1,vivos,phowhisper,base,tone_aware_lora,0.1,42,scope,low_snr,nh,n,8,270,0.029629629630
aligned_v1,vivos,phowhisper,base,tone_aware_lora,0.1,42,scope,low_snr,nh,ng,5,270,0.018518518519
aligned_v1,vivos,phowhisper,base,tone_aware_lora,0.1,42,scope,low_snr,nh,nh,243,270,0.900000000000
aligned_v1,vivos,phowhisper,base,tone_aware_lora,0.1,42,scope,low_snr,nh,t,0,270,0.000000000000
aligned_v1,vivos,phowhisper,base,tone_aware_lora,0.1,42,scope,low_snr,nh,c,1,270,0.003703703704
aligned_v1,vivos,phowhisper,base,tone_aware_lora,0.1,42,scope,low_snr,nh,ch,0,270,0.000000000000
aligned_v1,vivos,phowhisper,base,tone_aware_lora,0.1,42,scope,low_snr,nh,m,5,270,0.018518518519
aligned_v1,vivos,phowhisper,base,tone_aware_lora,0.1,42,scope,low_snr,nh,p,0,270,0.000000000000
aligned_v1,vivos,phowhisper,base,tone_aware_lora,0.1,42,scope,low_snr,t,none,21,332,0.063253012048
aligned_v1,vivos,phowhisper,base,tone_aware_lora,0.1,42,scope,low_snr,t,n,4,332,0.012048192771
aligned_v1,vivos,phowhisper,base,tone_aware_lora,0.1,42,scope,low_snr,t,ng,1,332,0.003012048193
aligned_v1,vivos,phowhisper,base,tone_aware_lora,0.1,42,scope,low_snr,t,nh,0,332,0.000000000000
aligned_v1,vivos,phowhisper,base,tone_aware_lora,0.1,42,scope,low_snr,t,t,269,332,0.810240963855
aligned_v1,vivos,phowhisper,base,tone_aware_lora,0.1,42,scope,low_snr,t,c,22,332,0.066265060241
aligned_v1,vivos,phowhisper,base,tone_aware_lora,0.1,42,scope,low_snr,t,ch,10,332,0.030120481928
aligned_v1,vivos,phowhisper,base,tone_aware_lora,0.1,42,scope,low_snr,t,m,2,332,0.006024096386
aligned_v1,vivos,phowhisper,base,tone_aware_lora,0.1,42,scope,low_snr,t,p,3,332,0.009036144578
aligned_v1,vivos,phowhisper,base,tone_aware_lora,0.1,42,scope,low_snr,c,none,8,354,0.022598870056
aligned_v1,vivos,phowhisper,base,tone_aware_lora,0.1,42,scope,low_snr,c,n,0,354,0.000000000000
aligned_v1,vivos,phowhisper,base,tone_aware_lora,0.1,42,scope,low_snr,c,ng,9,354,0.025423728814
aligned_v1,vivos,phowhisper,base,tone_aware_lora,0.1,42,scope,low_snr,c,nh,0,354,0.000000000000
aligned_v1,vivos,phowhisper,base,tone_aware_lora,0.1,42,scope,low_snr,c,t,25,354,0.070621468927
aligned_v1,vivos,phowhisper,base,tone_aware_lora,0.1,42,scope,low_snr,c,c,310,354,0.875706214689
aligned_v1,vivos,phowhisper,base,tone_aware_lora,0.1,42,scope,low_snr,c,ch,0,354,0.000000000000
aligned_v1,vivos,phowhisper,base,tone_aware_lora,0.1,42,scope,low_snr,c,m,0,354,0.000000000000
aligned_v1,vivos,phowhisper,base,tone_aware_lora,0.1,42,scope,low_snr,c,p,2,354,0.005649717514
aligned_v1,vivos,phowhisper,base,tone_aware_lora,0.1,42,scope,low_snr,ch,none,4,72,0.055555555556
aligned_v1,vivos,phowhisper,base,tone_aware_lora,0.1,42,scope,low_snr,ch,n,3,72,0.041666666667
aligned_v1,vivos,phowhisper,base,tone_aware_lora,0.1,42,scope,low_snr,ch,ng,0,72,0.000000000000
aligned_v1,vivos,phowhisper,base,tone_aware_lora,0.1,42,scope,low_snr,ch,nh,0,72,0.000000000000
aligned_v1,vivos,phowhisper,base,tone_aware_lora,0.1,42,scope,low_snr,ch,t,2,72,0.027777777778
aligned_v1,vivos,phowhisper,base,tone_aware_lora,0.1,42,scope,low_snr,ch,c,2,72,0.027777777778
aligned_v1,vivos,phowhisper,base,tone_aware_lora,0.1,42,scope,low_snr,ch,ch,58,72,0.805555555556
aligned_v1,vivos,phowhisper,base,tone_aware_lora,0.1,42,scope,low_snr,ch,m,1,72,0.013888888889
aligned_v1,vivos,phowhisper,base,tone_aware_lora,0.1,42,scope,low_snr,ch,p,2,72,0.027777777778
aligned_v1,vivos,phowhisper,base,tone_aware_lora,0.1,42,scope,low_snr,m,none,11,336,0.032738095238
aligned_v1,vivos,phowhisper,base,tone_aware_lora,0.1,42,scope,low_snr,m,n,9,336,0.026785714286
aligned_v1,vivos,phowhisper,base,tone_aware_lora,0.1,42,scope,low_snr,m,ng,10,336,0.029761904762
aligned_v1,vivos,phowhisper,base,tone_aware_lora,0.1,42,scope,low_snr,m,nh,2,336,0.005952380952
aligned_v1,vivos,phowhisper,base,tone_aware_lora,0.1,42,scope,low_snr,m,t,0,336,0.000000000000
aligned_v1,vivos,phowhisper,base,tone_aware_lora,0.1,42,scope,low_snr,m,c,2,336,0.005952380952
aligned_v1,vivos,phowhisper,base,tone_aware_lora,0.1,42,scope,low_snr,m,ch,0,336,0.000000000000
aligned_v1,vivos,phowhisper,base,tone_aware_lora,0.1,42,scope,low_snr,m,m,301,336,0.895833333333
aligned_v1,vivos,phowhisper,base,tone_aware_lora,0.1,42,scope,low_snr,m,p,1,336,0.002976190476
aligned_v1,vivos,phowhisper,base,tone_aware_lora,0.1,42,scope,low_snr,p,none,5,114,0.043859649123
aligned_v1,vivos,phowhisper,base,tone_aware_lora,0.1,42,scope,low_snr,p,n,3,114,0.026315789474
aligned_v1,vivos,phowhisper,base,tone_aware_lora,0.1,42,scope,low_snr,p,ng,1,114,0.008771929825
aligned_v1,vivos,phowhisper,base,tone_aware_lora,0.1,42,scope,low_snr,p,nh,0,114,0.000000000000
aligned_v1,vivos,phowhisper,base,tone_aware_lora,0.1,42,scope,low_snr,p,t,1,114,0.008771929825
aligned_v1,vivos,phowhisper,base,tone_aware_lora,0.1,42,scope,low_snr,p,c,6,114,0.052631578947
aligned_v1,vivos,phowhisper,base,tone_aware_lora,0.1,42,scope,low_snr,p,ch,0,114,0.000000000000
aligned_v1,vivos,phowhisper,base,tone_aware_lora,0.1,42,scope,low_snr,p,m,2,114,0.017543859649
aligned_v1,vivos,phowhisper,base,tone_aware_lora,0.1,42,scope,low_snr,p,p,96,114,0.842105263158
aligned_v1,vivos,phowhisper,base,tone_aware_lora,0.3,42,scope,overall,none,none,0,85,0.000000000000
aligned_v1,vivos,phowhisper,base,tone_aware_lora,0.3,42,scope,overall,none,n,32,85,0.376470588235
aligned_v1,vivos,phowhisper,base,tone_aware_lora,0.3,42,scope,overall,none,ng,21,85,0.247058823529
aligned_v1,vivos,phowhisper,base,tone_aware_lora,0.3,42,scope,overall,none,nh,3,85,0.035294117647
aligned_v1,vivos,phowhisper,base,tone_aware_lora,0.3,42,scope,overall,none,t,10,85,0.117647058824
aligned_v1,vivos,phowhisper,base,tone_aware_lora,0.3,42,scope,overall,none,c,11,85,0.129411764706
aligned_v1,vivos,phowhisper,base,tone_aware_lora,0.3,42,scope,overall,none,ch,4,85,0.047058823529
aligned_v1,vivos,phowhisper,base,tone_aware_lora,0.3,42,scope,overall,none,m,2,85,0.023529411765
aligned_v1,vivos,phowhisper,base,tone_aware_lora,0.3,42,scope,overall,none,p,2,85,0.023529411765
aligned_v1,vivos,phowhisper,base,tone_aware_lora,0.3,42,scope,overall,n,none,44,1910,0.023036649215
aligned_v1,vivos,phowhisper,base,tone_aware_lora,0.3,42,scope,overall,n,n,1767,1910,0.925130890052
aligned_v1,vivos,phowhisper,base,tone_aware_lora,0.3,42,scope,overall,n,ng,54,1910,0.028272251309
aligned_v1,vivos,phowhisper,base,tone_aware_lora,0.3,42,scope,overall,n,nh,19,1910,0.009947643979
aligned_v1,vivos,phowhisper,base,tone_aware_lora,0.3,42,scope,overall,n,t,3,1910,0.001570680628
aligned_v1,vivos,phowhisper,base,tone_aware_lora,0.3,42,scope,overall,n,c,6,1910,0.003141361257
aligned_v1,vivos,phowhisper,base,tone_aware_lora,0.3,42,scope,overall,n,ch,1,1910,0.000523560209
aligned_v1,vivos,phowhisper,base,tone_aware_lora,0.3,42,scope,overall,n,m,16,1910,0.008376963351
aligned_v1,vivos,phowhisper,base,tone_aware_lora,0.3,42,scope,overall,n,p,0,1910,0.000000000000
aligned_v1,vivos,phowhisper,base,tone_aware_lora,0.3,42,scope,overall,ng,none,38,1965,0.019338422392
aligned_v1,vivos,phowhisper,base,tone_aware_lora,0.3,42,scope,overall,ng,n,51,1965,0.025954198473
aligned_v1,vivos,phowhisper,base,tone_aware_lora,0.3,42,scope,overall,ng,ng,1840,1965,0.936386768448
aligned_v1,vivos,phowhisper,base,tone_aware_lora,0.3,42,scope,overall,ng,nh,14,1965,0.007124681934
aligned_v1,vivos,phowhisper,base,tone_aware_lora,0.3,42,scope,overall,ng,t,6,1965,0.003053435115
aligned_v1,vivos,phowhisper,base,tone_aware_lora,0.3,42,scope,overall,ng,c,7,1965,0.003562340967
aligned_v1,vivos,phowhisper,base,tone_aware_lora,0.3,42,scope,overall,ng,ch,0,1965,0.000000000000
aligned_v1,vivos,phowhisper,base,tone_aware_lora,0.3,42,scope,overall,ng,m,9,1965,0.004580152672
aligned_v1,vivos,phowhisper,base,tone_aware_lora,0.3,42,scope,overall,ng,p,0,1965,0.000000000000
aligned_v1,vivos,phowhisper,base,tone_aware_lora,0.3,42,scope,overall,nh,none,11,675,0.016296296296
aligned_v1,vivos,phowhisper,base,tone_aware_lora,0.3,42,scope,overall,nh,n,16,675,0.023703703704
aligned_v1,vivos,phowhisper,base,tone_aware_lora,0.3,42,scope,overall,nh,ng,7,675,0.010370370370
aligned_v1,vivos,phowhisper,base,tone_aware_lora,0.3,42,scope,overall,nh,nh,636,675,0.942222222222
aligned_v1,vivos,phowhisper,base,tone_aware_lora,0.3,42,scope,overall,nh,t,0,675,0.000000000000
aligned_v1,vivos,phowhisper,base,tone_aware_lora,0.3,42,scope,overall,nh,c,1,675,0.001481481481
aligned_v1,vivos,phowhisper,base,tone_aware_lora,0.3,42,scope,overall,nh,ch,0,675,0.000000000000
aligned_v1,vivos,phowhisper,base,tone_aware_lora,0.3,42,scope,overall,nh,m,4,675,0.005925925926
aligned_v1,vivos,phowhisper,base,tone_aware_lora,0.3,42,scope,overall,nh,p,0,675,0.000000000000
aligned_v1,vivos,phowhisper,base,tone_aware_lora,0.3,42,scope,overall,t,none,30,830,0.036144578313
aligned_v1,vivos,phowhisper,base,tone_aware_lora,0.3,42,scope,overall,t,n,8,830,0.009638554217
aligned_v1,vivos,phowhisper,base,tone_aware_lora,0.3,42,scope,overall,t,ng,2,830,0.002409638554
aligned_v1,vivos,phowhisper,base,tone_aware_lora,0.3,42,scope,overall,t,nh,0,830,0.000000000000
aligned_v1,vivos,phowhisper,base,tone_aware_lora,0.3,42,scope,overall,t,t,722,830,0.869879518072
aligned_v1,vivos,phowhisper,base,tone_aware_lora,0.3,42,scope,overall,t,c,46,830,0.055421686747
aligned_v1,vivos,phowhisper,base,tone_aware_lora,0.3,42,scope,overall,t,ch,15,830,0.018072289157
aligned_v1,vivos,phowhisper,base,tone_aware_lora,0.3,42,scope,overall,t,m,1,830,0.001204819277
aligned_v1,vivos,phowhisper,base,tone_aware_lora,0.3,42,scope,overall,t,p,6,830,0.007228915663
aligned_v1,vivos,phowhisper,base,tone_aware_lora,0.3,42,scope,overall,c,none,20,885,0.022598870056
aligned_v1,vivos,phowhisper,base,tone_aware_lora,0.3,42,scope,overall,c,n,1,885,0.001129943503
aligned_v1,vivos,phowhisper,base,tone_aware_lora,0.3,42,scope,overall,c,ng,5,885,0.005649717514
aligned_v1,vivos,phowhisper,base,tone_aware_lora,0.3,42,scope,overall,c,nh,1,885,0.001129943503
aligned_v1,vivos,phowhisper,base,tone_aware_lora,0.3,42,scope,overall,c,t,46,885,0.051977401130
aligned_v1,vivos,phowhisper,base,tone_aware_lora,0.3,42,scope,overall,c,c,808,885,0.912994350282
aligned_v1,vivos,phowhisper,base,tone_aware_lora,0.3,42,scope,overall,c,ch,2,885,0.002259887006
aligned_v1,vivos,phowhisper,base,tone_aware_lora,0.3,42,scope,overall,c,m,0,885,0.000000000000
aligned_v1,vivos,phowhisper,base,tone_aware_lora,0.3,42,scope,overall,c,p,2,885,0.002259887006
aligned_v1,vivos,phowhisper,base,tone_aware_lora,0.3,42,scope,overall,ch,none,1,180,0.005555555556
aligned_v1,vivos,phowhisper,base,tone_aware_lora,0.3,42,scope,overall,ch,n,3,180,0.016666666667
aligned_v1,vivos,phowhisper,base,tone_aware_lora,0.3,42,scope,overall,ch,ng,1,180,0.005555555556
aligned_v1,vivos,phowhisper,base,tone_aware_lora,0.3,42,scope,overall,ch,nh,1,180,0.005555555556
aligned_v1,vivos,phowhisper,base,tone_aware_lora,0.3,42,scope,overall,ch,t,5,180,0.027777777778
aligned_v1,vivos,phowhisper,base,tone_aware_lora,0.3,42,scope,overall,ch,c,5,180,0.027777777778
aligned_v1,vivos,phowhisper,base,tone_aware_lora,0.3,42,scope,overall,ch,ch,159,180,0.883333333333
aligned_v1,vivos,phowhisper,base,tone_aware_lora,0.3,42,scope,overall,ch,m,2,180,0.011111111111
aligned_v1,vivos,phowhisper,base,tone_aware_lora,0.3,42,scope,overall,ch,p,3,180,0.016666666667
aligned_v1,vivos,phowhisper,base,tone_aware_lora,0.3,42,scope,overall,m,none,23,840,0.027380952381
aligned_v1,vivos,phowhisper,base,tone_aware_lora,0.3,42,scope,overall,m,n,11,840,0.013095238095
aligned_v1,vivos,phowhisper,base,tone_aware_lora,0.3,42,scope,overall,m,ng,15,840,0.017857142857
aligned_v1,vivos,phowhisper,base,tone_aware_lora,0.3,42,scope,overall,m,nh,1,840,0.001190476190
aligned_v1,vivos,phowhisper,base,tone_aware_lora,0.3,42,scope,overall,m,t,0,840,0.000000000000
aligned_v1,vivos,phowhisper,base,tone_aware_lora,0.3,42,scope,overall,m,c,1,840,0.001190476190
aligned_v1,vivos,phowhisper,base,tone_aware_lora,0.3,42,scope,overall,m,ch,0,840,0.000000000000
aligned_v1,vivos,phowhisper,base,tone_aware_lora,0.3,42,scope,overall,m,m,788,840,0.938095238095
aligned_v1,vivos,phowhisper,base,tone_aware_lora,0.3,42,scope,overall,m,p,1,840,0.001190476190
aligned_v1,vivos,phowhisper,base,tone_aware_lora,0.3,42,scope,overall,p,none,6,285,0.021052631579
aligned_v1,vivos,phowhisper,base,tone_aware_lora,0.3,42,scope,overall,p,n,1,285,0.003508771930
aligned_v1,vivos,phowhisper,base,tone_aware_lora,0.3,42,scope,overall,p,ng,0,285,0.000000000000
aligned_v1,vivos,phowhisper,base,tone_aware_lora,0.3,42,scope,overall,p,nh,1,285,0.003508771930
aligned_v1,vivos,phowhisper,base,tone_aware_lora,0.3,42,scope,overall,p,t,3,285,0.010526315789
aligned_v1,vivos,phowhisper,base,tone_aware_lora,0.3,42,scope,overall,p,c,9,285,0.031578947368
aligned_v1,vivos,phowhisper,base,tone_aware_lora,0.3,42,scope,overall,p,ch,0,285,0.000000000000
aligned_v1,vivos,phowhisper,base,tone_aware_lora,0.3,42,scope,overall,p,m,3,285,0.010526315789
aligned_v1,vivos,phowhisper,base,tone_aware_lora,0.3,42,scope,overall,p,p,262,285,0.919298245614
aligned_v1,vivos,phowhisper,base,tone_aware_lora,0.3,42,scope,low_snr,none,none,0,68,0.000000000000
aligned_v1,vivos,phowhisper,base,tone_aware_lora,0.3,42,scope,low_snr,none,n,26,68,0.382352941176
aligned_v1,vivos,phowhisper,base,tone_aware_lora,0.3,42,scope,low_snr,none,ng,17,68,0.250000000000
aligned_v1,vivos,phowhisper,base,tone_aware_lora,0.3,42,scope,low_snr,none,nh,3,68,0.044117647059
aligned_v1,vivos,phowhisper,base,tone_aware_lora,0.3,42,scope,low_snr,none,t,7,68,0.102941176471
aligned_v1,vivos,phowhisper,base,tone_aware_lora,0.3,42,scope,low_snr,none,c,7,68,0.102941176471
aligned_v1,vivos,phowhisper,base,tone_aware_lora,0.3,42,scope,low_snr,none,ch,4,68,0.058823529412
aligned_v1,vivos,phowhisper,base,tone_aware_lora,0.3,42,scope,low_snr,none,m,2,68,0.029411764706
aligned_v1,vivos,phowhisper,base,tone_aware_lora,0.3,42,scope,low_snr,none,p,2,68,0.029411764706
aligned_v1,vivos,phowhisper,base,tone_aware_lora,0.3,42,scope,low_snr,n,none,34,764,0.044502617801
aligned_v1,vivos,phowhisper,base,tone_aware_lora,0.3,42,scope,low_snr,n,n,670,764,0.876963350785
aligned_v1,vivos,phowhisper,base,tone_aware_lora,0.3,42,scope,low_snr,n,ng,29,764,0.037958115183
aligned_v1,vivos,phowhisper,base,tone_aware_lora,0.3,42,scope,low_snr,n,nh,11,764,0.014397905759
aligned_v1,vivos,phowhisper,base,tone_aware_lora,0.3,42,scope,low_snr,n,t,3,764,0.003926701571
aligned_v1,vivos,phowhisper,base,tone_aware_lora,0.3,42,scope,low_snr,n,c,4,764,0.005235602094
aligned_v1,vivos,phowhisper,base,tone_aware_lora,0.3,42,scope,low_snr,n,ch,1,764,0.001308900524
aligned_v1,vivos,phowhisper,base,tone_aware_lora,0.3,42,scope,low_snr,n,m,12,764,0.015706806283
aligned_v1,vivos,phowhisper,base,tone_aware_lora,0.3,42,scope,low_snr,n,p,0,764,0.000000000000
aligned_v1,vivos,phowhisper,base,tone_aware_lora,0.3,42,scope,low_snr,ng,none,31,786,0.039440203562
aligned_v1,vivos,phowhisper,base,tone_aware_lora,0.3,42,scope,low_snr,ng,n,22,786,0.027989821883
aligned_v1,vivos,phowhisper,base,tone_aware_lora,0.3,42,scope,low_snr,ng,ng,705,786,0.896946564885
aligned_v1,vivos,phowhisper,base,tone_aware_lora,0.3,42,scope,low_snr,ng,nh,8,786,0.010178117048
aligned_v1,vivos,phowhisper,base,tone_aware_lora,0.3,42,scope,low_snr,ng,t,6,786,0.007633587786
aligned_v1,vivos,phowhisper,base,tone_aware_lora,0.3,42,scope,low_snr,ng,c,7,786,0.008905852417
aligned_v1,vivos,phowhisper,base,tone_aware_lora,0.3,42,scope,low_snr,ng,ch,0,786,0.000000000000
aligned_v1,vivos,phowhisper,base,tone_aware_lora,0.3,42,scope,low_snr,ng,m,7,786,0.008905852417
aligned_v1,vivos,phowhisper,base,tone_aware_lora,0.3,42,scope,low_snr,ng,p,0,786,0.000000000000
aligned_v1,vivos,phowhisper,base,tone_aware_lora,0.3,42,scope,low_snr,nh,none,9,270,0.033333333333
aligned_v1,vivos,phowhisper,base,tone_aware_lora,0.3,42,scope,low_snr,nh,n,8,270,0.029629629630
aligned_v1,vivos,phowhisper,base,tone_aware_lora,0.3,42,scope,low_snr,nh,ng,6,270,0.022222222222
aligned_v1,vivos,phowhisper,base,tone_aware_lora,0.3,42,scope,low_snr,nh,nh,242,270,0.896296296296
aligned_v1,vivos,phowhisper,base,tone_aware_lora,0.3,42,scope,low_snr,nh,t,0,270,0.000000000000
aligned_v1,vivos,phowhisper,base,tone_aware_lora,0.3,42,scope,low_snr,nh,c,1,270,0.003703703704
aligned_v1,vivos,phowhisper,base,tone_aware_lora,0.3,42,scope,low_snr,nh,ch,0,270,0.000000000000
aligned_v1,vivos,phowhisper,base,tone_aware_lora,0.3,42,scope,low_snr,nh,m,4,270,0.014814814815
aligned_v1,vivos,phowhisper,base,tone_aware_lora,0.3,42,scope,low_snr,nh,p,0,270,0.000000000000
aligned_v1,vivos,phowhisper,base,tone_aware_lora,0.3,42,scope,low_snr,t,none,23,332,0.069277108434
aligned_v1,vivos,phowhisper,base,tone_aware_lora,0.3,42,scope,low_snr,t,n,5,332,0.015060240964
aligned_v1,vivos,phowhisper,base,tone_aware_lora,0.3,42,scope,low_snr,t,ng,1,332,0.003012048193
aligned_v1,vivos,phowhisper,base,tone_aware_lora,0.3,42,scope,low_snr,t,nh,0,332,0.000000000000
aligned_v1,vivos,phowhisper,base,tone_aware_lora,0.3,42,scope,low_snr,t,t,270,332,0.813253012048
aligned_v1,vivos,phowhisper,base,tone_aware_lora,0.3,42,scope,low_snr,t,c,18,332,0.054216867470
aligned_v1,vivos,phowhisper,base,tone_aware_lora,0.3,42,scope,low_snr,t,ch,9,332,0.027108433735
aligned_v1,vivos,phowhisper,base,tone_aware_lora,0.3,42,scope,low_snr,t,m,1,332,0.003012048193
aligned_v1,vivos,phowhisper,base,tone_aware_lora,0.3,42,scope,low_snr,t,p,5,332,0.015060240964
aligned_v1,vivos,phowhisper,base,tone_aware_lora,0.3,42,scope,low_snr,c,none,11,354,0.031073446328
aligned_v1,vivos,phowhisper,base,tone_aware_lora,0.3,42,scope,low_snr,c,n,1,354,0.002824858757
aligned_v1,vivos,phowhisper,base,tone_aware_lora,0.3,42,scope,low_snr,c,ng,5,354,0.014124293785
aligned_v1,vivos,phowhisper,base,tone_aware_lora,0.3,42,scope,low_snr,c,nh,1,354,0.002824858757
aligned_v1,vivos,phowhisper,base,tone_aware_lora,0.3,42,scope,low_snr,c,t,24,354,0.067796610169
aligned_v1,vivos,phowhisper,base,tone_aware_lora,0.3,42,scope,low_snr,c,c,309,354,0.872881355932
aligned_v1,vivos,phowhisper,base,tone_aware_lora,0.3,42,scope,low_snr,c,ch,1,354,0.002824858757
aligned_v1,vivos,phowhisper,base,tone_aware_lora,0.3,42,scope,low_snr,c,m,0,354,0.000000000000
aligned_v1,vivos,phowhisper,base,tone_aware_lora,0.3,42,scope,low_snr,c,p,2,354,0.005649717514
aligned_v1,vivos,phowhisper,base,tone_aware_lora,0.3,42,scope,low_snr,ch,none,1,72,0.013888888889
aligned_v1,vivos,phowhisper,base,tone_aware_lora,0.3,42,scope,low_snr,ch,n,3,72,0.041666666667
aligned_v1,vivos,phowhisper,base,tone_aware_lora,0.3,42,scope,low_snr,ch,ng,1,72,0.013888888889
aligned_v1,vivos,phowhisper,base,tone_aware_lora,0.3,42,scope,low_snr,ch,nh,1,72,0.013888888889
aligned_v1,vivos,phowhisper,base,tone_aware_lora,0.3,42,scope,low_snr,ch,t,2,72,0.027777777778
aligned_v1,vivos,phowhisper,base,tone_aware_lora,0.3,42,scope,low_snr,ch,c,2,72,0.027777777778
aligned_v1,vivos,phowhisper,base,tone_aware_lora,0.3,42,scope,low_snr,ch,ch,58,72,0.805555555556
aligned_v1,vivos,phowhisper,base,tone_aware_lora,0.3,42,scope,low_snr,ch,m,1,72,0.013888888889
aligned_v1,vivos,phowhisper,base,tone_aware_lora,0.3,42,scope,low_snr,ch,p,3,72,0.041666666667
aligned_v1,vivos,phowhisper,base,tone_aware_lora,0.3,42,scope,low_snr,m,none,14,336,0.041666666667
aligned_v1,vivos,phowhisper,base,tone_aware_lora,0.3,42,scope,low_snr,m,n,9,336,0.026785714286
aligned_v1,vivos,phowhisper,base,tone_aware_lora,0.3,42,scope,low_snr,m,ng,10,336,0.029761904762
aligned_v1,vivos,phowhisper,base,tone_aware_lora,0.3,42,scope,low_snr,m,nh,1,336,0.002976190476
aligned_v1,vivos,phowhisper,base,tone_aware_lora,0.3,42,scope,low_snr,m,t,0,336,0.000000000000
aligned_v1,vivos,phowhisper,base,tone_aware_lora,0.3,42,scope,low_snr,m,c,1,336,0.002976190476
aligned_v1,vivos,phowhisper,base,tone_aware_lora,0.3,42,scope,low_snr,m,ch,0,336,0.000000000000
aligned_v1,vivos,phowhisper,base,tone_aware_lora,0.3,42,scope,low_snr,m,m,300,336,0.892857142857
aligned_v1,vivos,phowhisper,base,tone_aware_lora,0.3,42,scope,low_snr,m,p,1,336,0.002976190476
aligned_v1,vivos,phowhisper,base,tone_aware_lora,0.3,42,scope,low_snr,p,none,4,114,0.035087719298
aligned_v1,vivos,phowhisper,base,tone_aware_lora,0.3,42,scope,low_snr,p,n,1,114,0.008771929825
aligned_v1,vivos,phowhisper,base,tone_aware_lora,0.3,42,scope,low_snr,p,ng,0,114,0.000000000000
aligned_v1,vivos,phowhisper,base,tone_aware_lora,0.3,42,scope,low_snr,p,nh,0,114,0.000000000000
aligned_v1,vivos,phowhisper,base,tone_aware_lora,0.3,42,scope,low_snr,p,t,3,114,0.026315789474
aligned_v1,vivos,phowhisper,base,tone_aware_lora,0.3,42,scope,low_snr,p,c,5,114,0.043859649123
aligned_v1,vivos,phowhisper,base,tone_aware_lora,0.3,42,scope,low_snr,p,ch,0,114,0.000000000000
aligned_v1,vivos,phowhisper,base,tone_aware_lora,0.3,42,scope,low_snr,p,m,3,114,0.026315789474
aligned_v1,vivos,phowhisper,base,tone_aware_lora,0.3,42,scope,low_snr,p,p,98,114,0.859649122807
aligned_v1,vivos,phowhisper,base,tone_aware_lora,0.5,42,scope,overall,none,none,0,86,0.000000000000
aligned_v1,vivos,phowhisper,base,tone_aware_lora,0.5,42,scope,overall,none,n,28,86,0.325581395349
aligned_v1,vivos,phowhisper,base,tone_aware_lora,0.5,42,scope,overall,none,ng,21,86,0.244186046512
aligned_v1,vivos,phowhisper,base,tone_aware_lora,0.5,42,scope,overall,none,nh,5,86,0.058139534884
aligned_v1,vivos,phowhisper,base,tone_aware_lora,0.5,42,scope,overall,none,t,9,86,0.104651162791
aligned_v1,vivos,phowhisper,base,tone_aware_lora,0.5,42,scope,overall,none,c,11,86,0.127906976744
aligned_v1,vivos,phowhisper,base,tone_aware_lora,0.5,42,scope,overall,none,ch,3,86,0.034883720930
aligned_v1,vivos,phowhisper,base,tone_aware_lora,0.5,42,scope,overall,none,m,7,86,0.081395348837
aligned_v1,vivos,phowhisper,base,tone_aware_lora,0.5,42,scope,overall,none,p,2,86,0.023255813953
aligned_v1,vivos,phowhisper,base,tone_aware_lora,0.5,42,scope,overall,n,none,49,1910,0.025654450262
aligned_v1,vivos,phowhisper,base,tone_aware_lora,0.5,42,scope,overall,n,n,1755,1910,0.918848167539
aligned_v1,vivos,phowhisper,base,tone_aware_lora,0.5,42,scope,overall,n,ng,60,1910,0.031413612565
aligned_v1,vivos,phowhisper,base,tone_aware_lora,0.5,42,scope,overall,n,nh,20,1910,0.010471204188
aligned_v1,vivos,phowhisper,base,tone_aware_lora,0.5,42,scope,overall,n,t,2,1910,0.001047120419
aligned_v1,vivos,phowhisper,base,tone_aware_lora,0.5,42,scope,overall,n,c,2,1910,0.001047120419
aligned_v1,vivos,phowhisper,base,tone_aware_lora,0.5,42,scope,overall,n,ch,1,1910,0.000523560209
aligned_v1,vivos,phowhisper,base,tone_aware_lora,0.5,42,scope,overall,n,m,21,1910,0.010994764398
aligned_v1,vivos,phowhisper,base,tone_aware_lora,0.5,42,scope,overall,n,p,0,1910,0.000000000000
aligned_v1,vivos,phowhisper,base,tone_aware_lora,0.5,42,scope,overall,ng,none,43,1965,0.021882951654
aligned_v1,vivos,phowhisper,base,tone_aware_lora,0.5,42,scope,overall,ng,n,58,1965,0.029516539440
aligned_v1,vivos,phowhisper,base,tone_aware_lora,0.5,42,scope,overall,ng,ng,1828,1965,0.930279898219
aligned_v1,vivos,phowhisper,base,tone_aware_lora,0.5,42,scope,overall,ng,nh,12,1965,0.006106870229
aligned_v1,vivos,phowhisper,base,tone_aware_lora,0.5,42,scope,overall,ng,t,9,1965,0.004580152672
aligned_v1,vivos,phowhisper,base,tone_aware_lora,0.5,42,scope,overall,ng,c,6,1965,0.003053435115
aligned_v1,vivos,phowhisper,base,tone_aware_lora,0.5,42,scope,overall,ng,ch,0,1965,0.000000000000
aligned_v1,vivos,phowhisper,base,tone_aware_lora,0.5,42,scope,overall,ng,m,9,1965,0.004580152672
aligned_v1,vivos,phowhisper,base,tone_aware_lora,0.5,42,scope,overall,ng,p,0,1965,0.000000000000
aligned_v1,vivos,phowhisper,base,tone_aware_lora,0.5,42,scope,overall,nh,none,12,675,0.017777777778
aligned_v1,vivos,phowhisper,base,tone_aware_lora,0.5,42,scope,overall,nh,n,21,675,0.031111111111
aligned_v1,vivos,phowhisper,base,tone_aware_lora,0.5,42,scope,overall,nh,ng,8,675,0.011851851852
aligned_v1,vivos,phowhisper,base,tone_aware_lora,0.5,42,scope,overall,nh,nh,626,675,0.927407407407
aligned_v1,vivos,phowhisper,base,tone_aware_lora,0.5,42,scope,overall,nh,t,1,675,0.001481481481
aligned_v1,vivos,phowhisper,base,tone_aware_lora,0.5,42,scope,overall,nh,c,1,675,0.001481481481
aligned_v1,vivos,phowhisper,base,tone_aware_lora,0.5,42,scope,overall,nh,ch,0,675,0.000000000000
aligned_v1,vivos,phowhisper,base,tone_aware_lora,0.5,42,scope,overall,nh,m,6,675,0.008888888889
aligned_v1,vivos,phowhisper,base,tone_aware_lora,0.5,42,scope,overall,nh,p,0,675,0.000000000000
aligned_v1,vivos,phowhisper,base,tone_aware_lora,0.5,42,scope,overall,t,none,32,830,0.038554216867
aligned_v1,vivos,phowhisper,base,tone_aware_lora,0.5,42,scope,overall,t,n,7,830,0.008433734940
aligned_v1,vivos,phowhisper,base,tone_aware_lora,0.5,42,scope,overall,t,ng,2,830,0.002409638554
aligned_v1,vivos,phowhisper,base,tone_aware_lora,0.5,42,scope,overall,t,nh,0,830,0.000000000000
aligned_v1,vivos,phowhisper,base,tone_aware_lora,0.5,42,scope,overall,t,t,722,830,0.869879518072
aligned_v1,vivos,phowhisper,base,tone_aware_lora,0.5,42,scope,overall,t,c,50,830,0.060240963855
aligned_v1,vivos,phowhisper,base,tone_aware_lora,0.5,42,scope,overall,t,ch,12,830,0.014457831325
aligned_v1,vivos,phowhisper,base,tone_aware_lora,0.5,42,scope,overall,t,m,1,830,0.001204819277
aligned_v1,vivos,phowhisper,base,tone_aware_lora,0.5,42,scope,overall,t,p,4,830,0.004819277108
aligned_v1,vivos,phowhisper,base,tone_aware_lora,0.5,42,scope,overall,c,none,19,885,0.021468926554
aligned_v1,vivos,phowhisper,base,tone_aware_lora,0.5,42,scope,overall,c,n,0,885,0.000000000000
aligned_v1,vivos,phowhisper,base,tone_aware_lora,0.5,42,scope,overall,c,ng,4,885,0.004519774011
aligned_v1,vivos,phowhisper,base,tone_aware_lora,0.5,42,scope,overall,c,nh,0,885,0.000000000000
aligned_v1,vivos,phowhisper,base,tone_aware_lora,0.5,42,scope,overall,c,t,58,885,0.065536723164
aligned_v1,vivos,phowhisper,base,tone_aware_lora,0.5,42,scope,overall,c,c,797,885,0.900564971751
aligned_v1,vivos,phowhisper,base,tone_aware_lora,0.5,42,scope,overall,c,ch,5,885,0.005649717514
aligned_v1,vivos,phowhisper,base,tone_aware_lora,0.5,42,scope,overall,c,m,0,885,0.000000000000
aligned_v1,vivos,phowhisper,base,tone_aware_lora,0.5,42,scope,overall,c,p,2,885,0.002259887006
aligned_v1,vivos,phowhisper,base,tone_aware_lora,0.5,42,scope,overall,ch,none,3,180,0.016666666667
aligned_v1,vivos,phowhisper,base,tone_aware_lora,0.5,42,scope,overall,ch,n,2,180,0.011111111111
aligned_v1,vivos,phowhisper,base,tone_aware_lora,0.5,42,scope,overall,ch,ng,0,180,0.000000000000
aligned_v1,vivos,phowhisper,base,tone_aware_lora,0.5,42,scope,overall,ch,nh,2,180,0.011111111111
aligned_v1,vivos,phowhisper,base,tone_aware_lora,0.5,42,scope,overall,ch,t,7,180,0.038888888889
aligned_v1,vivos,phowhisper,base,tone_aware_lora,0.5,42,scope,overall,ch,c,7,180,0.038888888889
aligned_v1,vivos,phowhisper,base,tone_aware_lora,0.5,42,scope,overall,ch,ch,155,180,0.861111111111
aligned_v1,vivos,phowhisper,base,tone_aware_lora,0.5,42,scope,overall,ch,m,1,180,0.005555555556
aligned_v1,vivos,phowhisper,base,tone_aware_lora,0.5,42,scope,overall,ch,p,3,180,0.016666666667
aligned_v1,vivos,phowhisper,base,tone_aware_lora,0.5,42,scope,overall,m,none,26,840,0.030952380952
aligned_v1,vivos,phowhisper,base,tone_aware_lora,0.5,42,scope,overall,m,n,12,840,0.014285714286
aligned_v1,vivos,phowhisper,base,tone_aware_lora,0.5,42,scope,overall,m,ng,15,840,0.017857142857
aligned_v1,vivos,phowhisper,base,tone_aware_lora,0.5,42,scope,overall,m,nh,1,840,0.001190476190
aligned_v1,vivos,phowhisper,base,tone_aware_lora,0.5,42,scope,overall,m,t,3,840,0.003571428571
aligned_v1,vivos,phowhisper,base,tone_aware_lora,0.5,42,scope,overall,m,c,2,840,0.002380952381
aligned_v1,vivos,phowhisper,base,tone_aware_lora,0.5,42,scope,overall,m,ch,0,840,0.000000000000
aligned_v1,vivos,phowhisper,base,tone_aware_lora,0.5,42,scope,overall,m,m,781,840,0.929761904762
aligned_v1,vivos,phowhisper,base,tone_aware_lora,0.5,42,scope,overall,m,p,0,840,0.000000000000
aligned_v1,vivos,phowhisper,base,tone_aware_lora,0.5,42,scope,overall,p,none,8,285,0.028070175439
aligned_v1,vivos,phowhisper,base,tone_aware_lora,0.5,42,scope,overall,p,n,2,285,0.007017543860
aligned_v1,vivos,phowhisper,base,tone_aware_lora,0.5,42,scope,overall,p,ng,0,285,0.000000000000
aligned_v1,vivos,phowhisper,base,tone_aware_lora,0.5,42,scope,overall,p,nh,1,285,0.003508771930
aligned_v1,vivos,phowhisper,base,tone_aware_lora,0.5,42,scope,overall,p,t,2,285,0.007017543860
aligned_v1,vivos,phowhisper,base,tone_aware_lora,0.5,42,scope,overall,p,c,11,285,0.038596491228
aligned_v1,vivos,phowhisper,base,tone_aware_lora,0.5,42,scope,overall,p,ch,0,285,0.000000000000
aligned_v1,vivos,phowhisper,base,tone_aware_lora,0.5,42,scope,overall,p,m,2,285,0.007017543860
aligned_v1,vivos,phowhisper,base,tone_aware_lora,0.5,42,scope,overall,p,p,259,285,0.908771929825
aligned_v1,vivos,phowhisper,base,tone_aware_lora,0.5,42,scope,low_snr,none,none,0,66,0.000000000000
aligned_v1,vivos,phowhisper,base,tone_aware_lora,0.5,42,scope,low_snr,none,n,22,66,0.333333333333
aligned_v1,vivos,phowhisper,base,tone_aware_lora,0.5,42,scope,low_snr,none,ng,16,66,0.242424242424
aligned_v1,vivos,phowhisper,base,tone_aware_lora,0.5,42,scope,low_snr,none,nh,5,66,0.075757575758
aligned_v1,vivos,phowhisper,base,tone_aware_lora,0.5,42,scope,low_snr,none,t,5,66,0.075757575758
aligned_v1,vivos,phowhisper,base,tone_aware_lora,0.5,42,scope,low_snr,none,c,7,66,0.106060606061
aligned_v1,vivos,phowhisper,base,tone_aware_lora,0.5,42,scope,low_snr,none,ch,3,66,0.045454545455
aligned_v1,vivos,phowhisper,base,tone_aware_lora,0.5,42,scope,low_snr,none,m,6,66,0.090909090909
aligned_v1,vivos,phowhisper,base,tone_aware_lora,0.5,42,scope,low_snr,none,p,2,66,0.030303030303
aligned_v1,vivos,phowhisper,base,tone_aware_lora,0.5,42,scope,low_snr,n,none,37,764,0.048429319372
aligned_v1,vivos,phowhisper,base,tone_aware_lora,0.5,42,scope,low_snr,n,n,669,764,0.875654450262
aligned_v1,vivos,phowhisper,base,tone_aware_lora,0.5,42,scope,low_snr,n,ng,29,764,0.037958115183
aligned_v1,vivos,phowhisper,base,tone_aware_lora,0.5,42,scope,low_snr,n,nh,13,764,0.017015706806
aligned_v1,vivos,phowhisper,base,tone_aware_lora,0.5,42,scope,low_snr,n,t,2,764,0.002617801047
aligned_v1,vivos,phowhisper,base,tone_aware_lora,0.5,42,scope,low_snr,n,c,2,764,0.002617801047
aligned_v1,vivos,phowhisper,base,tone_aware_lora,0.5,42,scope,low_snr,n,ch,1,764,0.001308900524
aligned_v1,vivos,phowhisper,base,tone_aware_lora,0.5,42,scope,low_snr,n,m,11,764,0.014397905759
aligned_v1,vivos,phowhisper,base,tone_aware_lora,0.5,42,scope,low_snr,n,p,0,764,0.000000000000
aligned_v1,vivos,phowhisper,base,tone_aware_lora,0.5,42,scope,low_snr,ng,none,34,786,0.043256997455
aligned_v1,vivos,phowhisper,base,tone_aware_lora,0.5,42,scope,low_snr,ng,n,24,786,0.030534351145
aligned_v1,vivos,phowhisper,base,tone_aware_lora,0.5,42,scope,low_snr,ng,ng,702,786,0.893129770992
aligned_v1,vivos,phowhisper,base,tone_aware_lora,0.5,42,scope,low_snr,ng,nh,5,786,0.006361323155
aligned_v1,vivos,phowhisper,base,tone_aware_lora,0.5,42,scope,low_snr,ng,t,9,786,0.011450381679
aligned_v1,vivos,phowhisper,base,tone_aware_lora,0.5,42,scope,low_snr,ng,c,6,786,0.007633587786
aligned_v1,vivos,phowhisper,base,tone_aware_lora,0.5,42,scope,low_snr,ng,ch,0,786,0.000000000000
aligned_v1,vivos,phowhisper,base,tone_aware_lora,0.5,42,scope,low_snr,ng,m,6,786,0.007633587786
aligned_v1,vivos,phowhisper,base,tone_aware_lora,0.5,42,scope,low_snr,ng,p,0,786,0.000000000000
aligned_v1,vivos,phowhisper,base,tone_aware_lora,0.5,42,scope,low_snr,nh,none,10,270,0.037037037037
aligned_v1,vivos,phowhisper,base,tone_aware_lora,0.5,42,scope,low_snr,nh,n,11,270,0.040740740741
aligned_v1,vivos,phowhisper,base,tone_aware_lora,0.5,42,scope,low_snr,nh,ng,5,270,0.018518518519
aligned_v1,vivos,phowhisper,base,tone_aware_lora,0.5,42,scope,low_snr,nh,nh,236,270,0.874074074074
aligned_v1,vivos,phowhisper,base,tone_aware_lora,0.5,42,scope,low_snr,nh,t,1,270,0.003703703704
aligned_v1,vivos,phowhisper,base,tone_aware_lora,0.5,42,scope,low_snr,nh,c,1,270,0.003703703704
aligned_v1,vivos,phowhisper,base,tone_aware_lora,0.5,42,scope,low_snr,nh,ch,0,270,0.000000000000
aligned_v1,vivos,phowhisper,base,tone_aware_lora,0.5,42,scope,low_snr,nh,m,6,270,0.022222222222
aligned_v1,vivos,phowhisper,base,tone_aware_lora,0.5,42,scope,low_snr,nh,p,0,270,0.000000000000
aligned_v1,vivos,phowhisper,base,tone_aware_lora,0.5,42,scope,low_snr,t,none,24,332,0.072289156627
aligned_v1,vivos,phowhisper,base,tone_aware_lora,0.5,42,scope,low_snr,t,n,4,332,0.012048192771
aligned_v1,vivos,phowhisper,base,tone_aware_lora,0.5,42,scope,low_snr,t,ng,1,332,0.003012048193
aligned_v1,vivos,phowhisper,base,tone_aware_lora,0.5,42,scope,low_snr,t,nh,0,332,0.000000000000
aligned_v1,vivos,phowhisper,base,tone_aware_lora,0.5,42,scope,low_snr,t,t,268,332,0.807228915663
aligned_v1,vivos,phowhisper,base,tone_aware_lora,0.5,42,scope,low_snr,t,c,23,332,0.069277108434
aligned_v1,vivos,phowhisper,base,tone_aware_lora,0.5,42,scope,low_snr,t,ch,8,332,0.024096385542
aligned_v1,vivos,phowhisper,base,tone_aware_lora,0.5,42,scope,low_snr,t,m,1,332,0.003012048193
aligned_v1,vivos,phowhisper,base,tone_aware_lora,0.5,42,scope,low_snr,t,p,3,332,0.009036144578
aligned_v1,vivos,phowhisper,base,tone_aware_lora,0.5,42,scope,low_snr,c,none,11,354,0.031073446328
aligned_v1,vivos,phowhisper,base,tone_aware_lora,0.5,42,scope,low_snr,c,n,0,354,0.000000000000
aligned_v1,vivos,phowhisper,base,tone_aware_lora,0.5,42,scope,low_snr,c,ng,4,354,0.011299435028
aligned_v1,vivos,phowhisper,base,tone_aware_lora,0.5,42,scope,low_snr,c,nh,0,354,0.000000000000
aligned_v1,vivos,phowhisper,base,tone_aware_lora,0.5,42,scope,low_snr,c,t,27,354,0.076271186441
aligned_v1,vivos,phowhisper,base,tone_aware_lora,0.5,42,scope,low_snr,c,c,308,354,0.870056497175
aligned_v1,vivos,phowhisper,base,tone_aware_lora,0.5,42,scope,low_snr,c,ch,2,354,0.005649717514
aligned_v1,vivos,phowhisper,base,tone_aware_lora,0.5,42,scope,low_snr,c,m,0,354,0.000000000000
aligned_v1,vivos,phowhisper,base,tone_aware_lora,0.5,42,scope,low_snr,c,p,2,354,0.005649717514
aligned_v1,vivos,phowhisper,base,tone_aware_lora,0.5,42,scope,low_snr,ch,none,3,72,0.041666666667
aligned_v1,vivos,phowhisper,base,tone_aware_lora,0.5,42,scope,low_snr,ch,n,2,72,0.027777777778
aligned_v1,vivos,phowhisper,base,tone_aware_lora,0.5,42,scope,low_snr,ch,ng,0,72,0.000000000000
aligned_v1,vivos,phowhisper,base,tone_aware_lora,0.5,42,scope,low_snr,ch,nh,2,72,0.027777777778
aligned_v1,vivos,phowhisper,base,tone_aware_lora,0.5,42,scope,low_snr,ch,t,3,72,0.041666666667
aligned_v1,vivos,phowhisper,base,tone_aware_lora,0.5,42,scope,low_snr,ch,c,4,72,0.055555555556
aligned_v1,vivos,phowhisper,base,tone_aware_lora,0.5,42,scope,low_snr,ch,ch,55,72,0.763888888889
aligned_v1,vivos,phowhisper,base,tone_aware_lora,0.5,42,scope,low_snr,ch,m,0,72,0.000000000000
aligned_v1,vivos,phowhisper,base,tone_aware_lora,0.5,42,scope,low_snr,ch,p,3,72,0.041666666667
aligned_v1,vivos,phowhisper,base,tone_aware_lora,0.5,42,scope,low_snr,m,none,19,336,0.056547619048
aligned_v1,vivos,phowhisper,base,tone_aware_lora,0.5,42,scope,low_snr,m,n,12,336,0.035714285714
aligned_v1,vivos,phowhisper,base,tone_aware_lora,0.5,42,scope,low_snr,m,ng,8,336,0.023809523810
aligned_v1,vivos,phowhisper,base,tone_aware_lora,0.5,42,scope,low_snr,m,nh,1,336,0.002976190476
aligned_v1,vivos,phowhisper,base,tone_aware_lora,0.5,42,scope,low_snr,m,t,2,336,0.005952380952
aligned_v1,vivos,phowhisper,base,tone_aware_lora,0.5,42,scope,low_snr,m,c,1,336,0.002976190476
aligned_v1,vivos,phowhisper,base,tone_aware_lora,0.5,42,scope,low_snr,m,ch,0,336,0.000000000000
aligned_v1,vivos,phowhisper,base,tone_aware_lora,0.5,42,scope,low_snr,m,m,293,336,0.872023809524
aligned_v1,vivos,phowhisper,base,tone_aware_lora,0.5,42,scope,low_snr,m,p,0,336,0.000000000000
aligned_v1,vivos,phowhisper,base,tone_aware_lora,0.5,42,scope,low_snr,p,none,6,114,0.052631578947
aligned_v1,vivos,phowhisper,base,tone_aware_lora,0.5,42,scope,low_snr,p,n,2,114,0.017543859649
aligned_v1,vivos,phowhisper,base,tone_aware_lora,0.5,42,scope,low_snr,p,ng,0,114,0.000000000000
aligned_v1,vivos,phowhisper,base,tone_aware_lora,0.5,42,scope,low_snr,p,nh,0,114,0.000000000000
aligned_v1,vivos,phowhisper,base,tone_aware_lora,0.5,42,scope,low_snr,p,t,1,114,0.008771929825
aligned_v1,vivos,phowhisper,base,tone_aware_lora,0.5,42,scope,low_snr,p,c,8,114,0.070175438596
aligned_v1,vivos,phowhisper,base,tone_aware_lora,0.5,42,scope,low_snr,p,ch,0,114,0.000000000000
aligned_v1,vivos,phowhisper,base,tone_aware_lora,0.5,42,scope,low_snr,p,m,2,114,0.017543859649
aligned_v1,vivos,phowhisper,base,tone_aware_lora,0.5,42,scope,low_snr,p,p,95,114,0.833333333333
aligned_v1,vivos,phowhisper,base,zero_shot,,42,scope,overall,none,none,0,105,0.000000000000
aligned_v1,vivos,phowhisper,base,zero_shot,,42,scope,overall,none,n,34,105,0.323809523810
aligned_v1,vivos,phowhisper,base,zero_shot,,42,scope,overall,none,ng,24,105,0.228571428571
aligned_v1,vivos,phowhisper,base,zero_shot,,42,scope,overall,none,nh,5,105,0.047619047619
aligned_v1,vivos,phowhisper,base,zero_shot,,42,scope,overall,none,t,9,105,0.085714285714
aligned_v1,vivos,phowhisper,base,zero_shot,,42,scope,overall,none,c,21,105,0.200000000000
aligned_v1,vivos,phowhisper,base,zero_shot,,42,scope,overall,none,ch,0,105,0.000000000000
aligned_v1,vivos,phowhisper,base,zero_shot,,42,scope,overall,none,m,9,105,0.085714285714
aligned_v1,vivos,phowhisper,base,zero_shot,,42,scope,overall,none,p,3,105,0.028571428571
aligned_v1,vivos,phowhisper,base,zero_shot,,42,scope,overall,n,none,46,1910,0.024083769634
aligned_v1,vivos,phowhisper,base,zero_shot,,42,scope,overall,n,n,1779,1910,0.931413612565
aligned_v1,vivos,phowhisper,base,zero_shot,,42,scope,overall,n,ng,52,1910,0.027225130890
aligned_v1,vivos,phowhisper,base,zero_shot,,42,scope,overall,n,nh,16,1910,0.008376963351
aligned_v1,vivos,phowhisper,base,zero_shot,,42,scope,overall,n,t,6,1910,0.003141361257
aligned_v1,vivos,phowhisper,base,zero_shot,,42,scope,overall,n,c,2,1910,0.001047120419
aligned_v1,vivos,phowhisper,base,zero_shot,,42,scope,overall,n,ch,1,1910,0.000523560209
aligned_v1,vivos,phowhisper,base,zero_shot,,42,scope,overall,n,m,6,1910,0.003141361257
aligned_v1,vivos,phowhisper,base,zero_shot,,42,scope,overall,n,p,2,1910,0.001047120419
aligned_v1,vivos,phowhisper,base,zero_shot,,42,scope,overall,ng,none,42,1965,0.021374045802
aligned_v1,vivos,phowhisper,base,zero_shot,,42,scope,overall,ng,n,51,1965,0.025954198473
aligned_v1,vivos,phowhisper,base,zero_shot,,42,scope,overall,ng,ng,1847,1965,0.939949109415
aligned_v1,vivos,phowhisper,base,zero_shot,,42,scope,overall,ng,nh,8,1965,0.004071246819
aligned_v1,vivos,phowhisper,base,zero_shot,,42,scope,overall,ng,t,4,1965,0.002035623410
aligned_v1,vivos,phowhisper,base,zero_shot,,42,scope,overall,ng,c,4,1965,0.002035623410
aligned_v1,vivos,phowhisper,base,zero_shot,,42,scope,overall,ng,ch,1,1965,0.000508905852
aligned_v1,vivos,phowhisper,base,zero_shot,,42,scope,overall,ng,m,8,1965,0.004071246819
aligned_v1,vivos,phowhisper,base,zero_shot,,42,scope,overall,ng,p,0,1965,0.000000000000
aligned_v1,vivos,phowhisper,base,zero_shot,,42,scope,overall,nh,none,10,675,0.014814814815
aligned_v1,vivos,phowhisper,base,zero_shot,,42,scope,overall,nh,n,19,675,0.028148148148
aligned_v1,vivos,phowhisper,base,zero_shot,,42,scope,overall,nh,ng,11,675,0.016296296296
aligned_v1,vivos,phowhisper,base,zero_shot,,42,scope,overall,nh,nh,628,675,0.930370370370
aligned_v1,vivos,phowhisper,base,zero_shot,,42,scope,overall,nh,t,1,675,0.001481481481
aligned_v1,vivos,phowhisper,base,zero_shot,,42,scope,overall,nh,c,3,675,0.004444444444
aligned_v1,vivos,phowhisper,base,zero_shot,,42,scope,overall,nh,ch,0,675,0.000000000000
aligned_v1,vivos,phowhisper,base,zero_shot,,42,scope,overall,nh,m,3,675,0.004444444444
aligned_v1,vivos,phowhisper,base,zero_shot,,42,scope,overall,nh,p,0,675,0.000000000000
aligned_v1,vivos,phowhisper,base,zero_shot,,42,scope,overall,t,none,23,830,0.027710843373
aligned_v1,vivos,phowhisper,base,zero_shot,,42,scope,overall,t,n,12,830,0.014457831325
aligned_v1,vivos,phowhisper,base,zero_shot,,42,scope,overall,t,ng,1,830,0.001204819277
aligned_v1,vivos,phowhisper,base,zero_shot,,42,scope,overall,t,nh,1,830,0.001204819277
aligned_v1,vivos,phowhisper,base,zero_shot,,42,scope,overall,t,t,731,830,0.880722891566
aligned_v1,vivos,phowhisper,base,zero_shot,,42,scope,overall,t,c,43,830,0.051807228916
aligned_v1,vivos,phowhisper,base,zero_shot,,42,scope,overall,t,ch,14,830,0.016867469880
aligned_v1,vivos,phowhisper,base,zero_shot,,42,scope,overall,t,m,1,830,0.001204819277
aligned_v1,vivos,phowhisper,base,zero_shot,,42,scope,overall,t,p,4,830,0.004819277108
aligned_v1,vivos,phowhisper,base,zero_shot,,42,scope,overall,c,none,18,885,0.020338983051
aligned_v1,vivos,phowhisper,base,zero_shot,,42,scope,overall,c,n,1,885,0.001129943503
aligned_v1,vivos,phowhisper,base,zero_shot,,42,scope,overall,c,ng,8,885,0.009039548023
aligned_v1,vivos,phowhisper,base,zero_shot,,42,scope,overall,c,nh,0,885,0.000000000000
aligned_v1,vivos,phowhisper,base,zero_shot,,42,scope,overall,c,t,56,885,0.063276836158
aligned_v1,vivos,phowhisper,base,zero_shot,,42,scope,overall,c,c,798,885,0.901694915254
aligned_v1,vivos,phowhisper,base,zero_shot,,42,scope,overall,c,ch,0,885,0.000000000000
aligned_v1,vivos,phowhisper,base,zero_shot,,42,scope,overall,c,m,0,885,0.000000000000
aligned_v1,vivos,phowhisper,base,zero_shot,,42,scope,overall,c,p,4,885,0.004519774011
aligned_v1,vivos,phowhisper,base,zero_shot,,42,scope,overall,ch,none,4,180,0.022222222222
aligned_v1,vivos,phowhisper,base,zero_shot,,42,scope,overall,ch,n,3,180,0.016666666667
aligned_v1,vivos,phowhisper,base,zero_shot,,42,scope,overall,ch,ng,0,180,0.000000000000
aligned_v1,vivos,phowhisper,base,zero_shot,,42,scope,overall,ch,nh,0,180,0.000000000000
aligned_v1,vivos,phowhisper,base,zero_shot,,42,scope,overall,ch,t,6,180,0.033333333333
aligned_v1,vivos,phowhisper,base,zero_shot,,42,scope,overall,ch,c,6,180,0.033333333333
aligned_v1,vivos,phowhisper,base,zero_shot,,42,scope,overall,ch,ch,156,180,0.866666666667
aligned_v1,vivos,phowhisper,base,zero_shot,,42,scope,overall,ch,m,2,180,0.011111111111
aligned_v1,vivos,phowhisper,base,zero_shot,,42,scope,overall,ch,p,3,180,0.016666666667
aligned_v1,vivos,phowhisper,base,zero_shot,,42,scope,overall,m,none,17,840,0.020238095238
aligned_v1,vivos,phowhisper,base,zero_shot,,42,scope,overall,m,n,14,840,0.016666666667
aligned_v1,vivos,phowhisper,base,zero_shot,,42,scope,overall,m,ng,15,840,0.017857142857
aligned_v1,vivos,phowhisper,base,zero_shot,,42,scope,overall,m,nh,1,840,0.001190476190
aligned_v1,vivos,phowhisper,base,zero_shot,,42,scope,overall,m,t,1,840,0.001190476190
aligned_v1,vivos,phowhisper,base,zero_shot,,42,scope,overall,m,c,4,840,0.004761904762
aligned_v1,vivos,phowhisper,base,zero_shot,,42,scope,overall,m,ch,0,840,0.000000000000
aligned_v1,vivos,phowhisper,base,zero_shot,,42,scope,overall,m,m,787,840,0.936904761905
aligned_v1,vivos,phowhisper,base,zero_shot,,42,scope,overall,m,p,1,840,0.001190476190
aligned_v1,vivos,phowhisper,base,zero_shot,,42,scope,overall,p,none,8,285,0.028070175439
aligned_v1,vivos,phowhisper,base,zero_shot,,42,scope,overall,p,n,0,285,0.000000000000
aligned_v1,vivos,phowhisper,base,zero_shot,,42,scope,overall,p,ng,1,285,0.003508771930
aligned_v1,vivos,phowhisper,base,zero_shot,,42,scope,overall,p,nh,0,285,0.000000000000
aligned_v1,vivos,phowhisper,base,zero_shot,,42,scope,overall,p,t,1,285,0.003508771930
aligned_v1,vivos,phowhisper,base,zero_shot,,42,scope,overall,p,c,7,285,0.024561403509
aligned_v1,vivos,phowhisper,base,zero_shot,,42,scope,overall,p,ch,0,285,0.000000000000
aligned_v1,vivos,phowhisper,base,zero_shot,,42,scope,overall,p,m,4,285,0.014035087719
aligned_v1,vivos,phowhisper,base,zero_shot,,42,scope,overall,p,p,264,285,0.926315789474
aligned_v1,vivos,phowhisper,base,zero_shot,,42,scope,low_snr,none,none,0,72,0.000000000000
aligned_v1,vivos,phowhisper,base,zero_shot,,42,scope,low_snr,none,n,23,72,0.319444444444
aligned_v1,vivos,phowhisper,base,zero_shot,,42,scope,low_snr,none,ng,18,72,0.250000000000
aligned_v1,vivos,phowhisper,base,zero_shot,,42,scope,low_snr,none,nh,5,72,0.069444444444
aligned_v1,vivos,phowhisper,base,zero_shot,,42,scope,low_snr,none,t,6,72,0.083333333333
aligned_v1,vivos,phowhisper,base,zero_shot,,42,scope,low_snr,none,c,13,72,0.180555555556
aligned_v1,vivos,phowhisper,base,zero_shot,,42,scope,low_snr,none,ch,0,72,0.000000000000
aligned_v1,vivos,phowhisper,base,zero_shot,,42,scope,low_snr,none,m,5,72,0.069444444444
aligned_v1,vivos,phowhisper,base,zero_shot,,42,scope,low_snr,none,p,2,72,0.027777777778
aligned_v1,vivos,phowhisper,base,zero_shot,,42,scope,low_snr,n,none,35,764,0.045811518325
aligned_v1,vivos,phowhisper,base,zero_shot,,42,scope,low_snr,n,n,675,764,0.883507853403
aligned_v1,vivos,phowhisper,base,zero_shot,,42,scope,low_snr,n,ng,30,764,0.039267015707
aligned_v1,vivos,phowhisper,base,zero_shot,,42,scope,low_snr,n,nh,10,764,0.013089005236
aligned_v1,vivos,phowhisper,base,zero_shot,,42,scope,low_snr,n,t,6,764,0.007853403141
aligned_v1,vivos,phowhisper,base,zero_shot,,42,scope,low_snr,n,c,0,764,0.000000000000
aligned_v1,vivos,phowhisper,base,zero_shot,,42,scope,low_snr,n,ch,1,764,0.001308900524
aligned_v1,vivos,phowhisper,base,zero_shot,,42,scope,low_snr,n,m,5,764,0.006544502618
aligned_v1,vivos,phowhisper,base,zero_shot,,42,scope,low_snr,n,p,2,764,0.002617801047
aligned_v1,vivos,phowhisper,base,zero_shot,,42,scope,low_snr,ng,none,33,786,0.041984732824
aligned_v1,vivos,phowhisper,base,zero_shot,,42,scope,low_snr,ng,n,21,786,0.026717557252
aligned_v1,vivos,phowhisper,base,zero_shot,,42,scope,low_snr,ng,ng,714,786,0.908396946565
aligned_v1,vivos,phowhisper,base,zero_shot,,42,scope,low_snr,ng,nh,3,786,0.003816793893
aligned_v1,vivos,phowhisper,base,zero_shot,,42,scope,low_snr,ng,t,4,786,0.005089058524
aligned_v1,vivos,phowhisper,base,zero_shot,,42,scope,low_snr,ng,c,4,786,0.005089058524
aligned_v1,vivos,phowhisper,base,zero_shot,,42,scope,low_snr,ng,ch,1,786,0.001272264631
aligned_v1,vivos,phowhisper,base,zero_shot,,42,scope,low_snr,ng,m,6,786,0.007633587786
aligned_v1,vivos,phowhisper,base,zero_shot,,42,scope,low_snr,ng,p,0,786,0.000000000000
aligned_v1,vivos,phowhisper,base,zero_shot,,42,scope,low_snr,nh,none,8,270,0.029629629630
aligned_v1,vivos,phowhisper,base,zero_shot,,42,scope,low_snr,nh,n,8,270,0.029629629630
aligned_v1,vivos,phowhisper,base,zero_shot,,42,scope,low_snr,nh,ng,8,270,0.029629629630
aligned_v1,vivos,phowhisper,base,zero_shot,,42,scope,low_snr,nh,nh,240,270,0.888888888889
aligned_v1,vivos,phowhisper,base,zero_shot,,42,scope,low_snr,nh,t,1,270,0.003703703704
aligned_v1,vivos,phowhisper,base,zero_shot,,42,scope,low_snr,nh,c,2,270,0.007407407407
aligned_v1,vivos,phowhisper,base,zero_shot,,42,scope,low_snr,nh,ch,0,270,0.000000000000
aligned_v1,vivos,phowhisper,base,zero_shot,,42,scope,low_snr,nh,m,3,270,0.011111111111
aligned_v1,vivos,phowhisper,base,zero_shot,,42,scope,low_snr,nh,p,0,270,0.000000000000
aligned_v1,vivos,phowhisper,base,zero_shot,,42,scope,low_snr,t,none,16,332,0.048192771084
aligned_v1,vivos,phowhisper,base,zero_shot,,42,scope,low_snr,t,n,8,332,0.024096385542
aligned_v1,vivos,phowhisper,base,zero_shot,,42,scope,low_snr,t,ng,0,332,0.000000000000
aligned_v1,vivos,phowhisper,base,zero_shot,,42,scope,low_snr,t,nh,1,332,0.003012048193
aligned_v1,vivos,phowhisper,base,zero_shot,,42,scope,low_snr,t,t,272,332,0.819277108434
aligned_v1,vivos,phowhisper,base,zero_shot,,42,scope,low_snr,t,c,22,332,0.066265060241
aligned_v1,vivos,phowhisper,base,zero_shot,,42,scope,low_snr,t,ch,8,332,0.024096385542
aligned_v1,vivos,phowhisper,base,zero_shot,,42,scope,low_snr,t,m,1,332,0.003012048193
aligned_v1,vivos,phowhisper,base,zero_shot,,42,scope,low_snr,t,p,4,332,0.012048192771
aligned_v1,vivos,phowhisper,base,zero_shot,,42,scope,low_snr,c,none,13,354,0.036723163842
aligned_v1,vivos,phowhisper,base,zero_shot,,42,scope,low_snr,c,n,1,354,0.002824858757
aligned_v1,vivos,phowhisper,base,zero_shot,,42,scope,low_snr,c,ng,7,354,0.019774011299
aligned_v1,vivos,phowhisper,base,zero_shot,,42,scope,low_snr,c,nh,0,354,0.000000000000
aligned_v1,vivos,phowhisper,base,zero_shot,,42,scope,low_snr,c,t,30,354,0.084745762712
aligned_v1,vivos,phowhisper,base,zero_shot,,42,scope,low_snr,c,c,301,354,0.850282485876
aligned_v1,vivos,phowhisper,base,zero_shot,,42,scope,low_snr,c,ch,0,354,0.000000000000
aligned_v1,vivos,phowhisper,base,zero_shot,,42,scope,low_snr,c,m,0,354,0.000000000000
aligned_v1,vivos,phowhisper,base,zero_shot,,42,scope,low_snr,c,p,2,354,0.005649717514
aligned_v1,vivos,phowhisper,base,zero_shot,,42,scope,low_snr,ch,none,2,72,0.027777777778
aligned_v1,vivos,phowhisper,base,zero_shot,,42,scope,low_snr,ch,n,3,72,0.041666666667
aligned_v1,vivos,phowhisper,base,zero_shot,,42,scope,low_snr,ch,ng,0,72,0.000000000000
aligned_v1,vivos,phowhisper,base,zero_shot,,42,scope,low_snr,ch,nh,0,72,0.000000000000
aligned_v1,vivos,phowhisper,base,zero_shot,,42,scope,low_snr,ch,t,3,72,0.041666666667
aligned_v1,vivos,phowhisper,base,zero_shot,,42,scope,low_snr,ch,c,4,72,0.055555555556
aligned_v1,vivos,phowhisper,base,zero_shot,,42,scope,low_snr,ch,ch,57,72,0.791666666667
aligned_v1,vivos,phowhisper,base,zero_shot,,42,scope,low_snr,ch,m,1,72,0.013888888889
aligned_v1,vivos,phowhisper,base,zero_shot,,42,scope,low_snr,ch,p,2,72,0.027777777778
aligned_v1,vivos,phowhisper,base,zero_shot,,42,scope,low_snr,m,none,12,336,0.035714285714
aligned_v1,vivos,phowhisper,base,zero_shot,,42,scope,low_snr,m,n,13,336,0.038690476190
aligned_v1,vivos,phowhisper,base,zero_shot,,42,scope,low_snr,m,ng,10,336,0.029761904762
aligned_v1,vivos,phowhisper,base,zero_shot,,42,scope,low_snr,m,nh,1,336,0.002976190476
aligned_v1,vivos,phowhisper,base,zero_shot,,42,scope,low_snr,m,t,0,336,0.000000000000
aligned_v1,vivos,phowhisper,base,zero_shot,,42,scope,low_snr,m,c,3,336,0.008928571429
aligned_v1,vivos,phowhisper,base,zero_shot,,42,scope,low_snr,m,ch,0,336,0.000000000000
aligned_v1,vivos,phowhisper,base,zero_shot,,42,scope,low_snr,m,m,296,336,0.880952380952
aligned_v1,vivos,phowhisper,base,zero_shot,,42,scope,low_snr,m,p,1,336,0.002976190476
aligned_v1,vivos,phowhisper,base,zero_shot,,42,scope,low_snr,p,none,8,114,0.070175438596
aligned_v1,vivos,phowhisper,base,zero_shot,,42,scope,low_snr,p,n,0,114,0.000000000000
aligned_v1,vivos,phowhisper,base,zero_shot,,42,scope,low_snr,p,ng,1,114,0.008771929825
aligned_v1,vivos,phowhisper,base,zero_shot,,42,scope,low_snr,p,nh,0,114,0.000000000000
aligned_v1,vivos,phowhisper,base,zero_shot,,42,scope,low_snr,p,t,1,114,0.008771929825
aligned_v1,vivos,phowhisper,base,zero_shot,,42,scope,low_snr,p,c,5,114,0.043859649123
aligned_v1,vivos,phowhisper,base,zero_shot,,42,scope,low_snr,p,ch,0,114,0.000000000000
aligned_v1,vivos,phowhisper,base,zero_shot,,42,scope,low_snr,p,m,3,114,0.026315789474
aligned_v1,vivos,phowhisper,base,zero_shot,,42,scope,low_snr,p,p,96,114,0.842105263158
aligned_v1,vivos,phowhisper,small,zero_shot,,42,scope,overall,none,none,0,60,0.000000000000
aligned_v1,vivos,phowhisper,small,zero_shot,,42,scope,overall,none,n,22,60,0.366666666667
aligned_v1,vivos,phowhisper,small,zero_shot,,42,scope,overall,none,ng,15,60,0.250000000000
aligned_v1,vivos,phowhisper,small,zero_shot,,42,scope,overall,none,nh,3,60,0.050000000000
aligned_v1,vivos,phowhisper,small,zero_shot,,42,scope,overall,none,t,5,60,0.083333333333
aligned_v1,vivos,phowhisper,small,zero_shot,,42,scope,overall,none,c,6,60,0.100000000000
aligned_v1,vivos,phowhisper,small,zero_shot,,42,scope,overall,none,ch,2,60,0.033333333333
aligned_v1,vivos,phowhisper,small,zero_shot,,42,scope,overall,none,m,6,60,0.100000000000
aligned_v1,vivos,phowhisper,small,zero_shot,,42,scope,overall,none,p,1,60,0.016666666667
aligned_v1,vivos,phowhisper,small,zero_shot,,42,scope,overall,n,none,25,1910,0.013089005236
aligned_v1,vivos,phowhisper,small,zero_shot,,42,scope,overall,n,n,1820,1910,0.952879581152
aligned_v1,vivos,phowhisper,small,zero_shot,,42,scope,overall,n,ng,53,1910,0.027748691099
aligned_v1,vivos,phowhisper,small,zero_shot,,42,scope,overall,n,nh,7,1910,0.003664921466
aligned_v1,vivos,phowhisper,small,zero_shot,,42,scope,overall,n,t,1,1910,0.000523560209
aligned_v1,vivos,phowhisper,small,zero_shot,,42,scope,overall,n,c,1,1910,0.000523560209
aligned_v1,vivos,phowhisper,small,zero_shot,,42,scope,overall,n,ch,0,1910,0.000000000000
aligned_v1,vivos,phowhisper,small,zero_shot,,42,scope,overall,n,m,3,1910,0.001570680628
aligned_v1,vivos,phowhisper,small,zero_shot,,42,scope,overall,n,p,0,1910,0.000000000000
aligned_v1,vivos,phowhisper,small,zero_shot,,42,scope,overall,ng,none,22,1965,0.011195928753
aligned_v1,vivos,phowhisper,small,zero_shot,,42,scope,overall,ng,n,34,1965,0.017302798982
aligned_v1,vivos,phowhisper,small,zero_shot,,42,scope,overall,ng,ng,1894,1965,0.963867684478
aligned_v1,vivos,phowhisper,small,zero_shot,,42,scope,overall,ng,nh,8,1965,0.004071246819
aligned_v1,vivos,phowhisper,small,zero_shot,,42,scope,overall,ng,t,1,1965,0.000508905852
aligned_v1,vivos,phowhisper,small,zero_shot,,42,scope,overall,ng,c,4,1965,0.002035623410
aligned_v1,vivos,phowhisper,small,zero_shot,,42,scope,overall,ng,ch,0,1965,0.000000000000
aligned_v1,vivos,phowhisper,small,zero_shot,,42,scope,overall,ng,m,2,1965,0.001017811705
aligned_v1,vivos,phowhisper,small,zero_shot,,42,scope,overall,ng,p,0,1965,0.000000000000
aligned_v1,vivos,phowhisper,small,zero_shot,,42,scope,overall,nh,none,0,675,0.000000000000
aligned_v1,vivos,phowhisper,small,zero_shot,,42,scope,overall,nh,n,14,675,0.020740740741
aligned_v1,vivos,phowhisper,small,zero_shot,,42,scope,overall,nh,ng,8,675,0.011851851852
aligned_v1,vivos,phowhisper,small,zero_shot,,42,scope,overall,nh,nh,651,675,0.964444444444
aligned_v1,vivos,phowhisper,small,zero_shot,,42,scope,overall,nh,t,0,675,0.000000000000
aligned_v1,vivos,phowhisper,small,zero_shot,,42,scope,overall,nh,c,0,675,0.000000000000
aligned_v1,vivos,phowhisper,small,zero_shot,,42,scope,overall,nh,ch,0,675,0.000000000000
aligned_v1,vivos,phowhisper,small,zero_shot,,42,scope,overall,nh,m,2,675,0.002962962963
aligned_v1,vivos,phowhisper,small,zero_shot,,42,scope,overall,nh,p,0,675,0.000000000000
aligned_v1,vivos,phowhisper,small,zero_shot,,42,scope,overall,t,none,13,830,0.015662650602
aligned_v1,vivos,phowhisper,small,zero_shot,,42,scope,overall,t,n,3,830,0.003614457831
aligned_v1,vivos,phowhisper,small,zero_shot,,42,scope,overall,t,ng,1,830,0.001204819277
aligned_v1,vivos,phowhisper,small,zero_shot,,42,scope,overall,t,nh,0,830,0.000000000000
aligned_v1,vivos,phowhisper,small,zero_shot,,42,scope,overall,t,t,772,830,0.930120481928
aligned_v1,vivos,phowhisper,small,zero_shot,,42,scope,overall,t,c,35,830,0.042168674699
aligned_v1,vivos,phowhisper,small,zero_shot,,42,scope,overall,t,ch,6,830,0.007228915663
aligned_v1,vivos,phowhisper,small,zero_shot,,42,scope,overall,t,m,0,830,0.000000000000
aligned_v1,vivos,phowhisper,small,zero_shot,,42,scope,overall,t,p,0,830,0.000000000000
aligned_v1,vivos,phowhisper,small,zero_shot,,42,scope,overall,c,none,14,885,0.015819209040
aligned_v1,vivos,phowhisper,small,zero_shot,,42,scope,overall,c,n,1,885,0.001129943503
aligned_v1,vivos,phowhisper,small,zero_shot,,42,scope,overall,c,ng,3,885,0.003389830508
aligned_v1,vivos,phowhisper,small,zero_shot,,42,scope,overall,c,nh,0,885,0.000000000000
aligned_v1,vivos,phowhisper,small,zero_shot,,42,scope,overall,c,t,24,885,0.027118644068
aligned_v1,vivos,phowhisper,small,zero_shot,,42,scope,overall,c,c,842,885,0.951412429379
aligned_v1,vivos,phowhisper,small,zero_shot,,42,scope,overall,c,ch,0,885,0.000000000000
aligned_v1,vivos,phowhisper,small,zero_shot,,42,scope,overall,c,m,0,885,0.000000000000
aligned_v1,vivos,phowhisper,small,zero_shot,,42,scope,overall,c,p,1,885,0.001129943503
aligned_v1,vivos,phowhisper,small,zero_shot,,42,scope,overall,ch,none,0,180,0.000000000000
aligned_v1,vivos,phowhisper,small,zero_shot,,42,scope,overall,ch,n,3,180,0.016666666667
aligned_v1,vivos,phowhisper,small,zero_shot,,42,scope,overall,ch,ng,1,180,0.005555555556
aligned_v1,vivos,phowhisper,small,zero_shot,,42,scope,overall,ch,nh,2,180,0.011111111111
aligned_v1,vivos,phowhisper,small,zero_shot,,42,scope,overall,ch,t,10,180,0.055555555556
aligned_v1,vivos,phowhisper,small,zero_shot,,42,scope,overall,ch,c,3,180,0.016666666667
aligned_v1,vivos,phowhisper,small,zero_shot,,42,scope,overall,ch,ch,159,180,0.883333333333
aligned_v1,vivos,phowhisper,small,zero_shot,,42,scope,overall,ch,m,0,180,0.000000000000
aligned_v1,vivos,phowhisper,small,zero_shot,,42,scope,overall,ch,p,2,180,0.011111111111
aligned_v1,vivos,phowhisper,small,zero_shot,,42,scope,overall,m,none,18,840,0.021428571429
aligned_v1,vivos,phowhisper,small,zero_shot,,42,scope,overall,m,n,10,840,0.011904761905
aligned_v1,vivos,phowhisper,small,zero_shot,,42,scope,overall,m,ng,16,840,0.019047619048
aligned_v1,vivos,phowhisper,small,zero_shot,,42,scope,overall,m,nh,4,840,0.004761904762
aligned_v1,vivos,phowhisper,small,zero_shot,,42,scope,overall,m,t,1,840,0.001190476190
aligned_v1,vivos,phowhisper,small,zero_shot,,42,scope,overall,m,c,0,840,0.000000000000
aligned_v1,vivos,phowhisper,small,zero_shot,,42,scope,overall,m,ch,0,840,0.000000000000
aligned_v1,vivos,phowhisper,small,zero_shot,,42,scope,overall,m,m,790,840,0.940476190476
aligned_v1,vivos,phowhisper,small,zero_shot,,42,scope,overall,m,p,1,840,0.001190476190
aligned_v1,vivos,phowhisper,small,zero_shot,,42,scope,overall,p,none,2,285,0.007017543860
aligned_v1,vivos,phowhisper,small,zero_shot,,42,scope,overall,p,n,0,285,0.000000000000
aligned_v1,vivos,phowhisper,small,zero_shot,,42,scope,overall,p,ng,1,285,0.003508771930
aligned_v1,vivos,phowhisper,small,zero_shot,,42,scope,overall,p,nh,0,285,0.000000000000
aligned_v1,vivos,phowhisper,small,zero_shot,,42,scope,overall,p,t,3,285,0.010526315789
aligned_v1,vivos,phowhisper,small,zero_shot,,42,scope,overall,p,c,2,285,0.007017543860
aligned_v1,vivos,phowhisper,small,zero_shot,,42,scope,overall,p,ch,0,285,0.000000000000
aligned_v1,vivos,phowhisper,small,zero_shot,,42,scope,overall,p,m,1,285,0.003508771930
aligned_v1,vivos,phowhisper,small,zero_shot,,42,scope,overall,p,p,276,285,0.968421052632
aligned_v1,vivos,phowhisper,small,zero_shot,,42,scope,low_snr,none,none,0,48,0.000000000000
aligned_v1,vivos,phowhisper,small,zero_shot,,42,scope,low_snr,none,n,17,48,0.354166666667
aligned_v1,vivos,phowhisper,small,zero_shot,,42,scope,low_snr,none,ng,14,48,0.291666666667
aligned_v1,vivos,phowhisper,small,zero_shot,,42,scope,low_snr,none,nh,3,48,0.062500000000
aligned_v1,vivos,phowhisper,small,zero_shot,,42,scope,low_snr,none,t,3,48,0.062500000000
aligned_v1,vivos,phowhisper,small,zero_shot,,42,scope,low_snr,none,c,6,48,0.125000000000
aligned_v1,vivos,phowhisper,small,zero_shot,,42,scope,low_snr,none,ch,1,48,0.020833333333
aligned_v1,vivos,phowhisper,small,zero_shot,,42,scope,low_snr,none,m,3,48,0.062500000000
aligned_v1,vivos,phowhisper,small,zero_shot,,42,scope,low_snr,none,p,1,48,0.020833333333
aligned_v1,vivos,phowhisper,small,zero_shot,,42,scope,low_snr,n,none,17,764,0.022251308901
aligned_v1,vivos,phowhisper,small,zero_shot,,42,scope,low_snr,n,n,716,764,0.937172774869
aligned_v1,vivos,phowhisper,small,zero_shot,,42,scope,low_snr,n,ng,24,764,0.031413612565
aligned_v1,vivos,phowhisper,small,zero_shot,,42,scope,low_snr,n,nh,4,764,0.005235602094
aligned_v1,vivos,phowhisper,small,zero_shot,,42,scope,low_snr,n,t,1,764,0.001308900524
aligned_v1,vivos,phowhisper,small,zero_shot,,42,scope,low_snr,n,c,1,764,0.001308900524
aligned_v1,vivos,phowhisper,small,zero_shot,,42,scope,low_snr,n,ch,0,764,0.000000000000
aligned_v1,vivos,phowhisper,small,zero_shot,,42,scope,low_snr,n,m,1,764,0.001308900524
aligned_v1,vivos,phowhisper,small,zero_shot,,42,scope,low_snr,n,p,0,764,0.000000000000
aligned_v1,vivos,phowhisper,small,zero_shot,,42,scope,low_snr,ng,none,17,786,0.021628498728
aligned_v1,vivos,phowhisper,small,zero_shot,,42,scope,low_snr,ng,n,19,786,0.024173027990
aligned_v1,vivos,phowhisper,small,zero_shot,,42,scope,low_snr,ng,ng,740,786,0.941475826972
aligned_v1,vivos,phowhisper,small,zero_shot,,42,scope,low_snr,ng,nh,3,786,0.003816793893
aligned_v1,vivos,phowhisper,small,zero_shot,,42,scope,low_snr,ng,t,1,786,0.001272264631
aligned_v1,vivos,phowhisper,small,zero_shot,,42,scope,low_snr,ng,c,4,786,0.005089058524
aligned_v1,vivos,phowhisper,small,zero_shot,,42,scope,low_snr,ng,ch,0,786,0.000000000000
aligned_v1,vivos,phowhisper,small,zero_shot,,42,scope,low_snr,ng,m,2,786,0.002544529262
aligned_v1,vivos,phowhisper,small,zero_shot,,42,scope,low_snr,ng,p,0,786,0.000000000000
aligned_v1,vivos,phowhisper,small,zero_shot,,42,scope,low_snr,nh,none,0,270,0.000000000000
aligned_v1,vivos,phowhisper,small,zero_shot,,42,scope,low_snr,nh,n,5,270,0.018518518519
aligned_v1,vivos,phowhisper,small,zero_shot,,42,scope,low_snr,nh,ng,5,270,0.018518518519
aligned_v1,vivos,phowhisper,small,zero_shot,,42,scope,low_snr,nh,nh,259,270,0.959259259259
aligned_v1,vivos,phowhisper,small,zero_shot,,42,scope,low_snr,nh,t,0,270,0.000000000000
aligned_v1,vivos,phowhisper,small,zero_shot,,42,scope,low_snr,nh,c,0,270,0.000000000000
aligned_v1,vivos,phowhisper,small,zero_shot,,42,scope,low_snr,nh,ch,0,270,0.000000000000
aligned_v1,vivos,phowhisper,small,zero_shot,,42,scope,low_snr,nh,m,1,270,0.003703703704
aligned_v1,vivos,phowhisper,small,zero_shot,,42,scope,low_snr,nh,p,0,270,0.000000000000
aligned_v1,vivos,phowhisper,small,zero_shot,,42,scope,low_snr,t,none,10,332,0.030120481928
aligned_v1,vivos,phowhisper,small,zero_shot,,42,scope,low_snr,t,n,3,332,0.009036144578
aligned_v1,vivos,phowhisper,small,zero_shot,,42,scope,low_snr,t,ng,1,332,0.003012048193
aligned_v1,vivos,phowhisper,small,zero_shot,,42,scope,low_snr,t,nh,0,332,0.000000000000
aligned_v1,vivos,phowhisper,small,zero_shot,,42,scope,low_snr,t,t,296,332,0.891566265060
aligned_v1,vivos,phowhisper,small,zero_shot,,42,scope,low_snr,t,c,19,332,0.057228915663
aligned_v1,vivos,phowhisper,small,zero_shot,,42,scope,low_snr,t,ch,3,332,0.009036144578
aligned_v1,vivos,phowhisper,small,zero_shot,,42,scope,low_snr,t,m,0,332,0.000000000000
aligned_v1,vivos,phowhisper,small,zero_shot,,42,scope,low_snr,t,p,0,332,0.000000000000
aligned_v1,vivos,phowhisper,small,zero_shot,,42,scope,low_snr,c,none,7,354,0.019774011299
aligned_v1,vivos,phowhisper,small,zero_shot,,42,scope,low_snr,c,n,1,354,0.002824858757
aligned_v1,vivos,phowhisper,small,zero_shot,,42,scope,low_snr,c,ng,3,354,0.008474576271
aligned_v1,vivos,phowhisper,small,zero_shot,,42,scope,low_snr,c,nh,0,354,0.000000000000
aligned_v1,vivos,phowhisper,small,zero_shot,,42,scope,low_snr,c,t,14,354,0.039548022599
aligned_v1,vivos,phowhisper,small,zero_shot,,42,scope,low_snr,c,c,328,354,0.926553672316
aligned_v1,vivos,phowhisper,small,zero_shot,,42,scope,low_snr,c,ch,0,354,0.000000000000
aligned_v1,vivos,phowhisper,small,zero_shot,,42,scope,low_snr,c,m,0,354,0.000000000000
aligned_v1,vivos,phowhisper,small,zero_shot,,42,scope,low_snr,c,p,1,354,0.002824858757
aligned_v1,vivos,phowhisper,small,zero_shot,,42,scope,low_snr,ch,none,0,72,0.000000000000
aligned_v1,vivos,phowhisper,small,zero_shot,,42,scope,low_snr,ch,n,3,72,0.041666666667
aligned_v1,vivos,phowhisper,small,zero_shot,,42,scope,low_snr,ch,ng,1,72,0.013888888889
aligned_v1,vivos,phowhisper,small,zero_shot,,42,scope,low_snr,ch,nh,2,72,0.027777777778
aligned_v1,vivos,phowhisper,small,zero_shot,,42,scope,low_snr,ch,t,4,72,0.055555555556
aligned_v1,vivos,phowhisper,small,zero_shot,,42,scope,low_snr,ch,c,3,72,0.041666666667
aligned_v1,vivos,phowhisper,small,zero_shot,,42,scope,low_snr,ch,ch,58,72,0.805555555556
aligned_v1,vivos,phowhisper,small,zero_shot,,42,scope,low_snr,ch,m,0,72,0.000000000000
aligned_v1,vivos,phowhisper,small,zero_shot,,42,scope,low_snr,ch,p,1,72,0.013888888889
aligned_v1,vivos,phowhisper,small,zero_shot,,42,scope,low_snr,m,none,11,336,0.032738095238
aligned_v1,vivos,phowhisper,small,zero_shot,,42,scope,low_snr,m,n,8,336,0.023809523810
aligned_v1,vivos,phowhisper,small,zero_shot,,42,scope,low_snr,m,ng,8,336,0.023809523810
aligned_v1,vivos,phowhisper,small,zero_shot,,42,scope,low_snr,m,nh,1,336,0.002976190476
aligned_v1,vivos,phowhisper,small,zero_shot,,42,scope,low_snr,m,t,1,336,0.002976190476
aligned_v1,vivos,phowhisper,small,zero_shot,,42,scope,low_snr,m,c,0,336,0.000000000000
aligned_v1,vivos,phowhisper,small,zero_shot,,42,scope,low_snr,m,ch,0,336,0.000000000000
aligned_v1,vivos,phowhisper,small,zero_shot,,42,scope,low_snr,m,m,306,336,0.910714285714
aligned_v1,vivos,phowhisper,small,zero_shot,,42,scope,low_snr,m,p,1,336,0.002976190476
aligned_v1,vivos,phowhisper,small,zero_shot,,42,scope,low_snr,p,none,2,114,0.017543859649
aligned_v1,vivos,phowhisper,small,zero_shot,,42,scope,low_snr,p,n,0,114,0.000000000000
aligned_v1,vivos,phowhisper,small,zero_shot,,42,scope,low_snr,p,ng,1,114,0.008771929825
aligned_v1,vivos,phowhisper,small,zero_shot,,42,scope,low_snr,p,nh,0,114,0.000000000000
aligned_v1,vivos,phowhisper,small,zero_shot,,42,scope,low_snr,p,t,3,114,0.026315789474
aligned_v1,vivos,phowhisper,small,zero_shot,,42,scope,low_snr,p,c,2,114,0.017543859649
aligned_v1,vivos,phowhisper,small,zero_shot,,42,scope,low_snr,p,ch,0,114,0.000000000000
aligned_v1,vivos,phowhisper,small,zero_shot,,42,scope,low_snr,p,m,1,114,0.008771929825
aligned_v1,vivos,phowhisper,small,zero_shot,,42,scope,low_snr,p,p,105,114,0.921052631579
aligned_v1,vivos,phowhisper,tiny,zero_shot,,42,scope,overall,none,none,0,110,0.000000000000
aligned_v1,vivos,phowhisper,tiny,zero_shot,,42,scope,overall,none,n,34,110,0.309090909091
aligned_v1,vivos,phowhisper,tiny,zero_shot,,42,scope,overall,none,ng,31,110,0.281818181818
aligned_v1,vivos,phowhisper,tiny,zero_shot,,42,scope,overall,none,nh,10,110,0.090909090909
aligned_v1,vivos,phowhisper,tiny,zero_shot,,42,scope,overall,none,t,11,110,0.100000000000
aligned_v1,vivos,phowhisper,tiny,zero_shot,,42,scope,overall,none,c,13,110,0.118181818182
aligned_v1,vivos,phowhisper,tiny,zero_shot,,42,scope,overall,none,ch,4,110,0.036363636364
aligned_v1,vivos,phowhisper,tiny,zero_shot,,42,scope,overall,none,m,5,110,0.045454545455
aligned_v1,vivos,phowhisper,tiny,zero_shot,,42,scope,overall,none,p,2,110,0.018181818182
aligned_v1,vivos,phowhisper,tiny,zero_shot,,42,scope,overall,n,none,77,1910,0.040314136126
aligned_v1,vivos,phowhisper,tiny,zero_shot,,42,scope,overall,n,n,1688,1910,0.883769633508
aligned_v1,vivos,phowhisper,tiny,zero_shot,,42,scope,overall,n,ng,81,1910,0.042408376963
aligned_v1,vivos,phowhisper,tiny,zero_shot,,42,scope,overall,n,nh,36,1910,0.018848167539
aligned_v1,vivos,phowhisper,tiny,zero_shot,,42,scope,overall,n,t,12,1910,0.006282722513
aligned_v1,vivos,phowhisper,tiny,zero_shot,,42,scope,overall,n,c,1,1910,0.000523560209
aligned_v1,vivos,phowhisper,tiny,zero_shot,,42,scope,overall,n,ch,0,1910,0.000000000000
aligned_v1,vivos,phowhisper,tiny,zero_shot,,42,scope,overall,n,m,14,1910,0.007329842932
aligned_v1,vivos,phowhisper,tiny,zero_shot,,42,scope,overall,n,p,1,1910,0.000523560209
aligned_v1,vivos,phowhisper,tiny,zero_shot,,42,scope,overall,ng,none,58,1965,0.029516539440
aligned_v1,vivos,phowhisper,tiny,zero_shot,,42,scope,overall,ng,n,67,1965,0.034096692112
aligned_v1,vivos,phowhisper,tiny,zero_shot,,42,scope,overall,ng,ng,1796,1965,0.913994910941
aligned_v1,vivos,phowhisper,tiny,zero_shot,,42,scope,overall,ng,nh,14,1965,0.007124681934
aligned_v1,vivos,phowhisper,tiny,zero_shot,,42,scope,overall,ng,t,10,1965,0.005089058524
aligned_v1,vivos,phowhisper,tiny,zero_shot,,42,scope,overall,ng,c,11,1965,0.005597964377
aligned_v1,vivos,phowhisper,tiny,zero_shot,,42,scope,overall,ng,ch,1,1965,0.000508905852
aligned_v1,vivos,phowhisper,tiny,zero_shot,,42,scope,overall,ng,m,8,1965,0.004071246819
aligned_v1,vivos,phowhisper,tiny,zero_shot,,42,scope,overall,ng,p,0,1965,0.000000000000
aligned_v1,vivos,phowhisper,tiny,zero_shot,,42,scope,overall,nh,none,14,675,0.020740740741
aligned_v1,vivos,phowhisper,tiny,zero_shot,,42,scope,overall,nh,n,19,675,0.028148148148
aligned_v1,vivos,phowhisper,tiny,zero_shot,,42,scope,overall,nh,ng,8,675,0.011851851852
aligned_v1,vivos,phowhisper,tiny,zero_shot,,42,scope,overall,nh,nh,627,675,0.928888888889
aligned_v1,vivos,phowhisper,tiny,zero_shot,,42,scope,overall,nh,t,0,675,0.000000000000
aligned_v1,vivos,phowhisper,tiny,zero_shot,,42,scope,overall,nh,c,1,675,0.001481481481
aligned_v1,vivos,phowhisper,tiny,zero_shot,,42,scope,overall,nh,ch,0,675,0.000000000000
aligned_v1,vivos,phowhisper,tiny,zero_shot,,42,scope,overall,nh,m,6,675,0.008888888889
aligned_v1,vivos,phowhisper,tiny,zero_shot,,42,scope,overall,nh,p,0,675,0.000000000000
aligned_v1,vivos,phowhisper,tiny,zero_shot,,42,scope,overall,t,none,40,830,0.048192771084
aligned_v1,vivos,phowhisper,tiny,zero_shot,,42,scope,overall,t,n,9,830,0.010843373494
aligned_v1,vivos,phowhisper,tiny,zero_shot,,42,scope,overall,t,ng,4,830,0.004819277108
aligned_v1,vivos,phowhisper,tiny,zero_shot,,42,scope,overall,t,nh,3,830,0.003614457831
aligned_v1,vivos,phowhisper,tiny,zero_shot,,42,scope,overall,t,t,702,830,0.845783132530
aligned_v1,vivos,phowhisper,tiny,zero_shot,,42,scope,overall,t,c,52,830,0.062650602410
aligned_v1,vivos,phowhisper,tiny,zero_shot,,42,scope,overall,t,ch,12,830,0.014457831325
aligned_v1,vivos,phowhisper,tiny,zero_shot,,42,scope,overall,t,m,1,830,0.001204819277
aligned_v1,vivos,phowhisper,tiny,zero_shot,,42,scope,overall,t,p,7,830,0.008433734940
aligned_v1,vivos,phowhisper,tiny,zero_shot,,42,scope,overall,c,none,22,885,0.024858757062
aligned_v1,vivos,phowhisper,tiny,zero_shot,,42,scope,overall,c,n,11,885,0.012429378531
aligned_v1,vivos,phowhisper,tiny,zero_shot,,42,scope,overall,c,ng,14,885,0.015819209040
aligned_v1,vivos,phowhisper,tiny,zero_shot,,42,scope,overall,c,nh,1,885,0.001129943503
aligned_v1,vivos,phowhisper,tiny,zero_shot,,42,scope,overall,c,t,64,885,0.072316384181
aligned_v1,vivos,phowhisper,tiny,zero_shot,,42,scope,overall,c,c,762,885,0.861016949153
aligned_v1,vivos,phowhisper,tiny,zero_shot,,42,scope,overall,c,ch,2,885,0.002259887006
aligned_v1,vivos,phowhisper,tiny,zero_shot,,42,scope,overall,c,m,2,885,0.002259887006
aligned_v1,vivos,phowhisper,tiny,zero_shot,,42,scope,overall,c,p,7,885,0.007909604520
aligned_v1,vivos,phowhisper,tiny,zero_shot,,42,scope,overall,ch,none,3,180,0.016666666667
aligned_v1,vivos,phowhisper,tiny,zero_shot,,42,scope,overall,ch,n,1,180,0.005555555556
aligned_v1,vivos,phowhisper,tiny,zero_shot,,42,scope,overall,ch,ng,0,180,0.000000000000
aligned_v1,vivos,phowhisper,tiny,zero_shot,,42,scope,overall,ch,nh,3,180,0.016666666667
aligned_v1,vivos,phowhisper,tiny,zero_shot,,42,scope,overall,ch,t,4,180,0.022222222222
aligned_v1,vivos,phowhisper,tiny,zero_shot,,42,scope,overall,ch,c,7,180,0.038888888889
aligned_v1,vivos,phowhisper,tiny,zero_shot,,42,scope,overall,ch,ch,156,180,0.866666666667
aligned_v1,vivos,phowhisper,tiny,zero_shot,,42,scope,overall,ch,m,0,180,0.000000000000
aligned_v1,vivos,phowhisper,tiny,zero_shot,,42,scope,overall,ch,p,6,180,0.033333333333
aligned_v1,vivos,phowhisper,tiny,zero_shot,,42,scope,overall,m,none,28,840,0.033333333333
aligned_v1,vivos,phowhisper,tiny,zero_shot,,42,scope,overall,m,n,14,840,0.016666666667
aligned_v1,vivos,phowhisper,tiny,zero_shot,,42,scope,overall,m,ng,24,840,0.028571428571
aligned_v1,vivos,phowhisper,tiny,zero_shot,,42,scope,overall,m,nh,1,840,0.001190476190
aligned_v1,vivos,phowhisper,tiny,zero_shot,,42,scope,overall,m,t,3,840,0.003571428571
aligned_v1,vivos,phowhisper,tiny,zero_shot,,42,scope,overall,m,c,2,840,0.002380952381
aligned_v1,vivos,phowhisper,tiny,zero_shot,,42,scope,overall,m,ch,0,840,0.000000000000
aligned_v1,vivos,phowhisper,tiny,zero_shot,,42,scope,overall,m,m,766,840,0.911904761905
aligned_v1,vivos,phowhisper,tiny,zero_shot,,42,scope,overall,m,p,2,840,0.002380952381
aligned_v1,vivos,phowhisper,tiny,zero_shot,,42,scope,overall,p,none,8,285,0.028070175439
aligned_v1,vivos,phowhisper,tiny,zero_shot,,42,scope,overall,p,n,2,285,0.007017543860
aligned_v1,vivos,phowhisper,tiny,zero_shot,,42,scope,overall,p,ng,1,285,0.003508771930
aligned_v1,vivos,phowhisper,tiny,zero_shot,,42,scope,overall,p,nh,0,285,0.000000000000
aligned_v1,vivos,phowhisper,tiny,zero_shot,,42,scope,overall,p,t,4,285,0.014035087719
aligned_v1,vivos,phowhisper,tiny,zero_shot,,42,scope,overall,p,c,8,285,0.028070175439
aligned_v1,vivos,phowhisper,tiny,zero_shot,,42,scope,overall,p,ch,1,285,0.003508771930
aligned_v1,vivos,phowhisper,tiny,zero_shot,,42,scope,overall,p,m,1,285,0.003508771930
aligned_v1,vivos,phowhisper,tiny,zero_shot,,42,scope,overall,p,p,260,285,0.912280701754
aligned_v1,vivos,phowhisper,tiny,zero_shot,,42,scope,low_snr,none,none,0,81,0.000000000000
aligned_v1,vivos,phowhisper,tiny,zero_shot,,42,scope,low_snr,none,n,24,81,0.296296296296
aligned_v1,vivos,phowhisper,tiny,zero_shot,,42,scope,low_snr,none,ng,22,81,0.271604938272
aligned_v1,vivos,phowhisper,tiny,zero_shot,,42,scope,low_snr,none,nh,7,81,0.086419753086
aligned_v1,vivos,phowhisper,tiny,zero_shot,,42,scope,low_snr,none,t,8,81,0.098765432099
aligned_v1,vivos,phowhisper,tiny,zero_shot,,42,scope,low_snr,none,c,11,81,0.135802469136
aligned_v1,vivos,phowhisper,tiny,zero_shot,,42,scope,low_snr,none,ch,4,81,0.049382716049
aligned_v1,vivos,phowhisper,tiny,zero_shot,,42,scope,low_snr,none,m,3,81,0.037037037037
aligned_v1,vivos,phowhisper,tiny,zero_shot,,42,scope,low_snr,none,p,2,81,0.024691358025
aligned_v1,vivos,phowhisper,tiny,zero_shot,,42,scope,low_snr,n,none,58,764,0.075916230366
aligned_v1,vivos,phowhisper,tiny,zero_shot,,42,scope,low_snr,n,n,622,764,0.814136125654
aligned_v1,vivos,phowhisper,tiny,zero_shot,,42,scope,low_snr,n,ng,44,764,0.057591623037
aligned_v1,vivos,phowhisper,tiny,zero_shot,,42,scope,low_snr,n,nh,19,764,0.024869109948
aligned_v1,vivos,phowhisper,tiny,zero_shot,,42,scope,low_snr,n,t,9,764,0.011780104712
aligned_v1,vivos,phowhisper,tiny,zero_shot,,42,scope,low_snr,n,c,1,764,0.001308900524
aligned_v1,vivos,phowhisper,tiny,zero_shot,,42,scope,low_snr,n,ch,0,764,0.000000000000
aligned_v1,vivos,phowhisper,tiny,zero_shot,,42,scope,low_snr,n,m,10,764,0.013089005236
aligned_v1,vivos,phowhisper,tiny,zero_shot,,42,scope,low_snr,n,p,1,764,0.001308900524
aligned_v1,vivos,phowhisper,tiny,zero_shot,,42,scope,low_snr,ng,none,46,786,0.058524173028
aligned_v1,vivos,phowhisper,tiny,zero_shot,,42,scope,low_snr,ng,n,30,786,0.038167938931
aligned_v1,vivos,phowhisper,tiny,zero_shot,,42,scope,low_snr,ng,ng,682,786,0.867684478372
aligned_v1,vivos,phowhisper,tiny,zero_shot,,42,scope,low_snr,ng,nh,9,786,0.011450381679
aligned_v1,vivos,phowhisper,tiny,zero_shot,,42,scope,low_snr,ng,t,8,786,0.010178117048
aligned_v1,vivos,phowhisper,tiny,zero_shot,,42,scope,low_snr,ng,c,6,786,0.007633587786
aligned_v1,vivos,phowhisper,tiny,zero_shot,,42,scope,low_snr,ng,ch,1,786,0.001272264631
aligned_v1,vivos,phowhisper,tiny,zero_shot,,42,scope,low_snr,ng,m,4,786,0.005089058524
aligned_v1,vivos,phowhisper,tiny,zero_shot,,42,scope,low_snr,ng,p,0,786,0.000000000000
aligned_v1,vivos,phowhisper,tiny,zero_shot,,42,scope,low_snr,nh,none,13,270,0.048148148148
aligned_v1,vivos,phowhisper,tiny,zero_shot,,42,scope,low_snr,nh,n,10,270,0.037037037037
aligned_v1,vivos,phowhisper,tiny,zero_shot,,42,scope,low_snr,nh,ng,5,270,0.018518518519
aligned_v1,vivos,phowhisper,tiny,zero_shot,,42,scope,low_snr,nh,nh,237,270,0.877777777778
aligned_v1,vivos,phowhisper,tiny,zero_shot,,42,scope,low_snr,nh,t,0,270,0.000000000000
aligned_v1,vivos,phowhisper,tiny,zero_shot,,42,scope,low_snr,nh,c,1,270,0.003703703704
aligned_v1,vivos,phowhisper,tiny,zero_shot,,42,scope,low_snr,nh,ch,0,270,0.000000000000
aligned_v1,vivos,phowhisper,tiny,zero_shot,,42,scope,low_snr,nh,m,4,270,0.014814814815
aligned_v1,vivos,phowhisper,tiny,zero_shot,,42,scope,low_snr,nh,p,0,270,0.000000000000
aligned_v1,vivos,phowhisper,tiny,zero_shot,,42,scope,low_snr,t,none,27,332,0.081325301205
aligned_v1,vivos,phowhisper,tiny,zero_shot,,42,scope,low_snr,t,n,7,332,0.021084337349
aligned_v1,vivos,phowhisper,tiny,zero_shot,,42,scope,low_snr,t,ng,2,332,0.006024096386
aligned_v1,vivos,phowhisper,tiny,zero_shot,,42,scope,low_snr,t,nh,3,332,0.009036144578
aligned_v1,vivos,phowhisper,tiny,zero_shot,,42,scope,low_snr,t,t,261,332,0.786144578313
aligned_v1,vivos,phowhisper,tiny,zero_shot,,42,scope,low_snr,t,c,20,332,0.060240963855
aligned_v1,vivos,phowhisper,tiny,zero_shot,,42,scope,low_snr,t,ch,7,332,0.021084337349
aligned_v1,vivos,phowhisper,tiny,zero_shot,,42,scope,low_snr,t,m,1,332,0.003012048193
aligned_v1,vivos,phowhisper,tiny,zero_shot,,42,scope,low_snr,t,p,4,332,0.012048192771
aligned_v1,vivos,phowhisper,tiny,zero_shot,,42,scope,low_snr,c,none,13,354,0.036723163842
aligned_v1,vivos,phowhisper,tiny,zero_shot,,42,scope,low_snr,c,n,9,354,0.025423728814
aligned_v1,vivos,phowhisper,tiny,zero_shot,,42,scope,low_snr,c,ng,10,354,0.028248587571
aligned_v1,vivos,phowhisper,tiny,zero_shot,,42,scope,low_snr,c,nh,1,354,0.002824858757
aligned_v1,vivos,phowhisper,tiny,zero_shot,,42,scope,low_snr,c,t,25,354,0.070621468927
aligned_v1,vivos,phowhisper,tiny,zero_shot,,42,scope,low_snr,c,c,288,354,0.813559322034
aligned_v1,vivos,phowhisper,tiny,zero_shot,,42,scope,low_snr,c,ch,1,354,0.002824858757
aligned_v1,vivos,phowhisper,tiny,zero_shot,,42,scope,low_snr,c,m,2,354,0.005649717514
aligned_v1,vivos,phowhisper,tiny,zero_shot,,42,scope,low_snr,c,p,5,354,0.014124293785
aligned_v1,vivos,phowhisper,tiny,zero_shot,,42,scope,low_snr,ch,none,3,72,0.041666666667
aligned_v1,vivos,phowhisper,tiny,zero_shot,,42,scope,low_snr,ch,n,1,72,0.013888888889
aligned_v1,vivos,phowhisper,tiny,zero_shot,,42,scope,low_snr,ch,ng,0,72,0.000000000000
aligned_v1,vivos,phowhisper,tiny,zero_shot,,42,scope,low_snr,ch,nh,3,72,0.041666666667
aligned_v1,vivos,phowhisper,tiny,zero_shot,,42,scope,low_snr,ch,t,2,72,0.027777777778
aligned_v1,vivos,phowhisper,tiny,zero_shot,,42,scope,low_snr,ch,c,4,72,0.055555555556
aligned_v1,vivos,phowhisper,tiny,zero_shot,,42,scope,low_snr,ch,ch,58,72,0.805555555556
aligned_v1,vivos,phowhisper,tiny,zero_shot,,42,scope,low_snr,ch,m,0,72,0.000000000000
aligned_v1,vivos,phowhisper,tiny,zero_shot,,42,scope,low_snr,ch,p,1,72,0.013888888889
aligned_v1,vivos,phowhisper,tiny,zero_shot,,42,scope,low_snr,m,none,20,336,0.059523809524
aligned_v1,vivos,phowhisper,tiny,zero_shot,,42,scope,low_snr,m,n,11,336,0.032738095238
aligned_v1,vivos,phowhisper,tiny,zero_shot,,42,scope,low_snr,m,ng,14,336,0.041666666667
aligned_v1,vivos,phowhisper,tiny,zero_shot,,42,scope,low_snr,m,nh,1,336,0.002976190476
aligned_v1,vivos,phowhisper,tiny,zero_shot,,42,scope,low_snr,m,t,2,336,0.005952380952
aligned_v1,vivos,phowhisper,tiny,zero_shot,,42,scope,low_snr,m,c,1,336,0.002976190476
aligned_v1,vivos,phowhisper,tiny,zero_shot,,42,scope,low_snr,m,ch,0,336,0.000000000000
aligned_v1,vivos,phowhisper,tiny,zero_shot,,42,scope,low_snr,m,m,285,336,0.848214285714
aligned_v1,vivos,phowhisper,tiny,zero_shot,,42,scope,low_snr,m,p,2,336,0.005952380952
aligned_v1,vivos,phowhisper,tiny,zero_shot,,42,scope,low_snr,p,none,8,114,0.070175438596
aligned_v1,vivos,phowhisper,tiny,zero_shot,,42,scope,low_snr,p,n,1,114,0.008771929825
aligned_v1,vivos,phowhisper,tiny,zero_shot,,42,scope,low_snr,p,ng,1,114,0.008771929825
aligned_v1,vivos,phowhisper,tiny,zero_shot,,42,scope,low_snr,p,nh,0,114,0.000000000000
aligned_v1,vivos,phowhisper,tiny,zero_shot,,42,scope,low_snr,p,t,2,114,0.017543859649
aligned_v1,vivos,phowhisper,tiny,zero_shot,,42,scope,low_snr,p,c,4,114,0.035087719298
aligned_v1,vivos,phowhisper,tiny,zero_shot,,42,scope,low_snr,p,ch,1,114,0.008771929825
aligned_v1,vivos,phowhisper,tiny,zero_shot,,42,scope,low_snr,p,m,0,114,0.000000000000
aligned_v1,vivos,phowhisper,tiny,zero_shot,,42,scope,low_snr,p,p,97,114,0.850877192982
aligned_v1,vivos,whisper,base,zero_shot,,42,scope,overall,none,none,0,354,0.000000000000
aligned_v1,vivos,whisper,base,zero_shot,,42,scope,overall,none,n,96,354,0.271186440678
aligned_v1,vivos,whisper,base,zero_shot,,42,scope,overall,none,ng,60,354,0.169491525424
aligned_v1,vivos,whisper,base,zero_shot,,42,scope,overall,none,nh,22,354,0.062146892655
aligned_v1,vivos,whisper,base,zero_shot,,42,scope,overall,none,t,58,354,0.163841807910
aligned_v1,vivos,whisper,base,zero_shot,,42,scope,overall,none,c,43,354,0.121468926554
aligned_v1,vivos,whisper,base,zero_shot,,42,scope,overall,none,ch,7,354,0.019774011299
aligned_v1,vivos,whisper,base,zero_shot,,42,scope,overall,none,m,49,354,0.138418079096
aligned_v1,vivos,whisper,base,zero_shot,,42,scope,overall,none,p,19,354,0.053672316384
aligned_v1,vivos,whisper,base,zero_shot,,42,scope,overall,n,none,240,1910,0.125654450262
aligned_v1,vivos,whisper,base,zero_shot,,42,scope,overall,n,n,1257,1910,0.658115183246
aligned_v1,vivos,whisper,base,zero_shot,,42,scope,overall,n,ng,245,1910,0.128272251309
aligned_v1,vivos,whisper,base,zero_shot,,42,scope,overall,n,nh,107,1910,0.056020942408
aligned_v1,vivos,whisper,base,zero_shot,,42,scope,overall,n,t,21,1910,0.010994764398
aligned_v1,vivos,whisper,base,zero_shot,,42,scope,overall,n,c,9,1910,0.004712041885
aligned_v1,vivos,whisper,base,zero_shot,,42,scope,overall,n,ch,2,1910,0.001047120419
aligned_v1,vivos,whisper,base,zero_shot,,42,scope,overall,n,m,26,1910,0.013612565445
aligned_v1,vivos,whisper,base,zero_shot,,42,scope,overall,n,p,3,1910,0.001570680628
aligned_v1,vivos,whisper,base,zero_shot,,42,scope,overall,ng,none,148,1965,0.075318066158
aligned_v1,vivos,whisper,base,zero_shot,,42,scope,overall,ng,n,130,1965,0.066157760814
aligned_v1,vivos,whisper,base,zero_shot,,42,scope,overall,ng,ng,1553,1965,0.790330788804
aligned_v1,vivos,whisper,base,zero_shot,,42,scope,overall,ng,nh,55,1965,0.027989821883
aligned_v1,vivos,whisper,base,zero_shot,,42,scope,overall,ng,t,8,1965,0.004071246819
aligned_v1,vivos,whisper,base,zero_shot,,42,scope,overall,ng,c,17,1965,0.008651399491
aligned_v1,vivos,whisper,base,zero_shot,,42,scope,overall,ng,ch,0,1965,0.000000000000
aligned_v1,vivos,whisper,base,zero_shot,,42,scope,overall,ng,m,51,1965,0.025954198473
aligned_v1,vivos,whisper,base,zero_shot,,42,scope,overall,ng,p,3,1965,0.001526717557
aligned_v1,vivos,whisper,base,zero_shot,,42,scope,overall,nh,none,35,675,0.051851851852
aligned_v1,vivos,whisper,base,zero_shot,,42,scope,overall,nh,n,161,675,0.238518518519
aligned_v1,vivos,whisper,base,zero_shot,,42,scope,overall,nh,ng,23,675,0.034074074074
aligned_v1,vivos,whisper,base,zero_shot,,42,scope,overall,nh,nh,440,675,0.651851851852
aligned_v1,vivos,whisper,base,zero_shot,,42,scope,overall,nh,t,4,675,0.005925925926
aligned_v1,vivos,whisper,base,zero_shot,,42,scope,overall,nh,c,2,675,0.002962962963
aligned_v1,vivos,whisper,base,zero_shot,,42,scope,overall,nh,ch,1,675,0.001481481481
aligned_v1,vivos,whisper,base,zero_shot,,42,scope,overall,nh,m,8,675,0.011851851852
aligned_v1,vivos,whisper,base,zero_shot,,42,scope,overall,nh,p,1,675,0.001481481481
aligned_v1,vivos,whisper,base,zero_shot,,42,scope,overall,t,none,209,830,0.251807228916
aligned_v1,vivos,whisper,base,zero_shot,,42,scope,overall,t,n,11,830,0.013253012048
aligned_v1,vivos,whisper,base,zero_shot,,42,scope,overall,t,ng,12,830,0.014457831325
aligned_v1,vivos,whisper,base,zero_shot,,42,scope,overall,t,nh,0,830,0.000000000000
aligned_v1,vivos,whisper,base,zero_shot,,42,scope,overall,t,t,468,830,0.563855421687
aligned_v1,vivos,whisper,base,zero_shot,,42,scope,overall,t,c,99,830,0.119277108434
aligned_v1,vivos,whisper,base,zero_shot,,42,scope,overall,t,ch,12,830,0.014457831325
aligned_v1,vivos,whisper,base,zero_shot,,42,scope,overall,t,m,7,830,0.008433734940
aligned_v1,vivos,whisper,base,zero_shot,,42,scope,overall,t,p,12,830,0.014457831325
aligned_v1,vivos,whisper,base,zero_shot,,42,scope,overall,c,none,129,885,0.145762711864
aligned_v1,vivos,whisper,base,zero_shot,,42,scope,overall,c,n,7,885,0.007909604520
aligned_v1,vivos,whisper,base,zero_shot,,42,scope,overall,c,ng,31,885,0.035028248588
aligned_v1,vivos,whisper,base,zero_shot,,42,scope,overall,c,nh,2,885,0.002259887006
aligned_v1,vivos,whisper,base,zero_shot,,42,scope,overall,c,t,89,885,0.100564971751
aligned_v1,vivos,whisper,base,zero_shot,,42,scope,overall,c,c,577,885,0.651977401130
aligned_v1,vivos,whisper,base,zero_shot,,42,scope,overall,c,ch,18,885,0.020338983051
aligned_v1,vivos,whisper,base,zero_shot,,42,scope,overall,c,m,5,885,0.005649717514
aligned_v1,vivos,whisper,base,zero_shot,,42,scope,overall,c,p,27,885,0.030508474576
aligned_v1,vivos,whisper,base,zero_shot,,42,scope,overall,ch,none,16,180,0.088888888889
aligned_v1,vivos,whisper,base,zero_shot,,42,scope,overall,ch,n,1,180,0.005555555556
aligned_v1,vivos,whisper,base,zero_shot,,42,scope,overall,ch,ng,1,180,0.005555555556
aligned_v1,vivos,whisper,base,zero_shot,,42,scope,overall,ch,nh,6,180,0.033333333333
aligned_v1,vivos,whisper,base,zero_shot,,42,scope,overall,ch,t,38,180,0.211111111111
aligned_v1,vivos,whisper,base,zero_shot,,42,scope,overall,ch,c,12,180,0.066666666667
aligned_v1,vivos,whisper,base,zero_shot,,42,scope,overall,ch,ch,92,180,0.511111111111
aligned_v1,vivos,whisper,base,zero_shot,,42,scope,overall,ch,m,0,180,0.000000000000
aligned_v1,vivos,whisper,base,zero_shot,,42,scope,overall,ch,p,14,180,0.077777777778
aligned_v1,vivos,whisper,base,zero_shot,,42,scope,overall,m,none,156,840,0.185714285714
aligned_v1,vivos,whisper,base,zero_shot,,42,scope,overall,m,n,30,840,0.035714285714
aligned_v1,vivos,whisper,base,zero_shot,,42,scope,overall,m,ng,43,840,0.051190476190
aligned_v1,vivos,whisper,base,zero_shot,,42,scope,overall,m,nh,9,840,0.010714285714
aligned_v1,vivos,whisper,base,zero_shot,,42,scope,overall,m,t,7,840,0.008333333333
aligned_v1,vivos,whisper,base,zero_shot,,42,scope,overall,m,c,2,840,0.002380952381
aligned_v1,vivos,whisper,base,zero_shot,,42,scope,overall,m,ch,0,840,0.000000000000
aligned_v1,vivos,whisper,base,zero_shot,,42,scope,overall,m,m,588,840,0.700000000000
aligned_v1,vivos,whisper,base,zero_shot,,42,scope,overall,m,p,5,840,0.005952380952
aligned_v1,vivos,whisper,base,zero_shot,,42,scope,overall,p,none,23,285,0.080701754386
aligned_v1,vivos,whisper,base,zero_shot,,42,scope,overall,p,n,3,285,0.010526315789
aligned_v1,vivos,whisper,base,zero_shot,,42,scope,overall,p,ng,4,285,0.014035087719
aligned_v1,vivos,whisper,base,zero_shot,,42,scope,overall,p,nh,1,285,0.003508771930
aligned_v1,vivos,whisper,base,zero_shot,,42,scope,overall,p,t,14,285,0.049122807018
aligned_v1,vivos,whisper,base,zero_shot,,42,scope,overall,p,c,12,285,0.042105263158
aligned_v1,vivos,whisper,base,zero_shot,,42,scope,overall,p,ch,1,285,0.003508771930
aligned_v1,vivos,whisper,base,zero_shot,,42,scope,overall,p,m,6,285,0.021052631579
aligned_v1,vivos,whisper,base,zero_shot,,42,scope,overall,p,p,221,285,0.775438596491
aligned_v1,vivos,whisper,base,zero_shot,,42,scope,low_snr,none,none,0,216,0.000000000000
aligned_v1,vivos,whisper,base,zero_shot,,42,scope,low_snr,none,n,57,216,0.263888888889
aligned_v1,vivos,whisper,base,zero_shot,,42,scope,low_snr,none,ng,39,216,0.180555555556
aligned_v1,vivos,whisper,base,zero_shot,,42,scope,low_snr,none,nh,16,216,0.074074074074
aligned_v1,vivos,whisper,base,zero_shot,,42,scope,low_snr,none,t,39,216,0.180555555556
aligned_v1,vivos,whisper,base,zero_shot,,42,scope,low_snr,none,c,22,216,0.101851851852
aligned_v1,vivos,whisper,base,zero_shot,,42,scope,low_snr,none,ch,3,216,0.013888888889
aligned_v1,vivos,whisper,base,zero_shot,,42,scope,low_snr,none,m,31,216,0.143518518519
aligned_v1,vivos,whisper,base,zero_shot,,42,scope,low_snr,none,p,9,216,0.041666666667
aligned_v1,vivos,whisper,base,zero_shot,,42,scope,low_snr,n,none,139,764,0.181937172775
aligned_v1,vivos,whisper,base,zero_shot,,42,scope,low_snr,n,n,438,764,0.573298429319
aligned_v1,vivos,whisper,base,zero_shot,,42,scope,low_snr,n,ng,98,764,0.128272251309
aligned_v1,vivos,whisper,base,zero_shot,,42,scope,low_snr,n,nh,44,764,0.057591623037
aligned_v1,vivos,whisper,base,zero_shot,,42,scope,low_snr,n,t,20,764,0.026178010471
aligned_v1,vivos,whisper,base,zero_shot,,42,scope,low_snr,n,c,5,764,0.006544502618
aligned_v1,vivos,whisper,base,zero_shot,,42,scope,low_snr,n,ch,2,764,0.002617801047
aligned_v1,vivos,whisper,base,zero_shot,,42,scope,low_snr,n,m,15,764,0.019633507853
aligned_v1,vivos,whisper,base,zero_shot,,42,scope,low_snr,n,p,3,764,0.003926701571
aligned_v1,vivos,whisper,base,zero_shot,,42,scope,low_snr,ng,none,98,786,0.124681933842
aligned_v1,vivos,whisper,base,zero_shot,,42,scope,low_snr,ng,n,53,786,0.067430025445
aligned_v1,vivos,whisper,base,zero_shot,,42,scope,low_snr,ng,ng,558,786,0.709923664122
aligned_v1,vivos,whisper,base,zero_shot,,42,scope,low_snr,ng,nh,27,786,0.034351145038
aligned_v1,vivos,whisper,base,zero_shot,,42,scope,low_snr,ng,t,6,786,0.007633587786
aligned_v1,vivos,whisper,base,zero_shot,,42,scope,low_snr,ng,c,16,786,0.020356234097
aligned_v1,vivos,whisper,base,zero_shot,,42,scope,low_snr,ng,ch,0,786,0.000000000000
aligned_v1,vivos,whisper,base,zero_shot,,42,scope,low_snr,ng,m,25,786,0.031806615776
aligned_v1,vivos,whisper,base,zero_shot,,42,scope,low_snr,ng,p,3,786,0.003816793893
aligned_v1,vivos,whisper,base,zero_shot,,42,scope,low_snr,nh,none,27,270,0.100000000000
aligned_v1,vivos,whisper,base,zero_shot,,42,scope,low_snr,nh,n,56,270,0.207407407407
aligned_v1,vivos,whisper,base,zero_shot,,42,scope,low_snr,nh,ng,14,270,0.051851851852
aligned_v1,vivos,whisper,base,zero_shot,,42,scope,low_snr,nh,nh,159,270,0.588888888889
aligned_v1,vivos,whisper,base,zero_shot,,42,scope,low_snr,nh,t,2,270,0.007407407407
aligned_v1,vivos,whisper,base,zero_shot,,42,scope,low_snr,nh,c,2,270,0.007407407407
aligned_v1,vivos,whisper,base,zero_shot,,42,scope,low_snr,nh,ch,1,270,0.003703703704
aligned_v1,vivos,whisper,base,zero_shot,,42,scope,low_snr,nh,m,8,270,0.029629629630
aligned_v1,vivos,whisper,base,zero_shot,,42,scope,low_snr,nh,p,1,270,0.003703703704
aligned_v1,vivos,whisper,base,zero_shot,,42,scope,low_snr,t,none,101,332,0.304216867470
aligned_v1,vivos,whisper,base,zero_shot,,42,scope,low_snr,t,n,5,332,0.015060240964
aligned_v1,vivos,whisper,base,zero_shot,,42,scope,low_snr,t,ng,5,332,0.015060240964
aligned_v1,vivos,whisper,base,zero_shot,,42,scope,low_snr,t,nh,0,332,0.000000000000
aligned_v1,vivos,whisper,base,zero_shot,,42,scope,low_snr,t,t,174,332,0.524096385542
aligned_v1,vivos,whisper,base,zero_shot,,42,scope,low_snr,t,c,32,332,0.096385542169
aligned_v1,vivos,whisper,base,zero_shot,,42,scope,low_snr,t,ch,4,332,0.012048192771
aligned_v1,vivos,whisper,base,zero_shot,,42,scope,low_snr,t,m,4,332,0.012048192771
aligned_v1,vivos,whisper,base,zero_shot,,42,scope,low_snr,t,p,7,332,0.021084337349
aligned_v1,vivos,whisper,base,zero_shot,,42,scope,low_snr,c,none,70,354,0.197740112994
aligned_v1,vivos,whisper,base,zero_shot,,42,scope,low_snr,c,n,5,354,0.014124293785
aligned_v1,vivos,whisper,base,zero_shot,,42,scope,low_snr,c,ng,18,354,0.050847457627
aligned_v1,vivos,whisper,base,zero_shot,,42,scope,low_snr,c,nh,2,354,0.005649717514
aligned_v1,vivos,whisper,base,zero_shot,,42,scope,low_snr,c,t,42,354,0.118644067797
aligned_v1,vivos,whisper,base,zero_shot,,42,scope,low_snr,c,c,197,354,0.556497175141
aligned_v1,vivos,whisper,base,zero_shot,,42,scope,low_snr,c,ch,5,354,0.014124293785
aligned_v1,vivos,whisper,base,zero_shot,,42,scope,low_snr,c,m,3,354,0.008474576271
aligned_v1,vivos,whisper,base,zero_shot,,42,scope,low_snr,c,p,12,354,0.033898305085
aligned_v1,vivos,whisper,base,zero_shot,,42,scope,low_snr,ch,none,9,72,0.125000000000
aligned_v1,vivos,whisper,base,zero_shot,,42,scope,low_snr,ch,n,1,72,0.013888888889
aligned_v1,vivos,whisper,base,zero_shot,,42,scope,low_snr,ch,ng,1,72,0.013888888889
aligned_v1,vivos,whisper,base,zero_shot,,42,scope,low_snr,ch,nh,3,72,0.041666666667
aligned_v1,vivos,whisper,base,zero_shot,,42,scope,low_snr,ch,t,17,72,0.236111111111
aligned_v1,vivos,whisper,base,zero_shot,,42,scope,low_snr,ch,c,7,72,0.097222222222
aligned_v1,vivos,whisper,base,zero_shot,,42,scope,low_snr,ch,ch,28,72,0.388888888889
aligned_v1,vivos,whisper,base,zero_shot,,42,scope,low_snr,ch,m,0,72,0.000000000000
aligned_v1,vivos,whisper,base,zero_shot,,42,scope,low_snr,ch,p,6,72,0.083333333333
aligned_v1,vivos,whisper,base,zero_shot,,42,scope,low_snr,m,none,73,336,0.217261904762
aligned_v1,vivos,whisper,base,zero_shot,,42,scope,low_snr,m,n,18,336,0.053571428571
aligned_v1,vivos,whisper,base,zero_shot,,42,scope,low_snr,m,ng,23,336,0.068452380952
aligned_v1,vivos,whisper,base,zero_shot,,42,scope,low_snr,m,nh,6,336,0.017857142857
aligned_v1,vivos,whisper,base,zero_shot,,42,scope,low_snr,m,t,7,336,0.020833333333
aligned_v1,vivos,whisper,base,zero_shot,,42,scope,low_snr,m,c,1,336,0.002976190476
aligned_v1,vivos,whisper,base,zero_shot,,42,scope,low_snr,m,ch,0,336,0.000000000000
aligned_v1,vivos,whisper,base,zero_shot,,42,scope,low_snr,m,m,203,336,0.604166666667
aligned_v1,vivos,whisper,base,zero_shot,,42,scope,low_snr,m,p,5,336,0.014880952381
aligned_v1,vivos,whisper,base,zero_shot,,42,scope,low_snr,p,none,17,114,0.149122807018
aligned_v1,vivos,whisper,base,zero_shot,,42,scope,low_snr,p,n,1,114,0.008771929825
aligned_v1,vivos,whisper,base,zero_shot,,42,scope,low_snr,p,ng,1,114,0.008771929825
aligned_v1,vivos,whisper,base,zero_shot,,42,scope,low_snr,p,nh,1,114,0.008771929825
aligned_v1,vivos,whisper,base,zero_shot,,42,scope,low_snr,p,t,8,114,0.070175438596
aligned_v1,vivos,whisper,base,zero_shot,,42,scope,low_snr,p,c,6,114,0.052631578947
aligned_v1,vivos,whisper,base,zero_shot,,42,scope,low_snr,p,ch,1,114,0.008771929825
aligned_v1,vivos,whisper,base,zero_shot,,42,scope,low_snr,p,m,3,114,0.026315789474
aligned_v1,vivos,whisper,base,zero_shot,,42,scope,low_snr,p,p,76,114,0.666666666667
aligned_v1,vivos,whisper,small,zero_shot,,42,scope,overall,none,none,0,201,0.000000000000
aligned_v1,vivos,whisper,small,zero_shot,,42,scope,overall,none,n,79,201,0.393034825871
aligned_v1,vivos,whisper,small,zero_shot,,42,scope,overall,none,ng,31,201,0.154228855721
aligned_v1,vivos,whisper,small,zero_shot,,42,scope,overall,none,nh,10,201,0.049751243781
aligned_v1,vivos,whisper,small,zero_shot,,42,scope,overall,none,t,23,201,0.114427860697
aligned_v1,vivos,whisper,small,zero_shot,,42,scope,overall,none,c,24,201,0.119402985075
aligned_v1,vivos,whisper,small,zero_shot,,42,scope,overall,none,ch,1,201,0.004975124378
aligned_v1,vivos,whisper,small,zero_shot,,42,scope,overall,none,m,23,201,0.114427860697
aligned_v1,vivos,whisper,small,zero_shot,,42,scope,overall,none,p,10,201,0.049751243781
aligned_v1,vivos,whisper,small,zero_shot,,42,scope,overall,n,none,153,1910,0.080104712042
aligned_v1,vivos,whisper,small,zero_shot,,42,scope,overall,n,n,1520,1910,0.795811518325
aligned_v1,vivos,whisper,small,zero_shot,,42,scope,overall,n,ng,142,1910,0.074345549738
aligned_v1,vivos,whisper,small,zero_shot,,42,scope,overall,n,nh,53,1910,0.027748691099
aligned_v1,vivos,whisper,small,zero_shot,,42,scope,overall,n,t,8,1910,0.004188481675
aligned_v1,vivos,whisper,small,zero_shot,,42,scope,overall,n,c,13,1910,0.006806282723
aligned_v1,vivos,whisper,small,zero_shot,,42,scope,overall,n,ch,1,1910,0.000523560209
aligned_v1,vivos,whisper,small,zero_shot,,42,scope,overall,n,m,18,1910,0.009424083770
aligned_v1,vivos,whisper,small,zero_shot,,42,scope,overall,n,p,2,1910,0.001047120419
aligned_v1,vivos,whisper,small,zero_shot,,42,scope,overall,ng,none,84,1965,0.042748091603
aligned_v1,vivos,whisper,small,zero_shot,,42,scope,overall,ng,n,123,1965,0.062595419847
aligned_v1,vivos,whisper,small,zero_shot,,42,scope,overall,ng,ng,1696,1965,0.863104325700
aligned_v1,vivos,whisper,small,zero_shot,,42,scope,overall,ng,nh,20,1965,0.010178117048
aligned_v1,vivos,whisper,small,zero_shot,,42,scope,overall,ng,t,2,1965,0.001017811705
aligned_v1,vivos,whisper,small,zero_shot,,42,scope,overall,ng,c,20,1965,0.010178117048
aligned_v1,vivos,whisper,small,zero_shot,,42,scope,overall,ng,ch,0,1965,0.000000000000
aligned_v1,vivos,whisper,small,zero_shot,,42,scope,overall,ng,m,18,1965,0.009160305344
aligned_v1,vivos,whisper,small,zero_shot,,42,scope,overall,ng,p,2,1965,0.001017811705
aligned_v1,vivos,whisper,small,zero_shot,,42,scope,overall,nh,none,14,675,0.020740740741
aligned_v1,vivos,whisper,small,zero_shot,,42,scope,overall,nh,n,55,675,0.081481481481
aligned_v1,vivos,whisper,small,zero_shot,,42,scope,overall,nh,ng,6,675,0.008888888889
aligned_v1,vivos,whisper,small,zero_shot,,42,scope,overall,nh,nh,592,675,0.877037037037
aligned_v1,vivos,whisper,small,zero_shot,,42,scope,overall,nh,t,2,675,0.002962962963
aligned_v1,vivos,whisper,small,zero_shot,,42,scope,overall,nh,c,2,675,0.002962962963
aligned_v1,vivos,whisper,small,zero_shot,,42,scope,overall,nh,ch,0,675,0.000000000000
aligned_v1,vivos,whisper,small,zero_shot,,42,scope,overall,nh,m,4,675,0.005925925926
aligned_v1,vivos,whisper,small,zero_shot,,42,scope,overall,nh,p,0,675,0.000000000000
aligned_v1,vivos,whisper,small,zero_shot,,42,scope,overall,t,none,114,830,0.137349397590
aligned_v1,vivos,whisper,small,zero_shot,,42,scope,overall,t,n,7,830,0.008433734940
aligned_v1,vivos,whisper,small,zero_shot,,42,scope,overall,t,ng,3,830,0.003614457831
aligned_v1,vivos,whisper,small,zero_shot,,42,scope,overall,t,nh,0,830,0.000000000000
aligned_v1,vivos,whisper,small,zero_shot,,42,scope,overall,t,t,602,830,0.725301204819
aligned_v1,vivos,whisper,small,zero_shot,,42,scope,overall,t,c,82,830,0.098795180723
aligned_v1,vivos,whisper,small,zero_shot,,42,scope,overall,t,ch,16,830,0.019277108434
aligned_v1,vivos,whisper,small,zero_shot,,42,scope,overall,t,m,0,830,0.000000000000
aligned_v1,vivos,whisper,small,zero_shot,,42,scope,overall,t,p,6,830,0.007228915663
aligned_v1,vivos,whisper,small,zero_shot,,42,scope,overall,c,none,58,885,0.065536723164
aligned_v1,vivos,whisper,small,zero_shot,,42,scope,overall,c,n,3,885,0.003389830508
aligned_v1,vivos,whisper,small,zero_shot,,42,scope,overall,c,ng,8,885,0.009039548023
aligned_v1,vivos,whisper,small,zero_shot,,42,scope,overall,c,nh,2,885,0.002259887006
aligned_v1,vivos,whisper,small,zero_shot,,42,scope,overall,c,t,97,885,0.109604519774
aligned_v1,vivos,whisper,small,zero_shot,,42,scope,overall,c,c,692,885,0.781920903955
aligned_v1,vivos,whisper,small,zero_shot,,42,scope,overall,c,ch,8,885,0.009039548023
aligned_v1,vivos,whisper,small,zero_shot,,42,scope,overall,c,m,1,885,0.001129943503
aligned_v1,vivos,whisper,small,zero_shot,,42,scope,overall,c,p,16,885,0.018079096045
aligned_v1,vivos,whisper,small,zero_shot,,42,scope,overall,ch,none,5,180,0.027777777778
aligned_v1,vivos,whisper,small,zero_shot,,42,scope,overall,ch,n,3,180,0.016666666667
aligned_v1,vivos,whisper,small,zero_shot,,42,scope,overall,ch,ng,0,180,0.000000000000
aligned_v1,vivos,whisper,small,zero_shot,,42,scope,overall,ch,nh,1,180,0.005555555556
aligned_v1,vivos,whisper,small,zero_shot,,42,scope,overall,ch,t,25,180,0.138888888889
aligned_v1,vivos,whisper,small,zero_shot,,42,scope,overall,ch,c,8,180,0.044444444444
aligned_v1,vivos,whisper,small,zero_shot,,42,scope,overall,ch,ch,131,180,0.727777777778
aligned_v1,vivos,whisper,small,zero_shot,,42,scope,overall,ch,m,0,180,0.000000000000
aligned_v1,vivos,whisper,small,zero_shot,,42,scope,overall,ch,p,7,180,0.038888888889
aligned_v1,vivos,whisper,small,zero_shot,,42,scope,overall,m,none,121,840,0.144047619048
aligned_v1,vivos,whisper,small,zero_shot,,42,scope,overall,m,n,23,840,0.027380952381
aligned_v1,vivos,whisper,small,zero_shot,,42,scope,overall,m,ng,23,840,0.027380952381
aligned_v1,vivos,whisper,small,zero_shot,,42,scope,overall,m,nh,0,840,0.000000000000
aligned_v1,vivos,whisper,small,zero_shot,,42,scope,overall,m,t,2,840,0.002380952381
aligned_v1,vivos,whisper,small,zero_shot,,42,scope,overall,m,c,5,840,0.005952380952
aligned_v1,vivos,whisper,small,zero_shot,,42,scope,overall,m,ch,0,840,0.000000000000
aligned_v1,vivos,whisper,small,zero_shot,,42,scope,overall,m,m,664,840,0.790476190476
aligned_v1,vivos,whisper,small,zero_shot,,42,scope,overall,m,p,2,840,0.002380952381
aligned_v1,vivos,whisper,small,zero_shot,,42,scope,overall,p,none,11,285,0.038596491228
aligned_v1,vivos,whisper,small,zero_shot,,42,scope,overall,p,n,1,285,0.003508771930
aligned_v1,vivos,whisper,small,zero_shot,,42,scope,overall,p,ng,2,285,0.007017543860
aligned_v1,vivos,whisper,small,zero_shot,,42,scope,overall,p,nh,2,285,0.007017543860
aligned_v1,vivos,whisper,small,zero_shot,,42,scope,overall,p,t,9,285,0.031578947368
aligned_v1,vivos,whisper,small,zero_shot,,42,scope,overall,p,c,14,285,0.049122807018
aligned_v1,vivos,whisper,small,zero_shot,,42,scope,overall,p,ch,4,285,0.014035087719
aligned_v1,vivos,whisper,small,zero_shot,,42,scope,overall,p,m,0,285,0.000000000000
aligned_v1,vivos,whisper,small,zero_shot,,42,scope,overall,p,p,242,285,0.849122807018
aligned_v1,vivos,whisper,small,zero_shot,,42,scope,low_snr,none,none,0,131,0.000000000000
aligned_v1,vivos,whisper,small,zero_shot,,42,scope,low_snr,none,n,50,131,0.381679389313
aligned_v1,vivos,whisper,small,zero_shot,,42,scope,low_snr,none,ng,22,131,0.167938931298
aligned_v1,vivos,whisper,small,zero_shot,,42,scope,low_snr,none,nh,7,131,0.053435114504
aligned_v1,vivos,whisper,small,zero_shot,,42,scope,low_snr,none,t,18,131,0.137404580153
aligned_v1,vivos,whisper,small,zero_shot,,42,scope,low_snr,none,c,12,131,0.091603053435
aligned_v1,vivos,whisper,small,zero_shot,,42,scope,low_snr,none,ch,1,131,0.007633587786
aligned_v1,vivos,whisper,small,zero_shot,,42,scope,low_snr,none,m,15,131,0.114503816794
aligned_v1,vivos,whisper,small,zero_shot,,42,scope,low_snr,none,p,6,131,0.045801526718
aligned_v1,vivos,whisper,small,zero_shot,,42,scope,low_snr,n,none,88,764,0.115183246073
aligned_v1,vivos,whisper,small,zero_shot,,42,scope,low_snr,n,n,565,764,0.739528795812
aligned_v1,vivos,whisper,small,zero_shot,,42,scope,low_snr,n,ng,55,764,0.071989528796
aligned_v1,vivos,whisper,small,zero_shot,,42,scope,low_snr,n,nh,30,764,0.039267015707
aligned_v1,vivos,whisper,small,zero_shot,,42,scope,low_snr,n,t,6,764,0.007853403141
aligned_v1,vivos,whisper,small,zero_shot,,42,scope,low_snr,n,c,9,764,0.011780104712
aligned_v1,vivos,whisper,small,zero_shot,,42,scope,low_snr,n,ch,1,764,0.001308900524
aligned_v1,vivos,whisper,small,zero_shot,,42,scope,low_snr,n,m,9,764,0.011780104712
aligned_v1,vivos,whisper,small,zero_shot,,42,scope,low_snr,n,p,1,764,0.001308900524
aligned_v1,vivos,whisper,small,zero_shot,,42,scope,low_snr,ng,none,51,786,0.064885496183
aligned_v1,vivos,whisper,small,zero_shot,,42,scope,low_snr,ng,n,52,786,0.066157760814
aligned_v1,vivos,whisper,small,zero_shot,,42,scope,low_snr,ng,ng,648,786,0.824427480916
aligned_v1,vivos,whisper,small,zero_shot,,42,scope,low_snr,ng,nh,9,786,0.011450381679
aligned_v1,vivos,whisper,small,zero_shot,,42,scope,low_snr,ng,t,1,786,0.001272264631
aligned_v1,vivos,whisper,small,zero_shot,,42,scope,low_snr,ng,c,13,786,0.016539440204
aligned_v1,vivos,whisper,small,zero_shot,,42,scope,low_snr,ng,ch,0,786,0.000000000000
aligned_v1,vivos,whisper,small,zero_shot,,42,scope,low_snr,ng,m,10,786,0.012722646310
aligned_v1,vivos,whisper,small,zero_shot,,42,scope,low_snr,ng,p,2,786,0.002544529262
aligned_v1,vivos,whisper,small,zero_shot,,42,scope,low_snr,nh,none,10,270,0.037037037037
aligned_v1,vivos,whisper,small,zero_shot,,42,scope,low_snr,nh,n,27,270,0.100000000000
aligned_v1,vivos,whisper,small,zero_shot,,42,scope,low_snr,nh,ng,3,270,0.011111111111
aligned_v1,vivos,whisper,small,zero_shot,,42,scope,low_snr,nh,nh,222,270,0.822222222222
aligned_v1,vivos,whisper,small,zero_shot,,42,scope,low_snr,nh,t,2,270,0.007407407407
aligned_v1,vivos,whisper,small,zero_shot,,42,scope,low_snr,nh,c,2,270,0.007407407407
aligned_v1,vivos,whisper,small,zero_shot,,42,scope,low_snr,nh,ch,0,270,0.000000000000
aligned_v1,vivos,whisper,small,zero_shot,,42,scope,low_snr,nh,m,4,270,0.014814814815
aligned_v1,vivos,whisper,small,zero_shot,,42,scope,low_snr,nh,p,0,270,0.000000000000
aligned_v1,vivos,whisper,small,zero_shot,,42,scope,low_snr,t,none,55,332,0.165662650602
aligned_v1,vivos,whisper,small,zero_shot,,42,scope,low_snr,t,n,7,332,0.021084337349
aligned_v1,vivos,whisper,small,zero_shot,,42,scope,low_snr,t,ng,2,332,0.006024096386
aligned_v1,vivos,whisper,small,zero_shot,,42,scope,low_snr,t,nh,0,332,0.000000000000
aligned_v1,vivos,whisper,small,zero_shot,,42,scope,low_snr,t,t,225,332,0.677710843373
aligned_v1,vivos,whisper,small,zero_shot,,42,scope,low_snr,t,c,32,332,0.096385542169
aligned_v1,vivos,whisper,small,zero_shot,,42,scope,low_snr,t,ch,8,332,0.024096385542
aligned_v1,vivos,whisper,small,zero_shot,,42,scope,low_snr,t,m,0,332,0.000000000000
aligned_v1,vivos,whisper,small,zero_shot,,42,scope,low_snr,t,p,3,332,0.009036144578
aligned_v1,vivos,whisper,small,zero_shot,,42,scope,low_snr,c,none,31,354,0.087570621469
aligned_v1,vivos,whisper,small,zero_shot,,42,scope,low_snr,c,n,3,354,0.008474576271
aligned_v1,vivos,whisper,small,zero_shot,,42,scope,low_snr,c,ng,4,354,0.011299435028
aligned_v1,vivos,whisper,small,zero_shot,,42,scope,low_snr,c,nh,2,354,0.005649717514
aligned_v1,vivos,whisper,small,zero_shot,,42,scope,low_snr,c,t,39,354,0.110169491525
aligned_v1,vivos,whisper,small,zero_shot,,42,scope,low_snr,c,c,263,354,0.742937853107
aligned_v1,vivos,whisper,small,zero_shot,,42,scope,low_snr,c,ch,3,354,0.008474576271
aligned_v1,vivos,whisper,small,zero_shot,,42,scope,low_snr,c,m,1,354,0.002824858757
aligned_v1,vivos,whisper,small,zero_shot,,42,scope,low_snr,c,p,8,354,0.022598870056
aligned_v1,vivos,whisper,small,zero_shot,,42,scope,low_snr,ch,none,5,72,0.069444444444
aligned_v1,vivos,whisper,small,zero_shot,,42,scope,low_snr,ch,n,1,72,0.013888888889
aligned_v1,vivos,whisper,small,zero_shot,,42,scope,low_snr,ch,ng,0,72,0.000000000000
aligned_v1,vivos,whisper,small,zero_shot,,42,scope,low_snr,ch,nh,1,72,0.013888888889
aligned_v1,vivos,whisper,small,zero_shot,,42,scope,low_snr,ch,t,11,72,0.152777777778
aligned_v1,vivos,whisper,small,zero_shot,,42,scope,low_snr,ch,c,6,72,0.083333333333
aligned_v1,vivos,whisper,small,zero_shot,,42,scope,low_snr,ch,ch,44,72,0.611111111111
aligned_v1,vivos,whisper,small,zero_shot,,42,scope,low_snr,ch,m,0,72,0.000000000000
aligned_v1,vivos,whisper,small,zero_shot,,42,scope,low_snr,ch,p,4,72,0.055555555556
aligned_v1,vivos,whisper,small,zero_shot,,42,scope,low_snr,m,none,58,336,0.172619047619
aligned_v1,vivos,whisper,small,zero_shot,,42,scope,low_snr,m,n,16,336,0.047619047619
aligned_v1,vivos,whisper,small,zero_shot,,42,scope,low_snr,m,ng,11,336,0.032738095238
aligned_v1,vivos,whisper,small,zero_shot,,42,scope,low_snr,m,nh,0,336,0.000000000000
aligned_v1,vivos,whisper,small,zero_shot,,42,scope,low_snr,m,t,2,336,0.005952380952
aligned_v1,vivos,whisper,small,zero_shot,,42,scope,low_snr,m,c,4,336,0.011904761905
aligned_v1,vivos,whisper,small,zero_shot,,42,scope,low_snr,m,ch,0,336,0.000000000000
aligned_v1,vivos,whisper,small,zero_shot,,42,scope,low_snr,m,m,243,336,0.723214285714
aligned_v1,vivos,whisper,small,zero_shot,,42,scope,low_snr,m,p,2,336,0.005952380952
aligned_v1,vivos,whisper,small,zero_shot,,42,scope,low_snr,p,none,7,114,0.061403508772
aligned_v1,vivos,whisper,small,zero_shot,,42,scope,low_snr,p,n,1,114,0.008771929825
aligned_v1,vivos,whisper,small,zero_shot,,42,scope,low_snr,p,ng,2,114,0.017543859649
aligned_v1,vivos,whisper,small,zero_shot,,42,scope,low_snr,p,nh,2,114,0.017543859649
aligned_v1,vivos,whisper,small,zero_shot,,42,scope,low_snr,p,t,4,114,0.035087719298
aligned_v1,vivos,whisper,small,zero_shot,,42,scope,low_snr,p,c,6,114,0.052631578947
aligned_v1,vivos,whisper,small,zero_shot,,42,scope,low_snr,p,ch,1,114,0.008771929825
aligned_v1,vivos,whisper,small,zero_shot,,42,scope,low_snr,p,m,0,114,0.000000000000
aligned_v1,vivos,whisper,small,zero_shot,,42,scope,low_snr,p,p,91,114,0.798245614035
aligned_v1,vivos,whisper,tiny,zero_shot,,42,scope,overall,none,none,0,653,0.000000000000
aligned_v1,vivos,whisper,tiny,zero_shot,,42,scope,overall,none,n,137,653,0.209800918836
aligned_v1,vivos,whisper,tiny,zero_shot,,42,scope,overall,none,ng,139,653,0.212863705972
aligned_v1,vivos,whisper,tiny,zero_shot,,42,scope,overall,none,nh,77,653,0.117917304747
aligned_v1,vivos,whisper,tiny,zero_shot,,42,scope,overall,none,t,85,653,0.130168453292
aligned_v1,vivos,whisper,tiny,zero_shot,,42,scope,overall,none,c,87,653,0.133231240429
aligned_v1,vivos,whisper,tiny,zero_shot,,42,scope,overall,none,ch,14,653,0.021439509954
aligned_v1,vivos,whisper,tiny,zero_shot,,42,scope,overall,none,m,82,653,0.125574272588
aligned_v1,vivos,whisper,tiny,zero_shot,,42,scope,overall,none,p,32,653,0.049004594181
aligned_v1,vivos,whisper,tiny,zero_shot,,42,scope,overall,n,none,294,1910,0.153926701571
aligned_v1,vivos,whisper,tiny,zero_shot,,42,scope,overall,n,n,1020,1910,0.534031413613
aligned_v1,vivos,whisper,tiny,zero_shot,,42,scope,overall,n,ng,310,1910,0.162303664921
aligned_v1,vivos,whisper,tiny,zero_shot,,42,scope,overall,n,nh,191,1910,0.100000000000
aligned_v1,vivos,whisper,tiny,zero_shot,,42,scope,overall,n,t,30,1910,0.015706806283
aligned_v1,vivos,whisper,tiny,zero_shot,,42,scope,overall,n,c,15,1910,0.007853403141
aligned_v1,vivos,whisper,tiny,zero_shot,,42,scope,overall,n,ch,0,1910,0.000000000000
aligned_v1,vivos,whisper,tiny,zero_shot,,42,scope,overall,n,m,48,1910,0.025130890052
aligned_v1,vivos,whisper,tiny,zero_shot,,42,scope,overall,n,p,2,1910,0.001047120419
aligned_v1,vivos,whisper,tiny,zero_shot,,42,scope,overall,ng,none,248,1965,0.126208651399
aligned_v1,vivos,whisper,tiny,zero_shot,,42,scope,overall,ng,n,140,1965,0.071246819338
aligned_v1,vivos,whisper,tiny,zero_shot,,42,scope,overall,ng,ng,1370,1965,0.697201017812
aligned_v1,vivos,whisper,tiny,zero_shot,,42,scope,overall,ng,nh,76,1965,0.038676844784
aligned_v1,vivos,whisper,tiny,zero_shot,,42,scope,overall,ng,t,17,1965,0.008651399491
aligned_v1,vivos,whisper,tiny,zero_shot,,42,scope,overall,ng,c,20,1965,0.010178117048
aligned_v1,vivos,whisper,tiny,zero_shot,,42,scope,overall,ng,ch,6,1965,0.003053435115
aligned_v1,vivos,whisper,tiny,zero_shot,,42,scope,overall,ng,m,82,1965,0.041730279898
aligned_v1,vivos,whisper,tiny,zero_shot,,42,scope,overall,ng,p,6,1965,0.003053435115
aligned_v1,vivos,whisper,tiny,zero_shot,,42,scope,overall,nh,none,68,675,0.100740740741
aligned_v1,vivos,whisper,tiny,zero_shot,,42,scope,overall,nh,n,151,675,0.223703703704
aligned_v1,vivos,whisper,tiny,zero_shot,,42,scope,overall,nh,ng,30,675,0.044444444444
aligned_v1,vivos,whisper,tiny,zero_shot,,42,scope,overall,nh,nh,399,675,0.591111111111
aligned_v1,vivos,whisper,tiny,zero_shot,,42,scope,overall,nh,t,7,675,0.010370370370
aligned_v1,vivos,whisper,tiny,zero_shot,,42,scope,overall,nh,c,2,675,0.002962962963
aligned_v1,vivos,whisper,tiny,zero_shot,,42,scope,overall,nh,ch,2,675,0.002962962963
aligned_v1,vivos,whisper,tiny,zero_shot,,42,scope,overall,nh,m,16,675,0.023703703704
aligned_v1,vivos,whisper,tiny,zero_shot,,42,scope,overall,nh,p,0,675,0.000000000000
aligned_v1,vivos,whisper,tiny,zero_shot,,42,scope,overall,t,none,173,830,0.208433734940
aligned_v1,vivos,whisper,tiny,zero_shot,,42,scope,overall,t,n,22,830,0.026506024096
aligned_v1,vivos,whisper,tiny,zero_shot,,42,scope,overall,t,ng,32,830,0.038554216867
aligned_v1,vivos,whisper,tiny,zero_shot,,42,scope,overall,t,nh,7,830,0.008433734940
aligned_v1,vivos,whisper,tiny,zero_shot,,42,scope,overall,t,t,453,830,0.545783132530
aligned_v1,vivos,whisper,tiny,zero_shot,,42,scope,overall,t,c,92,830,0.110843373494
aligned_v1,vivos,whisper,tiny,zero_shot,,42,scope,overall,t,ch,23,830,0.027710843373
aligned_v1,vivos,whisper,tiny,zero_shot,,42,scope,overall,t,m,3,830,0.003614457831
aligned_v1,vivos,whisper,tiny,zero_shot,,42,scope,overall,t,p,25,830,0.030120481928
aligned_v1,vivos,whisper,tiny,zero_shot,,42,scope,overall,c,none,165,885,0.186440677966
aligned_v1,vivos,whisper,tiny,zero_shot,,42,scope,overall,c,n,16,885,0.018079096045
aligned_v1,vivos,whisper,tiny,zero_shot,,42,scope,overall,c,ng,24,885,0.027118644068
aligned_v1,vivos,whisper,tiny,zero_shot,,42,scope,overall,c,nh,6,885,0.006779661017
aligned_v1,vivos,whisper,tiny,zero_shot,,42,scope,overall,c,t,105,885,0.118644067797
aligned_v1,vivos,whisper,tiny,zero_shot,,42,scope,overall,c,c,502,885,0.567231638418
aligned_v1,vivos,whisper,tiny,zero_shot,,42,scope,overall,c,ch,29,885,0.032768361582
aligned_v1,vivos,whisper,tiny,zero_shot,,42,scope,overall,c,m,6,885,0.006779661017
aligned_v1,vivos,whisper,tiny,zero_shot,,42,scope,overall,c,p,32,885,0.036158192090
aligned_v1,vivos,whisper,tiny,zero_shot,,42,scope,overall,ch,none,21,180,0.116666666667
aligned_v1,vivos,whisper,tiny,zero_shot,,42,scope,overall,ch,n,10,180,0.055555555556
aligned_v1,vivos,whisper,tiny,zero_shot,,42,scope,overall,ch,ng,5,180,0.027777777778
aligned_v1,vivos,whisper,tiny,zero_shot,,42,scope,overall,ch,nh,2,180,0.011111111111
aligned_v1,vivos,whisper,tiny,zero_shot,,42,scope,overall,ch,t,57,180,0.316666666667
aligned_v1,vivos,whisper,tiny,zero_shot,,42,scope,overall,ch,c,15,180,0.083333333333
aligned_v1,vivos,whisper,tiny,zero_shot,,42,scope,overall,ch,ch,47,180,0.261111111111
aligned_v1,vivos,whisper,tiny,zero_shot,,42,scope,overall,ch,m,0,180,0.000000000000
aligned_v1,vivos,whisper,tiny,zero_shot,,42,scope,overall,ch,p,23,180,0.127777777778
aligned_v1,vivos,whisper,tiny,zero_shot,,42,scope,overall,m,none,105,840,0.125000000000
aligned_v1,vivos,whisper,tiny,zero_shot,,42,scope,overall,m,n,37,840,0.044047619048
aligned_v1,vivos,whisper,tiny,zero_shot,,42,scope,overall,m,ng,72,840,0.085714285714
aligned_v1,vivos,whisper,tiny,zero_shot,,42,scope,overall,m,nh,23,840,0.027380952381
aligned_v1,vivos,whisper,tiny,zero_shot,,42,scope,overall,m,t,5,840,0.005952380952
aligned_v1,vivos,whisper,tiny,zero_shot,,42,scope,overall,m,c,5,840,0.005952380952
aligned_v1,vivos,whisper,tiny,zero_shot,,42,scope,overall,m,ch,0,840,0.000000000000
aligned_v1,vivos,whisper,tiny,zero_shot,,42,scope,overall,m,m,581,840,0.691666666667
aligned_v1,vivos,whisper,tiny,zero_shot,,42,scope,overall,m,p,12,840,0.014285714286
aligned_v1,vivos,whisper,tiny,zero_shot,,42,scope,overall,p,none,38,285,0.133333333333
aligned_v1,vivos,whisper,tiny,zero_shot,,42,scope,overall,p,n,0,285,0.000000000000
aligned_v1,vivos,whisper,tiny,zero_shot,,42,scope,overall,p,ng,3,285,0.010526315789
aligned_v1,vivos,whisper,tiny,zero_shot,,42,scope,overall,p,nh,4,285,0.014035087719
aligned_v1,vivos,whisper,tiny,zero_shot,,42,scope,overall,p,t,14,285,0.049122807018
aligned_v1,vivos,whisper,tiny,zero_shot,,42,scope,overall,p,c,26,285,0.091228070175
aligned_v1,vivos,whisper,tiny,zero_shot,,42,scope,overall,p,ch,0,285,0.000000000000
aligned_v1,vivos,whisper,tiny,zero_shot,,42,scope,overall,p,m,5,285,0.017543859649
aligned_v1,vivos,whisper,tiny,zero_shot,,42,scope,overall,p,p,195,285,0.684210526316
aligned_v1,vivos,whisper,tiny,zero_shot,,42,scope,low_snr,none,none,0,402,0.000000000000
aligned_v1,vivos,whisper,tiny,zero_shot,,42,scope,low_snr,none,n,77,402,0.191542288557
aligned_v1,vivos,whisper,tiny,zero_shot,,42,scope,low_snr,none,ng,101,402,0.251243781095
aligned_v1,vivos,whisper,tiny,zero_shot,,42,scope,low_snr,none,nh,54,402,0.134328358209
aligned_v1,vivos,whisper,tiny,zero_shot,,42,scope,low_snr,none,t,46,402,0.114427860697
aligned_v1,vivos,whisper,tiny,zero_shot,,42,scope,low_snr,none,c,43,402,0.106965174129
aligned_v1,vivos,whisper,tiny,zero_shot,,42,scope,low_snr,none,ch,10,402,0.024875621891
aligned_v1,vivos,whisper,tiny,zero_shot,,42,scope,low_snr,none,m,48,402,0.119402985075
aligned_v1,vivos,whisper,tiny,zero_shot,,42,scope,low_snr,none,p,23,402,0.057213930348
aligned_v1,vivos,whisper,tiny,zero_shot,,42,scope,low_snr,n,none,186,764,0.243455497382
aligned_v1,vivos,whisper,tiny,zero_shot,,42,scope,low_snr,n,n,338,764,0.442408376963
aligned_v1,vivos,whisper,tiny,zero_shot,,42,scope,low_snr,n,ng,111,764,0.145287958115
aligned_v1,vivos,whisper,tiny,zero_shot,,42,scope,low_snr,n,nh,70,764,0.091623036649
aligned_v1,vivos,whisper,tiny,zero_shot,,42,scope,low_snr,n,t,24,764,0.031413612565
aligned_v1,vivos,whisper,tiny,zero_shot,,42,scope,low_snr,n,c,12,764,0.015706806283
aligned_v1,vivos,whisper,tiny,zero_shot,,42,scope,low_snr,n,ch,0,764,0.000000000000
aligned_v1,vivos,whisper,tiny,zero_shot,,42,scope,low_snr,n,m,22,764,0.028795811518
aligned_v1,vivos,whisper,tiny,zero_shot,,42,scope,low_snr,n,p,1,764,0.001308900524
aligned_v1,vivos,whisper,tiny,zero_shot,,42,scope,low_snr,ng,none,168,786,0.213740458015
aligned_v1,vivos,whisper,tiny,zero_shot,,42,scope,low_snr,ng,n,56,786,0.071246819338
aligned_v1,vivos,whisper,tiny,zero_shot,,42,scope,low_snr,ng,ng,456,786,0.580152671756
aligned_v1,vivos,whisper,tiny,zero_shot,,42,scope,low_snr,ng,nh,36,786,0.045801526718
aligned_v1,vivos,whisper,tiny,zero_shot,,42,scope,low_snr,ng,t,10,786,0.012722646310
aligned_v1,vivos,whisper,tiny,zero_shot,,42,scope,low_snr,ng,c,14,786,0.017811704835
aligned_v1,vivos,whisper,tiny,zero_shot,,42,scope,low_snr,ng,ch,6,786,0.007633587786
aligned_v1,vivos,whisper,tiny,zero_shot,,42,scope,low_snr,ng,m,36,786,0.045801526718
aligned_v1,vivos,whisper,tiny,zero_shot,,42,scope,low_snr,ng,p,4,786,0.005089058524
aligned_v1,vivos,whisper,tiny,zero_shot,,42,scope,low_snr,nh,none,49,270,0.181481481481
aligned_v1,vivos,whisper,tiny,zero_shot,,42,scope,low_snr,nh,n,51,270,0.188888888889
aligned_v1,vivos,whisper,tiny,zero_shot,,42,scope,low_snr,nh,ng,15,270,0.055555555556
aligned_v1,vivos,whisper,tiny,zero_shot,,42,scope,low_snr,nh,nh,132,270,0.488888888889
aligned_v1,vivos,whisper,tiny,zero_shot,,42,scope,low_snr,nh,t,6,270,0.022222222222
aligned_v1,vivos,whisper,tiny,zero_shot,,42,scope,low_snr,nh,c,2,270,0.007407407407
aligned_v1,vivos,whisper,tiny,zero_shot,,42,scope,low_snr,nh,ch,2,270,0.007407407407
aligned_v1,vivos,whisper,tiny,zero_shot,,42,scope,low_snr,nh,m,13,270,0.048148148148
aligned_v1,vivos,whisper,tiny,zero_shot,,42,scope,low_snr,nh,p,0,270,0.000000000000
aligned_v1,vivos,whisper,tiny,zero_shot,,42,scope,low_snr,t,none,88,332,0.265060240964
aligned_v1,vivos,whisper,tiny,zero_shot,,42,scope,low_snr,t,n,14,332,0.042168674699
aligned_v1,vivos,whisper,tiny,zero_shot,,42,scope,low_snr,t,ng,21,332,0.063253012048
aligned_v1,vivos,whisper,tiny,zero_shot,,42,scope,low_snr,t,nh,6,332,0.018072289157
aligned_v1,vivos,whisper,tiny,zero_shot,,42,scope,low_snr,t,t,153,332,0.460843373494
aligned_v1,vivos,whisper,tiny,zero_shot,,42,scope,low_snr,t,c,25,332,0.075301204819
aligned_v1,vivos,whisper,tiny,zero_shot,,42,scope,low_snr,t,ch,10,332,0.030120481928
aligned_v1,vivos,whisper,tiny,zero_shot,,42,scope,low_snr,t,m,3,332,0.009036144578
aligned_v1,vivos,whisper,tiny,zero_shot,,42,scope,low_snr,t,p,12,332,0.036144578313
aligned_v1,vivos,whisper,tiny,zero_shot,,42,scope,low_snr,c,none,103,354,0.290960451977
aligned_v1,vivos,whisper,tiny,zero_shot,,42,scope,low_snr,c,n,8,354,0.022598870056
aligned_v1,vivos,whisper,tiny,zero_shot,,42,scope,low_snr,c,ng,13,354,0.036723163842
aligned_v1,vivos,whisper,tiny,zero_shot,,42,scope,low_snr,c,nh,5,354,0.014124293785
aligned_v1,vivos,whisper,tiny,zero_shot,,42,scope,low_snr,c,t,39,354,0.110169491525
aligned_v1,vivos,whisper,tiny,zero_shot,,42,scope,low_snr,c,c,160,354,0.451977401130
aligned_v1,vivos,whisper,tiny,zero_shot,,42,scope,low_snr,c,ch,10,354,0.028248587571
aligned_v1,vivos,whisper,tiny,zero_shot,,42,scope,low_snr,c,m,4,354,0.011299435028
aligned_v1,vivos,whisper,tiny,zero_shot,,42,scope,low_snr,c,p,12,354,0.033898305085
aligned_v1,vivos,whisper,tiny,zero_shot,,42,scope,low_snr,ch,none,15,72,0.208333333333
aligned_v1,vivos,whisper,tiny,zero_shot,,42,scope,low_snr,ch,n,4,72,0.055555555556
aligned_v1,vivos,whisper,tiny,zero_shot,,42,scope,low_snr,ch,ng,5,72,0.069444444444
aligned_v1,vivos,whisper,tiny,zero_shot,,42,scope,low_snr,ch,nh,2,72,0.027777777778
aligned_v1,vivos,whisper,tiny,zero_shot,,42,scope,low_snr,ch,t,20,72,0.277777777778
aligned_v1,vivos,whisper,tiny,zero_shot,,42,scope,low_snr,ch,c,4,72,0.055555555556
aligned_v1,vivos,whisper,tiny,zero_shot,,42,scope,low_snr,ch,ch,14,72,0.194444444444
aligned_v1,vivos,whisper,tiny,zero_shot,,42,scope,low_snr,ch,m,0,72,0.000000000000
aligned_v1,vivos,whisper,tiny,zero_shot,,42,scope,low_snr,ch,p,8,72,0.111111111111
aligned_v1,vivos,whisper,tiny,zero_shot,,42,scope,low_snr,m,none,64,336,0.190476190476
aligned_v1,vivos,whisper,tiny,zero_shot,,42,scope,low_snr,m,n,13,336,0.038690476190
aligned_v1,vivos,whisper,tiny,zero_shot,,42,scope,low_snr,m,ng,32,336,0.095238095238
aligned_v1,vivos,whisper,tiny,zero_shot,,42,scope,low_snr,m,nh,12,336,0.035714285714
aligned_v1,vivos,whisper,tiny,zero_shot,,42,scope,low_snr,m,t,4,336,0.011904761905
aligned_v1,vivos,whisper,tiny,zero_shot,,42,scope,low_snr,m,c,5,336,0.014880952381
aligned_v1,vivos,whisper,tiny,zero_shot,,42,scope,low_snr,m,ch,0,336,0.000000000000
aligned_v1,vivos,whisper,tiny,zero_shot,,42,scope,low_snr,m,m,197,336,0.586309523810
aligned_v1,vivos,whisper,tiny,zero_shot,,42,scope,low_snr,m,p,9,336,0.026785714286
aligned_v1,vivos,whisper,tiny,zero_shot,,42,scope,low_snr,p,none,24,114,0.210526315789
aligned_v1,vivos,whisper,tiny,zero_shot,,42,scope,low_snr,p,n,0,114,0.000000000000
aligned_v1,vivos,whisper,tiny,zero_shot,,42,scope,low_snr,p,ng,2,114,0.017543859649
aligned_v1,vivos,whisper,tiny,zero_shot,,42,scope,low_snr,p,nh,4,114,0.035087719298
aligned_v1,vivos,whisper,tiny,zero_shot,,42,scope,low_snr,p,t,5,114,0.043859649123
aligned_v1,vivos,whisper,tiny,zero_shot,,42,scope,low_snr,p,c,12,114,0.105263157895
aligned_v1,vivos,whisper,tiny,zero_shot,,42,scope,low_snr,p,ch,0,114,0.000000000000
aligned_v1,vivos,whisper,tiny,zero_shot,,42,scope,low_snr,p,m,3,114,0.026315789474
aligned_v1,vivos,whisper,tiny,zero_shot,,42,scope,low_snr,p,p,64,114,0.561403508772
