utt_id,dataset,model,model_size,snr,noise_type,ref,hyp
VIVOSDEV16_266_clean,vivos,whisper,base,clean,clean,PHÍA DƯỚI VÀ XUNG QUANH KỆ LÀ NƯỚC BẨN LÊNH LÁNG CHẢY QUA, phi dưới và sung quan kể là nước bỏ nghe lên lãnh chảy qua.
VIVOSDEV16_266_snr20,vivos,whisper,base,20,speech,PHÍA DƯỚI VÀ XUNG QUANH KỆ LÀ NƯỚC BẨN LÊNH LÁNG CHẢY QUA, phi dưới và sung quan kể là nước bỏ lên lãnh chảy qua.
VIVOSDEV16_266_snr10,vivos,whisper,base,10,noise,PHÍA DƯỚI VÀ XUNG QUANH KỆ LÀ NƯỚC BẨN LÊNH LÁNG CHẢY QUA, phi dưới và sung quan kể là nước bỏng lên lãnh chảy qua.
VIVOSDEV16_266_snr5,vivos,whisper,base,5,noise,PHÍA DƯỚI VÀ XUNG QUANH KỆ LÀ NƯỚC BẨN LÊNH LÁNG CHẢY QUA, Tuy dưới và xung quanh gở là nước bản lên lãnh chảy qua.
VIVOSDEV16_266_snr0,vivos,whisper,base,0,music,PHÍA DƯỚI VÀ XUNG QUANH KỆ LÀ NƯỚC BẨN LÊNH LÁNG CHẢY QUA, Ví dưới và xung quanh kể là nước bản lên lái chảy qua
VIVOSDEV12_076_clean,vivos,whisper,base,clean,clean,TỚ ĐI KIẾM NHÀ TRỌ RỒI NHƯNG KHÓ QUÁ, Tớ đi kiếm nhà trở rồi nhưng khó quá.
VIVOSDEV12_076_snr20,vivos,whisper,base,20,noise,TỚ ĐI KIẾM NHÀ TRỌ RỒI NHƯNG KHÓ QUÁ, Tớ đi kiếm nhà trò rồi nhưng khó quá.
VIVOSDEV12_076_snr10,vivos,whisper,base,10,noise,TỚ ĐI KIẾM NHÀ TRỌ RỒI NHƯNG KHÓ QUÁ, Tớ đi kiếm nhà trò rồ nhưng khó quá
VIVOSDEV12_076_snr5,vivos,whisper,base,5,speech,TỚ ĐI KIẾM NHÀ TRỌ RỒI NHƯNG KHÓ QUÁ," Đôi đi kiếm nhé trò rõ, nhẹn hòa,"
VIVOSDEV12_076_snr0,vivos,whisper,base,0,speech,TỚ ĐI KIẾM NHÀ TRỌ RỒI NHƯNG KHÓ QUÁ, Tỡ đi kiếm nèm trò rộ nhưng khó lẽ.
VIVOSDEV16_196_clean,vivos,whisper,base,clean,clean,SỰ GIÚP ĐỠ CỦA BÀ LÀ VÔ CÙNG QUÍ BÁU CHO CHÚNG TÔI, sử dụp đỡ của bà là vụ cùng quý báo cho chúng tôi.
VIVOSDEV16_196_snr20,vivos,whisper,base,20,music,SỰ GIÚP ĐỠ CỦA BÀ LÀ VÔ CÙNG QUÍ BÁU CHO CHÚNG TÔI, sử dụp đỡ của bà là vụ cùng quý báo cho chúng tôi.
VIVOSDEV16_196_snr10,vivos,whisper,base,10,speech,SỰ GIÚP ĐỠ CỦA BÀ LÀ VÔ CÙNG QUÍ BÁU CHO CHÚNG TÔI, Sự giúp đỡ của bà là vụ cùng quý báo cho chúng tôi.
VIVOSDEV16_196_snr5,vivos,whisper,base,5,noise,SỰ GIÚP ĐỠ CỦA BÀ LÀ VÔ CÙNG QUÍ BÁU CHO CHÚNG TÔI, Thử giúp đỡ của bà là vô cùng quý báo cho chúng tôi.
VIVOSDEV16_196_snr0,vivos,whisper,base,0,noise,SỰ GIÚP ĐỠ CỦA BÀ LÀ VÔ CÙNG QUÍ BÁU CHO CHÚNG TÔI, Sự giúp đỡ của bà là vô cùng quý báo cho chúng tôi.
VIVOSDEV02_R154_clean,vivos,whisper,base,clean,clean,BỌN BUÔN DỰ ÁN CHẠY CHỌT BÀY RA CÁC DỰ ÁN ĐỂ KIẾM CHÁC, Vọc vô dự án chỉ trọc bày ra các dự án đẹp kiếm chét.
VIVOSDEV02_R154_snr20,vivos,whisper,base,20,noise,BỌN BUÔN DỰ ÁN CHẠY CHỌT BÀY RA CÁC DỰ ÁN ĐỂ KIẾM CHÁC, Vọc vô dự án chỉ trọc bày ra các dự án đẹp kiếm chết.
VIVOSDEV02_R154_snr10,vivos,whisper,base,10,noise,BỌN BUÔN DỰ ÁN CHẠY CHỌT BÀY RA CÁC DỰ ÁN ĐỂ KIẾM CHÁC, Bọn vô dự án chạy trọc bày ra cái dự án đẹp kiếm chạy
VIVOSDEV02_R154_snr5,vivos,whisper,base,5,music,BỌN BUÔN DỰ ÁN CHẠY CHỌT BÀY RA CÁC DỰ ÁN ĐỂ KIẾM CHÁC, Bọc vô dự át chế trọc vầy ra cái dựng át để kinh chế.
VIVOSDEV02_R154_snr0,vivos,whisper,base,0,music,BỌN BUÔN DỰ ÁN CHẠY CHỌT BÀY RA CÁC DỰ ÁN ĐỂ KIẾM CHÁC, Vọc vô dự án chỉ trọc bày ra cái dự án bẹ kìm chết.
VIVOSDEV12_197_clean,vivos,whisper,base,clean,clean,SAU ĐÓ BÀ HÀNG XÓM TÍNH TÌNH XỞI LỞI CHẠY QUA KỂ VỚI TÔI," Xào đó bà hàng xóm tính tình xoài lỗi, chạy qua kể với tôi."
VIVOSDEV12_197_snr20,vivos,whisper,base,20,speech,SAU ĐÓ BÀ HÀNG XÓM TÍNH TÌNH XỞI LỞI CHẠY QUA KỂ VỚI TÔI," Sau đó bà hàng xóm tính tình xoay lỗi, chạy qua kể với tôi."
VIVOSDEV12_197_snr10,vivos,whisper,base,10,music,SAU ĐÓ BÀ HÀNG XÓM TÍNH TÌNH XỞI LỞI CHẠY QUA KỂ VỚI TÔI," Xau đó bài hàng xóng tính tình xoay lỗi, chạy qua kể mới tôi."
VIVOSDEV12_197_snr5,vivos,whisper,base,5,music,SAU ĐÓ BÀ HÀNG XÓM TÍNH TÌNH XỞI LỞI CHẠY QUA KỂ VỚI TÔI," Sau đó bài hàng xong xin tình xoay lỗi, giày qua giày với tòi."
VIVOSDEV12_197_snr0,vivos,whisper,base,0,noise,SAU ĐÓ BÀ HÀNG XÓM TÍNH TÌNH XỞI LỞI CHẠY QUA KỂ VỚI TÔI," Xào đó bài hàng tổng tinh tình xoay lời, gãy vô với tôi."
VIVOSDEV06_040_clean,vivos,whisper,base,clean,clean,VÀ HÍT VÀO MŨI LÀM CHẤT NÀY LOÃNG RA, và hết vào mỗi làm chất này lãng ra.
VIVOSDEV06_040_snr20,vivos,whisper,base,20,noise,VÀ HÍT VÀO MŨI LÀM CHẤT NÀY LOÃNG RA, và hết vào mỗi lần chất này lãng ra.
VIVOSDEV06_040_snr10,vivos,whisper,base,10,noise,VÀ HÍT VÀO MŨI LÀM CHẤT NÀY LOÃNG RA, Bà hết vào mỗi làm chất này lãng ra.
VIVOSDEV06_040_snr5,vivos,whisper,base,5,speech,VÀ HÍT VÀO MŨI LÀM CHẤT NÀY LOÃNG RA, Và hất vào mỗi làm chất này lãng ra.
VIVOSDEV06_040_snr0,vivos,whisper,base,0,noise,VÀ HÍT VÀO MŨI LÀM CHẤT NÀY LOÃNG RA, Và hết vào mỗi làm chất này lãng đàn.
VIVOSDEV10_239_clean,vivos,whisper,base,clean,clean,TÁM MƯƠI BỐN TÁM MƯƠI LĂM," 84, 80 năm."
VIVOSDEV10_239_snr20,vivos,whisper,base,20,noise,TÁM MƯƠI BỐN TÁM MƯƠI LĂM," 84, 80 năm"
VIVOSDEV10_239_snr10,vivos,whisper,base,10,speech,TÁM MƯƠI BỐN TÁM MƯƠI LĂM," 84, 80 năm"
VIVOSDEV10_239_snr5,vivos,whisper,base,5,noise,TÁM MƯƠI BỐN TÁM MƯƠI LĂM," 84, 80 năm."
VIVOSDEV10_239_snr0,vivos,whisper,base,0,music,TÁM MƯƠI BỐN TÁM MƯƠI LĂM," 84, 80 năm"
VIVOSDEV15_194_clean,vivos,whisper,base,clean,clean,NẰM TRÊN GIƯỜNG GẦN CẢ THÁNG BẤT GIÁC TÔI CẢM THẤY MÌNH THẬT CÔ ĐỘC, Nằm trên dường gần cả tháng bắt chờ tôi cảm thấy mình thật cô đậm.
VIVOSDEV15_194_snr20,vivos,whisper,base,20,noise,NẰM TRÊN GIƯỜNG GẦN CẢ THÁNG BẤT GIÁC TÔI CẢM THẤY MÌNH THẬT CÔ ĐỘC, Nằm trên dường gần cả tháng bắt chờ tôi cảm thấy mình thật cô đọc.
VIVOSDEV15_194_snr10,vivos,whisper,base,10,noise,NẰM TRÊN GIƯỜNG GẦN CẢ THÁNG BẤT GIÁC TÔI CẢM THẤY MÌNH THẬT CÔ ĐỘC, Năm trên dường gần cả tháng bắt chờ tôi cảm thấy mình thật cô đậm.
VIVOSDEV15_194_snr5,vivos,whisper,base,5,noise,NẰM TRÊN GIƯỜNG GẦN CẢ THÁNG BẤT GIÁC TÔI CẢM THẤY MÌNH THẬT CÔ ĐỘC, Nằm trên dường gần cả tháng bắt trở tôi cảm thấy mình thật câu đậm.
VIVOSDEV15_194_snr0,vivos,whisper,base,0,noise,NẰM TRÊN GIƯỜNG GẦN CẢ THÁNG BẤT GIÁC TÔI CẢM THẤY MÌNH THẬT CÔ ĐỘC, Năm trên dường gần cả tháng bắt chờ tôi cảm thấy mình thật cô đọc.
VIVOSDEV18_051_clean,vivos,whisper,base,clean,clean,NHƯNG NHIỀU DU KHÁCH THẤY THẤT VỌNG KHI LÊN ĐẾN NƠI, nhưng nhiều dù khách vẫn thấy tất phòng khi lên đến nơi.
VIVOSDEV18_051_snr20,vivos,whisper,base,20,noise,NHƯNG NHIỀU DU KHÁCH THẤY THẤT VỌNG KHI LÊN ĐẾN NƠI, nhưng nhiều dù khách vẫn thấy tất phòng khi lên đến nơi.
VIVOSDEV18_051_snr10,vivos,whisper,base,10,noise,NHƯNG NHIỀU DU KHÁCH THẤY THẤT VỌNG KHI LÊN ĐẾN NƠI, Nhưng nhờ vua khách bận thấy tất phòng khi lên đến nơi.
VIVOSDEV18_051_snr5,vivos,whisper,base,5,speech,NHƯNG NHIỀU DU KHÁCH THẤY THẤT VỌNG KHI LÊN ĐẾN NƠI, Đừng nhớ đưa khá vận thấy tất cả pháp kỳ lên đin nơi.
VIVOSDEV18_051_snr0,vivos,whisper,base,0,speech,NHƯNG NHIỀU DU KHÁCH THẤY THẤT VỌNG KHI LÊN ĐẾN NƠI, Cái này không có thể nói được.
VIVOSDEV16_120_clean,vivos,whisper,base,clean,clean,SẼ LÀM CHÚNG TA NGỦ KHÔNG ĐỦ KHÔNG ĐÚNG QUY LUẬT, sẽ làm chúng ta ngủ không đủ không đúng quay lục
VIVOSDEV16_120_snr20,vivos,whisper,base,20,noise,SẼ LÀM CHÚNG TA NGỦ KHÔNG ĐỦ KHÔNG ĐÚNG QUY LUẬT, sẽ làm chúng ta ngủ không đủ không đúng nguyên lột
VIVOSDEV16_120_snr10,vivos,whisper,base,10,music,SẼ LÀM CHÚNG TA NGỦ KHÔNG ĐỦ KHÔNG ĐÚNG QUY LUẬT, sẽ làm chúng ta ngủ không đủ không đúng quên lục
VIVOSDEV16_120_snr5,vivos,whisper,base,5,noise,SẼ LÀM CHÚNG TA NGỦ KHÔNG ĐỦ KHÔNG ĐÚNG QUY LUẬT, sẽ làm chúng ta ngủ không đủ không đúng quên lục
VIVOSDEV16_120_snr0,vivos,whisper,base,0,noise,SẼ LÀM CHÚNG TA NGỦ KHÔNG ĐỦ KHÔNG ĐÚNG QUY LUẬT, để làm chúng ta ngủ không đủ không đúng quên luật
VIVOSDEV16_182_clean,vivos,whisper,base,clean,clean,NHỮNG NGƯỜI CÔ LẬP MÌNH CÓ THỂ GẶP PHẢI CHỨNG TRẦM CẢM HOẶC LO LẮNG, Những người cô lặp mình có thể gặp phải chứng trăm cảm hoặc lo lắng.
VIVOSDEV16_182_snr20,vivos,whisper,base,20,music,NHỮNG NGƯỜI CÔ LẬP MÌNH CÓ THỂ GẶP PHẢI CHỨNG TRẦM CẢM HOẶC LO LẮNG, Những người cô lặp mình có thể gặp phải chứng trăm cảm hoặc lo lắng.
VIVOSDEV16_182_snr10,vivos,whisper,base,10,noise,NHỮNG NGƯỜI CÔ LẬP MÌNH CÓ THỂ GẶP PHẢI CHỨNG TRẦM CẢM HOẶC LO LẮNG, Những người cô lặp mình có thể gặp phải chứng trăm cảm hoặc lo lắng.
VIVOSDEV16_182_snr5,vivos,whisper,base,5,speech,NHỮNG NGƯỜI CÔ LẬP MÌNH CÓ THỂ GẶP PHẢI CHỨNG TRẦM CẢM HOẶC LO LẮNG, Những người có lạp mình sẽ thấy nhật hại chính cầm cảm hoặc lo lắng.
VIVOSDEV16_182_snr0,vivos,whisper,base,0,speech,NHỮNG NGƯỜI CÔ LẬP MÌNH CÓ THỂ GẶP PHẢI CHỨNG TRẦM CẢM HOẶC LO LẮNG," Những người có lắm, vừa có thể gặp lại chứng trăm cao hoặc là lắm."
VIVOSDEV11_038_clean,vivos,whisper,base,clean,clean,MÀ PHẢI CHUYỂN QUA HÌNH THỨC GIAO DỊCH, mà phải chuyển qua hình thức yêu dịch
VIVOSDEV11_038_snr20,vivos,whisper,base,20,noise,MÀ PHẢI CHUYỂN QUA HÌNH THỨC GIAO DỊCH, mà phải chuyển qua hình thức giao dịch
VIVOSDEV11_038_snr10,vivos,whisper,base,10,noise,MÀ PHẢI CHUYỂN QUA HÌNH THỨC GIAO DỊCH, mà phải chuyển qua hình thức yêu dịch
VIVOSDEV11_038_snr5,vivos,whisper,base,5,music,MÀ PHẢI CHUYỂN QUA HÌNH THỨC GIAO DỊCH, mà phải chuyển qua hình thức vào dịch
VIVOSDEV11_038_snr0,vivos,whisper,base,0,noise,MÀ PHẢI CHUYỂN QUA HÌNH THỨC GIAO DỊCH, mà phải tiến qua hình thức yêu dịch
VIVOSDEV07_030_clean,vivos,whisper,base,clean,clean,NHỮNG NHƯỢC ĐIỂM CỦA MÌNH, Những nhật điểm của mình.
VIVOSDEV07_030_snr20,vivos,whisper,base,20,noise,NHỮNG NHƯỢC ĐIỂM CỦA MÌNH, Những nhật điểm của mình.
VIVOSDEV07_030_snr10,vivos,whisper,base,10,speech,NHỮNG NHƯỢC ĐIỂM CỦA MÌNH, Những nhật điểm của mình
VIVOSDEV07_030_snr5,vivos,whisper,base,5,speech,NHỮNG NHƯỢC ĐIỂM CỦA MÌNH, Những nhật đêm của mình.
VIVOSDEV07_030_snr0,vivos,whisper,base,0,noise,NHỮNG NHƯỢC ĐIỂM CỦA MÌNH, Những nhật điểm của mình.
VIVOSDEV08_002_clean,vivos,whisper,base,clean,clean,ĐỪNG ĐỂ CON SÂU ĂN, Đừng để con sau ăn.
VIVOSDEV08_002_snr20,vivos,whisper,base,20,music,ĐỪNG ĐỂ CON SÂU ĂN, Đừng để con sau ăn.
VIVOSDEV08_002_snr10,vivos,whisper,base,10,noise,ĐỪNG ĐỂ CON SÂU ĂN, Đừng để con sau ăn.
VIVOSDEV08_002_snr5,vivos,whisper,base,5,noise,ĐỪNG ĐỂ CON SÂU ĂN, Đừng để con sau ăn.
VIVOSDEV08_002_snr0,vivos,whisper,base,0,music,ĐỪNG ĐỂ CON SÂU ĂN, Đừng để con xau ăn
VIVOSDEV06_241_clean,vivos,whisper,base,clean,clean,TÁM MƯƠI TÁM TÁM MƯƠI CHÍN," 80, 80, 80, 90"
VIVOSDEV06_241_snr20,vivos,whisper,base,20,speech,TÁM MƯƠI TÁM TÁM MƯƠI CHÍN," 48, 89."
VIVOSDEV06_241_snr10,vivos,whisper,base,10,noise,TÁM MƯƠI TÁM TÁM MƯƠI CHÍN, 80 80 90
VIVOSDEV06_241_snr5,vivos,whisper,base,5,music,TÁM MƯƠI TÁM TÁM MƯƠI CHÍN," 88, 89"
VIVOSDEV06_241_snr0,vivos,whisper,base,0,music,TÁM MƯƠI TÁM TÁM MƯƠI CHÍN, 80 80 90
VIVOSDEV10_030_clean,vivos,whisper,base,clean,clean,NUÔI MÔ HÌNH TINH HOÀN RỒI TẠO RA TINH HOÀN VỚI ĐẦY ĐỦ HÌNH HÀI," Ngồi mô hình kinh hoàng, gọi cáo gác kinh hoàng, bởi dày dấu hình hài."
VIVOSDEV10_030_snr20,vivos,whisper,base,20,speech,NUÔI MÔ HÌNH TINH HOÀN RỒI TẠO RA TINH HOÀN VỚI ĐẦY ĐỦ HÌNH HÀI," Ngồi mô hình kinh quảng, gọi cáo gác kinh hoàng. Với dày dấu, hình hai."
VIVOSDEV10_030_snr10,vivos,whisper,base,10,noise,NUÔI MÔ HÌNH TINH HOÀN RỒI TẠO RA TINH HOÀN VỚI ĐẦY ĐỦ HÌNH HÀI," Ngôi mô hình kinh hoàng, gọi cảo gác kinh hoàng, bởi vì dựu hình hai."
VIVOSDEV10_030_snr5,vivos,whisper,base,5,noise,NUÔI MÔ HÌNH TINH HOÀN RỒI TẠO RA TINH HOÀN VỚI ĐẦY ĐỦ HÌNH HÀI, Nui mau hình phân quàng rồi khảo ra phân hoàng quá dạ đấu hình hệ
VIVOSDEV10_030_snr0,vivos,whisper,base,0,music,NUÔI MÔ HÌNH TINH HOÀN RỒI TẠO RA TINH HOÀN VỚI ĐẦY ĐỦ HÌNH HÀI, Ngôi mâu hình tính hoàng rồi tạo ra tính hoàng lấy ngày dấu thầm hẹn.
VIVOSDEV19_071_clean,vivos,whisper,base,clean,clean,TRONG NGẮN HẠN THỊ TRƯỜNG VẬN HÀNH NHƯ MỘT CỖ MÁY BẦU CỬ, Trong ngánh hãng thê trường bọn hành như một cố máy bầu cử
VIVOSDEV19_071_snr20,vivos,whisper,base,20,noise,TRONG NGẮN HẠN THỊ TRƯỜNG VẬN HÀNH NHƯ MỘT CỖ MÁY BẦU CỬ, Trong ngánh hạn thì trường bọn hành như một cố máy bầu cử
VIVOSDEV19_071_snr10,vivos,whisper,base,10,music,TRONG NGẮN HẠN THỊ TRƯỜNG VẬN HÀNH NHƯ MỘT CỖ MÁY BẦU CỬ, Trong ngãnh hãn thê trường bọn hình như một cố máy bầu cử
VIVOSDEV19_071_snr5,vivos,whisper,base,5,noise,TRONG NGẮN HẠN THỊ TRƯỜNG VẬN HÀNH NHƯ MỘT CỖ MÁY BẦU CỬ, Trong ngãng hãng thê trường và hành như một cố máy bầu cử
VIVOSDEV19_071_snr0,vivos,whisper,base,0,noise,TRONG NGẮN HẠN THỊ TRƯỜNG VẬN HÀNH NHƯ MỘT CỖ MÁY BẦU CỬ," Trong nánh trạng, kì chương, bọc hà mình nguyên một cố máy hầu cơ"
VIVOSDEV07_190_clean,vivos,whisper,base,clean,clean,NƠI CÓ MẤY TÊN TRÔNG RẤT GẤU, Nơi có máy tên trong rất gấu.
VIVOSDEV07_190_snr20,vivos,whisper,base,20,noise,NƠI CÓ MẤY TÊN TRÔNG RẤT GẤU, nơi có máy tên trong rất gấu
VIVOSDEV07_190_snr10,vivos,whisper,base,10,music,NƠI CÓ MẤY TÊN TRÔNG RẤT GẤU, Nơi có máy tên trong rất gấu
VIVOSDEV07_190_snr5,vivos,whisper,base,5,speech,NƠI CÓ MẤY TÊN TRÔNG RẤT GẤU, Nơi có máy tên trong đất gấu.
VIVOSDEV07_190_snr0,vivos,whisper,base,0,noise,NƠI CÓ MẤY TÊN TRÔNG RẤT GẤU, Nơi có mấy tên trong rất gấu
VIVOSDEV08_271_clean,vivos,whisper,base,clean,clean,QUÁ TỐT RỒI, Wát tốt rồi
VIVOSDEV08_271_snr20,vivos,whisper,base,20,noise,QUÁ TỐT RỒI, Wát tốt rõi
VIVOSDEV08_271_snr10,vivos,whisper,base,10,noise,QUÁ TỐT RỒI, Vua tốt rồi
VIVOSDEV08_271_snr5,vivos,whisper,base,5,speech,QUÁ TỐT RỒI, Lạc thật rồi
VIVOSDEV08_271_snr0,vivos,whisper,base,0,speech,QUÁ TỐT RỒI, Lạc thật phạm
VIVOSDEV01_T030_clean,vivos,whisper,base,clean,clean,XUÂN NÀY EM KHÔNG VỀ, Xung này em không vời
VIVOSDEV01_T030_snr20,vivos,whisper,base,20,music,XUÂN NÀY EM KHÔNG VỀ, Xung mẹ em không vời.
VIVOSDEV01_T030_snr10,vivos,whisper,base,10,music,XUÂN NÀY EM KHÔNG VỀ, Sưng này em không vời
VIVOSDEV01_T030_snr5,vivos,whisper,base,5,noise,XUÂN NÀY EM KHÔNG VỀ, Trưng này em không vời.
VIVOSDEV01_T030_snr0,vivos,whisper,base,0,music,XUÂN NÀY EM KHÔNG VỀ, Xúc mẹ em không bởi
VIVOSDEV12_100_clean,vivos,whisper,base,clean,clean,PHỤ HUYNH VÀ HỌC SINH ĐANG PHẢI È CỔ VÌ SÁCH GIÁ CAO, Phố Hơn và học sinh đang phải air có vì sắp giá cao.
VIVOSDEV12_100_snr20,vivos,whisper,base,20,noise,PHỤ HUYNH VÀ HỌC SINH ĐANG PHẢI È CỔ VÌ SÁCH GIÁ CAO, khổ hơn và hộng xin đang phải air có vì sắp giác cao
VIVOSDEV12_100_snr10,vivos,whisper,base,10,music,PHỤ HUYNH VÀ HỌC SINH ĐANG PHẢI È CỔ VÌ SÁCH GIÁ CAO, Phố Hơn và học sinh đang phải ea có vị sắp xác cao
VIVOSDEV12_100_snr5,vivos,whisper,base,5,noise,PHỤ HUYNH VÀ HỌC SINH ĐANG PHẢI È CỔ VÌ SÁCH GIÁ CAO, Phố Hình và học sinh đang phải air có vị phật giác cao.
VIVOSDEV12_100_snr0,vivos,whisper,base,0,speech,PHỤ HUYNH VÀ HỌC SINH ĐANG PHẢI È CỔ VÌ SÁCH GIÁ CAO, Cái này không có thể chết hình như thế này.
VIVOSDEV03_R057_clean,vivos,whisper,base,clean,clean,CHỨ KHÔNG PHẢI TÀI NĂNG THIÊN BẨM NÀO, Chứ không phải tài năng thiên bỏm nào.
VIVOSDEV03_R057_snr20,vivos,whisper,base,20,music,CHỨ KHÔNG PHẢI TÀI NĂNG THIÊN BẨM NÀO, Chứ không phải tài năng thiên bỏm nào.
VIVOSDEV03_R057_snr10,vivos,whisper,base,10,noise,CHỨ KHÔNG PHẢI TÀI NĂNG THIÊN BẨM NÀO, Chứ không phải tài năng thiên bấm nào.
VIVOSDEV03_R057_snr5,vivos,whisper,base,5,noise,CHỨ KHÔNG PHẢI TÀI NĂNG THIÊN BẨM NÀO, Chứ không phải tài năng thuyên bấm nào.
VIVOSDEV03_R057_snr0,vivos,whisper,base,0,music,CHỨ KHÔNG PHẢI TÀI NĂNG THIÊN BẨM NÀO, Chuyên không phải tại nãy kinh bẩm nào
VIVOSDEV18_211_clean,vivos,whisper,base,clean,clean,HÌNH ẢNH QUẢNG CÁO ĐIẾU THUỐC ĐIỆN TỬ ĐƯỢC CÔNG TY T," Hình án còn cao đứa thuốc, định tử đưa công ty."
VIVOSDEV18_211_snr20,vivos,whisper,base,20,music,HÌNH ẢNH QUẢNG CÁO ĐIẾU THUỐC ĐIỆN TỬ ĐƯỢC CÔNG TY T," Hình án còn cao đứa thuốc, định tử đưa công ty."
VIVOSDEV18_211_snr10,vivos,whisper,base,10,noise,HÌNH ẢNH QUẢNG CÁO ĐIẾU THUỐC ĐIỆN TỬ ĐƯỢC CÔNG TY T," Hình ảnh còn cao đứa thuốc, định tử đưa công ty."
VIVOSDEV18_211_snr5,vivos,whisper,base,5,music,HÌNH ẢNH QUẢNG CÁO ĐIẾU THUỐC ĐIỆN TỬ ĐƯỢC CÔNG TY T," Hình ảnh con cao đưa thuốc, định tử đưa công ty."
VIVOSDEV18_211_snr0,vivos,whisper,base,0,music,HÌNH ẢNH QUẢNG CÁO ĐIẾU THUỐC ĐIỆN TỬ ĐƯỢC CÔNG TY T," Hình có cao đưa cơ, để bởi cơ công phê."
VIVOSDEV15_253_clean,vivos,whisper,base,clean,clean,VẢ LẠI THEO QUY CHẾ ĐÂY LÀ TRÁCH NHIỆM CỦA MỖI THÍ SINH, và lại theo quý trế đây là tránh nhậm của mỗi tý sinh.
VIVOSDEV15_253_snr20,vivos,whisper,base,20,music,VẢ LẠI THEO QUY CHẾ ĐÂY LÀ TRÁCH NHIỆM CỦA MỖI THÍ SINH, Và lại theo quý trế đây là tránh nhậm của mỗi tí sinh.
VIVOSDEV15_253_snr10,vivos,whisper,base,10,speech,VẢ LẠI THEO QUY CHẾ ĐÂY LÀ TRÁCH NHIỆM CỦA MỖI THÍ SINH," Và lại theo quý trế, đây là tránh nhậm của mỗi thí sinh."
VIVOSDEV15_253_snr5,vivos,whisper,base,5,noise,VẢ LẠI THEO QUY CHẾ ĐÂY LÀ TRÁCH NHIỆM CỦA MỖI THÍ SINH, Và lại theo kỳ trế đây là trách nhậm của mỗi thí sinh.
VIVOSDEV15_253_snr0,vivos,whisper,base,0,music,VẢ LẠI THEO QUY CHẾ ĐÂY LÀ TRÁCH NHIỆM CỦA MỖI THÍ SINH, Và lại cho quý chế đây là rất nhậm bộ mỗi khi kênh.
VIVOSDEV17_239_clean,vivos,whisper,base,clean,clean,BA TÔI HÃNH DIỆN NÓI CHUYỆN VỚI SỐ HỌC SINH CÙNG LÊN XE ĐÒ, 3 tôi hẳn diễn nói chuyện với số học sinh cùng lên xe đỏ.
VIVOSDEV17_239_snr20,vivos,whisper,base,20,music,BA TÔI HÃNH DIỆN NÓI CHUYỆN VỚI SỐ HỌC SINH CÙNG LÊN XE ĐÒ, 3 tôi hẳn diễn nói chuyện với số học sinh cùng lên xe đỏ.
VIVOSDEV17_239_snr10,vivos,whisper,base,10,music,BA TÔI HÃNH DIỆN NÓI CHUYỆN VỚI SỐ HỌC SINH CÙNG LÊN XE ĐÒ, 3 tôi hẳn diễn nói chuyện với số học sinh cùng lên xe đỏ.
VIVOSDEV17_239_snr5,vivos,whisper,base,5,noise,BA TÔI HÃNH DIỆN NÓI CHUYỆN VỚI SỐ HỌC SINH CÙNG LÊN XE ĐÒ, 3 tôi hẳn diễn nói chuyện với số học sinh cùng lên xe đỏ.
VIVOSDEV17_239_snr0,vivos,whisper,base,0,speech,BA TÔI HÃNH DIỆN NÓI CHUYỆN VỚI SỐ HỌC SINH CÙNG LÊN XE ĐÒ, Cô lân xe đau
VIVOSDEV16_058_clean,vivos,whisper,base,clean,clean,ĐẦU TƯ TIÊU DÙNG VÀ XUẤT KHẨU ĐỀU SẼ TĂNG MẠNH, Đầu tư tiêu dùng và xuất khẩu đều sẽ tăng mạnh.
VIVOSDEV16_058_snr20,vivos,whisper,base,20,speech,ĐẦU TƯ TIÊU DÙNG VÀ XUẤT KHẨU ĐỀU SẼ TĂNG MẠNH, Đầu tư tiêu dùng và xuất khẩu đều dễ tăng mạnh.
VIVOSDEV16_058_snr10,vivos,whisper,base,10,speech,ĐẦU TƯ TIÊU DÙNG VÀ XUẤT KHẨU ĐỀU SẼ TĂNG MẠNH, Đầu tư tiêu dùng và sức khẩu đều sẽ tăng mạnh.
VIVOSDEV16_058_snr5,vivos,whisper,base,5,music,ĐẦU TƯ TIÊU DÙNG VÀ XUẤT KHẨU ĐỀU SẼ TĂNG MẠNH, đầu tư tiêu dùng và sịch khẩu đều sế tăng mạnh.
VIVOSDEV16_058_snr0,vivos,whisper,base,0,speech,ĐẦU TƯ TIÊU DÙNG VÀ XUẤT KHẨU ĐỀU SẼ TĂNG MẠNH, Đầu tư tư dùng ra sức phố đều thay tâm mạnh.
VIVOSDEV19_056_clean,vivos,whisper,base,clean,clean,VỀ NGUYÊN TẮC VÀO HỌC LÀ SINH VIÊN PHẢI ĐÓNG HỌC PHÍ, Về nguyên tách vào học Lài Sơn Vương Phá Đóng Học Phí.
VIVOSDEV19_056_snr20,vivos,whisper,base,20,music,VỀ NGUYÊN TẮC VÀO HỌC LÀ SINH VIÊN PHẢI ĐÓNG HỌC PHÍ, Về nguyên tác phào học Bài Sơn Vien Hoa Đắm Học Phí
VIVOSDEV19_056_snr10,vivos,whisper,base,10,music,VỀ NGUYÊN TẮC VÀO HỌC LÀ SINH VIÊN PHẢI ĐÓNG HỌC PHÍ," Bởi nguyên tách vào học, lại dân viên phá đám học phí."
VIVOSDEV19_056_snr5,vivos,whisper,base,5,speech,VỀ NGUYÊN TẮC VÀO HỌC LÀ SINH VIÊN PHẢI ĐÓNG HỌC PHÍ," Về duyên tắt tạo học, Lại Xinh Biên phá Đám học phí."
VIVOSDEV19_056_snr0,vivos,whisper,base,0,noise,VỀ NGUYÊN TẮC VÀO HỌC LÀ SINH VIÊN PHẢI ĐÓNG HỌC PHÍ, Bởi quyền tách vào học là sinh viên phá đám học phí.
VIVOSDEV18_183_clean,vivos,whisper,base,clean,clean,BẢO THẰNG QUYẾT NÓ BẮT CON GÀ SỐNG NÂU MÀ THỊT, Bỏ thằng thắng quyết nợ bắt con gà sống nâu mà thiệt.
VIVOSDEV18_183_snr20,vivos,whisper,base,20,noise,BẢO THẰNG QUYẾT NÓ BẮT CON GÀ SỐNG NÂU MÀ THỊT, Bỏ thằng thắng quyết nó bắt con gà sống nâu mà thịt.
VIVOSDEV18_183_snr10,vivos,whisper,base,10,music,BẢO THẰNG QUYẾT NÓ BẮT CON GÀ SỐNG NÂU MÀ THỊT, Bỏ thằng thẳng quyết nợ bắt con gà sống nô mà thiệt.
VIVOSDEV18_183_snr5,vivos,whisper,base,5,noise,BẢO THẰNG QUYẾT NÓ BẮT CON GÀ SỐNG NÂU MÀ THỊT, Bỏ thằng thắng xuất nợ bắt con gà sống nâu mà thật.
VIVOSDEV18_183_snr0,vivos,whisper,base,0,noise,BẢO THẰNG QUYẾT NÓ BẮT CON GÀ SỐNG NÂU MÀ THỊT, Bỏ thân thắng quýt nọ bắt con gà sống nô mà thịt.
VIVOSDEV13_054_clean,vivos,whisper,base,clean,clean,GIÀ LÀNG NGUYỄN MẠNH TƯỜNG TRẢ LỜI PHỎNG VẤN BÁO GIỚI ẢNH TRUNG DÂN, Già Lèng Nguyễn Mạnh Tương trả lời phòng vấn báo dưới ảnh Trung Dân.
VIVOSDEV13_054_snr20,vivos,whisper,base,20,noise,GIÀ LÀNG NGUYỄN MẠNH TƯỜNG TRẢ LỜI PHỎNG VẤN BÁO GIỚI ẢNH TRUNG DÂN, Già lèng nguyễn mạnh tường trả lời phòng vấn báo rơi ảnh chung răng.
VIVOSDEV13_054_snr10,vivos,whisper,base,10,music,GIÀ LÀNG NGUYỄN MẠNH TƯỜNG TRẢ LỜI PHỎNG VẤN BÁO GIỚI ẢNH TRUNG DÂN, Già Lan Nguyễn Mạnh Tương trả lời phòng vấn báo dưới ảnh Trung Dân
VIVOSDEV13_054_snr5,vivos,whisper,base,5,noise,GIÀ LÀNG NGUYỄN MẠNH TƯỜNG TRẢ LỜI PHỎNG VẤN BÁO GIỚI ẢNH TRUNG DÂN, Già lang hủyến mạnh tường trả lời phòng vắng báo dưới ảnh chung răng
VIVOSDEV13_054_snr0,vivos,whisper,base,0,noise,GIÀ LÀNG NGUYỄN MẠNH TƯỜNG TRẢ LỜI PHỎNG VẤN BÁO GIỚI ẢNH TRUNG DÂN, Già lèng nguyễn mạnh tường trả lời phòng vấn báo dưới ảnh chung dân
VIVOSDEV18_171_clean,vivos,whisper,base,clean,clean,TỐI QUA NGƯỜI TA ĐẾN BẮT TÔI GIỮA ĐÊM HÔM KHUYA KHOẮT, Tối quan người ta đến bắt tôi giữa đêm không phía khách.
VIVOSDEV18_171_snr20,vivos,whisper,base,20,noise,TỐI QUA NGƯỜI TA ĐẾN BẮT TÔI GIỮA ĐÊM HÔM KHUYA KHOẮT, Tối quan người ta đến bắt tôi giữa đêm không phiêu phát.
VIVOSDEV18_171_snr10,vivos,whisper,base,10,noise,TỐI QUA NGƯỜI TA ĐẾN BẮT TÔI GIỮA ĐÊM HÔM KHUYA KHOẮT, Tối quan người ta đến bắp tôi giữa đêm hôm khuya khách.
VIVOSDEV18_171_snr5,vivos,whisper,base,5,noise,TỐI QUA NGƯỜI TA ĐẾN BẮT TÔI GIỮA ĐÊM HÔM KHUYA KHOẮT, Tối quan người ta đến bắt tối giữa bêm không khí khóc.
VIVOSDEV18_171_snr0,vivos,whisper,base,0,music,TỐI QUA NGƯỜI TA ĐẾN BẮT TÔI GIỮA ĐÊM HÔM KHUYA KHOẮT, Tối quan người ta đến bắt tôi giữa đêm không phê khát
VIVOSDEV03_R163_clean,vivos,whisper,base,clean,clean,NHƯNG OÁI ĂM THAY, Nhưng ổi em thầy
VIVOSDEV03_R163_snr20,vivos,whisper,base,20,music,NHƯNG OÁI ĂM THAY, Nhưng ỗi em thầy
VIVOSDEV03_R163_snr10,vivos,whisper,base,10,noise,NHƯNG OÁI ĂM THAY, Nhưng ỗi em thầy
VIVOSDEV03_R163_snr5,vivos,whisper,base,5,music,NHƯNG OÁI ĂM THAY, Nhưng ổi em thầy
VIVOSDEV03_R163_snr0,vivos,whisper,base,0,music,NHƯNG OÁI ĂM THAY, Nhưng hỏi em này
VIVOSDEV01_R078_clean,vivos,whisper,base,clean,clean,NGHE CHÚNG TÔI HỎI ĐIỀU NÀY CHỊ NGÁT RÂN RẤN NƯỚC MẮT, Nghè chúng tôi hỏi đều này chỉ nghe gần gần nước mắt.
VIVOSDEV01_R078_snr20,vivos,whisper,base,20,speech,NGHE CHÚNG TÔI HỎI ĐIỀU NÀY CHỊ NGÁT RÂN RẤN NƯỚC MẮT, Nghè chúng tôi hỏi đều này chỉ nghe gần gần nước mắt.
VIVOSDEV01_R078_snr10,vivos,whisper,base,10,noise,NGHE CHÚNG TÔI HỎI ĐIỀU NÀY CHỊ NGÁT RÂN RẤN NƯỚC MẮT, nghe chúng tôi hỏi đều này thì nghe gần gần nước mắt
VIVOSDEV01_R078_snr5,vivos,whisper,base,5,noise,NGHE CHÚNG TÔI HỎI ĐIỀU NÀY CHỊ NGÁT RÂN RẤN NƯỚC MẮT," Nghe chúng tôi hỏi đều này, chỉ nghe gần gần nữa"
VIVOSDEV01_R078_snr0,vivos,whisper,base,0,noise,NGHE CHÚNG TÔI HỎI ĐIỀU NÀY CHỊ NGÁT RÂN RẤN NƯỚC MẮT, Nghè chúng tôi hỏi đều này chỉ nghe gần gần nước mắt.
VIVOSDEV12_182_clean,vivos,whisper,base,clean,clean,VÀ ĐÃ HIẾN MÁU BA LẦN, và đã hiện máu 3 lần.
VIVOSDEV12_182_snr20,vivos,whisper,base,20,music,VÀ ĐÃ HIẾN MÁU BA LẦN, và đã hiện máu 3 lần.
VIVOSDEV12_182_snr10,vivos,whisper,base,10,noise,VÀ ĐÃ HIẾN MÁU BA LẦN, và đã hiến máu 3 lần
VIVOSDEV12_182_snr5,vivos,whisper,base,5,noise,VÀ ĐÃ HIẾN MÁU BA LẦN, và đã hiến máu 3 lòng.
VIVOSDEV12_182_snr0,vivos,whisper,base,0,speech,VÀ ĐÃ HIẾN MÁU BA LẦN," Vào đá, hình mau ba lắm."
VIVOSDEV03_R046_clean,vivos,whisper,base,clean,clean,CỦA CHÍNH SÁCH ĐỐI VỚI QUY MÔ CỦA THỊ TRƯỜNG, của chính sách đối với quy mô của Thị trường.
VIVOSDEV03_R046_snr20,vivos,whisper,base,20,noise,CỦA CHÍNH SÁCH ĐỐI VỚI QUY MÔ CỦA THỊ TRƯỜNG, Cổ chính sắp đối với quy mô của Thị trường.
VIVOSDEV03_R046_snr10,vivos,whisper,base,10,speech,CỦA CHÍNH SÁCH ĐỐI VỚI QUY MÔ CỦA THỊ TRƯỜNG, của chính sách đối với Quy mô của Thị trường.
VIVOSDEV03_R046_snr5,vivos,whisper,base,5,music,CỦA CHÍNH SÁCH ĐỐI VỚI QUY MÔ CỦA THỊ TRƯỜNG, khổ chín sắp tới với quy môn của thiệt trường
VIVOSDEV03_R046_snr0,vivos,whisper,base,0,noise,CỦA CHÍNH SÁCH ĐỐI VỚI QUY MÔ CỦA THỊ TRƯỜNG, của chính sạp đối với quy mô của thị trường
VIVOSDEV01_R055_clean,vivos,whisper,base,clean,clean,VÀ RẤT SÁNG TẠO, và gức xanh tạo.
VIVOSDEV01_R055_snr20,vivos,whisper,base,20,music,VÀ RẤT SÁNG TẠO, và gức xanh tạo
VIVOSDEV01_R055_snr10,vivos,whisper,base,10,speech,VÀ RẤT SÁNG TẠO, và dữ xanh tạo.
VIVOSDEV01_R055_snr5,vivos,whisper,base,5,music,VÀ RẤT SÁNG TẠO, và gức sang tạo
VIVOSDEV01_R055_snr0,vivos,whisper,base,0,speech,VÀ RẤT SÁNG TẠO," Cái sạch wasmeth, là lôn áp lòng."
VIVOSDEV18_297_clean,vivos,whisper,base,clean,clean,HOA PHƯỢNG VẪN NỞ ĐỎ TRỜI TRONG TIẾNG VE XAO XÁC KHÔN NGUÔI, Họ vụng vẫn nở trời trong tiếng Pê xảo xác khô nguồn.
VIVOSDEV18_297_snr20,vivos,whisper,base,20,music,HOA PHƯỢNG VẪN NỞ ĐỎ TRỜI TRONG TIẾNG VE XAO XÁC KHÔN NGUÔI, Hà vụng vận nở trời trong tiếng Pê sảo sát khôn ngôn.
VIVOSDEV18_297_snr10,vivos,whisper,base,10,noise,HOA PHƯỢNG VẪN NỞ ĐỎ TRỜI TRONG TIẾNG VE XAO XÁC KHÔN NGUÔI, Họ quận vẫn nữa trời trong tiếng Pê sảo sát khôn ngôn.
VIVOSDEV18_297_snr5,vivos,whisper,base,5,noise,HOA PHƯỢNG VẪN NỞ ĐỎ TRỜI TRONG TIẾNG VE XAO XÁC KHÔN NGUÔI, Hà vụi Ất chơi trong tiếng về sảo sát khôn quên.
VIVOSDEV18_297_snr0,vivos,whisper,base,0,noise,HOA PHƯỢNG VẪN NỞ ĐỎ TRỜI TRONG TIẾNG VE XAO XÁC KHÔN NGUÔI, Họ vụng vẫn mở chơi trong tiếng tây xạo xác khô mưa.
VIVOSDEV01_R057_clean,vivos,whisper,base,clean,clean,NHƯNG GIẤC NGỦ CHẬP CHỜN, Nhưng giước nỗ chặp chân
VIVOSDEV01_R057_snr20,vivos,whisper,base,20,speech,NHƯNG GIẤC NGỦ CHẬP CHỜN, Nhưng giước nủ chặp cho
VIVOSDEV01_R057_snr10,vivos,whisper,base,10,noise,NHƯNG GIẤC NGỦ CHẬP CHỜN, Nhưng giước nũ chấp chân.
VIVOSDEV01_R057_snr5,vivos,whisper,base,5,speech,NHƯNG GIẤC NGỦ CHẬP CHỜN, Nhưng giước nỗ chặp cho
VIVOSDEV01_R057_snr0,vivos,whisper,base,0,speech,NHƯNG GIẤC NGỦ CHẬP CHỜN, và đánh đồ lên đến t
VIVOSDEV10_294_clean,vivos,whisper,base,clean,clean,EM SỢ CÓ MỘT NGÀY ANH GẶP NGƯỜI CON GÁI KHÁC TỐT HƠN EM RỒI ANH BỎ EM," Em sợ có một ngày anh gặp người con gái khác có phương em, rồi anh bỏ em."
VIVOSDEV10_294_snr20,vivos,whisper,base,20,speech,EM SỢ CÓ MỘT NGÀY ANH GẶP NGƯỜI CON GÁI KHÁC TỐT HƠN EM RỒI ANH BỎ EM," Em sợ có một ngày, anh gặp người con gái khác, có phương em, rồi anh bỏ em."
VIVOSDEV10_294_snr10,vivos,whisper,base,10,noise,EM SỢ CÓ MỘT NGÀY ANH GẶP NGƯỜI CON GÁI KHÁC TỐT HƠN EM RỒI ANH BỎ EM," Em chở có 1 ngàn, anh gặp người con với hay khác, có phương em, rồi anh bỏ em."
VIVOSDEV10_294_snr5,vivos,whisper,base,5,noise,EM SỢ CÓ MỘT NGÀY ANH GẶP NGƯỜI CON GÁI KHÁC TỐT HƠN EM RỒI ANH BỎ EM, Em sợ có một ngày anh gặp người con gái khác có phương em rồi anh bỏ em
VIVOSDEV10_294_snr0,vivos,whisper,base,0,noise,EM SỢ CÓ MỘT NGÀY ANH GẶP NGƯỜI CON GÁI KHÁC TỐT HƠN EM RỒI ANH BỎ EM," Em chờ có 1 nghe, anh gặp người con với anh phán, có hưởng em, gọi anh bỏ em"
VIVOSDEV09_015_clean,vivos,whisper,base,clean,clean,LÀM RỜM RỢP BIỂN MÂY LAU LÁCH PHẤT PHƠ, làm rầm rầm bếm mây lâu lắt phức vờ.
VIVOSDEV09_015_snr20,vivos,whisper,base,20,speech,LÀM RỜM RỢP BIỂN MÂY LAU LÁCH PHẤT PHƠ, Làm rầm rầm bến mày lâu lắt phức phở.
VIVOSDEV09_015_snr10,vivos,whisper,base,10,noise,LÀM RỜM RỢP BIỂN MÂY LAU LÁCH PHẤT PHƠ, làm rầm rầm bếm mây lâu lắc phức vừa
VIVOSDEV09_015_snr5,vivos,whisper,base,5,music,LÀM RỜM RỢP BIỂN MÂY LAU LÁCH PHẤT PHƠ, Làm ra ra bấy mày lâu lắp phất phở.
VIVOSDEV09_015_snr0,vivos,whisper,base,0,noise,LÀM RỜM RỢP BIỂN MÂY LAU LÁCH PHẤT PHƠ, Làm prâm đợp bé ngày lâu lắp xất phần.
VIVOSDEV01_R089_clean,vivos,whisper,base,clean,clean,NHƯNG TÌNH YÊU VẪN NỒNG NÀN VÀ SAY ĐẮM NHƯ BUỔI BAN ĐẦU, Nhưng tình yêu vững nòng nèng và xây đắm như bối bán đầu.
VIVOSDEV01_R089_snr20,vivos,whisper,base,20,noise,NHƯNG TÌNH YÊU VẪN NỒNG NÀN VÀ SAY ĐẮM NHƯ BUỔI BAN ĐẦU, Nhưng tình yêu vững nồng nèn và xây đắm như bối bán đầu.
VIVOSDEV01_R089_snr10,vivos,whisper,base,10,speech,NHƯNG TÌNH YÊU VẪN NỒNG NÀN VÀ SAY ĐẮM NHƯ BUỔI BAN ĐẦU, Nhưng tình yêu vững nồng nè và xây đắm như bữa bán đầu.
VIVOSDEV01_R089_snr5,vivos,whisper,base,5,noise,NHƯNG TÌNH YÊU VẪN NỒNG NÀN VÀ SAY ĐẮM NHƯ BUỔI BAN ĐẦU, Nhưng tình yêu vững nồng nè và xây đấm như bỗi bán đầu.
VIVOSDEV01_R089_snr0,vivos,whisper,base,0,music,NHƯNG TÌNH YÊU VẪN NỒNG NÀN VÀ SAY ĐẮM NHƯ BUỔI BAN ĐẦU, Nhưng tình yêu vững nồng nèng và xây đấm như vỗi ban đầu.
VIVOSDEV02_T043_clean,vivos,whisper,base,clean,clean,ĐI KIỂM TRA LẠI BÁC SĨ KHUYÊN NÊN MỔ NỘI SOI, Đi kiểm tra lại và trí quyền nêm mộ nổi xôi.
VIVOSDEV02_T043_snr20,vivos,whisper,base,20,speech,ĐI KIỂM TRA LẠI BÁC SĨ KHUYÊN NÊN MỔ NỘI SOI, Đi kiểm tra lại bác trí quyền nêm mộ đổi xoay.
VIVOSDEV02_T043_snr10,vivos,whisper,base,10,noise,ĐI KIỂM TRA LẠI BÁC SĨ KHUYÊN NÊN MỔ NỘI SOI, Đi kiểm tra lại và chỉ quyền lên mộ nổi xôi.
VIVOSDEV02_T043_snr5,vivos,whisper,base,5,speech,ĐI KIỂM TRA LẠI BÁC SĨ KHUYÊN NÊN MỔ NỘI SOI, Để không biết là những cái quý nền mỗi nỗi chóng
VIVOSDEV02_T043_snr0,vivos,whisper,base,0,music,ĐI KIỂM TRA LẠI BÁC SĨ KHUYÊN NÊN MỔ NỘI SOI, Nhiều kiện sẽ lại lên 3 kênh màu đôi xoay
VIVOSDEV06_078_clean,vivos,whisper,base,clean,clean,Ở LỚP NẤU ĂN GIA ĐÌNH, Ở lớp nấu ăn gia đình.
VIVOSDEV06_078_snr20,vivos,whisper,base,20,noise,Ở LỚP NẤU ĂN GIA ĐÌNH, Ở lớp nấu ăn gia đình.
VIVOSDEV06_078_snr10,vivos,whisper,base,10,speech,Ở LỚP NẤU ĂN GIA ĐÌNH, Hở lớp nấu ăn gia đình.
VIVOSDEV06_078_snr5,vivos,whisper,base,5,music,Ở LỚP NẤU ĂN GIA ĐÌNH, Ở lớp nào ăn gia đình
VIVOSDEV06_078_snr0,vivos,whisper,base,0,speech,Ở LỚP NẤU ĂN GIA ĐÌNH, 100 năm rồi
VIVOSDEV15_208_clean,vivos,whisper,base,clean,clean,MẤY NGÀY ĐẦU THÚY HÀ PHẢI NHỜ KIM DẪN ĐI GIỚI THIỆU TRƯỜNG," Mấy ngày đầu, Thuy hà phải nhờ Kim rãn đi dưới thiệu trường."
VIVOSDEV15_208_snr20,vivos,whisper,base,20,noise,MẤY NGÀY ĐẦU THÚY HÀ PHẢI NHỜ KIM DẪN ĐI GIỚI THIỆU TRƯỜNG," Mấy ngày đầu, Thuy hà phải nhờ Kim rẫn đi dưới thiệu trường."
VIVOSDEV15_208_snr10,vivos,whisper,base,10,speech,MẤY NGÀY ĐẦU THÚY HÀ PHẢI NHỜ KIM DẪN ĐI GIỚI THIỆU TRƯỜNG," Mấy ngày đầu, Thuy hạ phải nhờ Game Dẫn đi giới thiệu trường."
VIVOSDEV15_208_snr5,vivos,whisper,base,5,speech,MẤY NGÀY ĐẦU THÚY HÀ PHẢI NHỜ KIM DẪN ĐI GIỚI THIỆU TRƯỜNG," Mấy ngày đầu, thuê hạc hãy tìm giảm đi dư tiêu chương."
VIVOSDEV15_208_snr0,vivos,whisper,base,0,speech,MẤY NGÀY ĐẦU THÚY HÀ PHẢI NHỜ KIM DẪN ĐI GIỚI THIỆU TRƯỜNG," Mình đã đau 3 hà phại nhau, chạy xong lấy thầy, hạy."
VIVOSDEV11_137_clean,vivos,whisper,base,clean,clean,NHỮNG NGƯỜI NÀY ĐỀU ĐƯỢC ĐÀO TẠO VỀ HỘI HỌA, Những người này đều được đảo tảo và hỏi hóa.
VIVOSDEV11_137_snr20,vivos,whisper,base,20,noise,NHỮNG NGƯỜI NÀY ĐỀU ĐƯỢC ĐÀO TẠO VỀ HỘI HỌA, những người này đều được đảo tảo và hỏi hóa
VIVOSDEV11_137_snr10,vivos,whisper,base,10,music,NHỮNG NGƯỜI NÀY ĐỀU ĐƯỢC ĐÀO TẠO VỀ HỘI HỌA, những người này đều được đảo tảo và hỏi hòa
VIVOSDEV11_137_snr5,vivos,whisper,base,5,noise,NHỮNG NGƯỜI NÀY ĐỀU ĐƯỢC ĐÀO TẠO VỀ HỘI HỌA, những người này đều được đảo tảo vệ hỏi hòa
VIVOSDEV11_137_snr0,vivos,whisper,base,0,noise,NHỮNG NGƯỜI NÀY ĐỀU ĐƯỢC ĐÀO TẠO VỀ HỘI HỌA, Nữ người này về được đảo đảo đảo của anh Hòa
VIVOSDEV06_222_clean,vivos,whisper,base,clean,clean,NĂM MƯƠI NĂM MƯƠI MỐT," 50, 50, 11"
VIVOSDEV06_222_snr20,vivos,whisper,base,20,noise,NĂM MƯƠI NĂM MƯƠI MỐT," 50, 50, 11"
VIVOSDEV06_222_snr10,vivos,whisper,base,10,music,NĂM MƯƠI NĂM MƯƠI MỐT," 50, 50, 11"
VIVOSDEV06_222_snr5,vivos,whisper,base,5,speech,NĂM MƯƠI NĂM MƯƠI MỐT," Sẵn đủ, nằm môi, nằm môi môi."
VIVOSDEV06_222_snr0,vivos,whisper,base,0,speech,NĂM MƯƠI NĂM MƯƠI MỐT, Lóng ngư cầu 50-50 mô
VIVOSDEV18_056_clean,vivos,whisper,base,clean,clean,TRÊN MẶT AI CŨNG CÓ KHĂN TAY KHẨU TRANG CHE MIỆNG, trên mặt ai cũng có khăn tay khẩu trang trên miệng.
VIVOSDEV18_056_snr20,vivos,whisper,base,20,noise,TRÊN MẶT AI CŨNG CÓ KHĂN TAY KHẨU TRANG CHE MIỆNG, trên mặt ai cũng có khăn tay khẩu trang trên miệng.
VIVOSDEV18_056_snr10,vivos,whisper,base,10,speech,TRÊN MẶT AI CŨNG CÓ KHĂN TAY KHẨU TRANG CHE MIỆNG, Chơi mặt ai cũng có khăn tay khẩu trang trên miệng.
VIVOSDEV18_056_snr5,vivos,whisper,base,5,noise,TRÊN MẶT AI CŨNG CÓ KHĂN TAY KHẨU TRANG CHE MIỆNG, trên mặt ai cũng có khăn tay khẩu trang trên miệng
VIVOSDEV18_056_snr0,vivos,whisper,base,0,noise,TRÊN MẶT AI CŨNG CÓ KHĂN TAY KHẨU TRANG CHE MIỆNG, trên mặt ai cũng có khăn tay khẩu trang trên miệng.
VIVOSDEV11_182_clean,vivos,whisper,base,clean,clean,ĐẶC ĐIỂM CỦA PHẨY TRÙNG TẢ, Đặc đến của phải tùng tả.
VIVOSDEV11_182_snr20,vivos,whisper,base,20,noise,ĐẶC ĐIỂM CỦA PHẨY TRÙNG TẢ, Đặc đến của phải tùng tả.
VIVOSDEV11_182_snr10,vivos,whisper,base,10,speech,ĐẶC ĐIỂM CỦA PHẨY TRÙNG TẢ, Đặc đếm của phải trong giá kênh Pertong Thế
VIVOSDEV11_182_snr5,vivos,whisper,base,5,music,ĐẶC ĐIỂM CỦA PHẨY TRÙNG TẢ, đặc đến của phải trông tạ.
VIVOSDEV11_182_snr0,vivos,whisper,base,0,music,ĐẶC ĐIỂM CỦA PHẨY TRÙNG TẢ, Đặc đến của phải trông tá.
VIVOSDEV06_285_clean,vivos,whisper,base,clean,clean,CÔNG TY TRÁCH NHIỆM HỮU HẠN ĂN UỐNG, Công tây trách nhiệm hưởng hẹn ăn uống.
VIVOSDEV06_285_snr20,vivos,whisper,base,20,noise,CÔNG TY TRÁCH NHIỆM HỮU HẠN ĂN UỐNG, Công tây chất nhiệm hưởng hẹn ăn uống.
VIVOSDEV06_285_snr10,vivos,whisper,base,10,noise,CÔNG TY TRÁCH NHIỆM HỮU HẠN ĂN UỐNG, Công tư chất nhiệm hướng hẹn ăn ống
VIVOSDEV06_285_snr5,vivos,whisper,base,5,music,CÔNG TY TRÁCH NHIỆM HỮU HẠN ĂN UỐNG, Công tì chết nhiệm hướng hẹn ăn ướng.
VIVOSDEV06_285_snr0,vivos,whisper,base,0,music,CÔNG TY TRÁCH NHIỆM HỮU HẠN ĂN UỐNG, Công tây chất nhiệm hưởng hẹn ăn uống.
VIVOSDEV03_R109_clean,vivos,whisper,base,clean,clean,PHÙ HỢP CHO MỌI CÂN NẶNG, phụ hợp giống ai con mẹ
VIVOSDEV03_R109_snr20,vivos,whisper,base,20,music,PHÙ HỢP CHO MỌI CÂN NẶNG, phụ hợp với ngoại gần mẹ.
VIVOSDEV03_R109_snr10,vivos,whisper,base,10,music,PHÙ HỢP CHO MỌI CÂN NẶNG, Bộ hợp với my Commission
VIVOSDEV03_R109_snr5,vivos,whisper,base,5,music,PHÙ HỢP CHO MỌI CÂN NẶNG, phụ hợp với một mình
VIVOSDEV03_R109_snr0,vivos,whisper,base,0,music,PHÙ HỢP CHO MỌI CÂN NẶNG, Phú hợp cho hỏi con ngang.
VIVOSDEV09_289_clean,vivos,whisper,base,clean,clean,PHƯƠNG CHÂM SỐNG CỦA TÔI LÀ NGƯỜI KHÔNG VÌ MÌNH TRỜI TRU ĐẤT DIỆT, Phương trăm sống của tôi là người không viên mình trời chú đất ghẹ.
VIVOSDEV09_289_snr20,vivos,whisper,base,20,noise,PHƯƠNG CHÂM SỐNG CỦA TÔI LÀ NGƯỜI KHÔNG VÌ MÌNH TRỜI TRU ĐẤT DIỆT, Phương trăm sống của tôi là người không viên mình trời chú đất ghẹ.
VIVOSDEV09_289_snr10,vivos,whisper,base,10,music,PHƯƠNG CHÂM SỐNG CỦA TÔI LÀ NGƯỜI KHÔNG VÌ MÌNH TRỜI TRU ĐẤT DIỆT, Phương trăm sống của tôi là người không viên mình trời chú đất kia.
VIVOSDEV09_289_snr5,vivos,whisper,base,5,music,PHƯƠNG CHÂM SỐNG CỦA TÔI LÀ NGƯỜI KHÔNG VÌ MÌNH TRỜI TRU ĐẤT DIỆT, Vương trăm sống của tôi là người không viên mình trời chú đất kia.
VIVOSDEV09_289_snr0,vivos,whisper,base,0,noise,PHƯƠNG CHÂM SỐNG CỦA TÔI LÀ NGƯỜI KHÔNG VÌ MÌNH TRỜI TRU ĐẤT DIỆT, Vương trăm sống của tôi là người không vui mầm trời trú đất việc.
VIVOSDEV05_136_clean,vivos,whisper,base,clean,clean,RA HIỆU CHO TÔI IM LẶNG, ra hiệu cho tôi im lặng.
VIVOSDEV05_136_snr20,vivos,whisper,base,20,noise,RA HIỆU CHO TÔI IM LẶNG, ra hiệu cho tôi im lặng
VIVOSDEV05_136_snr10,vivos,whisper,base,10,music,RA HIỆU CHO TÔI IM LẶNG, ra hiệu cho tôi im lặng
VIVOSDEV05_136_snr5,vivos,whisper,base,5,noise,RA HIỆU CHO TÔI IM LẶNG, ra hiểu cho tôi em làm
VIVOSDEV05_136_snr0,vivos,whisper,base,0,noise,RA HIỆU CHO TÔI IM LẶNG, ra hiểu cho tôi im lặng
VIVOSDEV15_137_clean,vivos,whisper,base,clean,clean,THẢN NHIÊN GIÁ ĐÓ THÌ CHỈ CÓ THỂ LÀM VẬY THÔI, Thảnh như giá đó thì chỉ có thể làm vậy thôi.
VIVOSDEV15_137_snr20,vivos,whisper,base,20,noise,THẢN NHIÊN GIÁ ĐÓ THÌ CHỈ CÓ THỂ LÀM VẬY THÔI, Thả nhiên giá đó thì chỉ có thể làm vậy thôi.
VIVOSDEV15_137_snr10,vivos,whisper,base,10,noise,THẢN NHIÊN GIÁ ĐÓ THÌ CHỈ CÓ THỂ LÀM VẬY THÔI, Thả như giá đó thì chỉ có thể làm bệnh thôi.
VIVOSDEV15_137_snr5,vivos,whisper,base,5,music,THẢN NHIÊN GIÁ ĐÓ THÌ CHỈ CÓ THỂ LÀM VẬY THÔI, Thảnh như giá đó thì chỉ có thể làm vậy thôi.
VIVOSDEV15_137_snr0,vivos,whisper,base,0,music,THẢN NHIÊN GIÁ ĐÓ THÌ CHỈ CÓ THỂ LÀM VẬY THÔI, Thánh như giá đó thì chỉ có thể làm vậy thôi.
VIVOSDEV01_R034_clean,vivos,whisper,base,clean,clean,NGƯỜI TA NÓI, Người ta nói
VIVOSDEV01_R034_snr20,vivos,whisper,base,20,speech,NGƯỜI TA NÓI, Người ta nói
VIVOSDEV01_R034_snr10,vivos,whisper,base,10,speech,NGƯỜI TA NÓI, Người ta nói
VIVOSDEV01_R034_snr5,vivos,whisper,base,5,noise,NGƯỜI TA NÓI, Hứa ta nói
VIVOSDEV01_R034_snr0,vivos,whisper,base,0,speech,NGƯỜI TA NÓI, Nó là tìm
VIVOSDEV15_213_clean,vivos,whisper,base,clean,clean,MÔ HÌNH CẤU TRÚC CHỨC NĂNG VÀ KHOA HỌC XÃ HỘI MANG TÍNH GIÁO DỤC," Mô hình cấu chúc, chức năng và khoa học xã hội mang tính giáo dụng."
VIVOSDEV15_213_snr20,vivos,whisper,base,20,music,MÔ HÌNH CẤU TRÚC CHỨC NĂNG VÀ KHOA HỌC XÃ HỘI MANG TÍNH GIÁO DỤC," Mô hình cấu chúc, chức năng và khoa học xã hội mang tính giáo dụng."
VIVOSDEV15_213_snr10,vivos,whisper,base,10,music,MÔ HÌNH CẤU TRÚC CHỨC NĂNG VÀ KHOA HỌC XÃ HỘI MANG TÍNH GIÁO DỤC," Mò hình cấu chúc, chức năng và khoa học xã hội mang tính giáo dục."
VIVOSDEV15_213_snr5,vivos,whisper,base,5,noise,MÔ HÌNH CẤU TRÚC CHỨC NĂNG VÀ KHOA HỌC XÃ HỘI MANG TÍNH GIÁO DỤC," Mô hình cấu chút, chức năng và khoa học giã hội mang tính giáo dụng."
VIVOSDEV15_213_snr0,vivos,whisper,base,0,music,MÔ HÌNH CẤU TRÚC CHỨC NĂNG VÀ KHOA HỌC XÃ HỘI MANG TÍNH GIÁO DỤC," Mình hình cầu chú, chút đàn bà hoặc sả hỏa, bàn tình giáo sống."
VIVOSDEV16_193_clean,vivos,whisper,base,clean,clean,THỰC TẾ VAI TRÒ CỦA BẠN VÀ NGƯỜI PHỎNG VẤN ĐỐI CHIẾU NHAU, Thực tế vay trọ của bạn và người phổng vắng đối chiếu nhau.
VIVOSDEV16_193_snr20,vivos,whisper,base,20,music,THỰC TẾ VAI TRÒ CỦA BẠN VÀ NGƯỜI PHỎNG VẤN ĐỐI CHIẾU NHAU, thật tế vay trò của bạn và người phổng vắng đối chiếu nhau
VIVOSDEV16_193_snr10,vivos,whisper,base,10,speech,THỰC TẾ VAI TRÒ CỦA BẠN VÀ NGƯỜI PHỎNG VẤN ĐỐI CHIẾU NHAU, thực tế và trọ của bản và người vòng vòng đối chiếu nhau.
VIVOSDEV16_193_snr5,vivos,whisper,base,5,noise,THỰC TẾ VAI TRÒ CỦA BẠN VÀ NGƯỜI PHỎNG VẤN ĐỐI CHIẾU NHAU, Thực tế vay trọ của bạn và người phòng vắng đối chứa nhau
VIVOSDEV16_193_snr0,vivos,whisper,base,0,noise,THỰC TẾ VAI TRÒ CỦA BẠN VÀ NGƯỜI PHỎNG VẤN ĐỐI CHIẾU NHAU, thật tế vài trò của bản và nguy sản vấn đấu chiếm nhé
VIVOSDEV11_298_clean,vivos,whisper,base,clean,clean,CHUẨN BỊ CHO NGÀY KHAI TRƯƠNG CỬA HÀNG ĐẦU TIÊN, Chỉnh bấy cho ngày khai trương cửa hàng đầu tiên.
VIVOSDEV11_298_snr20,vivos,whisper,base,20,noise,CHUẨN BỊ CHO NGÀY KHAI TRƯƠNG CỬA HÀNG ĐẦU TIÊN, Chỉnh bị cho ngày khai trương cửa hàng đầu tiên
VIVOSDEV11_298_snr10,vivos,whisper,base,10,noise,CHUẨN BỊ CHO NGÀY KHAI TRƯƠNG CỬA HÀNG ĐẦU TIÊN, Chúng bị cho ngày thay trương cửa hẹn đầu tiên
VIVOSDEV11_298_snr5,vivos,whisper,base,5,speech,CHUẨN BỊ CHO NGÀY KHAI TRƯƠNG CỬA HÀNG ĐẦU TIÊN, Chúng bấy cho ngày xa hết trương của hàng đầu tiên.
VIVOSDEV11_298_snr0,vivos,whisper,base,0,noise,CHUẨN BỊ CHO NGÀY KHAI TRƯƠNG CỬA HÀNG ĐẦU TIÊN, Chỉnh bị cho ngày khai trương cửa hẹn đầu tiên.
VIVOSDEV03_R148_clean,vivos,whisper,base,clean,clean,MỘT VỤ CHẬP ĐIỆN ĐÃ KHIẾN NGỌN LỬA BÙNG LÊN, Một vụ chập điện đã khiến ngọn lửa bùng lên.
VIVOSDEV03_R148_snr20,vivos,whisper,base,20,noise,MỘT VỤ CHẬP ĐIỆN ĐÃ KHIẾN NGỌN LỬA BÙNG LÊN, Một vụ chập điện đã khiến ngọn lửa bùng lên
VIVOSDEV03_R148_snr10,vivos,whisper,base,10,speech,MỘT VỤ CHẬP ĐIỆN ĐÃ KHIẾN NGỌN LỬA BÙNG LÊN, Một vụ chập điện đã khiến ngọn lửa bụng lên.
VIVOSDEV03_R148_snr5,vivos,whisper,base,5,music,MỘT VỤ CHẬP ĐIỆN ĐÃ KHIẾN NGỌN LỬA BÙNG LÊN, Mà bộ chạp liền đã khiến ngọn lỡ bụng lên
VIVOSDEV03_R148_snr0,vivos,whisper,base,0,speech,MỘT VỤ CHẬP ĐIỆN ĐÃ KHIẾN NGỌN LỬA BÙNG LÊN, Mà 4 chập tiền đã khiến ngon lửa buông lớn.
VIVOSDEV07_064_clean,vivos,whisper,base,clean,clean,CỨ CHỤM CÁC ĐẦU NGÓN TAY LẠI MỘT CHỖ, Cứ chấm các đầu ngon tay lại 1 chỗ
VIVOSDEV07_064_snr20,vivos,whisper,base,20,music,CỨ CHỤM CÁC ĐẦU NGÓN TAY LẠI MỘT CHỖ, Cứ chấm các đầu ngon tay lại một chỗ
VIVOSDEV07_064_snr10,vivos,whisper,base,10,speech,CỨ CHỤM CÁC ĐẦU NGÓN TAY LẠI MỘT CHỖ, Cứ chấm các đầu có tay lại mong chỗ.
VIVOSDEV07_064_snr5,vivos,whisper,base,5,noise,CỨ CHỤM CÁC ĐẦU NGÓN TAY LẠI MỘT CHỖ, Cứ trưởng các đầu có tay lại một chổ.
VIVOSDEV07_064_snr0,vivos,whisper,base,0,music,CỨ CHỤM CÁC ĐẦU NGÓN TAY LẠI MỘT CHỖ, Cứ chẳng cách đầu có tay lại một chổ
VIVOSDEV18_021_clean,vivos,whisper,base,clean,clean,VẤN ĐỀ ĐẶT RA Ở ĐÂY LÀ LÀM THẾ NÀO ĐỂ, Bến đề rật ra ở đây là làm thế nào để?
VIVOSDEV18_021_snr20,vivos,whisper,base,20,speech,VẤN ĐỀ ĐẶT RA Ở ĐÂY LÀ LÀM THẾ NÀO ĐỂ, Bến đề rật ra ở đây là làm thế nào để
VIVOSDEV18_021_snr10,vivos,whisper,base,10,noise,VẤN ĐỀ ĐẶT RA Ở ĐÂY LÀ LÀM THẾ NÀO ĐỂ, Cứng đề rật ra ở đây là làm thế nào đấy?
VIVOSDEV18_021_snr5,vivos,whisper,base,5,noise,VẤN ĐỀ ĐẶT RA Ở ĐÂY LÀ LÀM THẾ NÀO ĐỂ, Bình đề rạu đây là làm thế này
VIVOSDEV18_021_snr0,vivos,whisper,base,0,speech,VẤN ĐỀ ĐẶT RA Ở ĐÂY LÀ LÀM THẾ NÀO ĐỂ, Rồi đây là lần này nào đấy
VIVOSDEV01_R146_clean,vivos,whisper,base,clean,clean,HIỆN RA TẬN PHÍA XA, Hẹn gặp đánh phía sạch.
VIVOSDEV01_R146_snr20,vivos,whisper,base,20,noise,HIỆN RA TẬN PHÍA XA, Hẹn gặp đánh phía
VIVOSDEV01_R146_snr10,vivos,whisper,base,10,noise,HIỆN RA TẬN PHÍA XA, Hình gà tầm phí sạ
VIVOSDEV01_R146_snr5,vivos,whisper,base,5,noise,HIỆN RA TẬN PHÍA XA, Hẹn gặp đánh phía sạch.
VIVOSDEV01_R146_snr0,vivos,whisper,base,0,noise,HIỆN RA TẬN PHÍA XA, Cái gì vậy?
VIVOSDEV15_200_clean,vivos,whisper,base,clean,clean,NÓI CHUYỆN MỘT HỒI ÔNG LÀM BỘ ĐỂ TAY LÊN TAY EM TRÊN CẦN SỐ, Nói chuyện 1 hồi ông là bộ đẻ tay lên tay em trên cẩn số.
VIVOSDEV15_200_snr20,vivos,whisper,base,20,music,NÓI CHUYỆN MỘT HỒI ÔNG LÀM BỘ ĐỂ TAY LÊN TAY EM TRÊN CẦN SỐ, Nói chuyện bột hồi ông là bộ đẻ tay lên tay em trên cần số.
VIVOSDEV15_200_snr10,vivos,whisper,base,10,noise,NÓI CHUYỆN MỘT HỒI ÔNG LÀM BỘ ĐỂ TAY LÊN TAY EM TRÊN CẦN SỐ," Nói chuyện bở hồi ông là bộ đẻ tay, nhanh tay em trên cần số."
VIVOSDEV15_200_snr5,vivos,whisper,base,5,noise,NÓI CHUYỆN MỘT HỒI ÔNG LÀM BỘ ĐỂ TAY LÊN TAY EM TRÊN CẦN SỐ, Nói chuyện 1 hồi ông làm bộ để tay lên tay em trên cần số.
VIVOSDEV15_200_snr0,vivos,whisper,base,0,noise,NÓI CHUYỆN MỘT HỒI ÔNG LÀM BỘ ĐỂ TAY LÊN TAY EM TRÊN CẦN SỐ, Nói chuyện bộ hồi ống là bộ đẻ tay lên tay em trên tần số.
VIVOSDEV10_266_clean,vivos,whisper,base,clean,clean,TỪ TRÊN NÓC NHÀ NHÌN XUỐNG CÓ KHÁC, Cở chân ngốc nhàng nhìn xuống có hết.
VIVOSDEV10_266_snr20,vivos,whisper,base,20,noise,TỪ TRÊN NÓC NHÀ NHÌN XUỐNG CÓ KHÁC, Cở chân ngốc nhàng nhìn xuống có hết
VIVOSDEV10_266_snr10,vivos,whisper,base,10,noise,TỪ TRÊN NÓC NHÀ NHÌN XUỐNG CÓ KHÁC, Cở gần op nhàng nhìn xuống có hết.
VIVOSDEV10_266_snr5,vivos,whisper,base,5,noise,TỪ TRÊN NÓC NHÀ NHÌN XUỐNG CÓ KHÁC, từ trên ngốc nhà nhìn xuống có hết
VIVOSDEV10_266_snr0,vivos,whisper,base,0,music,TỪ TRÊN NÓC NHÀ NHÌN XUỐNG CÓ KHÁC, Cởi chân ngốc nhàng nhìn xuống có hết.
VIVOSDEV13_069_clean,vivos,whisper,base,clean,clean,NHỮNG ĐIẾU THUỐC VÔ Ý ĐỐT CHÁY VÀI CHỖ TRÊN CHIẾC SÔ PHA BỌC VẢI, Những điều thuốc vừa ý đốt cháy vài chỗ trên chích sofa bọc vải.
VIVOSDEV13_069_snr20,vivos,whisper,base,20,music,NHỮNG ĐIẾU THUỐC VÔ Ý ĐỐT CHÁY VÀI CHỖ TRÊN CHIẾC SÔ PHA BỌC VẢI, Những điều thuốc vừa ý đốt trái vài chỗ trên chức sofa bọc vải.
VIVOSDEV13_069_snr10,vivos,whisper,base,10,music,NHỮNG ĐIẾU THUỐC VÔ Ý ĐỐT CHÁY VÀI CHỖ TRÊN CHIẾC SÔ PHA BỌC VẢI, Những điều thuốc của ý đốt trái vài chỗ trên chức sofa 1 vải.
VIVOSDEV13_069_snr5,vivos,whisper,base,5,noise,NHỮNG ĐIẾU THUỐC VÔ Ý ĐỐT CHÁY VÀI CHỖ TRÊN CHIẾC SÔ PHA BỌC VẢI, Này đi phố vừa ý đốt cháy vài chỗ trên chí socha bọc vải
VIVOSDEV13_069_snr0,vivos,whisper,base,0,speech,NHỮNG ĐIẾU THUỐC VÔ Ý ĐỐT CHÁY VÀI CHỖ TRÊN CHIẾC SÔ PHA BỌC VẢI, Nhanh đế phố hỳ đốc cháy và chữa trên xô khá bọc quái.
VIVOSDEV04_R187_clean,vivos,whisper,base,clean,clean,THỨ ÂM THANH KHÔNG CHỈ CẢM NHẬN BẰNG THÍNH GIÁC, Thứ âm thân không chỉ cảm nhận bèn thân dắc.
VIVOSDEV04_R187_snr20,vivos,whisper,base,20,music,THỨ ÂM THANH KHÔNG CHỈ CẢM NHẬN BẰNG THÍNH GIÁC, Thứ âm thân không chỉ cảm nhận bèng thân giác.
VIVOSDEV04_R187_snr10,vivos,whisper,base,10,music,THỨ ÂM THANH KHÔNG CHỈ CẢM NHẬN BẰNG THÍNH GIÁC, Thứ âm thân không chỉ cảm nhận bèn thân giác.
VIVOSDEV04_R187_snr5,vivos,whisper,base,5,noise,THỨ ÂM THANH KHÔNG CHỈ CẢM NHẬN BẰNG THÍNH GIÁC, Thứ ông thân không chỉ cảm nhận bàn thân giác.
VIVOSDEV04_R187_snr0,vivos,whisper,base,0,music,THỨ ÂM THANH KHÔNG CHỈ CẢM NHẬN BẰNG THÍNH GIÁC, Thứ âm thân không chỉ cảm nhận bèng thân dắt.
VIVOSDEV02_R122_clean,vivos,whisper,base,clean,clean,CŨNG KHIẾN CHO HỌ DÈ DẶT, Cống khí trả hạ về việc.
VIVOSDEV02_R122_snr20,vivos,whisper,base,20,noise,CŨNG KHIẾN CHO HỌ DÈ DẶT, cũng kết cho hạ về việc.
VIVOSDEV02_R122_snr10,vivos,whisper,base,10,speech,CŨNG KHIẾN CHO HỌ DÈ DẶT," Công phê trở hạ, yeah yeah"
VIVOSDEV02_R122_snr5,vivos,whisper,base,5,noise,CŨNG KHIẾN CHO HỌ DÈ DẶT, Cống phía trả hạ về
VIVOSDEV02_R122_snr0,vivos,whisper,base,0,noise,CŨNG KHIẾN CHO HỌ DÈ DẶT, cũng thích cho hạ về
VIVOSDEV14_108_clean,vivos,whisper,base,clean,clean,NGƯỜI PHÁP ĐÃ ĐỒNG Ý VỚI CÁCH QUẢN LÝ LĨNH VỰC DÀNH RIÊNG, Người pháp đã đồng ý với các quản lý đến vật dân riêng.
VIVOSDEV14_108_snr20,vivos,whisper,base,20,noise,NGƯỜI PHÁP ĐÃ ĐỒNG Ý VỚI CÁCH QUẢN LÝ LĨNH VỰC DÀNH RIÊNG, Người pháp đã đồng ý với các quản lưu đến vật dân riêng.
VIVOSDEV14_108_snr10,vivos,whisper,base,10,music,NGƯỜI PHÁP ĐÃ ĐỒNG Ý VỚI CÁCH QUẢN LÝ LĨNH VỰC DÀNH RIÊNG, Người pháp đã đồng ý với các quản lý đến một dân rây.
VIVOSDEV14_108_snr5,vivos,whisper,base,5,music,NGƯỜI PHÁP ĐÃ ĐỒNG Ý VỚI CÁCH QUẢN LÝ LĨNH VỰC DÀNH RIÊNG, Người pháp đã đồng ý với các quả mấy đến một dân ri
VIVOSDEV14_108_snr0,vivos,whisper,base,0,noise,NGƯỜI PHÁP ĐÃ ĐỒNG Ý VỚI CÁCH QUẢN LÝ LĨNH VỰC DÀNH RIÊNG, Người phát đại đầu mỗi với các quệnh lý đến ngột dân ri
VIVOSDEV11_242_clean,vivos,whisper,base,clean,clean,CHÍN MƯƠI CHÍN MƯƠI MỐT, 90 90 1
VIVOSDEV11_242_snr20,vivos,whisper,base,20,noise,CHÍN MƯƠI CHÍN MƯƠI MỐT," 90, 91"
VIVOSDEV11_242_snr10,vivos,whisper,base,10,speech,CHÍN MƯƠI CHÍN MƯƠI MỐT," 90, 90 mọi mọi mọi mọi mọi mọi mọi mọi mọi mọi mọi mọi mọi mọi mọi mọi mọi mọi mọi mọi mọi mọi mọi mọi mọi mọi mọi mọi mọi mọi mọi mọi mọi mọi mọi mọi mọi mọi mọi mọi mọi mọi mọi mọi mọi mọi mọi mọi mọi mọi mọi mọi mọi mọi mọi mọi mọi mọi mọi mọi mọi mọi m"
VIVOSDEV11_242_snr5,vivos,whisper,base,5,music,CHÍN MƯƠI CHÍN MƯƠI MỐT, 90 90 1
VIVOSDEV11_242_snr0,vivos,whisper,base,0,music,CHÍN MƯƠI CHÍN MƯƠI MỐT, 90 90 1
VIVOSDEV05_125_clean,vivos,whisper,base,clean,clean,ĐANG LÀM VIỆC KHÔNG NGỪNG NGHỈ, đang làm bị không ngừng nghĩ.
VIVOSDEV05_125_snr20,vivos,whisper,base,20,speech,ĐANG LÀM VIỆC KHÔNG NGỪNG NGHỈ, đang làm bị không ngừng nghĩ
VIVOSDEV05_125_snr10,vivos,whisper,base,10,music,ĐANG LÀM VIỆC KHÔNG NGỪNG NGHỈ, đang làm bị không ngừng nghĩ
VIVOSDEV05_125_snr5,vivos,whisper,base,5,music,ĐANG LÀM VIỆC KHÔNG NGỪNG NGHỈ, đang làm việc không nên nghĩ
VIVOSDEV05_125_snr0,vivos,whisper,base,0,noise,ĐANG LÀM VIỆC KHÔNG NGỪNG NGHỈ, đang làm việc không ngừng đấy
VIVOSDEV01_R187_clean,vivos,whisper,base,clean,clean,THẬT SỰ MÀ LÀ BỞI LÒNG HẬN THÙ, Hực sự ma la bởi lòng hẳn hồ.
VIVOSDEV01_R187_snr20,vivos,whisper,base,20,speech,THẬT SỰ MÀ LÀ BỞI LÒNG HẬN THÙ, Hực sự mà là bởi lòng hẳn hồ.
VIVOSDEV01_R187_snr10,vivos,whisper,base,10,noise,THẬT SỰ MÀ LÀ BỞI LÒNG HẬN THÙ, Hực sự ma là bởi lòng hẳn hồ.
VIVOSDEV01_R187_snr5,vivos,whisper,base,5,music,THẬT SỰ MÀ LÀ BỞI LÒNG HẬN THÙ, thật sự mà là bởi rộng hộ
VIVOSDEV01_R187_snr0,vivos,whisper,base,0,noise,THẬT SỰ MÀ LÀ BỞI LÒNG HẬN THÙ, thật trở mẹ là bởi lòng mừng hộ
VIVOSDEV16_273_clean,vivos,whisper,base,clean,clean,CHÚNG TÔI ĐÃ ĐIỀU TRA NHỮNG TRƯỜNG HỢP CÓ NGHI VẤN GIAN DỐI, Chúng tôi đã điều tra những trường hợp có nguy vắng dây dối.
VIVOSDEV16_273_snr20,vivos,whisper,base,20,noise,CHÚNG TÔI ĐÃ ĐIỀU TRA NHỮNG TRƯỜNG HỢP CÓ NGHI VẤN GIAN DỐI, Chúng tôi đã điều tra những trường hợp có nguy vắng dây dối.
VIVOSDEV16_273_snr10,vivos,whisper,base,10,noise,CHÚNG TÔI ĐÃ ĐIỀU TRA NHỮNG TRƯỜNG HỢP CÓ NGHI VẤN GIAN DỐI, Chúng tôi đã điều tra những trường hợp có đi vắng giang dối.
VIVOSDEV16_273_snr5,vivos,whisper,base,5,music,CHÚNG TÔI ĐÃ ĐIỀU TRA NHỮNG TRƯỜNG HỢP CÓ NGHI VẤN GIAN DỐI, Chúng tôi đã điều tra những trường hợp có đi văn trây dối
VIVOSDEV16_273_snr0,vivos,whisper,base,0,music,CHÚNG TÔI ĐÃ ĐIỀU TRA NHỮNG TRƯỜNG HỢP CÓ NGHI VẤN GIAN DỐI, Giúp tôi đã đều ca những trung hợp tắc đi bán kênh lối.
VIVOSDEV09_022_clean,vivos,whisper,base,clean,clean,TRỨNG MỰC QUYẾN RŨ CÁC NGƯ DÂN, Chứng mật quý lộ các ngư dân.
VIVOSDEV09_022_snr20,vivos,whisper,base,20,music,TRỨNG MỰC QUYẾN RŨ CÁC NGƯ DÂN, Chứng mật quý lộ các ngư dân
VIVOSDEV09_022_snr10,vivos,whisper,base,10,noise,TRỨNG MỰC QUYẾN RŨ CÁC NGƯ DÂN, Chứng mật quý ngậu cách người dân.
VIVOSDEV09_022_snr5,vivos,whisper,base,5,noise,TRỨNG MỰC QUYẾN RŨ CÁC NGƯ DÂN, Chứng mặt muốn ngậu các mùi ra.
VIVOSDEV09_022_snr0,vivos,whisper,base,0,speech,TRỨNG MỰC QUYẾN RŨ CÁC NGƯ DÂN," Mẹp, mình không biết mình không biết mình không biết mình không biết mình không biết mình không biết mình không biết mình không biết mình không biết mình không biết mình không biết mình không biết mình không biết mình không biết mình không biết mình không biết mình không biết mình không biết mình không biết mình không biết mình không biết mình không biết mình không biết mình không biết mình không biết mình không biết mình không biết mình không biết mình không biết mình không biết mình không biết mình không biết mình không biết mình không biết mình không biết mình không biết mình không biết mình không biết mình không biết mình không biết mình không biết mình"
VIVOSDEV14_027_clean,vivos,whisper,base,clean,clean,BẠN CÓ THỂ THAM KHẢO MỘT SƠ YẾU LÝ LỊCH ĐIỆN TỬ SAU ĐÂY, Bạn có thể tham khá một số xây đi lịch tìm tử xao đây.
VIVOSDEV14_027_snr20,vivos,whisper,base,20,speech,BẠN CÓ THỂ THAM KHẢO MỘT SƠ YẾU LÝ LỊCH ĐIỆN TỬ SAU ĐÂY, Bạn có thể tham khá một số xây đi lịch tiện tử sau đây.
VIVOSDEV14_027_snr10,vivos,whisper,base,10,noise,BẠN CÓ THỂ THAM KHẢO MỘT SƠ YẾU LÝ LỊCH ĐIỆN TỬ SAU ĐÂY, Bạn có thể tham khá một số xây đi lịch tỉnh tử xao đây.
VIVOSDEV14_027_snr5,vivos,whisper,base,5,speech,BẠN CÓ THỂ THAM KHẢO MỘT SƠ YẾU LÝ LỊCH ĐIỆN TỬ SAU ĐÂY, Bạn có thể tham khá một sâu sơ ý về lịch sĩ ổ chữ.
VIVOSDEV14_027_snr0,vivos,whisper,base,0,music,BẠN CÓ THỂ THAM KHẢO MỘT SƠ YẾU LÝ LỊCH ĐIỆN TỬ SAU ĐÂY," Bạn có thể tham khảo một số xôi, điên được định của xau đây."
VIVOSDEV01_R098_clean,vivos,whisper,base,clean,clean,TỈNH QUẢNG TRỊ ĐÃ PHÊ DUYỆT, Tỉnh quán trị đã phê việc.
VIVOSDEV01_R098_snr20,vivos,whisper,base,20,noise,TỈNH QUẢNG TRỊ ĐÃ PHÊ DUYỆT, Tỉnh quán trị đã phê dịp.
VIVOSDEV01_R098_snr10,vivos,whisper,base,10,speech,TỈNH QUẢNG TRỊ ĐÃ PHÊ DUYỆT, Tấtn quán kì đã phở về
VIVOSDEV01_R098_snr5,vivos,whisper,base,5,noise,TỈNH QUẢNG TRỊ ĐÃ PHÊ DUYỆT, Bánh quán kì đã ở phía nghiệp.
VIVOSDEV01_R098_snr0,vivos,whisper,base,0,music,TỈNH QUẢNG TRỊ ĐÃ PHÊ DUYỆT, Tỉnh quán trị đã phê dịch.
VIVOSDEV06_296_clean,vivos,whisper,base,clean,clean,CÔ ẤY ĐÃ QUÁ CHÉN, Cô ấy đã quá chín.
VIVOSDEV06_296_snr20,vivos,whisper,base,20,speech,CÔ ẤY ĐÃ QUÁ CHÉN, Cô ấy đã quá chiến.
VIVOSDEV06_296_snr10,vivos,whisper,base,10,speech,CÔ ẤY ĐÃ QUÁ CHÉN, Cô ấy đã quá chín
VIVOSDEV06_296_snr5,vivos,whisper,base,5,speech,CÔ ẤY ĐÃ QUÁ CHÉN, Cô ấy đã hoa chín.
VIVOSDEV06_296_snr0,vivos,whisper,base,0,music,CÔ ẤY ĐÃ QUÁ CHÉN, Cô ấy đã quá chếm
VIVOSDEV01_R058_clean,vivos,whisper,base,clean,clean,GIÁM ĐỐC SỞ GIÁO DỤC ĐÀO TẠO NINH THUẬN CHO BIẾT, Giám đốc sợ giáo dục đào tạo nên hưởng cho biết.
VIVOSDEV01_R058_snr20,vivos,whisper,base,20,noise,GIÁM ĐỐC SỞ GIÁO DỤC ĐÀO TẠO NINH THUẬN CHO BIẾT, Giám đốc sợ giáo dục đào tờ nên hưởng cho biết.
VIVOSDEV01_R058_snr10,vivos,whisper,base,10,music,GIÁM ĐỐC SỞ GIÁO DỤC ĐÀO TẠO NINH THUẬN CHO BIẾT, Giang nóng sợ giáo dụng đào thảo nên hổng cho biết.
VIVOSDEV01_R058_snr5,vivos,whisper,base,5,noise,GIÁM ĐỐC SỞ GIÁO DỤC ĐÀO TẠO NINH THUẬN CHO BIẾT, Giám đốc sợ giáo dục đào tạo nên hướng cho biết.
VIVOSDEV01_R058_snr0,vivos,whisper,base,0,noise,GIÁM ĐỐC SỞ GIÁO DỤC ĐÀO TẠO NINH THUẬN CHO BIẾT," I have to observe, I have to observe, I have to observe, I have to observe"
VIVOSDEV08_208_clean,vivos,whisper,base,clean,clean,HAI MƯƠI HAI HAI MƯƠI BA," Hãy mì hãy, hãy mì bà"
VIVOSDEV08_208_snr20,vivos,whisper,base,20,speech,HAI MƯƠI HAI HAI MƯƠI BA, Hãy mưa hãy mưa bà
VIVOSDEV08_208_snr10,vivos,whisper,base,10,noise,HAI MƯƠI HAI HAI MƯƠI BA, Hãy mê hãy mê bá
VIVOSDEV08_208_snr5,vivos,whisper,base,5,noise,HAI MƯƠI HAI HAI MƯƠI BA, Hay mì hả? Hay mì bò
VIVOSDEV08_208_snr0,vivos,whisper,base,0,music,HAI MƯƠI HAI HAI MƯƠI BA," Hãy mì hãy, hãy mì bà"
VIVOSDEV08_214_clean,vivos,whisper,base,clean,clean,BA MƯƠI BỐN BA MƯƠI LĂM," Bà 14, Bà 15"
VIVOSDEV08_214_snr20,vivos,whisper,base,20,music,BA MƯƠI BỐN BA MƯƠI LĂM," Bà 14, 35"
VIVOSDEV08_214_snr10,vivos,whisper,base,10,music,BA MƯƠI BỐN BA MƯƠI LĂM," 30 vớm, 35"
VIVOSDEV08_214_snr5,vivos,whisper,base,5,music,BA MƯƠI BỐN BA MƯƠI LĂM," 30 vớm, 35"
VIVOSDEV08_214_snr0,vivos,whisper,base,0,music,BA MƯƠI BỐN BA MƯƠI LĂM," 314, 315"
VIVOSDEV07_093_clean,vivos,whisper,base,clean,clean,PHỤC VỤ CHO MÙA THI ĐẠI HỌC ĐANG ĐẾN SÁT SẠT, Phục vụ cho mùa thì đại học đang đến sách xa.
VIVOSDEV07_093_snr20,vivos,whisper,base,20,speech,PHỤC VỤ CHO MÙA THI ĐẠI HỌC ĐANG ĐẾN SÁT SẠT, Phục vụ cho mùa thì đại học đang đến sách xa.
VIVOSDEV07_093_snr10,vivos,whisper,base,10,noise,PHỤC VỤ CHO MÙA THI ĐẠI HỌC ĐANG ĐẾN SÁT SẠT, Phục vụ cho mồ thì đại học đang đến sách xa.
VIVOSDEV07_093_snr5,vivos,whisper,base,5,music,PHỤC VỤ CHO MÙA THI ĐẠI HỌC ĐANG ĐẾN SÁT SẠT, Hột vụ cho mồ thi đại học đang đến chắc xác
VIVOSDEV07_093_snr0,vivos,whisper,base,0,noise,PHỤC VỤ CHO MÙA THI ĐẠI HỌC ĐANG ĐẾN SÁT SẠT, Phục vũ cho mùa thì đại học đang đến sát xe.
VIVOSDEV05_286_clean,vivos,whisper,base,clean,clean,THẾ NHƯNG KHI GIÁ PHÔI THÉP THẾ GIỚI CAO DẦN, Thế những quý giá phùy tép thế giới giao yên.
VIVOSDEV05_286_snr20,vivos,whisper,base,20,noise,THẾ NHƯNG KHI GIÁ PHÔI THÉP THẾ GIỚI CAO DẦN, Thế nhưng kì giả phổi tế giới cao dần.
VIVOSDEV05_286_snr10,vivos,whisper,base,10,music,THẾ NHƯNG KHI GIÁ PHÔI THÉP THẾ GIỚI CAO DẦN, Thế những kì giả phôi tếp thế giới cao dần.
VIVOSDEV05_286_snr5,vivos,whisper,base,5,noise,THẾ NHƯNG KHI GIÁ PHÔI THÉP THẾ GIỚI CAO DẦN, Thế nhưng khi giả phùi tép thế giới cao nhận.
VIVOSDEV05_286_snr0,vivos,whisper,base,0,noise,THẾ NHƯNG KHI GIÁ PHÔI THÉP THẾ GIỚI CAO DẦN, Tử những quý giả pho tép thế giới giao yên.
VIVOSDEV13_227_clean,vivos,whisper,base,clean,clean,TẠI ĐÂY CÓ MỘT ÔNG TRƯỞNG PHÒNG NHÂN SỰ CÔNG TY, Tại đây có một ông chưởng phòng nhân sử công ty.
VIVOSDEV13_227_snr20,vivos,whisper,base,20,noise,TẠI ĐÂY CÓ MỘT ÔNG TRƯỞNG PHÒNG NHÂN SỰ CÔNG TY, Tại đây có một ông chưởng phòng nhân sử công ty.
VIVOSDEV13_227_snr10,vivos,whisper,base,10,music,TẠI ĐÂY CÓ MỘT ÔNG TRƯỞNG PHÒNG NHÂN SỰ CÔNG TY, Tại đây có một ống chứng phòng nhân sử công ty.
VIVOSDEV13_227_snr5,vivos,whisper,base,5,music,TẠI ĐÂY CÓ MỘT ÔNG TRƯỞNG PHÒNG NHÂN SỰ CÔNG TY, Tại đây có một ông chứng phòng nhân sử công ty.
VIVOSDEV13_227_snr0,vivos,whisper,base,0,speech,TẠI ĐÂY CÓ MỘT ÔNG TRƯỞNG PHÒNG NHÂN SỰ CÔNG TY, Tại sao có phần ông chứng phòng nhân sử công ty?
VIVOSDEV07_182_clean,vivos,whisper,base,clean,clean,NHỮNG NGƯỜI HOÀI NGHI NÓI RẰNG GIỮ ĐƯỢC VẬT TREO LỦNG LẲNG TRÊN NGƯỜI, Những người hoài ngay nói rằng giữ được vật trao lũ lãng trên người.
VIVOSDEV07_182_snr20,vivos,whisper,base,20,speech,NHỮNG NGƯỜI HOÀI NGHI NÓI RẰNG GIỮ ĐƯỢC VẬT TREO LỦNG LẲNG TRÊN NGƯỜI, Những người hoài nghe nói rằng giữ được vật trao lũ lãng trên người.
VIVOSDEV07_182_snr10,vivos,whisper,base,10,noise,NHỮNG NGƯỜI HOÀI NGHI NÓI RẰNG GIỮ ĐƯỢC VẬT TREO LỦNG LẲNG TRÊN NGƯỜI, Những người hoài ngay nói đằng giữ được bật trao lũ lãng trên người.
VIVOSDEV07_182_snr5,vivos,whisper,base,5,noise,NHỮNG NGƯỜI HOÀI NGHI NÓI RẰNG GIỮ ĐƯỢC VẬT TREO LỦNG LẲNG TRÊN NGƯỜI, giữ người hoài nghe nói rằng giữ được và trao lũ lãnh trên người.
VIVOSDEV07_182_snr0,vivos,whisper,base,0,speech,NHỮNG NGƯỜI HOÀI NGHI NÓI RẰNG GIỮ ĐƯỢC VẬT TREO LỦNG LẲNG TRÊN NGƯỜI, những người hoài nghe nói làng giữ được quật trèo lũ lắng chất ngời.
VIVOSDEV06_001_clean,vivos,whisper,base,clean,clean,ĐƠN GIẢN LÀ TÁN GẪU VỚI NHAU, Đơn giản là tán gộ với nhau.
VIVOSDEV06_001_snr20,vivos,whisper,base,20,noise,ĐƠN GIẢN LÀ TÁN GẪU VỚI NHAU, Đơn giản là tán gộ với nhau
VIVOSDEV06_001_snr10,vivos,whisper,base,10,music,ĐƠN GIẢN LÀ TÁN GẪU VỚI NHAU, Đơn giản là tán gộ với nhau
VIVOSDEV06_001_snr5,vivos,whisper,base,5,noise,ĐƠN GIẢN LÀ TÁN GẪU VỚI NHAU, Đơn giản là tán gậu với nhau
VIVOSDEV06_001_snr0,vivos,whisper,base,0,noise,ĐƠN GIẢN LÀ TÁN GẪU VỚI NHAU, đơn giản là tán gộ với nhau
VIVOSDEV09_297_clean,vivos,whisper,base,clean,clean,THẾ NÀO LÀ HOÀN HẢO, Thế nào là hoàn hảo
VIVOSDEV09_297_snr20,vivos,whisper,base,20,noise,THẾ NÀO LÀ HOÀN HẢO, Thế nào là hoàn hảo
VIVOSDEV09_297_snr10,vivos,whisper,base,10,noise,THẾ NÀO LÀ HOÀN HẢO, Thế nào là hoàn hảo
VIVOSDEV09_297_snr5,vivos,whisper,base,5,music,THẾ NÀO LÀ HOÀN HẢO, phê nào là hoàn áo
VIVOSDEV09_297_snr0,vivos,whisper,base,0,music,THẾ NÀO LÀ HOÀN HẢO, Thế nào là hoàn hảo
VIVOSDEV15_121_clean,vivos,whisper,base,clean,clean,TRẢI DÀI HÀNG CHỤC CÂY SỐ ĐỀU THU GỌN VÀO TẦM MẮT, chạy dài hàng chục cây số để thu gọn vào tấm mắt.
VIVOSDEV15_121_snr20,vivos,whisper,base,20,music,TRẢI DÀI HÀNG CHỤC CÂY SỐ ĐỀU THU GỌN VÀO TẦM MẮT, chạy dài hàng chục cây số đều thu gọi vào tấm mắt.
VIVOSDEV15_121_snr10,vivos,whisper,base,10,speech,TRẢI DÀI HÀNG CHỤC CÂY SỐ ĐỀU THU GỌN VÀO TẦM MẮT, Chạy ra hàng chốt cái số đều thua gạo vào tầm mắt.
VIVOSDEV15_121_snr5,vivos,whisper,base,5,music,TRẢI DÀI HÀNG CHỤC CÂY SỐ ĐỀU THU GỌN VÀO TẦM MẮT, Chạy ra hàng chốt cây số đều thu hợp vào tấm mắt.
VIVOSDEV15_121_snr0,vivos,whisper,base,0,noise,TRẢI DÀI HÀNG CHỤC CÂY SỐ ĐỀU THU GỌN VÀO TẦM MẮT, chạy ra hẳn chốt cây số đều thu gọn vào tấm mắt
VIVOSDEV15_209_clean,vivos,whisper,base,clean,clean,HỌ THÍCH NGHI VỚI VĂN HÓA CÔNG TY NHƯ THẾ NÀO, Họ thích ghi với văn hóa công ty như thế nào?
VIVOSDEV15_209_snr20,vivos,whisper,base,20,speech,HỌ THÍCH NGHI VỚI VĂN HÓA CÔNG TY NHƯ THẾ NÀO, Họ thích ghi với văn hóa công ty như thế nào?
VIVOSDEV15_209_snr10,vivos,whisper,base,10,speech,HỌ THÍCH NGHI VỚI VĂN HÓA CÔNG TY NHƯ THẾ NÀO, Họ thích ghi với văn phá công ty như thế nào?
VIVOSDEV15_209_snr5,vivos,whisper,base,5,music,HỌ THÍCH NGHI VỚI VĂN HÓA CÔNG TY NHƯ THẾ NÀO, Họ thích ghi với văn hóa công ty như thế nào?
VIVOSDEV15_209_snr0,vivos,whisper,base,0,music,HỌ THÍCH NGHI VỚI VĂN HÓA CÔNG TY NHƯ THẾ NÀO, Họt kinh nghi với văn hòa con tình như thế nào?
VIVOSDEV11_036_clean,vivos,whisper,base,clean,clean,TÔI CÓ THỂ CĂM GIẬN ĐỦ THỨ, Tòi có thể cầm dần đủ thứ
VIVOSDEV11_036_snr20,vivos,whisper,base,20,noise,TÔI CÓ THỂ CĂM GIẬN ĐỦ THỨ, Còn có thể cầm dần đủ thứ
VIVOSDEV11_036_snr10,vivos,whisper,base,10,noise,TÔI CÓ THỂ CĂM GIẬN ĐỦ THỨ, tôi có thể cầm dần đủ thứ
VIVOSDEV11_036_snr5,vivos,whisper,base,5,music,TÔI CÓ THỂ CĂM GIẬN ĐỦ THỨ, Toi có thể cầm dần đủ thứ
VIVOSDEV11_036_snr0,vivos,whisper,base,0,speech,TÔI CÓ THỂ CĂM GIẬN ĐỦ THỨ, Bất bất bất bất bất bất bất bất bất bất bất bất bất bất bất bất bất bất bất bất bất bất bất bất bất bất bất bất bất bất bất bất bất bất bất bất bất bất bất bất bất bất bất bất bất bất bất bất bất bất bất bất bất bất bất bất bất bất bất bất bất bất bất bất
VIVOSDEV04_R100_clean,vivos,whisper,base,clean,clean,BÀ NÓI, Bà nói
VIVOSDEV04_R100_snr20,vivos,whisper,base,20,noise,BÀ NÓI, Bà nói
VIVOSDEV04_R100_snr10,vivos,whisper,base,10,music,BÀ NÓI, Bà nói
VIVOSDEV04_R100_snr5,vivos,whisper,base,5,speech,BÀ NÓI, bà nội
VIVOSDEV04_R100_snr0,vivos,whisper,base,0,noise,BÀ NÓI, Bà nỗi
VIVOSDEV11_048_clean,vivos,whisper,base,clean,clean,VÀNG ÓNG ĐÔI GHỆT CAO CỔ CỦA NGỰ LÂM QUÂN, vàng ấm đôi gật cao cổ của người Lâm Quân.
VIVOSDEV11_048_snr20,vivos,whisper,base,20,noise,VÀNG ÓNG ĐÔI GHỆT CAO CỔ CỦA NGỰ LÂM QUÂN, vàng ấm đôi gật cao cổ của người lắm quân.
VIVOSDEV11_048_snr10,vivos,whisper,base,10,music,VÀNG ÓNG ĐÔI GHỆT CAO CỔ CỦA NGỰ LÂM QUÂN, vàng ấm đôi gật cao cổ của người Lâm Quân.
VIVOSDEV11_048_snr5,vivos,whisper,base,5,speech,VÀNG ÓNG ĐÔI GHỆT CAO CỔ CỦA NGỰ LÂM QUÂN, Vàng ổng đôi gật rao cổ của người lắm quân
VIVOSDEV11_048_snr0,vivos,whisper,base,0,music,VÀNG ÓNG ĐÔI GHỆT CAO CỔ CỦA NGỰ LÂM QUÂN, vàng ông đôi gật cao cổ của người lắm quân
VIVOSDEV17_213_clean,vivos,whisper,base,clean,clean,ĐOÀN ĐI THUYỀN ĐẾN MỘT KHU LÀNG DÂN TỘC THIỂU SỐ, Đoạn đi thiền đến một khu làng dân tập thị sốt.
VIVOSDEV17_213_snr20,vivos,whisper,base,20,noise,ĐOÀN ĐI THUYỀN ĐẾN MỘT KHU LÀNG DÂN TỘC THIỂU SỐ, Đoạn đi thiền đến một khu làng dân tập thị sốt.
VIVOSDEV17_213_snr10,vivos,whisper,base,10,noise,ĐOÀN ĐI THUYỀN ĐẾN MỘT KHU LÀNG DÂN TỘC THIỂU SỐ, Đoạn đi thiền đến một khu làng dân tập thị sốt.
VIVOSDEV17_213_snr5,vivos,whisper,base,5,speech,ĐOÀN ĐI THUYỀN ĐẾN MỘT KHU LÀNG DÂN TỘC THIỂU SỐ, Rồi phản lý thiệt đến một khô lệ nhưng tập khí xó.
VIVOSDEV17_213_snr0,vivos,whisper,base,0,music,ĐOÀN ĐI THUYỀN ĐẾN MỘT KHU LÀNG DÂN TỘC THIỂU SỐ, Đãnh đi thiệt đến hộp khô lạnh của tập trị sốt
VIVOSDEV16_067_clean,vivos,whisper,base,clean,clean,HÌNH NHƯ KHÔNG CÓ CẢ MỘT TRONG HAI TÀI VÀ ĐỨC, Hình như không có cả 1 trong 2 tài và đức.
VIVOSDEV16_067_snr20,vivos,whisper,base,20,noise,HÌNH NHƯ KHÔNG CÓ CẢ MỘT TRONG HAI TÀI VÀ ĐỨC, Hình như không có cả 1 trong 2 tài và đức.
VIVOSDEV16_067_snr10,vivos,whisper,base,10,music,HÌNH NHƯ KHÔNG CÓ CẢ MỘT TRONG HAI TÀI VÀ ĐỨC, Hình như không có cả 1 trong 2 tài và đức.
VIVOSDEV16_067_snr5,vivos,whisper,base,5,noise,HÌNH NHƯ KHÔNG CÓ CẢ MỘT TRONG HAI TÀI VÀ ĐỨC, phần như không khó giá 1 trong ai xài và đức
VIVOSDEV16_067_snr0,vivos,whisper,base,0,noise,HÌNH NHƯ KHÔNG CÓ CẢ MỘT TRONG HAI TÀI VÀ ĐỨC," phần như không có chả 1,2 tài và đức"
VIVOSDEV18_198_clean,vivos,whisper,base,clean,clean,MẤY NGÀY NAY CHÚNG TÔI ĐÃ TỊCH THU ĐƯỢC KHÁ NHIỀU GÀ CHẾT," Này, chúng tôi đã từ thư được khán nhiều gà chết."
VIVOSDEV18_198_snr20,vivos,whisper,base,20,noise,MẤY NGÀY NAY CHÚNG TÔI ĐÃ TỊCH THU ĐƯỢC KHÁ NHIỀU GÀ CHẾT," Này, chúng tôi đã từ thư được khán nhiều gà chết."
VIVOSDEV18_198_snr10,vivos,whisper,base,10,noise,MẤY NGÀY NAY CHÚNG TÔI ĐÃ TỊCH THU ĐƯỢC KHÁ NHIỀU GÀ CHẾT," Này, nãy chúng tôi đã tịch thu được khán nhiều gạt chết."
VIVOSDEV18_198_snr5,vivos,whisper,base,5,music,MẤY NGÀY NAY CHÚNG TÔI ĐÃ TỊCH THU ĐƯỢC KHÁ NHIỀU GÀ CHẾT," Này, chúng tôi đã tịch thu được khán nhiều gà chết"
VIVOSDEV18_198_snr0,vivos,whisper,base,0,music,MẤY NGÀY NAY CHÚNG TÔI ĐÃ TỊCH THU ĐƯỢC KHÁ NHIỀU GÀ CHẾT, Này chung tôi đã tích 2 bụt khán nhiều gái chết
VIVOSDEV12_135_clean,vivos,whisper,base,clean,clean,ÔNG ĐƯỢC NHIỀU NGƯỜI BIẾT ĐẾN, Ông được nhiều người biết đơn.
VIVOSDEV12_135_snr20,vivos,whisper,base,20,noise,ÔNG ĐƯỢC NHIỀU NGƯỜI BIẾT ĐẾN, Ông được nhiều người biết đơn
VIVOSDEV12_135_snr10,vivos,whisper,base,10,music,ÔNG ĐƯỢC NHIỀU NGƯỜI BIẾT ĐẾN, Ông được nhiều người biết đơn
VIVOSDEV12_135_snr5,vivos,whisper,base,5,noise,ÔNG ĐƯỢC NHIỀU NGƯỜI BIẾT ĐẾN, Ông được nhiều người biết đất.
VIVOSDEV12_135_snr0,vivos,whisper,base,0,noise,ÔNG ĐƯỢC NHIỀU NGƯỜI BIẾT ĐẾN, Ông được nhiều người biết đơn
VIVOSDEV05_055_clean,vivos,whisper,base,clean,clean,NHƯNG MỨC ÁN TỬ HÌNH ĐỐI VỚI CÁC BỊ CÁO LÀ TƯƠNG XỨNG, Nhưng mức án tự hình đối với các bị cáo là tương rấn.
VIVOSDEV05_055_snr20,vivos,whisper,base,20,noise,NHƯNG MỨC ÁN TỬ HÌNH ĐỐI VỚI CÁC BỊ CÁO LÀ TƯƠNG XỨNG, Nhưng mức hãng tử hình đối với các vị cao là tương rấn.
VIVOSDEV05_055_snr10,vivos,whisper,base,10,speech,NHƯNG MỨC ÁN TỬ HÌNH ĐỐI VỚI CÁC BỊ CÁO LÀ TƯƠNG XỨNG, Nhưng mức ánh tự hình đối với các quy cao là tự rất.
VIVOSDEV05_055_snr5,vivos,whisper,base,5,music,NHƯNG MỨC ÁN TỬ HÌNH ĐỐI VỚI CÁC BỊ CÁO LÀ TƯƠNG XỨNG, Nhưng mức án tử hình đối với các vị cao là tương rứng.
VIVOSDEV05_055_snr0,vivos,whisper,base,0,noise,NHƯNG MỨC ÁN TỬ HÌNH ĐỐI VỚI CÁC BỊ CÁO LÀ TƯƠNG XỨNG, Nhưng mức ánh tử hình đối với các vị cao là tử rứng.
VIVOSDEV14_116_clean,vivos,whisper,base,clean,clean,MỘT GÓC CÂU CÁ TRÊN CẦU SÀI GÒN ẢNH MAI VINH, 1 gốc câu cá chín cầu xài gần ảnh mai vân.
VIVOSDEV14_116_snr20,vivos,whisper,base,20,noise,MỘT GÓC CÂU CÁ TRÊN CẦU SÀI GÒN ẢNH MAI VINH, 1 gốc câu cá chín cầu xài gần ảnh mai vân.
VIVOSDEV14_116_snr10,vivos,whisper,base,10,noise,MỘT GÓC CÂU CÁ TRÊN CẦU SÀI GÒN ẢNH MAI VINH, 1 gốc cao cây trên cao xài gò ảnh Commission Commission
VIVOSDEV14_116_snr5,vivos,whisper,base,5,music,MỘT GÓC CÂU CÁ TRÊN CẦU SÀI GÒN ẢNH MAI VINH, 1 lop cầu cây trên cầu xe gần 20 mứ
VIVOSDEV14_116_snr0,vivos,whisper,base,0,noise,MỘT GÓC CÂU CÁ TRÊN CẦU SÀI GÒN ẢNH MAI VINH, 1 góc cao cá chín cậu xài gần ảnh mai vân
VIVOSDEV05_155_clean,vivos,whisper,base,clean,clean,NỬA VÒNG TRÁI ĐẤT HƠN BẢY NĂM, Nửa vòng trai đất hơn 7 năm.
VIVOSDEV05_155_snr20,vivos,whisper,base,20,speech,NỬA VÒNG TRÁI ĐẤT HƠN BẢY NĂM, Nửa vòng trái đất hơn 7 năm.
VIVOSDEV05_155_snr10,vivos,whisper,base,10,noise,NỬA VÒNG TRÁI ĐẤT HƠN BẢY NĂM, Nửa vòng trai đất hơn 7 năm.
VIVOSDEV05_155_snr5,vivos,whisper,base,5,noise,NỬA VÒNG TRÁI ĐẤT HƠN BẢY NĂM, Nửa vòng đái đất 17 năm.
VIVOSDEV05_155_snr0,vivos,whisper,base,0,music,NỬA VÒNG TRÁI ĐẤT HƠN BẢY NĂM, Lửa vòng trai đất hơn 7 năm.
VIVOSDEV01_R170_clean,vivos,whisper,base,clean,clean,ĐÔI BÀN TAY EM KHÔNG ĐƯỢC MỀM MẠI VÀ NÕN NÀ, Đói bạn tay em không được miềm mại và nổng nè
VIVOSDEV01_R170_snr20,vivos,whisper,base,20,noise,ĐÔI BÀN TAY EM KHÔNG ĐƯỢC MỀM MẠI VÀ NÕN NÀ, Côy bản tay em không được miềm mấy bà nổng nè
VIVOSDEV01_R170_snr10,vivos,whisper,base,10,music,ĐÔI BÀN TAY EM KHÔNG ĐƯỢC MỀM MẠI VÀ NÕN NÀ, Đói bạn tay em không được miệng mấy và nổng nè
VIVOSDEV01_R170_snr5,vivos,whisper,base,5,noise,ĐÔI BÀN TAY EM KHÔNG ĐƯỢC MỀM MẠI VÀ NÕN NÀ, Tôi bạn thấy em không được miềm mở và nổng nè
VIVOSDEV01_R170_snr0,vivos,whisper,base,0,noise,ĐÔI BÀN TAY EM KHÔNG ĐƯỢC MỀM MẠI VÀ NÕN NÀ, Tôi bạn tay em không được miềm mở và nổng nè
VIVOSDEV12_275_clean,vivos,whisper,base,clean,clean,TÔI KHÔNG THẤY GÌ LÀ ĐÚNG KHI TĂNG GIÁ XE VÀO CÁC DỊP TẾT, Tòi không thấy dị là đúng khi tăng ra xe vào các diện tất
VIVOSDEV12_275_snr20,vivos,whisper,base,20,speech,TÔI KHÔNG THẤY GÌ LÀ ĐÚNG KHI TĂNG GIÁ XE VÀO CÁC DỊP TẾT," Tôi không thấy gì là đúng, khi tăng ra xe vào các nghiệp tớ."
VIVOSDEV12_275_snr10,vivos,whisper,base,10,speech,TÔI KHÔNG THẤY GÌ LÀ ĐÚNG KHI TĂNG GIÁ XE VÀO CÁC DỊP TẾT, Tôi không thấy gì là đúng khi tăng ra xe vào các diễn tất.
VIVOSDEV12_275_snr5,vivos,whisper,base,5,speech,TÔI KHÔNG THẤY GÌ LÀ ĐÚNG KHI TĂNG GIÁ XE VÀO CÁC DỊP TẾT, Tôi không thấy gì là đúng khi tăng ra sẽ vào các tớ
VIVOSDEV12_275_snr0,vivos,whisper,base,0,noise,TÔI KHÔNG THẤY GÌ LÀ ĐÚNG KHI TĂNG GIÁ XE VÀO CÁC DỊP TẾT, Tồi không thấy dị là đúng khi tăng ra xe vào các diệt tất
VIVOSDEV18_114_clean,vivos,whisper,base,clean,clean,LÀM ĐƯỢC HẾT KHỐI CÔNG VIỆC ẤY LÀ MỘT NỖ LỰC RẤT LỚN, Được hết khối công việc ấy làm một nỗi lực vết lớn.
VIVOSDEV18_114_snr20,vivos,whisper,base,20,noise,LÀM ĐƯỢC HẾT KHỐI CÔNG VIỆC ẤY LÀ MỘT NỖ LỰC RẤT LỚN, Được hết khối công việc ấy làm một nỗi lực vết lớn.
VIVOSDEV18_114_snr10,vivos,whisper,base,10,noise,LÀM ĐƯỢC HẾT KHỐI CÔNG VIỆC ẤY LÀ MỘT NỖ LỰC RẤT LỚN, Được hết khối công việc ấy làm một mỗi lực đất lớn.
VIVOSDEV18_114_snr5,vivos,whisper,base,5,noise,LÀM ĐƯỢC HẾT KHỐI CÔNG VIỆC ẤY LÀ MỘT NỖ LỰC RẤT LỚN, Được hết khối công việc ấy làm một mọi lực vất lợp.
VIVOSDEV18_114_snr0,vivos,whisper,base,0,music,LÀM ĐƯỢC HẾT KHỐI CÔNG VIỆC ẤY LÀ MỘT NỖ LỰC RẤT LỚN, Được hết khối công việc ấy là một lực bất lưỡng.
VIVOSDEV18_282_clean,vivos,whisper,base,clean,clean,NHƯNG CUỐI CÙNG CHẲNG AI CHỊU NỔI CÁI TÍNH HAM VUI CỦA TÔI, Cứ cung trắng ai chịu nội cái tin hăm vui của tôi.
VIVOSDEV18_282_snr20,vivos,whisper,base,20,music,NHƯNG CUỐI CÙNG CHẲNG AI CHỊU NỔI CÁI TÍNH HAM VUI CỦA TÔI, Cũng chẳng ai chịu nội cải tin hăm vui của tôi.
VIVOSDEV18_282_snr10,vivos,whisper,base,10,music,NHƯNG CUỐI CÙNG CHẲNG AI CHỊU NỔI CÁI TÍNH HAM VUI CỦA TÔI, Cứ cùng chẳng ai chữ nội cái tín hăm vui của tôi.
VIVOSDEV18_282_snr5,vivos,whisper,base,5,noise,NHƯNG CUỐI CÙNG CHẲNG AI CHỊU NỔI CÁI TÍNH HAM VUI CỦA TÔI, Cứ cùng trắng ai chiều nội cải tính ham vui của tôi.
VIVOSDEV18_282_snr0,vivos,whisper,base,0,noise,NHƯNG CUỐI CÙNG CHẲNG AI CHỊU NỔI CÁI TÍNH HAM VUI CỦA TÔI, Cái thương hội và thương hăng thương của tôi.
VIVOSDEV12_054_clean,vivos,whisper,base,clean,clean,THIẾU SỰ QUAN TÂM ĐÚNG MỨC TỪ CÁC CƠ QUAN CHỨC NĂNG, Thíu sự quan tâm đúng mất tờ các cơ quan chức năng.
VIVOSDEV12_054_snr20,vivos,whisper,base,20,noise,THIẾU SỰ QUAN TÂM ĐÚNG MỨC TỪ CÁC CƠ QUAN CHỨC NĂNG, Thếu sự quan tâm đúng mất tờ các cơ quan chức năng.
VIVOSDEV12_054_snr10,vivos,whisper,base,10,speech,THIẾU SỰ QUAN TÂM ĐÚNG MỨC TỪ CÁC CƠ QUAN CHỨC NĂNG, Thếu sự quan tâm tướng một tự các cơ quan chức phnan.
VIVOSDEV12_054_snr5,vivos,whisper,base,5,music,THIẾU SỰ QUAN TÂM ĐÚNG MỨC TỪ CÁC CƠ QUAN CHỨC NĂNG, Thếu sự quan tâm đúng một tờ các cơ quan chức năng.
VIVOSDEV12_054_snr0,vivos,whisper,base,0,noise,THIẾU SỰ QUAN TÂM ĐÚNG MỨC TỪ CÁC CƠ QUAN CHỨC NĂNG, Hứa sử quay thoát đúng hút từ các trôi quan chức nào
VIVOSDEV10_129_clean,vivos,whisper,base,clean,clean,ĐIỀU NÀY ĐÚNG VỚI MỌI CẤP ĐỘ VÀ TRONG MỌI LĨNH VỰC CỦA ĐỜI SỐNG, Điều ngày lũng với mọi cấp độ và trong mọi ứng vật của đời sống.
VIVOSDEV10_129_snr20,vivos,whisper,base,20,noise,ĐIỀU NÀY ĐÚNG VỚI MỌI CẤP ĐỘ VÀ TRONG MỌI LĨNH VỰC CỦA ĐỜI SỐNG, Điều ngày lũng với mọi cắp độ và công mọi ứng vật của đời sống.
VIVOSDEV10_129_snr10,vivos,whisper,base,10,music,ĐIỀU NÀY ĐÚNG VỚI MỌI CẤP ĐỘ VÀ TRONG MỌI LĨNH VỰC CỦA ĐỜI SỐNG, Điều ngày lũng với mọi cấp độ và cung mọi ứng vừa cổ đời xong
VIVOSDEV10_129_snr5,vivos,whisper,base,5,noise,ĐIỀU NÀY ĐÚNG VỚI MỌI CẤP ĐỘ VÀ TRONG MỌI LĨNH VỰC CỦA ĐỜI SỐNG, Điều ngày lúc với mọi chắp độ và công mọi những vân vỡ đời chống
VIVOSDEV10_129_snr0,vivos,whisper,base,0,music,ĐIỀU NÀY ĐÚNG VỚI MỌI CẤP ĐỘ VÀ TRONG MỌI LĨNH VỰC CỦA ĐỜI SỐNG, Điều ngày lúc với mọi cấp đổ và cậu mọi người đừng vất của đời chồng
VIVOSDEV16_228_clean,vivos,whisper,base,clean,clean,XEN KẼ GIỮA NHỮNG MÀN BIỂU DIỄN LÀ NHỮNG PHÚT VUI CHƠI TẬP THỂ, Xe anh kể giữa những mang biểu diễn là những phút vui cho tập thể.
VIVOSDEV16_228_snr20,vivos,whisper,base,20,speech,XEN KẼ GIỮA NHỮNG MÀN BIỂU DIỄN LÀ NHỮNG PHÚT VUI CHƠI TẬP THỂ, Xe anh kể giữa những mang biểu diễn là những phút vui cho tập thở.
VIVOSDEV16_228_snr10,vivos,whisper,base,10,noise,XEN KẼ GIỮA NHỮNG MÀN BIỂU DIỄN LÀ NHỮNG PHÚT VUI CHƠI TẬP THỂ, Tên kể giữ những nàn biểu diễn là những phút vui cho tập thở.
VIVOSDEV16_228_snr5,vivos,whisper,base,5,music,XEN KẼ GIỮA NHỮNG MÀN BIỂU DIỄN LÀ NHỮNG PHÚT VUI CHƠI TẬP THỂ, Xe kể giữ những bàn biểu diễn là những phút phù cho tập thở
VIVOSDEV16_228_snr0,vivos,whisper,base,0,music,XEN KẼ GIỮA NHỮNG MÀN BIỂU DIỄN LÀ NHỮNG PHÚT VUI CHƠI TẬP THỂ, Xe tế giữ những hành đứa diện là những sắp phù cho tập thở
VIVOSDEV18_265_clean,vivos,whisper,base,clean,clean,SAU ĐÓ HỌ LÂN LA SANG CHƠI RỒI ĐÁNH CẮP ĐỨA BÉ, Sau đó họ lên là sang chơi rồi đánh cấp đưa bé.
VIVOSDEV18_265_snr20,vivos,whisper,base,20,music,SAU ĐÓ HỌ LÂN LA SANG CHƠI RỒI ĐÁNH CẮP ĐỨA BÉ, Sau đó họ lên là sang chơi rồi đánh cấp đưa bé.
VIVOSDEV18_265_snr10,vivos,whisper,base,10,noise,SAU ĐÓ HỌ LÂN LA SANG CHƠI RỒI ĐÁNH CẮP ĐỨA BÉ, Sau đó hỏi lần là sang chơi rồi đến cấp bế.
VIVOSDEV18_265_snr5,vivos,whisper,base,5,noise,SAU ĐÓ HỌ LÂN LA SANG CHƠI RỒI ĐÁNH CẮP ĐỨA BÉ, Sau đó họ lên lại sang trời rồi đánh cắp đưa bé.
VIVOSDEV18_265_snr0,vivos,whisper,base,0,music,SAU ĐÓ HỌ LÂN LA SANG CHƠI RỒI ĐÁNH CẮP ĐỨA BÉ, Sau đó họ lên là sang chơi rồi đánh cấp đưa bé.
VIVOSDEV14_123_clean,vivos,whisper,base,clean,clean,MỘT VÀI NGƯỜI TRONG BỌN HỌ ĐƯA MẮT NHÌN MẢNH GIẤY, Một vầy người trong bọn họ đưa mắt nhìn mắn giấy.
VIVOSDEV14_123_snr20,vivos,whisper,base,20,noise,MỘT VÀI NGƯỜI TRONG BỌN HỌ ĐƯA MẮT NHÌN MẢNH GIẤY, Một vài người trong bọn họ đưa mắt nhìn mắn giấy.
VIVOSDEV14_123_snr10,vivos,whisper,base,10,speech,MỘT VÀI NGƯỜI TRONG BỌN HỌ ĐƯA MẮT NHÌN MẢNH GIẤY, Một vài người chăm bọn họ đưa mắt nhìn mắt giấy.
VIVOSDEV14_123_snr5,vivos,whisper,base,5,music,MỘT VÀI NGƯỜI TRONG BỌN HỌ ĐƯA MẮT NHÌN MẢNH GIẤY, Một vài người trong bọn họ đưa mắt nhìn mạnh giấy.
VIVOSDEV14_123_snr0,vivos,whisper,base,0,noise,MỘT VÀI NGƯỜI TRONG BỌN HỌ ĐƯA MẮT NHÌN MẢNH GIẤY, Ở vài người trong bọn họ đưa mắt nhìn mắn giấy.
VIVOSDEV12_271_clean,vivos,whisper,base,clean,clean,BÀ CON RANG TRÍ CÀNH ĐÀO ĐỂ CHUẨN BỊ ĐÓN TẾT, Bà con trang trí cần đạo để chuẩn bị đón tất
VIVOSDEV12_271_snr20,vivos,whisper,base,20,noise,BÀ CON RANG TRÍ CÀNH ĐÀO ĐỂ CHUẨN BỊ ĐÓN TẾT, Bà con tranh chí cần đạo để chuẩn bị đón tất
VIVOSDEV12_271_snr10,vivos,whisper,base,10,speech,BÀ CON RANG TRÍ CÀNH ĐÀO ĐỂ CHUẨN BỊ ĐÓN TẾT, 3 con tranh chí cần đạo để chuẩn bị đón tớ.
VIVOSDEV12_271_snr5,vivos,whisper,base,5,noise,BÀ CON RANG TRÍ CÀNH ĐÀO ĐỂ CHUẨN BỊ ĐÓN TẾT, 3 con tranh trí cầm đạo để chuẩn bị đón thất
VIVOSDEV12_271_snr0,vivos,whisper,base,0,noise,BÀ CON RANG TRÍ CÀNH ĐÀO ĐỂ CHUẨN BỊ ĐÓN TẾT, và còn kênh kế cầm đạo để chuẩn bị đòn tất
VIVOSDEV19_257_clean,vivos,whisper,base,clean,clean,NHƯNG NẾU CHỈ NÓI CÁI GIỎI KHÔNG THÔI THÌ THẬT CHƯA ĐỦ VỀ CHÚ TƯ, Nhưng nếu chỉ nói các giỏi không thôi thì tạp sở chưa đủ về chú tư.
VIVOSDEV19_257_snr20,vivos,whisper,base,20,noise,NHƯNG NẾU CHỈ NÓI CÁI GIỎI KHÔNG THÔI THÌ THẬT CHƯA ĐỦ VỀ CHÚ TƯ, Nhưng nếu chỉ nói cái giỏi không thôi thì tạp sở chưa đủ về chú tư.
VIVOSDEV19_257_snr10,vivos,whisper,base,10,music,NHƯNG NẾU CHỈ NÓI CÁI GIỎI KHÔNG THÔI THÌ THẬT CHƯA ĐỦ VỀ CHÚ TƯ, Nhưng nếu chỉ nói cái giỏi không thôi thì tạp sở chưa đủ về chú tư.
VIVOSDEV19_257_snr5,vivos,whisper,base,5,noise,NHƯNG NẾU CHỈ NÓI CÁI GIỎI KHÔNG THÔI THÌ THẬT CHƯA ĐỦ VỀ CHÚ TƯ, Nhưng nếu chỉ nói các giỏi không thôi thì tạp sử vô đủ về chú tư.
VIVOSDEV19_257_snr0,vivos,whisper,base,0,noise,NHƯNG NẾU CHỈ NÓI CÁI GIỎI KHÔNG THÔI THÌ THẬT CHƯA ĐỦ VỀ CHÚ TƯ, Nhưng nếu chỉ nói cái giỏi không thôi thì tạng sở chưa đủ về chú tư.
VIVOSDEV18_126_clean,vivos,whisper,base,clean,clean,VÀI LẦN TRIỂN LÃM TRANH TƯỢNG KHÔNG LỜI NHƯ THẾ HẮN SẼ NHẬN RA," và lên trên làm chân tượng không lỗi như thế, hẳn sẽ nhận ra."
VIVOSDEV18_126_snr20,vivos,whisper,base,20,music,VÀI LẦN TRIỂN LÃM TRANH TƯỢNG KHÔNG LỜI NHƯ THẾ HẮN SẼ NHẬN RA, và lên trên làm chân tượng không lỗi như thế hẳn sẽ nhẹn ra
VIVOSDEV18_126_snr10,vivos,whisper,base,10,music,VÀI LẦN TRIỂN LÃM TRANH TƯỢNG KHÔNG LỜI NHƯ THẾ HẮN SẼ NHẬN RA," vài lên trên làm chân tượng không lỗi như thế, hẳn sẽ nhận ra."
VIVOSDEV18_126_snr5,vivos,whisper,base,5,music,VÀI LẦN TRIỂN LÃM TRANH TƯỢNG KHÔNG LỜI NHƯ THẾ HẮN SẼ NHẬN RA, và lên trên làm chân tượng không lời như thế hẳn sẽ nhận ra
VIVOSDEV18_126_snr0,vivos,whisper,base,0,music,VÀI LẦN TRIỂN LÃM TRANH TƯỢNG KHÔNG LỜI NHƯ THẾ HẮN SẼ NHẬN RA, Rời lên chuyện là cánh tiền không được mốt đấy. Chẳng nhận ra.
VIVOSDEV16_299_clean,vivos,whisper,base,clean,clean,VÀO ĐƯỢC NHÀ ANH ĐẤY SỬA CỬA ĐI NGUY HIỂM ĐẤY," vào được nhà ăn, đây, sử cửa đề ngư hiểm đáy."
VIVOSDEV16_299_snr20,vivos,whisper,base,20,music,VÀO ĐƯỢC NHÀ ANH ĐẤY SỬA CỬA ĐI NGUY HIỂM ĐẤY," vào được nhà ăn, đây, sử cửa đề ngư hiểm đáy"
VIVOSDEV16_299_snr10,vivos,whisper,base,10,noise,VÀO ĐƯỢC NHÀ ANH ĐẤY SỬA CỬA ĐI NGUY HIỂM ĐẤY," vào được nhà ăn đây, sử cố đề ngư hiểm đáy"
VIVOSDEV16_299_snr5,vivos,whisper,base,5,speech,VÀO ĐƯỢC NHÀ ANH ĐẤY SỬA CỬA ĐI NGUY HIỂM ĐẤY," Vào được nhà ăn đấy, sự cố đề người hiểm tay."
VIVOSDEV16_299_snr0,vivos,whisper,base,0,music,VÀO ĐƯỢC NHÀ ANH ĐẤY SỬA CỬA ĐI NGUY HIỂM ĐẤY," Tao được nhà ăn tây, chú cửa đình như hiểm đáy"
VIVOSDEV18_195_clean,vivos,whisper,base,clean,clean,ĐẦU TIÊN LÀ MỘT TẤM ÂM BẢN SAU ĐÓ MỚI ĐẾN DƯƠNG BẢN, Tên là 1 tầm ấm bản sau đó mới đến dương bán.
VIVOSDEV18_195_snr20,vivos,whisper,base,20,noise,ĐẦU TIÊN LÀ MỘT TẤM ÂM BẢN SAU ĐÓ MỚI ĐẾN DƯƠNG BẢN, tiên là 1 tầm ấm bản sau đó 10 đến dương bán
VIVOSDEV18_195_snr10,vivos,whisper,base,10,speech,ĐẦU TIÊN LÀ MỘT TẤM ÂM BẢN SAU ĐÓ MỚI ĐẾN DƯƠNG BẢN, Tiếm là một trong âm bản sau đó mời đến dân bản
VIVOSDEV18_195_snr5,vivos,whisper,base,5,music,ĐẦU TIÊN LÀ MỘT TẤM ÂM BẢN SAU ĐÓ MỚI ĐẾN DƯƠNG BẢN, Xin là một tổng ống bản sau đó mới đến dân bản.
VIVOSDEV18_195_snr0,vivos,whisper,base,0,music,ĐẦU TIÊN LÀ MỘT TẤM ÂM BẢN SAU ĐÓ MỚI ĐẾN DƯƠNG BẢN, Để lắm một tấm áp bắt đầu ra mở đi từ bắt
VIVOSDEV18_240_clean,vivos,whisper,base,clean,clean,MỜI THAM DỰ CUỘC THI VIẾT NGẮN MỘT GIỜ KHÔNG ĐIỆN, 18 dự cuộc thi biết ngắn một giờ không điện.
VIVOSDEV18_240_snr20,vivos,whisper,base,20,speech,MỜI THAM DỰ CUỘC THI VIẾT NGẮN MỘT GIỜ KHÔNG ĐIỆN, 18 dự cuộc thi biết ngắn một rờ không điện.
VIVOSDEV18_240_snr10,vivos,whisper,base,10,music,MỜI THAM DỰ CUỘC THI VIẾT NGẮN MỘT GIỜ KHÔNG ĐIỆN," 18 dự cuộc thi, kết ngắn 1 giờ không điện."
VIVOSDEV18_240_snr5,vivos,whisper,base,5,noise,MỜI THAM DỰ CUỘC THI VIẾT NGẮN MỘT GIỜ KHÔNG ĐIỆN, Mời tâm dự cuộc thi biết ngắn một rờ không điện.
VIVOSDEV18_240_snr0,vivos,whisper,base,0,speech,MỜI THAM DỰ CUỘC THI VIẾT NGẮN MỘT GIỜ KHÔNG ĐIỆN, Mời ta cũng thích điên một giờ không điện.
VIVOSDEV17_107_clean,vivos,whisper,base,clean,clean,HỌ ĐƯỢC BỌN ĐẦU NẬU NHỮNG TAY TRÙM THUÊ VỚI GIÁ RẺ MẠT, Hỏ được bỏ đau nổ những tay trầm thê với giá của bạn
VIVOSDEV17_107_snr20,vivos,whisper,base,20,noise,HỌ ĐƯỢC BỌN ĐẦU NẬU NHỮNG TAY TRÙM THUÊ VỚI GIÁ RẺ MẠT, hỏa được bóng đau nấu những tay trầm thê với giá ở ghé mẹ
VIVOSDEV17_107_snr10,vivos,whisper,base,10,music,HỌ ĐƯỢC BỌN ĐẦU NẬU NHỮNG TAY TRÙM THUÊ VỚI GIÁ RẺ MẠT, Hỏa được bỏ đau nổ những tay trầm thê với giá ở kể mà
VIVOSDEV17_107_snr5,vivos,whisper,base,5,noise,HỌ ĐƯỢC BỌN ĐẦU NẬU NHỮNG TAY TRÙM THUÊ VỚI GIÁ RẺ MẠT, Hỏa được bỏng đầu nào những tay trầm thê với giá yêu để mẹ
VIVOSDEV17_107_snr0,vivos,whisper,base,0,music,HỌ ĐƯỢC BỌN ĐẦU NẬU NHỮNG TAY TRÙM THUÊ VỚI GIÁ RẺ MẠT, Hò được bóng tau nổ những tay trùng thê mới giá đẹp mẹ.
VIVOSDEV19_094_clean,vivos,whisper,base,clean,clean,TRANG VIẾT CỦA HỌ HƠN HẲN THỜI TUỔI TRẺ CỦA TÔI, Càng viết của họ hơn hãy thời tụi trả của tôi.
VIVOSDEV19_094_snr20,vivos,whisper,base,20,noise,TRANG VIẾT CỦA HỌ HƠN HẲN THỜI TUỔI TRẺ CỦA TÔI, Càng viết của họ hơn hãy thời tụi trả của tôi.
VIVOSDEV19_094_snr10,vivos,whisper,base,10,music,TRANG VIẾT CỦA HỌ HƠN HẲN THỜI TUỔI TRẺ CỦA TÔI," Càng viết của họ, hơn hãy thời tụi trạy của tôi."
VIVOSDEV19_094_snr5,vivos,whisper,base,5,speech,TRANG VIẾT CỦA HỌ HƠN HẲN THỜI TUỔI TRẺ CỦA TÔI, Các bạn có thể hãy nhận thời tụi chế của tôi.
VIVOSDEV19_094_snr0,vivos,whisper,base,0,noise,TRANG VIẾT CỦA HỌ HƠN HẲN THỜI TUỔI TRẺ CỦA TÔI," và phía của mặt, không phải nói chuyện của tôi."
VIVOSDEV01_R012_clean,vivos,whisper,base,clean,clean,NHỮNG CƠN GIÓ MẠNH VÀ MƯA ĐÓNG BĂNG GÂY TRƠN TRỢT, Những cơn gió mạnh và mưa đóng băng ghi chân trật.
VIVOSDEV01_R012_snr20,vivos,whisper,base,20,noise,NHỮNG CƠN GIÓ MẠNH VÀ MƯA ĐÓNG BĂNG GÂY TRƠN TRỢT, Những cơn gió mạnh và mưa đóng băng ghi chân trợ.
VIVOSDEV01_R012_snr10,vivos,whisper,base,10,music,NHỮNG CƠN GIÓ MẠNH VÀ MƯA ĐÓNG BĂNG GÂY TRƠN TRỢT, Những cơn gió mạnh và mưa đóng bằng gây chân trở
VIVOSDEV01_R012_snr5,vivos,whisper,base,5,noise,NHỮNG CƠN GIÓ MẠNH VÀ MƯA ĐÓNG BĂNG GÂY TRƠN TRỢT, Những cơn gió mạnh và mưa đóng bằng đây chân chở.
VIVOSDEV01_R012_snr0,vivos,whisper,base,0,music,NHỮNG CƠN GIÓ MẠNH VÀ MƯA ĐÓNG BĂNG GÂY TRƠN TRỢT, Những cơn gió mạnh và một đổng bằng đi chân trở
VIVOSDEV19_227_clean,vivos,whisper,base,clean,clean,TỪ ĐẤY ÔNG CÀNG THÔNG CẢM SÂU SẮC TÂM TRẠNG CỦA NGUYỄN THIẾP," Từ đấy, ông càng thông cảm xấu sách tâm tràn của người ứng thiết."
VIVOSDEV19_227_snr20,vivos,whisper,base,20,noise,TỪ ĐẤY ÔNG CÀNG THÔNG CẢM SÂU SẮC TÂM TRẠNG CỦA NGUYỄN THIẾP," Từ đấy, ông càng thông cảm xấu sách tâm tràn của người ứng thiết."
VIVOSDEV19_227_snr10,vivos,whisper,base,10,noise,TỪ ĐẤY ÔNG CÀNG THÔNG CẢM SÂU SẮC TÂM TRẠNG CỦA NGUYỄN THIẾP," Từ đấy, ông gàng thông cảm xấu sách tâm tràn của người ứng thiết."
VIVOSDEV19_227_snr5,vivos,whisper,base,5,music,TỪ ĐẤY ÔNG CÀNG THÔNG CẢM SÂU SẮC TÂM TRẠNG CỦA NGUYỄN THIẾP," Từ đây, ông gàng không cảm, sau sách tâm tràng buôn người anh thích."
VIVOSDEV19_227_snr0,vivos,whisper,base,0,noise,TỪ ĐẤY ÔNG CÀNG THÔNG CẢM SÂU SẮC TÂM TRẠNG CỦA NGUYỄN THIẾP," Từ đấy, ông kèn thông cảm xo xách tâm tràn của người thiết."
VIVOSDEV02_T013_clean,vivos,whisper,base,clean,clean,TỐNG CỔ HẮN ĐI KHÔNG ĐƯỢC ĐỂ HẮN VÀO ĐÂY NỮA, Đông có hán đi không được để hán bà đây nữa.
VIVOSDEV02_T013_snr20,vivos,whisper,base,20,noise,TỐNG CỔ HẮN ĐI KHÔNG ĐƯỢC ĐỂ HẮN VÀO ĐÂY NỮA, Đông có hán đây không được để hán bà đây nữa.
VIVOSDEV02_T013_snr10,vivos,whisper,base,10,noise,TỐNG CỔ HẮN ĐI KHÔNG ĐƯỢC ĐỂ HẮN VÀO ĐÂY NỮA, Tống gó hán tây không được để hăng quả đây nữa.
VIVOSDEV02_T013_snr5,vivos,whisper,base,5,music,TỐNG CỔ HẮN ĐI KHÔNG ĐƯỢC ĐỂ HẮN VÀO ĐÂY NỮA, Tống có hán tây không dự để hán quả đây nữa.
VIVOSDEV02_T013_snr0,vivos,whisper,base,0,music,TỐNG CỔ HẮN ĐI KHÔNG ĐƯỢC ĐỂ HẮN VÀO ĐÂY NỮA, Tống có hán tây không được để hăng quả đây nữa.
VIVOSDEV13_255_clean,vivos,whisper,base,clean,clean,CÓ LẼ ĐÂY LÀ LỜI QUẢNG CÁO KHÔNG CÔNG HAY NHẤT CHO DU LỊCH LÀO," Có lẽ đây là lời uãng cao, không công hay nhất cho dư lịch nè"
VIVOSDEV13_255_snr20,vivos,whisper,base,20,music,CÓ LẼ ĐÂY LÀ LỜI QUẢNG CÁO KHÔNG CÔNG HAY NHẤT CHO DU LỊCH LÀO," Có lẽ đây là lời uãng cao, không có hôm nay nhất cho dư lịch nào."
VIVOSDEV13_255_snr10,vivos,whisper,base,10,noise,CÓ LẼ ĐÂY LÀ LỜI QUẢNG CÁO KHÔNG CÔNG HAY NHẤT CHO DU LỊCH LÀO, Có lẽ đây là lời uảnh cao không công hay nhất cho dư lịch nào.
VIVOSDEV13_255_snr5,vivos,whisper,base,5,noise,CÓ LẼ ĐÂY LÀ LỜI QUẢNG CÁO KHÔNG CÔNG HAY NHẤT CHO DU LỊCH LÀO, có lẽ đây là lời uảnh cao không công hay nhất cho dư lịch nào
VIVOSDEV13_255_snr0,vivos,whisper,base,0,speech,CÓ LẼ ĐÂY LÀ LỜI QUẢNG CÁO KHÔNG CÔNG HAY NHẤT CHO DU LỊCH LÀO, Cái lẽ đây là lời quay khá không không hành nhất cho dư lịch nào.
VIVOSDEV04_R189_clean,vivos,whisper,base,clean,clean,TỪ NỖI CÔ ĐƠN CỦA MỘT CÔ BÉ BỊ CHA MẸ BỎ QUÊN, từ nữ cua đân của một cua bé bị cho mẹ bó quen.
VIVOSDEV04_R189_snr20,vivos,whisper,base,20,speech,TỪ NỖI CÔ ĐƠN CỦA MỘT CÔ BÉ BỊ CHA MẸ BỎ QUÊN, Từ nữ cô đơn của một cô bé bị trọng mẹ bỏ quen.
VIVOSDEV04_R189_snr10,vivos,whisper,base,10,speech,TỪ NỖI CÔ ĐƠN CỦA MỘT CÔ BÉ BỊ CHA MẸ BỎ QUÊN, Từ nữ cô đơn của một cô bé bị cho mẹ bỏ quen.
VIVOSDEV04_R189_snr5,vivos,whisper,base,5,music,TỪ NỖI CÔ ĐƠN CỦA MỘT CÔ BÉ BỊ CHA MẸ BỎ QUÊN, Từ nữ của đang của 1 cô bé bị cho mẹ bỏ quen
VIVOSDEV04_R189_snr0,vivos,whisper,base,0,noise,TỪ NỖI CÔ ĐƠN CỦA MỘT CÔ BÉ BỊ CHA MẸ BỎ QUÊN, Thưa nữ quên đăng của một quét bị trọng mẹ bó quên
VIVOSDEV07_170_clean,vivos,whisper,base,clean,clean,NHƯ LẦN NÀY ĐƯỢC NẾM MÓN GIÒ THỦ HOÀN TOÀN LÀM TỪ TAI HEO, Như lần này được đến món giò thủ hoàn toàn làm từ tay heo.
VIVOSDEV07_170_snr20,vivos,whisper,base,20,music,NHƯ LẦN NÀY ĐƯỢC NẾM MÓN GIÒ THỦ HOÀN TOÀN LÀM TỪ TAI HEO, Như lần này được đến mối giò thủ hoàn toàn làm từ tai heo.
VIVOSDEV07_170_snr10,vivos,whisper,base,10,speech,NHƯ LẦN NÀY ĐƯỢC NẾM MÓN GIÒ THỦ HOÀN TOÀN LÀM TỪ TAI HEO, Như lần này đất đến món giò thủ hoàn toàn làm từ tay heo
VIVOSDEV07_170_snr5,vivos,whisper,base,5,speech,NHƯ LẦN NÀY ĐƯỢC NẾM MÓN GIÒ THỦ HOÀN TOÀN LÀM TỪ TAI HEO, Như lần này được đếp món giọ sủ hoàn toàn làm từ tay hêo.
VIVOSDEV07_170_snr0,vivos,whisper,base,0,speech,NHƯ LẦN NÀY ĐƯỢC NẾM MÓN GIÒ THỦ HOÀN TOÀN LÀM TỪ TAI HEO, Như lần này được đen bỏ giao thủ hoàn quen làm sự tây heo.
VIVOSDEV11_129_clean,vivos,whisper,base,clean,clean,ĐI BỘ LEO NÚI ĐẾN NHỪ CHÂN, Đi bỏ lèo nối đến nhiều chân.
VIVOSDEV11_129_snr20,vivos,whisper,base,20,music,ĐI BỘ LEO NÚI ĐẾN NHỪ CHÂN, Đi bỏ lèo nối đến nhiều chân.
VIVOSDEV11_129_snr10,vivos,whisper,base,10,noise,ĐI BỘ LEO NÚI ĐẾN NHỪ CHÂN, đi bỏ lèo nối đến nhiều chân
VIVOSDEV11_129_snr5,vivos,whisper,base,5,music,ĐI BỘ LEO NÚI ĐẾN NHỪ CHÂN, Đi bỏ lèo nối đến nhiều chân
VIVOSDEV11_129_snr0,vivos,whisper,base,0,noise,ĐI BỘ LEO NÚI ĐẾN NHỪ CHÂN, đi bọn đeo muốn giống nhiều chân
VIVOSDEV10_051_clean,vivos,whisper,base,clean,clean,KHUNG RĂNG HÀM TRÊN KHUM, Hôm quen hàm cơn hôm
VIVOSDEV10_051_snr20,vivos,whisper,base,20,speech,KHUNG RĂNG HÀM TRÊN KHUM, Không ăn hạm cơn hôm
VIVOSDEV10_051_snr10,vivos,whisper,base,10,noise,KHUNG RĂNG HÀM TRÊN KHUM, Hôm gian hàm chân hôm
VIVOSDEV10_051_snr5,vivos,whisper,base,5,speech,KHUNG RĂNG HÀM TRÊN KHUM, Hôm qua anh hàng gật hôm
VIVOSDEV10_051_snr0,vivos,whisper,base,0,speech,KHUNG RĂNG HÀM TRÊN KHUM, Cái gì là một cái gì?
VIVOSDEV09_293_clean,vivos,whisper,base,clean,clean,NÓ TRỐN MẤT TIÊU RỒI CÒN ĐÂU, Nói chống mắc tiêu rồi còn đâu.
VIVOSDEV09_293_snr20,vivos,whisper,base,20,noise,NÓ TRỐN MẤT TIÊU RỒI CÒN ĐÂU, Nói trốn mắt tiêu rồi còn đâu
VIVOSDEV09_293_snr10,vivos,whisper,base,10,speech,NÓ TRỐN MẤT TIÊU RỒI CÒN ĐÂU, Nói chống mất tìm rồi còn đâu?
VIVOSDEV09_293_snr5,vivos,whisper,base,5,speech,NÓ TRỐN MẤT TIÊU RỒI CÒN ĐÂU, Nói cho mắt đầu là có hạ bác
VIVOSDEV09_293_snr0,vivos,whisper,base,0,music,NÓ TRỐN MẤT TIÊU RỒI CÒN ĐÂU," Đói cho mất kêu, bây giờ đi, bây giờ đi, bây giờ đi"
VIVOSDEV13_164_clean,vivos,whisper,base,clean,clean,HIỆN CƠ QUAN CHỨC NĂNG ĐANG TIẾP TỤC ĐIỀU TRA VỤ VIỆC, Hỉnh cơ quan chức năng đang tiếp tục đều tra vũ việc.
VIVOSDEV13_164_snr20,vivos,whisper,base,20,noise,HIỆN CƠ QUAN CHỨC NĂNG ĐANG TIẾP TỤC ĐIỀU TRA VỤ VIỆC, Hỉnh cơ quan chức năng đang tiếp tục đều tra vũ việc.
VIVOSDEV13_164_snr10,vivos,whisper,base,10,speech,HIỆN CƠ QUAN CHỨC NĂNG ĐANG TIẾP TỤC ĐIỀU TRA VỤ VIỆC, Cỳnh cơ quan chức năng đang tiếp tục liệu cha vũ việc.
VIVOSDEV13_164_snr5,vivos,whisper,base,5,music,HIỆN CƠ QUAN CHỨC NĂNG ĐANG TIẾP TỤC ĐIỀU TRA VỤ VIỆC, Hãy cơ quan chức năng đang tiếp tục đi chá vũ việc.
VIVOSDEV13_164_snr0,vivos,whisper,base,0,noise,HIỆN CƠ QUAN CHỨC NĂNG ĐANG TIẾP TỤC ĐIỀU TRA VỤ VIỆC, Nên tối ngoài chết năng đàn chết sầu phía ra vô vô
VIVOSDEV15_003_clean,vivos,whisper,base,clean,clean,ĐIỀU NÀY KHÓ HƠN KHI BẠN VÀO BÀN TIỆC TOÀN NGƯỜI XA LẠ, Điều này có hơn khi bạn vào bản tiệc toàn người xa lạ.
VIVOSDEV15_003_snr20,vivos,whisper,base,20,speech,ĐIỀU NÀY KHÓ HƠN KHI BẠN VÀO BÀN TIỆC TOÀN NGƯỜI XA LẠ, Điều này khó hơn khi bạn vào bán tiệc toàn người xa lại.
VIVOSDEV15_003_snr10,vivos,whisper,base,10,noise,ĐIỀU NÀY KHÓ HƠN KHI BẠN VÀO BÀN TIỆC TOÀN NGƯỜI XA LẠ, Điều này có hơn khi bạn vào bản tiệc tồn người xa lạ
VIVOSDEV15_003_snr5,vivos,whisper,base,5,noise,ĐIỀU NÀY KHÓ HƠN KHI BẠN VÀO BÀN TIỆC TOÀN NGƯỜI XA LẠ, Vì một ngày có hôm nay bạn vào bằng tiền tần hồi xa lạ
VIVOSDEV15_003_snr0,vivos,whisper,base,0,noise,ĐIỀU NÀY KHÓ HƠN KHI BẠN VÀO BÀN TIỆC TOÀN NGƯỜI XA LẠ, Điều này có hơn khi bạn vào bản tiệc tồn người xa lạ
VIVOSDEV05_115_clean,vivos,whisper,base,clean,clean,THỜI HẠN SỬ DỤNG VÀ LOẠI SẢN PHẨM BỘT, Thời hàng xử dụng và loại sản phẩm bộ
VIVOSDEV05_115_snr20,vivos,whisper,base,20,noise,THỜI HẠN SỬ DỤNG VÀ LOẠI SẢN PHẨM BỘT, Thời hàng xử dụng và loại sản phẩm bộ
VIVOSDEV05_115_snr10,vivos,whisper,base,10,noise,THỜI HẠN SỬ DỤNG VÀ LOẠI SẢN PHẨM BỘT, Thời hạn sử dụng và loại sáng phẩm bộ
VIVOSDEV05_115_snr5,vivos,whisper,base,5,music,THỜI HẠN SỬ DỤNG VÀ LOẠI SẢN PHẨM BỘT, Thời hàng xứ dùng 3 loại sáng pháp bộ
VIVOSDEV05_115_snr0,vivos,whisper,base,0,speech,THỜI HẠN SỬ DỤNG VÀ LOẠI SẢN PHẨM BỘT, Tại hành sẽ đừng vào lại thành pháp bộ
VIVOSDEV04_R114_clean,vivos,whisper,base,clean,clean,CŨNG CHẲNG CÒN XÚNG XÍNH QUẦN ÁO MỚI, Cũng chán còn xuống sính của nào mới.
VIVOSDEV04_R114_snr20,vivos,whisper,base,20,music,CŨNG CHẲNG CÒN XÚNG XÍNH QUẦN ÁO MỚI, Cũng chán còn xuống sính của náo mới.
VIVOSDEV04_R114_snr10,vivos,whisper,base,10,music,CŨNG CHẲNG CÒN XÚNG XÍNH QUẦN ÁO MỚI, cũng tráng còn xung xin của nào mới.
VIVOSDEV04_R114_snr5,vivos,whisper,base,5,music,CŨNG CHẲNG CÒN XÚNG XÍNH QUẦN ÁO MỚI, Cũng chán con xuống sính của nào mới.
VIVOSDEV04_R114_snr0,vivos,whisper,base,0,noise,CŨNG CHẲNG CÒN XÚNG XÍNH QUẦN ÁO MỚI, Chúng chán còn xúc xúc còn nào mới
VIVOSDEV02_R015_clean,vivos,whisper,base,clean,clean,TẤT CẢ MỌI THỨ ĐỀU KỲ LẠ MỘT CÁCH PHI THƯỜNG, Đức cả mọi thứ đều kì là 1 cách phi thường.
VIVOSDEV02_R015_snr20,vivos,whisper,base,20,speech,TẤT CẢ MỌI THỨ ĐỀU KỲ LẠ MỘT CÁCH PHI THƯỜNG, Đức cả mọi thứ đều kì là một các phi thường.
VIVOSDEV02_R015_snr10,vivos,whisper,base,10,noise,TẤT CẢ MỌI THỨ ĐỀU KỲ LẠ MỘT CÁCH PHI THƯỜNG, Đức cả mọi thứ đều kì là một cách phi thường.
VIVOSDEV02_R015_snr5,vivos,whisper,base,5,music,TẤT CẢ MỌI THỨ ĐỀU KỲ LẠ MỘT CÁCH PHI THƯỜNG, Cứ cã mọi thứ đều kì ra một cách phi thường.
VIVOSDEV02_R015_snr0,vivos,whisper,base,0,noise,TẤT CẢ MỌI THỨ ĐỀU KỲ LẠ MỘT CÁCH PHI THƯỜNG, Tất cả món thứ tài ok là một đạt phía
VIVOSDEV17_173_clean,vivos,whisper,base,clean,clean,TRÌNH ĐỘ CHUYÊN MÔN CỦA CÔ KHIẾN CÔ QUÁ THỪA TƯ CÁCH, Trình đợi chuyên môn của cô khiến cô quá thừa tư cắp.
VIVOSDEV17_173_snr20,vivos,whisper,base,20,music,TRÌNH ĐỘ CHUYÊN MÔN CỦA CÔ KHIẾN CÔ QUÁ THỪA TƯ CÁCH, Trình đợi chuyên môn của cô khiến cô quá thừa tươi cắp.
VIVOSDEV17_173_snr10,vivos,whisper,base,10,noise,TRÌNH ĐỘ CHUYÊN MÔN CỦA CÔ KHIẾN CÔ QUÁ THỪA TƯ CÁCH," Chình đợi chiên môn của cô, chiến cô quá chùa chứ cách"
VIVOSDEV17_173_snr5,vivos,whisper,base,5,speech,TRÌNH ĐỘ CHUYÊN MÔN CỦA CÔ KHIẾN CÔ QUÁ THỪA TƯ CÁCH," Tên đợi thương môn của con, thương mô quá thử tư cắp"
VIVOSDEV17_173_snr0,vivos,whisper,base,0,music,TRÌNH ĐỘ CHUYÊN MÔN CỦA CÔ KHIẾN CÔ QUÁ THỪA TƯ CÁCH," Chỉnh đổi chuyên môn của cô, khi cô quá thử tên cắt"
VIVOSDEV13_167_clean,vivos,whisper,base,clean,clean,KHI BỊ PHÁT HIỆN HỌ ĐÃ TRẢ LỜI NHƯ THẾ NÀO," Khi bị phát hiện, họ đã chả lời như thế."
VIVOSDEV13_167_snr20,vivos,whisper,base,20,music,KHI BỊ PHÁT HIỆN HỌ ĐÃ TRẢ LỜI NHƯ THẾ NÀO, khi bị phát hiện họ đã chả lời như thế
VIVOSDEV13_167_snr10,vivos,whisper,base,10,noise,KHI BỊ PHÁT HIỆN HỌ ĐÃ TRẢ LỜI NHƯ THẾ NÀO, phía bị phát hiện họ đã chả lời như thế
VIVOSDEV13_167_snr5,vivos,whisper,base,5,noise,KHI BỊ PHÁT HIỆN HỌ ĐÃ TRẢ LỜI NHƯ THẾ NÀO, Thì bị phát hiện họ đã chả lời như thế
VIVOSDEV13_167_snr0,vivos,whisper,base,0,speech,KHI BỊ PHÁT HIỆN HỌ ĐÃ TRẢ LỜI NHƯ THẾ NÀO," Phila Delphia, Pháp gorean 18, The Body of Howard"
VIVOSDEV01_R092_clean,vivos,whisper,base,clean,clean,DO CHÍNH PHỦ MỸ TIẾN HÀNH Ở VIỆT NAM, cho chính phủ Mỹ tiến hành ở Việt Nam.
VIVOSDEV01_R092_snr20,vivos,whisper,base,20,music,DO CHÍNH PHỦ MỸ TIẾN HÀNH Ở VIỆT NAM, cho chính phủ Mỹ tiến hành ở Việt Nam.
VIVOSDEV01_R092_snr10,vivos,whisper,base,10,noise,DO CHÍNH PHỦ MỸ TIẾN HÀNH Ở VIỆT NAM, Do chính phủ Mỹ tiến hành ở Việt Nam.
VIVOSDEV01_R092_snr5,vivos,whisper,base,5,music,DO CHÍNH PHỦ MỸ TIẾN HÀNH Ở VIỆT NAM, Do chính phủ mấy tiến hành ở Việt Nam
VIVOSDEV01_R092_snr0,vivos,whisper,base,0,music,DO CHÍNH PHỦ MỸ TIẾN HÀNH Ở VIỆT NAM, Giờ chính phủ mệ tiến hành ở Việt Nam
VIVOSDEV14_180_clean,vivos,whisper,base,clean,clean,ĂN CÁ NGỪ CÁ THU VÀ CÁ MÒI VỚI RAU TRỘN, Anh các người có thu và cám mọi với rau trộn
VIVOSDEV14_180_snr20,vivos,whisper,base,20,speech,ĂN CÁ NGỪ CÁ THU VÀ CÁ MÒI VỚI RAU TRỘN, Anh các người có thu và cá mọi với râu chủ.
VIVOSDEV14_180_snr10,vivos,whisper,base,10,music,ĂN CÁ NGỪ CÁ THU VÀ CÁ MÒI VỚI RAU TRỘN, Anh các người phát thù và cám mọi với rau trộn
VIVOSDEV14_180_snr5,vivos,whisper,base,5,noise,ĂN CÁ NGỪ CÁ THU VÀ CÁ MÒI VỚI RAU TRỘN, Anh đang ngửa tác hù và đáng mọi vui đâu chọn.
VIVOSDEV14_180_snr0,vivos,whisper,base,0,music,ĂN CÁ NGỪ CÁ THU VÀ CÁ MÒI VỚI RAU TRỘN, Các dính là thu và cá hỏi vớ lâu châu
VIVOSDEV01_T048_clean,vivos,whisper,base,clean,clean,THẰNG ĐÓ CÓ CÁI MIỆNG NHƯ ĐÀN BÀ, Hẳn đó có cái miễn như đằng bà.
VIVOSDEV01_T048_snr20,vivos,whisper,base,20,noise,THẰNG ĐÓ CÓ CÁI MIỆNG NHƯ ĐÀN BÀ, hành đó có cái mì như đằng bà
VIVOSDEV01_T048_snr10,vivos,whisper,base,10,noise,THẰNG ĐÓ CÓ CÁI MIỆNG NHƯ ĐÀN BÀ, thành đó có cái miễn như đàn bà
VIVOSDEV01_T048_snr5,vivos,whisper,base,5,music,THẰNG ĐÓ CÓ CÁI MIỆNG NHƯ ĐÀN BÀ, Thành đó có cái mỉ hư đặc bà
VIVOSDEV01_T048_snr0,vivos,whisper,base,0,music,THẰNG ĐÓ CÓ CÁI MIỆNG NHƯ ĐÀN BÀ," Cái thằng khá tốt vào cái lần này, kìa đảm bà"
VIVOSDEV05_200_clean,vivos,whisper,base,clean,clean,LÀM ĐƯỜNG DÂY ĐỂ NỐI CÁC MẢNH ĐỜI, Làm đường dây để nói các mạnh đời.
VIVOSDEV05_200_snr20,vivos,whisper,base,20,noise,LÀM ĐƯỜNG DÂY ĐỂ NỐI CÁC MẢNH ĐỜI, làm đường dây để nói các mạnh đời.
VIVOSDEV05_200_snr10,vivos,whisper,base,10,music,LÀM ĐƯỜNG DÂY ĐỂ NỐI CÁC MẢNH ĐỜI, làm đường dây để nói các mạnh đời.
VIVOSDEV05_200_snr5,vivos,whisper,base,5,music,LÀM ĐƯỜNG DÂY ĐỂ NỐI CÁC MẢNH ĐỜI, làm đường giấy để nói các mạnh đời
VIVOSDEV05_200_snr0,vivos,whisper,base,0,noise,LÀM ĐƯỜNG DÂY ĐỂ NỐI CÁC MẢNH ĐỜI, làm đường dây để nói các mạnh đời
VIVOSDEV12_071_clean,vivos,whisper,base,clean,clean,NÓ ĐƯỢC ĐẶT TRONG MỘT HỘP ĐỰNG TRANG SỨC BỌC DA ĐỎ, Nó được đặt công một hộp đừng can sức bọc gia đó.
VIVOSDEV12_071_snr20,vivos,whisper,base,20,music,NÓ ĐƯỢC ĐẶT TRONG MỘT HỘP ĐỰNG TRANG SỨC BỌC DA ĐỎ, Nó được đặt trong một hợp đừng tranh sức bọc gia đỏ.
VIVOSDEV12_071_snr10,vivos,whisper,base,10,music,NÓ ĐƯỢC ĐẶT TRONG MỘT HỘP ĐỰNG TRANG SỨC BỌC DA ĐỎ, Nó được đặt công một hộp đừng tranh sức bọc gia đỏ.
VIVOSDEV12_071_snr5,vivos,whisper,base,5,speech,NÓ ĐƯỢC ĐẶT TRONG MỘT HỘP ĐỰNG TRANG SỨC BỌC DA ĐỎ, Nó được nặng công một hộp đừng càng sức bọng gia đó.
VIVOSDEV12_071_snr0,vivos,whisper,base,0,noise,NÓ ĐƯỢC ĐẶT TRONG MỘT HỘP ĐỰNG TRANG SỨC BỌC DA ĐỎ, nó được nặng trong một hộp đừng tranh sức bọng cha đó
VIVOSDEV09_158_clean,vivos,whisper,base,clean,clean,SỢ NHẤT LÀ MÙA MƯA SẤM SÉT ĐÙNG ĐOÀNG TRÊN NÚI, Sởi nhất là mùa mưa sống sát đồng đoạn trên nối.
VIVOSDEV09_158_snr20,vivos,whisper,base,20,music,SỢ NHẤT LÀ MÙA MƯA SẤM SÉT ĐÙNG ĐOÀNG TRÊN NÚI, Sở nhất là mù mươi sống xét đồng đoàn trên nối.
VIVOSDEV09_158_snr10,vivos,whisper,base,10,noise,SỢ NHẤT LÀ MÙA MƯA SẤM SÉT ĐÙNG ĐOÀNG TRÊN NÚI, Sở nhất là mùa môi sống chắc đồng doàn trên nối.
VIVOSDEV09_158_snr5,vivos,whisper,base,5,speech,SỢ NHẤT LÀ MÙA MƯA SẤM SÉT ĐÙNG ĐOÀNG TRÊN NÚI, Chẳng nhất là mùi môn sâm chất đồng doàn trên nối.
VIVOSDEV09_158_snr0,vivos,whisper,base,0,music,SỢ NHẤT LÀ MÙA MƯA SẤM SÉT ĐÙNG ĐOÀNG TRÊN NÚI, Sởi nhất làm hồ mưa sống xét đùng đoàn trên nối.
VIVOSDEV07_211_clean,vivos,whisper,base,clean,clean,HAI MƯƠI TÁM HAI MƯƠI CHÍN, 28 29
VIVOSDEV07_211_snr20,vivos,whisper,base,20,noise,HAI MƯƠI TÁM HAI MƯƠI CHÍN, 28 29
VIVOSDEV07_211_snr10,vivos,whisper,base,10,noise,HAI MƯƠI TÁM HAI MƯƠI CHÍN, 28 29
VIVOSDEV07_211_snr5,vivos,whisper,base,5,noise,HAI MƯƠI TÁM HAI MƯƠI CHÍN, 28 29
VIVOSDEV07_211_snr0,vivos,whisper,base,0,noise,HAI MƯƠI TÁM HAI MƯƠI CHÍN, 28 29
VIVOSDEV09_047_clean,vivos,whisper,base,clean,clean,NGÀY CĂN BẬC HAI CHỈ DIỄN RA CHÍN LẦN TRONG MỘT THẾ KỶ, Ngày căng bật 2 chỉ diễn ra chính lần trong một thế kỷ
VIVOSDEV09_047_snr20,vivos,whisper,base,20,noise,NGÀY CĂN BẬC HAI CHỈ DIỄN RA CHÍN LẦN TRONG MỘT THẾ KỶ, Ngày căng bật 2 chỉ diễn ra chính lần cho 1 thế kỷ
VIVOSDEV09_047_snr10,vivos,whisper,base,10,music,NGÀY CĂN BẬC HAI CHỈ DIỄN RA CHÍN LẦN TRONG MỘT THẾ KỶ, Ngày căng bật 2 chỉ diễn ra chính lần trong một thế kỷ
VIVOSDEV09_047_snr5,vivos,whisper,base,5,music,NGÀY CĂN BẬC HAI CHỈ DIỄN RA CHÍN LẦN TRONG MỘT THẾ KỶ, Ngày căng bật 2 chỉ diễn rai chính lần trong một phép kỹ
VIVOSDEV09_047_snr0,vivos,whisper,base,0,noise,NGÀY CĂN BẬC HAI CHỈ DIỄN RA CHÍN LẦN TRONG MỘT THẾ KỶ, Ngày căng bật 2 chỉ diễn ngoài chính lần cho bột thế kỷ
VIVOSDEV19_011_clean,vivos,whisper,base,clean,clean,MONG ANH HÃY HIỂU CHO EM EM THƯƠNG NHỚ VÀ YÊU ANH NHIỀU, Mông anh này hiểu cho em em thương nhớ về yêu anh nhiều.
VIVOSDEV19_011_snr20,vivos,whisper,base,20,noise,MONG ANH HÃY HIỂU CHO EM EM THƯƠNG NHỚ VÀ YÊU ANH NHIỀU, Mông anh này hiểu cho em em thương nhớ về yêu anh nhiều.
VIVOSDEV19_011_snr10,vivos,whisper,base,10,music,MONG ANH HÃY HIỂU CHO EM EM THƯƠNG NHỚ VÀ YÊU ANH NHIỀU," Mọng ăn này hiểu cho em, em thu nhớ về Yu Anh Như"
VIVOSDEV19_011_snr5,vivos,whisper,base,5,music,MONG ANH HÃY HIỂU CHO EM EM THƯƠNG NHỚ VÀ YÊU ANH NHIỀU," Món anh thể dự cho em, em thương giữa về You & You."
VIVOSDEV19_011_snr0,vivos,whisper,base,0,speech,MONG ANH HÃY HIỂU CHO EM EM THƯƠNG NHỚ VÀ YÊU ANH NHIỀU, Mỏng mắt này hiểu cho em em không nhớ về uống nhiều.
VIVOSDEV13_088_clean,vivos,whisper,base,clean,clean,NHỮNG CHIẾC LỒNG ĐÈN ĐỒ CHƠI VIỆT VẪN LẶNG LẼ MANG HỒN VIỆT XUỐNG PHỐ, Những chiếc lòng đoạn đôi chơi việc vẫn lặng lẽ mang hồng việc xuống phó.
VIVOSDEV13_088_snr20,vivos,whisper,base,20,music,NHỮNG CHIẾC LỒNG ĐÈN ĐỒ CHƠI VIỆT VẪN LẶNG LẼ MANG HỒN VIỆT XUỐNG PHỐ, Những chiếc lòng đoạn đồ chơi việc vẫn lặng lẽ mang hồ việc xuống phóng.
VIVOSDEV13_088_snr10,vivos,whisper,base,10,noise,NHỮNG CHIẾC LỒNG ĐÈN ĐỒ CHƠI VIỆT VẪN LẶNG LẼ MANG HỒN VIỆT XUỐNG PHỐ, Chính chiếc lòng đoạn đồ chơi việc vẫn lặng lẽ mang hồn việc xuống phố
VIVOSDEV13_088_snr5,vivos,whisper,base,5,music,NHỮNG CHIẾC LỒNG ĐÈN ĐỒ CHƠI VIỆT VẪN LẶNG LẼ MANG HỒN VIỆT XUỐNG PHỐ, Chính chiếc lòng biện đồ chơi việc vẫn lặng lẽ mang hồn việc xuống có
VIVOSDEV13_088_snr0,vivos,whisper,base,0,music,NHỮNG CHIẾC LỒNG ĐÈN ĐỒ CHƠI VIỆT VẪN LẶNG LẼ MANG HỒN VIỆT XUỐNG PHỐ, Chính chiếc lòng đề người chơi về vận lặng để mang ngọt việc súng phố.
VIVOSDEV14_235_clean,vivos,whisper,base,clean,clean,THAM GIA THIẾT KẾ LĂNG CHỦ TỊCH HỒ CHÍ MINH THÌ CÓ NHIỀU NGƯỜI," Thì kế lăng, chủ tịch hồi chế mình có nhiều người."
VIVOSDEV14_235_snr20,vivos,whisper,base,20,noise,THAM GIA THIẾT KẾ LĂNG CHỦ TỊCH HỒ CHÍ MINH THÌ CÓ NHIỀU NGƯỜI," Thì kế lăng, chủ tịch hồi chế mình thì có nhiều người."
VIVOSDEV14_235_snr10,vivos,whisper,base,10,noise,THAM GIA THIẾT KẾ LĂNG CHỦ TỊCH HỒ CHÍ MINH THÌ CÓ NHIỀU NGƯỜI," Thì kế lăng, chủ tịch hồi chếm mình thì có nhiều người."
VIVOSDEV14_235_snr5,vivos,whisper,base,5,music,THAM GIA THIẾT KẾ LĂNG CHỦ TỊCH HỒ CHÍ MINH THÌ CÓ NHIỀU NGƯỜI, Thì mẹ thích cái năng chủ tật hồ chín mình thì có nhiều người.
VIVOSDEV14_235_snr0,vivos,whisper,base,0,noise,THAM GIA THIẾT KẾ LĂNG CHỦ TỊCH HỒ CHÍ MINH THÌ CÓ NHIỀU NGƯỜI," Thếm gia thích lạnh, chủ tất hồi chín bình thịt có nhiều mùi"
VIVOSDEV14_140_clean,vivos,whisper,base,clean,clean,CÓ NHƯNG PHẢI LÀ THUỐC ĐẶC TRỊ CỦA PHÁP HIẾM VÀ CỰC KỲ ĐẮT, có nhưng phải là thuốc lạc trợi của pháp hiếm vật kỳ đắc.
VIVOSDEV14_140_snr20,vivos,whisper,base,20,noise,CÓ NHƯNG PHẢI LÀ THUỐC ĐẶC TRỊ CỦA PHÁP HIẾM VÀ CỰC KỲ ĐẮT, Có những phải là thuốc đặt trị của pháp hiếm vật kỳ đắc.
VIVOSDEV14_140_snr10,vivos,whisper,base,10,music,CÓ NHƯNG PHẢI LÀ THUỐC ĐẶC TRỊ CỦA PHÁP HIẾM VÀ CỰC KỲ ĐẮT, có nhưng phải là thuốc đặt trị phố pháp hiếm vật kỳ đắc.
VIVOSDEV14_140_snr5,vivos,whisper,base,5,music,CÓ NHƯNG PHẢI LÀ THUỐC ĐẶC TRỊ CỦA PHÁP HIẾM VÀ CỰC KỲ ĐẮT, Có nhưng phải là thuốc lặt trị của pháp hiếm vật kỳ đắc.
VIVOSDEV14_140_snr0,vivos,whisper,base,0,noise,CÓ NHƯNG PHẢI LÀ THUỐC ĐẶC TRỊ CỦA PHÁP HIẾM VÀ CỰC KỲ ĐẮT, có những phải là thuốc lặt trạy của pháp hím hoặc kỳ đáp.
VIVOSDEV07_025_clean,vivos,whisper,base,clean,clean,CHO NHỮNG CHUYẾN DÃ NGOẠI CỦA DU KHÁCH, cho những chiến giả ngoài của YuHead.
VIVOSDEV07_025_snr20,vivos,whisper,base,20,noise,CHO NHỮNG CHUYẾN DÃ NGOẠI CỦA DU KHÁCH, cho những chiến giản ngoài của Yu Hết
VIVOSDEV07_025_snr10,vivos,whisper,base,10,noise,CHO NHỮNG CHUYẾN DÃ NGOẠI CỦA DU KHÁCH, cho những chiến giận ngoài của vũ khách
VIVOSDEV07_025_snr5,vivos,whisper,base,5,music,CHO NHỮNG CHUYẾN DÃ NGOẠI CỦA DU KHÁCH, cho những chiến giản ngoài của Yu Khép
VIVOSDEV07_025_snr0,vivos,whisper,base,0,music,CHO NHỮNG CHUYẾN DÃ NGOẠI CỦA DU KHÁCH, cho những chiến giả ngoại của dư khách.
VIVOSDEV18_082_clean,vivos,whisper,base,clean,clean,HÀNG CHÂN MÀY ĐEN VÀ XẾCH KHÔNG LẪN VÀO ĐÂU ĐƯỢC, Hàng chân mày đen và sách không lẫn vào đầu được.
VIVOSDEV18_082_snr20,vivos,whisper,base,20,music,HÀNG CHÂN MÀY ĐEN VÀ XẾCH KHÔNG LẪN VÀO ĐÂU ĐƯỢC, Hàng chân mày đen và sách không lẫn vào đầu được.
VIVOSDEV18_082_snr10,vivos,whisper,base,10,music,HÀNG CHÂN MÀY ĐEN VÀ XẾCH KHÔNG LẪN VÀO ĐÂU ĐƯỢC, Hàng chân mày đen và sách không lẫn vào đâu được.
VIVOSDEV18_082_snr5,vivos,whisper,base,5,noise,HÀNG CHÂN MÀY ĐEN VÀ XẾCH KHÔNG LẪN VÀO ĐÂU ĐƯỢC, Hàng chân mây đen và sách không lẫn vào đau được.
VIVOSDEV18_082_snr0,vivos,whisper,base,0,noise,HÀNG CHÂN MÀY ĐEN VÀ XẾCH KHÔNG LẪN VÀO ĐÂU ĐƯỢC, Hàng chân mày đen và sách không lẫn vào đau được.
VIVOSDEV16_239_clean,vivos,whisper,base,clean,clean,VÀ MỘT ĐIỀU SÂU XA LÀ MÌNH ĐÃ THẬT SỰ YÊU BẠN, và một điều sau xa làm mình đã thực sự yêu bản.
VIVOSDEV16_239_snr20,vivos,whisper,base,20,noise,VÀ MỘT ĐIỀU SÂU XA LÀ MÌNH ĐÃ THẬT SỰ YÊU BẠN, và một điều sau xa làm mình đã thực sự yêu bản
VIVOSDEV16_239_snr10,vivos,whisper,base,10,noise,VÀ MỘT ĐIỀU SÂU XA LÀ MÌNH ĐÃ THẬT SỰ YÊU BẠN, và một điều sau xa làm mình đã thực sự yêu bản
VIVOSDEV16_239_snr5,vivos,whisper,base,5,speech,VÀ MỘT ĐIỀU SÂU XA LÀ MÌNH ĐÃ THẬT SỰ YÊU BẠN, Và một điều sau xa làm mình đã thực sự yêu bánh.
VIVOSDEV16_239_snr0,vivos,whisper,base,0,noise,VÀ MỘT ĐIỀU SÂU XA LÀ MÌNH ĐÃ THẬT SỰ YÊU BẠN, và một điều sau xa làm mình đã thực sự yêu bánh.
VIVOSDEV13_263_clean,vivos,whisper,base,clean,clean,MỘT SỐ ĐIỂM NƯỚC PHUN ĐẾN ĐÂU BAY HƠI HẾT ĐẾN ĐÓ, 1 số điểm nước phong đến đau bày hơi hết đến đau
VIVOSDEV13_263_snr20,vivos,whisper,base,20,noise,MỘT SỐ ĐIỂM NƯỚC PHUN ĐẾN ĐÂU BAY HƠI HẾT ĐẾN ĐÓ, Một số để nước phong đến đau bày hơi hết đến đau.
VIVOSDEV13_263_snr10,vivos,whisper,base,10,music,MỘT SỐ ĐIỂM NƯỚC PHUN ĐẾN ĐÂU BAY HƠI HẾT ĐẾN ĐÓ, Ngọc sớ điểm nước phong đến đau bày hơi hết tấn đau
VIVOSDEV13_263_snr5,vivos,whisper,base,5,music,MỘT SỐ ĐIỂM NƯỚC PHUN ĐẾN ĐÂU BAY HƠI HẾT ĐẾN ĐÓ, 1 xe để mức phong đến đau bây hơi hết đến đau
VIVOSDEV13_263_snr0,vivos,whisper,base,0,noise,MỘT SỐ ĐIỂM NƯỚC PHUN ĐẾN ĐÂU BAY HƠI HẾT ĐẾN ĐÓ, Một số để nước phong đến đau bày hay hết đến đau
VIVOSDEV11_282_clean,vivos,whisper,base,clean,clean,THÔI THÌ CỨ SẮP XẾP NHƯ VẬY, Tại thay cứ sắp sắp nhiều vầy.
VIVOSDEV11_282_snr20,vivos,whisper,base,20,noise,THÔI THÌ CỨ SẮP XẾP NHƯ VẬY, Tại thay cứ sắp sắp nhiều vầy.
VIVOSDEV11_282_snr10,vivos,whisper,base,10,music,THÔI THÌ CỨ SẮP XẾP NHƯ VẬY, Tại thay cưu sắp sắp nhiều vầy.
VIVOSDEV11_282_snr5,vivos,whisper,base,5,noise,THÔI THÌ CỨ SẮP XẾP NHƯ VẬY, Thôi thầy cứu sắp sắp nhiều vậy.
VIVOSDEV11_282_snr0,vivos,whisper,base,0,noise,THÔI THÌ CỨ SẮP XẾP NHƯ VẬY, Kholy thể cứ chấp đép nhiều tầy.
VIVOSDEV04_R013_clean,vivos,whisper,base,clean,clean,NGHĨA LÀ KÉM CỎI NAM TÍNH HAY SAO, Nghĩa là kiếm cỏ nôm tính hay sao?
VIVOSDEV04_R013_snr20,vivos,whisper,base,20,music,NGHĨA LÀ KÉM CỎI NAM TÍNH HAY SAO, Nghĩa là kiếm cỏ nôm tính hay sao?
VIVOSDEV04_R013_snr10,vivos,whisper,base,10,noise,NGHĨA LÀ KÉM CỎI NAM TÍNH HAY SAO, Nghĩa là kiếm cỏ nôm tính hay sao?
VIVOSDEV04_R013_snr5,vivos,whisper,base,5,music,NGHĨA LÀ KÉM CỎI NAM TÍNH HAY SAO," Nghĩa là kiếm cỏ, nằm tính hay sao?"
VIVOSDEV04_R013_snr0,vivos,whisper,base,0,speech,NGHĨA LÀ KÉM CỎI NAM TÍNH HAY SAO," Cái lạ kìm ca, nằm được nơi sống"
VIVOSDEV13_226_clean,vivos,whisper,base,clean,clean,VẬY MỚI CÓ MỤC TIÊU ĐỂ MÀ PHẤN ĐẤU NÊN NGƯỜI CÓ Ý THỨC, Bạn mới có 1 tiêu để mà phẳng đau nên người có ý thức.
VIVOSDEV13_226_snr20,vivos,whisper,base,20,music,VẬY MỚI CÓ MỤC TIÊU ĐỂ MÀ PHẤN ĐẤU NÊN NGƯỜI CÓ Ý THỨC, Vậy mới có 1 tiêu để mạp phân đáo nên người có ý thương.
VIVOSDEV13_226_snr10,vivos,whisper,base,10,noise,VẬY MỚI CÓ MỤC TIÊU ĐỂ MÀ PHẤN ĐẤU NÊN NGƯỜI CÓ Ý THỨC, Bạn mới có 1 tiêu để mạp thắng đấu nên người có ý thức.
VIVOSDEV13_226_snr5,vivos,whisper,base,5,noise,VẬY MỚI CÓ MỤC TIÊU ĐỂ MÀ PHẤN ĐẤU NÊN NGƯỜI CÓ Ý THỨC, Bạy mới to 1 tiêu để mà không đấu nên người to ý
VIVOSDEV13_226_snr0,vivos,whisper,base,0,music,VẬY MỚI CÓ MỤC TIÊU ĐỂ MÀ PHẤN ĐẤU NÊN NGƯỜI CÓ Ý THỨC, vài mới có 1 tiêu để mà khoảng 6 lên nhiều câu ý
VIVOSDEV15_173_clean,vivos,whisper,base,clean,clean,HÌNH THỨC KỶ LUẬT NÀO CŨNG CHỈ CÓ TÍNH ĐỊNH HƯỚNG RĂN ĐE, Hình thơ kệ luận nào cũng chỉ có tiếng định hướng răn đeo.
VIVOSDEV15_173_snr20,vivos,whisper,base,20,noise,HÌNH THỨC KỶ LUẬT NÀO CŨNG CHỈ CÓ TÍNH ĐỊNH HƯỚNG RĂN ĐE, Hình thơ kệ luật nào cũng chỉ có tiếng định hướng răn đeo
VIVOSDEV15_173_snr10,vivos,whisper,base,10,speech,HÌNH THỨC KỶ LUẬT NÀO CŨNG CHỈ CÓ TÍNH ĐỊNH HƯỚNG RĂN ĐE, Hình tớ kị luận nào cũng chỉ có tính định hướng răng lê
VIVOSDEV15_173_snr5,vivos,whisper,base,5,noise,HÌNH THỨC KỶ LUẬT NÀO CŨNG CHỈ CÓ TÍNH ĐỊNH HƯỚNG RĂN ĐE, Hình thức kị luật nào cũng chỉ có tính định hướng răn đeo
VIVOSDEV15_173_snr0,vivos,whisper,base,0,noise,HÌNH THỨC KỶ LUẬT NÀO CŨNG CHỈ CÓ TÍNH ĐỊNH HƯỚNG RĂN ĐE, Hình thức kể lùa nào cũng chỉ có tiếng định hướng răn đeo.
VIVOSDEV05_199_clean,vivos,whisper,base,clean,clean,LẦN LỮA MÃI MỚI GẶP ĐƯỢC TUYÊN," Lần nữa, mãi mới gặp được tuyên."
VIVOSDEV05_199_snr20,vivos,whisper,base,20,speech,LẦN LỮA MÃI MỚI GẶP ĐƯỢC TUYÊN," Lần nữa, mãi mới gặp được tuyên."
VIVOSDEV05_199_snr10,vivos,whisper,base,10,noise,LẦN LỮA MÃI MỚI GẶP ĐƯỢC TUYÊN," Lần nữa, mãi mới gặp được kuyên"
VIVOSDEV05_199_snr5,vivos,whisper,base,5,speech,LẦN LỮA MÃI MỚI GẶP ĐƯỢC TUYÊN," Lần nữa, mai mới, vâng vâng vâng tìm tìm."
VIVOSDEV05_199_snr0,vivos,whisper,base,0,noise,LẦN LỮA MÃI MỚI GẶP ĐƯỢC TUYÊN," Lần nữa, mãi mới gặp được tuyên."
VIVOSDEV09_222_clean,vivos,whisper,base,clean,clean,NĂM MƯƠI NĂM MƯƠI MỐT, Năm mới năm ý mốt
VIVOSDEV09_222_snr20,vivos,whisper,base,20,speech,NĂM MƯƠI NĂM MƯƠI MỐT," Năm mới, năm ý mộ."
VIVOSDEV09_222_snr10,vivos,whisper,base,10,noise,NĂM MƯƠI NĂM MƯƠI MỐT," 50, 51"
VIVOSDEV09_222_snr5,vivos,whisper,base,5,noise,NĂM MƯƠI NĂM MƯƠI MỐT, 50-50 mô
VIVOSDEV09_222_snr0,vivos,whisper,base,0,noise,NĂM MƯƠI NĂM MƯƠI MỐT, 50-51
VIVOSDEV03_T023_clean,vivos,whisper,base,clean,clean,CƯỚP ĐẦY ĐƯỜNG CÔNG AN CHỈ LO HẠCH SÁCH," Cướp đầy đường, công ngang chỉ lo hạt sách."
VIVOSDEV03_T023_snr20,vivos,whisper,base,20,noise,CƯỚP ĐẦY ĐƯỜNG CÔNG AN CHỈ LO HẠCH SÁCH," Cướp đầy đường, công ngang chỉ lo hạt sách"
VIVOSDEV03_T023_snr10,vivos,whisper,base,10,speech,CƯỚP ĐẦY ĐƯỜNG CÔNG AN CHỈ LO HẠCH SÁCH," Cước đầy đường, công ngang chỉ lo hạt sát."
VIVOSDEV03_T023_snr5,vivos,whisper,base,5,music,CƯỚP ĐẦY ĐƯỜNG CÔNG AN CHỈ LO HẠCH SÁCH," Cứt đây đường, công ngang chỉ lo hành sát"
VIVOSDEV03_T023_snr0,vivos,whisper,base,0,noise,CƯỚP ĐẦY ĐƯỜNG CÔNG AN CHỈ LO HẠCH SÁCH," Cước đây được, công nghiêm ý lo hảnh sắc"
VIVOSDEV05_249_clean,vivos,whisper,base,clean,clean,TÔI NGHĨ THỦ TƯỚNG SẼ KHÔNG NÉ TRÁNH BẤT CỨ CÂU HỎI NÀO, Tôi nghĩ thủ tướng sẽ không nét tranh bất cứ cầu hỏi nào.
VIVOSDEV05_249_snr20,vivos,whisper,base,20,speech,TÔI NGHĨ THỦ TƯỚNG SẼ KHÔNG NÉ TRÁNH BẤT CỨ CÂU HỎI NÀO, Tôi nghĩ thủ tướng sẽ không nét tranh bất cứ cầu hỏi nào.
VIVOSDEV05_249_snr10,vivos,whisper,base,10,noise,TÔI NGHĨ THỦ TƯỚNG SẼ KHÔNG NÉ TRÁNH BẤT CỨ CÂU HỎI NÀO, Tôi nghĩ thủ tướng sẽ không nét chán bất cứ cầu hỏi nào.
VIVOSDEV05_249_snr5,vivos,whisper,base,5,speech,TÔI NGHĨ THỦ TƯỚNG SẼ KHÔNG NÉ TRÁNH BẤT CỨ CÂU HỎI NÀO, Tôi nghĩ hụ tướng sẽ không mấy trách bất cứ cầu hỏi nào.
VIVOSDEV05_249_snr0,vivos,whisper,base,0,speech,TÔI NGHĨ THỦ TƯỚNG SẼ KHÔNG NÉ TRÁNH BẤT CỨ CÂU HỎI NÀO, Bạn tìm tìm tìm tìm tìm tìm tìm tìm tìm tìm tìm tìm tìm tìm tìm tìm tìm tìm tìm tìm tìm tìm tìm tìm tìm tìm tìm tìm tìm tìm tìm tìm tìm tìm tìm tìm tìm tìm tìm tìm tìm tìm
VIVOSDEV02_R005_clean,vivos,whisper,base,clean,clean,NẾU TƯỞNG TƯỢNG BẢY TÁM NĂM NỮA, Nếu tưởng tượng 7-8-5 nửa
VIVOSDEV02_R005_snr20,vivos,whisper,base,20,speech,NẾU TƯỞNG TƯỢNG BẢY TÁM NĂM NỮA, Nếu tưởng từ 7-8-5 nữa
VIVOSDEV02_R005_snr10,vivos,whisper,base,10,speech,NẾU TƯỞNG TƯỢNG BẢY TÁM NĂM NỮA, Vinh xe tưởng từ 7-8 năm nữa.
VIVOSDEV02_R005_snr5,vivos,whisper,base,5,music,NẾU TƯỞNG TƯỢNG BẢY TÁM NĂM NỮA, Đớt ứng từ 7-8 năm nữa.
VIVOSDEV02_R005_snr0,vivos,whisper,base,0,music,NẾU TƯỞNG TƯỢNG BẢY TÁM NĂM NỮA, Nếu tưởng tượng 788 nữa
VIVOSDEV15_239_clean,vivos,whisper,base,clean,clean,THẬT RA THÌ CŨNG KHÔNG THỂ LÀM CẦU KÌ NHƯ Ở NHÀ ĐƯỢC, Thật ra thì cũng không thể làm cầu kỳ như ở nhà được.
VIVOSDEV15_239_snr20,vivos,whisper,base,20,noise,THẬT RA THÌ CŨNG KHÔNG THỂ LÀM CẦU KÌ NHƯ Ở NHÀ ĐƯỢC, Thật ra thì cũng không thể làm cầu kỳ như ở nhà được.
VIVOSDEV15_239_snr10,vivos,whisper,base,10,speech,THẬT RA THÌ CŨNG KHÔNG THỂ LÀM CẦU KÌ NHƯ Ở NHÀ ĐƯỢC, Thật ra thì cũng không thể làm câu kia như ở nhà đường.
VIVOSDEV15_239_snr5,vivos,whisper,base,5,noise,THẬT RA THÌ CŨNG KHÔNG THỂ LÀM CẦU KÌ NHƯ Ở NHÀ ĐƯỢC, Thật ra thì cũng không thể làm cầu kỳ như ở nhà được.
VIVOSDEV15_239_snr0,vivos,whisper,base,0,noise,THẬT RA THÌ CŨNG KHÔNG THỂ LÀM CẦU KÌ NHƯ Ở NHÀ ĐƯỢC, Thật ra thì cũng không thể làm tồ cư như ở nhà đưa.
VIVOSDEV16_101_clean,vivos,whisper,base,clean,clean,TÔI KHẼ CHỚP MẮT VÀ THẦM CẦU NGUYỆN XIN CHÚA GIÚP CON, Tôi khể chấp mắt và thầm cầu nguyện xin chú giúp cơn
VIVOSDEV16_101_snr20,vivos,whisper,base,20,noise,TÔI KHẼ CHỚP MẮT VÀ THẦM CẦU NGUYỆN XIN CHÚA GIÚP CON, Tôi khé chấp mắt và thầm cầu nguyện xin chú giúp cầu.
VIVOSDEV16_101_snr10,vivos,whisper,base,10,noise,TÔI KHẼ CHỚP MẮT VÀ THẦM CẦU NGUYỆN XIN CHÚA GIÚP CON, Tôi khé chấp mắt và thầm cầu miệng sinh chú giúp con.
VIVOSDEV16_101_snr5,vivos,whisper,base,5,noise,TÔI KHẼ CHỚP MẮT VÀ THẦM CẦU NGUYỆN XIN CHÚA GIÚP CON, Tôi khá chấp bắt và thầm cầu miễn sinh truy nhất con
VIVOSDEV16_101_snr0,vivos,whisper,base,0,music,TÔI KHẼ CHỚP MẮT VÀ THẦM CẦU NGUYỆN XIN CHÚA GIÚP CON, Tôi khả chấp bắt và thầm cầu miệng xin chú giúp con
VIVOSDEV11_015_clean,vivos,whisper,base,clean,clean,NỮ DIỄN VIÊN XINH ĐẸP PHẠM BĂNG BĂNG, Nữ dính viên xin đẹp và băng băng
VIVOSDEV11_015_snr20,vivos,whisper,base,20,music,NỮ DIỄN VIÊN XINH ĐẸP PHẠM BĂNG BĂNG, Nữ dính phê sinh đẹp và băng băng
VIVOSDEV11_015_snr10,vivos,whisper,base,10,speech,NỮ DIỄN VIÊN XINH ĐẸP PHẠM BĂNG BĂNG, Nữ dính phê sinh đẹp và băng băng
VIVOSDEV11_015_snr5,vivos,whisper,base,5,noise,NỮ DIỄN VIÊN XINH ĐẸP PHẠM BĂNG BĂNG, Nữ yên phê xin đẹp và băng băng
VIVOSDEV11_015_snr0,vivos,whisper,base,0,speech,NỮ DIỄN VIÊN XINH ĐẸP PHẠM BĂNG BĂNG," Nói bây giờ, không có bây giờ, không có bây giờ, không có bây giờ, không có bây giờ, không có bây giờ, không có bây giờ, không có bây giờ, không có bây giờ, không có bây giờ, không có bây giờ, không có bây giờ, không có bây giờ, không có bây giờ, không có bây giờ, không có bây giờ, không có bây giờ, không có bây giờ, không có bây giờ, không có bây giờ, không có bây giờ, không"
VIVOSDEV04_R056_clean,vivos,whisper,base,clean,clean,GÍ HÒN THAN VÀO RƠM, ý hoàng thang vào đơm.
VIVOSDEV04_R056_snr20,vivos,whisper,base,20,noise,GÍ HÒN THAN VÀO RƠM, ý hoàng thang vào rơm
VIVOSDEV04_R056_snr10,vivos,whisper,base,10,noise,GÍ HÒN THAN VÀO RƠM, Vĩ hỏng thân vào gương
VIVOSDEV04_R056_snr5,vivos,whisper,base,5,music,GÍ HÒN THAN VÀO RƠM, ý hoàng thang vào đơm
VIVOSDEV04_R056_snr0,vivos,whisper,base,0,music,GÍ HÒN THAN VÀO RƠM, ý hoàng thang vào đơm
VIVOSDEV06_103_clean,vivos,whisper,base,clean,clean,CÁC EM NHỎ SẼ KHÔNG CÒN PHẢI ĐI TRÊN NHỮNG CHUYẾN ĐÒ NGUY HIỂM, Các em nhỏ sẽ không còn phải đi trên những chiến đòn quý hiểm.
VIVOSDEV06_103_snr20,vivos,whisper,base,20,music,CÁC EM NHỎ SẼ KHÔNG CÒN PHẢI ĐI TRÊN NHỮNG CHUYẾN ĐÒ NGUY HIỂM, Các em nhỏ sẽ không còn phải đi trên những chiến đòn quý hiểm.
VIVOSDEV06_103_snr10,vivos,whisper,base,10,music,CÁC EM NHỎ SẼ KHÔNG CÒN PHẢI ĐI TRÊN NHỮNG CHUYẾN ĐÒ NGUY HIỂM, Các em nhỏ sẽ không còn phải đi trên những chiến đòn quý hiểm.
VIVOSDEV06_103_snr5,vivos,whisper,base,5,speech,CÁC EM NHỎ SẼ KHÔNG CÒN PHẢI ĐI TRÊN NHỮNG CHUYẾN ĐÒ NGUY HIỂM, Đắc em nhỏ sẽ không còn phải đi dân nhỉ chứng đọng vui hình.
VIVOSDEV06_103_snr0,vivos,whisper,base,0,music,CÁC EM NHỎ SẼ KHÔNG CÒN PHẢI ĐI TRÊN NHỮNG CHUYẾN ĐÒ NGUY HIỂM, Giác em nhỏ sẽ không còn phải đi trên những chiến đọng quyền
VIVOSDEV06_157_clean,vivos,whisper,base,clean,clean,SỐ KHÁC SUY ĐOÁN RẰNG ANH TA HÀNH ĐỘNG ÁC TÂM VẬY, Xấu khá xây đóng rằng Ấn ta hình động et tâm bày.
VIVOSDEV06_157_snr20,vivos,whisper,base,20,noise,SỐ KHÁC SUY ĐOÁN RẰNG ANH TA HÀNH ĐỘNG ÁC TÂM VẬY, Xấu khách sư đón ràng an ta hình động s-7.
VIVOSDEV06_157_snr10,vivos,whisper,base,10,noise,SỐ KHÁC SUY ĐOÁN RẰNG ANH TA HÀNH ĐỘNG ÁC TÂM VẬY, Xấu khá xây đống ràng an ta hình động S7.
VIVOSDEV06_157_snr5,vivos,whisper,base,5,noise,SỐ KHÁC SUY ĐOÁN RẰNG ANH TA HÀNH ĐỘNG ÁC TÂM VẬY, Xấu khá xí đổng rần Ấn ta hùng động s17
VIVOSDEV06_157_snr0,vivos,whisper,base,0,noise,SỐ KHÁC SUY ĐOÁN RẰNG ANH TA HÀNH ĐỘNG ÁC TÂM VẬY, Xấu khá xí đón ràng Ấn ta hình đồng x7
VIVOSDEV08_201_clean,vivos,whisper,base,clean,clean,KHÔNG MỘT HAI BA BỐN, không mọt 2 3 4
VIVOSDEV08_201_snr20,vivos,whisper,base,20,noise,KHÔNG MỘT HAI BA BỐN, không 1 2 3 4
VIVOSDEV08_201_snr10,vivos,whisper,base,10,noise,KHÔNG MỘT HAI BA BỐN," Tâm 1, 2, 3, 4"
VIVOSDEV08_201_snr5,vivos,whisper,base,5,speech,KHÔNG MỘT HAI BA BỐN," Không 1, 2, 3, 4"
VIVOSDEV08_201_snr0,vivos,whisper,base,0,noise,KHÔNG MỘT HAI BA BỐN," 1, 2, 3, 4"
VIVOSDEV04_T003_clean,vivos,whisper,base,clean,clean,NHẬN ĐƯỢC TIN NÀY GỌI LẠI CHO TÔI GẤP, Nhẳng được tính này gọi lại cho tối gấp.
VIVOSDEV04_T003_snr20,vivos,whisper,base,20,noise,NHẬN ĐƯỢC TIN NÀY GỌI LẠI CHO TÔI GẤP, Nhẳng được tính này gọi lại cho tối gấp.
VIVOSDEV04_T003_snr10,vivos,whisper,base,10,music,NHẬN ĐƯỢC TIN NÀY GỌI LẠI CHO TÔI GẤP," Nhẳng được tiên này, gọi lại cho tối gấp."
VIVOSDEV04_T003_snr5,vivos,whisper,base,5,music,NHẬN ĐƯỢC TIN NÀY GỌI LẠI CHO TÔI GẤP," Nhẳng được tinh này, gọi lại cho tôi gấp."
VIVOSDEV04_T003_snr0,vivos,whisper,base,0,noise,NHẬN ĐƯỢC TIN NÀY GỌI LẠI CHO TÔI GẤP," Nhẳng đường tinh này, gọi lại cho tôi góc"
VIVOSDEV13_276_clean,vivos,whisper,base,clean,clean,ĐÓ LÀ CÂU HỎI MÀ ĐẾN NAY VẪN CHƯA CÓ CÂU TRẢ LỜI, Đó là câu hỏi mà đến này vẫn chưa có câu chả lắm.
VIVOSDEV13_276_snr20,vivos,whisper,base,20,noise,ĐÓ LÀ CÂU HỎI MÀ ĐẾN NAY VẪN CHƯA CÓ CÂU TRẢ LỜI, đó là câu hỏi mà đến này vẫn chưa có câu chả là
VIVOSDEV13_276_snr10,vivos,whisper,base,10,speech,ĐÓ LÀ CÂU HỎI MÀ ĐẾN NAY VẪN CHƯA CÓ CÂU TRẢ LỜI, Đây là câu hỏi mà đến nay vẫn chưa có câu chả là.
VIVOSDEV13_276_snr5,vivos,whisper,base,5,noise,ĐÓ LÀ CÂU HỎI MÀ ĐẾN NAY VẪN CHƯA CÓ CÂU TRẢ LỜI, đó là câu hỏi mà đến này vẫn chưa có câu chả là
VIVOSDEV13_276_snr0,vivos,whisper,base,0,music,ĐÓ LÀ CÂU HỎI MÀ ĐẾN NAY VẪN CHƯA CÓ CÂU TRẢ LỜI, Đây là câu hỏi mà đến nay vẫn chưa có câu chả là
VIVOSDEV18_257_clean,vivos,whisper,base,clean,clean,NGỒI NGHE TIẾNG BIỂN VÀ THƯ THẢ ĐẾM TỪNG GIỌT ĐEN RƠI, Người nghe tiếng biển và thư thả đến từ dọc đen rơi.
VIVOSDEV18_257_snr20,vivos,whisper,base,20,music,NGỒI NGHE TIẾNG BIỂN VÀ THƯ THẢ ĐẾM TỪNG GIỌT ĐEN RƠI, Ngồi ngay tiếng biển và thư thả đến từ dọt đến rơi.
VIVOSDEV18_257_snr10,vivos,whisper,base,10,music,NGỒI NGHE TIẾNG BIỂN VÀ THƯ THẢ ĐẾM TỪNG GIỌT ĐEN RƠI, Mở nghe tiếng biển và thư thái đến từ gọt đen rơi.
VIVOSDEV18_257_snr5,vivos,whisper,base,5,noise,NGỒI NGHE TIẾNG BIỂN VÀ THƯ THẢ ĐẾM TỪNG GIỌT ĐEN RƠI, Nguồn ngay tiêm diễn và thư thả đến từ dọc đen rơi.
VIVOSDEV18_257_snr0,vivos,whisper,base,0,noise,NGỒI NGHE TIẾNG BIỂN VÀ THƯ THẢ ĐẾM TỪNG GIỌT ĐEN RƠI, Một nghe tính tiễn và thư tãi đến từng tầm tầm tầm lên rơi
VIVOSDEV13_098_clean,vivos,whisper,base,clean,clean,HẦU NHƯ CÁC PHẢN ỨNG PHỤ NẶNG NỀ LÀ RẤT HIẾM GẶP, Hầu như các phản ứng phụ nặng này là rất hiếm gặp.
VIVOSDEV13_098_snr20,vivos,whisper,base,20,music,HẦU NHƯ CÁC PHẢN ỨNG PHỤ NẶNG NỀ LÀ RẤT HIẾM GẶP, Hầu như cái phán ứng phụ nặng này là rất hím gặp.
VIVOSDEV13_098_snr10,vivos,whisper,base,10,noise,HẦU NHƯ CÁC PHẢN ỨNG PHỤ NẶNG NỀ LÀ RẤT HIẾM GẶP, Hầu như các phản ứng phủ nặng này là rất hiếm gặp.
VIVOSDEV13_098_snr5,vivos,whisper,base,5,music,HẦU NHƯ CÁC PHẢN ỨNG PHỤ NẶNG NỀ LÀ RẤT HIẾM GẶP, Hầu như cái phản ứng phủ nặng này là rất hiếm
VIVOSDEV13_098_snr0,vivos,whisper,base,0,noise,HẦU NHƯ CÁC PHẢN ỨNG PHỤ NẶNG NỀ LÀ RẤT HIẾM GẶP, Hầu như các phản ứng phủ nặng này là rất hiếm gặp.
VIVOSDEV13_230_clean,vivos,whisper,base,clean,clean,CHỈ MỘT ĐIỀU ĐƠN GIẢN VẬY MÀ ANH ẤY KHÔNG BAO GIỜ THỰC HIỆN ĐƯỢC, Chỉ 1 đều đơn giản vậy mà anh ấy không bao giờ thực hiện được.
VIVOSDEV13_230_snr20,vivos,whisper,base,20,music,CHỈ MỘT ĐIỀU ĐƠN GIẢN VẬY MÀ ANH ẤY KHÔNG BAO GIỜ THỰC HIỆN ĐƯỢC, Chỉ 1 đều đơn giản dễ mạng ấy không bao giờ thực hiện được.
VIVOSDEV13_230_snr10,vivos,whisper,base,10,noise,CHỈ MỘT ĐIỀU ĐƠN GIẢN VẬY MÀ ANH ẤY KHÔNG BAO GIỜ THỰC HIỆN ĐƯỢC, Chỉ 1 điều đến giễn gửi mà anh ấy không bao giờ thực hiện được
VIVOSDEV13_230_snr5,vivos,whisper,base,5,music,CHỈ MỘT ĐIỀU ĐƠN GIẢN VẬY MÀ ANH ẤY KHÔNG BAO GIỜ THỰC HIỆN ĐƯỢC, Chỉ 1 đều đơn giản vậy mà anh ấy không bao giờ thực hiện được
VIVOSDEV13_230_snr0,vivos,whisper,base,0,speech,CHỈ MỘT ĐIỀU ĐƠN GIẢN VẬY MÀ ANH ẤY KHÔNG BAO GIỜ THỰC HIỆN ĐƯỢC, Vậy 1 tìa đơn giản thầy mãn ấy không bao giờ thật hình được
VIVOSDEV05_226_clean,vivos,whisper,base,clean,clean,MỘT CÚ NGOẶT KHÔNG CHÍNH XÁC, 1 cuốn hoặc không chính xác.
VIVOSDEV05_226_snr20,vivos,whisper,base,20,noise,MỘT CÚ NGOẶT KHÔNG CHÍNH XÁC, 1 cuốn hoặc không chính sách.
VIVOSDEV05_226_snr10,vivos,whisper,base,10,noise,MỘT CÚ NGOẶT KHÔNG CHÍNH XÁC, 1 cuốn hoặc không chính xe
VIVOSDEV05_226_snr5,vivos,whisper,base,5,noise,MỘT CÚ NGOẶT KHÔNG CHÍNH XÁC, 1 cua hoặc không ít xe
VIVOSDEV05_226_snr0,vivos,whisper,base,0,noise,MỘT CÚ NGOẶT KHÔNG CHÍNH XÁC, 1 cuốn hoặc không kiếm sát
VIVOSDEV16_048_clean,vivos,whisper,base,clean,clean,PHẢI CHĂNG XÂY DỰNG NIỀM TIN VÀO TÌNH YÊU KHÓ THẾ, phải chăng xây dẫn niềm tin vào tin yêu khó thế.
VIVOSDEV16_048_snr20,vivos,whisper,base,20,noise,PHẢI CHĂNG XÂY DỰNG NIỀM TIN VÀO TÌNH YÊU KHÓ THẾ, Phải trăng xây dẫn niềm tin vào tin yêu khó thế.
VIVOSDEV16_048_snr10,vivos,whisper,base,10,speech,PHẢI CHĂNG XÂY DỰNG NIỀM TIN VÀO TÌNH YÊU KHÓ THẾ, phải chăng xây dẫn nìm tính vào tình yêu khó thế.
VIVOSDEV16_048_snr5,vivos,whisper,base,5,noise,PHẢI CHĂNG XÂY DỰNG NIỀM TIN VÀO TÌNH YÊU KHÓ THẾ, phải chăng xây dẫn nìm tin vào tin yêu khó thế
VIVOSDEV16_048_snr0,vivos,whisper,base,0,noise,PHẢI CHĂNG XÂY DỰNG NIỀM TIN VÀO TÌNH YÊU KHÓ THẾ, vài chắc xây dẫn nghiệm tâm vào từng yêu khó thế
VIVOSDEV10_014_clean,vivos,whisper,base,clean,clean,SAU KHI ĐỌC NHỮNG THÔNG TIN TRÊN BÁO, Sau hay nhận không cần kênh báo.
VIVOSDEV10_014_snr20,vivos,whisper,base,20,music,SAU KHI ĐỌC NHỮNG THÔNG TIN TRÊN BÁO, Sau hay học nhẫn không cần kênh báo.
VIVOSDEV10_014_snr10,vivos,whisper,base,10,noise,SAU KHI ĐỌC NHỮNG THÔNG TIN TRÊN BÁO, Sau hay học nhẫn không cần kênh báo
VIVOSDEV10_014_snr5,vivos,whisper,base,5,music,SAU KHI ĐỌC NHỮNG THÔNG TIN TRÊN BÁO, Sau khi học nhấn học cần trên báo
VIVOSDEV10_014_snr0,vivos,whisper,base,0,music,SAU KHI ĐỌC NHỮNG THÔNG TIN TRÊN BÁO, sau khi ông nhanh học tất cả em
VIVOSDEV11_193_clean,vivos,whisper,base,clean,clean,VÌ BAN ĐÊM CHỊ NGỦ KHÔNG NGON, Vì băng đêm chỉ ngủ không ngon.
VIVOSDEV11_193_snr20,vivos,whisper,base,20,speech,VÌ BAN ĐÊM CHỊ NGỦ KHÔNG NGON, về băng đêm chỉ ngủ không ngon.
VIVOSDEV11_193_snr10,vivos,whisper,base,10,noise,VÌ BAN ĐÊM CHỊ NGỦ KHÔNG NGON, Vì băng đêm chỉ ngủ không ngon
VIVOSDEV11_193_snr5,vivos,whisper,base,5,noise,VÌ BAN ĐÊM CHỊ NGỦ KHÔNG NGON, về băng đêm chuyện ngủ không ngon
VIVOSDEV11_193_snr0,vivos,whisper,base,0,noise,VÌ BAN ĐÊM CHỊ NGỦ KHÔNG NGON, Vì băng đêm chỉ ngủ không ngon
VIVOSDEV08_128_clean,vivos,whisper,base,clean,clean,CÓ LẼ PHẢI MẤT NHIỀU THỜI GIAN, Có lẽ phải mất nhiều thời gian
VIVOSDEV08_128_snr20,vivos,whisper,base,20,music,CÓ LẼ PHẢI MẤT NHIỀU THỜI GIAN, Có lẽ phải mắc nhiều thời gian
VIVOSDEV08_128_snr10,vivos,whisper,base,10,music,CÓ LẼ PHẢI MẤT NHIỀU THỜI GIAN, Có lẽ phải mắt nhiều thời gian
VIVOSDEV08_128_snr5,vivos,whisper,base,5,noise,CÓ LẼ PHẢI MẤT NHIỀU THỜI GIAN, Có lẽ phải mất nhiều thời gian
VIVOSDEV08_128_snr0,vivos,whisper,base,0,music,CÓ LẼ PHẢI MẤT NHIỀU THỜI GIAN, Có lẽ phải bắt nhiều thời gian
VIVOSDEV03_T047_clean,vivos,whisper,base,clean,clean,TRONG PHIM CÓ NHIỀU CẢNH CHÉM GIẾT, Tông phim có nhiều cảnh chém giết.
VIVOSDEV03_T047_snr20,vivos,whisper,base,20,music,TRONG PHIM CÓ NHIỀU CẢNH CHÉM GIẾT, Tông phim có nhiều cảnh chếm giết
VIVOSDEV03_T047_snr10,vivos,whisper,base,10,noise,TRONG PHIM CÓ NHIỀU CẢNH CHÉM GIẾT, Tổng thêm có nhiều cảnh chếm giết
VIVOSDEV03_T047_snr5,vivos,whisper,base,5,speech,TRONG PHIM CÓ NHIỀU CẢNH CHÉM GIẾT, Rồng phim có nhiều cảm kiếm
VIVOSDEV03_T047_snr0,vivos,whisper,base,0,noise,TRONG PHIM CÓ NHIỀU CẢNH CHÉM GIẾT, Tổng phim có nhiều cảnh chém giết.
VIVOSDEV04_R086_clean,vivos,whisper,base,clean,clean,TAY KIA XÁCH MỘT TAY GIÓNG MANG CHIẾC VỊM LỚN," Tây kia sách 1, tây dẫn mạng trước vệnh lẫn."
VIVOSDEV04_R086_snr20,vivos,whisper,base,20,music,TAY KIA XÁCH MỘT TAY GIÓNG MANG CHIẾC VỊM LỚN," Tây kia sách 1, tây, giống mạng, chức vệm, lẫn."
VIVOSDEV04_R086_snr10,vivos,whisper,base,10,noise,TAY KIA XÁCH MỘT TAY GIÓNG MANG CHIẾC VỊM LỚN," Tây kia sách 1, tây dẫn mạng trước vừa mắc lẫn."
VIVOSDEV04_R086_snr5,vivos,whisper,base,5,noise,TAY KIA XÁCH MỘT TAY GIÓNG MANG CHIẾC VỊM LỚN," Tây kia sách 1, tây, dẫn mang trước vừa mất lẫn."
VIVOSDEV04_R086_snr0,vivos,whisper,base,0,noise,TAY KIA XÁCH MỘT TAY GIÓNG MANG CHIẾC VỊM LỚN," Tây chia sách 1, tay giống mang trước dưỡng lẫn."
VIVOSDEV02_R032_clean,vivos,whisper,base,clean,clean,Y TẾ BÌNH HƯNG HÒA BỊ HƯ HỎNG, Ê đế bệnh hương hòa bị hư họng.
VIVOSDEV02_R032_snr20,vivos,whisper,base,20,music,Y TẾ BÌNH HƯNG HÒA BỊ HƯ HỎNG, Ê đây bệnh thương hòa bị hư họng.
VIVOSDEV02_R032_snr10,vivos,whisper,base,10,noise,Y TẾ BÌNH HƯNG HÒA BỊ HƯ HỎNG, Ê đế bệnh hương hòa bị hư họng.
VIVOSDEV02_R032_snr5,vivos,whisper,base,5,noise,Y TẾ BÌNH HƯNG HÒA BỊ HƯ HỎNG, Ê đế bệnh hương hòa bị thư thống.
VIVOSDEV02_R032_snr0,vivos,whisper,base,0,music,Y TẾ BÌNH HƯNG HÒA BỊ HƯ HỎNG, Ê đẹp bệnh hương hoa bị hư hòng
VIVOSDEV02_R099_clean,vivos,whisper,base,clean,clean,ỔNG NÓI Ở SÀI GÒN ỔNG ĐÃ LÀM ÔNG HỘI ĐỒNG NHƯ THẾ NÀO," Ở nói ở trời gần, Ở đại làm ấm hội đồng như thế nào?"
VIVOSDEV02_R099_snr20,vivos,whisper,base,20,noise,ỔNG NÓI Ở SÀI GÒN ỔNG ĐÃ LÀM ÔNG HỘI ĐỒNG NHƯ THẾ NÀO," Ở nói ảy chạy gần, ẩm đại làm ẩm hội đồng như thế nào."
VIVOSDEV02_R099_snr10,vivos,whisper,base,10,noise,ỔNG NÓI Ở SÀI GÒN ỔNG ĐÃ LÀM ÔNG HỘI ĐỒNG NHƯ THẾ NÀO, Ở ấm nói ở trời gần ấm đã làm ấm hội đậm như thế nào.
VIVOSDEV02_R099_snr5,vivos,whisper,base,5,noise,ỔNG NÓI Ở SÀI GÒN ỔNG ĐÃ LÀM ÔNG HỘI ĐỒNG NHƯ THẾ NÀO, Ở nói ãy xây gờ ẩm đãi làm ấm hội đầm như thế nào?
VIVOSDEV02_R099_snr0,vivos,whisper,base,0,noise,ỔNG NÓI Ở SÀI GÒN ỔNG ĐÃ LÀM ÔNG HỘI ĐỒNG NHƯ THẾ NÀO, Ở nó ấy ở chạy gò ngọt đại làm ấm hồi đầm như thế này
VIVOSDEV19_222_clean,vivos,whisper,base,clean,clean,MẮT TỰ NHIÊN HOA LÊN TRÍ CHỤP MỘT CÁI LY QUẬT MẠNH XUỐNG SÀN, Mắt tự nhiên hoa lên trái chục một cái lý hoặc bán xuống sáng.
VIVOSDEV19_222_snr20,vivos,whisper,base,20,noise,MẮT TỰ NHIÊN HOA LÊN TRÍ CHỤP MỘT CÁI LY QUẬT MẠNH XUỐNG SÀN, Mắt tự nhiên hoa lên trái chục một cái lý hoặc bản xuống sáng.
VIVOSDEV19_222_snr10,vivos,whisper,base,10,noise,MẮT TỰ NHIÊN HOA LÊN TRÍ CHỤP MỘT CÁI LY QUẬT MẠNH XUỐNG SÀN, Mắt tự nhiên hoa lên trái chục một cái lây hoặc mạnh xuống sang.
VIVOSDEV19_222_snr5,vivos,whisper,base,5,noise,MẮT TỰ NHIÊN HOA LÊN TRÍ CHỤP MỘT CÁI LY QUẬT MẠNH XUỐNG SÀN," Mắt tử nhiên hoa lên, kế chục một cái lý hoặc bàn xuống sáng."
VIVOSDEV19_222_snr0,vivos,whisper,base,0,speech,MẮT TỰ NHIÊN HOA LÊN TRÍ CHỤP MỘT CÁI LY QUẬT MẠNH XUỐNG SÀN," Bịa do sâu, bịa do sâu, bịa do sâu, bịa do sâu, bịa do sâu, bịa do sâu, bịa do sâu, bịa do sâu, bịa do sâu, bịa do sâu, bịa do sâu, bịa do sâu, bịa do sâu, bịa do sâu, bịa do sâu, bịa do sâu, bịa do sâu, bịa do sâu, bị"
VIVOSDEV19_142_clean,vivos,whisper,base,clean,clean,HỌ CHỈ THÍCH NHỮNG MÔN GÌ MẠNH BẠO BẠO LỰC VÀ KIẾM RA TIỀN THÔI," Hà chỉ thích những môn dị mạnh bảo, bảo luật và kiếm rết tiền thôi."
VIVOSDEV19_142_snr20,vivos,whisper,base,20,noise,HỌ CHỈ THÍCH NHỮNG MÔN GÌ MẠNH BẠO BẠO LỰC VÀ KIẾM RA TIỀN THÔI," Hà chỉ thích những môn dị mạnh bảo, bảo luật và kiếm rết tiền thôi."
VIVOSDEV19_142_snr10,vivos,whisper,base,10,music,HỌ CHỈ THÍCH NHỮNG MÔN GÌ MẠNH BẠO BẠO LỰC VÀ KIẾM RA TIỀN THÔI, Hà chí thích những môn dị mạnh bảo bảo luật về kím rẹp điện thôi.
VIVOSDEV19_142_snr5,vivos,whisper,base,5,noise,HỌ CHỈ THÍCH NHỮNG MÔN GÌ MẠNH BẠO BẠO LỰC VÀ KIẾM RA TIỀN THÔI, Hà ký thích những môn gì màn màu bảo luật và thím đẹp tìm thôi.
VIVOSDEV19_142_snr0,vivos,whisper,base,0,noise,HỌ CHỈ THÍCH NHỮNG MÔN GÌ MẠNH BẠO BẠO LỰC VÀ KIẾM RA TIỀN THÔI, Thà chỉ thích những môn gì màn mảo và lợp về kính rết tiền thôi.
VIVOSDEV18_272_clean,vivos,whisper,base,clean,clean,ANH NHƠN BẢO TÔI VỀ TRƯỚC CÒN ANH ĐI THEO CÔ GÁI, Anh nhớ bảo tơi về trước còn anh đi theo cô gái.
VIVOSDEV18_272_snr20,vivos,whisper,base,20,noise,ANH NHƠN BẢO TÔI VỀ TRƯỚC CÒN ANH ĐI THEO CÔ GÁI, Anh nhớ bảo tơi về trước còn anh đi theo cố gái.
VIVOSDEV18_272_snr10,vivos,whisper,base,10,noise,ANH NHƠN BẢO TÔI VỀ TRƯỚC CÒN ANH ĐI THEO CÔ GÁI, Anh nhớ bảo tơi về trước còn anh đi theo cô gái.
VIVOSDEV18_272_snr5,vivos,whisper,base,5,speech,ANH NHƠN BẢO TÔI VỀ TRƯỚC CÒN ANH ĐI THEO CÔ GÁI, Anh nếu bảo tư vệ trước còn anh đi theo cô gái
VIVOSDEV18_272_snr0,vivos,whisper,base,0,music,ANH NHƠN BẢO TÔI VỀ TRƯỚC CÒN ANH ĐI THEO CÔ GÁI, Anh nhớ bảo tôi về trước còn anh đi theo cô gái
VIVOSDEV12_227_clean,vivos,whisper,base,clean,clean,SÁU MƯƠI SÁU MƯƠI MỐT," 60, 60, 1"
VIVOSDEV12_227_snr20,vivos,whisper,base,20,speech,SÁU MƯƠI SÁU MƯƠI MỐT," 60, 60, 11"
VIVOSDEV12_227_snr10,vivos,whisper,base,10,music,SÁU MƯƠI SÁU MƯƠI MỐT, 60-61
VIVOSDEV12_227_snr5,vivos,whisper,base,5,speech,SÁU MƯƠI SÁU MƯƠI MỐT," 60, 60, 11"
VIVOSDEV12_227_snr0,vivos,whisper,base,0,speech,SÁU MƯƠI SÁU MƯƠI MỐT, Sại bình sạch của trú th with falsehood.
VIVOSDEV14_285_clean,vivos,whisper,base,clean,clean,TÔI ĐÃ NHIỀU LẦN PHẢN ĐỐI QUYẾT LIỆT VIỆC NƯỚC THẢI TUỒN RA NGOÀI, Tờ đã nhiều lần phản đối quyết lịch việc nước thái tuần ra ngoài.
VIVOSDEV14_285_snr20,vivos,whisper,base,20,music,TÔI ĐÃ NHIỀU LẦN PHẢN ĐỐI QUYẾT LIỆT VIỆC NƯỚC THẢI TUỒN RA NGOÀI, Tờ đã nhiều lần phản đối quyết liệt việc nước thái tuần ra ngoài.
VIVOSDEV14_285_snr10,vivos,whisper,base,10,noise,TÔI ĐÃ NHIỀU LẦN PHẢN ĐỐI QUYẾT LIỆT VIỆC NƯỚC THẢI TUỒN RA NGOÀI, Tờ đã nhiều lần phản đối quyết lịch biệt nước thái tuần ra ngoài.
VIVOSDEV14_285_snr5,vivos,whisper,base,5,speech,TÔI ĐÃ NHIỀU LẦN PHẢN ĐỐI QUYẾT LIỆT VIỆC NƯỚC THẢI TUỒN RA NGOÀI," Từ đã nhiều lần phải đối quyết liệt quyết, nước thái tụi mấy"
VIVOSDEV14_285_snr0,vivos,whisper,base,0,music,TÔI ĐÃ NHIỀU LẦN PHẢN ĐỐI QUYẾT LIỆT VIỆC NƯỚC THẢI TUỒN RA NGOÀI, Trời đá nhiều lần phản đối quyết liệt việc nước thái tuần ra ngoài.
VIVOSDEV11_075_clean,vivos,whisper,base,clean,clean,DÃI DẦU NẮNG GIÓ TRƯỜNG SƠN, dễ dầu nắng giá trường xân
VIVOSDEV11_075_snr20,vivos,whisper,base,20,music,DÃI DẦU NẮNG GIÓ TRƯỜNG SƠN, Dễ dầu nắng giá trường sơn.
VIVOSDEV11_075_snr10,vivos,whisper,base,10,noise,DÃI DẦU NẮNG GIÓ TRƯỜNG SƠN, dạy vào nắng giá trường sân
VIVOSDEV11_075_snr5,vivos,whisper,base,5,music,DÃI DẦU NẮNG GIÓ TRƯỜNG SƠN, Dạy vào nắng giá trường sơn.
VIVOSDEV11_075_snr0,vivos,whisper,base,0,music,DÃI DẦU NẮNG GIÓ TRƯỜNG SƠN, dạy nhau nắng giá trực sơ
VIVOSDEV14_145_clean,vivos,whisper,base,clean,clean,MỘT SỐ BẠN TRẺ CŨNG CÓ Ý NGHĨ NHƯ CAO CƯỜNG, Một số bàn trị cũng có ý nghĩ như cao cường.
VIVOSDEV14_145_snr20,vivos,whisper,base,20,speech,MỘT SỐ BẠN TRẺ CŨNG CÓ Ý NGHĨ NHƯ CAO CƯỜNG, Một số bèn chỉ có ý nghĩ như cao cổ.
VIVOSDEV14_145_snr10,vivos,whisper,base,10,noise,MỘT SỐ BẠN TRẺ CŨNG CÓ Ý NGHĨ NHƯ CAO CƯỜNG, Một số bản trị cũng có ý nghĩa như cao cộng.
VIVOSDEV14_145_snr5,vivos,whisper,base,5,noise,MỘT SỐ BẠN TRẺ CŨNG CÓ Ý NGHĨ NHƯ CAO CƯỜNG, Ngọc số bạn chỉ cũng có ý nghĩ như cao cụ.
VIVOSDEV14_145_snr0,vivos,whisper,base,0,speech,MỘT SỐ BẠN TRẺ CŨNG CÓ Ý NGHĨ NHƯ CAO CƯỜNG, Một số bệnh chỉ có cơ ý những người cơ cơ
VIVOSDEV08_163_clean,vivos,whisper,base,clean,clean,CHƯƠNG TRÌNH ĐÃ TẠO ĐƯỢC HIỆU ỨNG TỐT TỪ PHÍA KHÁN GIẢ NHÍ, Chương trình đã tạo được khi ứng tốt từ phía khán giả nhí.
VIVOSDEV08_163_snr20,vivos,whisper,base,20,noise,CHƯƠNG TRÌNH ĐÃ TẠO ĐƯỢC HIỆU ỨNG TỐT TỪ PHÍA KHÁN GIẢ NHÍ, Chương trình đã tạo được khi ứng tốt từ khi khán giả nhí
VIVOSDEV08_163_snr10,vivos,whisper,base,10,music,CHƯƠNG TRÌNH ĐÃ TẠO ĐƯỢC HIỆU ỨNG TỐT TỪ PHÍA KHÁN GIẢ NHÍ, Chương trình đã tạo được thể ứng tốt từ phía khán giả nhí
VIVOSDEV08_163_snr5,vivos,whisper,base,5,music,CHƯƠNG TRÌNH ĐÃ TẠO ĐƯỢC HIỆU ỨNG TỐT TỪ PHÍA KHÁN GIẢ NHÍ, Chương trình đã tạo được khỉ ứng tốt từ khỉ khán giả nhí
VIVOSDEV08_163_snr0,vivos,whisper,base,0,noise,CHƯƠNG TRÌNH ĐÃ TẠO ĐƯỢC HIỆU ỨNG TỐT TỪ PHÍA KHÁN GIẢ NHÍ, Trương trình đã tạo được hiểu ứng tốt từ phía khán giả nhí
VIVOSDEV16_079_clean,vivos,whisper,base,clean,clean,TẤT CẢ ĐỂ CHO NGƯỜI BỆNH VÀ THÂN NHÂN HÀI LÒNG KHI ĐẾN BỆNH VIỆN, Tất cả để cho người bệnh và thông nhăng 2 lòng khi đến bệnh viện.
VIVOSDEV16_079_snr20,vivos,whisper,base,20,music,TẤT CẢ ĐỂ CHO NGƯỜI BỆNH VÀ THÂN NHÂN HÀI LÒNG KHI ĐẾN BỆNH VIỆN, tất cả để cho người bệnh và thân nhân hay lòng khi đến bệnh viện.
VIVOSDEV16_079_snr10,vivos,whisper,base,10,music,TẤT CẢ ĐỂ CHO NGƯỜI BỆNH VÀ THÂN NHÂN HÀI LÒNG KHI ĐẾN BỆNH VIỆN, Các cá để cho người bệnh và thăng nhăng hai lòng khi đến bệnh viện
VIVOSDEV16_079_snr5,vivos,whisper,base,5,noise,TẤT CẢ ĐỂ CHO NGƯỜI BỆNH VÀ THÂN NHÂN HÀI LÒNG KHI ĐẾN BỆNH VIỆN, tất cả để cho người bệnh và thông nhân hay lòng khi đến bệnh viện
VIVOSDEV16_079_snr0,vivos,whisper,base,0,music,TẤT CẢ ĐỂ CHO NGƯỜI BỆNH VÀ THÂN NHÂN HÀI LÒNG KHI ĐẾN BỆNH VIỆN, Tất cả để cho mùi bệnh và thông găng 2 lòng khi đến bệnh viện
VIVOSDEV08_127_clean,vivos,whisper,base,clean,clean,VỀ VIỆC MANG ĐẾN CHO CÁC EM NIỀM VUI HỌC, Về việc mang đến cho các em niềm vui hợp.
VIVOSDEV08_127_snr20,vivos,whisper,base,20,speech,VỀ VIỆC MANG ĐẾN CHO CÁC EM NIỀM VUI HỌC, Về việc mang đến cho các em niềm vui hộp.
VIVOSDEV08_127_snr10,vivos,whisper,base,10,noise,VỀ VIỆC MANG ĐẾN CHO CÁC EM NIỀM VUI HỌC, Về việc mang đến cho các em liền vui hợp.
VIVOSDEV08_127_snr5,vivos,whisper,base,5,speech,VỀ VIỆC MANG ĐẾN CHO CÁC EM NIỀM VUI HỌC, Vậy màn đen cho các em đi em vui hạp
VIVOSDEV08_127_snr0,vivos,whisper,base,0,noise,VỀ VIỆC MANG ĐẾN CHO CÁC EM NIỀM VUI HỌC, Về việc mang đến cho các em niềm vui hợp.
VIVOSDEV17_070_clean,vivos,whisper,base,clean,clean,HÀ CŨNG CHẲNG NHỚ MÌNH CÓ NÓI HAY KHÔNG ĐỂ CÃI LẠI ÔNG ẤY, Hà cũng chẳng nhớ mình có nói hay không để cải lại ông ấy.
VIVOSDEV17_070_snr20,vivos,whisper,base,20,noise,HÀ CŨNG CHẲNG NHỚ MÌNH CÓ NÓI HAY KHÔNG ĐỂ CÃI LẠI ÔNG ẤY, Hà cũng chẳng nhớ mình có nói hay không để cải lại ông ấy.
VIVOSDEV17_070_snr10,vivos,whisper,base,10,noise,HÀ CŨNG CHẲNG NHỚ MÌNH CÓ NÓI HAY KHÔNG ĐỂ CÃI LẠI ÔNG ẤY, Hà cũng chẳng nhớ mình có nói hay không để cải lại ông ấy
VIVOSDEV17_070_snr5,vivos,whisper,base,5,speech,HÀ CŨNG CHẲNG NHỚ MÌNH CÓ NÓI HAY KHÔNG ĐỂ CÃI LẠI ÔNG ẤY," Hà cũng chẳng nhớ, mình có nói hay không để trả lại ông ấy."
VIVOSDEV17_070_snr0,vivos,whisper,base,0,music,HÀ CŨNG CHẲNG NHỚ MÌNH CÓ NÓI HAY KHÔNG ĐỂ CÃI LẠI ÔNG ẤY, Hà cũng chống nhớ mình có nói hay không để chạy lại ông ấy.
VIVOSDEV09_204_clean,vivos,whisper,base,clean,clean,MƯỜI MỘT MƯỜI HAI MƯỜI BA, 11.53
VIVOSDEV09_204_snr20,vivos,whisper,base,20,noise,MƯỜI MỘT MƯỜI HAI MƯỜI BA, 11.53
VIVOSDEV09_204_snr10,vivos,whisper,base,10,music,MƯỜI MỘT MƯỜI HAI MƯỜI BA," Mình 1,513"
VIVOSDEV09_204_snr5,vivos,whisper,base,5,music,MƯỜI MỘT MƯỜI HAI MƯỜI BA, 15.53
VIVOSDEV09_204_snr0,vivos,whisper,base,0,noise,MƯỜI MỘT MƯỜI HAI MƯỜI BA," Mình 1,523"
VIVOSDEV13_104_clean,vivos,whisper,base,clean,clean,SỐ TIỀN QUÁ LỚN KHIẾN GIA ĐÌNH HƯƠNG PHẠM VÀ LÊ CHOÁNG VÁNG, Xấu tiền quá lớn khiến gia đình hương phạm và lê chuyển vang.
VIVOSDEV13_104_snr20,vivos,whisper,base,20,noise,SỐ TIỀN QUÁ LỚN KHIẾN GIA ĐÌNH HƯƠNG PHẠM VÀ LÊ CHOÁNG VÁNG, Xấu tiền quá lớn khiến gia đình hương phạm và lê chuyển vang.
VIVOSDEV13_104_snr10,vivos,whisper,base,10,noise,SỐ TIỀN QUÁ LỚN KHIẾN GIA ĐÌNH HƯƠNG PHẠM VÀ LÊ CHOÁNG VÁNG, Xấu tìm quá lớn khiến gia đình hương phạm và lê chuyến vẽng.
VIVOSDEV13_104_snr5,vivos,whisper,base,5,music,SỐ TIỀN QUÁ LỚN KHIẾN GIA ĐÌNH HƯƠNG PHẠM VÀ LÊ CHOÁNG VÁNG, Xót tiền quá lớn khiến gia đình hương phạm và lê chuyện vang
VIVOSDEV13_104_snr0,vivos,whisper,base,0,noise,SỐ TIỀN QUÁ LỚN KHIẾN GIA ĐÌNH HƯƠNG PHẠM VÀ LÊ CHOÁNG VÁNG, Xấu tìm quá lớn khi nhà đình hương phạm vào lê chán vang.
VIVOSDEV04_R182_clean,vivos,whisper,base,clean,clean,HOẶC CHỈ BIỂU HIỆN BẰNG CÁC RỐI LOẠN CO BÓP, Hệt ki bíu hiện bằng các rõ lọn co bóp.
VIVOSDEV04_R182_snr20,vivos,whisper,base,20,noise,HOẶC CHỈ BIỂU HIỆN BẰNG CÁC RỐI LOẠN CO BÓP, Hạch chi bíu hiện bàn các rõ lận co-bop.
VIVOSDEV04_R182_snr10,vivos,whisper,base,10,music,HOẶC CHỈ BIỂU HIỆN BẰNG CÁC RỐI LOẠN CO BÓP, Hạc chi bíu hình bàn cắt lưỡng co bóp.
VIVOSDEV04_R182_snr5,vivos,whisper,base,5,music,HOẶC CHỈ BIỂU HIỆN BẰNG CÁC RỐI LOẠN CO BÓP, Hết kì bí huyên bằng các rõ lạng co-op.
VIVOSDEV04_R182_snr0,vivos,whisper,base,0,speech,HOẶC CHỈ BIỂU HIỆN BẰNG CÁC RỐI LOẠN CO BÓP, Các rối là nó có mà
VIVOSDEV17_170_clean,vivos,whisper,base,clean,clean,VÀ ĐỘI TUYỂN PHÁP ĐANG LÀ ĐỘI CHIẾM ƯU THẾ HƠN SO VỚI THỤY SĨ, và độ tĩnh pháp đang là độ chim ưu thế hơn sau vết thủy sĩ.
VIVOSDEV17_170_snr20,vivos,whisper,base,20,noise,VÀ ĐỘI TUYỂN PHÁP ĐANG LÀ ĐỘI CHIẾM ƯU THẾ HƠN SO VỚI THỤY SĨ, và độ tuyến phát đang là độ chim ưu thế hơn sau vết thủy sĩ.
VIVOSDEV17_170_snr10,vivos,whisper,base,10,music,VÀ ĐỘI TUYỂN PHÁP ĐANG LÀ ĐỘI CHIẾM ƯU THẾ HƠN SO VỚI THỤY SĨ, và đổi tuyện pháp đang là đổi chim u thế hơn sau với thủy sĩ.
VIVOSDEV17_170_snr5,vivos,whisper,base,5,noise,VÀ ĐỘI TUYỂN PHÁP ĐANG LÀ ĐỘI CHIẾM ƯU THẾ HƠN SO VỚI THỤY SĨ, mà đổi tuyện pháp đang là đổi chim u thế hơn so với thủy sĩ.
VIVOSDEV17_170_snr0,vivos,whisper,base,0,speech,VÀ ĐỘI TUYỂN PHÁP ĐANG LÀ ĐỘI CHIẾM ƯU THẾ HƠN SO VỚI THỤY SĨ, Hà phá lỗi để lại uống bia phá lỗi
VIVOSDEV03_R180_clean,vivos,whisper,base,clean,clean,SAU CẢI CÁCH, xao kể kết
VIVOSDEV03_R180_snr20,vivos,whisper,base,20,noise,SAU CẢI CÁCH, xao kè kè
VIVOSDEV03_R180_snr10,vivos,whisper,base,10,speech,SAU CẢI CÁCH, xao cái cách
VIVOSDEV03_R180_snr5,vivos,whisper,base,5,noise,SAU CẢI CÁCH, xao kè kết
VIVOSDEV03_R180_snr0,vivos,whisper,base,0,noise,SAU CẢI CÁCH, xao kè kè
VIVOSDEV08_141_clean,vivos,whisper,base,clean,clean,KHI SỨC ÉP BIẾN MẤT CHÚNG TRỞ LẠI TÌNH TRẠNG MỀM DẺO BÌNH THƯỜNG," Khi sức app miếng mắt, chúng ta lại tình trạng mềm giải bình thường."
VIVOSDEV08_141_snr20,vivos,whisper,base,20,music,KHI SỨC ÉP BIẾN MẤT CHÚNG TRỞ LẠI TÌNH TRẠNG MỀM DẺO BÌNH THƯỜNG," Khi sức app miếng mắt, chúng ta lại tình trạng mềm giải bình thường"
VIVOSDEV08_141_snr10,vivos,whisper,base,10,music,KHI SỨC ÉP BIẾN MẤT CHÚNG TRỞ LẠI TÌNH TRẠNG MỀM DẺO BÌNH THƯỜNG," Khi sức app miếng mắt, chúng ta lại tình trạng mềm giải bình thường."
VIVOSDEV08_141_snr5,vivos,whisper,base,5,speech,KHI SỨC ÉP BIẾN MẤT CHÚNG TRỞ LẠI TÌNH TRẠNG MỀM DẺO BÌNH THƯỜNG," Khi dức em biên mắc, chúng ta lại tần tạng mềm giải bình thường hơn."
VIVOSDEV08_141_snr0,vivos,whisper,base,0,noise,KHI SỨC ÉP BIẾN MẤT CHÚNG TRỞ LẠI TÌNH TRẠNG MỀM DẺO BÌNH THƯỜNG, Khi xác F-ding mắt chúng ta lại từng trạng hình dễ mình mơ
VIVOSDEV09_139_clean,vivos,whisper,base,clean,clean,NẾU CHỦ ĐẦU TƯ KHÔNG TỰ PHÁ DỠ THÌ BỊ CƯỠNG CHẾ, Nếu chủ đọng tư không tự phá dã thì bị cứng chế.
VIVOSDEV09_139_snr20,vivos,whisper,base,20,music,NẾU CHỦ ĐẦU TƯ KHÔNG TỰ PHÁ DỠ THÌ BỊ CƯỠNG CHẾ, Nếu chủ động tư không tự phá dã thì bị cứng chế
VIVOSDEV09_139_snr10,vivos,whisper,base,10,music,NẾU CHỦ ĐẦU TƯ KHÔNG TỰ PHÁ DỠ THÌ BỊ CƯỠNG CHẾ, Nếu chỗ đồng tư không tự phai giả thì bị cứng chế
VIVOSDEV09_139_snr5,vivos,whisper,base,5,noise,NẾU CHỦ ĐẦU TƯ KHÔNG TỰ PHÁ DỠ THÌ BỊ CƯỠNG CHẾ, Nếu chủ đọc tư không một cái giả thị bị tướng tráng
VIVOSDEV09_139_snr0,vivos,whisper,base,0,speech,NẾU CHỦ ĐẦU TƯ KHÔNG TỰ PHÁ DỠ THÌ BỊ CƯỠNG CHẾ, Để chỗ nào không dữ phá dã thì bị cứng chén
VIVOSDEV09_110_clean,vivos,whisper,base,clean,clean,KHI MIỆNG VẪN NGẬM BẦU VÚ QUẮT QUEO, Khi miệng đẫn nhằm màu vô quốc quel.
VIVOSDEV09_110_snr20,vivos,whisper,base,20,music,KHI MIỆNG VẪN NGẬM BẦU VÚ QUẮT QUEO, Thì mẹn vẫn nhậm màu vô quốc quel.
VIVOSDEV09_110_snr10,vivos,whisper,base,10,noise,KHI MIỆNG VẪN NGẬM BẦU VÚ QUẮT QUEO," khi miền, dẫn nhậm màu vô quốc quel"
VIVOSDEV09_110_snr5,vivos,whisper,base,5,noise,KHI MIỆNG VẪN NGẬM BẦU VÚ QUẮT QUEO," Thì mẹ, gần nhạng, bầu vô quá quay"
VIVOSDEV09_110_snr0,vivos,whisper,base,0,music,KHI MIỆNG VẪN NGẬM BẦU VÚ QUẮT QUEO," phía mềm, bánh nhạm, bầu bầu quên."
VIVOSDEV19_279_clean,vivos,whisper,base,clean,clean,NỢ MỘT CUỘC CHIẾN CHỐNG THAM NHŨNG VẪN CHƯA VÀO ĐÂU," Nở 1 cuộc chiến, chống, tham, nhũng, bán chưa, và đâu."
VIVOSDEV19_279_snr20,vivos,whisper,base,20,noise,NỢ MỘT CUỘC CHIẾN CHỐNG THAM NHŨNG VẪN CHƯA VÀO ĐÂU," Nở 1 cuộc chiến, chống, tham, nhũng, bán chưa, và đâu."
VIVOSDEV19_279_snr10,vivos,whisper,base,10,music,NỢ MỘT CUỘC CHIẾN CHỐNG THAM NHŨNG VẪN CHƯA VÀO ĐÂU," Nở 1 cuộc chiến, chống tham, nhũng, bán chưa và đâu."
VIVOSDEV19_279_snr5,vivos,whisper,base,5,speech,NỢ MỘT CUỘC CHIẾN CHỐNG THAM NHŨNG VẪN CHƯA VÀO ĐÂU, Đừng bỏ chào ký phía.
VIVOSDEV19_279_snr0,vivos,whisper,base,0,noise,NỢ MỘT CUỘC CHIẾN CHỐNG THAM NHŨNG VẪN CHƯA VÀO ĐÂU, Đở 1 cuộc chiến chẳng 3 nhủng bán chưa và đâu.
VIVOSDEV17_268_clean,vivos,whisper,base,clean,clean,VÌ CHÚNG CÓ THỂ LÀM RĂNG CỦA BẠN DỄ BỊ Ố VÀNG, Vì chung có thể làm răng của bạn dễ bị ố vèn
VIVOSDEV17_268_snr20,vivos,whisper,base,20,music,VÌ CHÚNG CÓ THỂ LÀM RĂNG CỦA BẠN DỄ BỊ Ố VÀNG, Vì chúng có thể làm răng của bạn dễ bị ố vèn
VIVOSDEV17_268_snr10,vivos,whisper,base,10,speech,VÌ CHÚNG CÓ THỂ LÀM RĂNG CỦA BẠN DỄ BỊ Ố VÀNG," Khi chung có thể làm răng của bạn, dễ bị ô vang."
VIVOSDEV17_268_snr5,vivos,whisper,base,5,music,VÌ CHÚNG CÓ THỂ LÀM RĂNG CỦA BẠN DỄ BỊ Ố VÀNG, Vì chung có thể làm răng của bạn dễ bị ố vèn
VIVOSDEV17_268_snr0,vivos,whisper,base,0,noise,VÌ CHÚNG CÓ THỂ LÀM RĂNG CỦA BẠN DỄ BỊ Ố VÀNG, Vì chung có thể làm trăng của bạn dễ bị ô vèng
VIVOSDEV16_161_clean,vivos,whisper,base,clean,clean,TRUNG QUỐC ĐƯA RA HÌNH PHẠT CỤ THỂ ĐỐI VỚI TỘI THAM NHŨNG, Trung Quốc đưa ra hình phạc cụ thể đưa với tội thăm dũng.
VIVOSDEV16_161_snr20,vivos,whisper,base,20,music,TRUNG QUỐC ĐƯA RA HÌNH PHẠT CỤ THỂ ĐỐI VỚI TỘI THAM NHŨNG, Trung Quốc đưa ra hình phạc cụ thể đưa với tội tham nhống.
VIVOSDEV16_161_snr10,vivos,whisper,base,10,speech,TRUNG QUỐC ĐƯA RA HÌNH PHẠT CỤ THỂ ĐỐI VỚI TỘI THAM NHŨNG, Trung Quốc tôi ra hình phải cố thẻ đưa với tội thám nhổng.
VIVOSDEV16_161_snr5,vivos,whisper,base,5,noise,TRUNG QUỐC ĐƯA RA HÌNH PHẠT CỤ THỂ ĐỐI VỚI TỘI THAM NHŨNG, Trung Quốc đưa ra hình phải cầu thái đối với tội thăm dụng
VIVOSDEV16_161_snr0,vivos,whisper,base,0,noise,TRUNG QUỐC ĐƯA RA HÌNH PHẠT CỤ THỂ ĐỐI VỚI TỘI THAM NHŨNG, Trung Quốc đưa ra hình phạc cô thể đưa với tồi thăm dụng.
VIVOSDEV19_030_clean,vivos,whisper,base,clean,clean,PHÙ SA BỒI ĐẮP RUỘNG VƯỜN CHO XÓM LÀNG TRÙ PHÚ, Phụ xe bỏ đắp đụng vương cho sống lạng trú phú.
VIVOSDEV19_030_snr20,vivos,whisper,base,20,music,PHÙ SA BỒI ĐẮP RUỘNG VƯỜN CHO XÓM LÀNG TRÙ PHÚ, Phụ xe bỏ đắp đụng vương cho sống lạng trữ phú.
VIVOSDEV19_030_snr10,vivos,whisper,base,10,noise,PHÙ SA BỒI ĐẮP RUỘNG VƯỜN CHO XÓM LÀNG TRÙ PHÚ, Phủ xe bỏ đắp rộng vương cho sống lạng trụ phố.
VIVOSDEV19_030_snr5,vivos,whisper,base,5,speech,PHÙ SA BỒI ĐẮP RUỘNG VƯỜN CHO XÓM LÀNG TRÙ PHÚ," Phủ xe bởi đắp vụ vường, gian sống lạnh phố."
VIVOSDEV19_030_snr0,vivos,whisper,base,0,noise,PHÙ SA BỒI ĐẮP RUỘNG VƯỜN CHO XÓM LÀNG TRÙ PHÚ, Phụ xe bỏ đắp đụng vương cho sống lạnh đủ vương.
VIVOSDEV11_033_clean,vivos,whisper,base,clean,clean,MÀ PHẢI CHE CHÁI Ở TẠM BÊN HÔNG NHÀ CHA RUỘT, Mà phá chê chái ở tạm bên hôm nhà chá rộng
VIVOSDEV11_033_snr20,vivos,whisper,base,20,speech,MÀ PHẢI CHE CHÁI Ở TẠM BÊN HÔNG NHÀ CHA RUỘT, Mà phá chê chái ở tạm bên hôm nhà chá rộng
VIVOSDEV11_033_snr10,vivos,whisper,base,10,music,MÀ PHẢI CHE CHÁI Ở TẠM BÊN HÔNG NHÀ CHA RUỘT, mà phải chạy ở đàn bên hôm nhà chạy rụ
VIVOSDEV11_033_snr5,vivos,whisper,base,5,music,MÀ PHẢI CHE CHÁI Ở TẠM BÊN HÔNG NHÀ CHA RUỘT, mà phải chạy ở tạm bên hôm nhà chạy rộp
VIVOSDEV11_033_snr0,vivos,whisper,base,0,music,MÀ PHẢI CHE CHÁI Ở TẠM BÊN HÔNG NHÀ CHA RUỘT, Mà phá trẻ cháy ở tạm bên hôm nhà chá rượu
VIVOSDEV13_225_clean,vivos,whisper,base,clean,clean,HAI LOẠI VĂN NÀY NÊN ĐƯỢC COI TRỌNG NHƯ NHAU TRONG CÁC KỲ THI, 2 loại văn này nên được coi chọn như nhau trong cách kỳ thị
VIVOSDEV13_225_snr20,vivos,whisper,base,20,music,HAI LOẠI VĂN NÀY NÊN ĐƯỢC COI TRỌNG NHƯ NHAU TRONG CÁC KỲ THI, 2 lãi văn này nên được coi chọn như nhau trong cách kỳ thị
VIVOSDEV13_225_snr10,vivos,whisper,base,10,speech,HAI LOẠI VĂN NÀY NÊN ĐƯỢC COI TRỌNG NHƯ NHAU TRONG CÁC KỲ THI, 2 lãi văn này nên được cơ chọng như nhau trong cách kị thây.
VIVOSDEV13_225_snr5,vivos,whisper,base,5,music,HAI LOẠI VĂN NÀY NÊN ĐƯỢC COI TRỌNG NHƯ NHAU TRONG CÁC KỲ THI, 2 loại văn này nên được coi chọn như nhau trong các tị thị thị
VIVOSDEV13_225_snr0,vivos,whisper,base,0,noise,HAI LOẠI VĂN NÀY NÊN ĐƯỢC COI TRỌNG NHƯ NHAU TRONG CÁC KỲ THI, 2 lãi vàng này nên được khai cảm nhuyên nhau trong các sịt thịt
VIVOSDEV12_128_clean,vivos,whisper,base,clean,clean,TRONG CUỘC BỎ PHIẾU TẠI HỘI ĐỒNG BẢO AN HAI NGÀY TRƯỚC ĐÓ, Trong cuộc bộ phíu tại hội đồng báo ăn 2 ngày trước đó.
VIVOSDEV12_128_snr20,vivos,whisper,base,20,speech,TRONG CUỘC BỎ PHIẾU TẠI HỘI ĐỒNG BẢO AN HAI NGÀY TRƯỚC ĐÓ, Trong cuộc bộ phí tài hỏi đồng báo ăn 2 ngày trước đó.
VIVOSDEV12_128_snr10,vivos,whisper,base,10,music,TRONG CUỘC BỎ PHIẾU TẠI HỘI ĐỒNG BẢO AN HAI NGÀY TRƯỚC ĐÓ, Trong cuộc bỏ phiếu tại hội động báo ăn 2 ngày trước đó.
VIVOSDEV12_128_snr5,vivos,whisper,base,5,music,TRONG CUỘC BỎ PHIẾU TẠI HỘI ĐỒNG BẢO AN HAI NGÀY TRƯỚC ĐÓ, Trong cuộc bỏ phiếu tại hội động bảo an 2 ngày trước đó
VIVOSDEV12_128_snr0,vivos,whisper,base,0,noise,TRONG CUỘC BỎ PHIẾU TẠI HỘI ĐỒNG BẢO AN HAI NGÀY TRƯỚC ĐÓ, Trong thuộc bỏ thú tại hội đọc bỏ anh 2 ngồi thuốc đó
VIVOSDEV17_100_clean,vivos,whisper,base,clean,clean,ĐẾN ĐÀ LẠT BẠN PHẢI CHUẨN BỊ ĐÔI CHÂN ĐỂ ĐI BỘ, Đến ra là bạn phải chuẩn bị đôi chân để đi bộ.
VIVOSDEV17_100_snr20,vivos,whisper,base,20,speech,ĐẾN ĐÀ LẠT BẠN PHẢI CHUẨN BỊ ĐÔI CHÂN ĐỂ ĐI BỘ, Đến ra là bạn phải chuẩn bị đôi chân để đi bộ.
VIVOSDEV17_100_snr10,vivos,whisper,base,10,noise,ĐẾN ĐÀ LẠT BẠN PHẢI CHUẨN BỊ ĐÔI CHÂN ĐỂ ĐI BỘ," Đến đà lạc, bản phải chuẩn bị đôi chân để đi bộ."
VIVOSDEV17_100_snr5,vivos,whisper,base,5,noise,ĐẾN ĐÀ LẠT BẠN PHẢI CHUẨN BỊ ĐÔI CHÂN ĐỂ ĐI BỘ, Đến ra là bản phải chuẩn bị đôi chân để đi bộ.
VIVOSDEV17_100_snr0,vivos,whisper,base,0,music,ĐẾN ĐÀ LẠT BẠN PHẢI CHUẨN BỊ ĐÔI CHÂN ĐỂ ĐI BỘ, Đết ta lạc bạn phải chuẩn bị đôi chung để đi bộ
VIVOSDEV07_168_clean,vivos,whisper,base,clean,clean,MÀ CHO ĐẾN LÚC ĐÓ ĐƯỢC XEM LÀ CỦA TƯ NHÂN, mà cho đến lúc đó được xem là của tư nhân.
VIVOSDEV07_168_snr20,vivos,whisper,base,20,speech,MÀ CHO ĐẾN LÚC ĐÓ ĐƯỢC XEM LÀ CỦA TƯ NHÂN, mà cho đến lúc đó được xem là của tư nhân
VIVOSDEV07_168_snr10,vivos,whisper,base,10,music,MÀ CHO ĐẾN LÚC ĐÓ ĐƯỢC XEM LÀ CỦA TƯ NHÂN, mà cho đến lúc đó được xem là của tư nhân
VIVOSDEV07_168_snr5,vivos,whisper,base,5,music,MÀ CHO ĐẾN LÚC ĐÓ ĐƯỢC XEM LÀ CỦA TƯ NHÂN, mà cho đến lúc đó được xem là của tư nhân.
VIVOSDEV07_168_snr0,vivos,whisper,base,0,speech,MÀ CHO ĐẾN LÚC ĐÓ ĐƯỢC XEM LÀ CỦA TƯ NHÂN, Mà cho đến lúc đó đừng sen là của tư nhận.
VIVOSDEV17_212_clean,vivos,whisper,base,clean,clean,CÓ MẤY NGƯỜI ĐỤNG PHẢI NÓ SUÝT NGÃ CHÚI XUỐNG ĐƯỜNG, Có máy người đồng phải nó sức ngại chúa xuống đường.
VIVOSDEV17_212_snr20,vivos,whisper,base,20,speech,CÓ MẤY NGƯỜI ĐỤNG PHẢI NÓ SUÝT NGÃ CHÚI XUỐNG ĐƯỜNG," Có máy người đồng phải nó, sức ngại, chối xuống đường."
VIVOSDEV17_212_snr10,vivos,whisper,base,10,noise,CÓ MẤY NGƯỜI ĐỤNG PHẢI NÓ SUÝT NGÃ CHÚI XUỐNG ĐƯỜNG," Có máy người đúng phải nó, chứt ngại, chứu xuống đường."
VIVOSDEV17_212_snr5,vivos,whisper,base,5,speech,CÓ MẤY NGƯỜI ĐỤNG PHẢI NÓ SUÝT NGÃ CHÚI XUỐNG ĐƯỜNG, Các bạn không thể làm gì đó. Các bạn không thể làm gì đó. Các bạn không thể làm gì đó. Các bạn không thể làm gì đó.
VIVOSDEV17_212_snr0,vivos,whisper,base,0,noise,CÓ MẤY NGƯỜI ĐỤNG PHẢI NÓ SUÝT NGÃ CHÚI XUỐNG ĐƯỜNG, Có máy người đúng phải nó sức nạn chúa xuống đường
VIVOSDEV05_238_clean,vivos,whisper,base,clean,clean,CỘNG ĐỒNG NGƯỜI MÊ TOÁN HỌC TRÊN TOÀN THẾ GIỚI, Cộng đồng người máy toán học trên toàn thế giới.
VIVOSDEV05_238_snr20,vivos,whisper,base,20,music,CỘNG ĐỒNG NGƯỜI MÊ TOÁN HỌC TRÊN TOÀN THẾ GIỚI, Cộng đồng người máy toán học trên toàn thế giới.
VIVOSDEV05_238_snr10,vivos,whisper,base,10,speech,CỘNG ĐỒNG NGƯỜI MÊ TOÁN HỌC TRÊN TOÀN THẾ GIỚI, Cộng đọng người mấy thoáng học tên toàn thế giới.
VIVOSDEV05_238_snr5,vivos,whisper,base,5,noise,CỘNG ĐỒNG NGƯỜI MÊ TOÁN HỌC TRÊN TOÀN THẾ GIỚI, Thổng đồng người máy toán học tên toàn thế giới
VIVOSDEV05_238_snr0,vivos,whisper,base,0,noise,CỘNG ĐỒNG NGƯỜI MÊ TOÁN HỌC TRÊN TOÀN THẾ GIỚI, Còn đồng người mấy tráng học trên quản thế giới
VIVOSDEV01_R141_clean,vivos,whisper,base,clean,clean,NHỮNG CON ĐƯỜNG NGẮN NGỦN NHƯ NHỮNG NHÁT CẮT, Những con đường ngắn nũng như những nhét cắt.
VIVOSDEV01_R141_snr20,vivos,whisper,base,20,music,NHỮNG CON ĐƯỜNG NGẮN NGỦN NHƯ NHỮNG NHÁT CẮT, Những con đường ngắn nũng như những nhét cắt.
VIVOSDEV01_R141_snr10,vivos,whisper,base,10,speech,NHỮNG CON ĐƯỜNG NGẮN NGỦN NHƯ NHỮNG NHÁT CẮT, Nói được những con đường nắng múng như những cách.
VIVOSDEV01_R141_snr5,vivos,whisper,base,5,speech,NHỮNG CON ĐƯỜNG NGẮN NGỦN NHƯ NHỮNG NHÁT CẮT, Những con hường ngắn một nhớ những nhớ
VIVOSDEV01_R141_snr0,vivos,whisper,base,0,noise,NHỮNG CON ĐƯỜNG NGẮN NGỦN NHƯ NHỮNG NHÁT CẮT, Những con đường nắng mục như những nhác cắt.
VIVOSDEV13_106_clean,vivos,whisper,base,clean,clean,CẢM GIÁC ĐƯỢC CHIA SẺ VỚI BẠN ĐỜI CÙNG SỞ THÍCH THÚ VỊ LẮM, Cảm giác được chia sẻ với bản đời cùng xỡa thất thú vĩ lắm.
VIVOSDEV13_106_snr20,vivos,whisper,base,20,noise,CẢM GIÁC ĐƯỢC CHIA SẺ VỚI BẠN ĐỜI CÙNG SỞ THÍCH THÚ VỊ LẮM, cảm giác được chia sẻ với bạn đời cùng sở thích thú vĩ lắm
VIVOSDEV13_106_snr10,vivos,whisper,base,10,noise,CẢM GIÁC ĐƯỢC CHIA SẺ VỚI BẠN ĐỜI CÙNG SỞ THÍCH THÚ VỊ LẮM, cảm giác được chia sẻ với bạn đời cùng sở thích thú vị lắm
VIVOSDEV13_106_snr5,vivos,whisper,base,5,music,CẢM GIÁC ĐƯỢC CHIA SẺ VỚI BẠN ĐỜI CÙNG SỞ THÍCH THÚ VỊ LẮM, Cảm giá trị chia sẻ với bạn đời cùng sợ thích thú vị lắm
VIVOSDEV13_106_snr0,vivos,whisper,base,0,noise,CẢM GIÁC ĐƯỢC CHIA SẺ VỚI BẠN ĐỜI CÙNG SỞ THÍCH THÚ VỊ LẮM, Cảm giá cửa chia sẻ với bàn đời cùng sở thích thú vị lắm.
VIVOSDEV07_127_clean,vivos,whisper,base,clean,clean,CÓ HAI TÁC DỤNG TÍCH CỰC, có 2 tất cả dụng tất cơ
VIVOSDEV07_127_snr20,vivos,whisper,base,20,noise,CÓ HAI TÁC DỤNG TÍCH CỰC, Có 2 tất cả dụng tất cơc
VIVOSDEV07_127_snr10,vivos,whisper,base,10,noise,CÓ HAI TÁC DỤNG TÍCH CỰC, Có hai cái giống tích cơt
VIVOSDEV07_127_snr5,vivos,whisper,base,5,noise,CÓ HAI TÁC DỤNG TÍCH CỰC, Có hai tếp dụng tích cơm
VIVOSDEV07_127_snr0,vivos,whisper,base,0,music,CÓ HAI TÁC DỤNG TÍCH CỰC, có 2 đất dụng tất cả
VIVOSDEV05_037_clean,vivos,whisper,base,clean,clean,ÔNG NHẶT NÓ LÊN, Ông nhạc nó lên.
VIVOSDEV05_037_snr20,vivos,whisper,base,20,noise,ÔNG NHẶT NÓ LÊN, Ông nhạc nó lên
VIVOSDEV05_037_snr10,vivos,whisper,base,10,music,ÔNG NHẶT NÓ LÊN, Không nhạc nó lên
VIVOSDEV05_037_snr5,vivos,whisper,base,5,noise,ÔNG NHẶT NÓ LÊN, Ông nhạc nó lên
VIVOSDEV05_037_snr0,vivos,whisper,base,0,speech,ÔNG NHẶT NÓ LÊN, Chỉ
VIVOSDEV11_083_clean,vivos,whisper,base,clean,clean,MỘT SINH VIÊN ĐƯỢC VAY VỐN TÍN DỤNG HỌC TẬP, 1 xinh vêng được vây vóng tính dòng hộng tập.
VIVOSDEV11_083_snr20,vivos,whisper,base,20,music,MỘT SINH VIÊN ĐƯỢC VAY VỐN TÍN DỤNG HỌC TẬP, Một xinh vinh được vây vóng tính dòng học tập.
VIVOSDEV11_083_snr10,vivos,whisper,base,10,music,MỘT SINH VIÊN ĐƯỢC VAY VỐN TÍN DỤNG HỌC TẬP, 1 xin vêng được vây góng tính dòng học tạp
VIVOSDEV11_083_snr5,vivos,whisper,base,5,noise,MỘT SINH VIÊN ĐƯỢC VAY VỐN TÍN DỤNG HỌC TẬP, 1 chân vêng được bây vóng tính dòng hộng tập
VIVOSDEV11_083_snr0,vivos,whisper,base,0,noise,MỘT SINH VIÊN ĐƯỢC VAY VỐN TÍN DỤNG HỌC TẬP, Bọc thinh viên được bây bóng tính lệnh
VIVOSDEV15_147_clean,vivos,whisper,base,clean,clean,BẮT ĐẦU CUỘC CHẠY ĐUA MÙA KINH DOANH TẾT GIỮA BÁNH NỘI VÀ BÁNH NGOẠI, Bắt đầu cuộc chạy luôn mùa kinh doanh tết sữa bánh nội và bánh ngoại.
VIVOSDEV15_147_snr20,vivos,whisper,base,20,music,BẮT ĐẦU CUỘC CHẠY ĐUA MÙA KINH DOANH TẾT GIỮA BÁNH NỘI VÀ BÁNH NGOẠI, Bắt đầu cuộc chạy đua mùa kinh doanh tết giữa bánh nội và bánh ngoại.
VIVOSDEV15_147_snr10,vivos,whisper,base,10,music,BẮT ĐẦU CUỘC CHẠY ĐUA MÙA KINH DOANH TẾT GIỮA BÁNH NỘI VÀ BÁNH NGOẠI, Bắt đầu cuộc chạy đua mùa kinh doanh tết sữa bánh nội và bánh ngoại.
VIVOSDEV15_147_snr5,vivos,whisper,base,5,music,BẮT ĐẦU CUỘC CHẠY ĐUA MÙA KINH DOANH TẾT GIỮA BÁNH NỘI VÀ BÁNH NGOẠI, Bắt đầu cuộc chạm luôn mùa kinh doanh tết sữa bánh nội và bánh ngoại.
VIVOSDEV15_147_snr0,vivos,whisper,base,0,noise,BẮT ĐẦU CUỘC CHẠY ĐUA MÙA KINH DOANH TẾT GIỮA BÁNH NỘI VÀ BÁNH NGOẠI, Bắt đầu cục tệ đua mối kênh doanh tế sữa bánh nội và bánh ngoại.
VIVOSDEV14_199_clean,vivos,whisper,base,clean,clean,KHÓ SAO DUYÊN DÁM CHO ANH UỐNG RƯỢU TRONG ĐÁM CƯỚI, khó sao duyên giám chân ủng rủ trong đám cưới.
VIVOSDEV14_199_snr20,vivos,whisper,base,20,speech,KHÓ SAO DUYÊN DÁM CHO ANH UỐNG RƯỢU TRONG ĐÁM CƯỚI, khó xào duyên giám chân ủng rủ trong đám cưới.
VIVOSDEV14_199_snr10,vivos,whisper,base,10,noise,KHÓ SAO DUYÊN DÁM CHO ANH UỐNG RƯỢU TRONG ĐÁM CƯỚI, Hó sao dùi nhám chân ủng rộ trong đám cưới?
VIVOSDEV14_199_snr5,vivos,whisper,base,5,noise,KHÓ SAO DUYÊN DÁM CHO ANH UỐNG RƯỢU TRONG ĐÁM CƯỚI, khó xeo duyên giám chân ủng rủ trong đám cưới.
VIVOSDEV14_199_snr0,vivos,whisper,base,0,noise,KHÓ SAO DUYÊN DÁM CHO ANH UỐNG RƯỢU TRONG ĐÁM CƯỚI, Chào sẻ vĩnh tình của hộng tình thật
VIVOSDEV13_239_clean,vivos,whisper,base,clean,clean,CHẲNG CẦN NHÌN VỀ PHƯƠNG TÂY QUÊ HƯƠNG CỦA HÀNG HIỆU, Chẳng cần nhìn về phương tay quê hương của hàng hiệu.
VIVOSDEV13_239_snr20,vivos,whisper,base,20,noise,CHẲNG CẦN NHÌN VỀ PHƯƠNG TÂY QUÊ HƯƠNG CỦA HÀNG HIỆU, Chẳng cần nhìn về phương tay quê hương của Hàng Hệ
VIVOSDEV13_239_snr10,vivos,whisper,base,10,noise,CHẲNG CẦN NHÌN VỀ PHƯƠNG TÂY QUÊ HƯƠNG CỦA HÀNG HIỆU, Chẳng cần nhìn về phương tay quê hương của Hàng H hiệu.
VIVOSDEV13_239_snr5,vivos,whisper,base,5,speech,CHẲNG CẦN NHÌN VỀ PHƯƠNG TÂY QUÊ HƯƠNG CỦA HÀNG HIỆU, Nhanh Còn nhìn về phong tay quên rừng có hệ sợ.
VIVOSDEV13_239_snr0,vivos,whisper,base,0,noise,CHẲNG CẦN NHÌN VỀ PHƯƠNG TÂY QUÊ HƯƠNG CỦA HÀNG HIỆU, Chẳng tâm nhìn về phong tay quê lương của hề nghèo.
VIVOSDEV08_093_clean,vivos,whisper,base,clean,clean,THÌ BỖNG NGHE MẤY TIẾNG OÁC OÁC TỪ VẠT RỪNG PHI LAO, Thì bóng nghe mấy tiếng quét quét từ vặt rừng phí lao
VIVOSDEV08_093_snr20,vivos,whisper,base,20,noise,THÌ BỖNG NGHE MẤY TIẾNG OÁC OÁC TỪ VẠT RỪNG PHI LAO, Thì bỏ nghe mấy tiếng ạ từ vặt rừng phí lao
VIVOSDEV08_093_snr10,vivos,whisper,base,10,music,THÌ BỖNG NGHE MẤY TIẾNG OÁC OÁC TỪ VẠT RỪNG PHI LAO, Thì bóng nghe mấy tiếng quát quát từ vặt rừng phí lao
VIVOSDEV08_093_snr5,vivos,whisper,base,5,music,THÌ BỖNG NGHE MẤY TIẾNG OÁC OÁC TỪ VẠT RỪNG PHI LAO, Thì bóng nghe mấy tiếng quét ế từ vặt rừng phí lao
VIVOSDEV08_093_snr0,vivos,whisper,base,0,noise,THÌ BỖNG NGHE MẤY TIẾNG OÁC OÁC TỪ VẠT RỪNG PHI LAO, Thì bỏ nghe mấy tiếng quét quét từ vặt rừng phí lao
VIVOSDEV02_R027_clean,vivos,whisper,base,clean,clean,CÓ THỂ LÀNH LẶN MÀ KHÔNG ĐỂ LẠI VẾT SẸO, Xoá thể là lạng mà không để lại bất xeo
VIVOSDEV02_R027_snr20,vivos,whisper,base,20,noise,CÓ THỂ LÀNH LẶN MÀ KHÔNG ĐỂ LẠI VẾT SẸO, có thể làng mà không để lại với xe
VIVOSDEV02_R027_snr10,vivos,whisper,base,10,noise,CÓ THỂ LÀNH LẶN MÀ KHÔNG ĐỂ LẠI VẾT SẸO, có thể là lặng mà không để lại bây giờ
VIVOSDEV02_R027_snr5,vivos,whisper,base,5,noise,CÓ THỂ LÀNH LẶN MÀ KHÔNG ĐỂ LẠI VẾT SẸO, có thể là lạng mà không để lại với xeo
VIVOSDEV02_R027_snr0,vivos,whisper,base,0,noise,CÓ THỂ LÀNH LẶN MÀ KHÔNG ĐỂ LẠI VẾT SẸO, Sao sẽ là lạng mà không để lại bất hiệu.
VIVOSDEV05_209_clean,vivos,whisper,base,clean,clean,TÊN GỌI TẠI ĐỊA PHƯƠNG LÀ TRẮC THỐI, Tên gọi tại điểm phương là trách thôi.
VIVOSDEV05_209_snr20,vivos,whisper,base,20,music,TÊN GỌI TẠI ĐỊA PHƯƠNG LÀ TRẮC THỐI, Tên gọi tại Điệ Phương là chắc thôi
VIVOSDEV05_209_snr10,vivos,whisper,base,10,noise,TÊN GỌI TẠI ĐỊA PHƯƠNG LÀ TRẮC THỐI, Tên gọi tại điểm phương là chắc thôi.
VIVOSDEV05_209_snr5,vivos,whisper,base,5,noise,TÊN GỌI TẠI ĐỊA PHƯƠNG LÀ TRẮC THỐI, Tên gọi tay điệp hương là tắt thối.
VIVOSDEV05_209_snr0,vivos,whisper,base,0,noise,TÊN GỌI TẠI ĐỊA PHƯƠNG LÀ TRẮC THỐI, Tâm gọi tại Điệ Phương là tắt khói.
VIVOSDEV09_286_clean,vivos,whisper,base,clean,clean,CÓ CÒN HƠN KHÔNG, có cả hơn không.
VIVOSDEV09_286_snr20,vivos,whisper,base,20,noise,CÓ CÒN HƠN KHÔNG, có cả hơn không.
VIVOSDEV09_286_snr10,vivos,whisper,base,10,noise,CÓ CÒN HƠN KHÔNG, có cả hơn không
VIVOSDEV09_286_snr5,vivos,whisper,base,5,noise,CÓ CÒN HƠN KHÔNG, Má giao hơn khao
VIVOSDEV09_286_snr0,vivos,whisper,base,0,noise,CÓ CÒN HƠN KHÔNG, Có cả hơn không.
VIVOSDEV16_033_clean,vivos,whisper,base,clean,clean,ĐỘI NÀO THÀNH TÍCH CÀNG CAO THÌ QUẢN LÝ CÀNG KHÓ, Đối nào thần tích càng cao thì quán lý càng khó.
VIVOSDEV16_033_snr20,vivos,whisper,base,20,noise,ĐỘI NÀO THÀNH TÍCH CÀNG CAO THÌ QUẢN LÝ CÀNG KHÓ, Đối nào thần tích càng cao thì quán lý càng khó.
VIVOSDEV16_033_snr10,vivos,whisper,base,10,noise,ĐỘI NÀO THÀNH TÍCH CÀNG CAO THÌ QUẢN LÝ CÀNG KHÓ, Đối nào thần tích càng cao thì quán lý càng khó.
VIVOSDEV16_033_snr5,vivos,whisper,base,5,speech,ĐỘI NÀO THÀNH TÍCH CÀNG CAO THÌ QUẢN LÝ CÀNG KHÓ, Đối nào thần tích kèng cao thì quán lý kèng khó
VIVOSDEV16_033_snr0,vivos,whisper,base,0,speech,ĐỘI NÀO THÀNH TÍCH CÀNG CAO THÌ QUẢN LÝ CÀNG KHÓ, Bộ nào tất cả các bạn có thể quen một thêm hồ
VIVOSDEV15_047_clean,vivos,whisper,base,clean,clean,MỘT TÌNH HUỐNG ỨNG XỬ SƯ PHẠM TÔI LÀM BỘ TỈNH RỤI ĐƯỢC CÔ DUYỆT, 1 tên hướng ứng sử sư phạm tôi là bộ tên rội được câu dễn
VIVOSDEV15_047_snr20,vivos,whisper,base,20,music,MỘT TÌNH HUỐNG ỨNG XỬ SƯ PHẠM TÔI LÀM BỘ TỈNH RỤI ĐƯỢC CÔ DUYỆT, 1 tên hướng ứng sử sư phạm tôi là bộ tính rụi được cô dưỡng
VIVOSDEV15_047_snr10,vivos,whisper,base,10,music,MỘT TÌNH HUỐNG ỨNG XỬ SƯ PHẠM TÔI LÀM BỘ TỈNH RỤI ĐƯỢC CÔ DUYỆT, 1 tên hướng ứng sử sư phạm tôi là bộ tính rụi được cô dưỡng
VIVOSDEV15_047_snr5,vivos,whisper,base,5,music,MỘT TÌNH HUỐNG ỨNG XỬ SƯ PHẠM TÔI LÀM BỘ TỈNH RỤI ĐƯỢC CÔ DUYỆT, Một tình huống ứng sửa sửa phạm tôi là một tình tuổi được không có dụng
VIVOSDEV15_047_snr0,vivos,whisper,base,0,noise,MỘT TÌNH HUỐNG ỨNG XỬ SƯ PHẠM TÔI LÀM BỘ TỈNH RỤI ĐƯỢC CÔ DUYỆT, 1 tên hướng ứng sử sư phạm tôi là bộ tính rũi được cô dưới
VIVOSDEV07_194_clean,vivos,whisper,base,clean,clean,NHIỀU TRỤ ĐÁ DI TÍCH NẰM NGHIÊNG NGẢ VÀ VỠ NÁT, nhiều chủ đã giới tích 5.000 ngã vào vỡ nữa
VIVOSDEV07_194_snr20,vivos,whisper,base,20,music,NHIỀU TRỤ ĐÁ DI TÍCH NẰM NGHIÊNG NGẢ VÀ VỠ NÁT, nhiều chủ đã giới tích 5.000 ngã vào vỡ nữa
VIVOSDEV07_194_snr10,vivos,whisper,base,10,noise,NHIỀU TRỤ ĐÁ DI TÍCH NẰM NGHIÊNG NGẢ VÀ VỠ NÁT, nhiều chủ đó giới tích 5.000 ngã và vỡ nè
VIVOSDEV07_194_snr5,vivos,whisper,base,5,noise,NHIỀU TRỤ ĐÁ DI TÍCH NẰM NGHIÊNG NGẢ VÀ VỠ NÁT, nhiều chủ đó giữ tích nắp nghiên gã và vỡ nè
VIVOSDEV07_194_snr0,vivos,whisper,base,0,noise,NHIỀU TRỤ ĐÁ DI TÍCH NẰM NGHIÊNG NGẢ VÀ VỠ NÁT, nhiều chủ đã giới tích 5 nghìn nhá vào vỡ nữa
VIVOSDEV13_257_clean,vivos,whisper,base,clean,clean,TỪ ĐÓ ĐẾN NAY GIA ĐÌNH CHỊ VẪN SỐNG TRONG CĂN NHÀ LỤP XỤP," Từ đó đến nay, đừng chỉ vẫn sống trong canh nhà lập sống."
VIVOSDEV13_257_snr20,vivos,whisper,base,20,speech,TỪ ĐÓ ĐẾN NAY GIA ĐÌNH CHỊ VẪN SỐNG TRONG CĂN NHÀ LỤP XỤP," Từ đó đến nay, đừng chỉ vẫn sống trong canh nhà lực sống."
VIVOSDEV13_257_snr10,vivos,whisper,base,10,speech,TỪ ĐÓ ĐẾN NAY GIA ĐÌNH CHỊ VẪN SỐNG TRONG CĂN NHÀ LỤP XỤP," Hồi đó đến nay, đừng chỉ vẫn sống trong cắn nhà lúc sống."
VIVOSDEV13_257_snr5,vivos,whisper,base,5,speech,TỪ ĐÓ ĐẾN NAY GIA ĐÌNH CHỊ VẪN SỐNG TRONG CĂN NHÀ LỤP XỤP," Từ đó đến này, đừng chỉ vẫn 6% nhà lực sợ."
VIVOSDEV13_257_snr0,vivos,whisper,base,0,music,TỪ ĐÓ ĐẾN NAY GIA ĐÌNH CHỊ VẪN SỐNG TRONG CĂN NHÀ LỤP XỤP," Từ đó đến này, ở đây, ở đây, ở đây, ở đây, ở đây, ở đây, ở đây, ở đây, ở đây, ở đây, ở đây, ở đây, ở đây, ở đây, ở đây, ở đây, ở đây, ở đây, ở đây, ở đây, ở đây, ở đây, ở đây, ở đây, ở đây, ở đây, ở đây, ở đây, ở đây, ở đây, ở đây, ở đây, ở đây, ở đây, ở đây, ở đây, ở đây, ở đây, ở đây, ở đây, ở đây"
VIVOSDEV05_119_clean,vivos,whisper,base,clean,clean,MÀ CÒN BỊ NHỮNG BỘ MẶT LẠNH TE KIA HOẠNH HỌE, mà còn bị những bồ mặt lẫn tế kia hoàn hòa.
VIVOSDEV05_119_snr20,vivos,whisper,base,20,noise,MÀ CÒN BỊ NHỮNG BỘ MẶT LẠNH TE KIA HOẠNH HỌE, mà còn bị những bồ mặt lẫn tế kia hoàn hòa.
VIVOSDEV05_119_snr10,vivos,whisper,base,10,speech,MÀ CÒN BỊ NHỮNG BỘ MẶT LẠNH TE KIA HOẠNH HỌE, mà còn bị những bồ mặt lẫn tế kia hoàn hòa.
VIVOSDEV05_119_snr5,vivos,whisper,base,5,music,MÀ CÒN BỊ NHỮNG BỘ MẶT LẠNH TE KIA HOẠNH HỌE, mà còn bị những bồ mặt lẫn tây kia hoàn hội.
VIVOSDEV05_119_snr0,vivos,whisper,base,0,speech,MÀ CÒN BỊ NHỮNG BỘ MẶT LẠNH TE KIA HOẠNH HỌE, Mà con bây bộ mà cần phê cứ hoàn nguyên.
VIVOSDEV13_210_clean,vivos,whisper,base,clean,clean,RÀ SOÁT CHẤT LƯỢNG CÔNG TRÌNH XÂY DỰNG TRÊN CẢ NƯỚC, Rà sẽ chất lượng công trên xây dẫn trên cả nước.
VIVOSDEV13_210_snr20,vivos,whisper,base,20,music,RÀ SOÁT CHẤT LƯỢNG CÔNG TRÌNH XÂY DỰNG TRÊN CẢ NƯỚC, ra sẽ chất lửa công trên xây dẫn trên cả nước.
VIVOSDEV13_210_snr10,vivos,whisper,base,10,music,RÀ SOÁT CHẤT LƯỢNG CÔNG TRÌNH XÂY DỰNG TRÊN CẢ NƯỚC, ra sẽ chất lửa công trên xe dẫn trên cả nước.
VIVOSDEV13_210_snr5,vivos,whisper,base,5,music,RÀ SOÁT CHẤT LƯỢNG CÔNG TRÌNH XÂY DỰNG TRÊN CẢ NƯỚC, ra sẽ chất lượng công trên xe dẫn trên cả nữ
VIVOSDEV13_210_snr0,vivos,whisper,base,0,noise,RÀ SOÁT CHẤT LƯỢNG CÔNG TRÌNH XÂY DỰNG TRÊN CẢ NƯỚC, và sẽ chất lượng công trên xe dẫn trên cá nữ.
VIVOSDEV08_166_clean,vivos,whisper,base,clean,clean,DỊCH VỤ KIỂM TRA SỨC KHỎE ĐỊNH KỲ LÀ MỘT Ý KIẾN HAY, dịch vô kiếm ra sẽ quả đơn kè là 1 ý kiến hay
VIVOSDEV08_166_snr20,vivos,whisper,base,20,speech,DỊCH VỤ KIỂM TRA SỨC KHỎE ĐỊNH KỲ LÀ MỘT Ý KIẾN HAY," Rết vô, kiếm ra sẽ quả đơn kè là 1 ý kiến 2."
VIVOSDEV08_166_snr10,vivos,whisper,base,10,music,DỊCH VỤ KIỂM TRA SỨC KHỎE ĐỊNH KỲ LÀ MỘT Ý KIẾN HAY," Nhật vô, kiếm ra sẽ quả đơn kè là 1 ý kiến hay."
VIVOSDEV08_166_snr5,vivos,whisper,base,5,noise,DỊCH VỤ KIỂM TRA SỨC KHỎE ĐỊNH KỲ LÀ MỘT Ý KIẾN HAY," giết vô, giết phá trích quả đình kê là mọi ý kiến hay"
VIVOSDEV08_166_snr0,vivos,whisper,base,0,noise,DỊCH VỤ KIỂM TRA SỨC KHỎE ĐỊNH KỲ LÀ MỘT Ý KIẾN HAY," 1,2,3,4,3,4,1,1,1,1,1,2,1,1,1,1,1,1,2,1,1,1,1,1,1,1,1,1,1,1,1,1,1,1,1,1,1,1,1,1,1,1,1,1,1,1,1,1,1,1,1,1,1,1,1,1,1,1,1,1,1,1,1,1,"
VIVOSDEV03_T048_clean,vivos,whisper,base,clean,clean,DIỄN VIÊN CHÍNH ĐỨNG NHƯ KHÚC GỖ, Vìm việc chín đứng như khúc gạo.
VIVOSDEV03_T048_snr20,vivos,whisper,base,20,music,DIỄN VIÊN CHÍNH ĐỨNG NHƯ KHÚC GỖ, Chuyện việc chín đứng như khúc gạo
VIVOSDEV03_T048_snr10,vivos,whisper,base,10,noise,DIỄN VIÊN CHÍNH ĐỨNG NHƯ KHÚC GỖ, Nhìn mình chính đến như khúc gạo.
VIVOSDEV03_T048_snr5,vivos,whisper,base,5,music,DIỄN VIÊN CHÍNH ĐỨNG NHƯ KHÚC GỖ, Chuyện miếng kênh đến nhiều khu cổ
VIVOSDEV03_T048_snr0,vivos,whisper,base,0,music,DIỄN VIÊN CHÍNH ĐỨNG NHƯ KHÚC GỖ, Đi về kém sức nhìn khu gạo.
VIVOSDEV14_079_clean,vivos,whisper,base,clean,clean,VẬY AI SẼ CHỊU TRÁCH NHIỆM VỀ NHỮNG TRƯỜNG HỢP NÀY, Vậy ai sẽ chữ chất nhiệm về những trường hợp này.
VIVOSDEV14_079_snr20,vivos,whisper,base,20,music,VẬY AI SẼ CHỊU TRÁCH NHIỆM VỀ NHỮNG TRƯỜNG HỢP NÀY, và ai sẽ chữ chất nhiệm về những thường hợp này.
VIVOSDEV14_079_snr10,vivos,whisper,base,10,speech,VẬY AI SẼ CHỊU TRÁCH NHIỆM VỀ NHỮNG TRƯỜNG HỢP NÀY," Vậy ạc Q7 Nghĩm Vân, Những Tùng Hợp Này."
VIVOSDEV14_079_snr5,vivos,whisper,base,5,music,VẬY AI SẼ CHỊU TRÁCH NHIỆM VỀ NHỮNG TRƯỜNG HỢP NÀY, Vậy ai sẽ chịu chất nhiệm về những trung hợp này.
VIVOSDEV14_079_snr0,vivos,whisper,base,0,noise,VẬY AI SẼ CHỊU TRÁCH NHIỆM VỀ NHỮNG TRƯỜNG HỢP NÀY, Bởi ai sẽ xe chứ chất nghiệm về những trường hợp này
VIVOSDEV17_245_clean,vivos,whisper,base,clean,clean,ĐƯỢC BÀY TRÊN NHỮNG BỆ THỜ BÊN CẠNH NHỮNG BÓ SEN HUỆ THƠM NỨC," Được bây chân những bể thờ bên cạnh những mó sinh, hệ thông phức."
VIVOSDEV17_245_snr20,vivos,whisper,base,20,music,ĐƯỢC BÀY TRÊN NHỮNG BỆ THỜ BÊN CẠNH NHỮNG BÓ SEN HUỆ THƠM NỨC," Được bài trên những bể thờ bên cạnh những mó sinh, hãy thông phúc."
VIVOSDEV17_245_snr10,vivos,whisper,base,10,noise,ĐƯỢC BÀY TRÊN NHỮNG BỆ THỜ BÊN CẠNH NHỮNG BÓ SEN HUỆ THƠM NỨC," Được bài chân những bẻ thà bên cạnh những mói xanh, hãy thông phúc."
VIVOSDEV17_245_snr5,vivos,whisper,base,5,noise,ĐƯỢC BÀY TRÊN NHỮNG BỆ THỜ BÊN CẠNH NHỮNG BÓ SEN HUỆ THƠM NỨC," Được bài trên những bể thờ bên cạnh những mó sinh, hãy thông phúc."
VIVOSDEV17_245_snr0,vivos,whisper,base,0,noise,ĐƯỢC BÀY TRÊN NHỮNG BỆ THỜ BÊN CẠNH NHỮNG BÓ SEN HUỆ THƠM NỨC, Được bài chân những bể thường bất cả những bó xe phải thông phúc
VIVOSDEV04_T018_clean,vivos,whisper,base,clean,clean,NHỮNG SAI LẦM KHI ĐI CHỌN KHÁCH SẠN, Những xe lầm khi đi trọng khách sạng.
VIVOSDEV04_T018_snr20,vivos,whisper,base,20,noise,NHỮNG SAI LẦM KHI ĐI CHỌN KHÁCH SẠN, Những xe lầm khi đi trọng khách sạng.
VIVOSDEV04_T018_snr10,vivos,whisper,base,10,music,NHỮNG SAI LẦM KHI ĐI CHỌN KHÁCH SẠN, Những xe làm khi đi trọng khách sạng.
VIVOSDEV04_T018_snr5,vivos,whisper,base,5,speech,NHỮNG SAI LẦM KHI ĐI CHỌN KHÁCH SẠN, Những xe lầm khi đi trọng khách sạng.
VIVOSDEV04_T018_snr0,vivos,whisper,base,0,noise,NHỮNG SAI LẦM KHI ĐI CHỌN KHÁCH SẠN," Nếu xe lầm, kì đi trọng khách sạm"
VIVOSDEV04_R186_clean,vivos,whisper,base,clean,clean,NHẰM TẠO RA SỰ HẤP DẪN, Nhằm tạo ra sự hấp dẫn.
VIVOSDEV04_R186_snr20,vivos,whisper,base,20,noise,NHẰM TẠO RA SỰ HẤP DẪN, Nhàm tạo ra sự hấp dẫn
VIVOSDEV04_R186_snr10,vivos,whisper,base,10,noise,NHẰM TẠO RA SỰ HẤP DẪN, Nhằm tạo ra sử hấp dẫn
VIVOSDEV04_R186_snr5,vivos,whisper,base,5,noise,NHẰM TẠO RA SỰ HẤP DẪN, Nhiều nào đó là rất hà bản
VIVOSDEV04_R186_snr0,vivos,whisper,base,0,noise,NHẰM TẠO RA SỰ HẤP DẪN, Nhìn vào ra sử hấp dẫn
VIVOSDEV06_006_clean,vivos,whisper,base,clean,clean,MÀ DO LỐI SỐNG CHUI NHỦI CỦA CHÚNG, Mà cho lỗi sống chui nhuổi của chung.
VIVOSDEV06_006_snr20,vivos,whisper,base,20,noise,MÀ DO LỐI SỐNG CHUI NHỦI CỦA CHÚNG, mà cho lỗi sống chui nhuổi của chung
VIVOSDEV06_006_snr10,vivos,whisper,base,10,music,MÀ DO LỐI SỐNG CHUI NHỦI CỦA CHÚNG, mà cho lỗi sống trôi nguổi của trung
VIVOSDEV06_006_snr5,vivos,whisper,base,5,noise,MÀ DO LỐI SỐNG CHUI NHỦI CỦA CHÚNG, Mà cho lối sống chui nhuổi của chú
VIVOSDEV06_006_snr0,vivos,whisper,base,0,music,MÀ DO LỐI SỐNG CHUI NHỦI CỦA CHÚNG, Mà cho lối xong thuy nhiễu của chung
VIVOSDEV03_R195_clean,vivos,whisper,base,clean,clean,KHÔNG MỘT CHIẾC XE LẠ NÀO CÓ THỂ MON MEN VÀO ĐƯỢC, Không một chiếc xe lại nào có thể mong mang vào được
VIVOSDEV03_R195_snr20,vivos,whisper,base,20,music,KHÔNG MỘT CHIẾC XE LẠ NÀO CÓ THỂ MON MEN VÀO ĐƯỢC, Không một chiếc xe lại nào có thể mong mêng vào được
VIVOSDEV03_R195_snr10,vivos,whisper,base,10,noise,KHÔNG MỘT CHIẾC XE LẠ NÀO CÓ THỂ MON MEN VÀO ĐƯỢC, Không 1 chiếc xe lại nào có thể mong mêng vào được
VIVOSDEV03_R195_snr5,vivos,whisper,base,5,music,KHÔNG MỘT CHIẾC XE LẠ NÀO CÓ THỂ MON MEN VÀO ĐƯỢC, Không một chiếc xe lại nào có thể mong mẹ vào được
VIVOSDEV03_R195_snr0,vivos,whisper,base,0,noise,KHÔNG MỘT CHIẾC XE LẠ NÀO CÓ THỂ MON MEN VÀO ĐƯỢC, Không một chiếc xe lại nào có thể mong mêng vào đường
VIVOSDEV10_130_clean,vivos,whisper,base,clean,clean,CAO NGỒNG NGỒNG, Càu ngọng ngọng
VIVOSDEV10_130_snr20,vivos,whisper,base,20,speech,CAO NGỒNG NGỒNG, Cái này
VIVOSDEV10_130_snr10,vivos,whisper,base,10,noise,CAO NGỒNG NGỒNG, Cáo nào nào
VIVOSDEV10_130_snr5,vivos,whisper,base,5,music,CAO NGỒNG NGỒNG, Càu ngọng ngọng
VIVOSDEV10_130_snr0,vivos,whisper,base,0,speech,CAO NGỒNG NGỒNG, Cái gì?
VIVOSDEV17_297_clean,vivos,whisper,base,clean,clean,TRONG DÒNG THÁC NGƯỜI CHỈ NHÌN ĐƯỢC MẮT KÍNH VÀ KHẨU TRANG," Trong dòng tháng ngồi, chỉ nhìn được mắt kín và khẩu chê."
VIVOSDEV17_297_snr20,vivos,whisper,base,20,noise,TRONG DÒNG THÁC NGƯỜI CHỈ NHÌN ĐƯỢC MẮT KÍNH VÀ KHẨU TRANG," Trong dòng thét người, chỉ nhìn được mắt kính và khẩu chê"
VIVOSDEV17_297_snr10,vivos,whisper,base,10,noise,TRONG DÒNG THÁC NGƯỜI CHỈ NHÌN ĐƯỢC MẮT KÍNH VÀ KHẨU TRANG," Trong dòng tháng người, chỉ nhìn được mắt kín và khẩu chê"
VIVOSDEV17_297_snr5,vivos,whisper,base,5,music,TRONG DÒNG THÁC NGƯỜI CHỈ NHÌN ĐƯỢC MẮT KÍNH VÀ KHẨU TRANG," Trong rộng khác người, diễn nhìn được mắt chín và khẩu chê."
VIVOSDEV17_297_snr0,vivos,whisper,base,0,music,TRONG DÒNG THÁC NGƯỜI CHỈ NHÌN ĐƯỢC MẮT KÍNH VÀ KHẨU TRANG," Trong dòng tháng người, chỉ nhìn được mắc kinh mà khẩu chê."
VIVOSDEV06_286_clean,vivos,whisper,base,clean,clean,PHÍ CHUYỂN GIAO CÔNG NGHỆ LÀ BA CHỤC NGÀN ĐỒNG, Phí chuyển giao công nghệ là 30.000 đồng.
VIVOSDEV06_286_snr20,vivos,whisper,base,20,noise,PHÍ CHUYỂN GIAO CÔNG NGHỆ LÀ BA CHỤC NGÀN ĐỒNG, Phía chuyển giao công nghệ là 30.000 đồng.
VIVOSDEV06_286_snr10,vivos,whisper,base,10,noise,PHÍ CHUYỂN GIAO CÔNG NGHỆ LÀ BA CHỤC NGÀN ĐỒNG, Phía chuyện giao công nghệ là 3 trục ngàn đông.
VIVOSDEV06_286_snr5,vivos,whisper,base,5,music,PHÍ CHUYỂN GIAO CÔNG NGHỆ LÀ BA CHỤC NGÀN ĐỒNG, Phía chuyển giao công nghệ là 30 ngang đông.
VIVOSDEV06_286_snr0,vivos,whisper,base,0,speech,PHÍ CHUYỂN GIAO CÔNG NGHỆ LÀ BA CHỤC NGÀN ĐỒNG, Phía miễn giao công nhớ là 30 ngàn đông.
VIVOSDEV07_185_clean,vivos,whisper,base,clean,clean,CHÍU CHÍT GỢI TÌNH MẸ CON SUM HỌP, Khi lý kết gọi tình mẹ con xâm hợp.
VIVOSDEV07_185_snr20,vivos,whisper,base,20,noise,CHÍU CHÍT GỢI TÌNH MẸ CON SUM HỌP, Chứ kết gọi tình mẹ con xâm hợp.
VIVOSDEV07_185_snr10,vivos,whisper,base,10,speech,CHÍU CHÍT GỢI TÌNH MẸ CON SUM HỌP, Chứ kết gọi tình mẹ con xung hộ.
VIVOSDEV07_185_snr5,vivos,whisper,base,5,noise,CHÍU CHÍT GỢI TÌNH MẸ CON SUM HỌP, Chỉu kết gọi tình mẹ con xâm hợp
VIVOSDEV07_185_snr0,vivos,whisper,base,0,noise,CHÍU CHÍT GỢI TÌNH MẸ CON SUM HỌP, Chí chí trở thành mẹ con xâm học
VIVOSDEV06_079_clean,vivos,whisper,base,clean,clean,MÀ BẠN CÓ THỂ THAM KHẢO ĐỂ LÀM ĐẸP GIAN BẾP, mà bạn có thể ham khảo để làm đẹp diang bớp
VIVOSDEV06_079_snr20,vivos,whisper,base,20,noise,MÀ BẠN CÓ THỂ THAM KHẢO ĐỂ LÀM ĐẸP GIAN BẾP, mà bạn có thể ham khảo để làm đẹp diang bớp
VIVOSDEV06_079_snr10,vivos,whisper,base,10,music,MÀ BẠN CÓ THỂ THAM KHẢO ĐỂ LÀM ĐẸP GIAN BẾP, mà bạn có thể ham khảo để làm đẹp diang bếp
VIVOSDEV06_079_snr5,vivos,whisper,base,5,music,MÀ BẠN CÓ THỂ THAM KHẢO ĐỂ LÀM ĐẸP GIAN BẾP, mà bạn có thể ham thảo để làm đẹp diang bớp
VIVOSDEV06_079_snr0,vivos,whisper,base,0,noise,MÀ BẠN CÓ THỂ THAM KHẢO ĐỂ LÀM ĐẸP GIAN BẾP, mà bạn có thể ham kéo để làm đẹp diang bớp
VIVOSDEV04_R126_clean,vivos,whisper,base,clean,clean,TÔI KHÔNG NỠ LÀM CÔ BÉ THẤT VỌNG, Tôi không nở làm cô bé tất phòng.
VIVOSDEV04_R126_snr20,vivos,whisper,base,20,noise,TÔI KHÔNG NỠ LÀM CÔ BÉ THẤT VỌNG, Tui không nở làm cô bé tất vọng.
VIVOSDEV04_R126_snr10,vivos,whisper,base,10,noise,TÔI KHÔNG NỠ LÀM CÔ BÉ THẤT VỌNG, Tôi không nở làm cô bé tất phòng.
VIVOSDEV04_R126_snr5,vivos,whisper,base,5,noise,TÔI KHÔNG NỠ LÀM CÔ BÉ THẤT VỌNG, Từ không nở làm của bế thật cộng.
VIVOSDEV04_R126_snr0,vivos,whisper,base,0,speech,TÔI KHÔNG NỠ LÀM CÔ BÉ THẤT VỌNG, Chúng ta không nói lần chuyện của ta.
VIVOSDEV15_013_clean,vivos,whisper,base,clean,clean,CŨNG ĐỀU TRONG TƯ THẾ NGÕ NHỎ PHỐ NHỎ PHỞ TÔI Ở ĐÓ, cũng đều trong tư thế ngõ phố phối nhỏ phở tôi ở đó
VIVOSDEV15_013_snr20,vivos,whisper,base,20,speech,CŨNG ĐỀU TRONG TƯ THẾ NGÕ NHỎ PHỐ NHỎ PHỞ TÔI Ở ĐÓ," Cũng đều trong tư thế ngõ phố, phối nhỏ, phở tôi ở đó."
VIVOSDEV15_013_snr10,vivos,whisper,base,10,speech,CŨNG ĐỀU TRONG TƯ THẾ NGÕ NHỎ PHỐ NHỎ PHỞ TÔI Ở ĐÓ," Cũng đều trong tư thế nó phố, phối nhỏ, phở tôi ở đâu."
VIVOSDEV15_013_snr5,vivos,whisper,base,5,noise,CŨNG ĐỀU TRONG TƯ THẾ NGÕ NHỎ PHỐ NHỎ PHỞ TÔI Ở ĐÓ," Cũng đều trong tư thế ngõ phố, phối nhỏ, phở tôi ở đây"
VIVOSDEV15_013_snr0,vivos,whisper,base,0,music,CŨNG ĐỀU TRONG TƯ THẾ NGÕ NHỎ PHỐ NHỎ PHỞ TÔI Ở ĐÓ," Cũng đều trong tư thế, ngọt phố phối nhỏ rồi tôi ở đó."
VIVOSDEV16_059_clean,vivos,whisper,base,clean,clean,ĐỒ CỔ KHÔNG CÔNG KHAI NGUỒN GỐC PHẢI BỊ COI LÀ HÀNG GIẢ, Đồ cổ không có khăn khăn ngụ ngấp phải bị coi là hành giả.
VIVOSDEV16_059_snr20,vivos,whisper,base,20,music,ĐỒ CỔ KHÔNG CÔNG KHAI NGUỒN GỐC PHẢI BỊ COI LÀ HÀNG GIẢ, Đồ cổ không có khăn khăn hùng gấp phải bị coi là 2 giả.
VIVOSDEV16_059_snr10,vivos,whisper,base,10,speech,ĐỒ CỔ KHÔNG CÔNG KHAI NGUỒN GỐC PHẢI BỊ COI LÀ HÀNG GIẢ, Đầu cổ không có mong cho anh muốn gấp phải bị cây loan nền giả.
VIVOSDEV16_059_snr5,vivos,whisper,base,5,noise,ĐỒ CỔ KHÔNG CÔNG KHAI NGUỒN GỐC PHẢI BỊ COI LÀ HÀNG GIẢ," Đồ cổ không có xa nguyên góc, khỏi gì có loa hành giải"
VIVOSDEV16_059_snr0,vivos,whisper,base,0,noise,ĐỒ CỔ KHÔNG CÔNG KHAI NGUỒN GỐC PHẢI BỊ COI LÀ HÀNG GIẢ," Cô không khăn khăn khăn muồn gấp, phải bị còi là hay giải"
VIVOSDEV10_245_clean,vivos,whisper,base,clean,clean,CHÍN MƯƠI SÁU CHÍN MƯƠI BẢY," 916, 917"
VIVOSDEV10_245_snr20,vivos,whisper,base,20,speech,CHÍN MƯƠI SÁU CHÍN MƯƠI BẢY, 96 97
VIVOSDEV10_245_snr10,vivos,whisper,base,10,noise,CHÍN MƯƠI SÁU CHÍN MƯƠI BẢY, 96 97
VIVOSDEV10_245_snr5,vivos,whisper,base,5,noise,CHÍN MƯƠI SÁU CHÍN MƯƠI BẢY, 96 97
VIVOSDEV10_245_snr0,vivos,whisper,base,0,speech,CHÍN MƯƠI SÁU CHÍN MƯƠI BẢY, Cái này không có thể nói được
VIVOSDEV09_077_clean,vivos,whisper,base,clean,clean,ĐỂ CÓ THỂ VẬN HÀNH CHÚNG ĐƯỢC HIỆU QUẢ HƠN, Để có thể phần hành cho chúng được hề quá hơn.
VIVOSDEV09_077_snr20,vivos,whisper,base,20,music,ĐỂ CÓ THỂ VẬN HÀNH CHÚNG ĐƯỢC HIỆU QUẢ HƠN, Đây có thể phần hành cho chúng được hề quá hơn.
VIVOSDEV09_077_snr10,vivos,whisper,base,10,speech,ĐỂ CÓ THỂ VẬN HÀNH CHÚNG ĐƯỢC HIỆU QUẢ HƠN, Đây có thể phần hành cho chúng được hiệu quả hơn.
VIVOSDEV09_077_snr5,vivos,whisper,base,5,music,ĐỂ CÓ THỂ VẬN HÀNH CHÚNG ĐƯỢC HIỆU QUẢ HƠN, Để có thể thần hành cho xung được nhiều quá hơn.
VIVOSDEV09_077_snr0,vivos,whisper,base,0,noise,ĐỂ CÓ THỂ VẬN HÀNH CHÚNG ĐƯỢC HIỆU QUẢ HƠN, Để có thể phát hạm tức tức nhiều quả
VIVOSDEV18_259_clean,vivos,whisper,base,clean,clean,MUỐN CÔNG NHẬN NGAY PHA BÓNG ẤY THÌ PHẢI SỬA LUẬT, muốn công nhận ngay phá bòng ế thì phải sửa lột.
VIVOSDEV18_259_snr20,vivos,whisper,base,20,noise,MUỐN CÔNG NHẬN NGAY PHA BÓNG ẤY THÌ PHẢI SỬA LUẬT, muốn công nhận ngay pháp bòng ấy thì phải sữa lột.
VIVOSDEV18_259_snr10,vivos,whisper,base,10,music,MUỐN CÔNG NHẬN NGAY PHA BÓNG ẤY THÌ PHẢI SỬA LUẬT, Mỗi công nhận ngay phá bòng ấy thì phải sửa luật.
VIVOSDEV18_259_snr5,vivos,whisper,base,5,noise,MUỐN CÔNG NHẬN NGAY PHA BÓNG ẤY THÌ PHẢI SỬA LUẬT, muốn công nhận ngay phá bòng ấy thì phải sửa lột
VIVOSDEV18_259_snr0,vivos,whisper,base,0,music,MUỐN CÔNG NHẬN NGAY PHA BÓNG ẤY THÌ PHẢI SỬA LUẬT, Nóng công nhận ngay phá bòng hấy thì phải sửa lột.
VIVOSDEV06_248_clean,vivos,whisper,base,clean,clean,MỘT BA NĂM BẢY CHÍN, 1 3 5 7 9
VIVOSDEV06_248_snr20,vivos,whisper,base,20,speech,MỘT BA NĂM BẢY CHÍN," 1, 3, 5, 7, 9"
VIVOSDEV06_248_snr10,vivos,whisper,base,10,speech,MỘT BA NĂM BẢY CHÍN, Ngọc 3 năm 79
VIVOSDEV06_248_snr5,vivos,whisper,base,5,speech,MỘT BA NĂM BẢY CHÍN, Một ba nằm 7 chín
VIVOSDEV06_248_snr0,vivos,whisper,base,0,speech,MỘT BA NĂM BẢY CHÍN," Một bàn, bàn, bàn, bàn, bàn, bàn, bàn, bàn, bàn, bàn, bàn, bàn, bàn, bàn, bàn, bàn, bàn, bàn, bàn, bàn, bàn, bàn, bàn, bàn, bàn, bàn, bàn, bàn, bàn, bàn, bàn, bàn, bàn, bàn, bàn, bàn, bàn, bàn, bàn, bàn, bàn, bàn,"
VIVOSDEV05_231_clean,vivos,whisper,base,clean,clean,MỚI ĐÂY NHẤT LÀ CÁC TIỂU VƯƠNG QUỐC Ả RẬP THỐNG NHẤT, Mới đây nhất là các tiểu vương quốc át rập thống nhất.
VIVOSDEV05_231_snr20,vivos,whisper,base,20,music,MỚI ĐÂY NHẤT LÀ CÁC TIỂU VƯƠNG QUỐC Ả RẬP THỐNG NHẤT, Mới đây nhất là các tiểu vương quốc át rập thống nhất.
VIVOSDEV05_231_snr10,vivos,whisper,base,10,noise,MỚI ĐÂY NHẤT LÀ CÁC TIỂU VƯƠNG QUỐC Ả RẬP THỐNG NHẤT, Mới đây nhất là các tíu quân quốc áp lập thông nhất.
VIVOSDEV05_231_snr5,vivos,whisper,base,5,speech,MỚI ĐÂY NHẤT LÀ CÁC TIỂU VƯƠNG QUỐC Ả RẬP THỐNG NHẤT, Mới đây nhất là các video bên quốc árap thống nhất.
VIVOSDEV05_231_snr0,vivos,whisper,base,0,music,MỚI ĐÂY NHẤT LÀ CÁC TIỂU VƯƠNG QUỐC Ả RẬP THỐNG NHẤT, Mới đêm nhất là các tử vương quốc áp lập thống nhất.
VIVOSDEV05_120_clean,vivos,whisper,base,clean,clean,NHƯNG MÙI HÔI VẪN XỘC VÀO TẬN ÓC, Nhưng mùi hôi vẫn sọc vào tận áp.
VIVOSDEV05_120_snr20,vivos,whisper,base,20,speech,NHƯNG MÙI HÔI VẪN XỘC VÀO TẬN ÓC, Nhưng mùi hơi vẫn sọc vào tặng áp.
VIVOSDEV05_120_snr10,vivos,whisper,base,10,noise,NHƯNG MÙI HÔI VẪN XỘC VÀO TẬN ÓC, Nhưng mùi hôi vẫn sọc vào tặng áp.
VIVOSDEV05_120_snr5,vivos,whisper,base,5,speech,NHƯNG MÙI HÔI VẪN XỘC VÀO TẬN ÓC, Nhưng mùi hơi vẫn sắp vào tặng áp.
VIVOSDEV05_120_snr0,vivos,whisper,base,0,music,NHƯNG MÙI HÔI VẪN XỘC VÀO TẬN ÓC, Nhưng người hơi vẫn sọc vào lại nào
VIVOSDEV16_064_clean,vivos,whisper,base,clean,clean,TỪNG LÀ CHỦ TẾ HÀNG TRĂM LỄ AN TÁNG MỘ GIÓ, Từng là chủ tế hành trăm lại anh tán mộ gió.
VIVOSDEV16_064_snr20,vivos,whisper,base,20,noise,TỪNG LÀ CHỦ TẾ HÀNG TRĂM LỄ AN TÁNG MỘ GIÓ, Từng là chủ tế anh trăm lại anh tán mộ gió.
VIVOSDEV16_064_snr10,vivos,whisper,base,10,noise,TỪNG LÀ CHỦ TẾ HÀNG TRĂM LỄ AN TÁNG MỘ GIÓ, Từng là chủ tế hàng trăm lại ăn tán mộ gió
VIVOSDEV16_064_snr5,vivos,whisper,base,5,noise,TỪNG LÀ CHỦ TẾ HÀNG TRĂM LỄ AN TÁNG MỘ GIÓ, Tên là chủ tế hàng trăm lệ anh tãnh mùi gió.
VIVOSDEV16_064_snr0,vivos,whisper,base,0,speech,TỪNG LÀ CHỦ TẾ HÀNG TRĂM LỄ AN TÁNG MỘ GIÓ, Tâm là chú tế hoàn chất mẹ anh tắt mọi gió.
VIVOSDEV08_180_clean,vivos,whisper,base,clean,clean,CHÍNH SỰ LÊN SÀN Ồ ẠT ĐÓ," Chính xử lên sàng, ôa ạc đó."
VIVOSDEV08_180_snr20,vivos,whisper,base,20,noise,CHÍNH SỰ LÊN SÀN Ồ ẠT ĐÓ, Chính chứ lên sàng ôa ạc đó
VIVOSDEV08_180_snr10,vivos,whisper,base,10,music,CHÍNH SỰ LÊN SÀN Ồ ẠT ĐÓ," Chính xử lên sàng, ôa ạc đó"
VIVOSDEV08_180_snr5,vivos,whisper,base,5,noise,CHÍNH SỰ LÊN SÀN Ồ ẠT ĐÓ, Chính trở lên trang all at the heart
VIVOSDEV08_180_snr0,vivos,whisper,base,0,noise,CHÍNH SỰ LÊN SÀN Ồ ẠT ĐÓ, Chính trở lên trên All Art No
VIVOSDEV08_222_clean,vivos,whisper,base,clean,clean,NĂM MƯƠI NĂM MƯƠI MỐT," 50, 51"
VIVOSDEV08_222_snr20,vivos,whisper,base,20,music,NĂM MƯƠI NĂM MƯƠI MỐT," 50, 51"
VIVOSDEV08_222_snr10,vivos,whisper,base,10,speech,NĂM MƯƠI NĂM MƯƠI MỐT," Năm mời, năm mây vợp"
VIVOSDEV08_222_snr5,vivos,whisper,base,5,music,NĂM MƯƠI NĂM MƯƠI MỐT," 50, 51"
VIVOSDEV08_222_snr0,vivos,whisper,base,0,noise,NĂM MƯƠI NĂM MƯƠI MỐT," 50, 51"
VIVOSDEV09_039_clean,vivos,whisper,base,clean,clean,THỊT NGỌT LỪ ẤY LẠI MANG THEO TRÙNG SÁN GÂY BỆNH, Thật ngọt lươi lại mang chung xã ngay bệnh.
VIVOSDEV09_039_snr20,vivos,whisper,base,20,music,THỊT NGỌT LỪ ẤY LẠI MANG THEO TRÙNG SÁN GÂY BỆNH, Thật ngọt lưỡi lại mang chung sáng ngày bệnh.
VIVOSDEV09_039_snr10,vivos,whisper,base,10,noise,THỊT NGỌT LỪ ẤY LẠI MANG THEO TRÙNG SÁN GÂY BỆNH, thật ngọt lươi lấy lạc mang chồng chán ngay bệnh
VIVOSDEV09_039_snr5,vivos,whisper,base,5,speech,THỊT NGỌT LỪ ẤY LẠI MANG THEO TRÙNG SÁN GÂY BỆNH, Lần xin ngọt lưới lại mắt chung xáng ngày bệnh.
VIVOSDEV09_039_snr0,vivos,whisper,base,0,music,THỊT NGỌT LỪ ẤY LẠI MANG THEO TRÙNG SÁN GÂY BỆNH, thật gọc lưỡi làm mang chung sáng đây bình
VIVOSDEV02_R069_clean,vivos,whisper,base,clean,clean,LÀM ĐẸP KHÔNG ĐÚNG CÁCH, Nằm đẹp không tướng cách.
VIVOSDEV02_R069_snr20,vivos,whisper,base,20,noise,LÀM ĐẸP KHÔNG ĐÚNG CÁCH, Nằm đẹp không tướm cách.
VIVOSDEV02_R069_snr10,vivos,whisper,base,10,music,LÀM ĐẸP KHÔNG ĐÚNG CÁCH, Nằm đẹp không tướm cách.
VIVOSDEV02_R069_snr5,vivos,whisper,base,5,noise,LÀM ĐẸP KHÔNG ĐÚNG CÁCH, Nằm đẹp phong tướng cách
VIVOSDEV02_R069_snr0,vivos,whisper,base,0,speech,LÀM ĐẸP KHÔNG ĐÚNG CÁCH, Nằm đẹp khóng tâm cắt.
VIVOSDEV16_153_clean,vivos,whisper,base,clean,clean,CẢ ĐỜI CHƯA BAO GIỜ TÔI CÓ CẢM GIÁC SUNG SƯỚNG NHƯ VẬY, Cả đời chưa bao giờ tôi có cảm giác xung xuống như vậy.
VIVOSDEV16_153_snr20,vivos,whisper,base,20,music,CẢ ĐỜI CHƯA BAO GIỜ TÔI CÓ CẢM GIÁC SUNG SƯỚNG NHƯ VẬY, Cả đời chưa bao giờ tôi có cảm giác xung xuống như vậy.
VIVOSDEV16_153_snr10,vivos,whisper,base,10,music,CẢ ĐỜI CHƯA BAO GIỜ TÔI CÓ CẢM GIÁC SUNG SƯỚNG NHƯ VẬY," Cả đời chưa bao giờ, tôi có cảm giác xung xuống như vậy."
VIVOSDEV16_153_snr5,vivos,whisper,base,5,music,CẢ ĐỜI CHƯA BAO GIỜ TÔI CÓ CẢM GIÁC SUNG SƯỚNG NHƯ VẬY, Cả đời chưa bao giờ tôi có cảm giác sống xuống như vậy.
VIVOSDEV16_153_snr0,vivos,whisper,base,0,speech,CẢ ĐỜI CHƯA BAO GIỜ TÔI CÓ CẢM GIÁC SUNG SƯỚNG NHƯ VẬY, Cá đời chú bò dồ tốt có cảm giác sẽ chơi với anh
VIVOSDEV09_280_clean,vivos,whisper,base,clean,clean,XUÂN NÀY EM KHÔNG VỀ, xuống này em hông vầy
VIVOSDEV09_280_snr20,vivos,whisper,base,20,noise,XUÂN NÀY EM KHÔNG VỀ, xuống này em hông vầy
VIVOSDEV09_280_snr10,vivos,whisper,base,10,noise,XUÂN NÀY EM KHÔNG VỀ, Chúng này em hôm bởi.
VIVOSDEV09_280_snr5,vivos,whisper,base,5,speech,XUÂN NÀY EM KHÔNG VỀ, I will show you the result of this video.
VIVOSDEV09_280_snr0,vivos,whisper,base,0,speech,XUÂN NÀY EM KHÔNG VỀ, Đóng mấy em hong vầy.
VIVOSDEV13_211_clean,vivos,whisper,base,clean,clean,KHÔNG NẢN NGHĨA TIN RẰNG SẼ CÓ MỘT GIẢI PHÁP NÀO ĐÓ, không nãy nghĩ tin ràng sẽ có 1 dễ phát nào đâu
VIVOSDEV13_211_snr20,vivos,whisper,base,20,noise,KHÔNG NẢN NGHĨA TIN RẰNG SẼ CÓ MỘT GIẢI PHÁP NÀO ĐÓ, Không nãy nghĩ tin rằng sẽ có một giải phát nào đó.
VIVOSDEV13_211_snr10,vivos,whisper,base,10,noise,KHÔNG NẢN NGHĨA TIN RẰNG SẼ CÓ MỘT GIẢI PHÁP NÀO ĐÓ, Không nãy nghĩ tin ràng sẽ có một giải pháp nào đâu.
VIVOSDEV13_211_snr5,vivos,whisper,base,5,noise,KHÔNG NẢN NGHĨA TIN RẰNG SẼ CÓ MỘT GIẢI PHÁP NÀO ĐÓ, không nãy nghĩ tin rằng sẽ có 1 dễ phát nào đâu
VIVOSDEV13_211_snr0,vivos,whisper,base,0,music,KHÔNG NẢN NGHĨA TIN RẰNG SẼ CÓ MỘT GIẢI PHÁP NÀO ĐÓ, Không nạn nghĩ tin ràng sẽ có một giải pháp nào đâu.
VIVOSDEV10_262_clean,vivos,whisper,base,clean,clean,THUA XA TIỆM TẠP HOÁ NHÀ TAO," Hô cha, kiểm cả khoáng nhà cao"
VIVOSDEV10_262_snr20,vivos,whisper,base,20,music,THUA XA TIỆM TẠP HOÁ NHÀ TAO," Hủ cha, tìm gặp hoáng nhà cao."
VIVOSDEV10_262_snr10,vivos,whisper,base,10,noise,THUA XA TIỆM TẠP HOÁ NHÀ TAO," Hô cha, kiểm gặp khoáng nhà cao."
VIVOSDEV10_262_snr5,vivos,whisper,base,5,noise,THUA XA TIỆM TẠP HOÁ NHÀ TAO," hủ cha, kiểm gặp hoáng nhà cao"
VIVOSDEV10_262_snr0,vivos,whisper,base,0,noise,THUA XA TIỆM TẠP HOÁ NHÀ TAO," hư cha, đềm gặp hoang nhà cao"
VIVOSDEV18_102_clean,vivos,whisper,base,clean,clean,CẢ NGÀY TRỜI KHÔNG NẮNG GIÓ LẠNH NÊN THƯA VẮNG DU KHÁCH, Ngày trời không nóng gió lại nền tưa vắng du khách.
VIVOSDEV18_102_snr20,vivos,whisper,base,20,music,CẢ NGÀY TRỜI KHÔNG NẮNG GIÓ LẠNH NÊN THƯA VẮNG DU KHÁCH, Ngày trời không nóng gió lại nên tưa vắng du khách.
VIVOSDEV18_102_snr10,vivos,whisper,base,10,noise,CẢ NGÀY TRỜI KHÔNG NẮNG GIÓ LẠNH NÊN THƯA VẮNG DU KHÁCH, Ngày trời không nắng gió lại nên tưa vắng chú khách
VIVOSDEV18_102_snr5,vivos,whisper,base,5,music,CẢ NGÀY TRỜI KHÔNG NẮNG GIÓ LẠNH NÊN THƯA VẮNG DU KHÁCH, Này trời không nắng gió lại mên ưa vắng chú khách.
VIVOSDEV18_102_snr0,vivos,whisper,base,0,music,CẢ NGÀY TRỜI KHÔNG NẮNG GIÓ LẠNH NÊN THƯA VẮNG DU KHÁCH, Ngày trời chung nắng gió lạnh nên thưa phản chương khắc
VIVOSDEV08_274_clean,vivos,whisper,base,clean,clean,TÔI CHẾT CÙNG VỚI ÁNH TRĂNG, Tôi chết cùng với Anh Trang.
VIVOSDEV08_274_snr20,vivos,whisper,base,20,music,TÔI CHẾT CÙNG VỚI ÁNH TRĂNG, Tôi chết cùng với Anh Trang.
VIVOSDEV08_274_snr10,vivos,whisper,base,10,speech,TÔI CHẾT CÙNG VỚI ÁNH TRĂNG," Đói chết, con bòi nơi thang"
VIVOSDEV08_274_snr5,vivos,whisper,base,5,speech,TÔI CHẾT CÙNG VỚI ÁNH TRĂNG," Đói đất, cậu có bòi năng"
VIVOSDEV08_274_snr0,vivos,whisper,base,0,speech,TÔI CHẾT CÙNG VỚI ÁNH TRĂNG," Nói đất không, có thể"
VIVOSDEV06_054_clean,vivos,whisper,base,clean,clean,DÙ LÀ ĐẬU SỨC MẠNH HOẶC CẢI BÔNG KHỦNG LONG, Dù là đau sức mạnh học kể bông khủng lông.
VIVOSDEV06_054_snr20,vivos,whisper,base,20,speech,DÙ LÀ ĐẬU SỨC MẠNH HOẶC CẢI BÔNG KHỦNG LONG, Dù là đau sức mạnh hoặc kể bông khủng lông.
VIVOSDEV06_054_snr10,vivos,whisper,base,10,music,DÙ LÀ ĐẬU SỨC MẠNH HOẶC CẢI BÔNG KHỦNG LONG, Dù là đau sức mạnh học kể bông khủng lông.
VIVOSDEV06_054_snr5,vivos,whisper,base,5,noise,DÙ LÀ ĐẬU SỨC MẠNH HOẶC CẢI BÔNG KHỦNG LONG, Dù là đau sức mạnh hoặc cái bông phủng lông.
VIVOSDEV06_054_snr0,vivos,whisper,base,0,speech,DÙ LÀ ĐẬU SỨC MẠNH HOẶC CẢI BÔNG KHỦNG LONG, Chúng ta sẽ hãy đau sức mình họt kẻ bông cũng lòng.
VIVOSDEV04_T035_clean,vivos,whisper,base,clean,clean,ANH KHEN EM ĐẸP EM CHÊ ANH GIÀ," Anh khang em đẹp, em chia anh già"
VIVOSDEV04_T035_snr20,vivos,whisper,base,20,noise,ANH KHEN EM ĐẸP EM CHÊ ANH GIÀ," Anh kháng em đẹp, em chia anh già"
VIVOSDEV04_T035_snr10,vivos,whisper,base,10,noise,ANH KHEN EM ĐẸP EM CHÊ ANH GIÀ," Anh kháng em đẹp, em chia anh già"
VIVOSDEV04_T035_snr5,vivos,whisper,base,5,speech,ANH KHEN EM ĐẸP EM CHÊ ANH GIÀ, Cái này là bây giờ thì sẽ bây giờ
VIVOSDEV04_T035_snr0,vivos,whisper,base,0,speech,ANH KHEN EM ĐẸP EM CHÊ ANH GIÀ, và
VIVOSDEV10_156_clean,vivos,whisper,base,clean,clean,CHÍNH PHỦ ĐỒNG THỜI CŨNG LẬP THÊM CỤC XÚC TIẾN TIÊU THỤ DẦU CỌ, Chính phủ âm hai cũng nặp hêm cổ sức kên kêu hộ vô cỏ.
VIVOSDEV10_156_snr20,vivos,whisper,base,20,noise,CHÍNH PHỦ ĐỒNG THỜI CŨNG LẬP THÊM CỤC XÚC TIẾN TIÊU THỤ DẦU CỌ," Chính phủ âm hai cũng nặp hêm cụ sức kênh, kêu hộ vô cả."
VIVOSDEV10_156_snr10,vivos,whisper,base,10,music,CHÍNH PHỦ ĐỒNG THỜI CŨNG LẬP THÊM CỤC XÚC TIẾN TIÊU THỤ DẦU CỌ, Chính phủ âm thay cũng nặp em còn súc tiếng kêu hổ vô tỏ.
VIVOSDEV10_156_snr5,vivos,whisper,base,5,speech,CHÍNH PHỦ ĐỒNG THỜI CŨNG LẬP THÊM CỤC XÚC TIẾN TIÊU THỤ DẦU CỌ, Chính phủ ám hài cũng nhận hề mẹ và gục sống kênh.
VIVOSDEV10_156_snr0,vivos,whisper,base,0,music,CHÍNH PHỦ ĐỒNG THỜI CŨNG LẬP THÊM CỤC XÚC TIẾN TIÊU THỤ DẦU CỌ," Chính cổ âm hài, cũng nhận hề mặt, cũng sốt kênh, giao hấu, dầu càng."
VIVOSDEV02_R149_clean,vivos,whisper,base,clean,clean,CHÚNG CỨ CỐ LÙI LẠI MẶC DÙ VƯỚNG VÍU GÔNG XIỀNG, Chúng cứ có lùi lại mặt dù buống phí ước công trình.
VIVOSDEV02_R149_snr20,vivos,whisper,base,20,speech,CHÚNG CỨ CỐ LÙI LẠI MẶC DÙ VƯỚNG VÍU GÔNG XIỀNG, Trong cứ có lội lại mặt dồ buống phí ước công truyền.
VIVOSDEV02_R149_snr10,vivos,whisper,base,10,music,CHÚNG CỨ CỐ LÙI LẠI MẶC DÙ VƯỚNG VÍU GÔNG XIỀNG, Trong cứ có lùi lại mặt dầu quý phí ước công trình.
VIVOSDEV02_R149_snr5,vivos,whisper,base,5,speech,CHÚNG CỨ CỐ LÙI LẠI MẶC DÙ VƯỚNG VÍU GÔNG XIỀNG, Trong cứ có lùi lại mặt dù buông phíu gong triền.
VIVOSDEV02_R149_snr0,vivos,whisper,base,0,music,CHÚNG CỨ CỐ LÙI LẠI MẶC DÙ VƯỚNG VÍU GÔNG XIỀNG, Chúng cứ cố lỗi lại mặt trở phương phí áu trong chuyện.
VIVOSDEV13_258_clean,vivos,whisper,base,clean,clean,BẠN CẦN TRUNG THỰC VỚI NHÂN VIÊN CỦA MÌNH TRONG MỌI HOÀN CẢNH, Bạn cần chung thực với nhân viên của mình trong mọi hành
VIVOSDEV13_258_snr20,vivos,whisper,base,20,music,BẠN CẦN TRUNG THỰC VỚI NHÂN VIÊN CỦA MÌNH TRONG MỌI HOÀN CẢNH, Bạn cần trung thật với nhân viên của mình trong mọi hành
VIVOSDEV13_258_snr10,vivos,whisper,base,10,music,BẠN CẦN TRUNG THỰC VỚI NHÂN VIÊN CỦA MÌNH TRONG MỌI HOÀN CẢNH, Bạn cần chung thật với nhân viên của mình trong mọi hành
VIVOSDEV13_258_snr5,vivos,whisper,base,5,speech,BẠN CẦN TRUNG THỰC VỚI NHÂN VIÊN CỦA MÌNH TRONG MỌI HOÀN CẢNH, Bạn cần chung thật với nhân viên của mình trong hoại hình.
VIVOSDEV13_258_snr0,vivos,whisper,base,0,noise,BẠN CẦN TRUNG THỰC VỚI NHÂN VIÊN CỦA MÌNH TRONG MỌI HOÀN CẢNH, Bạn cầm chuyên hợp với nhân vui của mình chắc mọi hình
VIVOSDEV12_224_clean,vivos,whisper,base,clean,clean,NĂM MƯƠI BỐN NĂM MƯƠI LĂM," 15, 15"
VIVOSDEV12_224_snr20,vivos,whisper,base,20,noise,NĂM MƯƠI BỐN NĂM MƯƠI LĂM, 50.15
VIVOSDEV12_224_snr10,vivos,whisper,base,10,speech,NĂM MƯƠI BỐN NĂM MƯƠI LĂM," Năm môi bó, năm môi lắm."
VIVOSDEV12_224_snr5,vivos,whisper,base,5,music,NĂM MƯƠI BỐN NĂM MƯƠI LĂM," 504, 55"
VIVOSDEV12_224_snr0,vivos,whisper,base,0,noise,NĂM MƯƠI BỐN NĂM MƯƠI LĂM, 15 bóng 15 lắm
VIVOSDEV08_085_clean,vivos,whisper,base,clean,clean,VIỆC ĐƯA TÍN HIỆU TRUYỀN HÌNH TRỰC TIẾP BẰNG HỆ THỐNG CÁP QUANG, Về cơ tính hiệu truyền hình trực tiếp bằng hệ thống cấp quanh.
VIVOSDEV08_085_snr20,vivos,whisper,base,20,noise,VIỆC ĐƯA TÍN HIỆU TRUYỀN HÌNH TRỰC TIẾP BẰNG HỆ THỐNG CÁP QUANG, Về cơ tính hiệu truyền hình trực tiếp bằng hệ thống cấp quanh.
VIVOSDEV08_085_snr10,vivos,whisper,base,10,noise,VIỆC ĐƯA TÍN HIỆU TRUYỀN HÌNH TRỰC TIẾP BẰNG HỆ THỐNG CÁP QUANG, Về cơ tính hiệu truyền hình trực tiếp bằng hệ thống cấp quang.
VIVOSDEV08_085_snr5,vivos,whisper,base,5,music,VIỆC ĐƯA TÍN HIỆU TRUYỀN HÌNH TRỰC TIẾP BẰNG HỆ THỐNG CÁP QUANG, Về cơ tính hiệu trên hình trình tiếp bằng hệ thống cắp quang.
VIVOSDEV08_085_snr0,vivos,whisper,base,0,noise,VIỆC ĐƯA TÍN HIỆU TRUYỀN HÌNH TRỰC TIẾP BẰNG HỆ THỐNG CÁP QUANG, Về cơ tính hiệu truyền hình trực tiếp bằng hệ thống cắp quang.
VIVOSDEV19_091_clean,vivos,whisper,base,clean,clean,SỐ ĐƠN VỊ THAM GIA HỘI CHỢ VIỆC LÀM TĂNG ĐÁNG KỂ QUA CÁC NĂM, Số đồng vậy thăm dê hỏi chở việc làm tanh đáng kể quay các năm.
VIVOSDEV19_091_snr20,vivos,whisper,base,20,noise,SỐ ĐƠN VỊ THAM GIA HỘI CHỢ VIỆC LÀM TĂNG ĐÁNG KỂ QUA CÁC NĂM, Số đồng vậy thăm dê hỏi chở việc làm tanh đáng kể quê các năm.
VIVOSDEV19_091_snr10,vivos,whisper,base,10,speech,SỐ ĐƠN VỊ THAM GIA HỘI CHỢ VIỆC LÀM TĂNG ĐÁNG KỂ QUA CÁC NĂM," Tố đồng bởi xam gia hỏi trở việc làm tăng đánh kế, quay các năm."
VIVOSDEV19_091_snr5,vivos,whisper,base,5,music,SỐ ĐƠN VỊ THAM GIA HỘI CHỢ VIỆC LÀM TĂNG ĐÁNG KỂ QUA CÁC NĂM, Cô đăng vầy thăm dê hỏi chở việc làm tăng đánh kế. Quê các năm.
VIVOSDEV19_091_snr0,vivos,whisper,base,0,noise,SỐ ĐƠN VỊ THAM GIA HỘI CHỢ VIỆC LÀM TĂNG ĐÁNG KỂ QUA CÁC NĂM, Chúa đăng vợi thân vê hỏi trở việc làm phanh đá tế quà các năm
VIVOSDEV09_055_clean,vivos,whisper,base,clean,clean,RỒI RƠM RẠ KHÔ THEO THÂN HÌNH GẦY NGẲNG, Rồi vâng đã khô theo thân hình nghị dạng nhá.
VIVOSDEV09_055_snr20,vivos,whisper,base,20,music,RỒI RƠM RẠ KHÔ THEO THÂN HÌNH GẦY NGẲNG, Rồi gương đã khô thay ông thân hình nghị vậy nhá
VIVOSDEV09_055_snr10,vivos,whisper,base,10,music,RỒI RƠM RẠ KHÔ THEO THÂN HÌNH GẦY NGẲNG, Rồi vâng đã khô theo thân hình gây nhận
VIVOSDEV09_055_snr5,vivos,whisper,base,5,music,RỒI RƠM RẠ KHÔ THEO THÂN HÌNH GẦY NGẲNG, Rồi gần rã khô thêm thân hình dị nhạc nhạc.
VIVOSDEV09_055_snr0,vivos,whisper,base,0,music,RỒI RƠM RẠ KHÔ THEO THÂN HÌNH GẦY NGẲNG, Rồi gốc đã khô theo thân hình dậy nữa
VIVOSDEV14_086_clean,vivos,whisper,base,clean,clean,EM SỢ MẤT ANH ẤY NHƯNG LẠI CẢM THẤY MÌNH BỊ XÚC PHẠM, Em sợ mất ăn ấy nhưng lại cảnh thêm mình bị xúc phạm
VIVOSDEV14_086_snr20,vivos,whisper,base,20,music,EM SỢ MẤT ANH ẤY NHƯNG LẠI CẢM THẤY MÌNH BỊ XÚC PHẠM, Em sợ mất ăn ấy nhưng lại cảm thấy mình bị xúc phạm.
VIVOSDEV14_086_snr10,vivos,whisper,base,10,speech,EM SỢ MẤT ANH ẤY NHƯNG LẠI CẢM THẤY MÌNH BỊ XÚC PHẠM, Em sở mất anh ấy nhưng lại cảnh hãy mình bây sức phạm.
VIVOSDEV14_086_snr5,vivos,whisper,base,5,music,EM SỢ MẤT ANH ẤY NHƯNG LẠI CẢM THẤY MÌNH BỊ XÚC PHẠM, Em sẽ mất ăn ấy nhưng là cản em mình bị sốt phản
VIVOSDEV14_086_snr0,vivos,whisper,base,0,noise,EM SỢ MẤT ANH ẤY NHƯNG LẠI CẢM THẤY MÌNH BỊ XÚC PHẠM, Em giả mất ăn ấy nhưng lại cảnh thêm mình bây xúc phản
VIVOSDEV15_255_clean,vivos,whisper,base,clean,clean,CÔNG NHÂN ĐANG THI CÔNG HAI NHÁNH CẦU RẠCH CHIẾC ẢNH THUẬN THẮNG," Cô nhân đang thay công 2 nhánh, cầu rách trước, ảnh thuận thống."
VIVOSDEV15_255_snr20,vivos,whisper,base,20,music,CÔNG NHÂN ĐANG THI CÔNG HAI NHÁNH CẦU RẠCH CHIẾC ẢNH THUẬN THẮNG," Cô nhân đang thay công 2 nhánh, cầu rạch trước ảnh thuận tháng."
VIVOSDEV15_255_snr10,vivos,whisper,base,10,music,CÔNG NHÂN ĐANG THI CÔNG HAI NHÁNH CẦU RẠCH CHIẾC ẢNH THUẬN THẮNG," Công nhân đang kê công 2 nhánh, cầu rai trước ảnh thuận thắng."
VIVOSDEV15_255_snr5,vivos,whisper,base,5,noise,CÔNG NHÂN ĐANG THI CÔNG HAI NHÁNH CẦU RẠCH CHIẾC ẢNH THUẬN THẮNG," Cô nhân đang ti công 2 nhánh, cầu rời trước ảnh thuận thống."
VIVOSDEV15_255_snr0,vivos,whisper,base,0,noise,CÔNG NHÂN ĐANG THI CÔNG HAI NHÁNH CẦU RẠCH CHIẾC ẢNH THUẬN THẮNG," Cô nhân đang thay công 2 nhánh, cầu rời trước ảnh thuận tháng."
VIVOSDEV19_158_clean,vivos,whisper,base,clean,clean,NHỮNG NGƯỜI TRẺ ẤY THẬT ĐÁNG PHÊ PHÁN ĐÁNG LÊN ÁN, Những người chế ai thậm đáng phê và án đáng lên án.
VIVOSDEV19_158_snr20,vivos,whisper,base,20,noise,NHỮNG NGƯỜI TRẺ ẤY THẬT ĐÁNG PHÊ PHÁN ĐÁNG LÊN ÁN, Những người chế ai thậm đáng phê phán đang lên án.
VIVOSDEV19_158_snr10,vivos,whisper,base,10,music,NHỮNG NGƯỜI TRẺ ẤY THẬT ĐÁNG PHÊ PHÁN ĐÁNG LÊN ÁN, Những người chế ai tập đáng về phán đang lên ăn.
VIVOSDEV19_158_snr5,vivos,whisper,base,5,noise,NHỮNG NGƯỜI TRẺ ẤY THẬT ĐÁNG PHÊ PHÁN ĐÁNG LÊN ÁN," Những người chế ai thậm đáng phê phán, đáng lên ăn."
VIVOSDEV19_158_snr0,vivos,whisper,base,0,music,NHỮNG NGƯỜI TRẺ ẤY THẬT ĐÁNG PHÊ PHÁN ĐÁNG LÊN ÁN, Những người chỉ ấy thật đáng phê và đang lên ăn.
VIVOSDEV09_268_clean,vivos,whisper,base,clean,clean,THÚ THẬT TUI CHƯA TỪNG CHƠI GÁI, Thú thật tôi chưa tận chơi giá
VIVOSDEV09_268_snr20,vivos,whisper,base,20,noise,THÚ THẬT TUI CHƯA TỪNG CHƠI GÁI, Thú thật tôi chưa tận chơi giá
VIVOSDEV09_268_snr10,vivos,whisper,base,10,speech,THÚ THẬT TUI CHƯA TỪNG CHƠI GÁI, Thú tập tổ chua từng dây ai.
VIVOSDEV09_268_snr5,vivos,whisper,base,5,music,THÚ THẬT TUI CHƯA TỪNG CHƠI GÁI, Chú tập tùi chứ từng chơi giá
VIVOSDEV09_268_snr0,vivos,whisper,base,0,noise,THÚ THẬT TUI CHƯA TỪNG CHƠI GÁI, Thủ tạp tôi chưa tầng về ai?
VIVOSDEV04_R063_clean,vivos,whisper,base,clean,clean,CHÁU SỐT NÊN RẸO RỌC SUỐT ĐÊM, Cháo sóc nền rèo rọc xuất đêm.
VIVOSDEV04_R063_snr20,vivos,whisper,base,20,speech,CHÁU SỐT NÊN RẸO RỌC SUỐT ĐÊM, Cháo sốc nâng rèo rọng suốt đêm.
VIVOSDEV04_R063_snr10,vivos,whisper,base,10,noise,CHÁU SỐT NÊN RẸO RỌC SUỐT ĐÊM, Cháo sốc nên rèo rọc xuất đêm.
VIVOSDEV04_R063_snr5,vivos,whisper,base,5,noise,CHÁU SỐT NÊN RẸO RỌC SUỐT ĐÊM, Cháo sốt nên rèo rọng xuất đêm.
VIVOSDEV04_R063_snr0,vivos,whisper,base,0,noise,CHÁU SỐT NÊN RẸO RỌC SUỐT ĐÊM," Cháo sốt, nền, rộng, xuất đêm."
VIVOSDEV12_186_clean,vivos,whisper,base,clean,clean,TIẾNG HÉT ĐỒNG THANH CỦA MẤY CHỤC CON NGƯỜI, tiếng hết đồng thân của máy chục con người.
VIVOSDEV12_186_snr20,vivos,whisper,base,20,music,TIẾNG HÉT ĐỒNG THANH CỦA MẤY CHỤC CON NGƯỜI, Tiến hết đồng thân của máy chục con người.
VIVOSDEV12_186_snr10,vivos,whisper,base,10,music,TIẾNG HÉT ĐỒNG THANH CỦA MẤY CHỤC CON NGƯỜI, Tuyên hết đồng thần của máy chục con người.
VIVOSDEV12_186_snr5,vivos,whisper,base,5,noise,TIẾNG HÉT ĐỒNG THANH CỦA MẤY CHỤC CON NGƯỜI, Tuyên hết đồng thân của máy chục tôn đổi.
VIVOSDEV12_186_snr0,vivos,whisper,base,0,noise,TIẾNG HÉT ĐỒNG THANH CỦA MẤY CHỤC CON NGƯỜI, Tiến hết đồng thân của mấy chục con người.
VIVOSDEV05_270_clean,vivos,whisper,base,clean,clean,CHƯA RỤC RỊCH GÌ, Tưa Rộp RETA
VIVOSDEV05_270_snr20,vivos,whisper,base,20,music,CHƯA RỤC RỊCH GÌ, Chưa rộp rất kì
VIVOSDEV05_270_snr10,vivos,whisper,base,10,noise,CHƯA RỤC RỊCH GÌ, Chưa Rộp Red Key
VIVOSDEV05_270_snr5,vivos,whisper,base,5,noise,CHƯA RỤC RỊCH GÌ, Chưa Rộp Rất K
VIVOSDEV05_270_snr0,vivos,whisper,base,0,noise,CHƯA RỤC RỊCH GÌ," Được rồi, được rồi."
VIVOSDEV15_265_clean,vivos,whisper,base,clean,clean,HỌ KHÔNG BIẾT CHƠI PHÒNG NGỰ LÀ GÌ TRỪ KHI BỊ ĐỐI THỦ VÂY ÉP, Họ không biết chơi phòng ngựa là gì chứ khi bị đối thủ VF.
VIVOSDEV15_265_snr20,vivos,whisper,base,20,noise,HỌ KHÔNG BIẾT CHƠI PHÒNG NGỰ LÀ GÌ TRỪ KHI BỊ ĐỐI THỦ VÂY ÉP, Họ không biết chơi phòng ngựa là gì chứ khi bị đối thủ VF.
VIVOSDEV15_265_snr10,vivos,whisper,base,10,music,HỌ KHÔNG BIẾT CHƠI PHÒNG NGỰ LÀ GÌ TRỪ KHI BỊ ĐỐI THỦ VÂY ÉP, Họ không biết chơi phòng ngựa là gì chứ khi bị đối thủ VF.
VIVOSDEV15_265_snr5,vivos,whisper,base,5,music,HỌ KHÔNG BIẾT CHƠI PHÒNG NGỰ LÀ GÌ TRỪ KHI BỊ ĐỐI THỦ VÂY ÉP, Họ không biết chơi phòng ngựa là gì chứ khi bị đối tổ vây áp.
VIVOSDEV15_265_snr0,vivos,whisper,base,0,music,HỌ KHÔNG BIẾT CHƠI PHÒNG NGỰ LÀ GÌ TRỪ KHI BỊ ĐỐI THỦ VÂY ÉP, Chẳng không biết chơi phòng hợp là gì cho khi bị đối thối với em.
VIVOSDEV07_156_clean,vivos,whisper,base,clean,clean,ĐẦU TIÊN LÀ BÀ CON MÌNH VẬT VÃ LÀM ĂN, Đầu tiên là 3 con mình vận và làm ăn.
VIVOSDEV07_156_snr20,vivos,whisper,base,20,speech,ĐẦU TIÊN LÀ BÀ CON MÌNH VẬT VÃ LÀM ĂN, Đầu tiên là 3 con mình vận và làm ăn
VIVOSDEV07_156_snr10,vivos,whisper,base,10,speech,ĐẦU TIÊN LÀ BÀ CON MÌNH VẬT VÃ LÀM ĂN, Đầu tiên là bà con bình vật bà làm ăn.
VIVOSDEV07_156_snr5,vivos,whisper,base,5,music,ĐẦU TIÊN LÀ BÀ CON MÌNH VẬT VÃ LÀM ĂN, Đầu tiên là 3 con bình vận và làm ăn
VIVOSDEV07_156_snr0,vivos,whisper,base,0,speech,ĐẦU TIÊN LÀ BÀ CON MÌNH VẬT VÃ LÀM ĂN, Đầu tiên là bà con mừng bậc của An Commission.
VIVOSDEV19_167_clean,vivos,whisper,base,clean,clean,CÁC QUI ĐỊNH CỦA PHÁP LUẬT KHÔNG THỂ ĐƯỢC BAN HÀNH THEO KIỂU ĐÁNH LÉN, Các quý đỉnh của pháp luật không thể được ban hành theo kiểu tán lén.
VIVOSDEV19_167_snr20,vivos,whisper,base,20,music,CÁC QUI ĐỊNH CỦA PHÁP LUẬT KHÔNG THỂ ĐƯỢC BAN HÀNH THEO KIỂU ĐÁNH LÉN, Các quý đỉnh của thắp lộ không thể được ban hành theo kiểu tán lén.
VIVOSDEV19_167_snr10,vivos,whisper,base,10,noise,CÁC QUI ĐỊNH CỦA PHÁP LUẬT KHÔNG THỂ ĐƯỢC BAN HÀNH THEO KIỂU ĐÁNH LÉN, Các nguy đẩy của thấp lượng không thể được ban hành theo kiểu tán lén.
VIVOSDEV19_167_snr5,vivos,whisper,base,5,noise,CÁC QUI ĐỊNH CỦA PHÁP LUẬT KHÔNG THỂ ĐƯỢC BAN HÀNH THEO KIỂU ĐÁNH LÉN, Các quý đỉnh của thắp lượng không thể được ban hành theo kiểu tán lén.
VIVOSDEV19_167_snr0,vivos,whisper,base,0,music,CÁC QUI ĐỊNH CỦA PHÁP LUẬT KHÔNG THỂ ĐƯỢC BAN HÀNH THEO KIỂU ĐÁNH LÉN, Các quý đỉnh của pháp lộ không thể được bán hẳn theo kiểu đánh lấy.
VIVOSDEV11_131_clean,vivos,whisper,base,clean,clean,THÌ CHỦ ĐẦU TƯ PHẢI TỰ PHÁ DỠ PHẦN NỘI DUNG SAI PHÉP ĐÓ, Thì chủ đầu tư phải tự phá dỡ phần nổi dung sai phép đó.
VIVOSDEV11_131_snr20,vivos,whisper,base,20,music,THÌ CHỦ ĐẦU TƯ PHẢI TỰ PHÁ DỠ PHẦN NỘI DUNG SAI PHÉP ĐÓ, Thì chủ đầu tư phải tự phá dỡ phần nổi dung sai phép đó.
VIVOSDEV11_131_snr10,vivos,whisper,base,10,noise,THÌ CHỦ ĐẦU TƯ PHẢI TỰ PHÁ DỠ PHẦN NỘI DUNG SAI PHÉP ĐÓ, Thì chỗ đầu tư phải từ phá dỡ phần nổi dung sai phép đó.
VIVOSDEV11_131_snr5,vivos,whisper,base,5,speech,THÌ CHỦ ĐẦU TƯ PHẢI TỰ PHÁ DỠ PHẦN NỘI DUNG SAI PHÉP ĐÓ, Thì chủ đầu tư phải tự phá dỡ phần nội dung sai phép đó.
VIVOSDEV11_131_snr0,vivos,whisper,base,0,noise,THÌ CHỦ ĐẦU TƯ PHẢI TỰ PHÁ DỠ PHẦN NỘI DUNG SAI PHÉP ĐÓ, Pì chủ đầu tư phải tự xa dã phần nổi dung sai phép đó.
VIVOSDEV05_135_clean,vivos,whisper,base,clean,clean,KHI CÔ THỂ HIỆN KHÔNG MẤY THÀNH CÔNG Ở LỄ KHAI MẠC, khi cô thể hiện không máy thành công ở lệ khai mạc.
VIVOSDEV05_135_snr20,vivos,whisper,base,20,music,KHI CÔ THỂ HIỆN KHÔNG MẤY THÀNH CÔNG Ở LỄ KHAI MẠC, Khi cô thể hiện không máy thành công ở lệ khai mạc.
VIVOSDEV05_135_snr10,vivos,whisper,base,10,noise,KHI CÔ THỂ HIỆN KHÔNG MẤY THÀNH CÔNG Ở LỄ KHAI MẠC, khi cô thể hiện không mấy thành công ở lệ khai mạng.
VIVOSDEV05_135_snr5,vivos,whisper,base,5,noise,KHI CÔ THỂ HIỆN KHÔNG MẤY THÀNH CÔNG Ở LỄ KHAI MẠC, Khi cô thử hiện không máy thành công ở lệ phê mà.
VIVOSDEV05_135_snr0,vivos,whisper,base,0,music,KHI CÔ THỂ HIỆN KHÔNG MẤY THÀNH CÔNG Ở LỄ KHAI MẠC, Cô thể hiện không mới thành công ở lệ hay mạng.
VIVOSDEV06_168_clean,vivos,whisper,base,clean,clean,LÀM KHUNG, làm không
VIVOSDEV06_168_snr20,vivos,whisper,base,20,music,LÀM KHUNG, Làm cung
VIVOSDEV06_168_snr10,vivos,whisper,base,10,music,LÀM KHUNG, làm không
VIVOSDEV06_168_snr5,vivos,whisper,base,5,music,LÀM KHUNG, làm phong
VIVOSDEV06_168_snr0,vivos,whisper,base,0,noise,LÀM KHUNG, Làm phung
VIVOSDEV08_196_clean,vivos,whisper,base,clean,clean,PHẦN LỚN HỌC SINH GIÀU CÓ NGƯỜI NƯỚC NGOÀI, Phần lớn học sinh dọc có người đức ngoài.
VIVOSDEV08_196_snr20,vivos,whisper,base,20,noise,PHẦN LỚN HỌC SINH GIÀU CÓ NGƯỜI NƯỚC NGOÀI, Phần lớn học sinh dọc có người đức ngoài.
VIVOSDEV08_196_snr10,vivos,whisper,base,10,music,PHẦN LỚN HỌC SINH GIÀU CÓ NGƯỜI NƯỚC NGOÀI, Phần lớn học sinh dọc có người đức ngoài.
VIVOSDEV08_196_snr5,vivos,whisper,base,5,noise,PHẦN LỚN HỌC SINH GIÀU CÓ NGƯỜI NƯỚC NGOÀI, Phần lớn học sinh dọc có người đức ngoài.
VIVOSDEV08_196_snr0,vivos,whisper,base,0,speech,PHẦN LỚN HỌC SINH GIÀU CÓ NGƯỜI NƯỚC NGOÀI, Thật là lân hộ phương giáo cá người của anh
VIVOSDEV14_113_clean,vivos,whisper,base,clean,clean,HẮN THAY ĐỔI LẦM LÌ SAU KHI THEO GIA ĐÌNH ĐẾN XỨ NGƯỜI, Hắn thầy đổ làm lì sau khi theo gia đình đến xuống ngồi.
VIVOSDEV14_113_snr20,vivos,whisper,base,20,music,HẮN THAY ĐỔI LẦM LÌ SAU KHI THEO GIA ĐÌNH ĐẾN XỨ NGƯỜI, Hắn thầy đổ làm lì sau khi theo gia đình đến xuống ngồi.
VIVOSDEV14_113_snr10,vivos,whisper,base,10,noise,HẮN THAY ĐỔI LẦM LÌ SAU KHI THEO GIA ĐÌNH ĐẾN XỨ NGƯỜI, Hắn thầy đỗ làm lì sau khi theo gia đình đến xuống người.
VIVOSDEV14_113_snr5,vivos,whisper,base,5,music,HẮN THAY ĐỔI LẦM LÌ SAU KHI THEO GIA ĐÌNH ĐẾN XỨ NGƯỜI, Hắn thầy đổ làm lì sau kết thêu gia đình đến xuống người.
VIVOSDEV14_113_snr0,vivos,whisper,base,0,speech,HẮN THAY ĐỔI LẦM LÌ SAU KHI THEO GIA ĐÌNH ĐẾN XỨ NGƯỜI, Hãy thay đối làm lì sau khi thay về đây
VIVOSDEV14_114_clean,vivos,whisper,base,clean,clean,YẾU TỐ HẤP DẪN MỚI THU HÚT ĐẦU TƯ NƯỚC NGOÀI VÀO VIỆT NAM, Hiểu tố hấp dẫn mối thủ hút đầu tư nước ngoài và việc nèm.
VIVOSDEV14_114_snr20,vivos,whisper,base,20,noise,YẾU TỐ HẤP DẪN MỚI THU HÚT ĐẦU TƯ NƯỚC NGOÀI VÀO VIỆT NAM, Vư tố hấp dẫn mối thủ hút đầu tư nước ngoài và việc nèm.
VIVOSDEV14_114_snr10,vivos,whisper,base,10,noise,YẾU TỐ HẤP DẪN MỚI THU HÚT ĐẦU TƯ NƯỚC NGOÀI VÀO VIỆT NAM, Hiểu tố hấp dẫn mới thủ hút đầu tư nước ngoài và việc nèm.
VIVOSDEV14_114_snr5,vivos,whisper,base,5,speech,YẾU TỐ HẤP DẪN MỚI THU HÚT ĐẦU TƯ NƯỚC NGOÀI VÀO VIỆT NAM, Hãy tốt hấp dẫn với thủ hốc đầu từ nước ngoài và Việt Nam.
VIVOSDEV14_114_snr0,vivos,whisper,base,0,noise,YẾU TỐ HẤP DẪN MỚI THU HÚT ĐẦU TƯ NƯỚC NGOÀI VÀO VIỆT NAM, Hiểu tố hấp dẫn mỗi thủ hút đầu tư nước ngoài và Việt Nam.
VIVOSDEV08_224_clean,vivos,whisper,base,clean,clean,NĂM MƯƠI BỐN NĂM MƯƠI LĂM, 54 55
VIVOSDEV08_224_snr20,vivos,whisper,base,20,music,NĂM MƯƠI BỐN NĂM MƯƠI LĂM, 54 55
VIVOSDEV08_224_snr10,vivos,whisper,base,10,speech,NĂM MƯƠI BỐN NĂM MƯƠI LĂM, 15
VIVOSDEV08_224_snr5,vivos,whisper,base,5,noise,NĂM MƯƠI BỐN NĂM MƯƠI LĂM, 54 55
VIVOSDEV08_224_snr0,vivos,whisper,base,0,noise,NĂM MƯƠI BỐN NĂM MƯƠI LĂM, 54 55
VIVOSDEV11_160_clean,vivos,whisper,base,clean,clean,NGỤ ẤP HÒN NGANG, ngỗ áp hẳn nhêng.
VIVOSDEV11_160_snr20,vivos,whisper,base,20,speech,NGỤ ẤP HÒN NGANG, ngấu áp hẳn nhêng.
VIVOSDEV11_160_snr10,vivos,whisper,base,10,speech,NGỤ ẤP HÒN NGANG, Nó áp hòng nghiên.
VIVOSDEV11_160_snr5,vivos,whisper,base,5,speech,NGỤ ẤP HÒN NGANG," Không, tôi không nhìn."
VIVOSDEV11_160_snr0,vivos,whisper,base,0,speech,NGỤ ẤP HÒN NGANG, Nó áp thay thay thay thay thay thay thay thay thay thay thay thay thay thay thay thay thay thay thay thay thay thay thay thay thay thay thay thay thay thay thay thay thay thay thay thay thay thay thay thay thay thay thay thay thay thay thay thay thay thay thay thay thay thay thay thay thay thay thay thay thay thay
VIVOSDEV10_090_clean,vivos,whisper,base,clean,clean,VỪA ĐƯỢC TRAO TẶNG GIẢI THƯỞNG NHÀ NƯỚC," Rồi ô cao cạnh, giải hỗn ngàn á"
VIVOSDEV10_090_snr20,vivos,whisper,base,20,noise,VỪA ĐƯỢC TRAO TẶNG GIẢI THƯỞNG NHÀ NƯỚC," Rồi ô cao cạnh, giải hỗn ngàn á"
VIVOSDEV10_090_snr10,vivos,whisper,base,10,music,VỪA ĐƯỢC TRAO TẶNG GIẢI THƯỞNG NHÀ NƯỚC," Rồi ô cao cạnh, giải hỗn nhanh ác"
VIVOSDEV10_090_snr5,vivos,whisper,base,5,music,VỪA ĐƯỢC TRAO TẶNG GIẢI THƯỞNG NHÀ NƯỚC," Rồi ô, cao cận, giải hỗng ngàn á"
VIVOSDEV10_090_snr0,vivos,whisper,base,0,music,VỪA ĐƯỢC TRAO TẶNG GIẢI THƯỞNG NHÀ NƯỚC," Rồi ô cao cao, giải hộ ngàn ô"
VIVOSDEV01_R086_clean,vivos,whisper,base,clean,clean,CÔNG VĂN ĐỀ NGHỊ TỈNH CON TUM XÂY DỰNG CỬA KHẨU, Còn văn đời nghĩ tính con tâm xây dẫn cửa khẩu.
VIVOSDEV01_R086_snr20,vivos,whisper,base,20,noise,CÔNG VĂN ĐỀ NGHỊ TỈNH CON TUM XÂY DỰNG CỬA KHẨU, Còn quanh đời nghĩ thất con tâm xây dẫn cửa khẩu.
VIVOSDEV01_R086_snr10,vivos,whisper,base,10,noise,CÔNG VĂN ĐỀ NGHỊ TỈNH CON TUM XÂY DỰNG CỬA KHẨU, Còn văn đời nghĩ tính con tâm xây dẫn cửa khẩu.
VIVOSDEV01_R086_snr5,vivos,whisper,base,5,speech,CÔNG VĂN ĐỀ NGHỊ TỈNH CON TUM XÂY DỰNG CỬA KHẨU, Còn văn đời nghĩ tính con tâm xây dẫn cửa hấu
VIVOSDEV01_R086_snr0,vivos,whisper,base,0,noise,CÔNG VĂN ĐỀ NGHỊ TỈNH CON TUM XÂY DỰNG CỬA KHẨU, Còn quanh đời nghĩ thánh con tâm xây dựng cửa khẩu.
VIVOSDEV15_117_clean,vivos,whisper,base,clean,clean,TRÊN THỰC TẾ MỘT CUỘC ĐIỀU TRA ĐÃ ĐƯỢC TIẾN HÀNH, trên thực tế 1 cuộc điều tra đã được tiến hành.
VIVOSDEV15_117_snr20,vivos,whisper,base,20,noise,TRÊN THỰC TẾ MỘT CUỘC ĐIỀU TRA ĐÃ ĐƯỢC TIẾN HÀNH, Chên thực tế 1 cuộc điều tra đã được tiến hành.
VIVOSDEV15_117_snr10,vivos,whisper,base,10,noise,TRÊN THỰC TẾ MỘT CUỘC ĐIỀU TRA ĐÃ ĐƯỢC TIẾN HÀNH, trên thực tế 1 cuộc điều tra đã được tiến hành.
VIVOSDEV15_117_snr5,vivos,whisper,base,5,music,TRÊN THỰC TẾ MỘT CUỘC ĐIỀU TRA ĐÃ ĐƯỢC TIẾN HÀNH, Chên thực tế 1 cuộc điều tra đã được tiến hành.
VIVOSDEV15_117_snr0,vivos,whisper,base,0,speech,TRÊN THỰC TẾ MỘT CUỘC ĐIỀU TRA ĐÃ ĐƯỢC TIẾN HÀNH, Chúng ta sẽ chắc chắn một người khác ở đây
VIVOSDEV17_169_clean,vivos,whisper,base,clean,clean,HỌ BẢO TÔI GIỐNG NGƯỜI HÀN THÌ TÔI LẠI THẤY HỌ GIỐNG NGƯỜI VIỆT, Họ bảo tôi giống như người hình thì tôi lại thấy họ giống người Việt.
VIVOSDEV17_169_snr20,vivos,whisper,base,20,noise,HỌ BẢO TÔI GIỐNG NGƯỜI HÀN THÌ TÔI LẠI THẤY HỌ GIỐNG NGƯỜI VIỆT, Họ bảo tối giống như người hình thì tôi lại thấy họ giống người việc.
VIVOSDEV17_169_snr10,vivos,whisper,base,10,music,HỌ BẢO TÔI GIỐNG NGƯỜI HÀN THÌ TÔI LẠI THẤY HỌ GIỐNG NGƯỜI VIỆT, Họ bảo tối giống như người hình thì tôi lại thấy họ giống người việc.
VIVOSDEV17_169_snr5,vivos,whisper,base,5,speech,HỌ BẢO TÔI GIỐNG NGƯỜI HÀN THÌ TÔI LẠI THẤY HỌ GIỐNG NGƯỜI VIỆT, Họ bảo tối giống như người mình thì tôi lại thấy họ giống như
VIVOSDEV17_169_snr0,vivos,whisper,base,0,noise,HỌ BẢO TÔI GIỐNG NGƯỜI HÀN THÌ TÔI LẠI THẤY HỌ GIỐNG NGƯỜI VIỆT, Họ bảo tối cũng như mình thì tôi lại thấy họ giống như việc
VIVOSDEV08_100_clean,vivos,whisper,base,clean,clean,HAY ĐẢM BẢO RẰNG NGÀY NÀO CHÚNG CŨNG ĐƯỢC ĐI NHỮNG ĐÔI TẤT SẠCH," 2 đảm bảo răng, nghe nào chúng cũng được đi những đôi tất sạch."
VIVOSDEV08_100_snr20,vivos,whisper,base,20,speech,HAY ĐẢM BẢO RẰNG NGÀY NÀO CHÚNG CŨNG ĐƯỢC ĐI NHỮNG ĐÔI TẤT SẠCH, 2 đảm bảo rằng ngày nào chúng cũng được đi những đời tất sạch.
VIVOSDEV08_100_snr10,vivos,whisper,base,10,noise,HAY ĐẢM BẢO RẰNG NGÀY NÀO CHÚNG CŨNG ĐƯỢC ĐI NHỮNG ĐÔI TẤT SẠCH," 2 đảm bảo răng, nghe nào chúng cũng được đi những đôi tất sạp."
VIVOSDEV08_100_snr5,vivos,whisper,base,5,speech,HAY ĐẢM BẢO RẰNG NGÀY NÀO CHÚNG CŨNG ĐƯỢC ĐI NHỮNG ĐÔI TẤT SẠCH, 2 đảm bảo làn sức hệ nào chúng cũng được đi những đời tất cả
VIVOSDEV08_100_snr0,vivos,whisper,base,0,speech,HAY ĐẢM BẢO RẰNG NGÀY NÀO CHÚNG CŨNG ĐƯỢC ĐI NHỮNG ĐÔI TẤT SẠCH, 2 đảm bảo là 1 trung cố gọi là điểm đơn tất cả
VIVOSDEV12_065_clean,vivos,whisper,base,clean,clean,THÌ ĐỌC ĐƯỢC HỒI KÝ KHÔNG THỂ CHUỘC LỖI TRÊN BÁO TUỔI TRẺ, Thì đọc được hồi ký không thể chục lỗi trên báo tụi trạch.
VIVOSDEV12_065_snr20,vivos,whisper,base,20,speech,THÌ ĐỌC ĐƯỢC HỒI KÝ KHÔNG THỂ CHUỘC LỖI TRÊN BÁO TUỔI TRẺ, Thì đọc được hồi ký không thể chục lỗi trên báo tụi trẻ.
VIVOSDEV12_065_snr10,vivos,whisper,base,10,noise,THÌ ĐỌC ĐƯỢC HỒI KÝ KHÔNG THỂ CHUỘC LỖI TRÊN BÁO TUỔI TRẺ, Thì động được hồi ký không thể chục lỗi trên báo tụi trạch
VIVOSDEV12_065_snr5,vivos,whisper,base,5,speech,THÌ ĐỌC ĐƯỢC HỒI KÝ KHÔNG THỂ CHUỘC LỖI TRÊN BÁO TUỔI TRẺ, Thì đọc được hồi ký không thể chục lỗi cả 3 tụi trẻ.
VIVOSDEV12_065_snr0,vivos,whisper,base,0,noise,THÌ ĐỌC ĐƯỢC HỒI KÝ KHÔNG THỂ CHUỘC LỖI TRÊN BÁO TUỔI TRẺ, Thì đọc nước khơi kí không thể cuộc lỗi trên báo tụi chẽ.
VIVOSDEV12_080_clean,vivos,whisper,base,clean,clean,CHÍNH THỨC ĐÃ LÂY LAN RA BÊN NGOÀI, Chính thức đã lây Lan ra bên ngoài.
VIVOSDEV12_080_snr20,vivos,whisper,base,20,noise,CHÍNH THỨC ĐÃ LÂY LAN RA BÊN NGOÀI, Chính thức đã lây Lan ra bên ngoài.
VIVOSDEV12_080_snr10,vivos,whisper,base,10,speech,CHÍNH THỨC ĐÃ LÂY LAN RA BÊN NGOÀI, Chính thức đảo lầy Lan ra bên ngoài.
VIVOSDEV12_080_snr5,vivos,whisper,base,5,music,CHÍNH THỨC ĐÃ LÂY LAN RA BÊN NGOÀI, Cứng thức đã lấy làng ra bên ngoài.
VIVOSDEV12_080_snr0,vivos,whisper,base,0,music,CHÍNH THỨC ĐÃ LÂY LAN RA BÊN NGOÀI," Hình hướp nào lại lạc đạp, nhưng không phải."
VIVOSDEV12_075_clean,vivos,whisper,base,clean,clean,NHÓM THANH LONG TRẺ DIỄN TIỂU PHẨM HÀI HẮC BẠCH TRANH HÙNG," Nhóm thân lòng trẻ diễn tử phẩm hai, hắc bật trân hùng."
VIVOSDEV12_075_snr20,vivos,whisper,base,20,noise,NHÓM THANH LONG TRẺ DIỄN TIỂU PHẨM HÀI HẮC BẠCH TRANH HÙNG," Nhóm thân lòng trẻ diễn tế phẩm 2, hắc bật trân hùng."
VIVOSDEV12_075_snr10,vivos,whisper,base,10,music,NHÓM THANH LONG TRẺ DIỄN TIỂU PHẨM HÀI HẮC BẠCH TRANH HÙNG," Nhóm Thân Long trẻ diễn tíu phẩm 2, hắc bật trân hùng."
VIVOSDEV12_075_snr5,vivos,whisper,base,5,music,NHÓM THANH LONG TRẺ DIỄN TIỂU PHẨM HÀI HẮC BẠCH TRANH HÙNG," Nhóm Thân Lâm trẻ, diễn tế phẩm 2, hắc bật trên hôm."
VIVOSDEV12_075_snr0,vivos,whisper,base,0,noise,NHÓM THANH LONG TRẺ DIỄN TIỂU PHẨM HÀI HẮC BẠCH TRANH HÙNG," Nhóm thân lòng trẻ diễn tiêu phóm 2, hắc bật trân hồng."
VIVOSDEV10_257_clean,vivos,whisper,base,clean,clean,TIỀN ĐIỆN THÁNG NÀY BAO NHIÊU, Cây ngựng khác ngày bao nhiêu
VIVOSDEV10_257_snr20,vivos,whisper,base,20,noise,TIỀN ĐIỆN THÁNG NÀY BAO NHIÊU, Cây ngựng tháng ngày bao nhiêu
VIVOSDEV10_257_snr10,vivos,whisper,base,10,music,TIỀN ĐIỆN THÁNG NÀY BAO NHIÊU, Ê nghe hát ngày bao nhiêu
VIVOSDEV10_257_snr5,vivos,whisper,base,5,music,TIỀN ĐIỆN THÁNG NÀY BAO NHIÊU, Cây ngựng tháng ngày bao nhiêu
VIVOSDEV10_257_snr0,vivos,whisper,base,0,noise,TIỀN ĐIỆN THÁNG NÀY BAO NHIÊU," Đây ngựa, thách ngày 30,000 quý"
VIVOSDEV17_071_clean,vivos,whisper,base,clean,clean,BẢN THÂN TÔI CŨNG THAM GIA MỘT VAI RẤT NHỎ NỮA, Bánh thương tôi cũng tham gia một phai đất nhỏ nửa.
VIVOSDEV17_071_snr20,vivos,whisper,base,20,noise,BẢN THÂN TÔI CŨNG THAM GIA MỘT VAI RẤT NHỎ NỮA, Bánh thương tôi cũng tham gia 1 quay đất nhỏ nữa.
VIVOSDEV17_071_snr10,vivos,whisper,base,10,music,BẢN THÂN TÔI CŨNG THAM GIA MỘT VAI RẤT NHỎ NỮA, Bản thân tôi cũng tham gia một phai đất nhỏ nửa.
VIVOSDEV17_071_snr5,vivos,whisper,base,5,music,BẢN THÂN TÔI CŨNG THAM GIA MỘT VAI RẤT NHỎ NỮA, Bánh thương tôi cũng tham gia 1 quay đất nhỏ nửa.
VIVOSDEV17_071_snr0,vivos,whisper,base,0,noise,BẢN THÂN TÔI CŨNG THAM GIA MỘT VAI RẤT NHỎ NỮA, Bạn thân tôi cũng tham gia một phai đất nhỏ nửa.
VIVOSDEV05_097_clean,vivos,whisper,base,clean,clean,THU CHẠM NGÕ RẤT HIỀN, Thu trảm ngỏ rất hình.
VIVOSDEV05_097_snr20,vivos,whisper,base,20,noise,THU CHẠM NGÕ RẤT HIỀN, Thu trảm ngỏ rất hình.
VIVOSDEV05_097_snr10,vivos,whisper,base,10,noise,THU CHẠM NGÕ RẤT HIỀN, Thú trảm ngỏ rất hình
VIVOSDEV05_097_snr5,vivos,whisper,base,5,noise,THU CHẠM NGÕ RẤT HIỀN, Thu trầm ngỏ rất hình
VIVOSDEV05_097_snr0,vivos,whisper,base,0,noise,THU CHẠM NGÕ RẤT HIỀN, Thôi chẳng đó rất nguyên.
VIVOSDEV06_022_clean,vivos,whisper,base,clean,clean,LÍNH CỨU HỎA KHÓ TIẾP CẬN HIỆN TRƯỜNG, lĩnh cử hỏa khó thịp cận hiện trường.
VIVOSDEV06_022_snr20,vivos,whisper,base,20,music,LÍNH CỨU HỎA KHÓ TIẾP CẬN HIỆN TRƯỜNG, Lính cứu hỏa khó tiếp tận hiện trường.
VIVOSDEV06_022_snr10,vivos,whisper,base,10,noise,LÍNH CỨU HỎA KHÓ TIẾP CẬN HIỆN TRƯỜNG, Lính cứu hỏa khó tiếp cảnh hiểm trường.
VIVOSDEV06_022_snr5,vivos,whisper,base,5,music,LÍNH CỨU HỎA KHÓ TIẾP CẬN HIỆN TRƯỜNG, Lứng cứ hoá có tiếp cảnh hiện trường.
VIVOSDEV06_022_snr0,vivos,whisper,base,0,noise,LÍNH CỨU HỎA KHÓ TIẾP CẬN HIỆN TRƯỜNG, dính cứu má có tiếp cận niệm trơn
VIVOSDEV03_R136_clean,vivos,whisper,base,clean,clean,NÀY BÓN CHO CON THƯƠNG ĐỠ YẾU ĐAU CÒI CỌC, này bóng cho thật con thương đợi yêu đau còi cậu.
VIVOSDEV03_R136_snr20,vivos,whisper,base,20,noise,NÀY BÓN CHO CON THƯƠNG ĐỠ YẾU ĐAU CÒI CỌC, này bóng cho thật con thương đợi yêu đau còi cậu
VIVOSDEV03_R136_snr10,vivos,whisper,base,10,noise,NÀY BÓN CHO CON THƯƠNG ĐỠ YẾU ĐAU CÒI CỌC, này bóng cho thương đợi chứ đau còi cậu
VIVOSDEV03_R136_snr5,vivos,whisper,base,5,noise,NÀY BÓN CHO CON THƯƠNG ĐỠ YẾU ĐAU CÒI CỌC, Này bóng cho thật con thương đợi yêu đau còi cậu
VIVOSDEV03_R136_snr0,vivos,whisper,base,0,music,NÀY BÓN CHO CON THƯƠNG ĐỠ YẾU ĐAU CÒI CỌC," Này bóng cho thương thương đợi, hiếu đau cời cậu"
VIVOSDEV10_196_clean,vivos,whisper,base,clean,clean,CHỈ MUỐN LÀM MỘT HƠI CHO ĐÃ CÁI MIỆNG, Kỉ muốn làm một hơi gọi ác cái miệng.
VIVOSDEV10_196_snr20,vivos,whisper,base,20,speech,CHỈ MUỐN LÀM MỘT HƠI CHO ĐÃ CÁI MIỆNG, Kỉ muốn làm một hơi gọi ác cái miệng.
VIVOSDEV10_196_snr10,vivos,whisper,base,10,speech,CHỈ MUỐN LÀM MỘT HƠI CHO ĐÃ CÁI MIỆNG," Chỉ muốn ngàn mộng hơi, cời áa, tái mẹ"
VIVOSDEV10_196_snr5,vivos,whisper,base,5,speech,CHỈ MUỐN LÀM MỘT HƠI CHO ĐÃ CÁI MIỆNG, Đi muốn vào một hơi gọi ách của mình.
VIVOSDEV10_196_snr0,vivos,whisper,base,0,music,CHỈ MUỐN LÀM MỘT HƠI CHO ĐÃ CÁI MIỆNG, chỉ muốn làm một hơi cho ác ác ác mĩnh
VIVOSDEV18_192_clean,vivos,whisper,base,clean,clean,NHỮNG KIỂU VẾT THƯƠNG MÀ TRẺ THƯỜNG MANG THEO CÓ THỂ LÀ GÌ, Cái cửa bết thương mà trẻ thương mang theo có thể là gì.
VIVOSDEV18_192_snr20,vivos,whisper,base,20,noise,NHỮNG KIỂU VẾT THƯƠNG MÀ TRẺ THƯỜNG MANG THEO CÓ THỂ LÀ GÌ, Khi cửa vết thương mà trẻ thương mang theo có thể là gì?
VIVOSDEV18_192_snr10,vivos,whisper,base,10,noise,NHỮNG KIỂU VẾT THƯƠNG MÀ TRẺ THƯỜNG MANG THEO CÓ THỂ LÀ GÌ, Khi cửa biết tiêu mà trẻ trường mang theo có thể là gì?
VIVOSDEV18_192_snr5,vivos,whisper,base,5,noise,NHỮNG KIỂU VẾT THƯƠNG MÀ TRẺ THƯỜNG MANG THEO CÓ THỂ LÀ GÌ, Chở vết xương mà trẻ thương mang theo có thể là gì?
VIVOSDEV18_192_snr0,vivos,whisper,base,0,speech,NHỮNG KIỂU VẾT THƯƠNG MÀ TRẺ THƯỜNG MANG THEO CÓ THỂ LÀ GÌ, Cô gửa biết sao khi bở lại quý vậy?
VIVOSDEV03_T035_clean,vivos,whisper,base,clean,clean,MẸ ƠI CÓ MUA ĐỒ CHO CON KHÔNG, Mẹ ơi có mua đồ cho con không
VIVOSDEV03_T035_snr20,vivos,whisper,base,20,music,MẸ ƠI CÓ MUA ĐỒ CHO CON KHÔNG, Mẹ ơi có mua đồ cho con không
VIVOSDEV03_T035_snr10,vivos,whisper,base,10,noise,MẸ ƠI CÓ MUA ĐỒ CHO CON KHÔNG, Mẹ ơi có mua đồ cho con không
VIVOSDEV03_T035_snr5,vivos,whisper,base,5,music,MẸ ƠI CÓ MUA ĐỒ CHO CON KHÔNG," Mẹ ơi, có mua đồ cho con không"
VIVOSDEV03_T035_snr0,vivos,whisper,base,0,noise,MẸ ƠI CÓ MUA ĐỒ CHO CON KHÔNG, Mẹ ơi có một đổi đi con xong
VIVOSDEV16_026_clean,vivos,whisper,base,clean,clean,CÙNG VỢ ĂN VỘI CHÉN CƠM THÀNH LẠI LO ÔN BÀI LÀM BÀI TẬP," Cùng vợ ăn vội chiến cơm thần lại, lo ống bày làm bày tập."
VIVOSDEV16_026_snr20,vivos,whisper,base,20,speech,CÙNG VỢ ĂN VỘI CHÉN CƠM THÀNH LẠI LO ÔN BÀI LÀM BÀI TẬP," Cùng vợ, ăn vội chiến cơm thành lại, lo ống bài làm bài tập."
VIVOSDEV16_026_snr10,vivos,whisper,base,10,music,CÙNG VỢ ĂN VỘI CHÉN CƠM THÀNH LẠI LO ÔN BÀI LÀM BÀI TẬP, Cùng vợ ăn vội chín cơm thành lại lo ôm bài làm bài tập
VIVOSDEV16_026_snr5,vivos,whisper,base,5,noise,CÙNG VỢ ĂN VỘI CHÉN CƠM THÀNH LẠI LO ÔN BÀI LÀM BÀI TẬP," Cùng vợ, ăn vội chiến cơm thành lợi, lo ống bày làm bày tập."
VIVOSDEV16_026_snr0,vivos,whisper,base,0,noise,CÙNG VỢ ĂN VỘI CHÉN CƠM THÀNH LẠI LO ÔN BÀI LÀM BÀI TẬP," Cùng vừa ăn vội chiến cơm thần lại, lo ống bài làm bài tập"
VIVOSDEV05_150_clean,vivos,whisper,base,clean,clean,NGỒI CHỒM CHỒM CÁCH CHỈ MẤY MÉT, ngồi tròm tròm cách chỉ mấy mết
VIVOSDEV05_150_snr20,vivos,whisper,base,20,music,NGỒI CHỒM CHỒM CÁCH CHỈ MẤY MÉT, ngồi tròm tròm cách chỉ mấy mết
VIVOSDEV05_150_snr10,vivos,whisper,base,10,music,NGỒI CHỒM CHỒM CÁCH CHỈ MẤY MÉT, Ngồi tròm tròm cách chỉ mấy mết
VIVOSDEV05_150_snr5,vivos,whisper,base,5,noise,NGỒI CHỒM CHỒM CÁCH CHỈ MẤY MÉT, ngồi tròm tròm cách chỉ mấy mết
VIVOSDEV05_150_snr0,vivos,whisper,base,0,speech,NGỒI CHỒM CHỒM CÁCH CHỈ MẤY MÉT," Được rồi, đúng rồi, đúng rồi, đúng rồi, đúng rồi, đúng rồi, đúng rồi, đúng rồi, đúng rồi, đúng rồi, đúng rồi, đúng rồi, đúng rồi, đúng rồi, đúng rồi, đúng rồi, đúng rồi, đúng rồi, đúng rồi, đúng rồi, đúng rồi, đúng rồi, đúng rồi, đúng rồi, đúng rồi, đúng rồi, đúng rồi, đúng rồi, đúng rồi, đúng rồi, đúng rồi, đúng rồi,"
