utt_id,dataset,model,model_size,train_type,lambda,seed,snr,noise_type,ref,hyp
VIVOSDEV01_R002_clean,vivos,phowhisper,base,tone_aware_lora,0.05,42,clean,clean,TIẾNG CỌC CẠCH KHỰNG LẠI CỦA NHỮNG KHỚP SẮT,tiếng cọc cận lại của những khớp sắt
VIVOSDEV01_R002_snr0,vivos,phowhisper,base,tone_aware_lora,0.05,42,0,speech,TIẾNG CỌC CẠCH KHỰNG LẠI CỦA NHỮNG KHỚP SẮT,tiếng cộc cật khuẩn lại của ổ nhẫn khớp sắt
VIVOSDEV01_R002_snr10,vivos,phowhisper,base,tone_aware_lora,0.05,42,10,speech,TIẾNG CỌC CẠCH KHỰNG LẠI CỦA NHỮNG KHỚP SẮT,tiếng cọc cực lại có hổ nhẫn cóp sắt
VIVOSDEV01_R002_snr20,vivos,phowhisper,base,tone_aware_lora,0.05,42,20,music,TIẾNG CỌC CẠCH KHỰNG LẠI CỦA NHỮNG KHỚP SẮT,tiếng cộc cực khuẩn lại của những khớp sắt
VIVOSDEV01_R002_snr5,vivos,phowhisper,base,tone_aware_lora,0.05,42,5,speech,TIẾNG CỌC CẠCH KHỰNG LẠI CỦA NHỮNG KHỚP SẮT,tiếng cột cột thử lại cô ở những cấu sắc
VIVOSDEV01_R003_clean,vivos,phowhisper,base,tone_aware_lora,0.05,42,clean,clean,CŨNG LÊN TIẾNG ỦNG HỘ CÁC KIẾN NGHỊ NÀY,cũng lên tiếng ủng hộ các kiến nghị này
VIVOSDEV01_R003_snr0,vivos,phowhisper,base,tone_aware_lora,0.05,42,0,music,CŨNG LÊN TIẾNG ỦNG HỘ CÁC KIẾN NGHỊ NÀY,cũng lên tiếng ủng hộ các kiến nghị này
VIVOSDEV01_R003_snr10,vivos,phowhisper,base,tone_aware_lora,0.05,42,10,noise,CŨNG LÊN TIẾNG ỦNG HỘ CÁC KIẾN NGHỊ NÀY,cũng lên tiếng ủng hộ các kiến nghị này
VIVOSDEV01_R003_snr20,vivos,phowhisper,base,tone_aware_lora,0.05,42,20,music,CŨNG LÊN TIẾNG ỦNG HỘ CÁC KIẾN NGHỊ NÀY,cũng lên tiếng ủng hộ các kiến nghị này
VIVOSDEV01_R003_snr5,vivos,phowhisper,base,tone_aware_lora,0.05,42,5,music,CŨNG LÊN TIẾNG ỦNG HỘ CÁC KIẾN NGHỊ NÀY,cũng lên tiếng ủng hộ các ký nghị này
VIVOSDEV01_R027_clean,vivos,phowhisper,base,tone_aware_lora,0.05,42,clean,clean,DI TÍCH CÓ BẢY PHỖNG ÔNG VÀ HAI PHỖNG BÀ ĐƯỢC LÀM BẰNG GỖ MÍT,di tích có bảy phỏng ông và hai phỏng bò được làm bằng gỗ mích
VIVOSDEV01_R027_snr0,vivos,phowhisper,base,tone_aware_lora,0.05,42,0,noise,DI TÍCH CÓ BẢY PHỖNG ÔNG VÀ HAI PHỖNG BÀ ĐƯỢC LÀM BẰNG GỖ MÍT,chi thích có bảy phỏng ông và hai phỏng bò lược làm bằng gỗ mít
VIVOSDEV01_R027_snr10,vivos,phowhisper,base,tone_aware_lora,0.05,42,10,music,DI TÍCH CÓ BẢY PHỖNG ÔNG VÀ HAI PHỖNG BÀ ĐƯỢC LÀM BẰNG GỖ MÍT,duy tích có bảy phỏng ông và hai phỏng bò được làm bằng gỗ mít
VIVOSDEV01_R027_snr20,vivos,phowhisper,base,tone_aware_lora,0.05,42,20,music,DI TÍCH CÓ BẢY PHỖNG ÔNG VÀ HAI PHỖNG BÀ ĐƯỢC LÀM BẰNG GỖ MÍT,di tích có bảy phổng ông và hai phổng bà được làm bằng gỗ mít
VIVOSDEV01_R027_snr5,vivos,phowhisper,base,tone_aware_lora,0.05,42,5,noise,DI TÍCH CÓ BẢY PHỖNG ÔNG VÀ HAI PHỖNG BÀ ĐƯỢC LÀM BẰNG GỖ MÍT,di tích có bảy phổng ông và hai phổng bà được làm bằng gỗ mít
VIVOSDEV01_R028_clean,vivos,phowhisper,base,tone_aware_lora,0.05,42,clean,clean,CÁC CHÚ CŨNG THOẢI MÁI PHÓNG UẾ GIỮA CHỐN ĐÔNG NGƯỜI MÀ KHÔNG SỢ,các chú cũng thoải mái phóng ối giữa chốn đông người mà không sợ
VIVOSDEV01_R028_snr0,vivos,phowhisper,base,tone_aware_lora,0.05,42,0,noise,CÁC CHÚ CŨNG THOẢI MÁI PHÓNG UẾ GIỮA CHỐN ĐÔNG NGƯỜI MÀ KHÔNG SỢ,rắc trước cũng thoải mái cống thế giữa chốn đông người mà công sở
VIVOSDEV01_R028_snr10,vivos,phowhisper,base,tone_aware_lora,0.05,42,10,speech,CÁC CHÚ CŨNG THOẢI MÁI PHÓNG UẾ GIỮA CHỐN ĐÔNG NGƯỜI MÀ KHÔNG SỢ,các chú cũng thoải mái phóng ới giữa chốn đông người mà không sợ
VIVOSDEV01_R028_snr20,vivos,phowhisper,base,tone_aware_lora,0.05,42,20,noise,CÁC CHÚ CŨNG THOẢI MÁI PHÓNG UẾ GIỮA CHỐN ĐÔNG NGƯỜI MÀ KHÔNG SỢ,các chú cũng thoải mái phóng ối giữa chốn đông người mà không sợ
VIVOSDEV01_R028_snr5,vivos,phowhisper,base,tone_aware_lora,0.05,42,5,music,CÁC CHÚ CŨNG THOẢI MÁI PHÓNG UẾ GIỮA CHỐN ĐÔNG NGƯỜI MÀ KHÔNG SỢ,các chú cũng thoải mái phóng mới giữa chốn đông người mà không sợ
VIVOSDEV01_R043_clean,vivos,phowhisper,base,tone_aware_lora,0.05,42,clean,clean,ANH PHÚ CHƯA BÚ ĐƯỢC SỮA MẸ LẦN NÀO,anh phú chưa bú được sữa mẹ lần nào
VIVOSDEV01_R043_snr0,vivos,phowhisper,base,tone_aware_lora,0.05,42,0,speech,ANH PHÚ CHƯA BÚ ĐƯỢC SỮA MẸ LẦN NÀO,anh phú chưa bú đột sữa mẹ lần nào
VIVOSDEV01_R043_snr10,vivos,phowhisper,base,tone_aware_lora,0.05,42,10,noise,ANH PHÚ CHƯA BÚ ĐƯỢC SỮA MẸ LẦN NÀO,anh phú chưa bú được sữa mẹ lần nào
VIVOSDEV01_R043_snr20,vivos,phowhisper,base,tone_aware_lora,0.05,42,20,music,ANH PHÚ CHƯA BÚ ĐƯỢC SỮA MẸ LẦN NÀO,anh phú chưa bú được sữa mẹ lần nào
VIVOSDEV01_R043_snr5,vivos,phowhisper,base,tone_aware_lora,0.05,42,5,noise,ANH PHÚ CHƯA BÚ ĐƯỢC SỮA MẸ LẦN NÀO,anh phú chưa bú được sữa mẹ lần nào
VIVOSDEV01_R044_clean,vivos,phowhisper,base,tone_aware_lora,0.05,42,clean,clean,NGỌN LỬA BẠO ĐỘNG Ở TRUNG ĐÔNG VÀ PHÁ VỠ LỘ TRÌNH HÒA BÌNH,ngọn lửa bạo động ở trung đông và phá vỡ loại trình quà bình
VIVOSDEV01_R044_snr0,vivos,phowhisper,base,tone_aware_lora,0.05,42,0,speech,NGỌN LỬA BẠO ĐỘNG Ở TRUNG ĐÔNG VÀ PHÁ VỠ LỘ TRÌNH HÒA BÌNH,ngọn lửa bọ động ở trung nông và phá vỡ đối trình quà bình
VIVOSDEV01_R044_snr10,vivos,phowhisper,base,tone_aware_lora,0.05,42,10,noise,NGỌN LỬA BẠO ĐỘNG Ở TRUNG ĐÔNG VÀ PHÁ VỠ LỘ TRÌNH HÒA BÌNH,ngọn lửa bạo động ở trung đông và phá vỡ loại trình quà bình
VIVOSDEV01_R044_snr20,vivos,phowhisper,base,tone_aware_lora,0.05,42,20,speech,NGỌN LỬA BẠO ĐỘNG Ở TRUNG ĐÔNG VÀ PHÁ VỠ LỘ TRÌNH HÒA BÌNH,ngọn lửa bạo động ở trung đông và phá vỡ loại trình quà bình
VIVOSDEV01_R044_snr5,vivos,phowhisper,base,tone_aware_lora,0.05,42,5,speech,NGỌN LỬA BẠO ĐỘNG Ở TRUNG ĐÔNG VÀ PHÁ VỠ LỘ TRÌNH HÒA BÌNH,thực thiết ngọn lửa bọ đổng ở trung đông và phá vỡ loại trình qua bình thường
VIVOSDEV01_R069_clean,vivos,phowhisper,base,tone_aware_lora,0.05,42,clean,clean,ĐÈN BỊ HƯ RỒI BA,đèn bị hư gò ba
VIVOSDEV01_R069_snr0,vivos,phowhisper,base,tone_aware_lora,0.05,42,0,music,ĐÈN BỊ HƯ RỒI BA,vẻ hư ngọt bào
VIVOSDEV01_R069_snr10,vivos,phowhisper,base,tone_aware_lora,0.05,42,10,noise,ĐÈN BỊ HƯ RỒI BA,đèn bị hư gò ba
VIVOSDEV01_R069_snr20,vivos,phowhisper,base,tone_aware_lora,0.05,42,20,noise,ĐÈN BỊ HƯ RỒI BA,đèn bị hư gò ba
VIVOSDEV01_R069_snr5,vivos,phowhisper,base,tone_aware_lora,0.05,42,5,music,ĐÈN BỊ HƯ RỒI BA,kèn bị hư gò ba
VIVOSDEV01_R071_clean,vivos,phowhisper,base,tone_aware_lora,0.05,42,clean,clean,TRƯỞNG CÔNG AN XÃ CHẠY SANG CAN NGĂN CŨNG BỊ TUYẾN ĐÁNH TIẾP,trưởng công an xã trại sang can ngăn cũng bị tiếng đánh tiếp
VIVOSDEV01_R071_snr0,vivos,phowhisper,base,tone_aware_lora,0.05,42,0,noise,TRƯỞNG CÔNG AN XÃ CHẠY SANG CAN NGĂN CŨNG BỊ TUYẾN ĐÁNH TIẾP,trưởng công an xã trại sang trang ngăn cũng bị tiến tranh tiếp
VIVOSDEV01_R071_snr10,vivos,phowhisper,base,tone_aware_lora,0.05,42,10,music,TRƯỞNG CÔNG AN XÃ CHẠY SANG CAN NGĂN CŨNG BỊ TUYẾN ĐÁNH TIẾP,trưởng công an xã trại sang can ngăn cũng bị tiến đánh tiếp
VIVOSDEV01_R071_snr20,vivos,phowhisper,base,tone_aware_lora,0.05,42,20,music,TRƯỞNG CÔNG AN XÃ CHẠY SANG CAN NGĂN CŨNG BỊ TUYẾN ĐÁNH TIẾP,trưởng công an xã trại sang can ngăn cũng bị tiến đánh tiếp
VIVOSDEV01_R071_snr5,vivos,phowhisper,base,tone_aware_lora,0.05,42,5,noise,TRƯỞNG CÔNG AN XÃ CHẠY SANG CAN NGĂN CŨNG BỊ TUYẾN ĐÁNH TIẾP,trưởng công an xã trại sang can ngăn cũng bị tiến đánh tiếp
VIVOSDEV01_R099_clean,vivos,phowhisper,base,tone_aware_lora,0.05,42,clean,clean,NHƯNG TÔI THÍCH XEM BỘ PHIM TRUYỆN PHÁT NGAY SAU CHƯƠNG TRÌNH NÀY,nhưng tôi thích xem bộ phim chuyển phát ngay sau chương trình này
VIVOSDEV01_R099_snr0,vivos,phowhisper,base,tone_aware_lora,0.05,42,0,music,NHƯNG TÔI THÍCH XEM BỘ PHIM TRUYỆN PHÁT NGAY SAU CHƯƠNG TRÌNH NÀY,nhưng tôi thích xem bộ phim chuyển phát ngay sau chương trình này
VIVOSDEV01_R099_snr10,vivos,phowhisper,base,tone_aware_lora,0.05,42,10,speech,NHƯNG TÔI THÍCH XEM BỘ PHIM TRUYỆN PHÁT NGAY SAU CHƯƠNG TRÌNH NÀY,nhưng tôi thích xem bộ phim chuyện phát ngay sau chương trình này
VIVOSDEV01_R099_snr20,vivos,phowhisper,base,tone_aware_lora,0.05,42,20,noise,NHƯNG TÔI THÍCH XEM BỘ PHIM TRUYỆN PHÁT NGAY SAU CHƯƠNG TRÌNH NÀY,nhưng tôi thích xem bộ phim chuyển phát ngay sau chương trình này
VIVOSDEV01_R099_snr5,vivos,phowhisper,base,tone_aware_lora,0.05,42,5,noise,NHƯNG TÔI THÍCH XEM BỘ PHIM TRUYỆN PHÁT NGAY SAU CHƯƠNG TRÌNH NÀY,nhưng tôi thích xem bộ phim chuyện phát ngay sau chương trình này
VIVOSDEV01_R108_clean,vivos,phowhisper,base,tone_aware_lora,0.05,42,clean,clean,KHI TRẪM KHỎI BỆNH THÌ SẼ CHÉM ĐẦU,khi trẫm khỏi bệnh thì sẽ chém đầu
VIVOSDEV01_R108_snr0,vivos,phowhisper,base,tone_aware_lora,0.05,42,0,noise,KHI TRẪM KHỎI BỆNH THÌ SẼ CHÉM ĐẦU,khi chậm khỏi bệnh thì sẽ chém đầu
VIVOSDEV01_R108_snr10,vivos,phowhisper,base,tone_aware_lora,0.05,42,10,music,KHI TRẪM KHỎI BỆNH THÌ SẼ CHÉM ĐẦU,khi chậm khỏi bệnh thì sẽ chém đầu
VIVOSDEV01_R108_snr20,vivos,phowhisper,base,tone_aware_lora,0.05,42,20,noise,KHI TRẪM KHỎI BỆNH THÌ SẼ CHÉM ĐẦU,khi trẫm khỏi bệnh thì sẽ chém đầu
VIVOSDEV01_R108_snr5,vivos,phowhisper,base,tone_aware_lora,0.05,42,5,noise,KHI TRẪM KHỎI BỆNH THÌ SẼ CHÉM ĐẦU,khi chậm khỏi bệnh thì sẽ chém đầu
VIVOSDEV01_R117_clean,vivos,phowhisper,base,tone_aware_lora,0.05,42,clean,clean,VIỆC MỘT QUYỂN TIỂU THUYẾT NHƯ THẾ,việc một quyển tiểu huyết như huế
VIVOSDEV01_R117_snr0,vivos,phowhisper,base,tone_aware_lora,0.05,42,0,noise,VIỆC MỘT QUYỂN TIỂU THUYẾT NHƯ THẾ,việc một chuyển tiểu huyết như thế
VIVOSDEV01_R117_snr10,vivos,phowhisper,base,tone_aware_lora,0.05,42,10,noise,VIỆC MỘT QUYỂN TIỂU THUYẾT NHƯ THẾ,việc một quyển tiểu huyết như thế
VIVOSDEV01_R117_snr20,vivos,phowhisper,base,tone_aware_lora,0.05,42,20,speech,VIỆC MỘT QUYỂN TIỂU THUYẾT NHƯ THẾ,việc một quyển tiểu huyết như huế
VIVOSDEV01_R117_snr5,vivos,phowhisper,base,tone_aware_lora,0.05,42,5,music,VIỆC MỘT QUYỂN TIỂU THUYẾT NHƯ THẾ,việc một quyển tiểu huyết như thế
VIVOSDEV01_R130_clean,vivos,phowhisper,base,tone_aware_lora,0.05,42,clean,clean,NÃO BỘ CHÚNG TA PHÁT TRIỂN NHỮNG RUNG ĐỘNG YÊU THƯƠNG,nỡ bộ chúng ta phát triển những rung động yêu hơn
VIVOSDEV01_R130_snr0,vivos,phowhisper,base,tone_aware_lora,0.05,42,0,noise,NÃO BỘ CHÚNG TA PHÁT TRIỂN NHỮNG RUNG ĐỘNG YÊU THƯƠNG,nỡ bộ chúng ta phát triển những rung động yêu hơn
VIVOSDEV01_R130_snr10,vivos,phowhisper,base,tone_aware_lora,0.05,42,10,noise,NÃO BỘ CHÚNG TA PHÁT TRIỂN NHỮNG RUNG ĐỘNG YÊU THƯƠNG,nỡ bộ chúng ta phát triển những rung động yêu thương
VIVOSDEV01_R130_snr20,vivos,phowhisper,base,tone_aware_lora,0.05,42,20,speech,NÃO BỘ CHÚNG TA PHÁT TRIỂN NHỮNG RUNG ĐỘNG YÊU THƯƠNG,nỡ bộ chúng ta phát triển những rung động yêu hơn
VIVOSDEV01_R130_snr5,vivos,phowhisper,base,tone_aware_lora,0.05,42,5,noise,NÃO BỘ CHÚNG TA PHÁT TRIỂN NHỮNG RUNG ĐỘNG YÊU THƯƠNG,nỡ bộ chúng ta phát triển những rung động yêu thương
VIVOSDEV01_R139_clean,vivos,phowhisper,base,tone_aware_lora,0.05,42,clean,clean,TRỪ KHI BẠN BIẾT TÔN TRỌNG BẢN THÂN MÌNH,trừ khi bạn biết tôn trọng bản thân mình
VIVOSDEV01_R139_snr0,vivos,phowhisper,base,tone_aware_lora,0.05,42,0,noise,TRỪ KHI BẠN BIẾT TÔN TRỌNG BẢN THÂN MÌNH,trừ khi bạn biết tôn trọng bản thân mình
VIVOSDEV01_R139_snr10,vivos,phowhisper,base,tone_aware_lora,0.05,42,10,noise,TRỪ KHI BẠN BIẾT TÔN TRỌNG BẢN THÂN MÌNH,trừ khi bạn biết tôn trọng bản thân mình
VIVOSDEV01_R139_snr20,vivos,phowhisper,base,tone_aware_lora,0.05,42,20,noise,TRỪ KHI BẠN BIẾT TÔN TRỌNG BẢN THÂN MÌNH,trừ khi bạn biết tôn trọng bản thân mình
VIVOSDEV01_R139_snr5,vivos,phowhisper,base,tone_aware_lora,0.05,42,5,music,TRỪ KHI BẠN BIẾT TÔN TRỌNG BẢN THÂN MÌNH,trừ khi bạn biết tôn trọng bản thân mình
VIVOSDEV01_R150_clean,vivos,phowhisper,base,tone_aware_lora,0.05,42,clean,clean,XIN ĐƯỢC CHÂN KHUÂN VÁC,xin được chân khuân vác
VIVOSDEV01_R150_snr0,vivos,phowhisper,base,tone_aware_lora,0.05,42,0,music,XIN ĐƯỢC CHÂN KHUÂN VÁC,xin được chứng cúng phát
VIVOSDEV01_R150_snr10,vivos,phowhisper,base,tone_aware_lora,0.05,42,10,noise,XIN ĐƯỢC CHÂN KHUÂN VÁC,xin được chân khuân vác
VIVOSDEV01_R150_snr20,vivos,phowhisper,base,tone_aware_lora,0.05,42,20,noise,XIN ĐƯỢC CHÂN KHUÂN VÁC,xin được chân khuân vác
VIVOSDEV01_R150_snr5,vivos,phowhisper,base,tone_aware_lora,0.05,42,5,noise,XIN ĐƯỢC CHÂN KHUÂN VÁC,xin được chân khuân vác
VIVOSDEV01_R151_clean,vivos,phowhisper,base,tone_aware_lora,0.05,42,clean,clean,NHƯNG KHI TIẾN GẦN VÀO VỊNH THÌ MẶT BIỂN BỊ RẠN VỠ,nhưng khi tiến rừng vào vịnh thì mặt biển bị rạn vỡ
VIVOSDEV01_R151_snr0,vivos,phowhisper,base,tone_aware_lora,0.05,42,0,noise,NHƯNG KHI TIẾN GẦN VÀO VỊNH THÌ MẶT BIỂN BỊ RẠN VỠ,nhưng khi tiến rừng vào vịnh thì mặt biển bị rạn vỡ
VIVOSDEV01_R151_snr10,vivos,phowhisper,base,tone_aware_lora,0.05,42,10,noise,NHƯNG KHI TIẾN GẦN VÀO VỊNH THÌ MẶT BIỂN BỊ RẠN VỠ,nhưng khi tiếng rừng vào vĩnh thì mặt biển bị rạn vỡ
VIVOSDEV01_R151_snr20,vivos,phowhisper,base,tone_aware_lora,0.05,42,20,music,NHƯNG KHI TIẾN GẦN VÀO VỊNH THÌ MẶT BIỂN BỊ RẠN VỠ,nhưng khi tiến rừng vào vịnh thì mặt biển bị rạn vỡ
VIVOSDEV01_R151_snr5,vivos,phowhisper,base,tone_aware_lora,0.05,42,5,noise,NHƯNG KHI TIẾN GẦN VÀO VỊNH THÌ MẶT BIỂN BỊ RẠN VỠ,nhưng khi tiếng rừng vào vĩnh hiền bị mặc biển bị rạn vỡ
VIVOSDEV01_R164_clean,vivos,phowhisper,base,tone_aware_lora,0.05,42,clean,clean,MỘT BÀ NGOẠI GIẶT ĐỒ THUÊ,một bà ngoại giật đồ hôi
VIVOSDEV01_R164_snr0,vivos,phowhisper,base,tone_aware_lora,0.05,42,0,noise,MỘT BÀ NGOẠI GIẶT ĐỒ THUÊ,một bà hoa dẫn đầu khôi
VIVOSDEV01_R164_snr10,vivos,phowhisper,base,tone_aware_lora,0.05,42,10,speech,MỘT BÀ NGOẠI GIẶT ĐỒ THUÊ,một bà ngoại giặt đồ hôi
VIVOSDEV01_R164_snr20,vivos,phowhisper,base,tone_aware_lora,0.05,42,20,speech,MỘT BÀ NGOẠI GIẶT ĐỒ THUÊ,một bà ngoại giặt đồ hôi
VIVOSDEV01_R164_snr5,vivos,phowhisper,base,tone_aware_lora,0.05,42,5,music,MỘT BÀ NGOẠI GIẶT ĐỒ THUÊ,một bà ngoại giặt đồ thôi
VIVOSDEV01_R172_clean,vivos,phowhisper,base,tone_aware_lora,0.05,42,clean,clean,TÂY GIANG VẪN CÒN KHẮC KHOẢI KHÔNG THỂ VÀO XÃ A NÔNG,tây giang vẫn còn khắc khoải không thể vào sở a nông
VIVOSDEV01_R172_snr0,vivos,phowhisper,base,tone_aware_lora,0.05,42,0,music,TÂY GIANG VẪN CÒN KHẮC KHOẢI KHÔNG THỂ VÀO XÃ A NÔNG,khi gian bụng còn khắc bởi không thể vào sở a nông
VIVOSDEV01_R172_snr10,vivos,phowhisper,base,tone_aware_lora,0.05,42,10,noise,TÂY GIANG VẪN CÒN KHẮC KHOẢI KHÔNG THỂ VÀO XÃ A NÔNG,tây giang vẫn còn khắc khoải không thể vào sở a nông
VIVOSDEV01_R172_snr20,vivos,phowhisper,base,tone_aware_lora,0.05,42,20,noise,TÂY GIANG VẪN CÒN KHẮC KHOẢI KHÔNG THỂ VÀO XÃ A NÔNG,tây giang vẫn còn khắc khoải không thể vào sở a nông
VIVOSDEV01_R172_snr5,vivos,phowhisper,base,tone_aware_lora,0.05,42,5,noise,TÂY GIANG VẪN CÒN KHẮC KHOẢI KHÔNG THỂ VÀO XÃ A NÔNG,tây giang vẫn còn khắc khoải không thể vào sở a nông
VIVOSDEV01_R174_clean,vivos,phowhisper,base,tone_aware_lora,0.05,42,clean,clean,NHỮNG DỰ ĐỊNH CẦN PHẢI ĐƯỢC BIẾN THÀNH HIỆN THỰC,những dự định cần phải được biến thành hiện thực
VIVOSDEV01_R174_snr0,vivos,phowhisper,base,tone_aware_lora,0.05,42,0,speech,NHỮNG DỰ ĐỊNH CẦN PHẢI ĐƯỢC BIẾN THÀNH HIỆN THỰC,hoặc khám giữ đánh cần phải được truyền thống
VIVOSDEV01_R174_snr10,vivos,phowhisper,base,tone_aware_lora,0.05,42,10,music,NHỮNG DỰ ĐỊNH CẦN PHẢI ĐƯỢC BIẾN THÀNH HIỆN THỰC,những dự định cần phải được tiến hành hiện thực
VIVOSDEV01_R174_snr20,vivos,phowhisper,base,tone_aware_lora,0.05,42,20,music,NHỮNG DỰ ĐỊNH CẦN PHẢI ĐƯỢC BIẾN THÀNH HIỆN THỰC,những dự định cần phải được biến thành hiện thực
VIVOSDEV01_R174_snr5,vivos,phowhisper,base,tone_aware_lora,0.05,42,5,music,NHỮNG DỰ ĐỊNH CẦN PHẢI ĐƯỢC BIẾN THÀNH HIỆN THỰC,những dự định cần phải được biến thành hiện thực
VIVOSDEV01_R176_clean,vivos,phowhisper,base,tone_aware_lora,0.05,42,clean,clean,ĐỂ TÀU KHÔNG PHẢI CƯỠI CẦU TÀU,để tào không phải cởi cầu tào
VIVOSDEV01_R176_snr0,vivos,phowhisper,base,tone_aware_lora,0.05,42,0,music,ĐỂ TÀU KHÔNG PHẢI CƯỠI CẦU TÀU,kể tàu không phải cởi cầu tàu
VIVOSDEV01_R176_snr10,vivos,phowhisper,base,tone_aware_lora,0.05,42,10,speech,ĐỂ TÀU KHÔNG PHẢI CƯỠI CẦU TÀU,để tào không phải cởi cầu tào
VIVOSDEV01_R176_snr20,vivos,phowhisper,base,tone_aware_lora,0.05,42,20,noise,ĐỂ TÀU KHÔNG PHẢI CƯỠI CẦU TÀU,để tào không phải cởi cầu tào
VIVOSDEV01_R176_snr5,vivos,phowhisper,base,tone_aware_lora,0.05,42,5,noise,ĐỂ TÀU KHÔNG PHẢI CƯỠI CẦU TÀU,để tào không phải cởi cầu tào
VIVOSDEV01_R180_clean,vivos,phowhisper,base,tone_aware_lora,0.05,42,clean,clean,BÀN CHỔI SƠN BẰNG BÔNG MỀM RẤT PHỔ BIẾN,bàn chổi sơn bằng bông mềm rước phổ biến
VIVOSDEV01_R180_snr0,vivos,phowhisper,base,tone_aware_lora,0.05,42,0,music,BÀN CHỔI SƠN BẰNG BÔNG MỀM RẤT PHỔ BIẾN,bàn chổi sơn bằng bông mèm rước khổ biến
VIVOSDEV01_R180_snr10,vivos,phowhisper,base,tone_aware_lora,0.05,42,10,noise,BÀN CHỔI SƠN BẰNG BÔNG MỀM RẤT PHỔ BIẾN,bàn chổi sơn bằng bông mềm rứt phổ biến
VIVOSDEV01_R180_snr20,vivos,phowhisper,base,tone_aware_lora,0.05,42,20,noise,BÀN CHỔI SƠN BẰNG BÔNG MỀM RẤT PHỔ BIẾN,bàn chổi sơn bằng bông mềm rước phổ biến
VIVOSDEV01_R180_snr5,vivos,phowhisper,base,tone_aware_lora,0.05,42,5,music,BÀN CHỔI SƠN BẰNG BÔNG MỀM RẤT PHỔ BIẾN,bàn chổi sơn bằng vông mềm rước phổ biến
VIVOSDEV01_R188_clean,vivos,phowhisper,base,tone_aware_lora,0.05,42,clean,clean,VIỆC QUY TỘI ĐỂ BÙNG NỔ LOẠI SÁCH NÀY LÀ DO,việc quy tội để bùng nổ loại sách này là do
VIVOSDEV01_R188_snr0,vivos,phowhisper,base,tone_aware_lora,0.05,42,0,noise,VIỆC QUY TỘI ĐỂ BÙNG NỔ LOẠI SÁCH NÀY LÀ DO,việc quy tội để bùng nổ loại sách này là do
VIVOSDEV01_R188_snr10,vivos,phowhisper,base,tone_aware_lora,0.05,42,10,speech,VIỆC QUY TỘI ĐỂ BÙNG NỔ LOẠI SÁCH NÀY LÀ DO,việc quy tội để bùng nổ loại sách này là do
VIVOSDEV01_R188_snr20,vivos,phowhisper,base,tone_aware_lora,0.05,42,20,music,VIỆC QUY TỘI ĐỂ BÙNG NỔ LOẠI SÁCH NÀY LÀ DO,việc quy tội để bùng nổ loại sách này là do
VIVOSDEV01_R188_snr5,vivos,phowhisper,base,tone_aware_lora,0.05,42,5,noise,VIỆC QUY TỘI ĐỂ BÙNG NỔ LOẠI SÁCH NÀY LÀ DO,việc quy tội để bùng nổ loại sách này là do
VIVOSDEV01_T002_clean,vivos,phowhisper,base,tone_aware_lora,0.05,42,clean,clean,CŨNG CHƯA BIẾT NỮA,cũng chưa biết nữa
VIVOSDEV01_T002_snr0,vivos,phowhisper,base,tone_aware_lora,0.05,42,0,speech,CŨNG CHƯA BIẾT NỮA,điều cũng chưa biết một cuộc ăn xin nghe nổi tiếng
VIVOSDEV01_T002_snr10,vivos,phowhisper,base,tone_aware_lora,0.05,42,10,music,CŨNG CHƯA BIẾT NỮA,cũng chưa biết nữa
VIVOSDEV01_T002_snr20,vivos,phowhisper,base,tone_aware_lora,0.05,42,20,speech,CŨNG CHƯA BIẾT NỮA,cũng chưa biết nữa
VIVOSDEV01_T002_snr5,vivos,phowhisper,base,tone_aware_lora,0.05,42,5,music,CŨNG CHƯA BIẾT NỮA,cũng chưa biết nữa
VIVOSDEV01_T038_clean,vivos,phowhisper,base,tone_aware_lora,0.05,42,clean,clean,CHẮC SẮP TỚI THU XẾP ĐI DU LỊCH THÔI,chắc sắp tới khuê sếp đi du lịch thôi
VIVOSDEV01_T038_snr0,vivos,phowhisper,base,tone_aware_lora,0.05,42,0,noise,CHẮC SẮP TỚI THU XẾP ĐI DU LỊCH THÔI,chắc sắc phải hôi sếp đi du lịch thôi
VIVOSDEV01_T038_snr10,vivos,phowhisper,base,tone_aware_lora,0.05,42,10,music,CHẮC SẮP TỚI THU XẾP ĐI DU LỊCH THÔI,chắc chắc tới hưu sếp đi du lịch thôi
VIVOSDEV01_T038_snr20,vivos,phowhisper,base,tone_aware_lora,0.05,42,20,music,CHẮC SẮP TỚI THU XẾP ĐI DU LỊCH THÔI,chắc sắp tới khuê sếp đi du lịch thôi
VIVOSDEV01_T038_snr5,vivos,phowhisper,base,tone_aware_lora,0.05,42,5,music,CHẮC SẮP TỚI THU XẾP ĐI DU LỊCH THÔI,chắc chắn tới thu xếp đi du lịch thôi
VIVOSDEV01_T043_clean,vivos,phowhisper,base,tone_aware_lora,0.05,42,clean,clean,NÓ TRỐN MẤT TIÊU RỒI CÒN ĐÂU,nó trốn mất tia gọi còn đâu
VIVOSDEV01_T043_snr0,vivos,phowhisper,base,tone_aware_lora,0.05,42,0,noise,NÓ TRỐN MẤT TIÊU RỒI CÒN ĐÂU,nó trốn mất tia gọi còn đâu
VIVOSDEV01_T043_snr10,vivos,phowhisper,base,tone_aware_lora,0.05,42,10,noise,NÓ TRỐN MẤT TIÊU RỒI CÒN ĐÂU,nói chốn mất tia gọi còn đâu
VIVOSDEV01_T043_snr20,vivos,phowhisper,base,tone_aware_lora,0.05,42,20,speech,NÓ TRỐN MẤT TIÊU RỒI CÒN ĐÂU,nó trốn mất tia gọi còn đâu
VIVOSDEV01_T043_snr5,vivos,phowhisper,base,tone_aware_lora,0.05,42,5,music,NÓ TRỐN MẤT TIÊU RỒI CÒN ĐÂU,nói chốn bất kì rồi còn đâu
VIVOSDEV02_R009_clean,vivos,phowhisper,base,tone_aware_lora,0.05,42,clean,clean,BÀ QUẢNG VẪN ĐANG BẬN RỘN,bà quảng vẫn đang bận rộn
VIVOSDEV02_R009_snr0,vivos,phowhisper,base,tone_aware_lora,0.05,42,0,noise,BÀ QUẢNG VẪN ĐANG BẬN RỘN,và quãng vướng vướng vướng rộn
VIVOSDEV02_R009_snr10,vivos,phowhisper,base,tone_aware_lora,0.05,42,10,noise,BÀ QUẢNG VẪN ĐANG BẬN RỘN,bà quảng vẫn đang bận rộn
VIVOSDEV02_R009_snr20,vivos,phowhisper,base,tone_aware_lora,0.05,42,20,music,BÀ QUẢNG VẪN ĐANG BẬN RỘN,bà quảng vẫn đang bận rộn
VIVOSDEV02_R009_snr5,vivos,phowhisper,base,tone_aware_lora,0.05,42,5,music,BÀ QUẢNG VẪN ĐANG BẬN RỘN,bà quảng vẫn đang bận rộn
VIVOSDEV02_R031_clean,vivos,phowhisper,base,tone_aware_lora,0.05,42,clean,clean,MUỐN ĐẸP PHẢI GHÈ LÀM SAO CHO CÁC BÓ CƠ CHÂN NỔI BẬT LÊN,muốn đẹp phải dè làm sao cho cáp bó cơ trên nổi bật lên
VIVOSDEV02_R031_snr0,vivos,phowhisper,base,tone_aware_lora,0.05,42,0,speech,MUỐN ĐẸP PHẢI GHÈ LÀM SAO CHO CÁC BÓ CƠ CHÂN NỔI BẬT LÊN,bố mẹ phải kèm lá cháo cho thoát bỏ cởi chạc nổi lên trí oanh
VIVOSDEV02_R031_snr10,vivos,phowhisper,base,tone_aware_lora,0.05,42,10,music,MUỐN ĐẸP PHẢI GHÈ LÀM SAO CHO CÁC BÓ CƠ CHÂN NỔI BẬT LÊN,muốn đẹp phải chè làm sao cho cát bó cơm chân nổi bật lên
VIVOSDEV02_R031_snr20,vivos,phowhisper,base,tone_aware_lora,0.05,42,20,noise,MUỐN ĐẸP PHẢI GHÈ LÀM SAO CHO CÁC BÓ CƠ CHÂN NỔI BẬT LÊN,muốn đẹp phải chè làm sao cho cáp bó cơ chân nổi bật lên
VIVOSDEV02_R031_snr5,vivos,phowhisper,base,tone_aware_lora,0.05,42,5,noise,MUỐN ĐẸP PHẢI GHÈ LÀM SAO CHO CÁC BÓ CƠ CHÂN NỔI BẬT LÊN,muốn đẹp phải chè làm sao cho cát bó cơm trên nổi bật lên
VIVOSDEV02_R045_clean,vivos,phowhisper,base,tone_aware_lora,0.05,42,clean,clean,CÔ CỨ NHÈ NGAY CÁI NỌNG CÁ TRÊ,cơ cứ nhà cái nọng cái chê
VIVOSDEV02_R045_snr0,vivos,phowhisper,base,tone_aware_lora,0.05,42,0,music,CÔ CỨ NHÈ NGAY CÁI NỌNG CÁ TRÊ,cơ cứa nhà cái ngọt cái chơi
VIVOSDEV02_R045_snr10,vivos,phowhisper,base,tone_aware_lora,0.05,42,10,noise,CÔ CỨ NHÈ NGAY CÁI NỌNG CÁ TRÊ,cơ cứ nhà cái nọc cái chê
VIVOSDEV02_R045_snr20,vivos,phowhisper,base,tone_aware_lora,0.05,42,20,noise,CÔ CỨ NHÈ NGAY CÁI NỌNG CÁ TRÊ,cơ cứ nhà cái nọng cái chê
VIVOSDEV02_R045_snr5,vivos,phowhisper,base,tone_aware_lora,0.05,42,5,speech,CÔ CỨ NHÈ NGAY CÁI NỌNG CÁ TRÊ,cơ cứ nhà cái thằng cái chê
VIVOSDEV02_R067_clean,vivos,phowhisper,base,tone_aware_lora,0.05,42,clean,clean,ÔNG CHỦ TỊCH TUYÊN BỐ NHƯ THẾ NÀO,ông chủ tịch điên bố như thế nào
VIVOSDEV02_R067_snr0,vivos,phowhisper,base,tone_aware_lora,0.05,42,0,speech,ÔNG CHỦ TỊCH TUYÊN BỐ NHƯ THẾ NÀO,ông chủ tịch tuy bớ như thế nào
VIVOSDEV02_R067_snr10,vivos,phowhisper,base,tone_aware_lora,0.05,42,10,speech,ÔNG CHỦ TỊCH TUYÊN BỐ NHƯ THẾ NÀO,ông chủ tịch điên bố như thế nào
VIVOSDEV02_R067_snr20,vivos,phowhisper,base,tone_aware_lora,0.05,42,20,music,ÔNG CHỦ TỊCH TUYÊN BỐ NHƯ THẾ NÀO,ông chủ tịch điên bố như thế nào
VIVOSDEV02_R067_snr5,vivos,phowhisper,base,tone_aware_lora,0.05,42,5,noise,ÔNG CHỦ TỊCH TUYÊN BỐ NHƯ THẾ NÀO,ông chủ tịch đem bó như thế nào
VIVOSDEV02_R068_clean,vivos,phowhisper,base,tone_aware_lora,0.05,42,clean,clean,KHIẾN HAI CHA CON CẬU,khiến hai cha con cậu
VIVOSDEV02_R068_snr0,vivos,phowhisper,base,tone_aware_lora,0.05,42,0,speech,KHIẾN HAI CHA CON CẬU,khiến hai đoàn con cậu
VIVOSDEV02_R068_snr10,vivos,phowhisper,base,tone_aware_lora,0.05,42,10,speech,KHIẾN HAI CHA CON CẬU,khiến hai cha con cậu
VIVOSDEV02_R068_snr20,vivos,phowhisper,base,tone_aware_lora,0.05,42,20,music,KHIẾN HAI CHA CON CẬU,khiến hai cha con cậu
VIVOSDEV02_R068_snr5,vivos,phowhisper,base,tone_aware_lora,0.05,42,5,noise,KHIẾN HAI CHA CON CẬU,khiến hai cha con cậu
VIVOSDEV02_R071_clean,vivos,phowhisper,base,tone_aware_lora,0.05,42,clean,clean,MỖI KHI XE RÁC ĐI NGANG QUA ĐÁNH KẺNG MỚI ĐEM RA ĐỔ,mỗi khi xe lá ti ngang qua tán trẻ mới đem ra đổ
VIVOSDEV02_R071_snr0,vivos,phowhisper,base,tone_aware_lora,0.05,42,0,speech,MỖI KHI XE RÁC ĐI NGANG QUA ĐÁNH KẺNG MỚI ĐEM RA ĐỔ,mọi khi sẽ ra tình ngang qua tấn công mới đẹp là đó
VIVOSDEV02_R071_snr10,vivos,phowhisper,base,tone_aware_lora,0.05,42,10,noise,MỖI KHI XE RÁC ĐI NGANG QUA ĐÁNH KẺNG MỚI ĐEM RA ĐỔ,mỗi khi xe lá ti ngang qua tán tiệm mới đem ra đổ
VIVOSDEV02_R071_snr20,vivos,phowhisper,base,tone_aware_lora,0.05,42,20,speech,MỖI KHI XE RÁC ĐI NGANG QUA ĐÁNH KẺNG MỚI ĐEM RA ĐỔ,mỗi khi xe lá tiên ngang qua tăng kiểm mới đem ra đổ
VIVOSDEV02_R071_snr5,vivos,phowhisper,base,tone_aware_lora,0.05,42,5,music,MỖI KHI XE RÁC ĐI NGANG QUA ĐÁNH KẺNG MỚI ĐEM RA ĐỔ,mỗi khi xe lá ti ngang qua tăng kiểm mới đem ra đổ
VIVOSDEV02_R076_clean,vivos,phowhisper,base,tone_aware_lora,0.05,42,clean,clean,THAY VÌ BỐN GIỜ NHƯ TRƯỚC ĐÂY,thay vì bốn giờ như trước đây
VIVOSDEV02_R076_snr0,vivos,phowhisper,base,tone_aware_lora,0.05,42,0,speech,THAY VÌ BỐN GIỜ NHƯ TRƯỚC ĐÂY,tại vì bốm dòi như chưa tới
VIVOSDEV02_R076_snr10,vivos,phowhisper,base,tone_aware_lora,0.05,42,10,speech,THAY VÌ BỐN GIỜ NHƯ TRƯỚC ĐÂY,thay vì bốn giờ như chiếc đai
VIVOSDEV02_R076_snr20,vivos,phowhisper,base,tone_aware_lora,0.05,42,20,noise,THAY VÌ BỐN GIỜ NHƯ TRƯỚC ĐÂY,thay vì bốn giờ như trước đây
VIVOSDEV02_R076_snr5,vivos,phowhisper,base,tone_aware_lora,0.05,42,5,noise,THAY VÌ BỐN GIỜ NHƯ TRƯỚC ĐÂY,thay vì bốn giờ như chiếc đây
VIVOSDEV02_R079_clean,vivos,phowhisper,base,tone_aware_lora,0.05,42,clean,clean,HẦU HẾT NANG NÀY CÓ NGUỒN GỐC TỪ GÂN CƠ CHÂN NGỖNG,hầu hết cha này có nguồn gốc từ gương cơ chưng ngỗng
VIVOSDEV02_R079_snr0,vivos,phowhisper,base,tone_aware_lora,0.05,42,0,music,HẦU HẾT NANG NÀY CÓ NGUỒN GỐC TỪ GÂN CƠ CHÂN NGỖNG,hầu hết cha này có cuồng gấp từ gương cơ chưng lông
VIVOSDEV02_R079_snr10,vivos,phowhisper,base,tone_aware_lora,0.05,42,10,noise,HẦU HẾT NANG NÀY CÓ NGUỒN GỐC TỪ GÂN CƠ CHÂN NGỖNG,hầu hết cha này có nguồn gốc từ gân cơ chân ngỗng
VIVOSDEV02_R079_snr20,vivos,phowhisper,base,tone_aware_lora,0.05,42,20,speech,HẦU HẾT NANG NÀY CÓ NGUỒN GỐC TỪ GÂN CƠ CHÂN NGỖNG,hầu hết cha này có nguồn gốc từ gương cơ chưng ngọng
VIVOSDEV02_R079_snr5,vivos,phowhisper,base,tone_aware_lora,0.05,42,5,speech,HẦU HẾT NANG NÀY CÓ NGUỒN GỐC TỪ GÂN CƠ CHÂN NGỖNG,hầu hết trang này có nguồn gốc từ gân cơi chân ngọng
VIVOSDEV02_R087_clean,vivos,phowhisper,base,tone_aware_lora,0.05,42,clean,clean,TIẾNG MÃ TẤU SẮC LẠNH CHẠM NHAU VÀ CẢ TIẾNG RÊN RỈ,tuy mã đó chắc chắn chẳng lặng cảm nhau và cả tiếng rên rỉ
VIVOSDEV02_R087_snr0,vivos,phowhisper,base,tone_aware_lora,0.05,42,0,noise,TIẾNG MÃ TẤU SẮC LẠNH CHẠM NHAU VÀ CẢ TIẾNG RÊN RỈ,tuyến mã đói xác lặng giảm nhau và cả tiếng lên hỉ
VIVOSDEV02_R087_snr10,vivos,phowhisper,base,tone_aware_lora,0.05,42,10,speech,TIẾNG MÃ TẤU SẮC LẠNH CHẠM NHAU VÀ CẢ TIẾNG RÊN RỈ,tí mã đó chắc chắn chẳng lặng cảm nhau và cải tiến trên rỉ
VIVOSDEV02_R087_snr20,vivos,phowhisper,base,tone_aware_lora,0.05,42,20,noise,TIẾNG MÃ TẤU SẮC LẠNH CHẠM NHAU VÀ CẢ TIẾNG RÊN RỈ,tuy mã đó chắc chắn chẳng lặng cảm nhau và cả tiếng rên rỉ
VIVOSDEV02_R087_snr5,vivos,phowhisper,base,tone_aware_lora,0.05,42,5,noise,TIẾNG MÃ TẤU SẮC LẠNH CHẠM NHAU VÀ CẢ TIẾNG RÊN RỈ,tuy mã đấu sách lặng cảm nhau và cả tuyến trang lỵ
VIVOSDEV02_R089_clean,vivos,phowhisper,base,tone_aware_lora,0.05,42,clean,clean,CÓ HẲN MỘT LOẠT BÀI VIẾT CHUYÊN ĐỀ VỀ QUẢN TRỊ THƯƠNG HIỆU,có hẳn một loạt bài viết chuyên đề về quản trị thương hiệu
VIVOSDEV02_R089_snr0,vivos,phowhisper,base,tone_aware_lora,0.05,42,0,music,CÓ HẲN MỘT LOẠT BÀI VIẾT CHUYÊN ĐỀ VỀ QUẢN TRỊ THƯƠNG HIỆU,có hẳn một loạt vài mía trên đè về quản trị thương hiệu
VIVOSDEV02_R089_snr10,vivos,phowhisper,base,tone_aware_lora,0.05,42,10,noise,CÓ HẲN MỘT LOẠT BÀI VIẾT CHUYÊN ĐỀ VỀ QUẢN TRỊ THƯƠNG HIỆU,có hẳn một loạt bài viết trên đề về quán chị thương hiệu
VIVOSDEV02_R089_snr20,vivos,phowhisper,base,tone_aware_lora,0.05,42,20,speech,CÓ HẲN MỘT LOẠT BÀI VIẾT CHUYÊN ĐỀ VỀ QUẢN TRỊ THƯƠNG HIỆU,có hẳn một loạt bài viết chuyên đề về quản trị thương hiệu
VIVOSDEV02_R089_snr5,vivos,phowhisper,base,tone_aware_lora,0.05,42,5,music,CÓ HẲN MỘT LOẠT BÀI VIẾT CHUYÊN ĐỀ VỀ QUẢN TRỊ THƯƠNG HIỆU,có hẳn một loạt bài viết chuyên đề về quản trị thương hiệu
VIVOSDEV02_R091_clean,vivos,phowhisper,base,tone_aware_lora,0.05,42,clean,clean,HỢP VỚI HƯƠNG VỊ ĐẦU XUÂN,hợp với hương vị đầu sân
VIVOSDEV02_R091_snr0,vivos,phowhisper,base,tone_aware_lora,0.05,42,0,noise,HỢP VỚI HƯƠNG VỊ ĐẦU XUÂN,hợp với hương vị đầu sân
VIVOSDEV02_R091_snr10,vivos,phowhisper,base,tone_aware_lora,0.05,42,10,noise,HỢP VỚI HƯƠNG VỊ ĐẦU XUÂN,hợp với hương vị đầu sân
VIVOSDEV02_R091_snr20,vivos,phowhisper,base,tone_aware_lora,0.05,42,20,noise,HỢP VỚI HƯƠNG VỊ ĐẦU XUÂN,hợp với hương vị đầu sân
VIVOSDEV02_R091_snr5,vivos,phowhisper,base,tone_aware_lora,0.05,42,5,music,HỢP VỚI HƯƠNG VỊ ĐẦU XUÂN,hợp với hương vị đầu sân
VIVOSDEV02_R106_clean,vivos,phowhisper,base,tone_aware_lora,0.05,42,clean,clean,TRỞ NÊN THỤ ĐỘNG,trở nên thụ động
VIVOSDEV02_R106_snr0,vivos,phowhisper,base,tone_aware_lora,0.05,42,0,speech,TRỞ NÊN THỤ ĐỘNG,trở nên thụ động
VIVOSDEV02_R106_snr10,vivos,phowhisper,base,tone_aware_lora,0.05,42,10,music,TRỞ NÊN THỤ ĐỘNG,trở nên thụ động
VIVOSDEV02_R106_snr20,vivos,phowhisper,base,tone_aware_lora,0.05,42,20,noise,TRỞ NÊN THỤ ĐỘNG,trở nên thụ động
VIVOSDEV02_R106_snr5,vivos,phowhisper,base,tone_aware_lora,0.05,42,5,speech,TRỞ NÊN THỤ ĐỘNG,trở nên thụ động
VIVOSDEV02_R130_clean,vivos,phowhisper,base,tone_aware_lora,0.05,42,clean,clean,CHỊ GẶN HỎI ANH THỀ SỐNG THỀ CHẾT LÀ KHÔNG CÓ,chị dẫn hỏi anh thể sống thể chết là không có
VIVOSDEV02_R130_snr0,vivos,phowhisper,base,tone_aware_lora,0.05,42,0,noise,CHỊ GẶN HỎI ANH THỀ SỐNG THỀ CHẾT LÀ KHÔNG CÓ,chị chẳng hỏi anh thể sống thể chế là không có
VIVOSDEV02_R130_snr10,vivos,phowhisper,base,tone_aware_lora,0.05,42,10,speech,CHỊ GẶN HỎI ANH THỀ SỐNG THỀ CHẾT LÀ KHÔNG CÓ,chị dặn hỏi anh thể sống thể chết là không có
VIVOSDEV02_R130_snr20,vivos,phowhisper,base,tone_aware_lora,0.05,42,20,music,CHỊ GẶN HỎI ANH THỀ SỐNG THỀ CHẾT LÀ KHÔNG CÓ,chị dẫn hỏi anh thể sống thể chết là không có
VIVOSDEV02_R130_snr5,vivos,phowhisper,base,tone_aware_lora,0.05,42,5,music,CHỊ GẶN HỎI ANH THỀ SỐNG THỀ CHẾT LÀ KHÔNG CÓ,chỉ dặn hỏi anh thề sống thề chết là không có
VIVOSDEV02_R132_clean,vivos,phowhisper,base,tone_aware_lora,0.05,42,clean,clean,ĐIỆN THOẠI RENG NHƯNG TA CŨNG PHẢI NHẤC MÁY ĐÚNG KHÔNG,tiền thoại ren nhưng ta cũng phải nhấc mấy đúng không
VIVOSDEV02_R132_snr0,vivos,phowhisper,base,tone_aware_lora,0.05,42,0,music,ĐIỆN THOẠI RENG NHƯNG TA CŨNG PHẢI NHẤC MÁY ĐÚNG KHÔNG,tiền thái lê nhân ta vụt phải ném may đúng không
VIVOSDEV02_R132_snr10,vivos,phowhisper,base,tone_aware_lora,0.05,42,10,music,ĐIỆN THOẠI RENG NHƯNG TA CŨNG PHẢI NHẤC MÁY ĐÚNG KHÔNG,điện thoại re nhưng ta cũng phải nhấc mấy đúng không
VIVOSDEV02_R132_snr20,vivos,phowhisper,base,tone_aware_lora,0.05,42,20,music,ĐIỆN THOẠI RENG NHƯNG TA CŨNG PHẢI NHẤC MÁY ĐÚNG KHÔNG,tiền thoại ren nhưng ta cũng phải nhấc mấy đúng không
VIVOSDEV02_R132_snr5,vivos,phowhisper,base,tone_aware_lora,0.05,42,5,speech,ĐIỆN THOẠI RENG NHƯNG TA CŨNG PHẢI NHẤC MÁY ĐÚNG KHÔNG,nhìn thải ren nhưng ta cũng phải nhức mày tùng không
VIVOSDEV02_R135_clean,vivos,phowhisper,base,tone_aware_lora,0.05,42,clean,clean,CŨNG THUỘC LOẠI DÀY ĐẶC NHẤT TRONG HỆ MẶT TRỜI,cuốn thuộc lại giày đặc nhất trong hệ mặt trời
VIVOSDEV02_R135_snr0,vivos,phowhisper,base,tone_aware_lora,0.05,42,0,speech,CŨNG THUỘC LOẠI DÀY ĐẶC NHẤT TRONG HỆ MẶT TRỜI,cuốn thuộc lại giây đặc biệt trong hệ mặt trời
VIVOSDEV02_R135_snr10,vivos,phowhisper,base,tone_aware_lora,0.05,42,10,music,CŨNG THUỘC LOẠI DÀY ĐẶC NHẤT TRONG HỆ MẶT TRỜI,cốn thủ lại dày đặc nhất trong hệ mặt trời
VIVOSDEV02_R135_snr20,vivos,phowhisper,base,tone_aware_lora,0.05,42,20,speech,CŨNG THUỘC LOẠI DÀY ĐẶC NHẤT TRONG HỆ MẶT TRỜI,cuốn thuộc lại giày đặc nhất trong hệ mặt trời
VIVOSDEV02_R135_snr5,vivos,phowhisper,base,tone_aware_lora,0.05,42,5,speech,CŨNG THUỘC LOẠI DÀY ĐẶC NHẤT TRONG HỆ MẶT TRỜI,tuấn phục lại giày đặc nhất trong hệ mặt trời
VIVOSDEV02_R137_clean,vivos,phowhisper,base,tone_aware_lora,0.05,42,clean,clean,CÁC VỤ THAM NHŨNG VÀ BÊ BỐI KINH TẾ,các vụ tham nhũng và bê bối kinh tế
VIVOSDEV02_R137_snr0,vivos,phowhisper,base,tone_aware_lora,0.05,42,0,noise,CÁC VỤ THAM NHŨNG VÀ BÊ BỐI KINH TẾ,các cuộc tham nhũng và bê bối kinh tế
VIVOSDEV02_R137_snr10,vivos,phowhisper,base,tone_aware_lora,0.05,42,10,music,CÁC VỤ THAM NHŨNG VÀ BÊ BỐI KINH TẾ,các vụ tham nhũng và bê bối kinh tế
VIVOSDEV02_R137_snr20,vivos,phowhisper,base,tone_aware_lora,0.05,42,20,noise,CÁC VỤ THAM NHŨNG VÀ BÊ BỐI KINH TẾ,các vụ tham nhũng và bê bối kinh tế
VIVOSDEV02_R137_snr5,vivos,phowhisper,base,tone_aware_lora,0.05,42,5,noise,CÁC VỤ THAM NHŨNG VÀ BÊ BỐI KINH TẾ,các cuộc tham nhũng và bê bối kinh tế
VIVOSDEV02_R164_clean,vivos,phowhisper,base,tone_aware_lora,0.05,42,clean,clean,CÁC CHƯƠNG TRÌNH CA NHẠC PHẦN LỚN ĐỀU KHÔNG ĐỘT PHÁ,các chương trình ca nhạc tình lớn đều không đột phá
VIVOSDEV02_R164_snr0,vivos,phowhisper,base,tone_aware_lora,0.05,42,0,speech,CÁC CHƯƠNG TRÌNH CA NHẠC PHẦN LỚN ĐỀU KHÔNG ĐỘT PHÁ,các chương trình ca nhạc tình lớn đều không đợt thoải
VIVOSDEV02_R164_snr10,vivos,phowhisper,base,tone_aware_lora,0.05,42,10,noise,CÁC CHƯƠNG TRÌNH CA NHẠC PHẦN LỚN ĐỀU KHÔNG ĐỘT PHÁ,các chương trình ca nhạc thịnh lên đều không độc thế
VIVOSDEV02_R164_snr20,vivos,phowhisper,base,tone_aware_lora,0.05,42,20,speech,CÁC CHƯƠNG TRÌNH CA NHẠC PHẦN LỚN ĐỀU KHÔNG ĐỘT PHÁ,các chương trình ca nhạc tình lớn đều không đột phá
VIVOSDEV02_R164_snr5,vivos,phowhisper,base,tone_aware_lora,0.05,42,5,speech,CÁC CHƯƠNG TRÌNH CA NHẠC PHẦN LỚN ĐỀU KHÔNG ĐỘT PHÁ,các chương trình cá nhân thịnh lớn đều không tốt phá
VIVOSDEV02_R170_clean,vivos,phowhisper,base,tone_aware_lora,0.05,42,clean,clean,RỒI CHẠY SANG GÕ CỬA PHÒNG BA LE HAI DẤM DÚI,rồi chạy sang gõ cửa phòng ba lên hai giấm dúi
VIVOSDEV02_R170_snr0,vivos,phowhisper,base,tone_aware_lora,0.05,42,0,music,RỒI CHẠY SANG GÕ CỬA PHÒNG BA LE HAI DẤM DÚI,rồi chạy ra gõ cửa phòng và lên hai chậm xuống
VIVOSDEV02_R170_snr10,vivos,phowhisper,base,tone_aware_lora,0.05,42,10,noise,RỒI CHẠY SANG GÕ CỬA PHÒNG BA LE HAI DẤM DÚI,rồi chạy sang gõ cửa phòng ba lên hai giấm duối
VIVOSDEV02_R170_snr20,vivos,phowhisper,base,tone_aware_lora,0.05,42,20,noise,RỒI CHẠY SANG GÕ CỬA PHÒNG BA LE HAI DẤM DÚI,rồi chạy sang rõ cửa phòng ba lên hai giấm dúi
VIVOSDEV02_R170_snr5,vivos,phowhisper,base,tone_aware_lora,0.05,42,5,speech,RỒI CHẠY SANG GÕ CỬA PHÒNG BA LE HAI DẤM DÚI,rồi chạy sang rõ cửa phòng ba lên hai giấm dui
VIVOSDEV02_R173_clean,vivos,phowhisper,base,tone_aware_lora,0.05,42,clean,clean,ĐỂ TRẢ TRỞ LẠI ĐẠI DƯƠNG,để trả trở lại đại dương
VIVOSDEV02_R173_snr0,vivos,phowhisper,base,tone_aware_lora,0.05,42,0,noise,ĐỂ TRẢ TRỞ LẠI ĐẠI DƯƠNG,để trả trở lại thại dương
VIVOSDEV02_R173_snr10,vivos,phowhisper,base,tone_aware_lora,0.05,42,10,music,ĐỂ TRẢ TRỞ LẠI ĐẠI DƯƠNG,để chả trở lại hải dương
VIVOSDEV02_R173_snr20,vivos,phowhisper,base,tone_aware_lora,0.05,42,20,noise,ĐỂ TRẢ TRỞ LẠI ĐẠI DƯƠNG,để trả trở lại đại dương
VIVOSDEV02_R173_snr5,vivos,phowhisper,base,tone_aware_lora,0.05,42,5,music,ĐỂ TRẢ TRỞ LẠI ĐẠI DƯƠNG,đế chả trở lại đại dương
VIVOSDEV02_R181_clean,vivos,phowhisper,base,tone_aware_lora,0.05,42,clean,clean,NÀNG CÓ ĐÔI MẮT TO SÂU VÀ VẦNG TRÁN RỘNG MÊNH MÔNG,nàng có tôi mát to sâu và bình chán rộng mênh mông
VIVOSDEV02_R181_snr0,vivos,phowhisper,base,tone_aware_lora,0.05,42,0,music,NÀNG CÓ ĐÔI MẮT TO SÂU VÀ VẦNG TRÁN RỘNG MÊNH MÔNG,nàng có tơi mất to sau và tình trạng giọng định mộng
VIVOSDEV02_R181_snr10,vivos,phowhisper,base,tone_aware_lora,0.05,42,10,noise,NÀNG CÓ ĐÔI MẮT TO SÂU VÀ VẦNG TRÁN RỘNG MÊNH MÔNG,nàng có tơi mất to sao và vình chán rộng mênh mông
VIVOSDEV02_R181_snr20,vivos,phowhisper,base,tone_aware_lora,0.05,42,20,music,NÀNG CÓ ĐÔI MẮT TO SÂU VÀ VẦNG TRÁN RỘNG MÊNH MÔNG,nàng có tôi mất to sau và vìn chán rộng minh mông
VIVOSDEV02_R181_snr5,vivos,phowhisper,base,tone_aware_lora,0.05,42,5,speech,NÀNG CÓ ĐÔI MẮT TO SÂU VÀ VẦNG TRÁN RỘNG MÊNH MÔNG,nàng có tôi mất to sao và bình chán giọng linh mô
VIVOSDEV02_R192_clean,vivos,phowhisper,base,tone_aware_lora,0.05,42,clean,clean,TÔI TỰ HỎI PHẢI CHĂNG ĐÓ LÀ DO DAN CÒN QUÁ TRẺ,tôi tự hỏi phải cho anh đó là do gian còn quá trẻ
VIVOSDEV02_R192_snr0,vivos,phowhisper,base,tone_aware_lora,0.05,42,0,noise,TÔI TỰ HỎI PHẢI CHĂNG ĐÓ LÀ DO DAN CÒN QUÁ TRẺ,tôi tự hỏi phải tránh đó là do zhang còn quá trẻ
VIVOSDEV02_R192_snr10,vivos,phowhisper,base,tone_aware_lora,0.05,42,10,music,TÔI TỰ HỎI PHẢI CHĂNG ĐÓ LÀ DO DAN CÒN QUÁ TRẺ,tôi tự hỏi phải tránh đó là do giang còn quá trẻ
VIVOSDEV02_R192_snr20,vivos,phowhisper,base,tone_aware_lora,0.05,42,20,noise,TÔI TỰ HỎI PHẢI CHĂNG ĐÓ LÀ DO DAN CÒN QUÁ TRẺ,tôi tự hỏi phải cho anh đó là do gian còn quá trẻ
VIVOSDEV02_R192_snr5,vivos,phowhisper,base,tone_aware_lora,0.05,42,5,music,TÔI TỰ HỎI PHẢI CHĂNG ĐÓ LÀ DO DAN CÒN QUÁ TRẺ,tôi tự hỏi phải cho anh đó là do gian còn quá khỉ
VIVOSDEV02_R195_clean,vivos,phowhisper,base,tone_aware_lora,0.05,42,clean,clean,ỦY BAN CHÂU ÂU KÊU GỌI NHỮNG QUỐC GIA PHÁT TRIỂN CÒN LẠI,ủy ban châu âu kêu gọi những quốc gia phát triển còn lại
VIVOSDEV02_R195_snr0,vivos,phowhisper,base,tone_aware_lora,0.05,42,0,noise,ỦY BAN CHÂU ÂU KÊU GỌI NHỮNG QUỐC GIA PHÁT TRIỂN CÒN LẠI,ủy ban châu âu kêu gọi những quốc gia phát triển còn lại
VIVOSDEV02_R195_snr10,vivos,phowhisper,base,tone_aware_lora,0.05,42,10,noise,ỦY BAN CHÂU ÂU KÊU GỌI NHỮNG QUỐC GIA PHÁT TRIỂN CÒN LẠI,ủy ban châu âu kêu gọi những quốc gia phát triển còn lại
VIVOSDEV02_R195_snr20,vivos,phowhisper,base,tone_aware_lora,0.05,42,20,noise,ỦY BAN CHÂU ÂU KÊU GỌI NHỮNG QUỐC GIA PHÁT TRIỂN CÒN LẠI,ủy ban châu âu kêu gọi những quốc gia phát triển còn lại
VIVOSDEV02_R195_snr5,vivos,phowhisper,base,tone_aware_lora,0.05,42,5,noise,ỦY BAN CHÂU ÂU KÊU GỌI NHỮNG QUỐC GIA PHÁT TRIỂN CÒN LẠI,ủy ban châu âu kêu gọi những quốc gia phát triển còn lại
VIVOSDEV02_R200_clean,vivos,phowhisper,base,tone_aware_lora,0.05,42,clean,clean,VÀ KHI CHÚNG TA SAO NHÃNG CÔNG VIỆC CỦA MÌNH,và khi chúng ta sao nhãn công việc của mình
VIVOSDEV02_R200_snr0,vivos,phowhisper,base,tone_aware_lora,0.05,42,0,noise,VÀ KHI CHÚNG TA SAO NHÃNG CÔNG VIỆC CỦA MÌNH,và khi chúng ta xoa nhãn công việc của mình
VIVOSDEV02_R200_snr10,vivos,phowhisper,base,tone_aware_lora,0.05,42,10,speech,VÀ KHI CHÚNG TA SAO NHÃNG CÔNG VIỆC CỦA MÌNH,và khi chúng ta xoa nhãn công việc của mình
VIVOSDEV02_R200_snr20,vivos,phowhisper,base,tone_aware_lora,0.05,42,20,noise,VÀ KHI CHÚNG TA SAO NHÃNG CÔNG VIỆC CỦA MÌNH,và khi chúng ta xác nhãn công việc của mình
VIVOSDEV02_R200_snr5,vivos,phowhisper,base,tone_aware_lora,0.05,42,5,music,VÀ KHI CHÚNG TA SAO NHÃNG CÔNG VIỆC CỦA MÌNH,và khi chúng ta xoa nhãn công việc của mình
VIVOSDEV02_T004_clean,vivos,phowhisper,base,tone_aware_lora,0.05,42,clean,clean,HÔM NAY EM CÓ TỚI NĂM KHÁCH,hôm nay em có tới năm khác
VIVOSDEV02_T004_snr0,vivos,phowhisper,base,tone_aware_lora,0.05,42,0,speech,HÔM NAY EM CÓ TỚI NĂM KHÁCH,hôm nay em có tới năm khác
VIVOSDEV02_T004_snr10,vivos,phowhisper,base,tone_aware_lora,0.05,42,10,speech,HÔM NAY EM CÓ TỚI NĂM KHÁCH,hôm nay em có tuổi nằm khách
VIVOSDEV02_T004_snr20,vivos,phowhisper,base,tone_aware_lora,0.05,42,20,noise,HÔM NAY EM CÓ TỚI NĂM KHÁCH,hôm nay em có tới năm khác
VIVOSDEV02_T004_snr5,vivos,phowhisper,base,tone_aware_lora,0.05,42,5,noise,HÔM NAY EM CÓ TỚI NĂM KHÁCH,hôm nay em có tới năm khác
VIVOSDEV02_T012_clean,vivos,phowhisper,base,tone_aware_lora,0.05,42,clean,clean,MÀY DÁM CHƠI VỢ TAO TAO PHẢI GIẾT MÀY,mày dám chơi vợ đa đa sẽ giết mày
VIVOSDEV02_T012_snr0,vivos,phowhisper,base,tone_aware_lora,0.05,42,0,noise,MÀY DÁM CHƠI VỢ TAO TAO PHẢI GIẾT MÀY,mày dám chê vợ tao tao chảy giết mày
VIVOSDEV02_T012_snr10,vivos,phowhisper,base,tone_aware_lora,0.05,42,10,noise,MÀY DÁM CHƠI VỢ TAO TAO PHẢI GIẾT MÀY,mày dám chơi vợ tao tao sẽ giết mày
VIVOSDEV02_T012_snr20,vivos,phowhisper,base,tone_aware_lora,0.05,42,20,speech,MÀY DÁM CHƠI VỢ TAO TAO PHẢI GIẾT MÀY,mày dám chê vợ đa sẽ giết mày
VIVOSDEV02_T012_snr5,vivos,phowhisper,base,tone_aware_lora,0.05,42,5,noise,MÀY DÁM CHƠI VỢ TAO TAO PHẢI GIẾT MÀY,mày dám chơi vợ đa đa sẽ giết mày
VIVOSDEV02_T015_clean,vivos,phowhisper,base,tone_aware_lora,0.05,42,clean,clean,HẮN CHƠI VỢ ANH THÌ SAO ANH KHÔNG CHƠI VỢ HẮN,hắn chơi vợ anh thì sao anh không chơi vợ án
VIVOSDEV02_T015_snr0,vivos,phowhisper,base,tone_aware_lora,0.05,42,0,noise,HẮN CHƠI VỢ ANH THÌ SAO ANH KHÔNG CHƠI VỢ HẮN,ánh chơi vợ ăn thì chao ăn không chơi vợ ăn
VIVOSDEV02_T015_snr10,vivos,phowhisper,base,tone_aware_lora,0.05,42,10,music,HẮN CHƠI VỢ ANH THÌ SAO ANH KHÔNG CHƠI VỢ HẮN,ánh chơi vợ ăn thì chao ăn không chơi vợ ăn
VIVOSDEV02_T015_snr20,vivos,phowhisper,base,tone_aware_lora,0.05,42,20,music,HẮN CHƠI VỢ ANH THÌ SAO ANH KHÔNG CHƠI VỢ HẮN,hắn chơi vợ anh thì sao anh không chơi vợ án
VIVOSDEV02_T015_snr5,vivos,phowhisper,base,tone_aware_lora,0.05,42,5,noise,HẮN CHƠI VỢ ANH THÌ SAO ANH KHÔNG CHƠI VỢ HẮN,hắn chơi vợ anh thì sao anh không chơi vợ án
VIVOSDEV02_T022_clean,vivos,phowhisper,base,tone_aware_lora,0.05,42,clean,clean,THÁNG TRƯỚC CHỒNG VỀ MẤY NGÀY MÌNH NẰM NGỦ THẤY ẤM KINH KHỦNG,tháng trước chồng về mấy ngày mình nằm ngủ thấy ấm viên khủng
VIVOSDEV02_T022_snr0,vivos,phowhisper,base,tone_aware_lora,0.05,42,0,noise,THÁNG TRƯỚC CHỒNG VỀ MẤY NGÀY MÌNH NẰM NGỦ THẤY ẤM KINH KHỦNG,tháng chứ chồng về mấy ngày mà nằm ngủ thấy ấm trên khuôn
VIVOSDEV02_T022_snr10,vivos,phowhisper,base,tone_aware_lora,0.05,42,10,music,THÁNG TRƯỚC CHỒNG VỀ MẤY NGÀY MÌNH NẰM NGỦ THẤY ẤM KINH KHỦNG,tháng trưa chọn về mấy ngày mình nằm ngủ thấy ấm kiêng khủng
VIVOSDEV02_T022_snr20,vivos,phowhisper,base,tone_aware_lora,0.05,42,20,noise,THÁNG TRƯỚC CHỒNG VỀ MẤY NGÀY MÌNH NẰM NGỦ THẤY ẤM KINH KHỦNG,tháng trước chồng về mấy ngày mình nằm ngủ thấy ấm viên khủng
VIVOSDEV02_T022_snr5,vivos,phowhisper,base,tone_aware_lora,0.05,42,5,speech,THÁNG TRƯỚC CHỒNG VỀ MẤY NGÀY MÌNH NẰM NGỦ THẤY ẤM KINH KHỦNG,tháng chứa chồng về mấy ngày mà nằm ngủ thấy ấm khinh khủng
VIVOSDEV02_T031_clean,vivos,phowhisper,base,tone_aware_lora,0.05,42,clean,clean,CHO EM GÓP MỘT VIÊN GẠCH,cho em góp một viên gạc
VIVOSDEV02_T031_snr0,vivos,phowhisper,base,tone_aware_lora,0.05,42,0,speech,CHO EM GÓP MỘT VIÊN GẠCH,cho em có một nơi
VIVOSDEV02_T031_snr10,vivos,phowhisper,base,tone_aware_lora,0.05,42,10,noise,CHO EM GÓP MỘT VIÊN GẠCH,cho em góp một viên dạ
VIVOSDEV02_T031_snr20,vivos,phowhisper,base,tone_aware_lora,0.05,42,20,noise,CHO EM GÓP MỘT VIÊN GẠCH,cho em góp một viên gạc
VIVOSDEV02_T031_snr5,vivos,phowhisper,base,tone_aware_lora,0.05,42,5,speech,CHO EM GÓP MỘT VIÊN GẠCH,cho em góp một viên gạc
VIVOSDEV02_T050_clean,vivos,phowhisper,base,tone_aware_lora,0.05,42,clean,clean,ANH BỊ ĐẨY TỪ HÀ NỘI VÀO SÀI GÒN,ăn bị đẩy từ hà nội và sài gòn
VIVOSDEV02_T050_snr0,vivos,phowhisper,base,tone_aware_lora,0.05,42,0,music,ANH BỊ ĐẨY TỪ HÀ NỘI VÀO SÀI GÒN,anh bị nảy từ hà nội và sài gòn
VIVOSDEV02_T050_snr10,vivos,phowhisper,base,tone_aware_lora,0.05,42,10,music,ANH BỊ ĐẨY TỪ HÀ NỘI VÀO SÀI GÒN,ăn bị đẩy từ hà nội và sài gòn
VIVOSDEV02_T050_snr20,vivos,phowhisper,base,tone_aware_lora,0.05,42,20,music,ANH BỊ ĐẨY TỪ HÀ NỘI VÀO SÀI GÒN,ăn bị đẩy từ hà nội và sài gòn
VIVOSDEV02_T050_snr5,vivos,phowhisper,base,tone_aware_lora,0.05,42,5,music,ANH BỊ ĐẨY TỪ HÀ NỘI VÀO SÀI GÒN,ăn bị đẩy từ hà nội và sài gòn
VIVOSDEV03_R007_clean,vivos,phowhisper,base,tone_aware_lora,0.05,42,clean,clean,MỘT CHUYẾN DU LỊCH DÃ NGOẠI TẠI BÒ CẠP VÀNG,một chuyến du lịch giả ngoại tại bo cập vàng
VIVOSDEV03_R007_snr0,vivos,phowhisper,base,tone_aware_lora,0.05,42,0,music,MỘT CHUYẾN DU LỊCH DÃ NGOẠI TẠI BÒ CẠP VÀNG,một chuyến du lịch dã hoại tại bò cắp vàng
VIVOSDEV03_R007_snr10,vivos,phowhisper,base,tone_aware_lora,0.05,42,10,noise,MỘT CHUYẾN DU LỊCH DÃ NGOẠI TẠI BÒ CẠP VÀNG,một chuyến du lịch giã ngoại tại bo cập vàng
VIVOSDEV03_R007_snr20,vivos,phowhisper,base,tone_aware_lora,0.05,42,20,speech,MỘT CHUYẾN DU LỊCH DÃ NGOẠI TẠI BÒ CẠP VÀNG,một chuyến du lịch giả ngoại tại bo cà phàn
VIVOSDEV03_R007_snr5,vivos,phowhisper,base,tone_aware_lora,0.05,42,5,noise,MỘT CHUYẾN DU LỊCH DÃ NGOẠI TẠI BÒ CẠP VÀNG,một chuyến du lịch giả ngoại tại bo cập vàng
VIVOSDEV03_R010_clean,vivos,phowhisper,base,tone_aware_lora,0.05,42,clean,clean,ÂM THẦM CHẮT CHIU NUÔI TÔI KHÔN LỚN,âm hầm chắc chiêu nuôi tôi khôn lớn
VIVOSDEV03_R010_snr0,vivos,phowhisper,base,tone_aware_lora,0.05,42,0,music,ÂM THẦM CHẮT CHIU NUÔI TÔI KHÔN LỚN,âm hầm chắc chiêu nuôi tôi khôn lớn
VIVOSDEV03_R010_snr10,vivos,phowhisper,base,tone_aware_lora,0.05,42,10,noise,ÂM THẦM CHẮT CHIU NUÔI TÔI KHÔN LỚN,âm hầm chắc chiêu nuôi tôi khôn lớn
VIVOSDEV03_R010_snr20,vivos,phowhisper,base,tone_aware_lora,0.05,42,20,music,ÂM THẦM CHẮT CHIU NUÔI TÔI KHÔN LỚN,âm hầm chắc chiêu nuôi tôi khôn lớn
VIVOSDEV03_R010_snr5,vivos,phowhisper,base,tone_aware_lora,0.05,42,5,noise,ÂM THẦM CHẮT CHIU NUÔI TÔI KHÔN LỚN,âm hầm chắc chiêu nuôi tôi khôn lớn
VIVOSDEV03_R020_clean,vivos,phowhisper,base,tone_aware_lora,0.05,42,clean,clean,BÊN TRONG TRÁI VẢ KHI BỔ RA SẼ RỖNG CHỨ KHÔNG ĐẶC NHƯ TRÁI SUNG,bên trong trái vả khi bổ ra sẽ rỗng chứ không đặt như trái sung
VIVOSDEV03_R020_snr0,vivos,phowhisper,base,tone_aware_lora,0.05,42,0,music,BÊN TRONG TRÁI VẢ KHI BỔ RA SẼ RỖNG CHỨ KHÔNG ĐẶC NHƯ TRÁI SUNG,bên trong trái vả thiêu bổ ra thể rỗng chứ không đặt như trái sung
VIVOSDEV03_R020_snr10,vivos,phowhisper,base,tone_aware_lora,0.05,42,10,music,BÊN TRONG TRÁI VẢ KHI BỔ RA SẼ RỖNG CHỨ KHÔNG ĐẶC NHƯ TRÁI SUNG,bên trong trái vả khi bổ ra sẽ rỗng chứ không đặc như trái sung
VIVOSDEV03_R020_snr20,vivos,phowhisper,base,tone_aware_lora,0.05,42,20,noise,BÊN TRONG TRÁI VẢ KHI BỔ RA SẼ RỖNG CHỨ KHÔNG ĐẶC NHƯ TRÁI SUNG,bên trong trái vả khi bổ ra sẽ rỗng chứ không đặc như trái sung
VIVOSDEV03_R020_snr5,vivos,phowhisper,base,tone_aware_lora,0.05,42,5,noise,BÊN TRONG TRÁI VẢ KHI BỔ RA SẼ RỖNG CHỨ KHÔNG ĐẶC NHƯ TRÁI SUNG,bên trong trái vả khi bổ ra sẽ rỗng chứ không đặc như trái sung
VIVOSDEV03_R029_clean,vivos,phowhisper,base,tone_aware_lora,0.05,42,clean,clean,NÊN HAI MỐ CẦU BỊ SỤP ĐẤT KHIẾN LỐI ĐI BỘ QUÁ NGUY HIỂM,nên hai mố cầu bị sập đất khiến lối đi bộ quá nguy hiểm
VIVOSDEV03_R029_snr0,vivos,phowhisper,base,tone_aware_lora,0.05,42,0,speech,NÊN HAI MỐ CẦU BỊ SỤP ĐẤT KHIẾN LỐI ĐI BỘ QUÁ NGUY HIỂM,khi hai mố cầu bị sập bắt đọc lối đi bộ quá nguy hiểm
VIVOSDEV03_R029_snr10,vivos,phowhisper,base,tone_aware_lora,0.05,42,10,speech,NÊN HAI MỐ CẦU BỊ SỤP ĐẤT KHIẾN LỐI ĐI BỘ QUÁ NGUY HIỂM,nên hai mố cầu bị sập đất khiến lối đi bộ quá nguy hiểm
VIVOSDEV03_R029_snr20,vivos,phowhisper,base,tone_aware_lora,0.05,42,20,speech,NÊN HAI MỐ CẦU BỊ SỤP ĐẤT KHIẾN LỐI ĐI BỘ QUÁ NGUY HIỂM,nên hai mố cầu bị sập đất khiến lối đi bộ quá nguy hiểm
VIVOSDEV03_R029_snr5,vivos,phowhisper,base,tone_aware_lora,0.05,42,5,noise,NÊN HAI MỐ CẦU BỊ SỤP ĐẤT KHIẾN LỐI ĐI BỘ QUÁ NGUY HIỂM,nên hai mố cầu bị sập đất khiến lối đi bộ quá nguy hiểm
VIVOSDEV03_R041_clean,vivos,phowhisper,base,tone_aware_lora,0.05,42,clean,clean,LUÔN ỔN ĐỊNH VÀ CÁC XE TRẤU KHÁ NẶNG,luôn ổn định và các xe trấu khá nặng
VIVOSDEV03_R041_snr0,vivos,phowhisper,base,tone_aware_lora,0.05,42,0,music,LUÔN ỔN ĐỊNH VÀ CÁC XE TRẤU KHÁ NẶNG,luôn ổn định và các xe trấu khá nặng
VIVOSDEV03_R041_snr10,vivos,phowhisper,base,tone_aware_lora,0.05,42,10,noise,LUÔN ỔN ĐỊNH VÀ CÁC XE TRẤU KHÁ NẶNG,luôn ổn định và các xe tấu khá nặng
VIVOSDEV03_R041_snr20,vivos,phowhisper,base,tone_aware_lora,0.05,42,20,speech,LUÔN ỔN ĐỊNH VÀ CÁC XE TRẤU KHÁ NẶNG,luôn ổn định và các xe trấu khá nặng
VIVOSDEV03_R041_snr5,vivos,phowhisper,base,tone_aware_lora,0.05,42,5,noise,LUÔN ỔN ĐỊNH VÀ CÁC XE TRẤU KHÁ NẶNG,luôn ổn định và các xe trấu khá nặng
VIVOSDEV03_R044_clean,vivos,phowhisper,base,tone_aware_lora,0.05,42,clean,clean,VÀ KHI HỌ VẠCH TÓC RA,và khi họ vạch tóc ra
VIVOSDEV03_R044_snr0,vivos,phowhisper,base,tone_aware_lora,0.05,42,0,noise,VÀ KHI HỌ VẠCH TÓC RA,và khi họ bạch tóc ra
VIVOSDEV03_R044_snr10,vivos,phowhisper,base,tone_aware_lora,0.05,42,10,noise,VÀ KHI HỌ VẠCH TÓC RA,và khi họ vạch tóc ra
VIVOSDEV03_R044_snr20,vivos,phowhisper,base,tone_aware_lora,0.05,42,20,noise,VÀ KHI HỌ VẠCH TÓC RA,và khi họ vạch tóc ra
VIVOSDEV03_R044_snr5,vivos,phowhisper,base,tone_aware_lora,0.05,42,5,noise,VÀ KHI HỌ VẠCH TÓC RA,và khi họ vạch tóc ra
VIVOSDEV03_R056_clean,vivos,phowhisper,base,tone_aware_lora,0.05,42,clean,clean,SƯƠNG MÙ ĐÃ ĐỌNG THÀNH NHỮNG HẠT GIÁ BĂNG,xương mù đã động thành những hạt giá băng
VIVOSDEV03_R056_snr0,vivos,phowhisper,base,tone_aware_lora,0.05,42,0,noise,SƯƠNG MÙ ĐÃ ĐỌNG THÀNH NHỮNG HẠT GIÁ BĂNG,xương mù đã động thành những hạt giá băng
VIVOSDEV03_R056_snr10,vivos,phowhisper,base,tone_aware_lora,0.05,42,10,noise,SƯƠNG MÙ ĐÃ ĐỌNG THÀNH NHỮNG HẠT GIÁ BĂNG,xương mù đã động thành những hạt giá băng
VIVOSDEV03_R056_snr20,vivos,phowhisper,base,tone_aware_lora,0.05,42,20,noise,SƯƠNG MÙ ĐÃ ĐỌNG THÀNH NHỮNG HẠT GIÁ BĂNG,xương mù đã động thành những hạt giá băng
VIVOSDEV03_R056_snr5,vivos,phowhisper,base,tone_aware_lora,0.05,42,5,noise,SƯƠNG MÙ ĐÃ ĐỌNG THÀNH NHỮNG HẠT GIÁ BĂNG,xương mù đã động thành những hạt giá băng
VIVOSDEV03_R061_clean,vivos,phowhisper,base,tone_aware_lora,0.05,42,clean,clean,LÀ TIẾNG TRỐNG LÂN TÙNG XÈNG VUI TAI,là tiếng trống lân tùng sàn vui tai
VIVOSDEV03_R061_snr0,vivos,phowhisper,base,tone_aware_lora,0.05,42,0,speech,LÀ TIẾNG TRỐNG LÂN TÙNG XÈNG VUI TAI,là tiếng trống lân tùng xe đua tay
VIVOSDEV03_R061_snr10,vivos,phowhisper,base,tone_aware_lora,0.05,42,10,speech,LÀ TIẾNG TRỐNG LÂN TÙNG XÈNG VUI TAI,là tiếng trống lân tùng sàn vui tai
VIVOSDEV03_R061_snr20,vivos,phowhisper,base,tone_aware_lora,0.05,42,20,music,LÀ TIẾNG TRỐNG LÂN TÙNG XÈNG VUI TAI,là tiếng trống lân tùng sàn vui tai
VIVOSDEV03_R061_snr5,vivos,phowhisper,base,tone_aware_lora,0.05,42,5,music,LÀ TIẾNG TRỐNG LÂN TÙNG XÈNG VUI TAI,là tiếng trống lân tùng sàn vui tai
VIVOSDEV03_R082_clean,vivos,phowhisper,base,tone_aware_lora,0.05,42,clean,clean,GHÉP CÀNH MAI GIẢO VÀO THÂN CỔ THỤ CHO HOA CÁNH LỚN,ghép cành mai giảo vào thân cổ thụ cho hoa cánh lớn
VIVOSDEV03_R082_snr0,vivos,phowhisper,base,tone_aware_lora,0.05,42,0,music,GHÉP CÀNH MAI GIẢO VÀO THÂN CỔ THỤ CHO HOA CÁNH LỚN,ghép cành mai giảo vào thân cổ thụ cho hoa cánh lớn
VIVOSDEV03_R082_snr10,vivos,phowhisper,base,tone_aware_lora,0.05,42,10,speech,GHÉP CÀNH MAI GIẢO VÀO THÂN CỔ THỤ CHO HOA CÁNH LỚN,ghép cành mai giảo vào thân cổ thụ cho hoa cánh lớn
VIVOSDEV03_R082_snr20,vivos,phowhisper,base,tone_aware_lora,0.05,42,20,noise,GHÉP CÀNH MAI GIẢO VÀO THÂN CỔ THỤ CHO HOA CÁNH LỚN,ghép cành mai dạo vào thân cổ thụ cho hoa cánh lớn
VIVOSDEV03_R082_snr5,vivos,phowhisper,base,tone_aware_lora,0.05,42,5,noise,GHÉP CÀNH MAI GIẢO VÀO THÂN CỔ THỤ CHO HOA CÁNH LỚN,ghép cành mai dạo vào thân cổ thụ cho hoa cánh lớn
VIVOSDEV03_R092_clean,vivos,phowhisper,base,tone_aware_lora,0.05,42,clean,clean,ĐỂ CHỌN MÁY IN CHO PHÙ HỢP,để chọn máy in cho phù hợp
VIVOSDEV03_R092_snr0,vivos,phowhisper,base,tone_aware_lora,0.05,42,0,music,ĐỂ CHỌN MÁY IN CHO PHÙ HỢP,để chọn máy in cho bộ
VIVOSDEV03_R092_snr10,vivos,phowhisper,base,tone_aware_lora,0.05,42,10,speech,ĐỂ CHỌN MÁY IN CHO PHÙ HỢP,để dọn máy in cho phù hợp
VIVOSDEV03_R092_snr20,vivos,phowhisper,base,tone_aware_lora,0.05,42,20,music,ĐỂ CHỌN MÁY IN CHO PHÙ HỢP,để chọn máy in cho phù hợp
VIVOSDEV03_R092_snr5,vivos,phowhisper,base,tone_aware_lora,0.05,42,5,noise,ĐỂ CHỌN MÁY IN CHO PHÙ HỢP,để chọn máy in cho phù hợp
VIVOSDEV03_R113_clean,vivos,phowhisper,base,tone_aware_lora,0.05,42,clean,clean,VÌ BẠN CÓ THỂ LẢY CÒ TỪNG PHÁT MỘT,vì bạn có thể lẫy cò từng phát một
VIVOSDEV03_R113_snr0,vivos,phowhisper,base,tone_aware_lora,0.05,42,0,noise,VÌ BẠN CÓ THỂ LẢY CÒ TỪNG PHÁT MỘT,vì bạn có thể lấy cò từ thân thì thân thì
VIVOSDEV03_R113_snr10,vivos,phowhisper,base,tone_aware_lora,0.05,42,10,music,VÌ BẠN CÓ THỂ LẢY CÒ TỪNG PHÁT MỘT,vì bạn có thể lẫy cò từng phát một
VIVOSDEV03_R113_snr20,vivos,phowhisper,base,tone_aware_lora,0.05,42,20,music,VÌ BẠN CÓ THỂ LẢY CÒ TỪNG PHÁT MỘT,vì bạn có thể lẫy cò từng phát một
VIVOSDEV03_R113_snr5,vivos,phowhisper,base,tone_aware_lora,0.05,42,5,noise,VÌ BẠN CÓ THỂ LẢY CÒ TỪNG PHÁT MỘT,vì bạn có thể lẫy cò từng phát một
VIVOSDEV03_R117_clean,vivos,phowhisper,base,tone_aware_lora,0.05,42,clean,clean,VAI TRÒ CỦA CHẾ ĐỘ DINH DƯỠNG,vai trò của chế độ dinh dưỡng
VIVOSDEV03_R117_snr0,vivos,phowhisper,base,tone_aware_lora,0.05,42,0,speech,VAI TRÒ CỦA CHẾ ĐỘ DINH DƯỠNG,vai trò của chiến đấu giành chủ thư
VIVOSDEV03_R117_snr10,vivos,phowhisper,base,tone_aware_lora,0.05,42,10,noise,VAI TRÒ CỦA CHẾ ĐỘ DINH DƯỠNG,vai trò của chế độ dinh dưỡng
VIVOSDEV03_R117_snr20,vivos,phowhisper,base,tone_aware_lora,0.05,42,20,speech,VAI TRÒ CỦA CHẾ ĐỘ DINH DƯỠNG,vai trò của chế độ dinh dưỡng
VIVOSDEV03_R117_snr5,vivos,phowhisper,base,tone_aware_lora,0.05,42,5,music,VAI TRÒ CỦA CHẾ ĐỘ DINH DƯỠNG,vai trò của chế độ dinh dưỡng
VIVOSDEV03_R119_clean,vivos,phowhisper,base,tone_aware_lora,0.05,42,clean,clean,KHÔNG HIỂU SAO,không hiểu sao
VIVOSDEV03_R119_snr0,vivos,phowhisper,base,tone_aware_lora,0.05,42,0,speech,KHÔNG HIỂU SAO,không hiểu sao
VIVOSDEV03_R119_snr10,vivos,phowhisper,base,tone_aware_lora,0.05,42,10,music,KHÔNG HIỂU SAO,không hiểu sao
VIVOSDEV03_R119_snr20,vivos,phowhisper,base,tone_aware_lora,0.05,42,20,speech,KHÔNG HIỂU SAO,không hiểu sao
VIVOSDEV03_R119_snr5,vivos,phowhisper,base,tone_aware_lora,0.05,42,5,speech,KHÔNG HIỂU SAO,không hiểu sao
VIVOSDEV03_R120_clean,vivos,phowhisper,base,tone_aware_lora,0.05,42,clean,clean,KHIẾN PHỤ HUYNH HIỂU NHẦM,khiến phụ huynh hiểu nhầm
VIVOSDEV03_R120_snr0,vivos,phowhisper,base,tone_aware_lora,0.05,42,0,speech,KHIẾN PHỤ HUYNH HIỂU NHẦM,khiến phụ huynh hiểu nhầm
VIVOSDEV03_R120_snr10,vivos,phowhisper,base,tone_aware_lora,0.05,42,10,noise,KHIẾN PHỤ HUYNH HIỂU NHẦM,khiến phụ huynh hiểu nhầm
VIVOSDEV03_R120_snr20,vivos,phowhisper,base,tone_aware_lora,0.05,42,20,music,KHIẾN PHỤ HUYNH HIỂU NHẦM,khiến phụ huynh hiểu nhầm
VIVOSDEV03_R120_snr5,vivos,phowhisper,base,tone_aware_lora,0.05,42,5,noise,KHIẾN PHỤ HUYNH HIỂU NHẦM,khiến phụ huynh hiểu nhầm
VIVOSDEV03_R125_clean,vivos,phowhisper,base,tone_aware_lora,0.05,42,clean,clean,MỖI KHI CƠN GIÓ ĐẾN,mỗi khi cơn gió đến
VIVOSDEV03_R125_snr0,vivos,phowhisper,base,tone_aware_lora,0.05,42,0,noise,MỖI KHI CƠN GIÓ ĐẾN,mỗi khi cơn gió đến
VIVOSDEV03_R125_snr10,vivos,phowhisper,base,tone_aware_lora,0.05,42,10,speech,MỖI KHI CƠN GIÓ ĐẾN,mỗi khi cơn gió đến
VIVOSDEV03_R125_snr20,vivos,phowhisper,base,tone_aware_lora,0.05,42,20,noise,MỖI KHI CƠN GIÓ ĐẾN,mỗi khi cơn gió đến
VIVOSDEV03_R125_snr5,vivos,phowhisper,base,tone_aware_lora,0.05,42,5,noise,MỖI KHI CƠN GIÓ ĐẾN,mỗi khi cơn gió đến
VIVOSDEV03_R142_clean,vivos,phowhisper,base,tone_aware_lora,0.05,42,clean,clean,TRONG TƯ THẾ PHI NGỰA CHỒM LÊN,trong tư thế phi ngửa chồm lên
VIVOSDEV03_R142_snr0,vivos,phowhisper,base,tone_aware_lora,0.05,42,0,noise,TRONG TƯ THẾ PHI NGỰA CHỒM LÊN,trong tư thế phi ngựa chậm lên
VIVOSDEV03_R142_snr10,vivos,phowhisper,base,tone_aware_lora,0.05,42,10,music,TRONG TƯ THẾ PHI NGỰA CHỒM LÊN,trong tư thế phi ngửa chồng lên
VIVOSDEV03_R142_snr20,vivos,phowhisper,base,tone_aware_lora,0.05,42,20,noise,TRONG TƯ THẾ PHI NGỰA CHỒM LÊN,trong tư thế phi ngửa chồm lên
VIVOSDEV03_R142_snr5,vivos,phowhisper,base,tone_aware_lora,0.05,42,5,speech,TRONG TƯ THẾ PHI NGỰA CHỒM LÊN,trong tư thế phiên ngựa chờm lên
VIVOSDEV03_R144_clean,vivos,phowhisper,base,tone_aware_lora,0.05,42,clean,clean,MÀ CŨNG ĐẦY THANH KHIẾT,mà cũng đầy thanh khiết
VIVOSDEV03_R144_snr0,vivos,phowhisper,base,tone_aware_lora,0.05,42,0,noise,MÀ CŨNG ĐẦY THANH KHIẾT,mà cũng đầy thân khiết
VIVOSDEV03_R144_snr10,vivos,phowhisper,base,tone_aware_lora,0.05,42,10,music,MÀ CŨNG ĐẦY THANH KHIẾT,mà cũng đầy thanh khiết
VIVOSDEV03_R144_snr20,vivos,phowhisper,base,tone_aware_lora,0.05,42,20,noise,MÀ CŨNG ĐẦY THANH KHIẾT,mà cũng đầy thanh khiết
VIVOSDEV03_R144_snr5,vivos,phowhisper,base,tone_aware_lora,0.05,42,5,noise,MÀ CŨNG ĐẦY THANH KHIẾT,mà cũng đầy thanh khiết
VIVOSDEV03_R149_clean,vivos,phowhisper,base,tone_aware_lora,0.05,42,clean,clean,BÀ CON CHÒM XÓM,bà con chòm xóm
VIVOSDEV03_R149_snr0,vivos,phowhisper,base,tone_aware_lora,0.05,42,0,speech,BÀ CON CHÒM XÓM,bài ổn chăm sóc
VIVOSDEV03_R149_snr10,vivos,phowhisper,base,tone_aware_lora,0.05,42,10,speech,BÀ CON CHÒM XÓM,bà con chòm xóm
VIVOSDEV03_R149_snr20,vivos,phowhisper,base,tone_aware_lora,0.05,42,20,noise,BÀ CON CHÒM XÓM,bà con chòm xóm
VIVOSDEV03_R149_snr5,vivos,phowhisper,base,tone_aware_lora,0.05,42,5,speech,BÀ CON CHÒM XÓM,bà con chòm xốm
VIVOSDEV03_R156_clean,vivos,phowhisper,base,tone_aware_lora,0.05,42,clean,clean,ĐÂY LÀ MỨC LÃI SUẤT THẤP NHẤT QUA CÁC PHIÊN ĐẤU THẦU,đây là mức lãi suất thấp nhất qua các phiên đối thầu
VIVOSDEV03_R156_snr0,vivos,phowhisper,base,tone_aware_lora,0.05,42,0,music,ĐÂY LÀ MỨC LÃI SUẤT THẤP NHẤT QUA CÁC PHIÊN ĐẤU THẦU,đây là mức lãi suất thấp nhất qua các phiên đối thầu
VIVOSDEV03_R156_snr10,vivos,phowhisper,base,tone_aware_lora,0.05,42,10,music,ĐÂY LÀ MỨC LÃI SUẤT THẤP NHẤT QUA CÁC PHIÊN ĐẤU THẦU,đây là mức lãi suất thấp nhất qua các phiên đối thầu
VIVOSDEV03_R156_snr20,vivos,phowhisper,base,tone_aware_lora,0.05,42,20,music,ĐÂY LÀ MỨC LÃI SUẤT THẤP NHẤT QUA CÁC PHIÊN ĐẤU THẦU,đây là mức lãi suất thấp nhất qua các phiên đối thầu
VIVOSDEV03_R156_snr5,vivos,phowhisper,base,tone_aware_lora,0.05,42,5,noise,ĐÂY LÀ MỨC LÃI SUẤT THẤP NHẤT QUA CÁC PHIÊN ĐẤU THẦU,đây là mức lãi suất thấp nhất qua các phiên đấu thầu
VIVOSDEV03_R160_clean,vivos,phowhisper,base,tone_aware_lora,0.05,42,clean,clean,DỌC HAI BÊN SÔNG NGÀN SÂU,dọc hai bên xong ngàn sau
VIVOSDEV03_R160_snr0,vivos,phowhisper,base,tone_aware_lora,0.05,42,0,music,DỌC HAI BÊN SÔNG NGÀN SÂU,dọc hai bên sông ngàn sâu
VIVOSDEV03_R160_snr10,vivos,phowhisper,base,tone_aware_lora,0.05,42,10,noise,DỌC HAI BÊN SÔNG NGÀN SÂU,dọc hai bên xong ngàn sau
VIVOSDEV03_R160_snr20,vivos,phowhisper,base,tone_aware_lora,0.05,42,20,noise,DỌC HAI BÊN SÔNG NGÀN SÂU,dọc hai bên xong ngàn sau
VIVOSDEV03_R160_snr5,vivos,phowhisper,base,tone_aware_lora,0.05,42,5,music,DỌC HAI BÊN SÔNG NGÀN SÂU,dọc hai bên xong ngàn sau
VIVOSDEV03_R182_clean,vivos,phowhisper,base,tone_aware_lora,0.05,42,clean,clean,MỘT KẾ HOẠCH TƯƠNG TỰ ĐƯỢC ÁP DỤNG Ở ANH,một kế hoạch tương tự được áp dụng ở anh
VIVOSDEV03_R182_snr0,vivos,phowhisper,base,tone_aware_lora,0.05,42,0,noise,MỘT KẾ HOẠCH TƯƠNG TỰ ĐƯỢC ÁP DỤNG Ở ANH,một kế hoạch tương tự được áp dụng ở anh
VIVOSDEV03_R182_snr10,vivos,phowhisper,base,tone_aware_lora,0.05,42,10,music,MỘT KẾ HOẠCH TƯƠNG TỰ ĐƯỢC ÁP DỤNG Ở ANH,một kế hoạch tương tự được áp dụng ở anh
VIVOSDEV03_R182_snr20,vivos,phowhisper,base,tone_aware_lora,0.05,42,20,music,MỘT KẾ HOẠCH TƯƠNG TỰ ĐƯỢC ÁP DỤNG Ở ANH,một kế hoạch tương tự được áp dụng ở anh
VIVOSDEV03_R182_snr5,vivos,phowhisper,base,tone_aware_lora,0.05,42,5,music,MỘT KẾ HOẠCH TƯƠNG TỰ ĐƯỢC ÁP DỤNG Ở ANH,một kế hoạch tương tự được áp dụng ở anh
VIVOSDEV03_R191_clean,vivos,phowhisper,base,tone_aware_lora,0.05,42,clean,clean,CỠI NGỰA ĐI THI,cửi ngựa đi thi
VIVOSDEV03_R191_snr0,vivos,phowhisper,base,tone_aware_lora,0.05,42,0,speech,CỠI NGỰA ĐI THI,cưỡi ngựa đi thi
VIVOSDEV03_R191_snr10,vivos,phowhisper,base,tone_aware_lora,0.05,42,10,noise,CỠI NGỰA ĐI THI,cửi ngửa đi thi
VIVOSDEV03_R191_snr20,vivos,phowhisper,base,tone_aware_lora,0.05,42,20,music,CỠI NGỰA ĐI THI,cửi ngựa đi thi
VIVOSDEV03_R191_snr5,vivos,phowhisper,base,tone_aware_lora,0.05,42,5,noise,CỠI NGỰA ĐI THI,cửi ngựa đi thi
VIVOSDEV03_R193_clean,vivos,phowhisper,base,tone_aware_lora,0.05,42,clean,clean,ÔI DÀO,ôi dào
VIVOSDEV03_R193_snr0,vivos,phowhisper,base,tone_aware_lora,0.05,42,0,music,ÔI DÀO,ôi dào
VIVOSDEV03_R193_snr10,vivos,phowhisper,base,tone_aware_lora,0.05,42,10,noise,ÔI DÀO,ôi dào
VIVOSDEV03_R193_snr20,vivos,phowhisper,base,tone_aware_lora,0.05,42,20,noise,ÔI DÀO,ôi dào
VIVOSDEV03_R193_snr5,vivos,phowhisper,base,tone_aware_lora,0.05,42,5,noise,ÔI DÀO,ôi dào
VIVOSDEV03_R198_clean,vivos,phowhisper,base,tone_aware_lora,0.05,42,clean,clean,RỒI ĐI KHẮP NƠI TÌM THẦY CHỮA BỆNH CHO ANH,rồi đi khắp nơi tìm hầy chữa bệnh cho anh
VIVOSDEV03_R198_snr0,vivos,phowhisper,base,tone_aware_lora,0.05,42,0,speech,RỒI ĐI KHẮP NƠI TÌM THẦY CHỮA BỆNH CHO ANH,rồi đi không nới tim hay chữ bà nhoàn
VIVOSDEV03_R198_snr10,vivos,phowhisper,base,tone_aware_lora,0.05,42,10,speech,RỒI ĐI KHẮP NƠI TÌM THẦY CHỮA BỆNH CHO ANH,rồi đi khắp nơi tìm thầy giữ bệnh cho anh
VIVOSDEV03_R198_snr20,vivos,phowhisper,base,tone_aware_lora,0.05,42,20,noise,RỒI ĐI KHẮP NƠI TÌM THẦY CHỮA BỆNH CHO ANH,rồi đi khắp nơi tìm hầy chữa bệnh cho anh
VIVOSDEV03_R198_snr5,vivos,phowhisper,base,tone_aware_lora,0.05,42,5,noise,RỒI ĐI KHẮP NƠI TÌM THẦY CHỮA BỆNH CHO ANH,rồi đi khắp nơi tìm hầy chữa bệnh cho anh
VIVOSDEV03_T009_clean,vivos,phowhisper,base,tone_aware_lora,0.05,42,clean,clean,BÁC ĐANG SUY NGHĨ GÌ THẾ,bác đang suy nghĩ gì thế
VIVOSDEV03_T009_snr0,vivos,phowhisper,base,tone_aware_lora,0.05,42,0,music,BÁC ĐANG SUY NGHĨ GÌ THẾ,bác đang suy nghĩ gì thế
VIVOSDEV03_T009_snr10,vivos,phowhisper,base,tone_aware_lora,0.05,42,10,noise,BÁC ĐANG SUY NGHĨ GÌ THẾ,quác đang suy nghĩ gì thế
VIVOSDEV03_T009_snr20,vivos,phowhisper,base,tone_aware_lora,0.05,42,20,speech,BÁC ĐANG SUY NGHĨ GÌ THẾ,bác đang suy nghĩ gì thế
VIVOSDEV03_T009_snr5,vivos,phowhisper,base,tone_aware_lora,0.05,42,5,speech,BÁC ĐANG SUY NGHĨ GÌ THẾ,quách đang suy nghĩ gì thế
VIVOSDEV03_T017_clean,vivos,phowhisper,base,tone_aware_lora,0.05,42,clean,clean,BÁC VẪN CHƯA TRẢ TIỀN CHO TÔI ĐÂY NHÉ,bác vẫn chưa rõ tiền cho tôi đấy nhé
VIVOSDEV03_T017_snr0,vivos,phowhisper,base,tone_aware_lora,0.05,42,0,noise,BÁC VẪN CHƯA TRẢ TIỀN CHO TÔI ĐÂY NHÉ,bác vẫn chưa rõ tiền cho tôi đấy nhé
VIVOSDEV03_T017_snr10,vivos,phowhisper,base,tone_aware_lora,0.05,42,10,speech,BÁC VẪN CHƯA TRẢ TIỀN CHO TÔI ĐÂY NHÉ,bác vẫn chưa rõ tiền cho tôi đấy nhé
VIVOSDEV03_T017_snr20,vivos,phowhisper,base,tone_aware_lora,0.05,42,20,noise,BÁC VẪN CHƯA TRẢ TIỀN CHO TÔI ĐÂY NHÉ,bác vẫn chưa rõ tiền cho tôi đấy nhé
VIVOSDEV03_T017_snr5,vivos,phowhisper,base,tone_aware_lora,0.05,42,5,noise,BÁC VẪN CHƯA TRẢ TIỀN CHO TÔI ĐÂY NHÉ,bác vẫn chưa trả tiền cho tôi lấy nhé
VIVOSDEV03_T018_clean,vivos,phowhisper,base,tone_aware_lora,0.05,42,clean,clean,TÔI ĐANG BẬN HỌP,tôi đang bận họp
VIVOSDEV03_T018_snr0,vivos,phowhisper,base,tone_aware_lora,0.05,42,0,music,TÔI ĐANG BẬN HỌP,tôi đang bỡ ngỡ
VIVOSDEV03_T018_snr10,vivos,phowhisper,base,tone_aware_lora,0.05,42,10,music,TÔI ĐANG BẬN HỌP,tôi đang bận hẳn
VIVOSDEV03_T018_snr20,vivos,phowhisper,base,tone_aware_lora,0.05,42,20,music,TÔI ĐANG BẬN HỌP,tôi đang bận họp
VIVOSDEV03_T018_snr5,vivos,phowhisper,base,tone_aware_lora,0.05,42,5,noise,TÔI ĐANG BẬN HỌP,tôi đang bận họp
VIVOSDEV03_T041_clean,vivos,phowhisper,base,tone_aware_lora,0.05,42,clean,clean,CON CHÓ LỦI THỦI ĐI THEO CHỦ NÓ,con chó lửa thủy đi theo chủ nó
VIVOSDEV03_T041_snr0,vivos,phowhisper,base,tone_aware_lora,0.05,42,0,noise,CON CHÓ LỦI THỦI ĐI THEO CHỦ NÓ,con chó lủi thủi đi theo chủ ngó
VIVOSDEV03_T041_snr10,vivos,phowhisper,base,tone_aware_lora,0.05,42,10,music,CON CHÓ LỦI THỦI ĐI THEO CHỦ NÓ,con chó lửa thủy đi theo chủ nó
VIVOSDEV03_T041_snr20,vivos,phowhisper,base,tone_aware_lora,0.05,42,20,noise,CON CHÓ LỦI THỦI ĐI THEO CHỦ NÓ,con chó lửa thủy đi theo chủ nó
VIVOSDEV03_T041_snr5,vivos,phowhisper,base,tone_aware_lora,0.05,42,5,noise,CON CHÓ LỦI THỦI ĐI THEO CHỦ NÓ,con chó lửa thủy đi theo chủ nó
VIVOSDEV04_R002_clean,vivos,phowhisper,base,tone_aware_lora,0.05,42,clean,clean,ĐÓ CŨNG LÀ ĐỘNG LỰC THÚC ĐẨY TÔI,đó cũng là động lực thúc đẩy tôi
VIVOSDEV04_R002_snr0,vivos,phowhisper,base,tone_aware_lora,0.05,42,0,speech,ĐÓ CŨNG LÀ ĐỘNG LỰC THÚC ĐẨY TÔI,đó cũng là động lực thúc đẩy tôi
VIVOSDEV04_R002_snr10,vivos,phowhisper,base,tone_aware_lora,0.05,42,10,noise,ĐÓ CŨNG LÀ ĐỘNG LỰC THÚC ĐẨY TÔI,đó cũng là động lực thúc đẩy tôi
VIVOSDEV04_R002_snr20,vivos,phowhisper,base,tone_aware_lora,0.05,42,20,noise,ĐÓ CŨNG LÀ ĐỘNG LỰC THÚC ĐẨY TÔI,đó cũng là động lực thúc đẩy tôi
VIVOSDEV04_R002_snr5,vivos,phowhisper,base,tone_aware_lora,0.05,42,5,noise,ĐÓ CŨNG LÀ ĐỘNG LỰC THÚC ĐẨY TÔI,đó cũng là động lực thúc đẩy tôi
VIVOSDEV04_R004_clean,vivos,phowhisper,base,tone_aware_lora,0.05,42,clean,clean,ĐÔI KHI BẠN CŨNG CÓ THỂ LÀM NHỮNG ĐIỀU ĐÓ,đôi khi bạn cũng có thể làm những điều đó
VIVOSDEV04_R004_snr0,vivos,phowhisper,base,tone_aware_lora,0.05,42,0,noise,ĐÔI KHI BẠN CŨNG CÓ THỂ LÀM NHỮNG ĐIỀU ĐÓ,đôi khi bạn cũng có thể làm những điều đó
VIVOSDEV04_R004_snr10,vivos,phowhisper,base,tone_aware_lora,0.05,42,10,speech,ĐÔI KHI BẠN CŨNG CÓ THỂ LÀM NHỮNG ĐIỀU ĐÓ,đôi khi bạn cũng có thể làm những điều đó
VIVOSDEV04_R004_snr20,vivos,phowhisper,base,tone_aware_lora,0.05,42,20,noise,ĐÔI KHI BẠN CŨNG CÓ THỂ LÀM NHỮNG ĐIỀU ĐÓ,đôi khi bạn cũng có thể làm những điều đó
VIVOSDEV04_R004_snr5,vivos,phowhisper,base,tone_aware_lora,0.05,42,5,noise,ĐÔI KHI BẠN CŨNG CÓ THỂ LÀM NHỮNG ĐIỀU ĐÓ,đôi khi bạn cũng có thể làm những điều đó
VIVOSDEV04_R008_clean,vivos,phowhisper,base,tone_aware_lora,0.05,42,clean,clean,NHỮNG NGÀY ĐẦU VẮNG BÓNG BA VIỆT CỨ THỪ NGƯỜI NGHĨ NGỢI,những ngày đầu vắng bóng ba miệng cứ thừ người nghĩ ngợi
VIVOSDEV04_R008_snr0,vivos,phowhisper,base,tone_aware_lora,0.05,42,0,noise,NHỮNG NGÀY ĐẦU VẮNG BÓNG BA VIỆT CỨ THỪ NGƯỜI NGHĨ NGỢI,những ngày đầu vắng vắng ba mịt cứ thừ người nghĩ ngợi
VIVOSDEV04_R008_snr10,vivos,phowhisper,base,tone_aware_lora,0.05,42,10,noise,NHỮNG NGÀY ĐẦU VẮNG BÓNG BA VIỆT CỨ THỪ NGƯỜI NGHĨ NGỢI,những ngày đầu vắng bóng ba miệt cứu thừ người nghĩ ngợi
VIVOSDEV04_R008_snr20,vivos,phowhisper,base,tone_aware_lora,0.05,42,20,music,NHỮNG NGÀY ĐẦU VẮNG BÓNG BA VIỆT CỨ THỪ NGƯỜI NGHĨ NGỢI,những ngày đầu vắng bóng ba miệt cứ thừ người nghĩ ngợi
VIVOSDEV04_R008_snr5,vivos,phowhisper,base,tone_aware_lora,0.05,42,5,noise,NHỮNG NGÀY ĐẦU VẮNG BÓNG BA VIỆT CỨ THỪ NGƯỜI NGHĨ NGỢI,những ngày đầu váng bóng ba miệng cứ thừ người nghĩ ngợi
VIVOSDEV04_R010_clean,vivos,phowhisper,base,tone_aware_lora,0.05,42,clean,clean,CON NHỎ MỞ CÁI TÚI GÚT ĐEO TRÊN CỔ,con nhỏ mở cái túi gút đeo trên cổ
VIVOSDEV04_R010_snr0,vivos,phowhisper,base,tone_aware_lora,0.05,42,0,music,CON NHỎ MỞ CÁI TÚI GÚT ĐEO TRÊN CỔ,con nhỏ mở cái túi út đeo trên cổ
VIVOSDEV04_R010_snr10,vivos,phowhisper,base,tone_aware_lora,0.05,42,10,speech,CON NHỎ MỞ CÁI TÚI GÚT ĐEO TRÊN CỔ,con nhỏ mở cái túi hút đeo trên cổ
VIVOSDEV04_R010_snr20,vivos,phowhisper,base,tone_aware_lora,0.05,42,20,noise,CON NHỎ MỞ CÁI TÚI GÚT ĐEO TRÊN CỔ,con nhỏ mở cái túi gút đeo trên cổ
VIVOSDEV04_R010_snr5,vivos,phowhisper,base,tone_aware_lora,0.05,42,5,noise,CON NHỎ MỞ CÁI TÚI GÚT ĐEO TRÊN CỔ,con nhỏ mở cái túi rút đeo trên cổ
VIVOSDEV04_R023_clean,vivos,phowhisper,base,tone_aware_lora,0.05,42,clean,clean,CHÍNH BÀ CŨNG LÀ NGƯỜI NUNG NẤU NIỀM ĐAM MÊ DIỄN XUẤT CỦA CÔ CON GÁI,chính bà cũng là người nung nấu niềm đam mê diễn xuất của cô con gái
VIVOSDEV04_R023_snr0,vivos,phowhisper,base,tone_aware_lora,0.05,42,0,music,CHÍNH BÀ CŨNG LÀ NGƯỜI NUNG NẤU NIỀM ĐAM MÊ DIỄN XUẤT CỦA CÔ CON GÁI,chính bà cũng là người nung nấu niềm đam mê diễn xuất của cô con gái
VIVOSDEV04_R023_snr10,vivos,phowhisper,base,tone_aware_lora,0.05,42,10,music,CHÍNH BÀ CŨNG LÀ NGƯỜI NUNG NẤU NIỀM ĐAM MÊ DIỄN XUẤT CỦA CÔ CON GÁI,chính bà cũng là người nung nấu niềm đam mê diễn xuất của cô con gái
VIVOSDEV04_R023_snr20,vivos,phowhisper,base,tone_aware_lora,0.05,42,20,noise,CHÍNH BÀ CŨNG LÀ NGƯỜI NUNG NẤU NIỀM ĐAM MÊ DIỄN XUẤT CỦA CÔ CON GÁI,chính bà cũng là người nung nấu niềm đam mê diễn xuất của cô con gái
VIVOSDEV04_R023_snr5,vivos,phowhisper,base,tone_aware_lora,0.05,42,5,noise,CHÍNH BÀ CŨNG LÀ NGƯỜI NUNG NẤU NIỀM ĐAM MÊ DIỄN XUẤT CỦA CÔ CON GÁI,chính bà cũng là người nung nấu niềm đam mê diễn xuất của cô con gái
VIVOSDEV04_R047_clean,vivos,phowhisper,base,tone_aware_lora,0.05,42,clean,clean,NHÓM SINH VIÊN TẠI TRƯỜNG CÙNG HỌP MẶT ĂN TẾT CHUNG,nhóm sinh viên tại trường cùng họp mặt ăn tết trung
VIVOSDEV04_R047_snr0,vivos,phowhisper,base,tone_aware_lora,0.05,42,0,music,NHÓM SINH VIÊN TẠI TRƯỜNG CÙNG HỌP MẶT ĂN TẾT CHUNG,nhóm sinh viên tại trường cùng học mạch ăn tết trung
VIVOSDEV04_R047_snr10,vivos,phowhisper,base,tone_aware_lora,0.05,42,10,noise,NHÓM SINH VIÊN TẠI TRƯỜNG CÙNG HỌP MẶT ĂN TẾT CHUNG,nhóm sinh viên tại trường cùng học mạch ăn tết chung
VIVOSDEV04_R047_snr20,vivos,phowhisper,base,tone_aware_lora,0.05,42,20,speech,NHÓM SINH VIÊN TẠI TRƯỜNG CÙNG HỌP MẶT ĂN TẾT CHUNG,nhóm sinh viên tại trường cùng họp mặt ăn tết trung
VIVOSDEV04_R047_snr5,vivos,phowhisper,base,tone_aware_lora,0.05,42,5,music,NHÓM SINH VIÊN TẠI TRƯỜNG CÙNG HỌP MẶT ĂN TẾT CHUNG,nhóm sinh viên tại trường cùng họp mặt ăn tết trung
VIVOSDEV04_R049_clean,vivos,phowhisper,base,tone_aware_lora,0.05,42,clean,clean,VÌ TỐI ĐÓ,vì tới đó
VIVOSDEV04_R049_snr0,vivos,phowhisper,base,tone_aware_lora,0.05,42,0,music,VÌ TỐI ĐÓ,việc xấu đó
VIVOSDEV04_R049_snr10,vivos,phowhisper,base,tone_aware_lora,0.05,42,10,speech,VÌ TỐI ĐÓ,vì tới đó
VIVOSDEV04_R049_snr20,vivos,phowhisper,base,tone_aware_lora,0.05,42,20,noise,VÌ TỐI ĐÓ,vì tới đó
VIVOSDEV04_R049_snr5,vivos,phowhisper,base,tone_aware_lora,0.05,42,5,music,VÌ TỐI ĐÓ,vị tới đó
VIVOSDEV04_R051_clean,vivos,phowhisper,base,tone_aware_lora,0.05,42,clean,clean,RẠCH BÀU MỚP,rạch bầu mướp
VIVOSDEV04_R051_snr0,vivos,phowhisper,base,tone_aware_lora,0.05,42,0,music,RẠCH BÀU MỚP,rạch bầu nước
VIVOSDEV04_R051_snr10,vivos,phowhisper,base,tone_aware_lora,0.05,42,10,music,RẠCH BÀU MỚP,rạch bầu mướp
VIVOSDEV04_R051_snr20,vivos,phowhisper,base,tone_aware_lora,0.05,42,20,noise,RẠCH BÀU MỚP,gặt bầu mướp
VIVOSDEV04_R051_snr5,vivos,phowhisper,base,tone_aware_lora,0.05,42,5,noise,RẠCH BÀU MỚP,rạch bầu mức
VIVOSDEV04_R081_clean,vivos,phowhisper,base,tone_aware_lora,0.05,42,clean,clean,VÀ TÔI THẤY HOA VẠN THỌ VÀNG ƯƠM,và tôi thấy qua vạn thỏ vàng ươm
VIVOSDEV04_R081_snr0,vivos,phowhisper,base,tone_aware_lora,0.05,42,0,music,VÀ TÔI THẤY HOA VẠN THỌ VÀNG ƯƠM,và tôi thấy qua vận họ toàn gương
VIVOSDEV04_R081_snr10,vivos,phowhisper,base,tone_aware_lora,0.05,42,10,noise,VÀ TÔI THẤY HOA VẠN THỌ VÀNG ƯƠM,và tôi thấy qua vận họ vàng ươm
VIVOSDEV04_R081_snr20,vivos,phowhisper,base,tone_aware_lora,0.05,42,20,music,VÀ TÔI THẤY HOA VẠN THỌ VÀNG ƯƠM,và tôi thấy qua vạn thỏ vàng ươm
VIVOSDEV04_R081_snr5,vivos,phowhisper,base,tone_aware_lora,0.05,42,5,noise,VÀ TÔI THẤY HOA VẠN THỌ VÀNG ƯƠM,và tôi thấy qua vạn thỏ vàng ươm
VIVOSDEV04_R089_clean,vivos,phowhisper,base,tone_aware_lora,0.05,42,clean,clean,NGỦ TRÊN NỆM KHÔNG PHÙ HỢP,uống trên nệm không phù hợp
VIVOSDEV04_R089_snr0,vivos,phowhisper,base,tone_aware_lora,0.05,42,0,music,NGỦ TRÊN NỆM KHÔNG PHÙ HỢP,uống trên nệm không phù hợp
VIVOSDEV04_R089_snr10,vivos,phowhisper,base,tone_aware_lora,0.05,42,10,noise,NGỦ TRÊN NỆM KHÔNG PHÙ HỢP,uống trên nệm không phù hợp
VIVOSDEV04_R089_snr20,vivos,phowhisper,base,tone_aware_lora,0.05,42,20,noise,NGỦ TRÊN NỆM KHÔNG PHÙ HỢP,ủ trên nệm không phù hợp
VIVOSDEV04_R089_snr5,vivos,phowhisper,base,tone_aware_lora,0.05,42,5,music,NGỦ TRÊN NỆM KHÔNG PHÙ HỢP,vũ trên nệm không phù hợp
VIVOSDEV04_R092_clean,vivos,phowhisper,base,tone_aware_lora,0.05,42,clean,clean,BỊ CÁC CÔ GÁI BAO VÂY RÁO RIẾT,bị cất cô gái bao vây ráo riết
VIVOSDEV04_R092_snr0,vivos,phowhisper,base,tone_aware_lora,0.05,42,0,speech,BỊ CÁC CÔ GÁI BAO VÂY RÁO RIẾT,lẽ có cô gái bao vây nắng gắt
VIVOSDEV04_R092_snr10,vivos,phowhisper,base,tone_aware_lora,0.05,42,10,noise,BỊ CÁC CÔ GÁI BAO VÂY RÁO RIẾT,bị cất cô gái bò vay ráu riết
VIVOSDEV04_R092_snr20,vivos,phowhisper,base,tone_aware_lora,0.05,42,20,speech,BỊ CÁC CÔ GÁI BAO VÂY RÁO RIẾT,bị cất cô gái bao vây rấu riết
VIVOSDEV04_R092_snr5,vivos,phowhisper,base,tone_aware_lora,0.05,42,5,noise,BỊ CÁC CÔ GÁI BAO VÂY RÁO RIẾT,bị cất cô gái bò vai gấu vết
VIVOSDEV04_R095_clean,vivos,phowhisper,base,tone_aware_lora,0.05,42,clean,clean,TRƠ TRỌI GIỮA ĐỒNG CÁI NHÌN KHẮC KHOẢI,trơ trải giữa đồng cái nhìn khắc khoải
VIVOSDEV04_R095_snr0,vivos,phowhisper,base,tone_aware_lora,0.05,42,0,music,TRƠ TRỌI GIỮA ĐỒNG CÁI NHÌN KHẮC KHOẢI,trơ trọi giữa đồng cái nhiệt điện thoắt phải
VIVOSDEV04_R095_snr10,vivos,phowhisper,base,tone_aware_lora,0.05,42,10,noise,TRƠ TRỌI GIỮA ĐỒNG CÁI NHÌN KHẮC KHOẢI,trơ trải giữa đồng cái nhìn khắc khoải
VIVOSDEV04_R095_snr20,vivos,phowhisper,base,tone_aware_lora,0.05,42,20,music,TRƠ TRỌI GIỮA ĐỒNG CÁI NHÌN KHẮC KHOẢI,trơ trại giữa đồng cái nhìn khuất khỏe
VIVOSDEV04_R095_snr5,vivos,phowhisper,base,tone_aware_lora,0.05,42,5,speech,TRƠ TRỌI GIỮA ĐỒNG CÁI NHÌN KHẮC KHOẢI,cho trại thoại ngửa đồng cái nhìn khuất khỏi
VIVOSDEV04_R097_clean,vivos,phowhisper,base,tone_aware_lora,0.05,42,clean,clean,NGOÀI VIỆC PHÁT HIỆN KẺ THÙ,ngoài việc phát hiện kẻ thù
VIVOSDEV04_R097_snr0,vivos,phowhisper,base,tone_aware_lora,0.05,42,0,music,NGOÀI VIỆC PHÁT HIỆN KẺ THÙ,ngoài việc phát hiện kẻ thù
VIVOSDEV04_R097_snr10,vivos,phowhisper,base,tone_aware_lora,0.05,42,10,music,NGOÀI VIỆC PHÁT HIỆN KẺ THÙ,ngoài việc phát hiện cái thù
VIVOSDEV04_R097_snr20,vivos,phowhisper,base,tone_aware_lora,0.05,42,20,music,NGOÀI VIỆC PHÁT HIỆN KẺ THÙ,ngoài việc phát hiện cải thu
VIVOSDEV04_R097_snr5,vivos,phowhisper,base,tone_aware_lora,0.05,42,5,music,NGOÀI VIỆC PHÁT HIỆN KẺ THÙ,ngoài việc phát hiện cải thu
VIVOSDEV04_R118_clean,vivos,phowhisper,base,tone_aware_lora,0.05,42,clean,clean,TRẺ EM ĐÂU CÓ CHƯỚNG NGẠI VẬT,trẻ em đâu có chứ ngài vật
VIVOSDEV04_R118_snr0,vivos,phowhisper,base,tone_aware_lora,0.05,42,0,music,TRẺ EM ĐÂU CÓ CHƯỚNG NGẠI VẬT,trẻ em đau khó chứ ngoài vật
VIVOSDEV04_R118_snr10,vivos,phowhisper,base,tone_aware_lora,0.05,42,10,music,TRẺ EM ĐÂU CÓ CHƯỚNG NGẠI VẬT,trẻ em đâu có chứ ngài vật
VIVOSDEV04_R118_snr20,vivos,phowhisper,base,tone_aware_lora,0.05,42,20,music,TRẺ EM ĐÂU CÓ CHƯỚNG NGẠI VẬT,trẻ em đâu có chứ ngài vật
VIVOSDEV04_R118_snr5,vivos,phowhisper,base,tone_aware_lora,0.05,42,5,music,TRẺ EM ĐÂU CÓ CHƯỚNG NGẠI VẬT,trẻ em đâu có chứ ngài vật
VIVOSDEV04_R127_clean,vivos,phowhisper,base,tone_aware_lora,0.05,42,clean,clean,RẤT NHIỀU GỬI GẮM VÀ KỲ VỌNG VÀO ÔNG,rất nhiều gửi gắm và kỳ vọng vào ông
VIVOSDEV04_R127_snr0,vivos,phowhisper,base,tone_aware_lora,0.05,42,0,music,RẤT NHIỀU GỬI GẮM VÀ KỲ VỌNG VÀO ÔNG,rất nhiều gửi gắm và kỳ vọng phó ông
VIVOSDEV04_R127_snr10,vivos,phowhisper,base,tone_aware_lora,0.05,42,10,speech,RẤT NHIỀU GỬI GẮM VÀ KỲ VỌNG VÀO ÔNG,rất nhiều gửi gắm và kỳ vọng vào ông
VIVOSDEV04_R127_snr20,vivos,phowhisper,base,tone_aware_lora,0.05,42,20,noise,RẤT NHIỀU GỬI GẮM VÀ KỲ VỌNG VÀO ÔNG,rất nhiều gửi gắm và kỳ vọng vào ông
VIVOSDEV04_R127_snr5,vivos,phowhisper,base,tone_aware_lora,0.05,42,5,music,RẤT NHIỀU GỬI GẮM VÀ KỲ VỌNG VÀO ÔNG,rất nhiều gửi gắm và kỳ vọng vào ông
VIVOSDEV04_R129_clean,vivos,phowhisper,base,tone_aware_lora,0.05,42,clean,clean,ĐANG THẢO LUẬN VỀ ĐỀ XUẤT,đăng thảo luận về đề xuất
VIVOSDEV04_R129_snr0,vivos,phowhisper,base,tone_aware_lora,0.05,42,0,noise,ĐANG THẢO LUẬN VỀ ĐỀ XUẤT,đăng thảo luận về đề xuất
VIVOSDEV04_R129_snr10,vivos,phowhisper,base,tone_aware_lora,0.05,42,10,noise,ĐANG THẢO LUẬN VỀ ĐỀ XUẤT,đăng thảo luận về đề xuất
VIVOSDEV04_R129_snr20,vivos,phowhisper,base,tone_aware_lora,0.05,42,20,music,ĐANG THẢO LUẬN VỀ ĐỀ XUẤT,đăng thảo luận về đề xuất
VIVOSDEV04_R129_snr5,vivos,phowhisper,base,tone_aware_lora,0.05,42,5,noise,ĐANG THẢO LUẬN VỀ ĐỀ XUẤT,đăng thảo luận về đề xuất
VIVOSDEV04_R132_clean,vivos,phowhisper,base,tone_aware_lora,0.05,42,clean,clean,CHỦ TỊCH NƯỚC ĐÃ ĐẾN KIỂM TRA TIẾN ĐỘ THI CÔNG,chủ tịch nước đã đến kiểm tra tiến độ thi công
VIVOSDEV04_R132_snr0,vivos,phowhisper,base,tone_aware_lora,0.05,42,0,music,CHỦ TỊCH NƯỚC ĐÃ ĐẾN KIỂM TRA TIẾN ĐỘ THI CÔNG,chủ tịch nước đã đến kiểm tra tiến độ thi công
VIVOSDEV04_R132_snr10,vivos,phowhisper,base,tone_aware_lora,0.05,42,10,noise,CHỦ TỊCH NƯỚC ĐÃ ĐẾN KIỂM TRA TIẾN ĐỘ THI CÔNG,chủ tịch nước đã đến kiểm tra tiến độ thi công
VIVOSDEV04_R132_snr20,vivos,phowhisper,base,tone_aware_lora,0.05,42,20,music,CHỦ TỊCH NƯỚC ĐÃ ĐẾN KIỂM TRA TIẾN ĐỘ THI CÔNG,chủ tịch nước đã đến kiểm tra tiến độ thi công
VIVOSDEV04_R132_snr5,vivos,phowhisper,base,tone_aware_lora,0.05,42,5,speech,CHỦ TỊCH NƯỚC ĐÃ ĐẾN KIỂM TRA TIẾN ĐỘ THI CÔNG,chủ tịch nước đã đến kiểm tra tiến độ thi công
VIVOSDEV04_R149_clean,vivos,phowhisper,base,tone_aware_lora,0.05,42,clean,clean,MỘT CÔ GÁI VÁY NGẮN CŨN CỠN CHẠY LÊN HỎI,một cô gái váy ngán củng cỡn chạy lên họ
VIVOSDEV04_R149_snr0,vivos,phowhisper,base,tone_aware_lora,0.05,42,0,music,MỘT CÔ GÁI VÁY NGẮN CŨN CỠN CHẠY LÊN HỎI,một cô gái phái nghén cũng cỡn chạy lên họ
VIVOSDEV04_R149_snr10,vivos,phowhisper,base,tone_aware_lora,0.05,42,10,music,MỘT CÔ GÁI VÁY NGẮN CŨN CỠN CHẠY LÊN HỎI,một cô gái phái ngán cũng cỡn chạy lên hỏa
VIVOSDEV04_R149_snr20,vivos,phowhisper,base,tone_aware_lora,0.05,42,20,noise,MỘT CÔ GÁI VÁY NGẮN CŨN CỠN CHẠY LÊN HỎI,một cô gái váy ngán củng cỡn chạy lên họ
VIVOSDEV04_R149_snr5,vivos,phowhisper,base,tone_aware_lora,0.05,42,5,noise,MỘT CÔ GÁI VÁY NGẮN CŨN CỠN CHẠY LÊN HỎI,một cô gái váy ngán trúng cởi chạy lên họ
VIVOSDEV04_R152_clean,vivos,phowhisper,base,tone_aware_lora,0.05,42,clean,clean,SẼ KHÔNG KHIẾN BẠN TRÔNG GẦY NHƯ NHỮNG TRANG PHỤC MỘT MÀU,sẽ không khiến bạn trông gầy như những trang phục mọc màu
VIVOSDEV04_R152_snr0,vivos,phowhisper,base,tone_aware_lora,0.05,42,0,noise,SẼ KHÔNG KHIẾN BẠN TRÔNG GẦY NHƯ NHỮNG TRANG PHỤC MỘT MÀU,sẽ không khiến bạn trông gầy như những trang phục mọc mầu
VIVOSDEV04_R152_snr10,vivos,phowhisper,base,tone_aware_lora,0.05,42,10,music,SẼ KHÔNG KHIẾN BẠN TRÔNG GẦY NHƯ NHỮNG TRANG PHỤC MỘT MÀU,sẽ không khiến bạn trông gầy như những trang phục mọc màu
VIVOSDEV04_R152_snr20,vivos,phowhisper,base,tone_aware_lora,0.05,42,20,music,SẼ KHÔNG KHIẾN BẠN TRÔNG GẦY NHƯ NHỮNG TRANG PHỤC MỘT MÀU,sẽ không khiến bạn trông gầy như những trang phục mọc màu
VIVOSDEV04_R152_snr5,vivos,phowhisper,base,tone_aware_lora,0.05,42,5,speech,SẼ KHÔNG KHIẾN BẠN TRÔNG GẦY NHƯ NHỮNG TRANG PHỤC MỘT MÀU,sẽ không khiến bạn trông gầy như nhỏ trong một màu
VIVOSDEV04_R162_clean,vivos,phowhisper,base,tone_aware_lora,0.05,42,clean,clean,CÔ CHỈ MỚI VÀO LƯỚI NHẶT BÓNG HAI LẦN,cô chỉ mới vào lưới nhặt bóng hai lần
VIVOSDEV04_R162_snr0,vivos,phowhisper,base,tone_aware_lora,0.05,42,0,music,CÔ CHỈ MỚI VÀO LƯỚI NHẶT BÓNG HAI LẦN,khuôi chỉ mới vào lưới nhặt bóng hai lần
VIVOSDEV04_R162_snr10,vivos,phowhisper,base,tone_aware_lora,0.05,42,10,speech,CÔ CHỈ MỚI VÀO LƯỚI NHẶT BÓNG HAI LẦN,cô chỉ mở vào lưới nhạc bóng hai lần
VIVOSDEV04_R162_snr20,vivos,phowhisper,base,tone_aware_lora,0.05,42,20,noise,CÔ CHỈ MỚI VÀO LƯỚI NHẶT BÓNG HAI LẦN,cô chỉ mới vào lưới nhặt bóng hai lần
VIVOSDEV04_R162_snr5,vivos,phowhisper,base,tone_aware_lora,0.05,42,5,speech,CÔ CHỈ MỚI VÀO LƯỚI NHẶT BÓNG HAI LẦN,cô chỉ mới vào lưới nhạc bông hai lần
VIVOSDEV04_T002_clean,vivos,phowhisper,base,tone_aware_lora,0.05,42,clean,clean,CÓ TRẢ TIỀN CHO BỐ KHÔNG THÌ BẢO,có trả tiền cho bố không thì bảo
VIVOSDEV04_T002_snr0,vivos,phowhisper,base,tone_aware_lora,0.05,42,0,music,CÓ TRẢ TIỀN CHO BỐ KHÔNG THÌ BẢO,có trò chuyện giống uốn không thì bão
VIVOSDEV04_T002_snr10,vivos,phowhisper,base,tone_aware_lora,0.05,42,10,music,CÓ TRẢ TIỀN CHO BỐ KHÔNG THÌ BẢO,có trả tiền cho bố không thì bảo
VIVOSDEV04_T002_snr20,vivos,phowhisper,base,tone_aware_lora,0.05,42,20,noise,CÓ TRẢ TIỀN CHO BỐ KHÔNG THÌ BẢO,có trò tiền cho bố không thì bảo
VIVOSDEV04_T002_snr5,vivos,phowhisper,base,tone_aware_lora,0.05,42,5,speech,CÓ TRẢ TIỀN CHO BỐ KHÔNG THÌ BẢO,có trò tiền cho bố không thì bảo
VIVOSDEV04_T009_clean,vivos,phowhisper,base,tone_aware_lora,0.05,42,clean,clean,CHO TÔI NHẮN ĐẠI TIN NÀO CŨNG ĐƯỢC,cho tôi nhắn đại tin nào cũng được
VIVOSDEV04_T009_snr0,vivos,phowhisper,base,tone_aware_lora,0.05,42,0,music,CHO TÔI NHẮN ĐẠI TIN NÀO CŨNG ĐƯỢC,cho tôi những đại tiếng nào cũng được
VIVOSDEV04_T009_snr10,vivos,phowhisper,base,tone_aware_lora,0.05,42,10,noise,CHO TÔI NHẮN ĐẠI TIN NÀO CŨNG ĐƯỢC,cho tôi những đại tin nào cũng được
VIVOSDEV04_T009_snr20,vivos,phowhisper,base,tone_aware_lora,0.05,42,20,noise,CHO TÔI NHẮN ĐẠI TIN NÀO CŨNG ĐƯỢC,cho tôi nhắn đại tin nào cũng được
VIVOSDEV04_T009_snr5,vivos,phowhisper,base,tone_aware_lora,0.05,42,5,noise,CHO TÔI NHẮN ĐẠI TIN NÀO CŨNG ĐƯỢC,cho tôi những đại tin nào cũng được
VIVOSDEV04_T015_clean,vivos,phowhisper,base,tone_aware_lora,0.05,42,clean,clean,MỘT LÀ GẶP LẠI TẤT CẢ CÁC EM PHÒ,một là gặp lại tất cả các em phò
VIVOSDEV04_T015_snr0,vivos,phowhisper,base,tone_aware_lora,0.05,42,0,noise,MỘT LÀ GẶP LẠI TẤT CẢ CÁC EM PHÒ,một là lọc lại tất cả các em phò
VIVOSDEV04_T015_snr10,vivos,phowhisper,base,tone_aware_lora,0.05,42,10,speech,MỘT LÀ GẶP LẠI TẤT CẢ CÁC EM PHÒ,một là gặp lại tất cả các em phòng
VIVOSDEV04_T015_snr20,vivos,phowhisper,base,tone_aware_lora,0.05,42,20,music,MỘT LÀ GẶP LẠI TẤT CẢ CÁC EM PHÒ,một là gặp lại tất cả các em phò
VIVOSDEV04_T015_snr5,vivos,phowhisper,base,tone_aware_lora,0.05,42,5,noise,MỘT LÀ GẶP LẠI TẤT CẢ CÁC EM PHÒ,một là gặp lại tất cả các tên phòng
VIVOSDEV04_T029_clean,vivos,phowhisper,base,tone_aware_lora,0.05,42,clean,clean,ANH ĐI CÔNG TÁC CẦN THƠ TUẦN SAU MỚI VỀ,anh đi công tác cần thơ tuần sau mới về
VIVOSDEV04_T029_snr0,vivos,phowhisper,base,tone_aware_lora,0.05,42,0,speech,ANH ĐI CÔNG TÁC CẦN THƠ TUẦN SAU MỚI VỀ,anh đi công tác cần thơ tuần sau muốn đủ sở
VIVOSDEV04_T029_snr10,vivos,phowhisper,base,tone_aware_lora,0.05,42,10,noise,ANH ĐI CÔNG TÁC CẦN THƠ TUẦN SAU MỚI VỀ,anh đi công tác cần thó tuần sau mối về
VIVOSDEV04_T029_snr20,vivos,phowhisper,base,tone_aware_lora,0.05,42,20,noise,ANH ĐI CÔNG TÁC CẦN THƠ TUẦN SAU MỚI VỀ,anh đi công tác cần thó tuần sau mới về
VIVOSDEV04_T029_snr5,vivos,phowhisper,base,tone_aware_lora,0.05,42,5,music,ANH ĐI CÔNG TÁC CẦN THƠ TUẦN SAU MỚI VỀ,anh đi công tác cần thơ tuần sau mới về
VIVOSDEV04_T032_clean,vivos,phowhisper,base,tone_aware_lora,0.05,42,clean,clean,CAM SÀNH LỘT VỎ CÒN CHUA,công sành lọc võ còn chưa
VIVOSDEV04_T032_snr0,vivos,phowhisper,base,tone_aware_lora,0.05,42,0,music,CAM SÀNH LỘT VỎ CÒN CHUA,công sản lộc vỏ còn chưa
VIVOSDEV04_T032_snr10,vivos,phowhisper,base,tone_aware_lora,0.05,42,10,noise,CAM SÀNH LỘT VỎ CÒN CHUA,công sành lọc võ còn chưa
VIVOSDEV04_T032_snr20,vivos,phowhisper,base,tone_aware_lora,0.05,42,20,noise,CAM SÀNH LỘT VỎ CÒN CHUA,công sành lọc võ còn chưa
VIVOSDEV04_T032_snr5,vivos,phowhisper,base,tone_aware_lora,0.05,42,5,music,CAM SÀNH LỘT VỎ CÒN CHUA,công trình lộc cỏ còn chưa
VIVOSDEV04_T044_clean,vivos,phowhisper,base,tone_aware_lora,0.05,42,clean,clean,BA NÀY CHỈ GIỎI BỐC PHÉT,ba này chỉ giỏi bốc phát
VIVOSDEV04_T044_snr0,vivos,phowhisper,base,tone_aware_lora,0.05,42,0,noise,BA NÀY CHỈ GIỎI BỐC PHÉT,ba này chỉ dọn bút phét
VIVOSDEV04_T044_snr10,vivos,phowhisper,base,tone_aware_lora,0.05,42,10,speech,BA NÀY CHỈ GIỎI BỐC PHÉT,ba này chỉ giỏ bốc phát
VIVOSDEV04_T044_snr20,vivos,phowhisper,base,tone_aware_lora,0.05,42,20,noise,BA NÀY CHỈ GIỎI BỐC PHÉT,ba này chỉ giỏi bốc phát
VIVOSDEV04_T044_snr5,vivos,phowhisper,base,tone_aware_lora,0.05,42,5,noise,BA NÀY CHỈ GIỎI BỐC PHÉT,ba này chỉ giỏ bốc phát
VIVOSDEV05_004_clean,vivos,phowhisper,base,tone_aware_lora,0.05,42,clean,clean,HÃY TƯỞNG TƯỢNG RẰNG BẠN LÀ LÀ GIÁM ĐỐC DỰ ÁN TRONG MỘT CÔNG TY LỚN,hãy tưởng tượng rằng bạn là giám đốc dự án trong một công ty lớn
VIVOSDEV05_004_snr0,vivos,phowhisper,base,tone_aware_lora,0.05,42,0,speech,HÃY TƯỞNG TƯỢNG RẰNG BẠN LÀ LÀ GIÁM ĐỐC DỰ ÁN TRONG MỘT CÔNG TY LỚN,hãy tin tưởng rằng bạn là giám đốc dự án trong một công ty lớn
VIVOSDEV05_004_snr10,vivos,phowhisper,base,tone_aware_lora,0.05,42,10,noise,HÃY TƯỞNG TƯỢNG RẰNG BẠN LÀ LÀ GIÁM ĐỐC DỰ ÁN TRONG MỘT CÔNG TY LỚN,hãy tưởng tượng rằng bạn là giám đốc dự án trong một công ty lớn
VIVOSDEV05_004_snr20,vivos,phowhisper,base,tone_aware_lora,0.05,42,20,noise,HÃY TƯỞNG TƯỢNG RẰNG BẠN LÀ LÀ GIÁM ĐỐC DỰ ÁN TRONG MỘT CÔNG TY LỚN,hãy tưởng tượng rằng bạn là giám đốc dự án trong một công ty lớn
VIVOSDEV05_004_snr5,vivos,phowhisper,base,tone_aware_lora,0.05,42,5,noise,HÃY TƯỞNG TƯỢNG RẰNG BẠN LÀ LÀ GIÁM ĐỐC DỰ ÁN TRONG MỘT CÔNG TY LỚN,hãy tưởng tượng rằng bạn là giám đốc dự án trong một công ty lớn
VIVOSDEV05_030_clean,vivos,phowhisper,base,tone_aware_lora,0.05,42,clean,clean,CỦA NHỮNG THẾ LỰC HÙNG MẠNH,của những thế lực hùng mạnh
VIVOSDEV05_030_snr0,vivos,phowhisper,base,tone_aware_lora,0.05,42,0,noise,CỦA NHỮNG THẾ LỰC HÙNG MẠNH,của những thế lực hùng mạnh
VIVOSDEV05_030_snr10,vivos,phowhisper,base,tone_aware_lora,0.05,42,10,music,CỦA NHỮNG THẾ LỰC HÙNG MẠNH,của những thế lực hùng mạnh
VIVOSDEV05_030_snr20,vivos,phowhisper,base,tone_aware_lora,0.05,42,20,noise,CỦA NHỮNG THẾ LỰC HÙNG MẠNH,của những thế lực hùng mạnh
VIVOSDEV05_030_snr5,vivos,phowhisper,base,tone_aware_lora,0.05,42,5,music,CỦA NHỮNG THẾ LỰC HÙNG MẠNH,của những thế lập phần mạnh
VIVOSDEV05_043_clean,vivos,phowhisper,base,tone_aware_lora,0.05,42,clean,clean,NGUYÊN THỨ TRƯỞNG MAI VĂN DÂU ĐÃ BỊ BẮT,nguyên thứ trưởng mai văn dâu đã bị bắt
VIVOSDEV05_043_snr0,vivos,phowhisper,base,tone_aware_lora,0.05,42,0,noise,NGUYÊN THỨ TRƯỞNG MAI VĂN DÂU ĐÃ BỊ BẮT,nguyên thứ trưởng mai văn dâu đã bị bắt
VIVOSDEV05_043_snr10,vivos,phowhisper,base,tone_aware_lora,0.05,42,10,speech,NGUYÊN THỨ TRƯỞNG MAI VĂN DÂU ĐÃ BỊ BẮT,nguyên thứ trưởng mai văn dâu đã bị bắt
VIVOSDEV05_043_snr20,vivos,phowhisper,base,tone_aware_lora,0.05,42,20,music,NGUYÊN THỨ TRƯỞNG MAI VĂN DÂU ĐÃ BỊ BẮT,nguyên thứ trưởng mai văn dâu đã bị bắt
VIVOSDEV05_043_snr5,vivos,phowhisper,base,tone_aware_lora,0.05,42,5,speech,NGUYÊN THỨ TRƯỞNG MAI VĂN DÂU ĐÃ BỊ BẮT,nguyên thứ trưởng mai văn dâu đã bị bắt
VIVOSDEV05_065_clean,vivos,phowhisper,base,tone_aware_lora,0.05,42,clean,clean,NHỮNG NGƯỜI SỐNG THÌ THA THẨN TRONG NHÀ NGOÀI NGÕ,những người sống thì tha thẩn trong nhà ngoài ngõ
VIVOSDEV05_065_snr0,vivos,phowhisper,base,tone_aware_lora,0.05,42,0,noise,NHỮNG NGƯỜI SỐNG THÌ THA THẨN TRONG NHÀ NGOÀI NGÕ,những người sống thì tha thẩn trong nhà ngoài ngõ
VIVOSDEV05_065_snr10,vivos,phowhisper,base,tone_aware_lora,0.05,42,10,noise,NHỮNG NGƯỜI SỐNG THÌ THA THẨN TRONG NHÀ NGOÀI NGÕ,những người sống thì tha thẩn trong nhà ngoài ngõ
VIVOSDEV05_065_snr20,vivos,phowhisper,base,tone_aware_lora,0.05,42,20,speech,NHỮNG NGƯỜI SỐNG THÌ THA THẨN TRONG NHÀ NGOÀI NGÕ,những người sống thì tha thẩn trong nhà ngoài ngõ
VIVOSDEV05_065_snr5,vivos,phowhisper,base,tone_aware_lora,0.05,42,5,music,NHỮNG NGƯỜI SỐNG THÌ THA THẨN TRONG NHÀ NGOÀI NGÕ,những người sống thì thả thẳng trong nhà ngoài ngõ
VIVOSDEV05_087_clean,vivos,phowhisper,base,tone_aware_lora,0.05,42,clean,clean,CẢ KHÔNG GIAN NHUỐM MÀU TRO BẾP,cả không gian nhuốm màu tro bếp
VIVOSDEV05_087_snr0,vivos,phowhisper,base,tone_aware_lora,0.05,42,0,noise,CẢ KHÔNG GIAN NHUỐM MÀU TRO BẾP,cả không gian nhuốm màu cho bếp
VIVOSDEV05_087_snr10,vivos,phowhisper,base,tone_aware_lora,0.05,42,10,noise,CẢ KHÔNG GIAN NHUỐM MÀU TRO BẾP,cả không gian nhuốm màu tro bếp
VIVOSDEV05_087_snr20,vivos,phowhisper,base,tone_aware_lora,0.05,42,20,music,CẢ KHÔNG GIAN NHUỐM MÀU TRO BẾP,cả không gian nhuốm màu tro bếp
VIVOSDEV05_087_snr5,vivos,phowhisper,base,tone_aware_lora,0.05,42,5,noise,CẢ KHÔNG GIAN NHUỐM MÀU TRO BẾP,cả không gian nhuốm màu cho bếp
VIVOSDEV05_091_clean,vivos,phowhisper,base,tone_aware_lora,0.05,42,clean,clean,TRÁN GIÔ,tráng dô
VIVOSDEV05_091_snr0,vivos,phowhisper,base,tone_aware_lora,0.05,42,0,music,TRÁN GIÔ,tráng dô
VIVOSDEV05_091_snr10,vivos,phowhisper,base,tone_aware_lora,0.05,42,10,music,TRÁN GIÔ,trán dô
VIVOSDEV05_091_snr20,vivos,phowhisper,base,tone_aware_lora,0.05,42,20,noise,TRÁN GIÔ,trán dô
VIVOSDEV05_091_snr5,vivos,phowhisper,base,tone_aware_lora,0.05,42,5,speech,TRÁN GIÔ,đáng giơ
VIVOSDEV05_107_clean,vivos,phowhisper,base,tone_aware_lora,0.05,42,clean,clean,TRÔNG MỘT CÔ NÀNG ĐỔ NGƯỜI LÊN LƯNG ANH NGƯỜI YÊU GẦY CÒM,trong một cô nàng đỗ người lên lưng anh người yêu gầy cầm
VIVOSDEV05_107_snr0,vivos,phowhisper,base,tone_aware_lora,0.05,42,0,noise,TRÔNG MỘT CÔ NÀNG ĐỔ NGƯỜI LÊN LƯNG ANH NGƯỜI YÊU GẦY CÒM,trong một cô nàng đỗ người lên lưng anh người yêu gầy cầm
VIVOSDEV05_107_snr10,vivos,phowhisper,base,tone_aware_lora,0.05,42,10,noise,TRÔNG MỘT CÔ NÀNG ĐỔ NGƯỜI LÊN LƯNG ANH NGƯỜI YÊU GẦY CÒM,trong một cô nàng đỗ người lên lưng anh người yêu gầy còm
VIVOSDEV05_107_snr20,vivos,phowhisper,base,tone_aware_lora,0.05,42,20,noise,TRÔNG MỘT CÔ NÀNG ĐỔ NGƯỜI LÊN LƯNG ANH NGƯỜI YÊU GẦY CÒM,trong một cô nàng đỗ người lên lưng anh người yêu gầy còm
VIVOSDEV05_107_snr5,vivos,phowhisper,base,tone_aware_lora,0.05,42,5,noise,TRÔNG MỘT CÔ NÀNG ĐỔ NGƯỜI LÊN LƯNG ANH NGƯỜI YÊU GẦY CÒM,trong một cô nàng đỗ người lên lưng anh người yêu gầy cầm
VIVOSDEV05_109_clean,vivos,phowhisper,base,tone_aware_lora,0.05,42,clean,clean,DOANH NGHIỆP TUYỂN DỤNG LAO ĐỘNG NƯỚC NGOÀI,doanh nghiệp tuyển dụng lao động nước ngoài
VIVOSDEV05_109_snr0,vivos,phowhisper,base,tone_aware_lora,0.05,42,0,noise,DOANH NGHIỆP TUYỂN DỤNG LAO ĐỘNG NƯỚC NGOÀI,doanh nghiệp tuyển dụng lao động nước ngoài
VIVOSDEV05_109_snr10,vivos,phowhisper,base,tone_aware_lora,0.05,42,10,speech,DOANH NGHIỆP TUYỂN DỤNG LAO ĐỘNG NƯỚC NGOÀI,doanh nghiệp tuyển dụng lao động nước ngoài
VIVOSDEV05_109_snr20,vivos,phowhisper,base,tone_aware_lora,0.05,42,20,music,DOANH NGHIỆP TUYỂN DỤNG LAO ĐỘNG NƯỚC NGOÀI,doanh nghiệp tuyển dụng lao động nước ngoài
VIVOSDEV05_109_snr5,vivos,phowhisper,base,tone_aware_lora,0.05,42,5,noise,DOANH NGHIỆP TUYỂN DỤNG LAO ĐỘNG NƯỚC NGOÀI,doanh nghiệp tuyển dụng lao động nước ngoài
VIVOSDEV05_129_clean,vivos,phowhisper,base,tone_aware_lora,0.05,42,clean,clean,THU HÚT RẤT LÀ NHIỀU LOÀI CHIM,thu hút rất là nhiều loài chim
VIVOSDEV05_129_snr0,vivos,phowhisper,base,tone_aware_lora,0.05,42,0,speech,THU HÚT RẤT LÀ NHIỀU LOÀI CHIM,thu hút rất là nhiều loại kem
VIVOSDEV05_129_snr10,vivos,phowhisper,base,tone_aware_lora,0.05,42,10,speech,THU HÚT RẤT LÀ NHIỀU LOÀI CHIM,thu hút rất là nhiều loài chim
VIVOSDEV05_129_snr20,vivos,phowhisper,base,tone_aware_lora,0.05,42,20,music,THU HÚT RẤT LÀ NHIỀU LOÀI CHIM,thu hút rất là nhiều loài chim
VIVOSDEV05_129_snr5,vivos,phowhisper,base,tone_aware_lora,0.05,42,5,noise,THU HÚT RẤT LÀ NHIỀU LOÀI CHIM,thu hút rất là nhiều loài chim
VIVOSDEV05_143_clean,vivos,phowhisper,base,tone_aware_lora,0.05,42,clean,clean,NHỎ ĐƯA TAY RA CÀO HẾT BÙN KHÔ TRÊN CỔ TỚ,nhỏ đưa tay ra cào hết bùn khô trên cổ tớ
VIVOSDEV05_143_snr0,vivos,phowhisper,base,tone_aware_lora,0.05,42,0,music,NHỎ ĐƯA TAY RA CÀO HẾT BÙN KHÔ TRÊN CỔ TỚ,nhỏ đưa tay ra cào hết vùng phô trên cổ tớn
VIVOSDEV05_143_snr10,vivos,phowhisper,base,tone_aware_lora,0.05,42,10,noise,NHỎ ĐƯA TAY RA CÀO HẾT BÙN KHÔ TRÊN CỔ TỚ,nhỏ đưa tay ra cào hết bùn phô trên cổ tới
VIVOSDEV05_143_snr20,vivos,phowhisper,base,tone_aware_lora,0.05,42,20,noise,NHỎ ĐƯA TAY RA CÀO HẾT BÙN KHÔ TRÊN CỔ TỚ,nhỏ đưa tay ra cào hết bùn khô trên cổ tớ
VIVOSDEV05_143_snr5,vivos,phowhisper,base,tone_aware_lora,0.05,42,5,music,NHỎ ĐƯA TAY RA CÀO HẾT BÙN KHÔ TRÊN CỔ TỚ,nhỏ đưa tay ra cào hết bùng khô trên cổ tớ
VIVOSDEV05_170_clean,vivos,phowhisper,base,tone_aware_lora,0.05,42,clean,clean,CHẬM NẮM BẮT XU HƯỚNG PHÁT TRIỂN CÔNG NGHỆ MỚI,chậm nắm bắt xu hướng phát triển công nghệ mới
VIVOSDEV05_170_snr0,vivos,phowhisper,base,tone_aware_lora,0.05,42,0,music,CHẬM NẮM BẮT XU HƯỚNG PHÁT TRIỂN CÔNG NGHỆ MỚI,chồng nắm bắt tôi hướng phát triển công nghệ mới
VIVOSDEV05_170_snr10,vivos,phowhisper,base,tone_aware_lora,0.05,42,10,music,CHẬM NẮM BẮT XU HƯỚNG PHÁT TRIỂN CÔNG NGHỆ MỚI,chậm nắm bắt xu hướng phát triển công nghệ mới
VIVOSDEV05_170_snr20,vivos,phowhisper,base,tone_aware_lora,0.05,42,20,noise,CHẬM NẮM BẮT XU HƯỚNG PHÁT TRIỂN CÔNG NGHỆ MỚI,chậm nắm bắt xu hướng phát triển công nghệ mới
VIVOSDEV05_170_snr5,vivos,phowhisper,base,tone_aware_lora,0.05,42,5,speech,CHẬM NẮM BẮT XU HƯỚNG PHÁT TRIỂN CÔNG NGHỆ MỚI,chậm nắm bắt xu hướng phát triển công nghệ mới
VIVOSDEV05_185_clean,vivos,phowhisper,base,tone_aware_lora,0.05,42,clean,clean,MÀ MƯỜNG TƯỢNG RA HÌNH BÓNG MẸ,mà mường tượng ra hình bóng mẹ
VIVOSDEV05_185_snr0,vivos,phowhisper,base,tone_aware_lora,0.05,42,0,noise,MÀ MƯỜNG TƯỢNG RA HÌNH BÓNG MẸ,mà mường tượng ra hình bóng mẹ
VIVOSDEV05_185_snr10,vivos,phowhisper,base,tone_aware_lora,0.05,42,10,noise,MÀ MƯỜNG TƯỢNG RA HÌNH BÓNG MẸ,mà mường tượng ra hình bóng mẹ
VIVOSDEV05_185_snr20,vivos,phowhisper,base,tone_aware_lora,0.05,42,20,speech,MÀ MƯỜNG TƯỢNG RA HÌNH BÓNG MẸ,mà mường tượng ra hình bóng mẹ
VIVOSDEV05_185_snr5,vivos,phowhisper,base,tone_aware_lora,0.05,42,5,noise,MÀ MƯỜNG TƯỢNG RA HÌNH BÓNG MẸ,mà mường tượng ra hình bóng mẹ
VIVOSDEV05_189_clean,vivos,phowhisper,base,tone_aware_lora,0.05,42,clean,clean,MỖI NGƯỜI MỘT SỐ PHẬN EM À,mỗi người một số phận em à
VIVOSDEV05_189_snr0,vivos,phowhisper,base,tone_aware_lora,0.05,42,0,music,MỖI NGƯỜI MỘT SỐ PHẬN EM À,mỗi người một tốt bận em à
VIVOSDEV05_189_snr10,vivos,phowhisper,base,tone_aware_lora,0.05,42,10,noise,MỖI NGƯỜI MỘT SỐ PHẬN EM À,mỗi người một số phận em à
VIVOSDEV05_189_snr20,vivos,phowhisper,base,tone_aware_lora,0.05,42,20,noise,MỖI NGƯỜI MỘT SỐ PHẬN EM À,mỗi người một số phận em à
VIVOSDEV05_189_snr5,vivos,phowhisper,base,tone_aware_lora,0.05,42,5,speech,MỖI NGƯỜI MỘT SỐ PHẬN EM À,mỗi người một số phận em à
VIVOSDEV05_202_clean,vivos,phowhisper,base,tone_aware_lora,0.05,42,clean,clean,CHỊ HAI CHỦ QUÁN NGHE BÀN TÁN RÔM RẢ CŨNG RA GÓP CHUYỆN,chị hai chủ quán nghe bàn tán rôm rả cũng ra góp chuyện
VIVOSDEV05_202_snr0,vivos,phowhisper,base,tone_aware_lora,0.05,42,0,speech,CHỊ HAI CHỦ QUÁN NGHE BÀN TÁN RÔM RẢ CŨNG RA GÓP CHUYỆN,chủ hai chụp qua ngay bàn tán rôm rã cũng ra góp chuyện
VIVOSDEV05_202_snr10,vivos,phowhisper,base,tone_aware_lora,0.05,42,10,noise,CHỊ HAI CHỦ QUÁN NGHE BÀN TÁN RÔM RẢ CŨNG RA GÓP CHUYỆN,chị hai chủ quán nghe bàn tán rôm rả cũng ra góp chuyện
VIVOSDEV05_202_snr20,vivos,phowhisper,base,tone_aware_lora,0.05,42,20,music,CHỊ HAI CHỦ QUÁN NGHE BÀN TÁN RÔM RẢ CŨNG RA GÓP CHUYỆN,chị hai chủ quán ngay bàn tán rôm rả cũng ra góp chuyện
VIVOSDEV05_202_snr5,vivos,phowhisper,base,tone_aware_lora,0.05,42,5,speech,CHỊ HAI CHỦ QUÁN NGHE BÀN TÁN RÔM RẢ CŨNG RA GÓP CHUYỆN,thì hai chủ quán nghe bàn tán rôm rạc cũng ra góp chuyện
VIVOSDEV05_206_clean,vivos,phowhisper,base,tone_aware_lora,0.05,42,clean,clean,TỨC KHẮC ẬP VỀ KÉO MỌI NGƯỜI THỨ TRỞ LẠI THỜI HOANG SƠ,tức khắc ập về kéo mọi người thứ trở lại thời hoang sơ
VIVOSDEV05_206_snr0,vivos,phowhisper,base,tone_aware_lora,0.05,42,0,speech,TỨC KHẮC ẬP VỀ KÉO MỌI NGƯỜI THỨ TRỞ LẠI THỜI HOANG SƠ,tức khắc ẩm về kéo mọi người thứ trở lại thời hoang sơn
VIVOSDEV05_206_snr10,vivos,phowhisper,base,tone_aware_lora,0.05,42,10,noise,TỨC KHẮC ẬP VỀ KÉO MỌI NGƯỜI THỨ TRỞ LẠI THỜI HOANG SƠ,tức khắc ập về kéo mọi người thứ trở lại thời hoang sơ
VIVOSDEV05_206_snr20,vivos,phowhisper,base,tone_aware_lora,0.05,42,20,speech,TỨC KHẮC ẬP VỀ KÉO MỌI NGƯỜI THỨ TRỞ LẠI THỜI HOANG SƠ,rất khắc ập về kéo mọi người thứ trở lại thời hoang sơ
VIVOSDEV05_206_snr5,vivos,phowhisper,base,tone_aware_lora,0.05,42,5,noise,TỨC KHẮC ẬP VỀ KÉO MỌI NGƯỜI THỨ TRỞ LẠI THỜI HOANG SƠ,tức khắc tập về kéo mọi người thứ trở lại thời hoang sơn
VIVOSDEV05_212_clean,vivos,phowhisper,base,tone_aware_lora,0.05,42,clean,clean,BỐN CHIẾC TRỐNG ĐẠI PHÈNG LA,bốn chiếc trống đại phèn la
VIVOSDEV05_212_snr0,vivos,phowhisper,base,tone_aware_lora,0.05,42,0,speech,BỐN CHIẾC TRỐNG ĐẠI PHÈNG LA,bốn chiếc cống nại tràng la
VIVOSDEV05_212_snr10,vivos,phowhisper,base,tone_aware_lora,0.05,42,10,music,BỐN CHIẾC TRỐNG ĐẠI PHÈNG LA,vốn chiếc trống đại tiền la
VIVOSDEV05_212_snr20,vivos,phowhisper,base,tone_aware_lora,0.05,42,20,noise,BỐN CHIẾC TRỐNG ĐẠI PHÈNG LA,bốn chiếc trống đại phèn la
VIVOSDEV05_212_snr5,vivos,phowhisper,base,tone_aware_lora,0.05,42,5,music,BỐN CHIẾC TRỐNG ĐẠI PHÈNG LA,bốn chiếc trống đại phèn la
VIVOSDEV05_251_clean,vivos,phowhisper,base,tone_aware_lora,0.05,42,clean,clean,BỌN BUÔN LẬU MA TÚY VÀ VŨ KHÍ,bọn buôn lậu má túy và vũ khí
VIVOSDEV05_251_snr0,vivos,phowhisper,base,tone_aware_lora,0.05,42,0,noise,BỌN BUÔN LẬU MA TÚY VÀ VŨ KHÍ,bọn buôn lậu ma túy và vũ khí
VIVOSDEV05_251_snr10,vivos,phowhisper,base,tone_aware_lora,0.05,42,10,noise,BỌN BUÔN LẬU MA TÚY VÀ VŨ KHÍ,bọn buôn lậu má túy và vũ khí
VIVOSDEV05_251_snr20,vivos,phowhisper,base,tone_aware_lora,0.05,42,20,speech,BỌN BUÔN LẬU MA TÚY VÀ VŨ KHÍ,bọn buôn lậu má túy và vũ khí
VIVOSDEV05_251_snr5,vivos,phowhisper,base,tone_aware_lora,0.05,42,5,music,BỌN BUÔN LẬU MA TÚY VÀ VŨ KHÍ,bọn buôn lậu má túy và vũ khí
VIVOSDEV05_261_clean,vivos,phowhisper,base,tone_aware_lora,0.05,42,clean,clean,LẠI QUAY RA TẬP VIẾT BÁO RỒI GỬI VU VƠ,lại quay ra tập viết báo rồi gửi vu vơ
VIVOSDEV05_261_snr0,vivos,phowhisper,base,tone_aware_lora,0.05,42,0,noise,LẠI QUAY RA TẬP VIẾT BÁO RỒI GỬI VU VƠ,lại quay ra tập biết báo rồi dỉ vu vơ
VIVOSDEV05_261_snr10,vivos,phowhisper,base,tone_aware_lora,0.05,42,10,noise,LẠI QUAY RA TẬP VIẾT BÁO RỒI GỬI VU VƠ,lại quay ra tập viết báo rồi gửi vu vơ
VIVOSDEV05_261_snr20,vivos,phowhisper,base,tone_aware_lora,0.05,42,20,noise,LẠI QUAY RA TẬP VIẾT BÁO RỒI GỬI VU VƠ,lại quay ra tập biết báo rồi gửi vu vơ
VIVOSDEV05_261_snr5,vivos,phowhisper,base,tone_aware_lora,0.05,42,5,speech,LẠI QUAY RA TẬP VIẾT BÁO RỒI GỬI VU VƠ,lại quay ra tập viết báo rồi gửi mua vơ
VIVOSDEV05_263_clean,vivos,phowhisper,base,tone_aware_lora,0.05,42,clean,clean,NGHE TIẾNG XÌNH XỊCH XA XA THÌ ĐOÁN TRÚNG PHÓC LÀ HÚT HẦM CẦU,nghe tiếng sình sịch xa xa thì đoán trúng phóc là hút hầm cầu
VIVOSDEV05_263_snr0,vivos,phowhisper,base,tone_aware_lora,0.05,42,0,noise,NGHE TIẾNG XÌNH XỊCH XA XA THÌ ĐOÁN TRÚNG PHÓC LÀ HÚT HẦM CẦU,nghe tiếng sình sịch xa xa thì đoán trúng phóc là hút hầm cầu
VIVOSDEV05_263_snr10,vivos,phowhisper,base,tone_aware_lora,0.05,42,10,noise,NGHE TIẾNG XÌNH XỊCH XA XA THÌ ĐOÁN TRÚNG PHÓC LÀ HÚT HẦM CẦU,nghe tiếng tình xạch xa xa thì đoán cúng phóc là hút hầm cầu
VIVOSDEV05_263_snr20,vivos,phowhisper,base,tone_aware_lora,0.05,42,20,music,NGHE TIẾNG XÌNH XỊCH XA XA THÌ ĐOÁN TRÚNG PHÓC LÀ HÚT HẦM CẦU,nghe tiến sình xịt xa xa thì đoán trúng phóc là hút hầm cầu
VIVOSDEV05_263_snr5,vivos,phowhisper,base,tone_aware_lora,0.05,42,5,noise,NGHE TIẾNG XÌNH XỊCH XA XA THÌ ĐOÁN TRÚNG PHÓC LÀ HÚT HẦM CẦU,nghe tiếng sình sạch xa xa thì đoán trúng phóc là hút hầm cầu
VIVOSDEV05_295_clean,vivos,phowhisper,base,tone_aware_lora,0.05,42,clean,clean,LÀM HỎNG CÁC THIẾT BỊ CỦA TÊN LỬA,làm hỏng các thiết bị của tên lửa
VIVOSDEV05_295_snr0,vivos,phowhisper,base,tone_aware_lora,0.05,42,0,noise,LÀM HỎNG CÁC THIẾT BỊ CỦA TÊN LỬA,làm hỏng các thiết bị của tên lửa
VIVOSDEV05_295_snr10,vivos,phowhisper,base,tone_aware_lora,0.05,42,10,noise,LÀM HỎNG CÁC THIẾT BỊ CỦA TÊN LỬA,làm hỏng các thước bì của tên lửa
VIVOSDEV05_295_snr20,vivos,phowhisper,base,tone_aware_lora,0.05,42,20,noise,LÀM HỎNG CÁC THIẾT BỊ CỦA TÊN LỬA,làm hỏng các thiết bị của tên lửa
VIVOSDEV05_295_snr5,vivos,phowhisper,base,tone_aware_lora,0.05,42,5,music,LÀM HỎNG CÁC THIẾT BỊ CỦA TÊN LỬA,làm hỏng các thiết bị của tên lửa
VIVOSDEV06_016_clean,vivos,phowhisper,base,tone_aware_lora,0.05,42,clean,clean,RÂU RIA ĐÃ BA NGÀY KHÔNG CẠO,râu ria đã ba ngày không cạo
VIVOSDEV06_016_snr0,vivos,phowhisper,base,tone_aware_lora,0.05,42,0,music,RÂU RIA ĐÃ BA NGÀY KHÔNG CẠO,râu ria đã ba nghìn không cao
VIVOSDEV06_016_snr10,vivos,phowhisper,base,tone_aware_lora,0.05,42,10,noise,RÂU RIA ĐÃ BA NGÀY KHÔNG CẠO,râu ria đã ba ngày không cạo
VIVOSDEV06_016_snr20,vivos,phowhisper,base,tone_aware_lora,0.05,42,20,speech,RÂU RIA ĐÃ BA NGÀY KHÔNG CẠO,râu ria đã ba ngày không cạo
VIVOSDEV06_016_snr5,vivos,phowhisper,base,tone_aware_lora,0.05,42,5,music,RÂU RIA ĐÃ BA NGÀY KHÔNG CẠO,râu ria đã ba nghìn không trạo
VIVOSDEV06_021_clean,vivos,phowhisper,base,tone_aware_lora,0.05,42,clean,clean,MỘT ĐƯỜNG HƯỚNG CHUYÊN NGHIỆP,một đường hướng chuyên nghiệp
VIVOSDEV06_021_snr0,vivos,phowhisper,base,tone_aware_lora,0.05,42,0,noise,MỘT ĐƯỜNG HƯỚNG CHUYÊN NGHIỆP,một đường hướng chuyên nghiệp
VIVOSDEV06_021_snr10,vivos,phowhisper,base,tone_aware_lora,0.05,42,10,music,MỘT ĐƯỜNG HƯỚNG CHUYÊN NGHIỆP,một đường hướng chuyên nghiệp
VIVOSDEV06_021_snr20,vivos,phowhisper,base,tone_aware_lora,0.05,42,20,noise,MỘT ĐƯỜNG HƯỚNG CHUYÊN NGHIỆP,một đường hướng chuyên nghiệp
VIVOSDEV06_021_snr5,vivos,phowhisper,base,tone_aware_lora,0.05,42,5,noise,MỘT ĐƯỜNG HƯỚNG CHUYÊN NGHIỆP,một đường hướng chuyên nghiệp
VIVOSDEV06_034_clean,vivos,phowhisper,base,tone_aware_lora,0.05,42,clean,clean,NHỮNG NGƯỜI TRÊN GHE CỦA CÔNG AN ĐÃ NHẮM THẲNG VÀO GHE ANH CHỦ,những người trên ghe của công an đã nhắm hẳn vào ghe anh chủ
VIVOSDEV06_034_snr0,vivos,phowhisper,base,tone_aware_lora,0.05,42,0,speech,NHỮNG NGƯỜI TRÊN GHE CỦA CÔNG AN ĐÃ NHẮM THẲNG VÀO GHE ANH CHỦ,đang cốt trẹo và lối chèo n ghe của công trăng đã nhắm hẳn vào ghe anh chủ
VIVOSDEV06_034_snr10,vivos,phowhisper,base,tone_aware_lora,0.05,42,10,music,NHỮNG NGƯỜI TRÊN GHE CỦA CÔNG AN ĐÃ NHẮM THẲNG VÀO GHE ANH CHỦ,những người trên ghe của công an đã nhắm hẳn vào ghe anh chủ
VIVOSDEV06_034_snr20,vivos,phowhisper,base,tone_aware_lora,0.05,42,20,noise,NHỮNG NGƯỜI TRÊN GHE CỦA CÔNG AN ĐÃ NHẮM THẲNG VÀO GHE ANH CHỦ,những người trên ghe của công an đã nhắm hẳn vào ghe anh chủ
VIVOSDEV06_034_snr5,vivos,phowhisper,base,tone_aware_lora,0.05,42,5,noise,NHỮNG NGƯỜI TRÊN GHE CỦA CÔNG AN ĐÃ NHẮM THẲNG VÀO GHE ANH CHỦ,những người trên ghe của công an đã nhắm hẳn vào ghe anh chủ
VIVOSDEV06_037_clean,vivos,phowhisper,base,tone_aware_lora,0.05,42,clean,clean,ĐỪNG BUỒN VÌ TỰ GIẰN VẶT MÌNH NỮA,đừng buồn vì tự dằn vặt mình nữa
VIVOSDEV06_037_snr0,vivos,phowhisper,base,tone_aware_lora,0.05,42,0,music,ĐỪNG BUỒN VÌ TỰ GIẰN VẶT MÌNH NỮA,đừng buồn vì tự dằn vặt mình nữa
VIVOSDEV06_037_snr10,vivos,phowhisper,base,tone_aware_lora,0.05,42,10,speech,ĐỪNG BUỒN VÌ TỰ GIẰN VẶT MÌNH NỮA,đừng buồn vì tự dằn vặt mình nữa
VIVOSDEV06_037_snr20,vivos,phowhisper,base,tone_aware_lora,0.05,42,20,noise,ĐỪNG BUỒN VÌ TỰ GIẰN VẶT MÌNH NỮA,đừng buồn vì tự dằn vặt mình nữa
VIVOSDEV06_037_snr5,vivos,phowhisper,base,tone_aware_lora,0.05,42,5,noise,ĐỪNG BUỒN VÌ TỰ GIẰN VẶT MÌNH NỮA,đừng buồn vì tự dằn vặt mình nữa
VIVOSDEV06_042_clean,vivos,phowhisper,base,tone_aware_lora,0.05,42,clean,clean,ĐANG HẤP DẪN CÁC TẬP ĐOÀN PHÂN PHỐI ĐA QUỐC GIA,đang hấp dẫn các tập đoàn phân phối đa quốc gia
VIVOSDEV06_042_snr0,vivos,phowhisper,base,tone_aware_lora,0.05,42,0,speech,ĐANG HẤP DẪN CÁC TẬP ĐOÀN PHÂN PHỐI ĐA QUỐC GIA,đang hấp dẫn các tập đoàn phân phối đa quốc gia
VIVOSDEV06_042_snr10,vivos,phowhisper,base,tone_aware_lora,0.05,42,10,noise,ĐANG HẤP DẪN CÁC TẬP ĐOÀN PHÂN PHỐI ĐA QUỐC GIA,đang hấp dẫn các tập đoàn phân phối đa quốc gia
VIVOSDEV06_042_snr20,vivos,phowhisper,base,tone_aware_lora,0.05,42,20,music,ĐANG HẤP DẪN CÁC TẬP ĐOÀN PHÂN PHỐI ĐA QUỐC GIA,đang hấp dẫn các tập đoàn phân phối đa quốc gia
VIVOSDEV06_042_snr5,vivos,phowhisper,base,tone_aware_lora,0.05,42,5,music,ĐANG HẤP DẪN CÁC TẬP ĐOÀN PHÂN PHỐI ĐA QUỐC GIA,đang hấp dẫn các tập đoàn phân phối đa quốc gia
VIVOSDEV06_061_clean,vivos,phowhisper,base,tone_aware_lora,0.05,42,clean,clean,VÌ NÓ KHÔNG NHẮC ĐẾN NHỮNG CUỘC TẤN CÔNG NHẮM VÀO NGƯỜI DO THÁI,vì nó không nhắc đến những cuộc tấn công nhắm vào người do thái
VIVOSDEV06_061_snr0,vivos,phowhisper,base,tone_aware_lora,0.05,42,0,noise,VÌ NÓ KHÔNG NHẮC ĐẾN NHỮNG CUỘC TẤN CÔNG NHẮM VÀO NGƯỜI DO THÁI,vì nó không nhắc đến những cuộc tấn công nhắm vào người do thái
VIVOSDEV06_061_snr10,vivos,phowhisper,base,tone_aware_lora,0.05,42,10,speech,VÌ NÓ KHÔNG NHẮC ĐẾN NHỮNG CUỘC TẤN CÔNG NHẮM VÀO NGƯỜI DO THÁI,vì nó không nhắc đến những cuộc tấn công nhắm vào người do thái
VIVOSDEV06_061_snr20,vivos,phowhisper,base,tone_aware_lora,0.05,42,20,music,VÌ NÓ KHÔNG NHẮC ĐẾN NHỮNG CUỘC TẤN CÔNG NHẮM VÀO NGƯỜI DO THÁI,vì nó không nhắc đến những cuộc tấn công nhắm vào người do thái
VIVOSDEV06_061_snr5,vivos,phowhisper,base,tone_aware_lora,0.05,42,5,noise,VÌ NÓ KHÔNG NHẮC ĐẾN NHỮNG CUỘC TẤN CÔNG NHẮM VÀO NGƯỜI DO THÁI,vì nó không nhắc đến những cuộc tấn công nhắm vào người do thái
VIVOSDEV06_070_clean,vivos,phowhisper,base,tone_aware_lora,0.05,42,clean,clean,RỒI KHỀ KHÀ ĐÔI CÂU VỌNG CỔ VỚI CHÂN CHUỘT,rồi kề khà đôi câu vọng cổ với chân chuột
VIVOSDEV06_070_snr0,vivos,phowhisper,base,tone_aware_lora,0.05,42,0,music,RỒI KHỀ KHÀ ĐÔI CÂU VỌNG CỔ VỚI CHÂN CHUỘT,rồi khề khà đôi câu cổng tổ với chân chuột
VIVOSDEV06_070_snr10,vivos,phowhisper,base,tone_aware_lora,0.05,42,10,music,RỒI KHỀ KHÀ ĐÔI CÂU VỌNG CỔ VỚI CHÂN CHUỘT,rồi kề khà đôi câu vọng cổ với chân chuột
VIVOSDEV06_070_snr20,vivos,phowhisper,base,tone_aware_lora,0.05,42,20,noise,RỒI KHỀ KHÀ ĐÔI CÂU VỌNG CỔ VỚI CHÂN CHUỘT,rồi kề khà đôi câu vọng cổ với chân chuột
VIVOSDEV06_070_snr5,vivos,phowhisper,base,tone_aware_lora,0.05,42,5,speech,RỒI KHỀ KHÀ ĐÔI CÂU VỌNG CỔ VỚI CHÂN CHUỘT,rồi thề khà đôi câu vọng cổ với chân chuột
VIVOSDEV06_098_clean,vivos,phowhisper,base,tone_aware_lora,0.05,42,clean,clean,CÁI VỊ CHÁT CHÁT VÀ ĐẮNG NGẮT CỦA CÀ PHÊ NGUYÊN CHẤT,cái vị chát chát và đắng ngắt của cà phê nguyên chất
VIVOSDEV06_098_snr0,vivos,phowhisper,base,tone_aware_lora,0.05,42,0,noise,CÁI VỊ CHÁT CHÁT VÀ ĐẮNG NGẮT CỦA CÀ PHÊ NGUYÊN CHẤT,cái vị chát chát và đắng ngắt của cà phê nguyên chất
VIVOSDEV06_098_snr10,vivos,phowhisper,base,tone_aware_lora,0.05,42,10,music,CÁI VỊ CHÁT CHÁT VÀ ĐẮNG NGẮT CỦA CÀ PHÊ NGUYÊN CHẤT,cái vị chát chát và đắng ngắt của cà phê nguyên chất
VIVOSDEV06_098_snr20,vivos,phowhisper,base,tone_aware_lora,0.05,42,20,music,CÁI VỊ CHÁT CHÁT VÀ ĐẮNG NGẮT CỦA CÀ PHÊ NGUYÊN CHẤT,cái vị chát chát và đắng ngắt của cà phê nguyên chất
VIVOSDEV06_098_snr5,vivos,phowhisper,base,tone_aware_lora,0.05,42,5,noise,CÁI VỊ CHÁT CHÁT VÀ ĐẮNG NGẮT CỦA CÀ PHÊ NGUYÊN CHẤT,cái vị chết chết và đắng ngắt của cà phê nguyên chất
VIVOSDEV06_108_clean,vivos,phowhisper,base,tone_aware_lora,0.05,42,clean,clean,LÀM CÔ NÀNG RỌ RẠY THỨC TRẮNG CẢ ĐÊM,làm cô nàng rõ rây thức trắng cả đêm
VIVOSDEV06_108_snr0,vivos,phowhisper,base,tone_aware_lora,0.05,42,0,music,LÀM CÔ NÀNG RỌ RẠY THỨC TRẮNG CẢ ĐÊM,làm cô nàng rõ rơi thức trắng cả đêm
VIVOSDEV06_108_snr10,vivos,phowhisper,base,tone_aware_lora,0.05,42,10,noise,LÀM CÔ NÀNG RỌ RẠY THỨC TRẮNG CẢ ĐÊM,làm cô nàng rõ rây thức trắng cả đêm
VIVOSDEV06_108_snr20,vivos,phowhisper,base,tone_aware_lora,0.05,42,20,noise,LÀM CÔ NÀNG RỌ RẠY THỨC TRẮNG CẢ ĐÊM,làm cô nàng rõ rây thức trắng cả đêm
VIVOSDEV06_108_snr5,vivos,phowhisper,base,tone_aware_lora,0.05,42,5,speech,LÀM CÔ NÀNG RỌ RẠY THỨC TRẮNG CẢ ĐÊM,làm cô nàng rõ rơi thức trắng cả đêm
VIVOSDEV06_117_clean,vivos,phowhisper,base,tone_aware_lora,0.05,42,clean,clean,GIẢI QUYẾT KHỐI UNG NHỌT NÀY PHẢI CẦN ĐẾN MỘT CUỘC ĐẠI PHẪU NGHIÊM TÚC,giải quyết khói uông nhọt này phải cần đến một cuộc đại phẫu nghiêm túc
VIVOSDEV06_117_snr0,vivos,phowhisper,base,tone_aware_lora,0.05,42,0,music,GIẢI QUYẾT KHỐI UNG NHỌT NÀY PHẢI CẦN ĐẾN MỘT CUỘC ĐẠI PHẪU NGHIÊM TÚC,giải quyết khói uông nhọt mà bạn cần đến một cuộc đại phẫu nghiêm túc
VIVOSDEV06_117_snr10,vivos,phowhisper,base,tone_aware_lora,0.05,42,10,noise,GIẢI QUYẾT KHỐI UNG NHỌT NÀY PHẢI CẦN ĐẾN MỘT CUỘC ĐẠI PHẪU NGHIÊM TÚC,giải quyết khói uông nhọt này phải cần đến một cuộc đại phẫu nghiêm túc
VIVOSDEV06_117_snr20,vivos,phowhisper,base,tone_aware_lora,0.05,42,20,noise,GIẢI QUYẾT KHỐI UNG NHỌT NÀY PHẢI CẦN ĐẾN MỘT CUỘC ĐẠI PHẪU NGHIÊM TÚC,giải quyết khói uông nhọt này phải cần đến một cuộc đại phẫu nghiêm túc
VIVOSDEV06_117_snr5,vivos,phowhisper,base,tone_aware_lora,0.05,42,5,noise,GIẢI QUYẾT KHỐI UNG NHỌT NÀY PHẢI CẦN ĐẾN MỘT CUỘC ĐẠI PHẪU NGHIÊM TÚC,giải quyết khói uông nhọt này phải cần đến một cuộc đại phẫu nghiêm túc
VIVOSDEV06_126_clean,vivos,phowhisper,base,tone_aware_lora,0.05,42,clean,clean,THẬM CHÍ CÀNG GIỐNG ÁO QUÍ NÀNG CÀNG MỐT,thậm chí càng giống áo quý nàng càng mót
VIVOSDEV06_126_snr0,vivos,phowhisper,base,tone_aware_lora,0.05,42,0,noise,THẬM CHÍ CÀNG GIỐNG ÁO QUÍ NÀNG CÀNG MỐT,thậm chí càng giống áo quý nàng càng mót
VIVOSDEV06_126_snr10,vivos,phowhisper,base,tone_aware_lora,0.05,42,10,noise,THẬM CHÍ CÀNG GIỐNG ÁO QUÍ NÀNG CÀNG MỐT,thậm chí càng giống áo quý nàng càng mót
VIVOSDEV06_126_snr20,vivos,phowhisper,base,tone_aware_lora,0.05,42,20,noise,THẬM CHÍ CÀNG GIỐNG ÁO QUÍ NÀNG CÀNG MỐT,thậm chí càng giống áo quý nàng càng mót
VIVOSDEV06_126_snr5,vivos,phowhisper,base,tone_aware_lora,0.05,42,5,noise,THẬM CHÍ CÀNG GIỐNG ÁO QUÍ NÀNG CÀNG MỐT,thậm chí càng giống áo quý nàng càng mót
VIVOSDEV06_139_clean,vivos,phowhisper,base,tone_aware_lora,0.05,42,clean,clean,CÒN BỘ KHANG HI TỪ ĐIỂN,còn bộ khăn huy từ điển
VIVOSDEV06_139_snr0,vivos,phowhisper,base,tone_aware_lora,0.05,42,0,noise,CÒN BỘ KHANG HI TỪ ĐIỂN,còn bộ khăn huy từ điển
VIVOSDEV06_139_snr10,vivos,phowhisper,base,tone_aware_lora,0.05,42,10,music,CÒN BỘ KHANG HI TỪ ĐIỂN,còn bộ khăn huy từ điển
VIVOSDEV06_139_snr20,vivos,phowhisper,base,tone_aware_lora,0.05,42,20,music,CÒN BỘ KHANG HI TỪ ĐIỂN,còn bộ khăn huy từ điển
VIVOSDEV06_139_snr5,vivos,phowhisper,base,tone_aware_lora,0.05,42,5,music,CÒN BỘ KHANG HI TỪ ĐIỂN,còn bộ khăn huy từ điển
VIVOSDEV06_143_clean,vivos,phowhisper,base,tone_aware_lora,0.05,42,clean,clean,ĐÔI MÔI MẸ PHAI SON MẤP MÁY MỘT LỜI CA HOANG HOẢI,đôi môi mẹ phai xoan mấp máy một lời ca hoang hoải
VIVOSDEV06_143_snr0,vivos,phowhisper,base,tone_aware_lora,0.05,42,0,music,ĐÔI MÔI MẸ PHAI SON MẤP MÁY MỘT LỜI CA HOANG HOẢI,đôi môi mẹ phai xoan mấp máy một lời ca hoang hải
VIVOSDEV06_143_snr10,vivos,phowhisper,base,tone_aware_lora,0.05,42,10,music,ĐÔI MÔI MẸ PHAI SON MẤP MÁY MỘT LỜI CA HOANG HOẢI,đôi môi mẹ phai xoan mấp máy một lời ca hoang hải
VIVOSDEV06_143_snr20,vivos,phowhisper,base,tone_aware_lora,0.05,42,20,noise,ĐÔI MÔI MẸ PHAI SON MẤP MÁY MỘT LỜI CA HOANG HOẢI,đôi môi mẹ phai xoan mấp máy một lời ca hoang hoải
VIVOSDEV06_143_snr5,vivos,phowhisper,base,tone_aware_lora,0.05,42,5,noise,ĐÔI MÔI MẸ PHAI SON MẤP MÁY MỘT LỜI CA HOANG HOẢI,đôi môi mẹ phai xoan mấp máy một lời ca hoang hoải
VIVOSDEV06_184_clean,vivos,phowhisper,base,tone_aware_lora,0.05,42,clean,clean,HOẶC BẠN SẼ ĐẾN ĐẤY VỚI MỘT TÂM TRẠNG CHÁN NGÁN VÔ CÙNG,hoặc bạn sẽ đến đấy với một tâm trạng chán ngắn vô cùng
VIVOSDEV06_184_snr0,vivos,phowhisper,base,tone_aware_lora,0.05,42,0,noise,HOẶC BẠN SẼ ĐẾN ĐẤY VỚI MỘT TÂM TRẠNG CHÁN NGÁN VÔ CÙNG,hoặc bạn sẽ đến đấy với một tâm trạng chán ngán vô cùng
VIVOSDEV06_184_snr10,vivos,phowhisper,base,tone_aware_lora,0.05,42,10,speech,HOẶC BẠN SẼ ĐẾN ĐẤY VỚI MỘT TÂM TRẠNG CHÁN NGÁN VÔ CÙNG,hoặc bạn sẽ đến đấy với một tâm trạng chán ngắn vô cùng
VIVOSDEV06_184_snr20,vivos,phowhisper,base,tone_aware_lora,0.05,42,20,noise,HOẶC BẠN SẼ ĐẾN ĐẤY VỚI MỘT TÂM TRẠNG CHÁN NGÁN VÔ CÙNG,hoặc bạn sẽ đến đấy với một tâm trạng chán ngắn vô cùng
VIVOSDEV06_184_snr5,vivos,phowhisper,base,tone_aware_lora,0.05,42,5,noise,HOẶC BẠN SẼ ĐẾN ĐẤY VỚI MỘT TÂM TRẠNG CHÁN NGÁN VÔ CÙNG,hoặc bạn sẽ đến đấy với một tâm trạng chán ngắn vô cùng
VIVOSDEV06_195_clean,vivos,phowhisper,base,tone_aware_lora,0.05,42,clean,clean,PHẢI ĐƯỢC THỰC HIỆN TRÊN CƠ SỞ,phải được thực hiện trên cơ sở
VIVOSDEV06_195_snr0,vivos,phowhisper,base,tone_aware_lora,0.05,42,0,music,PHẢI ĐƯỢC THỰC HIỆN TRÊN CƠ SỞ,phải được thực hiện trên cơ sở
VIVOSDEV06_195_snr10,vivos,phowhisper,base,tone_aware_lora,0.05,42,10,noise,PHẢI ĐƯỢC THỰC HIỆN TRÊN CƠ SỞ,phải được thực hiện trên cơ sở
VIVOSDEV06_195_snr20,vivos,phowhisper,base,tone_aware_lora,0.05,42,20,noise,PHẢI ĐƯỢC THỰC HIỆN TRÊN CƠ SỞ,phải được thực hiện trên cơ sở
VIVOSDEV06_195_snr5,vivos,phowhisper,base,tone_aware_lora,0.05,42,5,speech,PHẢI ĐƯỢC THỰC HIỆN TRÊN CƠ SỞ,phải được thực hiện trên cơ sở
VIVOSDEV06_210_clean,vivos,phowhisper,base,tone_aware_lora,0.05,42,clean,clean,HAI MƯƠI SÁU HAI MƯƠI BẢY,hai mươi sáu hai mươi bảy
VIVOSDEV06_210_snr0,vivos,phowhisper,base,tone_aware_lora,0.05,42,0,music,HAI MƯƠI SÁU HAI MƯƠI BẢY,hai mươi sáu hai mươi bảy
VIVOSDEV06_210_snr10,vivos,phowhisper,base,tone_aware_lora,0.05,42,10,noise,HAI MƯƠI SÁU HAI MƯƠI BẢY,hai mươi sáu hai mươi bảy
VIVOSDEV06_210_snr20,vivos,phowhisper,base,tone_aware_lora,0.05,42,20,noise,HAI MƯƠI SÁU HAI MƯƠI BẢY,hai mươi sáu hai mươi bảy
VIVOSDEV06_210_snr5,vivos,phowhisper,base,tone_aware_lora,0.05,42,5,noise,HAI MƯƠI SÁU HAI MƯƠI BẢY,hai mươi sáu hai mươi bảy
VIVOSDEV06_212_clean,vivos,phowhisper,base,tone_aware_lora,0.05,42,clean,clean,BA MƯƠI BA MƯƠI MỐT,ba mươi ba mươi mốt
VIVOSDEV06_212_snr0,vivos,phowhisper,base,tone_aware_lora,0.05,42,0,music,BA MƯƠI BA MƯƠI MỐT,ba mươi ba mươi mốt
VIVOSDEV06_212_snr10,vivos,phowhisper,base,tone_aware_lora,0.05,42,10,speech,BA MƯƠI BA MƯƠI MỐT,ba mươi ba mươi mốt
VIVOSDEV06_212_snr20,vivos,phowhisper,base,tone_aware_lora,0.05,42,20,music,BA MƯƠI BA MƯƠI MỐT,ba mươi ba mươi mốt
VIVOSDEV06_212_snr5,vivos,phowhisper,base,tone_aware_lora,0.05,42,5,music,BA MƯƠI BA MƯƠI MỐT,ba mươi ba mươi mốt
VIVOSDEV06_240_clean,vivos,phowhisper,base,tone_aware_lora,0.05,42,clean,clean,TÁM MƯƠI SÁU TÁM MƯƠI BẢY,tám mươi sáu tám mươi bảy
VIVOSDEV06_240_snr0,vivos,phowhisper,base,tone_aware_lora,0.05,42,0,noise,TÁM MƯƠI SÁU TÁM MƯƠI BẢY,tám mươi sáu tám mươi bảy
VIVOSDEV06_240_snr10,vivos,phowhisper,base,tone_aware_lora,0.05,42,10,speech,TÁM MƯƠI SÁU TÁM MƯƠI BẢY,tám mươi sáu tám mươi bảy
VIVOSDEV06_240_snr20,vivos,phowhisper,base,tone_aware_lora,0.05,42,20,speech,TÁM MƯƠI SÁU TÁM MƯƠI BẢY,tám mươi sáu tám mươi bảy
VIVOSDEV06_240_snr5,vivos,phowhisper,base,tone_aware_lora,0.05,42,5,noise,TÁM MƯƠI SÁU TÁM MƯƠI BẢY,tám mươi sáu tám mươi bảy
VIVOSDEV06_247_clean,vivos,phowhisper,base,tone_aware_lora,0.05,42,clean,clean,MỘT TRĂM MỘT HAI BA,một trăm một hai ba
VIVOSDEV06_247_snr0,vivos,phowhisper,base,tone_aware_lora,0.05,42,0,noise,MỘT TRĂM MỘT HAI BA,một trăm một hai ba
VIVOSDEV06_247_snr10,vivos,phowhisper,base,tone_aware_lora,0.05,42,10,noise,MỘT TRĂM MỘT HAI BA,một trăm một hai ba
VIVOSDEV06_247_snr20,vivos,phowhisper,base,tone_aware_lora,0.05,42,20,music,MỘT TRĂM MỘT HAI BA,một trăm một hai ba
VIVOSDEV06_247_snr5,vivos,phowhisper,base,tone_aware_lora,0.05,42,5,speech,MỘT TRĂM MỘT HAI BA,một trăm một hai ba
VIVOSDEV06_252_clean,vivos,phowhisper,base,tone_aware_lora,0.05,42,clean,clean,NÓI TRƯỚC BƯỚC KHÔNG QUA,nói trước bước không qua
VIVOSDEV06_252_snr0,vivos,phowhisper,base,tone_aware_lora,0.05,42,0,music,NÓI TRƯỚC BƯỚC KHÔNG QUA,nói trước bước trong qua
VIVOSDEV06_252_snr10,vivos,phowhisper,base,tone_aware_lora,0.05,42,10,music,NÓI TRƯỚC BƯỚC KHÔNG QUA,nói trước bước không qua
VIVOSDEV06_252_snr20,vivos,phowhisper,base,tone_aware_lora,0.05,42,20,noise,NÓI TRƯỚC BƯỚC KHÔNG QUA,nói trước bước công qua
VIVOSDEV06_252_snr5,vivos,phowhisper,base,tone_aware_lora,0.05,42,5,speech,NÓI TRƯỚC BƯỚC KHÔNG QUA,hết trước bước cong qua
VIVOSDEV06_253_clean,vivos,phowhisper,base,tone_aware_lora,0.05,42,clean,clean,CHẲNG LÀ MẤY HÔM NAY TÔI ĐAU BỤNG QUÁ,chẳng là mấy hôm nay tôi đau bụng quá
VIVOSDEV06_253_snr0,vivos,phowhisper,base,tone_aware_lora,0.05,42,0,noise,CHẲNG LÀ MẤY HÔM NAY TÔI ĐAU BỤNG QUÁ,chẳng là mấy hôm nay tôi đâu bụng quá
VIVOSDEV06_253_snr10,vivos,phowhisper,base,tone_aware_lora,0.05,42,10,speech,CHẲNG LÀ MẤY HÔM NAY TÔI ĐAU BỤNG QUÁ,chẳng là mấy hôm nay tôi đau bụng quá
VIVOSDEV06_253_snr20,vivos,phowhisper,base,tone_aware_lora,0.05,42,20,music,CHẲNG LÀ MẤY HÔM NAY TÔI ĐAU BỤNG QUÁ,chẳng là mấy hôm nay tôi đau bụng quá
VIVOSDEV06_253_snr5,vivos,phowhisper,base,tone_aware_lora,0.05,42,5,noise,CHẲNG LÀ MẤY HÔM NAY TÔI ĐAU BỤNG QUÁ,chẳng là mấy hôm nay tôi đau bụng quá
VIVOSDEV06_261_clean,vivos,phowhisper,base,tone_aware_lora,0.05,42,clean,clean,SAO KẾT QUẢ RA TỆ VẬY,sau kết quả ra tệ vậy
VIVOSDEV06_261_snr0,vivos,phowhisper,base,tone_aware_lora,0.05,42,0,speech,SAO KẾT QUẢ RA TỆ VẬY,sau kết quả ra tệ vậy
VIVOSDEV06_261_snr10,vivos,phowhisper,base,tone_aware_lora,0.05,42,10,music,SAO KẾT QUẢ RA TỆ VẬY,sau kết quả ra tệ vậy
VIVOSDEV06_261_snr20,vivos,phowhisper,base,tone_aware_lora,0.05,42,20,music,SAO KẾT QUẢ RA TỆ VẬY,sau kết quả ra tệ vậy
VIVOSDEV06_261_snr5,vivos,phowhisper,base,tone_aware_lora,0.05,42,5,noise,SAO KẾT QUẢ RA TỆ VẬY,sau kết quả ra tệ vậy
VIVOSDEV06_272_clean,vivos,phowhisper,base,tone_aware_lora,0.05,42,clean,clean,TÔI CHỈ MUỐN XEM NHỮNG ĐOẠN HAY MÀ THÔI,tôi chỉ muốn xem những đoạn hay mà thôi
VIVOSDEV06_272_snr0,vivos,phowhisper,base,tone_aware_lora,0.05,42,0,noise,TÔI CHỈ MUỐN XEM NHỮNG ĐOẠN HAY MÀ THÔI,tôi chỉ muốn xem những rộng hay mà thôi
VIVOSDEV06_272_snr10,vivos,phowhisper,base,tone_aware_lora,0.05,42,10,noise,TÔI CHỈ MUỐN XEM NHỮNG ĐOẠN HAY MÀ THÔI,tôi chỉ muốn xem những đoạn hay mà thôi
VIVOSDEV06_272_snr20,vivos,phowhisper,base,tone_aware_lora,0.05,42,20,speech,TÔI CHỈ MUỐN XEM NHỮNG ĐOẠN HAY MÀ THÔI,tôi chỉ muốn xem những đoạn hay mà thôi
VIVOSDEV06_272_snr5,vivos,phowhisper,base,tone_aware_lora,0.05,42,5,noise,TÔI CHỈ MUỐN XEM NHỮNG ĐOẠN HAY MÀ THÔI,tôi chỉ muốn xem những đoạn hay mà thôi
VIVOSDEV06_287_clean,vivos,phowhisper,base,tone_aware_lora,0.05,42,clean,clean,LƯƠNG BA CỌC BA ĐỒNG THÌ NUÔI ĐƯỢC AI,lương ba cọc ba đồng thì nuôi được ai
VIVOSDEV06_287_snr0,vivos,phowhisper,base,tone_aware_lora,0.05,42,0,music,LƯƠNG BA CỌC BA ĐỒNG THÌ NUÔI ĐƯỢC AI,lương ba gộc ba đồng thị nuôi được ai
VIVOSDEV06_287_snr10,vivos,phowhisper,base,tone_aware_lora,0.05,42,10,noise,LƯƠNG BA CỌC BA ĐỒNG THÌ NUÔI ĐƯỢC AI,lương ba cọc ba đồng thì nuôi được ai
VIVOSDEV06_287_snr20,vivos,phowhisper,base,tone_aware_lora,0.05,42,20,noise,LƯƠNG BA CỌC BA ĐỒNG THÌ NUÔI ĐƯỢC AI,lương ba cọc ba đồng thì nuôi được ai
VIVOSDEV06_287_snr5,vivos,phowhisper,base,tone_aware_lora,0.05,42,5,speech,LƯƠNG BA CỌC BA ĐỒNG THÌ NUÔI ĐƯỢC AI,lương ba gọc ba đồng hỵ nuôi được hai
VIVOSDEV07_002_clean,vivos,phowhisper,base,tone_aware_lora,0.05,42,clean,clean,HẰNG NĂM CHÚNG TA THẢI RA HÀNG TỈ THIẾT BỊ ĐIỆN TỬ,hàng năm chúng ta thể ra hàng tỉ thiết bị điện tử
VIVOSDEV07_002_snr0,vivos,phowhisper,base,tone_aware_lora,0.05,42,0,music,HẰNG NĂM CHÚNG TA THẢI RA HÀNG TỈ THIẾT BỊ ĐIỆN TỬ,thăng năm chúng ta thể ra hàng tỉ thiết bị điện tử
VIVOSDEV07_002_snr10,vivos,phowhisper,base,tone_aware_lora,0.05,42,10,music,HẰNG NĂM CHÚNG TA THẢI RA HÀNG TỈ THIẾT BỊ ĐIỆN TỬ,hàng năm chúng ta thể ra hàng tỉ thiết bị điện tử
VIVOSDEV07_002_snr20,vivos,phowhisper,base,tone_aware_lora,0.05,42,20,music,HẰNG NĂM CHÚNG TA THẢI RA HÀNG TỈ THIẾT BỊ ĐIỆN TỬ,hàng năm chúng ta thể ra hàng tỉ thiết bị điện tử
VIVOSDEV07_002_snr5,vivos,phowhisper,base,tone_aware_lora,0.05,42,5,noise,HẰNG NĂM CHÚNG TA THẢI RA HÀNG TỈ THIẾT BỊ ĐIỆN TỬ,hàng năm chúng ta thể ra hàng tỉ thiết bị điện tử
VIVOSDEV07_036_clean,vivos,phowhisper,base,tone_aware_lora,0.05,42,clean,clean,VÌ ĐÓ MỚI CHÍNH LÀ THỨ BẠN CẦN,vì đó mới chính là thứ bạn cần
VIVOSDEV07_036_snr0,vivos,phowhisper,base,tone_aware_lora,0.05,42,0,music,VÌ ĐÓ MỚI CHÍNH LÀ THỨ BẠN CẦN,vì đó mới chính là thứ bạn cần
VIVOSDEV07_036_snr10,vivos,phowhisper,base,tone_aware_lora,0.05,42,10,music,VÌ ĐÓ MỚI CHÍNH LÀ THỨ BẠN CẦN,vì đó mới chính là thứ bạn cần
VIVOSDEV07_036_snr20,vivos,phowhisper,base,tone_aware_lora,0.05,42,20,music,VÌ ĐÓ MỚI CHÍNH LÀ THỨ BẠN CẦN,vì đó mới chính là thứ bạn cần
VIVOSDEV07_036_snr5,vivos,phowhisper,base,tone_aware_lora,0.05,42,5,noise,VÌ ĐÓ MỚI CHÍNH LÀ THỨ BẠN CẦN,vì đó mới chính là thứ bạn cần
VIVOSDEV07_039_clean,vivos,phowhisper,base,tone_aware_lora,0.05,42,clean,clean,GIÓ TRỜI KHÔNG THỂ THÔNG THỐC THỔI VÀO KHAI TRUNG,gió trời không thể thông thốc thổi vào khai trung
VIVOSDEV07_039_snr0,vivos,phowhisper,base,tone_aware_lora,0.05,42,0,speech,GIÓ TRỜI KHÔNG THỂ THÔNG THỐC THỔI VÀO KHAI TRUNG,do trời không thể thông thống bỏ vào khai công
VIVOSDEV07_039_snr10,vivos,phowhisper,base,tone_aware_lora,0.05,42,10,noise,GIÓ TRỜI KHÔNG THỂ THÔNG THỐC THỔI VÀO KHAI TRUNG,gió trời không thể thông thốc thổi vào khai trung
VIVOSDEV07_039_snr20,vivos,phowhisper,base,tone_aware_lora,0.05,42,20,music,GIÓ TRỜI KHÔNG THỂ THÔNG THỐC THỔI VÀO KHAI TRUNG,gió trời không thể thông thốc thổi vào khai trung
VIVOSDEV07_039_snr5,vivos,phowhisper,base,tone_aware_lora,0.05,42,5,speech,GIÓ TRỜI KHÔNG THỂ THÔNG THỐC THỔI VÀO KHAI TRUNG,gió trời không thể thông thốc thổi vào khai trung
VIVOSDEV07_044_clean,vivos,phowhisper,base,tone_aware_lora,0.05,42,clean,clean,BỞI CƠ QUAN CHUYÊN MÔN HOẶC THUÊ TỔ CHỨC KIỂM TOÁN ĐỘC LẬP,bởi cơ quan chuyên môn hoặc thuê tổ chức kiểm toán độc lập
VIVOSDEV07_044_snr0,vivos,phowhisper,base,tone_aware_lora,0.05,42,0,noise,BỞI CƠ QUAN CHUYÊN MÔN HOẶC THUÊ TỔ CHỨC KIỂM TOÁN ĐỘC LẬP,bởi cơ quan chuyên môn hoặc thuê tổ chức kiểm toán độc lập
VIVOSDEV07_044_snr10,vivos,phowhisper,base,tone_aware_lora,0.05,42,10,speech,BỞI CƠ QUAN CHUYÊN MÔN HOẶC THUÊ TỔ CHỨC KIỂM TOÁN ĐỘC LẬP,bởi cơ quan chuyên môn hoặc thuê tổ chức kiểm toán độc lập
VIVOSDEV07_044_snr20,vivos,phowhisper,base,tone_aware_lora,0.05,42,20,music,BỞI CƠ QUAN CHUYÊN MÔN HOẶC THUÊ TỔ CHỨC KIỂM TOÁN ĐỘC LẬP,bởi cơ quan chuyên môn hoặc thuê tổ chức kiểm toán độc lập
VIVOSDEV07_044_snr5,vivos,phowhisper,base,tone_aware_lora,0.05,42,5,noise,BỞI CƠ QUAN CHUYÊN MÔN HOẶC THUÊ TỔ CHỨC KIỂM TOÁN ĐỘC LẬP,vở cơ quan chuyên môn hoặc thuê tổ chức kiểm toán độc lập
VIVOSDEV07_045_clean,vivos,phowhisper,base,tone_aware_lora,0.05,42,clean,clean,HOẶC CHO VÀO VẠI MUỐI ĐỂ LỢN ĂN DẦN,hoặc cho vào vải muối để lợn ăn dần
VIVOSDEV07_045_snr0,vivos,phowhisper,base,tone_aware_lora,0.05,42,0,speech,HOẶC CHO VÀO VẠI MUỐI ĐỂ LỢN ĂN DẦN,hoặc cho vào vài mốt để lợn ngắt dần
VIVOSDEV07_045_snr10,vivos,phowhisper,base,tone_aware_lora,0.05,42,10,noise,HOẶC CHO VÀO VẠI MUỐI ĐỂ LỢN ĂN DẦN,hoặc cho vào vải muối để lợn ăn dần
VIVOSDEV07_045_snr20,vivos,phowhisper,base,tone_aware_lora,0.05,42,20,music,HOẶC CHO VÀO VẠI MUỐI ĐỂ LỢN ĂN DẦN,hoặc cho vào vải muối để lợn ăn dần
VIVOSDEV07_045_snr5,vivos,phowhisper,base,tone_aware_lora,0.05,42,5,speech,HOẶC CHO VÀO VẠI MUỐI ĐỂ LỢN ĂN DẦN,hoặc cho vào vài muối để lợn ăn dần
VIVOSDEV07_066_clean,vivos,phowhisper,base,tone_aware_lora,0.05,42,clean,clean,ĐÃ CÓ DỰ ÁN ĐỂ XÂY DỰNG MỘT CÁI CẦU TỪ ĐẤT LIỀN,đã có dự án để xây dựng một cái cầu từ đất liền
VIVOSDEV07_066_snr0,vivos,phowhisper,base,tone_aware_lora,0.05,42,0,speech,ĐÃ CÓ DỰ ÁN ĐỂ XÂY DỰNG MỘT CÁI CẦU TỪ ĐẤT LIỀN,đã có dự án để xây dựng một cái cầu từ đất liền
VIVOSDEV07_066_snr10,vivos,phowhisper,base,tone_aware_lora,0.05,42,10,speech,ĐÃ CÓ DỰ ÁN ĐỂ XÂY DỰNG MỘT CÁI CẦU TỪ ĐẤT LIỀN,đã có dự án để xây dựng một cái cầu từ đất liền
VIVOSDEV07_066_snr20,vivos,phowhisper,base,tone_aware_lora,0.05,42,20,noise,ĐÃ CÓ DỰ ÁN ĐỂ XÂY DỰNG MỘT CÁI CẦU TỪ ĐẤT LIỀN,đã có dự án để xây dựng một cái cầu từ đất liền
VIVOSDEV07_066_snr5,vivos,phowhisper,base,tone_aware_lora,0.05,42,5,speech,ĐÃ CÓ DỰ ÁN ĐỂ XÂY DỰNG MỘT CÁI CẦU TỪ ĐẤT LIỀN,đã có dự án để xây dựng một cái cầu từ đất liền
VIVOSDEV07_067_clean,vivos,phowhisper,base,tone_aware_lora,0.05,42,clean,clean,CHẠM VÀO PHẦN THÓP MỀM TRÊN ĐẦU BÉ,chạm vào phần thóp mèm trên đầu bé
VIVOSDEV07_067_snr0,vivos,phowhisper,base,tone_aware_lora,0.05,42,0,noise,CHẠM VÀO PHẦN THÓP MỀM TRÊN ĐẦU BÉ,chạm vào phần thóc mềm trên đầu bếp
VIVOSDEV07_067_snr10,vivos,phowhisper,base,tone_aware_lora,0.05,42,10,music,CHẠM VÀO PHẦN THÓP MỀM TRÊN ĐẦU BÉ,chạm vào phần thóp mềm trên đầu bé
VIVOSDEV07_067_snr20,vivos,phowhisper,base,tone_aware_lora,0.05,42,20,speech,CHẠM VÀO PHẦN THÓP MỀM TRÊN ĐẦU BÉ,chạm vào phần thóp mềm trên đầu bé
VIVOSDEV07_067_snr5,vivos,phowhisper,base,tone_aware_lora,0.05,42,5,noise,CHẠM VÀO PHẦN THÓP MỀM TRÊN ĐẦU BÉ,chạm vào phần thóp mềm trên đầu bé
VIVOSDEV07_084_clean,vivos,phowhisper,base,tone_aware_lora,0.05,42,clean,clean,THÌ BỖNG NGHE THẤY TIẾNG OÁC OÁC TỪ VẠT RỪNG PHI LAO,thì bỗng nghe tiếng oác oác từ vạc rừng phi lao
VIVOSDEV07_084_snr0,vivos,phowhisper,base,tone_aware_lora,0.05,42,0,music,THÌ BỖNG NGHE THẤY TIẾNG OÁC OÁC TỪ VẠT RỪNG PHI LAO,thì bỗng nghe tiếng hoát hoát từ bạc rừng phi lao
VIVOSDEV07_084_snr10,vivos,phowhisper,base,tone_aware_lora,0.05,42,10,noise,THÌ BỖNG NGHE THẤY TIẾNG OÁC OÁC TỪ VẠT RỪNG PHI LAO,thì bỗng nghe tiếng oác oác từ vạc rừng phi lao
VIVOSDEV07_084_snr20,vivos,phowhisper,base,tone_aware_lora,0.05,42,20,music,THÌ BỖNG NGHE THẤY TIẾNG OÁC OÁC TỪ VẠT RỪNG PHI LAO,thì bỗng nghe tiếng oác oác từ vạc rừng phi lao
VIVOSDEV07_084_snr5,vivos,phowhisper,base,tone_aware_lora,0.05,42,5,music,THÌ BỖNG NGHE THẤY TIẾNG OÁC OÁC TỪ VẠT RỪNG PHI LAO,thì bỗng nghe tiếng oát oát từ vạc rừng phi lao
VIVOSDEV07_098_clean,vivos,phowhisper,base,tone_aware_lora,0.05,42,clean,clean,TRẬN CHIẾN XÍCH BÍCH,trận chiến xích bích
VIVOSDEV07_098_snr0,vivos,phowhisper,base,tone_aware_lora,0.05,42,0,speech,TRẬN CHIẾN XÍCH BÍCH,cận chiến xách bếp
VIVOSDEV07_098_snr10,vivos,phowhisper,base,tone_aware_lora,0.05,42,10,music,TRẬN CHIẾN XÍCH BÍCH,trận chiến xích bích
VIVOSDEV07_098_snr20,vivos,phowhisper,base,tone_aware_lora,0.05,42,20,noise,TRẬN CHIẾN XÍCH BÍCH,trận chiến xích bích
VIVOSDEV07_098_snr5,vivos,phowhisper,base,tone_aware_lora,0.05,42,5,noise,TRẬN CHIẾN XÍCH BÍCH,trận chiến xích bích
VIVOSDEV07_107_clean,vivos,phowhisper,base,tone_aware_lora,0.05,42,clean,clean,NGUYÊN THỨ TRƯỞNG BỘ ĐẠI HỌC VÀ GIÁO DỤC CHUYÊN NGHIỆP CŨ,nguyên thứ trưởng bộ đại học và giáo dục chuyên nghiệp cũ
VIVOSDEV07_107_snr0,vivos,phowhisper,base,tone_aware_lora,0.05,42,0,noise,NGUYÊN THỨ TRƯỞNG BỘ ĐẠI HỌC VÀ GIÁO DỤC CHUYÊN NGHIỆP CŨ,quyên thứ tự bộ đại học và giáo dục chuyên nghiệp cũ
VIVOSDEV07_107_snr10,vivos,phowhisper,base,tone_aware_lora,0.05,42,10,speech,NGUYÊN THỨ TRƯỞNG BỘ ĐẠI HỌC VÀ GIÁO DỤC CHUYÊN NGHIỆP CŨ,nguyên thứ trưởng bộ đại học và giáo dục chuyên nghiệp cũ
VIVOSDEV07_107_snr20,vivos,phowhisper,base,tone_aware_lora,0.05,42,20,speech,NGUYÊN THỨ TRƯỞNG BỘ ĐẠI HỌC VÀ GIÁO DỤC CHUYÊN NGHIỆP CŨ,nguyên thứ trưởng bộ đại học và giáo dục chuyên nghiệp cũ
VIVOSDEV07_107_snr5,vivos,phowhisper,base,tone_aware_lora,0.05,42,5,music,NGUYÊN THỨ TRƯỞNG BỘ ĐẠI HỌC VÀ GIÁO DỤC CHUYÊN NGHIỆP CŨ,nguyên thứ trưởng bộ đại học và giáo dục chuyên nghiệp cũ
VIVOSDEV07_115_clean,vivos,phowhisper,base,tone_aware_lora,0.05,42,clean,clean,VÀO CƠ QUAN LÀ ANH HÓT GIỐNG HỆT NHỒNG MỚI LỘT LƯỠI VẬY,vào cơ quan là anh hốt giống hệt nhồng với lột lửi vậy
VIVOSDEV07_115_snr0,vivos,phowhisper,base,tone_aware_lora,0.05,42,0,music,VÀO CƠ QUAN LÀ ANH HÓT GIỐNG HỆT NHỒNG MỚI LỘT LƯỠI VẬY,vào cơ quan là anh hốt giống hệt nhòng với lột lửi vậy
VIVOSDEV07_115_snr10,vivos,phowhisper,base,tone_aware_lora,0.05,42,10,noise,VÀO CƠ QUAN LÀ ANH HÓT GIỐNG HỆT NHỒNG MỚI LỘT LƯỠI VẬY,vào cơ quan là anh hốt giống hệt nhồng với lột lửi vậy
VIVOSDEV07_115_snr20,vivos,phowhisper,base,tone_aware_lora,0.05,42,20,noise,VÀO CƠ QUAN LÀ ANH HÓT GIỐNG HỆT NHỒNG MỚI LỘT LƯỠI VẬY,vào cơ quan là anh hốt giống hệt nhồng với lột lửi vậy
VIVOSDEV07_115_snr5,vivos,phowhisper,base,tone_aware_lora,0.05,42,5,music,VÀO CƠ QUAN LÀ ANH HÓT GIỐNG HỆT NHỒNG MỚI LỘT LƯỠI VẬY,vào cơ quan là anh thoát giống hệt nhồng với lột lưỡi vậy
VIVOSDEV07_125_clean,vivos,phowhisper,base,tone_aware_lora,0.05,42,clean,clean,ÁNG CHỪNG ĐÃ NGOẠI BẢY MƯƠI,án chừng đã ngoại bảy mươi
VIVOSDEV07_125_snr0,vivos,phowhisper,base,tone_aware_lora,0.05,42,0,noise,ÁNG CHỪNG ĐÃ NGOẠI BẢY MƯƠI,án chừng đảo ngoại bảy mươi
VIVOSDEV07_125_snr10,vivos,phowhisper,base,tone_aware_lora,0.05,42,10,noise,ÁNG CHỪNG ĐÃ NGOẠI BẢY MƯƠI,đáng chừng đã ngoại bảy mươi
VIVOSDEV07_125_snr20,vivos,phowhisper,base,tone_aware_lora,0.05,42,20,noise,ÁNG CHỪNG ĐÃ NGOẠI BẢY MƯƠI,án chừng đã ngoại bảy mươi
VIVOSDEV07_125_snr5,vivos,phowhisper,base,tone_aware_lora,0.05,42,5,noise,ÁNG CHỪNG ĐÃ NGOẠI BẢY MƯƠI,đáng chừng đã ngoại bảy mươi
VIVOSDEV07_134_clean,vivos,phowhisper,base,tone_aware_lora,0.05,42,clean,clean,THAM GIA GIẢNG DẠY LÀ LỰC LƯỢNG ĐOÀN VIÊN,tham gia giảng dạy là lực lượng đoàn viên
VIVOSDEV07_134_snr0,vivos,phowhisper,base,tone_aware_lora,0.05,42,0,noise,THAM GIA GIẢNG DẠY LÀ LỰC LƯỢNG ĐOÀN VIÊN,tham gia giảng dạy là lực lượng đoàn viên
VIVOSDEV07_134_snr10,vivos,phowhisper,base,tone_aware_lora,0.05,42,10,noise,THAM GIA GIẢNG DẠY LÀ LỰC LƯỢNG ĐOÀN VIÊN,tham gia giảng dạy là lực lượng đoàn viên
VIVOSDEV07_134_snr20,vivos,phowhisper,base,tone_aware_lora,0.05,42,20,noise,THAM GIA GIẢNG DẠY LÀ LỰC LƯỢNG ĐOÀN VIÊN,tham gia giảng dạy là lực lượng đoàn viên
VIVOSDEV07_134_snr5,vivos,phowhisper,base,tone_aware_lora,0.05,42,5,noise,THAM GIA GIẢNG DẠY LÀ LỰC LƯỢNG ĐOÀN VIÊN,tham gia giảng dạy là lực lượng đoàn viên
VIVOSDEV07_138_clean,vivos,phowhisper,base,tone_aware_lora,0.05,42,clean,clean,ĐÓ HẲN LÀ MỘT MÓN QUÀ,đó hẳn là một món quà
VIVOSDEV07_138_snr0,vivos,phowhisper,base,tone_aware_lora,0.05,42,0,noise,ĐÓ HẲN LÀ MỘT MÓN QUÀ,đó hẳn là một món quà
VIVOSDEV07_138_snr10,vivos,phowhisper,base,tone_aware_lora,0.05,42,10,music,ĐÓ HẲN LÀ MỘT MÓN QUÀ,đó hẳn là một món quà
VIVOSDEV07_138_snr20,vivos,phowhisper,base,tone_aware_lora,0.05,42,20,music,ĐÓ HẲN LÀ MỘT MÓN QUÀ,đó hẳn là một món quà
VIVOSDEV07_138_snr5,vivos,phowhisper,base,tone_aware_lora,0.05,42,5,music,ĐÓ HẲN LÀ MỘT MÓN QUÀ,đó hẳn là một món quà
VIVOSDEV07_141_clean,vivos,phowhisper,base,tone_aware_lora,0.05,42,clean,clean,VÀ KHI THẤY TÔI VẪN KIÊN ĐỊNH TRẢ LỜI TRỚT QUỚT,và khi thấy tôi vẫn kiên định trả lời trước quốc
VIVOSDEV07_141_snr0,vivos,phowhisper,base,tone_aware_lora,0.05,42,0,music,VÀ KHI THẤY TÔI VẪN KIÊN ĐỊNH TRẢ LỜI TRỚT QUỚT,và khi thấy tôi vẫn kiên định trả lời trước quá
VIVOSDEV07_141_snr10,vivos,phowhisper,base,tone_aware_lora,0.05,42,10,noise,VÀ KHI THẤY TÔI VẪN KIÊN ĐỊNH TRẢ LỜI TRỚT QUỚT,và khi thấy tôi vẫn kiên định trả lời trước quốc
VIVOSDEV07_141_snr20,vivos,phowhisper,base,tone_aware_lora,0.05,42,20,noise,VÀ KHI THẤY TÔI VẪN KIÊN ĐỊNH TRẢ LỜI TRỚT QUỚT,và khi thấy tôi vẫn kiên định trả lời trước quốc
VIVOSDEV07_141_snr5,vivos,phowhisper,base,tone_aware_lora,0.05,42,5,noise,VÀ KHI THẤY TÔI VẪN KIÊN ĐỊNH TRẢ LỜI TRỚT QUỚT,và khi thấy tôi vẫn kiên định trả lời trước quốc
VIVOSDEV07_151_clean,vivos,phowhisper,base,tone_aware_lora,0.05,42,clean,clean,RÔ BÓT THÔNG MINH,robot thông minh
VIVOSDEV07_151_snr0,vivos,phowhisper,base,tone_aware_lora,0.05,42,0,noise,RÔ BÓT THÔNG MINH,robot hồng minh
VIVOSDEV07_151_snr10,vivos,phowhisper,base,tone_aware_lora,0.05,42,10,speech,RÔ BÓT THÔNG MINH,robot thông minh
VIVOSDEV07_151_snr20,vivos,phowhisper,base,tone_aware_lora,0.05,42,20,noise,RÔ BÓT THÔNG MINH,robot thông minh
VIVOSDEV07_151_snr5,vivos,phowhisper,base,tone_aware_lora,0.05,42,5,noise,RÔ BÓT THÔNG MINH,robot thông minh
VIVOSDEV07_192_clean,vivos,phowhisper,base,tone_aware_lora,0.05,42,clean,clean,NHIỀU NGƯỜI CHO BIẾT,nhiều người cho biết
VIVOSDEV07_192_snr0,vivos,phowhisper,base,tone_aware_lora,0.05,42,0,music,NHIỀU NGƯỜI CHO BIẾT,nhiều người cho biết
VIVOSDEV07_192_snr10,vivos,phowhisper,base,tone_aware_lora,0.05,42,10,noise,NHIỀU NGƯỜI CHO BIẾT,nhiều người cho biết
VIVOSDEV07_192_snr20,vivos,phowhisper,base,tone_aware_lora,0.05,42,20,noise,NHIỀU NGƯỜI CHO BIẾT,nhiều người cho biết
VIVOSDEV07_192_snr5,vivos,phowhisper,base,tone_aware_lora,0.05,42,5,speech,NHIỀU NGƯỜI CHO BIẾT,nhiều người cho biết
VIVOSDEV07_195_clean,vivos,phowhisper,base,tone_aware_lora,0.05,42,clean,clean,HỌ CŨNG LUÔN TRÁNH XA NHỮNG TÌNH HUỐNG CÓ THỂ GÂY HẠI CHO HỌ,họ cũng luôn tránh xa những tình huống có thể gây hại cho họ
VIVOSDEV07_195_snr0,vivos,phowhisper,base,tone_aware_lora,0.05,42,0,speech,HỌ CŨNG LUÔN TRÁNH XA NHỮNG TÌNH HUỐNG CÓ THỂ GÂY HẠI CHO HỌ,họ cũng luôn tránh xa những hố có thể gây ra trong những cái chai vắt
VIVOSDEV07_195_snr10,vivos,phowhisper,base,tone_aware_lora,0.05,42,10,noise,HỌ CŨNG LUÔN TRÁNH XA NHỮNG TÌNH HUỐNG CÓ THỂ GÂY HẠI CHO HỌ,họ cũng luôn tránh xa những tình huống có thể gây hại cho họ
VIVOSDEV07_195_snr20,vivos,phowhisper,base,tone_aware_lora,0.05,42,20,music,HỌ CŨNG LUÔN TRÁNH XA NHỮNG TÌNH HUỐNG CÓ THỂ GÂY HẠI CHO HỌ,họ cũng luôn tránh xa những tình huống có thể gây hại cho họ
VIVOSDEV07_195_snr5,vivos,phowhisper,base,tone_aware_lora,0.05,42,5,noise,HỌ CŨNG LUÔN TRÁNH XA NHỮNG TÌNH HUỐNG CÓ THỂ GÂY HẠI CHO HỌ,họ cũng luôn tránh xa những tình huống có thể gây hại cho họ
VIVOSDEV07_197_clean,vivos,phowhisper,base,tone_aware_lora,0.05,42,clean,clean,TRONG CUỘC SỐNG CỦA TÔI CHÚNG KHÔNG DÙNG ĐỂ KIẾM RA LỢI NHUẬN,trong cuộc sống của tôi chúng không dùng để kiếm ra lợi nhuận
VIVOSDEV07_197_snr0,vivos,phowhisper,base,tone_aware_lora,0.05,42,0,music,TRONG CUỘC SỐNG CỦA TÔI CHÚNG KHÔNG DÙNG ĐỂ KIẾM RA LỢI NHUẬN,trong cuộc sống của tôi chúng không dùng để kiếm ra lợi nhuận
VIVOSDEV07_197_snr10,vivos,phowhisper,base,tone_aware_lora,0.05,42,10,speech,TRONG CUỘC SỐNG CỦA TÔI CHÚNG KHÔNG DÙNG ĐỂ KIẾM RA LỢI NHUẬN,trong cuộc sống của tôi chúng không dùng để kiếm ra lợi nhuận
VIVOSDEV07_197_snr20,vivos,phowhisper,base,tone_aware_lora,0.05,42,20,noise,TRONG CUỘC SỐNG CỦA TÔI CHÚNG KHÔNG DÙNG ĐỂ KIẾM RA LỢI NHUẬN,trong cuộc sống của tôi chúng không dùng để kiếm ra lợi nhuận
VIVOSDEV07_197_snr5,vivos,phowhisper,base,tone_aware_lora,0.05,42,5,speech,TRONG CUỘC SỐNG CỦA TÔI CHÚNG KHÔNG DÙNG ĐỂ KIẾM RA LỢI NHUẬN,trong cuộc sống của tôi chứ không dùng để kiếm ra lợi nhuận
VIVOSDEV07_209_clean,vivos,phowhisper,base,tone_aware_lora,0.05,42,clean,clean,HAI MƯƠI BỐN HAI MƯƠI LĂM,hai mươi bốn hai mươi lăm
VIVOSDEV07_209_snr0,vivos,phowhisper,base,tone_aware_lora,0.05,42,0,speech,HAI MƯƠI BỐN HAI MƯƠI LĂM,hai mươi bốn hai mươi lăm
VIVOSDEV07_209_snr10,vivos,phowhisper,base,tone_aware_lora,0.05,42,10,noise,HAI MƯƠI BỐN HAI MƯƠI LĂM,hai mươi bốn hai mươi lăm
VIVOSDEV07_209_snr20,vivos,phowhisper,base,tone_aware_lora,0.05,42,20,noise,HAI MƯƠI BỐN HAI MƯƠI LĂM,hai mươi bốn hai mươi lăm
VIVOSDEV07_209_snr5,vivos,phowhisper,base,tone_aware_lora,0.05,42,5,noise,HAI MƯƠI BỐN HAI MƯƠI LĂM,hai mươi bốn hai mươi lăm
VIVOSDEV07_223_clean,vivos,phowhisper,base,tone_aware_lora,0.05,42,clean,clean,NĂM MƯƠI HAI NĂM MƯƠI BA,năm mươi hai năm mươi ba
VIVOSDEV07_223_snr0,vivos,phowhisper,base,tone_aware_lora,0.05,42,0,speech,NĂM MƯƠI HAI NĂM MƯƠI BA,chào mừng hai năm mươi mươi mươi ba
VIVOSDEV07_223_snr10,vivos,phowhisper,base,tone_aware_lora,0.05,42,10,noise,NĂM MƯƠI HAI NĂM MƯƠI BA,năm mươi hai năm mươi ba
VIVOSDEV07_223_snr20,vivos,phowhisper,base,tone_aware_lora,0.05,42,20,noise,NĂM MƯƠI HAI NĂM MƯƠI BA,năm mươi hai năm mươi ba
VIVOSDEV07_223_snr5,vivos,phowhisper,base,tone_aware_lora,0.05,42,5,music,NĂM MƯƠI HAI NĂM MƯƠI BA,năm mươi hai năm mươi ba
VIVOSDEV07_231_clean,vivos,phowhisper,base,tone_aware_lora,0.05,42,clean,clean,SÁU MƯƠI TÁM SÁU MƯƠI CHÍN,sáu mươi tám sáu mươi chín
VIVOSDEV07_231_snr0,vivos,phowhisper,base,tone_aware_lora,0.05,42,0,music,SÁU MƯƠI TÁM SÁU MƯƠI CHÍN,sáu mươi tám sáu mươi chín
VIVOSDEV07_231_snr10,vivos,phowhisper,base,tone_aware_lora,0.05,42,10,music,SÁU MƯƠI TÁM SÁU MƯƠI CHÍN,sáu mươi tám sáu mươi chín
VIVOSDEV07_231_snr20,vivos,phowhisper,base,tone_aware_lora,0.05,42,20,speech,SÁU MƯƠI TÁM SÁU MƯƠI CHÍN,sáu mươi tám sáu mươi chín
VIVOSDEV07_231_snr5,vivos,phowhisper,base,tone_aware_lora,0.05,42,5,music,SÁU MƯƠI TÁM SÁU MƯƠI CHÍN,sáu mươi tám sáu mươi chín
VIVOSDEV07_236_clean,vivos,phowhisper,base,tone_aware_lora,0.05,42,clean,clean,BẢY MƯƠI TÁM BẢY MƯƠI CHÍN,bảy mươi tám bảy mươi chín
VIVOSDEV07_236_snr0,vivos,phowhisper,base,tone_aware_lora,0.05,42,0,noise,BẢY MƯƠI TÁM BẢY MƯƠI CHÍN,bảy mươi tám bảy mươi chín
VIVOSDEV07_236_snr10,vivos,phowhisper,base,tone_aware_lora,0.05,42,10,speech,BẢY MƯƠI TÁM BẢY MƯƠI CHÍN,bảy mươi tám bảy mươi chín
VIVOSDEV07_236_snr20,vivos,phowhisper,base,tone_aware_lora,0.05,42,20,speech,BẢY MƯƠI TÁM BẢY MƯƠI CHÍN,bảy mươi tám bảy mươi chín
VIVOSDEV07_236_snr5,vivos,phowhisper,base,tone_aware_lora,0.05,42,5,music,BẢY MƯƠI TÁM BẢY MƯƠI CHÍN,bảy mươi tám bảy mươi chín
VIVOSDEV07_246_clean,vivos,phowhisper,base,tone_aware_lora,0.05,42,clean,clean,CHÍN MƯƠI TÁM CHÍN MƯƠI CHÍN,chín mươi tám chín mươi chín
VIVOSDEV07_246_snr0,vivos,phowhisper,base,tone_aware_lora,0.05,42,0,noise,CHÍN MƯƠI TÁM CHÍN MƯƠI CHÍN,chín mươi tám chín mươi chín
VIVOSDEV07_246_snr10,vivos,phowhisper,base,tone_aware_lora,0.05,42,10,speech,CHÍN MƯƠI TÁM CHÍN MƯƠI CHÍN,chín mươi tám chín mươi chín
VIVOSDEV07_246_snr20,vivos,phowhisper,base,tone_aware_lora,0.05,42,20,music,CHÍN MƯƠI TÁM CHÍN MƯƠI CHÍN,chín mươi tám chín mươi chín
VIVOSDEV07_246_snr5,vivos,phowhisper,base,tone_aware_lora,0.05,42,5,speech,CHÍN MƯƠI TÁM CHÍN MƯƠI CHÍN,chín mươi tám chín mươi chín
VIVOSDEV07_264_clean,vivos,phowhisper,base,tone_aware_lora,0.05,42,clean,clean,BUỔI SÁNG THÀNH PHỐ Ô NHIỄM HƠN BUỔI TRƯA,buổi sáng thành phố ô nhiễm hơn buổi trưa
VIVOSDEV07_264_snr0,vivos,phowhisper,base,tone_aware_lora,0.05,42,0,noise,BUỔI SÁNG THÀNH PHỐ Ô NHIỄM HƠN BUỔI TRƯA,buổi sáng thành phố ô nhiễm hơn buổi trưa
VIVOSDEV07_264_snr10,vivos,phowhisper,base,tone_aware_lora,0.05,42,10,noise,BUỔI SÁNG THÀNH PHỐ Ô NHIỄM HƠN BUỔI TRƯA,buổi sáng thành phố ô nhiễm hơn buổi trưa
VIVOSDEV07_264_snr20,vivos,phowhisper,base,tone_aware_lora,0.05,42,20,noise,BUỔI SÁNG THÀNH PHỐ Ô NHIỄM HƠN BUỔI TRƯA,buổi sáng thành phố ô nhiễm hơn buổi trưa
VIVOSDEV07_264_snr5,vivos,phowhisper,base,tone_aware_lora,0.05,42,5,noise,BUỔI SÁNG THÀNH PHỐ Ô NHIỄM HƠN BUỔI TRƯA,buổi sáng thành phố ô nhiễm hơn buổi trưa
VIVOSDEV07_266_clean,vivos,phowhisper,base,tone_aware_lora,0.05,42,clean,clean,NÓNG GIẬN TÔI ĐÃ LĂNG MẠ ANH,nóng giận tôi đã lăn mà anh
VIVOSDEV07_266_snr0,vivos,phowhisper,base,tone_aware_lora,0.05,42,0,noise,NÓNG GIẬN TÔI ĐÃ LĂNG MẠ ANH,nóng giận tôi đã lần mà han
VIVOSDEV07_266_snr10,vivos,phowhisper,base,tone_aware_lora,0.05,42,10,music,NÓNG GIẬN TÔI ĐÃ LĂNG MẠ ANH,nóng giận tôi đã lăn mà anh
VIVOSDEV07_266_snr20,vivos,phowhisper,base,tone_aware_lora,0.05,42,20,music,NÓNG GIẬN TÔI ĐÃ LĂNG MẠ ANH,nóng giận tôi đã lăn mà anh
VIVOSDEV07_266_snr5,vivos,phowhisper,base,tone_aware_lora,0.05,42,5,speech,NÓNG GIẬN TÔI ĐÃ LĂNG MẠ ANH,nóng giận tôi đã lăn mà anh
VIVOSDEV07_295_clean,vivos,phowhisper,base,tone_aware_lora,0.05,42,clean,clean,CHỦ TÀU CHO BIẾT SẼ TIẾP TỤC THƯƠNG THUYẾT VỀ SỐ CHI PHÍ NÀY,chủ tàu cho biết sẽ tiếp tục thương thuyết về số chi phí này
VIVOSDEV07_295_snr0,vivos,phowhisper,base,tone_aware_lora,0.05,42,0,speech,CHỦ TÀU CHO BIẾT SẼ TIẾP TỤC THƯƠNG THUYẾT VỀ SỐ CHI PHÍ NÀY,chủ tàu cho biết sẽ tiếp tục thương tước về số chi phí này
VIVOSDEV07_295_snr10,vivos,phowhisper,base,tone_aware_lora,0.05,42,10,noise,CHỦ TÀU CHO BIẾT SẼ TIẾP TỤC THƯƠNG THUYẾT VỀ SỐ CHI PHÍ NÀY,chủ tàu cho biết sẽ tiếp tục thương thương thuyết về số chi phí này
VIVOSDEV07_295_snr20,vivos,phowhisper,base,tone_aware_lora,0.05,42,20,music,CHỦ TÀU CHO BIẾT SẼ TIẾP TỤC THƯƠNG THUYẾT VỀ SỐ CHI PHÍ NÀY,chủ tàu cho biết sẽ tiếp tục thương thuyết về số chi phí này
VIVOSDEV07_295_snr5,vivos,phowhisper,base,tone_aware_lora,0.05,42,5,speech,CHỦ TÀU CHO BIẾT SẼ TIẾP TỤC THƯƠNG THUYẾT VỀ SỐ CHI PHÍ NÀY,chủ tàu cho biết sẽ tiếp tục thương thuốc về số chi phí này
VIVOSDEV08_005_clean,vivos,phowhisper,base,tone_aware_lora,0.05,42,clean,clean,CÂY CỔ THỤ ẤY BẤT CHỢT BỊ BỆNH TẬT QUẬT NGÃ,cây cổ thụ ấy bất chợt bị bệnh tật quật ngã
VIVOSDEV08_005_snr0,vivos,phowhisper,base,tone_aware_lora,0.05,42,0,speech,CÂY CỔ THỤ ẤY BẤT CHỢT BỊ BỆNH TẬT QUẬT NGÃ,cây của hậu ấy bất trang trọng tích tích thuốc trà
VIVOSDEV08_005_snr10,vivos,phowhisper,base,tone_aware_lora,0.05,42,10,music,CÂY CỔ THỤ ẤY BẤT CHỢT BỊ BỆNH TẬT QUẬT NGÃ,cây cổ thụ ấy bất chợt bị bệnh tật vượt ngã
VIVOSDEV08_005_snr20,vivos,phowhisper,base,tone_aware_lora,0.05,42,20,noise,CÂY CỔ THỤ ẤY BẤT CHỢT BỊ BỆNH TẬT QUẬT NGÃ,cây cổ thụ áy bất chợt bị bệnh tật vật ngã
VIVOSDEV08_005_snr5,vivos,phowhisper,base,tone_aware_lora,0.05,42,5,speech,CÂY CỔ THỤ ẤY BẤT CHỢT BỊ BỆNH TẬT QUẬT NGÃ,cây cổ phụ ấy bất chợt bị bệnh tật vật cả
VIVOSDEV08_014_clean,vivos,phowhisper,base,tone_aware_lora,0.05,42,clean,clean,VÀ NẾU BẠN TRÓT LÀM LỘN XỘN MÀN HÌNH NỀN,và nếu bạn trót làm lộn sộn màn hình nền
VIVOSDEV08_014_snr0,vivos,phowhisper,base,tone_aware_lora,0.05,42,0,speech,VÀ NẾU BẠN TRÓT LÀM LỘN XỘN MÀN HÌNH NỀN,và nếu bạn trót vào tủ sọt mà hình ngàn
VIVOSDEV08_014_snr10,vivos,phowhisper,base,tone_aware_lora,0.05,42,10,music,VÀ NẾU BẠN TRÓT LÀM LỘN XỘN MÀN HÌNH NỀN,và nếu bạn trót làm lộn sộn màn hình nền
VIVOSDEV08_014_snr20,vivos,phowhisper,base,tone_aware_lora,0.05,42,20,speech,VÀ NẾU BẠN TRÓT LÀM LỘN XỘN MÀN HÌNH NỀN,và nếu bạn trót làm lộn xộn màn hình nền
VIVOSDEV08_014_snr5,vivos,phowhisper,base,tone_aware_lora,0.05,42,5,music,VÀ NẾU BẠN TRÓT LÀM LỘN XỘN MÀN HÌNH NỀN,và nếu bạn trót làm lộn sộn màn hình nền
VIVOSDEV08_025_clean,vivos,phowhisper,base,tone_aware_lora,0.05,42,clean,clean,ĐẠO DIỄN TRẺ NÀY CÓ NHIỀU ĐIỀU NGẪM NGỢI VỀ NGHỀ,đạo diễn tẻ này có nhiều điều ngẫm ngợi về nghề
VIVOSDEV08_025_snr0,vivos,phowhisper,base,tone_aware_lora,0.05,42,0,noise,ĐẠO DIỄN TRẺ NÀY CÓ NHIỀU ĐIỀU NGẪM NGỢI VỀ NGHỀ,đau diễn tả này có nhiều điều ngắm nghệ và nhờ
VIVOSDEV08_025_snr10,vivos,phowhisper,base,tone_aware_lora,0.05,42,10,noise,ĐẠO DIỄN TRẺ NÀY CÓ NHIỀU ĐIỀU NGẪM NGỢI VỀ NGHỀ,đạo diễn tẻ này có nhiều điều ngẫm ngợi về nghề
VIVOSDEV08_025_snr20,vivos,phowhisper,base,tone_aware_lora,0.05,42,20,noise,ĐẠO DIỄN TRẺ NÀY CÓ NHIỀU ĐIỀU NGẪM NGỢI VỀ NGHỀ,đạo diễn tẻ này có nhiều điều ngẫm ngợi về nghề
VIVOSDEV08_025_snr5,vivos,phowhisper,base,tone_aware_lora,0.05,42,5,speech,ĐẠO DIỄN TRẺ NÀY CÓ NHIỀU ĐIỀU NGẪM NGỢI VỀ NGHỀ,đạo diễn trẻ này có nhiều điều ngắm nghề về nghề
VIVOSDEV08_032_clean,vivos,phowhisper,base,tone_aware_lora,0.05,42,clean,clean,SẼ KHÔNG KHIẾN BẠN TRÔNG GẦY NHƯ NHỮNG TRANG PHỤC MỘT MÀU,sẽ không khiến bạn trông gầy như những trang phục mục màu
VIVOSDEV08_032_snr0,vivos,phowhisper,base,tone_aware_lora,0.05,42,0,music,SẼ KHÔNG KHIẾN BẠN TRÔNG GẦY NHƯ NHỮNG TRANG PHỤC MỘT MÀU,sẽ không khiến bạn đông chày như những trang phục mục mạo
VIVOSDEV08_032_snr10,vivos,phowhisper,base,tone_aware_lora,0.05,42,10,noise,SẼ KHÔNG KHIẾN BẠN TRÔNG GẦY NHƯ NHỮNG TRANG PHỤC MỘT MÀU,sẽ không khiến bạn trông gầy như những trang phục mục màu
VIVOSDEV08_032_snr20,vivos,phowhisper,base,tone_aware_lora,0.05,42,20,noise,SẼ KHÔNG KHIẾN BẠN TRÔNG GẦY NHƯ NHỮNG TRANG PHỤC MỘT MÀU,sẽ không khiến bạn trông gầy như những trang phục mục màu
VIVOSDEV08_032_snr5,vivos,phowhisper,base,tone_aware_lora,0.05,42,5,music,SẼ KHÔNG KHIẾN BẠN TRÔNG GẦY NHƯ NHỮNG TRANG PHỤC MỘT MÀU,sẽ không khiến bạn trông gầy như những trang phục mục màu
VIVOSDEV08_053_clean,vivos,phowhisper,base,tone_aware_lora,0.05,42,clean,clean,BỞI CƠ QUAN CHUYÊN MÔN HOẶC THUÊ TỔ CHỨC KIỂM TOÁN ĐỘC LẬP,bởi cơ quan chuyên môn hoặc thuê tổ chức kiểm toán độc lập
VIVOSDEV08_053_snr0,vivos,phowhisper,base,tone_aware_lora,0.05,42,0,speech,BỞI CƠ QUAN CHUYÊN MÔN HOẶC THUÊ TỔ CHỨC KIỂM TOÁN ĐỘC LẬP,với cơ quan chuyên môn thuộc thê tổ chức kiểm toán học trò học
VIVOSDEV08_053_snr10,vivos,phowhisper,base,tone_aware_lora,0.05,42,10,music,BỞI CƠ QUAN CHUYÊN MÔN HOẶC THUÊ TỔ CHỨC KIỂM TOÁN ĐỘC LẬP,bởi cơ quan chuyên môn hoặc thuê tổ chức kiểm toán độc lập
VIVOSDEV08_053_snr20,vivos,phowhisper,base,tone_aware_lora,0.05,42,20,noise,BỞI CƠ QUAN CHUYÊN MÔN HOẶC THUÊ TỔ CHỨC KIỂM TOÁN ĐỘC LẬP,bởi cơ quan chuyên môn hoặc thuê tổ chức kiểm toán độc lập
VIVOSDEV08_053_snr5,vivos,phowhisper,base,tone_aware_lora,0.05,42,5,speech,BỞI CƠ QUAN CHUYÊN MÔN HOẶC THUÊ TỔ CHỨC KIỂM TOÁN ĐỘC LẬP,bởi cơ quan chuyên môn thuộc thế giới tích trực tuyến đọc lắm
VIVOSDEV08_057_clean,vivos,phowhisper,base,tone_aware_lora,0.05,42,clean,clean,NÓ LẬT ĐẬT ĐẠP CHIẾC XE CÀ TÀNG BĂNG NGAY RA ĐẦU ĐƯỜNG,nó lật đật đạp chiếc xe cà tàng băng ngay ra đầu đường
VIVOSDEV08_057_snr0,vivos,phowhisper,base,tone_aware_lora,0.05,42,0,music,NÓ LẬT ĐẬT ĐẠP CHIẾC XE CÀ TÀNG BĂNG NGAY RA ĐẦU ĐƯỜNG,nó lật đật đạp chiếc xe cà tàng băng ngay ra đầu đường
VIVOSDEV08_057_snr10,vivos,phowhisper,base,tone_aware_lora,0.05,42,10,noise,NÓ LẬT ĐẬT ĐẠP CHIẾC XE CÀ TÀNG BĂNG NGAY RA ĐẦU ĐƯỜNG,nó lật đật đạp chiếc xe cà tàng băng ngay ra đầu đường
VIVOSDEV08_057_snr20,vivos,phowhisper,base,tone_aware_lora,0.05,42,20,music,NÓ LẬT ĐẬT ĐẠP CHIẾC XE CÀ TÀNG BĂNG NGAY RA ĐẦU ĐƯỜNG,nó lật đật đạp chiếc xe cà tàng băng ngay ra đầu đường
VIVOSDEV08_057_snr5,vivos,phowhisper,base,tone_aware_lora,0.05,42,5,music,NÓ LẬT ĐẬT ĐẠP CHIẾC XE CÀ TÀNG BĂNG NGAY RA ĐẦU ĐƯỜNG,nó lật đật đạp chiếc xe cà tàng băng ngay ra đầu đường
VIVOSDEV08_062_clean,vivos,phowhisper,base,tone_aware_lora,0.05,42,clean,clean,HOẶC CHỈ BIỂU HIỆN BẰNG CÁC RỐI LOẠN CO BÓP,hoặc chỉ biểu hiện bằng các rối loạn co bóp
VIVOSDEV08_062_snr0,vivos,phowhisper,base,tone_aware_lora,0.05,42,0,noise,HOẶC CHỈ BIỂU HIỆN BẰNG CÁC RỐI LOẠN CO BÓP,hoặc chỉ biểu hiện bằng các rối loạn co bóp
VIVOSDEV08_062_snr10,vivos,phowhisper,base,tone_aware_lora,0.05,42,10,noise,HOẶC CHỈ BIỂU HIỆN BẰNG CÁC RỐI LOẠN CO BÓP,hoặc chỉ biểu hiện bằng các rối loạn co bóp
VIVOSDEV08_062_snr20,vivos,phowhisper,base,tone_aware_lora,0.05,42,20,music,HOẶC CHỈ BIỂU HIỆN BẰNG CÁC RỐI LOẠN CO BÓP,hoặc chỉ biểu hiện bằng các rối loạn co bóp
VIVOSDEV08_062_snr5,vivos,phowhisper,base,tone_aware_lora,0.05,42,5,speech,HOẶC CHỈ BIỂU HIỆN BẰNG CÁC RỐI LOẠN CO BÓP,thật chỉ biểu hiện bằng các rối loạn co bóp
VIVOSDEV08_071_clean,vivos,phowhisper,base,tone_aware_lora,0.05,42,clean,clean,KHI TÔI LÀ CON BÉ LỚP BỐN THÌ CÂY VẢ ĐÃ CAO QUÁ NÓC NHÀ,khi tôi là con bé lớp bốn thì cây vả đã cao quá nóc nhà
VIVOSDEV08_071_snr0,vivos,phowhisper,base,tone_aware_lora,0.05,42,0,music,KHI TÔI LÀ CON BÉ LỚP BỐN THÌ CÂY VẢ ĐÃ CAO QUÁ NÓC NHÀ,khi tôi là con bé lớp bốn thì cây vả đã cao quá nóc nhà
VIVOSDEV08_071_snr10,vivos,phowhisper,base,tone_aware_lora,0.05,42,10,noise,KHI TÔI LÀ CON BÉ LỚP BỐN THÌ CÂY VẢ ĐÃ CAO QUÁ NÓC NHÀ,khi tôi là con bé lớp bốn thì cây vả đã cao quá nóc nhà
VIVOSDEV08_071_snr20,vivos,phowhisper,base,tone_aware_lora,0.05,42,20,music,KHI TÔI LÀ CON BÉ LỚP BỐN THÌ CÂY VẢ ĐÃ CAO QUÁ NÓC NHÀ,khi tôi là con bé lớp bốn thì cây vả đã cao quá nóc nhà
VIVOSDEV08_071_snr5,vivos,phowhisper,base,tone_aware_lora,0.05,42,5,noise,KHI TÔI LÀ CON BÉ LỚP BỐN THÌ CÂY VẢ ĐÃ CAO QUÁ NÓC NHÀ,khi tôi là con bé lớp bốn thì cây vả đã cao quá nóc nhà
VIVOSDEV08_077_clean,vivos,phowhisper,base,tone_aware_lora,0.05,42,clean,clean,BUỔI ĐẦU THẬT KHÓ KHĂN THEO ĐUỔI CHƯƠNG TRÌNH HỌC,buổi đầu thật khó khăn theo đuổi chương trình học
VIVOSDEV08_077_snr0,vivos,phowhisper,base,tone_aware_lora,0.05,42,0,speech,BUỔI ĐẦU THẬT KHÓ KHĂN THEO ĐUỔI CHƯƠNG TRÌNH HỌC,mỗi đau là khó khăn theo đuổi chân tình học
VIVOSDEV08_077_snr10,vivos,phowhisper,base,tone_aware_lora,0.05,42,10,noise,BUỔI ĐẦU THẬT KHÓ KHĂN THEO ĐUỔI CHƯƠNG TRÌNH HỌC,buổi đầu thật khó khăn theo đuổi chương trình học
VIVOSDEV08_077_snr20,vivos,phowhisper,base,tone_aware_lora,0.05,42,20,noise,BUỔI ĐẦU THẬT KHÓ KHĂN THEO ĐUỔI CHƯƠNG TRÌNH HỌC,buổi đầu thật khó khăn theo đuổi chương trình học
VIVOSDEV08_077_snr5,vivos,phowhisper,base,tone_aware_lora,0.05,42,5,noise,BUỔI ĐẦU THẬT KHÓ KHĂN THEO ĐUỔI CHƯƠNG TRÌNH HỌC,buổi đầu thật khó khăn theo đuổi chương trình học
VIVOSDEV08_090_clean,vivos,phowhisper,base,tone_aware_lora,0.05,42,clean,clean,VÌ KHÔNG CÓ TIỀN ĐÓNG HỌC PHÍ,vì không có tiền đóng học phí
VIVOSDEV08_090_snr0,vivos,phowhisper,base,tone_aware_lora,0.05,42,0,music,VÌ KHÔNG CÓ TIỀN ĐÓNG HỌC PHÍ,đi công cái tiền đóng học tiền
VIVOSDEV08_090_snr10,vivos,phowhisper,base,tone_aware_lora,0.05,42,10,speech,VÌ KHÔNG CÓ TIỀN ĐÓNG HỌC PHÍ,vì không có tiền đóng học phí
VIVOSDEV08_090_snr20,vivos,phowhisper,base,tone_aware_lora,0.05,42,20,speech,VÌ KHÔNG CÓ TIỀN ĐÓNG HỌC PHÍ,vì không có tiền đóng học phí
VIVOSDEV08_090_snr5,vivos,phowhisper,base,tone_aware_lora,0.05,42,5,music,VÌ KHÔNG CÓ TIỀN ĐÓNG HỌC PHÍ,vì không có tiền đóng học phí
VIVOSDEV08_129_clean,vivos,phowhisper,base,tone_aware_lora,0.05,42,clean,clean,NƯỚC GỖ TRÊN CHIẾC ĐỒNG HỒ ĐÃ BẮT LÊN MÀU GỤ BÓNG LOÁNG,nước gỗ trên chiếc đồng hồ đã bắt lên màu vụ mông loáng
VIVOSDEV08_129_snr0,vivos,phowhisper,base,tone_aware_lora,0.05,42,0,music,NƯỚC GỖ TRÊN CHIẾC ĐỒNG HỒ ĐÃ BẮT LÊN MÀU GỤ BÓNG LOÁNG,nước gỗ trên chiếc đồng hồ đã bắt lên màu vụ mông loáng
VIVOSDEV08_129_snr10,vivos,phowhisper,base,tone_aware_lora,0.05,42,10,noise,NƯỚC GỖ TRÊN CHIẾC ĐỒNG HỒ ĐÃ BẮT LÊN MÀU GỤ BÓNG LOÁNG,nước gỗ trên chiếc đồng hồ đã bắt lên màu vụ mông loáng
VIVOSDEV08_129_snr20,vivos,phowhisper,base,tone_aware_lora,0.05,42,20,noise,NƯỚC GỖ TRÊN CHIẾC ĐỒNG HỒ ĐÃ BẮT LÊN MÀU GỤ BÓNG LOÁNG,nước gỗ trên chiếc đồng hồ để bắt lên màu vụ mông loáng
VIVOSDEV08_129_snr5,vivos,phowhisper,base,tone_aware_lora,0.05,42,5,noise,NƯỚC GỖ TRÊN CHIẾC ĐỒNG HỒ ĐÃ BẮT LÊN MÀU GỤ BÓNG LOÁNG,nước gỗ trên chiếc đồng hồ đã bắt lên màu vụ mông loáng
VIVOSDEV08_143_clean,vivos,phowhisper,base,tone_aware_lora,0.05,42,clean,clean,THAM GIA GIẢNG DẠY LÀ LỰC LƯỢNG ĐOÀN VIÊN,tham gia giảng dạy là lực lượng đoàn viên
VIVOSDEV08_143_snr0,vivos,phowhisper,base,tone_aware_lora,0.05,42,0,noise,THAM GIA GIẢNG DẠY LÀ LỰC LƯỢNG ĐOÀN VIÊN,tham gia chàng dài là lực lượng đồng viên
VIVOSDEV08_143_snr10,vivos,phowhisper,base,tone_aware_lora,0.05,42,10,noise,THAM GIA GIẢNG DẠY LÀ LỰC LƯỢNG ĐOÀN VIÊN,tham gia giảng dạy là lực lượng đoàn viên
VIVOSDEV08_143_snr20,vivos,phowhisper,base,tone_aware_lora,0.05,42,20,music,THAM GIA GIẢNG DẠY LÀ LỰC LƯỢNG ĐOÀN VIÊN,tham gia giảng dạy là lực lượng đoàn viên
VIVOSDEV08_143_snr5,vivos,phowhisper,base,tone_aware_lora,0.05,42,5,music,THAM GIA GIẢNG DẠY LÀ LỰC LƯỢNG ĐOÀN VIÊN,tham gia giảng dạy là lực lượng đoàn viên
VIVOSDEV08_145_clean,vivos,phowhisper,base,tone_aware_lora,0.05,42,clean,clean,VÀ VẢI HOẶC CÓI NHIỀU MÀU,và vải hoặc có nhiều màu
VIVOSDEV08_145_snr0,vivos,phowhisper,base,tone_aware_lora,0.05,42,0,noise,VÀ VẢI HOẶC CÓI NHIỀU MÀU,và vải hoặc có nhiều màu
VIVOSDEV08_145_snr10,vivos,phowhisper,base,tone_aware_lora,0.05,42,10,speech,VÀ VẢI HOẶC CÓI NHIỀU MÀU,và vải hoặc có nhiều màu
VIVOSDEV08_145_snr20,vivos,phowhisper,base,tone_aware_lora,0.05,42,20,music,VÀ VẢI HOẶC CÓI NHIỀU MÀU,và vải hoặc có nhiều màu
VIVOSDEV08_145_snr5,vivos,phowhisper,base,tone_aware_lora,0.05,42,5,noise,VÀ VẢI HOẶC CÓI NHIỀU MÀU,và vải hoặc có nhiều màu
VIVOSDEV08_159_clean,vivos,phowhisper,base,tone_aware_lora,0.05,42,clean,clean,VỚI NGƯỜI MẸ Ở XÓM CHÀI LONG BIÊN,với người mẹ ở xóm chài long biên
VIVOSDEV08_159_snr0,vivos,phowhisper,base,tone_aware_lora,0.05,42,0,music,VỚI NGƯỜI MẸ Ở XÓM CHÀI LONG BIÊN,với người mẹ ở xóm chài long biến
VIVOSDEV08_159_snr10,vivos,phowhisper,base,tone_aware_lora,0.05,42,10,music,VỚI NGƯỜI MẸ Ở XÓM CHÀI LONG BIÊN,với người mẹ ở xóm chài long biên
VIVOSDEV08_159_snr20,vivos,phowhisper,base,tone_aware_lora,0.05,42,20,speech,VỚI NGƯỜI MẸ Ở XÓM CHÀI LONG BIÊN,với người mẹ ở xóm chài long biên
VIVOSDEV08_159_snr5,vivos,phowhisper,base,tone_aware_lora,0.05,42,5,music,VỚI NGƯỜI MẸ Ở XÓM CHÀI LONG BIÊN,với người mẹ ở xóm chài long biên
VIVOSDEV08_182_clean,vivos,phowhisper,base,tone_aware_lora,0.05,42,clean,clean,KẾT QUẢ CHỈ CÓ VỎN VẸN BA NGƯỜI CÒN BIẾT DỆT,kết quả chỉ có vỏn vẹn ba người còn biết dẹp
VIVOSDEV08_182_snr0,vivos,phowhisper,base,tone_aware_lora,0.05,42,0,music,KẾT QUẢ CHỈ CÓ VỎN VẸN BA NGƯỜI CÒN BIẾT DỆT,kết quả chỉ có vỏn vẹn ba người còn biết dệt
VIVOSDEV08_182_snr10,vivos,phowhisper,base,tone_aware_lora,0.05,42,10,noise,KẾT QUẢ CHỈ CÓ VỎN VẸN BA NGƯỜI CÒN BIẾT DỆT,kết quả chỉ có vỏn vẹn ba người còn biết dẹp
VIVOSDEV08_182_snr20,vivos,phowhisper,base,tone_aware_lora,0.05,42,20,noise,KẾT QUẢ CHỈ CÓ VỎN VẸN BA NGƯỜI CÒN BIẾT DỆT,kết quả chỉ có vỏn vẹn ba người còn biết dẹp
VIVOSDEV08_182_snr5,vivos,phowhisper,base,tone_aware_lora,0.05,42,5,noise,KẾT QUẢ CHỈ CÓ VỎN VẸN BA NGƯỜI CÒN BIẾT DỆT,kết quả chỉ có vỏn vẹn ba người còn biết dệt
VIVOSDEV08_193_clean,vivos,phowhisper,base,tone_aware_lora,0.05,42,clean,clean,LÀ TƯƠNG ĐỐI CÓ HIỆU QUẢ,là tương đối có hiệu quả
VIVOSDEV08_193_snr0,vivos,phowhisper,base,tone_aware_lora,0.05,42,0,noise,LÀ TƯƠNG ĐỐI CÓ HIỆU QUẢ,là tương đối có hiệu quả
VIVOSDEV08_193_snr10,vivos,phowhisper,base,tone_aware_lora,0.05,42,10,music,LÀ TƯƠNG ĐỐI CÓ HIỆU QUẢ,là tương đối có hiệu quả
VIVOSDEV08_193_snr20,vivos,phowhisper,base,tone_aware_lora,0.05,42,20,noise,LÀ TƯƠNG ĐỐI CÓ HIỆU QUẢ,đà tương đối có hiệu quả
VIVOSDEV08_193_snr5,vivos,phowhisper,base,tone_aware_lora,0.05,42,5,noise,LÀ TƯƠNG ĐỐI CÓ HIỆU QUẢ,tạm tương đối có hiệu quả
VIVOSDEV08_210_clean,vivos,phowhisper,base,tone_aware_lora,0.05,42,clean,clean,HAI MƯƠI SÁU HAI MƯƠI BẢY,hai mươi sáu hai mươi bảy
VIVOSDEV08_210_snr0,vivos,phowhisper,base,tone_aware_lora,0.05,42,0,music,HAI MƯƠI SÁU HAI MƯƠI BẢY,áy sáu tháng mười bảy
VIVOSDEV08_210_snr10,vivos,phowhisper,base,tone_aware_lora,0.05,42,10,noise,HAI MƯƠI SÁU HAI MƯƠI BẢY,hai mươi sáu hai mươi bảy
VIVOSDEV08_210_snr20,vivos,phowhisper,base,tone_aware_lora,0.05,42,20,noise,HAI MƯƠI SÁU HAI MƯƠI BẢY,hai mươi sáu hai mươi bảy
VIVOSDEV08_210_snr5,vivos,phowhisper,base,tone_aware_lora,0.05,42,5,speech,HAI MƯƠI SÁU HAI MƯƠI BẢY,áy mươi sáu hai mươi bảy
VIVOSDEV08_233_clean,vivos,phowhisper,base,tone_aware_lora,0.05,42,clean,clean,BẢY MƯƠI HAI BẢY MƯƠI BA,bảy mươi hai bảy mươi ba
VIVOSDEV08_233_snr0,vivos,phowhisper,base,tone_aware_lora,0.05,42,0,noise,BẢY MƯƠI HAI BẢY MƯƠI BA,bảy mươi hai bảy mươi ba
VIVOSDEV08_233_snr10,vivos,phowhisper,base,tone_aware_lora,0.05,42,10,music,BẢY MƯƠI HAI BẢY MƯƠI BA,bảy mươi hai bảy mươi ba
VIVOSDEV08_233_snr20,vivos,phowhisper,base,tone_aware_lora,0.05,42,20,music,BẢY MƯƠI HAI BẢY MƯƠI BA,bảy mươi hai bảy mươi ba
VIVOSDEV08_233_snr5,vivos,phowhisper,base,tone_aware_lora,0.05,42,5,speech,BẢY MƯƠI HAI BẢY MƯƠI BA,bảy mươi hai bảy mươi ba
VIVOSDEV08_270_clean,vivos,phowhisper,base,tone_aware_lora,0.05,42,clean,clean,NÓI THẬT ĐẤY À,nói thật đi à
VIVOSDEV08_270_snr0,vivos,phowhisper,base,tone_aware_lora,0.05,42,0,speech,NÓI THẬT ĐẤY À,nơi thật tay à
VIVOSDEV08_270_snr10,vivos,phowhisper,base,tone_aware_lora,0.05,42,10,noise,NÓI THẬT ĐẤY À,nói thật đi à
VIVOSDEV08_270_snr20,vivos,phowhisper,base,tone_aware_lora,0.05,42,20,noise,NÓI THẬT ĐẤY À,nói thật đi à
VIVOSDEV08_270_snr5,vivos,phowhisper,base,tone_aware_lora,0.05,42,5,music,NÓI THẬT ĐẤY À,tới thật đấy à
VIVOSDEV08_277_clean,vivos,phowhisper,base,tone_aware_lora,0.05,42,clean,clean,ĐÀN ÔNG CÓ HAI THỨ ĐỂ BUỒN,đàn ông có hai thứ đều buồn
VIVOSDEV08_277_snr0,vivos,phowhisper,base,tone_aware_lora,0.05,42,0,music,ĐÀN ÔNG CÓ HAI THỨ ĐỂ BUỒN,đàn ông với hai thứ đẻ buồn
VIVOSDEV08_277_snr10,vivos,phowhisper,base,tone_aware_lora,0.05,42,10,music,ĐÀN ÔNG CÓ HAI THỨ ĐỂ BUỒN,đàn ông có ai thứ đĩa buồn
VIVOSDEV08_277_snr20,vivos,phowhisper,base,tone_aware_lora,0.05,42,20,noise,ĐÀN ÔNG CÓ HAI THỨ ĐỂ BUỒN,đàn ông có hai thứ đĩa buồn
VIVOSDEV08_277_snr5,vivos,phowhisper,base,tone_aware_lora,0.05,42,5,speech,ĐÀN ÔNG CÓ HAI THỨ ĐỂ BUỒN,đàn ông có hai thứ điệu chòm
VIVOSDEV08_295_clean,vivos,phowhisper,base,tone_aware_lora,0.05,42,clean,clean,GIÀU ĐỔI BẠN SANG ĐỔI VỢ,rào đỡ bạn sang đổi vợ
VIVOSDEV08_295_snr0,vivos,phowhisper,base,tone_aware_lora,0.05,42,0,music,GIÀU ĐỔI BẠN SANG ĐỔI VỢ,sao đổi bạn sang đổi vợ
VIVOSDEV08_295_snr10,vivos,phowhisper,base,tone_aware_lora,0.05,42,10,music,GIÀU ĐỔI BẠN SANG ĐỔI VỢ,đào đổi bạn khang đổi vợ
VIVOSDEV08_295_snr20,vivos,phowhisper,base,tone_aware_lora,0.05,42,20,music,GIÀU ĐỔI BẠN SANG ĐỔI VỢ,giàu đổi bạn sang đổi vợ
VIVOSDEV08_295_snr5,vivos,phowhisper,base,tone_aware_lora,0.05,42,5,music,GIÀU ĐỔI BẠN SANG ĐỔI VỢ,rào đỡ bạn sang đổi vợ
VIVOSDEV08_300_clean,vivos,phowhisper,base,tone_aware_lora,0.05,42,clean,clean,ÁN MẠNG TRÊN TOA TÀU TỐC HÀNH,án mạng trên toa tàu tốc hành
VIVOSDEV08_300_snr0,vivos,phowhisper,base,tone_aware_lora,0.05,42,0,noise,ÁN MẠNG TRÊN TOA TÀU TỐC HÀNH,án mạng trên cao tàu thấp hạnh
VIVOSDEV08_300_snr10,vivos,phowhisper,base,tone_aware_lora,0.05,42,10,music,ÁN MẠNG TRÊN TOA TÀU TỐC HÀNH,án mạng trên toa tàu tóc hành
VIVOSDEV08_300_snr20,vivos,phowhisper,base,tone_aware_lora,0.05,42,20,speech,ÁN MẠNG TRÊN TOA TÀU TỐC HÀNH,án mạng trên toa tàu tóc hành
VIVOSDEV08_300_snr5,vivos,phowhisper,base,tone_aware_lora,0.05,42,5,noise,ÁN MẠNG TRÊN TOA TÀU TỐC HÀNH,án mạng trên cao tàu tóc hành
VIVOSDEV09_029_clean,vivos,phowhisper,base,tone_aware_lora,0.05,42,clean,clean,BẠN CÓ THỂ KHIỂN TRÁCH NGƯỜI LÁI XE,bạn có thể khiển trách người lái xe
VIVOSDEV09_029_snr0,vivos,phowhisper,base,tone_aware_lora,0.05,42,0,noise,BẠN CÓ THỂ KHIỂN TRÁCH NGƯỜI LÁI XE,bạn có thể khiển trách người lái xe
VIVOSDEV09_029_snr10,vivos,phowhisper,base,tone_aware_lora,0.05,42,10,noise,BẠN CÓ THỂ KHIỂN TRÁCH NGƯỜI LÁI XE,bạn có thể khiển trách người lái xe
VIVOSDEV09_029_snr20,vivos,phowhisper,base,tone_aware_lora,0.05,42,20,noise,BẠN CÓ THỂ KHIỂN TRÁCH NGƯỜI LÁI XE,bạn có thể khiển trách người lái xe
VIVOSDEV09_029_snr5,vivos,phowhisper,base,tone_aware_lora,0.05,42,5,music,BẠN CÓ THỂ KHIỂN TRÁCH NGƯỜI LÁI XE,bạn có thể hiển trách người lái xe
VIVOSDEV09_035_clean,vivos,phowhisper,base,tone_aware_lora,0.05,42,clean,clean,LOÁNG THOÁNG TRĂN TRỞ LOÁNG THOÁNG BUỒN VUI,loang thoáng chằng chợ loang thoáng buồn vui
VIVOSDEV09_035_snr0,vivos,phowhisper,base,tone_aware_lora,0.05,42,0,noise,LOÁNG THOÁNG TRĂN TRỞ LOÁNG THOÁNG BUỒN VUI,loang thoáng trầm trả loang thoáng bùi vu
VIVOSDEV09_035_snr10,vivos,phowhisper,base,tone_aware_lora,0.05,42,10,noise,LOÁNG THOÁNG TRĂN TRỞ LOÁNG THOÁNG BUỒN VUI,loang thoáng chăn chở loang thoáng buồn vui
VIVOSDEV09_035_snr20,vivos,phowhisper,base,tone_aware_lora,0.05,42,20,noise,LOÁNG THOÁNG TRĂN TRỞ LOÁNG THOÁNG BUỒN VUI,loang thoáng chằng chợ loang thoáng buồn vui
VIVOSDEV09_035_snr5,vivos,phowhisper,base,tone_aware_lora,0.05,42,5,noise,LOÁNG THOÁNG TRĂN TRỞ LOÁNG THOÁNG BUỒN VUI,loang thoáng chăn chở loang thoáng buồn vui
VIVOSDEV09_038_clean,vivos,phowhisper,base,tone_aware_lora,0.05,42,clean,clean,PHÒNG TRÀ KHIÊU VŨ CÁNH QUẠT CỐI XAY ĐỎ,phòng phòng trà kiev vụ gánh quạt có xay đỏ
VIVOSDEV09_038_snr0,vivos,phowhisper,base,tone_aware_lora,0.05,42,0,speech,PHÒNG TRÀ KHIÊU VŨ CÁNH QUẠT CỐI XAY ĐỎ,phòng trà yêu vụ khánh quản có say đỏ
VIVOSDEV09_038_snr10,vivos,phowhisper,base,tone_aware_lora,0.05,42,10,speech,PHÒNG TRÀ KHIÊU VŨ CÁNH QUẠT CỐI XAY ĐỎ,phòng phòng trà khiêu vũ gánh quạt có say đỏ
VIVOSDEV09_038_snr20,vivos,phowhisper,base,tone_aware_lora,0.05,42,20,noise,PHÒNG TRÀ KHIÊU VŨ CÁNH QUẠT CỐI XAY ĐỎ,phòng phòng trà ghiêu vũ cánh quạt có xay đỏ
VIVOSDEV09_038_snr5,vivos,phowhisper,base,tone_aware_lora,0.05,42,5,noise,PHÒNG TRÀ KHIÊU VŨ CÁNH QUẠT CỐI XAY ĐỎ,phòng phòng trà theo vụ cánh quạt khói xay đỏ
VIVOSDEV09_041_clean,vivos,phowhisper,base,tone_aware_lora,0.05,42,clean,clean,HIỆN TRONG NHIỀU LOẠI TỎI CÓ MẶT TRÊN THỊ TRƯỜNG,hiện trong nhiều loại tỏi có mặt trên thị trường
VIVOSDEV09_041_snr0,vivos,phowhisper,base,tone_aware_lora,0.05,42,0,noise,HIỆN TRONG NHIỀU LOẠI TỎI CÓ MẶT TRÊN THỊ TRƯỜNG,hiện trong nhiều loại cỏ có mặt trên thị trường
VIVOSDEV09_041_snr10,vivos,phowhisper,base,tone_aware_lora,0.05,42,10,music,HIỆN TRONG NHIỀU LOẠI TỎI CÓ MẶT TRÊN THỊ TRƯỜNG,hiện trong nhiều loại tỏi có mặt trên thị trường
VIVOSDEV09_041_snr20,vivos,phowhisper,base,tone_aware_lora,0.05,42,20,music,HIỆN TRONG NHIỀU LOẠI TỎI CÓ MẶT TRÊN THỊ TRƯỜNG,hiện trong nhiều loại tỏi có mặt trên thị trường
VIVOSDEV09_041_snr5,vivos,phowhisper,base,tone_aware_lora,0.05,42,5,speech,HIỆN TRONG NHIỀU LOẠI TỎI CÓ MẶT TRÊN THỊ TRƯỜNG,hiện trong nhiều loại tỏi có mặt trên thị trường
VIVOSDEV09_081_clean,vivos,phowhisper,base,tone_aware_lora,0.05,42,clean,clean,ĐƯỢC MỸ RÁO RIẾT TUNG RA,được mỹ ra khuấyết tung ra
VIVOSDEV09_081_snr0,vivos,phowhisper,base,tone_aware_lora,0.05,42,0,noise,ĐƯỢC MỸ RÁO RIẾT TUNG RA,được mỹ lác với côngura
VIVOSDEV09_081_snr10,vivos,phowhisper,base,tone_aware_lora,0.05,42,10,noise,ĐƯỢC MỸ RÁO RIẾT TUNG RA,được mỹ ra quyết tung ra
VIVOSDEV09_081_snr20,vivos,phowhisper,base,tone_aware_lora,0.05,42,20,speech,ĐƯỢC MỸ RÁO RIẾT TUNG RA,được mỹ ra khuấyết tung ra
VIVOSDEV09_081_snr5,vivos,phowhisper,base,tone_aware_lora,0.05,42,5,speech,ĐƯỢC MỸ RÁO RIẾT TUNG RA,được mỹ ra khuất tung ra
VIVOSDEV09_083_clean,vivos,phowhisper,base,tone_aware_lora,0.05,42,clean,clean,VÌ LƯỢNG CA KHÚC MỚI QUÁ NHIỀU,vì lượng ca khúc mới quá nhiều
VIVOSDEV09_083_snr0,vivos,phowhisper,base,tone_aware_lora,0.05,42,0,noise,VÌ LƯỢNG CA KHÚC MỚI QUÁ NHIỀU,vì lượng ca khúc mới quá nhiều
VIVOSDEV09_083_snr10,vivos,phowhisper,base,tone_aware_lora,0.05,42,10,speech,VÌ LƯỢNG CA KHÚC MỚI QUÁ NHIỀU,vì lượng ca khúc mới quá nhiều
VIVOSDEV09_083_snr20,vivos,phowhisper,base,tone_aware_lora,0.05,42,20,music,VÌ LƯỢNG CA KHÚC MỚI QUÁ NHIỀU,vì lượng ca khúc mới quá nhiều
VIVOSDEV09_083_snr5,vivos,phowhisper,base,tone_aware_lora,0.05,42,5,music,VÌ LƯỢNG CA KHÚC MỚI QUÁ NHIỀU,vì lượng ca khúc mới quá nhiều
VIVOSDEV09_091_clean,vivos,phowhisper,base,tone_aware_lora,0.05,42,clean,clean,NƯỚC CHẢY QUÁ MẠNH,nước chảy quá mạnh
VIVOSDEV09_091_snr0,vivos,phowhisper,base,tone_aware_lora,0.05,42,0,speech,NƯỚC CHẢY QUÁ MẠNH,nước chảy quá mạnh
VIVOSDEV09_091_snr10,vivos,phowhisper,base,tone_aware_lora,0.05,42,10,speech,NƯỚC CHẢY QUÁ MẠNH,nước chảy quá mạnh
VIVOSDEV09_091_snr20,vivos,phowhisper,base,tone_aware_lora,0.05,42,20,speech,NƯỚC CHẢY QUÁ MẠNH,nước chảy quá mạnh
VIVOSDEV09_091_snr5,vivos,phowhisper,base,tone_aware_lora,0.05,42,5,noise,NƯỚC CHẢY QUÁ MẠNH,nước chảy quá mạnh
VIVOSDEV09_098_clean,vivos,phowhisper,base,tone_aware_lora,0.05,42,clean,clean,KHIẾN CẢ HAI PHẢI GIẬN HỜN VÔ LÝ,khiến cả hai phải dặn hường vô lý
VIVOSDEV09_098_snr0,vivos,phowhisper,base,tone_aware_lora,0.05,42,0,music,KHIẾN CẢ HAI PHẢI GIẬN HỜN VÔ LÝ,khiến cá hai phải dạy hằng vô lý
VIVOSDEV09_098_snr10,vivos,phowhisper,base,tone_aware_lora,0.05,42,10,speech,KHIẾN CẢ HAI PHẢI GIẬN HỜN VÔ LÝ,khiến cả hai phải dẫn hàng vô lý
VIVOSDEV09_098_snr20,vivos,phowhisper,base,tone_aware_lora,0.05,42,20,noise,KHIẾN CẢ HAI PHẢI GIẬN HỜN VÔ LÝ,khiến cả hai phải dặn hường vô lý
VIVOSDEV09_098_snr5,vivos,phowhisper,base,tone_aware_lora,0.05,42,5,music,KHIẾN CẢ HAI PHẢI GIẬN HỜN VÔ LÝ,khiến cả hai phải giận hờn vô lý
VIVOSDEV09_106_clean,vivos,phowhisper,base,tone_aware_lora,0.05,42,clean,clean,RỒI CHÌM LỈM MỘT THỜI GIAN,rồi chìm lẻ một thời gian
VIVOSDEV09_106_snr0,vivos,phowhisper,base,tone_aware_lora,0.05,42,0,speech,RỒI CHÌM LỈM MỘT THỜI GIAN,gọi tìm lễ một thời gian
VIVOSDEV09_106_snr10,vivos,phowhisper,base,tone_aware_lora,0.05,42,10,noise,RỒI CHÌM LỈM MỘT THỜI GIAN,rồi chìm lỉm một thời gian
VIVOSDEV09_106_snr20,vivos,phowhisper,base,tone_aware_lora,0.05,42,20,music,RỒI CHÌM LỈM MỘT THỜI GIAN,rồi chìm lỉm một thời gian
VIVOSDEV09_106_snr5,vivos,phowhisper,base,tone_aware_lora,0.05,42,5,noise,RỒI CHÌM LỈM MỘT THỜI GIAN,rồi chìm lỉm một thời gian
VIVOSDEV09_134_clean,vivos,phowhisper,base,tone_aware_lora,0.05,42,clean,clean,CÂU TRẢ LỜI CỦA ÔNG TA RẤT KHIẾM NHÃ,câu trả lời của hôm tan rất khiếm nhã
VIVOSDEV09_134_snr0,vivos,phowhisper,base,tone_aware_lora,0.05,42,0,noise,CÂU TRẢ LỜI CỦA ÔNG TA RẤT KHIẾM NHÃ,câu trả lời của ông ta rất hiếm nhã
VIVOSDEV09_134_snr10,vivos,phowhisper,base,tone_aware_lora,0.05,42,10,noise,CÂU TRẢ LỜI CỦA ÔNG TA RẤT KHIẾM NHÃ,câu trả lời của hôm tang rất khiếm nhã
VIVOSDEV09_134_snr20,vivos,phowhisper,base,tone_aware_lora,0.05,42,20,noise,CÂU TRẢ LỜI CỦA ÔNG TA RẤT KHIẾM NHÃ,câu trả lời của hôm tan rất hiếm nhã
VIVOSDEV09_134_snr5,vivos,phowhisper,base,tone_aware_lora,0.05,42,5,noise,CÂU TRẢ LỜI CỦA ÔNG TA RẤT KHIẾM NHÃ,câu trả lời của hồ âm tan rất hiếm nhã
VIVOSDEV09_142_clean,vivos,phowhisper,base,tone_aware_lora,0.05,42,clean,clean,VỀ CHUYỆN ĐANG THEO DÕI BỌN GIÁN ĐIỆP NƯỚC NGOÀI,về chuyện đang theo dõi bọn gián điệp nước ngoài
VIVOSDEV09_142_snr0,vivos,phowhisper,base,tone_aware_lora,0.05,42,0,noise,VỀ CHUYỆN ĐANG THEO DÕI BỌN GIÁN ĐIỆP NƯỚC NGOÀI,về chuyện đang theo dõi bọn giáng miệng nước ngoài
VIVOSDEV09_142_snr10,vivos,phowhisper,base,tone_aware_lora,0.05,42,10,noise,VỀ CHUYỆN ĐANG THEO DÕI BỌN GIÁN ĐIỆP NƯỚC NGOÀI,về chuyện đang theo dõi bọn gián điệp nước ngoài
VIVOSDEV09_142_snr20,vivos,phowhisper,base,tone_aware_lora,0.05,42,20,noise,VỀ CHUYỆN ĐANG THEO DÕI BỌN GIÁN ĐIỆP NƯỚC NGOÀI,về chuyện đang theo dõi bọn gián điệp nước ngoài
VIVOSDEV09_142_snr5,vivos,phowhisper,base,tone_aware_lora,0.05,42,5,music,VỀ CHUYỆN ĐANG THEO DÕI BỌN GIÁN ĐIỆP NƯỚC NGOÀI,về chuyện đang theo dõi bọn gián điệp nước ngoài
VIVOSDEV09_144_clean,vivos,phowhisper,base,tone_aware_lora,0.05,42,clean,clean,ĐƯỢC CẮT TỪ VỎ CHĂN BỘ ĐỘI CŨ CỦA CÁC ÔNG BỐ RA,được các từ vỏ chăn bộ đội cũ của các ông bố ra
VIVOSDEV09_144_snr0,vivos,phowhisper,base,tone_aware_lora,0.05,42,0,noise,ĐƯỢC CẮT TỪ VỎ CHĂN BỘ ĐỘI CŨ CỦA CÁC ÔNG BỐ RA,được các từ vỏ chăn bộ đội cũ của các ông bố ra
VIVOSDEV09_144_snr10,vivos,phowhisper,base,tone_aware_lora,0.05,42,10,speech,ĐƯỢC CẮT TỪ VỎ CHĂN BỘ ĐỘI CŨ CỦA CÁC ÔNG BỐ RA,được các từ vỏ chằng bộ đội cũ của các ông bố ra
VIVOSDEV09_144_snr20,vivos,phowhisper,base,tone_aware_lora,0.05,42,20,noise,ĐƯỢC CẮT TỪ VỎ CHĂN BỘ ĐỘI CŨ CỦA CÁC ÔNG BỐ RA,được các từ vỏ chăn bộ đội cũ của các ông bố ra
VIVOSDEV09_144_snr5,vivos,phowhisper,base,tone_aware_lora,0.05,42,5,noise,ĐƯỢC CẮT TỪ VỎ CHĂN BỘ ĐỘI CŨ CỦA CÁC ÔNG BỐ RA,được các từ vỏ chăn bộ đội cũ của các ông bố ra
VIVOSDEV09_159_clean,vivos,phowhisper,base,tone_aware_lora,0.05,42,clean,clean,TỨC LẤY SỤN LÀNH TỪ NƠI KHÔNG PHẢI CHỊU LỰC GHÉP VÀO NƠI HƯ,tức lấy sụn lành từ nơi không phải chịu lực ghép vào nơi hư
VIVOSDEV09_159_snr0,vivos,phowhisper,base,tone_aware_lora,0.05,42,0,speech,TỨC LẤY SỤN LÀNH TỪ NƠI KHÔNG PHẢI CHỊU LỰC GHÉP VÀO NƠI HƯ,tức lấy sụn lành tưởng nó không phải kiều đất ép vào nơi hư
VIVOSDEV09_159_snr10,vivos,phowhisper,base,tone_aware_lora,0.05,42,10,noise,TỨC LẤY SỤN LÀNH TỪ NƠI KHÔNG PHẢI CHỊU LỰC GHÉP VÀO NƠI HƯ,tức lấy sụn lành từ nơi không phải chịu lực ghép vào nơi hư
VIVOSDEV09_159_snr20,vivos,phowhisper,base,tone_aware_lora,0.05,42,20,noise,TỨC LẤY SỤN LÀNH TỪ NƠI KHÔNG PHẢI CHỊU LỰC GHÉP VÀO NƠI HƯ,tức lấy sụn lành từ nơi không phải chịu lực ghép vào nơi hư
VIVOSDEV09_159_snr5,vivos,phowhisper,base,tone_aware_lora,0.05,42,5,music,TỨC LẤY SỤN LÀNH TỪ NƠI KHÔNG PHẢI CHỊU LỰC GHÉP VÀO NƠI HƯ,tức lấy sụn lành từ nơi không phải chịu lực ghé vào nơi hư
VIVOSDEV09_163_clean,vivos,phowhisper,base,tone_aware_lora,0.05,42,clean,clean,ĐIỀU VÔ CÙNG QUAN TRỌNG TRONG THỜI ĐẠI CÓ QUÁ NHIỀU HOẠT ĐỘNG,điều vô cùng quan trọng trong thời đại có nhiều hoạt động
VIVOSDEV09_163_snr0,vivos,phowhisper,base,tone_aware_lora,0.05,42,0,speech,ĐIỀU VÔ CÙNG QUAN TRỌNG TRONG THỜI ĐẠI CÓ QUÁ NHIỀU HOẠT ĐỘNG,điều vô cùng quan trọng trong thời đại có nhiều hoạt động
VIVOSDEV09_163_snr10,vivos,phowhisper,base,tone_aware_lora,0.05,42,10,noise,ĐIỀU VÔ CÙNG QUAN TRỌNG TRONG THỜI ĐẠI CÓ QUÁ NHIỀU HOẠT ĐỘNG,điều vô cùng quan trọng trong thời đại có nhiều hoạt động
VIVOSDEV09_163_snr20,vivos,phowhisper,base,tone_aware_lora,0.05,42,20,speech,ĐIỀU VÔ CÙNG QUAN TRỌNG TRONG THỜI ĐẠI CÓ QUÁ NHIỀU HOẠT ĐỘNG,điều vô cùng quan trọng trong thời đại có nhiều hoạt động
VIVOSDEV09_163_snr5,vivos,phowhisper,base,tone_aware_lora,0.05,42,5,noise,ĐIỀU VÔ CÙNG QUAN TRỌNG TRONG THỜI ĐẠI CÓ QUÁ NHIỀU HOẠT ĐỘNG,điều vô cùng quan trọng trong thời đại có nhiều hoạt động
VIVOSDEV09_166_clean,vivos,phowhisper,base,tone_aware_lora,0.05,42,clean,clean,THÍ SINH TỰ DO CẦN QUAN TÂM ĐẾN ĐỘ VÊNH KIẾN THỨC CÁC MÔN,thí sinh tự do cần quan tâm đến độ vênh kiến thức các môn
VIVOSDEV09_166_snr0,vivos,phowhisper,base,tone_aware_lora,0.05,42,0,music,THÍ SINH TỰ DO CẦN QUAN TÂM ĐẾN ĐỘ VÊNH KIẾN THỨC CÁC MÔN,tiếc xương tự do trường quan tâm đến độ bênh kiến thức các môn
VIVOSDEV09_166_snr10,vivos,phowhisper,base,tone_aware_lora,0.05,42,10,music,THÍ SINH TỰ DO CẦN QUAN TÂM ĐẾN ĐỘ VÊNH KIẾN THỨC CÁC MÔN,thí sinh tự do cần quan tâm đến độ vênh kiến thức các môn
VIVOSDEV09_166_snr20,vivos,phowhisper,base,tone_aware_lora,0.05,42,20,speech,THÍ SINH TỰ DO CẦN QUAN TÂM ĐẾN ĐỘ VÊNH KIẾN THỨC CÁC MÔN,thí sinh tự do cần quan tâm đến độ vênh kiến thức các môn
VIVOSDEV09_166_snr5,vivos,phowhisper,base,tone_aware_lora,0.05,42,5,speech,THÍ SINH TỰ DO CẦN QUAN TÂM ĐẾN ĐỘ VÊNH KIẾN THỨC CÁC MÔN,thí sinh tự do cần quan tâm đến độ vênh kiến thức các môn
VIVOSDEV09_168_clean,vivos,phowhisper,base,tone_aware_lora,0.05,42,clean,clean,MỖI NGƯỜI CHÚNG TA SẼ CÓ NHỮNG THỨ KHÁC NHAU,mọi người chúng ta sẽ có những thứ khác nhau
VIVOSDEV09_168_snr0,vivos,phowhisper,base,tone_aware_lora,0.05,42,0,noise,MỖI NGƯỜI CHÚNG TA SẼ CÓ NHỮNG THỨ KHÁC NHAU,mọi người chúng ta sẽ có những thứ khác nhau
VIVOSDEV09_168_snr10,vivos,phowhisper,base,tone_aware_lora,0.05,42,10,music,MỖI NGƯỜI CHÚNG TA SẼ CÓ NHỮNG THỨ KHÁC NHAU,mọi người chúng ta sẽ khó những thứ khác nhau
VIVOSDEV09_168_snr20,vivos,phowhisper,base,tone_aware_lora,0.05,42,20,noise,MỖI NGƯỜI CHÚNG TA SẼ CÓ NHỮNG THỨ KHÁC NHAU,vợ người chúng ta sẽ có những thứ khác nhau
VIVOSDEV09_168_snr5,vivos,phowhisper,base,tone_aware_lora,0.05,42,5,noise,MỖI NGƯỜI CHÚNG TA SẼ CÓ NHỮNG THỨ KHÁC NHAU,mọi người chúng ta sẽ có những thứ khác nhau
VIVOSDEV09_178_clean,vivos,phowhisper,base,tone_aware_lora,0.05,42,clean,clean,VÀ THẬM CHÍ BẠN CŨNG KHÔNG NÊN CỐ GẮNG,và thậm chí bạn cũng không nên cố gắng
VIVOSDEV09_178_snr0,vivos,phowhisper,base,tone_aware_lora,0.05,42,0,music,VÀ THẬM CHÍ BẠN CŨNG KHÔNG NÊN CỐ GẮNG,và thậm chí bạn cũng không nên cố gắng
VIVOSDEV09_178_snr10,vivos,phowhisper,base,tone_aware_lora,0.05,42,10,music,VÀ THẬM CHÍ BẠN CŨNG KHÔNG NÊN CỐ GẮNG,và thậm chí bạn cũng không nên cố gắng
VIVOSDEV09_178_snr20,vivos,phowhisper,base,tone_aware_lora,0.05,42,20,noise,VÀ THẬM CHÍ BẠN CŨNG KHÔNG NÊN CỐ GẮNG,và thậm chí bạn cũng không nên cố gắng
VIVOSDEV09_178_snr5,vivos,phowhisper,base,tone_aware_lora,0.05,42,5,music,VÀ THẬM CHÍ BẠN CŨNG KHÔNG NÊN CỐ GẮNG,và thậm chí bạn cũng không nên cố gắng
VIVOSDEV09_194_clean,vivos,phowhisper,base,tone_aware_lora,0.05,42,clean,clean,TRÊN BẦU TRỜI ÁNH TRĂNG SÁNG VẰNG VẶC,trên bầu trời ánh trăng ráng vằn vặt
VIVOSDEV09_194_snr0,vivos,phowhisper,base,tone_aware_lora,0.05,42,0,music,TRÊN BẦU TRỜI ÁNH TRĂNG SÁNG VẰNG VẶC,trên bầu trời ánh trăng sáng phần vặc
VIVOSDEV09_194_snr10,vivos,phowhisper,base,tone_aware_lora,0.05,42,10,noise,TRÊN BẦU TRỜI ÁNH TRĂNG SÁNG VẰNG VẶC,trên bầu trời ánh trăng sáng vằn vặt
VIVOSDEV09_194_snr20,vivos,phowhisper,base,tone_aware_lora,0.05,42,20,music,TRÊN BẦU TRỜI ÁNH TRĂNG SÁNG VẰNG VẶC,trên bầu trời ánh trăng sáng vằn vặt
VIVOSDEV09_194_snr5,vivos,phowhisper,base,tone_aware_lora,0.05,42,5,speech,TRÊN BẦU TRỜI ÁNH TRĂNG SÁNG VẰNG VẶC,trên bầu trời ánh trăng sáng vàng vặc
VIVOSDEV09_198_clean,vivos,phowhisper,base,tone_aware_lora,0.05,42,clean,clean,LÀ TỔ TIÊN CỦA ÔNG ĐẶNG LÊN ĐẢM TRÁCH VIỆC DẪN ĐƯỜNG,là tổ tiên của ông đặng linh đảm trách việc dẫn đường
VIVOSDEV09_198_snr0,vivos,phowhisper,base,tone_aware_lora,0.05,42,0,music,LÀ TỔ TIÊN CỦA ÔNG ĐẶNG LÊN ĐẢM TRÁCH VIỆC DẪN ĐƯỜNG,là tổ tiên của ông nặng lên đảm trách việc giảm đường
VIVOSDEV09_198_snr10,vivos,phowhisper,base,tone_aware_lora,0.05,42,10,noise,LÀ TỔ TIÊN CỦA ÔNG ĐẶNG LÊN ĐẢM TRÁCH VIỆC DẪN ĐƯỜNG,là tổ tiên của ông đặng linh đảm chắc việc dẫn đường
VIVOSDEV09_198_snr20,vivos,phowhisper,base,tone_aware_lora,0.05,42,20,music,LÀ TỔ TIÊN CỦA ÔNG ĐẶNG LÊN ĐẢM TRÁCH VIỆC DẪN ĐƯỜNG,là tổ tiên của ông đặng lên đảm trách việc dẫn đường
VIVOSDEV09_198_snr5,vivos,phowhisper,base,tone_aware_lora,0.05,42,5,music,LÀ TỔ TIÊN CỦA ÔNG ĐẶNG LÊN ĐẢM TRÁCH VIỆC DẪN ĐƯỜNG,là tổ tiên của ông đặng linh đảm trách việc giảm đường
VIVOSDEV09_203_clean,vivos,phowhisper,base,tone_aware_lora,0.05,42,clean,clean,TÁM CHÍN MƯỜI MƯỜI MỘT,tám chín mười mười một
VIVOSDEV09_203_snr0,vivos,phowhisper,base,tone_aware_lora,0.05,42,0,speech,TÁM CHÍN MƯỜI MƯỜI MỘT,tám chín mười mười một
VIVOSDEV09_203_snr10,vivos,phowhisper,base,tone_aware_lora,0.05,42,10,speech,TÁM CHÍN MƯỜI MƯỜI MỘT,tám chín mười mười một
VIVOSDEV09_203_snr20,vivos,phowhisper,base,tone_aware_lora,0.05,42,20,music,TÁM CHÍN MƯỜI MƯỜI MỘT,tám chín mười mười một
VIVOSDEV09_203_snr5,vivos,phowhisper,base,tone_aware_lora,0.05,42,5,noise,TÁM CHÍN MƯỜI MƯỜI MỘT,tám chín mười mười một
VIVOSDEV09_246_clean,vivos,phowhisper,base,tone_aware_lora,0.05,42,clean,clean,CHÍN MƯƠI TÁM CHÍN MƯƠI CHÍN,chín mươi tám chín mươi chín
VIVOSDEV09_246_snr0,vivos,phowhisper,base,tone_aware_lora,0.05,42,0,speech,CHÍN MƯƠI TÁM CHÍN MƯƠI CHÍN,đó là thông tin mùa tinh của thành công
VIVOSDEV09_246_snr10,vivos,phowhisper,base,tone_aware_lora,0.05,42,10,noise,CHÍN MƯƠI TÁM CHÍN MƯƠI CHÍN,chín mươi tám chín mươi chín
VIVOSDEV09_246_snr20,vivos,phowhisper,base,tone_aware_lora,0.05,42,20,music,CHÍN MƯƠI TÁM CHÍN MƯƠI CHÍN,chín mươi tám chín mươi chín
VIVOSDEV09_246_snr5,vivos,phowhisper,base,tone_aware_lora,0.05,42,5,music,CHÍN MƯƠI TÁM CHÍN MƯƠI CHÍN,thứ mười tám chín mười chín
VIVOSDEV09_267_clean,vivos,phowhisper,base,tone_aware_lora,0.05,42,clean,clean,CĂN NHÀ ĐẰNG KIA NGHE NÓI CÓ MA,căn nhà đằng kiên nghe nói cố ma
VIVOSDEV09_267_snr0,vivos,phowhisper,base,tone_aware_lora,0.05,42,0,noise,CĂN NHÀ ĐẰNG KIA NGHE NÓI CÓ MA,trong nhà đằng kia nghe nói khốn ai
VIVOSDEV09_267_snr10,vivos,phowhisper,base,tone_aware_lora,0.05,42,10,music,CĂN NHÀ ĐẰNG KIA NGHE NÓI CÓ MA,căn nhà đằng kia nghe nói cố ma
VIVOSDEV09_267_snr20,vivos,phowhisper,base,tone_aware_lora,0.05,42,20,music,CĂN NHÀ ĐẰNG KIA NGHE NÓI CÓ MA,căn nhà đằng kia nghe nói cố ma
VIVOSDEV09_267_snr5,vivos,phowhisper,base,tone_aware_lora,0.05,42,5,music,CĂN NHÀ ĐẰNG KIA NGHE NÓI CÓ MA,căn nhà đằng kia nghe nói cố ma
VIVOSDEV09_288_clean,vivos,phowhisper,base,tone_aware_lora,0.05,42,clean,clean,CHẮC SẮP TỚI THU XẾP ĐI DU LỊCH THÔI,chắc sắp tới thu xếp đi du lịch thôi
VIVOSDEV09_288_snr0,vivos,phowhisper,base,tone_aware_lora,0.05,42,0,speech,CHẮC SẮP TỚI THU XẾP ĐI DU LỊCH THÔI,chắc sắp tới thu xếp đi du du khuyết
VIVOSDEV09_288_snr10,vivos,phowhisper,base,tone_aware_lora,0.05,42,10,noise,CHẮC SẮP TỚI THU XẾP ĐI DU LỊCH THÔI,chắc sắp tới thu xếp đi dù được dù gặp thôi
VIVOSDEV09_288_snr20,vivos,phowhisper,base,tone_aware_lora,0.05,42,20,noise,CHẮC SẮP TỚI THU XẾP ĐI DU LỊCH THÔI,chắc sắp tới thu xếp đi du lịch thôi
VIVOSDEV09_288_snr5,vivos,phowhisper,base,tone_aware_lora,0.05,42,5,noise,CHẮC SẮP TỚI THU XẾP ĐI DU LỊCH THÔI,chắc sắp tới thu xếp đi du lịch thôi
VIVOSDEV10_010_clean,vivos,phowhisper,base,tone_aware_lora,0.05,42,clean,clean,KHI BỊ CÔNG AN THỘP CỔ KHẨN CẤP,huy bị công an hợp cổ thẩm cấp
VIVOSDEV10_010_snr0,vivos,phowhisper,base,tone_aware_lora,0.05,42,0,noise,KHI BỊ CÔNG AN THỘP CỔ KHẨN CẤP,khi bị công an hợp cổ khẩn cấp
VIVOSDEV10_010_snr10,vivos,phowhisper,base,tone_aware_lora,0.05,42,10,speech,KHI BỊ CÔNG AN THỘP CỔ KHẨN CẤP,thi bị công an hợp cổ khẩn cấp
VIVOSDEV10_010_snr20,vivos,phowhisper,base,tone_aware_lora,0.05,42,20,music,KHI BỊ CÔNG AN THỘP CỔ KHẨN CẤP,huy bị công an hợp cổ khẩn cấp
VIVOSDEV10_010_snr5,vivos,phowhisper,base,tone_aware_lora,0.05,42,5,noise,KHI BỊ CÔNG AN THỘP CỔ KHẨN CẤP,khi bị công an hợp cổ khoảng cấp
VIVOSDEV10_017_clean,vivos,phowhisper,base,tone_aware_lora,0.05,42,clean,clean,NGA KHI ẤY CÀNG THÌN NẾT NA,nga huy ấy càng nhìn nó ta
VIVOSDEV10_017_snr0,vivos,phowhisper,base,tone_aware_lora,0.05,42,0,noise,NGA KHI ẤY CÀNG THÌN NẾT NA,nga hi ấy càng nhìn lớp nga
VIVOSDEV10_017_snr10,vivos,phowhisper,base,tone_aware_lora,0.05,42,10,music,NGA KHI ẤY CÀNG THÌN NẾT NA,nghe thi ấy càng nhìn nó ta
VIVOSDEV10_017_snr20,vivos,phowhisper,base,tone_aware_lora,0.05,42,20,noise,NGA KHI ẤY CÀNG THÌN NẾT NA,nga huy ấy càng nhìn nó nga
VIVOSDEV10_017_snr5,vivos,phowhisper,base,tone_aware_lora,0.05,42,5,music,NGA KHI ẤY CÀNG THÌN NẾT NA,nga huy ấy càng nhìn nót nga
VIVOSDEV10_020_clean,vivos,phowhisper,base,tone_aware_lora,0.05,42,clean,clean,VIỆC ÁP DỤNG CẢ BÀN VÁ LỖI VÀ CÔNG CỤ QUÉT,việc áp dụng cả bàn quá giỏi và không cựu quét
VIVOSDEV10_020_snr0,vivos,phowhisper,base,tone_aware_lora,0.05,42,0,noise,VIỆC ÁP DỤNG CẢ BÀN VÁ LỖI VÀ CÔNG CỤ QUÉT,việc áp dụng cả bàn quá gỏi và tôn trụ quá
VIVOSDEV10_020_snr10,vivos,phowhisper,base,tone_aware_lora,0.05,42,10,noise,VIỆC ÁP DỤNG CẢ BÀN VÁ LỖI VÀ CÔNG CỤ QUÉT,việc áp dụng cả bàn vá lõi và công cụ quét
VIVOSDEV10_020_snr20,vivos,phowhisper,base,tone_aware_lora,0.05,42,20,music,VIỆC ÁP DỤNG CẢ BÀN VÁ LỖI VÀ CÔNG CỤ QUÉT,việc áp dụng cả bàn vá lõi và công cụ quét
VIVOSDEV10_020_snr5,vivos,phowhisper,base,tone_aware_lora,0.05,42,5,speech,VIỆC ÁP DỤNG CẢ BÀN VÁ LỖI VÀ CÔNG CỤ QUÉT,việc áp dụng cả bàn phá loại và công cụ quán
VIVOSDEV10_024_clean,vivos,phowhisper,base,tone_aware_lora,0.05,42,clean,clean,NGOÀI TRỜI MƯA CỨ LAY PHAY RẮC HẠT,ngoài trời mưa tứ đai phai gắt hạt
VIVOSDEV10_024_snr0,vivos,phowhisper,base,tone_aware_lora,0.05,42,0,noise,NGOÀI TRỜI MƯA CỨ LAY PHAY RẮC HẠT,ngoài trời mưa tứ đai phây rát hạt
VIVOSDEV10_024_snr10,vivos,phowhisper,base,tone_aware_lora,0.05,42,10,speech,NGOÀI TRỜI MƯA CỨ LAY PHAY RẮC HẠT,ngoài trời mưa tứ đai phai rát hẹ
VIVOSDEV10_024_snr20,vivos,phowhisper,base,tone_aware_lora,0.05,42,20,music,NGOÀI TRỜI MƯA CỨ LAY PHAY RẮC HẠT,ngoài trời mưa tứ đai phai gắt hạt
VIVOSDEV10_024_snr5,vivos,phowhisper,base,tone_aware_lora,0.05,42,5,noise,NGOÀI TRỜI MƯA CỨ LAY PHAY RẮC HẠT,ngoài trời mưa tứ đây phây gắt hạt
VIVOSDEV10_035_clean,vivos,phowhisper,base,tone_aware_lora,0.05,42,clean,clean,CÓ THỂ GIÚP TA QUÊN ĐI NHỮNG NỖI ƯU PHIỀN,có thể giúp ca quên đi những ngói u phèn
VIVOSDEV10_035_snr0,vivos,phowhisper,base,tone_aware_lora,0.05,42,0,noise,CÓ THỂ GIÚP TA QUÊN ĐI NHỮNG NỖI ƯU PHIỀN,có thể giúp ca quên đi những nhỏ u phèn
VIVOSDEV10_035_snr10,vivos,phowhisper,base,tone_aware_lora,0.05,42,10,music,CÓ THỂ GIÚP TA QUÊN ĐI NHỮNG NỖI ƯU PHIỀN,có thể giúp ca quên đi những nỗi u phiền
VIVOSDEV10_035_snr20,vivos,phowhisper,base,tone_aware_lora,0.05,42,20,noise,CÓ THỂ GIÚP TA QUÊN ĐI NHỮNG NỖI ƯU PHIỀN,có thể giúp ca quên đi những ngói u phèn
VIVOSDEV10_035_snr5,vivos,phowhisper,base,tone_aware_lora,0.05,42,5,noise,CÓ THỂ GIÚP TA QUÊN ĐI NHỮNG NỖI ƯU PHIỀN,có thể giúp ta quên đi những nỗi u phiền
VIVOSDEV10_043_clean,vivos,phowhisper,base,tone_aware_lora,0.05,42,clean,clean,MÀ DUNG DĂNG NHÉ CẦM TAY ĐẤT TRỜI,mà dung danh nhé cầm ca đất trời
VIVOSDEV10_043_snr0,vivos,phowhisper,base,tone_aware_lora,0.05,42,0,speech,MÀ DUNG DĂNG NHÉ CẦM TAY ĐẤT TRỜI,mà dung danh nhé cầm tay đất trời
VIVOSDEV10_043_snr10,vivos,phowhisper,base,tone_aware_lora,0.05,42,10,speech,MÀ DUNG DĂNG NHÉ CẦM TAY ĐẤT TRỜI,mà dung danh nhé cầm ca đất trời
VIVOSDEV10_043_snr20,vivos,phowhisper,base,tone_aware_lora,0.05,42,20,music,MÀ DUNG DĂNG NHÉ CẦM TAY ĐẤT TRỜI,mà dung danh nhé cầm ca đất trời
VIVOSDEV10_043_snr5,vivos,phowhisper,base,tone_aware_lora,0.05,42,5,speech,MÀ DUNG DĂNG NHÉ CẦM TAY ĐẤT TRỜI,mà dung danh nhé cầm trai đất trời
VIVOSDEV10_045_clean,vivos,phowhisper,base,tone_aware_lora,0.05,42,clean,clean,TÔI LỚN LÊN TRONG SỰ GHẺ LẠNH CỦA NGƯỜI MẸ KẾ,cô lớn lên trong sự gẻ lạnh của người mẹ kế
VIVOSDEV10_045_snr0,vivos,phowhisper,base,tone_aware_lora,0.05,42,0,speech,TÔI LỚN LÊN TRONG SỰ GHẺ LẠNH CỦA NGƯỜI MẸ KẾ,tôi lớn lên trông sợ gẻ ảnh của người mẹ kể
VIVOSDEV10_045_snr10,vivos,phowhisper,base,tone_aware_lora,0.05,42,10,speech,TÔI LỚN LÊN TRONG SỰ GHẺ LẠNH CỦA NGƯỜI MẸ KẾ,cui đốm lên trong sự rẽ lạnh của người mẹ kế
VIVOSDEV10_045_snr20,vivos,phowhisper,base,tone_aware_lora,0.05,42,20,music,TÔI LỚN LÊN TRONG SỰ GHẺ LẠNH CỦA NGƯỜI MẸ KẾ,cô lớn lên trong sự gẻ lạnh của người mẹ kế
VIVOSDEV10_045_snr5,vivos,phowhisper,base,tone_aware_lora,0.05,42,5,music,TÔI LỚN LÊN TRONG SỰ GHẺ LẠNH CỦA NGƯỜI MẸ KẾ,cô lớn lên trong sự kẻ lạnh của người mẹ kế
VIVOSDEV10_067_clean,vivos,phowhisper,base,tone_aware_lora,0.05,42,clean,clean,THẾ NHƯNG TÔI KHÔNG ÂN HẬN KHI TRỞ THÀNH ĐẢ NỮ,thế nhưng cùi hông ận hận khi trở thành đã ngữ
VIVOSDEV10_067_snr0,vivos,phowhisper,base,tone_aware_lora,0.05,42,0,noise,THẾ NHƯNG TÔI KHÔNG ÂN HẬN KHI TRỞ THÀNH ĐẢ NỮ,thế nhưng cùi hông ân hận thì chở hạnh đã ngữ
VIVOSDEV10_067_snr10,vivos,phowhisper,base,tone_aware_lora,0.05,42,10,noise,THẾ NHƯNG TÔI KHÔNG ÂN HẬN KHI TRỞ THÀNH ĐẢ NỮ,thế nhưng cùi hông ẩn thận thì chở hạnh đã ngử
VIVOSDEV10_067_snr20,vivos,phowhisper,base,tone_aware_lora,0.05,42,20,noise,THẾ NHƯNG TÔI KHÔNG ÂN HẬN KHI TRỞ THÀNH ĐẢ NỮ,thế nhưng cùi hông ảnh hận khi trở thành đã ngữ
VIVOSDEV10_067_snr5,vivos,phowhisper,base,tone_aware_lora,0.05,42,5,music,THẾ NHƯNG TÔI KHÔNG ÂN HẬN KHI TRỞ THÀNH ĐẢ NỮ,thế nhưng tôi không ân hận khi trở thành đã ngữ
VIVOSDEV10_068_clean,vivos,phowhisper,base,tone_aware_lora,0.05,42,clean,clean,VỚI MỘT TỐC ĐỘ MÀ CHÚNG TA KHÔNG THỂ ĐI ĐẾN TẬN CÙNG CỦA NÓ,với một cốc độ mà chúng ta không mẻ ly đến cận cùng của nó
VIVOSDEV10_068_snr0,vivos,phowhisper,base,tone_aware_lora,0.05,42,0,noise,VỚI MỘT TỐC ĐỘ MÀ CHÚNG TA KHÔNG THỂ ĐI ĐẾN TẬN CÙNG CỦA NÓ,với một cốc độ mà chúng ta hông máy đi đến cần cùn cứng nó
VIVOSDEV10_068_snr10,vivos,phowhisper,base,tone_aware_lora,0.05,42,10,noise,VỚI MỘT TỐC ĐỘ MÀ CHÚNG TA KHÔNG THỂ ĐI ĐẾN TẬN CÙNG CỦA NÓ,với một cốc độ mà chúng ta không để đi đến cận cùng của nó
VIVOSDEV10_068_snr20,vivos,phowhisper,base,tone_aware_lora,0.05,42,20,music,VỚI MỘT TỐC ĐỘ MÀ CHÚNG TA KHÔNG THỂ ĐI ĐẾN TẬN CÙNG CỦA NÓ,với một cốc độ mà chúng ta không hề đi đến cận cùng của nó
VIVOSDEV10_068_snr5,vivos,phowhisper,base,tone_aware_lora,0.05,42,5,music,VỚI MỘT TỐC ĐỘ MÀ CHÚNG TA KHÔNG THỂ ĐI ĐẾN TẬN CÙNG CỦA NÓ,với một cốc độ mà chúng ta không thể đi đến tận cùng của nó
VIVOSDEV10_072_clean,vivos,phowhisper,base,tone_aware_lora,0.05,42,clean,clean,TÔI THẤY ĐỒNG LƯƠNG CỦA MÌNH NĂM NĂM RỒI VẪN ĐỨNG NGUYÊN,cùi thấy động đương của mình ngâm ngâm rồi vẫn ứng nguyên
VIVOSDEV10_072_snr0,vivos,phowhisper,base,tone_aware_lora,0.05,42,0,noise,TÔI THẤY ĐỒNG LƯƠNG CỦA MÌNH NĂM NĂM RỒI VẪN ĐỨNG NGUYÊN,tôi thấy rộng đương của mình nên anh rồi vẫn lắng ngủ ngủ nguyên
VIVOSDEV10_072_snr10,vivos,phowhisper,base,tone_aware_lora,0.05,42,10,speech,TÔI THẤY ĐỒNG LƯƠNG CỦA MÌNH NĂM NĂM RỒI VẪN ĐỨNG NGUYÊN,cụ thấy động đương của mình năm năm rồi vẫn ứng nguyên
VIVOSDEV10_072_snr20,vivos,phowhisper,base,tone_aware_lora,0.05,42,20,speech,TÔI THẤY ĐỒNG LƯƠNG CỦA MÌNH NĂM NĂM RỒI VẪN ĐỨNG NGUYÊN,cô thấy động đương của mình ngâm ngâm rồi vẫn hứng nguyên
VIVOSDEV10_072_snr5,vivos,phowhisper,base,tone_aware_lora,0.05,42,5,noise,TÔI THẤY ĐỒNG LƯƠNG CỦA MÌNH NĂM NĂM RỒI VẪN ĐỨNG NGUYÊN,cô thấy động đương của mình ngâm ngâm rồi vẫn ứng ứng nguyên
VIVOSDEV10_073_clean,vivos,phowhisper,base,tone_aware_lora,0.05,42,clean,clean,ĐỂ CHẤM DỨT NẠN BẠO HÀNH TRONG GIA ĐÌNH,để cấm dứt ngạn bạo hành công gia đình
VIVOSDEV10_073_snr0,vivos,phowhisper,base,tone_aware_lora,0.05,42,0,noise,ĐỂ CHẤM DỨT NẠN BẠO HÀNH TRONG GIA ĐÌNH,để cấm dứt ngạn bạo hành trong gia đình
VIVOSDEV10_073_snr10,vivos,phowhisper,base,tone_aware_lora,0.05,42,10,music,ĐỂ CHẤM DỨT NẠN BẠO HÀNH TRONG GIA ĐÌNH,để cấm dứt ngạn bảo hành công gia đình
VIVOSDEV10_073_snr20,vivos,phowhisper,base,tone_aware_lora,0.05,42,20,noise,ĐỂ CHẤM DỨT NẠN BẠO HÀNH TRONG GIA ĐÌNH,để cấm giấc ngạn bạo hành trong gia đình
VIVOSDEV10_073_snr5,vivos,phowhisper,base,tone_aware_lora,0.05,42,5,music,ĐỂ CHẤM DỨT NẠN BẠO HÀNH TRONG GIA ĐÌNH,để cấm giấc ngạn bạo hành công gia đình
VIVOSDEV10_076_clean,vivos,phowhisper,base,tone_aware_lora,0.05,42,clean,clean,LÀM ĐƯỜNG SÁ NGẬP XẮP XẮP QUANH NĂM SUỐT THÁNG,đàm đường xá ngập sắp xắp quanh năm suốt tháng
VIVOSDEV10_076_snr0,vivos,phowhisper,base,tone_aware_lora,0.05,42,0,noise,LÀM ĐƯỜNG SÁ NGẬP XẮP XẮP QUANH NĂM SUỐT THÁNG,đàm đường xá ngập sắp xắp quanh năm suốt tháng
VIVOSDEV10_076_snr10,vivos,phowhisper,base,tone_aware_lora,0.05,42,10,music,LÀM ĐƯỜNG SÁ NGẬP XẮP XẮP QUANH NĂM SUỐT THÁNG,đàm đường xá ngập sắp xắp quanh năm suốt tháng
VIVOSDEV10_076_snr20,vivos,phowhisper,base,tone_aware_lora,0.05,42,20,speech,LÀM ĐƯỜNG SÁ NGẬP XẮP XẮP QUANH NĂM SUỐT THÁNG,đàm đường xá ngập sắp sắp quanh năm suốt tháng
VIVOSDEV10_076_snr5,vivos,phowhisper,base,tone_aware_lora,0.05,42,5,speech,LÀM ĐƯỜNG SÁ NGẬP XẮP XẮP QUANH NĂM SUỐT THÁNG,làm đường xá ngập sắp xắp xắp xin quanh ngâm xuống tháng
VIVOSDEV10_117_clean,vivos,phowhisper,base,tone_aware_lora,0.05,42,clean,clean,CÁI KHÓ LÀ,cái khó nhả
VIVOSDEV10_117_snr0,vivos,phowhisper,base,tone_aware_lora,0.05,42,0,speech,CÁI KHÓ LÀ,cái khó hẹn hò hẹn
VIVOSDEV10_117_snr10,vivos,phowhisper,base,tone_aware_lora,0.05,42,10,noise,CÁI KHÓ LÀ,cái khó vậy ạ
VIVOSDEV10_117_snr20,vivos,phowhisper,base,tone_aware_lora,0.05,42,20,noise,CÁI KHÓ LÀ,cái khó nhả
VIVOSDEV10_117_snr5,vivos,phowhisper,base,tone_aware_lora,0.05,42,5,music,CÁI KHÓ LÀ,cái khó nhả
VIVOSDEV10_140_clean,vivos,phowhisper,base,tone_aware_lora,0.05,42,clean,clean,CHÀNG TRAI LỒM CỒM BÒ DẬY MẶT MÀY XANH LÉT NHƯ TÀU LÁ CHUỐI,chàng trai đờm còm bò dậy mạch mày xanh đét như cào áo chuối
VIVOSDEV10_140_snr0,vivos,phowhisper,base,tone_aware_lora,0.05,42,0,noise,CHÀNG TRAI LỒM CỒM BÒ DẬY MẶT MÀY XANH LÉT NHƯ TÀU LÁ CHUỐI,chàng trai đợm còm bồi dậy mảnh mày xanh bé như cào gác chuối
VIVOSDEV10_140_snr10,vivos,phowhisper,base,tone_aware_lora,0.05,42,10,speech,CHÀNG TRAI LỒM CỒM BÒ DẬY MẶT MÀY XANH LÉT NHƯ TÀU LÁ CHUỐI,chàng trai đợm còm bồi dỉ mặt mày xanh đét như cào ếch chú
VIVOSDEV10_140_snr20,vivos,phowhisper,base,tone_aware_lora,0.05,42,20,noise,CHÀNG TRAI LỒM CỒM BÒ DẬY MẶT MÀY XANH LÉT NHƯ TÀU LÁ CHUỐI,chàng trai đợm còm bò dậy mạch mày xanh đét như cào trái chuối
VIVOSDEV10_140_snr5,vivos,phowhisper,base,tone_aware_lora,0.05,42,5,noise,CHÀNG TRAI LỒM CỒM BÒ DẬY MẶT MÀY XANH LÉT NHƯ TÀU LÁ CHUỐI,chàng trai đợp còm bồi dậy mạch mạch xanh đét như cào áo chuối
VIVOSDEV10_162_clean,vivos,phowhisper,base,tone_aware_lora,0.05,42,clean,clean,CŨNG LÀ TIN VUI CHO TẤT CẢ NHỮNG AI,cũng là kinh vui cho tất cả những ai
VIVOSDEV10_162_snr0,vivos,phowhisper,base,tone_aware_lora,0.05,42,0,music,CŨNG LÀ TIN VUI CHO TẤT CẢ NHỮNG AI,cũng là tin vui cho tất cả những ai
VIVOSDEV10_162_snr10,vivos,phowhisper,base,tone_aware_lora,0.05,42,10,noise,CŨNG LÀ TIN VUI CHO TẤT CẢ NHỮNG AI,cũng là kinh vui cho tất cả những ai
VIVOSDEV10_162_snr20,vivos,phowhisper,base,tone_aware_lora,0.05,42,20,speech,CŨNG LÀ TIN VUI CHO TẤT CẢ NHỮNG AI,cũng là kinh vui cho tất cả những ai
VIVOSDEV10_162_snr5,vivos,phowhisper,base,tone_aware_lora,0.05,42,5,speech,CŨNG LÀ TIN VUI CHO TẤT CẢ NHỮNG AI,cũng là kinh vui cho tất cả những ai
VIVOSDEV10_172_clean,vivos,phowhisper,base,tone_aware_lora,0.05,42,clean,clean,HƯỢM ĐÃ CÒN PHẢI ĐIỀU CHỈNH,hợm đã còn phải điều chỉnh
VIVOSDEV10_172_snr0,vivos,phowhisper,base,tone_aware_lora,0.05,42,0,speech,HƯỢM ĐÃ CÒN PHẢI ĐIỀU CHỈNH,hôm nửa còn phải đều nhắn
VIVOSDEV10_172_snr10,vivos,phowhisper,base,tone_aware_lora,0.05,42,10,noise,HƯỢM ĐÃ CÒN PHẢI ĐIỀU CHỈNH,thượng đã còn phải điều chỉnh
VIVOSDEV10_172_snr20,vivos,phowhisper,base,tone_aware_lora,0.05,42,20,music,HƯỢM ĐÃ CÒN PHẢI ĐIỀU CHỈNH,hợm đã còn phải điều chỉnh
VIVOSDEV10_172_snr5,vivos,phowhisper,base,tone_aware_lora,0.05,42,5,speech,HƯỢM ĐÃ CÒN PHẢI ĐIỀU CHỈNH,thượng đã còn phải điều chỉnh
VIVOSDEV10_176_clean,vivos,phowhisper,base,tone_aware_lora,0.05,42,clean,clean,TRONG TÌNH THẾ ẤY CHỈ ĐÁM TRẺ VEN SÔNG,trong cần thế ấy chỉ đám trẻ ven sông
VIVOSDEV10_176_snr0,vivos,phowhisper,base,tone_aware_lora,0.05,42,0,noise,TRONG TÌNH THẾ ẤY CHỈ ĐÁM TRẺ VEN SÔNG,trong tình thế ấy chỉ đám trẻ ven sông
VIVOSDEV10_176_snr10,vivos,phowhisper,base,tone_aware_lora,0.05,42,10,noise,TRONG TÌNH THẾ ẤY CHỈ ĐÁM TRẺ VEN SÔNG,trong tình thế ấy chỉ gắn trẻ ven sông
VIVOSDEV10_176_snr20,vivos,phowhisper,base,tone_aware_lora,0.05,42,20,music,TRONG TÌNH THẾ ẤY CHỈ ĐÁM TRẺ VEN SÔNG,trong tình thế ấy chỉ đám trẻ ven sông
VIVOSDEV10_176_snr5,vivos,phowhisper,base,tone_aware_lora,0.05,42,5,music,TRONG TÌNH THẾ ẤY CHỈ ĐÁM TRẺ VEN SÔNG,trong tình thế ấy chỉ đăm trẻ ven sông
VIVOSDEV10_189_clean,vivos,phowhisper,base,tone_aware_lora,0.05,42,clean,clean,NẾU ĐI TIẾP NHA TRANG,nếu uy tế phía nha trang
VIVOSDEV10_189_snr0,vivos,phowhisper,base,tone_aware_lora,0.05,42,0,speech,NẾU ĐI TIẾP NHA TRANG,nếu bị tết nghe nghe
VIVOSDEV10_189_snr10,vivos,phowhisper,base,tone_aware_lora,0.05,42,10,speech,NẾU ĐI TIẾP NHA TRANG,nếu huy tiếp nhà trang
VIVOSDEV10_189_snr20,vivos,phowhisper,base,tone_aware_lora,0.05,42,20,music,NẾU ĐI TIẾP NHA TRANG,nếu uy tế phía nha trang
VIVOSDEV10_189_snr5,vivos,phowhisper,base,tone_aware_lora,0.05,42,5,noise,NẾU ĐI TIẾP NHA TRANG,nếu huy tiếp nhà trang
VIVOSDEV10_194_clean,vivos,phowhisper,base,tone_aware_lora,0.05,42,clean,clean,TỨC CHANH CÓ THỂ TRỊ ĐƯỢC BỆNH,tức tăng có thể kỵ độ bệnh
VIVOSDEV10_194_snr0,vivos,phowhisper,base,tone_aware_lora,0.05,42,0,speech,TỨC CHANH CÓ THỂ TRỊ ĐƯỢC BỆNH,tức trăn có thể trị được bệnh
VIVOSDEV10_194_snr10,vivos,phowhisper,base,tone_aware_lora,0.05,42,10,noise,TỨC CHANH CÓ THỂ TRỊ ĐƯỢC BỆNH,cất chanh có thể trị được bệnh
VIVOSDEV10_194_snr20,vivos,phowhisper,base,tone_aware_lora,0.05,42,20,noise,TỨC CHANH CÓ THỂ TRỊ ĐƯỢC BỆNH,tức tăng có thể kỵ độ bệnh
VIVOSDEV10_194_snr5,vivos,phowhisper,base,tone_aware_lora,0.05,42,5,music,TỨC CHANH CÓ THỂ TRỊ ĐƯỢC BỆNH,cất trăn có thể kỳ được bệnh
VIVOSDEV10_211_clean,vivos,phowhisper,base,tone_aware_lora,0.05,42,clean,clean,HAI MƯƠI TÁM HAI MƯƠI CHÍN,hai mươi tám hai mươi chín
VIVOSDEV10_211_snr0,vivos,phowhisper,base,tone_aware_lora,0.05,42,0,speech,HAI MƯƠI TÁM HAI MƯƠI CHÍN,hai mươi tám hai mươi chín
VIVOSDEV10_211_snr10,vivos,phowhisper,base,tone_aware_lora,0.05,42,10,speech,HAI MƯƠI TÁM HAI MƯƠI CHÍN,hai mươi tám hai mươi chín
VIVOSDEV10_211_snr20,vivos,phowhisper,base,tone_aware_lora,0.05,42,20,noise,HAI MƯƠI TÁM HAI MƯƠI CHÍN,hai mươi tám hai mươi chín
VIVOSDEV10_211_snr5,vivos,phowhisper,base,tone_aware_lora,0.05,42,5,speech,HAI MƯƠI TÁM HAI MƯƠI CHÍN,hai mươi tám hai mươi chín
VIVOSDEV10_212_clean,vivos,phowhisper,base,tone_aware_lora,0.05,42,clean,clean,BA MƯƠI BA MƯƠI MỐT,ba mươi ba mươi mốt
VIVOSDEV10_212_snr0,vivos,phowhisper,base,tone_aware_lora,0.05,42,0,noise,BA MƯƠI BA MƯƠI MỐT,ba mươi ba mươi mốt
VIVOSDEV10_212_snr10,vivos,phowhisper,base,tone_aware_lora,0.05,42,10,speech,BA MƯƠI BA MƯƠI MỐT,ba mươi ba mươi mốt
VIVOSDEV10_212_snr20,vivos,phowhisper,base,tone_aware_lora,0.05,42,20,music,BA MƯƠI BA MƯƠI MỐT,ba mươi ba mươi mốt
VIVOSDEV10_212_snr5,vivos,phowhisper,base,tone_aware_lora,0.05,42,5,music,BA MƯƠI BA MƯƠI MỐT,ba mươi ba mươi mốt
VIVOSDEV10_227_clean,vivos,phowhisper,base,tone_aware_lora,0.05,42,clean,clean,SÁU MƯƠI SÁU MƯƠI MỐT,sáu mươi sáu mươi mốt
VIVOSDEV10_227_snr0,vivos,phowhisper,base,tone_aware_lora,0.05,42,0,noise,SÁU MƯƠI SÁU MƯƠI MỐT,sáu mươi sáu mươi mốt
VIVOSDEV10_227_snr10,vivos,phowhisper,base,tone_aware_lora,0.05,42,10,music,SÁU MƯƠI SÁU MƯƠI MỐT,sáu mươi sáu mươi mốt
VIVOSDEV10_227_snr20,vivos,phowhisper,base,tone_aware_lora,0.05,42,20,speech,SÁU MƯƠI SÁU MƯƠI MỐT,sáu mươi sáu mươi mốt
VIVOSDEV10_227_snr5,vivos,phowhisper,base,tone_aware_lora,0.05,42,5,music,SÁU MƯƠI SÁU MƯƠI MỐT,sáu mươi sáu mươi mốt
VIVOSDEV10_234_clean,vivos,phowhisper,base,tone_aware_lora,0.05,42,clean,clean,BẢY MƯƠI BỐN BẢY MƯƠI LĂM,bảy mươi bốn bảy mươi lăm
VIVOSDEV10_234_snr0,vivos,phowhisper,base,tone_aware_lora,0.05,42,0,noise,BẢY MƯƠI BỐN BẢY MƯƠI LĂM,bảy mươi bốn bảy mươi lăm
VIVOSDEV10_234_snr10,vivos,phowhisper,base,tone_aware_lora,0.05,42,10,speech,BẢY MƯƠI BỐN BẢY MƯƠI LĂM,bảy mươi bốn bảy mươi lăm
VIVOSDEV10_234_snr20,vivos,phowhisper,base,tone_aware_lora,0.05,42,20,noise,BẢY MƯƠI BỐN BẢY MƯƠI LĂM,bảy mươi bốn bảy mươi lăm
VIVOSDEV10_234_snr5,vivos,phowhisper,base,tone_aware_lora,0.05,42,5,noise,BẢY MƯƠI BỐN BẢY MƯƠI LĂM,bảy mươi bốn bảy mươi lăm
VIVOSDEV10_247_clean,vivos,phowhisper,base,tone_aware_lora,0.05,42,clean,clean,MỘT TRĂM MỘT HAI BA,một trăm một hai ba
VIVOSDEV10_247_snr0,vivos,phowhisper,base,tone_aware_lora,0.05,42,0,speech,MỘT TRĂM MỘT HAI BA,một chấm một hai ba
VIVOSDEV10_247_snr10,vivos,phowhisper,base,tone_aware_lora,0.05,42,10,noise,MỘT TRĂM MỘT HAI BA,một trăm mỏm hai ba
VIVOSDEV10_247_snr20,vivos,phowhisper,base,tone_aware_lora,0.05,42,20,noise,MỘT TRĂM MỘT HAI BA,một trăm một hai ba
VIVOSDEV10_247_snr5,vivos,phowhisper,base,tone_aware_lora,0.05,42,5,noise,MỘT TRĂM MỘT HAI BA,một trăm một hai ba
VIVOSDEV10_249_clean,vivos,phowhisper,base,tone_aware_lora,0.05,42,clean,clean,KHÔNG HAI BỐN SÁU TÁM,hồng hai bốn sáu tám
VIVOSDEV10_249_snr0,vivos,phowhisper,base,tone_aware_lora,0.05,42,0,noise,KHÔNG HAI BỐN SÁU TÁM,hồng hai bốn sáu tám
VIVOSDEV10_249_snr10,vivos,phowhisper,base,tone_aware_lora,0.05,42,10,speech,KHÔNG HAI BỐN SÁU TÁM,hồng hai bốn sáu tám
VIVOSDEV10_249_snr20,vivos,phowhisper,base,tone_aware_lora,0.05,42,20,music,KHÔNG HAI BỐN SÁU TÁM,hồng hai bốn sáu tám
VIVOSDEV10_249_snr5,vivos,phowhisper,base,tone_aware_lora,0.05,42,5,music,KHÔNG HAI BỐN SÁU TÁM,không hai bốn sáu tám
VIVOSDEV10_278_clean,vivos,phowhisper,base,tone_aware_lora,0.05,42,clean,clean,TỘI NGHIỆP ĐỨA NHỎ KHÔNG AI CHĂM SÓC,cội nghiệp đứng nhỏ không ai chăm sóc
VIVOSDEV10_278_snr0,vivos,phowhisper,base,tone_aware_lora,0.05,42,0,music,TỘI NGHIỆP ĐỨA NHỎ KHÔNG AI CHĂM SÓC,coi nghệp hướng nhỏ không ai chăm sóc
VIVOSDEV10_278_snr10,vivos,phowhisper,base,tone_aware_lora,0.05,42,10,noise,TỘI NGHIỆP ĐỨA NHỎ KHÔNG AI CHĂM SÓC,cọi nghiệp đứng nhỏ không ai chăm sóc
VIVOSDEV10_278_snr20,vivos,phowhisper,base,tone_aware_lora,0.05,42,20,music,TỘI NGHIỆP ĐỨA NHỎ KHÔNG AI CHĂM SÓC,cội nghiệp đứng nhỏ không ai chăm sóc
VIVOSDEV10_278_snr5,vivos,phowhisper,base,tone_aware_lora,0.05,42,5,music,TỘI NGHIỆP ĐỨA NHỎ KHÔNG AI CHĂM SÓC,cội nghiệp đứng nhỏ không ai chăm sóc
VIVOSDEV11_022_clean,vivos,phowhisper,base,tone_aware_lora,0.05,42,clean,clean,SẼ LÀM GIẢM TÌNH TRẠNG ÓI ỌC CỦA TRẺ,sẽ làm tình trạng ối ọc của trẻ
VIVOSDEV11_022_snr0,vivos,phowhisper,base,tone_aware_lora,0.05,42,0,speech,SẼ LÀM GIẢM TÌNH TRẠNG ÓI ỌC CỦA TRẺ,sẽ làm tình trạng ối ọc của trẻ
VIVOSDEV11_022_snr10,vivos,phowhisper,base,tone_aware_lora,0.05,42,10,noise,SẼ LÀM GIẢM TÌNH TRẠNG ÓI ỌC CỦA TRẺ,sẽ làm tình trạng ói óc của trẻ
VIVOSDEV11_022_snr20,vivos,phowhisper,base,tone_aware_lora,0.05,42,20,music,SẼ LÀM GIẢM TÌNH TRẠNG ÓI ỌC CỦA TRẺ,sẽ làm tình trạng ói óc của trẻ
VIVOSDEV11_022_snr5,vivos,phowhisper,base,tone_aware_lora,0.05,42,5,noise,SẼ LÀM GIẢM TÌNH TRẠNG ÓI ỌC CỦA TRẺ,sẽ làm tình trạng ối ọc của trẻ
VIVOSDEV11_046_clean,vivos,phowhisper,base,tone_aware_lora,0.05,42,clean,clean,ĐỪNG BAO GIỜ ĐỂ CHO BẤT KỲ AI NÓI VỚI BẠN RẰNG,đừng bao giờ để cho bất kỳ ai nói với bạn rằng
VIVOSDEV11_046_snr0,vivos,phowhisper,base,tone_aware_lora,0.05,42,0,noise,ĐỪNG BAO GIỜ ĐỂ CHO BẤT KỲ AI NÓI VỚI BẠN RẰNG,đừng bao giờ để cho bất kỳ ai nói với bạn rằng
VIVOSDEV11_046_snr10,vivos,phowhisper,base,tone_aware_lora,0.05,42,10,music,ĐỪNG BAO GIỜ ĐỂ CHO BẤT KỲ AI NÓI VỚI BẠN RẰNG,đừng bao giờ để cho bất kỳ ai nói với bạn rằng
VIVOSDEV11_046_snr20,vivos,phowhisper,base,tone_aware_lora,0.05,42,20,noise,ĐỪNG BAO GIỜ ĐỂ CHO BẤT KỲ AI NÓI VỚI BẠN RẰNG,đừng bao giờ để cho bất kỳ ai nói với bạn rằng
VIVOSDEV11_046_snr5,vivos,phowhisper,base,tone_aware_lora,0.05,42,5,noise,ĐỪNG BAO GIỜ ĐỂ CHO BẤT KỲ AI NÓI VỚI BẠN RẰNG,đừng bao giờ để cho bất kỳ ai nói với bạn rằng
VIVOSDEV11_057_clean,vivos,phowhisper,base,tone_aware_lora,0.05,42,clean,clean,NẾU VÌ CHÚNG TÔI,nếu vì chúng tôi
VIVOSDEV11_057_snr0,vivos,phowhisper,base,tone_aware_lora,0.05,42,0,music,NẾU VÌ CHÚNG TÔI,nếu vì chúng tôi
VIVOSDEV11_057_snr10,vivos,phowhisper,base,tone_aware_lora,0.05,42,10,music,NẾU VÌ CHÚNG TÔI,nếu vì chúng tôi
VIVOSDEV11_057_snr20,vivos,phowhisper,base,tone_aware_lora,0.05,42,20,noise,NẾU VÌ CHÚNG TÔI,nếu vì chúng tôi
VIVOSDEV11_057_snr5,vivos,phowhisper,base,tone_aware_lora,0.05,42,5,music,NẾU VÌ CHÚNG TÔI,nếu vì chúng tôi
VIVOSDEV11_063_clean,vivos,phowhisper,base,tone_aware_lora,0.05,42,clean,clean,NẾU BẠN VẪN CẢM THẤY TỘI LỖI,nếu bạn vẫn cảm thấy tội lỗi
VIVOSDEV11_063_snr0,vivos,phowhisper,base,tone_aware_lora,0.05,42,0,music,NẾU BẠN VẪN CẢM THẤY TỘI LỖI,nếu bạn vẫn cảm thấy tội lỗi
VIVOSDEV11_063_snr10,vivos,phowhisper,base,tone_aware_lora,0.05,42,10,speech,NẾU BẠN VẪN CẢM THẤY TỘI LỖI,nếu bạn vẫn cảm thấy tội lỗi
VIVOSDEV11_063_snr20,vivos,phowhisper,base,tone_aware_lora,0.05,42,20,noise,NẾU BẠN VẪN CẢM THẤY TỘI LỖI,nếu bạn vẫn cảm thấy tội lỗi
VIVOSDEV11_063_snr5,vivos,phowhisper,base,tone_aware_lora,0.05,42,5,noise,NẾU BẠN VẪN CẢM THẤY TỘI LỖI,nếu bạn vẫn cảm thấy tội lỗi
VIVOSDEV11_076_clean,vivos,phowhisper,base,tone_aware_lora,0.05,42,clean,clean,VỚI TRÊN LÀ NÚI VÀ DƯỚI LÀ SÔNG,với trên là núi và dưới là sông
VIVOSDEV11_076_snr0,vivos,phowhisper,base,tone_aware_lora,0.05,42,0,speech,VỚI TRÊN LÀ NÚI VÀ DƯỚI LÀ SÔNG,với trương là núi và dưới là sông
VIVOSDEV11_076_snr10,vivos,phowhisper,base,tone_aware_lora,0.05,42,10,music,VỚI TRÊN LÀ NÚI VÀ DƯỚI LÀ SÔNG,với trên là núi và dưới là xong
VIVOSDEV11_076_snr20,vivos,phowhisper,base,tone_aware_lora,0.05,42,20,speech,VỚI TRÊN LÀ NÚI VÀ DƯỚI LÀ SÔNG,với trên là núi và dưới là sông
VIVOSDEV11_076_snr5,vivos,phowhisper,base,tone_aware_lora,0.05,42,5,noise,VỚI TRÊN LÀ NÚI VÀ DƯỚI LÀ SÔNG,với trên là núi và dưới là sông
VIVOSDEV11_077_clean,vivos,phowhisper,base,tone_aware_lora,0.05,42,clean,clean,VỚI SỰ XUẤT HIỆN CỦA QUÁI THÚ VÀ RỒNG,với sự xuất hiện của quái thú và rồng
VIVOSDEV11_077_snr0,vivos,phowhisper,base,tone_aware_lora,0.05,42,0,noise,VỚI SỰ XUẤT HIỆN CỦA QUÁI THÚ VÀ RỒNG,với sự xuất hiện của quái thú và rồng
VIVOSDEV11_077_snr10,vivos,phowhisper,base,tone_aware_lora,0.05,42,10,music,VỚI SỰ XUẤT HIỆN CỦA QUÁI THÚ VÀ RỒNG,với sự xuất hiện của gói thú và rồng
VIVOSDEV11_077_snr20,vivos,phowhisper,base,tone_aware_lora,0.05,42,20,speech,VỚI SỰ XUẤT HIỆN CỦA QUÁI THÚ VÀ RỒNG,với sự xuất hiện của quái thú và rồng
VIVOSDEV11_077_snr5,vivos,phowhisper,base,tone_aware_lora,0.05,42,5,music,VỚI SỰ XUẤT HIỆN CỦA QUÁI THÚ VÀ RỒNG,với sự xuất hiện của quái thú và rồng
VIVOSDEV11_079_clean,vivos,phowhisper,base,tone_aware_lora,0.05,42,clean,clean,NÉT MẶT HỌ KHÔNG NGỜI LÊN HẠNH PHÚC CỦA NGƯỜI MẸ,nét mặt họ không ngờ lên hạnh phúc của người mẹ
VIVOSDEV11_079_snr0,vivos,phowhisper,base,tone_aware_lora,0.05,42,0,music,NÉT MẶT HỌ KHÔNG NGỜI LÊN HẠNH PHÚC CỦA NGƯỜI MẸ,nét mặt nhỏ không ngờ lên hạnh phúc của lừa dối
VIVOSDEV11_079_snr10,vivos,phowhisper,base,tone_aware_lora,0.05,42,10,noise,NÉT MẶT HỌ KHÔNG NGỜI LÊN HẠNH PHÚC CỦA NGƯỜI MẸ,những nét mặt thọ không ngờ nên hạnh phúc của người mẹ
VIVOSDEV11_079_snr20,vivos,phowhisper,base,tone_aware_lora,0.05,42,20,speech,NÉT MẶT HỌ KHÔNG NGỜI LÊN HẠNH PHÚC CỦA NGƯỜI MẸ,nét mặt họ không ngờ lên hạnh phúc của người mẹ
VIVOSDEV11_079_snr5,vivos,phowhisper,base,tone_aware_lora,0.05,42,5,noise,NÉT MẶT HỌ KHÔNG NGỜI LÊN HẠNH PHÚC CỦA NGƯỜI MẸ,nét mặt họ không ngờ lên hạnh phúc của người mẹ
VIVOSDEV11_081_clean,vivos,phowhisper,base,tone_aware_lora,0.05,42,clean,clean,MỘT SỐ NGƯỜI CHO RẰNG,một số người cho rằng
VIVOSDEV11_081_snr0,vivos,phowhisper,base,tone_aware_lora,0.05,42,0,noise,MỘT SỐ NGƯỜI CHO RẰNG,một số người cho rằng
VIVOSDEV11_081_snr10,vivos,phowhisper,base,tone_aware_lora,0.05,42,10,noise,MỘT SỐ NGƯỜI CHO RẰNG,một số người cho rằng
VIVOSDEV11_081_snr20,vivos,phowhisper,base,tone_aware_lora,0.05,42,20,speech,MỘT SỐ NGƯỜI CHO RẰNG,một số người cho rằng
VIVOSDEV11_081_snr5,vivos,phowhisper,base,tone_aware_lora,0.05,42,5,noise,MỘT SỐ NGƯỜI CHO RẰNG,một số người cho rằng
VIVOSDEV11_095_clean,vivos,phowhisper,base,tone_aware_lora,0.05,42,clean,clean,MỌI THỨ ĐỀU ĐƯỢC MỔ XẺ LẠI,mọi thứ đều được mổ xẻ lại
VIVOSDEV11_095_snr0,vivos,phowhisper,base,tone_aware_lora,0.05,42,0,speech,MỌI THỨ ĐỀU ĐƯỢC MỔ XẺ LẠI,tím sôi thử đều được mổ xẻ lại
VIVOSDEV11_095_snr10,vivos,phowhisper,base,tone_aware_lora,0.05,42,10,music,MỌI THỨ ĐỀU ĐƯỢC MỔ XẺ LẠI,mọi thứ đều được mổ xẻ lại
VIVOSDEV11_095_snr20,vivos,phowhisper,base,tone_aware_lora,0.05,42,20,speech,MỌI THỨ ĐỀU ĐƯỢC MỔ XẺ LẠI,mọi thứ đều được mổ xẻ lại
VIVOSDEV11_095_snr5,vivos,phowhisper,base,tone_aware_lora,0.05,42,5,music,MỌI THỨ ĐỀU ĐƯỢC MỔ XẺ LẠI,mọi thứ đều được mổ xẻ lại
VIVOSDEV11_122_clean,vivos,phowhisper,base,tone_aware_lora,0.05,42,clean,clean,KHÔNG PHẢI NẮP KHUM,không phải nắp khum
VIVOSDEV11_122_snr0,vivos,phowhisper,base,tone_aware_lora,0.05,42,0,noise,KHÔNG PHẢI NẮP KHUM,không phải nắp khum
VIVOSDEV11_122_snr10,vivos,phowhisper,base,tone_aware_lora,0.05,42,10,speech,KHÔNG PHẢI NẮP KHUM,không phải nắp khum
VIVOSDEV11_122_snr20,vivos,phowhisper,base,tone_aware_lora,0.05,42,20,noise,KHÔNG PHẢI NẮP KHUM,không phải nắp khum
VIVOSDEV11_122_snr5,vivos,phowhisper,base,tone_aware_lora,0.05,42,5,music,KHÔNG PHẢI NẮP KHUM,không phải nắp khum
VIVOSDEV11_123_clean,vivos,phowhisper,base,tone_aware_lora,0.05,42,clean,clean,CÁC CÔNG TY DU LỊCH PHẢI XÁC ĐỊNH,các công ty du lịch phải xác định
VIVOSDEV11_123_snr0,vivos,phowhisper,base,tone_aware_lora,0.05,42,0,music,CÁC CÔNG TY DU LỊCH PHẢI XÁC ĐỊNH,các công ty du lịch phải xác định
VIVOSDEV11_123_snr10,vivos,phowhisper,base,tone_aware_lora,0.05,42,10,noise,CÁC CÔNG TY DU LỊCH PHẢI XÁC ĐỊNH,các công ty du lịch phải xác định
VIVOSDEV11_123_snr20,vivos,phowhisper,base,tone_aware_lora,0.05,42,20,music,CÁC CÔNG TY DU LỊCH PHẢI XÁC ĐỊNH,các công ty du lịch phải xác định
VIVOSDEV11_123_snr5,vivos,phowhisper,base,tone_aware_lora,0.05,42,5,music,CÁC CÔNG TY DU LỊCH PHẢI XÁC ĐỊNH,các công ty du lịch phải xác định
VIVOSDEV11_136_clean,vivos,phowhisper,base,tone_aware_lora,0.05,42,clean,clean,KHI NHÂN VIÊN CỨU HỘ CỐ GẮNG ĐƯA NÓ LÊN SÀ LAN,khi nhân viên cứu hổ cố gắng đưa nó lên xà lan
VIVOSDEV11_136_snr0,vivos,phowhisper,base,tone_aware_lora,0.05,42,0,noise,KHI NHÂN VIÊN CỨU HỘ CỐ GẮNG ĐƯA NÓ LÊN SÀ LAN,khi nhân viên cứu hổ cố gạc đưa nó lên xà lan
VIVOSDEV11_136_snr10,vivos,phowhisper,base,tone_aware_lora,0.05,42,10,speech,KHI NHÂN VIÊN CỨU HỘ CỐ GẮNG ĐƯA NÓ LÊN SÀ LAN,khi nhân viên cứu hộ cố gắng đưa nó lên xà lan
VIVOSDEV11_136_snr20,vivos,phowhisper,base,tone_aware_lora,0.05,42,20,music,KHI NHÂN VIÊN CỨU HỘ CỐ GẮNG ĐƯA NÓ LÊN SÀ LAN,khi nhân viên cứu hộ cố gắng đưa nó lên xà lan
VIVOSDEV11_136_snr5,vivos,phowhisper,base,tone_aware_lora,0.05,42,5,speech,KHI NHÂN VIÊN CỨU HỘ CỐ GẮNG ĐƯA NÓ LÊN SÀ LAN,khi nhân viên cứu hổ cố gắng đưa nó lên xà lan
VIVOSDEV11_147_clean,vivos,phowhisper,base,tone_aware_lora,0.05,42,clean,clean,GẮN LÔNG CHIM HỘT ĐÁ LÓNG LÁNH HAY BÈO DÚN TÙA LUA ĐẦY CỔ,gắn lông chim hột đá lóng lánh hay bèo dướt tù lùa đầy cổ
VIVOSDEV11_147_snr0,vivos,phowhisper,base,tone_aware_lora,0.05,42,0,noise,GẮN LÔNG CHIM HỘT ĐÁ LÓNG LÁNH HAY BÈO DÚN TÙA LUA ĐẦY CỔ,gắn lông chìm hột đá nóng lánh hay bèo dưới tù lô đầy khổ
VIVOSDEV11_147_snr10,vivos,phowhisper,base,tone_aware_lora,0.05,42,10,noise,GẮN LÔNG CHIM HỘT ĐÁ LÓNG LÁNH HAY BÈO DÚN TÙA LUA ĐẦY CỔ,gắn lông chim hột đá lóng lánh hay bèo dướt tùa lô đầy cổ
VIVOSDEV11_147_snr20,vivos,phowhisper,base,tone_aware_lora,0.05,42,20,noise,GẮN LÔNG CHIM HỘT ĐÁ LÓNG LÁNH HAY BÈO DÚN TÙA LUA ĐẦY CỔ,gắn lông chim hột đá lóng lánh hay bèo dướt tùa lưu đầy cổ
VIVOSDEV11_147_snr5,vivos,phowhisper,base,tone_aware_lora,0.05,42,5,music,GẮN LÔNG CHIM HỘT ĐÁ LÓNG LÁNH HAY BÈO DÚN TÙA LUA ĐẦY CỔ,gắn lông kem hột đá nóng lánh hay bèo dướt tùa lua đầy cổ
VIVOSDEV11_164_clean,vivos,phowhisper,base,tone_aware_lora,0.05,42,clean,clean,ÍT NHẤT Ở HƠN BA MƯƠI TRƯỜNG THUỘC CÁC ĐỊA PHƯƠNG NÓI TRÊN,ít nhất ở hơn ba mươi trường thuộc các địa phương nói trên
VIVOSDEV11_164_snr0,vivos,phowhisper,base,tone_aware_lora,0.05,42,0,speech,ÍT NHẤT Ở HƠN BA MƯƠI TRƯỜNG THUỘC CÁC ĐỊA PHƯƠNG NÓI TRÊN,ít nhất ở hơn ba mươi trường thì các địa phương nói trên
VIVOSDEV11_164_snr10,vivos,phowhisper,base,tone_aware_lora,0.05,42,10,noise,ÍT NHẤT Ở HƠN BA MƯƠI TRƯỜNG THUỘC CÁC ĐỊA PHƯƠNG NÓI TRÊN,ít nhất ở hơn ba mươi trường thuộc các địa phương nói trên
VIVOSDEV11_164_snr20,vivos,phowhisper,base,tone_aware_lora,0.05,42,20,noise,ÍT NHẤT Ở HƠN BA MƯƠI TRƯỜNG THUỘC CÁC ĐỊA PHƯƠNG NÓI TRÊN,ít nhất ở hơn ba mươi trường thuộc các địa phương nói trên
VIVOSDEV11_164_snr5,vivos,phowhisper,base,tone_aware_lora,0.05,42,5,noise,ÍT NHẤT Ở HƠN BA MƯƠI TRƯỜNG THUỘC CÁC ĐỊA PHƯƠNG NÓI TRÊN,ít nhất ở hơn ba mươi trường thuộc các địa phương nói trên
VIVOSDEV11_198_clean,vivos,phowhisper,base,tone_aware_lora,0.05,42,clean,clean,LƠ LỬNG TRÊN ĐẦU LÀ NHỮNG CHIẾC BẪY ĐÁ HÀNG TRĂM KHỐI,lơ lửng trên đầu là những chiếc bẫy đá hàng trăm khối
VIVOSDEV11_198_snr0,vivos,phowhisper,base,tone_aware_lora,0.05,42,0,noise,LƠ LỬNG TRÊN ĐẦU LÀ NHỮNG CHIẾC BẪY ĐÁ HÀNG TRĂM KHỐI,lờ lẫn trên đầu là những chiếc bẫy đá hàng trăm khối
VIVOSDEV11_198_snr10,vivos,phowhisper,base,tone_aware_lora,0.05,42,10,noise,LƠ LỬNG TRÊN ĐẦU LÀ NHỮNG CHIẾC BẪY ĐÁ HÀNG TRĂM KHỐI,lơ lửng kênh đầu là những chiếc bẫy đá hàng trăm khối
VIVOSDEV11_198_snr20,vivos,phowhisper,base,tone_aware_lora,0.05,42,20,music,LƠ LỬNG TRÊN ĐẦU LÀ NHỮNG CHIẾC BẪY ĐÁ HÀNG TRĂM KHỐI,lơ lửng trên đầu là những chiếc bẫy đá hàng trăm khối
VIVOSDEV11_198_snr5,vivos,phowhisper,base,tone_aware_lora,0.05,42,5,music,LƠ LỬNG TRÊN ĐẦU LÀ NHỮNG CHIẾC BẪY ĐÁ HÀNG TRĂM KHỐI,lờ lửng trên đầu là những chiếc bẫy đá hàng trăm khối
VIVOSDEV11_200_clean,vivos,phowhisper,base,tone_aware_lora,0.05,42,clean,clean,NĂM ĐẦU TIÊN,năm đầu tiên
VIVOSDEV11_200_snr0,vivos,phowhisper,base,tone_aware_lora,0.05,42,0,music,NĂM ĐẦU TIÊN,năm đầu tiên
VIVOSDEV11_200_snr10,vivos,phowhisper,base,tone_aware_lora,0.05,42,10,music,NĂM ĐẦU TIÊN,năm đầu tiên
VIVOSDEV11_200_snr20,vivos,phowhisper,base,tone_aware_lora,0.05,42,20,noise,NĂM ĐẦU TIÊN,năm đầu tiên
VIVOSDEV11_200_snr5,vivos,phowhisper,base,tone_aware_lora,0.05,42,5,noise,NĂM ĐẦU TIÊN,năm đầu tiên
VIVOSDEV11_234_clean,vivos,phowhisper,base,tone_aware_lora,0.05,42,clean,clean,BẢY MƯƠI BỐN BẢY MƯƠI LĂM,bảy mươi bốn bảy mươi lăm
VIVOSDEV11_234_snr0,vivos,phowhisper,base,tone_aware_lora,0.05,42,0,noise,BẢY MƯƠI BỐN BẢY MƯƠI LĂM,bảy mươi bốn bảy mươi lăm
VIVOSDEV11_234_snr10,vivos,phowhisper,base,tone_aware_lora,0.05,42,10,speech,BẢY MƯƠI BỐN BẢY MƯƠI LĂM,bảy mươi bốn bảy mươi lăm
VIVOSDEV11_234_snr20,vivos,phowhisper,base,tone_aware_lora,0.05,42,20,noise,BẢY MƯƠI BỐN BẢY MƯƠI LĂM,bảy mươi bốn bảy mươi lăm
VIVOSDEV11_234_snr5,vivos,phowhisper,base,tone_aware_lora,0.05,42,5,noise,BẢY MƯƠI BỐN BẢY MƯƠI LĂM,bảy mươi bốn bảy mươi lăm
VIVOSDEV11_246_clean,vivos,phowhisper,base,tone_aware_lora,0.05,42,clean,clean,CHÍN MƯƠI TÁM CHÍN MƯƠI CHÍN,chín mươi tám chín mươi chín
VIVOSDEV11_246_snr0,vivos,phowhisper,base,tone_aware_lora,0.05,42,0,noise,CHÍN MƯƠI TÁM CHÍN MƯƠI CHÍN,chín mươi tám chín mươi chín
VIVOSDEV11_246_snr10,vivos,phowhisper,base,tone_aware_lora,0.05,42,10,music,CHÍN MƯƠI TÁM CHÍN MƯƠI CHÍN,chín mươi tám chín mươi chín
VIVOSDEV11_246_snr20,vivos,phowhisper,base,tone_aware_lora,0.05,42,20,speech,CHÍN MƯƠI TÁM CHÍN MƯƠI CHÍN,chín mươi tám chín mươi chín
VIVOSDEV11_246_snr5,vivos,phowhisper,base,tone_aware_lora,0.05,42,5,music,CHÍN MƯƠI TÁM CHÍN MƯƠI CHÍN,chín mươi tám chín mươi chín
VIVOSDEV11_252_clean,vivos,phowhisper,base,tone_aware_lora,0.05,42,clean,clean,BÂY GIỜ CƯỚP NHIỀU QUÁ ĐI ĐƯỜNG CŨNG THẤY SỢ,bây giờ cướp nhiều quá đi đường cũng thấy sợ
VIVOSDEV11_252_snr0,vivos,phowhisper,base,tone_aware_lora,0.05,42,0,music,BÂY GIỜ CƯỚP NHIỀU QUÁ ĐI ĐƯỜNG CŨNG THẤY SỢ,bây giờ cướp nhiều quá đi đường cũng thấy sợ
VIVOSDEV11_252_snr10,vivos,phowhisper,base,tone_aware_lora,0.05,42,10,music,BÂY GIỜ CƯỚP NHIỀU QUÁ ĐI ĐƯỜNG CŨNG THẤY SỢ,bây giờ cướp nhiều quá đi đường cũng thấy sợ
VIVOSDEV11_252_snr20,vivos,phowhisper,base,tone_aware_lora,0.05,42,20,noise,BÂY GIỜ CƯỚP NHIỀU QUÁ ĐI ĐƯỜNG CŨNG THẤY SỢ,bây giờ cướp nhiều quá đi đường cũng thấy sợ
VIVOSDEV11_252_snr5,vivos,phowhisper,base,tone_aware_lora,0.05,42,5,music,BÂY GIỜ CƯỚP NHIỀU QUÁ ĐI ĐƯỜNG CŨNG THẤY SỢ,bây giờ cướp nhiều quá đi đường cũng thấy sợ
VIVOSDEV11_262_clean,vivos,phowhisper,base,tone_aware_lora,0.05,42,clean,clean,TÌM HUNG THỦ HIẾP DÂM BẰNG NƯỚC BỌT NẠN NHÂN,tìm hung thủ hiếp dâm bằng nước bọt nạn nhân
VIVOSDEV11_262_snr0,vivos,phowhisper,base,tone_aware_lora,0.05,42,0,noise,TÌM HUNG THỦ HIẾP DÂM BẰNG NƯỚC BỌT NẠN NHÂN,tèn hung thủ hiếp dâm bằng nước bọt nạn nhân
VIVOSDEV11_262_snr10,vivos,phowhisper,base,tone_aware_lora,0.05,42,10,music,TÌM HUNG THỦ HIẾP DÂM BẰNG NƯỚC BỌT NẠN NHÂN,tìm hôn thủ hiếp dâm bằng nước bọt nạn nhân
VIVOSDEV11_262_snr20,vivos,phowhisper,base,tone_aware_lora,0.05,42,20,speech,TÌM HUNG THỦ HIẾP DÂM BẰNG NƯỚC BỌT NẠN NHÂN,tìm hung thủ hiếp dâm bằng nước bọt nạn nhân
VIVOSDEV11_262_snr5,vivos,phowhisper,base,tone_aware_lora,0.05,42,5,music,TÌM HUNG THỦ HIẾP DÂM BẰNG NƯỚC BỌT NẠN NHÂN,tìm hung thủ hiếp dâm bằng nước bọt nạn nhân
VIVOSDEV11_269_clean,vivos,phowhisper,base,tone_aware_lora,0.05,42,clean,clean,CHÚNG TÔI YÊU NHAU ĐƯỢC HAI NĂM THÌ GIA ĐÌNH TÔI XẢY RA CHUYỆN,chúng tôi yêu nhau được hai năm thì gia đình tôi xảy ra chuyện
VIVOSDEV11_269_snr0,vivos,phowhisper,base,tone_aware_lora,0.05,42,0,music,CHÚNG TÔI YÊU NHAU ĐƯỢC HAI NĂM THÌ GIA ĐÌNH TÔI XẢY RA CHUYỆN,chúng tôi yêu nhau được hai năm thể gia đình tôi xảy ra chuyện
VIVOSDEV11_269_snr10,vivos,phowhisper,base,tone_aware_lora,0.05,42,10,noise,CHÚNG TÔI YÊU NHAU ĐƯỢC HAI NĂM THÌ GIA ĐÌNH TÔI XẢY RA CHUYỆN,chúng tôi yêu nhau được hai năm thì gia đình tôi xảy ra chuyện
VIVOSDEV11_269_snr20,vivos,phowhisper,base,tone_aware_lora,0.05,42,20,noise,CHÚNG TÔI YÊU NHAU ĐƯỢC HAI NĂM THÌ GIA ĐÌNH TÔI XẢY RA CHUYỆN,chúng tôi yêu nhau được hai năm thì gia đình tôi xảy ra chuyện
VIVOSDEV11_269_snr5,vivos,phowhisper,base,tone_aware_lora,0.05,42,5,noise,CHÚNG TÔI YÊU NHAU ĐƯỢC HAI NĂM THÌ GIA ĐÌNH TÔI XẢY RA CHUYỆN,chúng tôi yêu nhau được hai năm thì gia đình tôi xảy ra chuyện
VIVOSDEV11_273_clean,vivos,phowhisper,base,tone_aware_lora,0.05,42,clean,clean,TRỌNG TÀI PHẠT THẺ ĐỎ,trọng tài phạt thẻ đỏ
VIVOSDEV11_273_snr0,vivos,phowhisper,base,tone_aware_lora,0.05,42,0,speech,TRỌNG TÀI PHẠT THẺ ĐỎ,trọng tài phạt thẻ đỏ
VIVOSDEV11_273_snr10,vivos,phowhisper,base,tone_aware_lora,0.05,42,10,noise,TRỌNG TÀI PHẠT THẺ ĐỎ,trọng tài phạt thẻ đỏ
VIVOSDEV11_273_snr20,vivos,phowhisper,base,tone_aware_lora,0.05,42,20,noise,TRỌNG TÀI PHẠT THẺ ĐỎ,trọng tài phạt thẻ đỏ
VIVOSDEV11_273_snr5,vivos,phowhisper,base,tone_aware_lora,0.05,42,5,noise,TRỌNG TÀI PHẠT THẺ ĐỎ,trọng tài phạt thẻ đỏ
VIVOSDEV11_274_clean,vivos,phowhisper,base,tone_aware_lora,0.05,42,clean,clean,KIỂU NÀY CHẮC PHẢI CẮT GIẢM BIÊN CHẾ,kiểu này chắc phải cắt giảm biên chế
VIVOSDEV11_274_snr0,vivos,phowhisper,base,tone_aware_lora,0.05,42,0,noise,KIỂU NÀY CHẮC PHẢI CẮT GIẢM BIÊN CHẾ,kiểu này chắc phải tắc trảm đen chế
VIVOSDEV11_274_snr10,vivos,phowhisper,base,tone_aware_lora,0.05,42,10,music,KIỂU NÀY CHẮC PHẢI CẮT GIẢM BIÊN CHẾ,kiểu này chắc phải cắt giảm biên chế
VIVOSDEV11_274_snr20,vivos,phowhisper,base,tone_aware_lora,0.05,42,20,noise,KIỂU NÀY CHẮC PHẢI CẮT GIẢM BIÊN CHẾ,kiểu này chắc phải cắt giảm biên chế
VIVOSDEV11_274_snr5,vivos,phowhisper,base,tone_aware_lora,0.05,42,5,noise,KIỂU NÀY CHẮC PHẢI CẮT GIẢM BIÊN CHẾ,kiểu này chắc phải cắt giảm biên chế
VIVOSDEV11_289_clean,vivos,phowhisper,base,tone_aware_lora,0.05,42,clean,clean,THEO PHÓ CHỦ TỊCH ỦY BAN AN TOÀN GIAO THÔNG QUỐC GIA,theo phó chủ tịch ủy ban an toàn giao thông quốc gia
VIVOSDEV11_289_snr0,vivos,phowhisper,base,tone_aware_lora,0.05,42,0,noise,THEO PHÓ CHỦ TỊCH ỦY BAN AN TOÀN GIAO THÔNG QUỐC GIA,theo phó chủ tịch ủy ban an toàn giao thông quốc gia
VIVOSDEV11_289_snr10,vivos,phowhisper,base,tone_aware_lora,0.05,42,10,noise,THEO PHÓ CHỦ TỊCH ỦY BAN AN TOÀN GIAO THÔNG QUỐC GIA,theo phó chủ tịch ủy ban an toàn giao thông quốc gia
VIVOSDEV11_289_snr20,vivos,phowhisper,base,tone_aware_lora,0.05,42,20,music,THEO PHÓ CHỦ TỊCH ỦY BAN AN TOÀN GIAO THÔNG QUỐC GIA,theo phó chủ tịch ủy ban an toàn giao thông quốc gia
VIVOSDEV11_289_snr5,vivos,phowhisper,base,tone_aware_lora,0.05,42,5,noise,THEO PHÓ CHỦ TỊCH ỦY BAN AN TOÀN GIAO THÔNG QUỐC GIA,theo phó chủ tịch ủy ban an toàn giao thông quốc gia
VIVOSDEV12_006_clean,vivos,phowhisper,base,tone_aware_lora,0.05,42,clean,clean,TỪ SỰ DƯ THỪA QUÁ MỨC CỦA LUỒNG TIỀN NÀY,từ sự dư thừa qua mức của luồng tiền này
VIVOSDEV12_006_snr0,vivos,phowhisper,base,tone_aware_lora,0.05,42,0,noise,TỪ SỰ DƯ THỪA QUÁ MỨC CỦA LUỒNG TIỀN NÀY,từ sự dư thừa qua mức vỗ lượn tiền này
VIVOSDEV12_006_snr10,vivos,phowhisper,base,tone_aware_lora,0.05,42,10,noise,TỪ SỰ DƯ THỪA QUÁ MỨC CỦA LUỒNG TIỀN NÀY,từ sự dư thừa qua mức của luồng tiền này
VIVOSDEV12_006_snr20,vivos,phowhisper,base,tone_aware_lora,0.05,42,20,music,TỪ SỰ DƯ THỪA QUÁ MỨC CỦA LUỒNG TIỀN NÀY,từ sự dư thừa qua mức của luồng tiền này
VIVOSDEV12_006_snr5,vivos,phowhisper,base,tone_aware_lora,0.05,42,5,noise,TỪ SỰ DƯ THỪA QUÁ MỨC CỦA LUỒNG TIỀN NÀY,từ sự dư thừa quá mức vỗ lùa tiền này
VIVOSDEV12_011_clean,vivos,phowhisper,base,tone_aware_lora,0.05,42,clean,clean,ĐÓ CHỨNG TỎ RẰNG CHÚNG TA ĐÃ GIÀ,đó chứng tỏ rằng chúng ta đã già
VIVOSDEV12_011_snr0,vivos,phowhisper,base,tone_aware_lora,0.05,42,0,music,ĐÓ CHỨNG TỎ RẰNG CHÚNG TA ĐÃ GIÀ,đó chứng tỏ rằng chúng ta đã già
VIVOSDEV12_011_snr10,vivos,phowhisper,base,tone_aware_lora,0.05,42,10,noise,ĐÓ CHỨNG TỎ RẰNG CHÚNG TA ĐÃ GIÀ,đó chứng tỏ rằng chúng ta đã già
VIVOSDEV12_011_snr20,vivos,phowhisper,base,tone_aware_lora,0.05,42,20,noise,ĐÓ CHỨNG TỎ RẰNG CHÚNG TA ĐÃ GIÀ,đó chứng tỏ rằng chúng ta đã già
VIVOSDEV12_011_snr5,vivos,phowhisper,base,tone_aware_lora,0.05,42,5,speech,ĐÓ CHỨNG TỎ RẰNG CHÚNG TA ĐÃ GIÀ,đó chứng tỏ rằng chúng ta đã già
VIVOSDEV12_015_clean,vivos,phowhisper,base,tone_aware_lora,0.05,42,clean,clean,TRẢ LẠI ĐẤT CHO RỪNG,trả lại đất cho rừng
VIVOSDEV12_015_snr0,vivos,phowhisper,base,tone_aware_lora,0.05,42,0,noise,TRẢ LẠI ĐẤT CHO RỪNG,cả lại đất cho rừng
VIVOSDEV12_015_snr10,vivos,phowhisper,base,tone_aware_lora,0.05,42,10,noise,TRẢ LẠI ĐẤT CHO RỪNG,trả lại đất cho rừng
VIVOSDEV12_015_snr20,vivos,phowhisper,base,tone_aware_lora,0.05,42,20,music,TRẢ LẠI ĐẤT CHO RỪNG,trả lại đất cho rừng
VIVOSDEV12_015_snr5,vivos,phowhisper,base,tone_aware_lora,0.05,42,5,speech,TRẢ LẠI ĐẤT CHO RỪNG,trả lại đã khiến cho rừng
VIVOSDEV12_032_clean,vivos,phowhisper,base,tone_aware_lora,0.05,42,clean,clean,CÁC LOẠI CÂY TRỒNG Ở RỪNG NÀY TOÀN CÂY KÉM GIÁ TRỊ,các loại cây trồng ở rừng này toàn cây kém giá trị
VIVOSDEV12_032_snr0,vivos,phowhisper,base,tone_aware_lora,0.05,42,0,music,CÁC LOẠI CÂY TRỒNG Ở RỪNG NÀY TOÀN CÂY KÉM GIÁ TRỊ,các loài cây trồng ở rừng ngày tòa cày kém giá trị
VIVOSDEV12_032_snr10,vivos,phowhisper,base,tone_aware_lora,0.05,42,10,music,CÁC LOẠI CÂY TRỒNG Ở RỪNG NÀY TOÀN CÂY KÉM GIÁ TRỊ,các loại cây trồng ở rừng này toàn cây kém giá trị
VIVOSDEV12_032_snr20,vivos,phowhisper,base,tone_aware_lora,0.05,42,20,speech,CÁC LOẠI CÂY TRỒNG Ở RỪNG NÀY TOÀN CÂY KÉM GIÁ TRỊ,các loại cây trồng ở rừng này toàn cây kém giá trị
VIVOSDEV12_032_snr5,vivos,phowhisper,base,tone_aware_lora,0.05,42,5,speech,CÁC LOẠI CÂY TRỒNG Ở RỪNG NÀY TOÀN CÂY KÉM GIÁ TRỊ,các tội cây trồng ở rừng này còn cây kém giá trị
VIVOSDEV12_056_clean,vivos,phowhisper,base,tone_aware_lora,0.05,42,clean,clean,TẠI CHỢ CÁ,tại chợ cá
VIVOSDEV12_056_snr0,vivos,phowhisper,base,tone_aware_lora,0.05,42,0,noise,TẠI CHỢ CÁ,phải chợ cá
VIVOSDEV12_056_snr10,vivos,phowhisper,base,tone_aware_lora,0.05,42,10,music,TẠI CHỢ CÁ,tại chợ cá
VIVOSDEV12_056_snr20,vivos,phowhisper,base,tone_aware_lora,0.05,42,20,speech,TẠI CHỢ CÁ,tại chợ cá
VIVOSDEV12_056_snr5,vivos,phowhisper,base,tone_aware_lora,0.05,42,5,noise,TẠI CHỢ CÁ,tại chợ cá
VIVOSDEV12_057_clean,vivos,phowhisper,base,tone_aware_lora,0.05,42,clean,clean,KHÔNG PHẢI VÌ TÔI KHÔNG COI TRỌNG CHẤT LƯỢNG,không phải vì tôi không coi trọng chất lượng
VIVOSDEV12_057_snr0,vivos,phowhisper,base,tone_aware_lora,0.05,42,0,music,KHÔNG PHẢI VÌ TÔI KHÔNG COI TRỌNG CHẤT LƯỢNG,không phải vì tôi không coi trọng cách thường
VIVOSDEV12_057_snr10,vivos,phowhisper,base,tone_aware_lora,0.05,42,10,noise,KHÔNG PHẢI VÌ TÔI KHÔNG COI TRỌNG CHẤT LƯỢNG,không phải vì tôi không coi trọng chất lượng
VIVOSDEV12_057_snr20,vivos,phowhisper,base,tone_aware_lora,0.05,42,20,noise,KHÔNG PHẢI VÌ TÔI KHÔNG COI TRỌNG CHẤT LƯỢNG,không phải vì tôi không coi trọng chất lượng
VIVOSDEV12_057_snr5,vivos,phowhisper,base,tone_aware_lora,0.05,42,5,noise,KHÔNG PHẢI VÌ TÔI KHÔNG COI TRỌNG CHẤT LƯỢNG,không phải vì tôi không coi trọng chất lượng
VIVOSDEV12_066_clean,vivos,phowhisper,base,tone_aware_lora,0.05,42,clean,clean,THIẾU TƯỚNG PHẠM QUÝ NGỌ CHO BIẾT,thiếu tướng phạm quý ngọ cho biết
VIVOSDEV12_066_snr0,vivos,phowhisper,base,tone_aware_lora,0.05,42,0,noise,THIẾU TƯỚNG PHẠM QUÝ NGỌ CHO BIẾT,thiếu tướng phan quý ngọ cho biết
VIVOSDEV12_066_snr10,vivos,phowhisper,base,tone_aware_lora,0.05,42,10,speech,THIẾU TƯỚNG PHẠM QUÝ NGỌ CHO BIẾT,thiếu tướng phạm quý ngọ cho biết
VIVOSDEV12_066_snr20,vivos,phowhisper,base,tone_aware_lora,0.05,42,20,music,THIẾU TƯỚNG PHẠM QUÝ NGỌ CHO BIẾT,thiếu tướng phạm quý ngọ cho biết
VIVOSDEV12_066_snr5,vivos,phowhisper,base,tone_aware_lora,0.05,42,5,music,THIẾU TƯỚNG PHẠM QUÝ NGỌ CHO BIẾT,thiếu tướng phạm quý ngọ cho biết
VIVOSDEV12_068_clean,vivos,phowhisper,base,tone_aware_lora,0.05,42,clean,clean,KHÔNG MỘT CHÚT TRẦY TRỤA MÀ ĐỀN CÁI GÌ,không một chút chạy trụa mà đền cái gì
VIVOSDEV12_068_snr0,vivos,phowhisper,base,tone_aware_lora,0.05,42,0,speech,KHÔNG MỘT CHÚT TRẦY TRỤA MÀ ĐỀN CÁI GÌ,khâu một chút chạy trổ mạ đệ
VIVOSDEV12_068_snr10,vivos,phowhisper,base,tone_aware_lora,0.05,42,10,speech,KHÔNG MỘT CHÚT TRẦY TRỤA MÀ ĐỀN CÁI GÌ,không một chút chạy trụa mà đền cái gì
VIVOSDEV12_068_snr20,vivos,phowhisper,base,tone_aware_lora,0.05,42,20,speech,KHÔNG MỘT CHÚT TRẦY TRỤA MÀ ĐỀN CÁI GÌ,không một chút chạy trụa mà đền cái gì
VIVOSDEV12_068_snr5,vivos,phowhisper,base,tone_aware_lora,0.05,42,5,noise,KHÔNG MỘT CHÚT TRẦY TRỤA MÀ ĐỀN CÁI GÌ,không một chút chày trụa mà đền cái gì
VIVOSDEV12_079_clean,vivos,phowhisper,base,tone_aware_lora,0.05,42,clean,clean,XANH CỎ MƯỢT MÀ VEN ĐƯỜNG,xanh cỏ mượt mà ven đường
VIVOSDEV12_079_snr0,vivos,phowhisper,base,tone_aware_lora,0.05,42,0,noise,XANH CỎ MƯỢT MÀ VEN ĐƯỜNG,xanh cỏ mọc mà vây ngược
VIVOSDEV12_079_snr10,vivos,phowhisper,base,tone_aware_lora,0.05,42,10,music,XANH CỎ MƯỢT MÀ VEN ĐƯỜNG,xanh cỏ mượt mà ven đường
VIVOSDEV12_079_snr20,vivos,phowhisper,base,tone_aware_lora,0.05,42,20,noise,XANH CỎ MƯỢT MÀ VEN ĐƯỜNG,xanh cỏ mượt mà ven đường
VIVOSDEV12_079_snr5,vivos,phowhisper,base,tone_aware_lora,0.05,42,5,music,XANH CỎ MƯỢT MÀ VEN ĐƯỜNG,xanh cỏ mượt mà ven đường
VIVOSDEV12_101_clean,vivos,phowhisper,base,tone_aware_lora,0.05,42,clean,clean,KHI CHÍNH PHỦ LÚC ĐẦU ĐỀ NGHỊ ÂN XÁ CHO NHỮNG NGƯỜI NỔI DẬY,khi chính phủ lúc đầu đề nghị ân xá cho những người nổi dậy
VIVOSDEV12_101_snr0,vivos,phowhisper,base,tone_aware_lora,0.05,42,0,music,KHI CHÍNH PHỦ LÚC ĐẦU ĐỀ NGHỊ ÂN XÁ CHO NHỮNG NGƯỜI NỔI DẬY,khi chính phủ lúc đầu đề nghị ông xá cho những người nổi dậy
VIVOSDEV12_101_snr10,vivos,phowhisper,base,tone_aware_lora,0.05,42,10,noise,KHI CHÍNH PHỦ LÚC ĐẦU ĐỀ NGHỊ ÂN XÁ CHO NHỮNG NGƯỜI NỔI DẬY,khi chính phủ lúc đầu đề nghị ân xá cho những người nổi dậy
VIVOSDEV12_101_snr20,vivos,phowhisper,base,tone_aware_lora,0.05,42,20,speech,KHI CHÍNH PHỦ LÚC ĐẦU ĐỀ NGHỊ ÂN XÁ CHO NHỮNG NGƯỜI NỔI DẬY,khi chính phủ lúc đầu đề nghị ân xá cho những người nổi dậy
VIVOSDEV12_101_snr5,vivos,phowhisper,base,tone_aware_lora,0.05,42,5,speech,KHI CHÍNH PHỦ LÚC ĐẦU ĐỀ NGHỊ ÂN XÁ CHO NHỮNG NGƯỜI NỔI DẬY,khi chính phủ lúc đầu đề nghị ân xá cho những người nổi dậy
VIVOSDEV12_116_clean,vivos,phowhisper,base,tone_aware_lora,0.05,42,clean,clean,DƯỚI ÁNH ĐÈN MỜ MỜ ẢO ẢO,dưới ánh đèn mờ mờ ảo ảo
VIVOSDEV12_116_snr0,vivos,phowhisper,base,tone_aware_lora,0.05,42,0,noise,DƯỚI ÁNH ĐÈN MỜ MỜ ẢO ẢO,dưới ánh đèn mờ mờ ào ào
VIVOSDEV12_116_snr10,vivos,phowhisper,base,tone_aware_lora,0.05,42,10,noise,DƯỚI ÁNH ĐÈN MỜ MỜ ẢO ẢO,dưới ánh đèn mờ mờ ảo ảo
VIVOSDEV12_116_snr20,vivos,phowhisper,base,tone_aware_lora,0.05,42,20,speech,DƯỚI ÁNH ĐÈN MỜ MỜ ẢO ẢO,dưới ánh đèn mờ mờ ảo ảo
VIVOSDEV12_116_snr5,vivos,phowhisper,base,tone_aware_lora,0.05,42,5,music,DƯỚI ÁNH ĐÈN MỜ MỜ ẢO ẢO,dưới ánh đèn mờ mờ ào ảo
VIVOSDEV12_132_clean,vivos,phowhisper,base,tone_aware_lora,0.05,42,clean,clean,HẦU HẾT NHỮNG VẤN ĐỀ XẢY RA TRÊN THẾ GIỚI,hầu hết những vấn đề xảy ra trên thế giới
VIVOSDEV12_132_snr0,vivos,phowhisper,base,tone_aware_lora,0.05,42,0,speech,HẦU HẾT NHỮNG VẤN ĐỀ XẢY RA TRÊN THẾ GIỚI,hầu hết những vấn đề xảy ra trên thế giới
VIVOSDEV12_132_snr10,vivos,phowhisper,base,tone_aware_lora,0.05,42,10,noise,HẦU HẾT NHỮNG VẤN ĐỀ XẢY RA TRÊN THẾ GIỚI,hầu hết những vấn đề xảy ra trên thế giới
VIVOSDEV12_132_snr20,vivos,phowhisper,base,tone_aware_lora,0.05,42,20,noise,HẦU HẾT NHỮNG VẤN ĐỀ XẢY RA TRÊN THẾ GIỚI,hầu hết những vấn đề xảy ra trên thế giới
VIVOSDEV12_132_snr5,vivos,phowhisper,base,tone_aware_lora,0.05,42,5,speech,HẦU HẾT NHỮNG VẤN ĐỀ XẢY RA TRÊN THẾ GIỚI,hầu hết những vấn đề xảy ra trên thế giới
VIVOSDEV12_144_clean,vivos,phowhisper,base,tone_aware_lora,0.05,42,clean,clean,TRẢ LỜI TÔI BIẾT,trả lời tôi biết
VIVOSDEV12_144_snr0,vivos,phowhisper,base,tone_aware_lora,0.05,42,0,music,TRẢ LỜI TÔI BIẾT,cả loại phờ biết
VIVOSDEV12_144_snr10,vivos,phowhisper,base,tone_aware_lora,0.05,42,10,music,TRẢ LỜI TÔI BIẾT,trả lời tôi biết
VIVOSDEV12_144_snr20,vivos,phowhisper,base,tone_aware_lora,0.05,42,20,music,TRẢ LỜI TÔI BIẾT,trả lời tôi biết
VIVOSDEV12_144_snr5,vivos,phowhisper,base,tone_aware_lora,0.05,42,5,noise,TRẢ LỜI TÔI BIẾT,cả loài phôi biết
VIVOSDEV12_166_clean,vivos,phowhisper,base,tone_aware_lora,0.05,42,clean,clean,ỊCH GÃ TO BÉO ỤC ỊCH,ịch gã to béo ục ạ
VIVOSDEV12_166_snr0,vivos,phowhisper,base,tone_aware_lora,0.05,42,0,noise,ỊCH GÃ TO BÉO ỤC ỊCH,ịch gã to béo ục ẩn
VIVOSDEV12_166_snr10,vivos,phowhisper,base,tone_aware_lora,0.05,42,10,speech,ỊCH GÃ TO BÉO ỤC ỊCH,ít gã to béo út
VIVOSDEV12_166_snr20,vivos,phowhisper,base,tone_aware_lora,0.05,42,20,speech,ỊCH GÃ TO BÉO ỤC ỊCH,thịt gạ to béo ục
VIVOSDEV12_166_snr5,vivos,phowhisper,base,tone_aware_lora,0.05,42,5,noise,ỊCH GÃ TO BÉO ỤC ỊCH,ịch gã to béo ục
VIVOSDEV12_169_clean,vivos,phowhisper,base,tone_aware_lora,0.05,42,clean,clean,ÁO RÁCH LƯƠM BƯƠM,áo rách luôm buôm
VIVOSDEV12_169_snr0,vivos,phowhisper,base,tone_aware_lora,0.05,42,0,noise,ÁO RÁCH LƯƠM BƯƠM,áo rách luôm buôm
VIVOSDEV12_169_snr10,vivos,phowhisper,base,tone_aware_lora,0.05,42,10,noise,ÁO RÁCH LƯƠM BƯƠM,áo rách luôn bươm
VIVOSDEV12_169_snr20,vivos,phowhisper,base,tone_aware_lora,0.05,42,20,noise,ÁO RÁCH LƯƠM BƯƠM,áo rách luôm buôm
VIVOSDEV12_169_snr5,vivos,phowhisper,base,tone_aware_lora,0.05,42,5,noise,ÁO RÁCH LƯƠM BƯƠM,áo rách luôn bườm
VIVOSDEV12_173_clean,vivos,phowhisper,base,tone_aware_lora,0.05,42,clean,clean,ĐỐI VỚI NHỮNG PHẢN ỨNG KHÁC BIỆT ĐÓ,đối với những phản ứng khác biệt đó
VIVOSDEV12_173_snr0,vivos,phowhisper,base,tone_aware_lora,0.05,42,0,music,ĐỐI VỚI NHỮNG PHẢN ỨNG KHÁC BIỆT ĐÓ,đôi gối dẫn phản ứng khác biệt đỏ
VIVOSDEV12_173_snr10,vivos,phowhisper,base,tone_aware_lora,0.05,42,10,noise,ĐỐI VỚI NHỮNG PHẢN ỨNG KHÁC BIỆT ĐÓ,đối với những phản ứng khác biệt đó
VIVOSDEV12_173_snr20,vivos,phowhisper,base,tone_aware_lora,0.05,42,20,noise,ĐỐI VỚI NHỮNG PHẢN ỨNG KHÁC BIỆT ĐÓ,đối với những phản ứng khác biệt đó
VIVOSDEV12_173_snr5,vivos,phowhisper,base,tone_aware_lora,0.05,42,5,noise,ĐỐI VỚI NHỮNG PHẢN ỨNG KHÁC BIỆT ĐÓ,đối với những phản ứng khác biệt đó
VIVOSDEV12_192_clean,vivos,phowhisper,base,tone_aware_lora,0.05,42,clean,clean,TRANG THỨ HAI CỦA TỜ BÁO,tràn thứ hai của tờ báo
VIVOSDEV12_192_snr0,vivos,phowhisper,base,tone_aware_lora,0.05,42,0,noise,TRANG THỨ HAI CỦA TỜ BÁO,tràn thứ hai của tờ báo
VIVOSDEV12_192_snr10,vivos,phowhisper,base,tone_aware_lora,0.05,42,10,music,TRANG THỨ HAI CỦA TỜ BÁO,tràn thứ hai của tờ báo
VIVOSDEV12_192_snr20,vivos,phowhisper,base,tone_aware_lora,0.05,42,20,speech,TRANG THỨ HAI CỦA TỜ BÁO,tràng thứ hai của tờ báo
VIVOSDEV12_192_snr5,vivos,phowhisper,base,tone_aware_lora,0.05,42,5,speech,TRANG THỨ HAI CỦA TỜ BÁO,càng thứ hai của tờ báo
VIVOSDEV12_213_clean,vivos,phowhisper,base,tone_aware_lora,0.05,42,clean,clean,BA MƯƠI HAI BA MƯƠI BA,ba mươi hai ba mươi ba
VIVOSDEV12_213_snr0,vivos,phowhisper,base,tone_aware_lora,0.05,42,0,speech,BA MƯƠI HAI BA MƯƠI BA,món sinh xưa hơi mẻ và mười ba
VIVOSDEV12_213_snr10,vivos,phowhisper,base,tone_aware_lora,0.05,42,10,music,BA MƯƠI HAI BA MƯƠI BA,ba mươi hai ba mươi ba
VIVOSDEV12_213_snr20,vivos,phowhisper,base,tone_aware_lora,0.05,42,20,music,BA MƯƠI HAI BA MƯƠI BA,ba mươi hai ba mươi ba
VIVOSDEV12_213_snr5,vivos,phowhisper,base,tone_aware_lora,0.05,42,5,noise,BA MƯƠI HAI BA MƯƠI BA,ba mươi hai ba mươi ba
VIVOSDEV12_223_clean,vivos,phowhisper,base,tone_aware_lora,0.05,42,clean,clean,NĂM MƯƠI HAI NĂM MƯƠI BA,năm mươi hai năm mươi ba
VIVOSDEV12_223_snr0,vivos,phowhisper,base,tone_aware_lora,0.05,42,0,music,NĂM MƯƠI HAI NĂM MƯƠI BA,năm mươi hai năm mươi ba
VIVOSDEV12_223_snr10,vivos,phowhisper,base,tone_aware_lora,0.05,42,10,music,NĂM MƯƠI HAI NĂM MƯƠI BA,năm mươi hai năm mươi ba
VIVOSDEV12_223_snr20,vivos,phowhisper,base,tone_aware_lora,0.05,42,20,music,NĂM MƯƠI HAI NĂM MƯƠI BA,năm mươi hai năm mươi ba
VIVOSDEV12_223_snr5,vivos,phowhisper,base,tone_aware_lora,0.05,42,5,noise,NĂM MƯƠI HAI NĂM MƯƠI BA,năm mươi hai năm mươi ba
VIVOSDEV12_232_clean,vivos,phowhisper,base,tone_aware_lora,0.05,42,clean,clean,BẢY MƯƠI BẢY MƯƠI MỐT,bảy mươi bảy mươi mốt
VIVOSDEV12_232_snr0,vivos,phowhisper,base,tone_aware_lora,0.05,42,0,noise,BẢY MƯƠI BẢY MƯƠI MỐT,bảy mươi bảy mươi mốt
VIVOSDEV12_232_snr10,vivos,phowhisper,base,tone_aware_lora,0.05,42,10,noise,BẢY MƯƠI BẢY MƯƠI MỐT,bảy mươi bảy mươi mốt
VIVOSDEV12_232_snr20,vivos,phowhisper,base,tone_aware_lora,0.05,42,20,speech,BẢY MƯƠI BẢY MƯƠI MỐT,bảy mươi bảy mươi mốt
VIVOSDEV12_232_snr5,vivos,phowhisper,base,tone_aware_lora,0.05,42,5,speech,BẢY MƯƠI BẢY MƯƠI MỐT,bảy mươi bảy mươi mốt
VIVOSDEV12_244_clean,vivos,phowhisper,base,tone_aware_lora,0.05,42,clean,clean,CHÍN MƯƠI BỐN CHÍN MƯƠI LĂM,chín mươi bốn chín mươi lăm
VIVOSDEV12_244_snr0,vivos,phowhisper,base,tone_aware_lora,0.05,42,0,music,CHÍN MƯƠI BỐN CHÍN MƯƠI LĂM,chín mươi bốn chín mươi lăm
VIVOSDEV12_244_snr10,vivos,phowhisper,base,tone_aware_lora,0.05,42,10,noise,CHÍN MƯƠI BỐN CHÍN MƯƠI LĂM,chín mươi bốn chín mươi lăm
VIVOSDEV12_244_snr20,vivos,phowhisper,base,tone_aware_lora,0.05,42,20,noise,CHÍN MƯƠI BỐN CHÍN MƯƠI LĂM,chín mươi bốn chín mươi lăm
VIVOSDEV12_244_snr5,vivos,phowhisper,base,tone_aware_lora,0.05,42,5,speech,CHÍN MƯƠI BỐN CHÍN MƯƠI LĂM,chín mươi bốn chín mươi lăm
VIVOSDEV12_248_clean,vivos,phowhisper,base,tone_aware_lora,0.05,42,clean,clean,MỘT BA NĂM BẢY CHÍN,một ba năm bảy chín
VIVOSDEV12_248_snr0,vivos,phowhisper,base,tone_aware_lora,0.05,42,0,speech,MỘT BA NĂM BẢY CHÍN,một ba năm mẩy chín ba bốn mẩy chín
VIVOSDEV12_248_snr10,vivos,phowhisper,base,tone_aware_lora,0.05,42,10,noise,MỘT BA NĂM BẢY CHÍN,một ba năm bảy chín
VIVOSDEV12_248_snr20,vivos,phowhisper,base,tone_aware_lora,0.05,42,20,noise,MỘT BA NĂM BẢY CHÍN,một ba năm bảy chín
VIVOSDEV12_248_snr5,vivos,phowhisper,base,tone_aware_lora,0.05,42,5,music,MỘT BA NĂM BẢY CHÍN,một ba năm bảy chín
VIVOSDEV12_280_clean,vivos,phowhisper,base,tone_aware_lora,0.05,42,clean,clean,DU LỊCH SẼ TRỞ THÀNH NGÀNH KINH TẾ MŨI NHỌN,du lịch sẽ trở thành ngành kinh tế mũi nhọn
VIVOSDEV12_280_snr0,vivos,phowhisper,base,tone_aware_lora,0.05,42,0,noise,DU LỊCH SẼ TRỞ THÀNH NGÀNH KINH TẾ MŨI NHỌN,dù luật sẽ trở thành ngành trịnh tới mũi nhọn
VIVOSDEV12_280_snr10,vivos,phowhisper,base,tone_aware_lora,0.05,42,10,noise,DU LỊCH SẼ TRỞ THÀNH NGÀNH KINH TẾ MŨI NHỌN,dù luật sẽ trở thành ngành kinh tế mũi nhọn
VIVOSDEV12_280_snr20,vivos,phowhisper,base,tone_aware_lora,0.05,42,20,noise,DU LỊCH SẼ TRỞ THÀNH NGÀNH KINH TẾ MŨI NHỌN,du lịch sẽ trở thành ngành kinh tế mũi nhọn
VIVOSDEV12_280_snr5,vivos,phowhisper,base,tone_aware_lora,0.05,42,5,music,DU LỊCH SẼ TRỞ THÀNH NGÀNH KINH TẾ MŨI NHỌN,dù luật sẽ trở thành ngành kinh tế mũi nhọn
VIVOSDEV12_290_clean,vivos,phowhisper,base,tone_aware_lora,0.05,42,clean,clean,TỪ KHI CHỒNG QUA ĐỜI VÌ BỆNH TẬT,từ khi chồng qua đời vì bệnh tật
VIVOSDEV12_290_snr0,vivos,phowhisper,base,tone_aware_lora,0.05,42,0,speech,TỪ KHI CHỒNG QUA ĐỜI VÌ BỆNH TẬT,từ khi chồng qua nơi vì bệnh tật
VIVOSDEV12_290_snr10,vivos,phowhisper,base,tone_aware_lora,0.05,42,10,noise,TỪ KHI CHỒNG QUA ĐỜI VÌ BỆNH TẬT,từ khi chồng qua đời vì bệnh tật
VIVOSDEV12_290_snr20,vivos,phowhisper,base,tone_aware_lora,0.05,42,20,speech,TỪ KHI CHỒNG QUA ĐỜI VÌ BỆNH TẬT,từ khi chồng qua đời vì bệnh tật
VIVOSDEV12_290_snr5,vivos,phowhisper,base,tone_aware_lora,0.05,42,5,speech,TỪ KHI CHỒNG QUA ĐỜI VÌ BỆNH TẬT,từ khi chồng qua đời vì bệnh tật
VIVOSDEV13_019_clean,vivos,phowhisper,base,tone_aware_lora,0.05,42,clean,clean,ĐƠN VỊ MÌNH KHÔNG NGHE AI NÓI GÌ CHƯA HẲN ĐÃ TỐT,đơn vị mình không nghe ai nói gì chưa hẳn đã tốt
VIVOSDEV13_019_snr0,vivos,phowhisper,base,tone_aware_lora,0.05,42,0,speech,ĐƠN VỊ MÌNH KHÔNG NGHE AI NÓI GÌ CHƯA HẲN ĐÃ TỐT,đơn vị mình không nghe ai nói gì chưa ảnh đã tốt
VIVOSDEV13_019_snr10,vivos,phowhisper,base,tone_aware_lora,0.05,42,10,noise,ĐƠN VỊ MÌNH KHÔNG NGHE AI NÓI GÌ CHƯA HẲN ĐÃ TỐT,đơn vị mình không nghe ai nói gì chưa hẳn đã tốt
VIVOSDEV13_019_snr20,vivos,phowhisper,base,tone_aware_lora,0.05,42,20,speech,ĐƠN VỊ MÌNH KHÔNG NGHE AI NÓI GÌ CHƯA HẲN ĐÃ TỐT,đơn vị mình không nghe ai nói gì chưa hẳn đã tốt
VIVOSDEV13_019_snr5,vivos,phowhisper,base,tone_aware_lora,0.05,42,5,noise,ĐƠN VỊ MÌNH KHÔNG NGHE AI NÓI GÌ CHƯA HẲN ĐÃ TỐT,đơn vị mình không nghe ai nói gì chưa hẳn đã tốt
VIVOSDEV13_026_clean,vivos,phowhisper,base,tone_aware_lora,0.05,42,clean,clean,KHÔNG AI ĐƯỢC NGƯỢC ĐÃI CÁC EM VÌ CÁC EM HỌC CHẬM,không ai được ngược đãi các em vì các em học chậm
VIVOSDEV13_026_snr0,vivos,phowhisper,base,tone_aware_lora,0.05,42,0,music,KHÔNG AI ĐƯỢC NGƯỢC ĐÃI CÁC EM VÌ CÁC EM HỌC CHẬM,không ai được ngược lại các em vì các em học giảm
VIVOSDEV13_026_snr10,vivos,phowhisper,base,tone_aware_lora,0.05,42,10,music,KHÔNG AI ĐƯỢC NGƯỢC ĐÃI CÁC EM VÌ CÁC EM HỌC CHẬM,không ai được ngược đãi các em vì các em học chậm
VIVOSDEV13_026_snr20,vivos,phowhisper,base,tone_aware_lora,0.05,42,20,noise,KHÔNG AI ĐƯỢC NGƯỢC ĐÃI CÁC EM VÌ CÁC EM HỌC CHẬM,không ai được ngược đãi các em vì các em học chậm
VIVOSDEV13_026_snr5,vivos,phowhisper,base,tone_aware_lora,0.05,42,5,noise,KHÔNG AI ĐƯỢC NGƯỢC ĐÃI CÁC EM VÌ CÁC EM HỌC CHẬM,không ai được ngược đãi các em vì các em học chậm
VIVOSDEV13_058_clean,vivos,phowhisper,base,tone_aware_lora,0.05,42,clean,clean,ĐÓ LÀ GIAI ĐOẠN THỜI TIẾT ÍT BIẾN ĐỘNG VÀ NHIỆT ĐỘ KHÔNG QUÁ THẤP,đó là giai đoạn thời tiết ít biến động và nhiệt độ không quá thấp
VIVOSDEV13_058_snr0,vivos,phowhisper,base,tone_aware_lora,0.05,42,0,noise,ĐÓ LÀ GIAI ĐOẠN THỜI TIẾT ÍT BIẾN ĐỘNG VÀ NHIỆT ĐỘ KHÔNG QUÁ THẤP,đó là giai đoạn thời tiết ít biến động và nhiệt độ không quá thấp
VIVOSDEV13_058_snr10,vivos,phowhisper,base,tone_aware_lora,0.05,42,10,noise,ĐÓ LÀ GIAI ĐOẠN THỜI TIẾT ÍT BIẾN ĐỘNG VÀ NHIỆT ĐỘ KHÔNG QUÁ THẤP,đó là giai đoạn thời tiết ít biến động và nhiệt độ không quá thấp
VIVOSDEV13_058_snr20,vivos,phowhisper,base,tone_aware_lora,0.05,42,20,noise,ĐÓ LÀ GIAI ĐOẠN THỜI TIẾT ÍT BIẾN ĐỘNG VÀ NHIỆT ĐỘ KHÔNG QUÁ THẤP,đó là giai đoạn thời tiết ít biến động và nhiệt độ không quá thấp
VIVOSDEV13_058_snr5,vivos,phowhisper,base,tone_aware_lora,0.05,42,5,music,ĐÓ LÀ GIAI ĐOẠN THỜI TIẾT ÍT BIẾN ĐỘNG VÀ NHIỆT ĐỘ KHÔNG QUÁ THẤP,đó là giai đoạn thời tiết ít biến động và nhiệt độ không quá thấp
VIVOSDEV13_061_clean,vivos,phowhisper,base,tone_aware_lora,0.05,42,clean,clean,NHƯNG SAU NGHE CON NÓI RA NÓI VÀO LẠI ÁC CẢM VỚI EM,nhưng sau nghe con nói ra nói vào lại ác cảm với em
VIVOSDEV13_061_snr0,vivos,phowhisper,base,tone_aware_lora,0.05,42,0,noise,NHƯNG SAU NGHE CON NÓI RA NÓI VÀO LẠI ÁC CẢM VỚI EM,nhưng sau nghe con nói ra nói vào lại ái cảm với em
VIVOSDEV13_061_snr10,vivos,phowhisper,base,tone_aware_lora,0.05,42,10,speech,NHƯNG SAU NGHE CON NÓI RA NÓI VÀO LẠI ÁC CẢM VỚI EM,nhưng sau nghe con nói ra nói vào lại ác cảm với em
VIVOSDEV13_061_snr20,vivos,phowhisper,base,tone_aware_lora,0.05,42,20,speech,NHƯNG SAU NGHE CON NÓI RA NÓI VÀO LẠI ÁC CẢM VỚI EM,nhưng sau nghe con nói ra nói vào lại ác cảm với em
VIVOSDEV13_061_snr5,vivos,phowhisper,base,tone_aware_lora,0.05,42,5,noise,NHƯNG SAU NGHE CON NÓI RA NÓI VÀO LẠI ÁC CẢM VỚI EM,nhưng sau nghe con nói ra nói vào lại ác cảm với em
VIVOSDEV13_075_clean,vivos,phowhisper,base,tone_aware_lora,0.05,42,clean,clean,BẠN CÓ THỂ TẮT CHƯƠNG TRÌNH ĐÓ ĐI VÀ THỰC HIỆN THAO TÁC CUỐI CÙNG,bạn có thể tắt chương trình đó đi và thực hiện thao tác cuối cùng
VIVOSDEV13_075_snr0,vivos,phowhisper,base,tone_aware_lora,0.05,42,0,speech,BẠN CÓ THỂ TẮT CHƯƠNG TRÌNH ĐÓ ĐI VÀ THỰC HIỆN THAO TÁC CUỐI CÙNG,bạn có thể tắt chương trình đó đi và thực hiện hao tác cuối cùng
VIVOSDEV13_075_snr10,vivos,phowhisper,base,tone_aware_lora,0.05,42,10,music,BẠN CÓ THỂ TẮT CHƯƠNG TRÌNH ĐÓ ĐI VÀ THỰC HIỆN THAO TÁC CUỐI CÙNG,bạn có thể tắt chương trình đó đi và thực hiện thao tác cuối cùng
VIVOSDEV13_075_snr20,vivos,phowhisper,base,tone_aware_lora,0.05,42,20,noise,BẠN CÓ THỂ TẮT CHƯƠNG TRÌNH ĐÓ ĐI VÀ THỰC HIỆN THAO TÁC CUỐI CÙNG,bạn có thể tắt chương trình đó đi và thực hiện thao tác cuối cùng
VIVOSDEV13_075_snr5,vivos,phowhisper,base,tone_aware_lora,0.05,42,5,speech,BẠN CÓ THỂ TẮT CHƯƠNG TRÌNH ĐÓ ĐI VÀ THỰC HIỆN THAO TÁC CUỐI CÙNG,bạn có thể tắt chương trình đó đi và thực hiện thao tác cuối cùng
VIVOSDEV13_078_clean,vivos,phowhisper,base,tone_aware_lora,0.05,42,clean,clean,KHẮP NƠI QUANH CHÚNG TÔI VƯƠNG VÃI XÁC CHẾT CỦA NGƯỜI DÂN VÔ TỘI,khắp nơi quanh chúng tôi vương vãi sát chết của người dân vô tội
VIVOSDEV13_078_snr0,vivos,phowhisper,base,tone_aware_lora,0.05,42,0,speech,KHẮP NƠI QUANH CHÚNG TÔI VƯƠNG VÃI XÁC CHẾT CỦA NGƯỜI DÂN VÔ TỘI,khắp nơi quanh chúng tôi run rẩy sấy chết của người dân vô tội
VIVOSDEV13_078_snr10,vivos,phowhisper,base,tone_aware_lora,0.05,42,10,music,KHẮP NƠI QUANH CHÚNG TÔI VƯƠNG VÃI XÁC CHẾT CỦA NGƯỜI DÂN VÔ TỘI,khắp nơi quanh chúng tôi vương vãi sát chết của người dân vô tội
VIVOSDEV13_078_snr20,vivos,phowhisper,base,tone_aware_lora,0.05,42,20,noise,KHẮP NƠI QUANH CHÚNG TÔI VƯƠNG VÃI XÁC CHẾT CỦA NGƯỜI DÂN VÔ TỘI,khắp nơi quanh chúng tôi vương vãi sát chết của người dân vô tội
VIVOSDEV13_078_snr5,vivos,phowhisper,base,tone_aware_lora,0.05,42,5,noise,KHẮP NƠI QUANH CHÚNG TÔI VƯƠNG VÃI XÁC CHẾT CỦA NGƯỜI DÂN VÔ TỘI,khắp nơi quanh chúng tôi vương vãi xác chết của người dân vô tội
VIVOSDEV13_089_clean,vivos,phowhisper,base,tone_aware_lora,0.05,42,clean,clean,NHÀ VĂN NGUYÊN NGỌC SINH VIÊN CÓ QUYỀN HOÀI NGHI VÀ TRANH CÃI,nhà văn nguyên ngọc sinh nhà văn nguyễn ngọc sinh viên có quyền hoài nghi và tranh cãi
VIVOSDEV13_089_snr0,vivos,phowhisper,base,tone_aware_lora,0.05,42,0,noise,NHÀ VĂN NGUYÊN NGỌC SINH VIÊN CÓ QUYỀN HOÀI NGHI VÀ TRANH CÃI,nhà văn nguyên ngọc trinh nhà văn nguyễn ngọc trinh ghi đó vừa ngoài nghi và tranh trã
VIVOSDEV13_089_snr10,vivos,phowhisper,base,tone_aware_lora,0.05,42,10,noise,NHÀ VĂN NGUYÊN NGỌC SINH VIÊN CÓ QUYỀN HOÀI NGHI VÀ TRANH CÃI,nhà văn nguyên ngọc sinh nhà văn nguyễn ngọc sinh viên có quyền hoài nghi và tranh cãi
VIVOSDEV13_089_snr20,vivos,phowhisper,base,tone_aware_lora,0.05,42,20,noise,NHÀ VĂN NGUYÊN NGỌC SINH VIÊN CÓ QUYỀN HOÀI NGHI VÀ TRANH CÃI,nhà văn nguyên ngọc sinh nhà văn nguyễn ngọc sinh viên có quyền hoài nghi và tranh cãi
VIVOSDEV13_089_snr5,vivos,phowhisper,base,tone_aware_lora,0.05,42,5,noise,NHÀ VĂN NGUYÊN NGỌC SINH VIÊN CÓ QUYỀN HOÀI NGHI VÀ TRANH CÃI,nhà văn nguyên ngọc sinh nhà văn nguyễn ngọc sinh viên có quyền hoài nghi và tranh cãi
VIVOSDEV13_097_clean,vivos,phowhisper,base,tone_aware_lora,0.05,42,clean,clean,CUỘC THI CÒN CÓ HAI GIẢI NHÌ BA GIẢI BA VÀ BỐN GIẢI KHUYẾN KHÍCH,cuộc thi còn có hai giải nhì ba giải ba và bốn giải khuyến khích
VIVOSDEV13_097_snr0,vivos,phowhisper,base,tone_aware_lora,0.05,42,0,noise,CUỘC THI CÒN CÓ HAI GIẢI NHÌ BA GIẢI BA VÀ BỐN GIẢI KHUYẾN KHÍCH,cuộc thi còn có hai giải nhì ba giải ba và buống giải khuyến khích
VIVOSDEV13_097_snr10,vivos,phowhisper,base,tone_aware_lora,0.05,42,10,music,CUỘC THI CÒN CÓ HAI GIẢI NHÌ BA GIẢI BA VÀ BỐN GIẢI KHUYẾN KHÍCH,cuộc thi còn có hai giải nhì ba giải ba và bốn giải khuyến khích
VIVOSDEV13_097_snr20,vivos,phowhisper,base,tone_aware_lora,0.05,42,20,noise,CUỘC THI CÒN CÓ HAI GIẢI NHÌ BA GIẢI BA VÀ BỐN GIẢI KHUYẾN KHÍCH,cuộc thi còn có hai giải nhì ba giải ba và bốn giải khuyến khích
VIVOSDEV13_097_snr5,vivos,phowhisper,base,tone_aware_lora,0.05,42,5,speech,CUỘC THI CÒN CÓ HAI GIẢI NHÌ BA GIẢI BA VÀ BỐN GIẢI KHUYẾN KHÍCH,cuộc thi còn có hai giải nhì ba giải ba và bốn giải khuyến khích
VIVOSDEV13_105_clean,vivos,phowhisper,base,tone_aware_lora,0.05,42,clean,clean,NHÓC ĐỎ MẶT TÍA TAI NHÓC THUA CHỊ MỘT TUỔI THÔI ĐẤY,nhóc đỏ mặt tía tây nhóc đỏ mặt tía tây nhóc thưa chị một tuổi thôi đấy
VIVOSDEV13_105_snr0,vivos,phowhisper,base,tone_aware_lora,0.05,42,0,noise,NHÓC ĐỎ MẶT TÍA TAI NHÓC THUA CHỊ MỘT TUỔI THÔI ĐẤY,nhóc đỏ mặt tía tây nhóc thưa chị một tuổi thôi đấy
VIVOSDEV13_105_snr10,vivos,phowhisper,base,tone_aware_lora,0.05,42,10,music,NHÓC ĐỎ MẶT TÍA TAI NHÓC THUA CHỊ MỘT TUỔI THÔI ĐẤY,nhóc đỏ mặt tía tây nhóc đỏ mặt tía tây nhóc thưa chị một tuổi thôi đấy
VIVOSDEV13_105_snr20,vivos,phowhisper,base,tone_aware_lora,0.05,42,20,speech,NHÓC ĐỎ MẶT TÍA TAI NHÓC THUA CHỊ MỘT TUỔI THÔI ĐẤY,nhóc đỏ mặt tía tây nhóc đỏ mặt tía tây nhóc thưa chị một tuổi thôi đấy
VIVOSDEV13_105_snr5,vivos,phowhisper,base,tone_aware_lora,0.05,42,5,noise,NHÓC ĐỎ MẶT TÍA TAI NHÓC THUA CHỊ MỘT TUỔI THÔI ĐẤY,nhóc đỏ mặt tía tây nhóc đỏ mặt tía tây nhóc thưa chị một tuổi thôi đấy
VIVOSDEV13_136_clean,vivos,phowhisper,base,tone_aware_lora,0.05,42,clean,clean,TÔI VÀO QUẦY GIẢI KHÁT ĐẦU TIÊN VÀ GỌI MỘT CỐC NƯỚC CAM,tôi vào quầy giải khát đầu tiên và gọi một cốc nước kem
VIVOSDEV13_136_snr0,vivos,phowhisper,base,tone_aware_lora,0.05,42,0,noise,TÔI VÀO QUẦY GIẢI KHÁT ĐẦU TIÊN VÀ GỌI MỘT CỐC NƯỚC CAM,tôi vào quầy giải khát đầu tiên và gọi một cốc nước kem
VIVOSDEV13_136_snr10,vivos,phowhisper,base,tone_aware_lora,0.05,42,10,music,TÔI VÀO QUẦY GIẢI KHÁT ĐẦU TIÊN VÀ GỌI MỘT CỐC NƯỚC CAM,tôi vào quầy giải khát đầu tiên và gọi một cốc nước kem
VIVOSDEV13_136_snr20,vivos,phowhisper,base,tone_aware_lora,0.05,42,20,noise,TÔI VÀO QUẦY GIẢI KHÁT ĐẦU TIÊN VÀ GỌI MỘT CỐC NƯỚC CAM,tôi vào quầy giải khát đầu tiên và gọi một cốc nước kem
VIVOSDEV13_136_snr5,vivos,phowhisper,base,tone_aware_lora,0.05,42,5,noise,TÔI VÀO QUẦY GIẢI KHÁT ĐẦU TIÊN VÀ GỌI MỘT CỐC NƯỚC CAM,tôi vào quầy giải khát đầu tiên và gọi một cốc nước kem
VIVOSDEV13_137_clean,vivos,phowhisper,base,tone_aware_lora,0.05,42,clean,clean,MẸ LẦN TAY TRONG VÍ VÀ LẤY RA CHIẾC PHONG BÌ,mẹ lần tay trong ví và lấy ra chiếc phong bì
VIVOSDEV13_137_snr0,vivos,phowhisper,base,tone_aware_lora,0.05,42,0,noise,MẸ LẦN TAY TRONG VÍ VÀ LẤY RA CHIẾC PHONG BÌ,mẹ làm tay trong lý và lấy ra chứ không bì
VIVOSDEV13_137_snr10,vivos,phowhisper,base,tone_aware_lora,0.05,42,10,speech,MẸ LẦN TAY TRONG VÍ VÀ LẤY RA CHIẾC PHONG BÌ,mẹ lần tay trong ví và lấy ra chiếc phong bì
VIVOSDEV13_137_snr20,vivos,phowhisper,base,tone_aware_lora,0.05,42,20,noise,MẸ LẦN TAY TRONG VÍ VÀ LẤY RA CHIẾC PHONG BÌ,mẹ lần tay trong ví và lấy ra chiếc phong bì
VIVOSDEV13_137_snr5,vivos,phowhisper,base,tone_aware_lora,0.05,42,5,speech,MẸ LẦN TAY TRONG VÍ VÀ LẤY RA CHIẾC PHONG BÌ,mẹ lần tai trong quý và lấy ra chiếc không bì
VIVOSDEV13_139_clean,vivos,phowhisper,base,tone_aware_lora,0.05,42,clean,clean,TIÊU NHƯ PHONG CHẠY TRỐN KHỎI KINH THÀNH ĐỂ TÌM HUNG THỦ THẬT SỰ,tiêu nhữ phong chạy trốn khỏi kinh thành để tìm hung thủ thật sự
VIVOSDEV13_139_snr0,vivos,phowhisper,base,tone_aware_lora,0.05,42,0,noise,TIÊU NHƯ PHONG CHẠY TRỐN KHỎI KINH THÀNH ĐỂ TÌM HUNG THỦ THẬT SỰ,tiêu như phong chạy trốn khỏi kinh hành để tìm hung thủ thật sự
VIVOSDEV13_139_snr10,vivos,phowhisper,base,tone_aware_lora,0.05,42,10,noise,TIÊU NHƯ PHONG CHẠY TRỐN KHỎI KINH THÀNH ĐỂ TÌM HUNG THỦ THẬT SỰ,tiêu như phong chạy trốn khỏi kinh hành để tìm hung thủ thật sự
VIVOSDEV13_139_snr20,vivos,phowhisper,base,tone_aware_lora,0.05,42,20,music,TIÊU NHƯ PHONG CHẠY TRỐN KHỎI KINH THÀNH ĐỂ TÌM HUNG THỦ THẬT SỰ,tiêu như phong chạy trốn khỏi kinh thành để tìm hung thủ thật sự
VIVOSDEV13_139_snr5,vivos,phowhisper,base,tone_aware_lora,0.05,42,5,noise,TIÊU NHƯ PHONG CHẠY TRỐN KHỎI KINH THÀNH ĐỂ TÌM HUNG THỦ THẬT SỰ,tiêu như phong chạy trốn khỏi kinh thành để tìm hung thủ thật sự
VIVOSDEV13_146_clean,vivos,phowhisper,base,tone_aware_lora,0.05,42,clean,clean,CÓ NGÀY CÁC BÁC SĨ ĐIỀU DƯỠNG MỔ MẮT CHO HÀNG TRĂM NGƯỜI MÙ NGHÈO,có ngày các bác sĩ đều giữ mổ mắt cho hàng trăm người mù nghèo
VIVOSDEV13_146_snr0,vivos,phowhisper,base,tone_aware_lora,0.05,42,0,noise,CÓ NGÀY CÁC BÁC SĨ ĐIỀU DƯỠNG MỔ MẮT CHO HÀNG TRĂM NGƯỜI MÙ NGHÈO,có ngày các bác sĩ đều giữ mổ mắt cho hàng trăm người mù nghèo
VIVOSDEV13_146_snr10,vivos,phowhisper,base,tone_aware_lora,0.05,42,10,noise,CÓ NGÀY CÁC BÁC SĨ ĐIỀU DƯỠNG MỔ MẮT CHO HÀNG TRĂM NGƯỜI MÙ NGHÈO,có thể các bác sĩ đều giữ mẫu mắt cho hàng trăm người mù nghèo
VIVOSDEV13_146_snr20,vivos,phowhisper,base,tone_aware_lora,0.05,42,20,noise,CÓ NGÀY CÁC BÁC SĨ ĐIỀU DƯỠNG MỔ MẮT CHO HÀNG TRĂM NGƯỜI MÙ NGHÈO,có ngày các bác sĩ đều giữ mổ mắt cho hàng trăm người mù nghèo
VIVOSDEV13_146_snr5,vivos,phowhisper,base,tone_aware_lora,0.05,42,5,speech,CÓ NGÀY CÁC BÁC SĨ ĐIỀU DƯỠNG MỔ MẮT CHO HÀNG TRĂM NGƯỜI MÙ NGHÈO,có ngày các bác sĩ đều giữ mổ mắt cho hàng trăm người mù nghèo
VIVOSDEV13_147_clean,vivos,phowhisper,base,tone_aware_lora,0.05,42,clean,clean,KHÔNG AI MUỐN CÓ TIÊU CỰC CẢ VÀ CŨNG ĐỪNG TUYỆT ĐỐI HÓA VẤN ĐỀ,không ai muốn có tiêu cực cả và cũng đừng tuyệt đối hóa vấn đề
VIVOSDEV13_147_snr0,vivos,phowhisper,base,tone_aware_lora,0.05,42,0,speech,KHÔNG AI MUỐN CÓ TIÊU CỰC CẢ VÀ CŨNG ĐỪNG TUYỆT ĐỐI HÓA VẤN ĐỀ,không ai muốn có tiêu cực thì hình ảnh thường từ việc đối hoá vấn đề
VIVOSDEV13_147_snr10,vivos,phowhisper,base,tone_aware_lora,0.05,42,10,noise,KHÔNG AI MUỐN CÓ TIÊU CỰC CẢ VÀ CŨNG ĐỪNG TUYỆT ĐỐI HÓA VẤN ĐỀ,không ai muốn có tiêu cực cả và cũng đừng tuyệt đối hóa vấn đề
VIVOSDEV13_147_snr20,vivos,phowhisper,base,tone_aware_lora,0.05,42,20,noise,KHÔNG AI MUỐN CÓ TIÊU CỰC CẢ VÀ CŨNG ĐỪNG TUYỆT ĐỐI HÓA VẤN ĐỀ,không ai muốn có tiêu cực cả và cũng đừng tuyệt đối hóa vấn đề
VIVOSDEV13_147_snr5,vivos,phowhisper,base,tone_aware_lora,0.05,42,5,noise,KHÔNG AI MUỐN CÓ TIÊU CỰC CẢ VÀ CŨNG ĐỪNG TUYỆT ĐỐI HÓA VẤN ĐỀ,không ai muốn có tiêu cực cả và cũng đừng tuyệt đối hóa vấn đề
VIVOSDEV13_150_clean,vivos,phowhisper,base,tone_aware_lora,0.05,42,clean,clean,VỢ HẮN THỊ NGẦN MANG LƯỚI RA VÁ ĐỂ CHIỀU THẢ,vợ hắn thị ngần mang lưới ra vá để chiều thả
VIVOSDEV13_150_snr0,vivos,phowhisper,base,tone_aware_lora,0.05,42,0,speech,VỢ HẮN THỊ NGẦN MANG LƯỚI RA VÁ ĐỂ CHIỀU THẢ,sự võ hoàng hiện ngọc hồ xin gây ra vá để truyền thả
VIVOSDEV13_150_snr10,vivos,phowhisper,base,tone_aware_lora,0.05,42,10,noise,VỢ HẮN THỊ NGẦN MANG LƯỚI RA VÁ ĐỂ CHIỀU THẢ,vợ hắn thị nần mang lưới ra vá để chiều thả
VIVOSDEV13_150_snr20,vivos,phowhisper,base,tone_aware_lora,0.05,42,20,noise,VỢ HẮN THỊ NGẦN MANG LƯỚI RA VÁ ĐỂ CHIỀU THẢ,vợ hắn thị ngần mang lưới ra vá để chiều thả
VIVOSDEV13_150_snr5,vivos,phowhisper,base,tone_aware_lora,0.05,42,5,music,VỢ HẮN THỊ NGẦN MANG LƯỚI RA VÁ ĐỂ CHIỀU THẢ,vợ hắn thị ngần mang lưới ra vá để chiều thả
VIVOSDEV13_222_clean,vivos,phowhisper,base,tone_aware_lora,0.05,42,clean,clean,MẸ CŨNG ĐÃ TỪNG THỐNG KHỔ TUYỆT VỌNG VÀ CÔ ĐƠN NHƯ VẬY,mẹ cũng đã từng thấm khổ tuyệt vọng và cô đơn như vậy
VIVOSDEV13_222_snr0,vivos,phowhisper,base,tone_aware_lora,0.05,42,0,music,MẸ CŨNG ĐÃ TỪNG THỐNG KHỔ TUYỆT VỌNG VÀ CÔ ĐƠN NHƯ VẬY,mẹ cũng đã từng ấm thổ thiệt tạo mà cô đơn như vậy
VIVOSDEV13_222_snr10,vivos,phowhisper,base,tone_aware_lora,0.05,42,10,music,MẸ CŨNG ĐÃ TỪNG THỐNG KHỔ TUYỆT VỌNG VÀ CÔ ĐƠN NHƯ VẬY,mẹ cũng đã từng thấm khổ tuyệt vọng và cô đơn như vậy
VIVOSDEV13_222_snr20,vivos,phowhisper,base,tone_aware_lora,0.05,42,20,music,MẸ CŨNG ĐÃ TỪNG THỐNG KHỔ TUYỆT VỌNG VÀ CÔ ĐƠN NHƯ VẬY,mẹ cũng đã từng thống khổ tuyệt vọng và cô đơn như vậy
VIVOSDEV13_222_snr5,vivos,phowhisper,base,tone_aware_lora,0.05,42,5,music,MẸ CŨNG ĐÃ TỪNG THỐNG KHỔ TUYỆT VỌNG VÀ CÔ ĐƠN NHƯ VẬY,mẹ cũng đã từng thấm khổ tuyệt vọng và cô đơn như vậy
VIVOSDEV13_241_clean,vivos,phowhisper,base,tone_aware_lora,0.05,42,clean,clean,MÙA ĐÔNG CẢ CÁNH ĐỒNG CHUYỂN SANG MỘT MÀU VÀNG RỰC,đông cả cánh đồng chuyển sang một màu vàng rực
VIVOSDEV13_241_snr0,vivos,phowhisper,base,tone_aware_lora,0.05,42,0,music,MÙA ĐÔNG CẢ CÁNH ĐỒNG CHUYỂN SANG MỘT MÀU VÀNG RỰC,đông cả cánh đồng chuyển sang một màu vàng rực
VIVOSDEV13_241_snr10,vivos,phowhisper,base,tone_aware_lora,0.05,42,10,noise,MÙA ĐÔNG CẢ CÁNH ĐỒNG CHUYỂN SANG MỘT MÀU VÀNG RỰC,đông cả cánh đồng chuyển sang một màu vàng rực
VIVOSDEV13_241_snr20,vivos,phowhisper,base,tone_aware_lora,0.05,42,20,music,MÙA ĐÔNG CẢ CÁNH ĐỒNG CHUYỂN SANG MỘT MÀU VÀNG RỰC,đông cả cánh đồng chuyển sang một màu vàng rực
VIVOSDEV13_241_snr5,vivos,phowhisper,base,tone_aware_lora,0.05,42,5,noise,MÙA ĐÔNG CẢ CÁNH ĐỒNG CHUYỂN SANG MỘT MÀU VÀNG RỰC,đông cả cánh đồng chuyển sang màu màu vàng rực
VIVOSDEV13_252_clean,vivos,phowhisper,base,tone_aware_lora,0.05,42,clean,clean,TÔI HỌC CÙNG VỚI CÁC ANH CHỊ LÀM VIỆC CHUYÊN VỀ SẢN XUẤT PHẦN MỀM,tôi học cùng với các anh chị làm việc chuyên về sản xuất phần mềm
VIVOSDEV13_252_snr0,vivos,phowhisper,base,tone_aware_lora,0.05,42,0,speech,TÔI HỌC CÙNG VỚI CÁC ANH CHỊ LÀM VIỆC CHUYÊN VỀ SẢN XUẤT PHẦN MỀM,tôi học cùng với các em chị làm việc chuyên về sản xuất phần mềm
VIVOSDEV13_252_snr10,vivos,phowhisper,base,tone_aware_lora,0.05,42,10,noise,TÔI HỌC CÙNG VỚI CÁC ANH CHỊ LÀM VIỆC CHUYÊN VỀ SẢN XUẤT PHẦN MỀM,tôi học cùng với các anh chị làm việc chuyên về sản xuất phần mềm
VIVOSDEV13_252_snr20,vivos,phowhisper,base,tone_aware_lora,0.05,42,20,speech,TÔI HỌC CÙNG VỚI CÁC ANH CHỊ LÀM VIỆC CHUYÊN VỀ SẢN XUẤT PHẦN MỀM,tôi học cùng với các anh chị làm việc chuyên về sản xuất phần mềm
VIVOSDEV13_252_snr5,vivos,phowhisper,base,tone_aware_lora,0.05,42,5,noise,TÔI HỌC CÙNG VỚI CÁC ANH CHỊ LÀM VIỆC CHUYÊN VỀ SẢN XUẤT PHẦN MỀM,tôi học cùng với các anh chị làm việc kiêm về sản xuất phần mềm
VIVOSDEV13_267_clean,vivos,phowhisper,base,tone_aware_lora,0.05,42,clean,clean,DO VẬY VẤN ĐỀ KHU TRÚ KHỐNG CHẾ BỆNH TẢ HIỆN NAY RẤT KHÓ,do vậy vấn đề khu trú không chế bệnh tả hiện nay rất khó
VIVOSDEV13_267_snr0,vivos,phowhisper,base,tone_aware_lora,0.05,42,0,noise,DO VẬY VẤN ĐỀ KHU TRÚ KHỐNG CHẾ BỆNH TẢ HIỆN NAY RẤT KHÓ,do vậy vấn đề khu trú không chế bệnh tả diện này rất khó
VIVOSDEV13_267_snr10,vivos,phowhisper,base,tone_aware_lora,0.05,42,10,music,DO VẬY VẤN ĐỀ KHU TRÚ KHỐNG CHẾ BỆNH TẢ HIỆN NAY RẤT KHÓ,do vậy vấn đề khu trú không chế bệnh tả hiện nay rất khó
VIVOSDEV13_267_snr20,vivos,phowhisper,base,tone_aware_lora,0.05,42,20,noise,DO VẬY VẤN ĐỀ KHU TRÚ KHỐNG CHẾ BỆNH TẢ HIỆN NAY RẤT KHÓ,do vậy vấn đề khu trú không chế bệnh tả hiện nay rất khó
VIVOSDEV13_267_snr5,vivos,phowhisper,base,tone_aware_lora,0.05,42,5,noise,DO VẬY VẤN ĐỀ KHU TRÚ KHỐNG CHẾ BỆNH TẢ HIỆN NAY RẤT KHÓ,do vậy vấn đề cư trú không chế bệnh tả hiện nay rất khó
VIVOSDEV13_277_clean,vivos,phowhisper,base,tone_aware_lora,0.05,42,clean,clean,HÀ NỘI MỞ RỘNG KHU VỰC HỒ TÂY SÔNG HỒNG NÊN LÀ KHU VỰC TĨNH,hà nội mở rộng khu vực hồ tây sông hồng nên là khu vực tỉnh
VIVOSDEV13_277_snr0,vivos,phowhisper,base,tone_aware_lora,0.05,42,0,noise,HÀ NỘI MỞ RỘNG KHU VỰC HỒ TÂY SÔNG HỒNG NÊN LÀ KHU VỰC TĨNH,hà nội mở rộng khu vực hồ tây sông hồng nên là khu vực tỉnh
VIVOSDEV13_277_snr10,vivos,phowhisper,base,tone_aware_lora,0.05,42,10,music,HÀ NỘI MỞ RỘNG KHU VỰC HỒ TÂY SÔNG HỒNG NÊN LÀ KHU VỰC TĨNH,hà nội mở rộng khu vực hồ tây sông hồng nên là khu vực tỉnh
VIVOSDEV13_277_snr20,vivos,phowhisper,base,tone_aware_lora,0.05,42,20,music,HÀ NỘI MỞ RỘNG KHU VỰC HỒ TÂY SÔNG HỒNG NÊN LÀ KHU VỰC TĨNH,hà nội mở rộng khu vực hồ tây sông hồng nên là khu vực tỉnh
VIVOSDEV13_277_snr5,vivos,phowhisper,base,tone_aware_lora,0.05,42,5,noise,HÀ NỘI MỞ RỘNG KHU VỰC HỒ TÂY SÔNG HỒNG NÊN LÀ KHU VỰC TĨNH,hà nội mở rộng khu vực hồ tây sông hồng nên là khu vực tỉnh
VIVOSDEV14_018_clean,vivos,phowhisper,base,tone_aware_lora,0.05,42,clean,clean,BIÊN CHẾ NÀY NHÀ THANH GỌI LÀ AN NAM QUỐC NHẠC,biên chế này nhà thanh gọi là an nam quốc nhạc
VIVOSDEV14_018_snr0,vivos,phowhisper,base,tone_aware_lora,0.05,42,0,music,BIÊN CHẾ NÀY NHÀ THANH GỌI LÀ AN NAM QUỐC NHẠC,biên chế này nhà thanh gọi là an nam quốc nhạc
VIVOSDEV14_018_snr10,vivos,phowhisper,base,tone_aware_lora,0.05,42,10,noise,BIÊN CHẾ NÀY NHÀ THANH GỌI LÀ AN NAM QUỐC NHẠC,biên chế này nhà thanh gọi là an nam quốc nhạc
VIVOSDEV14_018_snr20,vivos,phowhisper,base,tone_aware_lora,0.05,42,20,music,BIÊN CHẾ NÀY NHÀ THANH GỌI LÀ AN NAM QUỐC NHẠC,biên chế này nhà thanh gọi là an nam quốc nhạc
VIVOSDEV14_018_snr5,vivos,phowhisper,base,tone_aware_lora,0.05,42,5,noise,BIÊN CHẾ NÀY NHÀ THANH GỌI LÀ AN NAM QUỐC NHẠC,bên chế này nhà thanh gọi là an nam quốc nhạc
VIVOSDEV14_022_clean,vivos,phowhisper,base,tone_aware_lora,0.05,42,clean,clean,HƠN LÀ DẪN DẮT CÁC EM THEO CHỦ Ý CỦA GIÁO VIÊN,hơn là dẫn dắt các em theo chủ ý của giáo viên
VIVOSDEV14_022_snr0,vivos,phowhisper,base,tone_aware_lora,0.05,42,0,music,HƠN LÀ DẪN DẮT CÁC EM THEO CHỦ Ý CỦA GIÁO VIÊN,hơn là dẫn dắt các em theo chủ ý của giáo viên
VIVOSDEV14_022_snr10,vivos,phowhisper,base,tone_aware_lora,0.05,42,10,noise,HƠN LÀ DẪN DẮT CÁC EM THEO CHỦ Ý CỦA GIÁO VIÊN,hơn là dẫn dắt các em theo chủ ý của giáo viên
VIVOSDEV14_022_snr20,vivos,phowhisper,base,tone_aware_lora,0.05,42,20,noise,HƠN LÀ DẪN DẮT CÁC EM THEO CHỦ Ý CỦA GIÁO VIÊN,hơn là dẫn dắt các em theo chủ quý của giáo viên
VIVOSDEV14_022_snr5,vivos,phowhisper,base,tone_aware_lora,0.05,42,5,noise,HƠN LÀ DẪN DẮT CÁC EM THEO CHỦ Ý CỦA GIÁO VIÊN,hơn là dẫn dắt các em theo chủ ý của giáo viên
VIVOSDEV14_035_clean,vivos,phowhisper,base,tone_aware_lora,0.05,42,clean,clean,NHẠC SĨ LA HỐI VỚI CA KHÚC XUÂN VÀ TUỔI TRẺ,nhạc sĩ la hối với ca khúc xuân và tuổi trẻ
VIVOSDEV14_035_snr0,vivos,phowhisper,base,tone_aware_lora,0.05,42,0,music,NHẠC SĨ LA HỐI VỚI CA KHÚC XUÂN VÀ TUỔI TRẺ,nhạc sĩ la hối với ca khúc xuân và tuổi trẻ
VIVOSDEV14_035_snr10,vivos,phowhisper,base,tone_aware_lora,0.05,42,10,speech,NHẠC SĨ LA HỐI VỚI CA KHÚC XUÂN VÀ TUỔI TRẺ,nhạc sĩ la hối với ca khúc xuân và tuổi trẻ
VIVOSDEV14_035_snr20,vivos,phowhisper,base,tone_aware_lora,0.05,42,20,music,NHẠC SĨ LA HỐI VỚI CA KHÚC XUÂN VÀ TUỔI TRẺ,nhạc sĩ la hối với ca khúc xuân và tuổi trẻ
VIVOSDEV14_035_snr5,vivos,phowhisper,base,tone_aware_lora,0.05,42,5,noise,NHẠC SĨ LA HỐI VỚI CA KHÚC XUÂN VÀ TUỔI TRẺ,nhạc sĩ la hối với ca khúc xung và tuổi trẻ
VIVOSDEV14_080_clean,vivos,phowhisper,base,tone_aware_lora,0.05,42,clean,clean,TUY PHÍA TRƯỚC CÒN VÔ VÀ KHÓ KHĂN ĐỐI VỚI CON,tuy phía trước còn vô và khó khăn đối với con
VIVOSDEV14_080_snr0,vivos,phowhisper,base,tone_aware_lora,0.05,42,0,noise,TUY PHÍA TRƯỚC CÒN VÔ VÀ KHÓ KHĂN ĐỐI VỚI CON,tuy cái trước còn vô và khó khăn đối với con
VIVOSDEV14_080_snr10,vivos,phowhisper,base,tone_aware_lora,0.05,42,10,noise,TUY PHÍA TRƯỚC CÒN VÔ VÀ KHÓ KHĂN ĐỐI VỚI CON,tuy phía trước còn vô và khó khăn đối với con
VIVOSDEV14_080_snr20,vivos,phowhisper,base,tone_aware_lora,0.05,42,20,speech,TUY PHÍA TRƯỚC CÒN VÔ VÀ KHÓ KHĂN ĐỐI VỚI CON,tuy phía trước còn vô và khó khăn đối với con
VIVOSDEV14_080_snr5,vivos,phowhisper,base,tone_aware_lora,0.05,42,5,noise,TUY PHÍA TRƯỚC CÒN VÔ VÀ KHÓ KHĂN ĐỐI VỚI CON,tuy phía trước còn vô và khó khăn đối với con
VIVOSDEV14_085_clean,vivos,phowhisper,base,tone_aware_lora,0.05,42,clean,clean,BỐN NĂM TRỜI BỊ CÂM MỘT MÌNH VỚI BÓNG MÌNH NHIỀU PHEN ÒA KHÓC,bốn năm trời bị căm một mình với bóng mình nhiều phen oạt hóc
VIVOSDEV14_085_snr0,vivos,phowhisper,base,tone_aware_lora,0.05,42,0,noise,BỐN NĂM TRỜI BỊ CÂM MỘT MÌNH VỚI BÓNG MÌNH NHIỀU PHEN ÒA KHÓC,cuốn năm trời bị cao một mình với bóng mình nhiều khi mạng thống
VIVOSDEV14_085_snr10,vivos,phowhisper,base,tone_aware_lora,0.05,42,10,speech,BỐN NĂM TRỜI BỊ CÂM MỘT MÌNH VỚI BÓNG MÌNH NHIỀU PHEN ÒA KHÓC,bốn năm trời bị căm một mình với bóng mình nhiều phen hàn khóc
VIVOSDEV14_085_snr20,vivos,phowhisper,base,tone_aware_lora,0.05,42,20,music,BỐN NĂM TRỜI BỊ CÂM MỘT MÌNH VỚI BÓNG MÌNH NHIỀU PHEN ÒA KHÓC,bốn năm trời bị căm một mình với bóng mình nhiều phen à khóc
VIVOSDEV14_085_snr5,vivos,phowhisper,base,tone_aware_lora,0.05,42,5,music,BỐN NĂM TRỜI BỊ CÂM MỘT MÌNH VỚI BÓNG MÌNH NHIỀU PHEN ÒA KHÓC,bốn năm trời bị căm một mình với bóng mình nhiều phiên hạn khóc
VIVOSDEV14_093_clean,vivos,phowhisper,base,tone_aware_lora,0.05,42,clean,clean,TRÒ ĐÙA ĐỐI VỚI THẦY NHƯNG LẠI LÀ CHÂN THẬT CHÂN THẬT VỚI MỘT NGƯỜI,trò đùa đối với thầy nhưng lại là chân thật chân thật với một người
VIVOSDEV14_093_snr0,vivos,phowhisper,base,tone_aware_lora,0.05,42,0,music,TRÒ ĐÙA ĐỐI VỚI THẦY NHƯNG LẠI LÀ CHÂN THẬT CHÂN THẬT VỚI MỘT NGƯỜI,trò đùa đối với thầy nhưng lại là chân thật chân thật với một người
VIVOSDEV14_093_snr10,vivos,phowhisper,base,tone_aware_lora,0.05,42,10,music,TRÒ ĐÙA ĐỐI VỚI THẦY NHƯNG LẠI LÀ CHÂN THẬT CHÂN THẬT VỚI MỘT NGƯỜI,trò đùa đối với thầy nhưng lại là chân thật chân thật với một người
VIVOSDEV14_093_snr20,vivos,phowhisper,base,tone_aware_lora,0.05,42,20,music,TRÒ ĐÙA ĐỐI VỚI THẦY NHƯNG LẠI LÀ CHÂN THẬT CHÂN THẬT VỚI MỘT NGƯỜI,trò đùa đối với thầy nhưng lại là chân thật chân thật với một người
VIVOSDEV14_093_snr5,vivos,phowhisper,base,tone_aware_lora,0.05,42,5,speech,TRÒ ĐÙA ĐỐI VỚI THẦY NHƯNG LẠI LÀ CHÂN THẬT CHÂN THẬT VỚI MỘT NGƯỜI,trò đùa đối với thầy nhưng lại là chân thật chân thật với một người
VIVOSDEV14_104_clean,vivos,phowhisper,base,tone_aware_lora,0.05,42,clean,clean,ĐÓ LÀ NHẬN XÉT CHUNG CỦA NHIỀU TỔNG GIÁM ĐỐC ĐIỀU HÀNH NGÀY NAY,đó là nhận xét chung của nhiều tổng giám đốc điều hành ngày nay
VIVOSDEV14_104_snr0,vivos,phowhisper,base,tone_aware_lora,0.05,42,0,speech,ĐÓ LÀ NHẬN XÉT CHUNG CỦA NHIỀU TỔNG GIÁM ĐỐC ĐIỀU HÀNH NGÀY NAY,đó là nhận xét chung của nhiều tổng giám đốc điều hành ngày nay
VIVOSDEV14_104_snr10,vivos,phowhisper,base,tone_aware_lora,0.05,42,10,noise,ĐÓ LÀ NHẬN XÉT CHUNG CỦA NHIỀU TỔNG GIÁM ĐỐC ĐIỀU HÀNH NGÀY NAY,đó là nhận xét chung của nhiều tổng giám đốc điều hành nghề này
VIVOSDEV14_104_snr20,vivos,phowhisper,base,tone_aware_lora,0.05,42,20,speech,ĐÓ LÀ NHẬN XÉT CHUNG CỦA NHIỀU TỔNG GIÁM ĐỐC ĐIỀU HÀNH NGÀY NAY,đó là nhận xét chung của nhiều tổng giám đốc điều hành ngày nay
VIVOSDEV14_104_snr5,vivos,phowhisper,base,tone_aware_lora,0.05,42,5,speech,ĐÓ LÀ NHẬN XÉT CHUNG CỦA NHIỀU TỔNG GIÁM ĐỐC ĐIỀU HÀNH NGÀY NAY,đó là nhận xét chung của nhiều tổng giám đốc điều hành ngày nay
VIVOSDEV14_115_clean,vivos,phowhisper,base,tone_aware_lora,0.05,42,clean,clean,VẬY MÀ GIỜ ĐÂY NÓ KHÔNG ĐỢI ĐƯỢC ĐẾN LÚC HUY VỀ,vậy mà giờ đây nó không đợi được đến lúc huy về
VIVOSDEV14_115_snr0,vivos,phowhisper,base,tone_aware_lora,0.05,42,0,noise,VẬY MÀ GIỜ ĐÂY NÓ KHÔNG ĐỢI ĐƯỢC ĐẾN LÚC HUY VỀ,vậy mà giờ đây nó không đợi được đến lúc hi về
VIVOSDEV14_115_snr10,vivos,phowhisper,base,tone_aware_lora,0.05,42,10,music,VẬY MÀ GIỜ ĐÂY NÓ KHÔNG ĐỢI ĐƯỢC ĐẾN LÚC HUY VỀ,vậy mà giờ đây nó không đợi được đến lúc huy về
VIVOSDEV14_115_snr20,vivos,phowhisper,base,tone_aware_lora,0.05,42,20,noise,VẬY MÀ GIỜ ĐÂY NÓ KHÔNG ĐỢI ĐƯỢC ĐẾN LÚC HUY VỀ,vậy mà giờ đây nó không đợi được đến lúc huy về
VIVOSDEV14_115_snr5,vivos,phowhisper,base,tone_aware_lora,0.05,42,5,noise,VẬY MÀ GIỜ ĐÂY NÓ KHÔNG ĐỢI ĐƯỢC ĐẾN LÚC HUY VỀ,vậy mà giờ đây nó không đợi được đến lúc huy về
VIVOSDEV14_134_clean,vivos,phowhisper,base,tone_aware_lora,0.05,42,clean,clean,NHƯNG TRƯỚC ĐÂY NHÌN TỪ BÊN NGOÀI NƠI NÀY KHÔNG KHÁC MỘT CĂN NHÀ HOANG,trước đây nhìn từ bên ngoài nơi này không hát gì một căn nhà hoang
VIVOSDEV14_134_snr0,vivos,phowhisper,base,tone_aware_lora,0.05,42,0,music,NHƯNG TRƯỚC ĐÂY NHÌN TỪ BÊN NGOÀI NƠI NÀY KHÔNG KHÁC MỘT CĂN NHÀ HOANG,trước đây nhìn từ bên ngoài nơi này không phát dì một căn nhà huy
VIVOSDEV14_134_snr10,vivos,phowhisper,base,tone_aware_lora,0.05,42,10,music,NHƯNG TRƯỚC ĐÂY NHÌN TỪ BÊN NGOÀI NƠI NÀY KHÔNG KHÁC MỘT CĂN NHÀ HOANG,trước đây nhìn từ bên ngoài nơi này không hát gì một căn nhà hoang
VIVOSDEV14_134_snr20,vivos,phowhisper,base,tone_aware_lora,0.05,42,20,music,NHƯNG TRƯỚC ĐÂY NHÌN TỪ BÊN NGOÀI NƠI NÀY KHÔNG KHÁC MỘT CĂN NHÀ HOANG,trước đây nhìn từ bên ngoài nơi này không khác gì một căn nhà hoang
VIVOSDEV14_134_snr5,vivos,phowhisper,base,tone_aware_lora,0.05,42,5,noise,NHƯNG TRƯỚC ĐÂY NHÌN TỪ BÊN NGOÀI NƠI NÀY KHÔNG KHÁC MỘT CĂN NHÀ HOANG,trước đây nhìn từ bên ngoài nơi này không khác gì một căn nhà hoang
VIVOSDEV14_151_clean,vivos,phowhisper,base,tone_aware_lora,0.05,42,clean,clean,TÔI ĐÃ CÓ THỜI GIAN TUYỆT VỜI KHI CHƠI CHO ĐỘI TUYỂN,tôi đã có thời gian tuyệt vời khi chơi cho đội tuyển
VIVOSDEV14_151_snr0,vivos,phowhisper,base,tone_aware_lora,0.05,42,0,speech,TÔI ĐÃ CÓ THỜI GIAN TUYỆT VỜI KHI CHƠI CHO ĐỘI TUYỂN,tôi đã có thể kể cả khi chơi cho đoạn tiền tỉnh
VIVOSDEV14_151_snr10,vivos,phowhisper,base,tone_aware_lora,0.05,42,10,music,TÔI ĐÃ CÓ THỜI GIAN TUYỆT VỜI KHI CHƠI CHO ĐỘI TUYỂN,tôi đã có thời gian tuyệt vời khi chơi cho đội tuyển
VIVOSDEV14_151_snr20,vivos,phowhisper,base,tone_aware_lora,0.05,42,20,noise,TÔI ĐÃ CÓ THỜI GIAN TUYỆT VỜI KHI CHƠI CHO ĐỘI TUYỂN,tôi đã có thời gian tuyệt vời khi chơi cho đội tuyển
VIVOSDEV14_151_snr5,vivos,phowhisper,base,tone_aware_lora,0.05,42,5,speech,TÔI ĐÃ CÓ THỜI GIAN TUYỆT VỜI KHI CHƠI CHO ĐỘI TUYỂN,tôi đã có thể diện tuyệt vời khi chơi cho đội tuyển
VIVOSDEV14_156_clean,vivos,phowhisper,base,tone_aware_lora,0.05,42,clean,clean,THỈNH THOẢNG CON ĐI QUA DỪNG LẠI DỰNG XE NGỒI HÚT THUỐC,thỉnh thoảng con đi qua dừng lại dựng xe ngồi hút thuốc
VIVOSDEV14_156_snr0,vivos,phowhisper,base,tone_aware_lora,0.05,42,0,music,THỈNH THOẢNG CON ĐI QUA DỪNG LẠI DỰNG XE NGỒI HÚT THUỐC,thỉnh thoảng con đi qua giường lại dựng xe ngồi hút thuốc
VIVOSDEV14_156_snr10,vivos,phowhisper,base,tone_aware_lora,0.05,42,10,music,THỈNH THOẢNG CON ĐI QUA DỪNG LẠI DỰNG XE NGỒI HÚT THUỐC,thỉnh thoảng con đi qua dừng lại dựng xe ngồi hút thuốc
VIVOSDEV14_156_snr20,vivos,phowhisper,base,tone_aware_lora,0.05,42,20,speech,THỈNH THOẢNG CON ĐI QUA DỪNG LẠI DỰNG XE NGỒI HÚT THUỐC,thỉnh thoảng con đi qua dừng lại dựng xe ngồi hút thuốc
VIVOSDEV14_156_snr5,vivos,phowhisper,base,tone_aware_lora,0.05,42,5,music,THỈNH THOẢNG CON ĐI QUA DỪNG LẠI DỰNG XE NGỒI HÚT THUỐC,thỉnh thoảng con đi qua giường lại dựng xe ngồi hút thuốc
VIVOSDEV14_163_clean,vivos,phowhisper,base,tone_aware_lora,0.05,42,clean,clean,CHÚ BỘ ĐỘI QUA NHỮNG CÂU CHUYỆN CỦA ÔNG MỚI GẦN GŨI LÀM SAO,trưa bộ đội qua những câu chuyện cô ông mới gần gũi làm sao
VIVOSDEV14_163_snr0,vivos,phowhisper,base,tone_aware_lora,0.05,42,0,noise,CHÚ BỘ ĐỘI QUA NHỮNG CÂU CHUYỆN CỦA ÔNG MỚI GẦN GŨI LÀM SAO,chú vội đổ qua những câu chuyện cô ông mới lần rủi lòng xa
VIVOSDEV14_163_snr10,vivos,phowhisper,base,tone_aware_lora,0.05,42,10,noise,CHÚ BỘ ĐỘI QUA NHỮNG CÂU CHUYỆN CỦA ÔNG MỚI GẦN GŨI LÀM SAO,trưa bộ đội qua những câu chuyện cô ông mới gần gũi làm sao
VIVOSDEV14_163_snr20,vivos,phowhisper,base,tone_aware_lora,0.05,42,20,music,CHÚ BỘ ĐỘI QUA NHỮNG CÂU CHUYỆN CỦA ÔNG MỚI GẦN GŨI LÀM SAO,trước bộ đội qua những câu chuyện cô ông mới gần gũi làm sao
VIVOSDEV14_163_snr5,vivos,phowhisper,base,tone_aware_lora,0.05,42,5,music,CHÚ BỘ ĐỘI QUA NHỮNG CÂU CHUYỆN CỦA ÔNG MỚI GẦN GŨI LÀM SAO,trưa vội đội qua những câu chuyện của ông mới gần gũi làm khó khăn
VIVOSDEV14_186_clean,vivos,phowhisper,base,tone_aware_lora,0.05,42,clean,clean,CÓ BẰNG THẠC SĨ NHỮNG NGÀNH TRÊN LÀ MỘT LỢI THẾ,có bằng thạc sĩ nhưng ngành trên là một loại thế
VIVOSDEV14_186_snr0,vivos,phowhisper,base,tone_aware_lora,0.05,42,0,music,CÓ BẰNG THẠC SĨ NHỮNG NGÀNH TRÊN LÀ MỘT LỢI THẾ,có bằng thạc sĩ kim ngành trên là một lợi thế
VIVOSDEV14_186_snr10,vivos,phowhisper,base,tone_aware_lora,0.05,42,10,music,CÓ BẰNG THẠC SĨ NHỮNG NGÀNH TRÊN LÀ MỘT LỢI THẾ,có bằng thạc sĩ nhưng ngành trên là một lợi thế
VIVOSDEV14_186_snr20,vivos,phowhisper,base,tone_aware_lora,0.05,42,20,noise,CÓ BẰNG THẠC SĨ NHỮNG NGÀNH TRÊN LÀ MỘT LỢI THẾ,có bằng thạc sĩ nhưng ngành trên là một lợi thế
VIVOSDEV14_186_snr5,vivos,phowhisper,base,tone_aware_lora,0.05,42,5,music,CÓ BẰNG THẠC SĨ NHỮNG NGÀNH TRÊN LÀ MỘT LỢI THẾ,có bằng thật sự nhưng ngành trên là một loại thớ
VIVOSDEV14_191_clean,vivos,phowhisper,base,tone_aware_lora,0.05,42,clean,clean,MINH NHẬT HỒNG QUÂN VŨ CÔNG THÀNH SƯU TẦM TỪ BÁO NƯỚC NGOÀI,minh quân hồng quân vũ công thành sưu tập từ báo nước ngoài
VIVOSDEV14_191_snr0,vivos,phowhisper,base,tone_aware_lora,0.05,42,0,speech,MINH NHẬT HỒNG QUÂN VŨ CÔNG THÀNH SƯU TẦM TỪ BÁO NƯỚC NGOÀI,minh quân hồng quân vũ công thành sưu tập từ báo nước ngoài
VIVOSDEV14_191_snr10,vivos,phowhisper,base,tone_aware_lora,0.05,42,10,music,MINH NHẬT HỒNG QUÂN VŨ CÔNG THÀNH SƯU TẦM TỪ BÁO NƯỚC NGOÀI,minh quân hồng quân vũ công thành sưu tập từ báo nước ngoài
VIVOSDEV14_191_snr20,vivos,phowhisper,base,tone_aware_lora,0.05,42,20,music,MINH NHẬT HỒNG QUÂN VŨ CÔNG THÀNH SƯU TẦM TỪ BÁO NƯỚC NGOÀI,minh quân hồng quân vũ công thành sưu tập từ báo nước ngoài
VIVOSDEV14_191_snr5,vivos,phowhisper,base,tone_aware_lora,0.05,42,5,noise,MINH NHẬT HỒNG QUÂN VŨ CÔNG THÀNH SƯU TẦM TỪ BÁO NƯỚC NGOÀI,minh quân hồng quân của công thành sưu tập từ báo nước ngoài
VIVOSDEV14_194_clean,vivos,phowhisper,base,tone_aware_lora,0.05,42,clean,clean,MUỐN CÓ BẰNG LÁI PHẢI QUA MỘT ĐỢT THI RẤT KHẮT KHE,muốn có bằng lái phải qua một đợt thi rất khắt khe
VIVOSDEV14_194_snr0,vivos,phowhisper,base,tone_aware_lora,0.05,42,0,speech,MUỐN CÓ BẰNG LÁI PHẢI QUA MỘT ĐỢT THI RẤT KHẮT KHE,vốn có lần ái phải qua mức được thi đức khách nước em
VIVOSDEV14_194_snr10,vivos,phowhisper,base,tone_aware_lora,0.05,42,10,noise,MUỐN CÓ BẰNG LÁI PHẢI QUA MỘT ĐỢT THI RẤT KHẮT KHE,vốn có bằng lái phải qua một đợt thi rất khắt khe
VIVOSDEV14_194_snr20,vivos,phowhisper,base,tone_aware_lora,0.05,42,20,noise,MUỐN CÓ BẰNG LÁI PHẢI QUA MỘT ĐỢT THI RẤT KHẮT KHE,muốn có bằng lái phải qua một đợt thi rất khắt khe
VIVOSDEV14_194_snr5,vivos,phowhisper,base,tone_aware_lora,0.05,42,5,noise,MUỐN CÓ BẰNG LÁI PHẢI QUA MỘT ĐỢT THI RẤT KHẮT KHE,vũ có bằng lái phải qua mục đực thi đất hắt khe
VIVOSDEV14_195_clean,vivos,phowhisper,base,tone_aware_lora,0.05,42,clean,clean,YÊU NHAU KHOẢNG VÀI THÁNG THÌ CHÚNG TÔI ĐÃ CÓ QUAN HỆ TÌNH DỤC,yêu nhau khoảng vài tháng thì chúng tôi đã có quan hệ
VIVOSDEV14_195_snr0,vivos,phowhisper,base,tone_aware_lora,0.05,42,0,speech,YÊU NHAU KHOẢNG VÀI THÁNG THÌ CHÚNG TÔI ĐÃ CÓ QUAN HỆ TÌNH DỤC,yêu nhau những vài tháng thì chúng tôi đã có quan hệ
VIVOSDEV14_195_snr10,vivos,phowhisper,base,tone_aware_lora,0.05,42,10,speech,YÊU NHAU KHOẢNG VÀI THÁNG THÌ CHÚNG TÔI ĐÃ CÓ QUAN HỆ TÌNH DỤC,yêu nhau khoảng vài tháng thì chúng tôi đã có quan hệ
VIVOSDEV14_195_snr20,vivos,phowhisper,base,tone_aware_lora,0.05,42,20,speech,YÊU NHAU KHOẢNG VÀI THÁNG THÌ CHÚNG TÔI ĐÃ CÓ QUAN HỆ TÌNH DỤC,yêu nhau khoảng vài tháng thì chúng tôi đã có quan hệ
VIVOSDEV14_195_snr5,vivos,phowhisper,base,tone_aware_lora,0.05,42,5,noise,YÊU NHAU KHOẢNG VÀI THÁNG THÌ CHÚNG TÔI ĐÃ CÓ QUAN HỆ TÌNH DỤC,yêu nhau khoảng vài tháng thì chúng tôi đã có quan hệ
VIVOSDEV14_225_clean,vivos,phowhisper,base,tone_aware_lora,0.05,42,clean,clean,ÔNG DƯƠNG ĐỨC LÂN PHÓ TỔNG CỤC TRƯỞNG TỔNG CỤC DẠY NGHỀ,ông dương đức lân phó tổng cục trưởng tập cụm dạy nghề
VIVOSDEV14_225_snr0,vivos,phowhisper,base,tone_aware_lora,0.05,42,0,noise,ÔNG DƯƠNG ĐỨC LÂN PHÓ TỔNG CỤC TRƯỞNG TỔNG CỤC DẠY NGHỀ,ông dương đức lân phó tổng cục trưởng tập cục dạy nghề
VIVOSDEV14_225_snr10,vivos,phowhisper,base,tone_aware_lora,0.05,42,10,noise,ÔNG DƯƠNG ĐỨC LÂN PHÓ TỔNG CỤC TRƯỞNG TỔNG CỤC DẠY NGHỀ,ông dương đức lân phó tổng cục trưởng tập cận chạy nghề
VIVOSDEV14_225_snr20,vivos,phowhisper,base,tone_aware_lora,0.05,42,20,speech,ÔNG DƯƠNG ĐỨC LÂN PHÓ TỔNG CỤC TRƯỞNG TỔNG CỤC DẠY NGHỀ,ông dương đức lân phó tổng cục trưởng tập cụm dạy nghề
VIVOSDEV14_225_snr5,vivos,phowhisper,base,tone_aware_lora,0.05,42,5,noise,ÔNG DƯƠNG ĐỨC LÂN PHÓ TỔNG CỤC TRƯỞNG TỔNG CỤC DẠY NGHỀ,ông dương đức lân phó tổng cục trưởng tộc cũng dạy nghề
VIVOSDEV14_227_clean,vivos,phowhisper,base,tone_aware_lora,0.05,42,clean,clean,ĐỐI XỬ VỚI BẠN NHƯ NGƯỜI YÊU CŨ CỦA BẠN ĐÃ TỪNG LÀM,đối xử với bạn như người yêu cũ của bạn đã từng làm
VIVOSDEV14_227_snr0,vivos,phowhisper,base,tone_aware_lora,0.05,42,0,music,ĐỐI XỬ VỚI BẠN NHƯ NGƯỜI YÊU CŨ CỦA BẠN ĐÃ TỪNG LÀM,đối xử với bạn như người yêu cũ của bạn đã từng làm
VIVOSDEV14_227_snr10,vivos,phowhisper,base,tone_aware_lora,0.05,42,10,noise,ĐỐI XỬ VỚI BẠN NHƯ NGƯỜI YÊU CŨ CỦA BẠN ĐÃ TỪNG LÀM,đối xử với bạn như người yêu cũ của bạn đã từng làm
VIVOSDEV14_227_snr20,vivos,phowhisper,base,tone_aware_lora,0.05,42,20,speech,ĐỐI XỬ VỚI BẠN NHƯ NGƯỜI YÊU CŨ CỦA BẠN ĐÃ TỪNG LÀM,đối xử với bạn như người yêu cũ của bạn đã từng làm
VIVOSDEV14_227_snr5,vivos,phowhisper,base,tone_aware_lora,0.05,42,5,noise,ĐỐI XỬ VỚI BẠN NHƯ NGƯỜI YÊU CŨ CỦA BẠN ĐÃ TỪNG LÀM,đối xử với bạn như người yêu cũ của bạn đã từng làm
VIVOSDEV14_236_clean,vivos,phowhisper,base,tone_aware_lora,0.05,42,clean,clean,VÌ VẬY CÔNG TY B PHẢI CÓ TRÁCH NHIỆM BỒI THƯỜNG,vì vậy công ty b phải có trách nhiệm bồi thường
VIVOSDEV14_236_snr0,vivos,phowhisper,base,tone_aware_lora,0.05,42,0,music,VÌ VẬY CÔNG TY B PHẢI CÓ TRÁCH NHIỆM BỒI THƯỜNG,từ tại công ty p phải có trách nhiệm bồi thường
VIVOSDEV14_236_snr10,vivos,phowhisper,base,tone_aware_lora,0.05,42,10,speech,VÌ VẬY CÔNG TY B PHẢI CÓ TRÁCH NHIỆM BỒI THƯỜNG,vì vậy công ty bê phải có trách nhiệm bồi thường
VIVOSDEV14_236_snr20,vivos,phowhisper,base,tone_aware_lora,0.05,42,20,noise,VÌ VẬY CÔNG TY B PHẢI CÓ TRÁCH NHIỆM BỒI THƯỜNG,vì vậy công ty b phải có trách nhiệm bồi thường
VIVOSDEV14_236_snr5,vivos,phowhisper,base,tone_aware_lora,0.05,42,5,speech,VÌ VẬY CÔNG TY B PHẢI CÓ TRÁCH NHIỆM BỒI THƯỜNG,vì vậy công ty p phải có trách nhiệm bồi thường
VIVOSDEV14_256_clean,vivos,phowhisper,base,tone_aware_lora,0.05,42,clean,clean,NÔNG DÂN TRỒNG MÍA THAN CỨ MỘT VỤ ĐƯỢC LẠI BA VỤ THẤT,nông dân trồng mía than cứ một vụ lại được ba vụ thất
VIVOSDEV14_256_snr0,vivos,phowhisper,base,tone_aware_lora,0.05,42,0,speech,NÔNG DÂN TRỒNG MÍA THAN CỨ MỘT VỤ ĐƯỢC LẠI BA VỤ THẤT,nhóm chừng trọng nghĩa than cứ một bộ lần lại được bà bùi thức
VIVOSDEV14_256_snr10,vivos,phowhisper,base,tone_aware_lora,0.05,42,10,noise,NÔNG DÂN TRỒNG MÍA THAN CỨ MỘT VỤ ĐƯỢC LẠI BA VỤ THẤT,nông dân trồng vía than cứ một vụ lại được ba vụ thất
VIVOSDEV14_256_snr20,vivos,phowhisper,base,tone_aware_lora,0.05,42,20,music,NÔNG DÂN TRỒNG MÍA THAN CỨ MỘT VỤ ĐƯỢC LẠI BA VỤ THẤT,nông dân trồng mía than cứ một vụ lại được ba vụ thất
VIVOSDEV14_256_snr5,vivos,phowhisper,base,tone_aware_lora,0.05,42,5,noise,NÔNG DÂN TRỒNG MÍA THAN CỨ MỘT VỤ ĐƯỢC LẠI BA VỤ THẤT,nông dân trồng lấy than cứ một vụ lại được va vụ thất
VIVOSDEV14_280_clean,vivos,phowhisper,base,tone_aware_lora,0.05,42,clean,clean,THÌ NGƯỜI XEM CŨNG ĐƯỢC NÂNG CAO KIẾN THỨC VỀ ĐỊA LÝ,thì người xem cũng được nâng cao kiến thức về địa lý
VIVOSDEV14_280_snr0,vivos,phowhisper,base,tone_aware_lora,0.05,42,0,music,THÌ NGƯỜI XEM CŨNG ĐƯỢC NÂNG CAO KIẾN THỨC VỀ ĐỊA LÝ,thì người xem cũng được nâng cao kiến thức và địa lý
VIVOSDEV14_280_snr10,vivos,phowhisper,base,tone_aware_lora,0.05,42,10,noise,THÌ NGƯỜI XEM CŨNG ĐƯỢC NÂNG CAO KIẾN THỨC VỀ ĐỊA LÝ,thì người xem cũng được nâng cao kiến thức về địa lý
VIVOSDEV14_280_snr20,vivos,phowhisper,base,tone_aware_lora,0.05,42,20,noise,THÌ NGƯỜI XEM CŨNG ĐƯỢC NÂNG CAO KIẾN THỨC VỀ ĐỊA LÝ,thì người xem cũng được nâng cao kiến thức về địa lý
VIVOSDEV14_280_snr5,vivos,phowhisper,base,tone_aware_lora,0.05,42,5,music,THÌ NGƯỜI XEM CŨNG ĐƯỢC NÂNG CAO KIẾN THỨC VỀ ĐỊA LÝ,thì người xem cũng được nâng cao kiến thức và để lý
VIVOSDEV14_283_clean,vivos,phowhisper,base,tone_aware_lora,0.05,42,clean,clean,NGÀY XƯA CÁC CỤ LÀM BÌA SÁCH LÀ MINH HOẠ CHO CUỐN SÁCH ĐÓ,ngày xưa các cụ làm bìa sách làm minh hạ cho cuốn sách đó
VIVOSDEV14_283_snr0,vivos,phowhisper,base,tone_aware_lora,0.05,42,0,music,NGÀY XƯA CÁC CỤ LÀM BÌA SÁCH LÀ MINH HOẠ CHO CUỐN SÁCH ĐÓ,ngày xưa các cụ làm bề sách làm minh hạ cho cuốn sách đó
VIVOSDEV14_283_snr10,vivos,phowhisper,base,tone_aware_lora,0.05,42,10,speech,NGÀY XƯA CÁC CỤ LÀM BÌA SÁCH LÀ MINH HOẠ CHO CUỐN SÁCH ĐÓ,ngày xưa các cụ làm bìa sách làm minh hạ cho cuốn sách đó
VIVOSDEV14_283_snr20,vivos,phowhisper,base,tone_aware_lora,0.05,42,20,speech,NGÀY XƯA CÁC CỤ LÀM BÌA SÁCH LÀ MINH HOẠ CHO CUỐN SÁCH ĐÓ,ngày xưa các cụ làm bìa sách làm minh họa cho cuốn sách đó
VIVOSDEV14_283_snr5,vivos,phowhisper,base,tone_aware_lora,0.05,42,5,speech,NGÀY XƯA CÁC CỤ LÀM BÌA SÁCH LÀ MINH HOẠ CHO CUỐN SÁCH ĐÓ,ngày xưa các cụ làm bìa xách làm minh hạ cho cuốn sách đó
VIVOSDEV14_286_clean,vivos,phowhisper,base,tone_aware_lora,0.05,42,clean,clean,NHIỀU GIA ĐÌNH HIỆN NAY THÍCH TỰ GIỚI THIỆU CHƯƠNG TRÌNH,nhiều gia đình hiện nay thích tự giới thiệu chương trình
VIVOSDEV14_286_snr0,vivos,phowhisper,base,tone_aware_lora,0.05,42,0,music,NHIỀU GIA ĐÌNH HIỆN NAY THÍCH TỰ GIỚI THIỆU CHƯƠNG TRÌNH,người gia đình muốn giúp tự giới thiệu chương trình
VIVOSDEV14_286_snr10,vivos,phowhisper,base,tone_aware_lora,0.05,42,10,noise,NHIỀU GIA ĐÌNH HIỆN NAY THÍCH TỰ GIỚI THIỆU CHƯƠNG TRÌNH,nhiều gia đình hiện nay thích tự giới thiệu chương trình
VIVOSDEV14_286_snr20,vivos,phowhisper,base,tone_aware_lora,0.05,42,20,speech,NHIỀU GIA ĐÌNH HIỆN NAY THÍCH TỰ GIỚI THIỆU CHƯƠNG TRÌNH,nhiều gia đình hiện nay thích tự giới thiệu chương trình
VIVOSDEV14_286_snr5,vivos,phowhisper,base,tone_aware_lora,0.05,42,5,speech,NHIỀU GIA ĐÌNH HIỆN NAY THÍCH TỰ GIỚI THIỆU CHƯƠNG TRÌNH,nhiều gia đình hiện nay rất tự giới thiệu chương trình
VIVOSDEV14_289_clean,vivos,phowhisper,base,tone_aware_lora,0.05,42,clean,clean,TÔI LÀ MỘT NGƯỜI MIỀN TÂY ĐANG LÀ NGHIÊN CỨU SINH Ở MỸ,tôi là một người miền tây đang là nghiên cứu sinh ở mỹ
VIVOSDEV14_289_snr0,vivos,phowhisper,base,tone_aware_lora,0.05,42,0,noise,TÔI LÀ MỘT NGƯỜI MIỀN TÂY ĐANG LÀ NGHIÊN CỨU SINH Ở MỸ,tôi là một người miền tây đang ngàn nghiên cứu sinh ở mỹ
VIVOSDEV14_289_snr10,vivos,phowhisper,base,tone_aware_lora,0.05,42,10,noise,TÔI LÀ MỘT NGƯỜI MIỀN TÂY ĐANG LÀ NGHIÊN CỨU SINH Ở MỸ,tôi là một người miền tây đang là nghiên cứu sinh ở mỹ
VIVOSDEV14_289_snr20,vivos,phowhisper,base,tone_aware_lora,0.05,42,20,noise,TÔI LÀ MỘT NGƯỜI MIỀN TÂY ĐANG LÀ NGHIÊN CỨU SINH Ở MỸ,tôi là một người miền tây đang là nghiên cứu sinh ở mỹ
VIVOSDEV14_289_snr5,vivos,phowhisper,base,tone_aware_lora,0.05,42,5,speech,TÔI LÀ MỘT NGƯỜI MIỀN TÂY ĐANG LÀ NGHIÊN CỨU SINH Ở MỸ,tôi là một người miền tây đang là nghiên cứu sinh ở mỹ
VIVOSDEV14_291_clean,vivos,phowhisper,base,tone_aware_lora,0.05,42,clean,clean,CÀNG ĐI SÂU VÀO BÊN TRONG CẢNH TRÍ THIÊN NHIÊN CÀNG HÙNG VĨ,càng đi sâu vào bên trong cảnh trí thiên nhiên càng hùng vĩ
VIVOSDEV14_291_snr0,vivos,phowhisper,base,tone_aware_lora,0.05,42,0,speech,CÀNG ĐI SÂU VÀO BÊN TRONG CẢNH TRÍ THIÊN NHIÊN CÀNG HÙNG VĨ,kẻ đi sâu vào bên trong cảnh trí thiên nhiên càng hùng vĩ
VIVOSDEV14_291_snr10,vivos,phowhisper,base,tone_aware_lora,0.05,42,10,speech,CÀNG ĐI SÂU VÀO BÊN TRONG CẢNH TRÍ THIÊN NHIÊN CÀNG HÙNG VĨ,càng đi sâu vào bên trong cảnh trí thiên nhiên càng hùng vĩ
VIVOSDEV14_291_snr20,vivos,phowhisper,base,tone_aware_lora,0.05,42,20,speech,CÀNG ĐI SÂU VÀO BÊN TRONG CẢNH TRÍ THIÊN NHIÊN CÀNG HÙNG VĨ,càng đi sâu vào bên trong cảnh trí thiên nhiên càng hùng vĩ
VIVOSDEV14_291_snr5,vivos,phowhisper,base,tone_aware_lora,0.05,42,5,speech,CÀNG ĐI SÂU VÀO BÊN TRONG CẢNH TRÍ THIÊN NHIÊN CÀNG HÙNG VĨ,càng đi sâu vào bên trong cảnh trí thiên nhiên càng hùng vĩ
VIVOSDEV14_294_clean,vivos,phowhisper,base,tone_aware_lora,0.05,42,clean,clean,MONG BẠN BÌNH TÂM SUY NGHĨ VÀ CHỌN ĐƯỢC CÁCH GIẢI QUYẾT TỐT NHẤT,mong bạn bình đâm sẽ nghĩ và chọn được cách giải quyết tốt nhất
VIVOSDEV14_294_snr0,vivos,phowhisper,base,tone_aware_lora,0.05,42,0,music,MONG BẠN BÌNH TÂM SUY NGHĨ VÀ CHỌN ĐƯỢC CÁCH GIẢI QUYẾT TỐT NHẤT,mong bạn bình đâm suy nghĩ và chọn được cách giải quyết tốt nhất
VIVOSDEV14_294_snr10,vivos,phowhisper,base,tone_aware_lora,0.05,42,10,speech,MONG BẠN BÌNH TÂM SUY NGHĨ VÀ CHỌN ĐƯỢC CÁCH GIẢI QUYẾT TỐT NHẤT,mong bạn bình tâm sẽ nghĩ về chọn được cảnh giải quyết tốt nhất
VIVOSDEV14_294_snr20,vivos,phowhisper,base,tone_aware_lora,0.05,42,20,music,MONG BẠN BÌNH TÂM SUY NGHĨ VÀ CHỌN ĐƯỢC CÁCH GIẢI QUYẾT TỐT NHẤT,mong bạn bình đâm sẽ nghĩ và chọn được cách giải quyết tốt nhất
VIVOSDEV14_294_snr5,vivos,phowhisper,base,tone_aware_lora,0.05,42,5,speech,MONG BẠN BÌNH TÂM SUY NGHĨ VÀ CHỌN ĐƯỢC CÁCH GIẢI QUYẾT TỐT NHẤT,mong bạn bình đâm sẽ nghĩ và chọn được cách giải quyết tốt nhất
VIVOSDEV15_014_clean,vivos,phowhisper,base,tone_aware_lora,0.05,42,clean,clean,THÀNH MỘT CHIẾC LỒNG ĐÈN KHỔNG LỒ TẠI CÔNG VIÊN Ở THỦ ĐÔ BẮC KINH,thành một chiếc lồng đèn khổng lồ tại công viên ở thủ đô bắc kinh
VIVOSDEV15_014_snr0,vivos,phowhisper,base,tone_aware_lora,0.05,42,0,music,THÀNH MỘT CHIẾC LỒNG ĐÈN KHỔNG LỒ TẠI CÔNG VIÊN Ở THỦ ĐÔ BẮC KINH,thành một chết lồng đèn khổng lồ tại công viên ở thủng đô bắc kinh
VIVOSDEV15_014_snr10,vivos,phowhisper,base,tone_aware_lora,0.05,42,10,speech,THÀNH MỘT CHIẾC LỒNG ĐÈN KHỔNG LỒ TẠI CÔNG VIÊN Ở THỦ ĐÔ BẮC KINH,thịnh mùa trước lòng đèn khổng lồ tại công viên ở thủ đô bắc kinh
VIVOSDEV15_014_snr20,vivos,phowhisper,base,tone_aware_lora,0.05,42,20,music,THÀNH MỘT CHIẾC LỒNG ĐÈN KHỔNG LỒ TẠI CÔNG VIÊN Ở THỦ ĐÔ BẮC KINH,thành một chết lồng đèn khổng lồ tại công viên ở thủ đô bắc kinh
VIVOSDEV15_014_snr5,vivos,phowhisper,base,tone_aware_lora,0.05,42,5,music,THÀNH MỘT CHIẾC LỒNG ĐÈN KHỔNG LỒ TẠI CÔNG VIÊN Ở THỦ ĐÔ BẮC KINH,thành một chết lồng đèn khổng lồ tại công viên ở thủ đô bắc kinh
VIVOSDEV15_020_clean,vivos,phowhisper,base,tone_aware_lora,0.05,42,clean,clean,CÂU CHUYỆN CỦA QUÁ KHỨ ÔNG KỂ KHÔNG BIẾT BAO NHIÊU LẦN,câu chuyện của quá khứ ông kẻ không biết bao nhiêu làn
VIVOSDEV15_020_snr0,vivos,phowhisper,base,tone_aware_lora,0.05,42,0,noise,CÂU CHUYỆN CỦA QUÁ KHỨ ÔNG KỂ KHÔNG BIẾT BAO NHIÊU LẦN,câu chuyện của quá khứ em quả có biết bao nhiêu lần
VIVOSDEV15_020_snr10,vivos,phowhisper,base,tone_aware_lora,0.05,42,10,noise,CÂU CHUYỆN CỦA QUÁ KHỨ ÔNG KỂ KHÔNG BIẾT BAO NHIÊU LẦN,câu chuyện của quá khứ ông kẻ không biết bao nhiêu làn
VIVOSDEV15_020_snr20,vivos,phowhisper,base,tone_aware_lora,0.05,42,20,music,CÂU CHUYỆN CỦA QUÁ KHỨ ÔNG KỂ KHÔNG BIẾT BAO NHIÊU LẦN,câu chuyện của quá khứ ông kẻ không biết bao nhiêu làn
VIVOSDEV15_020_snr5,vivos,phowhisper,base,tone_aware_lora,0.05,42,5,music,CÂU CHUYỆN CỦA QUÁ KHỨ ÔNG KỂ KHÔNG BIẾT BAO NHIÊU LẦN,câu chuyện của quá khứ ông kẻ không biết bao nhiêu làn
VIVOSDEV15_021_clean,vivos,phowhisper,base,tone_aware_lora,0.05,42,clean,clean,MÀU SON TRÔNG THẬT TUYỆT TRÊN BẤT KÌ MÀU DA NÀO,màu son trông thật tuyệt trên bất kỳ màu da nào
VIVOSDEV15_021_snr0,vivos,phowhisper,base,tone_aware_lora,0.05,42,0,music,MÀU SON TRÔNG THẬT TUYỆT TRÊN BẤT KÌ MÀU DA NÀO,một sơn tôm thật tuyệt cho mất một kiều hồ dây mọ
VIVOSDEV15_021_snr10,vivos,phowhisper,base,tone_aware_lora,0.05,42,10,music,MÀU SON TRÔNG THẬT TUYỆT TRÊN BẤT KÌ MÀU DA NÀO,màu son trông thật tuyệt nhưng bất kì màu da nào
VIVOSDEV15_021_snr20,vivos,phowhisper,base,tone_aware_lora,0.05,42,20,music,MÀU SON TRÔNG THẬT TUYỆT TRÊN BẤT KÌ MÀU DA NÀO,màu son trông thật tuyệt trên bất kỳ màu da nào
VIVOSDEV15_021_snr5,vivos,phowhisper,base,tone_aware_lora,0.05,42,5,speech,MÀU SON TRÔNG THẬT TUYỆT TRÊN BẤT KÌ MÀU DA NÀO,màu son trong thật tuyệt chưa bất kỳ màu da nào
VIVOSDEV15_026_clean,vivos,phowhisper,base,tone_aware_lora,0.05,42,clean,clean,ÔNG ĂN CHAY MÀ NGHĨ MẶN THÌ ĂN CHAY LÀM CHI,ông ăn chay mà nghĩ mặn thì ăn chay làm thi
VIVOSDEV15_026_snr0,vivos,phowhisper,base,tone_aware_lora,0.05,42,0,noise,ÔNG ĂN CHAY MÀ NGHĨ MẶN THÌ ĂN CHAY LÀM CHI,ông ăn cay mà nghĩ mặn thì ăn cay làm thi
VIVOSDEV15_026_snr10,vivos,phowhisper,base,tone_aware_lora,0.05,42,10,music,ÔNG ĂN CHAY MÀ NGHĨ MẶN THÌ ĂN CHAY LÀM CHI,ông ăn chay mà nghĩ mặn thì ăn chay làm thi
VIVOSDEV15_026_snr20,vivos,phowhisper,base,tone_aware_lora,0.05,42,20,noise,ÔNG ĂN CHAY MÀ NGHĨ MẶN THÌ ĂN CHAY LÀM CHI,ông ăn chay mà nghĩ mạn thì ăn chay làm thi
VIVOSDEV15_026_snr5,vivos,phowhisper,base,tone_aware_lora,0.05,42,5,speech,ÔNG ĂN CHAY MÀ NGHĨ MẶN THÌ ĂN CHAY LÀM CHI,ông ăn chay mà nhún mặn thì ăn chay làm chứ
VIVOSDEV15_037_clean,vivos,phowhisper,base,tone_aware_lora,0.05,42,clean,clean,TRÊN CƠ SỞ ĐÓ NHỮNG HÀNH VI VI PHẠM SẼ ĐƯỢC XỬ LÝ NGHIÊM,trên cơ sở đó những hành vi vi phạm sẽ được xử lý nghiêm
VIVOSDEV15_037_snr0,vivos,phowhisper,base,tone_aware_lora,0.05,42,0,noise,TRÊN CƠ SỞ ĐÓ NHỮNG HÀNH VI VI PHẠM SẼ ĐƯỢC XỬ LÝ NGHIÊM,trên cơ sở đó nhưng hành vi vi phạm sẽ được xử lý nghiêm
VIVOSDEV15_037_snr10,vivos,phowhisper,base,tone_aware_lora,0.05,42,10,music,TRÊN CƠ SỞ ĐÓ NHỮNG HÀNH VI VI PHẠM SẼ ĐƯỢC XỬ LÝ NGHIÊM,trên cơ sở đó những hành vi vi phạm sẽ được xử lý nghiêm
VIVOSDEV15_037_snr20,vivos,phowhisper,base,tone_aware_lora,0.05,42,20,speech,TRÊN CƠ SỞ ĐÓ NHỮNG HÀNH VI VI PHẠM SẼ ĐƯỢC XỬ LÝ NGHIÊM,trên cơ sở đó những hành vi vi phạm sẽ được xử lý nghiêm
VIVOSDEV15_037_snr5,vivos,phowhisper,base,tone_aware_lora,0.05,42,5,noise,TRÊN CƠ SỞ ĐÓ NHỮNG HÀNH VI VI PHẠM SẼ ĐƯỢC XỬ LÝ NGHIÊM,trên cơ sở đó những hành vi vi phạm sẽ được xử lý nghiêm
VIVOSDEV15_038_clean,vivos,phowhisper,base,tone_aware_lora,0.05,42,clean,clean,MỘT CƠ QUAN CHÍNH THỨC ĐỂ KHÁCH HÀNG KHIẾU NẠI THAM KHẢO VÀ TIN TƯỞNG,một cơ quan chính thức để khách hàng khiếu nại tham khảo và tin tưởng
VIVOSDEV15_038_snr0,vivos,phowhisper,base,tone_aware_lora,0.05,42,0,noise,MỘT CƠ QUAN CHÍNH THỨC ĐỂ KHÁCH HÀNG KHIẾU NẠI THAM KHẢO VÀ TIN TƯỞNG,một cơ quan chính thức để khách hàng khiếu nại tham khảo và tin tưởng
VIVOSDEV15_038_snr10,vivos,phowhisper,base,tone_aware_lora,0.05,42,10,music,MỘT CƠ QUAN CHÍNH THỨC ĐỂ KHÁCH HÀNG KHIẾU NẠI THAM KHẢO VÀ TIN TƯỞNG,một cơ quan chính thức để khách hàng khiếu nại tham khảo và tin tưởng
VIVOSDEV15_038_snr20,vivos,phowhisper,base,tone_aware_lora,0.05,42,20,noise,MỘT CƠ QUAN CHÍNH THỨC ĐỂ KHÁCH HÀNG KHIẾU NẠI THAM KHẢO VÀ TIN TƯỞNG,một cơ quan chính thức để khách hàng khiếu nại tham khảo và tin tưởng
VIVOSDEV15_038_snr5,vivos,phowhisper,base,tone_aware_lora,0.05,42,5,noise,MỘT CƠ QUAN CHÍNH THỨC ĐỂ KHÁCH HÀNG KHIẾU NẠI THAM KHẢO VÀ TIN TƯỞNG,một cơ quan chính thức để khách hàng khiếu nại tham khảo và tin tưởng
VIVOSDEV15_050_clean,vivos,phowhisper,base,tone_aware_lora,0.05,42,clean,clean,CHẲNG LẼ ĂN CƠM NHÀ NGƯỜI MÀ LẠI KHÔNG CHĂM CHÚ LẮNG NGHE NGƯỜI NÓI,chẳng lẽ ăn cơm nhà người mà lại không chăm chú nắng nghe người nói
VIVOSDEV15_050_snr0,vivos,phowhisper,base,tone_aware_lora,0.05,42,0,music,CHẲNG LẼ ĂN CƠM NHÀ NGƯỜI MÀ LẠI KHÔNG CHĂM CHÚ LẮNG NGHE NGƯỜI NÓI,chẳng lấy anh cơm nhà người mà lại không chăm chú ngang người ngoái
VIVOSDEV15_050_snr10,vivos,phowhisper,base,tone_aware_lora,0.05,42,10,music,CHẲNG LẼ ĂN CƠM NHÀ NGƯỜI MÀ LẠI KHÔNG CHĂM CHÚ LẮNG NGHE NGƯỜI NÓI,chẳng lẽ ăn cơm nhà người mà lại không chăm chú nắng nghe người nói
VIVOSDEV15_050_snr20,vivos,phowhisper,base,tone_aware_lora,0.05,42,20,noise,CHẲNG LẼ ĂN CƠM NHÀ NGƯỜI MÀ LẠI KHÔNG CHĂM CHÚ LẮNG NGHE NGƯỜI NÓI,chẳng lẽ ăn cơm nhà người mà lại không chăm chú nắng nghe người nói
VIVOSDEV15_050_snr5,vivos,phowhisper,base,tone_aware_lora,0.05,42,5,music,CHẲNG LẼ ĂN CƠM NHÀ NGƯỜI MÀ LẠI KHÔNG CHĂM CHÚ LẮNG NGHE NGƯỜI NÓI,chẳng lẽ ăn cơm nhà người mà lại không chăm chú nắng nghe người nói
VIVOSDEV15_062_clean,vivos,phowhisper,base,tone_aware_lora,0.05,42,clean,clean,NGHĨA LÀ NẾU BẠN ĐANG LÀM VIỆC DƯỚI QUYỀN MỘT GIÁM SÁT VIÊN,nghĩa là nếu bạn đang làm việc dưới quyền một giám sát viên
VIVOSDEV15_062_snr0,vivos,phowhisper,base,tone_aware_lora,0.05,42,0,speech,NGHĨA LÀ NẾU BẠN ĐANG LÀM VIỆC DƯỚI QUYỀN MỘT GIÁM SÁT VIÊN,nghĩa là nếu bạn đang làm việc dưới quyền và giảm tiền
VIVOSDEV15_062_snr10,vivos,phowhisper,base,tone_aware_lora,0.05,42,10,music,NGHĨA LÀ NẾU BẠN ĐANG LÀM VIỆC DƯỚI QUYỀN MỘT GIÁM SÁT VIÊN,nghĩa là nếu bạn đang làm việc dưới quyền một giám sát viên
VIVOSDEV15_062_snr20,vivos,phowhisper,base,tone_aware_lora,0.05,42,20,noise,NGHĨA LÀ NẾU BẠN ĐANG LÀM VIỆC DƯỚI QUYỀN MỘT GIÁM SÁT VIÊN,nghĩa là nếu bạn đang làm việc dưới quyền một giám sát viên
VIVOSDEV15_062_snr5,vivos,phowhisper,base,tone_aware_lora,0.05,42,5,speech,NGHĨA LÀ NẾU BẠN ĐANG LÀM VIỆC DƯỚI QUYỀN MỘT GIÁM SÁT VIÊN,nghĩa là nếu bạn đang làm việc dưới quyền một giảm giá
VIVOSDEV15_066_clean,vivos,phowhisper,base,tone_aware_lora,0.05,42,clean,clean,KẼM CÓ NHIỀU TRONG GAN SÒ THỊT ĐỎ CÁ ÓC TRỨNG,kiểm quá nhiều trong gan sò thịt đỏ cá óc trứng
VIVOSDEV15_066_snr0,vivos,phowhisper,base,tone_aware_lora,0.05,42,0,noise,KẼM CÓ NHIỀU TRONG GAN SÒ THỊT ĐỎ CÁ ÓC TRỨNG,cảm có nhờ trông cao so sờ thịt đỏ cá ốc trứng
VIVOSDEV15_066_snr10,vivos,phowhisper,base,tone_aware_lora,0.05,42,10,music,KẼM CÓ NHIỀU TRONG GAN SÒ THỊT ĐỎ CÁ ÓC TRỨNG,kẽm có nhiều trong gan sò thịt đỏ cá óc trứng
VIVOSDEV15_066_snr20,vivos,phowhisper,base,tone_aware_lora,0.05,42,20,speech,KẼM CÓ NHIỀU TRONG GAN SÒ THỊT ĐỎ CÁ ÓC TRỨNG,kiểm quá nhiều trong gan sò thịt đỏ cá óc trứng
VIVOSDEV15_066_snr5,vivos,phowhisper,base,tone_aware_lora,0.05,42,5,noise,KẼM CÓ NHIỀU TRONG GAN SÒ THỊT ĐỎ CÁ ÓC TRỨNG,kẽm có nhiều trong gan xò thịt bọ cá ốc trúng
VIVOSDEV15_092_clean,vivos,phowhisper,base,tone_aware_lora,0.05,42,clean,clean,UNG THƯ TỪ MỘT CƠ QUAN KHÁC DI CĂN VÀO HỆ THỐNG HẠCH BẠCH HUYẾT,ung thư từ một cơ quan khác di căn vào hệ thống hay bạch huyết
VIVOSDEV15_092_snr0,vivos,phowhisper,base,tone_aware_lora,0.05,42,0,speech,UNG THƯ TỪ MỘT CƠ QUAN KHÁC DI CĂN VÀO HỆ THỐNG HẠCH BẠCH HUYẾT,nhưng từ một cơ quan khác thì con bạn thổi không hạnh khi xem dư ảnh
VIVOSDEV15_092_snr10,vivos,phowhisper,base,tone_aware_lora,0.05,42,10,noise,UNG THƯ TỪ MỘT CƠ QUAN KHÁC DI CĂN VÀO HỆ THỐNG HẠCH BẠCH HUYẾT,ung thư từ một cơ quan khác như căn vào hệ thống hạt bạch huyết
VIVOSDEV15_092_snr20,vivos,phowhisper,base,tone_aware_lora,0.05,42,20,music,UNG THƯ TỪ MỘT CƠ QUAN KHÁC DI CĂN VÀO HỆ THỐNG HẠCH BẠCH HUYẾT,ung thư từ một cơ quan khác di căn vào hệ thống hạch bạch huyết
VIVOSDEV15_092_snr5,vivos,phowhisper,base,tone_aware_lora,0.05,42,5,speech,UNG THƯ TỪ MỘT CƠ QUAN KHÁC DI CĂN VÀO HỆ THỐNG HẠCH BẠCH HUYẾT,ung thư từ một cơ quan khác bôi con vào hệ thống hay bạch huế
VIVOSDEV15_109_clean,vivos,phowhisper,base,tone_aware_lora,0.05,42,clean,clean,CUỘC THI TỰ HÀO SỬ VIỆT ĐÃ HẾT GIAI ĐOẠN I,cuộc thi tự hào xử việc đã hết giai đoạn
VIVOSDEV15_109_snr0,vivos,phowhisper,base,tone_aware_lora,0.05,42,0,music,CUỘC THI TỰ HÀO SỬ VIỆT ĐÃ HẾT GIAI ĐOẠN I,cuộc thi tự hào sự việc đã hết giai đoạn
VIVOSDEV15_109_snr10,vivos,phowhisper,base,tone_aware_lora,0.05,42,10,noise,CUỘC THI TỰ HÀO SỬ VIỆT ĐÃ HẾT GIAI ĐOẠN I,cuộc thi tự hào xử việc đã hết giai đoạn
VIVOSDEV15_109_snr20,vivos,phowhisper,base,tone_aware_lora,0.05,42,20,music,CUỘC THI TỰ HÀO SỬ VIỆT ĐÃ HẾT GIAI ĐOẠN I,cuộc thi tự hào xử việc đã hết giai đoạn
VIVOSDEV15_109_snr5,vivos,phowhisper,base,tone_aware_lora,0.05,42,5,music,CUỘC THI TỰ HÀO SỬ VIỆT ĐÃ HẾT GIAI ĐOẠN I,cuộc thi tự hào xấu việc đã hết giai đoạn
VIVOSDEV15_111_clean,vivos,phowhisper,base,tone_aware_lora,0.05,42,clean,clean,CUỘC BIỂU TÌNH CỦA ÁO ĐỎ CÓ THỂ SẼ BIẾN THÀNH BẠO LỰC,cuộc biểu tình của áo đỏ có thể sẽ biến thành bạo lực
VIVOSDEV15_111_snr0,vivos,phowhisper,base,tone_aware_lora,0.05,42,0,music,CUỘC BIỂU TÌNH CỦA ÁO ĐỎ CÓ THỂ SẼ BIẾN THÀNH BẠO LỰC,cuộc biểu tình của áo đỏ có thể sẽ biến thành bạo lực
VIVOSDEV15_111_snr10,vivos,phowhisper,base,tone_aware_lora,0.05,42,10,noise,CUỘC BIỂU TÌNH CỦA ÁO ĐỎ CÓ THỂ SẼ BIẾN THÀNH BẠO LỰC,cuộc biểu tình của áo đỏ có thể sẽ biến thành bạo lực
VIVOSDEV15_111_snr20,vivos,phowhisper,base,tone_aware_lora,0.05,42,20,speech,CUỘC BIỂU TÌNH CỦA ÁO ĐỎ CÓ THỂ SẼ BIẾN THÀNH BẠO LỰC,cuộc biểu tình của áo đỏ có thể sẽ biến thành bạo lực
VIVOSDEV15_111_snr5,vivos,phowhisper,base,tone_aware_lora,0.05,42,5,noise,CUỘC BIỂU TÌNH CỦA ÁO ĐỎ CÓ THỂ SẼ BIẾN THÀNH BẠO LỰC,cuộc biểu tình của áo đỏ có thể sẽ biến thành đạo lực
VIVOSDEV15_154_clean,vivos,phowhisper,base,tone_aware_lora,0.05,42,clean,clean,CÁI NHÀ HÁT BỊ ĐẬP TAN TÀNH ÔNG KHOÁI LẮM À,cái nhà hát bị đập tan tành ông khoái lắm ạ
VIVOSDEV15_154_snr0,vivos,phowhisper,base,tone_aware_lora,0.05,42,0,music,CÁI NHÀ HÁT BỊ ĐẬP TAN TÀNH ÔNG KHOÁI LẮM À,cái nhà hát bị đập tâm tiền ông ấy lắm à
VIVOSDEV15_154_snr10,vivos,phowhisper,base,tone_aware_lora,0.05,42,10,music,CÁI NHÀ HÁT BỊ ĐẬP TAN TÀNH ÔNG KHOÁI LẮM À,cái nhà hát bị đập tan tành ông khoái lắm ạ
VIVOSDEV15_154_snr20,vivos,phowhisper,base,tone_aware_lora,0.05,42,20,noise,CÁI NHÀ HÁT BỊ ĐẬP TAN TÀNH ÔNG KHOÁI LẮM À,cái nhà hát bị đập tan tành ông khoái lắm ả
VIVOSDEV15_154_snr5,vivos,phowhisper,base,tone_aware_lora,0.05,42,5,speech,CÁI NHÀ HÁT BỊ ĐẬP TAN TÀNH ÔNG KHOÁI LẮM À,cái nhà hát bị đập tan tành ông khoái lắm ạ
VIVOSDEV15_168_clean,vivos,phowhisper,base,tone_aware_lora,0.05,42,clean,clean,MÂM CƠM VẪN THANH ĐẠM TỦ ÁO CỦA VỢ CŨNG CHỈ VÀI BỘ ĐƠN SƠ,mâm cơ vẫn thanh đạm tủ áo của vợ cũng chỉ vài bộ đơ xơ
VIVOSDEV15_168_snr0,vivos,phowhisper,base,tone_aware_lora,0.05,42,0,music,MÂM CƠM VẪN THANH ĐẠM TỦ ÁO CỦA VỢ CŨNG CHỈ VÀI BỘ ĐƠN SƠ,bom cơ vẫn thanh đạm tủ áo của vợ cũng chỉ vài bộ đơ xơ
VIVOSDEV15_168_snr10,vivos,phowhisper,base,tone_aware_lora,0.05,42,10,noise,MÂM CƠM VẪN THANH ĐẠM TỦ ÁO CỦA VỢ CŨNG CHỈ VÀI BỘ ĐƠN SƠ,mâm cơ vẫn thanh đạm tủ áo của vợ cũng chỉ vài bộ đơ xơ
VIVOSDEV15_168_snr20,vivos,phowhisper,base,tone_aware_lora,0.05,42,20,music,MÂM CƠM VẪN THANH ĐẠM TỦ ÁO CỦA VỢ CŨNG CHỈ VÀI BỘ ĐƠN SƠ,mâm cơm vẫn thanh đạm tủ áo của vợ cũng chỉ vài bộ đơ xơ
VIVOSDEV15_168_snr5,vivos,phowhisper,base,tone_aware_lora,0.05,42,5,noise,MÂM CƠM VẪN THANH ĐẠM TỦ ÁO CỦA VỢ CŨNG CHỈ VÀI BỘ ĐƠN SƠ,mâm cơm vẫn thanh đạo tổ áo của vợ cũng thỉ vài bộ đơ xơ
VIVOSDEV15_180_clean,vivos,phowhisper,base,tone_aware_lora,0.05,42,clean,clean,HIỆN NAY BÀ ĐANG BỊ NHIỀU BỆNH VÀ SỐNG DƯỚI MỨC NGHÈO KHỔ,hiện nay bà đang bị nhiều bệnh và sống dưới mức nghèo khổ
VIVOSDEV15_180_snr0,vivos,phowhisper,base,tone_aware_lora,0.05,42,0,music,HIỆN NAY BÀ ĐANG BỊ NHIỀU BỆNH VÀ SỐNG DƯỚI MỨC NGHÈO KHỔ,hiện nay bà đang bị nhiều bệnh và sống dưới mức nghèo khổ
VIVOSDEV15_180_snr10,vivos,phowhisper,base,tone_aware_lora,0.05,42,10,music,HIỆN NAY BÀ ĐANG BỊ NHIỀU BỆNH VÀ SỐNG DƯỚI MỨC NGHÈO KHỔ,hiện nay bà đang bị nhiều bệnh và sống dưới mức nghèo khổ
VIVOSDEV15_180_snr20,vivos,phowhisper,base,tone_aware_lora,0.05,42,20,music,HIỆN NAY BÀ ĐANG BỊ NHIỀU BỆNH VÀ SỐNG DƯỚI MỨC NGHÈO KHỔ,hiện nay bà đang bị nhiều bệnh và sống dưới mức nghèo khổ
VIVOSDEV15_180_snr5,vivos,phowhisper,base,tone_aware_lora,0.05,42,5,noise,HIỆN NAY BÀ ĐANG BỊ NHIỀU BỆNH VÀ SỐNG DƯỚI MỨC NGHÈO KHỔ,hiện nay bà đang bị nhiều bệnh và sống dưới mức nghèo khổ
VIVOSDEV15_198_clean,vivos,phowhisper,base,tone_aware_lora,0.05,42,clean,clean,NHẢM NHÍ KHI GIỜ HỌC CHÁN PHÈO BUỒN NGỦ QUÁ Ờ BUỒN NGỦ,nhạm nhí khi giờ học chán phèo buồn ngủ quá ờ buồn ngủ
VIVOSDEV15_198_snr0,vivos,phowhisper,base,tone_aware_lora,0.05,42,0,noise,NHẢM NHÍ KHI GIỜ HỌC CHÁN PHÈO BUỒN NGỦ QUÁ Ờ BUỒN NGỦ,nhạm nhí khi dần mọc sẵn khèo bồn ngủ quá ờ bồn ngủ
VIVOSDEV15_198_snr10,vivos,phowhisper,base,tone_aware_lora,0.05,42,10,music,NHẢM NHÍ KHI GIỜ HỌC CHÁN PHÈO BUỒN NGỦ QUÁ Ờ BUỒN NGỦ,nhạm nhí khi giờ học chán phèo buồn ngủ quá ờ buồn ngủ
VIVOSDEV15_198_snr20,vivos,phowhisper,base,tone_aware_lora,0.05,42,20,speech,NHẢM NHÍ KHI GIỜ HỌC CHÁN PHÈO BUỒN NGỦ QUÁ Ờ BUỒN NGỦ,nhạm nhí khi giờ học chán phèo buồn ngủ quá ờ buồn ngủ
VIVOSDEV15_198_snr5,vivos,phowhisper,base,tone_aware_lora,0.05,42,5,music,NHẢM NHÍ KHI GIỜ HỌC CHÁN PHÈO BUỒN NGỦ QUÁ Ờ BUỒN NGỦ,nhạm nhí khi giờ học trán phèo buồn ngủ quá ờ buồn ngủ
VIVOSDEV15_203_clean,vivos,phowhisper,base,tone_aware_lora,0.05,42,clean,clean,CÒN ANH TRAI TÔI TRONG NHẬT KÝ CỦA MÌNH CŨNG LINH CẢM ĐIỀU ĐÓ,còn anh trai tôi trong nhật ký của mình cũng linh cảm điều đó
VIVOSDEV15_203_snr0,vivos,phowhisper,base,tone_aware_lora,0.05,42,0,music,CÒN ANH TRAI TÔI TRONG NHẬT KÝ CỦA MÌNH CŨNG LINH CẢM ĐIỀU ĐÓ,còn anh chơi tôi trong nhạc kĩ của mình cũng linh cảm điều đó
VIVOSDEV15_203_snr10,vivos,phowhisper,base,tone_aware_lora,0.05,42,10,music,CÒN ANH TRAI TÔI TRONG NHẬT KÝ CỦA MÌNH CŨNG LINH CẢM ĐIỀU ĐÓ,còn anh trai tôi trong nhật ký của mình cũng linh cảm điều đó
VIVOSDEV15_203_snr20,vivos,phowhisper,base,tone_aware_lora,0.05,42,20,speech,CÒN ANH TRAI TÔI TRONG NHẬT KÝ CỦA MÌNH CŨNG LINH CẢM ĐIỀU ĐÓ,còn anh trai tôi trong nhật ký của mình cũng linh cảm điều đó
VIVOSDEV15_203_snr5,vivos,phowhisper,base,tone_aware_lora,0.05,42,5,music,CÒN ANH TRAI TÔI TRONG NHẬT KÝ CỦA MÌNH CŨNG LINH CẢM ĐIỀU ĐÓ,còn anh trai tôi trong nhật ký của mình cũng linh cảm điều đó
VIVOSDEV15_204_clean,vivos,phowhisper,base,tone_aware_lora,0.05,42,clean,clean,SÁNG CHÚNG TÔI TẠM BIỆT THUNG NAI VÀ NHỮNG CHỦ NHÂN MẾN KHÁCH MỘC MẠC,sáng chúng tôi tạm biệt thung đai và những chủ nhân bến khách bộc mạc
VIVOSDEV15_204_snr0,vivos,phowhisper,base,tone_aware_lora,0.05,42,0,noise,SÁNG CHÚNG TÔI TẠM BIỆT THUNG NAI VÀ NHỮNG CHỦ NHÂN MẾN KHÁCH MỘC MẠC,sáng chung tôi tạm biệt thương mai và những chủ nhân mến tác phẩm bằng
VIVOSDEV15_204_snr10,vivos,phowhisper,base,tone_aware_lora,0.05,42,10,music,SÁNG CHÚNG TÔI TẠM BIỆT THUNG NAI VÀ NHỮNG CHỦ NHÂN MẾN KHÁCH MỘC MẠC,sáng chúng tôi tạm biệt thông lai và những chủ nhân bến khách cổ quạc
VIVOSDEV15_204_snr20,vivos,phowhisper,base,tone_aware_lora,0.05,42,20,noise,SÁNG CHÚNG TÔI TẠM BIỆT THUNG NAI VÀ NHỮNG CHỦ NHÂN MẾN KHÁCH MỘC MẠC,sáng chúng tôi tạm biệt thung đai và những chủ nhân bến khách tục mạc
VIVOSDEV15_204_snr5,vivos,phowhisper,base,tone_aware_lora,0.05,42,5,music,SÁNG CHÚNG TÔI TẠM BIỆT THUNG NAI VÀ NHỮNG CHỦ NHÂN MẾN KHÁCH MỘC MẠC,sáng chúng tôi tạm biệt hôm nay và những chủ nhân bến khách tột mạc
VIVOSDEV15_216_clean,vivos,phowhisper,base,tone_aware_lora,0.05,42,clean,clean,VÀ BẠN CẦN CÓ VIỆC LÀM ỔN ĐỊNH VỚI THU NHẬP CAO,và bạn cần có việc làm ổn định với thu nhập cao
VIVOSDEV15_216_snr0,vivos,phowhisper,base,tone_aware_lora,0.05,42,0,speech,VÀ BẠN CẦN CÓ VIỆC LÀM ỔN ĐỊNH VỚI THU NHẬP CAO,và bạn cần có việc làm ổn định với thu nhập cao
VIVOSDEV15_216_snr10,vivos,phowhisper,base,tone_aware_lora,0.05,42,10,speech,VÀ BẠN CẦN CÓ VIỆC LÀM ỔN ĐỊNH VỚI THU NHẬP CAO,và bạn cần có việc làm ổn định với thu nhập cao
VIVOSDEV15_216_snr20,vivos,phowhisper,base,tone_aware_lora,0.05,42,20,noise,VÀ BẠN CẦN CÓ VIỆC LÀM ỔN ĐỊNH VỚI THU NHẬP CAO,và bạn cần có việc làm ổn định với thu nhập cao
VIVOSDEV15_216_snr5,vivos,phowhisper,base,tone_aware_lora,0.05,42,5,noise,VÀ BẠN CẦN CÓ VIỆC LÀM ỔN ĐỊNH VỚI THU NHẬP CAO,và bạn cần có việc làm ổn định với thu nhập cao
VIVOSDEV15_220_clean,vivos,phowhisper,base,tone_aware_lora,0.05,42,clean,clean,ĐÂY LÀ THÁNG CÓ SỐ ĐĂNG KÝ THẤP NHẤT TỪ ĐẦU NĂM ĐẾN NAY,đây là tháng có số đăng ký thấp nhất từ đầu năm đến nay
VIVOSDEV15_220_snr0,vivos,phowhisper,base,tone_aware_lora,0.05,42,0,speech,ĐÂY LÀ THÁNG CÓ SỐ ĐĂNG KÝ THẤP NHẤT TỪ ĐẦU NĂM ĐẾN NAY,đây là tháng có số đăng ký thấp nhất từ đầu năm đến nay
VIVOSDEV15_220_snr10,vivos,phowhisper,base,tone_aware_lora,0.05,42,10,noise,ĐÂY LÀ THÁNG CÓ SỐ ĐĂNG KÝ THẤP NHẤT TỪ ĐẦU NĂM ĐẾN NAY,đây là tháng có số đăng ký thấp nhất từ đầu năm đến nay
VIVOSDEV15_220_snr20,vivos,phowhisper,base,tone_aware_lora,0.05,42,20,noise,ĐÂY LÀ THÁNG CÓ SỐ ĐĂNG KÝ THẤP NHẤT TỪ ĐẦU NĂM ĐẾN NAY,đây là tháng có số đăng ký thấp nhất từ đầu năm đến nay
VIVOSDEV15_220_snr5,vivos,phowhisper,base,tone_aware_lora,0.05,42,5,noise,ĐÂY LÀ THÁNG CÓ SỐ ĐĂNG KÝ THẤP NHẤT TỪ ĐẦU NĂM ĐẾN NAY,đây là tháng có số đăng ký thấp nhất từ đầu năm đến nay
VIVOSDEV15_267_clean,vivos,phowhisper,base,tone_aware_lora,0.05,42,clean,clean,CUỐI CÙNG HỌ DẪN NHAU VỀ NHÀ VỚI THÚNG LÀN KHÔNG,cuối cùng họ dẫn nhau về nhà với thúng làn không
VIVOSDEV15_267_snr0,vivos,phowhisper,base,tone_aware_lora,0.05,42,0,noise,CUỐI CÙNG HỌ DẪN NHAU VỀ NHÀ VỚI THÚNG LÀN KHÔNG,cuối cùng họ dẫn nhau về nhà với các ngón làn không
VIVOSDEV15_267_snr10,vivos,phowhisper,base,tone_aware_lora,0.05,42,10,speech,CUỐI CÙNG HỌ DẪN NHAU VỀ NHÀ VỚI THÚNG LÀN KHÔNG,cuối cùng họ dẫn nhau về nhà với thú làm không
VIVOSDEV15_267_snr20,vivos,phowhisper,base,tone_aware_lora,0.05,42,20,noise,CUỐI CÙNG HỌ DẪN NHAU VỀ NHÀ VỚI THÚNG LÀN KHÔNG,cuối cùng họ dẫn nhau về nhà với thúng làn không
VIVOSDEV15_267_snr5,vivos,phowhisper,base,tone_aware_lora,0.05,42,5,noise,CUỐI CÙNG HỌ DẪN NHAU VỀ NHÀ VỚI THÚNG LÀN KHÔNG,cuối cùng họ dẫn nhau về nhà với thúng làn không
VIVOSDEV15_271_clean,vivos,phowhisper,base,tone_aware_lora,0.05,42,clean,clean,PHIM MỚI CỦA TRƯƠNG NGHỆ MƯU SỰ TRỞ LẠI DÒNG PHIM NGHỆ THUẬT,phim mới của trương nghệ mưu sự trở lại dòng phim nghệ thuật
VIVOSDEV15_271_snr0,vivos,phowhisper,base,tone_aware_lora,0.05,42,0,speech,PHIM MỚI CỦA TRƯƠNG NGHỆ MƯU SỰ TRỞ LẠI DÒNG PHIM NGHỆ THUẬT,phim mới của trương mẹ vô sự trở lại dòng phim nghệ thuật
VIVOSDEV15_271_snr10,vivos,phowhisper,base,tone_aware_lora,0.05,42,10,noise,PHIM MỚI CỦA TRƯƠNG NGHỆ MƯU SỰ TRỞ LẠI DÒNG PHIM NGHỆ THUẬT,phim mới của trương nghệ mưu sự trở lại dòng phim nghệ thuật
VIVOSDEV15_271_snr20,vivos,phowhisper,base,tone_aware_lora,0.05,42,20,music,PHIM MỚI CỦA TRƯƠNG NGHỆ MƯU SỰ TRỞ LẠI DÒNG PHIM NGHỆ THUẬT,phim mới của trương nghệ mưu sự trở lại dòng phim nghệ thuật
VIVOSDEV15_271_snr5,vivos,phowhisper,base,tone_aware_lora,0.05,42,5,music,PHIM MỚI CỦA TRƯƠNG NGHỆ MƯU SỰ TRỞ LẠI DÒNG PHIM NGHỆ THUẬT,phim mới của trương nghệ mưu sự trở lại dòng phim nghệ thuật
VIVOSDEV15_299_clean,vivos,phowhisper,base,tone_aware_lora,0.05,42,clean,clean,CÒN HÀNG TRĂM CHIẾC KHÁC ĐÃ BÁN THÌ ÔNG KHÔNG NHỚ HẾT,còn hàng trăm chiếc khác đã bán thì ông không nhớ hết
VIVOSDEV15_299_snr0,vivos,phowhisper,base,tone_aware_lora,0.05,42,0,noise,CÒN HÀNG TRĂM CHIẾC KHÁC ĐÃ BÁN THÌ ÔNG KHÔNG NHỚ HẾT,còn hàng trăm chiếc hắc đã bán thì ông không nhớ hết
VIVOSDEV15_299_snr10,vivos,phowhisper,base,tone_aware_lora,0.05,42,10,music,CÒN HÀNG TRĂM CHIẾC KHÁC ĐÃ BÁN THÌ ÔNG KHÔNG NHỚ HẾT,còn hàng trăm chiếc khác đã bán thì ông không nhớ hết
VIVOSDEV15_299_snr20,vivos,phowhisper,base,tone_aware_lora,0.05,42,20,music,CÒN HÀNG TRĂM CHIẾC KHÁC ĐÃ BÁN THÌ ÔNG KHÔNG NHỚ HẾT,còn hàng trăm chiếc khác đã bán thì ông không nhớ hết
VIVOSDEV15_299_snr5,vivos,phowhisper,base,tone_aware_lora,0.05,42,5,speech,CÒN HÀNG TRĂM CHIẾC KHÁC ĐÃ BÁN THÌ ÔNG KHÔNG NHỚ HẾT,còn hàng trăm chiếc khác đã bán thì ông không nhớ hết
VIVOSDEV16_049_clean,vivos,phowhisper,base,tone_aware_lora,0.05,42,clean,clean,CÒN BA CẦU THỦ VĂN TRƯƠNG BẬT HIẾU VÀ HẢI LÂM THÌ SAO THƯA ÔNG,còn ba cầu thủ văn thư bật hiếu và hải lâm thì sao thưa ông
VIVOSDEV16_049_snr0,vivos,phowhisper,base,tone_aware_lora,0.05,42,0,music,CÒN BA CẦU THỦ VĂN TRƯƠNG BẬT HIẾU VÀ HẢI LÂM THÌ SAO THƯA ÔNG,còn ba cầu thủ văn thư tộc trí và hãy lăn tiền tay chưa ông
VIVOSDEV16_049_snr10,vivos,phowhisper,base,tone_aware_lora,0.05,42,10,speech,CÒN BA CẦU THỦ VĂN TRƯƠNG BẬT HIẾU VÀ HẢI LÂM THÌ SAO THƯA ÔNG,còn ba cầu thủ văn thương bật thiếu và hải lâm thì sao thưa ông
VIVOSDEV16_049_snr20,vivos,phowhisper,base,tone_aware_lora,0.05,42,20,noise,CÒN BA CẦU THỦ VĂN TRƯƠNG BẬT HIẾU VÀ HẢI LÂM THÌ SAO THƯA ÔNG,còn ba cầu thủ văn thư bật hiếu và hải lâm thì sao thưa ông
VIVOSDEV16_049_snr5,vivos,phowhisper,base,tone_aware_lora,0.05,42,5,music,CÒN BA CẦU THỦ VĂN TRƯƠNG BẬT HIẾU VÀ HẢI LÂM THÌ SAO THƯA ÔNG,còn ba cầu thủ văn thuyết đặc biến và hải lâm thì cao thương ông
VIVOSDEV16_050_clean,vivos,phowhisper,base,tone_aware_lora,0.05,42,clean,clean,THÁNG BẢY NHIỀU NGƯỜI CON KHÓC NÊN TRỜI BUỒN VÀ KHÓC THEO,tháng bảy nhiều người con khóc nên trời buồn và khóc theo
VIVOSDEV16_050_snr0,vivos,phowhisper,base,tone_aware_lora,0.05,42,0,noise,THÁNG BẢY NHIỀU NGƯỜI CON KHÓC NÊN TRỜI BUỒN VÀ KHÓC THEO,tháng bởi nhiều người con khóc nên trời ruồn và khóc theo
VIVOSDEV16_050_snr10,vivos,phowhisper,base,tone_aware_lora,0.05,42,10,music,THÁNG BẢY NHIỀU NGƯỜI CON KHÓC NÊN TRỜI BUỒN VÀ KHÓC THEO,tháng bảy nhiều người con khóc nên trời buồn và khóc theo
VIVOSDEV16_050_snr20,vivos,phowhisper,base,tone_aware_lora,0.05,42,20,noise,THÁNG BẢY NHIỀU NGƯỜI CON KHÓC NÊN TRỜI BUỒN VÀ KHÓC THEO,tháng bảy nhiều người con khóc nên trời buồn và khóc theo
VIVOSDEV16_050_snr5,vivos,phowhisper,base,tone_aware_lora,0.05,42,5,noise,THÁNG BẢY NHIỀU NGƯỜI CON KHÓC NÊN TRỜI BUỒN VÀ KHÓC THEO,tháng bảy nhiều người con khóc nên trời buồn và khóc theo
VIVOSDEV16_051_clean,vivos,phowhisper,base,tone_aware_lora,0.05,42,clean,clean,CA KHÚC ĐƯỢC KHÁN GIẢ YÊU THÍCH NHẤT BÀ TÔI NGUYỄN VĨNH TIẾN,ca khúc được khán giả yêu thích nhất bà tôi nguyễn vĩnh tiến
VIVOSDEV16_051_snr0,vivos,phowhisper,base,tone_aware_lora,0.05,42,0,speech,CA KHÚC ĐƯỢC KHÁN GIẢ YÊU THÍCH NHẤT BÀ TÔI NGUYỄN VĨNH TIẾN,ca khúc được khán giả yêu thích nhất mà tu thưởng vẫn tiếng
VIVOSDEV16_051_snr10,vivos,phowhisper,base,tone_aware_lora,0.05,42,10,noise,CA KHÚC ĐƯỢC KHÁN GIẢ YÊU THÍCH NHẤT BÀ TÔI NGUYỄN VĨNH TIẾN,ca khúc được khán giả yêu thích nhất bà tôi nguyễn vĩnh tiến
VIVOSDEV16_051_snr20,vivos,phowhisper,base,tone_aware_lora,0.05,42,20,music,CA KHÚC ĐƯỢC KHÁN GIẢ YÊU THÍCH NHẤT BÀ TÔI NGUYỄN VĨNH TIẾN,ca khúc được khán giả yêu thích nhất bà tôi nguyễn vĩnh tiến
VIVOSDEV16_051_snr5,vivos,phowhisper,base,tone_aware_lora,0.05,42,5,speech,CA KHÚC ĐƯỢC KHÁN GIẢ YÊU THÍCH NHẤT BÀ TÔI NGUYỄN VĨNH TIẾN,ca khúc được khán giả yêu thích nhất bà tôi nguyện vĩnh tiến
VIVOSDEV16_068_clean,vivos,phowhisper,base,tone_aware_lora,0.05,42,clean,clean,BÊN CẠNH ĐÓ CHÚNG TÔI CÒN LÀM HÀNG LOẠT VIỆC KHÁC NHƯ,bên cạnh đó chúng tôi còn làm hàng loạt việc khác như
VIVOSDEV16_068_snr0,vivos,phowhisper,base,tone_aware_lora,0.05,42,0,music,BÊN CẠNH ĐÓ CHÚNG TÔI CÒN LÀM HÀNG LOẠT VIỆC KHÁC NHƯ,bên cạnh đó chúng tôi còn làm hàng loạt việc khác như
VIVOSDEV16_068_snr10,vivos,phowhisper,base,tone_aware_lora,0.05,42,10,noise,BÊN CẠNH ĐÓ CHÚNG TÔI CÒN LÀM HÀNG LOẠT VIỆC KHÁC NHƯ,bên cạnh đó chúng tôi còn làm hàng loạt việc khác như
VIVOSDEV16_068_snr20,vivos,phowhisper,base,tone_aware_lora,0.05,42,20,noise,BÊN CẠNH ĐÓ CHÚNG TÔI CÒN LÀM HÀNG LOẠT VIỆC KHÁC NHƯ,bên cạnh đó chúng tôi còn làm hàng loạt việc khác như
VIVOSDEV16_068_snr5,vivos,phowhisper,base,tone_aware_lora,0.05,42,5,noise,BÊN CẠNH ĐÓ CHÚNG TÔI CÒN LÀM HÀNG LOẠT VIỆC KHÁC NHƯ,bên cạnh đó chúng tôi còn làm hàng loạt việc khác như
VIVOSDEV16_074_clean,vivos,phowhisper,base,tone_aware_lora,0.05,42,clean,clean,CHÚNG NÓ YÊU NHAU RẤT TỰ NHIÊN GHÉT NHAU CŨNG RẤT TỰ NHIÊN,chúng nói yêu nhau rất tự nhiên ghét nhau cũng rất tự nhiên
VIVOSDEV16_074_snr0,vivos,phowhisper,base,tone_aware_lora,0.05,42,0,music,CHÚNG NÓ YÊU NHAU RẤT TỰ NHIÊN GHÉT NHAU CŨNG RẤT TỰ NHIÊN,quỹ bá yêu nhau rất tự nhiên vết mổ cũng rất tự nhiên
VIVOSDEV16_074_snr10,vivos,phowhisper,base,tone_aware_lora,0.05,42,10,music,CHÚNG NÓ YÊU NHAU RẤT TỰ NHIÊN GHÉT NHAU CŨNG RẤT TỰ NHIÊN,chúng nó yêu nhau rất tự nhiên ghét nhau cũng rất tự nhiên
VIVOSDEV16_074_snr20,vivos,phowhisper,base,tone_aware_lora,0.05,42,20,speech,CHÚNG NÓ YÊU NHAU RẤT TỰ NHIÊN GHÉT NHAU CŨNG RẤT TỰ NHIÊN,chúng nói yêu nhau rất tự nhiên ghét nhau cũng rất tự nhiên
VIVOSDEV16_074_snr5,vivos,phowhisper,base,tone_aware_lora,0.05,42,5,music,CHÚNG NÓ YÊU NHAU RẤT TỰ NHIÊN GHÉT NHAU CŨNG RẤT TỰ NHIÊN,chúng nó yêu nhau rất tự nhiên ghét nhau cũng rất tự nhiên
VIVOSDEV16_112_clean,vivos,phowhisper,base,tone_aware_lora,0.05,42,clean,clean,LÚC HƯNG PHẤN NÓI CHUYỆN PHÓNG LAO CHẲNG CÓ CHI PHỨC TẠP,lúc hưng phấn nói chuyện phóng lao chẳng có chi phức tạp
VIVOSDEV16_112_snr0,vivos,phowhisper,base,tone_aware_lora,0.05,42,0,music,LÚC HƯNG PHẤN NÓI CHUYỆN PHÓNG LAO CHẲNG CÓ CHI PHỨC TẠP,lúc hưng phấn nói chuyện phóng lao chẳng có chi xuất tạp
VIVOSDEV16_112_snr10,vivos,phowhisper,base,tone_aware_lora,0.05,42,10,noise,LÚC HƯNG PHẤN NÓI CHUYỆN PHÓNG LAO CHẲNG CÓ CHI PHỨC TẠP,lúc hưng phấn nói chuyện phóng lao chẳng có chi phức tạp
VIVOSDEV16_112_snr20,vivos,phowhisper,base,tone_aware_lora,0.05,42,20,music,LÚC HƯNG PHẤN NÓI CHUYỆN PHÓNG LAO CHẲNG CÓ CHI PHỨC TẠP,lúc hưng phấn nói chuyện phóng lao chẳng có chi phức tạp
VIVOSDEV16_112_snr5,vivos,phowhisper,base,tone_aware_lora,0.05,42,5,music,LÚC HƯNG PHẤN NÓI CHUYỆN PHÓNG LAO CHẲNG CÓ CHI PHỨC TẠP,lúc hưng phấn nói chuyện phóng lao chẳng có chi phức tạp
VIVOSDEV16_149_clean,vivos,phowhisper,base,tone_aware_lora,0.05,42,clean,clean,CÓ BAO GIỜ ÔNG GẶP TÌNH HUỐNG KHÔNG TRẢ LỜI ĐƯỢC CÂU HỎI CỦA DÂN,có bao giờ ông gặp tình huống không trả lời được câu hỏi của dân
VIVOSDEV16_149_snr0,vivos,phowhisper,base,tone_aware_lora,0.05,42,0,speech,CÓ BAO GIỜ ÔNG GẶP TÌNH HUỐNG KHÔNG TRẢ LỜI ĐƯỢC CÂU HỎI CỦA DÂN,có bao giờ ông gặp tình huống không trả lời được câu hỏi của dân
VIVOSDEV16_149_snr10,vivos,phowhisper,base,tone_aware_lora,0.05,42,10,speech,CÓ BAO GIỜ ÔNG GẶP TÌNH HUỐNG KHÔNG TRẢ LỜI ĐƯỢC CÂU HỎI CỦA DÂN,có bao giờ ông gặp tình huống không trả lời được câu hỏi của dân
VIVOSDEV16_149_snr20,vivos,phowhisper,base,tone_aware_lora,0.05,42,20,noise,CÓ BAO GIỜ ÔNG GẶP TÌNH HUỐNG KHÔNG TRẢ LỜI ĐƯỢC CÂU HỎI CỦA DÂN,có bao giờ ông gặp tình huống không trả lời được câu hỏi của dân
VIVOSDEV16_149_snr5,vivos,phowhisper,base,tone_aware_lora,0.05,42,5,noise,CÓ BAO GIỜ ÔNG GẶP TÌNH HUỐNG KHÔNG TRẢ LỜI ĐƯỢC CÂU HỎI CỦA DÂN,có bao giờ ông gặp tình huống không trả lời được câu hỏi của dân
VIVOSDEV16_154_clean,vivos,phowhisper,base,tone_aware_lora,0.05,42,clean,clean,ÍT CÓ CƠ HỘI SỐNG SÓT CHO CÁC HÀNH KHÁCH TRÊN MÁY BAY,ít có cơ hội sống sót cho các hành khách trên máy bay
VIVOSDEV16_154_snr0,vivos,phowhisper,base,tone_aware_lora,0.05,42,0,noise,ÍT CÓ CƠ HỘI SỐNG SÓT CHO CÁC HÀNH KHÁCH TRÊN MÁY BAY,ít số cư lội sấm sống thành các hành khách trên máy bay
VIVOSDEV16_154_snr10,vivos,phowhisper,base,tone_aware_lora,0.05,42,10,speech,ÍT CÓ CƠ HỘI SỐNG SÓT CHO CÁC HÀNH KHÁCH TRÊN MÁY BAY,ít có cơ hội sống sót cho các hành khách trên máy bay
VIVOSDEV16_154_snr20,vivos,phowhisper,base,tone_aware_lora,0.05,42,20,music,ÍT CÓ CƠ HỘI SỐNG SÓT CHO CÁC HÀNH KHÁCH TRÊN MÁY BAY,ít có cơ hội sống sót cho các hành khách trên máy bay
VIVOSDEV16_154_snr5,vivos,phowhisper,base,tone_aware_lora,0.05,42,5,music,ÍT CÓ CƠ HỘI SỐNG SÓT CHO CÁC HÀNH KHÁCH TRÊN MÁY BAY,ít có cơ hội sống sót cho các hành khách trên máy bay
VIVOSDEV16_168_clean,vivos,phowhisper,base,tone_aware_lora,0.05,42,clean,clean,HAI CHÁU NGẠC NHIÊN ĐÓN KHÁCH LẠ SUNG SƯỚNG ÔM CẶP MỚI,hai cháu ngạc nhiên đón khách lạ sung sướng ôn cặp mới
VIVOSDEV16_168_snr0,vivos,phowhisper,base,tone_aware_lora,0.05,42,0,noise,HAI CHÁU NGẠC NHIÊN ĐÓN KHÁCH LẠ SUNG SƯỚNG ÔM CẶP MỚI,hai cháu ngạc nhiên đón khách lạ sung sướng ôn cặp mới
VIVOSDEV16_168_snr10,vivos,phowhisper,base,tone_aware_lora,0.05,42,10,music,HAI CHÁU NGẠC NHIÊN ĐÓN KHÁCH LẠ SUNG SƯỚNG ÔM CẶP MỚI,hai cháu ngạc nhiên đón khách lạ sung sướng ôm cặp mới
VIVOSDEV16_168_snr20,vivos,phowhisper,base,tone_aware_lora,0.05,42,20,noise,HAI CHÁU NGẠC NHIÊN ĐÓN KHÁCH LẠ SUNG SƯỚNG ÔM CẶP MỚI,hai cháu ngạc nhiên đón khách lạ sung sướng ôm cặp mới
VIVOSDEV16_168_snr5,vivos,phowhisper,base,tone_aware_lora,0.05,42,5,noise,HAI CHÁU NGẠC NHIÊN ĐÓN KHÁCH LẠ SUNG SƯỚNG ÔM CẶP MỚI,hai cháu ngạc nhiên đón khách lạ sung sướng ôm cặp mới
VIVOSDEV16_173_clean,vivos,phowhisper,base,tone_aware_lora,0.05,42,clean,clean,NHƯNG CÔ QUYẾT CHỨNG MINH NGƯỜI MÙ KHÔNG PHẢI VÔ DỤNG,nhưng cô quyết chứng minh người mù không phải vô dụng
VIVOSDEV16_173_snr0,vivos,phowhisper,base,tone_aware_lora,0.05,42,0,noise,NHƯNG CÔ QUYẾT CHỨNG MINH NGƯỜI MÙ KHÔNG PHẢI VÔ DỤNG,nhưng cô quyết chứng minh người mù không phải vô dụng
VIVOSDEV16_173_snr10,vivos,phowhisper,base,tone_aware_lora,0.05,42,10,speech,NHƯNG CÔ QUYẾT CHỨNG MINH NGƯỜI MÙ KHÔNG PHẢI VÔ DỤNG,nhưng cô quyết chứng minh người mù không phải vô dụng
VIVOSDEV16_173_snr20,vivos,phowhisper,base,tone_aware_lora,0.05,42,20,noise,NHƯNG CÔ QUYẾT CHỨNG MINH NGƯỜI MÙ KHÔNG PHẢI VÔ DỤNG,nhưng cô quyết chứng minh người mù không phải vô dụng
VIVOSDEV16_173_snr5,vivos,phowhisper,base,tone_aware_lora,0.05,42,5,speech,NHƯNG CÔ QUYẾT CHỨNG MINH NGƯỜI MÙ KHÔNG PHẢI VÔ DỤNG,nhưng cô quyết chứng minh người mù không phải vô dụng
VIVOSDEV16_175_clean,vivos,phowhisper,base,tone_aware_lora,0.05,42,clean,clean,HỌ ĐÃ TRAO NHAU LỜI HẸN ƯỚC NÊN DUYÊN CHỒNG VỢ,họ đã trao nhau lời hẹn ước nên duyên chồng vợ
VIVOSDEV16_175_snr0,vivos,phowhisper,base,tone_aware_lora,0.05,42,0,speech,HỌ ĐÃ TRAO NHAU LỜI HẸN ƯỚC NÊN DUYÊN CHỒNG VỢ,họ đã trao thô trong vợ
VIVOSDEV16_175_snr10,vivos,phowhisper,base,tone_aware_lora,0.05,42,10,music,HỌ ĐÃ TRAO NHAU LỜI HẸN ƯỚC NÊN DUYÊN CHỒNG VỢ,họ đã trao nhau lời hẹn ước nên duyên chồng vợ
VIVOSDEV16_175_snr20,vivos,phowhisper,base,tone_aware_lora,0.05,42,20,speech,HỌ ĐÃ TRAO NHAU LỜI HẸN ƯỚC NÊN DUYÊN CHỒNG VỢ,họ đã trao nhau lời hẹn ước nên duyên chồng vợ
VIVOSDEV16_175_snr5,vivos,phowhisper,base,tone_aware_lora,0.05,42,5,music,HỌ ĐÃ TRAO NHAU LỜI HẸN ƯỚC NÊN DUYÊN CHỒNG VỢ,họ đã trao nhau lời hẹn ước nên duyên chồng vợ
VIVOSDEV16_177_clean,vivos,phowhisper,base,tone_aware_lora,0.05,42,clean,clean,NẾU THỈNH THOẢNG CÓ VÀI NGÀY NGHỈ NGƯỜI THỤY ĐIỂN THƯỜNG RA ĐẢO CHƠI,nếu thỉnh thoảng có vài ngày nghỉ người thụy điển thường ra đảo chơi
VIVOSDEV16_177_snr0,vivos,phowhisper,base,tone_aware_lora,0.05,42,0,noise,NẾU THỈNH THOẢNG CÓ VÀI NGÀY NGHỈ NGƯỜI THỤY ĐIỂN THƯỜNG RA ĐẢO CHƠI,nếu chẳng phải có vài ngày mỷ người thì thưởng thường ra đảo chơi
VIVOSDEV16_177_snr10,vivos,phowhisper,base,tone_aware_lora,0.05,42,10,noise,NẾU THỈNH THOẢNG CÓ VÀI NGÀY NGHỈ NGƯỜI THỤY ĐIỂN THƯỜNG RA ĐẢO CHƠI,nếu thỉnh thoảng có vài ngày nghĩ người thụy điển thường ra đảo chơi
VIVOSDEV16_177_snr20,vivos,phowhisper,base,tone_aware_lora,0.05,42,20,speech,NẾU THỈNH THOẢNG CÓ VÀI NGÀY NGHỈ NGƯỜI THỤY ĐIỂN THƯỜNG RA ĐẢO CHƠI,nếu thỉnh thoảng có vài ngày nghỉ người thì điển thường ra đảo chơi
VIVOSDEV16_177_snr5,vivos,phowhisper,base,tone_aware_lora,0.05,42,5,music,NẾU THỈNH THOẢNG CÓ VÀI NGÀY NGHỈ NGƯỜI THỤY ĐIỂN THƯỜNG RA ĐẢO CHƠI,nếu thỉnh thoảng có vài ngày nghĩ người thủy thỉ cũng thường ra đảo chơi
VIVOSDEV16_197_clean,vivos,phowhisper,base,tone_aware_lora,0.05,42,clean,clean,NHÀ TRƯỜNG ĐỘT NGỘT HỦY ĐỀ TÀI KHIẾN TÔI MẤT PHƯƠNG HƯỚNG,nhà trường đột ngột hủy đề tài khiến tôi mất phương hướng
VIVOSDEV16_197_snr0,vivos,phowhisper,base,tone_aware_lora,0.05,42,0,noise,NHÀ TRƯỜNG ĐỘT NGỘT HỦY ĐỀ TÀI KHIẾN TÔI MẤT PHƯƠNG HƯỚNG,nhà trường đột ngột thủy bề tài khiến tôi mất tương hứng
VIVOSDEV16_197_snr10,vivos,phowhisper,base,tone_aware_lora,0.05,42,10,noise,NHÀ TRƯỜNG ĐỘT NGỘT HỦY ĐỀ TÀI KHIẾN TÔI MẤT PHƯƠNG HƯỚNG,nhà trường đột ngột hủy đề tài khiến tôi mất phương hướng
VIVOSDEV16_197_snr20,vivos,phowhisper,base,tone_aware_lora,0.05,42,20,speech,NHÀ TRƯỜNG ĐỘT NGỘT HỦY ĐỀ TÀI KHIẾN TÔI MẤT PHƯƠNG HƯỚNG,nhà trường đột ngột hủy đề tài khiến tôi mất phương hướng
VIVOSDEV16_197_snr5,vivos,phowhisper,base,tone_aware_lora,0.05,42,5,noise,NHÀ TRƯỜNG ĐỘT NGỘT HỦY ĐỀ TÀI KHIẾN TÔI MẤT PHƯƠNG HƯỚNG,nhà trường đột ngột thủy đề tài khiến tôi mất xu hướng
VIVOSDEV16_198_clean,vivos,phowhisper,base,tone_aware_lora,0.05,42,clean,clean,CÁC PHẬT TỬ HƯỞNG ỨNG LỜI KÊU GỌI CỦA THẦY NHƯ THẾ NÀO,các vật tử hưởng ứng lời kêu gọi của thầy như thế nào
VIVOSDEV16_198_snr0,vivos,phowhisper,base,tone_aware_lora,0.05,42,0,speech,CÁC PHẬT TỬ HƯỞNG ỨNG LỜI KÊU GỌI CỦA THẦY NHƯ THẾ NÀO,các vật tử hưởng ứng lời kêu gọi của thầy như thế nào
VIVOSDEV16_198_snr10,vivos,phowhisper,base,tone_aware_lora,0.05,42,10,noise,CÁC PHẬT TỬ HƯỞNG ỨNG LỜI KÊU GỌI CỦA THẦY NHƯ THẾ NÀO,các phật tử hưởng ứng lời kêu gọi của thầy như thế nào
VIVOSDEV16_198_snr20,vivos,phowhisper,base,tone_aware_lora,0.05,42,20,speech,CÁC PHẬT TỬ HƯỞNG ỨNG LỜI KÊU GỌI CỦA THẦY NHƯ THẾ NÀO,các phật tử hưởng ứng lời kêu gọi của thầy như thế nào
VIVOSDEV16_198_snr5,vivos,phowhisper,base,tone_aware_lora,0.05,42,5,noise,CÁC PHẬT TỬ HƯỞNG ỨNG LỜI KÊU GỌI CỦA THẦY NHƯ THẾ NÀO,các phật tử hưởng ứng lời kêu gọi của thầy như thế nào
VIVOSDEV16_203_clean,vivos,phowhisper,base,tone_aware_lora,0.05,42,clean,clean,VẬY NHỮNG ĐỐI TƯỢNG NÀY SẼ ĐƯỢC GIẢI QUYẾT NHƯ THẾ NÀO,vậy những đối tượng này sẽ được giải quyết như thế nào
VIVOSDEV16_203_snr0,vivos,phowhisper,base,tone_aware_lora,0.05,42,0,music,VẬY NHỮNG ĐỐI TƯỢNG NÀY SẼ ĐƯỢC GIẢI QUYẾT NHƯ THẾ NÀO,vậy những đối tượng này sẽ được giải quyết như thế nào
VIVOSDEV16_203_snr10,vivos,phowhisper,base,tone_aware_lora,0.05,42,10,speech,VẬY NHỮNG ĐỐI TƯỢNG NÀY SẼ ĐƯỢC GIẢI QUYẾT NHƯ THẾ NÀO,vậy những đối tượng này sẽ được giải quyết như thế nào
VIVOSDEV16_203_snr20,vivos,phowhisper,base,tone_aware_lora,0.05,42,20,speech,VẬY NHỮNG ĐỐI TƯỢNG NÀY SẼ ĐƯỢC GIẢI QUYẾT NHƯ THẾ NÀO,vậy những đối tượng này sẽ được giải quyết như thế nào
VIVOSDEV16_203_snr5,vivos,phowhisper,base,tone_aware_lora,0.05,42,5,noise,VẬY NHỮNG ĐỐI TƯỢNG NÀY SẼ ĐƯỢC GIẢI QUYẾT NHƯ THẾ NÀO,và những đối tượng này sẽ được giải quyết như thế nào
VIVOSDEV16_233_clean,vivos,phowhisper,base,tone_aware_lora,0.05,42,clean,clean,SÁNG RA THẤY DÂN TÌNH XÚM QUANH CON TÊ GIÁC KHỔNG LỒ ĐÃ CHẾT,sáng ra thấy dân tình xúm quanh con tê giác khổng lồ đỏ chết
VIVOSDEV16_233_snr0,vivos,phowhisper,base,tone_aware_lora,0.05,42,0,speech,SÁNG RA THẤY DÂN TÌNH XÚM QUANH CON TÊ GIÁC KHỔNG LỒ ĐÃ CHẾT,xoan ra thấy dòng tình tình con tê giác khổng lồ đã chết
VIVOSDEV16_233_snr10,vivos,phowhisper,base,tone_aware_lora,0.05,42,10,noise,SÁNG RA THẤY DÂN TÌNH XÚM QUANH CON TÊ GIÁC KHỔNG LỒ ĐÃ CHẾT,sáng ra thấy dân tình xúm quanh con tê giác khổng lồ đã chết
VIVOSDEV16_233_snr20,vivos,phowhisper,base,tone_aware_lora,0.05,42,20,noise,SÁNG RA THẤY DÂN TÌNH XÚM QUANH CON TÊ GIÁC KHỔNG LỒ ĐÃ CHẾT,sáng ra thấy dân tình xúm quanh con tê giác khổng lồ đảo chết
VIVOSDEV16_233_snr5,vivos,phowhisper,base,tone_aware_lora,0.05,42,5,noise,SÁNG RA THẤY DÂN TÌNH XÚM QUANH CON TÊ GIÁC KHỔNG LỒ ĐÃ CHẾT,sáng ra thấy dân tình kính quênh con tê giác khổng lồ đảo chớp
VIVOSDEV16_247_clean,vivos,phowhisper,base,tone_aware_lora,0.05,42,clean,clean,NHIỀU HÔM MƯA GIÓ BÁN Ế GÁNH CHÈ NẶNG TRĨU TRÊN VAI MẸ,nhiều hương mưa gió bán ế gánh chè nặng trữ trên vai mẹ
VIVOSDEV16_247_snr0,vivos,phowhisper,base,tone_aware_lora,0.05,42,0,noise,NHIỀU HÔM MƯA GIÓ BÁN Ế GÁNH CHÈ NẶNG TRĨU TRÊN VAI MẸ,nhiều hơn mưa gió bán ế gánh chè nặng trữ trên vai mẹ
VIVOSDEV16_247_snr10,vivos,phowhisper,base,tone_aware_lora,0.05,42,10,noise,NHIỀU HÔM MƯA GIÓ BÁN Ế GÁNH CHÈ NẶNG TRĨU TRÊN VAI MẸ,nhiều hơn mưu gió bán ế gánh chè mặn kiểu trên vai mẹ
VIVOSDEV16_247_snr20,vivos,phowhisper,base,tone_aware_lora,0.05,42,20,noise,NHIỀU HÔM MƯA GIÓ BÁN Ế GÁNH CHÈ NẶNG TRĨU TRÊN VAI MẸ,nhiều hơn mưu gió bán ế gánh chè nặng trĩu trên vai mẹ
VIVOSDEV16_247_snr5,vivos,phowhisper,base,tone_aware_lora,0.05,42,5,speech,NHIỀU HÔM MƯA GIÓ BÁN Ế GÁNH CHÈ NẶNG TRĨU TRÊN VAI MẸ,nhiều hôn mưa gió bán ế gánh chè nặng trữ trên vai mẹ
VIVOSDEV16_267_clean,vivos,phowhisper,base,tone_aware_lora,0.05,42,clean,clean,TÔI ĐỨNG TRƯỚC HAI LỐI RẼ VÀ TÔI CHỌN CON ĐƯỜNG ÍT NGƯỜI ĐI HƠN,tôi đứng trước hai lối rẽ và tôi chọn con đường ít người đi hơn
VIVOSDEV16_267_snr0,vivos,phowhisper,base,tone_aware_lora,0.05,42,0,speech,TÔI ĐỨNG TRƯỚC HAI LỐI RẼ VÀ TÔI CHỌN CON ĐƯỜNG ÍT NGƯỜI ĐI HƠN,tôi được tà xay lốp rẽ và tôi chẳng có kỳ vịch người đi hơn
VIVOSDEV16_267_snr10,vivos,phowhisper,base,tone_aware_lora,0.05,42,10,noise,TÔI ĐỨNG TRƯỚC HAI LỐI RẼ VÀ TÔI CHỌN CON ĐƯỜNG ÍT NGƯỜI ĐI HƠN,tôi đứng trước hai lối rẽ và tôi chọn con đường ít người đi hơn
VIVOSDEV16_267_snr20,vivos,phowhisper,base,tone_aware_lora,0.05,42,20,noise,TÔI ĐỨNG TRƯỚC HAI LỐI RẼ VÀ TÔI CHỌN CON ĐƯỜNG ÍT NGƯỜI ĐI HƠN,tôi đứng trước hai lối rẽ và tôi chọn con đường ít người đi hơn
VIVOSDEV16_267_snr5,vivos,phowhisper,base,tone_aware_lora,0.05,42,5,noise,TÔI ĐỨNG TRƯỚC HAI LỐI RẼ VÀ TÔI CHỌN CON ĐƯỜNG ÍT NGƯỜI ĐI HƠN,tôi đứng trước hai lối rẽ và tôi chọn con đường ít người đi hơn
VIVOSDEV16_279_clean,vivos,phowhisper,base,tone_aware_lora,0.05,42,clean,clean,VẬY CHỪNG NÀO MỚI TỚI XIN LỖI NHÂN DÂN TẬP CUỐI,vậy chừng nào mớ tới xin lỗi nhân dân tập cuối
VIVOSDEV16_279_snr0,vivos,phowhisper,base,tone_aware_lora,0.05,42,0,music,VẬY CHỪNG NÀO MỚI TỚI XIN LỖI NHÂN DÂN TẬP CUỐI,vậy chừng nào có thế xin lỗi nhân dân cắt cuối hắn
VIVOSDEV16_279_snr10,vivos,phowhisper,base,tone_aware_lora,0.05,42,10,speech,VẬY CHỪNG NÀO MỚI TỚI XIN LỖI NHÂN DÂN TẬP CUỐI,vậy chừng nào mớ tới xin lỗi nhân dân tập cuối
VIVOSDEV16_279_snr20,vivos,phowhisper,base,tone_aware_lora,0.05,42,20,speech,VẬY CHỪNG NÀO MỚI TỚI XIN LỖI NHÂN DÂN TẬP CUỐI,vậy chừng nào mớ tới xin lỗi nhân dân tật cúi
VIVOSDEV16_279_snr5,vivos,phowhisper,base,tone_aware_lora,0.05,42,5,music,VẬY CHỪNG NÀO MỚI TỚI XIN LỖI NHÂN DÂN TẬP CUỐI,vậy chừng nào mớ tới phin lỗi nhân dân tận cuối
VIVOSDEV16_298_clean,vivos,phowhisper,base,tone_aware_lora,0.05,42,clean,clean,HÔM NÀO TAN CA SỚM HẠNH ĐƯỢC GIAO NHIỆM VỤ ĐI CHỢ CHO BỮA TỐI,hôm nào tăng ca xóm hạnh được giao nhiệm vụ đi chợ cho buổi tối
VIVOSDEV16_298_snr0,vivos,phowhisper,base,tone_aware_lora,0.05,42,0,noise,HÔM NÀO TAN CA SỚM HẠNH ĐƯỢC GIAO NHIỆM VỤ ĐI CHỢ CHO BỮA TỐI,hôm nào con trai tóm thận được nhân hiện vụ đi chợ cho vụ tối
VIVOSDEV16_298_snr10,vivos,phowhisper,base,tone_aware_lora,0.05,42,10,noise,HÔM NÀO TAN CA SỚM HẠNH ĐƯỢC GIAO NHIỆM VỤ ĐI CHỢ CHO BỮA TỐI,hôm nào tăng ca xóm hạnh được giao nhiệm vụ đi chợ cho buổi tối
VIVOSDEV16_298_snr20,vivos,phowhisper,base,tone_aware_lora,0.05,42,20,speech,HÔM NÀO TAN CA SỚM HẠNH ĐƯỢC GIAO NHIỆM VỤ ĐI CHỢ CHO BỮA TỐI,hôm nào tăng ca xóm hạnh được giao nhiệm vụ đi chợ cho buổi tối
VIVOSDEV16_298_snr5,vivos,phowhisper,base,tone_aware_lora,0.05,42,5,noise,HÔM NÀO TAN CA SỚM HẠNH ĐƯỢC GIAO NHIỆM VỤ ĐI CHỢ CHO BỮA TỐI,hôm nào tăng ca xóm hạnh được giao nhiệm vụ đi chợ cho buổi tối
VIVOSDEV17_011_clean,vivos,phowhisper,base,tone_aware_lora,0.05,42,clean,clean,RỒI MẶC DÙ BIẾT LÀ NGỚ NGẨN TÔI CỨ NÓI RA,rồi mặc dù biết là ngớ ngẩn tôi cứ nói ra
VIVOSDEV17_011_snr0,vivos,phowhisper,base,tone_aware_lora,0.05,42,0,noise,RỒI MẶC DÙ BIẾT LÀ NGỚ NGẨN TÔI CỨ NÓI RA,rồi mặc dù biết là ngớ ngẩn tôi cứ nói ra
VIVOSDEV17_011_snr10,vivos,phowhisper,base,tone_aware_lora,0.05,42,10,music,RỒI MẶC DÙ BIẾT LÀ NGỚ NGẨN TÔI CỨ NÓI RA,rồi mặc dù biết là ngớ ngẩn tôi cứ nói ra
VIVOSDEV17_011_snr20,vivos,phowhisper,base,tone_aware_lora,0.05,42,20,music,RỒI MẶC DÙ BIẾT LÀ NGỚ NGẨN TÔI CỨ NÓI RA,rồi mặc dù biết là ngớ ngẩn tôi cứ nói ra
VIVOSDEV17_011_snr5,vivos,phowhisper,base,tone_aware_lora,0.05,42,5,noise,RỒI MẶC DÙ BIẾT LÀ NGỚ NGẨN TÔI CỨ NÓI RA,rồi mặc dù biết là nó ngửng tôi cứ nói ra
VIVOSDEV17_024_clean,vivos,phowhisper,base,tone_aware_lora,0.05,42,clean,clean,RIÊNG ÔNG NGUYỄN VĂN BA BỊ GỖ ĐÈ DẬP SỌ NÃO CHẾT NGAY TẠI CHỖ,riêng ông nguyễn văn ba bị rổ đè dập sỏ não chết ngay tại chỗ
VIVOSDEV17_024_snr0,vivos,phowhisper,base,tone_aware_lora,0.05,42,0,noise,RIÊNG ÔNG NGUYỄN VĂN BA BỊ GỖ ĐÈ DẬP SỌ NÃO CHẾT NGAY TẠI CHỖ,kiên ông nguyễn văn ba bị rỗ đè đập sõ não chết ngay tại chỗ
VIVOSDEV17_024_snr10,vivos,phowhisper,base,tone_aware_lora,0.05,42,10,noise,RIÊNG ÔNG NGUYỄN VĂN BA BỊ GỖ ĐÈ DẬP SỌ NÃO CHẾT NGAY TẠI CHỖ,riêng ông nguyễn văn ba bị rổ đè dập sỏ não chết ngay tại chỗ
VIVOSDEV17_024_snr20,vivos,phowhisper,base,tone_aware_lora,0.05,42,20,speech,RIÊNG ÔNG NGUYỄN VĂN BA BỊ GỖ ĐÈ DẬP SỌ NÃO CHẾT NGAY TẠI CHỖ,riêng ông nguyễn văn ba bị rổ đè dập sỏ não chết ngay tại chỗ
VIVOSDEV17_024_snr5,vivos,phowhisper,base,tone_aware_lora,0.05,42,5,noise,RIÊNG ÔNG NGUYỄN VĂN BA BỊ GỖ ĐÈ DẬP SỌ NÃO CHẾT NGAY TẠI CHỖ,riêng ông nguyễn văn ba bị gỗ đè gặp cọ não chết ngay tại chỗ
VIVOSDEV17_032_clean,vivos,phowhisper,base,tone_aware_lora,0.05,42,clean,clean,MỖI NGƯỜI NỞ MỘT NỤ CƯỜI VỚI NHỮNG Ý NGHĨA KHÁC NHAU,mọi người nở một nụ cười với những ý nghĩa khác nhau
VIVOSDEV17_032_snr0,vivos,phowhisper,base,tone_aware_lora,0.05,42,0,noise,MỖI NGƯỜI NỞ MỘT NỤ CƯỜI VỚI NHỮNG Ý NGHĨA KHÁC NHAU,mọi người nở một nụ cười với những ý nghĩa khác nhau
VIVOSDEV17_032_snr10,vivos,phowhisper,base,tone_aware_lora,0.05,42,10,music,MỖI NGƯỜI NỞ MỘT NỤ CƯỜI VỚI NHỮNG Ý NGHĨA KHÁC NHAU,mọi người nở một nụ cười với những ý nghĩ khác nhau
VIVOSDEV17_032_snr20,vivos,phowhisper,base,tone_aware_lora,0.05,42,20,noise,MỖI NGƯỜI NỞ MỘT NỤ CƯỜI VỚI NHỮNG Ý NGHĨA KHÁC NHAU,mọi người nở một nụ cười với những ý nghĩ khác nhau
VIVOSDEV17_032_snr5,vivos,phowhisper,base,tone_aware_lora,0.05,42,5,music,MỖI NGƯỜI NỞ MỘT NỤ CƯỜI VỚI NHỮNG Ý NGHĨA KHÁC NHAU,mọi người nở một nụ cười với những ý nghĩ khác nhau
VIVOSDEV17_043_clean,vivos,phowhisper,base,tone_aware_lora,0.05,42,clean,clean,DO VẬY SẼ ẢNH HƯỞNG TỚI VIỆC THU SÓNG VÔ TUYẾN,do vậy sẽ ảnh hưởng tới việc thu sống vô tuyến
VIVOSDEV17_043_snr0,vivos,phowhisper,base,tone_aware_lora,0.05,42,0,music,DO VẬY SẼ ẢNH HƯỞNG TỚI VIỆC THU SÓNG VÔ TUYẾN,do vậy sẽ ảnh hưởng tới việc thu sống vô tuyến
VIVOSDEV17_043_snr10,vivos,phowhisper,base,tone_aware_lora,0.05,42,10,music,DO VẬY SẼ ẢNH HƯỞNG TỚI VIỆC THU SÓNG VÔ TUYẾN,do vậy sẽ ảnh hưởng tới việc thu sống vô tuyến
VIVOSDEV17_043_snr20,vivos,phowhisper,base,tone_aware_lora,0.05,42,20,noise,DO VẬY SẼ ẢNH HƯỞNG TỚI VIỆC THU SÓNG VÔ TUYẾN,do vậy sẽ ảnh hưởng tới việc thu sống vô tuyến
VIVOSDEV17_043_snr5,vivos,phowhisper,base,tone_aware_lora,0.05,42,5,noise,DO VẬY SẼ ẢNH HƯỞNG TỚI VIỆC THU SÓNG VÔ TUYẾN,do vậy sẽ ảnh hưởng tới việc thu sống vô tuyến
VIVOSDEV17_048_clean,vivos,phowhisper,base,tone_aware_lora,0.05,42,clean,clean,PHIM CHIẾU NGUYÊN BẢN TIẾNG PHÁP CÓ PHỤ ĐỀ TIẾNG VIỆT,phim chiếu nguyên bản tiếng pháp có phụ đề tiếng việt
VIVOSDEV17_048_snr0,vivos,phowhisper,base,tone_aware_lora,0.05,42,0,music,PHIM CHIẾU NGUYÊN BẢN TIẾNG PHÁP CÓ PHỤ ĐỀ TIẾNG VIỆT,phim chiếu nguyên bản tiếng pháp có phụ đề tiếng việt
VIVOSDEV17_048_snr10,vivos,phowhisper,base,tone_aware_lora,0.05,42,10,speech,PHIM CHIẾU NGUYÊN BẢN TIẾNG PHÁP CÓ PHỤ ĐỀ TIẾNG VIỆT,phim chiếu nguyên bản tiếng pháp có phủ đề tiếng việt
VIVOSDEV17_048_snr20,vivos,phowhisper,base,tone_aware_lora,0.05,42,20,noise,PHIM CHIẾU NGUYÊN BẢN TIẾNG PHÁP CÓ PHỤ ĐỀ TIẾNG VIỆT,phim chiếu nguyên bản tiếng pháp có phụ đề tiếng việt
VIVOSDEV17_048_snr5,vivos,phowhisper,base,tone_aware_lora,0.05,42,5,music,PHIM CHIẾU NGUYÊN BẢN TIẾNG PHÁP CÓ PHỤ ĐỀ TIẾNG VIỆT,phim chiếu nguyên bản tiếng pháp có phụ đề tiếng việt
VIVOSDEV17_060_clean,vivos,phowhisper,base,tone_aware_lora,0.05,42,clean,clean,BÓNG MÀU XANH LÀ VÙNG TÂM BÃO CÓ THỂ ĐI QUA,bóng màu xanh là vùng tâm bão có thể đi qua
VIVOSDEV17_060_snr0,vivos,phowhisper,base,tone_aware_lora,0.05,42,0,noise,BÓNG MÀU XANH LÀ VÙNG TÂM BÃO CÓ THỂ ĐI QUA,bóng màu xanh là vùng tăng hạo có thể đi qua
VIVOSDEV17_060_snr10,vivos,phowhisper,base,tone_aware_lora,0.05,42,10,music,BÓNG MÀU XANH LÀ VÙNG TÂM BÃO CÓ THỂ ĐI QUA,bóng màu xanh là vùng tâm bão có thể đi qua
VIVOSDEV17_060_snr20,vivos,phowhisper,base,tone_aware_lora,0.05,42,20,speech,BÓNG MÀU XANH LÀ VÙNG TÂM BÃO CÓ THỂ ĐI QUA,bóng màu xanh là vùng tâm bão có thể đi qua
VIVOSDEV17_060_snr5,vivos,phowhisper,base,tone_aware_lora,0.05,42,5,speech,BÓNG MÀU XANH LÀ VÙNG TÂM BÃO CÓ THỂ ĐI QUA,bóng màu xanh là vùng tâm bão có thể đi qua
VIVOSDEV17_062_clean,vivos,phowhisper,base,tone_aware_lora,0.05,42,clean,clean,SAU MỘT NGÀY LAO ĐỘNG CĂNG MỆT BẠN ƯU TIÊN CHỌN,sau một ngày lao động căn mệt bạn ưu tiên chọn
VIVOSDEV17_062_snr0,vivos,phowhisper,base,tone_aware_lora,0.05,42,0,speech,SAU MỘT NGÀY LAO ĐỘNG CĂNG MỆT BẠN ƯU TIÊN CHỌN,sau một ngày lao động căn bệnh ưu tiên chọn
VIVOSDEV17_062_snr10,vivos,phowhisper,base,tone_aware_lora,0.05,42,10,noise,SAU MỘT NGÀY LAO ĐỘNG CĂNG MỆT BẠN ƯU TIÊN CHỌN,sau một ngày lao động căng mệt bạn ưu tiên chọn
VIVOSDEV17_062_snr20,vivos,phowhisper,base,tone_aware_lora,0.05,42,20,music,SAU MỘT NGÀY LAO ĐỘNG CĂNG MỆT BẠN ƯU TIÊN CHỌN,sau một ngày lao động căn mệt bạn ưu tiên chọn
VIVOSDEV17_062_snr5,vivos,phowhisper,base,tone_aware_lora,0.05,42,5,speech,SAU MỘT NGÀY LAO ĐỘNG CĂNG MỆT BẠN ƯU TIÊN CHỌN,sau một ngày lao động thăm mệt bạn ưu tiên chọn
VIVOSDEV17_077_clean,vivos,phowhisper,base,tone_aware_lora,0.05,42,clean,clean,HÔM SAU MỞ MÁY THẤY CÁI TRUYỆN ĐÃ TỰ HOÀN CHỈNH RỒI,hôm sau mở máy thấy cái chuyện đã tự hoàn chỉnh rồi
VIVOSDEV17_077_snr0,vivos,phowhisper,base,tone_aware_lora,0.05,42,0,noise,HÔM SAU MỞ MÁY THẤY CÁI TRUYỆN ĐÃ TỰ HOÀN CHỈNH RỒI,hôm sau mở máy thấy cái chuyện đã tự hành chỉnh rồi
VIVOSDEV17_077_snr10,vivos,phowhisper,base,tone_aware_lora,0.05,42,10,noise,HÔM SAU MỞ MÁY THẤY CÁI TRUYỆN ĐÃ TỰ HOÀN CHỈNH RỒI,hôm sau mở máy thấy cái chuyện đã tự hoàn chỉnh rồi
VIVOSDEV17_077_snr20,vivos,phowhisper,base,tone_aware_lora,0.05,42,20,music,HÔM SAU MỞ MÁY THẤY CÁI TRUYỆN ĐÃ TỰ HOÀN CHỈNH RỒI,hôm sau mở máy thấy cái chuyện đã tự hoàn chỉnh rồi
VIVOSDEV17_077_snr5,vivos,phowhisper,base,tone_aware_lora,0.05,42,5,music,HÔM SAU MỞ MÁY THẤY CÁI TRUYỆN ĐÃ TỰ HOÀN CHỈNH RỒI,hôm sau mở máy thấy cái chuyện đã tự hoàn chỉnh rồi
VIVOSDEV17_090_clean,vivos,phowhisper,base,tone_aware_lora,0.05,42,clean,clean,BÂY GIỜ THÌ ĐÁNG ĐƯỢC KHEN LÀ THÔNG MINH CHỨ HẢ,bây giờ thì đáng được khen là thông minh chứ hả
VIVOSDEV17_090_snr0,vivos,phowhisper,base,tone_aware_lora,0.05,42,0,noise,BÂY GIỜ THÌ ĐÁNG ĐƯỢC KHEN LÀ THÔNG MINH CHỨ HẢ,bây giờ thì đáng được nghe ngay lập phong minh chưa hề nghĩa
VIVOSDEV17_090_snr10,vivos,phowhisper,base,tone_aware_lora,0.05,42,10,speech,BÂY GIỜ THÌ ĐÁNG ĐƯỢC KHEN LÀ THÔNG MINH CHỨ HẢ,bây giờ thì đáng được khen là thông minh chí hãng
VIVOSDEV17_090_snr20,vivos,phowhisper,base,tone_aware_lora,0.05,42,20,noise,BÂY GIỜ THÌ ĐÁNG ĐƯỢC KHEN LÀ THÔNG MINH CHỨ HẢ,bây giờ thì đáng được khen là thông minh chứ hả
VIVOSDEV17_090_snr5,vivos,phowhisper,base,tone_aware_lora,0.05,42,5,music,BÂY GIỜ THÌ ĐÁNG ĐƯỢC KHEN LÀ THÔNG MINH CHỨ HẢ,bây giờ thì đáng được khen là thông minh chứ hạ
VIVOSDEV17_099_clean,vivos,phowhisper,base,tone_aware_lora,0.05,42,clean,clean,CHỊ TÌM NHÀ CHO EM Ở TRỌ NGAY CỔNG TRƯỜNG CHỊ HỌC,chỉ tìm nhà cho em ở trọ ngay cổng trường chỉ học
VIVOSDEV17_099_snr0,vivos,phowhisper,base,tone_aware_lora,0.05,42,0,music,CHỊ TÌM NHÀ CHO EM Ở TRỌ NGAY CỔNG TRƯỜNG CHỊ HỌC,chỉ tìm nhà cho em ở trọ ngay cổng trường chỉ học
VIVOSDEV17_099_snr10,vivos,phowhisper,base,tone_aware_lora,0.05,42,10,music,CHỊ TÌM NHÀ CHO EM Ở TRỌ NGAY CỔNG TRƯỜNG CHỊ HỌC,chỉ tìm nhà cho em ở trọ ngay cổng trường chỉ học
VIVOSDEV17_099_snr20,vivos,phowhisper,base,tone_aware_lora,0.05,42,20,music,CHỊ TÌM NHÀ CHO EM Ở TRỌ NGAY CỔNG TRƯỜNG CHỊ HỌC,chỉ tìm nhà cho em ở trọ ngay cổng trường chỉ học
VIVOSDEV17_099_snr5,vivos,phowhisper,base,tone_aware_lora,0.05,42,5,speech,CHỊ TÌM NHÀ CHO EM Ở TRỌ NGAY CỔNG TRƯỜNG CHỊ HỌC,chỉ tìm nhà cho em ở trọ ngay cổng trường chịu học
VIVOSDEV17_109_clean,vivos,phowhisper,base,tone_aware_lora,0.05,42,clean,clean,MỘT BÀ SANG TRỌNG ĐẾN GẶP BÁC SĨ TRẺ KHÁM BỆNH BÁC SĨ HỎI,một bà sang trọng đến gặp bác sĩ trẻ khám bệnh bác sĩ hỏi
VIVOSDEV17_109_snr0,vivos,phowhisper,base,tone_aware_lora,0.05,42,0,noise,MỘT BÀ SANG TRỌNG ĐẾN GẶP BÁC SĨ TRẺ KHÁM BỆNH BÁC SĨ HỎI,một bà con trọng đến gặp bác sĩ trẻ kháu bệnh bác sĩ hỏi
VIVOSDEV17_109_snr10,vivos,phowhisper,base,tone_aware_lora,0.05,42,10,noise,MỘT BÀ SANG TRỌNG ĐẾN GẶP BÁC SĨ TRẺ KHÁM BỆNH BÁC SĨ HỎI,một bà sang trọng đến gặp bác sĩ trẻ khám bệnh bác sĩ hỏi
VIVOSDEV17_109_snr20,vivos,phowhisper,base,tone_aware_lora,0.05,42,20,speech,MỘT BÀ SANG TRỌNG ĐẾN GẶP BÁC SĨ TRẺ KHÁM BỆNH BÁC SĨ HỎI,một bà sang trọng đến gặp bác sĩ trẻ khám bệnh bác sĩ hỏi
VIVOSDEV17_109_snr5,vivos,phowhisper,base,tone_aware_lora,0.05,42,5,noise,MỘT BÀ SANG TRỌNG ĐẾN GẶP BÁC SĨ TRẺ KHÁM BỆNH BÁC SĨ HỎI,một bà sang trọng đến gặp bác sĩ trẻ khám bệnh bác sĩ hỏi
VIVOSDEV17_114_clean,vivos,phowhisper,base,tone_aware_lora,0.05,42,clean,clean,NHÂN LỰC NGÀNH THIẾT KẾ ĐỒ HỌA ĐẮT GIÁ VÀ KHAN HIẾM,nhưng lực ngành thiết kế đồ họa đắt giá và khan hiếm
VIVOSDEV17_114_snr0,vivos,phowhisper,base,tone_aware_lora,0.05,42,0,noise,NHÂN LỰC NGÀNH THIẾT KẾ ĐỒ HỌA ĐẮT GIÁ VÀ KHAN HIẾM,nhưng lực ngành thiết kế tòa họa đắt giá và thanh hiếu
VIVOSDEV17_114_snr10,vivos,phowhisper,base,tone_aware_lora,0.05,42,10,speech,NHÂN LỰC NGÀNH THIẾT KẾ ĐỒ HỌA ĐẮT GIÁ VÀ KHAN HIẾM,nhưng lực ngậm thiết kế đồ họa đắt giá và khan hơn
VIVOSDEV17_114_snr20,vivos,phowhisper,base,tone_aware_lora,0.05,42,20,speech,NHÂN LỰC NGÀNH THIẾT KẾ ĐỒ HỌA ĐẮT GIÁ VÀ KHAN HIẾM,nhưng lực ngành thiết kế đồ họa đắt giá và khen hiếm
VIVOSDEV17_114_snr5,vivos,phowhisper,base,tone_aware_lora,0.05,42,5,music,NHÂN LỰC NGÀNH THIẾT KẾ ĐỒ HỌA ĐẮT GIÁ VÀ KHAN HIẾM,nhưng lực ngành thiết kế đồ họa đắt giá và khen hiếm
VIVOSDEV17_120_clean,vivos,phowhisper,base,tone_aware_lora,0.05,42,clean,clean,SAU ĐÓ BẢN THÂN HỌC SINH PHẢI LÀM ĐƠN XIN HỌC BỔNG,sau đó bản thân học sinh phải làm đơn xin học bổng
VIVOSDEV17_120_snr0,vivos,phowhisper,base,tone_aware_lora,0.05,42,0,speech,SAU ĐÓ BẢN THÂN HỌC SINH PHẢI LÀM ĐƠN XIN HỌC BỔNG,sau đó bạn thân hằng sinh phải làm đơn xin học học
VIVOSDEV17_120_snr10,vivos,phowhisper,base,tone_aware_lora,0.05,42,10,noise,SAU ĐÓ BẢN THÂN HỌC SINH PHẢI LÀM ĐƠN XIN HỌC BỔNG,sau đó bản thân học sinh phải làm đơn xin học bổng
VIVOSDEV17_120_snr20,vivos,phowhisper,base,tone_aware_lora,0.05,42,20,music,SAU ĐÓ BẢN THÂN HỌC SINH PHẢI LÀM ĐƠN XIN HỌC BỔNG,sau đó bản thân học sinh phải làm đơn xin học bổng
VIVOSDEV17_120_snr5,vivos,phowhisper,base,tone_aware_lora,0.05,42,5,noise,SAU ĐÓ BẢN THÂN HỌC SINH PHẢI LÀM ĐƠN XIN HỌC BỔNG,sau đó bản thân học sinh phải làm đơn xin học bổng
VIVOSDEV17_133_clean,vivos,phowhisper,base,tone_aware_lora,0.05,42,clean,clean,CHỈ CÓ THỰC PHẨM MỚI GIÚP BẠN LÀM ĐƯỢC VIỆC NÀY,chỉ có thực phẩm mới giúp bạn làm được việc này
VIVOSDEV17_133_snr0,vivos,phowhisper,base,tone_aware_lora,0.05,42,0,noise,CHỈ CÓ THỰC PHẨM MỚI GIÚP BẠN LÀM ĐƯỢC VIỆC NÀY,chỉ có thực phẩm mới giúp bạn làm được việc này
VIVOSDEV17_133_snr10,vivos,phowhisper,base,tone_aware_lora,0.05,42,10,noise,CHỈ CÓ THỰC PHẨM MỚI GIÚP BẠN LÀM ĐƯỢC VIỆC NÀY,chỉ có thực phẩm mới giúp bạn làm được việc này
VIVOSDEV17_133_snr20,vivos,phowhisper,base,tone_aware_lora,0.05,42,20,speech,CHỈ CÓ THỰC PHẨM MỚI GIÚP BẠN LÀM ĐƯỢC VIỆC NÀY,chỉ có thực phẩm mới giúp bạn làm được việc này
VIVOSDEV17_133_snr5,vivos,phowhisper,base,tone_aware_lora,0.05,42,5,music,CHỈ CÓ THỰC PHẨM MỚI GIÚP BẠN LÀM ĐƯỢC VIỆC NÀY,chỉ có thực phẩm mới giúp bạn làm được việc này
VIVOSDEV17_147_clean,vivos,phowhisper,base,tone_aware_lora,0.05,42,clean,clean,VỚI CÁC DÁT MÀU CÀ PHÊ SỮA KHÔNG CẦN ĐIỀU TRỊ,với các giác màu cà phê sữa không cần điều trị
VIVOSDEV17_147_snr0,vivos,phowhisper,base,tone_aware_lora,0.05,42,0,music,VỚI CÁC DÁT MÀU CÀ PHÊ SỮA KHÔNG CẦN ĐIỀU TRỊ,với các giếc màu cà phê sữa không cần điều trị
VIVOSDEV17_147_snr10,vivos,phowhisper,base,tone_aware_lora,0.05,42,10,music,VỚI CÁC DÁT MÀU CÀ PHÊ SỮA KHÔNG CẦN ĐIỀU TRỊ,với các giếc màu cà phê sữa không cần điều trị
VIVOSDEV17_147_snr20,vivos,phowhisper,base,tone_aware_lora,0.05,42,20,speech,VỚI CÁC DÁT MÀU CÀ PHÊ SỮA KHÔNG CẦN ĐIỀU TRỊ,với các giác màu cà phê sữa không cần điều trị
VIVOSDEV17_147_snr5,vivos,phowhisper,base,tone_aware_lora,0.05,42,5,speech,VỚI CÁC DÁT MÀU CÀ PHÊ SỮA KHÔNG CẦN ĐIỀU TRỊ,với các ghế màu cà phê sữa không cần điều trị
VIVOSDEV17_181_clean,vivos,phowhisper,base,tone_aware_lora,0.05,42,clean,clean,NHỮNG CÂU HỎI TRÊN SẼ GIÚP BẠN LÀM ĐƯỢC ĐIỀU NÀY,những câu hỏi trên sẽ giúp bạn làm được điều này
VIVOSDEV17_181_snr0,vivos,phowhisper,base,tone_aware_lora,0.05,42,0,noise,NHỮNG CÂU HỎI TRÊN SẼ GIÚP BẠN LÀM ĐƯỢC ĐIỀU NÀY,những cơn hỏng lên sẽ giúp bạn làm được điều này
VIVOSDEV17_181_snr10,vivos,phowhisper,base,tone_aware_lora,0.05,42,10,speech,NHỮNG CÂU HỎI TRÊN SẼ GIÚP BẠN LÀM ĐƯỢC ĐIỀU NÀY,những câu hỏi trên sẽ giúp bạn làm được điều này
VIVOSDEV17_181_snr20,vivos,phowhisper,base,tone_aware_lora,0.05,42,20,noise,NHỮNG CÂU HỎI TRÊN SẼ GIÚP BẠN LÀM ĐƯỢC ĐIỀU NÀY,những câu hỏi trên sẽ giúp bạn làm được điều này
VIVOSDEV17_181_snr5,vivos,phowhisper,base,tone_aware_lora,0.05,42,5,noise,NHỮNG CÂU HỎI TRÊN SẼ GIÚP BẠN LÀM ĐƯỢC ĐIỀU NÀY,những câu hỏi trên sẽ giúp bạn làm được điều này
VIVOSDEV17_189_clean,vivos,phowhisper,base,tone_aware_lora,0.05,42,clean,clean,VẪN CÒN NHƯNG BẠN KHÔNG DÁM CHẮC HỌ CÓ HẠNH PHÚC HAY KHÔNG,vẫn còn nhưng bạn không dám chắc họ có hạnh phúc hay không
VIVOSDEV17_189_snr0,vivos,phowhisper,base,tone_aware_lora,0.05,42,0,music,VẪN CÒN NHƯNG BẠN KHÔNG DÁM CHẮC HỌ CÓ HẠNH PHÚC HAY KHÔNG,vẫn còn nhưng bạn không dám chắc họ có hạnh phúc hay không
VIVOSDEV17_189_snr10,vivos,phowhisper,base,tone_aware_lora,0.05,42,10,noise,VẪN CÒN NHƯNG BẠN KHÔNG DÁM CHẮC HỌ CÓ HẠNH PHÚC HAY KHÔNG,vẫn còn nhưng bạn không dám chắc họ có hạnh phúc hay không
VIVOSDEV17_189_snr20,vivos,phowhisper,base,tone_aware_lora,0.05,42,20,music,VẪN CÒN NHƯNG BẠN KHÔNG DÁM CHẮC HỌ CÓ HẠNH PHÚC HAY KHÔNG,vẫn còn nhưng bạn không dám chắc họ có hạnh phúc hay không
VIVOSDEV17_189_snr5,vivos,phowhisper,base,tone_aware_lora,0.05,42,5,music,VẪN CÒN NHƯNG BẠN KHÔNG DÁM CHẮC HỌ CÓ HẠNH PHÚC HAY KHÔNG,vẫn còn nhưng bạn không dám chắc họ có hạnh phúc hay không
VIVOSDEV17_192_clean,vivos,phowhisper,base,tone_aware_lora,0.05,42,clean,clean,ĐÓ CŨNG LÀ SỰ TIẾP XÚC GẦN GŨI NHẤT CỦA BỌN EM,đó cũng là sự tiếp xúc gần gũi nhất của bọn em
VIVOSDEV17_192_snr0,vivos,phowhisper,base,tone_aware_lora,0.05,42,0,music,ĐÓ CŨNG LÀ SỰ TIẾP XÚC GẦN GŨI NHẤT CỦA BỌN EM,đó cũng là sự tiếp xúc gần gũi nhất của bọn em
VIVOSDEV17_192_snr10,vivos,phowhisper,base,tone_aware_lora,0.05,42,10,speech,ĐÓ CŨNG LÀ SỰ TIẾP XÚC GẦN GŨI NHẤT CỦA BỌN EM,đó cũng là sự tiếp xúc gần gũi nhất của bọn em
VIVOSDEV17_192_snr20,vivos,phowhisper,base,tone_aware_lora,0.05,42,20,speech,ĐÓ CŨNG LÀ SỰ TIẾP XÚC GẦN GŨI NHẤT CỦA BỌN EM,đó cũng là sự tiếp xúc gần gũi nhất của bọn em
VIVOSDEV17_192_snr5,vivos,phowhisper,base,tone_aware_lora,0.05,42,5,music,ĐÓ CŨNG LÀ SỰ TIẾP XÚC GẦN GŨI NHẤT CỦA BỌN EM,đó cũng là sự tiếp xúc gần gũi nhất của bọn em
VIVOSDEV17_204_clean,vivos,phowhisper,base,tone_aware_lora,0.05,42,clean,clean,EM HÃY TỈNH TÁO MÀ TÌM NHỮNG ĐỊNH HƯỚNG TỐT HƠN CHO TƯƠNG LAI,em hãy tỉnh táo mà tìm những định hướng tốt hơn cho tương lai
VIVOSDEV17_204_snr0,vivos,phowhisper,base,tone_aware_lora,0.05,42,0,noise,EM HÃY TỈNH TÁO MÀ TÌM NHỮNG ĐỊNH HƯỚNG TỐT HƠN CHO TƯƠNG LAI,em hãy tỉnh táo mà tìm những định hướng tốt hơn cho tương lai
VIVOSDEV17_204_snr10,vivos,phowhisper,base,tone_aware_lora,0.05,42,10,music,EM HÃY TỈNH TÁO MÀ TÌM NHỮNG ĐỊNH HƯỚNG TỐT HƠN CHO TƯƠNG LAI,em hãy tỉnh táo mà tìm những định hướng tốt hơn cho tương lai
VIVOSDEV17_204_snr20,vivos,phowhisper,base,tone_aware_lora,0.05,42,20,music,EM HÃY TỈNH TÁO MÀ TÌM NHỮNG ĐỊNH HƯỚNG TỐT HƠN CHO TƯƠNG LAI,em hãy tỉnh táo mà tìm những định hướng tốt hơn cho tương lai
VIVOSDEV17_204_snr5,vivos,phowhisper,base,tone_aware_lora,0.05,42,5,noise,EM HÃY TỈNH TÁO MÀ TÌM NHỮNG ĐỊNH HƯỚNG TỐT HƠN CHO TƯƠNG LAI,em hãy tỉnh táo mà tìm những định hướng tốt hơn cho tương lai
VIVOSDEV17_208_clean,vivos,phowhisper,base,tone_aware_lora,0.05,42,clean,clean,NHƯNG CHẲNG CÓ ĐIỂM SẢN XUẤT NÀO DÙNG BẠT PHỦ CHE CHẮN,nhưng chẳng có điểm sản xuất nào dùng bạc phụ che chắn
VIVOSDEV17_208_snr0,vivos,phowhisper,base,tone_aware_lora,0.05,42,0,noise,NHƯNG CHẲNG CÓ ĐIỂM SẢN XUẤT NÀO DÙNG BẠT PHỦ CHE CHẮN,nhưng chẳng có điểm sản xuất nào dùng bạc phụ che chắn
VIVOSDEV17_208_snr10,vivos,phowhisper,base,tone_aware_lora,0.05,42,10,music,NHƯNG CHẲNG CÓ ĐIỂM SẢN XUẤT NÀO DÙNG BẠT PHỦ CHE CHẮN,nhưng chẳng có điểm sản xuất nào dùng bạc phụ che chắn
VIVOSDEV17_208_snr20,vivos,phowhisper,base,tone_aware_lora,0.05,42,20,noise,NHƯNG CHẲNG CÓ ĐIỂM SẢN XUẤT NÀO DÙNG BẠT PHỦ CHE CHẮN,nhưng chẳng có điểm sản xuất nào dùng bạc phụ che chắn
VIVOSDEV17_208_snr5,vivos,phowhisper,base,tone_aware_lora,0.05,42,5,noise,NHƯNG CHẲNG CÓ ĐIỂM SẢN XUẤT NÀO DÙNG BẠT PHỦ CHE CHẮN,nhưng chẳng có điểm sản xuất nào dùng bạc phụ che chắn
VIVOSDEV17_217_clean,vivos,phowhisper,base,tone_aware_lora,0.05,42,clean,clean,THÌ HỢP ĐỒNG THẾ CHẤP NÀY CŨNG KHÔNG CÓ GIÁ TRỊ PHÁP LÝ,thì hợp đồng thế chấp này cũng không có giá trị pháp lý
VIVOSDEV17_217_snr0,vivos,phowhisper,base,tone_aware_lora,0.05,42,0,noise,THÌ HỢP ĐỒNG THẾ CHẤP NÀY CŨNG KHÔNG CÓ GIÁ TRỊ PHÁP LÝ,thì hợp đồng thế chấp này cũng không có giá trị tốc lý
VIVOSDEV17_217_snr10,vivos,phowhisper,base,tone_aware_lora,0.05,42,10,music,THÌ HỢP ĐỒNG THẾ CHẤP NÀY CŨNG KHÔNG CÓ GIÁ TRỊ PHÁP LÝ,thì hoạt động thế chấp này cũng không có giá trị tâm lý
VIVOSDEV17_217_snr20,vivos,phowhisper,base,tone_aware_lora,0.05,42,20,music,THÌ HỢP ĐỒNG THẾ CHẤP NÀY CŨNG KHÔNG CÓ GIÁ TRỊ PHÁP LÝ,thì hợp đồng thế chấp này cũng không có giá trị pháp lý
VIVOSDEV17_217_snr5,vivos,phowhisper,base,tone_aware_lora,0.05,42,5,speech,THÌ HỢP ĐỒNG THẾ CHẤP NÀY CŨNG KHÔNG CÓ GIÁ TRỊ PHÁP LÝ,thì hành động thế chấp này cũng không có giá trị pháp lý hầu vậy
VIVOSDEV17_241_clean,vivos,phowhisper,base,tone_aware_lora,0.05,42,clean,clean,MỘT ANH TRAI TUẤN ĐANG NGỒI TÙ VÌ TỘI GIẾT NGƯỜI,một anh chai tuấn đang ngồi tù vì tội giết người
VIVOSDEV17_241_snr0,vivos,phowhisper,base,tone_aware_lora,0.05,42,0,speech,MỘT ANH TRAI TUẤN ĐANG NGỒI TÙ VÌ TỘI GIẾT NGƯỜI,mức anh chưa tồn đã kém ngoài tù vì tội tiết lấy khi rèn luyện bạo hành
VIVOSDEV17_241_snr10,vivos,phowhisper,base,tone_aware_lora,0.05,42,10,speech,MỘT ANH TRAI TUẤN ĐANG NGỒI TÙ VÌ TỘI GIẾT NGƯỜI,một anh trai tuấn đang ngồi tù vì tội giết người
VIVOSDEV17_241_snr20,vivos,phowhisper,base,tone_aware_lora,0.05,42,20,music,MỘT ANH TRAI TUẤN ĐANG NGỒI TÙ VÌ TỘI GIẾT NGƯỜI,một anh trai tuấn đang ngồi tù vì tội giết người
VIVOSDEV17_241_snr5,vivos,phowhisper,base,tone_aware_lora,0.05,42,5,noise,MỘT ANH TRAI TUẤN ĐANG NGỒI TÙ VÌ TỘI GIẾT NGƯỜI,một anh trai tuấn đang ngồi tù vì tội giết người
VIVOSDEV17_254_clean,vivos,phowhisper,base,tone_aware_lora,0.05,42,clean,clean,CÁC BƯỚC SAU ĐÂY SẼ GIÚP BẠN TÌM RA ỨNG CỬ VIÊN THÍCH HỢP,các bước sau đây sẽ giúp bạn tìm ra ứng cử viên thích hợp
VIVOSDEV17_254_snr0,vivos,phowhisper,base,tone_aware_lora,0.05,42,0,music,CÁC BƯỚC SAU ĐÂY SẼ GIÚP BẠN TÌM RA ỨNG CỬ VIÊN THÍCH HỢP,các mướn sau đây sẽ giúp bạn tìm ra ứng cử viên thích hợp
VIVOSDEV17_254_snr10,vivos,phowhisper,base,tone_aware_lora,0.05,42,10,noise,CÁC BƯỚC SAU ĐÂY SẼ GIÚP BẠN TÌM RA ỨNG CỬ VIÊN THÍCH HỢP,các bước sau đây sẽ giúp bạn tìm ra ứng cử viên thích hợp
VIVOSDEV17_254_snr20,vivos,phowhisper,base,tone_aware_lora,0.05,42,20,noise,CÁC BƯỚC SAU ĐÂY SẼ GIÚP BẠN TÌM RA ỨNG CỬ VIÊN THÍCH HỢP,các bước sau đây sẽ giúp bạn tìm ra ứng cử viên thích hợp
VIVOSDEV17_254_snr5,vivos,phowhisper,base,tone_aware_lora,0.05,42,5,noise,CÁC BƯỚC SAU ĐÂY SẼ GIÚP BẠN TÌM RA ỨNG CỬ VIÊN THÍCH HỢP,các mức sau đây sẽ giúp bạn tìm ra ứng cử viên thích hợp
VIVOSDEV17_271_clean,vivos,phowhisper,base,tone_aware_lora,0.05,42,clean,clean,GIẢI NHẤT HUY CHƯƠNG VÀNG THUỘC VỀ NHÀ NHIẾP ẢNH CỦA CỘNG HÒA SÉC,giải nhất huy chương vàng thuộc về nhà nhiếp ảnh của cổng hoà sét
VIVOSDEV17_271_snr0,vivos,phowhisper,base,tone_aware_lora,0.05,42,0,music,GIẢI NHẤT HUY CHƯƠNG VÀNG THUỘC VỀ NHÀ NHIẾP ẢNH CỦA CỘNG HÒA SÉC,giải nhất huy chương vàng thuộc về nhà nhiếp ảnh của cổng hòa pháp
VIVOSDEV17_271_snr10,vivos,phowhisper,base,tone_aware_lora,0.05,42,10,noise,GIẢI NHẤT HUY CHƯƠNG VÀNG THUỘC VỀ NHÀ NHIẾP ẢNH CỦA CỘNG HÒA SÉC,giải nhất huy chương vàng thuộc về nhà nhiếp ảnh của cổng hoà sét
VIVOSDEV17_271_snr20,vivos,phowhisper,base,tone_aware_lora,0.05,42,20,music,GIẢI NHẤT HUY CHƯƠNG VÀNG THUỘC VỀ NHÀ NHIẾP ẢNH CỦA CỘNG HÒA SÉC,giải nhất huy chương vàng thuộc về nhà nhiếp ảnh của cổng hoà sét
VIVOSDEV17_271_snr5,vivos,phowhisper,base,tone_aware_lora,0.05,42,5,noise,GIẢI NHẤT HUY CHƯƠNG VÀNG THUỘC VỀ NHÀ NHIẾP ẢNH CỦA CỘNG HÒA SÉC,giải nhất huy chương vàng thuộc về nhà nhiếp ảnh của cổng hoà sét
VIVOSDEV17_285_clean,vivos,phowhisper,base,tone_aware_lora,0.05,42,clean,clean,ĐỂ XIN THỊ THỰC CÔNG TÁC VỀ CƠ BẢN BẠN PHẢI CÓ,để xin thị thực công tác về cơ bản bạn phải có
VIVOSDEV17_285_snr0,vivos,phowhisper,base,tone_aware_lora,0.05,42,0,music,ĐỂ XIN THỊ THỰC CÔNG TÁC VỀ CƠ BẢN BẠN PHẢI CÓ,để xin thử thực công tác về cơ bản bạn phải có
VIVOSDEV17_285_snr10,vivos,phowhisper,base,tone_aware_lora,0.05,42,10,noise,ĐỂ XIN THỊ THỰC CÔNG TÁC VỀ CƠ BẢN BẠN PHẢI CÓ,để trinh thị thực công tác về cơ bản bạn phải có
VIVOSDEV17_285_snr20,vivos,phowhisper,base,tone_aware_lora,0.05,42,20,music,ĐỂ XIN THỊ THỰC CÔNG TÁC VỀ CƠ BẢN BẠN PHẢI CÓ,để xin thị thực công tác về cơ bản bạn phải có
VIVOSDEV17_285_snr5,vivos,phowhisper,base,tone_aware_lora,0.05,42,5,noise,ĐỂ XIN THỊ THỰC CÔNG TÁC VỀ CƠ BẢN BẠN PHẢI CÓ,để xin thị thực công tác về cơ bản bạn phải có
VIVOSDEV17_288_clean,vivos,phowhisper,base,tone_aware_lora,0.05,42,clean,clean,TÔI NẮM BÀN TAY XƯA BA TÔI TỪNG THƯƠNG YÊU ĐAU XÓT CẦM GIỮ,tôi nắm bàn tay xưa ba tôi từng thương tôi đau xót cầm giữ
VIVOSDEV17_288_snr0,vivos,phowhisper,base,tone_aware_lora,0.05,42,0,music,TÔI NẮM BÀN TAY XƯA BA TÔI TỪNG THƯƠNG YÊU ĐAU XÓT CẦM GIỮ,tôi nắm bàn tay xưa ba tôi từng thương tôi tâu sốt cầm giữ
VIVOSDEV17_288_snr10,vivos,phowhisper,base,tone_aware_lora,0.05,42,10,noise,TÔI NẮM BÀN TAY XƯA BA TÔI TỪNG THƯƠNG YÊU ĐAU XÓT CẦM GIỮ,tôi nắm bàn tay xưa ba tôi từng thương tôi đau xót cầm giữ
VIVOSDEV17_288_snr20,vivos,phowhisper,base,tone_aware_lora,0.05,42,20,speech,TÔI NẮM BÀN TAY XƯA BA TÔI TỪNG THƯƠNG YÊU ĐAU XÓT CẦM GIỮ,tôi nắm bàn tay xưa ba tôi từng thương tôi đau xót cầm giữ
VIVOSDEV17_288_snr5,vivos,phowhisper,base,tone_aware_lora,0.05,42,5,speech,TÔI NẮM BÀN TAY XƯA BA TÔI TỪNG THƯƠNG YÊU ĐAU XÓT CẦM GIỮ,tôi nắm bằng tay thương ta tôi từng thua tôi tôi tôi thoát tằng giữ
VIVOSDEV17_299_clean,vivos,phowhisper,base,tone_aware_lora,0.05,42,clean,clean,KHAI MẠC TRIỂN LÃM QUY MÔ LỚN VỀ TRANH SƠN MÀI VIỆT NAM,khai mạc triển lãm quy mô lớn về tranh sơn mài việt nam
VIVOSDEV17_299_snr0,vivos,phowhisper,base,tone_aware_lora,0.05,42,0,speech,KHAI MẠC TRIỂN LÃM QUY MÔ LỚN VỀ TRANH SƠN MÀI VIỆT NAM,hai mảng triển lãm khi mô lớn về tranh sơn bày nam
VIVOSDEV17_299_snr10,vivos,phowhisper,base,tone_aware_lora,0.05,42,10,noise,KHAI MẠC TRIỂN LÃM QUY MÔ LỚN VỀ TRANH SƠN MÀI VIỆT NAM,khai mạc triển lãm quy mô lớn về tranh sơn mài việt nam
VIVOSDEV17_299_snr20,vivos,phowhisper,base,tone_aware_lora,0.05,42,20,music,KHAI MẠC TRIỂN LÃM QUY MÔ LỚN VỀ TRANH SƠN MÀI VIỆT NAM,khai mạc triển lãm quy mô lớn về tranh sơn mài việt nam
VIVOSDEV17_299_snr5,vivos,phowhisper,base,tone_aware_lora,0.05,42,5,speech,KHAI MẠC TRIỂN LÃM QUY MÔ LỚN VỀ TRANH SƠN MÀI VIỆT NAM,khai mạc triển lãm quy mô lớn về tranh xa ngoài việt nam
VIVOSDEV18_006_clean,vivos,phowhisper,base,tone_aware_lora,0.05,42,clean,clean,KHÔNG NÊN CHỈ DỰA VÀO BÀI VIẾT CỦA BẠN ĐỂ THUYẾT MINH THÊM,không nên chỉ dựa vào bài viết của bạn để thuyết minh thêm
VIVOSDEV18_006_snr0,vivos,phowhisper,base,tone_aware_lora,0.05,42,0,noise,KHÔNG NÊN CHỈ DỰA VÀO BÀI VIẾT CỦA BẠN ĐỂ THUYẾT MINH THÊM,không nên chỉ dựa vào bài tiếp của bạn để thuyết minh thêm
VIVOSDEV18_006_snr10,vivos,phowhisper,base,tone_aware_lora,0.05,42,10,speech,KHÔNG NÊN CHỈ DỰA VÀO BÀI VIẾT CỦA BẠN ĐỂ THUYẾT MINH THÊM,không nên chỉ dựa vào bài viết của bạn để thuyết minh thêm
VIVOSDEV18_006_snr20,vivos,phowhisper,base,tone_aware_lora,0.05,42,20,noise,KHÔNG NÊN CHỈ DỰA VÀO BÀI VIẾT CỦA BẠN ĐỂ THUYẾT MINH THÊM,không nên chỉ dựa vào bài viết của bạn để thuyết minh thêm
VIVOSDEV18_006_snr5,vivos,phowhisper,base,tone_aware_lora,0.05,42,5,speech,KHÔNG NÊN CHỈ DỰA VÀO BÀI VIẾT CỦA BẠN ĐỂ THUYẾT MINH THÊM,không nên chỉ dựa vào bái vết của bạn để thuyết minh thêm
VIVOSDEV18_012_clean,vivos,phowhisper,base,tone_aware_lora,0.05,42,clean,clean,VÀ GIÁO DỤC CON NGƯỜI TRỞ THÀNH VIỆC LUYỆN TRÍ NHỚ,và giáo dục con người trở thành việc luyện trí nhớ
VIVOSDEV18_012_snr0,vivos,phowhisper,base,tone_aware_lora,0.05,42,0,noise,VÀ GIÁO DỤC CON NGƯỜI TRỞ THÀNH VIỆC LUYỆN TRÍ NHỚ,và giáo dục con người trở thành việc luyện trí nhớ
VIVOSDEV18_012_snr10,vivos,phowhisper,base,tone_aware_lora,0.05,42,10,noise,VÀ GIÁO DỤC CON NGƯỜI TRỞ THÀNH VIỆC LUYỆN TRÍ NHỚ,và giáo dục con người trở thành việc luyện trí nhớ
VIVOSDEV18_012_snr20,vivos,phowhisper,base,tone_aware_lora,0.05,42,20,music,VÀ GIÁO DỤC CON NGƯỜI TRỞ THÀNH VIỆC LUYỆN TRÍ NHỚ,và giáo dục con người trở thành việc luyện trí nhớ
VIVOSDEV18_012_snr5,vivos,phowhisper,base,tone_aware_lora,0.05,42,5,noise,VÀ GIÁO DỤC CON NGƯỜI TRỞ THÀNH VIỆC LUYỆN TRÍ NHỚ,và giáo dục con người trở thành lực lượng trí nhớ
VIVOSDEV18_017_clean,vivos,phowhisper,base,tone_aware_lora,0.05,42,clean,clean,TUY NHIÊN HỢP ĐỒNG NÀY CHỈ CÓ GIÁ TRỊ TRONG NHỮNG NGÀY BÌNH THƯỜNG,tuy nhiên hợp đồng này chỉ có giá trị trong những ngày bình thường
VIVOSDEV18_017_snr0,vivos,phowhisper,base,tone_aware_lora,0.05,42,0,noise,TUY NHIÊN HỢP ĐỒNG NÀY CHỈ CÓ GIÁ TRỊ TRONG NHỮNG NGÀY BÌNH THƯỜNG,tuy nhiên hợp đồng này chỉ quá già chịu trong những ngày bình thường
VIVOSDEV18_017_snr10,vivos,phowhisper,base,tone_aware_lora,0.05,42,10,music,TUY NHIÊN HỢP ĐỒNG NÀY CHỈ CÓ GIÁ TRỊ TRONG NHỮNG NGÀY BÌNH THƯỜNG,tuy nhiên hợp đồng này chỉ có giá trị trong những ngày bình thường
VIVOSDEV18_017_snr20,vivos,phowhisper,base,tone_aware_lora,0.05,42,20,noise,TUY NHIÊN HỢP ĐỒNG NÀY CHỈ CÓ GIÁ TRỊ TRONG NHỮNG NGÀY BÌNH THƯỜNG,tuy nhiên hợp đồng này chỉ có giá trị trong những ngày bình thường
VIVOSDEV18_017_snr5,vivos,phowhisper,base,tone_aware_lora,0.05,42,5,noise,TUY NHIÊN HỢP ĐỒNG NÀY CHỈ CÓ GIÁ TRỊ TRONG NHỮNG NGÀY BÌNH THƯỜNG,tuy nhiên hợp đồng này chỉ có giá trị trong những ngày bình thường
VIVOSDEV18_060_clean,vivos,phowhisper,base,tone_aware_lora,0.05,42,clean,clean,CÀNG NGÀY MÌNH CÀNG NGHĨ NHIỀU VỀ CÔNG VIỆC GIẢNG DẠY,càng ngày mình càng nghĩ nhiều về công việc giảng dạy
VIVOSDEV18_060_snr0,vivos,phowhisper,base,tone_aware_lora,0.05,42,0,speech,CÀNG NGÀY MÌNH CÀNG NGHĨ NHIỀU VỀ CÔNG VIỆC GIẢNG DẠY,càng ngày mình càng nghĩ nhiều về công việc giảm giải tình
VIVOSDEV18_060_snr10,vivos,phowhisper,base,tone_aware_lora,0.05,42,10,music,CÀNG NGÀY MÌNH CÀNG NGHĨ NHIỀU VỀ CÔNG VIỆC GIẢNG DẠY,càng ngày mình càng nghĩ nhiều về công việc giảng dạy
VIVOSDEV18_060_snr20,vivos,phowhisper,base,tone_aware_lora,0.05,42,20,noise,CÀNG NGÀY MÌNH CÀNG NGHĨ NHIỀU VỀ CÔNG VIỆC GIẢNG DẠY,càng ngày mình càng nghĩ nhiều về công việc giảng dạy
VIVOSDEV18_060_snr5,vivos,phowhisper,base,tone_aware_lora,0.05,42,5,music,CÀNG NGÀY MÌNH CÀNG NGHĨ NHIỀU VỀ CÔNG VIỆC GIẢNG DẠY,càng ngày mình càng nghĩ nhiều về công việc giảng dạy
VIVOSDEV18_064_clean,vivos,phowhisper,base,tone_aware_lora,0.05,42,clean,clean,TẤT NHIÊN HÓA ĐƠN TIỀN NƯỚC CŨNG KÈM LUÔN KHOẢN TIỀN,tất nhiên hoa đơn tiền nước cũng kèm theo luôn khoản tiền
VIVOSDEV18_064_snr0,vivos,phowhisper,base,tone_aware_lora,0.05,42,0,noise,TẤT NHIÊN HÓA ĐƠN TIỀN NƯỚC CŨNG KÈM LUÔN KHOẢN TIỀN,tất nhiên hoa đơn tiền nước cũng kèm theo luôn khoản tiền
VIVOSDEV18_064_snr10,vivos,phowhisper,base,tone_aware_lora,0.05,42,10,music,TẤT NHIÊN HÓA ĐƠN TIỀN NƯỚC CŨNG KÈM LUÔN KHOẢN TIỀN,tất nhiên hoa đơn tiền nước cũng kèm theo luôn khoản tiền
VIVOSDEV18_064_snr20,vivos,phowhisper,base,tone_aware_lora,0.05,42,20,music,TẤT NHIÊN HÓA ĐƠN TIỀN NƯỚC CŨNG KÈM LUÔN KHOẢN TIỀN,tất nhiên hóa đơn tiền nước cũng kèm theo luôn khoản tiền
VIVOSDEV18_064_snr5,vivos,phowhisper,base,tone_aware_lora,0.05,42,5,noise,TẤT NHIÊN HÓA ĐƠN TIỀN NƯỚC CŨNG KÈM LUÔN KHOẢN TIỀN,tất nhiên hoa đơn tiền nước cũng kèm theo luôn khoản tiền
VIVOSDEV18_065_clean,vivos,phowhisper,base,tone_aware_lora,0.05,42,clean,clean,CHÚC BẠN ĐỌC CÓ THẬT NHIỀU THỜI GIAN THƯ GIÃN THOẢI MÁI,nhưng bạn đọc có thật nhiều thời gian thư giãn thoải mái
VIVOSDEV18_065_snr0,vivos,phowhisper,base,tone_aware_lora,0.05,42,0,music,CHÚC BẠN ĐỌC CÓ THẬT NHIỀU THỜI GIAN THƯ GIÃN THOẢI MÁI,các bạn đọc gió thật nhiều thời gian khi đã giỏi máy
VIVOSDEV18_065_snr10,vivos,phowhisper,base,tone_aware_lora,0.05,42,10,music,CHÚC BẠN ĐỌC CÓ THẬT NHIỀU THỜI GIAN THƯ GIÃN THOẢI MÁI,các bạn đọc có thật nhiều thời gian thư giãn thoải mái
VIVOSDEV18_065_snr20,vivos,phowhisper,base,tone_aware_lora,0.05,42,20,noise,CHÚC BẠN ĐỌC CÓ THẬT NHIỀU THỜI GIAN THƯ GIÃN THOẢI MÁI,nếu bạn đọc có thật nhiều thời gian thư giãn thoải mái
VIVOSDEV18_065_snr5,vivos,phowhisper,base,tone_aware_lora,0.05,42,5,music,CHÚC BẠN ĐỌC CÓ THẬT NHIỀU THỜI GIAN THƯ GIÃN THOẢI MÁI,các bạn đọc có thật nhiều thời gian thư giãn thoải mái
VIVOSDEV18_118_clean,vivos,phowhisper,base,tone_aware_lora,0.05,42,clean,clean,NGƯỜI ĂN XIN THƯA BÀ NGÀY THƯỜNG THÌ BÀ CHO GÌ CŨNG ĐƯỢC,người ăn xin thưa bà ngày thường thì bà cho gì cũng được
VIVOSDEV18_118_snr0,vivos,phowhisper,base,tone_aware_lora,0.05,42,0,noise,NGƯỜI ĂN XIN THƯA BÀ NGÀY THƯỜNG THÌ BÀ CHO GÌ CŨNG ĐƯỢC,người ăn xin thưa bà ngày thường thì bà cho gì cũng được
VIVOSDEV18_118_snr10,vivos,phowhisper,base,tone_aware_lora,0.05,42,10,noise,NGƯỜI ĂN XIN THƯA BÀ NGÀY THƯỜNG THÌ BÀ CHO GÌ CŨNG ĐƯỢC,người ăn xin thưa bà ngày thường thì bà cho gì cũng được
VIVOSDEV18_118_snr20,vivos,phowhisper,base,tone_aware_lora,0.05,42,20,noise,NGƯỜI ĂN XIN THƯA BÀ NGÀY THƯỜNG THÌ BÀ CHO GÌ CŨNG ĐƯỢC,người ăn xin thưa bà ngày thường thì bà cho gì cũng được
VIVOSDEV18_118_snr5,vivos,phowhisper,base,tone_aware_lora,0.05,42,5,music,NGƯỜI ĂN XIN THƯA BÀ NGÀY THƯỜNG THÌ BÀ CHO GÌ CŨNG ĐƯỢC,nhiều anh sinh chưa bà ngày thường thì bà cho gì cũng được
VIVOSDEV18_120_clean,vivos,phowhisper,base,tone_aware_lora,0.05,42,clean,clean,BẠN KHÔNG BAO GIỜ RA NGOÀI MÀ KHÔNG DÙNG KEM LÓT,bạn không bao giờ ra ngoài mà không dùng kem lót
VIVOSDEV18_120_snr0,vivos,phowhisper,base,tone_aware_lora,0.05,42,0,speech,BẠN KHÔNG BAO GIỜ RA NGOÀI MÀ KHÔNG DÙNG KEM LÓT,bạn không bao giờ ra ngoài mà không dùng kem ló
VIVOSDEV18_120_snr10,vivos,phowhisper,base,tone_aware_lora,0.05,42,10,noise,BẠN KHÔNG BAO GIỜ RA NGOÀI MÀ KHÔNG DÙNG KEM LÓT,bạn không bao giờ ra ngoài mà không dùng kem lót
VIVOSDEV18_120_snr20,vivos,phowhisper,base,tone_aware_lora,0.05,42,20,noise,BẠN KHÔNG BAO GIỜ RA NGOÀI MÀ KHÔNG DÙNG KEM LÓT,bạn không bao giờ ra ngoài mà không dùng kem lót
VIVOSDEV18_120_snr5,vivos,phowhisper,base,tone_aware_lora,0.05,42,5,noise,BẠN KHÔNG BAO GIỜ RA NGOÀI MÀ KHÔNG DÙNG KEM LÓT,bạn không bao giờ ra ngoài mà không dùng kem lót
VIVOSDEV18_155_clean,vivos,phowhisper,base,tone_aware_lora,0.05,42,clean,clean,NGƯỜI ĐÀN ÔNG TRÊN GIƯỜNG THÌNH LÌNH RÊN LÊN MỘT TIẾNG RỒI MỞ MẮT,người đàn ông trên giường thịnh lìn rên lên một tiếng rồi mở mắt
VIVOSDEV18_155_snr0,vivos,phowhisper,base,tone_aware_lora,0.05,42,0,noise,NGƯỜI ĐÀN ÔNG TRÊN GIƯỜNG THÌNH LÌNH RÊN LÊN MỘT TIẾNG RỒI MỞ MẮT,người đàn ông thương nhường thùng lùng rơi lên một củng vời mọi mắt
VIVOSDEV18_155_snr10,vivos,phowhisper,base,tone_aware_lora,0.05,42,10,noise,NGƯỜI ĐÀN ÔNG TRÊN GIƯỜNG THÌNH LÌNH RÊN LÊN MỘT TIẾNG RỒI MỞ MẮT,người đàn ông trên giường thịnh lìn lên lên một tiếng rồi mở mắt
VIVOSDEV18_155_snr20,vivos,phowhisper,base,tone_aware_lora,0.05,42,20,music,NGƯỜI ĐÀN ÔNG TRÊN GIƯỜNG THÌNH LÌNH RÊN LÊN MỘT TIẾNG RỒI MỞ MẮT,người đàn ông trên giường thịnh lìn rên lên một tiếng rồi mở mắt
VIVOSDEV18_155_snr5,vivos,phowhisper,base,tone_aware_lora,0.05,42,5,noise,NGƯỜI ĐÀN ÔNG TRÊN GIƯỜNG THÌNH LÌNH RÊN LÊN MỘT TIẾNG RỒI MỞ MẮT,người đàn ông trên giường trịnh lìm rơi lên một tiếng rồi mở mắt
VIVOSDEV18_191_clean,vivos,phowhisper,base,tone_aware_lora,0.05,42,clean,clean,VỊ BÁC SĨ HIỀN LÀNH ẤY CÓ NHỮNG LÝ THUYẾT TRỒNG CÂY THẬT THÚ VỊ,vị bác sĩ hiền làn ấy có những lý thuyết trồng cây thật thú vị
VIVOSDEV18_191_snr0,vivos,phowhisper,base,tone_aware_lora,0.05,42,0,noise,VỊ BÁC SĨ HIỀN LÀNH ẤY CÓ NHỮNG LÝ THUYẾT TRỒNG CÂY THẬT THÚ VỊ,bác sĩ hiện lại ấy có những ý thuyết trồng cây thật thú vị
VIVOSDEV18_191_snr10,vivos,phowhisper,base,tone_aware_lora,0.05,42,10,music,VỊ BÁC SĨ HIỀN LÀNH ẤY CÓ NHỮNG LÝ THUYẾT TRỒNG CÂY THẬT THÚ VỊ,vị bác sĩ hiền làn ấy có những lý thuyết trồng cây thật thú vị
VIVOSDEV18_191_snr20,vivos,phowhisper,base,tone_aware_lora,0.05,42,20,noise,VỊ BÁC SĨ HIỀN LÀNH ẤY CÓ NHỮNG LÝ THUYẾT TRỒNG CÂY THẬT THÚ VỊ,vị bác sĩ hiền làn ấy có những lý thuyết trồng cây thật thú vị
VIVOSDEV18_191_snr5,vivos,phowhisper,base,tone_aware_lora,0.05,42,5,noise,VỊ BÁC SĨ HIỀN LÀNH ẤY CÓ NHỮNG LÝ THUYẾT TRỒNG CÂY THẬT THÚ VỊ,vị bắp tự dồn lăn ấy có những lý thuyết trồng cây thật thú vị
VIVOSDEV18_194_clean,vivos,phowhisper,base,tone_aware_lora,0.05,42,clean,clean,XIN VỚI MẸ CHO ĐI CAI TẬP TRUNG SAU MỘT NĂM BẠN TRỞ VỀ NHÀ,xin với mẹ cho đi cai tập trung sau một năm bạn trở về nhà
VIVOSDEV18_194_snr0,vivos,phowhisper,base,tone_aware_lora,0.05,42,0,speech,XIN VỚI MẸ CHO ĐI CAI TẬP TRUNG SAU MỘT NĂM BẠN TRỞ VỀ NHÀ,xin với mẹ cho đi cai tập trung cho một năm bát rượt về nhà
VIVOSDEV18_194_snr10,vivos,phowhisper,base,tone_aware_lora,0.05,42,10,noise,XIN VỚI MẸ CHO ĐI CAI TẬP TRUNG SAU MỘT NĂM BẠN TRỞ VỀ NHÀ,xin với mẹ cho đi cai tập trung sau một năm bạn trở về nhà
VIVOSDEV18_194_snr20,vivos,phowhisper,base,tone_aware_lora,0.05,42,20,speech,XIN VỚI MẸ CHO ĐI CAI TẬP TRUNG SAU MỘT NĂM BẠN TRỞ VỀ NHÀ,xin với mẹ cho đi cai tập trung sau một năm bạn trở về nhà
VIVOSDEV18_194_snr5,vivos,phowhisper,base,tone_aware_lora,0.05,42,5,music,XIN VỚI MẸ CHO ĐI CAI TẬP TRUNG SAU MỘT NĂM BẠN TRỞ VỀ NHÀ,xin với mẹ cho đi cai tập trung sau một năm bạn trở về nhà
VIVOSDEV18_199_clean,vivos,phowhisper,base,tone_aware_lora,0.05,42,clean,clean,HIỂN NHIÊN KHÔNG AI MUỐN XUẤT HIỆN BÊN CẠNH MỘT NGƯỜI NHƯ VẬY,tuy nhiên không ai muốn xuất hiện bên cạnh một người như vậy
VIVOSDEV18_199_snr0,vivos,phowhisper,base,tone_aware_lora,0.05,42,0,music,HIỂN NHIÊN KHÔNG AI MUỐN XUẤT HIỆN BÊN CẠNH MỘT NGƯỜI NHƯ VẬY,nhưng không ai muốn xuất hiện bên cộng một người như vậy
VIVOSDEV18_199_snr10,vivos,phowhisper,base,tone_aware_lora,0.05,42,10,speech,HIỂN NHIÊN KHÔNG AI MUỐN XUẤT HIỆN BÊN CẠNH MỘT NGƯỜI NHƯ VẬY,nhiên không ai muốn xuất hiện bên cạnh một người như vậy
VIVOSDEV18_199_snr20,vivos,phowhisper,base,tone_aware_lora,0.05,42,20,music,HIỂN NHIÊN KHÔNG AI MUỐN XUẤT HIỆN BÊN CẠNH MỘT NGƯỜI NHƯ VẬY,tuy nhiên không ai muốn xuất hiện bên cạnh một người như vậy
VIVOSDEV18_199_snr5,vivos,phowhisper,base,tone_aware_lora,0.05,42,5,noise,HIỂN NHIÊN KHÔNG AI MUỐN XUẤT HIỆN BÊN CẠNH MỘT NGƯỜI NHƯ VẬY,nhưng không ai muốn xuất hiện bên cạnh một người như vậy
VIVOSDEV18_214_clean,vivos,phowhisper,base,tone_aware_lora,0.05,42,clean,clean,KIỂU HÀI DUNG TỤC VẪN CỨ LỀNH KHÊNH Ở MỘT SỐ TỤ ĐIỂM,kiểu hài dung tục vẫn cứ lần khần ở một số tủ điểm
VIVOSDEV18_214_snr0,vivos,phowhisper,base,tone_aware_lora,0.05,42,0,music,KIỂU HÀI DUNG TỤC VẪN CỨ LỀNH KHÊNH Ở MỘT SỐ TỤ ĐIỂM,tiểu hải dùng thực tức cuối lần khẩn thận một số thủ tục đi áp
VIVOSDEV18_214_snr10,vivos,phowhisper,base,tone_aware_lora,0.05,42,10,noise,KIỂU HÀI DUNG TỤC VẪN CỨ LỀNH KHÊNH Ở MỘT SỐ TỤ ĐIỂM,kiểu hài dung tục vẫn cứ lần khần ở một số tủ điểm
VIVOSDEV18_214_snr20,vivos,phowhisper,base,tone_aware_lora,0.05,42,20,speech,KIỂU HÀI DUNG TỤC VẪN CỨ LỀNH KHÊNH Ở MỘT SỐ TỤ ĐIỂM,kiểu hài dung tục vẫn cứ lần khần ở một số tủ điểm
VIVOSDEV18_214_snr5,vivos,phowhisper,base,tone_aware_lora,0.05,42,5,speech,KIỂU HÀI DUNG TỤC VẪN CỨ LỀNH KHÊNH Ở MỘT SỐ TỤ ĐIỂM,kiểu hay dung tục vẫn cứ lên khềnh ở một số tủ điểm
VIVOSDEV18_250_clean,vivos,phowhisper,base,tone_aware_lora,0.05,42,clean,clean,LẦN ĐẦU TIÊN MỘT NHÂN VIÊN NGƯỜI VIỆT THÁCH THỨC VIỆC TÁC NGHIỆP CỦA TÔI,lần đầu tiên một nhân viên người việt thách thức việc tác nghiệp của tôi
VIVOSDEV18_250_snr0,vivos,phowhisper,base,tone_aware_lora,0.05,42,0,music,LẦN ĐẦU TIÊN MỘT NHÂN VIÊN NGƯỜI VIỆT THÁCH THỨC VIỆC TÁC NGHIỆP CỦA TÔI,lần đầu tiên một nhân viên người việt thách thức việc tác nghiệp của tôi
VIVOSDEV18_250_snr10,vivos,phowhisper,base,tone_aware_lora,0.05,42,10,music,LẦN ĐẦU TIÊN MỘT NHÂN VIÊN NGƯỜI VIỆT THÁCH THỨC VIỆC TÁC NGHIỆP CỦA TÔI,lần đầu tiên một nhân viên ngựa việc thách thức việc tác nghiệp của tôi
VIVOSDEV18_250_snr20,vivos,phowhisper,base,tone_aware_lora,0.05,42,20,music,LẦN ĐẦU TIÊN MỘT NHÂN VIÊN NGƯỜI VIỆT THÁCH THỨC VIỆC TÁC NGHIỆP CỦA TÔI,lần đầu tiên một nhân viên người việt thách thức việc tác nghiệp của tôi
VIVOSDEV18_250_snr5,vivos,phowhisper,base,tone_aware_lora,0.05,42,5,noise,LẦN ĐẦU TIÊN MỘT NHÂN VIÊN NGƯỜI VIỆT THÁCH THỨC VIỆC TÁC NGHIỆP CỦA TÔI,lần đầu tiên một nhân viên người việt thất thức việc tác nghiệp của tôi
VIVOSDEV18_252_clean,vivos,phowhisper,base,tone_aware_lora,0.05,42,clean,clean,LÚC ĐÓ CHỊ TƯỞNG LÀM NHƯ VẬY CŨNG LÀM MÁ VUI,lúc đó chị tưởng làm như vậy cũng làm mã vui
VIVOSDEV18_252_snr0,vivos,phowhisper,base,tone_aware_lora,0.05,42,0,noise,LÚC ĐÓ CHỊ TƯỞNG LÀM NHƯ VẬY CŨNG LÀM MÁ VUI,lúc đó chị tưởng làm như vậy cũng là má vui
VIVOSDEV18_252_snr10,vivos,phowhisper,base,tone_aware_lora,0.05,42,10,music,LÚC ĐÓ CHỊ TƯỞNG LÀM NHƯ VẬY CŨNG LÀM MÁ VUI,lúc đó chị tưởng làm như vậy cũng làm mã vui
VIVOSDEV18_252_snr20,vivos,phowhisper,base,tone_aware_lora,0.05,42,20,noise,LÚC ĐÓ CHỊ TƯỞNG LÀM NHƯ VẬY CŨNG LÀM MÁ VUI,lúc đó chị tưởng làm như vậy cũng là mã vui
VIVOSDEV18_252_snr5,vivos,phowhisper,base,tone_aware_lora,0.05,42,5,noise,LÚC ĐÓ CHỊ TƯỞNG LÀM NHƯ VẬY CŨNG LÀM MÁ VUI,lúc đó chị tưởng làm như vậy cũng là mã vui
VIVOSDEV18_263_clean,vivos,phowhisper,base,tone_aware_lora,0.05,42,clean,clean,QUẢN LÝ NHÀ NƯỚC VỀ GIAO THÔNG VẬN TẢI ĐÔ THỊ,quản lý nhà nước về giao thông vận tải đô thị
VIVOSDEV18_263_snr0,vivos,phowhisper,base,tone_aware_lora,0.05,42,0,music,QUẢN LÝ NHÀ NƯỚC VỀ GIAO THÔNG VẬN TẢI ĐÔ THỊ,quản lý nhà nước về giao thông vận tải đô thị
VIVOSDEV18_263_snr10,vivos,phowhisper,base,tone_aware_lora,0.05,42,10,noise,QUẢN LÝ NHÀ NƯỚC VỀ GIAO THÔNG VẬN TẢI ĐÔ THỊ,quản lý nhà nước về giao thông vận tải đô thị
VIVOSDEV18_263_snr20,vivos,phowhisper,base,tone_aware_lora,0.05,42,20,speech,QUẢN LÝ NHÀ NƯỚC VỀ GIAO THÔNG VẬN TẢI ĐÔ THỊ,quản lý nhà nước về giao thông vận tải đô thị
VIVOSDEV18_263_snr5,vivos,phowhisper,base,tone_aware_lora,0.05,42,5,music,QUẢN LÝ NHÀ NƯỚC VỀ GIAO THÔNG VẬN TẢI ĐÔ THỊ,quản lý nhà nước về giao thông vận tải đô thị
VIVOSDEV18_273_clean,vivos,phowhisper,base,tone_aware_lora,0.05,42,clean,clean,TRƯỚC HẾT BẠN CẦN TÌM HIỂU THÔNG TIN QUY HOẠCH KHU ĐẤT,trước hết bạn cần tìm hiểu thông tin quy hoạch khu đất
VIVOSDEV18_273_snr0,vivos,phowhisper,base,tone_aware_lora,0.05,42,0,music,TRƯỚC HẾT BẠN CẦN TÌM HIỂU THÔNG TIN QUY HOẠCH KHU ĐẤT,trước hết bạn cần tìm hiểu thông tin quy hoạch khu đất
VIVOSDEV18_273_snr10,vivos,phowhisper,base,tone_aware_lora,0.05,42,10,noise,TRƯỚC HẾT BẠN CẦN TÌM HIỂU THÔNG TIN QUY HOẠCH KHU ĐẤT,trước hết bạn cần tìm hiểu thông tin quy hoạch khu đất
VIVOSDEV18_273_snr20,vivos,phowhisper,base,tone_aware_lora,0.05,42,20,music,TRƯỚC HẾT BẠN CẦN TÌM HIỂU THÔNG TIN QUY HOẠCH KHU ĐẤT,trước hết bạn cần tìm hiểu thông tin quy hoạch khu đất
VIVOSDEV18_273_snr5,vivos,phowhisper,base,tone_aware_lora,0.05,42,5,noise,TRƯỚC HẾT BẠN CẦN TÌM HIỂU THÔNG TIN QUY HOẠCH KHU ĐẤT,trước hết bạn cần tìm hiểu thông tin quy hoạch khu đất
VIVOSDEV18_279_clean,vivos,phowhisper,base,tone_aware_lora,0.05,42,clean,clean,NHỮNG SẢN PHẨM GIÚP NỞ NGỰC VÀ TAN MỠ CẤP TỐC ẢNH YẾN TRINH,những sản phẩm giúp nở ngực và tan mở cấp tấp ảnh hưởng đến yến trinh
VIVOSDEV18_279_snr0,vivos,phowhisper,base,tone_aware_lora,0.05,42,0,noise,NHỮNG SẢN PHẨM GIÚP NỞ NGỰC VÀ TAN MỠ CẤP TỐC ẢNH YẾN TRINH,sản phẩm giúp nở ngực và tan nợ hấp tấp tương tự đến tiến trình
VIVOSDEV18_279_snr10,vivos,phowhisper,base,tone_aware_lora,0.05,42,10,noise,NHỮNG SẢN PHẨM GIÚP NỞ NGỰC VÀ TAN MỠ CẤP TỐC ẢNH YẾN TRINH,những sản phẩm giúp nở ngực và tan mỡ cấp tấp ảnh hưởng đến yến trinh
VIVOSDEV18_279_snr20,vivos,phowhisper,base,tone_aware_lora,0.05,42,20,noise,NHỮNG SẢN PHẨM GIÚP NỞ NGỰC VÀ TAN MỠ CẤP TỐC ẢNH YẾN TRINH,những sản phẩm giúp nở ngực và tan mở cấp tấp ảnh hưởng đến yến trinh
VIVOSDEV18_279_snr5,vivos,phowhisper,base,tone_aware_lora,0.05,42,5,noise,NHỮNG SẢN PHẨM GIÚP NỞ NGỰC VÀ TAN MỠ CẤP TỐC ẢNH YẾN TRINH,những sản phẩm giúp nở ngực và tan mở cấp tấp ảnh hưởng đến tiến trình
VIVOSDEV18_280_clean,vivos,phowhisper,base,tone_aware_lora,0.05,42,clean,clean,PHÓNG SỰ ẢNH NHỮNG MÀN BIỂU DIỄN NGOẠN MỤC TRÊN BẦU TRỜI,phóng sự ảnh những màn biểu diễn ngoạn mục trên bầu trời
VIVOSDEV18_280_snr0,vivos,phowhisper,base,tone_aware_lora,0.05,42,0,noise,PHÓNG SỰ ẢNH NHỮNG MÀN BIỂU DIỄN NGOẠN MỤC TRÊN BẦU TRỜI,có một sự tặng nhỡ này biểu diễn mọi người trên bầu trời
VIVOSDEV18_280_snr10,vivos,phowhisper,base,tone_aware_lora,0.05,42,10,noise,PHÓNG SỰ ẢNH NHỮNG MÀN BIỂU DIỄN NGOẠN MỤC TRÊN BẦU TRỜI,phóng sự ảnh những màn biểu diễn ngoạn mục trên bầu trời
VIVOSDEV18_280_snr20,vivos,phowhisper,base,tone_aware_lora,0.05,42,20,music,PHÓNG SỰ ẢNH NHỮNG MÀN BIỂU DIỄN NGOẠN MỤC TRÊN BẦU TRỜI,phóng sự ảnh những màn biểu diễn ngoạn mục trên bầu trời
VIVOSDEV18_280_snr5,vivos,phowhisper,base,tone_aware_lora,0.05,42,5,noise,PHÓNG SỰ ẢNH NHỮNG MÀN BIỂU DIỄN NGOẠN MỤC TRÊN BẦU TRỜI,phóng sự ảnh những màn biểu diễn ngoạn mục trên bầu trời
VIVOSDEV18_293_clean,vivos,phowhisper,base,tone_aware_lora,0.05,42,clean,clean,KIỂM TRA TRUNG TÂM NÀY CÔNG AN ĐÃ BẮT GIỮ TỚI,hiện tra trung tâm này công an đã bắt giữ tới
VIVOSDEV18_293_snr0,vivos,phowhisper,base,tone_aware_lora,0.05,42,0,speech,KIỂM TRA TRUNG TÂM NÀY CÔNG AN ĐÃ BẮT GIỮ TỚI,cha trung tâm này công an đã bắt tiểu tới
VIVOSDEV18_293_snr10,vivos,phowhisper,base,tone_aware_lora,0.05,42,10,speech,KIỂM TRA TRUNG TÂM NÀY CÔNG AN ĐÃ BẮT GIỮ TỚI,trang trung tâm này công an đã bắt giữ tới
VIVOSDEV18_293_snr20,vivos,phowhisper,base,tone_aware_lora,0.05,42,20,speech,KIỂM TRA TRUNG TÂM NÀY CÔNG AN ĐÃ BẮT GIỮ TỚI,việc tra trung tâm này công an đã bắt giữ tới
VIVOSDEV18_293_snr5,vivos,phowhisper,base,tone_aware_lora,0.05,42,5,music,KIỂM TRA TRUNG TÂM NÀY CÔNG AN ĐÃ BẮT GIỮ TỚI,cha trung tâm này công an đã bắt giữ tới
VIVOSDEV19_008_clean,vivos,phowhisper,base,tone_aware_lora,0.05,42,clean,clean,TỪ ĐÓ LẠI SA ĐÀ VÀO NHIỀU NGHỊCH CẢNH ĐÁNG TIẾC,từ đó lại sa đà vào nhiều nghịch cảnh đáng tiếc
VIVOSDEV19_008_snr0,vivos,phowhisper,base,tone_aware_lora,0.05,42,0,noise,TỪ ĐÓ LẠI SA ĐÀ VÀO NHIỀU NGHỊCH CẢNH ĐÁNG TIẾC,từ đó lại sa đà vào nhiều nghịch cảnh đáng tiếc
VIVOSDEV19_008_snr10,vivos,phowhisper,base,tone_aware_lora,0.05,42,10,noise,TỪ ĐÓ LẠI SA ĐÀ VÀO NHIỀU NGHỊCH CẢNH ĐÁNG TIẾC,từ đó lại xa đà vào nhiều lịch cảnh đáng tiếc
VIVOSDEV19_008_snr20,vivos,phowhisper,base,tone_aware_lora,0.05,42,20,speech,TỪ ĐÓ LẠI SA ĐÀ VÀO NHIỀU NGHỊCH CẢNH ĐÁNG TIẾC,từ đó lại sa đà vào nhiều nghịch cảnh đáng tiếc
VIVOSDEV19_008_snr5,vivos,phowhisper,base,tone_aware_lora,0.05,42,5,noise,TỪ ĐÓ LẠI SA ĐÀ VÀO NHIỀU NGHỊCH CẢNH ĐÁNG TIẾC,từ đó lại xa đà vào nhiều hạng nực cảnh đáng tiếc
VIVOSDEV19_020_clean,vivos,phowhisper,base,tone_aware_lora,0.05,42,clean,clean,LÊN CÁC CUỘC HẸN PHỎNG VẤN VÀ THỰC HIỆN PHỎNG VẤN,lên các cuộc hẹn phỏng vấn và thực hiện phỏng vấn
VIVOSDEV19_020_snr0,vivos,phowhisper,base,tone_aware_lora,0.05,42,0,noise,LÊN CÁC CUỘC HẸN PHỎNG VẤN VÀ THỰC HIỆN PHỎNG VẤN,lên các cuộc hẹn phòng bón và thực hiện phòng bón
VIVOSDEV19_020_snr10,vivos,phowhisper,base,tone_aware_lora,0.05,42,10,noise,LÊN CÁC CUỘC HẸN PHỎNG VẤN VÀ THỰC HIỆN PHỎNG VẤN,lên các cuộc hẹn phỏng vấn và thực hiện phỏng vấn
VIVOSDEV19_020_snr20,vivos,phowhisper,base,tone_aware_lora,0.05,42,20,speech,LÊN CÁC CUỘC HẸN PHỎNG VẤN VÀ THỰC HIỆN PHỎNG VẤN,lên các cuộc hẹn phỏng vấn và thực hiện phỏng vấn
VIVOSDEV19_020_snr5,vivos,phowhisper,base,tone_aware_lora,0.05,42,5,speech,LÊN CÁC CUỘC HẸN PHỎNG VẤN VÀ THỰC HIỆN PHỎNG VẤN,nên các cuộc hẹn phỏng vấn và thực hiện phỏng vấn
VIVOSDEV19_022_clean,vivos,phowhisper,base,tone_aware_lora,0.05,42,clean,clean,XÉT Ở KHÍA CẠNH NÀY THÌ ĐÚNG LÀ MẤT BÒ MỚI LO LÀM CHUỒNG,xét ở khía cạnh này thì đúng là mất bò mới lo làm chuồng
VIVOSDEV19_022_snr0,vivos,phowhisper,base,tone_aware_lora,0.05,42,0,music,XÉT Ở KHÍA CẠNH NÀY THÌ ĐÚNG LÀ MẤT BÒ MỚI LO LÀM CHUỒNG,khiếp ở khía cạnh này thì chính đúng là mất bò với lo làm chuồng
VIVOSDEV19_022_snr10,vivos,phowhisper,base,tone_aware_lora,0.05,42,10,speech,XÉT Ở KHÍA CẠNH NÀY THÌ ĐÚNG LÀ MẤT BÒ MỚI LO LÀM CHUỒNG,xét ở khía cạnh này thì đúng là mất bò mới lo làm chuồng
VIVOSDEV19_022_snr20,vivos,phowhisper,base,tone_aware_lora,0.05,42,20,noise,XÉT Ở KHÍA CẠNH NÀY THÌ ĐÚNG LÀ MẤT BÒ MỚI LO LÀM CHUỒNG,xét ở khía cạnh này thì đúng là mất bò mới lo làm chuồng
VIVOSDEV19_022_snr5,vivos,phowhisper,base,tone_aware_lora,0.05,42,5,noise,XÉT Ở KHÍA CẠNH NÀY THÌ ĐÚNG LÀ MẤT BÒ MỚI LO LÀM CHUỒNG,chắc ở chiếc ảnh này thì đúng là mất bò mới lo làm chuồng
VIVOSDEV19_024_clean,vivos,phowhisper,base,tone_aware_lora,0.05,42,clean,clean,TUY NHIÊN TÔI NGHĨ CẬU TA XỨNG ĐÁNG VỚI CHỨC VÔ ĐỊCH,tuy nhiên tôi nghĩ cậu ta xứng đáng với chức vô địch
VIVOSDEV19_024_snr0,vivos,phowhisper,base,tone_aware_lora,0.05,42,0,noise,TUY NHIÊN TÔI NGHĨ CẬU TA XỨNG ĐÁNG VỚI CHỨC VÔ ĐỊCH,tuy nhiên tôi nghĩ cậu ta xứng đáng với chức vô địch
VIVOSDEV19_024_snr10,vivos,phowhisper,base,tone_aware_lora,0.05,42,10,noise,TUY NHIÊN TÔI NGHĨ CẬU TA XỨNG ĐÁNG VỚI CHỨC VÔ ĐỊCH,tuy nhiên tôi nghĩ cậu ta xứng đáng với chức vô địch
VIVOSDEV19_024_snr20,vivos,phowhisper,base,tone_aware_lora,0.05,42,20,noise,TUY NHIÊN TÔI NGHĨ CẬU TA XỨNG ĐÁNG VỚI CHỨC VÔ ĐỊCH,tuy nhiên tôi nghĩ cậu ta xứng đáng với chức vô địch
VIVOSDEV19_024_snr5,vivos,phowhisper,base,tone_aware_lora,0.05,42,5,speech,TUY NHIÊN TÔI NGHĨ CẬU TA XỨNG ĐÁNG VỚI CHỨC VÔ ĐỊCH,tuy nhiên tôi nghĩ cậu ta xứng đáng với chức vô địch
VIVOSDEV19_027_clean,vivos,phowhisper,base,tone_aware_lora,0.05,42,clean,clean,NHỮNG BIẾN DẠNG NÀY THƯỜNG THẤY RÕ KHI DƯƠNG VẬT CƯƠNG,những biến dạng này thường thấy rõ khi dương vật cương
VIVOSDEV19_027_snr0,vivos,phowhisper,base,tone_aware_lora,0.05,42,0,music,NHỮNG BIẾN DẠNG NÀY THƯỜNG THẤY RÕ KHI DƯƠNG VẬT CƯƠNG,những biến dạng này thường thấy rõ khi dương và cương
VIVOSDEV19_027_snr10,vivos,phowhisper,base,tone_aware_lora,0.05,42,10,noise,NHỮNG BIẾN DẠNG NÀY THƯỜNG THẤY RÕ KHI DƯƠNG VẬT CƯƠNG,những biến dạng này thường thấy rõ khi dương vật cương
VIVOSDEV19_027_snr20,vivos,phowhisper,base,tone_aware_lora,0.05,42,20,noise,NHỮNG BIẾN DẠNG NÀY THƯỜNG THẤY RÕ KHI DƯƠNG VẬT CƯƠNG,những biến dạng này thường thấy rõ khi dương vật cương
VIVOSDEV19_027_snr5,vivos,phowhisper,base,tone_aware_lora,0.05,42,5,music,NHỮNG BIẾN DẠNG NÀY THƯỜNG THẤY RÕ KHI DƯƠNG VẬT CƯƠNG,những biến dạng này thường thấy rõ khi dương vật cương
VIVOSDEV19_029_clean,vivos,phowhisper,base,tone_aware_lora,0.05,42,clean,clean,GIỎI GÌ BÁC MÌNH ĐẺ RA KHÔNG NUÔI THÌ AI NUÔI,giỏi thì bác mình đẻ ra không nuôi thì ai nuôi
VIVOSDEV19_029_snr0,vivos,phowhisper,base,tone_aware_lora,0.05,42,0,noise,GIỎI GÌ BÁC MÌNH ĐẺ RA KHÔNG NUÔI THÌ AI NUÔI,giỏi thì bác mình đẻ ra không nuôi thì ai nuôi
VIVOSDEV19_029_snr10,vivos,phowhisper,base,tone_aware_lora,0.05,42,10,music,GIỎI GÌ BÁC MÌNH ĐẺ RA KHÔNG NUÔI THÌ AI NUÔI,giỏi thì bác mình đẻ ra không nuôi thì ai nuôi
VIVOSDEV19_029_snr20,vivos,phowhisper,base,tone_aware_lora,0.05,42,20,speech,GIỎI GÌ BÁC MÌNH ĐẺ RA KHÔNG NUÔI THÌ AI NUÔI,giỏi thì bác mình đẻ ra không nuôi thì ai nuôi
VIVOSDEV19_029_snr5,vivos,phowhisper,base,tone_aware_lora,0.05,42,5,noise,GIỎI GÌ BÁC MÌNH ĐẺ RA KHÔNG NUÔI THÌ AI NUÔI,giỏi thì bác mình đẻ ra không nuôi thì ai nuôi
VIVOSDEV19_045_clean,vivos,phowhisper,base,tone_aware_lora,0.05,42,clean,clean,ÔNG NÓI CHÚNG TÔI HI VỌNG SẼ CÓ NHỮNG TIN TỨC TỐT LÀNH,ông nói chúng tôi hy vọng sẽ có những tin tức tốt lành
VIVOSDEV19_045_snr0,vivos,phowhisper,base,tone_aware_lora,0.05,42,0,noise,ÔNG NÓI CHÚNG TÔI HI VỌNG SẼ CÓ NHỮNG TIN TỨC TỐT LÀNH,ông nói chúng tôi hy vọng sẽ có những tin tức thất lành
VIVOSDEV19_045_snr10,vivos,phowhisper,base,tone_aware_lora,0.05,42,10,noise,ÔNG NÓI CHÚNG TÔI HI VỌNG SẼ CÓ NHỮNG TIN TỨC TỐT LÀNH,ông nói chúng tôi hy vọng sẽ có những tin tức tốt lành
VIVOSDEV19_045_snr20,vivos,phowhisper,base,tone_aware_lora,0.05,42,20,speech,ÔNG NÓI CHÚNG TÔI HI VỌNG SẼ CÓ NHỮNG TIN TỨC TỐT LÀNH,ông nói chúng tôi hy vọng sẽ có những tin tức tốt lành
VIVOSDEV19_045_snr5,vivos,phowhisper,base,tone_aware_lora,0.05,42,5,music,ÔNG NÓI CHÚNG TÔI HI VỌNG SẼ CÓ NHỮNG TIN TỨC TỐT LÀNH,ông nói chúng tôi hy vọng sẽ có những tin tức tốt lành
VIVOSDEV19_061_clean,vivos,phowhisper,base,tone_aware_lora,0.05,42,clean,clean,ĐỂ NHỮNG KHÓ KHĂN VÀ MÂU THUẪN DẦN DẦN SẼ BỊ ĐẨY LUI,để những khó khăn và mâu thuẫn dần dần sẽ bị đẩy lui
VIVOSDEV19_061_snr0,vivos,phowhisper,base,tone_aware_lora,0.05,42,0,music,ĐỂ NHỮNG KHÓ KHĂN VÀ MÂU THUẪN DẦN DẦN SẼ BỊ ĐẨY LUI,để những khó khăn và mâu thuẫn dần dần sẽ bị đẩy lui
VIVOSDEV19_061_snr10,vivos,phowhisper,base,tone_aware_lora,0.05,42,10,noise,ĐỂ NHỮNG KHÓ KHĂN VÀ MÂU THUẪN DẦN DẦN SẼ BỊ ĐẨY LUI,để những khó khăn và mâu thuẫn dần dần sẽ bị đẩy lui
VIVOSDEV19_061_snr20,vivos,phowhisper,base,tone_aware_lora,0.05,42,20,music,ĐỂ NHỮNG KHÓ KHĂN VÀ MÂU THUẪN DẦN DẦN SẼ BỊ ĐẨY LUI,để những khó khăn và mâu thuẫn dần dần sẽ bị đẩy lui
VIVOSDEV19_061_snr5,vivos,phowhisper,base,tone_aware_lora,0.05,42,5,music,ĐỂ NHỮNG KHÓ KHĂN VÀ MÂU THUẪN DẦN DẦN SẼ BỊ ĐẨY LUI,để những khó khăn và mâu thuẫn dần dần sẽ bí đại lui
VIVOSDEV19_064_clean,vivos,phowhisper,base,tone_aware_lora,0.05,42,clean,clean,CHÓNG MẶT CÒN CÓ THỂ DO TÌNH TRẠNG RỐI LOẠN NHỊP TIM NẶNG GÂY RA,chóng mặt còn có thể do tình trạng rối loạn nhịp tim nặng gây ra
VIVOSDEV19_064_snr0,vivos,phowhisper,base,tone_aware_lora,0.05,42,0,noise,CHÓNG MẶT CÒN CÓ THỂ DO TÌNH TRẠNG RỐI LOẠN NHỊP TIM NẶNG GÂY RA,chóng mặt còn có thể do tình trạng rối loạn nhịp tim nặng gây ra
VIVOSDEV19_064_snr10,vivos,phowhisper,base,tone_aware_lora,0.05,42,10,speech,CHÓNG MẶT CÒN CÓ THỂ DO TÌNH TRẠNG RỐI LOẠN NHỊP TIM NẶNG GÂY RA,chóng mặt còn có thể do tình trạng rối loạn nhịp tim mạng gây ra
VIVOSDEV19_064_snr20,vivos,phowhisper,base,tone_aware_lora,0.05,42,20,noise,CHÓNG MẶT CÒN CÓ THỂ DO TÌNH TRẠNG RỐI LOẠN NHỊP TIM NẶNG GÂY RA,chóng mặt còn có thể do có tình trạng rối loạn nhịp tim mạng gây ra
VIVOSDEV19_064_snr5,vivos,phowhisper,base,tone_aware_lora,0.05,42,5,speech,CHÓNG MẶT CÒN CÓ THỂ DO TÌNH TRẠNG RỐI LOẠN NHỊP TIM NẶNG GÂY RA,chóng mặt còn có thể do tình trạng rối loạn nhịp tim mạng gây ra
VIVOSDEV19_072_clean,vivos,phowhisper,base,tone_aware_lora,0.05,42,clean,clean,CHƯƠNG TRÌNH HỌC BỔNG THANH NIÊN CHÂU Á CỦA NHẬT BẢN,chương trình học bổng thanh niên châu á của nhật bản
VIVOSDEV19_072_snr0,vivos,phowhisper,base,tone_aware_lora,0.05,42,0,noise,CHƯƠNG TRÌNH HỌC BỔNG THANH NIÊN CHÂU Á CỦA NHẬT BẢN,chương trình học bổng thanh niên châu á của nhật bản
VIVOSDEV19_072_snr10,vivos,phowhisper,base,tone_aware_lora,0.05,42,10,noise,CHƯƠNG TRÌNH HỌC BỔNG THANH NIÊN CHÂU Á CỦA NHẬT BẢN,chương trình học bổng thanh niên châu á của nhật bản
VIVOSDEV19_072_snr20,vivos,phowhisper,base,tone_aware_lora,0.05,42,20,noise,CHƯƠNG TRÌNH HỌC BỔNG THANH NIÊN CHÂU Á CỦA NHẬT BẢN,chương trình học bổng thanh niên châu á của nhật bản
VIVOSDEV19_072_snr5,vivos,phowhisper,base,tone_aware_lora,0.05,42,5,noise,CHƯƠNG TRÌNH HỌC BỔNG THANH NIÊN CHÂU Á CỦA NHẬT BẢN,chương trình học bổng thanh niên châu á của nhật bản
VIVOSDEV19_083_clean,vivos,phowhisper,base,tone_aware_lora,0.05,42,clean,clean,NHƯNG RỒI CÁI TÌNH VỚI BÀ CON CỨ NẮM NÍU KHÔNG DỨT RA ĐƯỢC,nhưng rồi cái tình với bà con cứ nắm níu không dứt ra được
VIVOSDEV19_083_snr0,vivos,phowhisper,base,tone_aware_lora,0.05,42,0,noise,NHƯNG RỒI CÁI TÌNH VỚI BÀ CON CỨ NẮM NÍU KHÔNG DỨT RA ĐƯỢC,nhưng rồi cái tình với bà con cứ nắm nếu không giúp ra được
VIVOSDEV19_083_snr10,vivos,phowhisper,base,tone_aware_lora,0.05,42,10,music,NHƯNG RỒI CÁI TÌNH VỚI BÀ CON CỨ NẮM NÍU KHÔNG DỨT RA ĐƯỢC,nhưng rồi cái tình với bà con cứ nắm níu không giúp ra được
VIVOSDEV19_083_snr20,vivos,phowhisper,base,tone_aware_lora,0.05,42,20,noise,NHƯNG RỒI CÁI TÌNH VỚI BÀ CON CỨ NẮM NÍU KHÔNG DỨT RA ĐƯỢC,nhưng rồi cái tình với bà con cứ nắm níu không dứt ra được
VIVOSDEV19_083_snr5,vivos,phowhisper,base,tone_aware_lora,0.05,42,5,music,NHƯNG RỒI CÁI TÌNH VỚI BÀ CON CỨ NẮM NÍU KHÔNG DỨT RA ĐƯỢC,nhưng rồi cái tình với bà con cứ nắm níu không giúp ra được
VIVOSDEV19_111_clean,vivos,phowhisper,base,tone_aware_lora,0.05,42,clean,clean,KHUYẾT ĐIỂM LỚN CỦA CHÚNG TA LÀ CHƯA CÓ DÂN CHỦ THẬT SỰ,khuyết điểm lớn của chúng ta là chưa có dân chủ thực sự
VIVOSDEV19_111_snr0,vivos,phowhisper,base,tone_aware_lora,0.05,42,0,music,KHUYẾT ĐIỂM LỚN CỦA CHÚNG TA LÀ CHƯA CÓ DÂN CHỦ THẬT SỰ,khuyết điểm lớn của chúng ta là chưa có dân chủ thật sự
VIVOSDEV19_111_snr10,vivos,phowhisper,base,tone_aware_lora,0.05,42,10,speech,KHUYẾT ĐIỂM LỚN CỦA CHÚNG TA LÀ CHƯA CÓ DÂN CHỦ THẬT SỰ,khuyết điểm lớn của chúng ta là chưa có dân chủ thực sự
VIVOSDEV19_111_snr20,vivos,phowhisper,base,tone_aware_lora,0.05,42,20,noise,KHUYẾT ĐIỂM LỚN CỦA CHÚNG TA LÀ CHƯA CÓ DÂN CHỦ THẬT SỰ,khuyết điểm lớn của chúng ta là chưa có dân chủ thực sự
VIVOSDEV19_111_snr5,vivos,phowhisper,base,tone_aware_lora,0.05,42,5,noise,KHUYẾT ĐIỂM LỚN CỦA CHÚNG TA LÀ CHƯA CÓ DÂN CHỦ THẬT SỰ,khuyết điểm lớn của chúng ta là chưa có dân chủ thật sự
VIVOSDEV19_133_clean,vivos,phowhisper,base,tone_aware_lora,0.05,42,clean,clean,EM CÓ SUY NGHĨ THÊM VỀ VIỆC THAM DỰ HỘI CHỢ KHOA HỌC KHÔNG,em có suy nghĩ thêm về việc tham dự hội chợ khoa học không
VIVOSDEV19_133_snr0,vivos,phowhisper,base,tone_aware_lora,0.05,42,0,music,EM CÓ SUY NGHĨ THÊM VỀ VIỆC THAM DỰ HỘI CHỢ KHOA HỌC KHÔNG,em có suy nghĩ thêm về việc giám giữ hội chợ khoa học không
VIVOSDEV19_133_snr10,vivos,phowhisper,base,tone_aware_lora,0.05,42,10,noise,EM CÓ SUY NGHĨ THÊM VỀ VIỆC THAM DỰ HỘI CHỢ KHOA HỌC KHÔNG,em có suy nghĩ thêm về việc tham dự hội chợ khoa học không
VIVOSDEV19_133_snr20,vivos,phowhisper,base,tone_aware_lora,0.05,42,20,music,EM CÓ SUY NGHĨ THÊM VỀ VIỆC THAM DỰ HỘI CHỢ KHOA HỌC KHÔNG,em có suy nghĩ thêm về việc tham dự hội chợ khoa học không
VIVOSDEV19_133_snr5,vivos,phowhisper,base,tone_aware_lora,0.05,42,5,speech,EM CÓ SUY NGHĨ THÊM VỀ VIỆC THAM DỰ HỘI CHỢ KHOA HỌC KHÔNG,em có suy nghĩ thêm về việc tham dự hội chợ khoa học không
VIVOSDEV19_161_clean,vivos,phowhisper,base,tone_aware_lora,0.05,42,clean,clean,THÔNG THƯỜNG ÁN KỶ LUẬT NẾU CÓ THƯỜNG BAN HÀNH VÀO CUỐI TUẦN,thông thường án kỷ luật nếu có thường ban hành vào cuối tuần
VIVOSDEV19_161_snr0,vivos,phowhisper,base,tone_aware_lora,0.05,42,0,noise,THÔNG THƯỜNG ÁN KỶ LUẬT NẾU CÓ THƯỜNG BAN HÀNH VÀO CUỐI TUẦN,thông thường án kỷ luật nếu có thường ban hành vào cuối tuần
VIVOSDEV19_161_snr10,vivos,phowhisper,base,tone_aware_lora,0.05,42,10,noise,THÔNG THƯỜNG ÁN KỶ LUẬT NẾU CÓ THƯỜNG BAN HÀNH VÀO CUỐI TUẦN,thông thường án kỷ luật nếu có thường ban hành vào cuối tuần
VIVOSDEV19_161_snr20,vivos,phowhisper,base,tone_aware_lora,0.05,42,20,speech,THÔNG THƯỜNG ÁN KỶ LUẬT NẾU CÓ THƯỜNG BAN HÀNH VÀO CUỐI TUẦN,thông thường án kỷ luật nếu có thường ban hành vào cuối tuần
VIVOSDEV19_161_snr5,vivos,phowhisper,base,tone_aware_lora,0.05,42,5,music,THÔNG THƯỜNG ÁN KỶ LUẬT NẾU CÓ THƯỜNG BAN HÀNH VÀO CUỐI TUẦN,thông thường án kỷ luật nếu có thường ban hành vào cuối tuần
VIVOSDEV19_163_clean,vivos,phowhisper,base,tone_aware_lora,0.05,42,clean,clean,ĐIỀU LẠ LÀ TÔI VẪN KHÔNG TỪ BỎ Ý ĐỊNH TRỞ THÀNH TU SĨ,điều lạ là tôi vẫn không từ bỏ ý định trở thành tu sĩ
VIVOSDEV19_163_snr0,vivos,phowhisper,base,tone_aware_lora,0.05,42,0,noise,ĐIỀU LẠ LÀ TÔI VẪN KHÔNG TỪ BỎ Ý ĐỊNH TRỞ THÀNH TU SĨ,điều lạ là tôi vẫn không từ bỏ ý định trở thành tu sĩ
VIVOSDEV19_163_snr10,vivos,phowhisper,base,tone_aware_lora,0.05,42,10,music,ĐIỀU LẠ LÀ TÔI VẪN KHÔNG TỪ BỎ Ý ĐỊNH TRỞ THÀNH TU SĨ,điều lạ là tôi vẫn không từ bỏ ý định trở thành tu sĩ
VIVOSDEV19_163_snr20,vivos,phowhisper,base,tone_aware_lora,0.05,42,20,speech,ĐIỀU LẠ LÀ TÔI VẪN KHÔNG TỪ BỎ Ý ĐỊNH TRỞ THÀNH TU SĨ,điều lạ là tôi vẫn không từ bỏ ý định trở thành tu sĩ
VIVOSDEV19_163_snr5,vivos,phowhisper,base,tone_aware_lora,0.05,42,5,noise,ĐIỀU LẠ LÀ TÔI VẪN KHÔNG TỪ BỎ Ý ĐỊNH TRỞ THÀNH TU SĨ,điều lạ là tôi vẫn không từ bỏ ý định trở thành tu sĩ
VIVOSDEV19_169_clean,vivos,phowhisper,base,tone_aware_lora,0.05,42,clean,clean,NHANH QUÁ ĐÃ LÀ LẦN THỨ BA XA NHÀ RỒI ĐẤY,nhanh quá đã là lần thứ ba xa nhà rồi đấy
VIVOSDEV19_169_snr0,vivos,phowhisper,base,tone_aware_lora,0.05,42,0,noise,NHANH QUÁ ĐÃ LÀ LẦN THỨ BA XA NHÀ RỒI ĐẤY,việt anh quá đã là lần thứ ba sang điều đấy
VIVOSDEV19_169_snr10,vivos,phowhisper,base,tone_aware_lora,0.05,42,10,noise,NHANH QUÁ ĐÃ LÀ LẦN THỨ BA XA NHÀ RỒI ĐẤY,nhanh quá đã là lần thứ ba xây nhà rồi đấy
VIVOSDEV19_169_snr20,vivos,phowhisper,base,tone_aware_lora,0.05,42,20,music,NHANH QUÁ ĐÃ LÀ LẦN THỨ BA XA NHÀ RỒI ĐẤY,nhanh quá đã là lần thứ ba xa nhà rồi đấy
VIVOSDEV19_169_snr5,vivos,phowhisper,base,tone_aware_lora,0.05,42,5,music,NHANH QUÁ ĐÃ LÀ LẦN THỨ BA XA NHÀ RỒI ĐẤY,nhân quá đã là lần thứ ba xây nhà rồi đấy
VIVOSDEV19_179_clean,vivos,phowhisper,base,tone_aware_lora,0.05,42,clean,clean,ĐỖ ĐỨC THUẦN NGUYÊN KẾ TOÁN TRƯỞNG CÔNG TY TIẾP THỊ ĐẦU TƯ,đỗ đức thuần nguyên kế toán trưởng công ty tiếp thị đầu tư
VIVOSDEV19_179_snr0,vivos,phowhisper,base,tone_aware_lora,0.05,42,0,speech,ĐỖ ĐỨC THUẦN NGUYÊN KẾ TOÁN TRƯỞNG CÔNG TY TIẾP THỊ ĐẦU TƯ,đỗ đức hùng nguyên kết trong trường công ty thiết kỵ đầu tư
VIVOSDEV19_179_snr10,vivos,phowhisper,base,tone_aware_lora,0.05,42,10,music,ĐỖ ĐỨC THUẦN NGUYÊN KẾ TOÁN TRƯỞNG CÔNG TY TIẾP THỊ ĐẦU TƯ,đỗ đức thuần nguyên kế toán trưởng công ty tiếp thị đầu tư
VIVOSDEV19_179_snr20,vivos,phowhisper,base,tone_aware_lora,0.05,42,20,speech,ĐỖ ĐỨC THUẦN NGUYÊN KẾ TOÁN TRƯỞNG CÔNG TY TIẾP THỊ ĐẦU TƯ,đỗ đức thuần nguyên kế toán trưởng công ty tiếp thị đầu tư
VIVOSDEV19_179_snr5,vivos,phowhisper,base,tone_aware_lora,0.05,42,5,music,ĐỖ ĐỨC THUẦN NGUYÊN KẾ TOÁN TRƯỞNG CÔNG TY TIẾP THỊ ĐẦU TƯ,chủ đức thuần nguyên kế toán trưởng công ty tiếp thị đầu tư
VIVOSDEV19_196_clean,vivos,phowhisper,base,tone_aware_lora,0.05,42,clean,clean,NGƯỜI ANH SAU ĐÓ ĐƯỢC PHÉP THẦU XÂY KÊNH NÀY NHƯNG KHÔNG TIẾN HÀNH,người anh sau đó được phép thầu xây kênh này nhưng không tiến hành
VIVOSDEV19_196_snr0,vivos,phowhisper,base,tone_aware_lora,0.05,42,0,music,NGƯỜI ANH SAU ĐÓ ĐƯỢC PHÉP THẦU XÂY KÊNH NÀY NHƯNG KHÔNG TIẾN HÀNH,người anh sau đó được ghép thầu cây kê này nhưng không khiến hà bạn nhỏ
VIVOSDEV19_196_snr10,vivos,phowhisper,base,tone_aware_lora,0.05,42,10,speech,NGƯỜI ANH SAU ĐÓ ĐƯỢC PHÉP THẦU XÂY KÊNH NÀY NHƯNG KHÔNG TIẾN HÀNH,người anh sau đó được thép thầu xoay kênh này nhưng không tiến hành
VIVOSDEV19_196_snr20,vivos,phowhisper,base,tone_aware_lora,0.05,42,20,noise,NGƯỜI ANH SAU ĐÓ ĐƯỢC PHÉP THẦU XÂY KÊNH NÀY NHƯNG KHÔNG TIẾN HÀNH,người anh sau đó được phép thầu xây kênh này nhưng không tiến hành
VIVOSDEV19_196_snr5,vivos,phowhisper,base,tone_aware_lora,0.05,42,5,noise,NGƯỜI ANH SAU ĐÓ ĐƯỢC PHÉP THẦU XÂY KÊNH NÀY NHƯNG KHÔNG TIẾN HÀNH,người anh sau đó được phép thầu xây kênh này nhưng không tiến hành
VIVOSDEV19_218_clean,vivos,phowhisper,base,tone_aware_lora,0.05,42,clean,clean,NÓI CÁCH KHÁC CÁI ĐƯỢC CỦA CHÂU Á LÀ CÁI MẤT CỦA CHÂU PHI,nói cách khác cái được của châu á là cái mất của châu phi
VIVOSDEV19_218_snr0,vivos,phowhisper,base,tone_aware_lora,0.05,42,0,noise,NÓI CÁCH KHÁC CÁI ĐƯỢC CỦA CHÂU Á LÀ CÁI MẤT CỦA CHÂU PHI,nói cách khác cái được của châu á là cái mắt của châu phi
VIVOSDEV19_218_snr10,vivos,phowhisper,base,tone_aware_lora,0.05,42,10,noise,NÓI CÁCH KHÁC CÁI ĐƯỢC CỦA CHÂU Á LÀ CÁI MẤT CỦA CHÂU PHI,nói cách khác cái được của châu á là cái mất của châu phi
VIVOSDEV19_218_snr20,vivos,phowhisper,base,tone_aware_lora,0.05,42,20,speech,NÓI CÁCH KHÁC CÁI ĐƯỢC CỦA CHÂU Á LÀ CÁI MẤT CỦA CHÂU PHI,nói cách khác cái được của châu á là cái mất của châu phi
VIVOSDEV19_218_snr5,vivos,phowhisper,base,tone_aware_lora,0.05,42,5,noise,NÓI CÁCH KHÁC CÁI ĐƯỢC CỦA CHÂU Á LÀ CÁI MẤT CỦA CHÂU PHI,nói cách khác cái được của châu á là cái mất của châu phi
VIVOSDEV19_244_clean,vivos,phowhisper,base,tone_aware_lora,0.05,42,clean,clean,EM HÃY TÌM CÁCH TIẾP CẬN ĐỂ BÀY TỎ VỚI MẸ,em hãy tìm cách tiếp cận để bày tỏ với mẹ
VIVOSDEV19_244_snr0,vivos,phowhisper,base,tone_aware_lora,0.05,42,0,music,EM HÃY TÌM CÁCH TIẾP CẬN ĐỂ BÀY TỎ VỚI MẸ,em thấy tìm cách tiếc cõng để bày tỏ với mẹ
VIVOSDEV19_244_snr10,vivos,phowhisper,base,tone_aware_lora,0.05,42,10,noise,EM HÃY TÌM CÁCH TIẾP CẬN ĐỂ BÀY TỎ VỚI MẸ,em hãy tìm cách tiếp cận để bày tỏ với mẹ
VIVOSDEV19_244_snr20,vivos,phowhisper,base,tone_aware_lora,0.05,42,20,noise,EM HÃY TÌM CÁCH TIẾP CẬN ĐỂ BÀY TỎ VỚI MẸ,em hãy tìm cách tiếp cận để bày tỏ với mẹ
VIVOSDEV19_244_snr5,vivos,phowhisper,base,tone_aware_lora,0.05,42,5,music,EM HÃY TÌM CÁCH TIẾP CẬN ĐỂ BÀY TỎ VỚI MẸ,em hãy tìm cách tiếp cận để bày tỏ với mẹ
VIVOSDEV19_245_clean,vivos,phowhisper,base,tone_aware_lora,0.05,42,clean,clean,LÚC ĐÓ NẠN KẸT XE CHẮC SẼ KINH KHỦNG GẤP NHIỀU LẦN HÔM NAY,lúc đó nạn kẹt xe chắc sẽ kinh khủng gấp nhiều lần hôm nay
VIVOSDEV19_245_snr0,vivos,phowhisper,base,tone_aware_lora,0.05,42,0,music,LÚC ĐÓ NẠN KẸT XE CHẮC SẼ KINH KHỦNG GẤP NHIỀU LẦN HÔM NAY,lúc đó nạn nghệ sĩ các sĩ kinh khủng gấp nhiều lần hôm nay
VIVOSDEV19_245_snr10,vivos,phowhisper,base,tone_aware_lora,0.05,42,10,noise,LÚC ĐÓ NẠN KẸT XE CHẮC SẼ KINH KHỦNG GẤP NHIỀU LẦN HÔM NAY,lúc đó nạn kẹt xe chắc sẽ kinh khủng gấp nhiều lần hôm nay
VIVOSDEV19_245_snr20,vivos,phowhisper,base,tone_aware_lora,0.05,42,20,noise,LÚC ĐÓ NẠN KẸT XE CHẮC SẼ KINH KHỦNG GẤP NHIỀU LẦN HÔM NAY,lúc đó nạn kẹt xe chắc sẽ kinh khủng gấp nhiều lần hôm nay
VIVOSDEV19_245_snr5,vivos,phowhisper,base,tone_aware_lora,0.05,42,5,music,LÚC ĐÓ NẠN KẸT XE CHẮC SẼ KINH KHỦNG GẤP NHIỀU LẦN HÔM NAY,lúc đó nạn kẹp xe chắc sẽ kinh khủng gấp nhiều lần hôm nay
VIVOSDEV19_246_clean,vivos,phowhisper,base,tone_aware_lora,0.05,42,clean,clean,VỢ LỠ CÓ TẬT THẾ ANH NÊN THAY ĐỔI CÁCH TIẾP CẬN,vợ lỡ có tật thế anh nên thay đổi cách tiếp cận
VIVOSDEV19_246_snr0,vivos,phowhisper,base,tone_aware_lora,0.05,42,0,speech,VỢ LỠ CÓ TẬT THẾ ANH NÊN THAY ĐỔI CÁCH TIẾP CẬN,vợ lỡ khóc thóc thóc là một chuyện quay thay đổi cách gây sao
VIVOSDEV19_246_snr10,vivos,phowhisper,base,tone_aware_lora,0.05,42,10,music,VỢ LỠ CÓ TẬT THẾ ANH NÊN THAY ĐỔI CÁCH TIẾP CẬN,vợ lỡ có tật thế anh nên hay đội cách tiếp cận
VIVOSDEV19_246_snr20,vivos,phowhisper,base,tone_aware_lora,0.05,42,20,music,VỢ LỠ CÓ TẬT THẾ ANH NÊN THAY ĐỔI CÁCH TIẾP CẬN,vợ lỡ có tật thế anh nên thay đổi cách tiếp cận
VIVOSDEV19_246_snr5,vivos,phowhisper,base,tone_aware_lora,0.05,42,5,noise,VỢ LỠ CÓ TẬT THẾ ANH NÊN THAY ĐỔI CÁCH TIẾP CẬN,vợ lỡ có tật thế anh nên thay đổi cách tiếp cận
VIVOSDEV19_249_clean,vivos,phowhisper,base,tone_aware_lora,0.05,42,clean,clean,ĐÂY ĐƯỢC XEM LÀ VAI DIỄN THÀNH CÔNG NHẤT CỦA VƯƠNG TỪ TRƯỚC ĐẾN NAY,đây được xem là vai diễn thành công nhất của vương từ trước đến nay
VIVOSDEV19_249_snr0,vivos,phowhisper,base,tone_aware_lora,0.05,42,0,noise,ĐÂY ĐƯỢC XEM LÀ VAI DIỄN THÀNH CÔNG NHẤT CỦA VƯƠNG TỪ TRƯỚC ĐẾN NAY,đây được xem là vai diễn thành công nhất của vương từ trước đến nay
VIVOSDEV19_249_snr10,vivos,phowhisper,base,tone_aware_lora,0.05,42,10,noise,ĐÂY ĐƯỢC XEM LÀ VAI DIỄN THÀNH CÔNG NHẤT CỦA VƯƠNG TỪ TRƯỚC ĐẾN NAY,đây được xem là vai diễn thành công nhất của vương từ trước đến nay
VIVOSDEV19_249_snr20,vivos,phowhisper,base,tone_aware_lora,0.05,42,20,music,ĐÂY ĐƯỢC XEM LÀ VAI DIỄN THÀNH CÔNG NHẤT CỦA VƯƠNG TỪ TRƯỚC ĐẾN NAY,đây được xem là vai diễn thành công nhất của vương từ trước đến nay
VIVOSDEV19_249_snr5,vivos,phowhisper,base,tone_aware_lora,0.05,42,5,noise,ĐÂY ĐƯỢC XEM LÀ VAI DIỄN THÀNH CÔNG NHẤT CỦA VƯƠNG TỪ TRƯỚC ĐẾN NAY,đây được xem là vai diễn thành công nhất của vương từ trước đến nay
VIVOSDEV19_259_clean,vivos,phowhisper,base,tone_aware_lora,0.05,42,clean,clean,TÍCH CỰC HƠN VỚI VẤN ĐỀ LIÊN QUAN ĐẾN KIỀU BÀO,tích cực hơn với vấn đề liên quan đến kiều bào
VIVOSDEV19_259_snr0,vivos,phowhisper,base,tone_aware_lora,0.05,42,0,speech,TÍCH CỰC HƠN VỚI VẤN ĐỀ LIÊN QUAN ĐẾN KIỀU BÀO,tích cực hơn với vấn đề liên quan đến kiều bào
VIVOSDEV19_259_snr10,vivos,phowhisper,base,tone_aware_lora,0.05,42,10,noise,TÍCH CỰC HƠN VỚI VẤN ĐỀ LIÊN QUAN ĐẾN KIỀU BÀO,tích cực hơn với vấn đề liên quan đến kiều bào
VIVOSDEV19_259_snr20,vivos,phowhisper,base,tone_aware_lora,0.05,42,20,noise,TÍCH CỰC HƠN VỚI VẤN ĐỀ LIÊN QUAN ĐẾN KIỀU BÀO,tích cực hơn với vấn đề liên quan đến kiều bào
VIVOSDEV19_259_snr5,vivos,phowhisper,base,tone_aware_lora,0.05,42,5,noise,TÍCH CỰC HƠN VỚI VẤN ĐỀ LIÊN QUAN ĐẾN KIỀU BÀO,tích cực hơn với vấn đề liên quan đến kiều bào
VIVOSDEV19_262_clean,vivos,phowhisper,base,tone_aware_lora,0.05,42,clean,clean,ĐỂ RỒI CHÚNG TA KHAO KHÁT MÃI TRONG VÒNG LUÂN HỒI NHÂN GIAN,để rồi chúng ta khao khát mãi trong vòng luân hồn dân gian
VIVOSDEV19_262_snr0,vivos,phowhisper,base,tone_aware_lora,0.05,42,0,speech,ĐỂ RỒI CHÚNG TA KHAO KHÁT MÃI TRONG VÒNG LUÂN HỒI NHÂN GIAN,để rồi chúng ta thoát khắp mải trong mặt luôn ngồi nghe nhang
VIVOSDEV19_262_snr10,vivos,phowhisper,base,tone_aware_lora,0.05,42,10,noise,ĐỂ RỒI CHÚNG TA KHAO KHÁT MÃI TRONG VÒNG LUÂN HỒI NHÂN GIAN,để rồi chúng ta khai thác mải trong vòng luân hồ dân gian
VIVOSDEV19_262_snr20,vivos,phowhisper,base,tone_aware_lora,0.05,42,20,noise,ĐỂ RỒI CHÚNG TA KHAO KHÁT MÃI TRONG VÒNG LUÂN HỒI NHÂN GIAN,để rồi chúng ta khâu khác mãi trong vòng luân hồn dân gian
VIVOSDEV19_262_snr5,vivos,phowhisper,base,tone_aware_lora,0.05,42,5,speech,ĐỂ RỒI CHÚNG TA KHAO KHÁT MÃI TRONG VÒNG LUÂN HỒI NHÂN GIAN,để rồi chúng ta khao khát mãi trong vòng luân hồi nhanh gian
VIVOSDEV19_266_clean,vivos,phowhisper,base,tone_aware_lora,0.05,42,clean,clean,VẤN ĐỀ NẢY SINH TỪ CÁI CÂU HỎI DINH CU ẤY,vấn đề nảy sinh từ cái câu hỏi dinh cu ấy
VIVOSDEV19_266_snr0,vivos,phowhisper,base,tone_aware_lora,0.05,42,0,music,VẤN ĐỀ NẢY SINH TỪ CÁI CÂU HỎI DINH CU ẤY,vấn đề nảy sinh từ cái câu hỏi trinh cô ấy
VIVOSDEV19_266_snr10,vivos,phowhisper,base,tone_aware_lora,0.05,42,10,speech,VẤN ĐỀ NẢY SINH TỪ CÁI CÂU HỎI DINH CU ẤY,vấn đề nảy sinh từ cái câu hỏi dinh cu ấy
VIVOSDEV19_266_snr20,vivos,phowhisper,base,tone_aware_lora,0.05,42,20,noise,VẤN ĐỀ NẢY SINH TỪ CÁI CÂU HỎI DINH CU ẤY,vấn đề nảy sinh từ cái câu hỏi dinh cu ấy
VIVOSDEV19_266_snr5,vivos,phowhisper,base,tone_aware_lora,0.05,42,5,music,VẤN ĐỀ NẢY SINH TỪ CÁI CÂU HỎI DINH CU ẤY,vấn đề nảy sinh từ cái câu hỏi dinh cô ấy
VIVOSDEV19_274_clean,vivos,phowhisper,base,tone_aware_lora,0.05,42,clean,clean,CHỊ NÊN ĐI KHÁM BÁC SĨ VÀ CHỌN PHƯƠNG PHÁP NGỪA THAI HIỆU QUẢ,chị nên đi khám bác sĩ và chọn phương pháp ngừa thai hiệu quả
VIVOSDEV19_274_snr0,vivos,phowhisper,base,tone_aware_lora,0.05,42,0,speech,CHỊ NÊN ĐI KHÁM BÁC SĨ VÀ CHỌN PHƯƠNG PHÁP NGỪA THAI HIỆU QUẢ,chị nên đi khám bác sĩ và chọn phương pháp ngươi ai hiệu quả
VIVOSDEV19_274_snr10,vivos,phowhisper,base,tone_aware_lora,0.05,42,10,noise,CHỊ NÊN ĐI KHÁM BÁC SĨ VÀ CHỌN PHƯƠNG PHÁP NGỪA THAI HIỆU QUẢ,chị nên đi khám bác sĩ và chọn phương pháp ngừa thai hiệu quả
VIVOSDEV19_274_snr20,vivos,phowhisper,base,tone_aware_lora,0.05,42,20,music,CHỊ NÊN ĐI KHÁM BÁC SĨ VÀ CHỌN PHƯƠNG PHÁP NGỪA THAI HIỆU QUẢ,chị nên đi khám bác sĩ và chọn phương pháp ngừa thai hiệu quả
VIVOSDEV19_274_snr5,vivos,phowhisper,base,tone_aware_lora,0.05,42,5,noise,CHỊ NÊN ĐI KHÁM BÁC SĨ VÀ CHỌN PHƯƠNG PHÁP NGỪA THAI HIỆU QUẢ,chị nên đi khám bác sĩ và chọn phương pháp lừa thai hiệu quả
