"path","sha256","bytes"
"data/derived/paper_v2/final_benchmark/clean/VIVOSDEV01_R002_fd79213af6ecaf8e_clean.wav","3346943de82410a7852b4dd817ef194d8583861f85c15ec99bbab21af21bf44c","130044"
"data/derived/paper_v2/final_benchmark/clean/VIVOSDEV01_R003_c4e6d5c4be31e074_clean.wav","012dc3604d4d6ce3103b96d4f72a5704118a534790b2904b1a17298239a4ab71","118044"
"data/derived/paper_v2/final_benchmark/clean/VIVOSDEV01_R027_78719e3bc456f14b_clean.wav","c5105490f3ea0379505b896136e6d7cd40f4a2f812365a43e1e9db403d16231f","151044"
"data/derived/paper_v2/final_benchmark/clean/VIVOSDEV01_R028_ccd185159bc28ce8_clean.wav","7046bd2e029a884e71365b7754a9b35f0dc8c36251c3fb9f672c7ad943f022f8","146044"
"data/derived/paper_v2/final_benchmark/clean/VIVOSDEV01_R043_726b67c80bac9c86_clean.wav","324e8ef27624c43e6f9beeb61e9903989f1658ed0b5c2d6b630c83a3c4fcdbde","108044"
"data/derived/paper_v2/final_benchmark/clean/VIVOSDEV01_R044_f8955691ae5b97c3_clean.wav","afd58976b1572253801b911a0f8113b86a94586ef6fc409e1648aa4948aa7590","167044"
"data/derived/paper_v2/final_benchmark/clean/VIVOSDEV01_R069_36bac528212d14d6_clean.wav","12fbc2e061a6e4d89f072b9cabdbb9bd90a80658a1b6339040a3da6f5576bd27","70044"
"data/derived/paper_v2/final_benchmark/clean/VIVOSDEV01_R071_a128878140880cc6_clean.wav","86cd6245db9c63a2324b228697848b80b79bc3e759577ad31ddf1a9138fc15c8","146044"
"data/derived/paper_v2/final_benchmark/clean/VIVOSDEV01_R099_1585768c81fde7b7_clean.wav","e8b34032e87ca2406d2667e4b17b705fcd73c9972a1a5c27f4d8cd12671ca5e3","124044"
"data/derived/paper_v2/final_benchmark/clean/VIVOSDEV01_R108_2c4eced1d335b6bd_clean.wav","b1b1908a57e4e2988eecc39b809a293eaf605a4a6f64e4da13f15c175b3dbd68","110044"
"data/derived/paper_v2/final_benchmark/clean/VIVOSDEV01_R117_3ab905ca79044c34_clean.wav","1d9b28487d487224945f93501b59029cfaab050ae92c35ea3ab7636006c79397","88044"
"data/derived/paper_v2/final_benchmark/clean/VIVOSDEV01_R130_85b2f49368b24da2_clean.wav","c36a7e3381b90b56f259c18c7584f1f533b28f06968d90761c246204ad801564","119044"
"data/derived/paper_v2/final_benchmark/clean/VIVOSDEV01_R139_c0cfbdeb8f7df393_clean.wav","2a8bf6d577edc0d1b5353ea10b25fa2914af5dbed61f7abe84d890015b9f379f","102044"
"data/derived/paper_v2/final_benchmark/clean/VIVOSDEV01_R150_02177c41204babc3_clean.wav","45445143256d11422904c1454eba6624e1a1e6c1511120b41c9979a1283aa477","66044"
"data/derived/paper_v2/final_benchmark/clean/VIVOSDEV01_R151_9bf17fd58acf8ff1_clean.wav","b15ee3053ab1e3aae0451be1f4082c10c4d78c7282a57f1aee566ebbdd998930","117044"
"data/derived/paper_v2/final_benchmark/clean/VIVOSDEV01_R164_e636c9de495e0754_clean.wav","8f7cdcb6d83bb3aadef269a7d8c76b024f4d461779cfc8b17fa82d432272fc3d","80044"
"data/derived/paper_v2/final_benchmark/clean/VIVOSDEV01_R172_e2fe62f4d906f7b7_clean.wav","2b0152f4f0d2f8ea2d620e593432091960e6c967c9158374c9d728589f4aaebc","119044"
"data/derived/paper_v2/final_benchmark/clean/VIVOSDEV01_R174_6d5c7266888422f6_clean.wav","885683238ca89d6a801afcd1729bb85d80075bf398cb16f866817d7060b338f4","100044"
"data/derived/paper_v2/final_benchmark/clean/VIVOSDEV01_R176_bcd4726d5f6d62f9_clean.wav","2e4b057552b9b7f28944e2d92e1048b09d68067180bda8ce27e954633d633a95","110044"
"data/derived/paper_v2/final_benchmark/clean/VIVOSDEV01_R180_af9fe58d1b023613_clean.wav","14f1735266be7ee14beca9aceae73bf940fb4705ea9947a37944c9dff0b25d17","126044"
"data/derived/paper_v2/final_benchmark/clean/VIVOSDEV01_R188_8dd8c276f406dfcb_clean.wav","60d4979eb9d8c115b64122f5ce995b11eabbc35634b8b01d6e5a164c3de8bfb0","110044"
"data/derived/paper_v2/final_benchmark/clean/VIVOSDEV01_T002_f488f805618f41b0_clean.wav","263ccf5446d9abdfbf7432f2e336aa2f0092d632294413d4d4dffeacbff07638","63044"
"data/derived/paper_v2/final_benchmark/clean/VIVOSDEV01_T038_0c866259f7c47b5d_clean.wav","ab099902317e85730aa95309b3849fb0f6c8386cf292daddc14234a7f4405f11","80044"
"data/derived/paper_v2/final_benchmark/clean/VIVOSDEV01_T043_a57ee2f25d49ee2c_clean.wav","6ea8ec1478113b7b425882d44dce27b748dba38d3014334638575a06209fd557","78044"
"data/derived/paper_v2/final_benchmark/clean/VIVOSDEV02_R009_9410678bd341095b_clean.wav","2bb44b3e6c2ddd9235fc7e9f0011a25269e3fc50f41b6a10c233fd1353a56e80","107044"
"data/derived/paper_v2/final_benchmark/clean/VIVOSDEV02_R031_5cf07409560dd9f6_clean.wav","4dafd9b593227e80b2bd25ff37ce52c8c005c0e86c4f72ec8e53e3447dc891a8","172044"
"data/derived/paper_v2/final_benchmark/clean/VIVOSDEV02_R045_08abe97db37f3db0_clean.wav","3598053e2f2287b2fe646adc251d97e531b07933207b5b866583c2ad09479ebb","116044"
"data/derived/paper_v2/final_benchmark/clean/VIVOSDEV02_R067_3efe03247ad027dc_clean.wav","8a4e6126873f01af5a07c14c3adfbbcea4ea0d30bf06115e281f12b1dd2e7f8c","126044"
"data/derived/paper_v2/final_benchmark/clean/VIVOSDEV02_R068_26382b33b6eb573c_clean.wav","88681def42b677d948f3092fabe4ea45d83cc990fd7ae48b0d45ca570528c53d","98044"
"data/derived/paper_v2/final_benchmark/clean/VIVOSDEV02_R071_98bda1d132d12697_clean.wav","1ab3862183270cdf969d96dd6329abbd005eb314a2cf6cd2e512fd6cc68d6dca","158044"
"data/derived/paper_v2/final_benchmark/clean/VIVOSDEV02_R076_2306a77ed9dc7949_clean.wav","f7eb343ef784ab97906a066902d123cdd7212ef8246c613e70b349085445cfda","95044"
"data/derived/paper_v2/final_benchmark/clean/VIVOSDEV02_R079_a68539e57c98bdeb_clean.wav","8e63169a0091e8ac820dfdb09091c9bfe17250796c7cbc01879fcf7b4e9acb61","129044"
"data/derived/paper_v2/final_benchmark/clean/VIVOSDEV02_R087_f5645d3be769fa49_clean.wav","e3db8504a5b9f333b6b088aaf71552959b125ca12226ed095e822165a3aeeeb9","150044"
"data/derived/paper_v2/final_benchmark/clean/VIVOSDEV02_R089_8639f76c4f1d79c4_clean.wav","7c58883ded1227553db9c4f38dee7988d8851513dd49390a51f97cb80171c04e","152044"
"data/derived/paper_v2/final_benchmark/clean/VIVOSDEV02_R091_21cbc054cc4a82c2_clean.wav","3423199a3fdefcfadf1a30d7258a125945056ff632e3b0955713baa444fdb428","96044"
"data/derived/paper_v2/final_benchmark/clean/VIVOSDEV02_R106_06f388b94ae36311_clean.wav","583e7b8fa7603abcddeb1c68927bdecf9f3ddda1c539b4a4252afc7e2a3af89b","84044"
"data/derived/paper_v2/final_benchmark/clean/VIVOSDEV02_R130_84942fac2cda4889_clean.wav","5318df7ad62ed941dabacfa59a9e117952ab21edc563e5fc8710219e34b3ae71","141044"
"data/derived/paper_v2/final_benchmark/clean/VIVOSDEV02_R132_ec6a4c2998d7140e_clean.wav","93235ccb65a8a9b781194ff03a1c87e19c426b9891334f595efda7dc564b3d47","124044"
"data/derived/paper_v2/final_benchmark/clean/VIVOSDEV02_R135_dc81cb7013592008_clean.wav","fb6204c0bfd9480afd0474d02e2c8acbb6a0dd61b88833ac9f2ee72471169c1e","119044"
"data/derived/paper_v2/final_benchmark/clean/VIVOSDEV02_R137_18dc85272970f810_clean.wav","c534be014237f0cfcfc44bd103c9e94a32af82406cc9e75ec5e12d6485cb07ce","114044"
"data/derived/paper_v2/final_benchmark/clean/VIVOSDEV02_R164_79be82aa205e6db2_clean.wav","d664e973d9583e98dd16b815aedeac55e9ac09f0676ab1348b66d2bb85ae3f0f","117044"
"data/derived/paper_v2/final_benchmark/clean/VIVOSDEV02_R170_e1b8f4119ea5d9bf_clean.wav","559b1eedc6aa230d9b5019fbe850544d318299e6faeb101e87c4fb766efc635d","158044"
"data/derived/paper_v2/final_benchmark/clean/VIVOSDEV02_R173_7c5ebbe508930780_clean.wav","72d0469bc98351c6dad931751d21ebb3bfacb5aeec91be82f100bde81989a3b9","103044"
"data/derived/paper_v2/final_benchmark/clean/VIVOSDEV02_R181_a2efc18ccf2658f8_clean.wav","d508d8dda2b8e2ddd79053af002f0add4b2abdeaa90b95cbd78e3fa9cae163c2","132044"
"data/derived/paper_v2/final_benchmark/clean/VIVOSDEV02_R192_2102f852d42b0b0a_clean.wav","c16bf2040ae37b518990665841c9ed89d8f2c1248d721e100fc4f27dec14f762","158044"
"data/derived/paper_v2/final_benchmark/clean/VIVOSDEV02_R195_4d7951faf048db64_clean.wav","4ae6283b52f26e41c71540aaf08ce9e204b5032121a2c6f704c0dff91ac38c21","130044"
"data/derived/paper_v2/final_benchmark/clean/VIVOSDEV02_R200_3b03d5892ac613c0_clean.wav","02eefc6d52f39fcf6e6f305dc7da0c0f4d4dae310ece5b03c1f5b329b4d04b29","107044"
"data/derived/paper_v2/final_benchmark/clean/VIVOSDEV02_T004_a84e1a31c395d641_clean.wav","4214c8cc8df7dfa12fbcc2ccaa401e223857a0d200f8fb285945448d88139f1e","94044"
"data/derived/paper_v2/final_benchmark/clean/VIVOSDEV02_T012_7c5033a4fd1e3ff0_clean.wav","dc9807fa79bde9f3ad0f8985b685eeb3c4657318bdc95968e5a861b879e6a14d","108044"
"data/derived/paper_v2/final_benchmark/clean/VIVOSDEV02_T015_02ac10825443224f_clean.wav","50e109413f530a3178d71d771482408e98fef8a7e9868a4113097df10ecdad3c","108044"
"data/derived/paper_v2/final_benchmark/clean/VIVOSDEV02_T022_6ae4835311f1ae4a_clean.wav","66c24f194dbd9171508b5fb775a2266ea67fa9f68096bedecc3e4705ce8fa621","136044"
"data/derived/paper_v2/final_benchmark/clean/VIVOSDEV02_T031_44121575dc50be22_clean.wav","700c2b402e2357d757d22149a7cd599d860057f7ad6a855278707ea4dee2580d","72044"
"data/derived/paper_v2/final_benchmark/clean/VIVOSDEV02_T050_ec577aea5e626610_clean.wav","96f32a4e4faa7c45f9ad71f84a975ae4a3bb290b6a11fadcc992dc73a3618c96","106044"
"data/derived/paper_v2/final_benchmark/clean/VIVOSDEV03_R007_32a25ceb9fe018ae_clean.wav","30a0cd0f7be418b0f67fb02a49487b73081b08d9b1ae0b388498a3c4e155b25f","100044"
"data/derived/paper_v2/final_benchmark/clean/VIVOSDEV03_R010_67b86c7b9b754c8e_clean.wav","69d0877993e7a88293e545ae48c5c68a0040903f8ebd81ed4bf2cac78c68abd7","86044"
"data/derived/paper_v2/final_benchmark/clean/VIVOSDEV03_R020_a866999760e146d9_clean.wav","a83312f2f80f6616aacf98f0a9555306817b981ccab1fd6be604f045256ab02d","148044"
"data/derived/paper_v2/final_benchmark/clean/VIVOSDEV03_R029_62f1d93ab12d1cc2_clean.wav","538229fe4d11408f7dc40f7895a143b28c9e19a94c6a08721ae4faea1a68f387","150044"
"data/derived/paper_v2/final_benchmark/clean/VIVOSDEV03_R041_a681bf777aa1865a_clean.wav","667e0d7cc8f14c3ee96e0ca2dd8d13863da5c40177156d431abcf2eac65d59ac","94044"
"data/derived/paper_v2/final_benchmark/clean/VIVOSDEV03_R044_c5ac0ce0e39e9146_clean.wav","bc1602ec7bb8f9a1b6dd4a72728a3fa1b7009116495a0fd1ed2c6c5ef99e37eb","94044"
"data/derived/paper_v2/final_benchmark/clean/VIVOSDEV03_R056_e9e910ee23257aed_clean.wav","b9d06e9e5fc5a6255f6ab59ed6b9c80f4557e466b473de69488b91f323cb29f8","84044"
"data/derived/paper_v2/final_benchmark/clean/VIVOSDEV03_R061_3e01b9b1b89177f3_clean.wav","ad2528760babe016dc64af0afe819258b43e9816e242928c149cd364aed8cb4c","82044"
"data/derived/paper_v2/final_benchmark/clean/VIVOSDEV03_R082_a740becbea793bff_clean.wav","783073bd568a37fc3611e18e775c418aeb5b131fc16735045af387708c069f09","126044"
"data/derived/paper_v2/final_benchmark/clean/VIVOSDEV03_R092_28ed5ed6acaa2087_clean.wav","86fd7b15f01f75ff75f4cbb90c9b6048833048960501c63c4eee08e624aeda57","80044"
"data/derived/paper_v2/final_benchmark/clean/VIVOSDEV03_R113_b875620d45862339_clean.wav","0d453306cd81a8bf35e065eaebf263c3e3bceced2592e31056b139a78030d884","84044"
"data/derived/paper_v2/final_benchmark/clean/VIVOSDEV03_R117_1b58bc212e7aa1d5_clean.wav","4497191122f42c62aba45090251f0e027244f9d27a0b642c4bfba309458f2123","57044"
"data/derived/paper_v2/final_benchmark/clean/VIVOSDEV03_R119_20ceea3c76afab29_clean.wav","c757006f431e6a408a6a70a85b5dd2109fd328f04176de6fdaff28e55a20632d","45044"
"data/derived/paper_v2/final_benchmark/clean/VIVOSDEV03_R120_d04f73f7d447e5f8_clean.wav","aaccb343bfb1e902082a2bfb152c5d2f05ecbef9681ae8dbdd1d7984237d6dd2","66044"
"data/derived/paper_v2/final_benchmark/clean/VIVOSDEV03_R125_2c236a8af7374927_clean.wav","f20629e1da47bfa0fe2a4323b0f05700872b5a216d512dc74002fe175bac3af8","59044"
"data/derived/paper_v2/final_benchmark/clean/VIVOSDEV03_R142_83288ad0ca0016d0_clean.wav","81768083ea4105bbd8e6e0a246d499362afcc407da83df570192da68faa4edd7","80044"
"data/derived/paper_v2/final_benchmark/clean/VIVOSDEV03_R144_22262565993ecf05_clean.wav","953dd7b9d1c9077a354e8e458273424d9cae060e8a68b3cc7719dbf8173bc168","52044"
"data/derived/paper_v2/final_benchmark/clean/VIVOSDEV03_R149_f425bce5562c1ec0_clean.wav","ba02be686369e1b1c7db0ca0629096fdddadc61ce6466ad7697dfa28fa78e8e3","50044"
"data/derived/paper_v2/final_benchmark/clean/VIVOSDEV03_R156_6fa5226de0c851aa_clean.wav","d4382c60c86d47882508608e76dec0dfde9e24ad3ffee8ae23dad4b088b56d10","92044"
"data/derived/paper_v2/final_benchmark/clean/VIVOSDEV03_R160_4dfa473702a49207_clean.wav","957de69ef80ed4d21a0ece39a6e0a2f6b3892bd21a0a5ad9a13e4bbe4628c1c7","69044"
"data/derived/paper_v2/final_benchmark/clean/VIVOSDEV03_R182_c175917c3cd6394c_clean.wav","a751ab0f0877cae581031e7ca8699f7487f8e1ca7cec65f69e0b16f6cf408d49","88044"
"data/derived/paper_v2/final_benchmark/clean/VIVOSDEV03_R191_1cbd694843cb4135_clean.wav","e4dc27e4d0e7b1699abd6fba91e49fad8cc80311bda105ff7578e4b66506a38e","54044"
"data/derived/paper_v2/final_benchmark/clean/VIVOSDEV03_R193_ca828f71994c4bee_clean.wav","6e12c16960c8a1999dc882fc1ad12c0b6cd064f4ae0ec724097e055402743409","46044"
"data/derived/paper_v2/final_benchmark/clean/VIVOSDEV03_R198_deb9ed7277a61c1a_clean.wav","5bbdd243c9d9af9fa3bff9336a9f1bb3b53a640f2c5e1866e4063445a6cc74c6","82044"
"data/derived/paper_v2/final_benchmark/clean/VIVOSDEV03_T009_d7ae562027459a65_clean.wav","d97a0457e08b661507fececd8a9d843678e6b0d2999ea1fd52662d81c534fd87","61044"
"data/derived/paper_v2/final_benchmark/clean/VIVOSDEV03_T017_fe9487ce3a3f4e72_clean.wav","9d496c726d6ba18c3f52c66664cb9e732ffcd74c3b3c13b161384a3776f334c3","77044"
"data/derived/paper_v2/final_benchmark/clean/VIVOSDEV03_T018_72628fac90767fc4_clean.wav","4557e178923dbf4c892aa85f63f1bdafc6f92aeced1a3199bda83ceca5774384","56044"
"data/derived/paper_v2/final_benchmark/clean/VIVOSDEV03_T041_6cde359423a758fd_clean.wav","2d64fa1e7fa50c7c4c16efda7a1803ec91c64ca3171c44aaf620509519334d1d","81044"
"data/derived/paper_v2/final_benchmark/clean/VIVOSDEV04_R002_235144522a65e307_clean.wav","8d1c733732adfff296b43e5dd90ba7598c66ec959b63fcacc91de8c4489233af","108044"
"data/derived/paper_v2/final_benchmark/clean/VIVOSDEV04_R004_758a20adb347b844_clean.wav","8a2786bfe97ad5fdf830041bc803909c0a9a809ce675f294ae8496a7114dc350","114044"
"data/derived/paper_v2/final_benchmark/clean/VIVOSDEV04_R008_10f6f1b6673cb087_clean.wav","e9a169ccce0692e25efc6a7f32c40937accd2efce3dac7c17656cd1fd25212d0","206044"
"data/derived/paper_v2/final_benchmark/clean/VIVOSDEV04_R010_1058518b01159c68_clean.wav","6bc77985aaa433315cc926cc9a8c664a3e11b260a8e3e257a7666898ae85b606","120044"
"data/derived/paper_v2/final_benchmark/clean/VIVOSDEV04_R023_bc732cbf874cba24_clean.wav","ca7302490cb52feee6d1b97d2dd353e4e26bd69e079e57a73422ea4ed6139b93","204044"
"data/derived/paper_v2/final_benchmark/clean/VIVOSDEV04_R047_e1cf81a90624c984_clean.wav","bf3eebe15116b6c00c882d95bd91c35c38ec600df8de3b1000fdd2654f0754f5","137044"
"data/derived/paper_v2/final_benchmark/clean/VIVOSDEV04_R049_517d228af97bf04a_clean.wav","d05d2f748769f3e567631cb55291224214c07137292e587ac3c0eced37f4eaa4","66044"
"data/derived/paper_v2/final_benchmark/clean/VIVOSDEV04_R051_93d9825f993d2c19_clean.wav","9056c65cf40eabbff93abae7dfe5f93b89b2568a16edf760dcebb3e3cd0ef450","72044"
"data/derived/paper_v2/final_benchmark/clean/VIVOSDEV04_R081_4522971e883db435_clean.wav","4f070ffad480fc1d761fecdaa6586176dfa1833b92c63a039e34b3f2a476937d","102044"
"data/derived/paper_v2/final_benchmark/clean/VIVOSDEV04_R089_46ed698d853b7188_clean.wav","0a65f125c147f7744ea8797d4651854f83f03a5171cc6c99d60ab87e3b5b4b17","74044"
"data/derived/paper_v2/final_benchmark/clean/VIVOSDEV04_R092_a6e20923429edd0f_clean.wav","4ce924bedab79780344eed652968653da9cffaaeed39869576b12c391310f717","98044"
"data/derived/paper_v2/final_benchmark/clean/VIVOSDEV04_R095_d420ef9bbd8c8ab8_clean.wav","42818634ce3832c666ace8dc1e79a4d564b06689fd4b96b74e32539ae59fdb59","136044"
"data/derived/paper_v2/final_benchmark/clean/VIVOSDEV04_R097_2396c493bf298f6a_clean.wav","cf9a5a48595ade895ace9290b2aa89de313292ef3b4eea3ee91d2546f7b3e6e4","76044"
"data/derived/paper_v2/final_benchmark/clean/VIVOSDEV04_R118_5871bc226cbe3dfc_clean.wav","5f1f69eda74dbc5f433752e53aac9639d8e715bf200b38504d29226cfe762efc","77044"
"data/derived/paper_v2/final_benchmark/clean/VIVOSDEV04_R127_d0c7b502072f767c_clean.wav","1971ccadced63a2655ac0494e28d1fd04bf1a3ad9500287bf02100b37dbab59e","111044"
"data/derived/paper_v2/final_benchmark/clean/VIVOSDEV04_R129_a0acddd792a8fd71_clean.wav","3db8c157d47a596506f99d5f08e708dba9e1e6b5dbaadf7396f22a45ad19d9fc","70044"
"data/derived/paper_v2/final_benchmark/clean/VIVOSDEV04_R132_c998ae03ac42045e_clean.wav","f62ba9c79982e43441195537d941cc5e2a9b3cc9531a4e606d94adb93e2d40aa","108044"
"data/derived/paper_v2/final_benchmark/clean/VIVOSDEV04_R149_f60dd4349b0387d9_clean.wav","b06834d8a42e2b209c47ab32ed9a5a0f6c02e46f212614c71109b1ac7ea3cfb0","151158"
"data/derived/paper_v2/final_benchmark/clean/VIVOSDEV04_R152_96be011da1ceeccc_clean.wav","be29183a7787e02e41c92a6a26c85614a5e205786c69dee827e3cf85b092814e","145044"
"data/derived/paper_v2/final_benchmark/clean/VIVOSDEV04_R162_bf653802e22ca482_clean.wav","dfa084bcc95626dc0449c797cacba243a9ffe60cd9958abd3ec150e742270f81","86044"
"data/derived/paper_v2/final_benchmark/clean/VIVOSDEV04_T002_f99c7b04d2f71c02_clean.wav","e2ad3fcaf99c16d6e2f522f818422a4294a1eb4fec28dd67dd1e1d9f91065895","96044"
"data/derived/paper_v2/final_benchmark/clean/VIVOSDEV04_T009_15c40b16151d15a7_clean.wav","77d61cc21e2859f508c6c951213799a449b42207395b816d55a43ee908035177","82044"
"data/derived/paper_v2/final_benchmark/clean/VIVOSDEV04_T015_58c51fe975ffe1d1_clean.wav","868f11910ac9f2e225bca052413372d57ee26447582c6262351e379d494d5c27","107044"
"data/derived/paper_v2/final_benchmark/clean/VIVOSDEV04_T029_7c3eae818bd0c566_clean.wav","c03013b838ff4a7f017e8dba32c75e4bf3547fb786d6f4c26d72d248755261a7","98044"
"data/derived/paper_v2/final_benchmark/clean/VIVOSDEV04_T032_4ea0a34b856d697b_clean.wav","d1605e4d777e2dcea2b306569422c2fc98aab03320aabdd0163376405487397c","64044"
"data/derived/paper_v2/final_benchmark/clean/VIVOSDEV04_T044_66a12c3e4b8e4279_clean.wav","5ff8c41a65aa72bda92317409f5503a64f7fb89db91748dbb8b2c37edf308f4e","86044"
"data/derived/paper_v2/final_benchmark/clean/VIVOSDEV05_004_f6c1d78cf81be953_clean.wav","16da2a689cb487c07cee7ca96f3c695be998681426853bad97da416432c1d24e","130080"
"data/derived/paper_v2/final_benchmark/clean/VIVOSDEV05_030_226d273049c670a1_clean.wav","6553142ee78dccd7d7fc3163b061471303c19c974169bd2e2474e33c9d538b59","76080"
"data/derived/paper_v2/final_benchmark/clean/VIVOSDEV05_043_b1247f348d0201ec_clean.wav","d81e30f98fa0db6873ce3bff9690f9919c1e4325ac398db1e3ed69c1b933a080","96080"
"data/derived/paper_v2/final_benchmark/clean/VIVOSDEV05_065_3d36c1907226a059_clean.wav","3a1f6dfc5b7ed4a64067b1c819c20cb9ff137fc9658861c492a2a77b4401a176","117080"
"data/derived/paper_v2/final_benchmark/clean/VIVOSDEV05_087_66548504244db7e0_clean.wav","1c54e2b1d75e47471b1aa7b4f65986440122ac1437b5da78b01d2fb3c2afc453","77080"
"data/derived/paper_v2/final_benchmark/clean/VIVOSDEV05_091_16753e7fde81023f_clean.wav","f463c2fd40a04e259d1a8d908e6beb58fc79bb99784268e3192871fd7f59ba65","66080"
"data/derived/paper_v2/final_benchmark/clean/VIVOSDEV05_107_ff0ea288483927e5_clean.wav","113770631d627b0bc0a1d270458ebaa846d3e1251cc99795ead76ad108e17228","156080"
"data/derived/paper_v2/final_benchmark/clean/VIVOSDEV05_109_60b15f232d8ea269_clean.wav","bd13307690f1f7c1ab85d5163e40c40ee90e713c2d40e2bcc2e8a0c910464b82","82080"
"data/derived/paper_v2/final_benchmark/clean/VIVOSDEV05_129_f577dd70b3b6f202_clean.wav","6661c8af0928fd3a7d19497d2c34681f11271f0faf4c27d6d3e832b354870d63","75080"
"data/derived/paper_v2/final_benchmark/clean/VIVOSDEV05_143_2ea94a9ecf6db58d_clean.wav","24fba43b5254414251a71a03cc02ceb11afecd0f7851b113a557315291b7ce1b","139080"
"data/derived/paper_v2/final_benchmark/clean/VIVOSDEV05_170_92e340428a9411cd_clean.wav","b20b064d2b9f8399150fbdd4bc5bd9418ede5a39f2f6e7657998ee358a496025","124080"
"data/derived/paper_v2/final_benchmark/clean/VIVOSDEV05_185_7e2723d5e7a1b752_clean.wav","a5e0ff75ff7271c085641ad9308d0c86d19192e52dbb720a87f8481e8f9a23a9","82080"
"data/derived/paper_v2/final_benchmark/clean/VIVOSDEV05_189_a3eb19f6e7004549_clean.wav","cfa7973a147f928984b49d76bb263be38b644855b22be63c6025991de45f6c2c","78080"
"data/derived/paper_v2/final_benchmark/clean/VIVOSDEV05_202_855834b6f1e30a5e_clean.wav","f930761edb23ae637e49dc989269002a7a371ef2a4a095305223bdd1aef8fd0c","123080"
"data/derived/paper_v2/final_benchmark/clean/VIVOSDEV05_206_f939dda6b6599bcb_clean.wav","45d3ccb54f1da779ebb5e3935de575551fd5a55ecf06fbcc236ec8cb97a2f222","146080"
"data/derived/paper_v2/final_benchmark/clean/VIVOSDEV05_212_276aa52e5cc79e79_clean.wav","ce22fea7c2cdce9c3ee1787cf54609e74360d0dbe0b5edc6b8bcc1ed203c9440","84080"
"data/derived/paper_v2/final_benchmark/clean/VIVOSDEV05_251_4dbd57a836798f65_clean.wav","5538cc05b2a6488fa4203cedd96513a0a365119e61aa0dfa620a74f2b6bd5eec","80080"
"data/derived/paper_v2/final_benchmark/clean/VIVOSDEV05_261_9d6c10429768dabb_clean.wav","233791e55bec608fbee1720a931661ff740c64460643f8f46ee51491d2ddcef8","114080"
"data/derived/paper_v2/final_benchmark/clean/VIVOSDEV05_263_f09febc4bfc3a8bd_clean.wav","5ea665c5cba7c7575cf61e31491a2e046cc68727687ebe1ad6be7f34017c9bd2","142080"
"data/derived/paper_v2/final_benchmark/clean/VIVOSDEV05_295_b18bda15ba2c1d57_clean.wav","caf02781620020efaec64b0a3553d15f99f7dacc9d58af856b1d0fd81c5f1a8b","90080"
"data/derived/paper_v2/final_benchmark/clean/VIVOSDEV06_016_bd24aac78b63557a_clean.wav","0b71708db6c02cf5f89df7860ff2ad5e6346b0dcbe56a87f8151466c969b698d","102080"
"data/derived/paper_v2/final_benchmark/clean/VIVOSDEV06_021_aa5411a3a7c80ae7_clean.wav","fa036cb46ea17f1207fe6f53581a614d38844688e43e187472731266d76498c7","82080"
"data/derived/paper_v2/final_benchmark/clean/VIVOSDEV06_034_f4272504ca9eacdc_clean.wav","9db1e70ea2fb432dd20050740b2d8bcf6c195c6474b10f113e329f63405f47d7","159080"
"data/derived/paper_v2/final_benchmark/clean/VIVOSDEV06_037_055af0c995f3ed1a_clean.wav","07d81341043f798faf86da0cc0cba82f4b5eb27539d183f711f6fc970c8e8ac6","90080"
"data/derived/paper_v2/final_benchmark/clean/VIVOSDEV06_042_95e0c4ef87e950d4_clean.wav","a89c27f09033ea24c10ff617317f659bb4a31772a6afe4cf59c86f1269f52739","118080"
"data/derived/paper_v2/final_benchmark/clean/VIVOSDEV06_061_268af6935a1fa43c_clean.wav","8320e05ca6b7dca497a4141f311f37a51920c7c8ba2b5bcd3b6287d310ba30e7","146080"
"data/derived/paper_v2/final_benchmark/clean/VIVOSDEV06_070_14cbaaada291648c_clean.wav","67c349232d983f95bdda97a6f7399136a1152ed8898d4f39e547b197e1ae07ba","122080"
"data/derived/paper_v2/final_benchmark/clean/VIVOSDEV06_098_b6423df3fd7bcb34_clean.wav","7f883bd200827311987942768ce063be55d3db43847b642c01c9d962446be1eb","145080"
"data/derived/paper_v2/final_benchmark/clean/VIVOSDEV06_108_ba0e4f73cc2c5344_clean.wav","cf331da91d2c0ff091c0078d35a45f2815ee77af1a056b1a46d41a2c2304ffd2","124080"
"data/derived/paper_v2/final_benchmark/clean/VIVOSDEV06_117_7e919fd1b7e5d0eb_clean.wav","45b0658fb3abb300b33643ba92bff712da0df3b91e2a5f64c864d148e0affbf1","151080"
"data/derived/paper_v2/final_benchmark/clean/VIVOSDEV06_126_6df12889474499c4_clean.wav","a5df6a0da0b7d44d41d38fa4369efe9f9034e9c5dd73cef9c1e8fd7a9aaa4b4e","126080"
"data/derived/paper_v2/final_benchmark/clean/VIVOSDEV06_139_5dcd3f7d798cd64d_clean.wav","d3e8267e9a96e4453f04ff586274741dd0c1ab520ccb1d1beff04b80bb610dfb","98080"
"data/derived/paper_v2/final_benchmark/clean/VIVOSDEV06_143_fa4d60cf05f269d6_clean.wav","532dc813597b8f61fd334341116e1121b39ff8c5a31a5e050c41d5a17761dffc","142080"
"data/derived/paper_v2/final_benchmark/clean/VIVOSDEV06_184_6b96190057427171_clean.wav","86b1a5ebdc68625386a40f2b65a058b66d4ca222f987e6b10e9fed20f1480a87","154080"
"data/derived/paper_v2/final_benchmark/clean/VIVOSDEV06_195_415491a210911c9b_clean.wav","9553a23d26efb4abe54e3ead77eb96b3fb7f06ee867511459ad583d74ce4a84c","96080"
"data/derived/paper_v2/final_benchmark/clean/VIVOSDEV06_210_a69babff4084e135_clean.wav","2a860fd3041b55fc0e558ffaa3fb50d3036d753eaac1db739405ce8b933df1a1","91080"
"data/derived/paper_v2/final_benchmark/clean/VIVOSDEV06_212_4b87f57e0ab62315_clean.wav","460467be947386ec3efc3c383b1c0a2fd449c163cc69534742b673e728484b60","72080"
"data/derived/paper_v2/final_benchmark/clean/VIVOSDEV06_240_15084c1e11f8834d_clean.wav","3f8a961af25074968f5f061b6fa9178e85d79a7e7d59e7371675899d674a1e93","108080"
"data/derived/paper_v2/final_benchmark/clean/VIVOSDEV06_247_1233d26de0387180_clean.wav","2330b05b9551fb6cf446fc73bba96d400c4daa30202f246b36dbff9b9c9eaa6a","98080"
"data/derived/paper_v2/final_benchmark/clean/VIVOSDEV06_252_be271082468ef58c_clean.wav","03ca6f1ecc5ebf3b0d5e5847b37f3f14ecf3d46f022bdb08d7a3f65926bc222e","97080"
"data/derived/paper_v2/final_benchmark/clean/VIVOSDEV06_253_c8b5d29f2d99bef5_clean.wav","23f3b9fa7044ed0fe1945a3d43c2d7044b0ed4d941a5791690ff5345f13f5029","108080"
"data/derived/paper_v2/final_benchmark/clean/VIVOSDEV06_261_a708d34107b17808_clean.wav","6661abc0cbff2e5cc34d9ce6fb87d863258ee3a3a95dcc407d1eb32c4e473fab","108080"
"data/derived/paper_v2/final_benchmark/clean/VIVOSDEV06_272_e9bc93d5465175c9_clean.wav","8b6d2431cb6e1cc2ca75d389f7f07a682fc83a3a567b7bb38f29b3aa5048d1c3","134080"
"data/derived/paper_v2/final_benchmark/clean/VIVOSDEV06_287_f13dd1af56405568_clean.wav","b87b1221f415cc7b8029c627d507907e0d763d947d27e603019c0cdb46ff1a0e","114080"
"data/derived/paper_v2/final_benchmark/clean/VIVOSDEV07_002_62a4893b15237710_clean.wav","2c468180ba948263b999d8cd2b35da328473b1bffa6078b1bc657c7b99497495","111080"
"data/derived/paper_v2/final_benchmark/clean/VIVOSDEV07_036_a4def56991a56476_clean.wav","72a769c8c32a3001219cc10ba38e76b0374a6ddc7a839ccb8eb0b5f71be3e351","96080"
"data/derived/paper_v2/final_benchmark/clean/VIVOSDEV07_039_f070bd37d7577ff5_clean.wav","684276f737982a73f7f356d22e90e99a087f6e67f80a05e5c94f8b3677bf2643","122080"
"data/derived/paper_v2/final_benchmark/clean/VIVOSDEV07_044_b7239ead0c78720a_clean.wav","df018ae22f1a307a878d494b405468d0cf1eac0d7675851e052e192856a72ddb","122080"
"data/derived/paper_v2/final_benchmark/clean/VIVOSDEV07_045_a232dcb03153aeb3_clean.wav","1e4e4e5f2ee81b37a73498dc760f67cab0c48c105fcdad00415aa99871fb7272","105080"
"data/derived/paper_v2/final_benchmark/clean/VIVOSDEV07_066_f9ccfbaf87e4c2cf_clean.wav","b9cd1c57f06a216fad85c1becd9a7559bde834550e0858364b1ca723b5205cab","134080"
"data/derived/paper_v2/final_benchmark/clean/VIVOSDEV07_067_89a5de1d2d839734_clean.wav","9d68309898553e9c85869b08ecd172d6dc446d4ea4df0e2ff16f15806a3048b0","108080"
"data/derived/paper_v2/final_benchmark/clean/VIVOSDEV07_084_fb6ef575d29d335b_clean.wav","788c0688a91e7116931fd4eb88d34394ddcedfdae5a1ec80fb7c1e78923195c8","122080"
"data/derived/paper_v2/final_benchmark/clean/VIVOSDEV07_098_e23e02861b027479_clean.wav","3fbbf9b110343086276cbfe082c631ebf6a06f11e8a9856c569e97263e530c65","108080"
"data/derived/paper_v2/final_benchmark/clean/VIVOSDEV07_107_79e8e1e1d173f05d_clean.wav","3ec7c166e214c8e1f30cf055ea8b1f4b2bad0cbf92f6e5307bdd30dba57c562e","126080"
"data/derived/paper_v2/final_benchmark/clean/VIVOSDEV07_115_3f4a417e5e0a240d_clean.wav","190762b1d194c49df5b03fd513774f5b1dc8c58e65ca171b85a37de2c825743c","121080"
"data/derived/paper_v2/final_benchmark/clean/VIVOSDEV07_125_0c4bbde9d7380cab_clean.wav","4ca3e5805f79ffe959c586f53eddd1c33dd629a23f8e0d04555d20c114034bb2","114080"
"data/derived/paper_v2/final_benchmark/clean/VIVOSDEV07_134_d29283379ca91797_clean.wav","d021530d7b4ec85da67bdbc06afc4219947152b4078fd826c1433d32a79a41c8","91080"
"data/derived/paper_v2/final_benchmark/clean/VIVOSDEV07_138_b3af336ea30eaee6_clean.wav","cf845815ce529399b2da84c93bf6dc4296b883de9d7bc011f40347c99ecc0a0f","76080"
"data/derived/paper_v2/final_benchmark/clean/VIVOSDEV07_141_c31d760ae40221f3_clean.wav","ddb9ab0da4545f52cc1db5037139ef2c1ba7cbee7f7d2def5fbdb05d35d74963","110080"
"data/derived/paper_v2/final_benchmark/clean/VIVOSDEV07_151_7f15e5ee43e2f499_clean.wav","b088e79a18a534a54cc8879192cdd51b6fd3b69e4d62e8556b1dbbd003b4e723","64080"
"data/derived/paper_v2/final_benchmark/clean/VIVOSDEV07_192_d2b4a2983e5cc8ad_clean.wav","037cdae8238925a27c8dfa93a683e4f0902ccd9f0a1158f2bc0cb921ffd54867","61080"
"data/derived/paper_v2/final_benchmark/clean/VIVOSDEV07_195_8abc595cfdb0f834_clean.wav","beab38fc2ad43ecf1f0e8f532f3a0eb3f086b000544f330753a2463c56a8f2fc","124080"
"data/derived/paper_v2/final_benchmark/clean/VIVOSDEV07_197_794bf91ea74c2615_clean.wav","b7259d2ccb3007f724109be2ef4baa0f248030e5eeacfa12753d78672ed11f76","130080"
"data/derived/paper_v2/final_benchmark/clean/VIVOSDEV07_209_2359a2f932c5601a_clean.wav","9e6a65ed3e7ebc6841d144e97b02847b8ac99b7a7f0f5c1da4f4a2c17e975224","79080"
"data/derived/paper_v2/final_benchmark/clean/VIVOSDEV07_223_fbfb45d0a249e02f_clean.wav","dc0fb16fd80ad4a8c4c029027864208d4adaceab84f41c5bce67bb236c1b1480","82080"
"data/derived/paper_v2/final_benchmark/clean/VIVOSDEV07_231_83b05a4e96e9306a_clean.wav","9eae43e51252985d91871f29fe43d7bd44c5efbb1bbb62ceaf6cd8393d4b1c2f","82080"
"data/derived/paper_v2/final_benchmark/clean/VIVOSDEV07_236_a09023d316f34c00_clean.wav","0fc23d96b4b80d86ea4a80283734dbbd2890b139f6affd3ed6eb6379033defae","73080"
"data/derived/paper_v2/final_benchmark/clean/VIVOSDEV07_246_0905e9a405e21f9f_clean.wav","859571dd9236b846a3fda9f1016d930ab81f2124a3235870161356b31aa359e7","82080"
"data/derived/paper_v2/final_benchmark/clean/VIVOSDEV07_264_4d5159ee3642d68f_clean.wav","054ecfd72098c71961c3c99adcda87e9ce9b5cb38321dce6d58f7abac407e109","90080"
"data/derived/paper_v2/final_benchmark/clean/VIVOSDEV07_266_c0b409fdbde9ad3b_clean.wav","ddf13a13733c33bffab070032ac3f60bc17045fb9c1d813252441281ab7c2a21","82080"
"data/derived/paper_v2/final_benchmark/clean/VIVOSDEV07_295_4ce17fd365c383d7_clean.wav","f94909c43035eac14da86d47a2920cf24ef743678dae896c18ff6b056ea199fb","120080"
"data/derived/paper_v2/final_benchmark/clean/VIVOSDEV08_005_f7b2195ff9d31e28_clean.wav","ee0dc2209d96810093b6dae2de09c6e0a2248e05f0c8bb0177a5c7ea59ab8afd","109080"
"data/derived/paper_v2/final_benchmark/clean/VIVOSDEV08_014_1acecb76fbaf387c_clean.wav","9ae07e9301521150a8d6ecad6ac427a4450cd0659b9c7acd6bdd0b0b9b47906b","116080"
"data/derived/paper_v2/final_benchmark/clean/VIVOSDEV08_025_037269cc8edea2c7_clean.wav","4f8fd3a74aac6d7282325398d4bd5a44747cd5fe9a9c6f492338022bedd680f2","118080"
"data/derived/paper_v2/final_benchmark/clean/VIVOSDEV08_032_3bb8343b122c8e6a_clean.wav","f782e709467519eef24a77a0e14c9107603da12e536ebb1c0bb4b254189e5c33","166080"
"data/derived/paper_v2/final_benchmark/clean/VIVOSDEV08_053_65028e211e5fd0d3_clean.wav","3dce01b103c1a265f3881ba12fc64827892897f6f17245e51e7112b7852f3e83","133080"
"data/derived/paper_v2/final_benchmark/clean/VIVOSDEV08_057_39fa666d4d8699c2_clean.wav","6448acb3e03b684e534f4f3f8a9f0a6f6d6dffc27adac2f59213403253ce64f3","138080"
"data/derived/paper_v2/final_benchmark/clean/VIVOSDEV08_062_ed20550f796addd2_clean.wav","e94e867fed43568ceefc70ccd0bdad656d2b178072c352b8dd76cf01962aafeb","104080"
"data/derived/paper_v2/final_benchmark/clean/VIVOSDEV08_071_5fa7045990cac508_clean.wav","8b7e3ea4719e5cba6cfca62c35c6025ccd08a2fe7ae7a3f389ab4691ea39d3bd","143080"
"data/derived/paper_v2/final_benchmark/clean/VIVOSDEV08_077_264de407e3d6dba4_clean.wav","9ec609d6fbd1de9b8b6ee8428ce583a224c269510efb7fb60462dfbdc5b93678","96080"
"data/derived/paper_v2/final_benchmark/clean/VIVOSDEV08_090_2351f64aca4f3fc4_clean.wav","620a7857c48fa31b302d6caaaa85234026bf595d6de7bd7e043e1f7a101b392d","76080"
"data/derived/paper_v2/final_benchmark/clean/VIVOSDEV08_129_e78f159f4d103a71_clean.wav","f497ecffbd2f7498db818610d05de175707d412494a9488919327b3131e69302","124080"
"data/derived/paper_v2/final_benchmark/clean/VIVOSDEV08_143_258b8e07beb199e0_clean.wav","8e83e632ded492f51750a32b28e474aef1deb8ec0341540a56f999dc3f88bcdf","98080"
"data/derived/paper_v2/final_benchmark/clean/VIVOSDEV08_145_7aa1cf909b96dd3f_clean.wav","cea72acdd1f395ebc3f88804928c59a2ad39e79f95123f320991d02cc9e2418c","86080"
"data/derived/paper_v2/final_benchmark/clean/VIVOSDEV08_159_f1540f43bbadac13_clean.wav","5398afa328e07a7e1936996a25bcf514106b74fbe89744ca626ab16b2bac15b5","90080"
"data/derived/paper_v2/final_benchmark/clean/VIVOSDEV08_182_95b4fe63bcd2aff7_clean.wav","dd81ec52c4c3dce0a76ef3858425c4f1fb6ab76b1f0ef019ef0e8308699f4c62","108080"
"data/derived/paper_v2/final_benchmark/clean/VIVOSDEV08_193_8dbc049fff43ec4a_clean.wav","5ce2291678457dae99e3b98d26d9f40bb2292c4c5e1d4af67977cedccec79a98","70080"
"data/derived/paper_v2/final_benchmark/clean/VIVOSDEV08_210_3d6dd0830897a27d_clean.wav","ad18c318a93247842f878dd7ae2f9fb614b7f862bc27f4987cf480b986362cf3","76080"
"data/derived/paper_v2/final_benchmark/clean/VIVOSDEV08_233_886225f1fa6bcb56_clean.wav","fb15c624cedf9e69789d00afc5b959ae51402e995b333734ae5dfd038ecb5589","104080"
"data/derived/paper_v2/final_benchmark/clean/VIVOSDEV08_270_0dbbd14dbb00eaf8_clean.wav","aec387149bef96878db850c7d8ccf685fec0d5d4dc5e86dffdd8060848a5d644","60080"
"data/derived/paper_v2/final_benchmark/clean/VIVOSDEV08_277_1bca9e608ddc0581_clean.wav","c00deb18943efaa900f0b60cba569b3a2996812eb7a2054947286a6801e87644","80080"
"data/derived/paper_v2/final_benchmark/clean/VIVOSDEV08_295_4f6df38e6defa7d6_clean.wav","a9c681774ee1d7faf942c0f1b91403b1b953982f2bb92ced431d43e364ee11a3","92080"
"data/derived/paper_v2/final_benchmark/clean/VIVOSDEV08_300_47e532cc87ac326c_clean.wav","458fe34dbc2eb57c516af79763d2d1a1476563bab129f171123151747cc8d21a","96080"
"data/derived/paper_v2/final_benchmark/clean/VIVOSDEV09_029_cabe8908a7a1762f_clean.wav","d97816ff0239db5f58ae5dd6c913952e721b543accdd74211b8699608cac69e2","74080"
"data/derived/paper_v2/final_benchmark/clean/VIVOSDEV09_035_1dbcec694807d09f_clean.wav","6dacdaf47d68d537dd87e1ddeb7fe4f220b6ad3f8c40b94a5502a4cf559e629d","99080"
"data/derived/paper_v2/final_benchmark/clean/VIVOSDEV09_038_01120dbc62914f2c_clean.wav","dc1c4df4b2f73d1a332bc6ba272a49608ea9233eeaeb6d2f7d659c4ee7b04e4d","119080"
"data/derived/paper_v2/final_benchmark/clean/VIVOSDEV09_041_503be327234e4db5_clean.wav","6df9a5c9e4b779e4de05515980782556f59db8eb6e630624c701ae69a6f11f17","100080"
"data/derived/paper_v2/final_benchmark/clean/VIVOSDEV09_081_15bedcf419ceddc6_clean.wav","e36f2a141ede8ab3ae62189c24cbb3b53e77777e83c60e7fa5b3e48da26bc9b6","74080"
"data/derived/paper_v2/final_benchmark/clean/VIVOSDEV09_083_6a8892a1ef1888de_clean.wav","1cbdacf353c23f2f4922414fdd107b5adb6ee70aed2b739aff0d78c48c4a8f9e","78080"
"data/derived/paper_v2/final_benchmark/clean/VIVOSDEV09_091_cb677f29415fd9f2_clean.wav","aed56c8a95b0d28864ae348f9e3f21b6c878d8b3c8937f8c327bea5183d28e77","61080"
"data/derived/paper_v2/final_benchmark/clean/VIVOSDEV09_098_c4d57317cb49018d_clean.wav","a6c4c716d21cd582bcd379ec0886b19e7fde6db824ff681fc1f781faf4cacd65","118080"
"data/derived/paper_v2/final_benchmark/clean/VIVOSDEV09_106_82e3cc152c2c660d_clean.wav","7ad5b693fb7486ae3ddbdf3e2c8668e65c0119e1b023c50d20c883506a2df00b","64080"
"data/derived/paper_v2/final_benchmark/clean/VIVOSDEV09_134_a574bd2e2b554621_clean.wav","6795985ed6f1e5ace89d9ce31c8ae394c107e8f2e83d6e823e126d677f15687d","102080"
"data/derived/paper_v2/final_benchmark/clean/VIVOSDEV09_142_6d355ffb3117a88f_clean.wav","bf8f5bf236ee420a0cae7bc92f44c6eae2ad1154bca57bb6fa467baf87ca0c2d","124080"
"data/derived/paper_v2/final_benchmark/clean/VIVOSDEV09_144_cbe63ae684064b30_clean.wav","c5bd90ec350f060dd4d505b46bb005018b1bda08e10b0818204305d7c8cb9443","126080"
"data/derived/paper_v2/final_benchmark/clean/VIVOSDEV09_159_0c2a9a3ce47d09af_clean.wav","2f326e0e249b8baeaa2d511d5e9c8fd958bd02c46581ebfbd16050272c3fde3e","138080"
"data/derived/paper_v2/final_benchmark/clean/VIVOSDEV09_163_3fa779e5d493264c_clean.wav","f32a226e7da524c0cf58b8b34bcac4fa18df802dfd2cc76c807b8a364f79b1b5","138080"
"data/derived/paper_v2/final_benchmark/clean/VIVOSDEV09_166_190a20cc12451f90_clean.wav","8bbc3ed01f911c504dc2cab956eb4cdfe4f08bb85a5ce627c9b8522cb7ca8da4","136080"
"data/derived/paper_v2/final_benchmark/clean/VIVOSDEV09_168_d15b3adc6dff8e66_clean.wav","da8271d1642c2e0f779fddbe7ac370c444732356a7a4b74b52f0c300a02c99ce","132080"
"data/derived/paper_v2/final_benchmark/clean/VIVOSDEV09_178_1d58471d863bcdc2_clean.wav","3ceb637bbf94a956439dea727ec76a05401b82aa6916e2d4a4439d5e448ca3fb","96080"
"data/derived/paper_v2/final_benchmark/clean/VIVOSDEV09_194_52fdc93c4ecd4a87_clean.wav","7634d1cfd2fdada8435a28fae5385028a1902b0098be3971d73269f7854609f5","105080"
"data/derived/paper_v2/final_benchmark/clean/VIVOSDEV09_198_31e7d1dbe631d304_clean.wav","19993ab39fc8b1285ca778e787fa50703031b5d45617a4b2e9fbea0dff3e15e4","111080"
"data/derived/paper_v2/final_benchmark/clean/VIVOSDEV09_203_07ae056a713898e5_clean.wav","555a4ed206c11bb1a125001b34f343106dbe4eb819baaf249d1dfe332e12e039","88080"
"data/derived/paper_v2/final_benchmark/clean/VIVOSDEV09_246_8206d87a2ceca79d_clean.wav","b949c48306f7481abb96497f0bf2477abc4f8c1fbcc1f70cff0d915cb248bdc6","65080"
"data/derived/paper_v2/final_benchmark/clean/VIVOSDEV09_267_8b6ddfb171b5e949_clean.wav","a0b70103d67f92a2b96d94cc81efee54db29b71ad8755e69d3385996fec8afeb","102080"
"data/derived/paper_v2/final_benchmark/clean/VIVOSDEV09_288_4f1c4e1dfee51783_clean.wav","be9fdea1a01db2a2f068c8f008b4c93ee3f2f2d38f7d49bbb7dda20dee8ce9c4","100080"
"data/derived/paper_v2/final_benchmark/clean/VIVOSDEV10_010_05fd48840bca5ce9_clean.wav","ebe8aaf213f1a609cdf9cd9478438d015ae1bdff92fe3376b572dda5637c2ea6","90080"
"data/derived/paper_v2/final_benchmark/clean/VIVOSDEV10_017_3c0edea348a8a6c3_clean.wav","72641bd14a687542dc2dcd69bc96e40bf05431e630238c0ed20b12a323ca19cb","92080"
"data/derived/paper_v2/final_benchmark/clean/VIVOSDEV10_020_6282cd4c68ca67db_clean.wav","47cea4ee3587f35f74d4f162cd83a43af4ef0788444243b5e37b17313ecb456a","114080"
"data/derived/paper_v2/final_benchmark/clean/VIVOSDEV10_024_de5a478fb2691133_clean.wav","5573b95c8d842a48dcb5f1a056786828fac102dd7d1b4d7a7ed5a06fab18b631","94080"
"data/derived/paper_v2/final_benchmark/clean/VIVOSDEV10_035_3318e07920f8453c_clean.wav","f8b2610dccae33c18170037d449ad514e8d022adfee0346adbb2b7f4e13378cc","82080"
"data/derived/paper_v2/final_benchmark/clean/VIVOSDEV10_043_df5cd2b0574a94e5_clean.wav","793d61ed4ab8f4f34079899094c29160ad4c0704a91571bcfc69a3293ef9cdaa","80080"
"data/derived/paper_v2/final_benchmark/clean/VIVOSDEV10_045_ea450211c6463409_clean.wav","ffbfe079215d0f35bb7ed710e7888f887211f51093f574d57bffbecfaffd7259","137080"
"data/derived/paper_v2/final_benchmark/clean/VIVOSDEV10_067_6a0e0dbf44e42fa0_clean.wav","3bceb5d208707fd9991896cc73a882aed9a016e211c98d1455e299175d5bed24","124080"
"data/derived/paper_v2/final_benchmark/clean/VIVOSDEV10_068_eddcf77bc42dd476_clean.wav","f04e6ad79150a43cb4376241da94373a21b658e29ab9dd04ae6b986ec60b1fd2","138080"
"data/derived/paper_v2/final_benchmark/clean/VIVOSDEV10_072_82fa59c4160d79fb_clean.wav","2f5f60b22859b5484418a2356ba748647d5b88ee90a335becf32140428764ddd","143080"
"data/derived/paper_v2/final_benchmark/clean/VIVOSDEV10_073_ca29bb1a1fb65720_clean.wav","19d7847299b2ead2b01fa7a13a87f818bf7fb79773270159c535699853425527","94080"
"data/derived/paper_v2/final_benchmark/clean/VIVOSDEV10_076_0a24bf8f19e49c2e_clean.wav","f15e90925061745cf52a768dab709560e9d052c6b213cb899bd6a7d923437708","120080"
"data/derived/paper_v2/final_benchmark/clean/VIVOSDEV10_117_ea7aaba199396720_clean.wav","dd94dcbdd4e24992bd75d67ebf3163ad8bee6cb091b4a39dca55893accf83600","44080"
"data/derived/paper_v2/final_benchmark/clean/VIVOSDEV10_140_b78e8cede0eb0e80_clean.wav","a3aa3bee1159bb48938990ad2b81da8a8d7d29cdc632a165552d88dbaab4b1be","201080"
"data/derived/paper_v2/final_benchmark/clean/VIVOSDEV10_162_8fd4d7e4bb122ab3_clean.wav","1f578eae87b0214a69f3c738290a662b6e7270fb7a6a213ecbb8d2d13fef77b7","101080"
"data/derived/paper_v2/final_benchmark/clean/VIVOSDEV10_172_08a3baedd9430ff6_clean.wav","332b1642b31b36122318ddcd26705ae34203906dc7b7a5b91d4a8c57c89eadcf","81080"
"data/derived/paper_v2/final_benchmark/clean/VIVOSDEV10_176_b0974ae49ecf2808_clean.wav","31f349091eedb833407bd78149dc7df25fefc72b791df57e90d6292cfc254ce1","98080"
"data/derived/paper_v2/final_benchmark/clean/VIVOSDEV10_189_465a1898fdfa4f27_clean.wav","f5130a728ad9a97afd35922983f57e594c22798d9b0769e9703b74b05ae00a30","56080"
"data/derived/paper_v2/final_benchmark/clean/VIVOSDEV10_194_df9a83713cfb381e_clean.wav","03c28f9e00d94d604a8331d2242577ffde7c9bc6a59165134c72e259cdafed34","108080"
"data/derived/paper_v2/final_benchmark/clean/VIVOSDEV10_211_8223dbc761fad61c_clean.wav","af35a21a63c750055951107c9c7f4a619c0fa8b4714989b63391443526f8c89f","74080"
"data/derived/paper_v2/final_benchmark/clean/VIVOSDEV10_212_a284d1007ddd96fd_clean.wav","657e37b13a9c86890aa394a93da7dcb7097664cb72bb35c3fb997ea1bc08c43a","64080"
"data/derived/paper_v2/final_benchmark/clean/VIVOSDEV10_227_52190f0aae0fab64_clean.wav","722e2ab19c601dedcaed65b99a71f4f439f6b98f66bb1bf4e985648e8a725934","51080"
"data/derived/paper_v2/final_benchmark/clean/VIVOSDEV10_234_df77282e7100d490_clean.wav","f8e95fd8750f23e5edaf96e9375be19e558778dfb988be994f5bddcf48733547","62080"
"data/derived/paper_v2/final_benchmark/clean/VIVOSDEV10_247_1e45d026b4cfcd5c_clean.wav","7c3127db2c2cb2e21c994b5927ca116ceae07d750a7000df7c7c7145fb75da54","58080"
"data/derived/paper_v2/final_benchmark/clean/VIVOSDEV10_249_bbfbf9a60ab7a6c9_clean.wav","1e7662d5e5fd6f5becc0d28454ce12865c16c5029b6f5dbfcc3489f0abbc4795","69080"
"data/derived/paper_v2/final_benchmark/clean/VIVOSDEV10_278_7ded3d951b04afad_clean.wav","e14f47e5815412ac177206384058e801a4912cc51ccf98c5028c8db7d7f32e4a","78080"
"data/derived/paper_v2/final_benchmark/clean/VIVOSDEV11_022_cadb6f1f596bca70_clean.wav","e31ce7bfa20b997edda009b97d4aefc8b2b7ae2ae287c1b01f273b9a4d92e8e8","88080"
"data/derived/paper_v2/final_benchmark/clean/VIVOSDEV11_046_a6e8a8f8048a4f7f_clean.wav","989129e8bb0fc5c003de940f541b29097aca082081d503a569c254e988fdd52b","123080"
"data/derived/paper_v2/final_benchmark/clean/VIVOSDEV11_057_b446cd8a61cc0ca4_clean.wav","6782da38f8e9d6e242fd265e00ab215a65e375f3819ae002bc8c66f3c2616b24","69080"
"data/derived/paper_v2/final_benchmark/clean/VIVOSDEV11_063_1a9160f367731b13_clean.wav","ea39b5c29f6fa5c3419944e4b202942c33cc8ae5a166ee5a692923f77d853226","88080"
"data/derived/paper_v2/final_benchmark/clean/VIVOSDEV11_076_ff1697c9323634ad_clean.wav","ee5b7324338d211b9033b4980a1c571139df3caec16d78a3fd095874d64bb095","108080"
"data/derived/paper_v2/final_benchmark/clean/VIVOSDEV11_077_449d90a0c3b14f6a_clean.wav","96df7dacc240afc5a49cd35c12d6ab8d0ed11583116372c59c14a6de0e884396","124080"
"data/derived/paper_v2/final_benchmark/clean/VIVOSDEV11_079_04faaf3565291f39_clean.wav","50fb2b2a867103e465b2a37e29e3bdac56a9832d8a417bff9271318c87fa04d3","114080"
"data/derived/paper_v2/final_benchmark/clean/VIVOSDEV11_081_315a33a3e11d0602_clean.wav","952e494ea0dfc790258bcab7009c64e913189a90eed2420f56b362b16c3a94a4","76080"
"data/derived/paper_v2/final_benchmark/clean/VIVOSDEV11_095_b68867f2547a4d78_clean.wav","eced748187d6a38d5bf872914fb0c7a18b9dee4225302e1d568e78b15b91ec16","104080"
"data/derived/paper_v2/final_benchmark/clean/VIVOSDEV11_122_013b5843c3710f6c_clean.wav","6cc1caaf83259c66ddc11bb6b1762e783d94eace4375b6e748964c5537dc3277","60080"
"data/derived/paper_v2/final_benchmark/clean/VIVOSDEV11_123_f91ebc96ba1ee4ef_clean.wav","ccaaac381d8d7da075225d1a364d3ec005b02c62376fa714bdd8e5784ca65e0c","92080"
"data/derived/paper_v2/final_benchmark/clean/VIVOSDEV11_136_5a19df75ebd25665_clean.wav","5aac89d495a371af5a1c2874bb2dbf8b27ae256478fe9c6f6995985191cd7cde","150080"
"data/derived/paper_v2/final_benchmark/clean/VIVOSDEV11_147_ea3f7eff494d44b8_clean.wav","082e291e1f43c0d804742d9e3db9fdf0638dfa6c8a577a1e4c714f5d37576d48","199080"
"data/derived/paper_v2/final_benchmark/clean/VIVOSDEV11_164_fb71f9dc56204896_clean.wav","8da694deb652c2d190164561f8f2926ae9ff3fa2c925b348e43da73e591d8b27","172080"
"data/derived/paper_v2/final_benchmark/clean/VIVOSDEV11_198_8f1afbc0e92bf51f_clean.wav","e885ab314bfd57d082574bf2118f7f5f6e9bb6cdca74b7479831879643b5f9d6","154080"
"data/derived/paper_v2/final_benchmark/clean/VIVOSDEV11_200_917faf8abe37f63c_clean.wav","87eb230961ab20f134779e154aa63e9ec5bef19d94b9b8cd51a782b4ac02eda8","71080"
"data/derived/paper_v2/final_benchmark/clean/VIVOSDEV11_234_36ba5df917df8a91_clean.wav","4100cdf23a60fe96a29b540fb004b8451c0f5eed54dc838c3d05cee89d20805a","98080"
"data/derived/paper_v2/final_benchmark/clean/VIVOSDEV11_246_6cf926e7e084d680_clean.wav","176028c3fb44d07a887982f485f2714bcffc6d4065ed05a3e464279d91c533b8","86080"
"data/derived/paper_v2/final_benchmark/clean/VIVOSDEV11_252_d896b0740bfa0eb3_clean.wav","1032d2593ad249519cb28b8dc503774299799daaeb0056c459b03a269d30f74c","139080"
"data/derived/paper_v2/final_benchmark/clean/VIVOSDEV11_262_693568e1a75dfff8_clean.wav","5378f064eaacdc26e580d175d7953cdd8869f97b899d0dd1e343c6bc5ab808a0","122080"
"data/derived/paper_v2/final_benchmark/clean/VIVOSDEV11_269_2f68b27c584b2ecc_clean.wav","44cd5b8b89b811ffc5d1371667ddfa4165e6f3a8c18c53be16048369bb744839","149080"
"data/derived/paper_v2/final_benchmark/clean/VIVOSDEV11_273_e53fd1128c1ff363_clean.wav","14a24068c17e653683fc65d0240d7d621b93bbefbea593b5a81124fb3f65e37f","86080"
"data/derived/paper_v2/final_benchmark/clean/VIVOSDEV11_274_b6f5d4cc8e1f6012_clean.wav","92d6011a8250da7324276950128cdcfe99ba5928f32e718047ae6e6f4f7fc81c","97080"
"data/derived/paper_v2/final_benchmark/clean/VIVOSDEV11_289_c0d03133b954c7c6_clean.wav","45594e0f6159c6c29e441cb0ae1ad4709dbc3dea8099d7569108c3bdd367c495","155080"
"data/derived/paper_v2/final_benchmark/clean/VIVOSDEV12_006_08e4b95419fb8a4e_clean.wav","4c8ecdcd27e69a43b76a9a6b605e2597d4906160481aa661678bdeab8a10f29a","132080"
"data/derived/paper_v2/final_benchmark/clean/VIVOSDEV12_011_4c46d28ed73d8764_clean.wav","19ba6c264bbd57b048092b02b54ef6489dc84cf585b88689287a979f1c4188ec","105080"
"data/derived/paper_v2/final_benchmark/clean/VIVOSDEV12_015_0b3ab9efc47f5bcf_clean.wav","c7e5d8d46007ce9c0d21db14b8e90e16ced4a9072853cf636538b4e095755f3b","82080"
"data/derived/paper_v2/final_benchmark/clean/VIVOSDEV12_032_496f0ac56bc8b47a_clean.wav","1af44aff8b871ecd2daa65d4979ae79bba671a179d73fd730470cad0285e91ba","137080"
"data/derived/paper_v2/final_benchmark/clean/VIVOSDEV12_056_c95a87a305f3d12c_clean.wav","90d690746406479035452f43e50b8d6bc50fac8d86f6963fe7ae6df90f45f4c6","95080"
"data/derived/paper_v2/final_benchmark/clean/VIVOSDEV12_057_5f9cfc67de1d7708_clean.wav","97fda352f0bc37a57859f0ae9bb75e49f5effb90b1ea0b00f9d2927a5555a899","138080"
"data/derived/paper_v2/final_benchmark/clean/VIVOSDEV12_066_6a94ad76bbbd6b34_clean.wav","daf21dbbf40614abd422605b4ddc5a75eef3e91610601c348a188600f70c541c","108080"
"data/derived/paper_v2/final_benchmark/clean/VIVOSDEV12_068_b33d9fb3e9b0159a_clean.wav","f36f85ccd5d272508ec52d8a237028121daac9586f911755219ef1e6675b244b","100080"
"data/derived/paper_v2/final_benchmark/clean/VIVOSDEV12_079_6a96c4e1d4360a06_clean.wav","398e09e1bbf98d7d35c7f04ca490cf5006740bb0e6eccde55af015c28dbfc7d9","106080"
"data/derived/paper_v2/final_benchmark/clean/VIVOSDEV12_101_bc8cb676d9891d99_clean.wav","e8496b7b5acd35bf95e881b12c951f055144bd18e959b46bf5fdcaea1a8cc446","156080"
"data/derived/paper_v2/final_benchmark/clean/VIVOSDEV12_116_2c951f867ed58191_clean.wav","3d53d63d4f1181763eedc95eae03baafbfa055290457bc556ea4046c6d9aa7f0","91080"
"data/derived/paper_v2/final_benchmark/clean/VIVOSDEV12_132_d8f5ad1fed150c6f_clean.wav","713330b7e5e78dd679d4a6164d732872de57c14c05dcf5d8b0a485ca6976d025","106080"
"data/derived/paper_v2/final_benchmark/clean/VIVOSDEV12_144_ba2248dbb29fceec_clean.wav","945b5d87d04e2422e7d715705ce3b4568853036f1af75ffa5a3c4d8a23e9842e","66080"
"data/derived/paper_v2/final_benchmark/clean/VIVOSDEV12_166_f2f7b8d7495c3e9b_clean.wav","1c5bab8822d60dafa310fa0d3ba0bea7f8a13b193b161c20e5c9902dc7ceb736","86080"
"data/derived/paper_v2/final_benchmark/clean/VIVOSDEV12_169_e9248d4aeedde6ce_clean.wav","b4ec80d131ae2de390bb53231e70ffa5cdd0ab1b88d8e3d62f274034773db6e9","74080"
"data/derived/paper_v2/final_benchmark/clean/VIVOSDEV12_173_73621b4a6735ef02_clean.wav","c49dc98956d4d1419489258983234fcb417684e9ba854dd9471f2e0e5bb96e6d","89080"
"data/derived/paper_v2/final_benchmark/clean/VIVOSDEV12_192_75eff7a2f2edbd11_clean.wav","7cad129271db6a438614ece110efa9f8528cc3497b5bc33a7b089657efbb5907","88080"
"data/derived/paper_v2/final_benchmark/clean/VIVOSDEV12_213_e01a730a46a3aaf5_clean.wav","b4435cef42ba536d92a58d5fd9947cb1176091a2b84a8ea620887e8536a87039","91080"
"data/derived/paper_v2/final_benchmark/clean/VIVOSDEV12_223_f432cabab9ef97f1_clean.wav","52a0d5012ae2523bfac4305757bc46f27ccc5d967cef94732818265bfd429383","90080"
"data/derived/paper_v2/final_benchmark/clean/VIVOSDEV12_232_0f0dc8eccc184372_clean.wav","682a50a5f81b7f580e238729e1266c6c11da623bfc9d4d0c9d00d0d646023293","78080"
"data/derived/paper_v2/final_benchmark/clean/VIVOSDEV12_244_6034de5c9cf471bd_clean.wav","6beac248cd88c4154235d9eb1919d770fad1155fbf749bb2b5b4e307d618b4f9","86080"
"data/derived/paper_v2/final_benchmark/clean/VIVOSDEV12_248_592ba100a9721f88_clean.wav","24a041b22daf9e693e85e35dd032ef72b90f56a5e050a318e61d1ded50d9ff24","148080"
"data/derived/paper_v2/final_benchmark/clean/VIVOSDEV12_280_e191aeae5ef0e3df_clean.wav","047a67917fac7d2cc1fc0711fad84c53cd4a927eee97ea2930ab149e9903f7d4","100080"
"data/derived/paper_v2/final_benchmark/clean/VIVOSDEV12_290_b1643bd011068f90_clean.wav","eb57a5d96a032a05f619c4448fba543c6aca62167fcf83100bc5bacbe5529fe0","120080"
"data/derived/paper_v2/final_benchmark/clean/VIVOSDEV13_019_7dc0a9b616d91929_clean.wav","836d5fcb4008618f568fe2e77310cf47a0429030c650691b23ea9b9c606cf064","132026"
"data/derived/paper_v2/final_benchmark/clean/VIVOSDEV13_026_acaa22faaa96ba2d_clean.wav","5e964c64456c49ab289c575048aa441bcce4ff550f648ec55561ea07963d65a9","134026"
"data/derived/paper_v2/final_benchmark/clean/VIVOSDEV13_058_f3e1aa84096a8f30_clean.wav","0693e99ed2faab86f055aab07470d86019c01c775a99a2c8ce1195db83eb6fb8","139026"
"data/derived/paper_v2/final_benchmark/clean/VIVOSDEV13_061_56fc48bfd4341960_clean.wav","a08e76c8d3de8b58f2cc03be135e283a674965be1234d2d3c249c57b8b255cf9","132026"
"data/derived/paper_v2/final_benchmark/clean/VIVOSDEV13_075_e536c2eb044bc745_clean.wav","319e403988a8f398467eb1516c92976a5e2532e35341af115343dd515448e70a","140026"
"data/derived/paper_v2/final_benchmark/clean/VIVOSDEV13_078_4ecb4951eaf37fe5_clean.wav","93c8328a01675c6385b3093c95f6a8bf813b3487af1c1c4f910a1f3846666482","146026"
"data/derived/paper_v2/final_benchmark/clean/VIVOSDEV13_089_676b228af3647a0e_clean.wav","8984eee1dc8853458a62dea0ade46400cfedfb865afe8770b09643f3b0ee837c","206026"
"data/derived/paper_v2/final_benchmark/clean/VIVOSDEV13_097_4208aa35d783e2d5_clean.wav","a1e428e8cefc56a6480c317864910c891c49d7a9c665730f7c511969e90851d7","236026"
"data/derived/paper_v2/final_benchmark/clean/VIVOSDEV13_105_e92fba639de8d9a7_clean.wav","8e334bfb939ce7c1493174635e5b180a5ae82b50bd83891d17822bb1e464bac2","251026"
"data/derived/paper_v2/final_benchmark/clean/VIVOSDEV13_136_c76af10a8884cbb1_clean.wav","eb0ef9c13ba85c18cc8fe71efd3844b2b9e8fef2a9351b832dfa63f8a4defc6e","136026"
"data/derived/paper_v2/final_benchmark/clean/VIVOSDEV13_137_edeebc5a86c9a9d7_clean.wav","1a9bb091ff32d00b0697ef6c852e925ff9bd0ae2ab4b73d1c13c045657667f14","104026"
"data/derived/paper_v2/final_benchmark/clean/VIVOSDEV13_139_3c1ec9cbf2477d8f_clean.wav","9d69d7b9a7f5de942a2d80a7840362ecbe9a0eacd67fc161f464bf291dc3617e","132026"
"data/derived/paper_v2/final_benchmark/clean/VIVOSDEV13_146_9c7709bf8e33f085_clean.wav","a106c1fe07db7cac9ad907c8ed58738b40abc0cd583aa080aea42ab8b19bed81","164026"
"data/derived/paper_v2/final_benchmark/clean/VIVOSDEV13_147_dc513d171949fa0f_clean.wav","a43db8b2b686812b62b32c9c528f4e366f48150da62daee599f5b3dcc26f03e4","147026"
"data/derived/paper_v2/final_benchmark/clean/VIVOSDEV13_150_385ed122a724f6ca_clean.wav","46c27ed075131ab7b0ce93c5afc63c9119924c9ee7736e0959b89dc92cbf2582","132026"
"data/derived/paper_v2/final_benchmark/clean/VIVOSDEV13_222_3253c25725e89a64_clean.wav","dfe9228c7c683d229dfca0f39a633a4a27b1f42cb1b2b8762a2627b69aefc11a","119026"
"data/derived/paper_v2/final_benchmark/clean/VIVOSDEV13_241_625536b016fc905f_clean.wav","d261fb1daa450ac35a3c5222f398b5803b1bf4cbb31cec52c592d09d3d51b40f","84026"
"data/derived/paper_v2/final_benchmark/clean/VIVOSDEV13_252_f79f88e3c970aa4d_clean.wav","3ec9d0620fa5aae3e669230e7aaef32f9f8cc2e866978e8d102f5765b91ad80c","126026"
"data/derived/paper_v2/final_benchmark/clean/VIVOSDEV13_267_72409a7e7e244232_clean.wav","2293a5fcf52f01ef891da2f809b0761ee9dba22dfc5b7acac90f6fd7e24a98c1","126026"
"data/derived/paper_v2/final_benchmark/clean/VIVOSDEV13_277_e14e5b28a6bed6dc_clean.wav","fdb63b4c3c8f2e7edac7b51fb357989bae08d5eaeff6a91a0b0e293e457457a6","127026"
"data/derived/paper_v2/final_benchmark/clean/VIVOSDEV14_018_a7a267c12b385138_clean.wav","5ee064de3f050025aff85fff19c34b06c4a9ab873afc363f5e54689558ce95c4","100026"
"data/derived/paper_v2/final_benchmark/clean/VIVOSDEV14_022_d7ec282861e880b2_clean.wav","25c6be3726d33867be4ad0090e6b9b414329c2faccf91df7495ccbdbb3f1d0a0","96026"
"data/derived/paper_v2/final_benchmark/clean/VIVOSDEV14_035_dca48e7b8b30fc16_clean.wav","d4ab894f979835611cc885593a647b412cd5a0deb11ba4a1c7ae5f80858899f8","106026"
"data/derived/paper_v2/final_benchmark/clean/VIVOSDEV14_080_401e89f76d9d3c3e_clean.wav","245ec10950bbec34ad4e507e582ac7afee521117a3c69b9bc52731d21ad8222b","132026"
"data/derived/paper_v2/final_benchmark/clean/VIVOSDEV14_085_ce1e54effe3dc7fa_clean.wav","573c73d233cdf6a4abfcc5461b9b4c9ca4efe4a4ec7c8a8d7fe93267c531f6ba","154026"
"data/derived/paper_v2/final_benchmark/clean/VIVOSDEV14_093_1ac0a754ff05658d_clean.wav","aee2cb833465e29d33c42a56dc1d0d035600977d1dbd1e8184a9bbf5baa67e22","140026"
"data/derived/paper_v2/final_benchmark/clean/VIVOSDEV14_104_c6a801dbe85ca997_clean.wav","a2409de81e12ebc7ee497367ac90b9cb1c27387c79b3302d771712f3badc7d15","139026"
"data/derived/paper_v2/final_benchmark/clean/VIVOSDEV14_115_37f5584ecf03f3be_clean.wav","3381c66cc9d0b9acaca173c3c71ae455012cc6e92047a28bacdd1029129f415a","132026"
"data/derived/paper_v2/final_benchmark/clean/VIVOSDEV14_134_d312b976506b0bbf_clean.wav","f4fa232de35f1789aa80ca35a2cf1e4c4b2c29328f076d49880f34002e2533af","124026"
"data/derived/paper_v2/final_benchmark/clean/VIVOSDEV14_151_1cba195b1ac4f373_clean.wav","2a42dcbc2e632018cc56b85d714adf50337b03eb9350cdfabf3aacb6f9b9cc3f","99026"
"data/derived/paper_v2/final_benchmark/clean/VIVOSDEV14_156_f68ac84c96949760_clean.wav","35c7506137ca8db28624b03f67672276ca406e118958b497f5027722805b3e8c","99026"
"data/derived/paper_v2/final_benchmark/clean/VIVOSDEV14_163_f68349d62fd02355_clean.wav","d0a5e6f7ff51c4fa9b8b5485467e7f819bff4055d796d6d1b87fbc0926b30721","100026"
"data/derived/paper_v2/final_benchmark/clean/VIVOSDEV14_186_c835e852d47bad82_clean.wav","4e3d4d86780f34b54b6ddb7007b51987dc1d6e69764d5a639d095af9763a61c6","90026"
"data/derived/paper_v2/final_benchmark/clean/VIVOSDEV14_191_ae8fd6dd9a7902ad_clean.wav","f3d16adfacbaaefdbc21de775474da65f5e79abd109a9b8b264d7c06bad79a1f","144026"
"data/derived/paper_v2/final_benchmark/clean/VIVOSDEV14_194_6d1c0688ce8bd42d_clean.wav","df7380801aef29b7c722d7ed32d7590a9c76d10095c45f91d622e5a7c5306b65","88026"
"data/derived/paper_v2/final_benchmark/clean/VIVOSDEV14_195_4be07d7d6547bfd8_clean.wav","0c6f34fddb19e64ddeeb2b5eca18c3811ec7b71a375a264d49fe2bbedd486db4","174026"
"data/derived/paper_v2/final_benchmark/clean/VIVOSDEV14_225_e0711eb627ed6989_clean.wav","5f330bf6d1a4894d4749160f5ae8bffbbc3f1a1f9cae0af5ac5db387ce42feff","136026"
"data/derived/paper_v2/final_benchmark/clean/VIVOSDEV14_227_801ad4c521b742b6_clean.wav","3e994650e5d3885f242663bbfd44462d8a4676d925a220d6630884cf9083ef49","102026"
"data/derived/paper_v2/final_benchmark/clean/VIVOSDEV14_236_cbad560a71c410ef_clean.wav","2d5d628e2b14474886ce458f4cec7d203643f77267f6cee9f4a678474931b647","98026"
"data/derived/paper_v2/final_benchmark/clean/VIVOSDEV14_256_add3b3f4adc38fcd_clean.wav","f04d5cceb5d0f1a6b0832790d5d6f6327d8b6f76539e98ee91c1ca7142e30212","124026"
"data/derived/paper_v2/final_benchmark/clean/VIVOSDEV14_280_22b1c613a5ef2c60_clean.wav","2c0b300fc162082668156820ca8c42c71cf3dc268a392a9c731bc2cebbeb77f5","96026"
"data/derived/paper_v2/final_benchmark/clean/VIVOSDEV14_283_efc579ae334ef14c_clean.wav","6797b453b5af1eb987742a3df0bab65225258fb402af844488a9c2247ee78f16","125026"
"data/derived/paper_v2/final_benchmark/clean/VIVOSDEV14_286_dc9508056ccc988e_clean.wav","851254ea28e0017e08b7841adc3b740d7816e96dc4244ae8f2120343c9ffba55","93026"
"data/derived/paper_v2/final_benchmark/clean/VIVOSDEV14_289_a9e35eab11cb66aa_clean.wav","a642177543e6b0d73763ed44f7ff4ccfc8e694242177a3e2c9feb2e4c11d56d5","118026"
"data/derived/paper_v2/final_benchmark/clean/VIVOSDEV14_291_7fe4e17effebe269_clean.wav","785e723107d9c338b13043b71b567b16acfa03c49b294731b8fb6c982597a57a","114026"
"data/derived/paper_v2/final_benchmark/clean/VIVOSDEV14_294_1a0078de6bfa79ce_clean.wav","b37a713aa7a61e2810337d7e0ccac3663dd211087644f546acc5db0bc12167cd","106026"
"data/derived/paper_v2/final_benchmark/clean/VIVOSDEV15_014_c3e9e6df27ea665b_clean.wav","3789c310904253f3a24e959ab20d62bdb4305aae576e5c63de3f6a07ce5477e7","124026"
"data/derived/paper_v2/final_benchmark/clean/VIVOSDEV15_020_472babe113851fbd_clean.wav","96b4db22561b64aec25b0a65b94c724a85b0c95a120f6e82c49a02eb6b762e34","91026"
"data/derived/paper_v2/final_benchmark/clean/VIVOSDEV15_021_3bba5b9f8137393f_clean.wav","6670b3df8044663bd7a716c7bc048e8a7b4a82bc97e9b764d8e287e6aa0dc0b2","110026"
"data/derived/paper_v2/final_benchmark/clean/VIVOSDEV15_026_03efce3dee466c12_clean.wav","8d5806fdf19ed8d5e877cb4715a64946b9ce26b9791235cbdc8cb9f986119a34","110026"
"data/derived/paper_v2/final_benchmark/clean/VIVOSDEV15_037_791e87a2ba2a0203_clean.wav","11d5d6b9d3f3b8d7efd715e635f0b12e7b3eaff54fe8298963c51a967f0df77e","117026"
"data/derived/paper_v2/final_benchmark/clean/VIVOSDEV15_038_855b579c865cf8c4_clean.wav","2fca43f339e5567d637c12a25bd3ef76538be1cd3d6e5c5304c2087863d423f0","138026"
"data/derived/paper_v2/final_benchmark/clean/VIVOSDEV15_050_be283f93c2a94605_clean.wav","dc5ca41b9b67aded50d965f8d7c56b5212cf1e7b5e77add9636f1bcf70fa7180","138026"
"data/derived/paper_v2/final_benchmark/clean/VIVOSDEV15_062_3649c2d5b9c221b1_clean.wav","1a6bf9e8d1aeec6cf265c6cd5dd23fec03ed7a5380f1295c73a95dcf84773fb7","129026"
"data/derived/paper_v2/final_benchmark/clean/VIVOSDEV15_066_ff2d84e4cda822c9_clean.wav","869ee9318f841a69496ccbcbf8861ba3d7fcc5d73163262478fef4535214bbbf","140026"
"data/derived/paper_v2/final_benchmark/clean/VIVOSDEV15_092_b45ecf35bf2609d5_clean.wav","66c7daa2659f2eda6ed5593a66e140db20d9edeb66bfc31f160a43f1137a1871","140026"
"data/derived/paper_v2/final_benchmark/clean/VIVOSDEV15_109_2373fa1de6bede8c_clean.wav","4c2a6fb3404db089d2c5da626114496f8557d52266cc9074d21c825f2ffae6a1","97026"
"data/derived/paper_v2/final_benchmark/clean/VIVOSDEV15_111_96ff547a951dc948_clean.wav","811080b0ec6452df82aff43a389e6011f200a4f83427ba191ccb0768ede839f1","109026"
"data/derived/paper_v2/final_benchmark/clean/VIVOSDEV15_154_2f19ee0c69ef7f17_clean.wav","f23a4a1a154e2b3d873157f87ec5cf062a3d8a934caf1527a513741d284434f0","120026"
"data/derived/paper_v2/final_benchmark/clean/VIVOSDEV15_168_dc4082e512b32df3_clean.wav","32aa3e28aa2adab545a12f17fd5688f55ba0a31d508b36f6eddb90636da1cd9c","178026"
"data/derived/paper_v2/final_benchmark/clean/VIVOSDEV15_180_07d11bb94951a332_clean.wav","84a66976a123a4f1a705a9c1b9f61da985b4e50d5cfaad39939c75ade1fb43df","131026"
"data/derived/paper_v2/final_benchmark/clean/VIVOSDEV15_198_82e51b6e668d1032_clean.wav","7d261f350d2d8769f2c2d0665a7499e267d7a6a6c73e7f098da16bf1092e2552","156026"
"data/derived/paper_v2/final_benchmark/clean/VIVOSDEV15_203_0413c12726864eb1_clean.wav","b459a685a4c11a6439e752197cc8416fd95fb27127c810487347590288e29ff7","134026"
"data/derived/paper_v2/final_benchmark/clean/VIVOSDEV15_204_35ee71cd46d1d367_clean.wav","2c1c65d6b714eac043a7517b33c18c5ddbc614230e3634f8c1c3a29e72ff3406","139026"
"data/derived/paper_v2/final_benchmark/clean/VIVOSDEV15_216_a0eed7eea456cff5_clean.wav","2b9e31ec1ef144a0398eb203d49f1053877c1ffbe7c9492f21b65f9605fd15fe","104026"
"data/derived/paper_v2/final_benchmark/clean/VIVOSDEV15_220_92670eb975d3f023_clean.wav","544de3c325d73b1b2dc42c9a68b8fac61a0160902b8b3f784c4793fabfe143df","120026"
"data/derived/paper_v2/final_benchmark/clean/VIVOSDEV15_267_5ff7ee73fbf23928_clean.wav","cf0a047860210556c664c7dcf634482b2a460d1e2651afa467b4b5054ee3747f","112026"
"data/derived/paper_v2/final_benchmark/clean/VIVOSDEV15_271_4db556829b304471_clean.wav","3e40f52ab6c5e12d3b970e03373d2684434e900309a64a97a88f14ac756ead17","147026"
"data/derived/paper_v2/final_benchmark/clean/VIVOSDEV15_299_e533109fc2810a4e_clean.wav","bc8955a85f6c42ce0dbba341c4cb1501a01a4f60b3e330ba401affc474acf543","124026"
"data/derived/paper_v2/final_benchmark/clean/VIVOSDEV16_049_c3f0fe90610fe74e_clean.wav","ac3ae7c32ee1ed0159c7ec1bc38c711af3d871deaddc91289d12d2e16e24c6ff","194026"
"data/derived/paper_v2/final_benchmark/clean/VIVOSDEV16_050_166d529129a3c953_clean.wav","180133c239f485471bc07d68f8802f5773e72e074cb28710eb59c6c2e845f52e","120026"
"data/derived/paper_v2/final_benchmark/clean/VIVOSDEV16_051_554978033a53adfa_clean.wav","9687bdaecef02b3b44dc5e12b76d164ceedc6b558b351ab69558d2a3b13734be","134026"
"data/derived/paper_v2/final_benchmark/clean/VIVOSDEV16_068_04344be8e1239836_clean.wav","22303350283083b39843982e7b496f2223a9aaa5e05c27c92d86a00dbd6f4549","136026"
"data/derived/paper_v2/final_benchmark/clean/VIVOSDEV16_074_b932dcbe6fb22eef_clean.wav","2acaae9a0401ab7a9efd828affbdcb9d19ca23f96c19b320a5cb981efe2653bf","128026"
"data/derived/paper_v2/final_benchmark/clean/VIVOSDEV16_112_0785c98e687f6ea7_clean.wav","b812da028e267896e6fcec8d8f6dfd7d60a769373f936c93cd5dcf7b54df339a","122026"
"data/derived/paper_v2/final_benchmark/clean/VIVOSDEV16_149_8e1c93ed056a6401_clean.wav","ce40231bfce283dab1faae3e729529e6d8444ab416cda71b2554832da8bb297f","140026"
"data/derived/paper_v2/final_benchmark/clean/VIVOSDEV16_154_c6e5f5e4fb27a84f_clean.wav","8fe97aaf7627066e00fa58af952861f5ef7d36d364ce6cac2dc0cef265210afa","127026"
"data/derived/paper_v2/final_benchmark/clean/VIVOSDEV16_168_a97b36c616c7ad93_clean.wav","10ca96af8fdd0d43823a785b2694e8492820d4a0ee6d72a6fecfd733919c5c29","130026"
"data/derived/paper_v2/final_benchmark/clean/VIVOSDEV16_173_8aeffd6b17558c35_clean.wav","4c72cd4dc8bb9049cb212e64be3ead1eed4215cb1d8c9f477229d443072b1196","140026"
"data/derived/paper_v2/final_benchmark/clean/VIVOSDEV16_175_ed17741cfdc8eeda_clean.wav","23ab471dbc8e050bbce6ef40f2cdb71696c8969e68cc2f1c81fb406d81f66715","122026"
"data/derived/paper_v2/final_benchmark/clean/VIVOSDEV16_177_c27f60d1d6d744b5_clean.wav","c5569e8656bfe743067b5c44e35967d529cc1249f1cca9e4553798f1c76b428c","168026"
"data/derived/paper_v2/final_benchmark/clean/VIVOSDEV16_197_109d771e7c54a05d_clean.wav","177712ac33edf1979657113046255baaa7547a4a95cde5a538d1351a71a6649f","146026"
"data/derived/paper_v2/final_benchmark/clean/VIVOSDEV16_198_7add5eff3d0df734_clean.wav","1282500706944e7e784a0a6ae84c0a5a09e5a5207e9a0d13c5c45b007d7b01d6","166026"
"data/derived/paper_v2/final_benchmark/clean/VIVOSDEV16_203_9c8c306bedb518d8_clean.wav","f2f35c241f07ed292a8b5e2db169993a3acb67cc930c0947ee36ee48f6b53e66","123026"
"data/derived/paper_v2/final_benchmark/clean/VIVOSDEV16_233_81dd97ae35779853_clean.wav","7440bbfdf3b2f9ed7664774428910588b32b3bdd0fb45049555ac7d5bb0705bc","174026"
"data/derived/paper_v2/final_benchmark/clean/VIVOSDEV16_247_5fcc9f24c0ce338e_clean.wav","97da646a8f216857e1d1ebd72dbcf500a1cc1505b9d0e66c11591e55d4031d8d","166026"
"data/derived/paper_v2/final_benchmark/clean/VIVOSDEV16_267_351717254fcb4bf2_clean.wav","cd2f3963a9f87b1f4351510087880b9044561f248c14b089ed2c90de559ac9a7","160026"
"data/derived/paper_v2/final_benchmark/clean/VIVOSDEV16_279_993ff8a4ef6448c0_clean.wav","c0803765fec6729fc6ee27911b99db5ec6be6809c76cb7339174a3fe068cded5","134026"
"data/derived/paper_v2/final_benchmark/clean/VIVOSDEV16_298_71dda9aa6747e5ab_clean.wav","844b2738c57fe4319b218ad892c563221f36d54cc7e4f62060f473a879cb6440","168026"
"data/derived/paper_v2/final_benchmark/clean/VIVOSDEV17_011_cba3c30e0b75f2fe_clean.wav","774e8b61eb1e1b6f75063efc9a051be28650c6a10b6d41b8e73fd107ecaef45f","130026"
"data/derived/paper_v2/final_benchmark/clean/VIVOSDEV17_024_013aa9ca64b6dcce_clean.wav","75761b221ce22430993f5949ffc6bbab9d773ad2eb5532674fcb8bd485b6f8c9","183026"
"data/derived/paper_v2/final_benchmark/clean/VIVOSDEV17_032_25c3c01116391bff_clean.wav","e90fd004605e7f2276ee6549329673fcf9b156e6d4905c9eaf2c6a511fb64a00","139026"
"data/derived/paper_v2/final_benchmark/clean/VIVOSDEV17_043_00aa0129ff8bbea5_clean.wav","4b79320511fd093b6591e30f3d88cd8e169e0e1bcb1efa4b1932a09da55cb1fb","116026"
"data/derived/paper_v2/final_benchmark/clean/VIVOSDEV17_048_18f6c3087e88e9f4_clean.wav","30f59b5ef104728f3a1a8d181e2f50330674ce507ea8395551d8cb36add40870","120026"
"data/derived/paper_v2/final_benchmark/clean/VIVOSDEV17_060_aab6dd6ef6b33506_clean.wav","5b9705accf83abd484e0643eeb9d5fbe2a330bebe8ebae70b2d60132e885af5f","111026"
"data/derived/paper_v2/final_benchmark/clean/VIVOSDEV17_062_50b8059517a4991d_clean.wav","6533492d055585007e638cdb5e4e6d20527f82c99e3aaa04e5674ecd9e1ec33c","115026"
"data/derived/paper_v2/final_benchmark/clean/VIVOSDEV17_077_c57643bbbae981bf_clean.wav","ae345e8ce891ada09217273d8451f47956195991070a7992a61b990654b2f769","136026"
"data/derived/paper_v2/final_benchmark/clean/VIVOSDEV17_090_2170204c08584175_clean.wav","bbd939581212f25313db0b1dbfae4e26eabad26f33593b634b60b19c65a979c2","113026"
"data/derived/paper_v2/final_benchmark/clean/VIVOSDEV17_099_85d980bf12be0cc5_clean.wav","6369a29d29e7ebee97911ad6d3a9308383719a58cfc6a0b2d0bef1bf19089946","147026"
"data/derived/paper_v2/final_benchmark/clean/VIVOSDEV17_109_fbbabdf269e6b1f2_clean.wav","b54e9bae9b504da309bdecf909ce468cf555594f9d732ef06ca3f62bf1af69fc","122026"
"data/derived/paper_v2/final_benchmark/clean/VIVOSDEV17_114_32d175e76877382b_clean.wav","8f23e111a2fed47e7f35904675d9e8636c450f6b3a6c9f5135656ab367ba7747","108026"
"data/derived/paper_v2/final_benchmark/clean/VIVOSDEV17_120_d52376a5b4497a81_clean.wav","e5238363db53e665cd12cad1f691a34d54aa07424f935c184280510a276cde67","121026"
"data/derived/paper_v2/final_benchmark/clean/VIVOSDEV17_133_4a9a149704edfed6_clean.wav","75699d816f3716794d3a68b81a10f8c2021f15157013f649e2e415f618bb51bf","116026"
"data/derived/paper_v2/final_benchmark/clean/VIVOSDEV17_147_2a74c50097720d20_clean.wav","0f598890e594427c37cbb4df36764a615170412558a66d97bc30eb8499d8abb8","118026"
"data/derived/paper_v2/final_benchmark/clean/VIVOSDEV17_181_12974f27983d2be6_clean.wav","aa8470343d0f5a9a602cb4cdc1f7519891bf56da1be07058135d78539e64670c","124026"
"data/derived/paper_v2/final_benchmark/clean/VIVOSDEV17_189_dd2f2e3ccbf3dc37_clean.wav","7c1e731df809ad2414180cf4beb089e55ec3d45063a416f4975b950f2f2d828c","160026"
"data/derived/paper_v2/final_benchmark/clean/VIVOSDEV17_192_af3e320fdbf78c55_clean.wav","14c9a74a6e9c75000fcd8cb6516a1c4c95905d5550f20baf46ac768453fba2c2","130026"
"data/derived/paper_v2/final_benchmark/clean/VIVOSDEV17_204_c19ef22a4dd512cb_clean.wav","1c6199a7138a4b4076588634075fc6f4b90395136f0b3194f8631c9de3cd0a25","148026"
"data/derived/paper_v2/final_benchmark/clean/VIVOSDEV17_208_4b3391290b299ffc_clean.wav","d49a3796c08661c83823e0f5bf306a1020dffdbf284bbad02f65fdd2ba6e036f","164026"
"data/derived/paper_v2/final_benchmark/clean/VIVOSDEV17_217_90a7b20d0a69322b_clean.wav","17ac8cd88d8e32cae21814f304ee577f02d7208f8b277282a8ee7cb7b9ac8e56","190026"
"data/derived/paper_v2/final_benchmark/clean/VIVOSDEV17_241_96a9bfcd8951b27d_clean.wav","dd6b37830c600989b625cea7ff7685c3b37cd046474abf80658a2c297da1d858","125026"
"data/derived/paper_v2/final_benchmark/clean/VIVOSDEV17_254_616ce6dc8c944437_clean.wav","e0411b433cdcf7dfc526544d86d66b4db7e8702af230ae37147e3b9e630df2c7","154026"
"data/derived/paper_v2/final_benchmark/clean/VIVOSDEV17_271_2e3fbaad6744e8d2_clean.wav","82443e5ddcac5a1ddd2ab51f4a2c3c629176312936d3f0429227b4195c51289a","175026"
"data/derived/paper_v2/final_benchmark/clean/VIVOSDEV17_285_f8c6d6efc5c8b5a1_clean.wav","a0a993170e306751546ff0473811a9b33d944f2f87819d4ca03687739f845407","136026"
"data/derived/paper_v2/final_benchmark/clean/VIVOSDEV17_288_67ee185a3d9565d5_clean.wav","a09f243cdcaa5076387307115744008ecd9e49f6b19812252bbf82963cfeae43","169026"
"data/derived/paper_v2/final_benchmark/clean/VIVOSDEV17_299_e25e4e2668683ea1_clean.wav","e6425349f7f1107d09d3072a7c1037db8f4c9ec61c5bff8c5a097294157a7469","116026"
"data/derived/paper_v2/final_benchmark/clean/VIVOSDEV18_006_4e031e03c4c27782_clean.wav","196b686d5524f7b4638a916524ec89cd46e96397aa1088c236c479be7bb9bfce","104026"
"data/derived/paper_v2/final_benchmark/clean/VIVOSDEV18_012_f82f01b2465ab168_clean.wav","9e946b84dd43d1f80d0ee788addb7f3c560e2a3e92a09400b82ce326d15bd098","83026"
"data/derived/paper_v2/final_benchmark/clean/VIVOSDEV18_017_8be4454dcb50c155_clean.wav","d59703e724e0a828aafb97aa6f384cb9a393517beb6b452b6bf766ea70cf6528","90026"
"data/derived/paper_v2/final_benchmark/clean/VIVOSDEV18_060_179c6909b41d2716_clean.wav","164cf3f39439ee0e2259e0d03358d57ccb9c7c3a76e9ca9a756ecc0bf8e8de76","75026"
"data/derived/paper_v2/final_benchmark/clean/VIVOSDEV18_064_3f042dacc3286a67_clean.wav","d0bc3c361344d3bb65c9509f52a0a42386ee2f025a4766fcbf7addb18e8877e1","93026"
"data/derived/paper_v2/final_benchmark/clean/VIVOSDEV18_065_d52ca343aa3bb1d7_clean.wav","b853401fab5f7432364a32b19e81c11e1ef5272737e0863ac51cab4d4258e243","75026"
"data/derived/paper_v2/final_benchmark/clean/VIVOSDEV18_118_df99b64f05bd1c14_clean.wav","e10ff5fddb4473c43306e28a60250da3fe4812565f7828befcc29a4e1cc52088","116026"
"data/derived/paper_v2/final_benchmark/clean/VIVOSDEV18_120_4080e407b0565719_clean.wav","df10c1500ded81fcc7625d4461ae30bf66b762ccee19e57f3a3bb3cd89cbd1e3","78026"
"data/derived/paper_v2/final_benchmark/clean/VIVOSDEV18_155_9a3e19f16610b3fd_clean.wav","bfd61327dfe3a3ba86c783538db8d041c778109abcb3388b9081c610e3eb4f2a","126026"
"data/derived/paper_v2/final_benchmark/clean/VIVOSDEV18_191_c134bcacea19ddd2_clean.wav","fb6d1a4b50d8467834f14726d6e539dbc43e769489378a7e0f8317055ada4b0f","128026"
"data/derived/paper_v2/final_benchmark/clean/VIVOSDEV18_194_ce12ca67a94c7c6f_clean.wav","f77ac056dc742528ee8097f968012526737a95c21c18ef9895ec1f59b6f279c5","111026"
"data/derived/paper_v2/final_benchmark/clean/VIVOSDEV18_199_e1787dae6ccb4b04_clean.wav","078c7dcacf1056a39e61cb551ef4e89b91a799f0bc99dc376c0f72c78488771c","93026"
"data/derived/paper_v2/final_benchmark/clean/VIVOSDEV18_214_73278abc3325dc9d_clean.wav","ede12ebd74b79175308931a18fa0dc0aa25973ca4572c0f81147e9b4385440c6","120026"
"data/derived/paper_v2/final_benchmark/clean/VIVOSDEV18_250_ecb09f728b5ef008_clean.wav","6a88e0c57af7023ce97816372d35f8727e1fba0f06a6c951f89c2f065df57241","145026"
"data/derived/paper_v2/final_benchmark/clean/VIVOSDEV18_252_2c514940c4192e18_clean.wav","86d7da645b7b2a94951f760fbcde916d21f8888bddda919c8a6ea6d63d56b10e","101026"
"data/derived/paper_v2/final_benchmark/clean/VIVOSDEV18_263_2fa15b3e743de6f6_clean.wav","694b2cdc3d589f56a980bdea10e4e0eb7eabeefb435a946b1d8a63c190d74b3e","108026"
"data/derived/paper_v2/final_benchmark/clean/VIVOSDEV18_273_7dc21aca8145a457_clean.wav","8449d52c6f994e34a1bb927ed5c3f9024daa9e970b54eb32323735efc81bd649","107026"
"data/derived/paper_v2/final_benchmark/clean/VIVOSDEV18_279_194d89056e066d57_clean.wav","718134a2a8e91c157e7132635d3ceb09b2fb111773a81b1d47d6a16c4c2cc9cb","131026"
"data/derived/paper_v2/final_benchmark/clean/VIVOSDEV18_280_c5781ae066bc728b_clean.wav","ef87885a2078de9ee199441e187b89f4b042d13bac66dfa9077f3632f431d363","94026"
"data/derived/paper_v2/final_benchmark/clean/VIVOSDEV18_293_0bd8fa8b0f3d8168_clean.wav","6e94b280fe1771ff97bda3243464fe83667111bfd6967245b8e064157662f546","79026"
"data/derived/paper_v2/final_benchmark/clean/VIVOSDEV19_008_8cd45b84a48f61f8_clean.wav","da0a055704cbb025c719cfdbd1e779aadd157ed44fb921b6874767fa3146d205","154026"
"data/derived/paper_v2/final_benchmark/clean/VIVOSDEV19_020_304bbf5f2d6121c2_clean.wav","f9b9ad9db26f955482f6d0288ab71cd56b58cccda04ee2d4fae88249b8d48c78","150026"
"data/derived/paper_v2/final_benchmark/clean/VIVOSDEV19_022_78e90914097b013f_clean.wav","b2b5cf43c1a8855f71d4aba4fa5828945d1a1cad15a5976cc22e978e78e80e4d","158026"
"data/derived/paper_v2/final_benchmark/clean/VIVOSDEV19_024_37166e91c63f9e7e_clean.wav","2d465561aab9816dd028898132d69f9523e54a8acb02de562b56cb96ed96d07b","125026"
"data/derived/paper_v2/final_benchmark/clean/VIVOSDEV19_027_4c8fafde77a410ed_clean.wav","1857e39caa452534b429924a70433b5b42550d4f683dc8576618ef008ebf9e7c","128026"
"data/derived/paper_v2/final_benchmark/clean/VIVOSDEV19_029_419181efdac5f405_clean.wav","11a14ec8fa87dda9b3ed9698e74ba3df3caea9a5bfcb2677ef120fc986bd3a9b","95026"
"data/derived/paper_v2/final_benchmark/clean/VIVOSDEV19_045_417cc15505dc7849_clean.wav","0e9ef6e52f83fae448ff55df69c17c56af586d83a2033350b9f2a78f2115fb98","134026"
"data/derived/paper_v2/final_benchmark/clean/VIVOSDEV19_061_97d645b0687ed20e_clean.wav","0ffc208e288aef6b9bc987796112d5a6e96365618861da8a30a1843c2f321409","130026"
"data/derived/paper_v2/final_benchmark/clean/VIVOSDEV19_064_3cafb4225948a045_clean.wav","dd686f3e75716281d1c026b551f0aaf460669f9b33268678cae06a804f2a4e86","212026"
"data/derived/paper_v2/final_benchmark/clean/VIVOSDEV19_072_f5bb21c9908b3790_clean.wav","1097d78f897534730f7892c479bf6769c7c99a4b52437048b477800d9b4612ae","108026"
"data/derived/paper_v2/final_benchmark/clean/VIVOSDEV19_083_b05311ff96ed5ad7_clean.wav","e5fd174ead2e365df337b9904c9b04515eff7fa8fdc29eeb796a4512540c9f25","184026"
"data/derived/paper_v2/final_benchmark/clean/VIVOSDEV19_111_923c3c6372abd9d8_clean.wav","3f0cc0babfcad4ed28080b54cf09562a878360eeb287a5cc655cdf6977082f73","142026"
"data/derived/paper_v2/final_benchmark/clean/VIVOSDEV19_133_2b1ec29ee3dc741d_clean.wav","62e6b3721759418e5abbc36644b3897c73e207c8b49a81117ef4e7567d1a34d6","138026"
"data/derived/paper_v2/final_benchmark/clean/VIVOSDEV19_161_f9751732f799a622_clean.wav","677b0ac3361abcb966b011aa94ce88ef4b18bb901a0643c6a4f5bf7450c645ed","184026"
"data/derived/paper_v2/final_benchmark/clean/VIVOSDEV19_163_fb4b7706ed2059ed_clean.wav","fa636b02f78a1a502ae6f212f7b3b14108700f25760a12a211572c642422e9a0","140026"
"data/derived/paper_v2/final_benchmark/clean/VIVOSDEV19_169_58b8bf7d19b3c3e3_clean.wav","01f88eced5e82e5672b1c97346d346471623584f00d9332da7c2994b2468d8b0","130026"
"data/derived/paper_v2/final_benchmark/clean/VIVOSDEV19_179_5e8ecc490009703e_clean.wav","cee913fffac1376a901e8456c27177ba828f7ec2d0a84ccd5e514f6e720387cf","141026"
"data/derived/paper_v2/final_benchmark/clean/VIVOSDEV19_196_782d1a0eeeec4487_clean.wav","d29873a2d33b9f345582bcb3389b20ff5425d8e80e052fa6a5cb6d6501947d7f","183026"
"data/derived/paper_v2/final_benchmark/clean/VIVOSDEV19_218_db387f3a8b1fecb2_clean.wav","d0527ac51f993b67d74e02049c07a19cda50defabad724d33f1488f6e48c290d","170026"
"data/derived/paper_v2/final_benchmark/clean/VIVOSDEV19_244_527f3a7b7f7ebd6e_clean.wav","343ec05818f41f030d92033ac10663bb5eeca2c2d1b6c2a62e7d33f203e1bbd5","134026"
"data/derived/paper_v2/final_benchmark/clean/VIVOSDEV19_245_3ec82c5773f2d4f8_clean.wav","96658c2bc8c994d70f3e9a3c7d81bac55dae486dc25431e9db073ce5821e23bd","140026"
"data/derived/paper_v2/final_benchmark/clean/VIVOSDEV19_246_ad15e226486de5ee_clean.wav","ac5e0535cc63a04e424e190099d5efd38eaa37ab192a0b0918346ec82d178d14","163026"
"data/derived/paper_v2/final_benchmark/clean/VIVOSDEV19_249_87952857a3ae4bd0_clean.wav","0ebf0fdf15c4478ecd276e019f6a4c9c295d30ae191cfd237cd64f494fdc834a","144026"
"data/derived/paper_v2/final_benchmark/clean/VIVOSDEV19_259_830019d3c3f7fcac_clean.wav","3e9e58030cfbdad35b51f8d24ff7c50f7f5814d614c46714a80b5b088f73c9d1","134026"
"data/derived/paper_v2/final_benchmark/clean/VIVOSDEV19_262_a971a401b7bbdd11_clean.wav","7bca76a1daa1989cd6bdbff8d21b49370508ea84aa1735ded811ba0178e67e90","149026"
"data/derived/paper_v2/final_benchmark/clean/VIVOSDEV19_266_09eb311490973a0a_clean.wav","beb4d90ddc2af645b328eafe40b885228270fcd137f3c2501c2121ce1bad8b24","128026"
"data/derived/paper_v2/final_benchmark/clean/VIVOSDEV19_274_8b09f10a8b2e79b7_clean.wav","7fb476ef312547156c06a6490f8686ce9162bac7eac45cd387f8859576df96dd","117026"
"data/derived/paper_v2/final_benchmark/snr_0/VIVOSDEV01_R002_fd79213af6ecaf8e_snr0.wav","31dd5a21919f050f594375db69d7a5cc00ae858ee03d702728c464d0798f3a3a","130044"
"data/derived/paper_v2/final_benchmark/snr_0/VIVOSDEV01_R003_c4e6d5c4be31e074_snr0.wav","5dfd774a5004e060264d78245cb247c25c1cf08f7d5f9bc786c8df6f4a0a4e84","118044"
"data/derived/paper_v2/final_benchmark/snr_0/VIVOSDEV01_R027_78719e3bc456f14b_snr0.wav","8b81f551494f0e66549c575a03bd032d9c3292f5a023696efd9312377114d906","151044"
"data/derived/paper_v2/final_benchmark/snr_0/VIVOSDEV01_R028_ccd185159bc28ce8_snr0.wav","e2b95dffc154d79e207630350540e83e1c0e31b23454ba86de0e8f156439bfe0","146044"
"data/derived/paper_v2/final_benchmark/snr_0/VIVOSDEV01_R043_726b67c80bac9c86_snr0.wav","931bedaff9ac1c35897b48b4cd39683bc28e6d0f97fa64205d3dee676485c9a4","108044"
"data/derived/paper_v2/final_benchmark/snr_0/VIVOSDEV01_R044_f8955691ae5b97c3_snr0.wav","51e1744d121b01f9ae88cec6bf6809e46bc2a4bb6a31af1207cee3c2c5cc68d0","167044"
"data/derived/paper_v2/final_benchmark/snr_0/VIVOSDEV01_R069_36bac528212d14d6_snr0.wav","ca4c60e8dfc6f395ca1c22b9873f0115e71bf8a5478a22a59745f791f65e9dc5","70044"
"data/derived/paper_v2/final_benchmark/snr_0/VIVOSDEV01_R071_a128878140880cc6_snr0.wav","e27407b9473e388cbb93103a54cb45c4b208c6dd07490de07f3f2eca0a917d78","146044"
"data/derived/paper_v2/final_benchmark/snr_0/VIVOSDEV01_R099_1585768c81fde7b7_snr0.wav","fde6ee595aebd7b7ec259acd4313804a6f89cffd7ed21f8a128afabbcb2f561b","124044"
"data/derived/paper_v2/final_benchmark/snr_0/VIVOSDEV01_R108_2c4eced1d335b6bd_snr0.wav","50e92d313cef69068d2c0de8ced633ce998e31283f476b95ecb69a2dc71e0b78","110044"
"data/derived/paper_v2/final_benchmark/snr_0/VIVOSDEV01_R117_3ab905ca79044c34_snr0.wav","e33b8955554c9c6d0c33a2a38a36ec9fcbe9334d0804e78ca383eae0c6d9951f","88044"
"data/derived/paper_v2/final_benchmark/snr_0/VIVOSDEV01_R130_85b2f49368b24da2_snr0.wav","c0ccca5f8f349a9f1e7da737ee7af329cba5b2ff0e8642a43e0b47b535994806","119044"
"data/derived/paper_v2/final_benchmark/snr_0/VIVOSDEV01_R139_c0cfbdeb8f7df393_snr0.wav","2d7c2432b16ee3eb904218d1f96d29216396977db8f83784d162535009860b87","102044"
"data/derived/paper_v2/final_benchmark/snr_0/VIVOSDEV01_R150_02177c41204babc3_snr0.wav","0f9bfdef5c7df491ab5f8963cd01070147f89e1b14a76eab01734fc2b8079b23","66044"
"data/derived/paper_v2/final_benchmark/snr_0/VIVOSDEV01_R151_9bf17fd58acf8ff1_snr0.wav","e90bf89969435bd5ea053b6775097c5ac1fc3dee806b37dcd5c2f1b5171fc7ca","117044"
"data/derived/paper_v2/final_benchmark/snr_0/VIVOSDEV01_R164_e636c9de495e0754_snr0.wav","50ed3a1be8d9b98c7d918d079ba4a0377cd727a661600352326afa032dc1faa8","80044"
"data/derived/paper_v2/final_benchmark/snr_0/VIVOSDEV01_R172_e2fe62f4d906f7b7_snr0.wav","3146c23fab63777ef81a6912bb406de281ca3764ed070d64a49995553a0a1e83","119044"
"data/derived/paper_v2/final_benchmark/snr_0/VIVOSDEV01_R174_6d5c7266888422f6_snr0.wav","5ba82bcd1e3fbceb1bd76ba327651f8e233b10b3bd016df901b80c40f227cd51","100044"
"data/derived/paper_v2/final_benchmark/snr_0/VIVOSDEV01_R176_bcd4726d5f6d62f9_snr0.wav","34c2367b5b0dd2b13e9dda5f0c6aca7e1c9a97cb7bf560e66b66861d0873bfb1","110044"
"data/derived/paper_v2/final_benchmark/snr_0/VIVOSDEV01_R180_af9fe58d1b023613_snr0.wav","a0ecad7f2a55eb18c236c2bd3f7b4efe39702ab5108fdba966c9d13f6d24c057","126044"
"data/derived/paper_v2/final_benchmark/snr_0/VIVOSDEV01_R188_8dd8c276f406dfcb_snr0.wav","45979275d84973ca014d593d4f861d9b4186ed14024942569f6b59990fcc3ee4","110044"
"data/derived/paper_v2/final_benchmark/snr_0/VIVOSDEV01_T002_f488f805618f41b0_snr0.wav","08fc5c34eaf89c902a2b8494bab83b7a878f782313cab1326ab4fd09e6384b89","63044"
"data/derived/paper_v2/final_benchmark/snr_0/VIVOSDEV01_T038_0c866259f7c47b5d_snr0.wav","052b506f595d23aa5c5e99bd70bab5706a01413c867caf81805c86d3426f8a44","80044"
"data/derived/paper_v2/final_benchmark/snr_0/VIVOSDEV01_T043_a57ee2f25d49ee2c_snr0.wav","3c5c795907caebeb700d49cfa8312e6d9184306edbb261edfdfded5c4588eaac","78044"
"data/derived/paper_v2/final_benchmark/snr_0/VIVOSDEV02_R009_9410678bd341095b_snr0.wav","b49f1e532b66909bf843c3edb42f072b55d905b66becf5d15e3f2ac72925d66c","107044"
"data/derived/paper_v2/final_benchmark/snr_0/VIVOSDEV02_R031_5cf07409560dd9f6_snr0.wav","311ee7816fa79e8f958e4382468cc19ff554a07b664af1d86d84e44ee2867198","172044"
"data/derived/paper_v2/final_benchmark/snr_0/VIVOSDEV02_R045_08abe97db37f3db0_snr0.wav","a6a7abb29731627d5868ee2b374b10476f826f10c898208a00fad2890588d59b","116044"
"data/derived/paper_v2/final_benchmark/snr_0/VIVOSDEV02_R067_3efe03247ad027dc_snr0.wav","c3f089012e7f76a8c36f9f664c9c2a19b61cf93465a9837234f01f6daa46f090","126044"
"data/derived/paper_v2/final_benchmark/snr_0/VIVOSDEV02_R068_26382b33b6eb573c_snr0.wav","a7f6d457014dbc070c31c7e8855ac1b748a4b388b056a5da4f670224d0199c95","98044"
"data/derived/paper_v2/final_benchmark/snr_0/VIVOSDEV02_R071_98bda1d132d12697_snr0.wav","1c82598cd515773faa1d63c9f52a49cb8cd12b1fcd01c8abb1504c8362a36a7d","158044"
"data/derived/paper_v2/final_benchmark/snr_0/VIVOSDEV02_R076_2306a77ed9dc7949_snr0.wav","e012c910b459ad13c8beb2eaf48993d2c68cce9e92103a9c98f1b3193dfd0520","95044"
"data/derived/paper_v2/final_benchmark/snr_0/VIVOSDEV02_R079_a68539e57c98bdeb_snr0.wav","12ef80473842084e61177b0adf9129093e6249a4283978e269f6391dba981e7c","129044"
"data/derived/paper_v2/final_benchmark/snr_0/VIVOSDEV02_R087_f5645d3be769fa49_snr0.wav","d35870ee3c78795bb92d9ae8448c3f6538530e65f8751ded6106557d2676d45a","150044"
"data/derived/paper_v2/final_benchmark/snr_0/VIVOSDEV02_R089_8639f76c4f1d79c4_snr0.wav","c38d4b158e46f570c1cc98987f496a16f78046dc6ff4ba65bf4ff8f671c1e292","152044"
"data/derived/paper_v2/final_benchmark/snr_0/VIVOSDEV02_R091_21cbc054cc4a82c2_snr0.wav","57734eea9ac87f23e95df56d2196f055594546fd180f2965ca0a8ab9c0fc0afb","96044"
"data/derived/paper_v2/final_benchmark/snr_0/VIVOSDEV02_R106_06f388b94ae36311_snr0.wav","ddd38655648f1e18a14ccaf4257e9cfe7ecd8a9a36e98bea0879fcc28c6aaa8f","84044"
"data/derived/paper_v2/final_benchmark/snr_0/VIVOSDEV02_R130_84942fac2cda4889_snr0.wav","7b166a5a6992e0f4cdb141c2f5786bc5cdc50c9198c5e42a7d2b35c08e08282d","141044"
"data/derived/paper_v2/final_benchmark/snr_0/VIVOSDEV02_R132_ec6a4c2998d7140e_snr0.wav","c4a8554747026da6e67d64ebb56d1acefd9651c874655deceb7dde1199357a33","124044"
"data/derived/paper_v2/final_benchmark/snr_0/VIVOSDEV02_R135_dc81cb7013592008_snr0.wav","d6f1084fcbdac4059d496efc0ff7d241552cc295699b80caf7569667e37184e5","119044"
"data/derived/paper_v2/final_benchmark/snr_0/VIVOSDEV02_R137_18dc85272970f810_snr0.wav","c64dbce72b2ef44240ae1d0c277a7ec6233f09e8b18fd872615f130c32f8d26a","114044"
"data/derived/paper_v2/final_benchmark/snr_0/VIVOSDEV02_R164_79be82aa205e6db2_snr0.wav","6e714260b04ddab3362fb2a64a2850b79cbe1d7e2da2bff9496fe9184fe8a81f","117044"
"data/derived/paper_v2/final_benchmark/snr_0/VIVOSDEV02_R170_e1b8f4119ea5d9bf_snr0.wav","001d79386f4b9a8a6710ab1848b80d57f81f264dea0a45ebc4cafcc4f71bb5f0","158044"
"data/derived/paper_v2/final_benchmark/snr_0/VIVOSDEV02_R173_7c5ebbe508930780_snr0.wav","3686611ff91f6238b9835726a8f5ebfe990454b0adc14852af36e6b45287d9bd","103044"
"data/derived/paper_v2/final_benchmark/snr_0/VIVOSDEV02_R181_a2efc18ccf2658f8_snr0.wav","3229b15aee6777f8418de8d81e1e45899696942fdbb066063f8135fb46731357","132044"
"data/derived/paper_v2/final_benchmark/snr_0/VIVOSDEV02_R192_2102f852d42b0b0a_snr0.wav","8e9fd3f79bdff1da33da4cb1cb20e2685c45667f1e5dc5f6abe6e51a7e7eae9f","158044"
"data/derived/paper_v2/final_benchmark/snr_0/VIVOSDEV02_R195_4d7951faf048db64_snr0.wav","6e8ca8083d344cdc900489b4f7852db9539a7177316bc01f51d17f47256cdad1","130044"
"data/derived/paper_v2/final_benchmark/snr_0/VIVOSDEV02_R200_3b03d5892ac613c0_snr0.wav","ac34a1c9be8b8b85328481ebbd707e5e29d4cf327842e201552254f8d792b66f","107044"
"data/derived/paper_v2/final_benchmark/snr_0/VIVOSDEV02_T004_a84e1a31c395d641_snr0.wav","f47f58f14ab8a66d955172278b66a25a502db85d04229af22b156003351d84c4","94044"
"data/derived/paper_v2/final_benchmark/snr_0/VIVOSDEV02_T012_7c5033a4fd1e3ff0_snr0.wav","d0450217817532d980e0b06a6f34b6b6b632f20f6d7ba79d2da292be2f2ccf7a","108044"
"data/derived/paper_v2/final_benchmark/snr_0/VIVOSDEV02_T015_02ac10825443224f_snr0.wav","92f0f700c7d2dc1f790c1bf0a34a4aaf0ab8c6d6738cfc0984bd571fdb2e9d37","108044"
"data/derived/paper_v2/final_benchmark/snr_0/VIVOSDEV02_T022_6ae4835311f1ae4a_snr0.wav","b4ee8ee8eda3d4a2b93d137f9af7774df2c29b9796adbb17bbbdc4d23ff1c75d","136044"
"data/derived/paper_v2/final_benchmark/snr_0/VIVOSDEV02_T031_44121575dc50be22_snr0.wav","3fd3d5b5d61bf0eea20101f00686c20759236246e58b728075ee9f9963a88fcd","72044"
"data/derived/paper_v2/final_benchmark/snr_0/VIVOSDEV02_T050_ec577aea5e626610_snr0.wav","8e5da7349007dbc57ea23c2c9cf32630af06b29ff83603f5eb72f9dd1099cbd2","106044"
"data/derived/paper_v2/final_benchmark/snr_0/VIVOSDEV03_R007_32a25ceb9fe018ae_snr0.wav","793a5e01225146bdd54b0ae4fc9674f9ee4545bf7f2116f65ee9a30371ca644a","100044"
"data/derived/paper_v2/final_benchmark/snr_0/VIVOSDEV03_R010_67b86c7b9b754c8e_snr0.wav","a0be92e02cf18877f603e223a21a25b3b35e5cc5e2477ffff0d950fbc45cf7d6","86044"
"data/derived/paper_v2/final_benchmark/snr_0/VIVOSDEV03_R020_a866999760e146d9_snr0.wav","744a10c9d9daad9c23e0ba7a26816d9e533e6c60d79844d308db1e5d32099a7f","148044"
"data/derived/paper_v2/final_benchmark/snr_0/VIVOSDEV03_R029_62f1d93ab12d1cc2_snr0.wav","554b9e148008767fd830c5461e2150f02c267afa323653c244aaca24bb0c7a00","150044"
"data/derived/paper_v2/final_benchmark/snr_0/VIVOSDEV03_R041_a681bf777aa1865a_snr0.wav","7eb69d715f6f44bd2192db5dd77166d3f3b7c80b3aa405893dcaff77a689b4bc","94044"
"data/derived/paper_v2/final_benchmark/snr_0/VIVOSDEV03_R044_c5ac0ce0e39e9146_snr0.wav","7c36b1817ebdabe8d797b09548b161fb237f18bd716edfd4d36f8b0e70754e7d","94044"
"data/derived/paper_v2/final_benchmark/snr_0/VIVOSDEV03_R056_e9e910ee23257aed_snr0.wav","6f53bea239a34c1a3aea533686ec639b66178101a215deadbf55e6e0e7bdc3b0","84044"
"data/derived/paper_v2/final_benchmark/snr_0/VIVOSDEV03_R061_3e01b9b1b89177f3_snr0.wav","31d9390561df15654cc4156c07306663dc5c6f3b5c7435686e29796de58e0bc1","82044"
"data/derived/paper_v2/final_benchmark/snr_0/VIVOSDEV03_R082_a740becbea793bff_snr0.wav","dd2267722f4f68a7d5e024ec43a457da1d0795b567424edd89d8025037ec3cf9","126044"
"data/derived/paper_v2/final_benchmark/snr_0/VIVOSDEV03_R092_28ed5ed6acaa2087_snr0.wav","b097accfaa2ba748c6b6db2621b3b541980c6d56365c90bb4e9b47800b4b3c27","80044"
"data/derived/paper_v2/final_benchmark/snr_0/VIVOSDEV03_R113_b875620d45862339_snr0.wav","74be9d1198128c1d79a529e8d5eabb63188bee796b386636ba7e078b74a64056","84044"
"data/derived/paper_v2/final_benchmark/snr_0/VIVOSDEV03_R117_1b58bc212e7aa1d5_snr0.wav","a0bc13ba163b88c17b798d77201bfb204092b407fb86b62154e6cb0428ae4a2d","57044"
"data/derived/paper_v2/final_benchmark/snr_0/VIVOSDEV03_R119_20ceea3c76afab29_snr0.wav","9859558e238fda16174b6ab56858a391fe474f134b8e5b5d38d17d057998a6d9","45044"
"data/derived/paper_v2/final_benchmark/snr_0/VIVOSDEV03_R120_d04f73f7d447e5f8_snr0.wav","a66ab9b8b81a68eb9989905d73e18038eaf1338be3a09d3624c875fb8d5f0274","66044"
"data/derived/paper_v2/final_benchmark/snr_0/VIVOSDEV03_R125_2c236a8af7374927_snr0.wav","3b0b8af3913f6fe04675c2eb1fd942e5ba3239c3cd96ed28b9e6f20532802943","59044"
"data/derived/paper_v2/final_benchmark/snr_0/VIVOSDEV03_R142_83288ad0ca0016d0_snr0.wav","87d12a5437caeccb7520505d6b6dc4ff93fe51e418c17f624b6d5c20db890e56","80044"
"data/derived/paper_v2/final_benchmark/snr_0/VIVOSDEV03_R144_22262565993ecf05_snr0.wav","4b2701ab377df66b1332c27a3ef43fb182d74b2d561663a7fa09adfc4f0561c3","52044"
"data/derived/paper_v2/final_benchmark/snr_0/VIVOSDEV03_R149_f425bce5562c1ec0_snr0.wav","f20e8a9a527e86bbc168c361f148d5c45d0b3078f147dd1ea1e4af3d6047a229","50044"
"data/derived/paper_v2/final_benchmark/snr_0/VIVOSDEV03_R156_6fa5226de0c851aa_snr0.wav","f7110c070228521341e1561e36309d473ba24b7ac179dc50e540974390442293","92044"
"data/derived/paper_v2/final_benchmark/snr_0/VIVOSDEV03_R160_4dfa473702a49207_snr0.wav","0fc3a24b51f9d01992daf3069111672bb53ccaf42dfac2b8115195d28affffa0","69044"
"data/derived/paper_v2/final_benchmark/snr_0/VIVOSDEV03_R182_c175917c3cd6394c_snr0.wav","11522084883ca44fbbd0b815048883b87dcd92b117c06a4110f641e2f12b7d8a","88044"
"data/derived/paper_v2/final_benchmark/snr_0/VIVOSDEV03_R191_1cbd694843cb4135_snr0.wav","d5b53263fa79e0584619e167aff7edb6b3e9fd2540b2f0e38edc29cec539095d","54044"
"data/derived/paper_v2/final_benchmark/snr_0/VIVOSDEV03_R193_ca828f71994c4bee_snr0.wav","844708b5089ac9c4796b76418b19ce6a672d475c5fc2666bff4bc6fcd0103e61","46044"
"data/derived/paper_v2/final_benchmark/snr_0/VIVOSDEV03_R198_deb9ed7277a61c1a_snr0.wav","604de9ce8001063764ed29d6a21faaf756cc3e5de9c2b1c98e47224c2fbf4a91","82044"
"data/derived/paper_v2/final_benchmark/snr_0/VIVOSDEV03_T009_d7ae562027459a65_snr0.wav","9da2c496259e158552f7875262b0ea46d437c3ac6c6f57f1552f3e9dab22455c","61044"
"data/derived/paper_v2/final_benchmark/snr_0/VIVOSDEV03_T017_fe9487ce3a3f4e72_snr0.wav","577c109c3f0b981dc3c8b02fb8f4995d7c10e6a9708e6a02ea0661e47e36153a","77044"
"data/derived/paper_v2/final_benchmark/snr_0/VIVOSDEV03_T018_72628fac90767fc4_snr0.wav","81dfc501e7121b5a00d98d8cb7c7e4c0d7d48d9976c15eaed6ff8b0b91538dde","56044"
"data/derived/paper_v2/final_benchmark/snr_0/VIVOSDEV03_T041_6cde359423a758fd_snr0.wav","dacd8857bee9f57c71079b032bda3764a9af3ec534db064ec57e4fc1244e480e","81044"
"data/derived/paper_v2/final_benchmark/snr_0/VIVOSDEV04_R002_235144522a65e307_snr0.wav","7469b350dcdbc69916b8f4d7fb58bcc0c4fc36a382aa3c60ba9b6327d18bad84","108044"
"data/derived/paper_v2/final_benchmark/snr_0/VIVOSDEV04_R004_758a20adb347b844_snr0.wav","6e12d3a2a0ed6e078ba3a906fe9792ba85c7f8c8499a83805ceaf27559574d8f","114044"
"data/derived/paper_v2/final_benchmark/snr_0/VIVOSDEV04_R008_10f6f1b6673cb087_snr0.wav","67e52e464d5791bc30852056445f717a77ffbd8b47e13e5debea5bf4c30f2e42","206044"
"data/derived/paper_v2/final_benchmark/snr_0/VIVOSDEV04_R010_1058518b01159c68_snr0.wav","235d1c9c41d111971fdf5cf73dbadc0191911ab952dfcce531e4d021579cce1b","120044"
"data/derived/paper_v2/final_benchmark/snr_0/VIVOSDEV04_R023_bc732cbf874cba24_snr0.wav","f1e7ae9328700aafdb8fdd8c6063693dd92a6831b28508941616c3b82b13505e","204044"
"data/derived/paper_v2/final_benchmark/snr_0/VIVOSDEV04_R047_e1cf81a90624c984_snr0.wav","af38092902313ed4c112461f80e7e784644efe3b05751b86267084a196eb525b","137044"
"data/derived/paper_v2/final_benchmark/snr_0/VIVOSDEV04_R049_517d228af97bf04a_snr0.wav","4929ee10a6bbe521f30f24ee95a5d905e1ab5431cd1e74f61e5e40b3de15a0ef","66044"
"data/derived/paper_v2/final_benchmark/snr_0/VIVOSDEV04_R051_93d9825f993d2c19_snr0.wav","d781a51318a2bbbb56732d96d58a3998a818df7de0f0b3d19b71d14f0e0f74a6","72044"
"data/derived/paper_v2/final_benchmark/snr_0/VIVOSDEV04_R081_4522971e883db435_snr0.wav","ce98aa6d724c7473a9d0872886047faf4869f52e38e64eab4ae6fe4954bc5176","102044"
"data/derived/paper_v2/final_benchmark/snr_0/VIVOSDEV04_R089_46ed698d853b7188_snr0.wav","3dfd80a51708130da55f1b271a25d4b5f59e47adc11a2522aa191284af2443ac","74044"
"data/derived/paper_v2/final_benchmark/snr_0/VIVOSDEV04_R092_a6e20923429edd0f_snr0.wav","4052eaaed0299ac59434cde9dc4269e46f8ab346fce9cdab9b2b79c8d7ba56c4","98044"
"data/derived/paper_v2/final_benchmark/snr_0/VIVOSDEV04_R095_d420ef9bbd8c8ab8_snr0.wav","6d8d5687903ef8a9a7978104cdcc38f498ebcbbe80c151ec30f18c229c67a4f0","136044"
"data/derived/paper_v2/final_benchmark/snr_0/VIVOSDEV04_R097_2396c493bf298f6a_snr0.wav","f6515548f5e3ef005f3656378f3403b35e9d693d1c1d5b7a1ba35784b769c452","76044"
"data/derived/paper_v2/final_benchmark/snr_0/VIVOSDEV04_R118_5871bc226cbe3dfc_snr0.wav","b21d49df7eae5ccba18577d71c9c597f7f7dc4c2f0a331198024bb7910903a13","77044"
"data/derived/paper_v2/final_benchmark/snr_0/VIVOSDEV04_R127_d0c7b502072f767c_snr0.wav","5b51ca4099da7b173c47ae1d7aa42748b9bc04b2e50e9d7b10f8e68385f15593","111044"
"data/derived/paper_v2/final_benchmark/snr_0/VIVOSDEV04_R129_a0acddd792a8fd71_snr0.wav","e1e264685c26f485d4045a5bb16c9c7c5f9699ca4d0c5f27c9935fd087227bd5","70044"
"data/derived/paper_v2/final_benchmark/snr_0/VIVOSDEV04_R132_c998ae03ac42045e_snr0.wav","9dbd8120f86796e972e175300cc4e412b38f7574ea03dc04db39b859ed3186eb","108044"
"data/derived/paper_v2/final_benchmark/snr_0/VIVOSDEV04_R149_f60dd4349b0387d9_snr0.wav","62ff452f957a70c74daa328d82f316cb6139b669de820d011ed345079ae0f619","151158"
"data/derived/paper_v2/final_benchmark/snr_0/VIVOSDEV04_R152_96be011da1ceeccc_snr0.wav","c4257a5a1e712d515806e94944e5f6d0f359d0e6eed1ef544a7060b52f17f884","145044"
"data/derived/paper_v2/final_benchmark/snr_0/VIVOSDEV04_R162_bf653802e22ca482_snr0.wav","31ab928dee399bece967f4fbb835d744febd556e4d245178823bf8e9fdb146c1","86044"
"data/derived/paper_v2/final_benchmark/snr_0/VIVOSDEV04_T002_f99c7b04d2f71c02_snr0.wav","6119066e2cd0c347d8dc78202d4d084738e197c786535b790649e63576c0a09d","96044"
"data/derived/paper_v2/final_benchmark/snr_0/VIVOSDEV04_T009_15c40b16151d15a7_snr0.wav","ce018f678230f28c479fb32dbb82a0789b539a206a418fc885b10fdac93d5e4e","82044"
"data/derived/paper_v2/final_benchmark/snr_0/VIVOSDEV04_T015_58c51fe975ffe1d1_snr0.wav","ad2ddd10120f5d87505b0d6751ea2a63f31bfb31b6af867538856975fb0b5597","107044"
"data/derived/paper_v2/final_benchmark/snr_0/VIVOSDEV04_T029_7c3eae818bd0c566_snr0.wav","996b2c5e90883f40957d6a6dbad767b2e9c7fff63105fe36360d16f6c0879360","98044"
"data/derived/paper_v2/final_benchmark/snr_0/VIVOSDEV04_T032_4ea0a34b856d697b_snr0.wav","99361cd404c30003ec25ad1294cc4a68fe0547d68d73c1a6249fe58143a873b1","64044"
"data/derived/paper_v2/final_benchmark/snr_0/VIVOSDEV04_T044_66a12c3e4b8e4279_snr0.wav","5ef8dc8e759728db5943b81c2d0b026d0f4ae4d205d5ebcc87b5ddad40f0b404","86044"
"data/derived/paper_v2/final_benchmark/snr_0/VIVOSDEV05_004_f6c1d78cf81be953_snr0.wav","48243f3e6347ebed5210600414b4922e9641481b434f02a5198ffe12e703cc58","130044"
"data/derived/paper_v2/final_benchmark/snr_0/VIVOSDEV05_030_226d273049c670a1_snr0.wav","9189724579aee50ae3562cf71d06bd7e562bac2e2ecd3b675cc1efea4d699304","76044"
"data/derived/paper_v2/final_benchmark/snr_0/VIVOSDEV05_043_b1247f348d0201ec_snr0.wav","9f411747553301fd9afd7dad0b70a1ff29e055f7aad72a1316fffaf9e1179ec9","96044"
"data/derived/paper_v2/final_benchmark/snr_0/VIVOSDEV05_065_3d36c1907226a059_snr0.wav","d5eae0ce8f42746454b47303a4fbe6f249f1e3592c81dab9b55d656ce673b8a9","117044"
"data/derived/paper_v2/final_benchmark/snr_0/VIVOSDEV05_087_66548504244db7e0_snr0.wav","ad892b5eedbdd5031eb52e305fa01b520a00948d5dcc3dab3f0f2d7410274137","77044"
"data/derived/paper_v2/final_benchmark/snr_0/VIVOSDEV05_091_16753e7fde81023f_snr0.wav","84aa7abe0287afcf7d586f0ead100ceb2946ac61db2293e5d432f4e9e40757b0","66044"
"data/derived/paper_v2/final_benchmark/snr_0/VIVOSDEV05_107_ff0ea288483927e5_snr0.wav","9e56cda86f8327544515c062c7d5346583cb8e3b66f3641c65ece095b1cb15d3","156044"
"data/derived/paper_v2/final_benchmark/snr_0/VIVOSDEV05_109_60b15f232d8ea269_snr0.wav","d6f8a9f45d7623abd6b2176daf852c3c4d36be741b165ca9cbb3ea99da4d34b0","82044"
"data/derived/paper_v2/final_benchmark/snr_0/VIVOSDEV05_129_f577dd70b3b6f202_snr0.wav","f9648b63f8adef5fa210b9fd29630170db6df8a1499ac034461cf56c2347164c","75044"
"data/derived/paper_v2/final_benchmark/snr_0/VIVOSDEV05_143_2ea94a9ecf6db58d_snr0.wav","78538465101d6f91854028ba958c53253f67b4ab1c54f94f36b34b7e7341698e","139044"
"data/derived/paper_v2/final_benchmark/snr_0/VIVOSDEV05_170_92e340428a9411cd_snr0.wav","de7809e666bca5d9fbed44d20b66d14477b2110406c78bc7e4deeac83977e974","124044"
"data/derived/paper_v2/final_benchmark/snr_0/VIVOSDEV05_185_7e2723d5e7a1b752_snr0.wav","89412d548e75066a211b953aa6d7cdca7052ecd90270fb341bd267369f524ad2","82044"
"data/derived/paper_v2/final_benchmark/snr_0/VIVOSDEV05_189_a3eb19f6e7004549_snr0.wav","2b1172bd41946152d6f73b5f10989bfad94f027bd4e35ba82ac0a026b35166f9","78044"
"data/derived/paper_v2/final_benchmark/snr_0/VIVOSDEV05_202_855834b6f1e30a5e_snr0.wav","89ed82963d0147bd3b36f1742402774f44aa5fe74beea8f3cc697ce7a05ced2e","123044"
"data/derived/paper_v2/final_benchmark/snr_0/VIVOSDEV05_206_f939dda6b6599bcb_snr0.wav","c03348cc5cefc6ed86a6d5d67dc8149e689f73239beed80569e2677e9275ed2f","146044"
"data/derived/paper_v2/final_benchmark/snr_0/VIVOSDEV05_212_276aa52e5cc79e79_snr0.wav","74783971ef590ee6b19bfedda8f6b557fca5c15c48660e038a0c4f9cc67864f5","84044"
"data/derived/paper_v2/final_benchmark/snr_0/VIVOSDEV05_251_4dbd57a836798f65_snr0.wav","65909f7c005ca186e428f4d9c9ab746c00e0acb73f47922ff644ae336dc9ea4f","80044"
"data/derived/paper_v2/final_benchmark/snr_0/VIVOSDEV05_261_9d6c10429768dabb_snr0.wav","417b4ef3e2bc7f641ec6e5503046822a76441a75342bacacef4603a2267dc04b","114044"
"data/derived/paper_v2/final_benchmark/snr_0/VIVOSDEV05_263_f09febc4bfc3a8bd_snr0.wav","f3596b8d13d81d50411e9427085903279e10435079a748af681fbbd3f48b4dea","142044"
"data/derived/paper_v2/final_benchmark/snr_0/VIVOSDEV05_295_b18bda15ba2c1d57_snr0.wav","a27fc6bcfe556498fcdc8a5aeef8ad9c6dc03dd177a617f3eb31b7c95f1c8ea9","90044"
"data/derived/paper_v2/final_benchmark/snr_0/VIVOSDEV06_016_bd24aac78b63557a_snr0.wav","45d24b00746690322351fe7aa3afbf936930e7771608c62370430d4ea28cd47d","102044"
"data/derived/paper_v2/final_benchmark/snr_0/VIVOSDEV06_021_aa5411a3a7c80ae7_snr0.wav","23b49b00c85cfb90d43ed0f1de8533dace23997e665c2012836925682a1420e7","82044"
"data/derived/paper_v2/final_benchmark/snr_0/VIVOSDEV06_034_f4272504ca9eacdc_snr0.wav","fe43112256c810642c83dd5bb5f05c09f5a613c2207f2cffcc31263a2402e09f","159044"
"data/derived/paper_v2/final_benchmark/snr_0/VIVOSDEV06_037_055af0c995f3ed1a_snr0.wav","3ee308f0d9dbaee1fbaf64dbedde3b48fec2ce38cbcbe2687a69e4094b8daf75","90044"
"data/derived/paper_v2/final_benchmark/snr_0/VIVOSDEV06_042_95e0c4ef87e950d4_snr0.wav","0805e717b4b47202f9320dddd9f6750d5b4dbd46d868b3facb7197f170de5a18","118044"
"data/derived/paper_v2/final_benchmark/snr_0/VIVOSDEV06_061_268af6935a1fa43c_snr0.wav","98c94fba1560c9a1f82fd1ee97f14dc4fbdeb17f06057f619eda0e68b865bccb","146044"
"data/derived/paper_v2/final_benchmark/snr_0/VIVOSDEV06_070_14cbaaada291648c_snr0.wav","7d5f287fae42578c21d965083d7aabca7f7f426c8381b4939cf8700143dbbd0b","122044"
"data/derived/paper_v2/final_benchmark/snr_0/VIVOSDEV06_098_b6423df3fd7bcb34_snr0.wav","c69c6fd6fef75b32443d4465d44beafefcc7e3658a768c4d075b080081813f45","145044"
"data/derived/paper_v2/final_benchmark/snr_0/VIVOSDEV06_108_ba0e4f73cc2c5344_snr0.wav","f8e47db0a1533f69df6214541e10f5b531bc5a0a900b81024887e9739062b209","124044"
"data/derived/paper_v2/final_benchmark/snr_0/VIVOSDEV06_117_7e919fd1b7e5d0eb_snr0.wav","c79fd0868148b48be9b90274e36cf9864b960564e0139659738719a3a03bf372","151044"
"data/derived/paper_v2/final_benchmark/snr_0/VIVOSDEV06_126_6df12889474499c4_snr0.wav","891be054b97216320283066694c208dfc15576c66eac9407e1b4832b8dffb0e4","126044"
"data/derived/paper_v2/final_benchmark/snr_0/VIVOSDEV06_139_5dcd3f7d798cd64d_snr0.wav","e2ed85c7243478e2dbefc42bc6a235c79e67413de3acd301ac82345dbaddf06a","98044"
"data/derived/paper_v2/final_benchmark/snr_0/VIVOSDEV06_143_fa4d60cf05f269d6_snr0.wav","a87aab55893a2a4b5280420c881a66cc00437d29bad1d725223d84c3c8b81584","142044"
"data/derived/paper_v2/final_benchmark/snr_0/VIVOSDEV06_184_6b96190057427171_snr0.wav","1448abbc4c3723f4833012d176838dc40d4ebba8f0f858453e717e95c571013c","154044"
"data/derived/paper_v2/final_benchmark/snr_0/VIVOSDEV06_195_415491a210911c9b_snr0.wav","fab437d4c12dae7a5a31e08c6f3b0d088a78d0bb58879d4fff54598eefd687c6","96044"
"data/derived/paper_v2/final_benchmark/snr_0/VIVOSDEV06_210_a69babff4084e135_snr0.wav","3a0e940773d138a6fcc3c58c08130241dc22cb25e0c54635e311912e0e2d4a66","91044"
"data/derived/paper_v2/final_benchmark/snr_0/VIVOSDEV06_212_4b87f57e0ab62315_snr0.wav","010ffdaf8d081d15337d4095d72925d67ea88ae8b94e05fe0d8c6f3eaf29f74c","72044"
"data/derived/paper_v2/final_benchmark/snr_0/VIVOSDEV06_240_15084c1e11f8834d_snr0.wav","28bbb4714723681ae9e2b388354ceb1dfdfe849e0cfa34aa7c607dd8dc3f59db","108044"
"data/derived/paper_v2/final_benchmark/snr_0/VIVOSDEV06_247_1233d26de0387180_snr0.wav","66dcdd56987c2d44f60e7738aaa01ab64268d93c9bae04194731aa74f5bfabe8","98044"
"data/derived/paper_v2/final_benchmark/snr_0/VIVOSDEV06_252_be271082468ef58c_snr0.wav","03e1b3376f0a13dd1c8967dee81464374c7987bccc21f20195c1bb2e14247dea","97044"
"data/derived/paper_v2/final_benchmark/snr_0/VIVOSDEV06_253_c8b5d29f2d99bef5_snr0.wav","8c55c9c931981302829fe443b4d67e90a9c43c0b632c45263ca654447f764c24","108044"
"data/derived/paper_v2/final_benchmark/snr_0/VIVOSDEV06_261_a708d34107b17808_snr0.wav","2af6611c96dac49da9ad31d68994a95590c328bf0cad1838ce786e5ef355fb5d","108044"
"data/derived/paper_v2/final_benchmark/snr_0/VIVOSDEV06_272_e9bc93d5465175c9_snr0.wav","633a9a1142790fec0f1b05a5f386dc481973d4154013e75ea45d2733c607382f","134044"
"data/derived/paper_v2/final_benchmark/snr_0/VIVOSDEV06_287_f13dd1af56405568_snr0.wav","d2ae6cf3fe2e99610f543ec3e7cf8fc10b9e55f788457211ca63c39d9ccacf5b","114044"
"data/derived/paper_v2/final_benchmark/snr_0/VIVOSDEV07_002_62a4893b15237710_snr0.wav","bb447b12572252c65b7f052532c92fc51675e2eccce52c81b4e03d60858db3e7","111044"
"data/derived/paper_v2/final_benchmark/snr_0/VIVOSDEV07_036_a4def56991a56476_snr0.wav","f03596592c49cff3a55390ab4c22d4f982a0dabcb751eb095dfc44537ecb0df7","96044"
"data/derived/paper_v2/final_benchmark/snr_0/VIVOSDEV07_039_f070bd37d7577ff5_snr0.wav","f12b47a6ad2d6bdc2ee2139496b6a6f09b63d5fd60b3a4f461ef8eeb509b17fa","122044"
"data/derived/paper_v2/final_benchmark/snr_0/VIVOSDEV07_044_b7239ead0c78720a_snr0.wav","d07c65f22a63d204da5b4b0d39bd394523197f55de45560799aa953cc44c2944","122044"
"data/derived/paper_v2/final_benchmark/snr_0/VIVOSDEV07_045_a232dcb03153aeb3_snr0.wav","c695b01b1ead4f8e1dbbbadd4903ad76db080cd2ff659bc896366d603724700d","105044"
"data/derived/paper_v2/final_benchmark/snr_0/VIVOSDEV07_066_f9ccfbaf87e4c2cf_snr0.wav","dbe61f24e908eb0ccb0e752574ee5e9a666aefbc0e88315990e1e5fcfceb6c8d","134044"
"data/derived/paper_v2/final_benchmark/snr_0/VIVOSDEV07_067_89a5de1d2d839734_snr0.wav","c873a2447e5b653d7c81b75f4e142b7ef0ac4a8ef1d482e942349cf6e3923043","108044"
"data/derived/paper_v2/final_benchmark/snr_0/VIVOSDEV07_084_fb6ef575d29d335b_snr0.wav","031fc524e26349b3f0de579a784774d54d891defbe7fed3f0413070b9478bdf4","122044"
"data/derived/paper_v2/final_benchmark/snr_0/VIVOSDEV07_098_e23e02861b027479_snr0.wav","6a47f653fb409fe9507863ead73108f9f6ffa36f292e49d251e6e9f9fcda5fc8","108044"
"data/derived/paper_v2/final_benchmark/snr_0/VIVOSDEV07_107_79e8e1e1d173f05d_snr0.wav","7034a0def942c27093d9f7d73f51acf045b477dc767caae70eee4afd0f7631b8","126044"
"data/derived/paper_v2/final_benchmark/snr_0/VIVOSDEV07_115_3f4a417e5e0a240d_snr0.wav","0b0c1b97fc3e8752aef8e8d6b0232c190ac8d21d619cd31fe1c049d9220c3fc5","121044"
"data/derived/paper_v2/final_benchmark/snr_0/VIVOSDEV07_125_0c4bbde9d7380cab_snr0.wav","3dead332bd448fb62353297b9412197121191dfdf4864abaa3665c207fcc7683","114044"
"data/derived/paper_v2/final_benchmark/snr_0/VIVOSDEV07_134_d29283379ca91797_snr0.wav","80271eaed577e883907f0830d08efae414b8fda18210d2a7fdb08ae4ba612558","91044"
"data/derived/paper_v2/final_benchmark/snr_0/VIVOSDEV07_138_b3af336ea30eaee6_snr0.wav","b8ea381d9f9b71cd7e4c1382d0ae6c83582b89413d273c31ef64232dd20c0baf","76044"
"data/derived/paper_v2/final_benchmark/snr_0/VIVOSDEV07_141_c31d760ae40221f3_snr0.wav","c27977e00309f6e0cc813bb64a176672c42e7e5b6e415baf5b1b8cc9d2314ac0","110044"
"data/derived/paper_v2/final_benchmark/snr_0/VIVOSDEV07_151_7f15e5ee43e2f499_snr0.wav","ff9193c70f37e5bbfe029dcf0445ce3f1c7b1fbb0ec9fc91134d93c08df804a2","64044"
"data/derived/paper_v2/final_benchmark/snr_0/VIVOSDEV07_192_d2b4a2983e5cc8ad_snr0.wav","7d4618dc1cc7d462654e1fe8533d0e7289668c13a6ed5d77c18e76b7f84d210e","61044"
"data/derived/paper_v2/final_benchmark/snr_0/VIVOSDEV07_195_8abc595cfdb0f834_snr0.wav","7ec7d02e77145840d608dd51d01a77d9635cb65e5f1af23561fadfcd454dff6a","124044"
"data/derived/paper_v2/final_benchmark/snr_0/VIVOSDEV07_197_794bf91ea74c2615_snr0.wav","d774f03ecd986b5162e50173ed4ecfa1cbf797c582ad95c2169852ac79aacc5d","130044"
"data/derived/paper_v2/final_benchmark/snr_0/VIVOSDEV07_209_2359a2f932c5601a_snr0.wav","2ba6f8a278760cd372c01bfdd817de1a129286fb6986c8947eeeba777fa7c3da","79044"
"data/derived/paper_v2/final_benchmark/snr_0/VIVOSDEV07_223_fbfb45d0a249e02f_snr0.wav","be75c72f59b6c66cf5b17ccff739cdb53cef928aef95f2c5b78250993b9977ea","82044"
"data/derived/paper_v2/final_benchmark/snr_0/VIVOSDEV07_231_83b05a4e96e9306a_snr0.wav","2a940a6b86383620b27200d96262e3e9e7ef0161d46b232579abe7e08d5c35f1","82044"
"data/derived/paper_v2/final_benchmark/snr_0/VIVOSDEV07_236_a09023d316f34c00_snr0.wav","8596bcfd8b1caa11a7132c066f8d829387939eca5ea3e2e3a2005f5046d7d91e","73044"
"data/derived/paper_v2/final_benchmark/snr_0/VIVOSDEV07_246_0905e9a405e21f9f_snr0.wav","47d5f0bcb95ff69a776d76bf946b279fe54694bbe7c3d2690bc957e6073495fc","82044"
"data/derived/paper_v2/final_benchmark/snr_0/VIVOSDEV07_264_4d5159ee3642d68f_snr0.wav","d01f06ef937a2ae75a846bd1fbf78e58e7c9f3467cfe6957c7e36934d1dc24f0","90044"
"data/derived/paper_v2/final_benchmark/snr_0/VIVOSDEV07_266_c0b409fdbde9ad3b_snr0.wav","a9481c2b3fc9a4fd544883d0db022129b360600cda399affc8bcf3480b87580e","82044"
"data/derived/paper_v2/final_benchmark/snr_0/VIVOSDEV07_295_4ce17fd365c383d7_snr0.wav","5d3b2240a40fd4ef85a71d71a67a29bfa324dbce6e5713352e75bd51db9b51ac","120044"
"data/derived/paper_v2/final_benchmark/snr_0/VIVOSDEV08_005_f7b2195ff9d31e28_snr0.wav","94c440c279cf3b07545cfb7a7cfaef72a10be92d34d2ba10c4ca29480166d614","109044"
"data/derived/paper_v2/final_benchmark/snr_0/VIVOSDEV08_014_1acecb76fbaf387c_snr0.wav","d0190d32105feaa516d7ebac75990b4d17e49818be8da75b8a9061d0d3665151","116044"
"data/derived/paper_v2/final_benchmark/snr_0/VIVOSDEV08_025_037269cc8edea2c7_snr0.wav","9dd37eeb5eec6b69a7ad362c7dad20063963e2c842aa627f099743206868b2bb","118044"
"data/derived/paper_v2/final_benchmark/snr_0/VIVOSDEV08_032_3bb8343b122c8e6a_snr0.wav","b2ae1463e152ea35c4509085523da70e88556a0836d7b050d6f36cd2dc05857b","166044"
"data/derived/paper_v2/final_benchmark/snr_0/VIVOSDEV08_053_65028e211e5fd0d3_snr0.wav","80b51898644a4a65e21f4617cf35e6838286a66b51d07e8a31ee48b332066b18","133044"
"data/derived/paper_v2/final_benchmark/snr_0/VIVOSDEV08_057_39fa666d4d8699c2_snr0.wav","022ed360f6147edd8f67d668403fd3ef9f9cd386e731074675f6620f50a51c56","138044"
"data/derived/paper_v2/final_benchmark/snr_0/VIVOSDEV08_062_ed20550f796addd2_snr0.wav","1cb52494f5ba1e8113af92dd4e274a71ec11dc33cd8a04655ce4e05140efbc40","104044"
"data/derived/paper_v2/final_benchmark/snr_0/VIVOSDEV08_071_5fa7045990cac508_snr0.wav","38f5c43c7f5c9f1b6e35a240d35cd9b5b7836fa36fa30b6efd14cd7ba010dc54","143044"
"data/derived/paper_v2/final_benchmark/snr_0/VIVOSDEV08_077_264de407e3d6dba4_snr0.wav","ad17a4e7f0e8f10763780883192a9064486dcc12c40c1f9e02f9c82873369b82","96044"
"data/derived/paper_v2/final_benchmark/snr_0/VIVOSDEV08_090_2351f64aca4f3fc4_snr0.wav","a6fcda60d9c74a0ff68b089343edf448a70f92228e6455fff9595785cab65ada","76044"
"data/derived/paper_v2/final_benchmark/snr_0/VIVOSDEV08_129_e78f159f4d103a71_snr0.wav","b3292a2f1fc593c523c8b950bd42f864608c824cc35063d3e75ed6b4fa7b04f9","124044"
"data/derived/paper_v2/final_benchmark/snr_0/VIVOSDEV08_143_258b8e07beb199e0_snr0.wav","7f05784e2bd46ebf3ee518ca096c40e0188bf5ab84ca27437977bc8c175b65b4","98044"
"data/derived/paper_v2/final_benchmark/snr_0/VIVOSDEV08_145_7aa1cf909b96dd3f_snr0.wav","a6b186dfd230444b64b7c178df130b8357b9db02c3dab278dc6fc8e672f3b236","86044"
"data/derived/paper_v2/final_benchmark/snr_0/VIVOSDEV08_159_f1540f43bbadac13_snr0.wav","33c7400669cdb7623dfa330648fe714cde9d8bdf6f7524ac0e4e296445ca1244","90044"
"data/derived/paper_v2/final_benchmark/snr_0/VIVOSDEV08_182_95b4fe63bcd2aff7_snr0.wav","8bfbf3c73cc69fdf4585c356529eb8b876a45f07a2f4b8dfb78e88d5fd8cb5c2","108044"
"data/derived/paper_v2/final_benchmark/snr_0/VIVOSDEV08_193_8dbc049fff43ec4a_snr0.wav","3a4e03eb849c02fc77b123b2a224fcba404b3852382ca7a238bd8a883ca408de","70044"
"data/derived/paper_v2/final_benchmark/snr_0/VIVOSDEV08_210_3d6dd0830897a27d_snr0.wav","f7afa5fcff2261ffd8b254ed1de7fdf260b86c7bac45b89637b7df096ceb6404","76044"
"data/derived/paper_v2/final_benchmark/snr_0/VIVOSDEV08_233_886225f1fa6bcb56_snr0.wav","5abb936a4b7ae05ab880e62b0926385424f122c70222cc80e00901ecfd0393c4","104044"
"data/derived/paper_v2/final_benchmark/snr_0/VIVOSDEV08_270_0dbbd14dbb00eaf8_snr0.wav","013f09ee53f06a4fcdccdc5467fa1e5dd6aeb45cc5e9ccca8a728e2d32a0d948","60044"
"data/derived/paper_v2/final_benchmark/snr_0/VIVOSDEV08_277_1bca9e608ddc0581_snr0.wav","f17fc05125db3efeaebdbcc773c1b69bb451a5a9f23f39a67c27560a7ca3e99f","80044"
"data/derived/paper_v2/final_benchmark/snr_0/VIVOSDEV08_295_4f6df38e6defa7d6_snr0.wav","a376302f770a1faa6b33ddba11f75e324d1d2396c288ad737b7c7fbb4f657974","92044"
"data/derived/paper_v2/final_benchmark/snr_0/VIVOSDEV08_300_47e532cc87ac326c_snr0.wav","090dccd5577c7bd0c595a7b6f70de27eabb31e61174871dd3239c2674535ca09","96044"
"data/derived/paper_v2/final_benchmark/snr_0/VIVOSDEV09_029_cabe8908a7a1762f_snr0.wav","98009adc108cf488021a9eb0a23e38840179e14d8a35b95effdb280792ad26a7","74044"
"data/derived/paper_v2/final_benchmark/snr_0/VIVOSDEV09_035_1dbcec694807d09f_snr0.wav","d183a8f2ce2d62bcf65a8e52a3ef83a9ba2c586b8eb206ae7d3a6d2b3539944c","99044"
"data/derived/paper_v2/final_benchmark/snr_0/VIVOSDEV09_038_01120dbc62914f2c_snr0.wav","f4e9b61ae4e4e67a1ef7d76919c09b958952f7339037279ffc14f2b3ddab2532","119044"
"data/derived/paper_v2/final_benchmark/snr_0/VIVOSDEV09_041_503be327234e4db5_snr0.wav","6b03f9e2fb9b98375aebf22d28870b3b0b126ab1f39bd470d624da8bf2f816e4","100044"
"data/derived/paper_v2/final_benchmark/snr_0/VIVOSDEV09_081_15bedcf419ceddc6_snr0.wav","7064c42112c3ea9b13c6d697707b3c47ec8d21638dee5fcf43eb96deb89c827d","74044"
"data/derived/paper_v2/final_benchmark/snr_0/VIVOSDEV09_083_6a8892a1ef1888de_snr0.wav","35ac3b4b2a3b6e0c15caf910d616e83c9f78567c71671153d1cacbc16909cfc1","78044"
"data/derived/paper_v2/final_benchmark/snr_0/VIVOSDEV09_091_cb677f29415fd9f2_snr0.wav","7fa4f45c12d69de10c9d1596504255be3721bb3cb35a07845df1f5b30ac13140","61044"
"data/derived/paper_v2/final_benchmark/snr_0/VIVOSDEV09_098_c4d57317cb49018d_snr0.wav","8f513a5bb32f8758052539843aad262a8b79ecdab113ec9c99e1a8420074f4d0","118044"
"data/derived/paper_v2/final_benchmark/snr_0/VIVOSDEV09_106_82e3cc152c2c660d_snr0.wav","442b469d41636e4c349fbc041a75e77f42d002bce50aad2888f7ce00277f7652","64044"
"data/derived/paper_v2/final_benchmark/snr_0/VIVOSDEV09_134_a574bd2e2b554621_snr0.wav","4cd4f192f5cc8cefa1725ff51382367bd6e3f914113c6c0bf5f8d9d2517d10c7","102044"
"data/derived/paper_v2/final_benchmark/snr_0/VIVOSDEV09_142_6d355ffb3117a88f_snr0.wav","fc19a1c8e840e68077a1675611acee17b8c8394c57f76eff6a2b5716c5da9b8b","124044"
"data/derived/paper_v2/final_benchmark/snr_0/VIVOSDEV09_144_cbe63ae684064b30_snr0.wav","df976d4b867b0df9b197b2d5b32d5d18e05d80f13a2fe689dc68c52201e34fc8","126044"
"data/derived/paper_v2/final_benchmark/snr_0/VIVOSDEV09_159_0c2a9a3ce47d09af_snr0.wav","3131c231a22a19543143ad11040201b344ad1490d1d69012d3452b8b4b807608","138044"
"data/derived/paper_v2/final_benchmark/snr_0/VIVOSDEV09_163_3fa779e5d493264c_snr0.wav","1bc22717cd9b12c18ced72ac2dfef5a39e7dd4143064e95f6bf5c0356d711121","138044"
"data/derived/paper_v2/final_benchmark/snr_0/VIVOSDEV09_166_190a20cc12451f90_snr0.wav","2bfe09d6fe0b53ec0677b99dc90b7122701fee1c1c4c8cbcadff327650908f49","136044"
"data/derived/paper_v2/final_benchmark/snr_0/VIVOSDEV09_168_d15b3adc6dff8e66_snr0.wav","0b4d44110a97c83bea3b159c0718206ac5bc9595136a15166cc529687dbcc6b3","132044"
"data/derived/paper_v2/final_benchmark/snr_0/VIVOSDEV09_178_1d58471d863bcdc2_snr0.wav","c55ee15342d21f354ffcc87167eed81a3e119e2e768e777bfc6a8667dfbf8c12","96044"
"data/derived/paper_v2/final_benchmark/snr_0/VIVOSDEV09_194_52fdc93c4ecd4a87_snr0.wav","111f6d56d83f7c9686725dca81e7a0516e3fc390e7b6e26d56c691142219de60","105044"
"data/derived/paper_v2/final_benchmark/snr_0/VIVOSDEV09_198_31e7d1dbe631d304_snr0.wav","46a552921f22f07dda5623a00304c51319d30a955f7c543b5b6806470aa677f2","111044"
"data/derived/paper_v2/final_benchmark/snr_0/VIVOSDEV09_203_07ae056a713898e5_snr0.wav","ca8ff2716333bd957406353be6e09bcc57b1888fe12b06333216074a611db1f9","88044"
"data/derived/paper_v2/final_benchmark/snr_0/VIVOSDEV09_246_8206d87a2ceca79d_snr0.wav","5c842025c0227e35deb194fce569ff958dd14076494f15a7748c753aa06bba23","65044"
"data/derived/paper_v2/final_benchmark/snr_0/VIVOSDEV09_267_8b6ddfb171b5e949_snr0.wav","85dcb4f6eeaacf523566d01eaf2ebb04c2de33a4e1b31c75f503d790ade9f458","102044"
"data/derived/paper_v2/final_benchmark/snr_0/VIVOSDEV09_288_4f1c4e1dfee51783_snr0.wav","413e47ea6d8826dfd69d775030c75acfbca31172b9c6f670e8ef0c07933357cb","100044"
"data/derived/paper_v2/final_benchmark/snr_0/VIVOSDEV10_010_05fd48840bca5ce9_snr0.wav","084bdd1d8acbe23678091842ccc0f089db8213fcc6df64b4a4d5cf957ca9f227","90044"
"data/derived/paper_v2/final_benchmark/snr_0/VIVOSDEV10_017_3c0edea348a8a6c3_snr0.wav","9c8b48f5c82625053df1670b1e022a30754bfe5289a73bed94b7725448727e00","92044"
"data/derived/paper_v2/final_benchmark/snr_0/VIVOSDEV10_020_6282cd4c68ca67db_snr0.wav","3fa4a72cc9e1480dd754b792b424823b86bfac617fb6ac55629848e4627e50b2","114044"
"data/derived/paper_v2/final_benchmark/snr_0/VIVOSDEV10_024_de5a478fb2691133_snr0.wav","74167115fdc620f9662da20f956d23c6a6880c2dd1204c7f93edb0eefe0b4e50","94044"
"data/derived/paper_v2/final_benchmark/snr_0/VIVOSDEV10_035_3318e07920f8453c_snr0.wav","b35092d7374b78c929a8affb2d474f93805b478fb0f5004486f046e752d4d023","82044"
"data/derived/paper_v2/final_benchmark/snr_0/VIVOSDEV10_043_df5cd2b0574a94e5_snr0.wav","bccd49b84c26216f69655a0b1a403f8e1191973364ea63fee3e9e5ac66670770","80044"
"data/derived/paper_v2/final_benchmark/snr_0/VIVOSDEV10_045_ea450211c6463409_snr0.wav","cdd43af65b81d2f0b0356513d86ff4a0b0ba73d682cdd971e31594c707f26d1b","137044"
"data/derived/paper_v2/final_benchmark/snr_0/VIVOSDEV10_067_6a0e0dbf44e42fa0_snr0.wav","46eea3d6cd885f7c950825f13221712bb2b7ad8093368dcb6dfe66eded8aaa51","124044"
"data/derived/paper_v2/final_benchmark/snr_0/VIVOSDEV10_068_eddcf77bc42dd476_snr0.wav","ade0465ebbc58d433527c1fb6b18cbd205341f22b374ab6bddb48a8ae27d4cda","138044"
"data/derived/paper_v2/final_benchmark/snr_0/VIVOSDEV10_072_82fa59c4160d79fb_snr0.wav","4c211979c5900a0c2ceb564934ba81ad2b018748b1161238ea9208eea690b191","143044"
"data/derived/paper_v2/final_benchmark/snr_0/VIVOSDEV10_073_ca29bb1a1fb65720_snr0.wav","8ee2e6d8ed60a971d625f5df36239c673b3b2bb9bb81a8ca89b5bef04aac95cd","94044"
"data/derived/paper_v2/final_benchmark/snr_0/VIVOSDEV10_076_0a24bf8f19e49c2e_snr0.wav","7ae8d879d1d6b3adfeeddc7c632a1cbad93091b8e95f5762a1809d4a21b0a958","120044"
"data/derived/paper_v2/final_benchmark/snr_0/VIVOSDEV10_117_ea7aaba199396720_snr0.wav","1f04e4026ab2e61770dc12346fd6ebbbc91ea2ec4d8600d52f853c64a9a98277","44044"
"data/derived/paper_v2/final_benchmark/snr_0/VIVOSDEV10_140_b78e8cede0eb0e80_snr0.wav","9c063ef65a7652b42e887e502f2f463f963765fd77ed77eda425a3dfa9be3892","201044"
"data/derived/paper_v2/final_benchmark/snr_0/VIVOSDEV10_162_8fd4d7e4bb122ab3_snr0.wav","395784c4b030e7c3227cb02d4a921c8310b2a78bbfba91a0708f3292382849a6","101044"
"data/derived/paper_v2/final_benchmark/snr_0/VIVOSDEV10_172_08a3baedd9430ff6_snr0.wav","81ba2c00f9ebf0105867035778c31e91fb6583d975df255fce0e26b83a7789d7","81044"
"data/derived/paper_v2/final_benchmark/snr_0/VIVOSDEV10_176_b0974ae49ecf2808_snr0.wav","06f7c3abaceba079ef1fde4c65eaa246dc5c5555776bb64d5a88fc2ef2162b99","98044"
"data/derived/paper_v2/final_benchmark/snr_0/VIVOSDEV10_189_465a1898fdfa4f27_snr0.wav","f836a3ae0ee440840fdda2087143e4c0a9d4e0d5a0434daacbcf85af747d96ae","56044"
"data/derived/paper_v2/final_benchmark/snr_0/VIVOSDEV10_194_df9a83713cfb381e_snr0.wav","718c0f27ce6b98a5400433c902e88c988b667e2fa28936a92582e8ab6ed8735a","108044"
"data/derived/paper_v2/final_benchmark/snr_0/VIVOSDEV10_211_8223dbc761fad61c_snr0.wav","68a57da399f05cd84cdcf2693487d430ed7247834742a20532ceb519732a069d","74044"
"data/derived/paper_v2/final_benchmark/snr_0/VIVOSDEV10_212_a284d1007ddd96fd_snr0.wav","6b01a091f8796da1704f07cefba463258ff24dab633736e37df8c0d4ab3cdfab","64044"
"data/derived/paper_v2/final_benchmark/snr_0/VIVOSDEV10_227_52190f0aae0fab64_snr0.wav","790d90e63b6330cfd6ec7bae08bf54abfad01efba8b6b27758ed7caf8d55f6bf","51044"
"data/derived/paper_v2/final_benchmark/snr_0/VIVOSDEV10_234_df77282e7100d490_snr0.wav","d383cc94fcf50cd56d65e9dd6d2c461b8ba274d087db61bbe8a836f8f4f38a0c","62044"
"data/derived/paper_v2/final_benchmark/snr_0/VIVOSDEV10_247_1e45d026b4cfcd5c_snr0.wav","7d5f966fccdea4dc8eee4973792e1f9547d5c6f397363fee18719add5150872c","58044"
"data/derived/paper_v2/final_benchmark/snr_0/VIVOSDEV10_249_bbfbf9a60ab7a6c9_snr0.wav","6dea2d9e4add74aadbb01f1ecb3ee7ae569cece70b9700d2fa5543f451c59994","69044"
"data/derived/paper_v2/final_benchmark/snr_0/VIVOSDEV10_278_7ded3d951b04afad_snr0.wav","d25010f391d2b670c81d76fb9accfd549547da2f5868c7174f5bc87acfb354d7","78044"
"data/derived/paper_v2/final_benchmark/snr_0/VIVOSDEV11_022_cadb6f1f596bca70_snr0.wav","c81ee915a1e42e168ce131603745a59ea9af87b36155ad15fadeef383944af27","88044"
"data/derived/paper_v2/final_benchmark/snr_0/VIVOSDEV11_046_a6e8a8f8048a4f7f_snr0.wav","e78355da3207b5883c1789b9ba25f854ebee4e115bec902d4109a7098da8dc02","123044"
"data/derived/paper_v2/final_benchmark/snr_0/VIVOSDEV11_057_b446cd8a61cc0ca4_snr0.wav","c97c98d2fac4d8f985e81c8650a66c06a1198e84c6276222f2154f5baf536938","69044"
"data/derived/paper_v2/final_benchmark/snr_0/VIVOSDEV11_063_1a9160f367731b13_snr0.wav","f2f3f74d98676b9c6991842237d1baec248039b9f9ea17c35f6056e0ad45700a","88044"
"data/derived/paper_v2/final_benchmark/snr_0/VIVOSDEV11_076_ff1697c9323634ad_snr0.wav","d67333bb152bd48b0be996c27c8a2453914e068322b11becf732c9a18092330f","108044"
"data/derived/paper_v2/final_benchmark/snr_0/VIVOSDEV11_077_449d90a0c3b14f6a_snr0.wav","06fbc996b1de24d518c52ddf1202249c74a91ddec6be10f813142725d3c6adb6","124044"
"data/derived/paper_v2/final_benchmark/snr_0/VIVOSDEV11_079_04faaf3565291f39_snr0.wav","0aad20ce1f032e1e472a0ca7510fb15448cbeb22407c2ebf10ffab17caa7bd95","114044"
"data/derived/paper_v2/final_benchmark/snr_0/VIVOSDEV11_081_315a33a3e11d0602_snr0.wav","75e3ea609e4222c94b537ebaf337ea1a2dd1ae9ecd7f1bb8a16d05b953f8d648","76044"
"data/derived/paper_v2/final_benchmark/snr_0/VIVOSDEV11_095_b68867f2547a4d78_snr0.wav","11108a35a1de3dc64f7544341116495a067fab9c9724c12e35a42de1f17d015b","104044"
"data/derived/paper_v2/final_benchmark/snr_0/VIVOSDEV11_122_013b5843c3710f6c_snr0.wav","570d4b460f48262627fe7c70cc7b7ed46b0cd5345b1d9ace6a424f5a06cae861","60044"
"data/derived/paper_v2/final_benchmark/snr_0/VIVOSDEV11_123_f91ebc96ba1ee4ef_snr0.wav","a80fdd0d586f6b301c3832be49c26650c13cabd60664ffec8044016168bfea72","92044"
"data/derived/paper_v2/final_benchmark/snr_0/VIVOSDEV11_136_5a19df75ebd25665_snr0.wav","3dd509abc5ec10e6afd853e7d450a476a731c4695707516f568551afdfec66e8","150044"
"data/derived/paper_v2/final_benchmark/snr_0/VIVOSDEV11_147_ea3f7eff494d44b8_snr0.wav","82c4f307eea17ef844e09acc79f229d5ad209a27cd3fb4d9145136aad1b05f75","199044"
"data/derived/paper_v2/final_benchmark/snr_0/VIVOSDEV11_164_fb71f9dc56204896_snr0.wav","5d703e96edbcd782d66eeffe433b424a8fc051f313d612ea46f4b0b95a5c3f5e","172044"
"data/derived/paper_v2/final_benchmark/snr_0/VIVOSDEV11_198_8f1afbc0e92bf51f_snr0.wav","50fed6d56f94b8f80d5f679a13bd7783574065195c1a2f376e1923cab6f662d5","154044"
"data/derived/paper_v2/final_benchmark/snr_0/VIVOSDEV11_200_917faf8abe37f63c_snr0.wav","d8bd9f053c2c105f01890bfb1fbd54e9c52227cb7b3c23ea90962a2a16e488c1","71044"
"data/derived/paper_v2/final_benchmark/snr_0/VIVOSDEV11_234_36ba5df917df8a91_snr0.wav","fb1b21a8bdf268609184e2ccdc07e001af73e139c4f7a07dd2541d6874407515","98044"
"data/derived/paper_v2/final_benchmark/snr_0/VIVOSDEV11_246_6cf926e7e084d680_snr0.wav","18482b6b12ae457c7064305740ce97c213644e56da833c6a4dd5f16edbf40644","86044"
"data/derived/paper_v2/final_benchmark/snr_0/VIVOSDEV11_252_d896b0740bfa0eb3_snr0.wav","898cdb5be64ceed083a388d4a17bf91a5d9082e52f91b0c872b6325924db1d77","139044"
"data/derived/paper_v2/final_benchmark/snr_0/VIVOSDEV11_262_693568e1a75dfff8_snr0.wav","045ef5dfa1157c778cda90dd1bd674c050463f4aaab13130adf85edf7d6f1868","122044"
"data/derived/paper_v2/final_benchmark/snr_0/VIVOSDEV11_269_2f68b27c584b2ecc_snr0.wav","4c5f7c6e57f13892c4a64743676e64db3fa3e92e2c852069074ec5e0c6630392","149044"
"data/derived/paper_v2/final_benchmark/snr_0/VIVOSDEV11_273_e53fd1128c1ff363_snr0.wav","1bc58385a82e8a949be09785fbd6c0ff46e628860d58444424d08918d9e21465","86044"
"data/derived/paper_v2/final_benchmark/snr_0/VIVOSDEV11_274_b6f5d4cc8e1f6012_snr0.wav","44cc87ce249dbeba8a5412f23844d99b414046dc44679efb7fb8061cf803eacf","97044"
"data/derived/paper_v2/final_benchmark/snr_0/VIVOSDEV11_289_c0d03133b954c7c6_snr0.wav","b544900fa1c0fc270fdaaa78be2d0ea7451043da7d38571bcdf13cb955f2eeb1","155044"
"data/derived/paper_v2/final_benchmark/snr_0/VIVOSDEV12_006_08e4b95419fb8a4e_snr0.wav","c68151a9dd7a091579986919962ce596d17160da339a11b956412568bc2fd2cb","132044"
"data/derived/paper_v2/final_benchmark/snr_0/VIVOSDEV12_011_4c46d28ed73d8764_snr0.wav","4e9fc965d7a9925e551ab89874e0a4953f73fee726ce2436121af065a249ebaa","105044"
"data/derived/paper_v2/final_benchmark/snr_0/VIVOSDEV12_015_0b3ab9efc47f5bcf_snr0.wav","9f963364b2a3f1c2f8fe3d97d1978106bf8460bbfc69ffb4687bd4312906e514","82044"
"data/derived/paper_v2/final_benchmark/snr_0/VIVOSDEV12_032_496f0ac56bc8b47a_snr0.wav","65d79ea442ff1238b55108969811a55386bf014e7bb69ec377c975c7e6ab8943","137044"
"data/derived/paper_v2/final_benchmark/snr_0/VIVOSDEV12_056_c95a87a305f3d12c_snr0.wav","0d525c208b811ecca7b1440cd9b6363661f9c1acc9b3ec966983a4a836bc078b","95044"
"data/derived/paper_v2/final_benchmark/snr_0/VIVOSDEV12_057_5f9cfc67de1d7708_snr0.wav","c7662b795016035ce970ab43f070fdaa1715b43bfd8cdbcf0ac67f34c4530eff","138044"
"data/derived/paper_v2/final_benchmark/snr_0/VIVOSDEV12_066_6a94ad76bbbd6b34_snr0.wav","69e9b25a1727a8d8f85ffbd45f81af5fd8319c4600e6ca9804fec29bb4be22d4","108044"
"data/derived/paper_v2/final_benchmark/snr_0/VIVOSDEV12_068_b33d9fb3e9b0159a_snr0.wav","853fa7eb7edb4ffdd53cbffe374fbe5a604d9ea1aefd74a5928fbb9ede5463e0","100044"
"data/derived/paper_v2/final_benchmark/snr_0/VIVOSDEV12_079_6a96c4e1d4360a06_snr0.wav","45d52b1defe17d1c75cd57f5596618483d6cfb23124fb4f8d7abed27d0b76263","106044"
"data/derived/paper_v2/final_benchmark/snr_0/VIVOSDEV12_101_bc8cb676d9891d99_snr0.wav","f135108d189f459c1f2bbdd140e7e0981627d00f811deb4bcf912c0a90986374","156044"
"data/derived/paper_v2/final_benchmark/snr_0/VIVOSDEV12_116_2c951f867ed58191_snr0.wav","254ae3054c64e8d48c318a5efdbb4071c5bfdd2122c7f647ed15cbdfa4dfb834","91044"
"data/derived/paper_v2/final_benchmark/snr_0/VIVOSDEV12_132_d8f5ad1fed150c6f_snr0.wav","c4389a099ff9595c3a997f5dcff769ee69b8c0545d32f878b2986b08af970d04","106044"
"data/derived/paper_v2/final_benchmark/snr_0/VIVOSDEV12_144_ba2248dbb29fceec_snr0.wav","a805b2ed2730252185e8b4924e9345807e4ffb5e62969001830e5f76fdb3cf9f","66044"
"data/derived/paper_v2/final_benchmark/snr_0/VIVOSDEV12_166_f2f7b8d7495c3e9b_snr0.wav","550937675f787e854d9435d817f81abcab2f2f0e3a3e6110b2c139bea9543d52","86044"
"data/derived/paper_v2/final_benchmark/snr_0/VIVOSDEV12_169_e9248d4aeedde6ce_snr0.wav","8ba97a5bc44d944c6dfd34140133224484ddf74354cd950bb8aa06cb4121b82c","74044"
"data/derived/paper_v2/final_benchmark/snr_0/VIVOSDEV12_173_73621b4a6735ef02_snr0.wav","b8baa75da1e8c6bc7feafc421a55e4ec4750e5dd137e18d4e8be5a7fb009453a","89044"
"data/derived/paper_v2/final_benchmark/snr_0/VIVOSDEV12_192_75eff7a2f2edbd11_snr0.wav","f88b42c06360b5278a63fab57b198b47ee07ce6f360c4e1b7fcee3d27a4352dc","88044"
"data/derived/paper_v2/final_benchmark/snr_0/VIVOSDEV12_213_e01a730a46a3aaf5_snr0.wav","61bc9e56fb672ff25572441cbfb8572627b475c008eb9f83bb611e1c9a46682c","91044"
"data/derived/paper_v2/final_benchmark/snr_0/VIVOSDEV12_223_f432cabab9ef97f1_snr0.wav","241b124e5c8b5ddf6db7d0592a3007dcedd33bde295d4493f2fce606b7e6c0f1","90044"
"data/derived/paper_v2/final_benchmark/snr_0/VIVOSDEV12_232_0f0dc8eccc184372_snr0.wav","7bbba407e1746b632a3af82d873a4a77a00ef85fdb964ad8bd528ab6a8e5dfc8","78044"
"data/derived/paper_v2/final_benchmark/snr_0/VIVOSDEV12_244_6034de5c9cf471bd_snr0.wav","2bd9cc9b8054323c9d00c02319fe19cd53cf575730367dcc068e3f72b2f508a9","86044"
"data/derived/paper_v2/final_benchmark/snr_0/VIVOSDEV12_248_592ba100a9721f88_snr0.wav","3dfff19a67cff698d97e1044d30fd434ea19545405d3e1626e31bf7adb65ca08","148044"
"data/derived/paper_v2/final_benchmark/snr_0/VIVOSDEV12_280_e191aeae5ef0e3df_snr0.wav","3a04251c1bc1e509a43237bf2efe539d239935159ed7cec79df67c9a6a5a6b35","100044"
"data/derived/paper_v2/final_benchmark/snr_0/VIVOSDEV12_290_b1643bd011068f90_snr0.wav","df2b079d7ca97a46f1b98ab4dc8a65ad94bfd6c27a691dfdacf01caa9899c774","120044"
"data/derived/paper_v2/final_benchmark/snr_0/VIVOSDEV13_019_7dc0a9b616d91929_snr0.wav","a0074500cec0d7434610a263927e878f8ae3666d0844be0fbefc6060319b9651","132024"
"data/derived/paper_v2/final_benchmark/snr_0/VIVOSDEV13_026_acaa22faaa96ba2d_snr0.wav","fc032c6bc60acb8edc51bdb5b4c049a949b07e9d292ae51e9726648176122875","134024"
"data/derived/paper_v2/final_benchmark/snr_0/VIVOSDEV13_058_f3e1aa84096a8f30_snr0.wav","5666b1b66bda1c532217c358263d0fa979461971ca3394b1b9a18a33355ff0a8","139024"
"data/derived/paper_v2/final_benchmark/snr_0/VIVOSDEV13_061_56fc48bfd4341960_snr0.wav","e88c5f1f9c36bd313e223a5587cf3dacdcacb325279c6a5b867a19a8a805a755","132024"
"data/derived/paper_v2/final_benchmark/snr_0/VIVOSDEV13_075_e536c2eb044bc745_snr0.wav","20fab010eb9f9d42f625904cf3a4a6e751c13378ef955dc480c3d935801ae62a","140024"
"data/derived/paper_v2/final_benchmark/snr_0/VIVOSDEV13_078_4ecb4951eaf37fe5_snr0.wav","3594af99cf9b36205580a405ae85ad53e9a0d484815665b8933f77ab08b9b384","146024"
"data/derived/paper_v2/final_benchmark/snr_0/VIVOSDEV13_089_676b228af3647a0e_snr0.wav","31033fab5c0e6615104d21f6c4d8893d45c1056d6d41d76d12bf028096cc3b35","206024"
"data/derived/paper_v2/final_benchmark/snr_0/VIVOSDEV13_097_4208aa35d783e2d5_snr0.wav","8fc12454d32ee2819777d32e139253589f20a6ec4f898dc8af891fde555f39af","236024"
"data/derived/paper_v2/final_benchmark/snr_0/VIVOSDEV13_105_e92fba639de8d9a7_snr0.wav","8fdafc6804b3d74f34e411c4a808d738e83afb8ec944c721b394d0db2ec42de4","251024"
"data/derived/paper_v2/final_benchmark/snr_0/VIVOSDEV13_136_c76af10a8884cbb1_snr0.wav","49c15df2714cd8dbc3c94f12033d89add57dd8fc266373c92a4f4f9aaf38429c","136024"
"data/derived/paper_v2/final_benchmark/snr_0/VIVOSDEV13_137_edeebc5a86c9a9d7_snr0.wav","d72ad74b1f52053a11e09ca36f01aa5b8ac85d868f1ace106ec7807aa9daa507","104024"
"data/derived/paper_v2/final_benchmark/snr_0/VIVOSDEV13_139_3c1ec9cbf2477d8f_snr0.wav","a48d45eef71e03c4e528edf8389cd4fd295d58855262a9783c23db846117b332","132024"
"data/derived/paper_v2/final_benchmark/snr_0/VIVOSDEV13_146_9c7709bf8e33f085_snr0.wav","38668cc7eb5d6e845bdaa3720f645a1fff81f24318a19172cad9748969a34331","164024"
"data/derived/paper_v2/final_benchmark/snr_0/VIVOSDEV13_147_dc513d171949fa0f_snr0.wav","d41a6177d0e8aad76afbf357345391ea872bc0a730a963140962f9ffe257a768","147024"
"data/derived/paper_v2/final_benchmark/snr_0/VIVOSDEV13_150_385ed122a724f6ca_snr0.wav","590a62a19d01fb76b1209eff11cee6937256121825f375b1dfeadb1f2c3f65e3","132024"
"data/derived/paper_v2/final_benchmark/snr_0/VIVOSDEV13_222_3253c25725e89a64_snr0.wav","290787e34498a78fc762f9fd9c83530cc1eff9f6058558bddd09849623fac6d6","119024"
"data/derived/paper_v2/final_benchmark/snr_0/VIVOSDEV13_241_625536b016fc905f_snr0.wav","3ace84a1f90204b985d8e7a67a626f549ef7a709aa1cf6feb839650dbac330f9","84024"
"data/derived/paper_v2/final_benchmark/snr_0/VIVOSDEV13_252_f79f88e3c970aa4d_snr0.wav","e819230e6017126158afedb49da678fc7066d8e0d871ebe1b13a49d2400c084a","126024"
"data/derived/paper_v2/final_benchmark/snr_0/VIVOSDEV13_267_72409a7e7e244232_snr0.wav","9fd3d65ec7d2b8ccc95e442d09bb05d3f5c6a8459cd7ac9fc266592a6cc76566","126024"
"data/derived/paper_v2/final_benchmark/snr_0/VIVOSDEV13_277_e14e5b28a6bed6dc_snr0.wav","b91e694bb8e6eb5d76ad235fc2143a6d616ffe442275670c01e304da8ea7036b","127024"
"data/derived/paper_v2/final_benchmark/snr_0/VIVOSDEV14_018_a7a267c12b385138_snr0.wav","65572d25bb1e3ee3f146ec78b45f3e63e7f09c37687edaa521937d81654dfa05","100024"
"data/derived/paper_v2/final_benchmark/snr_0/VIVOSDEV14_022_d7ec282861e880b2_snr0.wav","ed7851fd40be1ff79efd06e8d8eb91858ccf1bf2e7b0e4924e77f9920cfae2a7","96024"
"data/derived/paper_v2/final_benchmark/snr_0/VIVOSDEV14_035_dca48e7b8b30fc16_snr0.wav","eb9487bee5480644906c2b57f4d40573e3119b43aa9bab249fb46c88a9276386","106024"
"data/derived/paper_v2/final_benchmark/snr_0/VIVOSDEV14_080_401e89f76d9d3c3e_snr0.wav","76ee571ef0911f2546cea401d5f685ef1f18d8086a8e79fd510596537a081297","132024"
"data/derived/paper_v2/final_benchmark/snr_0/VIVOSDEV14_085_ce1e54effe3dc7fa_snr0.wav","c6698970a2d6d6563256d45a3b09393ac3f294a6be44101cdd999d1af20ab31c","154024"
"data/derived/paper_v2/final_benchmark/snr_0/VIVOSDEV14_093_1ac0a754ff05658d_snr0.wav","244226748c8a90103ff17bb647591fb73111f933bbbb40533d8d34e440da38c2","140024"
"data/derived/paper_v2/final_benchmark/snr_0/VIVOSDEV14_104_c6a801dbe85ca997_snr0.wav","576acacbfc3bc5c1c3f2b1a458dd535c3ffcff4c6fd3248562997dd60a0b8fce","139024"
"data/derived/paper_v2/final_benchmark/snr_0/VIVOSDEV14_115_37f5584ecf03f3be_snr0.wav","23a3d7c3cc49f9480f196945a63118e59f7ccd7076a253edef0df4b75e226080","132024"
"data/derived/paper_v2/final_benchmark/snr_0/VIVOSDEV14_134_d312b976506b0bbf_snr0.wav","8966461a35883ad85da022066ff500337e64e25cb631bb046cc93ef60f63e5bc","124024"
"data/derived/paper_v2/final_benchmark/snr_0/VIVOSDEV14_151_1cba195b1ac4f373_snr0.wav","9528a545c0b5ebafaeb2a54e8e547f432cfbde01ddfd854fd6c51e74e64f37fc","99024"
"data/derived/paper_v2/final_benchmark/snr_0/VIVOSDEV14_156_f68ac84c96949760_snr0.wav","144a49816cd254b9ae17d119dca6e3ac30f3d748b535d4340ce897d9e3c0a900","99024"
"data/derived/paper_v2/final_benchmark/snr_0/VIVOSDEV14_163_f68349d62fd02355_snr0.wav","a533033d09933c8efda609e177482a9c85b666de81a8982da369f62498ea18bd","100024"
"data/derived/paper_v2/final_benchmark/snr_0/VIVOSDEV14_186_c835e852d47bad82_snr0.wav","17af39de17a5db0a69ca2c7bcb62289d4eb73162ec83f868497e5ebd5f43d029","90024"
"data/derived/paper_v2/final_benchmark/snr_0/VIVOSDEV14_191_ae8fd6dd9a7902ad_snr0.wav","6e96c4d451b5df762e89047b3b9ba6ca1f7f066586beeabd346d44ec27220deb","144024"
"data/derived/paper_v2/final_benchmark/snr_0/VIVOSDEV14_194_6d1c0688ce8bd42d_snr0.wav","a68fc3a5cf1c4e23e73f2efe987d68e32f3381290e99b24549a52aaf5d225022","88024"
"data/derived/paper_v2/final_benchmark/snr_0/VIVOSDEV14_195_4be07d7d6547bfd8_snr0.wav","831572bdd58966b011a4ed38f5d5832e845c5e63105244e08ddb03beb171a1d4","174024"
"data/derived/paper_v2/final_benchmark/snr_0/VIVOSDEV14_225_e0711eb627ed6989_snr0.wav","c175087080b3da75fe93db35cfa0ea170942062d6869ca7df3d9cfcab7d72b69","136024"
"data/derived/paper_v2/final_benchmark/snr_0/VIVOSDEV14_227_801ad4c521b742b6_snr0.wav","7b4c72c82b822936d8640692fa9d0757934f0f8153a13f56ae10d0067fbc121d","102024"
"data/derived/paper_v2/final_benchmark/snr_0/VIVOSDEV14_236_cbad560a71c410ef_snr0.wav","b640a0ee92e5c3425271dd8367c68af4ae2d1febd694b28b68f896668dbd1cc1","98024"
"data/derived/paper_v2/final_benchmark/snr_0/VIVOSDEV14_256_add3b3f4adc38fcd_snr0.wav","7bd3d9efdbd24b82ac7a92a616e875b10178a1bd548b8da74cf5666c99978a2d","124024"
"data/derived/paper_v2/final_benchmark/snr_0/VIVOSDEV14_280_22b1c613a5ef2c60_snr0.wav","11d454c5fd0f782d4a07a6f9ec17472974b04271f52d1aef28b4e63594511eff","96024"
"data/derived/paper_v2/final_benchmark/snr_0/VIVOSDEV14_283_efc579ae334ef14c_snr0.wav","82eab40fc99cde235e90994c91ba314556cf57f95e7b21162b98b194073615e4","125024"
"data/derived/paper_v2/final_benchmark/snr_0/VIVOSDEV14_286_dc9508056ccc988e_snr0.wav","61ec8808d45ee9e4a54ca2797a31236eeac097dae10ad1d4bba06d0e9a7793a0","93024"
"data/derived/paper_v2/final_benchmark/snr_0/VIVOSDEV14_289_a9e35eab11cb66aa_snr0.wav","7f347544b2807b81dac6b2333cd893a26bcf152761c71ce6f4913a3bb421f0a5","118024"
"data/derived/paper_v2/final_benchmark/snr_0/VIVOSDEV14_291_7fe4e17effebe269_snr0.wav","124a8ee4d026808fb2b7e3a5524f0c2c596fe10e21195a81a0341c7f819a024a","114024"
"data/derived/paper_v2/final_benchmark/snr_0/VIVOSDEV14_294_1a0078de6bfa79ce_snr0.wav","b1f0716ab969bbc2059c3d5d9c0aff3cac598a39da73a9338483dc7d579d0e17","106024"
"data/derived/paper_v2/final_benchmark/snr_0/VIVOSDEV15_014_c3e9e6df27ea665b_snr0.wav","846a225af6c662ce06f5e9906920068bcbc27f2d4f83c1b184ff92b242446be3","124024"
"data/derived/paper_v2/final_benchmark/snr_0/VIVOSDEV15_020_472babe113851fbd_snr0.wav","c476da07271c0aed9df37f6b1dfeac4c5b5e0e921701d3c613e470c321f57795","91024"
"data/derived/paper_v2/final_benchmark/snr_0/VIVOSDEV15_021_3bba5b9f8137393f_snr0.wav","712e9a95587616d04ae07580a2a5e891f67624979b647057355d55ba7187c728","110024"
"data/derived/paper_v2/final_benchmark/snr_0/VIVOSDEV15_026_03efce3dee466c12_snr0.wav","dea94fe2a3a4ef1486f92e9077efaffe0e5fefb34cfc119d720de49106090367","110024"
"data/derived/paper_v2/final_benchmark/snr_0/VIVOSDEV15_037_791e87a2ba2a0203_snr0.wav","346429b4b1f8f3f63bfc1f6491c050c9caae8492d7e9f2659168f644a392b5db","117024"
"data/derived/paper_v2/final_benchmark/snr_0/VIVOSDEV15_038_855b579c865cf8c4_snr0.wav","1846ded5d044b609d38b86a01c665323a9d961a64999864fafc20e43b7ed3a23","138024"
"data/derived/paper_v2/final_benchmark/snr_0/VIVOSDEV15_050_be283f93c2a94605_snr0.wav","3945a04fc5b88d5f5363a9fc756e4bd3f89cacebf3796d8effaa1be4ca6c113f","138024"
"data/derived/paper_v2/final_benchmark/snr_0/VIVOSDEV15_062_3649c2d5b9c221b1_snr0.wav","85468800cc3e9eed9219901d9acca8ace374e05d6c0281608d1b672962b9daac","129024"
"data/derived/paper_v2/final_benchmark/snr_0/VIVOSDEV15_066_ff2d84e4cda822c9_snr0.wav","7a754a129fca6b57f668891495cbc7ef1a3992b71b61df6a946444ce5dd467e6","140024"
"data/derived/paper_v2/final_benchmark/snr_0/VIVOSDEV15_092_b45ecf35bf2609d5_snr0.wav","ee7fb204cd97cefdc337056a8a9be0532c7194031889d6146fc0e47704ffe0bb","140024"
"data/derived/paper_v2/final_benchmark/snr_0/VIVOSDEV15_109_2373fa1de6bede8c_snr0.wav","50967ef36bfc6063146256963724a7773be16e3c421e5f59c3c5c8f17d04e3f3","97024"
"data/derived/paper_v2/final_benchmark/snr_0/VIVOSDEV15_111_96ff547a951dc948_snr0.wav","3a9c397bfeddeb85e41653ed45d0d10a8bdf4a3535008c22b7a4cee9bf0b4e6a","109024"
"data/derived/paper_v2/final_benchmark/snr_0/VIVOSDEV15_154_2f19ee0c69ef7f17_snr0.wav","7fec94225ceeaa6fc665e9ad4b1b301de9b525228f21a0434c24f005333b2fb5","120024"
"data/derived/paper_v2/final_benchmark/snr_0/VIVOSDEV15_168_dc4082e512b32df3_snr0.wav","d27bdc5a9be8dadd8d900b5a1c5771c5c76dd0f83b8e9ac450d40d01ba43111e","178024"
"data/derived/paper_v2/final_benchmark/snr_0/VIVOSDEV15_180_07d11bb94951a332_snr0.wav","d105d8e3f00004afa5e03e5480dfd9988b1dfdb0dae2d368bf1191c31c3a62fc","131024"
"data/derived/paper_v2/final_benchmark/snr_0/VIVOSDEV15_198_82e51b6e668d1032_snr0.wav","1681f9539e6dd893b687b24f67df4fe16615b36a477bbce4e9055083ee5e335c","156024"
"data/derived/paper_v2/final_benchmark/snr_0/VIVOSDEV15_203_0413c12726864eb1_snr0.wav","e633cc30bd7d4d228ad8ac6e7371e9000c000adaf6b7fe0e2c88bf279bd37019","134024"
"data/derived/paper_v2/final_benchmark/snr_0/VIVOSDEV15_204_35ee71cd46d1d367_snr0.wav","6d1685859aa933e62f9f99ef6e6381114dd3bf5193614852cd34f0d1ec10ea98","139024"
"data/derived/paper_v2/final_benchmark/snr_0/VIVOSDEV15_216_a0eed7eea456cff5_snr0.wav","6d8cd1fd6495d24840e6c20fcd08bd79b4dc07a8a4d19be7ae287b5d8d580b31","104024"
"data/derived/paper_v2/final_benchmark/snr_0/VIVOSDEV15_220_92670eb975d3f023_snr0.wav","9f062ccc9d4926e86d610f3dd9be258826828532642abeaa2c567fcdd02e8f7d","120024"
"data/derived/paper_v2/final_benchmark/snr_0/VIVOSDEV15_267_5ff7ee73fbf23928_snr0.wav","4a0470cf26dc79f4a09e7a4f25aa846b76146181d802abcf66fc0e5642a13c0a","112024"
"data/derived/paper_v2/final_benchmark/snr_0/VIVOSDEV15_271_4db556829b304471_snr0.wav","3480d1da77ac6f38434320d08a11d641d1c069ded9665f653419fc72cd623d97","147024"
"data/derived/paper_v2/final_benchmark/snr_0/VIVOSDEV15_299_e533109fc2810a4e_snr0.wav","6ae6cf324b3746f6e769117381a7a2f152f16fa7ce935d25f5892185ca5ccb99","124024"
"data/derived/paper_v2/final_benchmark/snr_0/VIVOSDEV16_049_c3f0fe90610fe74e_snr0.wav","664f2e95adac1f20b95874fc3df815c0d7d8220b6e40dba69ca519c4391cbc37","194024"
"data/derived/paper_v2/final_benchmark/snr_0/VIVOSDEV16_050_166d529129a3c953_snr0.wav","2e98d5a3c0bc0aaee17ba2825e828e1e5f28df860c176a4ac6a509972e5999a2","120024"
"data/derived/paper_v2/final_benchmark/snr_0/VIVOSDEV16_051_554978033a53adfa_snr0.wav","967f8b01117cc3a36122c739b92fbf12d61d93957844406146335644f6a709ea","134024"
"data/derived/paper_v2/final_benchmark/snr_0/VIVOSDEV16_068_04344be8e1239836_snr0.wav","9fdc6b4d7f2ff303401304d99c8f6ed3d0b6540910bdba39893044ce1c6cbb7c","136024"
"data/derived/paper_v2/final_benchmark/snr_0/VIVOSDEV16_074_b932dcbe6fb22eef_snr0.wav","61de15b0f79d717d71dc0d8a672a5938d5195a88d8146f779f14d04c0d0cfcff","128024"
"data/derived/paper_v2/final_benchmark/snr_0/VIVOSDEV16_112_0785c98e687f6ea7_snr0.wav","3f61a1c790f9f60f98ab638bca9d50c059d14d7bb1d8095af24ba932940346d2","122024"
"data/derived/paper_v2/final_benchmark/snr_0/VIVOSDEV16_149_8e1c93ed056a6401_snr0.wav","a57fbd37d77732a3349ce89a20e4f7eee96dc0aa13bb99140d85cf9e8f224e93","140024"
"data/derived/paper_v2/final_benchmark/snr_0/VIVOSDEV16_154_c6e5f5e4fb27a84f_snr0.wav","cc7da2655676dd4a4e7e82aadd7cc48f8be8b6d61d9efbf9684b83e4744cd66c","127024"
"data/derived/paper_v2/final_benchmark/snr_0/VIVOSDEV16_168_a97b36c616c7ad93_snr0.wav","8f0b559af7cf9ee119729d8322699bc1c02a5af5ca46019763dad5119f41d6d0","130024"
"data/derived/paper_v2/final_benchmark/snr_0/VIVOSDEV16_173_8aeffd6b17558c35_snr0.wav","c5e308f7b6a62ea84309e77a100fe37e0ca0def3454cc3cc2453e9fc3082d517","140024"
"data/derived/paper_v2/final_benchmark/snr_0/VIVOSDEV16_175_ed17741cfdc8eeda_snr0.wav","9d79d77212ef0b03d6e98a41643af9feee68951310b798501f447404f1cb3fd9","122024"
"data/derived/paper_v2/final_benchmark/snr_0/VIVOSDEV16_177_c27f60d1d6d744b5_snr0.wav","4116c6f42305e3a18943fc1f2e3eb9063d5f92afddbbde6a62f13949dfb6f524","168024"
"data/derived/paper_v2/final_benchmark/snr_0/VIVOSDEV16_197_109d771e7c54a05d_snr0.wav","19904c1c0e80c9a2fd77cfe8cf04d910a330a57bf961775c5bba798a18336c96","146024"
"data/derived/paper_v2/final_benchmark/snr_0/VIVOSDEV16_198_7add5eff3d0df734_snr0.wav","bffdd8635b44a4754cc8517a0a5b93cb6820d4cd83e76b731e303bc43bf194da","166024"
"data/derived/paper_v2/final_benchmark/snr_0/VIVOSDEV16_203_9c8c306bedb518d8_snr0.wav","3c918acc52c7553a69c9e7a2709ff5d1f78b7196e2f2bf6ef99d7d1e34e22902","123024"
"data/derived/paper_v2/final_benchmark/snr_0/VIVOSDEV16_233_81dd97ae35779853_snr0.wav","80a1acce61e16274eb154c703a27e21a44bb841fa3d3506263dd5b29f2ced9a0","174024"
"data/derived/paper_v2/final_benchmark/snr_0/VIVOSDEV16_247_5fcc9f24c0ce338e_snr0.wav","72f0258aafcc007346e0db9277403c5b535879898b77596f0c8f7f83b4efdc3c","166024"
"data/derived/paper_v2/final_benchmark/snr_0/VIVOSDEV16_267_351717254fcb4bf2_snr0.wav","fa27ca4b7bb6213b85f01c7c48cc98853b79916c1d1e4860b842f0c603599a59","160024"
"data/derived/paper_v2/final_benchmark/snr_0/VIVOSDEV16_279_993ff8a4ef6448c0_snr0.wav","7ba559751550ea407506d60d3e67e397523fe56190e5be7e6a18dd99bd5880e5","134024"
"data/derived/paper_v2/final_benchmark/snr_0/VIVOSDEV16_298_71dda9aa6747e5ab_snr0.wav","f36fc99c22dfbc4f623b0add29659d21b917be917eb3ed34cefaaa846518a87f","168024"
"data/derived/paper_v2/final_benchmark/snr_0/VIVOSDEV17_011_cba3c30e0b75f2fe_snr0.wav","1ece689cfb7552cee278c40bfe28ab3914c693964d77d73fa5c762964d1c78c9","130024"
"data/derived/paper_v2/final_benchmark/snr_0/VIVOSDEV17_024_013aa9ca64b6dcce_snr0.wav","28a7ade6900f897b731bf15b937fae98d66556d867981bbf532da84f0968b097","183024"
"data/derived/paper_v2/final_benchmark/snr_0/VIVOSDEV17_032_25c3c01116391bff_snr0.wav","f8505956dc40ff70c8f8424e23c6c6f56631cf704392234c6a8645eb2e3218d6","139024"
"data/derived/paper_v2/final_benchmark/snr_0/VIVOSDEV17_043_00aa0129ff8bbea5_snr0.wav","77bc704c0369bc49da613557ca016d809327177e242d697dc025f49802f27522","116024"
"data/derived/paper_v2/final_benchmark/snr_0/VIVOSDEV17_048_18f6c3087e88e9f4_snr0.wav","74d755ad69587aab172b74e77accf81241a9f18c03b977ef33a885eae326910c","120024"
"data/derived/paper_v2/final_benchmark/snr_0/VIVOSDEV17_060_aab6dd6ef6b33506_snr0.wav","11fccdfa69577d7dbb6e6a4122d4042ec5d5ad4f277a2cbf194807a4b5a959bd","111024"
"data/derived/paper_v2/final_benchmark/snr_0/VIVOSDEV17_062_50b8059517a4991d_snr0.wav","9cc3ee9807c53dedcc3304be051f6bfe536d135dec02d0dc32166c0cdf23486f","115024"
"data/derived/paper_v2/final_benchmark/snr_0/VIVOSDEV17_077_c57643bbbae981bf_snr0.wav","106743ea9584ca92dcda1b960adf23ede1452c14a0978bbf9bccfd7b23da8e79","136024"
"data/derived/paper_v2/final_benchmark/snr_0/VIVOSDEV17_090_2170204c08584175_snr0.wav","10db13f36ea2a73e3ddbe137ba224575d73c004824f189bb4df7f38bcc3979b1","113024"
"data/derived/paper_v2/final_benchmark/snr_0/VIVOSDEV17_099_85d980bf12be0cc5_snr0.wav","b5985cc54831f94461e4950b6d39f3881d1ef8bc4a686fd91958e969b3a4f893","147024"
"data/derived/paper_v2/final_benchmark/snr_0/VIVOSDEV17_109_fbbabdf269e6b1f2_snr0.wav","1dbbaeae590c6e8f61fbb49d4ae3cc7de78ee9a771d980f45ff50ce49066d782","122024"
"data/derived/paper_v2/final_benchmark/snr_0/VIVOSDEV17_114_32d175e76877382b_snr0.wav","ba1faa7ce067d9c21ce2d05efcab3b9614c6226efd5eda6cb01fbb15f4306b85","108024"
"data/derived/paper_v2/final_benchmark/snr_0/VIVOSDEV17_120_d52376a5b4497a81_snr0.wav","031876caba22e0a649141389141025e9a668fe702af97575a77dc9776637ee9d","121024"
"data/derived/paper_v2/final_benchmark/snr_0/VIVOSDEV17_133_4a9a149704edfed6_snr0.wav","8df9e4d8c5cae4cfa468de147c306da5a5b0e69e266bd274e5c4456279f717ad","116024"
"data/derived/paper_v2/final_benchmark/snr_0/VIVOSDEV17_147_2a74c50097720d20_snr0.wav","69e24e3f385870327c2ca472568a9dbbd8faabe2c8f56f81fd5bb385769fbf85","118024"
"data/derived/paper_v2/final_benchmark/snr_0/VIVOSDEV17_181_12974f27983d2be6_snr0.wav","f72ac71ee75a6ddb3f94cea6c048a34c6e1c0d7d946ba92945608227f8961aab","124024"
"data/derived/paper_v2/final_benchmark/snr_0/VIVOSDEV17_189_dd2f2e3ccbf3dc37_snr0.wav","68380bade3252816ce69d305d88fccdd9e5e87414d9d01b9e3b9d1ab1d3f9cce","160024"
"data/derived/paper_v2/final_benchmark/snr_0/VIVOSDEV17_192_af3e320fdbf78c55_snr0.wav","32385956a06f981ae4988196c9228a16d51b4bdcc64a4455e1e620e9e884a333","130024"
"data/derived/paper_v2/final_benchmark/snr_0/VIVOSDEV17_204_c19ef22a4dd512cb_snr0.wav","1c9e3a94ad4b955e9682c8d8f18d96022254580672c0ae1343df9c96304ddcee","148024"
"data/derived/paper_v2/final_benchmark/snr_0/VIVOSDEV17_208_4b3391290b299ffc_snr0.wav","be4beb355f40e92797b4dcd75364a6b4b1b21151f6535bd0256889a0fb902c42","164024"
"data/derived/paper_v2/final_benchmark/snr_0/VIVOSDEV17_217_90a7b20d0a69322b_snr0.wav","6f6580176ffd936c9afa54b44726129f9c18ef7ab0ee108dd155eace0839fc8f","190024"
"data/derived/paper_v2/final_benchmark/snr_0/VIVOSDEV17_241_96a9bfcd8951b27d_snr0.wav","a2dc84ffc224f05c293a1ed09a1153056501c516e7e2bfd5eb4f1556fbd448ab","125024"
"data/derived/paper_v2/final_benchmark/snr_0/VIVOSDEV17_254_616ce6dc8c944437_snr0.wav","55e2ebb1d2b565a73d95a028b0aab7396c1b2f705816f18c364706060ab3cbb3","154024"
"data/derived/paper_v2/final_benchmark/snr_0/VIVOSDEV17_271_2e3fbaad6744e8d2_snr0.wav","43e1da1c7e6901f4b8a202387cb28d81cc9e860fde40ad80d149d764d511b239","175024"
"data/derived/paper_v2/final_benchmark/snr_0/VIVOSDEV17_285_f8c6d6efc5c8b5a1_snr0.wav","8dc449279c5d75dc8f3a25c36e410dc3f7c8aea84b026d56a27cc713ac056044","136024"
"data/derived/paper_v2/final_benchmark/snr_0/VIVOSDEV17_288_67ee185a3d9565d5_snr0.wav","22959fbdec1fd815bff863959ef1d34170684d7872f3fd7164bef3a8bcfe65af","169024"
"data/derived/paper_v2/final_benchmark/snr_0/VIVOSDEV17_299_e25e4e2668683ea1_snr0.wav","2ba2cf9ff4b466a646f94b10c9207303da2014e12c30295f7a9b0429f10254a9","116024"
"data/derived/paper_v2/final_benchmark/snr_0/VIVOSDEV18_006_4e031e03c4c27782_snr0.wav","b1946c2a4018c4fecd72b8b7f035e205f843a98b77cc9aeb5f486c047d515aa2","104024"
"data/derived/paper_v2/final_benchmark/snr_0/VIVOSDEV18_012_f82f01b2465ab168_snr0.wav","5254319b8c0ba20720ddb1a08618a02057c5637ba82fabeb1c6c41ceecdb0923","83024"
"data/derived/paper_v2/final_benchmark/snr_0/VIVOSDEV18_017_8be4454dcb50c155_snr0.wav","cc466d73a7c3508cf3be943defd72bb67b08a149fea11ac316b8f1b4fb1c195b","90024"
"data/derived/paper_v2/final_benchmark/snr_0/VIVOSDEV18_060_179c6909b41d2716_snr0.wav","d3d6d1298afc58375ee24159b66100f75704896bf9ef60f2fb26255c12e4d6d6","75024"
"data/derived/paper_v2/final_benchmark/snr_0/VIVOSDEV18_064_3f042dacc3286a67_snr0.wav","ed7ee3119c84cccfb77190e26bd7ef41a56be715ef03a00c92d50409685597df","93024"
"data/derived/paper_v2/final_benchmark/snr_0/VIVOSDEV18_065_d52ca343aa3bb1d7_snr0.wav","4f41114a25c76e94f32d3bd28468a8b5a1f62ec440e144da878b2acb4581269e","75024"
"data/derived/paper_v2/final_benchmark/snr_0/VIVOSDEV18_118_df99b64f05bd1c14_snr0.wav","7d0b5000ba7581eec517e63dd44e38e0528cf288dbe769e49847840f93c8afff","116024"
"data/derived/paper_v2/final_benchmark/snr_0/VIVOSDEV18_120_4080e407b0565719_snr0.wav","5e8fd03c8a933f48ad32d1c880c43d34d739870d7b1707c0d7f5c8f295fa1491","78024"
"data/derived/paper_v2/final_benchmark/snr_0/VIVOSDEV18_155_9a3e19f16610b3fd_snr0.wav","1a66f97c2dd80aedd215d6f8d9ea62d52fdc4120828b2a7572a19efbcca0bf7a","126024"
"data/derived/paper_v2/final_benchmark/snr_0/VIVOSDEV18_191_c134bcacea19ddd2_snr0.wav","403abb92ab2e88202894015cc18f05a1fcf0778de34f1e5e74b5d1253bfb1760","128024"
"data/derived/paper_v2/final_benchmark/snr_0/VIVOSDEV18_194_ce12ca67a94c7c6f_snr0.wav","dec9321273d7c91fa8402b5ca5b3c234b1cbfd2e02fb6688ece2056cc91d887a","111024"
"data/derived/paper_v2/final_benchmark/snr_0/VIVOSDEV18_199_e1787dae6ccb4b04_snr0.wav","811faf57da206de5e1541cabb9010cd1064f56c56d6a3d8a18b1cea0fef1bdf3","93024"
"data/derived/paper_v2/final_benchmark/snr_0/VIVOSDEV18_214_73278abc3325dc9d_snr0.wav","101b0d944492ee09a0b3dc5af09070ddf0f41626ce7b901e832f92424ceb817c","120024"
"data/derived/paper_v2/final_benchmark/snr_0/VIVOSDEV18_250_ecb09f728b5ef008_snr0.wav","8b3f06cb54b16a3451c9ee5a20a1258a646186b36ea969ba3e4d4514b1347247","145024"
"data/derived/paper_v2/final_benchmark/snr_0/VIVOSDEV18_252_2c514940c4192e18_snr0.wav","884e6366f1f6c4df28c1e999ec11ed1ee7048f9a3abb068a9fd4ed3bbe2d0617","101024"
"data/derived/paper_v2/final_benchmark/snr_0/VIVOSDEV18_263_2fa15b3e743de6f6_snr0.wav","12c14828916394865d855267c0746823d78bcaedafc08d28d44184248880eb50","108024"
"data/derived/paper_v2/final_benchmark/snr_0/VIVOSDEV18_273_7dc21aca8145a457_snr0.wav","c91359d346470a1f89a7b282cec774d413d976b778c27efdd7e2fa185ab28cbd","107024"
"data/derived/paper_v2/final_benchmark/snr_0/VIVOSDEV18_279_194d89056e066d57_snr0.wav","8222b32cc98a52b149df8b09dc7ba306dd19b28dd37cdc23ec0202f64fe66f96","131024"
"data/derived/paper_v2/final_benchmark/snr_0/VIVOSDEV18_280_c5781ae066bc728b_snr0.wav","128ebf92db44a53d228b49d0657e86f0a6fa4806a15d6e50fb89f432db3ee0dc","94024"
"data/derived/paper_v2/final_benchmark/snr_0/VIVOSDEV18_293_0bd8fa8b0f3d8168_snr0.wav","086e9a1677ead916c1191efaba81859b9e4840ab94beb99f0559f451187401ac","79024"
"data/derived/paper_v2/final_benchmark/snr_0/VIVOSDEV19_008_8cd45b84a48f61f8_snr0.wav","992f04b257b02d4a179e151afc9f17ae6c1e8b1f9dcb7104f45dd1a35f53b606","154024"
"data/derived/paper_v2/final_benchmark/snr_0/VIVOSDEV19_020_304bbf5f2d6121c2_snr0.wav","8c70765d11fe7f2c50388f32e6d600bca9d4ad1d84389c622007a3c10bd32221","150024"
"data/derived/paper_v2/final_benchmark/snr_0/VIVOSDEV19_022_78e90914097b013f_snr0.wav","9f596fb2e20511f0fed9bde1bc9f69d10cb6e2612fbadd2e988d7fbac3ecb1a6","158024"
"data/derived/paper_v2/final_benchmark/snr_0/VIVOSDEV19_024_37166e91c63f9e7e_snr0.wav","ba3ec01d39d7322c430d828005db7fca1fd4666c9f88258773a22283c90a031a","125024"
"data/derived/paper_v2/final_benchmark/snr_0/VIVOSDEV19_027_4c8fafde77a410ed_snr0.wav","424c42e0f74d2e2f2c34e2bb3f5c92bd788abc9e7489fa61b7ae709dc76425b3","128024"
"data/derived/paper_v2/final_benchmark/snr_0/VIVOSDEV19_029_419181efdac5f405_snr0.wav","e3ac714cda338c1154845105b40111d99993d147990098fa523327562116286a","95024"
"data/derived/paper_v2/final_benchmark/snr_0/VIVOSDEV19_045_417cc15505dc7849_snr0.wav","00ae10466034841a86526768b428edeea2824562ee2689628e667de894719f8d","134024"
"data/derived/paper_v2/final_benchmark/snr_0/VIVOSDEV19_061_97d645b0687ed20e_snr0.wav","1b6319aca7124347272ec2a927d67760b555c45ae80532c1fbacf25db32ef7f0","130024"
"data/derived/paper_v2/final_benchmark/snr_0/VIVOSDEV19_064_3cafb4225948a045_snr0.wav","8da873f990a6181db0c6c07e0071b90b70f67bbefe18ce17e07229f4c22f75db","212024"
"data/derived/paper_v2/final_benchmark/snr_0/VIVOSDEV19_072_f5bb21c9908b3790_snr0.wav","132e6ad50c63e37470a0d29e2476b5204c7ab2db5d2269ae47ae72519f9812af","108024"
"data/derived/paper_v2/final_benchmark/snr_0/VIVOSDEV19_083_b05311ff96ed5ad7_snr0.wav","8933b5e1cb698c2ce0fede5eb2b36d07e407b0fc399fc76bfa3c896ca0b7289c","184024"
"data/derived/paper_v2/final_benchmark/snr_0/VIVOSDEV19_111_923c3c6372abd9d8_snr0.wav","70556751e9e358776e2c9af08b7b48c0a9a3b362af077562066fbd916b1367ab","142024"
"data/derived/paper_v2/final_benchmark/snr_0/VIVOSDEV19_133_2b1ec29ee3dc741d_snr0.wav","54fec6823815a2f10ad0751d0815a7f1044a5a7cfbd79b4fabd0e226e5d76dc0","138024"
"data/derived/paper_v2/final_benchmark/snr_0/VIVOSDEV19_161_f9751732f799a622_snr0.wav","1a24667c631e53a2dc8b7d0a471126e4bb25c015c5ce5e7a34d4f5ca31e976e6","184024"
"data/derived/paper_v2/final_benchmark/snr_0/VIVOSDEV19_163_fb4b7706ed2059ed_snr0.wav","63dfb214c18fce3d8379461ff7640c0b0b1292050be8f74715e46c5c32feda28","140024"
"data/derived/paper_v2/final_benchmark/snr_0/VIVOSDEV19_169_58b8bf7d19b3c3e3_snr0.wav","227856691a5c7514e9900abedfdfcb44f910f9ef75a37b4de54424e607da4343","130024"
"data/derived/paper_v2/final_benchmark/snr_0/VIVOSDEV19_179_5e8ecc490009703e_snr0.wav","286b7a7e0bd63ad3d5117953b4f1095dfb85c8cd0250e81cab5332660cb68abb","141024"
"data/derived/paper_v2/final_benchmark/snr_0/VIVOSDEV19_196_782d1a0eeeec4487_snr0.wav","8db6f81d8e5e16b834be51a62df291c983c5da1ff45b56f4602e533375527877","183024"
"data/derived/paper_v2/final_benchmark/snr_0/VIVOSDEV19_218_db387f3a8b1fecb2_snr0.wav","71b2a1c9cfb3b189c00104aae5c23205e9005d935522d1fb55c9940425cab88d","170024"
"data/derived/paper_v2/final_benchmark/snr_0/VIVOSDEV19_244_527f3a7b7f7ebd6e_snr0.wav","3942ddacfd1c367d2e18a35f1b73eab2a8703d90cb52de7a732191c1ac437a22","134024"
"data/derived/paper_v2/final_benchmark/snr_0/VIVOSDEV19_245_3ec82c5773f2d4f8_snr0.wav","cc680206c2055cce3bf09bb27f87a505079ceaeba632312fa952ea7562a311eb","140024"
"data/derived/paper_v2/final_benchmark/snr_0/VIVOSDEV19_246_ad15e226486de5ee_snr0.wav","ac7da7e7dece998405239eb34a9c8306e842046eacaaccbd9e0403b27146e60b","163024"
"data/derived/paper_v2/final_benchmark/snr_0/VIVOSDEV19_249_87952857a3ae4bd0_snr0.wav","3792eed95c85625aa95375e97eaab8440fd79d5e2e827e13ec33c354939350ca","144024"
"data/derived/paper_v2/final_benchmark/snr_0/VIVOSDEV19_259_830019d3c3f7fcac_snr0.wav","0818773c9a33e1db00e5b28f5d62b913ca856aef7fee5ce218017f5acd581259","134024"
"data/derived/paper_v2/final_benchmark/snr_0/VIVOSDEV19_262_a971a401b7bbdd11_snr0.wav","d14227ed281d9dcafee7fe7bf0c577f8ef91f6ec07616324def5845e67c36b72","149024"
"data/derived/paper_v2/final_benchmark/snr_0/VIVOSDEV19_266_09eb311490973a0a_snr0.wav","5fb7f65be0aa00cdf3431cf9f98b61f58dbf0633fcf6213f0bc30779f2269ef8","128024"
"data/derived/paper_v2/final_benchmark/snr_0/VIVOSDEV19_274_8b09f10a8b2e79b7_snr0.wav","0a2cb806a0979f72a977f9f29dff0a0184eafb9e3e0fa8f6b071717b9a753257","117024"
"data/derived/paper_v2/final_benchmark/snr_10/VIVOSDEV01_R002_fd79213af6ecaf8e_snr10.wav","6488b9a815fa0091d0960148503d423d48b8f7145c58c2728eb27cb081c2a563","130044"
"data/derived/paper_v2/final_benchmark/snr_10/VIVOSDEV01_R003_c4e6d5c4be31e074_snr10.wav","8a49c353984500ee63e22d987ea500f9b7d9e1d83e5b1dd2a754535f4321227e","118044"
"data/derived/paper_v2/final_benchmark/snr_10/VIVOSDEV01_R027_78719e3bc456f14b_snr10.wav","909f9de09f011b382946b6a91400ca1eceba290cd70db23b000e0a33a779d818","151044"
"data/derived/paper_v2/final_benchmark/snr_10/VIVOSDEV01_R028_ccd185159bc28ce8_snr10.wav","d78246da478444c1d47daa384b2f24e120e21899a1bdf426e58f07015aca1117","146044"
"data/derived/paper_v2/final_benchmark/snr_10/VIVOSDEV01_R043_726b67c80bac9c86_snr10.wav","ff415acc0c2ba65ffdf29d6e7ffb9299ea9468855d23d04ffce9212c08351a92","108044"
"data/derived/paper_v2/final_benchmark/snr_10/VIVOSDEV01_R044_f8955691ae5b97c3_snr10.wav","3c085007c8fef187b837bb0e2d2d075ca0191708c4f36882364623a91e6685d4","167044"
"data/derived/paper_v2/final_benchmark/snr_10/VIVOSDEV01_R069_36bac528212d14d6_snr10.wav","305d04ebf7c6f853753ccb53e0603b4365bc8ef6259f00e28dc92be06a39e52f","70044"
"data/derived/paper_v2/final_benchmark/snr_10/VIVOSDEV01_R071_a128878140880cc6_snr10.wav","b12ded0ff4a4ef3fc51fdc6ed68b54250034c95ba4eaf3fe4a1337041d6eaf9c","146044"
"data/derived/paper_v2/final_benchmark/snr_10/VIVOSDEV01_R099_1585768c81fde7b7_snr10.wav","4b171520022017aae381eebe6a57f2df5689038c5b69e39a9b756aa77faa5cbf","124044"
"data/derived/paper_v2/final_benchmark/snr_10/VIVOSDEV01_R108_2c4eced1d335b6bd_snr10.wav","aa030d16306c27ba69d48791ff0bb2bfbd800561a44736b1d49bd686b1f836e1","110044"
"data/derived/paper_v2/final_benchmark/snr_10/VIVOSDEV01_R117_3ab905ca79044c34_snr10.wav","bb3fa0013fed83536205bb228f15f40a6ba8802cbd6493f1d69b9d5828d2815c","88044"
"data/derived/paper_v2/final_benchmark/snr_10/VIVOSDEV01_R130_85b2f49368b24da2_snr10.wav","67de2de8ce6be0153483aec689f8545beb647e495ee387def6a7765e524f1320","119044"
"data/derived/paper_v2/final_benchmark/snr_10/VIVOSDEV01_R139_c0cfbdeb8f7df393_snr10.wav","04d98324628990036499492dd1e3b02b83e276cdaf50a520e133fe41858c9a45","102044"
"data/derived/paper_v2/final_benchmark/snr_10/VIVOSDEV01_R150_02177c41204babc3_snr10.wav","1c19de78f77aa964113f18ab05a4221f51567387748bee1cd4cd833b2592ebb6","66044"
"data/derived/paper_v2/final_benchmark/snr_10/VIVOSDEV01_R151_9bf17fd58acf8ff1_snr10.wav","b8a047ed4db0adbf2187819e6824a7a629e98da4d43dfd9f486af608586c4311","117044"
"data/derived/paper_v2/final_benchmark/snr_10/VIVOSDEV01_R164_e636c9de495e0754_snr10.wav","c28ce0d69d2326f9b15327f43393afe0f13be3d512c17067b33c8f514a5dfbee","80044"
"data/derived/paper_v2/final_benchmark/snr_10/VIVOSDEV01_R172_e2fe62f4d906f7b7_snr10.wav","7afa446b15f5f373b6dda99bb90cc7373e7b5969890a32bba7e2e36804c1ed0f","119044"
"data/derived/paper_v2/final_benchmark/snr_10/VIVOSDEV01_R174_6d5c7266888422f6_snr10.wav","ecfd8e6ee627aaa91779a253a80c4dac57341e7a9127a3eb0bfd100af84e8470","100044"
"data/derived/paper_v2/final_benchmark/snr_10/VIVOSDEV01_R176_bcd4726d5f6d62f9_snr10.wav","3c0ecb4d370b8597337d14a43f3425921b6811aabf064a71705e34f845e72c3c","110044"
"data/derived/paper_v2/final_benchmark/snr_10/VIVOSDEV01_R180_af9fe58d1b023613_snr10.wav","08ac1eb78751e65bcaad58a9cdf4216abf5e40bcbc289cc886bf712b563b5681","126044"
"data/derived/paper_v2/final_benchmark/snr_10/VIVOSDEV01_R188_8dd8c276f406dfcb_snr10.wav","7d308880d90d803bbcad6110197879271edb702f3985704259e6a840edd136a4","110044"
"data/derived/paper_v2/final_benchmark/snr_10/VIVOSDEV01_T002_f488f805618f41b0_snr10.wav","8f74d968b2cf92119271bee33155f0652003213c9538be4fd0f4727744033a90","63044"
"data/derived/paper_v2/final_benchmark/snr_10/VIVOSDEV01_T038_0c866259f7c47b5d_snr10.wav","3df451c62b814ee6eee8dc848ba1185ef413df86ce3711b9e22f630ce0b48831","80044"
"data/derived/paper_v2/final_benchmark/snr_10/VIVOSDEV01_T043_a57ee2f25d49ee2c_snr10.wav","80009a9c77f668a7abd8ce1dfa629992bc53f9cab9a75ca3dab4627fa4efaec1","78044"
"data/derived/paper_v2/final_benchmark/snr_10/VIVOSDEV02_R009_9410678bd341095b_snr10.wav","0f93623607661238b0aa8c0ea964f9b77591c2bf2536dbab2118c1348b5aab62","107044"
"data/derived/paper_v2/final_benchmark/snr_10/VIVOSDEV02_R031_5cf07409560dd9f6_snr10.wav","3e3675305840060e9ae4ca24565089a0633c9c3c4c9714c031631ba321a6216b","172044"
"data/derived/paper_v2/final_benchmark/snr_10/VIVOSDEV02_R045_08abe97db37f3db0_snr10.wav","49cde1123c3719e47113b0fef5475a83cf2524d7de4ab25cbe3345b47fc7d05d","116044"
"data/derived/paper_v2/final_benchmark/snr_10/VIVOSDEV02_R067_3efe03247ad027dc_snr10.wav","d3a3fa7f22e3641a662785327d70cbe9d26f37fe2de65f7d9d9fbb5fe775651f","126044"
"data/derived/paper_v2/final_benchmark/snr_10/VIVOSDEV02_R068_26382b33b6eb573c_snr10.wav","3e59215df4052643f55e005578011aba30e82dde234703efd69fb492c80b7f55","98044"
"data/derived/paper_v2/final_benchmark/snr_10/VIVOSDEV02_R071_98bda1d132d12697_snr10.wav","8ceb8779b562608904c1913ca9350fe5c0ab04076b9015de50470c3f2887ca70","158044"
"data/derived/paper_v2/final_benchmark/snr_10/VIVOSDEV02_R076_2306a77ed9dc7949_snr10.wav","3f906a9ac825609a32fba60cf5ee236f32dc819d6606e68896a8ccf2a045c68f","95044"
"data/derived/paper_v2/final_benchmark/snr_10/VIVOSDEV02_R079_a68539e57c98bdeb_snr10.wav","b22c2f5252693c5b826422e5920cdb52bb0305da912537fc460159ac43667f33","129044"
"data/derived/paper_v2/final_benchmark/snr_10/VIVOSDEV02_R087_f5645d3be769fa49_snr10.wav","91fc49f83d73a6a380a986538508a7b6fadf88ebcd265c39937a13df650632e5","150044"
"data/derived/paper_v2/final_benchmark/snr_10/VIVOSDEV02_R089_8639f76c4f1d79c4_snr10.wav","5dc1f6d82358abbcbc252230faf68a391f0fc1a69fd7011c86b36b5968f062b7","152044"
"data/derived/paper_v2/final_benchmark/snr_10/VIVOSDEV02_R091_21cbc054cc4a82c2_snr10.wav","04c827f4e5359a4f1ce75f92ed786c605e7da835c9fae56c459f289b2a0edb87","96044"
"data/derived/paper_v2/final_benchmark/snr_10/VIVOSDEV02_R106_06f388b94ae36311_snr10.wav","8912c1c233feafc63125bd9d327353e6eca8ec5ad4a39ede3ab85d7d477386d4","84044"
"data/derived/paper_v2/final_benchmark/snr_10/VIVOSDEV02_R130_84942fac2cda4889_snr10.wav","5162d65b192463d3a1f58d0a54f91d0c514e171d982f777c8ef7f27da6693c3a","141044"
"data/derived/paper_v2/final_benchmark/snr_10/VIVOSDEV02_R132_ec6a4c2998d7140e_snr10.wav","9fd224597f81e2bcac0dfd8c64943184d998e16b5ab07a59501fb5ddb4387a7c","124044"
"data/derived/paper_v2/final_benchmark/snr_10/VIVOSDEV02_R135_dc81cb7013592008_snr10.wav","0a86865a10811b86c515e257fba4c57a7334f5f021ff4c95e1ac35b93e6cd81a","119044"
"data/derived/paper_v2/final_benchmark/snr_10/VIVOSDEV02_R137_18dc85272970f810_snr10.wav","26c2158e7f222cd62d9cf350ee75053485f5ef830b999d9618ed18ad59c65e84","114044"
"data/derived/paper_v2/final_benchmark/snr_10/VIVOSDEV02_R164_79be82aa205e6db2_snr10.wav","611c45f450958e4dba013d620414954b3cf6758181174ad22613cda4eb88a18b","117044"
"data/derived/paper_v2/final_benchmark/snr_10/VIVOSDEV02_R170_e1b8f4119ea5d9bf_snr10.wav","f62462dfe879d93506720fbd9455d083ee3ef9a1ceeca954d766c04842f4e9dd","158044"
"data/derived/paper_v2/final_benchmark/snr_10/VIVOSDEV02_R173_7c5ebbe508930780_snr10.wav","d037fa3030ea4d1d108e4cb03def701b8a8a209e1446f384f7a549e82be41931","103044"
"data/derived/paper_v2/final_benchmark/snr_10/VIVOSDEV02_R181_a2efc18ccf2658f8_snr10.wav","3f006db5cbd2d028492ca62ce87acfa5d051f0459a1783332020026bd299696b","132044"
"data/derived/paper_v2/final_benchmark/snr_10/VIVOSDEV02_R192_2102f852d42b0b0a_snr10.wav","6a07ae41ed0bf2fcef500834c8d66a92b39dd3e12629caf6237d42cce31779dc","158044"
"data/derived/paper_v2/final_benchmark/snr_10/VIVOSDEV02_R195_4d7951faf048db64_snr10.wav","ee8c84171e27487a8324b047fa1aa31c5b01d3fe3c80287cc00172d7d4023817","130044"
"data/derived/paper_v2/final_benchmark/snr_10/VIVOSDEV02_R200_3b03d5892ac613c0_snr10.wav","4faab62e2f7ffa89f2095bc229f3fc745be83b6e34b9fe61119fc5f6badd377e","107044"
"data/derived/paper_v2/final_benchmark/snr_10/VIVOSDEV02_T004_a84e1a31c395d641_snr10.wav","775699a5f6d3194afaa55cf2e631cea994b21f75e5c6f2c6b44e839f9e3f29e3","94044"
"data/derived/paper_v2/final_benchmark/snr_10/VIVOSDEV02_T012_7c5033a4fd1e3ff0_snr10.wav","ceeba4d5672e63ea6b3756344414bed779c9cd1810ba6a1afc786735e00656f1","108044"
"data/derived/paper_v2/final_benchmark/snr_10/VIVOSDEV02_T015_02ac10825443224f_snr10.wav","9512c178163cb783e59f3c7c4500a45cdde107f59791dd5fc483aade3b105c9d","108044"
"data/derived/paper_v2/final_benchmark/snr_10/VIVOSDEV02_T022_6ae4835311f1ae4a_snr10.wav","91687aa2a08563528393a5575334154aed46b369e2b307afe3dd813ea1687218","136044"
"data/derived/paper_v2/final_benchmark/snr_10/VIVOSDEV02_T031_44121575dc50be22_snr10.wav","cc9a29407a2dc9f9f3ad8eb64d6688ae26a1f57c1b95a972f73ed4be74ae50b0","72044"
"data/derived/paper_v2/final_benchmark/snr_10/VIVOSDEV02_T050_ec577aea5e626610_snr10.wav","38956f4474e28db55a00100ee072f17ce1b9f45603b9753527daa53a29daf256","106044"
"data/derived/paper_v2/final_benchmark/snr_10/VIVOSDEV03_R007_32a25ceb9fe018ae_snr10.wav","d06c84cb39c7e725b5bc074db1c8bbe7dc3d953a872783d8fb23d57b0ba0e3b6","100044"
"data/derived/paper_v2/final_benchmark/snr_10/VIVOSDEV03_R010_67b86c7b9b754c8e_snr10.wav","e7bdb1609418add814ae4a2ed6e38ce7e28cacccc62e223192f1d1c3cf19cf58","86044"
"data/derived/paper_v2/final_benchmark/snr_10/VIVOSDEV03_R020_a866999760e146d9_snr10.wav","e492f12e2e79646e5ea63349c893d08656d64295a1edad617115bb797b8526c0","148044"
"data/derived/paper_v2/final_benchmark/snr_10/VIVOSDEV03_R029_62f1d93ab12d1cc2_snr10.wav","22049a408a04201cd710f19088d945288937a8da1e238c26141433778b1651be","150044"
"data/derived/paper_v2/final_benchmark/snr_10/VIVOSDEV03_R041_a681bf777aa1865a_snr10.wav","304c074d15fa707a852c04ee3366a6fcd33bae97155dede1bbe16e32eadd07f8","94044"
"data/derived/paper_v2/final_benchmark/snr_10/VIVOSDEV03_R044_c5ac0ce0e39e9146_snr10.wav","5e080e37aa4a69f5a179aa96df82034ab4ad4c0155e71877a814a292dab6e921","94044"
"data/derived/paper_v2/final_benchmark/snr_10/VIVOSDEV03_R056_e9e910ee23257aed_snr10.wav","66e3b203965ffcae76c485a33417d5b266e27039b1d21b65fc1c0f6878f65134","84044"
"data/derived/paper_v2/final_benchmark/snr_10/VIVOSDEV03_R061_3e01b9b1b89177f3_snr10.wav","ead35af3707ba39299b6bce73e4d2addfed92d6c7fbba491d1a3906393f7be7e","82044"
"data/derived/paper_v2/final_benchmark/snr_10/VIVOSDEV03_R082_a740becbea793bff_snr10.wav","b14299ff76d77baef7c891da812f62aa9aee98613b67bda4bf46e5991bb0a25d","126044"
"data/derived/paper_v2/final_benchmark/snr_10/VIVOSDEV03_R092_28ed5ed6acaa2087_snr10.wav","3eb52e911c099a3e45b33ec8f3e581072c0d24be0a27e69c54501e33633db71b","80044"
"data/derived/paper_v2/final_benchmark/snr_10/VIVOSDEV03_R113_b875620d45862339_snr10.wav","9921680723532a1263318f219337c2c4df219507b7a6f9d836ab655bc6b7a999","84044"
"data/derived/paper_v2/final_benchmark/snr_10/VIVOSDEV03_R117_1b58bc212e7aa1d5_snr10.wav","f54e60c77a2769044d72d0d3a57df95d5fa0309076580418ff74defab299f6b7","57044"
"data/derived/paper_v2/final_benchmark/snr_10/VIVOSDEV03_R119_20ceea3c76afab29_snr10.wav","35b7c8eec0098dce7a2d221a4c7c723d9db8ae86cadb06f3fa441eab3b657aa2","45044"
"data/derived/paper_v2/final_benchmark/snr_10/VIVOSDEV03_R120_d04f73f7d447e5f8_snr10.wav","c736475e43d55142146e44330555c322e28e69a328407d923e6bc2d86bb2b200","66044"
"data/derived/paper_v2/final_benchmark/snr_10/VIVOSDEV03_R125_2c236a8af7374927_snr10.wav","8ea6b69cc04128bb50c9e86d51d5b5e4b4cceb567bce1d6d1d2e5e35dca1804a","59044"
"data/derived/paper_v2/final_benchmark/snr_10/VIVOSDEV03_R142_83288ad0ca0016d0_snr10.wav","7dfe699554323f7583ea957dc2daa7e023967562f1c8bbe5fe51246a52945d96","80044"
"data/derived/paper_v2/final_benchmark/snr_10/VIVOSDEV03_R144_22262565993ecf05_snr10.wav","91e7d104106214f9525051a4de6696cfca1ae0a308bd685a199393d173288d21","52044"
"data/derived/paper_v2/final_benchmark/snr_10/VIVOSDEV03_R149_f425bce5562c1ec0_snr10.wav","962ccba1adc4885123c0adab39e501d9b6a50b7885dd65c68d8fc385619b29d4","50044"
"data/derived/paper_v2/final_benchmark/snr_10/VIVOSDEV03_R156_6fa5226de0c851aa_snr10.wav","c4be654ededa3c70325ad28829d922bc793d0b57de7702efa6bb1356c44cacfd","92044"
"data/derived/paper_v2/final_benchmark/snr_10/VIVOSDEV03_R160_4dfa473702a49207_snr10.wav","c0e8fca8dd90d7f22e82bb28bbdfa9f2c908867576553a4403af11baa615bf8a","69044"
"data/derived/paper_v2/final_benchmark/snr_10/VIVOSDEV03_R182_c175917c3cd6394c_snr10.wav","30a2a89bd0795475bb5b78c62f936746ffcbef1bca9aca3ce72885e06013d44e","88044"
"data/derived/paper_v2/final_benchmark/snr_10/VIVOSDEV03_R191_1cbd694843cb4135_snr10.wav","7875fbc79522e97507655742b7b2f86b9e4fe2f175f5222ad8b23259b8ecfb1f","54044"
"data/derived/paper_v2/final_benchmark/snr_10/VIVOSDEV03_R193_ca828f71994c4bee_snr10.wav","d6cd4a3a59deeb328cf9b2e7aa481c9d99b4b44273f3b47b4d4e4a34ccfee7bd","46044"
"data/derived/paper_v2/final_benchmark/snr_10/VIVOSDEV03_R198_deb9ed7277a61c1a_snr10.wav","89b8cea6c6afdf494013ab719e0ccb0ac8cdd5c4bec957b11eb978a71a35a64d","82044"
"data/derived/paper_v2/final_benchmark/snr_10/VIVOSDEV03_T009_d7ae562027459a65_snr10.wav","e9ffe0a00917092d531e07f3f0d15b65d22fb9800cd312300b781a3e8e088104","61044"
"data/derived/paper_v2/final_benchmark/snr_10/VIVOSDEV03_T017_fe9487ce3a3f4e72_snr10.wav","9a4c1cf2b14c05b3a2ea65e0749467d4fa02d00baf38572b48fff09c9f6e5d49","77044"
"data/derived/paper_v2/final_benchmark/snr_10/VIVOSDEV03_T018_72628fac90767fc4_snr10.wav","08504ce701b7ef69106a98b8113e69d11f49d145fd63a14e23c71541393ec849","56044"
"data/derived/paper_v2/final_benchmark/snr_10/VIVOSDEV03_T041_6cde359423a758fd_snr10.wav","32278b72557b5d1e67260c930ab56587d3a0d38d327481112802716a27cb254b","81044"
"data/derived/paper_v2/final_benchmark/snr_10/VIVOSDEV04_R002_235144522a65e307_snr10.wav","df8637f65270a1c14bd3d006307198a648d306d2674cb0275a82a56738258a88","108044"
"data/derived/paper_v2/final_benchmark/snr_10/VIVOSDEV04_R004_758a20adb347b844_snr10.wav","2e4b30a5d50ca5de2ef80724ba44b8998161af4ac7dce5413247b29e5749bfd0","114044"
"data/derived/paper_v2/final_benchmark/snr_10/VIVOSDEV04_R008_10f6f1b6673cb087_snr10.wav","b401a02265f8eb5929ea2578ea2a10a4452cebaf67865f434b07ef9c682f1456","206044"
"data/derived/paper_v2/final_benchmark/snr_10/VIVOSDEV04_R010_1058518b01159c68_snr10.wav","5f8235b4d8e8219131aaabc56b70ed36ca7f069c8d5e9991079988de9511cc09","120044"
"data/derived/paper_v2/final_benchmark/snr_10/VIVOSDEV04_R023_bc732cbf874cba24_snr10.wav","21f3027be4eebf1953d6c6f860e709af23b140f0e56af57beb7232a75e9fdd71","204044"
"data/derived/paper_v2/final_benchmark/snr_10/VIVOSDEV04_R047_e1cf81a90624c984_snr10.wav","6883661f085c870c35dbb54b7542bc0d41391508416f2d57626ca2f10a4095d4","137044"
"data/derived/paper_v2/final_benchmark/snr_10/VIVOSDEV04_R049_517d228af97bf04a_snr10.wav","707b1b3c949c70be4deb41c411ed23ee951e1b6b4388e64cc0dc3f51eade6df0","66044"
"data/derived/paper_v2/final_benchmark/snr_10/VIVOSDEV04_R051_93d9825f993d2c19_snr10.wav","62d8a687106aa31269dd28b4a1a22053133774b226f24cc668054e76fd65865a","72044"
"data/derived/paper_v2/final_benchmark/snr_10/VIVOSDEV04_R081_4522971e883db435_snr10.wav","81bb138e52c457b26a3f6162246bbf291357deb7485d6f4e813fa2c3a0faa50f","102044"
"data/derived/paper_v2/final_benchmark/snr_10/VIVOSDEV04_R089_46ed698d853b7188_snr10.wav","5a59dd352f21eff1660846b1f24ecf8ae4fa7b6c82dcd363e9a26ed320972983","74044"
"data/derived/paper_v2/final_benchmark/snr_10/VIVOSDEV04_R092_a6e20923429edd0f_snr10.wav","cd66a9d0f2f3b88a8491f7e837d86da5571bc93c595e963a1771fca76dd505ba","98044"
"data/derived/paper_v2/final_benchmark/snr_10/VIVOSDEV04_R095_d420ef9bbd8c8ab8_snr10.wav","f61ac5f9f1687436d17308b543dc90fb1288759d2219957ce7f96754d3cda029","136044"
"data/derived/paper_v2/final_benchmark/snr_10/VIVOSDEV04_R097_2396c493bf298f6a_snr10.wav","98dd1958e0876fdf8a8cbb105f6855421ac41cff7fcdeea3f3171d332267c8ab","76044"
"data/derived/paper_v2/final_benchmark/snr_10/VIVOSDEV04_R118_5871bc226cbe3dfc_snr10.wav","98ab4c776aff376f97ca4b4e062db4bf8faf3df4f53414fbe2f1ff2b2f421dfa","77044"
"data/derived/paper_v2/final_benchmark/snr_10/VIVOSDEV04_R127_d0c7b502072f767c_snr10.wav","4ec599ca66dfccc318c920d0fa80827d7ca538a76a3435a84797e4bc7ba89ce9","111044"
"data/derived/paper_v2/final_benchmark/snr_10/VIVOSDEV04_R129_a0acddd792a8fd71_snr10.wav","d48588ed58f0db6ba0e2066a8322643b7f59526985e7a18b92f1add26b79e1bd","70044"
"data/derived/paper_v2/final_benchmark/snr_10/VIVOSDEV04_R132_c998ae03ac42045e_snr10.wav","ef7321600fe385872b211bae18888bd302900e0ff3ba533acdb52ec260ddd851","108044"
"data/derived/paper_v2/final_benchmark/snr_10/VIVOSDEV04_R149_f60dd4349b0387d9_snr10.wav","805cd53748a63abd0f062ba19c04038d88f8d636a771ba378d121bdb6a72a4c1","151158"
"data/derived/paper_v2/final_benchmark/snr_10/VIVOSDEV04_R152_96be011da1ceeccc_snr10.wav","d09c3be890576e2642a2452a445c6bdfc4d25835117aeec24f5144a7b96e5247","145044"
"data/derived/paper_v2/final_benchmark/snr_10/VIVOSDEV04_R162_bf653802e22ca482_snr10.wav","b8a7119d90a05cc583ca3f7ccb7b338e8887f3bea89e40b260e85e574dbcfc0e","86044"
"data/derived/paper_v2/final_benchmark/snr_10/VIVOSDEV04_T002_f99c7b04d2f71c02_snr10.wav","0c2957eee47dcbeef518b4844aa4406233aa0a55977b2bd98d31a538ed5632ff","96044"
"data/derived/paper_v2/final_benchmark/snr_10/VIVOSDEV04_T009_15c40b16151d15a7_snr10.wav","84598d9a8e392369b98afd09bc8c5eb47614456b9752ae22fbe9fb8adb0f4f87","82044"
"data/derived/paper_v2/final_benchmark/snr_10/VIVOSDEV04_T015_58c51fe975ffe1d1_snr10.wav","96887a01cca85149cbc5a72e1f38e148fd22c9fdd9f39a92de3caa842107d232","107044"
"data/derived/paper_v2/final_benchmark/snr_10/VIVOSDEV04_T029_7c3eae818bd0c566_snr10.wav","5e4173d4d778121fe0b58a715aeeddcb6b765da79a857f888fea17c4784a2b4d","98044"
"data/derived/paper_v2/final_benchmark/snr_10/VIVOSDEV04_T032_4ea0a34b856d697b_snr10.wav","818b8458f350712be069cedcb0c00fa3b72d9be5f5b5a04a7c58e0e64ce6b374","64044"
"data/derived/paper_v2/final_benchmark/snr_10/VIVOSDEV04_T044_66a12c3e4b8e4279_snr10.wav","cb1212ecd646e8afc0e26faaf7e694cc9dc9c986bf67cde0ac65decdc1201480","86044"
"data/derived/paper_v2/final_benchmark/snr_10/VIVOSDEV05_004_f6c1d78cf81be953_snr10.wav","32e445654dc652dd834b6f4191924f906f56b8a7852189fe208d52ee9ab15449","130044"
"data/derived/paper_v2/final_benchmark/snr_10/VIVOSDEV05_030_226d273049c670a1_snr10.wav","d4334c674f7c70e8b773c82c52a9dcf0dc50ebb9a044f833d2c2c28a0fe3be7c","76044"
"data/derived/paper_v2/final_benchmark/snr_10/VIVOSDEV05_043_b1247f348d0201ec_snr10.wav","e295cd566f67d7d8a1b5e2ede2ab28d731c5b04dd161c76042751aac298f0138","96044"
"data/derived/paper_v2/final_benchmark/snr_10/VIVOSDEV05_065_3d36c1907226a059_snr10.wav","ed251326857e4b0300a0df799b80023d602511583f09d3a1c492b7d46b8af25f","117044"
"data/derived/paper_v2/final_benchmark/snr_10/VIVOSDEV05_087_66548504244db7e0_snr10.wav","c8ab31591d24e90f68496e015d1d53ca79a626f75ecc034a12cd2cccf0193011","77044"
"data/derived/paper_v2/final_benchmark/snr_10/VIVOSDEV05_091_16753e7fde81023f_snr10.wav","ed33a276fd2e9f3f090fedca8f32bbb544405039cdf120d9426f95a58295b42e","66044"
"data/derived/paper_v2/final_benchmark/snr_10/VIVOSDEV05_107_ff0ea288483927e5_snr10.wav","4c8a9119fc3bd8b24de5cb56a748743641d307219bfc6fc0b9b36a2ab3d4821b","156044"
"data/derived/paper_v2/final_benchmark/snr_10/VIVOSDEV05_109_60b15f232d8ea269_snr10.wav","9c2ea504a73b824a8c55d2e70501a2bb9eb5b94cf4ccbf9c29f614600416d6cc","82044"
"data/derived/paper_v2/final_benchmark/snr_10/VIVOSDEV05_129_f577dd70b3b6f202_snr10.wav","a3c4c12d31c51a07d3e0473b7d3c2a024c4bb42beca52f784653b581fb6ba8bb","75044"
"data/derived/paper_v2/final_benchmark/snr_10/VIVOSDEV05_143_2ea94a9ecf6db58d_snr10.wav","0d2b90bbed1822bde5ec8136fa1ff0ba051e244b1a57bedd88206a66d4a93cc4","139044"
"data/derived/paper_v2/final_benchmark/snr_10/VIVOSDEV05_170_92e340428a9411cd_snr10.wav","6c1c49173f1fc1a4730cd270ae9eadd910a9a3b3afca8fa4ead71a4f21d3c0fa","124044"
"data/derived/paper_v2/final_benchmark/snr_10/VIVOSDEV05_185_7e2723d5e7a1b752_snr10.wav","335a22d71761542debb4dd8f0f33615d6f5bc142b65605c36d4768e437218abd","82044"
"data/derived/paper_v2/final_benchmark/snr_10/VIVOSDEV05_189_a3eb19f6e7004549_snr10.wav","c2b5e0db987cf4684b4caadb133d0c1bec1a941b8913cc79051c75aa771b9859","78044"
"data/derived/paper_v2/final_benchmark/snr_10/VIVOSDEV05_202_855834b6f1e30a5e_snr10.wav","498d1e2dc53240624976fc67ee7af28ed612362e2d653e6c587404fc6fd4c7b9","123044"
"data/derived/paper_v2/final_benchmark/snr_10/VIVOSDEV05_206_f939dda6b6599bcb_snr10.wav","1c29962ed05da7429f55c98e64aafe3244eddcf912d9ebaeb8409de6bd933ac7","146044"
"data/derived/paper_v2/final_benchmark/snr_10/VIVOSDEV05_212_276aa52e5cc79e79_snr10.wav","0c15d8ccbeece6cb913531c70b7339e010a23eac9c1f1b793101243208a447cc","84044"
"data/derived/paper_v2/final_benchmark/snr_10/VIVOSDEV05_251_4dbd57a836798f65_snr10.wav","bf4dc5fd9b4269aa4f49b82c8a49a15f89ad5be0c2891304fe9cbc9cb0ca971b","80044"
"data/derived/paper_v2/final_benchmark/snr_10/VIVOSDEV05_261_9d6c10429768dabb_snr10.wav","8bea19c578ee092b73387cc498107dce6a4d5a01614c5581386ad65b8914824a","114044"
"data/derived/paper_v2/final_benchmark/snr_10/VIVOSDEV05_263_f09febc4bfc3a8bd_snr10.wav","548a3aab6b7363cc7bafba665363591df20f3ec52e80df60ae92d5f90e91b0bd","142044"
"data/derived/paper_v2/final_benchmark/snr_10/VIVOSDEV05_295_b18bda15ba2c1d57_snr10.wav","eb0b58ff6395e9eaae5353d8dde392079bdb0e5f7056be5366129f29bba76d76","90044"
"data/derived/paper_v2/final_benchmark/snr_10/VIVOSDEV06_016_bd24aac78b63557a_snr10.wav","239f6fdaef141b7bbc5c35a7a865c04704e6b604a0e361e1204168d81dfd8c56","102044"
"data/derived/paper_v2/final_benchmark/snr_10/VIVOSDEV06_021_aa5411a3a7c80ae7_snr10.wav","cad28c8a3c20054b431610e9b316022414cb518bf294e82bf9afc96220d0b28b","82044"
"data/derived/paper_v2/final_benchmark/snr_10/VIVOSDEV06_034_f4272504ca9eacdc_snr10.wav","004c7b11b00ed2913bba88f5c352bbb5d717df8318effd921d8d3899066f726b","159044"
"data/derived/paper_v2/final_benchmark/snr_10/VIVOSDEV06_037_055af0c995f3ed1a_snr10.wav","d9f3a40726515be70f7d14d9d9b72a57ab6530b8277aae37f43ae9ccb8c0a8ee","90044"
"data/derived/paper_v2/final_benchmark/snr_10/VIVOSDEV06_042_95e0c4ef87e950d4_snr10.wav","0b40357c9b89ece4af145e28879c93e9ebf17c183943a2e738b1907c49f7b3aa","118044"
"data/derived/paper_v2/final_benchmark/snr_10/VIVOSDEV06_061_268af6935a1fa43c_snr10.wav","bebbd9874c69fbfd4cc550e176ddd3743d146708b9209d77f35b845b52f10578","146044"
"data/derived/paper_v2/final_benchmark/snr_10/VIVOSDEV06_070_14cbaaada291648c_snr10.wav","2f590dd0c5681710aacf5f8e756a9f7a3fdde3d891a5832ec46bae874d706216","122044"
"data/derived/paper_v2/final_benchmark/snr_10/VIVOSDEV06_098_b6423df3fd7bcb34_snr10.wav","a772fda9b01b35067cb4d7ace818432a6772f95cc8adeed56e3598453ed57ac3","145044"
"data/derived/paper_v2/final_benchmark/snr_10/VIVOSDEV06_108_ba0e4f73cc2c5344_snr10.wav","eaa78af841463538d42fc98edd887f8d5df7a20ae272292d51d50a875a306aa5","124044"
"data/derived/paper_v2/final_benchmark/snr_10/VIVOSDEV06_117_7e919fd1b7e5d0eb_snr10.wav","b1881f8d10c63c26adb6ab3f59bb064d523155338a746223cfbd2d324262843d","151044"
"data/derived/paper_v2/final_benchmark/snr_10/VIVOSDEV06_126_6df12889474499c4_snr10.wav","4f3b682e9edb4a5e39e9a314538e7653711ced4d8971ee848e5459213b53da7e","126044"
"data/derived/paper_v2/final_benchmark/snr_10/VIVOSDEV06_139_5dcd3f7d798cd64d_snr10.wav","e16ec4e420ea23614b55e317d093d8056626c8c10867d7c2a66c049f747d540f","98044"
"data/derived/paper_v2/final_benchmark/snr_10/VIVOSDEV06_143_fa4d60cf05f269d6_snr10.wav","5e31971048debdb7e41045bd027b973453268ef311515630fd6d68de39122bcc","142044"
"data/derived/paper_v2/final_benchmark/snr_10/VIVOSDEV06_184_6b96190057427171_snr10.wav","e8f7fbe570b8e73b474d07f872dcf49952a186f0373a0ac4d02a737be9a11fab","154044"
"data/derived/paper_v2/final_benchmark/snr_10/VIVOSDEV06_195_415491a210911c9b_snr10.wav","ad3e5ff3780b2fb431fe42316a4813adf86fbf271597b3da0f08f071a4ea87ed","96044"
"data/derived/paper_v2/final_benchmark/snr_10/VIVOSDEV06_210_a69babff4084e135_snr10.wav","e32a97a1c82993e44ff68fe1f892429ff4fb98209c2564f58e390123d6a328e7","91044"
"data/derived/paper_v2/final_benchmark/snr_10/VIVOSDEV06_212_4b87f57e0ab62315_snr10.wav","a189608be0fd0e04f97563ba3860ef06d858cd115448fedb4c9761d5de8f518a","72044"
"data/derived/paper_v2/final_benchmark/snr_10/VIVOSDEV06_240_15084c1e11f8834d_snr10.wav","93ec5bf22b7ece299d1e16bb287be113e7b809d7a3f99cd4b53c7e2884449fbc","108044"
"data/derived/paper_v2/final_benchmark/snr_10/VIVOSDEV06_247_1233d26de0387180_snr10.wav","275555d31ca055c50f473f7e5e55ed7afd7914063b0a90fc646533792ee03327","98044"
"data/derived/paper_v2/final_benchmark/snr_10/VIVOSDEV06_252_be271082468ef58c_snr10.wav","18a39213d69a773e31a89c3eaeccbf893a0d2d8030e58449e21e46e868702342","97044"
"data/derived/paper_v2/final_benchmark/snr_10/VIVOSDEV06_253_c8b5d29f2d99bef5_snr10.wav","80e95a108c3980f9291a9f94a86868f3cd3f350e0b322df9897e90a5964339de","108044"
"data/derived/paper_v2/final_benchmark/snr_10/VIVOSDEV06_261_a708d34107b17808_snr10.wav","d81d6aa546d636c2ae26aa0daaa88c71d0dab5bc1b08fa317284d2155e2a8874","108044"
"data/derived/paper_v2/final_benchmark/snr_10/VIVOSDEV06_272_e9bc93d5465175c9_snr10.wav","a7caed27775acbe31fdf01df764c9eb20598dcca6e93adc66b26dee0ef001e7b","134044"
"data/derived/paper_v2/final_benchmark/snr_10/VIVOSDEV06_287_f13dd1af56405568_snr10.wav","1d26cdfce67984497f85a69c8d08a9cbf297ef6b5f35607a9bf4d47f8be8a648","114044"
"data/derived/paper_v2/final_benchmark/snr_10/VIVOSDEV07_002_62a4893b15237710_snr10.wav","ea6fa206200183db83f9f2fa82da3519439725e671f78b7d2e5e9da62354da6b","111044"
"data/derived/paper_v2/final_benchmark/snr_10/VIVOSDEV07_036_a4def56991a56476_snr10.wav","0c93bb855ab844bbf3ad76cdd289a6b03e1477d8cd59ed52366fb2d75549195a","96044"
"data/derived/paper_v2/final_benchmark/snr_10/VIVOSDEV07_039_f070bd37d7577ff5_snr10.wav","25977c9aa25561f58897bcb26be260e1da85d64f0eb8aa2085c85a0ab7ad7f3e","122044"
"data/derived/paper_v2/final_benchmark/snr_10/VIVOSDEV07_044_b7239ead0c78720a_snr10.wav","28dc5a7b564d112cc51489ef7a2cb8e388c3f07fea3e7a30dc7284cc9c87a8f2","122044"
"data/derived/paper_v2/final_benchmark/snr_10/VIVOSDEV07_045_a232dcb03153aeb3_snr10.wav","57094a8cf0c27f4d911b50c601bc6735a83749b85e043d06feb6f3fe0fd20b64","105044"
"data/derived/paper_v2/final_benchmark/snr_10/VIVOSDEV07_066_f9ccfbaf87e4c2cf_snr10.wav","5d8602a784d65464a3dae7c705b8f96f21e8955719f4ae03ff607142ee22e375","134044"
"data/derived/paper_v2/final_benchmark/snr_10/VIVOSDEV07_067_89a5de1d2d839734_snr10.wav","f09992cfb13b7c6c1c065a5943704cdbe75a59907b2fb7c96e1652a763503ce7","108044"
"data/derived/paper_v2/final_benchmark/snr_10/VIVOSDEV07_084_fb6ef575d29d335b_snr10.wav","96d57f87e3ba44332b017d1b4fc7507a9b5933ab4a59668a6b37279b24441214","122044"
"data/derived/paper_v2/final_benchmark/snr_10/VIVOSDEV07_098_e23e02861b027479_snr10.wav","dc56500b8d901e127ad471a20f288b567462bef1712bceb1b80a8bdd2fb6161b","108044"
"data/derived/paper_v2/final_benchmark/snr_10/VIVOSDEV07_107_79e8e1e1d173f05d_snr10.wav","41ef141f5aec6ac5b23725a99ece98d519d6ace363062555a10772510726c253","126044"
"data/derived/paper_v2/final_benchmark/snr_10/VIVOSDEV07_115_3f4a417e5e0a240d_snr10.wav","c83365fd6f0c742ef564b91bdb6a2e9ef4c128828523304f52e8796002bdb244","121044"
"data/derived/paper_v2/final_benchmark/snr_10/VIVOSDEV07_125_0c4bbde9d7380cab_snr10.wav","0fbf5012ac1dd637fd5cac91c98ef8c407d6cf707324d14a6afb6439b1bfcd1f","114044"
"data/derived/paper_v2/final_benchmark/snr_10/VIVOSDEV07_134_d29283379ca91797_snr10.wav","b14d218152f3574cce180c41b060e4a317a0f09098658b2b92979608372c747b","91044"
"data/derived/paper_v2/final_benchmark/snr_10/VIVOSDEV07_138_b3af336ea30eaee6_snr10.wav","1b49164d316fe45075047c49c9fa804df655c9c00abbad71deba239fc59042dc","76044"
"data/derived/paper_v2/final_benchmark/snr_10/VIVOSDEV07_141_c31d760ae40221f3_snr10.wav","5edd68d6ce90ec232b5e4fb452d1ecb2bd98fd6e72ef176525956039f915f4d9","110044"
"data/derived/paper_v2/final_benchmark/snr_10/VIVOSDEV07_151_7f15e5ee43e2f499_snr10.wav","b47675baff01ce85bed795cbd55ce43c33e1ebaa341f948ac6deb1bf59701043","64044"
"data/derived/paper_v2/final_benchmark/snr_10/VIVOSDEV07_192_d2b4a2983e5cc8ad_snr10.wav","890fddfdb11d5783427121330ea75aa507ee637fdefeb1ec70287eab9d8512cf","61044"
"data/derived/paper_v2/final_benchmark/snr_10/VIVOSDEV07_195_8abc595cfdb0f834_snr10.wav","da6dc19e032a43623bab697d84d74bfa6b8238ebb0da48b77d4fb437a63707f8","124044"
"data/derived/paper_v2/final_benchmark/snr_10/VIVOSDEV07_197_794bf91ea74c2615_snr10.wav","ce29a6977188512fa0e4eb60d65b49067396170a290cfba5fe9fe799eaaddb8f","130044"
"data/derived/paper_v2/final_benchmark/snr_10/VIVOSDEV07_209_2359a2f932c5601a_snr10.wav","895664d8089d96f0f14e1121f5a01cdeacbe20111ee7cd260852030e7e31dea7","79044"
"data/derived/paper_v2/final_benchmark/snr_10/VIVOSDEV07_223_fbfb45d0a249e02f_snr10.wav","7d2cd6353d18dc4f547c6dafc3ff245b98886b0a31305140758a0a96259358d8","82044"
"data/derived/paper_v2/final_benchmark/snr_10/VIVOSDEV07_231_83b05a4e96e9306a_snr10.wav","77a9bcc4b5dbd95e695ba584c98f7c733f22ae84f8a3a502be08daa85dcc1b24","82044"
"data/derived/paper_v2/final_benchmark/snr_10/VIVOSDEV07_236_a09023d316f34c00_snr10.wav","af50f2faea208569e7d215a6ff884f2acf0a9257f85e10233d849f1bca709169","73044"
"data/derived/paper_v2/final_benchmark/snr_10/VIVOSDEV07_246_0905e9a405e21f9f_snr10.wav","fc2379f8e03a2d1da0dd9086f665c88c695d15d2e17bf7bef74d51f34bfeaa79","82044"
"data/derived/paper_v2/final_benchmark/snr_10/VIVOSDEV07_264_4d5159ee3642d68f_snr10.wav","cbd893f3d80fcf74f20cfc645ad4a5d93b03241ad828465e17ba86bad5dbe05b","90044"
"data/derived/paper_v2/final_benchmark/snr_10/VIVOSDEV07_266_c0b409fdbde9ad3b_snr10.wav","547363c7cacbb7712995b3a9f9de6c784af2e88c7f85ce557cf52b3db2804cfe","82044"
"data/derived/paper_v2/final_benchmark/snr_10/VIVOSDEV07_295_4ce17fd365c383d7_snr10.wav","9f2c2324152beae3d67fe187c860b6c05a0ed2d3c52579d0adcde7e1a7db6f5a","120044"
"data/derived/paper_v2/final_benchmark/snr_10/VIVOSDEV08_005_f7b2195ff9d31e28_snr10.wav","9e33984fbb7431e263f5b741b38e9bccb01f396ceba12daf0f1962e3b6ca7332","109044"
"data/derived/paper_v2/final_benchmark/snr_10/VIVOSDEV08_014_1acecb76fbaf387c_snr10.wav","c8169a93b2ad37ddb840898ffef6a410402a089b983ce6793ae42df8dfdd21d8","116044"
"data/derived/paper_v2/final_benchmark/snr_10/VIVOSDEV08_025_037269cc8edea2c7_snr10.wav","1cdfdf03a679ab6b8e035f2e4f01894fd9a9459b2256cfc41b7e3e53963743b7","118044"
"data/derived/paper_v2/final_benchmark/snr_10/VIVOSDEV08_032_3bb8343b122c8e6a_snr10.wav","361b38b6301c2691a86275940c3d92e7f2d215f336a05a95d339d4e11136798e","166044"
"data/derived/paper_v2/final_benchmark/snr_10/VIVOSDEV08_053_65028e211e5fd0d3_snr10.wav","d25d9ca6c22011f60ff38c285fb99f9e90e374a343707a11ba7b1e6046a35683","133044"
"data/derived/paper_v2/final_benchmark/snr_10/VIVOSDEV08_057_39fa666d4d8699c2_snr10.wav","bb26c797aeee6176526f502e2dd6b0964ac8f4346fdc9f20296dae89152994c4","138044"
"data/derived/paper_v2/final_benchmark/snr_10/VIVOSDEV08_062_ed20550f796addd2_snr10.wav","22470b4ce8af06179f7982ec0f3215c5e19dd1fdbc4400b4b90cdc7a2db2cea9","104044"
"data/derived/paper_v2/final_benchmark/snr_10/VIVOSDEV08_071_5fa7045990cac508_snr10.wav","8c394aa2f5550344213bed9be85aa15c49234b5858068e4c13e76e64df55c8b2","143044"
"data/derived/paper_v2/final_benchmark/snr_10/VIVOSDEV08_077_264de407e3d6dba4_snr10.wav","dffd7b049e2ab60b87ebaae5d0bd3d4938a9436e2cb3fd197a47ada508cb1268","96044"
"data/derived/paper_v2/final_benchmark/snr_10/VIVOSDEV08_090_2351f64aca4f3fc4_snr10.wav","cfd1b30c52ebf5f0c41ac7a52ac9a74ffc2b187c137447b6ddebac9d91232f0f","76044"
"data/derived/paper_v2/final_benchmark/snr_10/VIVOSDEV08_129_e78f159f4d103a71_snr10.wav","c50b6397b764f7d8fd4c03dd6cf8f391b594b32bac18b70591e4b9c024651c00","124044"
"data/derived/paper_v2/final_benchmark/snr_10/VIVOSDEV08_143_258b8e07beb199e0_snr10.wav","939924f958a6fb75d8f1f6da2e90426d9d79dcf1f5dff2ed9f09260513bc81d2","98044"
"data/derived/paper_v2/final_benchmark/snr_10/VIVOSDEV08_145_7aa1cf909b96dd3f_snr10.wav","6eefd88b8e81eb1d4fb9699b8100c9372793a3d3d9c4e0511b79932e6af234e5","86044"
"data/derived/paper_v2/final_benchmark/snr_10/VIVOSDEV08_159_f1540f43bbadac13_snr10.wav","d8779b2a545617949063c367c401563645e7713bd685fdef61e451988560aa06","90044"
"data/derived/paper_v2/final_benchmark/snr_10/VIVOSDEV08_182_95b4fe63bcd2aff7_snr10.wav","c32aa2dac7e83daec9e027dc3ad91b4c96cd85c27b9bbc84a77c83ee84082e78","108044"
"data/derived/paper_v2/final_benchmark/snr_10/VIVOSDEV08_193_8dbc049fff43ec4a_snr10.wav","eeaebcf260f659017e8a904c287feb061b902c5f6887ca77dcea3eaefd518fb8","70044"
"data/derived/paper_v2/final_benchmark/snr_10/VIVOSDEV08_210_3d6dd0830897a27d_snr10.wav","9d3d10043d5f128ece5289d674c045c1b35a50737f3f489c26eb0f056a4c878e","76044"
"data/derived/paper_v2/final_benchmark/snr_10/VIVOSDEV08_233_886225f1fa6bcb56_snr10.wav","fa538c632d9588d48c9777fa73e97289351a86ee219ba4e8c772081950587ffe","104044"
"data/derived/paper_v2/final_benchmark/snr_10/VIVOSDEV08_270_0dbbd14dbb00eaf8_snr10.wav","4594485460e6fe934510a9d82c0504a6992da2fd818e03ede7ad559125a63406","60044"
"data/derived/paper_v2/final_benchmark/snr_10/VIVOSDEV08_277_1bca9e608ddc0581_snr10.wav","794ea98580253f593c1641d8e060db2fe13a391fa1e52b5d8d58b25c83e51603","80044"
"data/derived/paper_v2/final_benchmark/snr_10/VIVOSDEV08_295_4f6df38e6defa7d6_snr10.wav","2a7d2881159cb164507ee0e1d87553be706fb47a3659bcb6711c02254e12644e","92044"
"data/derived/paper_v2/final_benchmark/snr_10/VIVOSDEV08_300_47e532cc87ac326c_snr10.wav","3460b1c3d92410bf93e45d34dc0fef66887c46ec525adc7e51ef9c81f25f6af2","96044"
"data/derived/paper_v2/final_benchmark/snr_10/VIVOSDEV09_029_cabe8908a7a1762f_snr10.wav","9cb5e5fe89597d28fd5d22e470b6f9360ab0317093064bddcf5272a29f391bd7","74044"
"data/derived/paper_v2/final_benchmark/snr_10/VIVOSDEV09_035_1dbcec694807d09f_snr10.wav","010ad8f1cbbb8b687049c2de49a1698f4afe2b50e473cc485d735a6ab56ab1bb","99044"
"data/derived/paper_v2/final_benchmark/snr_10/VIVOSDEV09_038_01120dbc62914f2c_snr10.wav","0023a407d6d6563d4e38e90c1e63cbd4b9cbc1aaed2ff6150af251c04cde76cf","119044"
"data/derived/paper_v2/final_benchmark/snr_10/VIVOSDEV09_041_503be327234e4db5_snr10.wav","f8456158bfc20b3c0cf21c7c9b503b52afda11c4038d51a324afd16497254e8f","100044"
"data/derived/paper_v2/final_benchmark/snr_10/VIVOSDEV09_081_15bedcf419ceddc6_snr10.wav","1945f8cd9ded79a98cc24e961ac4965f11b70a75844eae84f0c32884f81335b0","74044"
"data/derived/paper_v2/final_benchmark/snr_10/VIVOSDEV09_083_6a8892a1ef1888de_snr10.wav","9699ca50124cbaec6143b36de298f0318541ae0e5cdce9e73cb189585a65d71d","78044"
"data/derived/paper_v2/final_benchmark/snr_10/VIVOSDEV09_091_cb677f29415fd9f2_snr10.wav","4a252ecb918c88f5b644f2dbac77ea1187d78b36fa9ed7f0a960c203fd35e1c3","61044"
"data/derived/paper_v2/final_benchmark/snr_10/VIVOSDEV09_098_c4d57317cb49018d_snr10.wav","672d9e33a5b501b1c04cfdf006042b21736b5a6f7820ce2cde7ac80b7191322d","118044"
"data/derived/paper_v2/final_benchmark/snr_10/VIVOSDEV09_106_82e3cc152c2c660d_snr10.wav","7a72a4f07226de3ae6636cdd3c311434245814e06852bcf5091b1d78a8d36cf4","64044"
"data/derived/paper_v2/final_benchmark/snr_10/VIVOSDEV09_134_a574bd2e2b554621_snr10.wav","4565922d1f526d9b4f966e9d3529510acb4951ff4c93c00d3c968488740f4dfc","102044"
"data/derived/paper_v2/final_benchmark/snr_10/VIVOSDEV09_142_6d355ffb3117a88f_snr10.wav","9801bf1e1c01c380879889c5226a41f6cdc94ef42484ad077775c0535edf0632","124044"
"data/derived/paper_v2/final_benchmark/snr_10/VIVOSDEV09_144_cbe63ae684064b30_snr10.wav","d1704906b4bb03f8bf3cc6be996ee607b525e80b608004ad3ab8ac591e128ddc","126044"
"data/derived/paper_v2/final_benchmark/snr_10/VIVOSDEV09_159_0c2a9a3ce47d09af_snr10.wav","ba5878730ad75ff3925a0a6289f53d3a43efe3584abb7d4f64c1a95fb721db47","138044"
"data/derived/paper_v2/final_benchmark/snr_10/VIVOSDEV09_163_3fa779e5d493264c_snr10.wav","68b6fd54922e3c82e3084bc9bc9316fd293fafcafce031d59786d0fdc358f0fc","138044"
"data/derived/paper_v2/final_benchmark/snr_10/VIVOSDEV09_166_190a20cc12451f90_snr10.wav","d17635b57f5c77fc88b1ff43493ee7680ee9d7ddfd0b89b3dc477a01e9a6df9a","136044"
"data/derived/paper_v2/final_benchmark/snr_10/VIVOSDEV09_168_d15b3adc6dff8e66_snr10.wav","2a112af929e4210d86845d907d68a587eee6cbce0000aa47bfb674e95fc71c33","132044"
"data/derived/paper_v2/final_benchmark/snr_10/VIVOSDEV09_178_1d58471d863bcdc2_snr10.wav","5d1f58a4a2140dba5f35fd92f967b74a1765ba66ae429334aa1155e278454a66","96044"
"data/derived/paper_v2/final_benchmark/snr_10/VIVOSDEV09_194_52fdc93c4ecd4a87_snr10.wav","97ca7f733ef7d6b1ac3f9e6d7b6e12d5df2a5fb24dbfd6d1105a1825cc85ead1","105044"
"data/derived/paper_v2/final_benchmark/snr_10/VIVOSDEV09_198_31e7d1dbe631d304_snr10.wav","02cf9995640641fa002c3bb789123464f898bea57ee450917d8f97f12570cade","111044"
"data/derived/paper_v2/final_benchmark/snr_10/VIVOSDEV09_203_07ae056a713898e5_snr10.wav","a481491f9077631c33d6e8ed0a1f4a62e68b7c8034644d1a14868f51a9ff54db","88044"
"data/derived/paper_v2/final_benchmark/snr_10/VIVOSDEV09_246_8206d87a2ceca79d_snr10.wav","b4fd1269b3c32dc1d5521ac680e13a014a252a871308fca3951b76e51e01ad80","65044"
"data/derived/paper_v2/final_benchmark/snr_10/VIVOSDEV09_267_8b6ddfb171b5e949_snr10.wav","80b8dc432dea2e28f8618c90c54acb0216676381e4eb105eb40ef7d71cf1425c","102044"
"data/derived/paper_v2/final_benchmark/snr_10/VIVOSDEV09_288_4f1c4e1dfee51783_snr10.wav","4a0d5efeda77a0aa504c04331dc40c04f5da183a2fb7d80e0f4e97cc638f6873","100044"
"data/derived/paper_v2/final_benchmark/snr_10/VIVOSDEV10_010_05fd48840bca5ce9_snr10.wav","038f0eee59ad4356af059d861fa97c2dedd09df02275996a3e01862cb29265f6","90044"
"data/derived/paper_v2/final_benchmark/snr_10/VIVOSDEV10_017_3c0edea348a8a6c3_snr10.wav","93f23e2742ba365c30de8b1a2e1b69563b5bb5a2da95b7d4d43391ea90cb5065","92044"
"data/derived/paper_v2/final_benchmark/snr_10/VIVOSDEV10_020_6282cd4c68ca67db_snr10.wav","552a4b98dca44770f884d71e644167ad0854bb14181b69c8ca5deabdf43e09d3","114044"
"data/derived/paper_v2/final_benchmark/snr_10/VIVOSDEV10_024_de5a478fb2691133_snr10.wav","0cb51cbc233c033bc0208f30bb7447cf183dc7281705e963ced225f4b115087d","94044"
"data/derived/paper_v2/final_benchmark/snr_10/VIVOSDEV10_035_3318e07920f8453c_snr10.wav","5884e89ca7050594f56a5a0fa84768131f72942fb17c5401bd83c05bb5b3da0b","82044"
"data/derived/paper_v2/final_benchmark/snr_10/VIVOSDEV10_043_df5cd2b0574a94e5_snr10.wav","485a2c01fdfd0baaab25958dc6505e177c5d6b521554e6ae0d828c555712de7e","80044"
"data/derived/paper_v2/final_benchmark/snr_10/VIVOSDEV10_045_ea450211c6463409_snr10.wav","59ebf4a4190c62c4b1bd52300ee56c4e61730deeab941a836161a98fb17e404f","137044"
"data/derived/paper_v2/final_benchmark/snr_10/VIVOSDEV10_067_6a0e0dbf44e42fa0_snr10.wav","af2ff0a58a6ee25668f9a2cf79c3c706f512bb574ff71b14043b887e3500f6b0","124044"
"data/derived/paper_v2/final_benchmark/snr_10/VIVOSDEV10_068_eddcf77bc42dd476_snr10.wav","e0fe832ba5aef8449fe1c4467e039cac56fd5d6d6c8e9fa86cfb783cc81320c4","138044"
"data/derived/paper_v2/final_benchmark/snr_10/VIVOSDEV10_072_82fa59c4160d79fb_snr10.wav","f0b710b33801b19151dd72dab7ea7687759bd85b09a7cf2c00cd6e2402628b14","143044"
"data/derived/paper_v2/final_benchmark/snr_10/VIVOSDEV10_073_ca29bb1a1fb65720_snr10.wav","9e1117f9c197932e1c040fdd8da31158073428448c5e0f50b9d113c682c579df","94044"
"data/derived/paper_v2/final_benchmark/snr_10/VIVOSDEV10_076_0a24bf8f19e49c2e_snr10.wav","7b23c63ada24a1e6bb2acbf29644bc24515a6fb59783226eb8399745b888a010","120044"
"data/derived/paper_v2/final_benchmark/snr_10/VIVOSDEV10_117_ea7aaba199396720_snr10.wav","422a4ba38773a540caef28614f6444ca380b6d15a8501be4959db7151df4f65c","44044"
"data/derived/paper_v2/final_benchmark/snr_10/VIVOSDEV10_140_b78e8cede0eb0e80_snr10.wav","55f76a510bae289727362a83960ddab4302e106dfef37bd8ee8630eedc889a58","201044"
"data/derived/paper_v2/final_benchmark/snr_10/VIVOSDEV10_162_8fd4d7e4bb122ab3_snr10.wav","4ad9cba0e2f632bd58b19efde8eb395cef6b581def1dc0f30f5981b3bf07b30f","101044"
"data/derived/paper_v2/final_benchmark/snr_10/VIVOSDEV10_172_08a3baedd9430ff6_snr10.wav","98f62a80caf9591ef6635e2cc2f3918aac46abf3cb54c9c079b4efffcec5facf","81044"
"data/derived/paper_v2/final_benchmark/snr_10/VIVOSDEV10_176_b0974ae49ecf2808_snr10.wav","41b48283a800b6cc30cd80cd3952e1eb0e94460f59d2581b963b1a119171fb84","98044"
"data/derived/paper_v2/final_benchmark/snr_10/VIVOSDEV10_189_465a1898fdfa4f27_snr10.wav","177142174dd788c205b39af2e3e5fad0386d5403fa32871c5326508d5088344a","56044"
"data/derived/paper_v2/final_benchmark/snr_10/VIVOSDEV10_194_df9a83713cfb381e_snr10.wav","5cf502e41a9cada3c2f48281735f32fcd25f65bb57ad9ce42bf884b953bea7f2","108044"
"data/derived/paper_v2/final_benchmark/snr_10/VIVOSDEV10_211_8223dbc761fad61c_snr10.wav","ff04109bea5ff4cf3631cead210d54bfe3e2b787cce85c2b936e0531701acedb","74044"
"data/derived/paper_v2/final_benchmark/snr_10/VIVOSDEV10_212_a284d1007ddd96fd_snr10.wav","8f95357652c4b85fadf52e546548cc70d4f8a62e5658c980a060821319157aa0","64044"
"data/derived/paper_v2/final_benchmark/snr_10/VIVOSDEV10_227_52190f0aae0fab64_snr10.wav","2158ffe054d89ea6f19380cc0713eddbd031b6b019dc678a73daf83441fd4227","51044"
"data/derived/paper_v2/final_benchmark/snr_10/VIVOSDEV10_234_df77282e7100d490_snr10.wav","410ebcbb63bb251e3f9cd02c176564aad52ca31383d44ab5dd99dd73681a7851","62044"
"data/derived/paper_v2/final_benchmark/snr_10/VIVOSDEV10_247_1e45d026b4cfcd5c_snr10.wav","97e513696e7324c728026bbaa327e75ea43fed30e67b3f56ebfdb9740d284881","58044"
"data/derived/paper_v2/final_benchmark/snr_10/VIVOSDEV10_249_bbfbf9a60ab7a6c9_snr10.wav","0c43d54e41b0540097d23241048942b350f3c829b34839c983fea65ffd1d2bd4","69044"
"data/derived/paper_v2/final_benchmark/snr_10/VIVOSDEV10_278_7ded3d951b04afad_snr10.wav","bfb2c151efdf4abce123ace52471048577292358c3083fb98d27436e0a30ad11","78044"
"data/derived/paper_v2/final_benchmark/snr_10/VIVOSDEV11_022_cadb6f1f596bca70_snr10.wav","a72b910c1b988da6d6fb8e0c51469c1584fd0606050c9008bbf37b2df95dc9d0","88044"
"data/derived/paper_v2/final_benchmark/snr_10/VIVOSDEV11_046_a6e8a8f8048a4f7f_snr10.wav","9b8b3606cbceb30dd11b9b1546dd66743968dbfaec1281eafb05d0ef04228ad9","123044"
"data/derived/paper_v2/final_benchmark/snr_10/VIVOSDEV11_057_b446cd8a61cc0ca4_snr10.wav","92076cd46147bc7d20a25428db297a3a5790e2049b76671e39fa0d4b564df97e","69044"
"data/derived/paper_v2/final_benchmark/snr_10/VIVOSDEV11_063_1a9160f367731b13_snr10.wav","de35374432158000a31b8ff2a6f9a2f3ec7e47c82e177adc2cb04f9f541767a5","88044"
"data/derived/paper_v2/final_benchmark/snr_10/VIVOSDEV11_076_ff1697c9323634ad_snr10.wav","4351584c202c9144087edf45ff4972a73e0674f83e13ff31341edd6301484fa7","108044"
"data/derived/paper_v2/final_benchmark/snr_10/VIVOSDEV11_077_449d90a0c3b14f6a_snr10.wav","ab83dbe684c443e1fc276b8a2463e33002174099091934a4100c643a0192f571","124044"
"data/derived/paper_v2/final_benchmark/snr_10/VIVOSDEV11_079_04faaf3565291f39_snr10.wav","1ef8829bc9931e19e3ee1c0577874f3d5891da2b07d4d84c5df6ab7cadf42353","114044"
"data/derived/paper_v2/final_benchmark/snr_10/VIVOSDEV11_081_315a33a3e11d0602_snr10.wav","2b1925be5c09c75b8c6503c8852e390a8eb073c992f64e2d25e5c232cf3eec31","76044"
"data/derived/paper_v2/final_benchmark/snr_10/VIVOSDEV11_095_b68867f2547a4d78_snr10.wav","04bf802487ee8a8b54700e33ebb6c278276829b7f9dc9ec503be0b74732c8e2e","104044"
"data/derived/paper_v2/final_benchmark/snr_10/VIVOSDEV11_122_013b5843c3710f6c_snr10.wav","468ae02f45fa2a82f08c24081ff18c1dbd90d751a7a6c522b2a31fea2e8b3ef7","60044"
"data/derived/paper_v2/final_benchmark/snr_10/VIVOSDEV11_123_f91ebc96ba1ee4ef_snr10.wav","29ecc6c205887e4c452b82cdf70f25bf079105ee6f4572a6fa67f4fe3fa83db9","92044"
"data/derived/paper_v2/final_benchmark/snr_10/VIVOSDEV11_136_5a19df75ebd25665_snr10.wav","6a847e0982bf943f2556a8f62d082852f069fb1cc7691a80a17a9781ccfbd904","150044"
"data/derived/paper_v2/final_benchmark/snr_10/VIVOSDEV11_147_ea3f7eff494d44b8_snr10.wav","bb3b9d4cf0a2afebf37694658a912bdefe280f467fa73c1e6d9694a9dfbf6856","199044"
"data/derived/paper_v2/final_benchmark/snr_10/VIVOSDEV11_164_fb71f9dc56204896_snr10.wav","ed1a208c1cf04a7f1f24ddb28662af0c82b5fdf39b7d5adf25161799be8c28be","172044"
"data/derived/paper_v2/final_benchmark/snr_10/VIVOSDEV11_198_8f1afbc0e92bf51f_snr10.wav","4a4a14f43cf8d6116946ab0e1f7662514d6f03540fc804b8f2e7378c30ab66f1","154044"
"data/derived/paper_v2/final_benchmark/snr_10/VIVOSDEV11_200_917faf8abe37f63c_snr10.wav","8e349bcb22da6e95418287c5d0806c6f74f4f7e9e5ed00cc893960a34b5d06a0","71044"
"data/derived/paper_v2/final_benchmark/snr_10/VIVOSDEV11_234_36ba5df917df8a91_snr10.wav","ac5315f71a102bb07f70d5dc72a8e5fe468252582b2b6dfda24843465b700d4d","98044"
"data/derived/paper_v2/final_benchmark/snr_10/VIVOSDEV11_246_6cf926e7e084d680_snr10.wav","6a9c16d1aa926f24d28ab61a339689e7e6a5c83f6d1c62b735a9dca044904207","86044"
"data/derived/paper_v2/final_benchmark/snr_10/VIVOSDEV11_252_d896b0740bfa0eb3_snr10.wav","8ef683ba0a28b6b5c148de15ee716a48770d343ef6df6cedcd6a06cc2a4764c0","139044"
"data/derived/paper_v2/final_benchmark/snr_10/VIVOSDEV11_262_693568e1a75dfff8_snr10.wav","caf3fa16bd2db6d9057f358d1a8b4c75afcbc36492595373facd80f83b0caba1","122044"
"data/derived/paper_v2/final_benchmark/snr_10/VIVOSDEV11_269_2f68b27c584b2ecc_snr10.wav","9ddfcfd36c71045ac065a7129e8f1f947966e5c1305e12d5c6c5f0abc89fbbf9","149044"
"data/derived/paper_v2/final_benchmark/snr_10/VIVOSDEV11_273_e53fd1128c1ff363_snr10.wav","522af73c90d9c9481549e3581d239bb5439268a5d16147f37ea34c5f369cf122","86044"
"data/derived/paper_v2/final_benchmark/snr_10/VIVOSDEV11_274_b6f5d4cc8e1f6012_snr10.wav","f25dffd4ee3e9706bf97fd6f376e469aa40beb12dd834b85d5cbbd5fd47d073d","97044"
"data/derived/paper_v2/final_benchmark/snr_10/VIVOSDEV11_289_c0d03133b954c7c6_snr10.wav","20cf654fb51d0b763aebee4aa5bdacf1f821c04ed7e28f60b87db708041a5567","155044"
"data/derived/paper_v2/final_benchmark/snr_10/VIVOSDEV12_006_08e4b95419fb8a4e_snr10.wav","2285753af12848cfb37c34d7ec013b5c2cd9c275335531d2ab15fab61c103b27","132044"
"data/derived/paper_v2/final_benchmark/snr_10/VIVOSDEV12_011_4c46d28ed73d8764_snr10.wav","41a36c0d40d85abf2512686c19cc3a1c7bee9df2bdb2c45fa8c342c609f5352c","105044"
"data/derived/paper_v2/final_benchmark/snr_10/VIVOSDEV12_015_0b3ab9efc47f5bcf_snr10.wav","64c09377bbdc1104345fc5af148a09738e0edeed10520f1db84023651464c387","82044"
"data/derived/paper_v2/final_benchmark/snr_10/VIVOSDEV12_032_496f0ac56bc8b47a_snr10.wav","c4e09f78a02023bd83b0e00e2497d6fd26212747f413ecde103d290884ad62c5","137044"
"data/derived/paper_v2/final_benchmark/snr_10/VIVOSDEV12_056_c95a87a305f3d12c_snr10.wav","8403f5fb7e30d7d340bab610c3cb8af59c9b50be47848a855c9622c19ec74cac","95044"
"data/derived/paper_v2/final_benchmark/snr_10/VIVOSDEV12_057_5f9cfc67de1d7708_snr10.wav","6ecf64df4736572e5c9201c498ce9bdd04452bdc2d392ee0981d1adcbc089e4e","138044"
"data/derived/paper_v2/final_benchmark/snr_10/VIVOSDEV12_066_6a94ad76bbbd6b34_snr10.wav","d23d0ce36e63b00a6b6ca864a2e57b152eddf0bac5c2a1f5b50a45f2319439a2","108044"
"data/derived/paper_v2/final_benchmark/snr_10/VIVOSDEV12_068_b33d9fb3e9b0159a_snr10.wav","0ea2e9b06f7fe43f0b6a6788e70058e5007a0203bb0db45bc97604d2f9d02965","100044"
"data/derived/paper_v2/final_benchmark/snr_10/VIVOSDEV12_079_6a96c4e1d4360a06_snr10.wav","d1accbabc85eb1798937c622e9e6151295d97a14f9a9db08966e963006371dfe","106044"
"data/derived/paper_v2/final_benchmark/snr_10/VIVOSDEV12_101_bc8cb676d9891d99_snr10.wav","4c6f6a5998ffcf9704d59b562ea380232cb270ce45ef05c6ce515fe856dd8d3b","156044"
"data/derived/paper_v2/final_benchmark/snr_10/VIVOSDEV12_116_2c951f867ed58191_snr10.wav","6e93633fefdd4154b99903839ca7dc5082250e4902125680f286a70d2cccad95","91044"
"data/derived/paper_v2/final_benchmark/snr_10/VIVOSDEV12_132_d8f5ad1fed150c6f_snr10.wav","b590bfd899a656b0fbfb7df2fd83b83f668750473dff9a2c5864b6ea7be4fd0b","106044"
"data/derived/paper_v2/final_benchmark/snr_10/VIVOSDEV12_144_ba2248dbb29fceec_snr10.wav","3807da4159c12834e2d0ad951e1f67a4d9d8fcf5b75f18b81ba358f3d0b70ab6","66044"
"data/derived/paper_v2/final_benchmark/snr_10/VIVOSDEV12_166_f2f7b8d7495c3e9b_snr10.wav","f928b837963a23577349265066fae1fcd38a81fc8bab316f84d0a8374d8a58f1","86044"
"data/derived/paper_v2/final_benchmark/snr_10/VIVOSDEV12_169_e9248d4aeedde6ce_snr10.wav","7a23a018417d2018bacc1a2c5d23ae350b1bc85aedfa8d48f5e0d3756090e025","74044"
"data/derived/paper_v2/final_benchmark/snr_10/VIVOSDEV12_173_73621b4a6735ef02_snr10.wav","ce374012dde1727904254851da8da3a8e14473e270fd880b1626c34169da232c","89044"
"data/derived/paper_v2/final_benchmark/snr_10/VIVOSDEV12_192_75eff7a2f2edbd11_snr10.wav","dd3bb99ba01343ed5b99ed2826fa33cc092f84d398af8d71bc86ff3fedcf9790","88044"
"data/derived/paper_v2/final_benchmark/snr_10/VIVOSDEV12_213_e01a730a46a3aaf5_snr10.wav","634706586d14e88f389db4003388e7fb4b07108cc59fe4fba1d6a48976e83d66","91044"
"data/derived/paper_v2/final_benchmark/snr_10/VIVOSDEV12_223_f432cabab9ef97f1_snr10.wav","a060184623f18f06b2ecb8c9028a703bba8bf06b9e58f899955ecc033f300380","90044"
"data/derived/paper_v2/final_benchmark/snr_10/VIVOSDEV12_232_0f0dc8eccc184372_snr10.wav","b13f050469e24b877205ff18d4ef9f8ab73c9a2313b78346de09fe350b050f35","78044"
"data/derived/paper_v2/final_benchmark/snr_10/VIVOSDEV12_244_6034de5c9cf471bd_snr10.wav","633680e6b28c7a7ba866adb876b583bba73d9af7e99bc8fc6f62519c4b8941c7","86044"
"data/derived/paper_v2/final_benchmark/snr_10/VIVOSDEV12_248_592ba100a9721f88_snr10.wav","f081660b37fa65c2ea748e5c2bccc9f83bc5f108b1ff22d1d58175206fb9dba2","148044"
"data/derived/paper_v2/final_benchmark/snr_10/VIVOSDEV12_280_e191aeae5ef0e3df_snr10.wav","37b973410f4bffc8e7662e2617afd81c006a788b14b43a8053966e8ef7a0550d","100044"
"data/derived/paper_v2/final_benchmark/snr_10/VIVOSDEV12_290_b1643bd011068f90_snr10.wav","7483a11eefe08a990aab2e917968ca9e8ae3378c8df1079a80627a9257ad044f","120044"
"data/derived/paper_v2/final_benchmark/snr_10/VIVOSDEV13_019_7dc0a9b616d91929_snr10.wav","74f687d49cbcf0ba6a30dbfa40ecf8057051ac0850124d354a1102b2b789ea50","132024"
"data/derived/paper_v2/final_benchmark/snr_10/VIVOSDEV13_026_acaa22faaa96ba2d_snr10.wav","2fb40fa35d7187e7f205ed9054e3e958be7a3c7ce7f582318de777874e50ffb8","134024"
"data/derived/paper_v2/final_benchmark/snr_10/VIVOSDEV13_058_f3e1aa84096a8f30_snr10.wav","3d45eb6cd7d5e3371612a222d12ce42f18a28f444b13eb8616ca46f8e03aaefd","139024"
"data/derived/paper_v2/final_benchmark/snr_10/VIVOSDEV13_061_56fc48bfd4341960_snr10.wav","08059afeb414b1b92f1a3e083704c214faf6eae77a732776ee43a60975900a18","132024"
"data/derived/paper_v2/final_benchmark/snr_10/VIVOSDEV13_075_e536c2eb044bc745_snr10.wav","7781482bb081d26c6ffb93dfa1612ff04c562dd3b446bab1e0fbd30ae8be1572","140024"
"data/derived/paper_v2/final_benchmark/snr_10/VIVOSDEV13_078_4ecb4951eaf37fe5_snr10.wav","df54cb15fdba522b955e022b83e5d64f4b6276dab0d29735428922af8771008d","146024"
"data/derived/paper_v2/final_benchmark/snr_10/VIVOSDEV13_089_676b228af3647a0e_snr10.wav","bf4b4367128f4429232dba9483b555d5dcc54b05983317934aa7499a84b0cc45","206024"
"data/derived/paper_v2/final_benchmark/snr_10/VIVOSDEV13_097_4208aa35d783e2d5_snr10.wav","fcb92071b2c4305094c0a3caf3e09b62ca400c96fe4a6bc96a9ada7c36be06af","236024"
"data/derived/paper_v2/final_benchmark/snr_10/VIVOSDEV13_105_e92fba639de8d9a7_snr10.wav","cfbe1428e16283dc49856c7e2bddfeeeeaa4b968e04b5f8041e9e5ef7eeb18fa","251024"
"data/derived/paper_v2/final_benchmark/snr_10/VIVOSDEV13_136_c76af10a8884cbb1_snr10.wav","82611e4cf5da43471d3b1be0c9973a9ae5c14d679c5c677b4aa32ca39704d77d","136024"
"data/derived/paper_v2/final_benchmark/snr_10/VIVOSDEV13_137_edeebc5a86c9a9d7_snr10.wav","c4e9a96df19eaa654e43bb4d248d60dfa70f91ab257bd5644c786ab0a16b5dbd","104024"
"data/derived/paper_v2/final_benchmark/snr_10/VIVOSDEV13_139_3c1ec9cbf2477d8f_snr10.wav","467f3f42ad3621435f473a809ade4d13851a84a1f2fa3c5f3a570156d7e996fe","132024"
"data/derived/paper_v2/final_benchmark/snr_10/VIVOSDEV13_146_9c7709bf8e33f085_snr10.wav","2cde547660da03f3bcb6438d5a30dea5e08677e146610a65657919f32257abd6","164024"
"data/derived/paper_v2/final_benchmark/snr_10/VIVOSDEV13_147_dc513d171949fa0f_snr10.wav","f52091d1283b811b531d70cadb8b46326cc3663f4cbe5d8b756571ac79ee0139","147024"
"data/derived/paper_v2/final_benchmark/snr_10/VIVOSDEV13_150_385ed122a724f6ca_snr10.wav","0b8dd84979c5b2a2aad9955ee47fb5743ed6a26baa3f5e2fa5dddf8cc61906f1","132024"
"data/derived/paper_v2/final_benchmark/snr_10/VIVOSDEV13_222_3253c25725e89a64_snr10.wav","78b7a6690552e55d215b4cf76b7886680332f0d303e8ee86929df4078d4adabe","119024"
"data/derived/paper_v2/final_benchmark/snr_10/VIVOSDEV13_241_625536b016fc905f_snr10.wav","058b4c4b38aee6c59f7702520a5eeccfd20c503dc7e5b655f9304ed361e98c94","84024"
"data/derived/paper_v2/final_benchmark/snr_10/VIVOSDEV13_252_f79f88e3c970aa4d_snr10.wav","fcfbf846f6afc61b74b323c06dcd20f82f965de3701fa3ca7a26db9adcf02dab","126024"
"data/derived/paper_v2/final_benchmark/snr_10/VIVOSDEV13_267_72409a7e7e244232_snr10.wav","799e1e609dbdf724e7e22b82f148fc8eddff9ae82ffefbcb2ffd8008dc6193bf","126024"
"data/derived/paper_v2/final_benchmark/snr_10/VIVOSDEV13_277_e14e5b28a6bed6dc_snr10.wav","9c7f5660f31cd9f676df1d2a17df61ae33cf9ac3568bc4018a66935cc5c09ff9","127024"
"data/derived/paper_v2/final_benchmark/snr_10/VIVOSDEV14_018_a7a267c12b385138_snr10.wav","81ac3f6a88fb8f607bc175aad6549cec35406a4249df6fc859b9c3d22748fe22","100024"
"data/derived/paper_v2/final_benchmark/snr_10/VIVOSDEV14_022_d7ec282861e880b2_snr10.wav","3648f0cd8c8e36b827a206e1d28dcd7f4df825cf9139ec0d1ff8d8a7acafb7a3","96024"
"data/derived/paper_v2/final_benchmark/snr_10/VIVOSDEV14_035_dca48e7b8b30fc16_snr10.wav","c63771dba5e99157e2c597d994f568458ec3618bb95b49fcac5c1721853f0595","106024"
"data/derived/paper_v2/final_benchmark/snr_10/VIVOSDEV14_080_401e89f76d9d3c3e_snr10.wav","bed149ed349969b8b11b733180c92ae3a7d6e33963d4b58205a372a983219fa1","132024"
"data/derived/paper_v2/final_benchmark/snr_10/VIVOSDEV14_085_ce1e54effe3dc7fa_snr10.wav","3a7884d91b8fb23b64450361cb5c0d91623655722f3f5b66905a0f4606b1bdc9","154024"
"data/derived/paper_v2/final_benchmark/snr_10/VIVOSDEV14_093_1ac0a754ff05658d_snr10.wav","1a5cbe064b3718bf4f1f6a78152931f2ccce57d5d8d1ae0d446f8e607e6a18ab","140024"
"data/derived/paper_v2/final_benchmark/snr_10/VIVOSDEV14_104_c6a801dbe85ca997_snr10.wav","a22624ea15f45bcc5b28e7fc896ec01d8b481437e8c7b477352e60a0a91ca442","139024"
"data/derived/paper_v2/final_benchmark/snr_10/VIVOSDEV14_115_37f5584ecf03f3be_snr10.wav","cc155796117dafa3750a32983355edc80626b3614bacc6b5f174108362ffadff","132024"
"data/derived/paper_v2/final_benchmark/snr_10/VIVOSDEV14_134_d312b976506b0bbf_snr10.wav","1ea33466309f06a3218ff13ef03195b07b859db6ce2ac7994f31e4c522531862","124024"
"data/derived/paper_v2/final_benchmark/snr_10/VIVOSDEV14_151_1cba195b1ac4f373_snr10.wav","ac99aa0c674bca7f4fa87118316d78d43a444282cb20ca9554e67295e8c863dc","99024"
"data/derived/paper_v2/final_benchmark/snr_10/VIVOSDEV14_156_f68ac84c96949760_snr10.wav","0fd151f3eee19662b3d4727a4f7c1ca05628e5418f5218f11a2259381fba147b","99024"
"data/derived/paper_v2/final_benchmark/snr_10/VIVOSDEV14_163_f68349d62fd02355_snr10.wav","07d0d287c1236e8813d841864f93f02779f0e100bfc5cd32c88fb367dcb8e168","100024"
"data/derived/paper_v2/final_benchmark/snr_10/VIVOSDEV14_186_c835e852d47bad82_snr10.wav","c1e318632d61e103c8e2967ad1a206e699ffed97f42818a556a384b435b43f36","90024"
"data/derived/paper_v2/final_benchmark/snr_10/VIVOSDEV14_191_ae8fd6dd9a7902ad_snr10.wav","e8c9a66dfeddf677ddf56ddb942524379ea581c0d0cf1fd63b2e3eb5eb553371","144024"
"data/derived/paper_v2/final_benchmark/snr_10/VIVOSDEV14_194_6d1c0688ce8bd42d_snr10.wav","61c67bb1aa18a43e7bb21061eca2cc9378a692bd7d7c54e2443783d968109a81","88024"
"data/derived/paper_v2/final_benchmark/snr_10/VIVOSDEV14_195_4be07d7d6547bfd8_snr10.wav","006da1186dec8c64e2e78910d72a50cb792a910859fdede3616272904d3fffdf","174024"
"data/derived/paper_v2/final_benchmark/snr_10/VIVOSDEV14_225_e0711eb627ed6989_snr10.wav","8fa4d4bf1869329fe4eb9737aea13b45a9bc0146cc19fe3e8b190bd56f715467","136024"
"data/derived/paper_v2/final_benchmark/snr_10/VIVOSDEV14_227_801ad4c521b742b6_snr10.wav","1ae811a0ff5e390132ddf2019a5be6d8420e7fa37bca2e0dd0b2abb137d15944","102024"
"data/derived/paper_v2/final_benchmark/snr_10/VIVOSDEV14_236_cbad560a71c410ef_snr10.wav","090b28eaccd1d4598ae259f8608e4cd02d0d3ffc1997ade25809081c7361645f","98024"
"data/derived/paper_v2/final_benchmark/snr_10/VIVOSDEV14_256_add3b3f4adc38fcd_snr10.wav","f6268983f62b5683ae911a218bc1078c464013119cf9862a637755ea54e33ca6","124024"
"data/derived/paper_v2/final_benchmark/snr_10/VIVOSDEV14_280_22b1c613a5ef2c60_snr10.wav","1d9777a7734a0178cc8f2649a91c611ce7707b7a2658ea0da17ab84802fc2298","96024"
"data/derived/paper_v2/final_benchmark/snr_10/VIVOSDEV14_283_efc579ae334ef14c_snr10.wav","e79cf89fcca2e2407277e1bcc4a16126d50fe81f1a475f866bf59cbc82abd1eb","125024"
"data/derived/paper_v2/final_benchmark/snr_10/VIVOSDEV14_286_dc9508056ccc988e_snr10.wav","eeb7a011e373b500c0aa58e54743e25af5b2e05033366b1a1acdda6ac0f8f84d","93024"
"data/derived/paper_v2/final_benchmark/snr_10/VIVOSDEV14_289_a9e35eab11cb66aa_snr10.wav","c1b62249c73818c4ba516ec563cd55e335aa8fde9d988ef34cfc2e543dc946cf","118024"
"data/derived/paper_v2/final_benchmark/snr_10/VIVOSDEV14_291_7fe4e17effebe269_snr10.wav","d4a860851be10c2948ecab2d7dcdc11c4437f1d68547e16325630e5164770649","114024"
"data/derived/paper_v2/final_benchmark/snr_10/VIVOSDEV14_294_1a0078de6bfa79ce_snr10.wav","7d31be4cfd6bc7605fe96d0cf3d235fd3b5889421c30f98e95dedcbdff4691f0","106024"
"data/derived/paper_v2/final_benchmark/snr_10/VIVOSDEV15_014_c3e9e6df27ea665b_snr10.wav","42626c888728d72844649e1547697aba1ec788f3428b9fa5b15a632d9b3dfcb7","124024"
"data/derived/paper_v2/final_benchmark/snr_10/VIVOSDEV15_020_472babe113851fbd_snr10.wav","0abe7bd07f97702cedb03bf4afa005d979ab61c57993d96ae7c6c8fd2636f7b2","91024"
"data/derived/paper_v2/final_benchmark/snr_10/VIVOSDEV15_021_3bba5b9f8137393f_snr10.wav","fba307b4c6b7c17de1d4b51058f5cb027f47001af7e5b22390a0f6d08a711c0f","110024"
"data/derived/paper_v2/final_benchmark/snr_10/VIVOSDEV15_026_03efce3dee466c12_snr10.wav","421a642ce482bb0ec92087d9de76f4480f5ffcc778fed2f5e2a2dc15338b1b7a","110024"
"data/derived/paper_v2/final_benchmark/snr_10/VIVOSDEV15_037_791e87a2ba2a0203_snr10.wav","5c96494fa717c730a8560c17d5ad1955098f1c51a59dd7c066f00bd911012f1c","117024"
"data/derived/paper_v2/final_benchmark/snr_10/VIVOSDEV15_038_855b579c865cf8c4_snr10.wav","0f4077f9493aa3b8652484a81ac5463dda0b32de4f96872e7aa2214450988af1","138024"
"data/derived/paper_v2/final_benchmark/snr_10/VIVOSDEV15_050_be283f93c2a94605_snr10.wav","af33303ca60937167f621af5691c087c4f48e84b83b421af47171340d27d5bc3","138024"
"data/derived/paper_v2/final_benchmark/snr_10/VIVOSDEV15_062_3649c2d5b9c221b1_snr10.wav","6b6c49d77f34bab91f23a1f1e3ea3c797272f79f7d2a2b756b38f261f45944d7","129024"
"data/derived/paper_v2/final_benchmark/snr_10/VIVOSDEV15_066_ff2d84e4cda822c9_snr10.wav","eacf6e772e9ee5df89470615622c8d2001db29aa0421911b37d46e9cf391555a","140024"
"data/derived/paper_v2/final_benchmark/snr_10/VIVOSDEV15_092_b45ecf35bf2609d5_snr10.wav","ef4ea0ec7083a1042a6ef0b50a8ceedcc55dda5ce679a4701e2d67b221a74c71","140024"
"data/derived/paper_v2/final_benchmark/snr_10/VIVOSDEV15_109_2373fa1de6bede8c_snr10.wav","60d7422b359d367e54b9871c57e03b2ec5bf275200c9bc0cb0bc47dc6e476935","97024"
"data/derived/paper_v2/final_benchmark/snr_10/VIVOSDEV15_111_96ff547a951dc948_snr10.wav","7b6184957a79c1c96354b49cc35b27c5fc6015e8fcbec2f93cefa1ad074121aa","109024"
"data/derived/paper_v2/final_benchmark/snr_10/VIVOSDEV15_154_2f19ee0c69ef7f17_snr10.wav","6af9e919261a7e7a9d80108746484eb4adaaeabb0a48fbce78d27990b19359da","120024"
"data/derived/paper_v2/final_benchmark/snr_10/VIVOSDEV15_168_dc4082e512b32df3_snr10.wav","07068cf413a9eec77a29d2dad49fc6f73b844be6ab2615e803163664a8ef24d0","178024"
"data/derived/paper_v2/final_benchmark/snr_10/VIVOSDEV15_180_07d11bb94951a332_snr10.wav","85d40cab8a6b103f72108fa2884ff9a0c2a855bfb23d390e215ccee3e0844aed","131024"
"data/derived/paper_v2/final_benchmark/snr_10/VIVOSDEV15_198_82e51b6e668d1032_snr10.wav","6e825c7daf37b570ce3ab4110c0800e95fc7856225bc4103a3bc09dc99e00e5b","156024"
"data/derived/paper_v2/final_benchmark/snr_10/VIVOSDEV15_203_0413c12726864eb1_snr10.wav","4cd5d94fd8b43d92f6bf2a512686219160ce99fe30eaa69d68f9f281bfb5db46","134024"
"data/derived/paper_v2/final_benchmark/snr_10/VIVOSDEV15_204_35ee71cd46d1d367_snr10.wav","5205a477180b50afdb41a611dfa97dae67757f828433de31b60fffa0fee4ad2a","139024"
"data/derived/paper_v2/final_benchmark/snr_10/VIVOSDEV15_216_a0eed7eea456cff5_snr10.wav","bc9fffe346ec33e50f6c423ce2ccb8905905a4526859d54e31c0c4cfbfe33693","104024"
"data/derived/paper_v2/final_benchmark/snr_10/VIVOSDEV15_220_92670eb975d3f023_snr10.wav","e5307b2fe615f438adb4e769c5aea66239ad88aaf74d10cd6bb05c75188f1f01","120024"
"data/derived/paper_v2/final_benchmark/snr_10/VIVOSDEV15_267_5ff7ee73fbf23928_snr10.wav","f4eeefffb2d08f4b0663a074112e146bf626089f381b19a39ee54b679f62077e","112024"
"data/derived/paper_v2/final_benchmark/snr_10/VIVOSDEV15_271_4db556829b304471_snr10.wav","5f2ab169cf94a614586ef3d66dcc9525f21b0068644fd520fd8105584899bff8","147024"
"data/derived/paper_v2/final_benchmark/snr_10/VIVOSDEV15_299_e533109fc2810a4e_snr10.wav","cefe999c49b1ff5e3f1581b02d1d8ed732c53bc215e7229f114ecec1942318b5","124024"
"data/derived/paper_v2/final_benchmark/snr_10/VIVOSDEV16_049_c3f0fe90610fe74e_snr10.wav","4ed25945a97c9ed1fa0c1b3c4622f2eee37ed1c6d874f71338a50b9b7287759b","194024"
"data/derived/paper_v2/final_benchmark/snr_10/VIVOSDEV16_050_166d529129a3c953_snr10.wav","e4f99289e1a091a61b3de6e6d25ce4659773acd30c79c2f40b7dcbea59aff33a","120024"
"data/derived/paper_v2/final_benchmark/snr_10/VIVOSDEV16_051_554978033a53adfa_snr10.wav","7c2e892d7e208abced2bd59490b4acca41135cedd07b9bddf357de13bfb767c0","134024"
"data/derived/paper_v2/final_benchmark/snr_10/VIVOSDEV16_068_04344be8e1239836_snr10.wav","d4b88fba0ebb738b5af49503bdae54a5a0a26a5cf30d96665a075ffe260b5209","136024"
"data/derived/paper_v2/final_benchmark/snr_10/VIVOSDEV16_074_b932dcbe6fb22eef_snr10.wav","f8c1140194ca3de40113c6e90d1dbdc1ace620553dd813a4cd7d7707a8defe9c","128024"
"data/derived/paper_v2/final_benchmark/snr_10/VIVOSDEV16_112_0785c98e687f6ea7_snr10.wav","21811888d7e82de3f574727263b8da5c1c382a7474fc84038cbb9d3936ebd0af","122024"
"data/derived/paper_v2/final_benchmark/snr_10/VIVOSDEV16_149_8e1c93ed056a6401_snr10.wav","914870c2ab26b26b297dd5966ca9e8c0fdcd467c2cc71aa50552e27cde6b1e84","140024"
"data/derived/paper_v2/final_benchmark/snr_10/VIVOSDEV16_154_c6e5f5e4fb27a84f_snr10.wav","29b5fd2e1f93384d7bf0d58d19c3d192667e1a0ca413b7af8d2e9e5d2f4ca376","127024"
"data/derived/paper_v2/final_benchmark/snr_10/VIVOSDEV16_168_a97b36c616c7ad93_snr10.wav","1fb51e8ab61ab612875e6266686febf1a72699d0775bf6520c1c82f2c2a67e26","130024"
"data/derived/paper_v2/final_benchmark/snr_10/VIVOSDEV16_173_8aeffd6b17558c35_snr10.wav","675907e246feda20dcb7b5e70a9395d6bf1282553d84ca31cd027944968ca8e4","140024"
"data/derived/paper_v2/final_benchmark/snr_10/VIVOSDEV16_175_ed17741cfdc8eeda_snr10.wav","c33661e00b09ca6f1dcd18c517dd61c8999d3a846c017fa377697e9eafa126e4","122024"
"data/derived/paper_v2/final_benchmark/snr_10/VIVOSDEV16_177_c27f60d1d6d744b5_snr10.wav","fada64e8dd014bec28cf8807aebd6c15418fa1f80bf6a0aa016c0f29f9f154c6","168024"
"data/derived/paper_v2/final_benchmark/snr_10/VIVOSDEV16_197_109d771e7c54a05d_snr10.wav","d373a5fa0981c7250933f72d988bd9baddfe90a010fd7acfb4c5a16272d6e9d3","146024"
"data/derived/paper_v2/final_benchmark/snr_10/VIVOSDEV16_198_7add5eff3d0df734_snr10.wav","3384a834ac23ecb06defb21ae7868396dd16570c5f6a086d54afd97915bde58b","166024"
"data/derived/paper_v2/final_benchmark/snr_10/VIVOSDEV16_203_9c8c306bedb518d8_snr10.wav","3d6852db7c3f7b530789b8b2ee0c05207d61e542956452d026f2a4b6952fba2d","123024"
"data/derived/paper_v2/final_benchmark/snr_10/VIVOSDEV16_233_81dd97ae35779853_snr10.wav","cba59fce3533af00bf7ba303e0208aeaa5cc6758257026f3a62991d60cb006b1","174024"
"data/derived/paper_v2/final_benchmark/snr_10/VIVOSDEV16_247_5fcc9f24c0ce338e_snr10.wav","7ccc4d678ed47e8c7f3e94ac364763062ae08aa5d758e0d3ac06a5743aadd31b","166024"
"data/derived/paper_v2/final_benchmark/snr_10/VIVOSDEV16_267_351717254fcb4bf2_snr10.wav","66ec45c6fd70c3854d584cfc166bf20f5010733c510b4f3fca8fc710d76a3605","160024"
"data/derived/paper_v2/final_benchmark/snr_10/VIVOSDEV16_279_993ff8a4ef6448c0_snr10.wav","7e482cf165c084135af4ac5ccb7b21db53d83ab2b193d2122ada87520dc1a50a","134024"
"data/derived/paper_v2/final_benchmark/snr_10/VIVOSDEV16_298_71dda9aa6747e5ab_snr10.wav","c1b96ca1e9d9fc4c2bdbd2e7501ab066944c61b8d7969f98c8c9d292c4974270","168024"
"data/derived/paper_v2/final_benchmark/snr_10/VIVOSDEV17_011_cba3c30e0b75f2fe_snr10.wav","8c4d358910afdf1bfa7672c508f4d41348343566c996678684509b56a6cb3511","130024"
"data/derived/paper_v2/final_benchmark/snr_10/VIVOSDEV17_024_013aa9ca64b6dcce_snr10.wav","7f1f278adfec86ba49e08a0325b2a42e8739629750a7a98b01573736803c7893","183024"
"data/derived/paper_v2/final_benchmark/snr_10/VIVOSDEV17_032_25c3c01116391bff_snr10.wav","56784b01e76276fb12863dd4cdc5482b9b468d7d5bd7e55026d3d471f18863a6","139024"
"data/derived/paper_v2/final_benchmark/snr_10/VIVOSDEV17_043_00aa0129ff8bbea5_snr10.wav","070e6cba6a3ce96f13c5edb6ecebf7b603bcdfce01f8284407cd6fbf3ec49fca","116024"
"data/derived/paper_v2/final_benchmark/snr_10/VIVOSDEV17_048_18f6c3087e88e9f4_snr10.wav","1e2e0847b5b9f4702311715f78fc0e1155afef134ce89e7e818b61d70e893bf4","120024"
"data/derived/paper_v2/final_benchmark/snr_10/VIVOSDEV17_060_aab6dd6ef6b33506_snr10.wav","6cfad7f47ed81491f1f4bf4395c1a783f0d6a78332d6f011fa5778dc6d54b1f6","111024"
"data/derived/paper_v2/final_benchmark/snr_10/VIVOSDEV17_062_50b8059517a4991d_snr10.wav","8309018f6c5671a26e582a83ced909497e8b07390e4decb1991486801f4f72d0","115024"
"data/derived/paper_v2/final_benchmark/snr_10/VIVOSDEV17_077_c57643bbbae981bf_snr10.wav","320475d18fab8186c2cd2af3bf5501447e2beae4676f6a061322472a2267e6de","136024"
"data/derived/paper_v2/final_benchmark/snr_10/VIVOSDEV17_090_2170204c08584175_snr10.wav","cac797336e3a21669336f7b61d8c314dee633ef981ce7dd92798c6fe1a3c54cc","113024"
"data/derived/paper_v2/final_benchmark/snr_10/VIVOSDEV17_099_85d980bf12be0cc5_snr10.wav","d6a9c8ebec1ad604209cccaf19fc4f81adbccc58d052774b4d0bfbdc1eed6fb6","147024"
"data/derived/paper_v2/final_benchmark/snr_10/VIVOSDEV17_109_fbbabdf269e6b1f2_snr10.wav","fe251faf04cd6b57d0d15193b48f1b517bb2c1d29017df19f9c23fcd6ae71311","122024"
"data/derived/paper_v2/final_benchmark/snr_10/VIVOSDEV17_114_32d175e76877382b_snr10.wav","53988ebebceefa72dcbdcbc710d9fcfaeea4d930098d25d752d8a8727d384fd3","108024"
"data/derived/paper_v2/final_benchmark/snr_10/VIVOSDEV17_120_d52376a5b4497a81_snr10.wav","ddefbab7a9a87f027ef75aa28eaf95e62a0730a9b2a1c01960ead533dddb4584","121024"
"data/derived/paper_v2/final_benchmark/snr_10/VIVOSDEV17_133_4a9a149704edfed6_snr10.wav","b3b66c473c549d08cdc939484db9668f8768e4bfdb29601543f7812fa3b955b2","116024"
"data/derived/paper_v2/final_benchmark/snr_10/VIVOSDEV17_147_2a74c50097720d20_snr10.wav","d3169b05b73f4d76be09d42e4e3e767ea0fd3e091f8e49eb6383add0ab1ab214","118024"
"data/derived/paper_v2/final_benchmark/snr_10/VIVOSDEV17_181_12974f27983d2be6_snr10.wav","78445ccd938897e465edcdabd5a47fadc2f53a5b8415c828b350d5df69dcfc8f","124024"
"data/derived/paper_v2/final_benchmark/snr_10/VIVOSDEV17_189_dd2f2e3ccbf3dc37_snr10.wav","17520f130cc7c161f3afa81a41ea76f5573495b62a231fff168809176b3efde1","160024"
"data/derived/paper_v2/final_benchmark/snr_10/VIVOSDEV17_192_af3e320fdbf78c55_snr10.wav","7c663a4d574b77b4839ad2eb30e4982c4bd06304578ffb0bac4df783e7a14fc4","130024"
"data/derived/paper_v2/final_benchmark/snr_10/VIVOSDEV17_204_c19ef22a4dd512cb_snr10.wav","9e0106a4adfc4f4222a3d468f0c5fb236d576de76538b343227084e399cf3852","148024"
"data/derived/paper_v2/final_benchmark/snr_10/VIVOSDEV17_208_4b3391290b299ffc_snr10.wav","a8316644b9d9843a2609e0a9aaced9932baebdd0b1da7867503ec8b5ca30e5c2","164024"
"data/derived/paper_v2/final_benchmark/snr_10/VIVOSDEV17_217_90a7b20d0a69322b_snr10.wav","2f9fa2f7e3304f5e00c96db6be4dbf312d4d48ead55c5594219e194a8e0e7e57","190024"
"data/derived/paper_v2/final_benchmark/snr_10/VIVOSDEV17_241_96a9bfcd8951b27d_snr10.wav","22a8fced8e3486803b7f4c175ddcc3a532465ee34cb1b77c24a6f267ea32f6ef","125024"
"data/derived/paper_v2/final_benchmark/snr_10/VIVOSDEV17_254_616ce6dc8c944437_snr10.wav","0091f35f993ce87910f57e3c094736909fb19ed8f986276fe9d43f5a9fee8a85","154024"
"data/derived/paper_v2/final_benchmark/snr_10/VIVOSDEV17_271_2e3fbaad6744e8d2_snr10.wav","7e8a116e707179908655b599a7c08a2ab59d383c7250063668a1daef2accd413","175024"
"data/derived/paper_v2/final_benchmark/snr_10/VIVOSDEV17_285_f8c6d6efc5c8b5a1_snr10.wav","a0468604bf75eab03b46a9ecf8e684cffc1a21f04b7fcf06cc22cb2d96ffd0bf","136024"
"data/derived/paper_v2/final_benchmark/snr_10/VIVOSDEV17_288_67ee185a3d9565d5_snr10.wav","ea3a97288aaf5ed2722e36e2d204ff3b229e7c3d54bad0697a7dd19fff3d2881","169024"
"data/derived/paper_v2/final_benchmark/snr_10/VIVOSDEV17_299_e25e4e2668683ea1_snr10.wav","617051687b10d05df0c2556f4afa043155dce4c43ef7f4eaf86f900a967412fd","116024"
"data/derived/paper_v2/final_benchmark/snr_10/VIVOSDEV18_006_4e031e03c4c27782_snr10.wav","497d698408a198ab9abd92e1e354ad495e0549ccbe474e58d11dafce75494bfa","104024"
"data/derived/paper_v2/final_benchmark/snr_10/VIVOSDEV18_012_f82f01b2465ab168_snr10.wav","e2d6278cdbcdc9ad258da4e057839ca2cac56fe2f2d1ee576219e97a7bae4ab3","83024"
"data/derived/paper_v2/final_benchmark/snr_10/VIVOSDEV18_017_8be4454dcb50c155_snr10.wav","c9dafbc06f7f15c83d7de1f945fc7306e57ec4378de1601c5b2ac1997e65af7c","90024"
"data/derived/paper_v2/final_benchmark/snr_10/VIVOSDEV18_060_179c6909b41d2716_snr10.wav","02d6706a7b8008c39f51c3c208618753f116a5558e3003c08c9ce2533d2f5932","75024"
"data/derived/paper_v2/final_benchmark/snr_10/VIVOSDEV18_064_3f042dacc3286a67_snr10.wav","7b2d597b52bcad82cae56e6e5ed985a560511d1fa81f5f2e424151f85b9ac05f","93024"
"data/derived/paper_v2/final_benchmark/snr_10/VIVOSDEV18_065_d52ca343aa3bb1d7_snr10.wav","b2c930e7b3caee9e1bd0798cbc81381484664929f5f5d210d699c1b9af7c9315","75024"
"data/derived/paper_v2/final_benchmark/snr_10/VIVOSDEV18_118_df99b64f05bd1c14_snr10.wav","f27f01b1e377d085f7385d53e2280eb9ac0935f47b289587da2491bc120829b2","116024"
"data/derived/paper_v2/final_benchmark/snr_10/VIVOSDEV18_120_4080e407b0565719_snr10.wav","be1af874a786a79d19b0bb6d895bccef78b48d975677b6946758e38fc71e47c0","78024"
"data/derived/paper_v2/final_benchmark/snr_10/VIVOSDEV18_155_9a3e19f16610b3fd_snr10.wav","734c6793ef83de5b44d4403a9a970413fb35273f897250324adf38bbe65b23f9","126024"
"data/derived/paper_v2/final_benchmark/snr_10/VIVOSDEV18_191_c134bcacea19ddd2_snr10.wav","cd484c50e42457e91f74855b846f1d004c13a255a6edbbc84a9713904b51e72f","128024"
"data/derived/paper_v2/final_benchmark/snr_10/VIVOSDEV18_194_ce12ca67a94c7c6f_snr10.wav","37e057b52825a102dee974d99f94065a2779630bdc51e33776e3802ec8f265a4","111024"
"data/derived/paper_v2/final_benchmark/snr_10/VIVOSDEV18_199_e1787dae6ccb4b04_snr10.wav","e93316e73d2fc72872edebf80c98676ca615f1e5292029482a34471ca61c7733","93024"
"data/derived/paper_v2/final_benchmark/snr_10/VIVOSDEV18_214_73278abc3325dc9d_snr10.wav","e3e9d76289771b6fc6d1a2c053ceba663d07264b1528be71358819f7fca06459","120024"
"data/derived/paper_v2/final_benchmark/snr_10/VIVOSDEV18_250_ecb09f728b5ef008_snr10.wav","a85969c819167e205054a4cb643ac6c061c92f922300b420d9b44628005ce144","145024"
"data/derived/paper_v2/final_benchmark/snr_10/VIVOSDEV18_252_2c514940c4192e18_snr10.wav","b23ad58f000798f5979a9f0b66a1b86c847784e30a0da582ae80d21234a5e16b","101024"
"data/derived/paper_v2/final_benchmark/snr_10/VIVOSDEV18_263_2fa15b3e743de6f6_snr10.wav","61ef1a6cb6ba353b8b9d5494d7fcfd8bbfe08617a692233668ef75d65a9a51bb","108024"
"data/derived/paper_v2/final_benchmark/snr_10/VIVOSDEV18_273_7dc21aca8145a457_snr10.wav","a99414e34e8caaf206781d8123c8e060a726848ef77acf6424eee10641f5d60d","107024"
"data/derived/paper_v2/final_benchmark/snr_10/VIVOSDEV18_279_194d89056e066d57_snr10.wav","cd14da12f2aa54829e820512ab26afd32e5cff3e76c7af3cbec604b6cba3cb79","131024"
"data/derived/paper_v2/final_benchmark/snr_10/VIVOSDEV18_280_c5781ae066bc728b_snr10.wav","2837a242730150c4e94fa6c20dc17b7d747ad4cb91e5e476653ff164b13b4934","94024"
"data/derived/paper_v2/final_benchmark/snr_10/VIVOSDEV18_293_0bd8fa8b0f3d8168_snr10.wav","c8fb3dd304a4d999375644c4cb02a8463288da0b81462df1d28726551c1d8861","79024"
"data/derived/paper_v2/final_benchmark/snr_10/VIVOSDEV19_008_8cd45b84a48f61f8_snr10.wav","23a2ddc5c9344e405ce9c897904d9be993fbb4d8800f59728ee2841621e5f084","154024"
"data/derived/paper_v2/final_benchmark/snr_10/VIVOSDEV19_020_304bbf5f2d6121c2_snr10.wav","24fe8b953d4a1296ce5205033a924c0ee23048de1aaedab9c515769cf0ebfe04","150024"
"data/derived/paper_v2/final_benchmark/snr_10/VIVOSDEV19_022_78e90914097b013f_snr10.wav","ff03cd0fb4d89f2ee2c5f6465c050d9905469ef85c857d2f01a7e958bdcfca72","158024"
"data/derived/paper_v2/final_benchmark/snr_10/VIVOSDEV19_024_37166e91c63f9e7e_snr10.wav","dd903482ec4b25862dbdef61f116abb17af05789e35390a267bb1642188ed324","125024"
"data/derived/paper_v2/final_benchmark/snr_10/VIVOSDEV19_027_4c8fafde77a410ed_snr10.wav","db3dc4cf7936566804d95e53d1515ea6d26167d2c988a051920781e17c3abd25","128024"
"data/derived/paper_v2/final_benchmark/snr_10/VIVOSDEV19_029_419181efdac5f405_snr10.wav","89a201f0150f41b34efe7451888aa6290657589eb4a758740dce100d955eb457","95024"
"data/derived/paper_v2/final_benchmark/snr_10/VIVOSDEV19_045_417cc15505dc7849_snr10.wav","65171633adb7ab13b572f90d1f497f32ea846a6e124e2f64e54b4bd758744650","134024"
"data/derived/paper_v2/final_benchmark/snr_10/VIVOSDEV19_061_97d645b0687ed20e_snr10.wav","6f3f406d51576e12f22fcc1317a8637949b14bb7159f8a9c7fb46ca14330ee34","130024"
"data/derived/paper_v2/final_benchmark/snr_10/VIVOSDEV19_064_3cafb4225948a045_snr10.wav","33d6a18184dad4523e85c1a20406725c35f08045bf586b825c1708ff18f9aa4e","212024"
"data/derived/paper_v2/final_benchmark/snr_10/VIVOSDEV19_072_f5bb21c9908b3790_snr10.wav","8f6e580fc070abe8ab7731d10c18b21a4f46147aa866dd8df149d327c7193a7b","108024"
"data/derived/paper_v2/final_benchmark/snr_10/VIVOSDEV19_083_b05311ff96ed5ad7_snr10.wav","a9435a057b7886118294a5fdd372685c13e68f5af961a4b05bccd50ec8d59071","184024"
"data/derived/paper_v2/final_benchmark/snr_10/VIVOSDEV19_111_923c3c6372abd9d8_snr10.wav","34ae5e4519a4e5a0392a4105bedcdce6fc59b7647c3f012ad2df369baf66c0a9","142024"
"data/derived/paper_v2/final_benchmark/snr_10/VIVOSDEV19_133_2b1ec29ee3dc741d_snr10.wav","016b3a69e7f9256fa8e0cd808b40acc47d29dd2a5001f8fb997cbbf25f1c186b","138024"
"data/derived/paper_v2/final_benchmark/snr_10/VIVOSDEV19_161_f9751732f799a622_snr10.wav","06bd2f7e5637803869cce958bbc4eb1d745ff5d48a79098815a643f7874ae6cd","184024"
"data/derived/paper_v2/final_benchmark/snr_10/VIVOSDEV19_163_fb4b7706ed2059ed_snr10.wav","8879d7b75601e02c2094ddfd23364aa6bf6580c768b4a396ccd2471e24f9517a","140024"
"data/derived/paper_v2/final_benchmark/snr_10/VIVOSDEV19_169_58b8bf7d19b3c3e3_snr10.wav","30358d02cb81b53524637ab77dac9e3560e10e55ac8811f90e10389e10381937","130024"
"data/derived/paper_v2/final_benchmark/snr_10/VIVOSDEV19_179_5e8ecc490009703e_snr10.wav","d380ad266d92ac8e1177d9ba4bfba0260f6feb6074d389f2b7423dfb8298d499","141024"
"data/derived/paper_v2/final_benchmark/snr_10/VIVOSDEV19_196_782d1a0eeeec4487_snr10.wav","6fa070b03d9ad791491eba948fd54e4c8e8ab5052999449b8dd1589e3cb33828","183024"
"data/derived/paper_v2/final_benchmark/snr_10/VIVOSDEV19_218_db387f3a8b1fecb2_snr10.wav","d43259ca6ef7857aec4405bc9f691e3b533abe0ffcfdb8ad358f4bf4b1f1e143","170024"
"data/derived/paper_v2/final_benchmark/snr_10/VIVOSDEV19_244_527f3a7b7f7ebd6e_snr10.wav","9579214cf80caf42135be433162cfcfa52bd0f7f7a06d37393ce59aaca1762eb","134024"
"data/derived/paper_v2/final_benchmark/snr_10/VIVOSDEV19_245_3ec82c5773f2d4f8_snr10.wav","f12f9ff8ba1c824caf6d8a672c816ed4c1fc5be04efdcf12bccf4b93e62b5898","140024"
"data/derived/paper_v2/final_benchmark/snr_10/VIVOSDEV19_246_ad15e226486de5ee_snr10.wav","c40fb0b8d5876818b86533515a0807862c3d8d35eb5537a76a0fffb2ea543166","163024"
"data/derived/paper_v2/final_benchmark/snr_10/VIVOSDEV19_249_87952857a3ae4bd0_snr10.wav","a9923d94de57be2e03d1ab7b915b94a1f6538acd8ec80bb2657c78c861ba5294","144024"
"data/derived/paper_v2/final_benchmark/snr_10/VIVOSDEV19_259_830019d3c3f7fcac_snr10.wav","0b2631b2711cc77812ba3739a0c8b24df4743d7a4e2971efdc5697aae6739b5b","134024"
"data/derived/paper_v2/final_benchmark/snr_10/VIVOSDEV19_262_a971a401b7bbdd11_snr10.wav","5fbd730f1ad06c9ab21644e0cdcd1a98ef14bd0f85c0b3c39872bd5d4d0a2edc","149024"
"data/derived/paper_v2/final_benchmark/snr_10/VIVOSDEV19_266_09eb311490973a0a_snr10.wav","79bbce0b8b5b3436378e39ddb248872ec2e9c82930000df5a629434dbfecda05","128024"
"data/derived/paper_v2/final_benchmark/snr_10/VIVOSDEV19_274_8b09f10a8b2e79b7_snr10.wav","8faf1c9750f84dc4f383d16b3e57c55949ff6d718ad1fc32457b79dac0108bd4","117024"
"data/derived/paper_v2/final_benchmark/snr_20/VIVOSDEV01_R002_fd79213af6ecaf8e_snr20.wav","ca97d8e9c621f423da2c693cc6191ac0c9ab8bbcaee5b440786d359919eb5836","130044"
"data/derived/paper_v2/final_benchmark/snr_20/VIVOSDEV01_R003_c4e6d5c4be31e074_snr20.wav","cc7dab1de3b099bf6b99a648a6c8aaaae1d41702eed1086b53db899d9039ad8c","118044"
"data/derived/paper_v2/final_benchmark/snr_20/VIVOSDEV01_R027_78719e3bc456f14b_snr20.wav","37eea85d18f4478506ce1736b18bc621d2db8d04f94892d8fabbb2dafdc13f59","151044"
"data/derived/paper_v2/final_benchmark/snr_20/VIVOSDEV01_R028_ccd185159bc28ce8_snr20.wav","e94e044a381fcff9e4ad4838a4844d48bf0583e8227f3729d0529c41722edf32","146044"
"data/derived/paper_v2/final_benchmark/snr_20/VIVOSDEV01_R043_726b67c80bac9c86_snr20.wav","fe0334899cfcb4ce5eb10be60135712f003e9d8544fae9471931b2edb1620e49","108044"
"data/derived/paper_v2/final_benchmark/snr_20/VIVOSDEV01_R044_f8955691ae5b97c3_snr20.wav","239a45a3dd82dcfe38069f5a562ce166c6d1dab6bbf09b4638b5c754cacc9a94","167044"
"data/derived/paper_v2/final_benchmark/snr_20/VIVOSDEV01_R069_36bac528212d14d6_snr20.wav","7e6f302e000271a17d4102418aa7a870831a8a5c4e5392b46fb4dac574073311","70044"
"data/derived/paper_v2/final_benchmark/snr_20/VIVOSDEV01_R071_a128878140880cc6_snr20.wav","6f178c02c1761b52e26c847af8b749ab90610cd6aa43296d6707b5468966a712","146044"
"data/derived/paper_v2/final_benchmark/snr_20/VIVOSDEV01_R099_1585768c81fde7b7_snr20.wav","e5d5ec7eef59abbb482bf0001537448c61b9e3759cb3e827ff9fe5b48d139fb0","124044"
"data/derived/paper_v2/final_benchmark/snr_20/VIVOSDEV01_R108_2c4eced1d335b6bd_snr20.wav","112e6bb2d05340bbce5cfccf1fd2f6b4b9566fdc9e772748b86eb6de2c321472","110044"
"data/derived/paper_v2/final_benchmark/snr_20/VIVOSDEV01_R117_3ab905ca79044c34_snr20.wav","5c85048d370a7cad4e553d0a72c592fc4d4422bfa494068cf1ad192e85871c27","88044"
"data/derived/paper_v2/final_benchmark/snr_20/VIVOSDEV01_R130_85b2f49368b24da2_snr20.wav","ae91d04d0efb619ed2bbf8e1fa567e3f678100d92c10f0a6b20e01c4fc167641","119044"
"data/derived/paper_v2/final_benchmark/snr_20/VIVOSDEV01_R139_c0cfbdeb8f7df393_snr20.wav","3cd1362c68628f57b8e29db5ab9cb4e0e3c17eabe3a24bb6c3955189c6fbdb26","102044"
"data/derived/paper_v2/final_benchmark/snr_20/VIVOSDEV01_R150_02177c41204babc3_snr20.wav","122f515a1a8124cc90d988b2ed72a1bfe98ed5b884aeaf3e995cfa33d8ef8f0b","66044"
"data/derived/paper_v2/final_benchmark/snr_20/VIVOSDEV01_R151_9bf17fd58acf8ff1_snr20.wav","65be33d07f7ca7a48fe8d45ef7608f5483586149e91f5d6f737d41f0a58b3a0c","117044"
"data/derived/paper_v2/final_benchmark/snr_20/VIVOSDEV01_R164_e636c9de495e0754_snr20.wav","16536aa50f4c0ba37751476f12645e45853192bc1b31e4c36894edcf6dbbf441","80044"
"data/derived/paper_v2/final_benchmark/snr_20/VIVOSDEV01_R172_e2fe62f4d906f7b7_snr20.wav","c0dd6c5a8605a6439104b910fed17b149f3e94d1f068926c60a387d6e16721b0","119044"
"data/derived/paper_v2/final_benchmark/snr_20/VIVOSDEV01_R174_6d5c7266888422f6_snr20.wav","b153fab4466fef1c3f4932dd1bd7326a26eb611939c0806b3a5ec76305a00c04","100044"
"data/derived/paper_v2/final_benchmark/snr_20/VIVOSDEV01_R176_bcd4726d5f6d62f9_snr20.wav","2e37b7530b5ac0facf54340114738776ff609e41d3c4bb9a9d0c6c9eba2a93f5","110044"
"data/derived/paper_v2/final_benchmark/snr_20/VIVOSDEV01_R180_af9fe58d1b023613_snr20.wav","5a499b1f460853aea7e6ee6abed0e3c3267745c8d26ba7622c23cf2c19e64ec8","126044"
"data/derived/paper_v2/final_benchmark/snr_20/VIVOSDEV01_R188_8dd8c276f406dfcb_snr20.wav","d37924be4e1143314505e48ed75cac03d3e42b0b0bddab62bc48236349fa6421","110044"
"data/derived/paper_v2/final_benchmark/snr_20/VIVOSDEV01_T002_f488f805618f41b0_snr20.wav","7737828e5769a2041b3092a7b78147b72a34ee7768a86eebb9509532952fcd69","63044"
"data/derived/paper_v2/final_benchmark/snr_20/VIVOSDEV01_T038_0c866259f7c47b5d_snr20.wav","afbdc43acfe1fb1bd438f51c3d558ff52bd7fec809586f630a76cff7a30c4439","80044"
"data/derived/paper_v2/final_benchmark/snr_20/VIVOSDEV01_T043_a57ee2f25d49ee2c_snr20.wav","620e4598b83a4630be8ec1e4ba7033112728bda83e426c6f554309373b5036ff","78044"
"data/derived/paper_v2/final_benchmark/snr_20/VIVOSDEV02_R009_9410678bd341095b_snr20.wav","347d38ba1b36474b9cbe62ce66fd0a93cc3ce33cff93cf3b679d69feaf1ef3e7","107044"
"data/derived/paper_v2/final_benchmark/snr_20/VIVOSDEV02_R031_5cf07409560dd9f6_snr20.wav","57b3301af3d158ad0a60b3c1d831ffdb70c2cfa3af29209b2ec892addd6458cf","172044"
"data/derived/paper_v2/final_benchmark/snr_20/VIVOSDEV02_R045_08abe97db37f3db0_snr20.wav","e4506811e18125c2260338b6b7ea77bf3f65541fc1ad93811974db6644aaeff5","116044"
"data/derived/paper_v2/final_benchmark/snr_20/VIVOSDEV02_R067_3efe03247ad027dc_snr20.wav","06a2807bbef1a3cbd949a73cc517f9c9f8ed023b303375e6ebf7cd85f816f27b","126044"
"data/derived/paper_v2/final_benchmark/snr_20/VIVOSDEV02_R068_26382b33b6eb573c_snr20.wav","066ef841ed43f002c38fe3a49491159e3fbbbf85914d5eeb9a59e3982375caa0","98044"
"data/derived/paper_v2/final_benchmark/snr_20/VIVOSDEV02_R071_98bda1d132d12697_snr20.wav","ac5e95c0bfe67334fdd02fec3bf80511478eeed025e810e3ab743b555a14e9e8","158044"
"data/derived/paper_v2/final_benchmark/snr_20/VIVOSDEV02_R076_2306a77ed9dc7949_snr20.wav","b07dc47864e6d604a61f9e33ca222eed082732557602b3da0955ace3461fb48c","95044"
"data/derived/paper_v2/final_benchmark/snr_20/VIVOSDEV02_R079_a68539e57c98bdeb_snr20.wav","4d9de533b19b7774d91b7c989f61d9431e291467fe6c8e6395cc2610e50ca0f1","129044"
"data/derived/paper_v2/final_benchmark/snr_20/VIVOSDEV02_R087_f5645d3be769fa49_snr20.wav","95755422b101f42d6743a4d33f35ed7780daa4e310e28885d2b11b021360d00a","150044"
"data/derived/paper_v2/final_benchmark/snr_20/VIVOSDEV02_R089_8639f76c4f1d79c4_snr20.wav","69950c5810970ed56e34b5de158b2798e6a73521265878ff5297356982292b03","152044"
"data/derived/paper_v2/final_benchmark/snr_20/VIVOSDEV02_R091_21cbc054cc4a82c2_snr20.wav","b9c8b8dc456fbf6acab7627139e04a6a5d69d1036cbe7ce987ba84e387893665","96044"
"data/derived/paper_v2/final_benchmark/snr_20/VIVOSDEV02_R106_06f388b94ae36311_snr20.wav","4d716c5c829b91a9e1379e4cb4122215be82255f916e4d902c95f1f6e69953e6","84044"
"data/derived/paper_v2/final_benchmark/snr_20/VIVOSDEV02_R130_84942fac2cda4889_snr20.wav","36d1a99114c7b967be4ec15789692f40ff20bb3fecc35f825e1f28972722017d","141044"
"data/derived/paper_v2/final_benchmark/snr_20/VIVOSDEV02_R132_ec6a4c2998d7140e_snr20.wav","3e4a816e4c82bd8509ab42f8f5b010d800fb5630970d23aa053c570a698f2469","124044"
"data/derived/paper_v2/final_benchmark/snr_20/VIVOSDEV02_R135_dc81cb7013592008_snr20.wav","f4ba64870008dc52ef97f4514ef445d276a9693d4a124803d4bd0dc2af46d4af","119044"
"data/derived/paper_v2/final_benchmark/snr_20/VIVOSDEV02_R137_18dc85272970f810_snr20.wav","2d5cc56d3c0fea76ca4f4be885f8d8659dc574e2b839b63ec1c240d73e2a7543","114044"
"data/derived/paper_v2/final_benchmark/snr_20/VIVOSDEV02_R164_79be82aa205e6db2_snr20.wav","f6fb8f60a18dcfb833d6a2de76adff6752976bf1aeae82ca4b64c4a7bf6d5cb8","117044"
"data/derived/paper_v2/final_benchmark/snr_20/VIVOSDEV02_R170_e1b8f4119ea5d9bf_snr20.wav","68e15a1d630608864e77d256104e679058ee0de2905df66861692f9e7a91538f","158044"
"data/derived/paper_v2/final_benchmark/snr_20/VIVOSDEV02_R173_7c5ebbe508930780_snr20.wav","4cbe1f2e4765fcd972c109e3f2ba36dca4b0930ef4a021dae2f92b32a8f382e5","103044"
"data/derived/paper_v2/final_benchmark/snr_20/VIVOSDEV02_R181_a2efc18ccf2658f8_snr20.wav","f61b153f8a6426c63082663879671cc7c2422758de950aef0ca9c97cfa1c8fcf","132044"
"data/derived/paper_v2/final_benchmark/snr_20/VIVOSDEV02_R192_2102f852d42b0b0a_snr20.wav","9b9dcb787c0e9574e22a822e0f3dfe970bb9d9fd891c7a1cbed4a593106b8c18","158044"
"data/derived/paper_v2/final_benchmark/snr_20/VIVOSDEV02_R195_4d7951faf048db64_snr20.wav","bdb8dfb5b221646082db89b55c3b68bea5042ed1edfda99683c2a7b02edc5ef4","130044"
"data/derived/paper_v2/final_benchmark/snr_20/VIVOSDEV02_R200_3b03d5892ac613c0_snr20.wav","180b3b9866c9dad965fd2801d376d00ebc7d77d131eceb9b969fe0baefccbbc7","107044"
"data/derived/paper_v2/final_benchmark/snr_20/VIVOSDEV02_T004_a84e1a31c395d641_snr20.wav","5103c8d35cf65e0619604b6ada9ef06a5ad59cb5ff605a6ba39f1c6ba837c4a1","94044"
"data/derived/paper_v2/final_benchmark/snr_20/VIVOSDEV02_T012_7c5033a4fd1e3ff0_snr20.wav","dcda422866b6049a57a147b42ed876da20101ea96c0483470263f90f2ff4ba33","108044"
"data/derived/paper_v2/final_benchmark/snr_20/VIVOSDEV02_T015_02ac10825443224f_snr20.wav","1edb105b762da9247898b044290247e58058352834b7bafacbd2fcc26a1ea6cd","108044"
"data/derived/paper_v2/final_benchmark/snr_20/VIVOSDEV02_T022_6ae4835311f1ae4a_snr20.wav","382e96106bcef28d25bfc8c7fbb740177bc96627630acd80f5549e4da63758d3","136044"
"data/derived/paper_v2/final_benchmark/snr_20/VIVOSDEV02_T031_44121575dc50be22_snr20.wav","7d5cf00bd498ee1bf386a63e23ba10a6fa4e04b74db4d12b6718f9c889f90216","72044"
"data/derived/paper_v2/final_benchmark/snr_20/VIVOSDEV02_T050_ec577aea5e626610_snr20.wav","aeb81b430174fd0f4b9692f34e592511f5854e85b28004678f386cbc082dbc8c","106044"
"data/derived/paper_v2/final_benchmark/snr_20/VIVOSDEV03_R007_32a25ceb9fe018ae_snr20.wav","247c0b88e9b3d957f5fd9840ecf8a4a0ade99fcf5315bbfe8b11e057cb960a18","100044"
"data/derived/paper_v2/final_benchmark/snr_20/VIVOSDEV03_R010_67b86c7b9b754c8e_snr20.wav","86b89ca227cf4f6c3bdbfc8c29ed6c45446a94ff985646a033262866f9b3ea89","86044"
"data/derived/paper_v2/final_benchmark/snr_20/VIVOSDEV03_R020_a866999760e146d9_snr20.wav","281d29042841db74188f36af8df7a35d007cdff4e1eed9ce13fd1fca0868cf30","148044"
"data/derived/paper_v2/final_benchmark/snr_20/VIVOSDEV03_R029_62f1d93ab12d1cc2_snr20.wav","b65a01a853d8bc2db2d901182e33602375051bb538fa54f46f2e670c3c5d0275","150044"
"data/derived/paper_v2/final_benchmark/snr_20/VIVOSDEV03_R041_a681bf777aa1865a_snr20.wav","506a1c10e28fa89e04ec756e2058a3d5deb5705cfd99718605bab2518cf8a199","94044"
"data/derived/paper_v2/final_benchmark/snr_20/VIVOSDEV03_R044_c5ac0ce0e39e9146_snr20.wav","fa3ed0591a4dfb472e72f94e5b94027dc2a7a0514d4041a0ea5857427aaccd9a","94044"
"data/derived/paper_v2/final_benchmark/snr_20/VIVOSDEV03_R056_e9e910ee23257aed_snr20.wav","4abbe12ba04021ced9334c79def3f2eabf8001dfddc9b3f236bd05be099514ae","84044"
"data/derived/paper_v2/final_benchmark/snr_20/VIVOSDEV03_R061_3e01b9b1b89177f3_snr20.wav","4d88c698291a721fbaabff94bb732f41961ac3d8591337682894fac5cf6f6c4b","82044"
"data/derived/paper_v2/final_benchmark/snr_20/VIVOSDEV03_R082_a740becbea793bff_snr20.wav","5c0846a0ef9484e7290b5a187e8d0efc7e3a482fb620aced39fc80bb8f58e15d","126044"
"data/derived/paper_v2/final_benchmark/snr_20/VIVOSDEV03_R092_28ed5ed6acaa2087_snr20.wav","45363807eae3277982430390c183ee9a9e7708e3c4106d7f36c2e60eaa52be30","80044"
"data/derived/paper_v2/final_benchmark/snr_20/VIVOSDEV03_R113_b875620d45862339_snr20.wav","8facbecf7d05696ffc7978a60e8eb57eb9c80deb39952b10692fde5d41011672","84044"
"data/derived/paper_v2/final_benchmark/snr_20/VIVOSDEV03_R117_1b58bc212e7aa1d5_snr20.wav","c8572ff517f32b3b5464cc5ad2cd1e7cd4458732ae1722d258e09d36704eb72c","57044"
"data/derived/paper_v2/final_benchmark/snr_20/VIVOSDEV03_R119_20ceea3c76afab29_snr20.wav","080dd53688b2e7a27e9c786853d880b010a47843d057e4961c5917ddc63250f0","45044"
"data/derived/paper_v2/final_benchmark/snr_20/VIVOSDEV03_R120_d04f73f7d447e5f8_snr20.wav","472c7cbea13c2fa5876fe828f37b444e1fae6a7bbf790c614e11f8af02408d29","66044"
"data/derived/paper_v2/final_benchmark/snr_20/VIVOSDEV03_R125_2c236a8af7374927_snr20.wav","ce317c573b1569361e83685734a430cdb68b0a9e9b47cc9f1474fbe2f5773e55","59044"
"data/derived/paper_v2/final_benchmark/snr_20/VIVOSDEV03_R142_83288ad0ca0016d0_snr20.wav","1559bf52c7853e22f85b50105210068c6bf0cd0ac4d3f414e8a2975e6f055eb8","80044"
"data/derived/paper_v2/final_benchmark/snr_20/VIVOSDEV03_R144_22262565993ecf05_snr20.wav","06bd97905ff96279c9214f00f9dd250a4ed22315ebe7915d9f2747c224221179","52044"
"data/derived/paper_v2/final_benchmark/snr_20/VIVOSDEV03_R149_f425bce5562c1ec0_snr20.wav","b70c602340a1668c9df7ee1575f9dfcf592f19c52559701f509d787bbf75d85b","50044"
"data/derived/paper_v2/final_benchmark/snr_20/VIVOSDEV03_R156_6fa5226de0c851aa_snr20.wav","e5e2964450013c124bfd7f91f0fa6bd4cc28daa022f8aabeacfe4f15cc4a4eb1","92044"
"data/derived/paper_v2/final_benchmark/snr_20/VIVOSDEV03_R160_4dfa473702a49207_snr20.wav","e6b6feed8318479c796d9d55bb17dbf8ce82f5e71683b745c4d64960e34cd31f","69044"
"data/derived/paper_v2/final_benchmark/snr_20/VIVOSDEV03_R182_c175917c3cd6394c_snr20.wav","8df7a2bcb68cf051cc3cc0b76a7b889d716c61df73166d400a7c057b7dad307b","88044"
"data/derived/paper_v2/final_benchmark/snr_20/VIVOSDEV03_R191_1cbd694843cb4135_snr20.wav","9bdab24a17bd8c2768487502298e9906a79b32ded36fd187a633f5490e2bf8b2","54044"
"data/derived/paper_v2/final_benchmark/snr_20/VIVOSDEV03_R193_ca828f71994c4bee_snr20.wav","a56c2544234c889e1e3966560e83b24e825dcd49df49666d7349ce9fc0cb895c","46044"
"data/derived/paper_v2/final_benchmark/snr_20/VIVOSDEV03_R198_deb9ed7277a61c1a_snr20.wav","75e3fdca96318af0a7bbd551e1b39acc5797072d338614d74be1ace3c55e6b61","82044"
"data/derived/paper_v2/final_benchmark/snr_20/VIVOSDEV03_T009_d7ae562027459a65_snr20.wav","589ab9461174a64b2f9d3fcb357580cbbc47ae881dd19f91e973e7cca2770c12","61044"
"data/derived/paper_v2/final_benchmark/snr_20/VIVOSDEV03_T017_fe9487ce3a3f4e72_snr20.wav","2e21740013e90241440d571d24a3058a48da40babd3c3f642af6d6157b3a6a52","77044"
"data/derived/paper_v2/final_benchmark/snr_20/VIVOSDEV03_T018_72628fac90767fc4_snr20.wav","96bb64ed77820815429d0e43e152b6e56a19a97728e8a31d70beaccb0934d853","56044"
"data/derived/paper_v2/final_benchmark/snr_20/VIVOSDEV03_T041_6cde359423a758fd_snr20.wav","0418e5b5d467991038351543f324284c2235b326006f532a35e0361fa35f71dc","81044"
"data/derived/paper_v2/final_benchmark/snr_20/VIVOSDEV04_R002_235144522a65e307_snr20.wav","cc418121db5a31adf87fbf65de12cfbec96edd674f37144569cbdf9e9c02d7ee","108044"
"data/derived/paper_v2/final_benchmark/snr_20/VIVOSDEV04_R004_758a20adb347b844_snr20.wav","1eca13dec16179b09f17424425b790130a3f8c00989b81ff2f680a01e253cca8","114044"
"data/derived/paper_v2/final_benchmark/snr_20/VIVOSDEV04_R008_10f6f1b6673cb087_snr20.wav","0f34369eff332772b53dd2ab9c7f51bbecad35fd1a75ac4dc87b2f2f92381b83","206044"
"data/derived/paper_v2/final_benchmark/snr_20/VIVOSDEV04_R010_1058518b01159c68_snr20.wav","656dbe8013aec1a1cc4a848acbfa07aabb68c8b47aff7468abc6eae5ef2f69f5","120044"
"data/derived/paper_v2/final_benchmark/snr_20/VIVOSDEV04_R023_bc732cbf874cba24_snr20.wav","676a950b16abfd261720f9a0a7bf4fe255fb9ddb320b9510fffe2a965eca4cb6","204044"
"data/derived/paper_v2/final_benchmark/snr_20/VIVOSDEV04_R047_e1cf81a90624c984_snr20.wav","1cee5abde17ae2cfa5bd5d7307bb465cf55b06f7e1a34af36c1a608cfe40fc0a","137044"
"data/derived/paper_v2/final_benchmark/snr_20/VIVOSDEV04_R049_517d228af97bf04a_snr20.wav","34053ef4cda9c10d1ef0195e628ef11708ce8cbcfe54ca7bb48b368ec511f2e3","66044"
"data/derived/paper_v2/final_benchmark/snr_20/VIVOSDEV04_R051_93d9825f993d2c19_snr20.wav","b47fd5dbe97a937856c5754ecfd3ef115b049022a54c764f7eec4a3df67ed583","72044"
"data/derived/paper_v2/final_benchmark/snr_20/VIVOSDEV04_R081_4522971e883db435_snr20.wav","923ed5a924b54caf1e598541d542013ab118a304606f24e72625e7d7a904e1f6","102044"
"data/derived/paper_v2/final_benchmark/snr_20/VIVOSDEV04_R089_46ed698d853b7188_snr20.wav","b1a2fb7d4ceac516f51ab127adc1ff82ab4d4b02ab09b0fb1b1d0e32a4cc34e2","74044"
"data/derived/paper_v2/final_benchmark/snr_20/VIVOSDEV04_R092_a6e20923429edd0f_snr20.wav","e2ba916ab8a6a12f5cae81811a3e22baa430c20bcbad283fb93e0856420ae942","98044"
"data/derived/paper_v2/final_benchmark/snr_20/VIVOSDEV04_R095_d420ef9bbd8c8ab8_snr20.wav","27891a8538bb99a468d47f0f9d9ec153aa1b71651d6df81a8d5d8bcfc21ad2e2","136044"
"data/derived/paper_v2/final_benchmark/snr_20/VIVOSDEV04_R097_2396c493bf298f6a_snr20.wav","8b176274a65fb229c3b347afae642b486a9db24c4b82703d2d310eac31ed3bed","76044"
"data/derived/paper_v2/final_benchmark/snr_20/VIVOSDEV04_R118_5871bc226cbe3dfc_snr20.wav","d4a432493e881c2fade5a18e6784ddb84d7382a29589e4e1f488efcc7519b951","77044"
"data/derived/paper_v2/final_benchmark/snr_20/VIVOSDEV04_R127_d0c7b502072f767c_snr20.wav","e7c51e5d1f849dafa0d4f2d860a0090165b079acc4e94522735c9530c584cc10","111044"
"data/derived/paper_v2/final_benchmark/snr_20/VIVOSDEV04_R129_a0acddd792a8fd71_snr20.wav","6fa514a4ed21c18f3cf3016e16bf71000becc0251712c59de83e765bfc457cf0","70044"
"data/derived/paper_v2/final_benchmark/snr_20/VIVOSDEV04_R132_c998ae03ac42045e_snr20.wav","a0c3918b8225134219fa1cd2aa4debb9ce14779b26e358a443a7a1e10cb4df30","108044"
"data/derived/paper_v2/final_benchmark/snr_20/VIVOSDEV04_R149_f60dd4349b0387d9_snr20.wav","a4246286f0bc8d26c09715a035524329cbb22a32d3f1d92887447dd4257f9efd","151158"
"data/derived/paper_v2/final_benchmark/snr_20/VIVOSDEV04_R152_96be011da1ceeccc_snr20.wav","2b8df3197d87567c3086a7ebfb7b00642048b41f7222ce3e52273c8dc89a28b9","145044"
"data/derived/paper_v2/final_benchmark/snr_20/VIVOSDEV04_R162_bf653802e22ca482_snr20.wav","51417204a76dcc6f2691aad13ae7aab6e067d23c01067ca7bc7292b3142e223b","86044"
"data/derived/paper_v2/final_benchmark/snr_20/VIVOSDEV04_T002_f99c7b04d2f71c02_snr20.wav","cb3725fc0ff560bd8247f8cd3a8f6730073407e801357eea6002092444d4ec38","96044"
"data/derived/paper_v2/final_benchmark/snr_20/VIVOSDEV04_T009_15c40b16151d15a7_snr20.wav","0680a5fd6545fa05b3d989cfa92d00b4e39c8ef6c181a7cf3b18962d18ac7626","82044"
"data/derived/paper_v2/final_benchmark/snr_20/VIVOSDEV04_T015_58c51fe975ffe1d1_snr20.wav","437968d80c22d94570ff45b943556ff6ea3b4674ad84fa3949afcc997181180a","107044"
"data/derived/paper_v2/final_benchmark/snr_20/VIVOSDEV04_T029_7c3eae818bd0c566_snr20.wav","f75e888cbd8303f1047d5b108957a9fb5ea302a4a7e5f062dbb6dca66886c340","98044"
"data/derived/paper_v2/final_benchmark/snr_20/VIVOSDEV04_T032_4ea0a34b856d697b_snr20.wav","a09a3718ded370a03352a6b931ac3300b5379c60eddb581849035cb6592a83fc","64044"
"data/derived/paper_v2/final_benchmark/snr_20/VIVOSDEV04_T044_66a12c3e4b8e4279_snr20.wav","a5d17eb01b81095df3ca3c86a4bda1a7b770845e65a64b24fd644beda134c165","86044"
"data/derived/paper_v2/final_benchmark/snr_20/VIVOSDEV05_004_f6c1d78cf81be953_snr20.wav","4112d2cfc5fb3d0a5a9449e67aedff50b6ec98143ac6817aa9daf62d4136e448","130044"
"data/derived/paper_v2/final_benchmark/snr_20/VIVOSDEV05_030_226d273049c670a1_snr20.wav","291e8a769b2ff4e451fff344eaaa3322a459877e7c48e22fd8f2604c20d5e167","76044"
"data/derived/paper_v2/final_benchmark/snr_20/VIVOSDEV05_043_b1247f348d0201ec_snr20.wav","94920c57c414cf8439eb4f687cbad5140f812211091237bd75f687265be325a2","96044"
"data/derived/paper_v2/final_benchmark/snr_20/VIVOSDEV05_065_3d36c1907226a059_snr20.wav","16c1eb4ea7dc68557de4bd0e04b7221542491737bff48addc9ddf6d16456c755","117044"
"data/derived/paper_v2/final_benchmark/snr_20/VIVOSDEV05_087_66548504244db7e0_snr20.wav","68c88fcac680929a24559bc7b339bbf3401dd845841d20ba2d896c70e6db281e","77044"
"data/derived/paper_v2/final_benchmark/snr_20/VIVOSDEV05_091_16753e7fde81023f_snr20.wav","a8e9b9f22c084f1f8455f1fc8a95183debde9a18f58b2ff8b8a05d6c732756fe","66044"
"data/derived/paper_v2/final_benchmark/snr_20/VIVOSDEV05_107_ff0ea288483927e5_snr20.wav","9bc31761351ed208246d1c510efcb8fb0bdf411db4ec42987f1a18a9101637ac","156044"
"data/derived/paper_v2/final_benchmark/snr_20/VIVOSDEV05_109_60b15f232d8ea269_snr20.wav","9ca44eb3c6f6799f888fd3ee9dc63beac180a0a25b40e11121c17e5f3a12c816","82044"
"data/derived/paper_v2/final_benchmark/snr_20/VIVOSDEV05_129_f577dd70b3b6f202_snr20.wav","5379944acfd019db35db3fc1a169641d45de007b9d2efdaeb598f88b642068d8","75044"
"data/derived/paper_v2/final_benchmark/snr_20/VIVOSDEV05_143_2ea94a9ecf6db58d_snr20.wav","8cb982ff014556dc8192f78af96b63279f8827e55a187ea801cb9517c97eeb6a","139044"
"data/derived/paper_v2/final_benchmark/snr_20/VIVOSDEV05_170_92e340428a9411cd_snr20.wav","3201c34424a43e66918dc431f82905b024677a18546fb756a4c3c7b9167d1e83","124044"
"data/derived/paper_v2/final_benchmark/snr_20/VIVOSDEV05_185_7e2723d5e7a1b752_snr20.wav","ef168028656dc28e78de9df60648f1c11d25e75a29d3859546fdb308c655a1df","82044"
"data/derived/paper_v2/final_benchmark/snr_20/VIVOSDEV05_189_a3eb19f6e7004549_snr20.wav","e2022948703d4c0eee0028084174d45387a581f9d9a4f5b841599ce55c405c4a","78044"
"data/derived/paper_v2/final_benchmark/snr_20/VIVOSDEV05_202_855834b6f1e30a5e_snr20.wav","e3ca7e919477325d96013e17f6637d1e8b8edcf3ec258221dac83dbcca340ac6","123044"
"data/derived/paper_v2/final_benchmark/snr_20/VIVOSDEV05_206_f939dda6b6599bcb_snr20.wav","9e02a66c10f5c1b8c60d9bf44fb1b2d00586fb1739b6e0702989c1a5c119fc77","146044"
"data/derived/paper_v2/final_benchmark/snr_20/VIVOSDEV05_212_276aa52e5cc79e79_snr20.wav","c70f68b11587269e511726820e18cef58185ba499ff93fed01e36f480e9057b9","84044"
"data/derived/paper_v2/final_benchmark/snr_20/VIVOSDEV05_251_4dbd57a836798f65_snr20.wav","b21aafb11f511540719f8c1e62ac8a244a34fb5efeb9b72b93bbc3a0fc748395","80044"
"data/derived/paper_v2/final_benchmark/snr_20/VIVOSDEV05_261_9d6c10429768dabb_snr20.wav","f461e167d55549da0688bf6580dda70d357089660fedb92bbd5ea80b2a0cbca6","114044"
"data/derived/paper_v2/final_benchmark/snr_20/VIVOSDEV05_263_f09febc4bfc3a8bd_snr20.wav","16f2b435dd98be009a9faf0b9c8bf9ff8e6695a82c56bae3d350a40c4d871e65","142044"
"data/derived/paper_v2/final_benchmark/snr_20/VIVOSDEV05_295_b18bda15ba2c1d57_snr20.wav","86c8d245a25b4b26e83a36794149fc1048d9bd2acf273b4603c77267c6f5fe51","90044"
"data/derived/paper_v2/final_benchmark/snr_20/VIVOSDEV06_016_bd24aac78b63557a_snr20.wav","eb270212c8d1c89ee10616b5830928ccc58c21e1e8a78941e66488420ccdddb2","102044"
"data/derived/paper_v2/final_benchmark/snr_20/VIVOSDEV06_021_aa5411a3a7c80ae7_snr20.wav","81ce6f1f97ec6e5ef4a415fdaf4fae3c655d2eeb0918dfedd0818ce0c441ac7b","82044"
"data/derived/paper_v2/final_benchmark/snr_20/VIVOSDEV06_034_f4272504ca9eacdc_snr20.wav","3afc9501935452e2b8eec35e1f13770281a11ec40531dbb3bafa65d317c82ef4","159044"
"data/derived/paper_v2/final_benchmark/snr_20/VIVOSDEV06_037_055af0c995f3ed1a_snr20.wav","2e4c5c5b4cf1c8b1d1e0c377ff5115521771c90d4cca7df09580b8c65f5e4c24","90044"
"data/derived/paper_v2/final_benchmark/snr_20/VIVOSDEV06_042_95e0c4ef87e950d4_snr20.wav","216c493a2bc104548a93626fa528bc744c716bb584a47969484a349916c5149d","118044"
"data/derived/paper_v2/final_benchmark/snr_20/VIVOSDEV06_061_268af6935a1fa43c_snr20.wav","2f674af948d9bc1408dfde923ed49c8bcaaa6d7637a7b65b9a9dc7c6eb00799d","146044"
"data/derived/paper_v2/final_benchmark/snr_20/VIVOSDEV06_070_14cbaaada291648c_snr20.wav","453ef65cb62f6e60a5ab1741c90234bec84a4c051e64b673c387497d6196216a","122044"
"data/derived/paper_v2/final_benchmark/snr_20/VIVOSDEV06_098_b6423df3fd7bcb34_snr20.wav","6dc5fc15f2306d310fde8a355a9a7542c54bd4f15c969c2a2a558734bfc64fb8","145044"
"data/derived/paper_v2/final_benchmark/snr_20/VIVOSDEV06_108_ba0e4f73cc2c5344_snr20.wav","f6c8fa270bd4fc303b90e1fa0d166943ce6950dccc937d1c54070124ff8bd9c5","124044"
"data/derived/paper_v2/final_benchmark/snr_20/VIVOSDEV06_117_7e919fd1b7e5d0eb_snr20.wav","ff69bfbefe34f5a42492e86760c6ce1913852416af9057cc39abce9c99973af0","151044"
"data/derived/paper_v2/final_benchmark/snr_20/VIVOSDEV06_126_6df12889474499c4_snr20.wav","ccb2231f428fc67f0809decc3aad94e2fa56e016ae65683871b7ed0da4fd003d","126044"
"data/derived/paper_v2/final_benchmark/snr_20/VIVOSDEV06_139_5dcd3f7d798cd64d_snr20.wav","a5b9897e8814c1dd0f6eceb29223a10bfb40f6641bcaca8a3df81e3419b63870","98044"
"data/derived/paper_v2/final_benchmark/snr_20/VIVOSDEV06_143_fa4d60cf05f269d6_snr20.wav","2182bb2001880a395fe36fd72d0010dfe6658806c380353f1df60dbf6b43e248","142044"
"data/derived/paper_v2/final_benchmark/snr_20/VIVOSDEV06_184_6b96190057427171_snr20.wav","20164687b451ba412209c1aa04c2ad0d9a5ded2c3d6e8d0eed8b29f8b8928f17","154044"
"data/derived/paper_v2/final_benchmark/snr_20/VIVOSDEV06_195_415491a210911c9b_snr20.wav","427e7eb3ddd331e5fcdddaa2f9ac1780240c9354ad17b01ac8e5cfaf29852d58","96044"
"data/derived/paper_v2/final_benchmark/snr_20/VIVOSDEV06_210_a69babff4084e135_snr20.wav","5cabb984c651f548b8421aa358dca3451af85254f40972b4131782436b209268","91044"
"data/derived/paper_v2/final_benchmark/snr_20/VIVOSDEV06_212_4b87f57e0ab62315_snr20.wav","37bf6d229826354609ae4b42eee8deba63e169c112febfb60a3d37792b0af817","72044"
"data/derived/paper_v2/final_benchmark/snr_20/VIVOSDEV06_240_15084c1e11f8834d_snr20.wav","a258f14b14b2293e023c2cb6abab554771cfeadf27736322249327902d4f7e11","108044"
"data/derived/paper_v2/final_benchmark/snr_20/VIVOSDEV06_247_1233d26de0387180_snr20.wav","e2953a1aa8a5c7a7358ad6569ba59394d74a79d33d27ed550dbdc98c5c571615","98044"
"data/derived/paper_v2/final_benchmark/snr_20/VIVOSDEV06_252_be271082468ef58c_snr20.wav","32e398f4255ef00911064ad7aa0d726f930218ba760bde9446580b024b125fdc","97044"
"data/derived/paper_v2/final_benchmark/snr_20/VIVOSDEV06_253_c8b5d29f2d99bef5_snr20.wav","d79a692eaee35d802f8efbcad4a691b3ef52e43e889af78c72af51cfb8ac9815","108044"
"data/derived/paper_v2/final_benchmark/snr_20/VIVOSDEV06_261_a708d34107b17808_snr20.wav","5c23a5137e6106835778fcb2b2fd024dd6453a021b4d04ccda7a999981bf5781","108044"
"data/derived/paper_v2/final_benchmark/snr_20/VIVOSDEV06_272_e9bc93d5465175c9_snr20.wav","5236becb3934de4b27ca5720394847dc72e78f664598f9314dca2719085ec520","134044"
"data/derived/paper_v2/final_benchmark/snr_20/VIVOSDEV06_287_f13dd1af56405568_snr20.wav","14b0757aa1504fe99a33b167b014a6924608696708a3fbf8f6cd57c7b5ed5115","114044"
"data/derived/paper_v2/final_benchmark/snr_20/VIVOSDEV07_002_62a4893b15237710_snr20.wav","619e38d1871b5d8e84e3e0ffae738dd881b7a605a743c534fe41103d3e9e811d","111044"
"data/derived/paper_v2/final_benchmark/snr_20/VIVOSDEV07_036_a4def56991a56476_snr20.wav","f76d0d4a44b3dd045c93b291fb3a3e58f0b137b400a76675f75e9f973c7964eb","96044"
"data/derived/paper_v2/final_benchmark/snr_20/VIVOSDEV07_039_f070bd37d7577ff5_snr20.wav","a55fc2936d67a087122c0113cae609df660f43125c6e0d23126a2030306bae05","122044"
"data/derived/paper_v2/final_benchmark/snr_20/VIVOSDEV07_044_b7239ead0c78720a_snr20.wav","0ccd349730e281d9336e92ae8bfbd1db9f9f4481cecb022a18b36ec93122ff3f","122044"
"data/derived/paper_v2/final_benchmark/snr_20/VIVOSDEV07_045_a232dcb03153aeb3_snr20.wav","ff6a81d4835bf9ec69264eaf79a4f56c777ca5ccbcab84adf2c646f29fc6f1ae","105044"
"data/derived/paper_v2/final_benchmark/snr_20/VIVOSDEV07_066_f9ccfbaf87e4c2cf_snr20.wav","8b44cecce20551a459ad10dbec9df2da1cb4ad31454997a2cd80fe35fa4d6c01","134044"
"data/derived/paper_v2/final_benchmark/snr_20/VIVOSDEV07_067_89a5de1d2d839734_snr20.wav","0ef19a0c3854046faabd7dd33ad3820bde6a2778c8d30b1e94c0d7286c0d93af","108044"
"data/derived/paper_v2/final_benchmark/snr_20/VIVOSDEV07_084_fb6ef575d29d335b_snr20.wav","ca94baf33b2dc39af3edbb60be8173de8b4999893c72c75249a35a90d7fe20d0","122044"
"data/derived/paper_v2/final_benchmark/snr_20/VIVOSDEV07_098_e23e02861b027479_snr20.wav","0fe7a79841db309886d1802f850bddf732a901589d67c20a357325d23f96bf40","108044"
"data/derived/paper_v2/final_benchmark/snr_20/VIVOSDEV07_107_79e8e1e1d173f05d_snr20.wav","21c7a66b3e533e4e849ddd3236955c966963924db09c41e3db05dd965541630a","126044"
"data/derived/paper_v2/final_benchmark/snr_20/VIVOSDEV07_115_3f4a417e5e0a240d_snr20.wav","6e8a20b80e49d6cc7929adb848fd73c08ff34b4357bf0aef24d2df8cdca67057","121044"
"data/derived/paper_v2/final_benchmark/snr_20/VIVOSDEV07_125_0c4bbde9d7380cab_snr20.wav","032b6b7b99a4a3d3fd76db15a35669e0ae1bdd8fddb223449574dd0d3634b45b","114044"
"data/derived/paper_v2/final_benchmark/snr_20/VIVOSDEV07_134_d29283379ca91797_snr20.wav","ba495e9d0a9c8871bebadf80c91a93c546435ae54f1073489500099eb955af2e","91044"
"data/derived/paper_v2/final_benchmark/snr_20/VIVOSDEV07_138_b3af336ea30eaee6_snr20.wav","0879a57aa555b81b9848c0c702a48411e77665cdc6dece16be2ce85d38471d21","76044"
"data/derived/paper_v2/final_benchmark/snr_20/VIVOSDEV07_141_c31d760ae40221f3_snr20.wav","b3ebae5ea4ae6cfc6de254214e11aca8c6639b24229953c59ecf45f6cd0b7160","110044"
"data/derived/paper_v2/final_benchmark/snr_20/VIVOSDEV07_151_7f15e5ee43e2f499_snr20.wav","3efe26d16705aa8244c437c54b4825a2f115971ae25dd308ff2df286fa1534ee","64044"
"data/derived/paper_v2/final_benchmark/snr_20/VIVOSDEV07_192_d2b4a2983e5cc8ad_snr20.wav","2471dec08096603c0a619665f380e5aef722a1f4c25047c7f3958724d95048e4","61044"
"data/derived/paper_v2/final_benchmark/snr_20/VIVOSDEV07_195_8abc595cfdb0f834_snr20.wav","2aa9f9fe6bff6ca02f3a5f60cbf22a27da0ac4fa6f8f7df9d6ed1ec9fff5c9cb","124044"
"data/derived/paper_v2/final_benchmark/snr_20/VIVOSDEV07_197_794bf91ea74c2615_snr20.wav","0fc34701a778971267a6bc5fac8bc3b29e576c61b78d7e6a063298193a0b6423","130044"
"data/derived/paper_v2/final_benchmark/snr_20/VIVOSDEV07_209_2359a2f932c5601a_snr20.wav","d14df844cf59ee5ee31fcb06a767f6b9a03015af03b2e6813a0c73ab5b0759ff","79044"
"data/derived/paper_v2/final_benchmark/snr_20/VIVOSDEV07_223_fbfb45d0a249e02f_snr20.wav","f535b52fd54639a06dc186ecc94b6830b12f7eb1aa9a787ca5da47d375791c12","82044"
"data/derived/paper_v2/final_benchmark/snr_20/VIVOSDEV07_231_83b05a4e96e9306a_snr20.wav","c47d600f58204a854483361304cdb9eca08ee24bd5079fa3d5d5da42d3dde7a3","82044"
"data/derived/paper_v2/final_benchmark/snr_20/VIVOSDEV07_236_a09023d316f34c00_snr20.wav","c39f8432bc4ee0f64ed7f82c7df57fe70a41744949c9145386455e67440c846f","73044"
"data/derived/paper_v2/final_benchmark/snr_20/VIVOSDEV07_246_0905e9a405e21f9f_snr20.wav","67d3badcb0b9da649056f87c7068ade99258a669bb9586d6425d188fa11448a4","82044"
"data/derived/paper_v2/final_benchmark/snr_20/VIVOSDEV07_264_4d5159ee3642d68f_snr20.wav","e6710b4c9773dd53c2f7b321e7406b26b542532e46d0e06835dfe78eacf2a766","90044"
"data/derived/paper_v2/final_benchmark/snr_20/VIVOSDEV07_266_c0b409fdbde9ad3b_snr20.wav","2dbd0648f54a03bde43059c2c756cb3fc6b1ff7eab8309ae91fdaf3ce747c100","82044"
"data/derived/paper_v2/final_benchmark/snr_20/VIVOSDEV07_295_4ce17fd365c383d7_snr20.wav","6f520561a87508b73f343ed384a39abeb568340fbd0e0f6319442adab63073a9","120044"
"data/derived/paper_v2/final_benchmark/snr_20/VIVOSDEV08_005_f7b2195ff9d31e28_snr20.wav","75bfec0d43e5f904d570de94df409a9a632119ea3478800d52e872a9f729bd39","109044"
"data/derived/paper_v2/final_benchmark/snr_20/VIVOSDEV08_014_1acecb76fbaf387c_snr20.wav","1c8fe9bb5f7dd9f5525bad4149b11a4f43e9538129d402c610667867b75c124b","116044"
"data/derived/paper_v2/final_benchmark/snr_20/VIVOSDEV08_025_037269cc8edea2c7_snr20.wav","3a011ef26ae57f9fda881ca9e07ba9bfe894d280f28b449c346a3233ae2e2375","118044"
"data/derived/paper_v2/final_benchmark/snr_20/VIVOSDEV08_032_3bb8343b122c8e6a_snr20.wav","44843c7c85f184d9c7de5654ab62c5c8d92b0ebb0565ed01e61a721ee37357bf","166044"
"data/derived/paper_v2/final_benchmark/snr_20/VIVOSDEV08_053_65028e211e5fd0d3_snr20.wav","d6794f196d45083e1fe73adfb4c68ccf226e559455fa05420d3d97e8ccdecdc8","133044"
"data/derived/paper_v2/final_benchmark/snr_20/VIVOSDEV08_057_39fa666d4d8699c2_snr20.wav","c2b867697c6cba607e252b2bb2cb2fd0f2ea9c747b5bbfccd85af03538065cef","138044"
"data/derived/paper_v2/final_benchmark/snr_20/VIVOSDEV08_062_ed20550f796addd2_snr20.wav","ca484390c9106a14b7c2350ae28866c4c1fb96782db5d8d2f28c0048846629d9","104044"
"data/derived/paper_v2/final_benchmark/snr_20/VIVOSDEV08_071_5fa7045990cac508_snr20.wav","dcbdc9613bfadf594ddd0d691507853248eeb3defb7ac0b78b9093c07be3fb13","143044"
"data/derived/paper_v2/final_benchmark/snr_20/VIVOSDEV08_077_264de407e3d6dba4_snr20.wav","8be77eac563a18c422dfec881edee2bd974fee3d144fb71b5d21530db97f9ad7","96044"
"data/derived/paper_v2/final_benchmark/snr_20/VIVOSDEV08_090_2351f64aca4f3fc4_snr20.wav","6e5aa31da3681ada17b405275d4b6cde5f56652cfa75e9f1287dee4808abd8aa","76044"
"data/derived/paper_v2/final_benchmark/snr_20/VIVOSDEV08_129_e78f159f4d103a71_snr20.wav","c0e73acb0380189d4849c0eb2e773bf82148815d5d227fcccc76fa983767ef94","124044"
"data/derived/paper_v2/final_benchmark/snr_20/VIVOSDEV08_143_258b8e07beb199e0_snr20.wav","169b075c45588bea171778667d01125de13f2c3402ff41cf1aee26934e379298","98044"
"data/derived/paper_v2/final_benchmark/snr_20/VIVOSDEV08_145_7aa1cf909b96dd3f_snr20.wav","9aba7b0c25b2cc2ecbd0b20c2ebe18a9789384fd73c2de7f4d83e8948235aa67","86044"
"data/derived/paper_v2/final_benchmark/snr_20/VIVOSDEV08_159_f1540f43bbadac13_snr20.wav","8b3a7a6bc2795c8e35310cbad2afb4dbbeb3c9f8316ff44b644c29a70dc9aead","90044"
"data/derived/paper_v2/final_benchmark/snr_20/VIVOSDEV08_182_95b4fe63bcd2aff7_snr20.wav","873d049799d22417f462d0e23769d89759501a3b4e1ed93183013d277568765f","108044"
"data/derived/paper_v2/final_benchmark/snr_20/VIVOSDEV08_193_8dbc049fff43ec4a_snr20.wav","45143d26deeb972f9c2fec0ea9d0a68dbdc2a9efcaae13f962675c09f65468c4","70044"
"data/derived/paper_v2/final_benchmark/snr_20/VIVOSDEV08_210_3d6dd0830897a27d_snr20.wav","1c90b355c52c2da3e7a6f35361a6c53d880e89811f619f2bce2f619c0f2a183f","76044"
"data/derived/paper_v2/final_benchmark/snr_20/VIVOSDEV08_233_886225f1fa6bcb56_snr20.wav","a280268d3ae5d56b5d595acae2979eb722f0fe6441281a764d7c22d57a20cbf3","104044"
"data/derived/paper_v2/final_benchmark/snr_20/VIVOSDEV08_270_0dbbd14dbb00eaf8_snr20.wav","9e0a0ab37a51a1149d5d845a551c0d605c963c7f4785b306f8ad9655157707b5","60044"
"data/derived/paper_v2/final_benchmark/snr_20/VIVOSDEV08_277_1bca9e608ddc0581_snr20.wav","92a636092bbe22183cc51bfe43c589c4ab06364aa90914720a98b6bceee1fe9c","80044"
"data/derived/paper_v2/final_benchmark/snr_20/VIVOSDEV08_295_4f6df38e6defa7d6_snr20.wav","1ccf9c78fa89ad593436487763e0bbbcdd4d71a5e5f3ad821cd9ac4246d30c45","92044"
"data/derived/paper_v2/final_benchmark/snr_20/VIVOSDEV08_300_47e532cc87ac326c_snr20.wav","2170a4813158387a5f75ac6cc3c299f53708f7ef259a191cd83450978fd8dfbd","96044"
"data/derived/paper_v2/final_benchmark/snr_20/VIVOSDEV09_029_cabe8908a7a1762f_snr20.wav","82fd99e635444b8367662786e521b5e5f62c99befe395679b328b0f8a2239c25","74044"
"data/derived/paper_v2/final_benchmark/snr_20/VIVOSDEV09_035_1dbcec694807d09f_snr20.wav","4950851be3c345360155fea1cb5c1f233e71e8eee036e737c76a23acd0c95c47","99044"
"data/derived/paper_v2/final_benchmark/snr_20/VIVOSDEV09_038_01120dbc62914f2c_snr20.wav","9342fe2004ebbd50ae92d30a94e95eb1e19b68cdae3478427c93007c75318523","119044"
"data/derived/paper_v2/final_benchmark/snr_20/VIVOSDEV09_041_503be327234e4db5_snr20.wav","db10f110f363d371cc91d01862c0be225fab4291d191786c6de6233fff5ce6bd","100044"
"data/derived/paper_v2/final_benchmark/snr_20/VIVOSDEV09_081_15bedcf419ceddc6_snr20.wav","1cacc33462acdc406087fd28a9256a553f2c9c29b10e6a803796a81f76cdb179","74044"
"data/derived/paper_v2/final_benchmark/snr_20/VIVOSDEV09_083_6a8892a1ef1888de_snr20.wav","8d0584f3b85701b855a6d005c9f7100f2c8aace0d132def7eddef95067112a30","78044"
"data/derived/paper_v2/final_benchmark/snr_20/VIVOSDEV09_091_cb677f29415fd9f2_snr20.wav","85f2fe49f4490209caa0204892cb1faf01da1bb622048d2da7ee63f644c7d5d0","61044"
"data/derived/paper_v2/final_benchmark/snr_20/VIVOSDEV09_098_c4d57317cb49018d_snr20.wav","407d089c108b7cac589ebd8064920d4070e4f47064649cd428b6e86b22221820","118044"
"data/derived/paper_v2/final_benchmark/snr_20/VIVOSDEV09_106_82e3cc152c2c660d_snr20.wav","b6dde0fed55bbbc7a188efe7dad2bcbb6e1a81de6e5e3840706765a8eee4dd7a","64044"
"data/derived/paper_v2/final_benchmark/snr_20/VIVOSDEV09_134_a574bd2e2b554621_snr20.wav","eef38a5bdad47b1757922b148276651aca341eff0559339797d6592532aa9e4d","102044"
"data/derived/paper_v2/final_benchmark/snr_20/VIVOSDEV09_142_6d355ffb3117a88f_snr20.wav","5a5424a95e91217cf3d03ca6a8c8cd85f7e4b344d01392653e54354c4f19f1de","124044"
"data/derived/paper_v2/final_benchmark/snr_20/VIVOSDEV09_144_cbe63ae684064b30_snr20.wav","7b4389da3b39bc79c8112cb8c5b1cd2b6640a9a256168c593a759aa539e50f73","126044"
"data/derived/paper_v2/final_benchmark/snr_20/VIVOSDEV09_159_0c2a9a3ce47d09af_snr20.wav","8e49fe4f7d38a18543e4996f6d14379c65661cd8ee68302aa35fffb182412ed8","138044"
"data/derived/paper_v2/final_benchmark/snr_20/VIVOSDEV09_163_3fa779e5d493264c_snr20.wav","dcc1e4d73964e9e20d68446e05abf1191051700faef355fa4abec3a9342ca2e7","138044"
"data/derived/paper_v2/final_benchmark/snr_20/VIVOSDEV09_166_190a20cc12451f90_snr20.wav","c2f5d4965510bdc955f4f29ce6f31694b8b271da32d0295cd2c2281bde02a3d1","136044"
"data/derived/paper_v2/final_benchmark/snr_20/VIVOSDEV09_168_d15b3adc6dff8e66_snr20.wav","c89e6413f8b0f3e191dde8a59a6da78d5f156d4fc9194645f9105f5e0018f44c","132044"
"data/derived/paper_v2/final_benchmark/snr_20/VIVOSDEV09_178_1d58471d863bcdc2_snr20.wav","91f8b065c9690f057965e9e26408b1ad0a515bf742f74a3648682242501bf831","96044"
"data/derived/paper_v2/final_benchmark/snr_20/VIVOSDEV09_194_52fdc93c4ecd4a87_snr20.wav","e2f5fb39042a012f07bf6e78033bc8109ab86087d31e729f41c70e619fc08d4d","105044"
"data/derived/paper_v2/final_benchmark/snr_20/VIVOSDEV09_198_31e7d1dbe631d304_snr20.wav","83b313a689222b1392935d353ec88aaa3ab315930d78a1bc3045de26ad0665a9","111044"
"data/derived/paper_v2/final_benchmark/snr_20/VIVOSDEV09_203_07ae056a713898e5_snr20.wav","ba059ed34818d72a0ff04526a4246c129ecacc728a46b39a319b924e74be74a3","88044"
"data/derived/paper_v2/final_benchmark/snr_20/VIVOSDEV09_246_8206d87a2ceca79d_snr20.wav","41a76bc1291115a9b1397744e75f1bf08c40d352f6f7677538899ea1ae9855ff","65044"
"data/derived/paper_v2/final_benchmark/snr_20/VIVOSDEV09_267_8b6ddfb171b5e949_snr20.wav","bd26b9763251e4e085c7ff03fccc9f2f52026ff43bb63423a8e87821dccbd32f","102044"
"data/derived/paper_v2/final_benchmark/snr_20/VIVOSDEV09_288_4f1c4e1dfee51783_snr20.wav","f0df5a5623efce6010bf634a597e2cf87f71c5680ff2039a208810bacf1e43e5","100044"
"data/derived/paper_v2/final_benchmark/snr_20/VIVOSDEV10_010_05fd48840bca5ce9_snr20.wav","7ef49f5684f9d6de84a2c93db965dcdf6f3c394cbf425bb2c220f2437498ff8e","90044"
"data/derived/paper_v2/final_benchmark/snr_20/VIVOSDEV10_017_3c0edea348a8a6c3_snr20.wav","40c5b27ab14f6061cfff0a52bf608059b50d02a6f0674e3ef2b338e58e65d710","92044"
"data/derived/paper_v2/final_benchmark/snr_20/VIVOSDEV10_020_6282cd4c68ca67db_snr20.wav","718e883fe4e80ca010c4ddc8244f3454adf3f659fef00695f70ba273fdb43a69","114044"
"data/derived/paper_v2/final_benchmark/snr_20/VIVOSDEV10_024_de5a478fb2691133_snr20.wav","51845e1edeeb24f02f8a583d89d7b22729dc1c61325fe542333d45596e6578a6","94044"
"data/derived/paper_v2/final_benchmark/snr_20/VIVOSDEV10_035_3318e07920f8453c_snr20.wav","bb38aecd3594ef20f75f5488bb8631065a30da707c7b051d786edb63e94fa3b5","82044"
"data/derived/paper_v2/final_benchmark/snr_20/VIVOSDEV10_043_df5cd2b0574a94e5_snr20.wav","273d25ed401588c514859600578726f216aef7e4a192958a4744f5352b25099c","80044"
"data/derived/paper_v2/final_benchmark/snr_20/VIVOSDEV10_045_ea450211c6463409_snr20.wav","203d0526f06271f9c2c1a15dc617a237bbd2c3f0abe4e3da6a760708308e4d5d","137044"
"data/derived/paper_v2/final_benchmark/snr_20/VIVOSDEV10_067_6a0e0dbf44e42fa0_snr20.wav","e845b97ea8ad486b8b109bd162c4d18757ac61f9aeb539db2417373678020bcf","124044"
"data/derived/paper_v2/final_benchmark/snr_20/VIVOSDEV10_068_eddcf77bc42dd476_snr20.wav","52dcfb7db80f5212527c2efc03494128f91ee7f672a4ab21413d192f3a1eddc0","138044"
"data/derived/paper_v2/final_benchmark/snr_20/VIVOSDEV10_072_82fa59c4160d79fb_snr20.wav","be215169b9ea6c148c4c0f53a9241892e1b8df3c64507ab57116c5a435eb3fcd","143044"
"data/derived/paper_v2/final_benchmark/snr_20/VIVOSDEV10_073_ca29bb1a1fb65720_snr20.wav","cf18ebf995bdd10e74eff1680d6ac0990a537f52d8b20717f50552d29f4398c8","94044"
"data/derived/paper_v2/final_benchmark/snr_20/VIVOSDEV10_076_0a24bf8f19e49c2e_snr20.wav","586c183a0dea3b14a0d38ab41baf174d1046da74e187d39f43709a6d576ecafa","120044"
"data/derived/paper_v2/final_benchmark/snr_20/VIVOSDEV10_117_ea7aaba199396720_snr20.wav","84f471f105b59274788117946959b4ae14a2b2ef53806037cc78b7a6ce54cc47","44044"
"data/derived/paper_v2/final_benchmark/snr_20/VIVOSDEV10_140_b78e8cede0eb0e80_snr20.wav","8e02678b9ad66fa2885414d460da28c6eb4c70a3c41fbd07353447523f29a453","201044"
"data/derived/paper_v2/final_benchmark/snr_20/VIVOSDEV10_162_8fd4d7e4bb122ab3_snr20.wav","532d5ae41b3601023c365609c0baf320836c65cc1be6be152cc5ea2bfc0471af","101044"
"data/derived/paper_v2/final_benchmark/snr_20/VIVOSDEV10_172_08a3baedd9430ff6_snr20.wav","4a8152837405bf3d27569c31ec2c6f22c2eff8302a8699ea55757efee971ef5e","81044"
"data/derived/paper_v2/final_benchmark/snr_20/VIVOSDEV10_176_b0974ae49ecf2808_snr20.wav","3936a2e42bc3c5df05b7d272f6fe3d49f83a828117c0d8d2dc8d357226758cff","98044"
"data/derived/paper_v2/final_benchmark/snr_20/VIVOSDEV10_189_465a1898fdfa4f27_snr20.wav","8585a7f6633a5ed9db69b100e36241380449350060a5d19cc7377c379d573377","56044"
"data/derived/paper_v2/final_benchmark/snr_20/VIVOSDEV10_194_df9a83713cfb381e_snr20.wav","a5629b997f4f9524993aa01e62edf37abee1d9e10bd83e08859c876a05a4806d","108044"
"data/derived/paper_v2/final_benchmark/snr_20/VIVOSDEV10_211_8223dbc761fad61c_snr20.wav","168bf8ffcd69ad8ca24a35e4260f526ee78a2f0bd651db62b0ce2043d2bbb08b","74044"
"data/derived/paper_v2/final_benchmark/snr_20/VIVOSDEV10_212_a284d1007ddd96fd_snr20.wav","7bd6df44d9e5bef3102dd7520b648f12358a766bc72b6f24ab5a95e937b1c15a","64044"
"data/derived/paper_v2/final_benchmark/snr_20/VIVOSDEV10_227_52190f0aae0fab64_snr20.wav","5935465f35fef048332fe1eb82b9eb19a7ea6a3bab6841494d488805025ab662","51044"
"data/derived/paper_v2/final_benchmark/snr_20/VIVOSDEV10_234_df77282e7100d490_snr20.wav","0a1b2353ea559307ab3686b42be0778cbcbce5f0412a79ae968a1ccf5295f278","62044"
"data/derived/paper_v2/final_benchmark/snr_20/VIVOSDEV10_247_1e45d026b4cfcd5c_snr20.wav","22740492a47b51b8c5a08ca4aa4ee2d541fd75763a28477e5004ff6231c1d986","58044"
"data/derived/paper_v2/final_benchmark/snr_20/VIVOSDEV10_249_bbfbf9a60ab7a6c9_snr20.wav","37ea8be8eb44894a386ea1661fbf47bd3550816c2c631e362f109fae8a3f998f","69044"
"data/derived/paper_v2/final_benchmark/snr_20/VIVOSDEV10_278_7ded3d951b04afad_snr20.wav","cf889667328aae9299f6e4546d507f7a53ae842ea060075e1bc999aa0e1e9e79","78044"
"data/derived/paper_v2/final_benchmark/snr_20/VIVOSDEV11_022_cadb6f1f596bca70_snr20.wav","9816092a2775c7cac2a8b584f36ea7cc27cdb4869293a3dbf18592cf8207ee3b","88044"
"data/derived/paper_v2/final_benchmark/snr_20/VIVOSDEV11_046_a6e8a8f8048a4f7f_snr20.wav","23756187ece194e920549b1a655337abdffc81457a6cbc2b71df81166ab208ed","123044"
"data/derived/paper_v2/final_benchmark/snr_20/VIVOSDEV11_057_b446cd8a61cc0ca4_snr20.wav","03524582629dcfd48243512c12d9acea4f76b831863f45471703050a56ae1c24","69044"
"data/derived/paper_v2/final_benchmark/snr_20/VIVOSDEV11_063_1a9160f367731b13_snr20.wav","3cc054dd3aeb09b459dfb6bb8827caa2e7c5fa4bd698f8e891264979dc13a160","88044"
"data/derived/paper_v2/final_benchmark/snr_20/VIVOSDEV11_076_ff1697c9323634ad_snr20.wav","c5d20aa7a53b25aead2a6528242e9df298e5d732fa7f7177ac3ba6acf9fc842f","108044"
"data/derived/paper_v2/final_benchmark/snr_20/VIVOSDEV11_077_449d90a0c3b14f6a_snr20.wav","d56b1666a2a73ad5a73ae2584d61703ece8bafd9748cd6350ce9df36659e8ff9","124044"
"data/derived/paper_v2/final_benchmark/snr_20/VIVOSDEV11_079_04faaf3565291f39_snr20.wav","9dfa1b8705c3db49fa821e02218fe75e699fd148e0c394ebd6b90f31b1981808","114044"
"data/derived/paper_v2/final_benchmark/snr_20/VIVOSDEV11_081_315a33a3e11d0602_snr20.wav","b74d7eeac303264a727791e32d16e3686e6ff94baae799fb8faf56dafaa11145","76044"
"data/derived/paper_v2/final_benchmark/snr_20/VIVOSDEV11_095_b68867f2547a4d78_snr20.wav","004263fcb70a63cf93443b886575eb7bbf798701bdc7b0190d9fa63ae5dc4552","104044"
"data/derived/paper_v2/final_benchmark/snr_20/VIVOSDEV11_122_013b5843c3710f6c_snr20.wav","0ffb0c649d4908b8a0e557739a25894dfaff371ad9688e3f14e438076ce360db","60044"
"data/derived/paper_v2/final_benchmark/snr_20/VIVOSDEV11_123_f91ebc96ba1ee4ef_snr20.wav","b320b9923339bbde94850c4c8fe85b7e054c2ec3f61a2477f805ef6fbbcf1a68","92044"
"data/derived/paper_v2/final_benchmark/snr_20/VIVOSDEV11_136_5a19df75ebd25665_snr20.wav","3bd53f7e6407b0263d52b90d77ab8027a2595be3ab0524ec52f8958123471d3a","150044"
"data/derived/paper_v2/final_benchmark/snr_20/VIVOSDEV11_147_ea3f7eff494d44b8_snr20.wav","f3e2f2b449d22016b47ac136044996a5b883b377a35acb6f5cbcc35089f2633f","199044"
"data/derived/paper_v2/final_benchmark/snr_20/VIVOSDEV11_164_fb71f9dc56204896_snr20.wav","d355a0cf0ce1b9ba9422a91ab4b20ce405537aefcad7e3efe444c77ed3dd2dab","172044"
"data/derived/paper_v2/final_benchmark/snr_20/VIVOSDEV11_198_8f1afbc0e92bf51f_snr20.wav","b94de67e784bc597f2698a8c5e76f7d81497101567fdadcb2a91928bbeaf5ac8","154044"
"data/derived/paper_v2/final_benchmark/snr_20/VIVOSDEV11_200_917faf8abe37f63c_snr20.wav","ebbd5fc4ba97e969fc41c20bfce4badc4a3b53bdbacb92a59197b064571c5345","71044"
"data/derived/paper_v2/final_benchmark/snr_20/VIVOSDEV11_234_36ba5df917df8a91_snr20.wav","2230e8118ae7b0cd253ff363d31ae5ea0498dfd10668de87afb82f581a65fcc4","98044"
"data/derived/paper_v2/final_benchmark/snr_20/VIVOSDEV11_246_6cf926e7e084d680_snr20.wav","7975328b8bfa09dc8635c760d4a0fbae34a6edbd19869aade041b93a8e17c676","86044"
"data/derived/paper_v2/final_benchmark/snr_20/VIVOSDEV11_252_d896b0740bfa0eb3_snr20.wav","ee8e374e7631b73979b8cdb87e0cb1873f93ec8d0e37cceab7153b6e07a1b90f","139044"
"data/derived/paper_v2/final_benchmark/snr_20/VIVOSDEV11_262_693568e1a75dfff8_snr20.wav","ae83f552e19c47ae47cbd62d426cd2fb98745d5619763b85ae03a96c26650427","122044"
"data/derived/paper_v2/final_benchmark/snr_20/VIVOSDEV11_269_2f68b27c584b2ecc_snr20.wav","8ad40cdc756a1ca1e5e2b515bcad8a4f241cb4decd5e795c204591d29c751e63","149044"
"data/derived/paper_v2/final_benchmark/snr_20/VIVOSDEV11_273_e53fd1128c1ff363_snr20.wav","37a8edb209b6276b446c79755bed1fde10e9bb4d468558f71876c10beb1a0656","86044"
"data/derived/paper_v2/final_benchmark/snr_20/VIVOSDEV11_274_b6f5d4cc8e1f6012_snr20.wav","fdd2096a666ef34198e058a4921f6ca65af69a1598628d1a21bf1618ca294498","97044"
"data/derived/paper_v2/final_benchmark/snr_20/VIVOSDEV11_289_c0d03133b954c7c6_snr20.wav","a546f5e50ae588fc0465d1d69a45a48b027291710adf395839c113320becc079","155044"
"data/derived/paper_v2/final_benchmark/snr_20/VIVOSDEV12_006_08e4b95419fb8a4e_snr20.wav","37bdedae60e1262d5a03001914043d7e7e5efcc1eecae0bf6eeaa28e17cbbb30","132044"
"data/derived/paper_v2/final_benchmark/snr_20/VIVOSDEV12_011_4c46d28ed73d8764_snr20.wav","00d760788bee2e9205116b4f5ede32f645be2a97785a36c9d33719d2a05b3255","105044"
"data/derived/paper_v2/final_benchmark/snr_20/VIVOSDEV12_015_0b3ab9efc47f5bcf_snr20.wav","3afcb89d7e5e44f8df45f07ddaaad7c881640378cd4e516385f9827d771efd1f","82044"
"data/derived/paper_v2/final_benchmark/snr_20/VIVOSDEV12_032_496f0ac56bc8b47a_snr20.wav","b52ce5899ef742c33dea64e1ab4a0f8ab1a62b690d430e182bc383d21c488200","137044"
"data/derived/paper_v2/final_benchmark/snr_20/VIVOSDEV12_056_c95a87a305f3d12c_snr20.wav","1f5ff5603502b975825d47cd04892d8b7384db1f2602b3d3799740c1dd20cf6e","95044"
"data/derived/paper_v2/final_benchmark/snr_20/VIVOSDEV12_057_5f9cfc67de1d7708_snr20.wav","79b0932a48b99aefe7acec01a9dafc7f90cf459e4e5a22e0289729d1f708d324","138044"
"data/derived/paper_v2/final_benchmark/snr_20/VIVOSDEV12_066_6a94ad76bbbd6b34_snr20.wav","ba50bffa36f3f612d16e2e0f961bd8032194919b0d541e42a949ca903b368de1","108044"
"data/derived/paper_v2/final_benchmark/snr_20/VIVOSDEV12_068_b33d9fb3e9b0159a_snr20.wav","57e73e397f2dbfdf4659019bb2e8cd009d5a612c4a0b769529423aa238652976","100044"
"data/derived/paper_v2/final_benchmark/snr_20/VIVOSDEV12_079_6a96c4e1d4360a06_snr20.wav","9fe7c704dc707e526dcac7315bfee085bd70db0205382df2223bbec404b0b447","106044"
"data/derived/paper_v2/final_benchmark/snr_20/VIVOSDEV12_101_bc8cb676d9891d99_snr20.wav","dfb9b245846aff8501ae403329423004c17a9598bc5e1d082a0b0c5c8e4c0754","156044"
"data/derived/paper_v2/final_benchmark/snr_20/VIVOSDEV12_116_2c951f867ed58191_snr20.wav","df3c6b09519e69344e9212dc5919403ffc630adf0099fbb1aa05fb5987eedfe5","91044"
"data/derived/paper_v2/final_benchmark/snr_20/VIVOSDEV12_132_d8f5ad1fed150c6f_snr20.wav","a4ab0c3a787b3dba44eef461e73793761aadbdd32ff8bb9def307ae3077d7f34","106044"
"data/derived/paper_v2/final_benchmark/snr_20/VIVOSDEV12_144_ba2248dbb29fceec_snr20.wav","b96d6778faaf8d14cd2a9fb34219a6316916e0f3d6a6f5d65eb9d8df4a5f463d","66044"
"data/derived/paper_v2/final_benchmark/snr_20/VIVOSDEV12_166_f2f7b8d7495c3e9b_snr20.wav","5a712fad09b2c8dcfdcbae9c49a629ccbc4a601c657a87f0b8c3b4dd3c174daa","86044"
"data/derived/paper_v2/final_benchmark/snr_20/VIVOSDEV12_169_e9248d4aeedde6ce_snr20.wav","4f478996b2f237955b50942734c0fd603b524e80c81613e303a10a6b5ac3da61","74044"
"data/derived/paper_v2/final_benchmark/snr_20/VIVOSDEV12_173_73621b4a6735ef02_snr20.wav","c2fb9128d75453c579a05354e1b0ba9138b93143cc6428794a7a03fbb80a6e9d","89044"
"data/derived/paper_v2/final_benchmark/snr_20/VIVOSDEV12_192_75eff7a2f2edbd11_snr20.wav","b8f1b5ea0dbeb3dbc9a2cb96dbc4dad6deebbe83c37f82b9bef3f5f993f195e0","88044"
"data/derived/paper_v2/final_benchmark/snr_20/VIVOSDEV12_213_e01a730a46a3aaf5_snr20.wav","09f7e113f77e187d2aeb6ad0a357198d5746c11080d2eaa8de14060bdfee1a44","91044"
"data/derived/paper_v2/final_benchmark/snr_20/VIVOSDEV12_223_f432cabab9ef97f1_snr20.wav","e8618ef66546d1a2bb736b55e74bc7c0bfab00c24e242193ea59d142d6c46ef3","90044"
"data/derived/paper_v2/final_benchmark/snr_20/VIVOSDEV12_232_0f0dc8eccc184372_snr20.wav","a2f4ee5ca31dc1b4a5a92f09ccfde962667967c7939643b1eb0d3d7fe11e4d4b","78044"
"data/derived/paper_v2/final_benchmark/snr_20/VIVOSDEV12_244_6034de5c9cf471bd_snr20.wav","cd95845c887cbab3c61944b6579ff938060d87d24162619179df1d92439a1679","86044"
"data/derived/paper_v2/final_benchmark/snr_20/VIVOSDEV12_248_592ba100a9721f88_snr20.wav","c5c5b0f31af89e16e017bb4eceac4c2c800d6b63df9476bed54b8829ab5849ef","148044"
"data/derived/paper_v2/final_benchmark/snr_20/VIVOSDEV12_280_e191aeae5ef0e3df_snr20.wav","b8c08126468a42a92a92241a871309468934e36aa9c7370956e1b1872519e1cb","100044"
"data/derived/paper_v2/final_benchmark/snr_20/VIVOSDEV12_290_b1643bd011068f90_snr20.wav","da4961ef8b8f866862b3724ffe483001101d56a68408af87068a98ddd6215a19","120044"
"data/derived/paper_v2/final_benchmark/snr_20/VIVOSDEV13_019_7dc0a9b616d91929_snr20.wav","2752968f8f04e1b75b33d84092cfb0b40ac1ce2faaebf6911d7b5e9da41a102a","132024"
"data/derived/paper_v2/final_benchmark/snr_20/VIVOSDEV13_026_acaa22faaa96ba2d_snr20.wav","54a86556ecabd7c11cd5987cab1fa54916094d3a5269c426a8717639e84d31dd","134024"
"data/derived/paper_v2/final_benchmark/snr_20/VIVOSDEV13_058_f3e1aa84096a8f30_snr20.wav","a6da5b48244d469e672a98e103231c27c3bda17ad02753eb12462963a35e971f","139024"
"data/derived/paper_v2/final_benchmark/snr_20/VIVOSDEV13_061_56fc48bfd4341960_snr20.wav","bc6917dbd57ee8a32b4c99057eb0fe86611163ef38571856e23a425216b3e817","132024"
"data/derived/paper_v2/final_benchmark/snr_20/VIVOSDEV13_075_e536c2eb044bc745_snr20.wav","de39a633ed90d3b92713140c2d2f2ea69bb9edb34692db94c35f47cef8834bc4","140024"
"data/derived/paper_v2/final_benchmark/snr_20/VIVOSDEV13_078_4ecb4951eaf37fe5_snr20.wav","951e94c7f476a8204c1026f278ac1aef94dea39094db3605e6eb89cafa05ebed","146024"
"data/derived/paper_v2/final_benchmark/snr_20/VIVOSDEV13_089_676b228af3647a0e_snr20.wav","8c9cd1566da5a3e34b1633a2a02518c303af6f4470cb9e5ca6862d544375157c","206024"
"data/derived/paper_v2/final_benchmark/snr_20/VIVOSDEV13_097_4208aa35d783e2d5_snr20.wav","f35dc56905107ba3cb4970f61276e77ff5bc6941307c976120fa2b52b4955944","236024"
"data/derived/paper_v2/final_benchmark/snr_20/VIVOSDEV13_105_e92fba639de8d9a7_snr20.wav","7da32b50f910abd5ae4845ae91bf07b2d9eba96c6c55168873b7bfa53cd66fa1","251024"
"data/derived/paper_v2/final_benchmark/snr_20/VIVOSDEV13_136_c76af10a8884cbb1_snr20.wav","137c728b208800b20c542943e11ccae15004196828a1c3295fc71fd3b10be3f1","136024"
"data/derived/paper_v2/final_benchmark/snr_20/VIVOSDEV13_137_edeebc5a86c9a9d7_snr20.wav","d4b8cf4be739d77378b0e1d8e189881dd1bd8de8b32219f4828f1f67e851d01b","104024"
"data/derived/paper_v2/final_benchmark/snr_20/VIVOSDEV13_139_3c1ec9cbf2477d8f_snr20.wav","78db48f9c8e2227540547e805afb682125f3c68c61270b214ce1d1b1160db422","132024"
"data/derived/paper_v2/final_benchmark/snr_20/VIVOSDEV13_146_9c7709bf8e33f085_snr20.wav","3b020e6e3e14fed34796eb69b156a67caef0b5b9f5bb998445fcd6a4b54b7210","164024"
"data/derived/paper_v2/final_benchmark/snr_20/VIVOSDEV13_147_dc513d171949fa0f_snr20.wav","2c1446bcfd27aa59292dc3f66b72694486020dceb309db5ca452db4e3cc28daf","147024"
"data/derived/paper_v2/final_benchmark/snr_20/VIVOSDEV13_150_385ed122a724f6ca_snr20.wav","7c63380b5c4063b22fcc30b1cc2e351bfa1c5ea476fbaa1861d7827dc9464acb","132024"
"data/derived/paper_v2/final_benchmark/snr_20/VIVOSDEV13_222_3253c25725e89a64_snr20.wav","761da6155b639281503e5b20333a91e929b0e209a4e5562f5795fd1ccfd39af9","119024"
"data/derived/paper_v2/final_benchmark/snr_20/VIVOSDEV13_241_625536b016fc905f_snr20.wav","dba8850aa77f7ff94c27b7bb643827728d4552ed0979d6378902cbf81c394520","84024"
"data/derived/paper_v2/final_benchmark/snr_20/VIVOSDEV13_252_f79f88e3c970aa4d_snr20.wav","a436b77fce2a461096b11933e5c85d8af5b50bc4b70c5bdcec7843642141a771","126024"
"data/derived/paper_v2/final_benchmark/snr_20/VIVOSDEV13_267_72409a7e7e244232_snr20.wav","fa2bf2a4aaeddb244e7861023350bc334c524fc2af47e873dfab1ab039a57160","126024"
"data/derived/paper_v2/final_benchmark/snr_20/VIVOSDEV13_277_e14e5b28a6bed6dc_snr20.wav","876f9867cdcd408142db39d3a53ff818daca31e5002b98d0c5d03c8378a267d8","127024"
"data/derived/paper_v2/final_benchmark/snr_20/VIVOSDEV14_018_a7a267c12b385138_snr20.wav","6b7a32d3ba9ad3eb6b2391acdf040d149f9ad4c201430013d12b98c92cc99def","100024"
"data/derived/paper_v2/final_benchmark/snr_20/VIVOSDEV14_022_d7ec282861e880b2_snr20.wav","ea1b61e162b8e365c7eab8cd30533e58e6f711d1af4ba6c6bb6aa84b710f5f1d","96024"
"data/derived/paper_v2/final_benchmark/snr_20/VIVOSDEV14_035_dca48e7b8b30fc16_snr20.wav","f386a0c76ce260cd91d88d5fb8be89c2c45a12aa13b59b4f15a4e9b025d8d66e","106024"
"data/derived/paper_v2/final_benchmark/snr_20/VIVOSDEV14_080_401e89f76d9d3c3e_snr20.wav","aec622a317af9b61ebd216edd02a14ff30d7b384ef5c22a7bef37b19278753a4","132024"
"data/derived/paper_v2/final_benchmark/snr_20/VIVOSDEV14_085_ce1e54effe3dc7fa_snr20.wav","be96d1ffdf4671fe4f47013af583a16f3d455da240d9fe401a4bd3d8b48907a0","154024"
"data/derived/paper_v2/final_benchmark/snr_20/VIVOSDEV14_093_1ac0a754ff05658d_snr20.wav","8edc1b5b2f503d46ddcda39fd7a854bfa2a1275396024ae5a6de4df87450fccd","140024"
"data/derived/paper_v2/final_benchmark/snr_20/VIVOSDEV14_104_c6a801dbe85ca997_snr20.wav","0e21c3e89b1db6b251e9f7a845076cb7dad1e8cff99b02ae5bf39dad7a2d9615","139024"
"data/derived/paper_v2/final_benchmark/snr_20/VIVOSDEV14_115_37f5584ecf03f3be_snr20.wav","27b82d43636bfd38dafe0ecd5d3dee7937324402d6839e5ed91cd68071a503a5","132024"
"data/derived/paper_v2/final_benchmark/snr_20/VIVOSDEV14_134_d312b976506b0bbf_snr20.wav","f477302507c8b7d62bc660c81d3464ae2725c1e497d42a484ed95311c146d087","124024"
"data/derived/paper_v2/final_benchmark/snr_20/VIVOSDEV14_151_1cba195b1ac4f373_snr20.wav","020536a8a5d56a8012d9062ebc156b7b124b3f2c7cfed18206a1698194acbad3","99024"
"data/derived/paper_v2/final_benchmark/snr_20/VIVOSDEV14_156_f68ac84c96949760_snr20.wav","08a85c916720f2d28b07fd75bdfcfcdcb3448c658a9126dcc838ade7be1f42b7","99024"
"data/derived/paper_v2/final_benchmark/snr_20/VIVOSDEV14_163_f68349d62fd02355_snr20.wav","06f179a8e31209bb585b3cb521fc1d2d4a9cbaa19e807cb4589fb810a6ed52d5","100024"
"data/derived/paper_v2/final_benchmark/snr_20/VIVOSDEV14_186_c835e852d47bad82_snr20.wav","46f2e8516ecab72dfa1f788cb182a2c9ea0042cfa192c05a401a0a6c0f3c8748","90024"
"data/derived/paper_v2/final_benchmark/snr_20/VIVOSDEV14_191_ae8fd6dd9a7902ad_snr20.wav","c8e10c6c81fa862be585a6301da63da6a56e337b1e82019167fc5afa97264e91","144024"
"data/derived/paper_v2/final_benchmark/snr_20/VIVOSDEV14_194_6d1c0688ce8bd42d_snr20.wav","01e4ae87db1a21fee07b7ee78747677f5a1eb3c8a5d72c28e12e8a625db28fe0","88024"
"data/derived/paper_v2/final_benchmark/snr_20/VIVOSDEV14_195_4be07d7d6547bfd8_snr20.wav","31692bbeaab0876a176e98419321de1bd92a64606023db274329b2fd6dad287d","174024"
"data/derived/paper_v2/final_benchmark/snr_20/VIVOSDEV14_225_e0711eb627ed6989_snr20.wav","ae2bfff17f6dd5b306f677a932efaeb98f47afe7e402e583e7770e769d69ba33","136024"
"data/derived/paper_v2/final_benchmark/snr_20/VIVOSDEV14_227_801ad4c521b742b6_snr20.wav","c299aa55ba8c5a22f2a9861089b4670410a797354e7214fc731f52bf470e9f96","102024"
"data/derived/paper_v2/final_benchmark/snr_20/VIVOSDEV14_236_cbad560a71c410ef_snr20.wav","6b9b30da43ec3766eeb01caa21ede9d983bb43688950f9de7fb3cf22fab24aed","98024"
"data/derived/paper_v2/final_benchmark/snr_20/VIVOSDEV14_256_add3b3f4adc38fcd_snr20.wav","fcce4b1e52baead33095daf26be6c697fc07ca61056ab8e6855ac77a49e79ab8","124024"
"data/derived/paper_v2/final_benchmark/snr_20/VIVOSDEV14_280_22b1c613a5ef2c60_snr20.wav","b155aca093a78935e00739f96c27b3fc69022b4a03962911de877c614b3e6c60","96024"
"data/derived/paper_v2/final_benchmark/snr_20/VIVOSDEV14_283_efc579ae334ef14c_snr20.wav","56155afb9ab29f79561e09c1b5b4c456109e97cb190516967d8e273de53bf178","125024"
"data/derived/paper_v2/final_benchmark/snr_20/VIVOSDEV14_286_dc9508056ccc988e_snr20.wav","b1fcdbd0e8d8b651f52e6488b8c1da37072700d14180451d011992d6793cc234","93024"
"data/derived/paper_v2/final_benchmark/snr_20/VIVOSDEV14_289_a9e35eab11cb66aa_snr20.wav","899c38a3eef5b714e317149e44c3a423ee6dd48424d4c27f67fe4d91717bec59","118024"
"data/derived/paper_v2/final_benchmark/snr_20/VIVOSDEV14_291_7fe4e17effebe269_snr20.wav","b5b4c485a7720fc82bbada6da960fd7e346ffc5a3bd24cedaa61c111e7e20eea","114024"
"data/derived/paper_v2/final_benchmark/snr_20/VIVOSDEV14_294_1a0078de6bfa79ce_snr20.wav","1e6f2c305b5554317864e476a5fe6f0d0c694ae556ada041b4f05196944945b8","106024"
"data/derived/paper_v2/final_benchmark/snr_20/VIVOSDEV15_014_c3e9e6df27ea665b_snr20.wav","ca54a05271bccd8faba034cfd87fab9050d0b361cc70eb9fd578e0ee91b5e569","124024"
"data/derived/paper_v2/final_benchmark/snr_20/VIVOSDEV15_020_472babe113851fbd_snr20.wav","f0f17b2ac89801d0e177153b4507dc17ca01cff5c689eb81e19548415fe811a2","91024"
"data/derived/paper_v2/final_benchmark/snr_20/VIVOSDEV15_021_3bba5b9f8137393f_snr20.wav","0fe4830b0d74555076755397d25818d9f63bdf518449cbcb7ddc065f58e7973e","110024"
"data/derived/paper_v2/final_benchmark/snr_20/VIVOSDEV15_026_03efce3dee466c12_snr20.wav","51aad91a6e2a6bcc3ca4f2d50dc45a6c1cfeff08928fbafbca909e995c2405f3","110024"
"data/derived/paper_v2/final_benchmark/snr_20/VIVOSDEV15_037_791e87a2ba2a0203_snr20.wav","354c3e68670338a50ec53bf341ec4fc3af18e2b4437083de60dd6d6fd9c5dc49","117024"
"data/derived/paper_v2/final_benchmark/snr_20/VIVOSDEV15_038_855b579c865cf8c4_snr20.wav","2cc0dcc9a825f7dd8c70f789a919782f462991d29e5b2bd4d0bcae2b380c8e73","138024"
"data/derived/paper_v2/final_benchmark/snr_20/VIVOSDEV15_050_be283f93c2a94605_snr20.wav","1db51374f24ad452e68f40865e4b50162da1e35d1fb62fecf874cfca45f3f0dc","138024"
"data/derived/paper_v2/final_benchmark/snr_20/VIVOSDEV15_062_3649c2d5b9c221b1_snr20.wav","0178644f6a301eab44875d00cf36756044086450ca3e2351117616b1ccf5aa76","129024"
"data/derived/paper_v2/final_benchmark/snr_20/VIVOSDEV15_066_ff2d84e4cda822c9_snr20.wav","155b38bb6051f4e93dc2ba938c54da0943234d19c2098f5254a425c55a323afd","140024"
"data/derived/paper_v2/final_benchmark/snr_20/VIVOSDEV15_092_b45ecf35bf2609d5_snr20.wav","06f517f5bd763ce5161a68bfb889eb0a02c7a9c732169cecea527c07dece2e11","140024"
"data/derived/paper_v2/final_benchmark/snr_20/VIVOSDEV15_109_2373fa1de6bede8c_snr20.wav","c5df96100edba3164ceca7aece673f179197659dde91740510feef8a3642a7b0","97024"
"data/derived/paper_v2/final_benchmark/snr_20/VIVOSDEV15_111_96ff547a951dc948_snr20.wav","d41cc11d40aa3a0f4d5bac16e03e4ed6db77d0354a763e4386bc226b9c78d808","109024"
"data/derived/paper_v2/final_benchmark/snr_20/VIVOSDEV15_154_2f19ee0c69ef7f17_snr20.wav","1dd8dee5cf6bf5c3390d8aa75a52829bc6ed0a197a092998e22a03e23ace57ec","120024"
"data/derived/paper_v2/final_benchmark/snr_20/VIVOSDEV15_168_dc4082e512b32df3_snr20.wav","bb885b0f513c1815011090f3fd6d60c1aa6acd0b68c89c0332e46c8cef34f0c4","178024"
"data/derived/paper_v2/final_benchmark/snr_20/VIVOSDEV15_180_07d11bb94951a332_snr20.wav","5d8ca6502c648a82b20bb00932d7fd9c445d1e2ea545044982c1d0bb4191c0ac","131024"
"data/derived/paper_v2/final_benchmark/snr_20/VIVOSDEV15_198_82e51b6e668d1032_snr20.wav","53fe6d42cab31c8130a36bae45e8a929a6e7534513f604a49cb146533e7cb79a","156024"
"data/derived/paper_v2/final_benchmark/snr_20/VIVOSDEV15_203_0413c12726864eb1_snr20.wav","fcfaed8371fd2fabf09ff43c208c0e94e234e658e1e9d2b2367b4947b0ddd002","134024"
"data/derived/paper_v2/final_benchmark/snr_20/VIVOSDEV15_204_35ee71cd46d1d367_snr20.wav","720ce345b25365887bb0ec10f96fceacbefea17db9a696cf01c9ea23ea502360","139024"
"data/derived/paper_v2/final_benchmark/snr_20/VIVOSDEV15_216_a0eed7eea456cff5_snr20.wav","4849e120a2ec8d87d5ce4a1478ffd2c765a817fd18202435d319220bfdc9240c","104024"
"data/derived/paper_v2/final_benchmark/snr_20/VIVOSDEV15_220_92670eb975d3f023_snr20.wav","0003e2f23232f80fc2e2e3ae0d8e418108147e89fd95eaf460d09d5a701d0927","120024"
"data/derived/paper_v2/final_benchmark/snr_20/VIVOSDEV15_267_5ff7ee73fbf23928_snr20.wav","f78a1634c4ad4d023a15d4c75712655d1c48d6bf9c13dded0c321dcc8a63169b","112024"
"data/derived/paper_v2/final_benchmark/snr_20/VIVOSDEV15_271_4db556829b304471_snr20.wav","524aa76aa937e998ae08392a2862582dcd800b23ae31d7eee6fd9cf1a8a7c8f2","147024"
"data/derived/paper_v2/final_benchmark/snr_20/VIVOSDEV15_299_e533109fc2810a4e_snr20.wav","576b5b06f9e28e2a07bdee65b908c43a2f299f8074559edac04f2ce0fe4eb1a7","124024"
"data/derived/paper_v2/final_benchmark/snr_20/VIVOSDEV16_049_c3f0fe90610fe74e_snr20.wav","4bd01159d1ee4231e9b90390100aff01a371900bf5e6206f6dcb14f6b9e3894f","194024"
"data/derived/paper_v2/final_benchmark/snr_20/VIVOSDEV16_050_166d529129a3c953_snr20.wav","d030a894c1568f098b1bf087cad82129ac5179db2c603eadc0a0d6a40c1392a5","120024"
"data/derived/paper_v2/final_benchmark/snr_20/VIVOSDEV16_051_554978033a53adfa_snr20.wav","da42ba416fa494c1159cae48e4abdb983a8781b152edc326cfbec0f2fd1c6784","134024"
"data/derived/paper_v2/final_benchmark/snr_20/VIVOSDEV16_068_04344be8e1239836_snr20.wav","5e96c1c64165218eb245c14700dc40bc11f9ec5dd56cc203dae978915c0ea7c4","136024"
"data/derived/paper_v2/final_benchmark/snr_20/VIVOSDEV16_074_b932dcbe6fb22eef_snr20.wav","c3de1280d4c2a099a476ccf3b392d2c5662e180d1964467a1ac82b3604e1e9b2","128024"
"data/derived/paper_v2/final_benchmark/snr_20/VIVOSDEV16_112_0785c98e687f6ea7_snr20.wav","9a5096cc7173e21e202c9cf34e20d51a06226c3ff52b553a63ddb7ea91fa6f86","122024"
"data/derived/paper_v2/final_benchmark/snr_20/VIVOSDEV16_149_8e1c93ed056a6401_snr20.wav","54eed840563928bf825e46099c0451e35a051d800e866fc691a442a37abcd45f","140024"
"data/derived/paper_v2/final_benchmark/snr_20/VIVOSDEV16_154_c6e5f5e4fb27a84f_snr20.wav","3a7bd998d42ff34cab2ba1528554e3258b661cde1522fe0baa433cac54adf97d","127024"
"data/derived/paper_v2/final_benchmark/snr_20/VIVOSDEV16_168_a97b36c616c7ad93_snr20.wav","5d324c3145fc4d3243afda303ce8575b2bd131631ce4265c4e91897234624ab4","130024"
"data/derived/paper_v2/final_benchmark/snr_20/VIVOSDEV16_173_8aeffd6b17558c35_snr20.wav","623c12641646f498221963a0e2c07c595dbc5d042efbe757e01cde227b1407a4","140024"
"data/derived/paper_v2/final_benchmark/snr_20/VIVOSDEV16_175_ed17741cfdc8eeda_snr20.wav","bc61df0af6658b6066d293d52a183e874792d38756c97218f77b27fcefd54d4c","122024"
"data/derived/paper_v2/final_benchmark/snr_20/VIVOSDEV16_177_c27f60d1d6d744b5_snr20.wav","b840347407a5094d65253aa6f0907aed66dad36f71bc9e574b1ddae8f35ea502","168024"
"data/derived/paper_v2/final_benchmark/snr_20/VIVOSDEV16_197_109d771e7c54a05d_snr20.wav","1be55a511b47891d20c1068a9c0e37b945143274097a16a681725928d2df97b9","146024"
"data/derived/paper_v2/final_benchmark/snr_20/VIVOSDEV16_198_7add5eff3d0df734_snr20.wav","111c6d6723ee0387898fdeabf3ca768510a25dd2185506c01d24edc38115e12a","166024"
"data/derived/paper_v2/final_benchmark/snr_20/VIVOSDEV16_203_9c8c306bedb518d8_snr20.wav","2ca2b131b055c033030819a90509eef4899dd19a3c8741f9ca64b26827363934","123024"
"data/derived/paper_v2/final_benchmark/snr_20/VIVOSDEV16_233_81dd97ae35779853_snr20.wav","733b664b17e527441ad3f8944b46fd875a6236129827ccbe8b627914aa61aa6a","174024"
"data/derived/paper_v2/final_benchmark/snr_20/VIVOSDEV16_247_5fcc9f24c0ce338e_snr20.wav","e44be66891dbbbd63eb7654617456d107f82069a331a7489fa4ca6bcce86beb7","166024"
"data/derived/paper_v2/final_benchmark/snr_20/VIVOSDEV16_267_351717254fcb4bf2_snr20.wav","6047020ce5620c7baf39ffe9641423afdeda5a38ab92800682b42fecdd03f6ca","160024"
"data/derived/paper_v2/final_benchmark/snr_20/VIVOSDEV16_279_993ff8a4ef6448c0_snr20.wav","8e3642553077e4ee49c73b1aad37d76d3e15522d618803670703ae56e8b3f697","134024"
"data/derived/paper_v2/final_benchmark/snr_20/VIVOSDEV16_298_71dda9aa6747e5ab_snr20.wav","c901b9ac090a2f0db74ba82a5d36f34d0b39f514e5d73d4f31b7cd328303d614","168024"
"data/derived/paper_v2/final_benchmark/snr_20/VIVOSDEV17_011_cba3c30e0b75f2fe_snr20.wav","30ba001f8a079d3c8af3394348c98b4410792bd8d808fea015cf7377d3c2e9fe","130024"
"data/derived/paper_v2/final_benchmark/snr_20/VIVOSDEV17_024_013aa9ca64b6dcce_snr20.wav","08828531d340f774cdf305db70769e0c6578eb9f036ebc647fdccfcf0c4cab97","183024"
"data/derived/paper_v2/final_benchmark/snr_20/VIVOSDEV17_032_25c3c01116391bff_snr20.wav","516997d55a8e418735f26ed8e15fddd76b315b0299b778a9c135a2759b35e9e5","139024"
"data/derived/paper_v2/final_benchmark/snr_20/VIVOSDEV17_043_00aa0129ff8bbea5_snr20.wav","4cb366f01de94501e643fe81a49ddb87b5cad2948224156335fd4a8d250f120f","116024"
"data/derived/paper_v2/final_benchmark/snr_20/VIVOSDEV17_048_18f6c3087e88e9f4_snr20.wav","ecd7bba1c5e104b4ee1d19c04035592f479feecc1502270c7bd59b79623fcf5a","120024"
"data/derived/paper_v2/final_benchmark/snr_20/VIVOSDEV17_060_aab6dd6ef6b33506_snr20.wav","ce61430c30838e68a38dec368dd49ef49050bacd3ef0be5b7e3c7ad45d4b0133","111024"
"data/derived/paper_v2/final_benchmark/snr_20/VIVOSDEV17_062_50b8059517a4991d_snr20.wav","2aef8cad2521155568d64fa12ffd700753f12dc3f20c223dd5c246f63d48b4a1","115024"
"data/derived/paper_v2/final_benchmark/snr_20/VIVOSDEV17_077_c57643bbbae981bf_snr20.wav","9422d274b73a12f776d36fe8b28f755ab1796333f60e95d3a0530840b19c8cb8","136024"
"data/derived/paper_v2/final_benchmark/snr_20/VIVOSDEV17_090_2170204c08584175_snr20.wav","7b6d955ebfb77cf1f35bc9f76a3fd55e54185d17543ce4a05a1288beff715d02","113024"
"data/derived/paper_v2/final_benchmark/snr_20/VIVOSDEV17_099_85d980bf12be0cc5_snr20.wav","d325c0f8ec002ea93df617d21acab24a6d1edbeab840ffabca448bf37fa0c380","147024"
"data/derived/paper_v2/final_benchmark/snr_20/VIVOSDEV17_109_fbbabdf269e6b1f2_snr20.wav","01e0a3e679a4e2af0ee5b3f6d1384a241a67a26709a5e2174f80063b7119329e","122024"
"data/derived/paper_v2/final_benchmark/snr_20/VIVOSDEV17_114_32d175e76877382b_snr20.wav","b4d949fa48fca218cff6cf74dfdf94a2794b8060ee213c93e7551de0f8a8f9a5","108024"
"data/derived/paper_v2/final_benchmark/snr_20/VIVOSDEV17_120_d52376a5b4497a81_snr20.wav","e64c1e8914b86079dff4a1179e489281552b223ba06d93a190bed0bf88f3209e","121024"
"data/derived/paper_v2/final_benchmark/snr_20/VIVOSDEV17_133_4a9a149704edfed6_snr20.wav","e97c0a6f5d7f54a2bbb38f2288d649851be23806019abd443f112e3e4d71bf3f","116024"
"data/derived/paper_v2/final_benchmark/snr_20/VIVOSDEV17_147_2a74c50097720d20_snr20.wav","7502d596860c8c02405ecf24e3165010df910019c735182911d8f49f83835fcc","118024"
"data/derived/paper_v2/final_benchmark/snr_20/VIVOSDEV17_181_12974f27983d2be6_snr20.wav","8b4faff5b7c605fdd612945de6e2289a894bccfb539366a808b5118b4e4a675f","124024"
"data/derived/paper_v2/final_benchmark/snr_20/VIVOSDEV17_189_dd2f2e3ccbf3dc37_snr20.wav","87a3ab3da14d324186b7fa2cf0592cc2789a8ecac8220cc185317ecdbf0c739b","160024"
"data/derived/paper_v2/final_benchmark/snr_20/VIVOSDEV17_192_af3e320fdbf78c55_snr20.wav","2f394062abfc80827e20deb36f84ca4c3d264fdcfd84a90be563724cafffe69c","130024"
"data/derived/paper_v2/final_benchmark/snr_20/VIVOSDEV17_204_c19ef22a4dd512cb_snr20.wav","ffc945f91767b8c159a3a5f4f231193144892a29e4339d181808f94236db4532","148024"
"data/derived/paper_v2/final_benchmark/snr_20/VIVOSDEV17_208_4b3391290b299ffc_snr20.wav","e688649d8f8c389980deb242a6ef8dfd0fedb28b03d27e04d47342edf3c10ac9","164024"
"data/derived/paper_v2/final_benchmark/snr_20/VIVOSDEV17_217_90a7b20d0a69322b_snr20.wav","ccfcbb090301b6c8e943df9c51780ad7055fb7789fa38e0ab8a23bc2704d3257","190024"
"data/derived/paper_v2/final_benchmark/snr_20/VIVOSDEV17_241_96a9bfcd8951b27d_snr20.wav","7bad47cbb65781a86a4e0d6b0d97fb34f9d2b15473af5580994234bbd97fb0ea","125024"
"data/derived/paper_v2/final_benchmark/snr_20/VIVOSDEV17_254_616ce6dc8c944437_snr20.wav","451efa1dc8e9521919f90aef88b5df4fb616143741803a4c27e270543a62d893","154024"
"data/derived/paper_v2/final_benchmark/snr_20/VIVOSDEV17_271_2e3fbaad6744e8d2_snr20.wav","6264df3af44efcfb6c93536b0a0268c63b6ec7ff90763215f32e7a0dddb4e8a5","175024"
"data/derived/paper_v2/final_benchmark/snr_20/VIVOSDEV17_285_f8c6d6efc5c8b5a1_snr20.wav","ecdfd8850173777ccfa06872be2e2982f1b58c73f23cf9f2ec7f38c3ebf24fe7","136024"
"data/derived/paper_v2/final_benchmark/snr_20/VIVOSDEV17_288_67ee185a3d9565d5_snr20.wav","3f9101e7df96a49f29d0f9e428e7327a47ee4ef993afa02fbb76498a859db60c","169024"
"data/derived/paper_v2/final_benchmark/snr_20/VIVOSDEV17_299_e25e4e2668683ea1_snr20.wav","1ae642eeafb9c800899f23b7f55ffef9ec90777e8f9443ebc15d19bf2925c430","116024"
"data/derived/paper_v2/final_benchmark/snr_20/VIVOSDEV18_006_4e031e03c4c27782_snr20.wav","6dd7d4ec38f013fc7f29cc48a0169dc32227346a3e1de5f9426f55c3b7d30b83","104024"
"data/derived/paper_v2/final_benchmark/snr_20/VIVOSDEV18_012_f82f01b2465ab168_snr20.wav","7c77f7c70637fec659f10d2763cb4c4b009b930e90853b97a35ade3d9c5818cf","83024"
"data/derived/paper_v2/final_benchmark/snr_20/VIVOSDEV18_017_8be4454dcb50c155_snr20.wav","c0ebd910c9c2e7fd7f409d19c7987dd77205a70b32713e4aac4e7bdbf863f074","90024"
"data/derived/paper_v2/final_benchmark/snr_20/VIVOSDEV18_060_179c6909b41d2716_snr20.wav","5c3109c42f4d46238c9ef4d0dc1172fa50a9f47ca884246b5e7cc0d305186c37","75024"
"data/derived/paper_v2/final_benchmark/snr_20/VIVOSDEV18_064_3f042dacc3286a67_snr20.wav","9329dd1c9de60289ccbddec679efaa7ca97381f1b344f2884833373a5a7d4582","93024"
"data/derived/paper_v2/final_benchmark/snr_20/VIVOSDEV18_065_d52ca343aa3bb1d7_snr20.wav","e1c094857bd10e2b7f74159fdd2c3f01f3aab7f756416648e09197aa98a761f5","75024"
"data/derived/paper_v2/final_benchmark/snr_20/VIVOSDEV18_118_df99b64f05bd1c14_snr20.wav","71d784970051128e69b137eb37d06ace28950a1a57c03d36daeb2f3ab355658d","116024"
"data/derived/paper_v2/final_benchmark/snr_20/VIVOSDEV18_120_4080e407b0565719_snr20.wav","925e8b98c125ae0972f9b814af92b5a816bb4bdbcd59ae9bc00c9ebfc8394d7f","78024"
"data/derived/paper_v2/final_benchmark/snr_20/VIVOSDEV18_155_9a3e19f16610b3fd_snr20.wav","4ace72740dea25599803f1b0871af4cb7377d2d242df73ff5c8fc5d255c5956f","126024"
"data/derived/paper_v2/final_benchmark/snr_20/VIVOSDEV18_191_c134bcacea19ddd2_snr20.wav","adcd8a0289be061269959fc8bfe0d7ffe504c8fe0957157aceb921c585c35666","128024"
"data/derived/paper_v2/final_benchmark/snr_20/VIVOSDEV18_194_ce12ca67a94c7c6f_snr20.wav","e2611d5e0961550f7cb79837d28ca818e907734c15995e95c804c32389feed6f","111024"
"data/derived/paper_v2/final_benchmark/snr_20/VIVOSDEV18_199_e1787dae6ccb4b04_snr20.wav","a0de67eca564e2b440bac60b33a9530277cd5103e55165ce0cef03ac98ba80d1","93024"
"data/derived/paper_v2/final_benchmark/snr_20/VIVOSDEV18_214_73278abc3325dc9d_snr20.wav","fce4762113513809be2181477d53a3378b0abb4eb2aa3c8b85f2b6a2265272ad","120024"
"data/derived/paper_v2/final_benchmark/snr_20/VIVOSDEV18_250_ecb09f728b5ef008_snr20.wav","b8a0a0134dcb666579dd9cd79b6a6d62676a6a172ae655d5fc0330be1756585a","145024"
"data/derived/paper_v2/final_benchmark/snr_20/VIVOSDEV18_252_2c514940c4192e18_snr20.wav","a6454f71f5bf1e52fea920c0ec55ab4bc2c179c80a5cd6c9e4c396e6385db175","101024"
"data/derived/paper_v2/final_benchmark/snr_20/VIVOSDEV18_263_2fa15b3e743de6f6_snr20.wav","573cae7f7dba57b005520b78e0f3778a9a6375dc7481f6131ca5162eb9158cd5","108024"
"data/derived/paper_v2/final_benchmark/snr_20/VIVOSDEV18_273_7dc21aca8145a457_snr20.wav","f5e949a71b0392777267116bb545c46ad923100a50fe6036b75732949e7e6392","107024"
"data/derived/paper_v2/final_benchmark/snr_20/VIVOSDEV18_279_194d89056e066d57_snr20.wav","b3ca41e498ad4ab8f9eb137653b22a7e53f637567ce05ed9e06a7924cd6bd228","131024"
"data/derived/paper_v2/final_benchmark/snr_20/VIVOSDEV18_280_c5781ae066bc728b_snr20.wav","3940f6cfcfc5a590937b41c54b4dbc1f717f2b0aff5c0acef8229e99cd6de272","94024"
"data/derived/paper_v2/final_benchmark/snr_20/VIVOSDEV18_293_0bd8fa8b0f3d8168_snr20.wav","61292e73b418716b56594c5b68d109505c6a7f97b07382eaa78c5106085f2441","79024"
"data/derived/paper_v2/final_benchmark/snr_20/VIVOSDEV19_008_8cd45b84a48f61f8_snr20.wav","973ab35e3bb99b41f841b732f929fe274705dfae880fa60de94a6d85ed3c5fd5","154024"
"data/derived/paper_v2/final_benchmark/snr_20/VIVOSDEV19_020_304bbf5f2d6121c2_snr20.wav","020e647eed3053c277e6c89601969584470a9b266cc00990cd0a8a357358b1ac","150024"
"data/derived/paper_v2/final_benchmark/snr_20/VIVOSDEV19_022_78e90914097b013f_snr20.wav","daae46a60835b326108550eba7f0277646ad24bfc05c37c1b0399ec54ec51ee8","158024"
"data/derived/paper_v2/final_benchmark/snr_20/VIVOSDEV19_024_37166e91c63f9e7e_snr20.wav","e3bc0214057dea34ff8f97a6520792cc031343ff21d72000995b49a101a54393","125024"
"data/derived/paper_v2/final_benchmark/snr_20/VIVOSDEV19_027_4c8fafde77a410ed_snr20.wav","7b52280756414ecddeaa9e96d706341b1bd36fa4b0cafe59d3b5ca3bd03cb848","128024"
"data/derived/paper_v2/final_benchmark/snr_20/VIVOSDEV19_029_419181efdac5f405_snr20.wav","e05ae13b388469665e50a55475e0d96864868b5f58e94ed2c2f324287fbb7655","95024"
"data/derived/paper_v2/final_benchmark/snr_20/VIVOSDEV19_045_417cc15505dc7849_snr20.wav","5aafe73d0401cdcaa06bbd23fae05eaa9d5e74974c4d487eb7579a3d12d02343","134024"
"data/derived/paper_v2/final_benchmark/snr_20/VIVOSDEV19_061_97d645b0687ed20e_snr20.wav","f26fe271f0beff6d2f005115697e2ae4320a3e5c58b3655821456cf796745744","130024"
"data/derived/paper_v2/final_benchmark/snr_20/VIVOSDEV19_064_3cafb4225948a045_snr20.wav","c1109981f305280e1a9d2da848b4c1a1ea13e07245792d844494b5b47dd80f0a","212024"
"data/derived/paper_v2/final_benchmark/snr_20/VIVOSDEV19_072_f5bb21c9908b3790_snr20.wav","c4f1a2c5d701a9794c37cf115ebb376b767a1d35015c10388213fd532e23ef49","108024"
"data/derived/paper_v2/final_benchmark/snr_20/VIVOSDEV19_083_b05311ff96ed5ad7_snr20.wav","2217de51213485ed93f1e79bb6f07aed10cfa663144d93949ea61e086a9d8eec","184024"
"data/derived/paper_v2/final_benchmark/snr_20/VIVOSDEV19_111_923c3c6372abd9d8_snr20.wav","00f6634d708261afa081f1c03924e0179450e4bc1cf7f65e984a2fe8f21eed3f","142024"
"data/derived/paper_v2/final_benchmark/snr_20/VIVOSDEV19_133_2b1ec29ee3dc741d_snr20.wav","ac76cdbf44ce787030e9d66235159db21912d2abdd0ae959bcfb8cf54ae122a7","138024"
"data/derived/paper_v2/final_benchmark/snr_20/VIVOSDEV19_161_f9751732f799a622_snr20.wav","7dca5cf6b0cb3e18be6e1d033546e73f0a61394f7517dfa3dbd3922cd483b432","184024"
"data/derived/paper_v2/final_benchmark/snr_20/VIVOSDEV19_163_fb4b7706ed2059ed_snr20.wav","6a85b2f6a96aad486bd61c1df4ebc1df46e7d931c6e453ad7289975902b563cf","140024"
"data/derived/paper_v2/final_benchmark/snr_20/VIVOSDEV19_169_58b8bf7d19b3c3e3_snr20.wav","f389b8856e7ea825f941b789959eed9fc91fd5839e1e62090050752dfbfc5ae8","130024"
"data/derived/paper_v2/final_benchmark/snr_20/VIVOSDEV19_179_5e8ecc490009703e_snr20.wav","5ac9eb05ccccd4109737f41e82d41504383913f06ee436d521a8603abaa70717","141024"
"data/derived/paper_v2/final_benchmark/snr_20/VIVOSDEV19_196_782d1a0eeeec4487_snr20.wav","bb8183c15f12b3cf980912802a8c2c0f1ac14b3bae9d5eca2d73fb2804c577bf","183024"
"data/derived/paper_v2/final_benchmark/snr_20/VIVOSDEV19_218_db387f3a8b1fecb2_snr20.wav","c4770c20e0c0e766bfb4546e7a2ac180e1609a5321b5718d97832c80c9035bb7","170024"
"data/derived/paper_v2/final_benchmark/snr_20/VIVOSDEV19_244_527f3a7b7f7ebd6e_snr20.wav","a479afced9a07c648c1c47ffae479f7a8f397da00e9b0b5d49bb37074dbe14ee","134024"
"data/derived/paper_v2/final_benchmark/snr_20/VIVOSDEV19_245_3ec82c5773f2d4f8_snr20.wav","49d3b07026ba3f293b67023aa890f5c7264c233e7db324174ee8bc50b22cae2e","140024"
"data/derived/paper_v2/final_benchmark/snr_20/VIVOSDEV19_246_ad15e226486de5ee_snr20.wav","6eb7a3bb533a91114aa3d9ba53fe61a38547f515d5bb1470845e9be2c4a71e70","163024"
"data/derived/paper_v2/final_benchmark/snr_20/VIVOSDEV19_249_87952857a3ae4bd0_snr20.wav","9b82a8b09525d9292366618dbe0df03636492359a66d4bb545c7c436f51f8c34","144024"
"data/derived/paper_v2/final_benchmark/snr_20/VIVOSDEV19_259_830019d3c3f7fcac_snr20.wav","20b479d0e8fcec3533fd2a496812d7f7eb8810e3df8c742ddc43115b9fae2fc0","134024"
"data/derived/paper_v2/final_benchmark/snr_20/VIVOSDEV19_262_a971a401b7bbdd11_snr20.wav","b5d0ca810b82493a3f5f437aa8e82a6d3c59761c66fc0603dababd24fa988246","149024"
"data/derived/paper_v2/final_benchmark/snr_20/VIVOSDEV19_266_09eb311490973a0a_snr20.wav","fd3f4d4cacb34e968d5dc70961e74cba6297f2aca470c4bf981808609b7cb520","128024"
"data/derived/paper_v2/final_benchmark/snr_20/VIVOSDEV19_274_8b09f10a8b2e79b7_snr20.wav","ed3312135101724a1b0c84aca809c3c648e24846f4802dd5143dc0893087ead7","117024"
"data/derived/paper_v2/final_benchmark/snr_5/VIVOSDEV01_R002_fd79213af6ecaf8e_snr5.wav","65329fece14e636d2b988b1c5585c04a906a2c10bfd005e413568215e62bf6f9","130044"
"data/derived/paper_v2/final_benchmark/snr_5/VIVOSDEV01_R003_c4e6d5c4be31e074_snr5.wav","40caf9f59e97f943bb2a4775871799cc93add436d51659e95ef27f9ebfcbd4cc","118044"
"data/derived/paper_v2/final_benchmark/snr_5/VIVOSDEV01_R027_78719e3bc456f14b_snr5.wav","debc8303563c143c14810e3d3dd0376389688bd1b1d2a5bae3acceb7defd6ad1","151044"
"data/derived/paper_v2/final_benchmark/snr_5/VIVOSDEV01_R028_ccd185159bc28ce8_snr5.wav","f0370012cc4e0494a0330de7f4813fef38c3d6e45969468c6f6b4474aea5a75c","146044"
"data/derived/paper_v2/final_benchmark/snr_5/VIVOSDEV01_R043_726b67c80bac9c86_snr5.wav","513cc815cc8a5e45b67fcf04ae65556cb8656f667feec583888def496e81bb1f","108044"
"data/derived/paper_v2/final_benchmark/snr_5/VIVOSDEV01_R044_f8955691ae5b97c3_snr5.wav","a620415ad34575687a5e9966e805abc3d5e1e8b32b5e0a130717573910786434","167044"
"data/derived/paper_v2/final_benchmark/snr_5/VIVOSDEV01_R069_36bac528212d14d6_snr5.wav","47cc13bb7e6fcc79770fdc98904aba27c049ff1db1cba0b60fc4fa92b4baa086","70044"
"data/derived/paper_v2/final_benchmark/snr_5/VIVOSDEV01_R071_a128878140880cc6_snr5.wav","7c4253e8e764def87cbc3a812b9612140b85ece56d45425b1daa881e328b6839","146044"
"data/derived/paper_v2/final_benchmark/snr_5/VIVOSDEV01_R099_1585768c81fde7b7_snr5.wav","567af26f07519fb715b6d43ea70561f36952ff7db8032b9fc9fa88f1584649d3","124044"
"data/derived/paper_v2/final_benchmark/snr_5/VIVOSDEV01_R108_2c4eced1d335b6bd_snr5.wav","508c3773047b2f9918bce43bbd52a28ced90da3d771fd99788db3fafd432e047","110044"
"data/derived/paper_v2/final_benchmark/snr_5/VIVOSDEV01_R117_3ab905ca79044c34_snr5.wav","983b0e93ea07e5a82ca319f2fa0c3ea00046b4a97045817e5c475249f65359b7","88044"
"data/derived/paper_v2/final_benchmark/snr_5/VIVOSDEV01_R130_85b2f49368b24da2_snr5.wav","c40433bfc4c980f6928c87ec16edbd6e135d7aa04c9e095506d6d46cd848a0ca","119044"
"data/derived/paper_v2/final_benchmark/snr_5/VIVOSDEV01_R139_c0cfbdeb8f7df393_snr5.wav","0a3ef845d918ad7659c6200d67e564c9c14773fe0cddae21aa9e4a9dcc567468","102044"
"data/derived/paper_v2/final_benchmark/snr_5/VIVOSDEV01_R150_02177c41204babc3_snr5.wav","654a4d04077be2d07959a39d50c5e69b6093f1140df411bbf389049b76b060fb","66044"
"data/derived/paper_v2/final_benchmark/snr_5/VIVOSDEV01_R151_9bf17fd58acf8ff1_snr5.wav","a96275b9bd6d6d797ea6862085c46e31241c046e5d789fd55cad1383348dae58","117044"
"data/derived/paper_v2/final_benchmark/snr_5/VIVOSDEV01_R164_e636c9de495e0754_snr5.wav","f16d4e05d34b3629b32aefac0d55c876f99ed46e26a9aa0269c072579d9c16fb","80044"
"data/derived/paper_v2/final_benchmark/snr_5/VIVOSDEV01_R172_e2fe62f4d906f7b7_snr5.wav","2095034da8b42d8596354d47ca443b23884a9b3826b7f253c53770c36e2ec297","119044"
"data/derived/paper_v2/final_benchmark/snr_5/VIVOSDEV01_R174_6d5c7266888422f6_snr5.wav","ace37169ee3dc513cbb52c31eb72e1d69f89e6f43cc233c89a2e7e8dfd36ac2d","100044"
"data/derived/paper_v2/final_benchmark/snr_5/VIVOSDEV01_R176_bcd4726d5f6d62f9_snr5.wav","429fe42cf1eeccde150185894db0767e3f970f53c4aa76993e106a15fdd7af96","110044"
"data/derived/paper_v2/final_benchmark/snr_5/VIVOSDEV01_R180_af9fe58d1b023613_snr5.wav","3ad5922be1d4480754001980486c16feb12c7e3e62f2bc63a5b1709e77cf0260","126044"
"data/derived/paper_v2/final_benchmark/snr_5/VIVOSDEV01_R188_8dd8c276f406dfcb_snr5.wav","2da10d9deb280962be1a4728d52b21a8a47aa23581d73c5dca8acaafb758a84f","110044"
"data/derived/paper_v2/final_benchmark/snr_5/VIVOSDEV01_T002_f488f805618f41b0_snr5.wav","97f6c8c6fb52591e817dc10c2c63d91fc4ec7b3353df9121433bff3ee74c759e","63044"
"data/derived/paper_v2/final_benchmark/snr_5/VIVOSDEV01_T038_0c866259f7c47b5d_snr5.wav","5c7e4312dd9ef60d8ed11b58deed63c06e41f0855e1de7ce0a7d346315b8e80e","80044"
"data/derived/paper_v2/final_benchmark/snr_5/VIVOSDEV01_T043_a57ee2f25d49ee2c_snr5.wav","4608895cd9fba395497748196229d262098f4500c5818a67670d8a499cd75096","78044"
"data/derived/paper_v2/final_benchmark/snr_5/VIVOSDEV02_R009_9410678bd341095b_snr5.wav","a21e2cf4ec885820c0a740a716d787cff0cd0d6d77bc95d352dded7db1aa6aa6","107044"
"data/derived/paper_v2/final_benchmark/snr_5/VIVOSDEV02_R031_5cf07409560dd9f6_snr5.wav","f640e6b381e167d4b52e142f4a9c2e8ced5d92d98094ad123474e978d05c02e5","172044"
"data/derived/paper_v2/final_benchmark/snr_5/VIVOSDEV02_R045_08abe97db37f3db0_snr5.wav","529a7629e82c46f619d188627be27f7a296d589e92ca0ba23767ca8f9c1b803d","116044"
"data/derived/paper_v2/final_benchmark/snr_5/VIVOSDEV02_R067_3efe03247ad027dc_snr5.wav","6b0bed82a49654921e52b44eb30ef38f6b8f109047253003ce105d16db11649a","126044"
"data/derived/paper_v2/final_benchmark/snr_5/VIVOSDEV02_R068_26382b33b6eb573c_snr5.wav","3e34f0242a9a224d3f268196e5e013953984b2c6613eb68cffb1cfc97dd0edbc","98044"
"data/derived/paper_v2/final_benchmark/snr_5/VIVOSDEV02_R071_98bda1d132d12697_snr5.wav","1c768a0234da7c270d9e1fec2ac02e6492e76e17b53ef56d2c9706df98aca490","158044"
"data/derived/paper_v2/final_benchmark/snr_5/VIVOSDEV02_R076_2306a77ed9dc7949_snr5.wav","a11dfa4b212482bbd7ddda3b4ca302ece296bfd02e65e7c4b775ef2394e1f9e7","95044"
"data/derived/paper_v2/final_benchmark/snr_5/VIVOSDEV02_R079_a68539e57c98bdeb_snr5.wav","c366a4cb585743e50fa7a85086c4619db200bfa90d7cca7eea155fa809a1ec44","129044"
"data/derived/paper_v2/final_benchmark/snr_5/VIVOSDEV02_R087_f5645d3be769fa49_snr5.wav","fd38113b29d7607f3e7d135640c503b399166a9aa27f312bf7a2c31be48f6ffa","150044"
"data/derived/paper_v2/final_benchmark/snr_5/VIVOSDEV02_R089_8639f76c4f1d79c4_snr5.wav","a7c1f1ed58e7252bd73994e98af13302f5daab1882152a3644aaa5393151d2d2","152044"
"data/derived/paper_v2/final_benchmark/snr_5/VIVOSDEV02_R091_21cbc054cc4a82c2_snr5.wav","82906270b6aed1270ae0bb9650399c4e216ed388c75d963e3015b0a72f57ed6f","96044"
"data/derived/paper_v2/final_benchmark/snr_5/VIVOSDEV02_R106_06f388b94ae36311_snr5.wav","9a9ca21f465520e74eeb7408a7e728f019c0ddda21aa3451b352eb4e2b7e5dbf","84044"
"data/derived/paper_v2/final_benchmark/snr_5/VIVOSDEV02_R130_84942fac2cda4889_snr5.wav","66a47b0588dd907bcca3f53a5356edcc7f245e5e37c321ca07f248e44a594751","141044"
"data/derived/paper_v2/final_benchmark/snr_5/VIVOSDEV02_R132_ec6a4c2998d7140e_snr5.wav","c714201a20e402da336f174404deb51a679396c7be7118fdaa019137b95e4f30","124044"
"data/derived/paper_v2/final_benchmark/snr_5/VIVOSDEV02_R135_dc81cb7013592008_snr5.wav","b69e7e023d4087956a9eba4683afb042d0f0bd7b95f1a60c9be188b0dc077b7f","119044"
"data/derived/paper_v2/final_benchmark/snr_5/VIVOSDEV02_R137_18dc85272970f810_snr5.wav","ef165f9b92c126daf6cf359902f6debdb601cdc41bf2553ab062165dc4f14a68","114044"
"data/derived/paper_v2/final_benchmark/snr_5/VIVOSDEV02_R164_79be82aa205e6db2_snr5.wav","f536a5d560ffe30ffc8fc80b3762406e7a8dc201c999766231bde441a52b43b7","117044"
"data/derived/paper_v2/final_benchmark/snr_5/VIVOSDEV02_R170_e1b8f4119ea5d9bf_snr5.wav","ab8826a077c65bba19bc5bf3fac022afc5a115f7e0237d188e6366a9ccd0ae19","158044"
"data/derived/paper_v2/final_benchmark/snr_5/VIVOSDEV02_R173_7c5ebbe508930780_snr5.wav","77c1852070b38578f7c8362819eb8b1e5abf14ae1eb4c8a0e86a595f239492d8","103044"
"data/derived/paper_v2/final_benchmark/snr_5/VIVOSDEV02_R181_a2efc18ccf2658f8_snr5.wav","95029ac61bd8238a067e7d9c6d875606fef7445e0a1423f89b9d0f057167715c","132044"
"data/derived/paper_v2/final_benchmark/snr_5/VIVOSDEV02_R192_2102f852d42b0b0a_snr5.wav","09cf6d20c480e926f4463f22f45d9e84b6411410710e378d9f1ad35ff974be27","158044"
"data/derived/paper_v2/final_benchmark/snr_5/VIVOSDEV02_R195_4d7951faf048db64_snr5.wav","ece4f4534fcbf4aed73a83039f0038f5b5b41b31aa3c007a6d53f717f19b80bb","130044"
"data/derived/paper_v2/final_benchmark/snr_5/VIVOSDEV02_R200_3b03d5892ac613c0_snr5.wav","adcefe29aaf811c161461a76377cd7b200cb0740679bf6673c7605b5c4e52120","107044"
"data/derived/paper_v2/final_benchmark/snr_5/VIVOSDEV02_T004_a84e1a31c395d641_snr5.wav","02e1bad79b2674657932ef5a24c467b2318755775b4570d5fff03d7de24f2bb7","94044"
"data/derived/paper_v2/final_benchmark/snr_5/VIVOSDEV02_T012_7c5033a4fd1e3ff0_snr5.wav","0a7e830e2b767f63f54b4afc2e09698c4e4610f3d5db3e3a36a70930511b0fbd","108044"
"data/derived/paper_v2/final_benchmark/snr_5/VIVOSDEV02_T015_02ac10825443224f_snr5.wav","4aa06dc7d24f9e41f7966f50652dd9b517878caebef68795a2a54fdb5de48545","108044"
"data/derived/paper_v2/final_benchmark/snr_5/VIVOSDEV02_T022_6ae4835311f1ae4a_snr5.wav","9279950f7edf951c28067b7dcdb836fe89e2242a7cf60897ff1e4c48dcf2e2ed","136044"
"data/derived/paper_v2/final_benchmark/snr_5/VIVOSDEV02_T031_44121575dc50be22_snr5.wav","07045874c12d2f800fd982369eb472f6c151d711f3ae8c933287f25583b11c07","72044"
"data/derived/paper_v2/final_benchmark/snr_5/VIVOSDEV02_T050_ec577aea5e626610_snr5.wav","8d77d1be0d30ade656c570c10b48ebcdbe84077243b3bca06e6e41ec31c59d6a","106044"
"data/derived/paper_v2/final_benchmark/snr_5/VIVOSDEV03_R007_32a25ceb9fe018ae_snr5.wav","5015c7a32f835638c19725727ec8091ac8247fe0f8ee61071faf758a38e1444b","100044"
"data/derived/paper_v2/final_benchmark/snr_5/VIVOSDEV03_R010_67b86c7b9b754c8e_snr5.wav","a4ac740f4a790fc71d0cd4c499c064cbca959b94827a7ecd4d808a2689b90679","86044"
"data/derived/paper_v2/final_benchmark/snr_5/VIVOSDEV03_R020_a866999760e146d9_snr5.wav","f250ee50134b67012360ea8a66a4c022488f04ff5b77970c2eaa8a04b5d23b76","148044"
"data/derived/paper_v2/final_benchmark/snr_5/VIVOSDEV03_R029_62f1d93ab12d1cc2_snr5.wav","77b9eacdc7a95f6de5993ded97919e303fb2c58f0b6e611dc20888f39b10544f","150044"
"data/derived/paper_v2/final_benchmark/snr_5/VIVOSDEV03_R041_a681bf777aa1865a_snr5.wav","80f0a6902226704feb2cba8edc49be260b082b4de7fa6d3d34adc53dbab015a5","94044"
"data/derived/paper_v2/final_benchmark/snr_5/VIVOSDEV03_R044_c5ac0ce0e39e9146_snr5.wav","04fd143946129f2a101be390fc01ac1a9cbfa845423be6d0de9b5dd374ba40f1","94044"
"data/derived/paper_v2/final_benchmark/snr_5/VIVOSDEV03_R056_e9e910ee23257aed_snr5.wav","af58ec0d59c8447a6e3d2c785db4c601842b4b3bad84d374630452106ba45225","84044"
"data/derived/paper_v2/final_benchmark/snr_5/VIVOSDEV03_R061_3e01b9b1b89177f3_snr5.wav","ee4f6bda7e49dba651e527f62f983cfe88b640dbfca12bcf115d1661a744df41","82044"
"data/derived/paper_v2/final_benchmark/snr_5/VIVOSDEV03_R082_a740becbea793bff_snr5.wav","192ebc7911c8b66833a9b6c626299e9a7fcb611e023b5233e94d77ad2eb17e0d","126044"
"data/derived/paper_v2/final_benchmark/snr_5/VIVOSDEV03_R092_28ed5ed6acaa2087_snr5.wav","a6bd217c08e7a15562fc8e4285f53d62b30cacc2c30ee8ed4dccb307d06e6bd0","80044"
"data/derived/paper_v2/final_benchmark/snr_5/VIVOSDEV03_R113_b875620d45862339_snr5.wav","06150f27292227b2da7fd894426b37089dd39884bc40040cb96c52e9915610f4","84044"
"data/derived/paper_v2/final_benchmark/snr_5/VIVOSDEV03_R117_1b58bc212e7aa1d5_snr5.wav","ada714e7cdf3df5cfee1e411a43dfbfdc16f2ebd652fe6a729d3c462e64652d3","57044"
"data/derived/paper_v2/final_benchmark/snr_5/VIVOSDEV03_R119_20ceea3c76afab29_snr5.wav","d1725a7ca3f88e267367978db00b84049d95fc1806ced90802a38ed5694cb320","45044"
"data/derived/paper_v2/final_benchmark/snr_5/VIVOSDEV03_R120_d04f73f7d447e5f8_snr5.wav","fc8b84e5618fa571e111473faecb266d34568857a1e8174e332bd6121db346e6","66044"
"data/derived/paper_v2/final_benchmark/snr_5/VIVOSDEV03_R125_2c236a8af7374927_snr5.wav","2610cce585eef63b11ba01f71a5f8d666feb075e2745ae45887597bb8550b52b","59044"
"data/derived/paper_v2/final_benchmark/snr_5/VIVOSDEV03_R142_83288ad0ca0016d0_snr5.wav","0c5d838da50818016265f6af301319c6cd76a33c42d343e377c87e557b18a0d1","80044"
"data/derived/paper_v2/final_benchmark/snr_5/VIVOSDEV03_R144_22262565993ecf05_snr5.wav","3488017bda84c9f6754a01cbd918691b7dbc9bbf1af39f400862ee0d8afec18c","52044"
"data/derived/paper_v2/final_benchmark/snr_5/VIVOSDEV03_R149_f425bce5562c1ec0_snr5.wav","e39dc3ba6a7bb705b58646f2e0c9c71118457112a89515f7a9aed8c8beea28be","50044"
"data/derived/paper_v2/final_benchmark/snr_5/VIVOSDEV03_R156_6fa5226de0c851aa_snr5.wav","88a7af3ec5c188da1acd7502ecd0d5d568146eb35ae7ebc7dc40064ea09a3d6e","92044"
"data/derived/paper_v2/final_benchmark/snr_5/VIVOSDEV03_R160_4dfa473702a49207_snr5.wav","c2d265a9d959ae9a9ffc5dd2a7b34609f142c10df5feefdfc404dd0c8edf249b","69044"
"data/derived/paper_v2/final_benchmark/snr_5/VIVOSDEV03_R182_c175917c3cd6394c_snr5.wav","d2d9436da8e8538123756061508c8ee364c4f10592149d171cc752f5febab298","88044"
"data/derived/paper_v2/final_benchmark/snr_5/VIVOSDEV03_R191_1cbd694843cb4135_snr5.wav","c197e82216f921502f6300b94582b33e25ebfa358dd17841c831c1b50d83dd6a","54044"
"data/derived/paper_v2/final_benchmark/snr_5/VIVOSDEV03_R193_ca828f71994c4bee_snr5.wav","fcf02ce5d1274ab68b601cca6a449a59da7853157006f55a7078f3d5ec6cd74a","46044"
"data/derived/paper_v2/final_benchmark/snr_5/VIVOSDEV03_R198_deb9ed7277a61c1a_snr5.wav","cde51b3e643855a8d887dbd890368fe94f71fa2dd41a8c862881730e83911b39","82044"
"data/derived/paper_v2/final_benchmark/snr_5/VIVOSDEV03_T009_d7ae562027459a65_snr5.wav","67c1555cb7a8aa554962baa961bd08592553d8f4e4d6fa136f10580129a7921a","61044"
"data/derived/paper_v2/final_benchmark/snr_5/VIVOSDEV03_T017_fe9487ce3a3f4e72_snr5.wav","a0300b6e94ce63e51aa888c28d6b094a15f5fcbe6ec70713375ab74ac73429ef","77044"
"data/derived/paper_v2/final_benchmark/snr_5/VIVOSDEV03_T018_72628fac90767fc4_snr5.wav","cd324bf5c02282d1f262b21dd71c9696287b01790ef607a358785e71ca6bb4ee","56044"
"data/derived/paper_v2/final_benchmark/snr_5/VIVOSDEV03_T041_6cde359423a758fd_snr5.wav","e046cc917684b8e1a409b0764e8fe19e9aa20dc961fb1a34c2abfce5f043af40","81044"
"data/derived/paper_v2/final_benchmark/snr_5/VIVOSDEV04_R002_235144522a65e307_snr5.wav","1eb8a64c5ce24a103b6286163601a27ac7c0084388131d05e91cd788cf1f3a8b","108044"
"data/derived/paper_v2/final_benchmark/snr_5/VIVOSDEV04_R004_758a20adb347b844_snr5.wav","6de576627c6f36cf85101729612e2933fa0cca3a8a83956b47b35276ba7786ad","114044"
"data/derived/paper_v2/final_benchmark/snr_5/VIVOSDEV04_R008_10f6f1b6673cb087_snr5.wav","250d132126726c8997b86ad0c3e35886288ed41ca0e86648e7ea2d3ae5213b09","206044"
"data/derived/paper_v2/final_benchmark/snr_5/VIVOSDEV04_R010_1058518b01159c68_snr5.wav","f59210725ec9aea621540bab12cc684f6116823f9ada5bf1ed90c866d7a1fad0","120044"
"data/derived/paper_v2/final_benchmark/snr_5/VIVOSDEV04_R023_bc732cbf874cba24_snr5.wav","16e08af5e37fb5e79aca646c66f0a72b7e5828da2cc0be12165dfe090b4aa6f4","204044"
"data/derived/paper_v2/final_benchmark/snr_5/VIVOSDEV04_R047_e1cf81a90624c984_snr5.wav","0711026a8e9b49a2bdd707a77bd9bb11f89e364e73496c99ee4c48368ad737f9","137044"
"data/derived/paper_v2/final_benchmark/snr_5/VIVOSDEV04_R049_517d228af97bf04a_snr5.wav","e7964ba8567edd5afdeb4b230732e7c651d8bf959cbd145ec98c7f43326cd56a","66044"
"data/derived/paper_v2/final_benchmark/snr_5/VIVOSDEV04_R051_93d9825f993d2c19_snr5.wav","ef7b014ccc54142fe9880aa70d089e924a41648cd1a1f818e150cdac81471235","72044"
"data/derived/paper_v2/final_benchmark/snr_5/VIVOSDEV04_R081_4522971e883db435_snr5.wav","9582753894d7999a54dbbbe54ea0db553697e333b6b6f1b1299810b13470e810","102044"
"data/derived/paper_v2/final_benchmark/snr_5/VIVOSDEV04_R089_46ed698d853b7188_snr5.wav","572df8f3142cde8149e993425c050cafe2e9dc62867a0a33bf3a7123e48b42e2","74044"
"data/derived/paper_v2/final_benchmark/snr_5/VIVOSDEV04_R092_a6e20923429edd0f_snr5.wav","b6d27dfa687ea72f696803fcc0ec396b2c062d615fa5181aeed2e64896cbcc4b","98044"
"data/derived/paper_v2/final_benchmark/snr_5/VIVOSDEV04_R095_d420ef9bbd8c8ab8_snr5.wav","48cb949e79c7c23ae5671a15b998851ac7ebaf5a9bb82c86d712e7bec41a8566","136044"
"data/derived/paper_v2/final_benchmark/snr_5/VIVOSDEV04_R097_2396c493bf298f6a_snr5.wav","3c0919cf0629ebfd2cee51dbbc71619da0e9899cc7549254cde9dec71a414e50","76044"
"data/derived/paper_v2/final_benchmark/snr_5/VIVOSDEV04_R118_5871bc226cbe3dfc_snr5.wav","0992c0a31116a53d371bfc06c714fe711cd47575ed7b4e283aba9c088166f05c","77044"
"data/derived/paper_v2/final_benchmark/snr_5/VIVOSDEV04_R127_d0c7b502072f767c_snr5.wav","b94457bbad69f35a147ba05ae020625d87501b35f44d670fead37b355e38bc77","111044"
"data/derived/paper_v2/final_benchmark/snr_5/VIVOSDEV04_R129_a0acddd792a8fd71_snr5.wav","20b87263924b57b11e698a0cbcbbd3fc2dc8707bb1999e17874f9cf0b0ab3560","70044"
"data/derived/paper_v2/final_benchmark/snr_5/VIVOSDEV04_R132_c998ae03ac42045e_snr5.wav","66f94078b2706413c43613738bf1ed99962a7fb4289ecd0c2bf3e37e54af6378","108044"
"data/derived/paper_v2/final_benchmark/snr_5/VIVOSDEV04_R149_f60dd4349b0387d9_snr5.wav","18cd8bbbe8e30f08373c4efe5b4b94fdc6416a1312ff7b29d1d16ee2c203d48e","151158"
"data/derived/paper_v2/final_benchmark/snr_5/VIVOSDEV04_R152_96be011da1ceeccc_snr5.wav","459af031357be141c498ea94ee4dd54074e1178fb228bc86fcfbdd7536ab18da","145044"
"data/derived/paper_v2/final_benchmark/snr_5/VIVOSDEV04_R162_bf653802e22ca482_snr5.wav","70a0f96d3bbfdb98e9a827c88c5d9d231e6ffecde0ecc200df90bc302ef5cc64","86044"
"data/derived/paper_v2/final_benchmark/snr_5/VIVOSDEV04_T002_f99c7b04d2f71c02_snr5.wav","b52dc054c6df8b3bbdf9fae60dd01ddc71d6c70b1a1de1728aedc6126bb0b850","96044"
"data/derived/paper_v2/final_benchmark/snr_5/VIVOSDEV04_T009_15c40b16151d15a7_snr5.wav","1400276738c946b5f8dda1e89dc9fc95920b11f03da2a0791c6f3e90aeace1af","82044"
"data/derived/paper_v2/final_benchmark/snr_5/VIVOSDEV04_T015_58c51fe975ffe1d1_snr5.wav","5a26dd054b3b9cfcb71da3f8183301767aca62dc7f5340c2dd08d44d8f74a1c4","107044"
"data/derived/paper_v2/final_benchmark/snr_5/VIVOSDEV04_T029_7c3eae818bd0c566_snr5.wav","9daccb49ad382ad8b99f61e7179936fd3d80ba019fb9a1bbe26936aee55f83da","98044"
"data/derived/paper_v2/final_benchmark/snr_5/VIVOSDEV04_T032_4ea0a34b856d697b_snr5.wav","a01efc4ca2e47b09cd546b259f75adf3d1e0d8ff0165acf4791267b768adbc05","64044"
"data/derived/paper_v2/final_benchmark/snr_5/VIVOSDEV04_T044_66a12c3e4b8e4279_snr5.wav","16cd6d4cd65a80e300856c700635d8a901b011a5f7e8743c24156312f507f4d1","86044"
"data/derived/paper_v2/final_benchmark/snr_5/VIVOSDEV05_004_f6c1d78cf81be953_snr5.wav","222903328916b98816d231840f8efbdad45ac13330d41d8f41b689ef5b435b0b","130044"
"data/derived/paper_v2/final_benchmark/snr_5/VIVOSDEV05_030_226d273049c670a1_snr5.wav","d8b5490b65869afa2259b1f636de0632b4c36da1c82af8ddbdfa077ac71ac2c8","76044"
"data/derived/paper_v2/final_benchmark/snr_5/VIVOSDEV05_043_b1247f348d0201ec_snr5.wav","797ceca69fac6f735f3c4b3ffa2c3917640e7eb4f9295a199eeb36b0d37a7ece","96044"
"data/derived/paper_v2/final_benchmark/snr_5/VIVOSDEV05_065_3d36c1907226a059_snr5.wav","a73596e601e53a5eed174fc358202187647052a3e842d11d7bfd6245e38969b8","117044"
"data/derived/paper_v2/final_benchmark/snr_5/VIVOSDEV05_087_66548504244db7e0_snr5.wav","0b860ff952d1a726979d42af5d0259f106da89b5867fda6758ed5b9110b6ac5c","77044"
"data/derived/paper_v2/final_benchmark/snr_5/VIVOSDEV05_091_16753e7fde81023f_snr5.wav","795cf025cfef6fc5cd3f08ae0ed8c6859b2e8e9c712db61740b9db71ae405d49","66044"
"data/derived/paper_v2/final_benchmark/snr_5/VIVOSDEV05_107_ff0ea288483927e5_snr5.wav","302c583a2c91a53e023940b451fdfc6c95d018ab5578add2bb3ff9a4df8d716d","156044"
"data/derived/paper_v2/final_benchmark/snr_5/VIVOSDEV05_109_60b15f232d8ea269_snr5.wav","0a73ae475fe98ba37a49c949f419cfa0a8285bfead0a90ed201f4d6f84311f36","82044"
"data/derived/paper_v2/final_benchmark/snr_5/VIVOSDEV05_129_f577dd70b3b6f202_snr5.wav","cea0dd9b3c52574da4cbe99c9aa47c77f5f72ec603e8ce766d1deb9b50ca9eaa","75044"
"data/derived/paper_v2/final_benchmark/snr_5/VIVOSDEV05_143_2ea94a9ecf6db58d_snr5.wav","9b4a436929b7571a347cf0f4e4be36733baac011fa8bb0d99cd725c086a4fd6f","139044"
"data/derived/paper_v2/final_benchmark/snr_5/VIVOSDEV05_170_92e340428a9411cd_snr5.wav","28e1fa7b1bb1df3da8eba18be049eb103becb4a83bfb8074dcd3f1260a1787f7","124044"
"data/derived/paper_v2/final_benchmark/snr_5/VIVOSDEV05_185_7e2723d5e7a1b752_snr5.wav","a2404aca40361bebc33916884903b990da67ca41a3a82afed34e089c37673850","82044"
"data/derived/paper_v2/final_benchmark/snr_5/VIVOSDEV05_189_a3eb19f6e7004549_snr5.wav","58e89559f4bc716a3edfac1e3a14cb9a9b1154a3a0ab4ccbaa8e0df588af8baf","78044"
"data/derived/paper_v2/final_benchmark/snr_5/VIVOSDEV05_202_855834b6f1e30a5e_snr5.wav","78be7bf5373e59c3352323fc4b3c5041ae163220b4ce9663637a4cfcf3c2ab18","123044"
"data/derived/paper_v2/final_benchmark/snr_5/VIVOSDEV05_206_f939dda6b6599bcb_snr5.wav","a0b9dcecd39bbdcbcac23dda27c81d450aadc4e1644fb3559cba248578c1301f","146044"
"data/derived/paper_v2/final_benchmark/snr_5/VIVOSDEV05_212_276aa52e5cc79e79_snr5.wav","0b130fc77e7c2ed87d2029f856ed4e21c375bff1436d842adbeb437708b6ce76","84044"
"data/derived/paper_v2/final_benchmark/snr_5/VIVOSDEV05_251_4dbd57a836798f65_snr5.wav","8a880908e4c09074ecc50d58c78d3d366b2c6ebd7ab94f0e01e96534cd64ca87","80044"
"data/derived/paper_v2/final_benchmark/snr_5/VIVOSDEV05_261_9d6c10429768dabb_snr5.wav","b8bc13d54ed25397dfdc15bcc5869d5e4ddca0182c0e475a9cd7a9929f273f05","114044"
"data/derived/paper_v2/final_benchmark/snr_5/VIVOSDEV05_263_f09febc4bfc3a8bd_snr5.wav","661f97edd89fd768c0d46ffda6fda25a46acdb43fed85e025a106fa75b343c6a","142044"
"data/derived/paper_v2/final_benchmark/snr_5/VIVOSDEV05_295_b18bda15ba2c1d57_snr5.wav","5e499ace294bd3698b7ae0c7e6c0c924716f2ccd64bf83434f83ab783e207ebb","90044"
"data/derived/paper_v2/final_benchmark/snr_5/VIVOSDEV06_016_bd24aac78b63557a_snr5.wav","050ded9cfbae8abe92067631be38192c7c79ecfd04c218ef470563eb71118f22","102044"
"data/derived/paper_v2/final_benchmark/snr_5/VIVOSDEV06_021_aa5411a3a7c80ae7_snr5.wav","00a2990f6678bddea6d91630cc0d8724e0ae8ee5b4b6fcd2b09e3d551654e3d4","82044"
"data/derived/paper_v2/final_benchmark/snr_5/VIVOSDEV06_034_f4272504ca9eacdc_snr5.wav","44960ae72b2185702ad8cc066520408701e3ced9c20ef174b49b724569c89354","159044"
"data/derived/paper_v2/final_benchmark/snr_5/VIVOSDEV06_037_055af0c995f3ed1a_snr5.wav","902948f42d74817a0989952c8f5c056c2e378e46f0177e56e31ea55805dab8e7","90044"
"data/derived/paper_v2/final_benchmark/snr_5/VIVOSDEV06_042_95e0c4ef87e950d4_snr5.wav","e7b19a4755572894752487e67fe8abd2853cd57125da30ef4ee3ef9b331fc874","118044"
"data/derived/paper_v2/final_benchmark/snr_5/VIVOSDEV06_061_268af6935a1fa43c_snr5.wav","8b3f972726ac90a0ef292acdc4ef03c3dde203fb0f6daa3d42b3174fe5400e97","146044"
"data/derived/paper_v2/final_benchmark/snr_5/VIVOSDEV06_070_14cbaaada291648c_snr5.wav","cc1ccc860a9728fd9930f802c0f85814431459d202e28e05980f8650883a7bb5","122044"
"data/derived/paper_v2/final_benchmark/snr_5/VIVOSDEV06_098_b6423df3fd7bcb34_snr5.wav","bfb83c853c2abc04e2fa2e14abe8dbf7142785a6c4c26afecb73e66954b97694","145044"
"data/derived/paper_v2/final_benchmark/snr_5/VIVOSDEV06_108_ba0e4f73cc2c5344_snr5.wav","c4e8c7c2f8a4c120f587f24a8e0394c77145e192cd970ecef6758ac64a51223f","124044"
"data/derived/paper_v2/final_benchmark/snr_5/VIVOSDEV06_117_7e919fd1b7e5d0eb_snr5.wav","5a86868fe9292b8e482131a2a01a850c9b0af3fcfbba51895b6ac7f38d81bb53","151044"
"data/derived/paper_v2/final_benchmark/snr_5/VIVOSDEV06_126_6df12889474499c4_snr5.wav","0a2a98386dcd1afbb95eeab39e4b752db5b9cad4cffe8d44b1ad34d3ae2cb548","126044"
"data/derived/paper_v2/final_benchmark/snr_5/VIVOSDEV06_139_5dcd3f7d798cd64d_snr5.wav","10a3c92a9f29bc3630ee8b5b5e02abbc1398b402aa1f21c12f612ad8d5fe0cd7","98044"
"data/derived/paper_v2/final_benchmark/snr_5/VIVOSDEV06_143_fa4d60cf05f269d6_snr5.wav","84ab464f67f00370b5fbb329f4571344e3936aee4719e6e8ea017e43ce7fb616","142044"
"data/derived/paper_v2/final_benchmark/snr_5/VIVOSDEV06_184_6b96190057427171_snr5.wav","1ce22c2c47f350086de28fba754ae9366af0e33efd9d5adaa33ef8fac7bbec1a","154044"
"data/derived/paper_v2/final_benchmark/snr_5/VIVOSDEV06_195_415491a210911c9b_snr5.wav","b720ee84059595bfe889df5608f25a7c565b4ddcf825619fa9fd7e22e187f5f4","96044"
"data/derived/paper_v2/final_benchmark/snr_5/VIVOSDEV06_210_a69babff4084e135_snr5.wav","dca5bacc62f9c756a6a64546a814ba4b221a8d7421afd676e5147d5d44dc7814","91044"
"data/derived/paper_v2/final_benchmark/snr_5/VIVOSDEV06_212_4b87f57e0ab62315_snr5.wav","30d76d451ada31d12e04c3d8208c5b228d0a56c4ceaa9df08405cd31d5eb918f","72044"
"data/derived/paper_v2/final_benchmark/snr_5/VIVOSDEV06_240_15084c1e11f8834d_snr5.wav","c685a7dd4aeef061886cf63b8c1c0ee90d07d92056818731832b6585bce624d0","108044"
"data/derived/paper_v2/final_benchmark/snr_5/VIVOSDEV06_247_1233d26de0387180_snr5.wav","70e1eb7895db2938f610e5c8a551e71f3cc9ee1e10eb700c7f8e7f150c6237db","98044"
"data/derived/paper_v2/final_benchmark/snr_5/VIVOSDEV06_252_be271082468ef58c_snr5.wav","eff1633b5de910d668f6dd383a1fe8f0716d31478fe998b594ece9b5f22f39c2","97044"
"data/derived/paper_v2/final_benchmark/snr_5/VIVOSDEV06_253_c8b5d29f2d99bef5_snr5.wav","51f405d03f83d57824a3349de8f3b05a826c07a7d486deacc92d9debac2a361b","108044"
"data/derived/paper_v2/final_benchmark/snr_5/VIVOSDEV06_261_a708d34107b17808_snr5.wav","9c5bef3da34a4fd035ed1dc079dc2050a5f06b75e22eb1bb9584480221f4fb59","108044"
"data/derived/paper_v2/final_benchmark/snr_5/VIVOSDEV06_272_e9bc93d5465175c9_snr5.wav","2daae0aed47accbd19f238fc3eafe3e8cf592e5fabd51ecf87ce424ba4515222","134044"
"data/derived/paper_v2/final_benchmark/snr_5/VIVOSDEV06_287_f13dd1af56405568_snr5.wav","7b3917bb9e56d5cc81e960453838f34b01e5f3b2319164a7e41dd1a805f1a7d1","114044"
"data/derived/paper_v2/final_benchmark/snr_5/VIVOSDEV07_002_62a4893b15237710_snr5.wav","29ca1d5537999b77d20e94e626ceae17d4a678169ae7d48beaff0eaa10260768","111044"
"data/derived/paper_v2/final_benchmark/snr_5/VIVOSDEV07_036_a4def56991a56476_snr5.wav","8e8b68aca01025b1fcfe297744c10537751b02db75f1d83f77432615f4f8f8b1","96044"
"data/derived/paper_v2/final_benchmark/snr_5/VIVOSDEV07_039_f070bd37d7577ff5_snr5.wav","d6426ca649b203dc83da23addc46b60c9159773900664e61b162bd3061c3038c","122044"
"data/derived/paper_v2/final_benchmark/snr_5/VIVOSDEV07_044_b7239ead0c78720a_snr5.wav","18cfe88aa1ad1d748260d405786a03e77d72a9a152cac7f00b69b9000038a1a3","122044"
"data/derived/paper_v2/final_benchmark/snr_5/VIVOSDEV07_045_a232dcb03153aeb3_snr5.wav","6b1451b2a1674232fc4aa19f9a21e0c94f56c1b97d03f5f2aa125fab3fe2656b","105044"
"data/derived/paper_v2/final_benchmark/snr_5/VIVOSDEV07_066_f9ccfbaf87e4c2cf_snr5.wav","c38db9284a7fa19994644728ac7c70640922fa479376b9d6b7ba59787e3d1a7e","134044"
"data/derived/paper_v2/final_benchmark/snr_5/VIVOSDEV07_067_89a5de1d2d839734_snr5.wav","e0d7baae222f92c16d7dd2e056d757b0a42cf6cf3eaec084c6d67ecc4cc617aa","108044"
"data/derived/paper_v2/final_benchmark/snr_5/VIVOSDEV07_084_fb6ef575d29d335b_snr5.wav","58be6610a59898c653d079ec6d9ed69e6d43f8e38cac74f7b3ac48f7fc8d4d41","122044"
"data/derived/paper_v2/final_benchmark/snr_5/VIVOSDEV07_098_e23e02861b027479_snr5.wav","dd813cea43d7c8bf9f032b3c08471c69554f555bf6d2f157906f8d7109c4d585","108044"
"data/derived/paper_v2/final_benchmark/snr_5/VIVOSDEV07_107_79e8e1e1d173f05d_snr5.wav","93fc101d1704cc9cd0d560a9759ee6534df6c6b18ff4a14bdb901e96305d343c","126044"
"data/derived/paper_v2/final_benchmark/snr_5/VIVOSDEV07_115_3f4a417e5e0a240d_snr5.wav","07d5f3e34690484eb7617417b66a26c40746757c73c1c4d194d01c53a8309471","121044"
"data/derived/paper_v2/final_benchmark/snr_5/VIVOSDEV07_125_0c4bbde9d7380cab_snr5.wav","cc4694d3f238803aa7a7d1e40bb76050f244a1d3c1374014259359705a04d432","114044"
"data/derived/paper_v2/final_benchmark/snr_5/VIVOSDEV07_134_d29283379ca91797_snr5.wav","0cf91200ed20c57f5d0a2419e8d739d593759b9640d10745cad625835d2ff29b","91044"
"data/derived/paper_v2/final_benchmark/snr_5/VIVOSDEV07_138_b3af336ea30eaee6_snr5.wav","53d006e46079db54d32cbff13c211e16eef79722403499117a8002a8872a9957","76044"
"data/derived/paper_v2/final_benchmark/snr_5/VIVOSDEV07_141_c31d760ae40221f3_snr5.wav","4d1b6b717323b3a82f1fa1b47b129a4191dee3aabb224ddd73a912f51220a615","110044"
"data/derived/paper_v2/final_benchmark/snr_5/VIVOSDEV07_151_7f15e5ee43e2f499_snr5.wav","14ceb67d0615c66cc96d8958e43a5a3b116abbc6841fdc546ea12d70276e23bb","64044"
"data/derived/paper_v2/final_benchmark/snr_5/VIVOSDEV07_192_d2b4a2983e5cc8ad_snr5.wav","c0798b9b4ebdace8913698c7fb4eb93b1de003dc0c73e4c76d04a410c3f8dcbd","61044"
"data/derived/paper_v2/final_benchmark/snr_5/VIVOSDEV07_195_8abc595cfdb0f834_snr5.wav","950863468bdd45c2872c271d236faa5ab23e3adbe521c490e5e03099cf15ef13","124044"
"data/derived/paper_v2/final_benchmark/snr_5/VIVOSDEV07_197_794bf91ea74c2615_snr5.wav","9dc3ad9f6e1e81fa868b39e895ac3eef2bb9845716fee68243a6fa3a80739d3c","130044"
"data/derived/paper_v2/final_benchmark/snr_5/VIVOSDEV07_209_2359a2f932c5601a_snr5.wav","b213160127413dc5c42c31d8dd627a8a383cc7c0faaae62a9e0bd66d452f37ca","79044"
"data/derived/paper_v2/final_benchmark/snr_5/VIVOSDEV07_223_fbfb45d0a249e02f_snr5.wav","51e8334abe147cb6e200d8b8c938104d05b9299a0dcf9bd2d82b1171fe70e6ac","82044"
"data/derived/paper_v2/final_benchmark/snr_5/VIVOSDEV07_231_83b05a4e96e9306a_snr5.wav","b9b62ff8ed13e3678154242523d0a975cbac68cebd4f05781e10d3031a150968","82044"
"data/derived/paper_v2/final_benchmark/snr_5/VIVOSDEV07_236_a09023d316f34c00_snr5.wav","8945f66fa7597fea70dc769fab3ccc55693f8c8e0239d03f1aebbdd605fcc46e","73044"
"data/derived/paper_v2/final_benchmark/snr_5/VIVOSDEV07_246_0905e9a405e21f9f_snr5.wav","c8e8976c3e5cc1f27c9813a0cd3f6faa1c267001fb60a91e5d089116e3ac8d2c","82044"
"data/derived/paper_v2/final_benchmark/snr_5/VIVOSDEV07_264_4d5159ee3642d68f_snr5.wav","c88141e9d5ad41874ed3f4d4d067df3683dfa5538da66c00349ab1d1aa65f8de","90044"
"data/derived/paper_v2/final_benchmark/snr_5/VIVOSDEV07_266_c0b409fdbde9ad3b_snr5.wav","798612ae9243f8715107cce7a4c3f9b12e35d7dc6c367e80a0acb1249ea09af2","82044"
"data/derived/paper_v2/final_benchmark/snr_5/VIVOSDEV07_295_4ce17fd365c383d7_snr5.wav","b097f3b1e09df66c657ff3cfa03ee76e412a3044456c73ce6985540ffdbce1c7","120044"
"data/derived/paper_v2/final_benchmark/snr_5/VIVOSDEV08_005_f7b2195ff9d31e28_snr5.wav","bd194c9f899b889070b35dedb6bba14afb902c24a78e791042a7c6278c256aa2","109044"
"data/derived/paper_v2/final_benchmark/snr_5/VIVOSDEV08_014_1acecb76fbaf387c_snr5.wav","fccfc08cc099af5b040e8daae2c29c752b3d66e7fb7b8f20a4e44a3d04847661","116044"
"data/derived/paper_v2/final_benchmark/snr_5/VIVOSDEV08_025_037269cc8edea2c7_snr5.wav","d7d61cb0cc8a345d47adfc9f3e14011a7fc9971fa2386dcc1737b07f84a2fc50","118044"
"data/derived/paper_v2/final_benchmark/snr_5/VIVOSDEV08_032_3bb8343b122c8e6a_snr5.wav","baf8f0447f4caf650835b5f39a3ed7e893c7cd1b8ecf5592d82e53b7a8316141","166044"
"data/derived/paper_v2/final_benchmark/snr_5/VIVOSDEV08_053_65028e211e5fd0d3_snr5.wav","3a756b39b850b35cbf05830b234d724ec8a680dd236bf9d41c9ac1ce19ef9779","133044"
"data/derived/paper_v2/final_benchmark/snr_5/VIVOSDEV08_057_39fa666d4d8699c2_snr5.wav","f8c8347e49f8318f7626a1d433cd42d8bbdbcc9a78a9f60888890b6fd7a33d29","138044"
"data/derived/paper_v2/final_benchmark/snr_5/VIVOSDEV08_062_ed20550f796addd2_snr5.wav","8a5adaebf39da600e246c83041a4942609a2b6f513aab65a02f4a378198a1501","104044"
"data/derived/paper_v2/final_benchmark/snr_5/VIVOSDEV08_071_5fa7045990cac508_snr5.wav","f5baa1787a1a20371208023a511c4406327308f959840ff4e90b7ba8262c1373","143044"
"data/derived/paper_v2/final_benchmark/snr_5/VIVOSDEV08_077_264de407e3d6dba4_snr5.wav","d6ce231fbfed79e17418a7d77e26054353534fb3a9d38f9f4e7ec4b0b00bbea7","96044"
"data/derived/paper_v2/final_benchmark/snr_5/VIVOSDEV08_090_2351f64aca4f3fc4_snr5.wav","d3110cc4a2171d386c98cdc051501685a91370e546c229fba941b889a712fdbe","76044"
"data/derived/paper_v2/final_benchmark/snr_5/VIVOSDEV08_129_e78f159f4d103a71_snr5.wav","49d2c32b357dd64996ce0882c32cbc3c649b3f959bbbefae68fe9f1f6d1aae19","124044"
"data/derived/paper_v2/final_benchmark/snr_5/VIVOSDEV08_143_258b8e07beb199e0_snr5.wav","6f982ab13553f3017cd1ea86b05b2d5d3647d6ce6208de6f24f15d907009bc65","98044"
"data/derived/paper_v2/final_benchmark/snr_5/VIVOSDEV08_145_7aa1cf909b96dd3f_snr5.wav","4c1d7262a0b79a64c86c82da27fa01edba6c4f5e5f3740d24c72e107f0ab58aa","86044"
"data/derived/paper_v2/final_benchmark/snr_5/VIVOSDEV08_159_f1540f43bbadac13_snr5.wav","0fa9aea9ff57c7d42fab0bddf046fbf1e656185290336f82f1a075d5ab7ea156","90044"
"data/derived/paper_v2/final_benchmark/snr_5/VIVOSDEV08_182_95b4fe63bcd2aff7_snr5.wav","d7a6c2caef6e2bf8167dbe408d6b46f179f6535583773e148f76993c0c79421e","108044"
"data/derived/paper_v2/final_benchmark/snr_5/VIVOSDEV08_193_8dbc049fff43ec4a_snr5.wav","d6a040ac33f0f0071dd6890327cad475b0cdabdda1359b4e42d3a055c12c216e","70044"
"data/derived/paper_v2/final_benchmark/snr_5/VIVOSDEV08_210_3d6dd0830897a27d_snr5.wav","89783a7d86abd01441028b78329a9b64be173892c357a4bff486987ababec24e","76044"
"data/derived/paper_v2/final_benchmark/snr_5/VIVOSDEV08_233_886225f1fa6bcb56_snr5.wav","6947e9dc1a57cef2366d1afc4c476f34f1f928f166019f16f24f79225245d66f","104044"
"data/derived/paper_v2/final_benchmark/snr_5/VIVOSDEV08_270_0dbbd14dbb00eaf8_snr5.wav","23c8f9ebfcf04719dd19ccaa411c267b57fd11f1c32b8ebcb3975dea801345d7","60044"
"data/derived/paper_v2/final_benchmark/snr_5/VIVOSDEV08_277_1bca9e608ddc0581_snr5.wav","2366c088d26f7197b859d1a5a588a6efdef45c6689526d34018861b433e7c773","80044"
"data/derived/paper_v2/final_benchmark/snr_5/VIVOSDEV08_295_4f6df38e6defa7d6_snr5.wav","99d1cc1dee51b4ecc0f5a11f4bb9db65b13567991d16e9643b2aa2ea39a321b3","92044"
"data/derived/paper_v2/final_benchmark/snr_5/VIVOSDEV08_300_47e532cc87ac326c_snr5.wav","7ac9bde18c767900109ce9de6f9cfc4e92be2b06836052b5630addde10417707","96044"
"data/derived/paper_v2/final_benchmark/snr_5/VIVOSDEV09_029_cabe8908a7a1762f_snr5.wav","67540d9cea564956daf1baf7f8538faa22a0058f697c94c5341ecec0d5db45b3","74044"
"data/derived/paper_v2/final_benchmark/snr_5/VIVOSDEV09_035_1dbcec694807d09f_snr5.wav","c1d51d9260190b77212c40edd3e48f24b9d7f28313e883d098218ff0f0179328","99044"
"data/derived/paper_v2/final_benchmark/snr_5/VIVOSDEV09_038_01120dbc62914f2c_snr5.wav","fc6dcb8c1624f1089103db2ca2eeed23c23d5216f6569ab488b7bec1cb0c9b5b","119044"
"data/derived/paper_v2/final_benchmark/snr_5/VIVOSDEV09_041_503be327234e4db5_snr5.wav","96bf8d8f599e258241930fdbbe2bda4dfd18e0883c1ca5fbfaa6d3aecc639c77","100044"
"data/derived/paper_v2/final_benchmark/snr_5/VIVOSDEV09_081_15bedcf419ceddc6_snr5.wav","c52c9b4f440d4f3345873c227fd1268c0065d67c8e540841c429c426dd05a1b3","74044"
"data/derived/paper_v2/final_benchmark/snr_5/VIVOSDEV09_083_6a8892a1ef1888de_snr5.wav","2358daa7c59fa5a96ac8d2062b16a3a23525d7683996279b63ef9792edad1aab","78044"
"data/derived/paper_v2/final_benchmark/snr_5/VIVOSDEV09_091_cb677f29415fd9f2_snr5.wav","57f144a2d8f0bd8078e3d5ea251d4f10e23f9ba06ac554d21ed6ae62465186f5","61044"
"data/derived/paper_v2/final_benchmark/snr_5/VIVOSDEV09_098_c4d57317cb49018d_snr5.wav","186250b1b7b39ab4b61496b1880a7f15f1103f93befb884c1bd729f1c299d931","118044"
"data/derived/paper_v2/final_benchmark/snr_5/VIVOSDEV09_106_82e3cc152c2c660d_snr5.wav","030b9ce895bfbdd0f054594a5663000771ad46630874fe4b838544ff1a78d375","64044"
"data/derived/paper_v2/final_benchmark/snr_5/VIVOSDEV09_134_a574bd2e2b554621_snr5.wav","2dbaf87590b45a514d6d7f10f0885df34c632f2d95298dd1b28d3273aa9a8718","102044"
"data/derived/paper_v2/final_benchmark/snr_5/VIVOSDEV09_142_6d355ffb3117a88f_snr5.wav","c85df20048719ea1eab1f6ad8e44454c77c3d5997f1ef610cdd4993cb6a311ac","124044"
"data/derived/paper_v2/final_benchmark/snr_5/VIVOSDEV09_144_cbe63ae684064b30_snr5.wav","1ad8cc582877947f08c67d4ff74cef7d061273f56531dee2a0a83ccf3a8f289a","126044"
"data/derived/paper_v2/final_benchmark/snr_5/VIVOSDEV09_159_0c2a9a3ce47d09af_snr5.wav","cd6cea65ef7ec402982c73d788a156cf32638295b6fd7dc0617075866dff34c1","138044"
"data/derived/paper_v2/final_benchmark/snr_5/VIVOSDEV09_163_3fa779e5d493264c_snr5.wav","ceb43e609e9f7c5c9fa5835650f1f53525fc237de634b247bd8985e6b2331b39","138044"
"data/derived/paper_v2/final_benchmark/snr_5/VIVOSDEV09_166_190a20cc12451f90_snr5.wav","a9978109e349ec887b2912d96ff3fd1f572d5169d1fa822d1d0cc83771a43c21","136044"
"data/derived/paper_v2/final_benchmark/snr_5/VIVOSDEV09_168_d15b3adc6dff8e66_snr5.wav","ada6ec1ab7d9d400ecbcc89f82ef4d32d6e6ebe305be80b507fe3f53be6c18c2","132044"
"data/derived/paper_v2/final_benchmark/snr_5/VIVOSDEV09_178_1d58471d863bcdc2_snr5.wav","ea7af7d79eb0aa3f7929bab0e46623d35ca8dbf3193f16034bd0f06acd3b1375","96044"
"data/derived/paper_v2/final_benchmark/snr_5/VIVOSDEV09_194_52fdc93c4ecd4a87_snr5.wav","2567c1d79eac4c28731fedacd24839161fbad9869f1eda4af73235b85d80e9e2","105044"
"data/derived/paper_v2/final_benchmark/snr_5/VIVOSDEV09_198_31e7d1dbe631d304_snr5.wav","52e916f58aabba5e72794b94f77068064d4c04a7b8daf5ba9052874f7dd7c153","111044"
"data/derived/paper_v2/final_benchmark/snr_5/VIVOSDEV09_203_07ae056a713898e5_snr5.wav","0f91e54040fd8d21da9aa4b992199586b998ba384251046e33d48d15a449476f","88044"
"data/derived/paper_v2/final_benchmark/snr_5/VIVOSDEV09_246_8206d87a2ceca79d_snr5.wav","0410694a717fc4296f7e99bef441080dbc7443825bbe0ec89590be54b7b5bdc6","65044"
"data/derived/paper_v2/final_benchmark/snr_5/VIVOSDEV09_267_8b6ddfb171b5e949_snr5.wav","70a6c9e1e82c35934d7ac094a811b517d5f48546e1f69a74b0fcf2ac25ed6896","102044"
"data/derived/paper_v2/final_benchmark/snr_5/VIVOSDEV09_288_4f1c4e1dfee51783_snr5.wav","4de99effcff2868b7d927ca370c130093243a7914f837194c7a617fd792737e8","100044"
"data/derived/paper_v2/final_benchmark/snr_5/VIVOSDEV10_010_05fd48840bca5ce9_snr5.wav","ee99c6ad79cc876cfe8cba5c5d7cdb2a40004ee66e435a4ef0301a762b6a2e38","90044"
"data/derived/paper_v2/final_benchmark/snr_5/VIVOSDEV10_017_3c0edea348a8a6c3_snr5.wav","c0ffe3576f79afc64a9c12b8ccd53ec1afba93a603bc5123d7887db78344e481","92044"
"data/derived/paper_v2/final_benchmark/snr_5/VIVOSDEV10_020_6282cd4c68ca67db_snr5.wav","178e5bbf57807596dbfdf22cc6ceebe437508ffcea5344aadecf0f65702c4a9e","114044"
"data/derived/paper_v2/final_benchmark/snr_5/VIVOSDEV10_024_de5a478fb2691133_snr5.wav","923167a084ad51dfac320d65e51629334bd6436f7d49a655bb5a484bc1b835be","94044"
"data/derived/paper_v2/final_benchmark/snr_5/VIVOSDEV10_035_3318e07920f8453c_snr5.wav","8ced304237b25f2ca8830a85ce74b5b3b2b36b703b80ea1d2b5af7f682696ddb","82044"
"data/derived/paper_v2/final_benchmark/snr_5/VIVOSDEV10_043_df5cd2b0574a94e5_snr5.wav","72174a273e4f932bb6fdc89935d666cf19276e72213e8592f0c84c337f716c1c","80044"
"data/derived/paper_v2/final_benchmark/snr_5/VIVOSDEV10_045_ea450211c6463409_snr5.wav","7e72f0a8f8370ca5c8304ce0e716391e6f7282dc6d68a2cd0773c091cab92d43","137044"
"data/derived/paper_v2/final_benchmark/snr_5/VIVOSDEV10_067_6a0e0dbf44e42fa0_snr5.wav","767eae8d7bea376f992d876e2c98175a8f406e173f4db24b8538a7b95ee52feb","124044"
"data/derived/paper_v2/final_benchmark/snr_5/VIVOSDEV10_068_eddcf77bc42dd476_snr5.wav","7d0de5a44dfaecb708c7bae09a785adab35678dbb33f2f83963ffbb92ae8ecc9","138044"
"data/derived/paper_v2/final_benchmark/snr_5/VIVOSDEV10_072_82fa59c4160d79fb_snr5.wav","4ef6f3d3295cc13c4b3f17b34d2de18e34f58f5882905fe95e79bedded0afd10","143044"
"data/derived/paper_v2/final_benchmark/snr_5/VIVOSDEV10_073_ca29bb1a1fb65720_snr5.wav","db87806a10265546e81b90b915203175ec42fcc249fc5d60b8e51dd4da523bd5","94044"
"data/derived/paper_v2/final_benchmark/snr_5/VIVOSDEV10_076_0a24bf8f19e49c2e_snr5.wav","0809ddf3adb0fe2cdd4a4f6fa67cf5b7a6e693067642cd93a8ae58d76b668a46","120044"
"data/derived/paper_v2/final_benchmark/snr_5/VIVOSDEV10_117_ea7aaba199396720_snr5.wav","0d129ae464dcae675e5b4640c56d7b361c7314a34948d68f6dfd7a437e512db3","44044"
"data/derived/paper_v2/final_benchmark/snr_5/VIVOSDEV10_140_b78e8cede0eb0e80_snr5.wav","657b50fc663fcda7472095626f8291af47bd6d8924b33495a56950fe4d8db9d2","201044"
"data/derived/paper_v2/final_benchmark/snr_5/VIVOSDEV10_162_8fd4d7e4bb122ab3_snr5.wav","4c423b900247914845389153b0b589efd4039bb65a48f5483b6f5ec043de02a3","101044"
"data/derived/paper_v2/final_benchmark/snr_5/VIVOSDEV10_172_08a3baedd9430ff6_snr5.wav","dced9928292cc8f5890bfd3e2ec66bf619530a0f2bbf389a524b8774841d254b","81044"
"data/derived/paper_v2/final_benchmark/snr_5/VIVOSDEV10_176_b0974ae49ecf2808_snr5.wav","cbde6763d7242d6fe0449043bed6762d4af2bd55239ec3d54c3327a3359744f6","98044"
"data/derived/paper_v2/final_benchmark/snr_5/VIVOSDEV10_189_465a1898fdfa4f27_snr5.wav","467680be2c5948b3cd13cde44d1f4dfae4bcfd208bd24283afe9225d9ef6c7ea","56044"
"data/derived/paper_v2/final_benchmark/snr_5/VIVOSDEV10_194_df9a83713cfb381e_snr5.wav","7862a49dc8147ec1bb9fd495252ba42f388d5d21b5e1ab02517f2fccba60778d","108044"
"data/derived/paper_v2/final_benchmark/snr_5/VIVOSDEV10_211_8223dbc761fad61c_snr5.wav","313a809fa87718c05fe5a2acc3b0e5126bc5e60bc15426dcc7745d49223e8de1","74044"
"data/derived/paper_v2/final_benchmark/snr_5/VIVOSDEV10_212_a284d1007ddd96fd_snr5.wav","8b31683ddac3817b8996425926003e742451591d1601bd4db1aa306511d0d776","64044"
"data/derived/paper_v2/final_benchmark/snr_5/VIVOSDEV10_227_52190f0aae0fab64_snr5.wav","4165121e464e84fd41691ef0615166109091ae4058e902b4170dfcaeadb9d075","51044"
"data/derived/paper_v2/final_benchmark/snr_5/VIVOSDEV10_234_df77282e7100d490_snr5.wav","f5c5729b38cbda0f061a7e4055e2c151640d104157e2bec4ffd5f293699a7630","62044"
"data/derived/paper_v2/final_benchmark/snr_5/VIVOSDEV10_247_1e45d026b4cfcd5c_snr5.wav","d6e774a1d21c680af59f1a5070859c4c7f1b62753eeeeacbd51ef0dd4e8cead5","58044"
"data/derived/paper_v2/final_benchmark/snr_5/VIVOSDEV10_249_bbfbf9a60ab7a6c9_snr5.wav","d79beace238aa88e624196e46de3bc2ba117626c89adaf4341f29c5bc10c12fb","69044"
"data/derived/paper_v2/final_benchmark/snr_5/VIVOSDEV10_278_7ded3d951b04afad_snr5.wav","f68abbe89eee62ce2081e18794d80886bf38821031a553a01d220bca036ca1c2","78044"
"data/derived/paper_v2/final_benchmark/snr_5/VIVOSDEV11_022_cadb6f1f596bca70_snr5.wav","87d8f42bdc7b1381685875acea2ae24d29aa5d5e0dc2bbfdc8c584887b27538b","88044"
"data/derived/paper_v2/final_benchmark/snr_5/VIVOSDEV11_046_a6e8a8f8048a4f7f_snr5.wav","7dc66ff98c9250e74a02be7016dd0677406cfce9fe490888ca56bcbb4aff04da","123044"
"data/derived/paper_v2/final_benchmark/snr_5/VIVOSDEV11_057_b446cd8a61cc0ca4_snr5.wav","c0d7672d8963206ad0c05e66777f1fcb71a0ee9f32628c51420b4bc90434bf3a","69044"
"data/derived/paper_v2/final_benchmark/snr_5/VIVOSDEV11_063_1a9160f367731b13_snr5.wav","d127755a543ed090b2afe2d40990df299e27bd4cc7c90d1324f6697a0580f3a6","88044"
"data/derived/paper_v2/final_benchmark/snr_5/VIVOSDEV11_076_ff1697c9323634ad_snr5.wav","6692b90c2eecc3c05c92b084fa9f203526a052248da145aa8c4c64ed210d291b","108044"
"data/derived/paper_v2/final_benchmark/snr_5/VIVOSDEV11_077_449d90a0c3b14f6a_snr5.wav","12cb221b1265f405c01809e89be24c84a077123640aef49f77562bb8fb70f949","124044"
"data/derived/paper_v2/final_benchmark/snr_5/VIVOSDEV11_079_04faaf3565291f39_snr5.wav","91b2c2c164d30252edf2254f7638f0b4041e9ce0ad585c967fa1696687b17487","114044"
"data/derived/paper_v2/final_benchmark/snr_5/VIVOSDEV11_081_315a33a3e11d0602_snr5.wav","5329e010e77be5cdb1db7c8f742636f6f1767fdd2433e4791d56d41255f7430d","76044"
"data/derived/paper_v2/final_benchmark/snr_5/VIVOSDEV11_095_b68867f2547a4d78_snr5.wav","f64cf317d6c86dd8e1d8514d5dd0383f2f1ffa55dc0f456b69fa5e688c3181ea","104044"
"data/derived/paper_v2/final_benchmark/snr_5/VIVOSDEV11_122_013b5843c3710f6c_snr5.wav","08cb8865e65ba31a23f255d985f07e85a2a4b8d2f8693cb93e65d68b29ff5608","60044"
"data/derived/paper_v2/final_benchmark/snr_5/VIVOSDEV11_123_f91ebc96ba1ee4ef_snr5.wav","f3a63b5dfa77c42427c1691cdfb45bbebe4e4b715b68ba49089a2ca85b937682","92044"
"data/derived/paper_v2/final_benchmark/snr_5/VIVOSDEV11_136_5a19df75ebd25665_snr5.wav","dfc2a1e6747c8a9ac50fcb33a1ec9aa6dd287921ed3f41a8832fabb8e3b5269c","150044"
"data/derived/paper_v2/final_benchmark/snr_5/VIVOSDEV11_147_ea3f7eff494d44b8_snr5.wav","90412c4dd9b55c4bb2adaa0e7d0a44aa0aa8350b9c0abccd2dd3534cd0f70b61","199044"
"data/derived/paper_v2/final_benchmark/snr_5/VIVOSDEV11_164_fb71f9dc56204896_snr5.wav","e4b19c568f283524aa2a161bfdc72f171bc6fb2659e4729dfe4c36a86791a8af","172044"
"data/derived/paper_v2/final_benchmark/snr_5/VIVOSDEV11_198_8f1afbc0e92bf51f_snr5.wav","20d9b7c430da9ba75af863ab20b7aa5c5c666f320dfb701d684edfe0f572d23c","154044"
"data/derived/paper_v2/final_benchmark/snr_5/VIVOSDEV11_200_917faf8abe37f63c_snr5.wav","9319188ff19a7803e94fb17bd4efa5ab0c89f5ba380d2c2de498008219add248","71044"
"data/derived/paper_v2/final_benchmark/snr_5/VIVOSDEV11_234_36ba5df917df8a91_snr5.wav","91075be2190a43760d419c1d3719bed4b78b48a1e71795be289afae587d03e64","98044"
"data/derived/paper_v2/final_benchmark/snr_5/VIVOSDEV11_246_6cf926e7e084d680_snr5.wav","d5291cae98e7013fa36884f00874d01382c02c2884f552f8a7b5258601cdc617","86044"
"data/derived/paper_v2/final_benchmark/snr_5/VIVOSDEV11_252_d896b0740bfa0eb3_snr5.wav","0f00f9260c5199acb3bc0a4b960a054f46fe67fcd49d67465ff0fb67b4130931","139044"
"data/derived/paper_v2/final_benchmark/snr_5/VIVOSDEV11_262_693568e1a75dfff8_snr5.wav","2239065c6cd0ee77e4b24a43f3e0278c5a26f69b2776cf8d1e9c8b0f1f8c3c50","122044"
"data/derived/paper_v2/final_benchmark/snr_5/VIVOSDEV11_269_2f68b27c584b2ecc_snr5.wav","8f01378fd70bb3b5e97571f060fb51634e4216219c0d094068484b92aba76a3c","149044"
"data/derived/paper_v2/final_benchmark/snr_5/VIVOSDEV11_273_e53fd1128c1ff363_snr5.wav","7af62505003656abd05a7f31f3fba3c4dfa2b5b45becfd4a0501dbfb2055e0f8","86044"
"data/derived/paper_v2/final_benchmark/snr_5/VIVOSDEV11_274_b6f5d4cc8e1f6012_snr5.wav","daa71c0e0055cb88152cf267f420392be347528b644756f4004da6af6babbfcd","97044"
"data/derived/paper_v2/final_benchmark/snr_5/VIVOSDEV11_289_c0d03133b954c7c6_snr5.wav","14d2da1aafae560503881b450c5d359bd5d1ded83567ce2b5bcba2e050558825","155044"
"data/derived/paper_v2/final_benchmark/snr_5/VIVOSDEV12_006_08e4b95419fb8a4e_snr5.wav","b6cd76d8888330b42a5e762b938a8eed1d65893e1f42083b05c9c9dcff6eef86","132044"
"data/derived/paper_v2/final_benchmark/snr_5/VIVOSDEV12_011_4c46d28ed73d8764_snr5.wav","a5dfc5a6451defa1dd41ab42550bcd26cf5bd28700af36910919d70e6484b92a","105044"
"data/derived/paper_v2/final_benchmark/snr_5/VIVOSDEV12_015_0b3ab9efc47f5bcf_snr5.wav","b14e0c2b832858363c84bc838efd2aaf41620b18d3b39c220ced55a990771084","82044"
"data/derived/paper_v2/final_benchmark/snr_5/VIVOSDEV12_032_496f0ac56bc8b47a_snr5.wav","cbef35dde01176fcb6e0fe01e292cfc1b1a1b93289ca0e1c6008a251ea2a8f95","137044"
"data/derived/paper_v2/final_benchmark/snr_5/VIVOSDEV12_056_c95a87a305f3d12c_snr5.wav","7a20d9b8422750993b61027e7e2e6b6d0b5e39f45df442d843ad9d81d0c62c55","95044"
"data/derived/paper_v2/final_benchmark/snr_5/VIVOSDEV12_057_5f9cfc67de1d7708_snr5.wav","492acbc8d1d9932983bba32d2bc21685faa241afd795311ab82497017bc482be","138044"
"data/derived/paper_v2/final_benchmark/snr_5/VIVOSDEV12_066_6a94ad76bbbd6b34_snr5.wav","b8242d43eb6660357e879ddc132064ca3d8a171a83b5ce06586d36dafd680bc8","108044"
"data/derived/paper_v2/final_benchmark/snr_5/VIVOSDEV12_068_b33d9fb3e9b0159a_snr5.wav","f4486896e1dbc866a83d7a8fa5700ca55a7e5d3bc74864d7de44ba28a6111efa","100044"
"data/derived/paper_v2/final_benchmark/snr_5/VIVOSDEV12_079_6a96c4e1d4360a06_snr5.wav","5e557ead3b9b105ce5c21c8e56078b2aa09da5dbe03c7adf070fd173b59710f5","106044"
"data/derived/paper_v2/final_benchmark/snr_5/VIVOSDEV12_101_bc8cb676d9891d99_snr5.wav","f200d6ca7be20e4747e86b1d1eba0fced8725ae0fe4e35b95531bf2bee9d2f04","156044"
"data/derived/paper_v2/final_benchmark/snr_5/VIVOSDEV12_116_2c951f867ed58191_snr5.wav","b1c8e6f66c9ffa44b6f1230e82be4194639e3ef2b470614bb295e3a4feb98293","91044"
"data/derived/paper_v2/final_benchmark/snr_5/VIVOSDEV12_132_d8f5ad1fed150c6f_snr5.wav","98f57eb7a59f31458660f65a2e247fd3e1dfa00ff54445c30522661f35da8cd7","106044"
"data/derived/paper_v2/final_benchmark/snr_5/VIVOSDEV12_144_ba2248dbb29fceec_snr5.wav","9b5b296e051e6e62211ab70dc11699d0195dd8e557d0511958dd79823c217944","66044"
"data/derived/paper_v2/final_benchmark/snr_5/VIVOSDEV12_166_f2f7b8d7495c3e9b_snr5.wav","92622272c9e8775fbc4f48cd3b4e2355b43ec4f1e97b61573171788ce14f21d7","86044"
"data/derived/paper_v2/final_benchmark/snr_5/VIVOSDEV12_169_e9248d4aeedde6ce_snr5.wav","8146102643210038df8a535ba988feac2cae7e67720fc8ef25c56a9af2306f12","74044"
"data/derived/paper_v2/final_benchmark/snr_5/VIVOSDEV12_173_73621b4a6735ef02_snr5.wav","57420e2f431c3049bd5b8431a23a11c523aa1bb1b58954cdf1bef7638b8bf841","89044"
"data/derived/paper_v2/final_benchmark/snr_5/VIVOSDEV12_192_75eff7a2f2edbd11_snr5.wav","0f587ca56aef6fc50659e3001c4e934ed93c505f9c79ae338d705e6885daf3e1","88044"
"data/derived/paper_v2/final_benchmark/snr_5/VIVOSDEV12_213_e01a730a46a3aaf5_snr5.wav","91395a835b4f4d5d6dee2b16ac4e389ead44c282ef926a88881409dc1fb05d1d","91044"
"data/derived/paper_v2/final_benchmark/snr_5/VIVOSDEV12_223_f432cabab9ef97f1_snr5.wav","c0f2bc51bb659ddaf3936eb798307f57cfe58d7d3204f363e0e99cf676bc3ba5","90044"
"data/derived/paper_v2/final_benchmark/snr_5/VIVOSDEV12_232_0f0dc8eccc184372_snr5.wav","d5fde5e45e6b317c796cde0dcc2bd159c0284465dcde53b7e20ac1414e59a3b5","78044"
"data/derived/paper_v2/final_benchmark/snr_5/VIVOSDEV12_244_6034de5c9cf471bd_snr5.wav","007da8554110256b2d7372e85f9d7b7e8ed2f0b034e42b20033bf338180e59f3","86044"
"data/derived/paper_v2/final_benchmark/snr_5/VIVOSDEV12_248_592ba100a9721f88_snr5.wav","dceb1e0040726b04c4ccab6dc0437dbf9286d36f83379bb2af23eb1328bf7b1c","148044"
"data/derived/paper_v2/final_benchmark/snr_5/VIVOSDEV12_280_e191aeae5ef0e3df_snr5.wav","c9f07d18306cbff588b25a601fe1fb49a5494596d2417b35adf9b85e0d91d957","100044"
"data/derived/paper_v2/final_benchmark/snr_5/VIVOSDEV12_290_b1643bd011068f90_snr5.wav","6134e71bdd9fa8c7a9e64c7a12a246983edcf6bc055d8043b803b26a9367d089","120044"
"data/derived/paper_v2/final_benchmark/snr_5/VIVOSDEV13_019_7dc0a9b616d91929_snr5.wav","be441c98f354477ae92edc12ee943815832a3a0d102ca2fea0c241143e390c09","132024"
"data/derived/paper_v2/final_benchmark/snr_5/VIVOSDEV13_026_acaa22faaa96ba2d_snr5.wav","8b606432a36ec04d4f7348476c36433751b6897366ab48acb78900a766cb762e","134024"
"data/derived/paper_v2/final_benchmark/snr_5/VIVOSDEV13_058_f3e1aa84096a8f30_snr5.wav","477f6795b66e66feeb3cb23d2698adba4f81891acce3274b0049f6a03fddea52","139024"
"data/derived/paper_v2/final_benchmark/snr_5/VIVOSDEV13_061_56fc48bfd4341960_snr5.wav","f50c1ed918da8cfd759a1b70d60b0be26a7eae8485c876eca0886686039b55b8","132024"
"data/derived/paper_v2/final_benchmark/snr_5/VIVOSDEV13_075_e536c2eb044bc745_snr5.wav","ec1e805c431ec1672dacfc846d69e844754294934cfc4e101bc5d4c0f978f491","140024"
"data/derived/paper_v2/final_benchmark/snr_5/VIVOSDEV13_078_4ecb4951eaf37fe5_snr5.wav","dac5a776c0d60ea6589b6e556970ca112925b3acf45a3c595bdcbdec4d7690c1","146024"
"data/derived/paper_v2/final_benchmark/snr_5/VIVOSDEV13_089_676b228af3647a0e_snr5.wav","329f055fb9023c547fc2b088bb765cf7add73e605c49ff490afe130225f8b544","206024"
"data/derived/paper_v2/final_benchmark/snr_5/VIVOSDEV13_097_4208aa35d783e2d5_snr5.wav","f421253dfa779f6b9a387e02432dbda9aff7e404eb7f258a033dc8fcfed171ca","236024"
"data/derived/paper_v2/final_benchmark/snr_5/VIVOSDEV13_105_e92fba639de8d9a7_snr5.wav","5859f749fcfbf81983458651c4914b4b8dfabf389c77438ac7f4de1766c0b7ae","251024"
"data/derived/paper_v2/final_benchmark/snr_5/VIVOSDEV13_136_c76af10a8884cbb1_snr5.wav","ba0dc78565cc78ad64224babddb8dd0eda342b094588e8e8d0a2788f77b37aa7","136024"
"data/derived/paper_v2/final_benchmark/snr_5/VIVOSDEV13_137_edeebc5a86c9a9d7_snr5.wav","41a2a22f5875ab96db5b206ec4bf950aef424d245c38b59ed85443f6c3588c87","104024"
"data/derived/paper_v2/final_benchmark/snr_5/VIVOSDEV13_139_3c1ec9cbf2477d8f_snr5.wav","7749e5cd9462924621d7ae446a16c389b61eea94c62a74630fae0a447379f90e","132024"
"data/derived/paper_v2/final_benchmark/snr_5/VIVOSDEV13_146_9c7709bf8e33f085_snr5.wav","00f383e4862c9565cf88b1bd80703ff890452db4fbdf011346c44206e0dd3a8f","164024"
"data/derived/paper_v2/final_benchmark/snr_5/VIVOSDEV13_147_dc513d171949fa0f_snr5.wav","9f97402cfc456cef95fcc429c6571723d78c08591eb221fa733abfb4d2c787f8","147024"
"data/derived/paper_v2/final_benchmark/snr_5/VIVOSDEV13_150_385ed122a724f6ca_snr5.wav","7d2f7b6da41e173e791d0683695b15cf594276f0750d8f8039cdccbfc060156b","132024"
"data/derived/paper_v2/final_benchmark/snr_5/VIVOSDEV13_222_3253c25725e89a64_snr5.wav","04f7f9c14a62e112395163be727a0e73c9156c394e184da0ce02d41c03cb6fa6","119024"
"data/derived/paper_v2/final_benchmark/snr_5/VIVOSDEV13_241_625536b016fc905f_snr5.wav","a7c8f253c5125f13d801ac43bb7ce7ea573a131344f1b0c12103c0a4773df07d","84024"
"data/derived/paper_v2/final_benchmark/snr_5/VIVOSDEV13_252_f79f88e3c970aa4d_snr5.wav","639c8ad6c1e58db162c3a1f4557611272a3e8fe25595b0b50fb789ba56b4a570","126024"
"data/derived/paper_v2/final_benchmark/snr_5/VIVOSDEV13_267_72409a7e7e244232_snr5.wav","8d2cdc8032c6ade658ee6b4c5b25fb93754b245e1e8ce6247a37b84b79be9e87","126024"
"data/derived/paper_v2/final_benchmark/snr_5/VIVOSDEV13_277_e14e5b28a6bed6dc_snr5.wav","3463ea798fa657bc27a7d28cc73da5a78517c25e67155b17df7270ad8488899c","127024"
"data/derived/paper_v2/final_benchmark/snr_5/VIVOSDEV14_018_a7a267c12b385138_snr5.wav","ff5601bd028165c465eb66a9719ac6d6a9ab55e7efa9dd8e4e982f5235ed81ee","100024"
"data/derived/paper_v2/final_benchmark/snr_5/VIVOSDEV14_022_d7ec282861e880b2_snr5.wav","61a015af0a60298b71f9347e5b7a36a734514fc213d2d57589b77afc9878a91d","96024"
"data/derived/paper_v2/final_benchmark/snr_5/VIVOSDEV14_035_dca48e7b8b30fc16_snr5.wav","c305db2f497f2c93e1d97f68aac89fce4d28cf47acc497110b2720147d0e79dc","106024"
"data/derived/paper_v2/final_benchmark/snr_5/VIVOSDEV14_080_401e89f76d9d3c3e_snr5.wav","27cbc8c63ef19fd09f33cfe68748a13e628790103c8b0ff19071e131d2bf30a2","132024"
"data/derived/paper_v2/final_benchmark/snr_5/VIVOSDEV14_085_ce1e54effe3dc7fa_snr5.wav","4f67ff2a6fe9bf0ad37e3cf57a37637eec675cff89777a07b8ba009992b393b0","154024"
"data/derived/paper_v2/final_benchmark/snr_5/VIVOSDEV14_093_1ac0a754ff05658d_snr5.wav","0f1d437a86f9d0fad088f3ed77f96dc993d051cc9327df37a190e20e88f269f3","140024"
"data/derived/paper_v2/final_benchmark/snr_5/VIVOSDEV14_104_c6a801dbe85ca997_snr5.wav","b42d766e80be5c13147d9bcfd9867483dbb74e30ac8656a9db2a1b3be836f79a","139024"
"data/derived/paper_v2/final_benchmark/snr_5/VIVOSDEV14_115_37f5584ecf03f3be_snr5.wav","c06ab9cdb0afa9bdc7477dec549112979e6c69342467197f2fe04dce214c87be","132024"
"data/derived/paper_v2/final_benchmark/snr_5/VIVOSDEV14_134_d312b976506b0bbf_snr5.wav","ed13393538aff488f49a613259f158db6b81d734a1119730e4dfdda714bfaa6b","124024"
"data/derived/paper_v2/final_benchmark/snr_5/VIVOSDEV14_151_1cba195b1ac4f373_snr5.wav","441b6e9a68f7ff6caf608d424c0b3a8106fbf6dbd54861e6ba9f48ff4bd1a2f0","99024"
"data/derived/paper_v2/final_benchmark/snr_5/VIVOSDEV14_156_f68ac84c96949760_snr5.wav","9e298f14c6027f79d3704b3110cd0f688f4cd8920bb00c91935bf3d65d887182","99024"
"data/derived/paper_v2/final_benchmark/snr_5/VIVOSDEV14_163_f68349d62fd02355_snr5.wav","a5225359608ee19f463a370cc1b6cb3d95da51f4849583dde4985ddc73bb67a1","100024"
"data/derived/paper_v2/final_benchmark/snr_5/VIVOSDEV14_186_c835e852d47bad82_snr5.wav","56cd3f58633c02c89e659cdae08e02c555f95708b9cb6b642a3cd4101f63e6da","90024"
"data/derived/paper_v2/final_benchmark/snr_5/VIVOSDEV14_191_ae8fd6dd9a7902ad_snr5.wav","667fd2ab2086e271c3d3c0d0cdd9d08aecf0e44011a95f7837c1732142de5297","144024"
"data/derived/paper_v2/final_benchmark/snr_5/VIVOSDEV14_194_6d1c0688ce8bd42d_snr5.wav","daed1bca2e1300188a97809b7ddb448a7e14504cb0a86b8ad91e2666ad38d49c","88024"
"data/derived/paper_v2/final_benchmark/snr_5/VIVOSDEV14_195_4be07d7d6547bfd8_snr5.wav","876fc813f14ff6dd3cb7c6fbe03f608d323f551865c72fc07ffe0ee8edac2727","174024"
"data/derived/paper_v2/final_benchmark/snr_5/VIVOSDEV14_225_e0711eb627ed6989_snr5.wav","74b5cf0d1c15f2a76b7355ff371bd62e0376a2047e621917044f8bbffb47c652","136024"
"data/derived/paper_v2/final_benchmark/snr_5/VIVOSDEV14_227_801ad4c521b742b6_snr5.wav","83cf15fae50972b7700f9bb52433661ebf89a00d350621d2223a6982365faaf6","102024"
"data/derived/paper_v2/final_benchmark/snr_5/VIVOSDEV14_236_cbad560a71c410ef_snr5.wav","7f8462af6efd891b61a5c3098aa9830b8c13594de2a99a0426c90f1821a11d2c","98024"
"data/derived/paper_v2/final_benchmark/snr_5/VIVOSDEV14_256_add3b3f4adc38fcd_snr5.wav","b563e534a186006503941fd4c3b4efcc9155dd6ab773d45df52e6be9ffa17821","124024"
"data/derived/paper_v2/final_benchmark/snr_5/VIVOSDEV14_280_22b1c613a5ef2c60_snr5.wav","5e13ba6cf6dcae42535cddffcef2b1825fa73de1cb19f81617cffeedddc3f912","96024"
"data/derived/paper_v2/final_benchmark/snr_5/VIVOSDEV14_283_efc579ae334ef14c_snr5.wav","446277433af5a834e351f1360ee022c2c9494858edeed94752c09cad697c1a07","125024"
"data/derived/paper_v2/final_benchmark/snr_5/VIVOSDEV14_286_dc9508056ccc988e_snr5.wav","67ffea0e9c6486f92f80aedb7adb46fffe55d002082306b24854c350beaccb28","93024"
"data/derived/paper_v2/final_benchmark/snr_5/VIVOSDEV14_289_a9e35eab11cb66aa_snr5.wav","384ef26023aa7997335401d7cb920c92a58227bb9e6036ed764b73776c35066a","118024"
"data/derived/paper_v2/final_benchmark/snr_5/VIVOSDEV14_291_7fe4e17effebe269_snr5.wav","acedb789c6f3f98c447843085ab4917691e5e41f9d597a462f502b8f55f18a7d","114024"
"data/derived/paper_v2/final_benchmark/snr_5/VIVOSDEV14_294_1a0078de6bfa79ce_snr5.wav","08fb929a1b4a990a5b9fb3c3a0a8fd7415f6c1d48f917eccb229e8ebe637d1e6","106024"
"data/derived/paper_v2/final_benchmark/snr_5/VIVOSDEV15_014_c3e9e6df27ea665b_snr5.wav","dfbd41732928870b496931da2e5e816d2a82410a8c2cb49e7c3f18da25036c1d","124024"
"data/derived/paper_v2/final_benchmark/snr_5/VIVOSDEV15_020_472babe113851fbd_snr5.wav","759010f2c90fc431ba362aa1667f472446c8eb34566fb6e4551ab0ef3feac50b","91024"
"data/derived/paper_v2/final_benchmark/snr_5/VIVOSDEV15_021_3bba5b9f8137393f_snr5.wav","a4777acb55e5369e04fb86ee5c2fb2f1c0151098a1ce0f91b4d97e7bb4f46ce9","110024"
"data/derived/paper_v2/final_benchmark/snr_5/VIVOSDEV15_026_03efce3dee466c12_snr5.wav","61cbdb93bd1587fbc678dada85f2482c0bd3cf417e9c67479ec3baa9ed9ea952","110024"
"data/derived/paper_v2/final_benchmark/snr_5/VIVOSDEV15_037_791e87a2ba2a0203_snr5.wav","69d13f2c518373fc90e89e1f1000d9e8dfecd22a07def4134e6eab8dbfcfebab","117024"
"data/derived/paper_v2/final_benchmark/snr_5/VIVOSDEV15_038_855b579c865cf8c4_snr5.wav","c06abc715e20b8eb78692ffd45fe05bbe6594b233ea651c0341bf0f0ba53feff","138024"
"data/derived/paper_v2/final_benchmark/snr_5/VIVOSDEV15_050_be283f93c2a94605_snr5.wav","a9744e85366883b3d65e44b387e77d03e0f999e7958cfebd5184e093c907929c","138024"
"data/derived/paper_v2/final_benchmark/snr_5/VIVOSDEV15_062_3649c2d5b9c221b1_snr5.wav","6aa1b84dcb18afa3e7ca05ae6e983542607304d1f4923b84240f370abb51c9cd","129024"
"data/derived/paper_v2/final_benchmark/snr_5/VIVOSDEV15_066_ff2d84e4cda822c9_snr5.wav","90edc73f25e2eececf001d40287b592fd0742b7f89f30e48198807d0c08960d4","140024"
"data/derived/paper_v2/final_benchmark/snr_5/VIVOSDEV15_092_b45ecf35bf2609d5_snr5.wav","eb959b0ee3024fa3687488285e7b503638032c5df05fa265948897ab8e8dee41","140024"
"data/derived/paper_v2/final_benchmark/snr_5/VIVOSDEV15_109_2373fa1de6bede8c_snr5.wav","d7195ef0b581b7d4b1305d19f8e22b4ecbd3a538765e22a641535c1ec93ac347","97024"
"data/derived/paper_v2/final_benchmark/snr_5/VIVOSDEV15_111_96ff547a951dc948_snr5.wav","3d9a7744ffea5ad958ee698a03c509ed187b981738fc3bc182ec1feca71fad3a","109024"
"data/derived/paper_v2/final_benchmark/snr_5/VIVOSDEV15_154_2f19ee0c69ef7f17_snr5.wav","57f1db4c020ec6c5b355f689cc474423a7f6ddc61b3b38f736cb39e1ce26c2dd","120024"
"data/derived/paper_v2/final_benchmark/snr_5/VIVOSDEV15_168_dc4082e512b32df3_snr5.wav","f30fa1042f502ecfd412421ac5525014493125b8e46f783aacbeeb81d056f5a7","178024"
"data/derived/paper_v2/final_benchmark/snr_5/VIVOSDEV15_180_07d11bb94951a332_snr5.wav","b57372a39ff2158849d0b8bc3835a59df6537b9566907a43d9935269a34fc49f","131024"
"data/derived/paper_v2/final_benchmark/snr_5/VIVOSDEV15_198_82e51b6e668d1032_snr5.wav","a6827055170d65c072a99ffe44e7ef95b689c106c4de14b69f9ef4dca3d11172","156024"
"data/derived/paper_v2/final_benchmark/snr_5/VIVOSDEV15_203_0413c12726864eb1_snr5.wav","fdb1051c34d496d9a20b32bdb9e3abe50b2bcbfe4c14b838dfec8e8429fe03c2","134024"
"data/derived/paper_v2/final_benchmark/snr_5/VIVOSDEV15_204_35ee71cd46d1d367_snr5.wav","b5ab2919aa71352030a24e6978593589fd43786d38e1f3c3f334b18d57b59c8f","139024"
"data/derived/paper_v2/final_benchmark/snr_5/VIVOSDEV15_216_a0eed7eea456cff5_snr5.wav","9cd4b5d6d835035ef1c2e081d2c582db67adf9a5f3bff4b72cdc841e38324edf","104024"
"data/derived/paper_v2/final_benchmark/snr_5/VIVOSDEV15_220_92670eb975d3f023_snr5.wav","1c90f6f9b5f1e751e6a8fb6d2212bd695efac2eef569e9b4df0869501dc55291","120024"
"data/derived/paper_v2/final_benchmark/snr_5/VIVOSDEV15_267_5ff7ee73fbf23928_snr5.wav","1b2b2146ddd508406d8603a8f02fc3d9f6e6019707611eafa227991fc8ad53dd","112024"
"data/derived/paper_v2/final_benchmark/snr_5/VIVOSDEV15_271_4db556829b304471_snr5.wav","c3764326a5c60e302be3bfd09605634ff6f223e45124cceb2616abe01e512970","147024"
"data/derived/paper_v2/final_benchmark/snr_5/VIVOSDEV15_299_e533109fc2810a4e_snr5.wav","4da76134695a37424a6be0734aa5310625839985462c71e490922300a77314ea","124024"
"data/derived/paper_v2/final_benchmark/snr_5/VIVOSDEV16_049_c3f0fe90610fe74e_snr5.wav","a59be63603b1d9afb6697837061ccc8892908900934f03a3ad79a34df0e3dc33","194024"
"data/derived/paper_v2/final_benchmark/snr_5/VIVOSDEV16_050_166d529129a3c953_snr5.wav","b34cb5232d0d608059b48478da70e2c657c4751a84e2a8d46d063c5e3a0135f1","120024"
"data/derived/paper_v2/final_benchmark/snr_5/VIVOSDEV16_051_554978033a53adfa_snr5.wav","9a5b0866ef39f9827d66ce46e59d98ffb588340a3d04ba4e8bc69b6f893eda65","134024"
"data/derived/paper_v2/final_benchmark/snr_5/VIVOSDEV16_068_04344be8e1239836_snr5.wav","93ca81c91baf483e5d0f64cee8dd075a63a84dbb8ba93760579212dffe7a6b33","136024"
"data/derived/paper_v2/final_benchmark/snr_5/VIVOSDEV16_074_b932dcbe6fb22eef_snr5.wav","51019d212f21da84dfdc4da8d86bc544c40209200a6e8d710dae95947cbf0a87","128024"
"data/derived/paper_v2/final_benchmark/snr_5/VIVOSDEV16_112_0785c98e687f6ea7_snr5.wav","4e9b43b43d8ee15c7ec9a01c9288a8bfbd7fa408d9dd8587d027cbf42dc2fad9","122024"
"data/derived/paper_v2/final_benchmark/snr_5/VIVOSDEV16_149_8e1c93ed056a6401_snr5.wav","510a4f4c57652eed94b6ffce2f2ef0578d521162a5ea8a3009220a7219f2d48b","140024"
"data/derived/paper_v2/final_benchmark/snr_5/VIVOSDEV16_154_c6e5f5e4fb27a84f_snr5.wav","e2fe0d9f4f9315f861e11a05ffad838c93309c593736e44e01d27c8b9714c699","127024"
"data/derived/paper_v2/final_benchmark/snr_5/VIVOSDEV16_168_a97b36c616c7ad93_snr5.wav","746e37e1a23b8532cdb954a4709f4d3b037c98cbc61ecafebef9ed4872961ab1","130024"
"data/derived/paper_v2/final_benchmark/snr_5/VIVOSDEV16_173_8aeffd6b17558c35_snr5.wav","90f11755c9168420442a8a345bbe211bec8cd5249036c4d3633e7c68e66de8b0","140024"
"data/derived/paper_v2/final_benchmark/snr_5/VIVOSDEV16_175_ed17741cfdc8eeda_snr5.wav","863561c4f4b159e503dccc1d8339e9e590d3450809decdcf3495d98175d95d04","122024"
"data/derived/paper_v2/final_benchmark/snr_5/VIVOSDEV16_177_c27f60d1d6d744b5_snr5.wav","6049f28781b626f9ae18547e8aee4faf245a31f91c199ac6e8cabfc70911eb59","168024"
"data/derived/paper_v2/final_benchmark/snr_5/VIVOSDEV16_197_109d771e7c54a05d_snr5.wav","64188f5504a308d05b0baf367df14713fb5bc6d54931eabf623d58438e7e16c0","146024"
"data/derived/paper_v2/final_benchmark/snr_5/VIVOSDEV16_198_7add5eff3d0df734_snr5.wav","326e83e74bad6c30c9135da8a3e384d4fbf04567f9ec526ec02f01e72b24fe53","166024"
"data/derived/paper_v2/final_benchmark/snr_5/VIVOSDEV16_203_9c8c306bedb518d8_snr5.wav","e4a7ba238850f2f20fa039b66c4354b0a01061eca1fe67a27203efc21dd1c2dd","123024"
"data/derived/paper_v2/final_benchmark/snr_5/VIVOSDEV16_233_81dd97ae35779853_snr5.wav","a6e3ebd0ea7188aef58c2fd70242ecd7c2ba2518019bd0d149d59c4717138901","174024"
"data/derived/paper_v2/final_benchmark/snr_5/VIVOSDEV16_247_5fcc9f24c0ce338e_snr5.wav","69d6e2f4bfc6153cf051d94ba0c7824cbd6084d8f72de545c3bc1d2366993efd","166024"
"data/derived/paper_v2/final_benchmark/snr_5/VIVOSDEV16_267_351717254fcb4bf2_snr5.wav","18db3e465b81a4c82be0805e6bc19560861d261b626a2cd17e60acd9a3675a23","160024"
"data/derived/paper_v2/final_benchmark/snr_5/VIVOSDEV16_279_993ff8a4ef6448c0_snr5.wav","3feff5b3d4ed697effea36d76f5c10b014a7a4f6c5d52d2c769da341145bdece","134024"
"data/derived/paper_v2/final_benchmark/snr_5/VIVOSDEV16_298_71dda9aa6747e5ab_snr5.wav","be75e2f022b6251888bd2087d23fcc1a680fd63f7e1146a8187835e80c54299f","168024"
"data/derived/paper_v2/final_benchmark/snr_5/VIVOSDEV17_011_cba3c30e0b75f2fe_snr5.wav","799528f9f3facdd83a12922bd93c9bf463e1c9a4b3a252372af01fb59d406c36","130024"
"data/derived/paper_v2/final_benchmark/snr_5/VIVOSDEV17_024_013aa9ca64b6dcce_snr5.wav","da1ac5f463fdde9ab99c406ea6c0f088214cec90c2851c631c0b30b3620e1506","183024"
"data/derived/paper_v2/final_benchmark/snr_5/VIVOSDEV17_032_25c3c01116391bff_snr5.wav","893ef7095e3b5464b7b8e752fd8c608c770999655046912e94b79841caf772ba","139024"
"data/derived/paper_v2/final_benchmark/snr_5/VIVOSDEV17_043_00aa0129ff8bbea5_snr5.wav","5d57fed56df2d170daa5e374a70b84d9e092c7e8ef3ddfaf03dd081c32991be7","116024"
"data/derived/paper_v2/final_benchmark/snr_5/VIVOSDEV17_048_18f6c3087e88e9f4_snr5.wav","fa70d9dded2c6dce404a99fc115932471172af9f02841aad1d167597c896d967","120024"
"data/derived/paper_v2/final_benchmark/snr_5/VIVOSDEV17_060_aab6dd6ef6b33506_snr5.wav","5413126a821e322fbd36ae5e6e5d30320ce37557d13c26d60dcaba7d1e8d208e","111024"
"data/derived/paper_v2/final_benchmark/snr_5/VIVOSDEV17_062_50b8059517a4991d_snr5.wav","450d6ca22f5aaf312e7d73f355aaad672771598faeb172c051df8b1722c5fd50","115024"
"data/derived/paper_v2/final_benchmark/snr_5/VIVOSDEV17_077_c57643bbbae981bf_snr5.wav","74fbcad024fe20a402e6ea64c8821bb04a49aa87e1caba5abfb30b0811599e25","136024"
"data/derived/paper_v2/final_benchmark/snr_5/VIVOSDEV17_090_2170204c08584175_snr5.wav","eb864000e5de24681f041d8a8c11b3cba5d0177284f5ed468672658fe2010032","113024"
"data/derived/paper_v2/final_benchmark/snr_5/VIVOSDEV17_099_85d980bf12be0cc5_snr5.wav","eff029d240c428aadd1d246e0fbde175d1ba3b4fc85077087fbf9ebcad3b2aeb","147024"
"data/derived/paper_v2/final_benchmark/snr_5/VIVOSDEV17_109_fbbabdf269e6b1f2_snr5.wav","153a48a7e22be528c2ae5d0f5129b8c457742af8a8775c2cdad404a8a0a9d1cd","122024"
"data/derived/paper_v2/final_benchmark/snr_5/VIVOSDEV17_114_32d175e76877382b_snr5.wav","f007caf61e7411facbdcb3bd9ab14bc9c82995bf6d97c0a47f68df9cee970a4b","108024"
"data/derived/paper_v2/final_benchmark/snr_5/VIVOSDEV17_120_d52376a5b4497a81_snr5.wav","5c0fcefbab5c26a1a234224b3a3dab429d2f9627c7284a5cba15cdd152d543a4","121024"
"data/derived/paper_v2/final_benchmark/snr_5/VIVOSDEV17_133_4a9a149704edfed6_snr5.wav","b0df2c5299172a618c3a9bf31f433b5b6df0784f905cd160a08ea5bd460e192c","116024"
"data/derived/paper_v2/final_benchmark/snr_5/VIVOSDEV17_147_2a74c50097720d20_snr5.wav","4f9e95a075081cd8d6765ebfe0add3748f6a8b1d744a8abc571ab7c5422d90c9","118024"
"data/derived/paper_v2/final_benchmark/snr_5/VIVOSDEV17_181_12974f27983d2be6_snr5.wav","eb5df7fc7a17c4101c3ad0ecd43cdd6fd614bac68942c9d13b67040ff89d8bf6","124024"
"data/derived/paper_v2/final_benchmark/snr_5/VIVOSDEV17_189_dd2f2e3ccbf3dc37_snr5.wav","d93473673c5e222e86339c0ac646695328109701f378440406ac5a59c131f9a2","160024"
"data/derived/paper_v2/final_benchmark/snr_5/VIVOSDEV17_192_af3e320fdbf78c55_snr5.wav","8570554871f842ce9e0b23e97f1d3fbf70955f5bc4ddc4beb8e60c20adc1e510","130024"
"data/derived/paper_v2/final_benchmark/snr_5/VIVOSDEV17_204_c19ef22a4dd512cb_snr5.wav","0c5612224ac4de3df4896a4bdd89a3a5e5b4f74a6375cef25e90d22f3e1de96f","148024"
"data/derived/paper_v2/final_benchmark/snr_5/VIVOSDEV17_208_4b3391290b299ffc_snr5.wav","26fcefe095f53c8dc3677addc0529a5a53b5d1fe1267c2858c4410cc50fc78eb","164024"
"data/derived/paper_v2/final_benchmark/snr_5/VIVOSDEV17_217_90a7b20d0a69322b_snr5.wav","5aee19b230253e7fde9cc9e735bc986e1202054ec6ca2682571d2d390282f09f","190024"
"data/derived/paper_v2/final_benchmark/snr_5/VIVOSDEV17_241_96a9bfcd8951b27d_snr5.wav","0aebf3fd69cac55c40eaaffdc6ad70108b9f1edb6aedb599c9eb7ebf7f4e9a7f","125024"
"data/derived/paper_v2/final_benchmark/snr_5/VIVOSDEV17_254_616ce6dc8c944437_snr5.wav","22b4423a50ec602fd12aa62a1fba67a1a2e0587bb8f5b78a630d1ec5d1ddca5d","154024"
"data/derived/paper_v2/final_benchmark/snr_5/VIVOSDEV17_271_2e3fbaad6744e8d2_snr5.wav","d488643d67b914f8d8605315e6e62c63e20c80defef98989611a95f5c50a0ad1","175024"
"data/derived/paper_v2/final_benchmark/snr_5/VIVOSDEV17_285_f8c6d6efc5c8b5a1_snr5.wav","d759e8b8ad10bd4248bd10ea77f643e27961e3d1b1eb7f4d5ecf539c437033b6","136024"
"data/derived/paper_v2/final_benchmark/snr_5/VIVOSDEV17_288_67ee185a3d9565d5_snr5.wav","23b0045fc5c4cac48dd850a133922f4df46601641c3981cc90b29f1874f14e25","169024"
"data/derived/paper_v2/final_benchmark/snr_5/VIVOSDEV17_299_e25e4e2668683ea1_snr5.wav","940ce45d4c198e165c2747ef10e4da8e275621d75afca567d9ab26604fc870df","116024"
"data/derived/paper_v2/final_benchmark/snr_5/VIVOSDEV18_006_4e031e03c4c27782_snr5.wav","87e393eee98a706b7e46453bf9ee342094dfb4f0382ccf5d63634c83c0afc158","104024"
"data/derived/paper_v2/final_benchmark/snr_5/VIVOSDEV18_012_f82f01b2465ab168_snr5.wav","e35d856624e1a4c5bf3801db25fd3653532e344bd4dc7b732f5976f298327f49","83024"
"data/derived/paper_v2/final_benchmark/snr_5/VIVOSDEV18_017_8be4454dcb50c155_snr5.wav","ef5eba0774d15ede05e7664682e63d4704fced5d9da69d40d37d4ea235bdab0a","90024"
"data/derived/paper_v2/final_benchmark/snr_5/VIVOSDEV18_060_179c6909b41d2716_snr5.wav","9f59e56cee519ddf4d6dea26015a08277eca42da7e652b5a663a1ffd381b9be5","75024"
"data/derived/paper_v2/final_benchmark/snr_5/VIVOSDEV18_064_3f042dacc3286a67_snr5.wav","d061aa0b91599371ff0eb0e06ef38d1878b7c843757ad5bc3d5dfed22ebf7a41","93024"
"data/derived/paper_v2/final_benchmark/snr_5/VIVOSDEV18_065_d52ca343aa3bb1d7_snr5.wav","f8364e07b4c7e0966fcacd87f019b47e41425e2381786cfcd76cc1b664fda9ae","75024"
"data/derived/paper_v2/final_benchmark/snr_5/VIVOSDEV18_118_df99b64f05bd1c14_snr5.wav","7d5fadc4979855e86d5b6f74ffe2d0990e2ef3ae25fa475957ebda210a197b50","116024"
"data/derived/paper_v2/final_benchmark/snr_5/VIVOSDEV18_120_4080e407b0565719_snr5.wav","ffe1b2cf4a62ef4e238d3cc41531ba8b11610b0557496e5d3af7dd09e82a8fff","78024"
"data/derived/paper_v2/final_benchmark/snr_5/VIVOSDEV18_155_9a3e19f16610b3fd_snr5.wav","0996dde39de75fc54f2ec68941faa7de5b3e66f37b5fb858c76e8a2b336138ab","126024"
"data/derived/paper_v2/final_benchmark/snr_5/VIVOSDEV18_191_c134bcacea19ddd2_snr5.wav","46df0bccf21f2dfb6864e6bfd409894e3c013a0293b30f8ae74df8503f750914","128024"
"data/derived/paper_v2/final_benchmark/snr_5/VIVOSDEV18_194_ce12ca67a94c7c6f_snr5.wav","76be087448f3fe5622614eb9a871ec51837bcd5056817b62ba15896d1b4a03f7","111024"
"data/derived/paper_v2/final_benchmark/snr_5/VIVOSDEV18_199_e1787dae6ccb4b04_snr5.wav","9547e682431f3324eaf6c5a4e93e308281c3dbc2dda9b3600539569511a39d37","93024"
"data/derived/paper_v2/final_benchmark/snr_5/VIVOSDEV18_214_73278abc3325dc9d_snr5.wav","42c868c4c20a9e352512f248d536be7e479f14b608746d56c4c0e70e62171156","120024"
"data/derived/paper_v2/final_benchmark/snr_5/VIVOSDEV18_250_ecb09f728b5ef008_snr5.wav","750a7240d80f5dff970ebeef9df1d5bb8b61e54ea37a5027ac5fb7c2ce77801b","145024"
"data/derived/paper_v2/final_benchmark/snr_5/VIVOSDEV18_252_2c514940c4192e18_snr5.wav","84526ae0d0b7feb4467ac0c43138709a56d72730d73791c557d1461cd89b917a","101024"
"data/derived/paper_v2/final_benchmark/snr_5/VIVOSDEV18_263_2fa15b3e743de6f6_snr5.wav","61ed11173cd7c2d6bed403c68d21ff373a59738ad0079ce5584a4b38bbf240a0","108024"
"data/derived/paper_v2/final_benchmark/snr_5/VIVOSDEV18_273_7dc21aca8145a457_snr5.wav","fb66797551e9b1619204f866b0dbc162c5f6eda11be223be8b5f4348f36caa9b","107024"
"data/derived/paper_v2/final_benchmark/snr_5/VIVOSDEV18_279_194d89056e066d57_snr5.wav","3be34b75e26f1e2d56fea2dab682eae7b0735c7519db8e41382fc2530a32c7e8","131024"
"data/derived/paper_v2/final_benchmark/snr_5/VIVOSDEV18_280_c5781ae066bc728b_snr5.wav","9e5646c263eec1631000fb683d73f0f6476f368269c9f7f9a077cfab308f7aae","94024"
"data/derived/paper_v2/final_benchmark/snr_5/VIVOSDEV18_293_0bd8fa8b0f3d8168_snr5.wav","2f73c519ee51384284edcbca30e34bcd0eab66031bba7d472f20e558f1d0efe6","79024"
"data/derived/paper_v2/final_benchmark/snr_5/VIVOSDEV19_008_8cd45b84a48f61f8_snr5.wav","f5fee2e52d397c931f8da17ebb82b760dc3307de1790ce1bceeadddd97ad38f0","154024"
"data/derived/paper_v2/final_benchmark/snr_5/VIVOSDEV19_020_304bbf5f2d6121c2_snr5.wav","95809610126d0279565bf2d39c66c6dfdfd9ddc14d9c2db9f473ba7d699cfff4","150024"
"data/derived/paper_v2/final_benchmark/snr_5/VIVOSDEV19_022_78e90914097b013f_snr5.wav","54adc3ed1a63228916e2baeccb48de88f8b73309b924fb0208842344458662ae","158024"
"data/derived/paper_v2/final_benchmark/snr_5/VIVOSDEV19_024_37166e91c63f9e7e_snr5.wav","b1c5b32fed0103a9ce1060b55450e1c42f32ca173e9d402892277079404cfcab","125024"
"data/derived/paper_v2/final_benchmark/snr_5/VIVOSDEV19_027_4c8fafde77a410ed_snr5.wav","a79916b94ca6598367246eb21ee1124322608a91e4ba7b7f97ad909060c54aa1","128024"
"data/derived/paper_v2/final_benchmark/snr_5/VIVOSDEV19_029_419181efdac5f405_snr5.wav","ef598e758976d2db85db1a79f928719e92525cd7dc38303632efda5631a86568","95024"
"data/derived/paper_v2/final_benchmark/snr_5/VIVOSDEV19_045_417cc15505dc7849_snr5.wav","16c5e41f3af152a6660c776392f49c247ade84c4fe3c6eff732bbee14f369d03","134024"
"data/derived/paper_v2/final_benchmark/snr_5/VIVOSDEV19_061_97d645b0687ed20e_snr5.wav","586186570d11bb814f19ac5b9e35cff82a3aa562ac2ae07354a9cc799850dc87","130024"
"data/derived/paper_v2/final_benchmark/snr_5/VIVOSDEV19_064_3cafb4225948a045_snr5.wav","8340b60e64e3a6db65bbf48a7012768d35018f6707308193430a7c2c474ce9ee","212024"
"data/derived/paper_v2/final_benchmark/snr_5/VIVOSDEV19_072_f5bb21c9908b3790_snr5.wav","316d3aad0f6514fd51a3c33c012e3b4dec478dd9274bb796eb301ab6b97d2c0f","108024"
"data/derived/paper_v2/final_benchmark/snr_5/VIVOSDEV19_083_b05311ff96ed5ad7_snr5.wav","60b86967a6fe74c740c1510651eeda9602cb496fddb382c3901dbb2ebdf78608","184024"
"data/derived/paper_v2/final_benchmark/snr_5/VIVOSDEV19_111_923c3c6372abd9d8_snr5.wav","32a50b0a179125e6e05c08f61d071f1897c42b4d2861c28a1edfe55058aaea16","142024"
"data/derived/paper_v2/final_benchmark/snr_5/VIVOSDEV19_133_2b1ec29ee3dc741d_snr5.wav","406430fefd07113fc98e8d645619fd56bc5d8b45194f162218cd9f94395c8cae","138024"
"data/derived/paper_v2/final_benchmark/snr_5/VIVOSDEV19_161_f9751732f799a622_snr5.wav","9c22ddd2780809ffc52f0d54e9e87754f0673e31dd03eacae85f4738117bf7ab","184024"
"data/derived/paper_v2/final_benchmark/snr_5/VIVOSDEV19_163_fb4b7706ed2059ed_snr5.wav","6c2992f9afe85dc8c9b24a6b08632764700e9efb56dcfd5646d3707ed6483592","140024"
"data/derived/paper_v2/final_benchmark/snr_5/VIVOSDEV19_169_58b8bf7d19b3c3e3_snr5.wav","8e93f6c134c554aa2024007b104282d984b12faefd3ab344708f7ff84c2c9b75","130024"
"data/derived/paper_v2/final_benchmark/snr_5/VIVOSDEV19_179_5e8ecc490009703e_snr5.wav","7de0ad8883734094c6b7e2c06a272bfc8221bae8c2a6a271bea81fb00fd08087","141024"
"data/derived/paper_v2/final_benchmark/snr_5/VIVOSDEV19_196_782d1a0eeeec4487_snr5.wav","41020833f71806d25214d3894e4d0b6da9a3b615cdacd880ad4b9d27b9eb7e81","183024"
"data/derived/paper_v2/final_benchmark/snr_5/VIVOSDEV19_218_db387f3a8b1fecb2_snr5.wav","920adcc69678b69d5f73a2ead44aa2b97c11d6d156a84196764c6163fc578417","170024"
"data/derived/paper_v2/final_benchmark/snr_5/VIVOSDEV19_244_527f3a7b7f7ebd6e_snr5.wav","95ffe2606275e361ecf08eb9d2033f06d2722bb55f226e22b88031db0eb4d253","134024"
"data/derived/paper_v2/final_benchmark/snr_5/VIVOSDEV19_245_3ec82c5773f2d4f8_snr5.wav","28e863b2e2573031352f06ee5d505ca2ce9fe38610b5aa79c7045115e3e579d8","140024"
"data/derived/paper_v2/final_benchmark/snr_5/VIVOSDEV19_246_ad15e226486de5ee_snr5.wav","67161e6bb7e048f411845450263f22b9531fd16e5375cf55c1b60354e5b90bbe","163024"
"data/derived/paper_v2/final_benchmark/snr_5/VIVOSDEV19_249_87952857a3ae4bd0_snr5.wav","2464401d6450a6890d2236f63e813f798e5c9baff1f52ab93a547b88c4c74ea5","144024"
"data/derived/paper_v2/final_benchmark/snr_5/VIVOSDEV19_259_830019d3c3f7fcac_snr5.wav","caaa52bf3434c922f008eeab13a8dab3b1ab37f801d9e15f99210ad970d5c9f3","134024"
"data/derived/paper_v2/final_benchmark/snr_5/VIVOSDEV19_262_a971a401b7bbdd11_snr5.wav","66894373119e64f9998568ec7a506c1152bcbde1af86c5c8254dede50ddbf514","149024"
"data/derived/paper_v2/final_benchmark/snr_5/VIVOSDEV19_266_09eb311490973a0a_snr5.wav","7d347ea108d460f381abb74e5a6055d17011c392944a54777114c6ca33c5acfa","128024"
"data/derived/paper_v2/final_benchmark/snr_5/VIVOSDEV19_274_8b09f10a8b2e79b7_snr5.wav","d8b47f84559d2e7b6b31b80f25a936e3c3d92405f1800ce33c0e2b95d646d3ee","117024"
"outputs/paper_v2/benchmark/final_benchmark_manifest.jsonl","89712f4873a6de7fb84f912d2380419fc48f56c7499ebed5f62528c749a2a146","2715822"
"outputs/paper_v2/protocol/final_benchmark_audit.csv","ed9454f405cf1c102cb774c3607f8dcb142a60bc5d14d1bc93cc3aa4853cd84d","2206"
"outputs/paper_v2/protocol/final_benchmark_lock.json","b34d7b25c320752b8d857a2f7749ad12ffafdf58cdd4a19efd76fdb8985d382d","3440"
