utt_id,dataset,model,model_size,train_type,lambda,seed,snr,noise_type,ref,hyp
VIVOSDEV16_266_clean,vivos,whisper,tiny,zero_shot,,42,clean,clean,PHÍA DƯỚI VÀ XUNG QUANH KỆ LÀ NƯỚC BẨN LÊNH LÁNG CHẢY QUA, Ví dưới và xuống quan cã là nước bỏng lên lãnh trảy hoa
VIVOSDEV16_266_snr20,vivos,whisper,tiny,zero_shot,,42,20,speech,PHÍA DƯỚI VÀ XUNG QUANH KỆ LÀ NƯỚC BẨN LÊNH LÁNG CHẢY QUA, Vy giới và xuống quan cải là nước bỏng lên lãnh trảy hoa
VIVOSDEV16_266_snr10,vivos,whisper,tiny,zero_shot,,42,10,noise,PHÍA DƯỚI VÀ XUNG QUANH KỆ LÀ NƯỚC BẨN LÊNH LÁNG CHẢY QUA, Vy giới và xuân quan cả là nước bán lên lãnh trảy hóa
VIVOSDEV16_266_snr5,vivos,whisper,tiny,zero_shot,,42,5,noise,PHÍA DƯỚI VÀ XUNG QUANH KỆ LÀ NƯỚC BẨN LÊNH LÁNG CHẢY QUA, Thuy dưới và xuống quanh cở là nước bán lên lại cạnh qua
VIVOSDEV16_266_snr0,vivos,whisper,tiny,zero_shot,,42,0,music,PHÍA DƯỚI VÀ XUNG QUANH KỆ LÀ NƯỚC BẨN LÊNH LÁNG CHẢY QUA, Với dưới và xung quanh cả là nước khoảng lên lại trải qua
VIVOSDEV12_076_clean,vivos,whisper,tiny,zero_shot,,42,clean,clean,TỚ ĐI KIẾM NHÀ TRỌ RỒI NHƯNG KHÓ QUÁ, Tớ để kým nhà trò rộn nhưng khó quá
VIVOSDEV12_076_snr20,vivos,whisper,tiny,zero_shot,,42,20,noise,TỚ ĐI KIẾM NHÀ TRỌ RỒI NHƯNG KHÓ QUÁ, Tớ để kiếm nhà trò rồi nhưng khó quá
VIVOSDEV12_076_snr10,vivos,whisper,tiny,zero_shot,,42,10,noise,TỚ ĐI KIẾM NHÀ TRỌ RỒI NHƯNG KHÓ QUÁ, Tớ để kiếm nhà trò rộn nhưng khó quá
VIVOSDEV12_076_snr5,vivos,whisper,tiny,zero_shot,,42,5,speech,TỚ ĐI KIẾM NHÀ TRỌ RỒI NHƯNG KHÓ QUÁ," Đâu đi, ghi phạch ra rô nhé. Mà hoa, hoa, kể trên si phân."
VIVOSDEV12_076_snr0,vivos,whisper,tiny,zero_shot,,42,0,speech,TỚ ĐI KIẾM NHÀ TRỌ RỒI NHƯNG KHÓ QUÁ, Tớ để kiếm đẹp tò rõ nhìn khó là...
VIVOSDEV16_196_clean,vivos,whisper,tiny,zero_shot,,42,clean,clean,SỰ GIÚP ĐỠ CỦA BÀ LÀ VÔ CÙNG QUÍ BÁU CHO CHÚNG TÔI, Sở giúp đỡ cuối báo cho chúng tôi
VIVOSDEV16_196_snr20,vivos,whisper,tiny,zero_shot,,42,20,music,SỰ GIÚP ĐỠ CỦA BÀ LÀ VÔ CÙNG QUÍ BÁU CHO CHÚNG TÔI, Sở giúp đỡ cuối báo cho chúng tôi
VIVOSDEV16_196_snr10,vivos,whisper,tiny,zero_shot,,42,10,speech,SỰ GIÚP ĐỠ CỦA BÀ LÀ VÔ CÙNG QUÍ BÁU CHO CHÚNG TÔI, sở giúp đỡ cuo và là vô cùng cuối báo cho chúng tôi
VIVOSDEV16_196_snr5,vivos,whisper,tiny,zero_shot,,42,5,noise,SỰ GIÚP ĐỠ CỦA BÀ LÀ VÔ CÙNG QUÍ BÁU CHO CHÚNG TÔI, Sở giúp đỡ cuối là vô cùng với báo cho chúng tôi
VIVOSDEV16_196_snr0,vivos,whisper,tiny,zero_shot,,42,0,noise,SỰ GIÚP ĐỠ CỦA BÀ LÀ VÔ CÙNG QUÍ BÁU CHO CHÚNG TÔI, Sở giúp đỡ cuối báo cho chúng tôi
VIVOSDEV02_R154_clean,vivos,whisper,tiny,zero_shot,,42,clean,clean,BỌN BUÔN DỰ ÁN CHẠY CHỌT BÀY RA CÁC DỰ ÁN ĐỂ KIẾM CHÁC, Bọn buồn dữ an chảy trọt bây ra khách dữ an bệ kìm chết
VIVOSDEV02_R154_snr20,vivos,whisper,tiny,zero_shot,,42,20,noise,BỌN BUÔN DỰ ÁN CHẠY CHỌT BÀY RA CÁC DỰ ÁN ĐỂ KIẾM CHÁC, Vọc buồn dữ an chảy trọt bay ra khai dữ an bệnh kìm chết
VIVOSDEV02_R154_snr10,vivos,whisper,tiny,zero_shot,,42,10,noise,BỌN BUÔN DỰ ÁN CHẠY CHỌT BÀY RA CÁC DỰ ÁN ĐỂ KIẾM CHÁC, Bỏ buông dữ and trả trọt bây giờ các dữ and để kìm trết
VIVOSDEV02_R154_snr5,vivos,whisper,tiny,zero_shot,,42,5,music,BỌN BUÔN DỰ ÁN CHẠY CHỌT BÀY RA CÁC DỰ ÁN ĐỂ KIẾM CHÁC, Bỏ buồn dự át dây trọt vầy đá cái dự át đẹp kinh chết
VIVOSDEV02_R154_snr0,vivos,whisper,tiny,zero_shot,,42,0,music,BỌN BUÔN DỰ ÁN CHẠY CHỌT BÀY RA CÁC DỰ ÁN ĐỂ KIẾM CHÁC, Bỏ buồn dự and trả trọt bây giờ cắt dự and bệnh kìm kè
VIVOSDEV12_197_clean,vivos,whisper,tiny,zero_shot,,42,clean,clean,SAU ĐÓ BÀ HÀNG XÓM TÍNH TÌNH XỞI LỞI CHẠY QUA KỂ VỚI TÔI," Sau đó bài hàng xóm tính tình sẽ lỗi, dài qua gạy với tôi"
VIVOSDEV12_197_snr20,vivos,whisper,tiny,zero_shot,,42,20,speech,SAU ĐÓ BÀ HÀNG XÓM TÍNH TÌNH XỞI LỞI CHẠY QUA KỂ VỚI TÔI," Sau đó bài hàng sống tính tình sợ lỗi, dài qua kỳ với tôi."
VIVOSDEV12_197_snr10,vivos,whisper,tiny,zero_shot,,42,10,music,SAU ĐÓ BÀ HÀNG XÓM TÍNH TÌNH XỞI LỞI CHẠY QUA KỂ VỚI TÔI," Sau đó bài hàng són tính tình xói lời, dài quá kể mới tòi"
VIVOSDEV12_197_snr5,vivos,whisper,tiny,zero_shot,,42,5,music,SAU ĐÓ BÀ HÀNG XÓM TÍNH TÌNH XỞI LỞI CHẠY QUA KỂ VỚI TÔI," Sau đó bài hàng xong chính đình trái lời, giá yvr, giá yvr, tổ"
VIVOSDEV12_197_snr0,vivos,whisper,tiny,zero_shot,,42,0,noise,SAU ĐÓ BÀ HÀNG XÓM TÍNH TÌNH XỞI LỞI CHẠY QUA KỂ VỚI TÔI," Sau đó bài hàng toàn tinh tình xời lời, gái quan, gái với tối"
VIVOSDEV06_040_clean,vivos,whisper,tiny,zero_shot,,42,clean,clean,VÀ HÍT VÀO MŨI LÀM CHẤT NÀY LOÃNG RA, và hết vào mối làm chắc này lãng ra.
VIVOSDEV06_040_snr20,vivos,whisper,tiny,zero_shot,,42,20,noise,VÀ HÍT VÀO MŨI LÀM CHẤT NÀY LOÃNG RA, Bà hất vào mối làm chắc này lãng ra
VIVOSDEV06_040_snr10,vivos,whisper,tiny,zero_shot,,42,10,noise,VÀ HÍT VÀO MŨI LÀM CHẤT NÀY LOÃNG RA, Bà hất vào mối làm chắc này làng ra
VIVOSDEV06_040_snr5,vivos,whisper,tiny,zero_shot,,42,5,speech,VÀ HÍT VÀO MŨI LÀM CHẤT NÀY LOÃNG RA, Và hôn vào mối làm chắc này làng ra.
VIVOSDEV06_040_snr0,vivos,whisper,tiny,zero_shot,,42,0,noise,VÀ HÍT VÀO MŨI LÀM CHẤT NÀY LOÃNG RA, và hết vào mối làm chắc này lãng đạc
VIVOSDEV10_239_clean,vivos,whisper,tiny,zero_shot,,42,clean,clean,TÁM MƯƠI BỐN TÁM MƯƠI LĂM," Tán muy bống, tán muy em."
VIVOSDEV10_239_snr20,vivos,whisper,tiny,zero_shot,,42,20,noise,TÁM MƯƠI BỐN TÁM MƯƠI LĂM," Tán muy bống, tán muy em."
VIVOSDEV10_239_snr10,vivos,whisper,tiny,zero_shot,,42,10,speech,TÁM MƯƠI BỐN TÁM MƯƠI LĂM," Cám ủy bố, cám ủy ảm ủy ảm ủy"
VIVOSDEV10_239_snr5,vivos,whisper,tiny,zero_shot,,42,5,noise,TÁM MƯƠI BỐN TÁM MƯƠI LĂM," Cám quý bố, cám quý à"
VIVOSDEV10_239_snr0,vivos,whisper,tiny,zero_shot,,42,0,music,TÁM MƯƠI BỐN TÁM MƯƠI LĂM," Tán mùi bố, tán mùi em"
VIVOSDEV15_194_clean,vivos,whisper,tiny,zero_shot,,42,clean,clean,NẰM TRÊN GIƯỜNG GẦN CẢ THÁNG BẤT GIÁC TÔI CẢM THẤY MÌNH THẬT CÔ ĐỘC," Nam chơi dường gần gà tháng, bắt trở tôi cảm thấy mình thật cô đọc."
VIVOSDEV15_194_snr20,vivos,whisper,tiny,zero_shot,,42,20,noise,NẰM TRÊN GIƯỜNG GẦN CẢ THÁNG BẤT GIÁC TÔI CẢM THẤY MÌNH THẬT CÔ ĐỘC, Năm trên dường gần gà tháng bất chờ tôi cảm thấy mình thật cô đọc.
VIVOSDEV15_194_snr10,vivos,whisper,tiny,zero_shot,,42,10,noise,NẰM TRÊN GIƯỜNG GẦN CẢ THÁNG BẤT GIÁC TÔI CẢM THẤY MÌNH THẬT CÔ ĐỘC, Năm trên dường gần gà tháng bất trở tôi cảm thấy mình thật cô đọc.
VIVOSDEV15_194_snr5,vivos,whisper,tiny,zero_shot,,42,5,noise,NẰM TRÊN GIƯỜNG GẦN CẢ THÁNG BẤT GIÁC TÔI CẢM THẤY MÌNH THẬT CÔ ĐỘC, Năm trên dường gần gà tháng bắt cho tôi cảm thấy mình hơi câu đọc.
VIVOSDEV15_194_snr0,vivos,whisper,tiny,zero_shot,,42,0,noise,NẰM TRÊN GIƯỜNG GẦN CẢ THÁNG BẤT GIÁC TÔI CẢM THẤY MÌNH THẬT CÔ ĐỘC, Năm chết dường gần gà tháng bắt cho tôi cảm thấy mình thật cô đọc.
VIVOSDEV18_051_clean,vivos,whisper,tiny,zero_shot,,42,clean,clean,NHƯNG NHIỀU DU KHÁCH THẤY THẤT VỌNG KHI LÊN ĐẾN NƠI, Nhưng nhiều dù khác vẫn thấy thấp phòng khi lên đến nơi
VIVOSDEV18_051_snr20,vivos,whisper,tiny,zero_shot,,42,20,noise,NHƯNG NHIỀU DU KHÁCH THẤY THẤT VỌNG KHI LÊN ĐẾN NƠI, Nhưng như vô khách vẫn thái thách phọng khi lên đến nơi
VIVOSDEV18_051_snr10,vivos,whisper,tiny,zero_shot,,42,10,noise,NHƯNG NHIỀU DU KHÁCH THẤY THẤT VỌNG KHI LÊN ĐẾN NƠI, Nhưng như vô khách vẫn thấy tất phạm khi lên đến nơi.
VIVOSDEV18_051_snr5,vivos,whisper,tiny,zero_shot,,42,5,speech,NHƯNG NHIỀU DU KHÁCH THẤY THẤT VỌNG KHI LÊN ĐẾN NƠI, Đừng nhớ dù phải bận thấy tất cả khi lên đến nơi.
VIVOSDEV18_051_snr0,vivos,whisper,tiny,zero_shot,,42,0,speech,NHƯNG NHIỀU DU KHÁCH THẤY THẤT VỌNG KHI LÊN ĐẾN NƠI," Bây giờ, bây giờ, bây giờ, bây giờ, bây giờ, bây giờ, bây giờ, bây giờ, bây giờ, bây giờ, bây giờ, bây giờ, bây giờ, bây giờ, bây giờ, bây giờ, bây giờ, bây giờ, bây giờ, bây giờ, bây giờ, bây giờ, bây giờ, bây giờ, bây giờ, bây giờ, bây giờ, bây giờ, bây giờ, bây giờ, bây giờ, bây giờ,"
VIVOSDEV16_120_clean,vivos,whisper,tiny,zero_shot,,42,clean,clean,SẼ LÀM CHÚNG TA NGỦ KHÔNG ĐỦ KHÔNG ĐÚNG QUY LUẬT, sẽ làm chúng ta ngủ không đủ không đúng quên lộ.
VIVOSDEV16_120_snr20,vivos,whisper,tiny,zero_shot,,42,20,noise,SẼ LÀM CHÚNG TA NGỦ KHÔNG ĐỦ KHÔNG ĐÚNG QUY LUẬT, sẽ làm chúng ta ngủ không đủ không đúng quên lột.
VIVOSDEV16_120_snr10,vivos,whisper,tiny,zero_shot,,42,10,music,SẼ LÀM CHÚNG TA NGỦ KHÔNG ĐỦ KHÔNG ĐÚNG QUY LUẬT, sẽ làm chúng ta ngủ không đối không đúng quên lột
VIVOSDEV16_120_snr5,vivos,whisper,tiny,zero_shot,,42,5,noise,SẼ LÀM CHÚNG TA NGỦ KHÔNG ĐỦ KHÔNG ĐÚNG QUY LUẬT, sẽ làm chúng ta ngủ không đối không đúng quên lật
VIVOSDEV16_120_snr0,vivos,whisper,tiny,zero_shot,,42,0,noise,SẼ LÀM CHÚNG TA NGỦ KHÔNG ĐỦ KHÔNG ĐÚNG QUY LUẬT, để làm chúng ta ngủ không đủ không đứng quên lật
VIVOSDEV16_182_clean,vivos,whisper,tiny,zero_shot,,42,clean,clean,NHỮNG NGƯỜI CÔ LẬP MÌNH CÓ THỂ GẶP PHẢI CHỨNG TRẦM CẢM HOẶC LO LẮNG, Những người cô lập bình có thể gặp phải chứng chăm cảm hoặc lo lắng
VIVOSDEV16_182_snr20,vivos,whisper,tiny,zero_shot,,42,20,music,NHỮNG NGƯỜI CÔ LẬP MÌNH CÓ THỂ GẶP PHẢI CHỨNG TRẦM CẢM HOẶC LO LẮNG, Những người có lập bình có thể gặp phải chứng trăm cảm hoặc lo lắng
VIVOSDEV16_182_snr10,vivos,whisper,tiny,zero_shot,,42,10,noise,NHỮNG NGƯỜI CÔ LẬP MÌNH CÓ THỂ GẶP PHẢI CHỨNG TRẦM CẢM HOẶC LO LẮNG, Những người cô lập bình có thể gặp phải chứng chăm cảm hoặc lo lắng
VIVOSDEV16_182_snr5,vivos,whisper,tiny,zero_shot,,42,5,speech,NHỮNG NGƯỜI CÔ LẬP MÌNH CÓ THỂ GẶP PHẢI CHỨNG TRẦM CẢM HOẶC LO LẮNG," Nhưng có là bánh truyền thái chung sguam, hạc la lang."
VIVOSDEV16_182_snr0,vivos,whisper,tiny,zero_shot,,42,0,speech,NHỮNG NGƯỜI CÔ LẬP MÌNH CÓ THỂ GẶP PHẢI CHỨNG TRẦM CẢM HOẶC LO LẮNG, Những người có là một con trang đẹp cho trang đẹp cho trang đẹp cho trang đẹp cho trang đẹp cho trang đẹp cho trang đẹp cho trang đẹp cho trang đẹp cho trang đẹp cho trang đẹp cho trang đẹp cho trang đẹp cho trang đẹp cho trang đẹp cho trang đẹp cho trang đẹp cho trang đẹp cho trang đẹp cho trang đẹp cho tr
VIVOSDEV11_038_clean,vivos,whisper,tiny,zero_shot,,42,clean,clean,MÀ PHẢI CHUYỂN QUA HÌNH THỨC GIAO DỊCH, mà phải chuyển qua hình thức dâu dịch.
VIVOSDEV11_038_snr20,vivos,whisper,tiny,zero_shot,,42,20,noise,MÀ PHẢI CHUYỂN QUA HÌNH THỨC GIAO DỊCH, mà phải chuyển qua hình thức dâu dịch.
VIVOSDEV11_038_snr10,vivos,whisper,tiny,zero_shot,,42,10,noise,MÀ PHẢI CHUYỂN QUA HÌNH THỨC GIAO DỊCH, mà phải truyện quá hình thức dầu dịch
VIVOSDEV11_038_snr5,vivos,whisper,tiny,zero_shot,,42,5,music,MÀ PHẢI CHUYỂN QUA HÌNH THỨC GIAO DỊCH, mà phải chuyển qua hình thức dào dịch
VIVOSDEV11_038_snr0,vivos,whisper,tiny,zero_shot,,42,0,noise,MÀ PHẢI CHUYỂN QUA HÌNH THỨC GIAO DỊCH, mà phải kế hoa hình thức dào dịch.
VIVOSDEV07_030_clean,vivos,whisper,tiny,zero_shot,,42,clean,clean,NHỮNG NHƯỢC ĐIỂM CỦA MÌNH, Những nược đẹp của mình
VIVOSDEV07_030_snr20,vivos,whisper,tiny,zero_shot,,42,20,noise,NHỮNG NHƯỢC ĐIỂM CỦA MÌNH, Những nực đẹp của mình
VIVOSDEV07_030_snr10,vivos,whisper,tiny,zero_shot,,42,10,speech,NHỮNG NHƯỢC ĐIỂM CỦA MÌNH, Nhưng nhật đêm của mình
VIVOSDEV07_030_snr5,vivos,whisper,tiny,zero_shot,,42,5,speech,NHỮNG NHƯỢC ĐIỂM CỦA MÌNH, Nếu như đêm gố mần cháv tình
VIVOSDEV07_030_snr0,vivos,whisper,tiny,zero_shot,,42,0,noise,NHỮNG NHƯỢC ĐIỂM CỦA MÌNH, Những nhiều tế em của mình
VIVOSDEV08_002_clean,vivos,whisper,tiny,zero_shot,,42,clean,clean,ĐỪNG ĐỂ CON SÂU ĂN, Đừng để con sau ăn
VIVOSDEV08_002_snr20,vivos,whisper,tiny,zero_shot,,42,20,music,ĐỪNG ĐỂ CON SÂU ĂN, Đừng để cơm xấu ăn
VIVOSDEV08_002_snr10,vivos,whisper,tiny,zero_shot,,42,10,noise,ĐỪNG ĐỂ CON SÂU ĂN, Đừng để cơm sau ăn
VIVOSDEV08_002_snr5,vivos,whisper,tiny,zero_shot,,42,5,noise,ĐỪNG ĐỂ CON SÂU ĂN, đường để cơm sau ăn
VIVOSDEV08_002_snr0,vivos,whisper,tiny,zero_shot,,42,0,music,ĐỪNG ĐỂ CON SÂU ĂN, Đừng để cơm sâu áng
VIVOSDEV06_241_clean,vivos,whisper,tiny,zero_shot,,42,clean,clean,TÁM MƯƠI TÁM TÁM MƯƠI CHÍN," Tâm mười tâm, tâm mười trinh."
VIVOSDEV06_241_snr20,vivos,whisper,tiny,zero_shot,,42,20,speech,TÁM MƯƠI TÁM TÁM MƯƠI CHÍN, Tám mười tám tám mười chín
VIVOSDEV06_241_snr10,vivos,whisper,tiny,zero_shot,,42,10,noise,TÁM MƯƠI TÁM TÁM MƯƠI CHÍN," Tâm người tâm, tâm người chín"
VIVOSDEV06_241_snr5,vivos,whisper,tiny,zero_shot,,42,5,music,TÁM MƯƠI TÁM TÁM MƯƠI CHÍN, Tâm người đám tâm người chến
VIVOSDEV06_241_snr0,vivos,whisper,tiny,zero_shot,,42,0,music,TÁM MƯƠI TÁM TÁM MƯƠI CHÍN, 3 mươi gám 3 mươi kiến
VIVOSDEV10_030_clean,vivos,whisper,tiny,zero_shot,,42,clean,clean,NUÔI MÔ HÌNH TINH HOÀN RỒI TẠO RA TINH HOÀN VỚI ĐẦY ĐỦ HÌNH HÀI," Nguyên Mô Hình Tinh Gua nhỏ cáo gia, Tinh Hoa nhỏ vãi dạy dạy dạy dạy dạy dạy dạy dạy dạy dạy dạy dạy dạy dạy dạy dạy dạy dạy dạy dạy dạy dạy dạy dạy dạy dạy dạy dạy dạy dạy dạy dạy dạy dạ"
VIVOSDEV10_030_snr20,vivos,whisper,tiny,zero_shot,,42,20,speech,NUÔI MÔ HÌNH TINH HOÀN RỒI TẠO RA TINH HOÀN VỚI ĐẦY ĐỦ HÌNH HÀI," Nguyên mâu hình tin của em, người cáo gia, tin của em, và dạy dấu hình thay."
VIVOSDEV10_030_snr10,vivos,whisper,tiny,zero_shot,,42,10,noise,NUÔI MÔ HÌNH TINH HOÀN RỒI TẠO RA TINH HOÀN VỚI ĐẦY ĐỦ HÌNH HÀI," Nguyên mâu hình tin gua nhỏ, gọi cáo gia tin hoàn và dày dấu hình thè"
VIVOSDEV10_030_snr5,vivos,whisper,tiny,zero_shot,,42,5,noise,NUÔI MÔ HÌNH TINH HOÀN RỒI TẠO RA TINH HOÀN VỚI ĐẦY ĐỦ HÌNH HÀI," Nói mâu hình bất ngôi, ngồi cáo lẽ, cái hoàn, lấy ngày dấu hình thạch"
VIVOSDEV10_030_snr0,vivos,whisper,tiny,zero_shot,,42,0,music,NUÔI MÔ HÌNH TINH HOÀN RỒI TẠO RA TINH HOÀN VỚI ĐẦY ĐỦ HÌNH HÀI," Nói mâu hình tên quà em, rồi tạo ra tên quà em, lấy ai ở hủ thông thàng"
VIVOSDEV19_071_clean,vivos,whisper,tiny,zero_shot,,42,clean,clean,TRONG NGẮN HẠN THỊ TRƯỜNG VẬN HÀNH NHƯ MỘT CỖ MÁY BẦU CỬ, Trong ngán hạn thây trường và hành như một cô máy bầu cử
VIVOSDEV19_071_snr20,vivos,whisper,tiny,zero_shot,,42,20,noise,TRONG NGẮN HẠN THỊ TRƯỜNG VẬN HÀNH NHƯ MỘT CỖ MÁY BẦU CỬ," Trong ngán hạn thây trường, bọn hành như một cố máy bầu cố."
VIVOSDEV19_071_snr10,vivos,whisper,tiny,zero_shot,,42,10,music,TRONG NGẮN HẠN THỊ TRƯỜNG VẬN HÀNH NHƯ MỘT CỖ MÁY BẦU CỬ, Trong ngán hạn thị trường và hành như một cô máy bầu cử
VIVOSDEV19_071_snr5,vivos,whisper,tiny,zero_shot,,42,5,noise,TRONG NGẮN HẠN THỊ TRƯỜNG VẬN HÀNH NHƯ MỘT CỖ MÁY BẦU CỬ, trong ngán khảnh thì chưa bằng hành như một có máy bầu cấu
VIVOSDEV19_071_snr0,vivos,whisper,tiny,zero_shot,,42,0,noise,TRONG NGẮN HẠN THỊ TRƯỜNG VẬN HÀNH NHƯ MỘT CỖ MÁY BẦU CỬ, Chóng đánh tháng tây to bó khăn tháng những như một bố máy hộ cố
VIVOSDEV07_190_clean,vivos,whisper,tiny,zero_shot,,42,clean,clean,NƠI CÓ MẤY TÊN TRÔNG RẤT GẤU, Nơi có mấy tàn trong rất gáo
VIVOSDEV07_190_snr20,vivos,whisper,tiny,zero_shot,,42,20,noise,NƠI CÓ MẤY TÊN TRÔNG RẤT GẤU, Nơi có mấy tàn trong rất gấu
VIVOSDEV07_190_snr10,vivos,whisper,tiny,zero_shot,,42,10,music,NƠI CÓ MẤY TÊN TRÔNG RẤT GẤU, Nơi có mấy tàn trong rất gáo
VIVOSDEV07_190_snr5,vivos,whisper,tiny,zero_shot,,42,5,speech,NƠI CÓ MẤY TÊN TRÔNG RẤT GẤU, Nói có mấy tân trong rất gạo
VIVOSDEV07_190_snr0,vivos,whisper,tiny,zero_shot,,42,0,noise,NƠI CÓ MẤY TÊN TRÔNG RẤT GẤU, Đã có mấy tên trong rất gau
VIVOSDEV08_271_clean,vivos,whisper,tiny,zero_shot,,42,clean,clean,QUÁ TỐT RỒI, và tổng rõi
VIVOSDEV08_271_snr20,vivos,whisper,tiny,zero_shot,,42,20,noise,QUÁ TỐT RỒI, và tổng rời
VIVOSDEV08_271_snr10,vivos,whisper,tiny,zero_shot,,42,10,noise,QUÁ TỐT RỒI, Vào tổng rời
VIVOSDEV08_271_snr5,vivos,whisper,tiny,zero_shot,,42,5,speech,QUÁ TỐT RỒI, Bỏa tổng trời
VIVOSDEV08_271_snr0,vivos,whisper,tiny,zero_shot,,42,0,speech,QUÁ TỐT RỒI," Bây giờ, đúng không?"
VIVOSDEV01_T030_clean,vivos,whisper,tiny,zero_shot,,42,clean,clean,XUÂN NÀY EM KHÔNG VỀ, Dương mẹ em không vời
VIVOSDEV01_T030_snr20,vivos,whisper,tiny,zero_shot,,42,20,music,XUÂN NÀY EM KHÔNG VỀ, Dương mẹ em không vời
VIVOSDEV01_T030_snr10,vivos,whisper,tiny,zero_shot,,42,10,music,XUÂN NÀY EM KHÔNG VỀ, Sương này em không vời
VIVOSDEV01_T030_snr5,vivos,whisper,tiny,zero_shot,,42,5,noise,XUÂN NÀY EM KHÔNG VỀ, Trương này em không bài
VIVOSDEV01_T030_snr0,vivos,whisper,tiny,zero_shot,,42,0,music,XUÂN NÀY EM KHÔNG VỀ, Dục mấy ngày mong bài
VIVOSDEV12_100_clean,vivos,whisper,tiny,zero_shot,,42,clean,clean,PHỤ HUYNH VÀ HỌC SINH ĐANG PHẢI È CỔ VÌ SÁCH GIÁ CAO, Phố Hân và học sinh đang phải air có vì sắp xác giao
VIVOSDEV12_100_snr20,vivos,whisper,tiny,zero_shot,,42,20,noise,PHỤ HUYNH VÀ HỌC SINH ĐANG PHẢI È CỔ VÌ SÁCH GIÁ CAO," Hổ hình và học sinh đang phải air call, vì sắp xác giao."
VIVOSDEV12_100_snr10,vivos,whisper,tiny,zero_shot,,42,10,music,PHỤ HUYNH VÀ HỌC SINH ĐANG PHẢI È CỔ VÌ SÁCH GIÁ CAO, Phố Hân và học sinh đang phải air có vị sắp xác giao
VIVOSDEV12_100_snr5,vivos,whisper,tiny,zero_shot,,42,5,noise,PHỤ HUYNH VÀ HỌC SINH ĐANG PHẢI È CỔ VÌ SÁCH GIÁ CAO, Phô hình và không xin đang phải air có vỷ xong xong giao
VIVOSDEV12_100_snr0,vivos,whisper,tiny,zero_shot,,42,0,speech,PHỤ HUYNH VÀ HỌC SINH ĐANG PHẢI È CỔ VÌ SÁCH GIÁ CAO," Hôm nay, hôm nay, hôm nay, hôm nay, hôm nay, hôm nay, hôm nay, hôm nay, hôm nay, hôm nay, hôm nay, hôm nay, hôm nay, hôm nay, hôm nay, hôm nay, hôm nay, hôm nay, hôm nay, hôm nay, hôm nay, hôm nay, hôm nay, hôm nay, hôm nay, hôm nay, hôm nay, hôm nay, hôm nay, hôm nay, hôm nay, hôm nay,"
VIVOSDEV03_R057_clean,vivos,whisper,tiny,zero_shot,,42,clean,clean,CHỨ KHÔNG PHẢI TÀI NĂNG THIÊN BẨM NÀO, Khiếc không phải tại năng thêm bấm nào
VIVOSDEV03_R057_snr20,vivos,whisper,tiny,zero_shot,,42,20,music,CHỨ KHÔNG PHẢI TÀI NĂNG THIÊN BẨM NÀO, chứ không phải tại năng thình bấm nào
VIVOSDEV03_R057_snr10,vivos,whisper,tiny,zero_shot,,42,10,noise,CHỨ KHÔNG PHẢI TÀI NĂNG THIÊN BẨM NÀO, Khiếc không phải tại năng thêm bấm nào
VIVOSDEV03_R057_snr5,vivos,whisper,tiny,zero_shot,,42,5,noise,CHỨ KHÔNG PHẢI TÀI NĂNG THIÊN BẨM NÀO, Chứ không phải tài năng thình bấm nào
VIVOSDEV03_R057_snr0,vivos,whisper,tiny,zero_shot,,42,0,music,CHỨ KHÔNG PHẢI TÀI NĂNG THIÊN BẨM NÀO," Chuyệt vời thái này, khiến bảo nào"
VIVOSDEV18_211_clean,vivos,whisper,tiny,zero_shot,,42,clean,clean,HÌNH ẢNH QUẢNG CÁO ĐIẾU THUỐC ĐIỆN TỬ ĐƯỢC CÔNG TY T," Hình ảnh còn cao đưa thúc, định tử được công ty"
VIVOSDEV18_211_snr20,vivos,whisper,tiny,zero_shot,,42,20,music,HÌNH ẢNH QUẢNG CÁO ĐIẾU THUỐC ĐIỆN TỬ ĐƯỢC CÔNG TY T," Hình ảnh còn cao đưa thúc, định tử được công ty"
VIVOSDEV18_211_snr10,vivos,whisper,tiny,zero_shot,,42,10,noise,HÌNH ẢNH QUẢNG CÁO ĐIẾU THUỐC ĐIỆN TỬ ĐƯỢC CÔNG TY T, Hình ảnh còn cao đưa thúc để tự đưa công ty
VIVOSDEV18_211_snr5,vivos,whisper,tiny,zero_shot,,42,5,music,HÌNH ẢNH QUẢNG CÁO ĐIẾU THUỐC ĐIỆN TỬ ĐƯỢC CÔNG TY T, Hình ảnh còn cao đưa tục để tổ đưa công ty
VIVOSDEV18_211_snr0,vivos,whisper,tiny,zero_shot,,42,0,music,HÌNH ẢNH QUẢNG CÁO ĐIẾU THUỐC ĐIỆN TỬ ĐƯỢC CÔNG TY T, Hãy subscribe và like và subscribe
VIVOSDEV15_253_clean,vivos,whisper,tiny,zero_shot,,42,clean,clean,VẢ LẠI THEO QUY CHẾ ĐÂY LÀ TRÁCH NHIỆM CỦA MỖI THÍ SINH, và lại theo cui chết đây là chắc nhận của mỗi tí xin.
VIVOSDEV15_253_snr20,vivos,whisper,tiny,zero_shot,,42,20,music,VẢ LẠI THEO QUY CHẾ ĐÂY LÀ TRÁCH NHIỆM CỦA MỖI THÍ SINH, Và lại theo cui chế đây là chắc nhạm của mỗi tí xin
VIVOSDEV15_253_snr10,vivos,whisper,tiny,zero_shot,,42,10,speech,VẢ LẠI THEO QUY CHẾ ĐÂY LÀ TRÁCH NHIỆM CỦA MỖI THÍ SINH, Phá lại theo ký trế đây là chân nhẹ của mỗi ký sinh.
VIVOSDEV15_253_snr5,vivos,whisper,tiny,zero_shot,,42,5,noise,VẢ LẠI THEO QUY CHẾ ĐÂY LÀ TRÁCH NHIỆM CỦA MỖI THÍ SINH, Và lại yêu ký trế đây là chắc dạc của mỗi ký trế
VIVOSDEV15_253_snr0,vivos,whisper,tiny,zero_shot,,42,0,music,VẢ LẠI THEO QUY CHẾ ĐÂY LÀ TRÁCH NHIỆM CỦA MỖI THÍ SINH," Phó là yêu quí trế, đây là rất nhạc bộ hộ quí trế"
VIVOSDEV17_239_clean,vivos,whisper,tiny,zero_shot,,42,clean,clean,BA TÔI HÃNH DIỆN NÓI CHUYỆN VỚI SỐ HỌC SINH CÙNG LÊN XE ĐÒ, 3 tôi hạnh dẫn nói chuyện với số học sinh cùng lớn xe đó
VIVOSDEV17_239_snr20,vivos,whisper,tiny,zero_shot,,42,20,music,BA TÔI HÃNH DIỆN NÓI CHUYỆN VỚI SỐ HỌC SINH CÙNG LÊN XE ĐÒ, 3 tôi hạnh dẫn nói chuyện với số học sinh cùng lớn xe đó
VIVOSDEV17_239_snr10,vivos,whisper,tiny,zero_shot,,42,10,music,BA TÔI HÃNH DIỆN NÓI CHUYỆN VỚI SỐ HỌC SINH CÙNG LÊN XE ĐÒ, 3 tôi hạnh hiện nói chuyện với số học sinh cùng lớn xe đâu
VIVOSDEV17_239_snr5,vivos,whisper,tiny,zero_shot,,42,5,noise,BA TÔI HÃNH DIỆN NÓI CHUYỆN VỚI SỐ HỌC SINH CÙNG LÊN XE ĐÒ, 3 tôi hạnh dẫn nói chuyện với số học sinh cùng lớn xe đó
VIVOSDEV17_239_snr0,vivos,whisper,tiny,zero_shot,,42,0,speech,BA TÔI HÃNH DIỆN NÓI CHUYỆN VỚI SỐ HỌC SINH CÙNG LÊN XE ĐÒ, Cô lần sẽ đau.
VIVOSDEV16_058_clean,vivos,whisper,tiny,zero_shot,,42,clean,clean,ĐẦU TƯ TIÊU DÙNG VÀ XUẤT KHẨU ĐỀU SẼ TĂNG MẠNH, đầu tư tư dùng và xuất khẩu đều sẽ tăng mạnh.
VIVOSDEV16_058_snr20,vivos,whisper,tiny,zero_shot,,42,20,speech,ĐẦU TƯ TIÊU DÙNG VÀ XUẤT KHẨU ĐỀU SẼ TĂNG MẠNH, đầu tư tư dùng và xuất khẩu đều sẽ tăng mạnh.
VIVOSDEV16_058_snr10,vivos,whisper,tiny,zero_shot,,42,10,speech,ĐẦU TƯ TIÊU DÙNG VÀ XUẤT KHẨU ĐỀU SẼ TĂNG MẠNH, đầu tiên dụng bà kháu đều sẽ登 mình.
VIVOSDEV16_058_snr5,vivos,whisper,tiny,zero_shot,,42,5,music,ĐẦU TƯ TIÊU DÙNG VÀ XUẤT KHẨU ĐỀU SẼ TĂNG MẠNH, đầu đôi đứa dùng mặt khấu đều sế tăng mặt
VIVOSDEV16_058_snr0,vivos,whisper,tiny,zero_shot,,42,0,speech,ĐẦU TƯ TIÊU DÙNG VÀ XUẤT KHẨU ĐỀU SẼ TĂNG MẠNH, Tổ tư dụng ngon ngon khó đều khá tâm mạnh thì thiệt
VIVOSDEV19_056_clean,vivos,whisper,tiny,zero_shot,,42,clean,clean,VỀ NGUYÊN TẮC VÀO HỌC LÀ SINH VIÊN PHẢI ĐÓNG HỌC PHÍ, Bà yên tắt vào học lại sinh viên phá đám học phối
VIVOSDEV19_056_snr20,vivos,whisper,tiny,zero_shot,,42,20,music,VỀ NGUYÊN TẮC VÀO HỌC LÀ SINH VIÊN PHẢI ĐÓNG HỌC PHÍ, Bà yên quyền các phào học lại sinh viên phó đám học phối
VIVOSDEV19_056_snr10,vivos,whisper,tiny,zero_shot,,42,10,music,VỀ NGUYÊN TẮC VÀO HỌC LÀ SINH VIÊN PHẢI ĐÓNG HỌC PHÍ, Bà yên quyền tác bao học lại dân biêu phá đám học phối
VIVOSDEV19_056_snr5,vivos,whisper,tiny,zero_shot,,42,5,speech,VỀ NGUYÊN TẮC VÀO HỌC LÀ SINH VIÊN PHẢI ĐÓNG HỌC PHÍ," Bây giờ, bây giờ, bây giờ, bây giờ, bây giờ, bây giờ, bây giờ, bây giờ, bây giờ, bây giờ, bây giờ, bây giờ, bây giờ, bây giờ, bây giờ, bây giờ, bây giờ, bây giờ, bây giờ, bây giờ, bây giờ, bây giờ, bây giờ, bây giờ, bây giờ, bây giờ, bây giờ, bây giờ, bây giờ, bây giờ, bây giờ, bây giờ,"
VIVOSDEV19_056_snr0,vivos,whisper,tiny,zero_shot,,42,0,noise,VỀ NGUYÊN TẮC VÀO HỌC LÀ SINH VIÊN PHẢI ĐÓNG HỌC PHÍ," Vậy quyết tách vào học, lại sinh biểu phá đám học phối"
VIVOSDEV18_183_clean,vivos,whisper,tiny,zero_shot,,42,clean,clean,BẢO THẰNG QUYẾT NÓ BẮT CON GÀ SỐNG NÂU MÀ THỊT, bảo thằng tháng quyết nợ bất con gà sống nâu mà thiết.
VIVOSDEV18_183_snr20,vivos,whisper,tiny,zero_shot,,42,20,noise,BẢO THẰNG QUYẾT NÓ BẮT CON GÀ SỐNG NÂU MÀ THỊT, bảo thằng tháng quyết nọt bắt con gà sống nâu mà thiết.
VIVOSDEV18_183_snr10,vivos,whisper,tiny,zero_shot,,42,10,music,BẢO THẰNG QUYẾT NÓ BẮT CON GÀ SỐNG NÂU MÀ THỊT," Bảo thằng tháng quyết nó bất con ra sống, nâu mà thiết."
VIVOSDEV18_183_snr5,vivos,whisper,tiny,zero_shot,,42,5,noise,BẢO THẰNG QUYẾT NÓ BẮT CON GÀ SỐNG NÂU MÀ THỊT, Mà trang thắng quyết nó bắt gần ra sống nó mạch
VIVOSDEV18_183_snr0,vivos,whisper,tiny,zero_shot,,42,0,noise,BẢO THẰNG QUYẾT NÓ BẮT CON GÀ SỐNG NÂU MÀ THỊT, báo thằng tháng quýp nó bắt quan trà sống nâu mà thiệt.
VIVOSDEV13_054_clean,vivos,whisper,tiny,zero_shot,,42,clean,clean,GIÀ LÀNG NGUYỄN MẠNH TƯỜNG TRẢ LỜI PHỎNG VẤN BÁO GIỚI ẢNH TRUNG DÂN, Dạ là nguyễn mạnh tường chả lời phóng vóng báo giới án chung dân.
VIVOSDEV13_054_snr20,vivos,whisper,tiny,zero_shot,,42,20,noise,GIÀ LÀNG NGUYỄN MẠNH TƯỜNG TRẢ LỜI PHỎNG VẤN BÁO GIỚI ẢNH TRUNG DÂN, Dạ là người phòng vắng báo giới ảnh trung dân
VIVOSDEV13_054_snr10,vivos,whisper,tiny,zero_shot,,42,10,music,GIÀ LÀNG NGUYỄN MẠNH TƯỜNG TRẢ LỜI PHỎNG VẤN BÁO GIỚI ẢNH TRUNG DÂN, Dạ là nguyễn mạnh tường chả lời phòng vong báo giới ảnh trung dân
VIVOSDEV13_054_snr5,vivos,whisper,tiny,zero_shot,,42,5,noise,GIÀ LÀNG NGUYỄN MẠNH TƯỜNG TRẢ LỜI PHỎNG VẤN BÁO GIỚI ẢNH TRUNG DÂN," Vào tên, các bạn, các bạn, các bạn, các bạn, các bạn, các bạn, các bạn, các bạn, các bạn, các bạn, các bạn, các bạn, các bạn, các bạn, các bạn, các bạn, các bạn, các bạn, các bạn, các bạn, các bạn, các bạn, các bạn, các bạn, các bạn, các bạn, các bạn, các bạn, các bạn, các bạn, các bạn, các bạn, các bạn, các bạn, các bạn, các bạn, các bạn, các bạn, các bạn, các bạn, các bạn,"
VIVOSDEV13_054_snr0,vivos,whisper,tiny,zero_shot,,42,0,noise,GIÀ LÀNG NGUYỄN MẠNH TƯỜNG TRẢ LỜI PHỎNG VẤN BÁO GIỚI ẢNH TRUNG DÂN, Nhà là người mạnh tường chả lời phòng vắng báo dưới ảnh trung dân
VIVOSDEV18_171_clean,vivos,whisper,tiny,zero_shot,,42,clean,clean,TỐI QUA NGƯỜI TA ĐẾN BẮT TÔI GIỮA ĐÊM HÔM KHUYA KHOẮT, Tôi quan người ta đến bắt tôi giữa đêm không khuề khách
VIVOSDEV18_171_snr20,vivos,whisper,tiny,zero_shot,,42,20,noise,TỐI QUA NGƯỜI TA ĐẾN BẮT TÔI GIỮA ĐÊM HÔM KHUYA KHOẮT, Tối quan người ta đến bắt tôi giữa đêm không khí khách
VIVOSDEV18_171_snr10,vivos,whisper,tiny,zero_shot,,42,10,noise,TỐI QUA NGƯỜI TA ĐẾN BẮT TÔI GIỮA ĐÊM HÔM KHUYA KHOẮT, Tôi quan người ta đến bắt tôi giữa đêm không khuề khát
VIVOSDEV18_171_snr5,vivos,whisper,tiny,zero_shot,,42,5,noise,TỐI QUA NGƯỜI TA ĐẾN BẮT TÔI GIỮA ĐÊM HÔM KHUYA KHOẮT, Tôi quan người ta đến bắt thôi giữa bêm không phương khách
VIVOSDEV18_171_snr0,vivos,whisper,tiny,zero_shot,,42,0,music,TỐI QUA NGƯỜI TA ĐẾN BẮT TÔI GIỮA ĐÊM HÔM KHUYA KHOẮT, Tố quan người ta đến bắt tới giữa đêm khô phê cắt
VIVOSDEV03_R163_clean,vivos,whisper,tiny,zero_shot,,42,clean,clean,NHƯNG OÁI ĂM THAY, Nhưng ai em thay
VIVOSDEV03_R163_snr20,vivos,whisper,tiny,zero_shot,,42,20,music,NHƯNG OÁI ĂM THAY, Nhưng ai em thầy
VIVOSDEV03_R163_snr10,vivos,whisper,tiny,zero_shot,,42,10,noise,NHƯNG OÁI ĂM THAY, Yên ai em thay
VIVOSDEV03_R163_snr5,vivos,whisper,tiny,zero_shot,,42,5,music,NHƯNG OÁI ĂM THAY, Nhưng quái em thầy
VIVOSDEV03_R163_snr0,vivos,whisper,tiny,zero_shot,,42,0,music,NHƯNG OÁI ĂM THAY, Nhưng quay em lại
VIVOSDEV01_R078_clean,vivos,whisper,tiny,zero_shot,,42,clean,clean,NGHE CHÚNG TÔI HỎI ĐIỀU NÀY CHỊ NGÁT RÂN RẤN NƯỚC MẮT, Nhiều chung tôi hỏi đều này chìa nghe gần gướng nước mắt
VIVOSDEV01_R078_snr20,vivos,whisper,tiny,zero_shot,,42,20,speech,NGHE CHÚNG TÔI HỎI ĐIỀU NÀY CHỊ NGÁT RÂN RẤN NƯỚC MẮT, Nhiều chống tôi hỏi đều này chì nghe gần gần nước mắt
VIVOSDEV01_R078_snr10,vivos,whisper,tiny,zero_shot,,42,10,noise,NGHE CHÚNG TÔI HỎI ĐIỀU NÀY CHỊ NGÁT RÂN RẤN NƯỚC MẮT, Nhiều chống tôi hỏi đều này chìa nghe gần gấm nước mắt
VIVOSDEV01_R078_snr5,vivos,whisper,tiny,zero_shot,,42,5,noise,NGHE CHÚNG TÔI HỎI ĐIỀU NÀY CHỊ NGÁT RÂN RẤN NƯỚC MẮT," Nhiệ chúng tôi hỏi đều này, chỉ nghe gần gần nữa chó"
VIVOSDEV01_R078_snr0,vivos,whisper,tiny,zero_shot,,42,0,noise,NGHE CHÚNG TÔI HỎI ĐIỀU NÀY CHỊ NGÁT RÂN RẤN NƯỚC MẮT, Nha chúng tôi hỏi đều này chì nét gần gấm nước mắt
VIVOSDEV12_182_clean,vivos,whisper,tiny,zero_shot,,42,clean,clean,VÀ ĐÃ HIẾN MÁU BA LẦN, và đã hình mấu ba lần.
VIVOSDEV12_182_snr20,vivos,whisper,tiny,zero_shot,,42,20,music,VÀ ĐÃ HIẾN MÁU BA LẦN, Và đã khiến mấu ba lần
VIVOSDEV12_182_snr10,vivos,whisper,tiny,zero_shot,,42,10,noise,VÀ ĐÃ HIẾN MÁU BA LẦN, Và đã khi mau ba lần
VIVOSDEV12_182_snr5,vivos,whisper,tiny,zero_shot,,42,5,noise,VÀ ĐÃ HIẾN MÁU BA LẦN, Và đã hiếm mấu bao lần
VIVOSDEV12_182_snr0,vivos,whisper,tiny,zero_shot,,42,0,speech,VÀ ĐÃ HIẾN MÁU BA LẦN, Vào đá hình màu bà lạ
VIVOSDEV03_R046_clean,vivos,whisper,tiny,zero_shot,,42,clean,clean,CỦA CHÍNH SÁCH ĐỐI VỚI QUY MÔ CỦA THỊ TRƯỜNG, Cố chín sắp đối với quý mò của thị trường
VIVOSDEV03_R046_snr20,vivos,whisper,tiny,zero_shot,,42,20,noise,CỦA CHÍNH SÁCH ĐỐI VỚI QUY MÔ CỦA THỊ TRƯỜNG, Cô chín sắp đối với quy mò của thị trường
VIVOSDEV03_R046_snr10,vivos,whisper,tiny,zero_shot,,42,10,speech,CỦA CHÍNH SÁCH ĐỐI VỚI QUY MÔ CỦA THỊ TRƯỜNG, Cô chân sạch đời với quy mò của thị trời
VIVOSDEV03_R046_snr5,vivos,whisper,tiny,zero_shot,,42,5,music,CỦA CHÍNH SÁCH ĐỐI VỚI QUY MÔ CỦA THỊ TRƯỜNG, có dân sắp đất vài kuy mơ của thế trời
VIVOSDEV03_R046_snr0,vivos,whisper,tiny,zero_shot,,42,0,noise,CỦA CHÍNH SÁCH ĐỐI VỚI QUY MÔ CỦA THỊ TRƯỜNG, Bởi chiếc thật đất bấy kìm ngол có thể trường
VIVOSDEV01_R055_clean,vivos,whisper,tiny,zero_shot,,42,clean,clean,VÀ RẤT SÁNG TẠO, và gước sáng tạo
VIVOSDEV01_R055_snr20,vivos,whisper,tiny,zero_shot,,42,20,music,VÀ RẤT SÁNG TẠO, và gước sáng tạo
VIVOSDEV01_R055_snr10,vivos,whisper,tiny,zero_shot,,42,10,speech,VÀ RẤT SÁNG TẠO," Bây giờ, chúng ta sẽ đưa bỏ lần."
VIVOSDEV01_R055_snr5,vivos,whisper,tiny,zero_shot,,42,5,music,VÀ RẤT SÁNG TẠO, Và cứu xang tạo
VIVOSDEV01_R055_snr0,vivos,whisper,tiny,zero_shot,,42,0,speech,VÀ RẤT SÁNG TẠO, và đường đặc biệt
VIVOSDEV18_297_clean,vivos,whisper,tiny,zero_shot,,42,clean,clean,HOA PHƯỢNG VẪN NỞ ĐỎ TRỜI TRONG TIẾNG VE XAO XÁC KHÔN NGUÔI, Há vận vận nở trời trong tiếng Pê xảo xác khôn mua
VIVOSDEV18_297_snr20,vivos,whisper,tiny,zero_shot,,42,20,music,HOA PHƯỢNG VẪN NỞ ĐỎ TRỜI TRONG TIẾNG VE XAO XÁC KHÔN NGUÔI, Há vụng vẫn nở trời trong tiếng Pê sảo xác khôn ngôi.
VIVOSDEV18_297_snr10,vivos,whisper,tiny,zero_shot,,42,10,noise,HOA PHƯỢNG VẪN NỞ ĐỎ TRỜI TRONG TIẾNG VE XAO XÁC KHÔN NGUÔI, Há vũng vẫn nợ chơi trong tiếng Pê sảo xác khôn mua
VIVOSDEV18_297_snr5,vivos,whisper,tiny,zero_shot,,42,5,noise,HOA PHƯỢNG VẪN NỞ ĐỎ TRỜI TRONG TIẾNG VE XAO XÁC KHÔN NGUÔI, Há vùng vẫn nở trời trong tình về sảo xác khôn ngôi.
VIVOSDEV18_297_snr0,vivos,whisper,tiny,zero_shot,,42,0,noise,HOA PHƯỢNG VẪN NỞ ĐỎ TRỜI TRONG TIẾNG VE XAO XÁC KHÔN NGUÔI, Họ vấn mở ở trời gâm bình thay thảo phát khôn mua
VIVOSDEV01_R057_clean,vivos,whisper,tiny,zero_shot,,42,clean,clean,NHƯNG GIẤC NGỦ CHẬP CHỜN, Nhưng dức nấu giập kian
VIVOSDEV01_R057_snr20,vivos,whisper,tiny,zero_shot,,42,20,speech,NHƯNG GIẤC NGỦ CHẬP CHỜN, Nhưng rất ngủ chập trang.
VIVOSDEV01_R057_snr10,vivos,whisper,tiny,zero_shot,,42,10,noise,NHƯNG GIẤC NGỦ CHẬP CHỜN, Nhưng dức nấu chập kian
VIVOSDEV01_R057_snr5,vivos,whisper,tiny,zero_shot,,42,5,speech,NHƯNG GIẤC NGỦ CHẬP CHỜN," Nhưng dức nấu, dập kia"
VIVOSDEV01_R057_snr0,vivos,whisper,tiny,zero_shot,,42,0,speech,NHƯNG GIẤC NGỦ CHẬP CHỜN," Nói, nó có thể đánh dưới."
VIVOSDEV10_294_clean,vivos,whisper,tiny,zero_shot,,42,clean,clean,EM SỢ CÓ MỘT NGÀY ANH GẶP NGƯỜI CON GÁI KHÁC TỐT HƠN EM RỒI ANH BỎ EM," Em chả có một ngày, anh gặp người con gái hẹt có phân em, gọi anh bói em."
VIVOSDEV10_294_snr20,vivos,whisper,tiny,zero_shot,,42,20,speech,EM SỢ CÓ MỘT NGÀY ANH GẶP NGƯỜI CON GÁI KHÁC TỐT HƠN EM RỒI ANH BỎ EM," Em chả có một ngày, anh gặp người con người hay hẹn có phân em, rồi anh bói em."
VIVOSDEV10_294_snr10,vivos,whisper,tiny,zero_shot,,42,10,noise,EM SỢ CÓ MỘT NGÀY ANH GẶP NGƯỜI CON GÁI KHÁC TỐT HƠN EM RỒI ANH BỎ EM," Em chả có một ngày, ăn gặp người con người ai khác, có phương em, rồi ăn bỏ em."
VIVOSDEV10_294_snr5,vivos,whisper,tiny,zero_shot,,42,5,noise,EM SỢ CÓ MỘT NGÀY ANH GẶP NGƯỜI CON GÁI KHÁC TỐT HƠN EM RỒI ANH BỎ EM," Em chả có một ngày, anh gặp người con gái khác có phân em, người an bói em."
VIVOSDEV10_294_snr0,vivos,whisper,tiny,zero_shot,,42,0,noise,EM SỢ CÓ MỘT NGÀY ANH GẶP NGƯỜI CON GÁI KHÁC TỐT HƠN EM RỒI ANH BỎ EM," Em chào các mong ngàn, đừng gặp người cóm đoàn, đoàn hương em, gọi ăn bò em."
VIVOSDEV09_015_clean,vivos,whisper,tiny,zero_shot,,42,clean,clean,LÀM RỜM RỢP BIỂN MÂY LAU LÁCH PHẤT PHƠ, làm rầm bỏ bệnh mầy lâu lắt vực vơ
VIVOSDEV09_015_snr20,vivos,whisper,tiny,zero_shot,,42,20,speech,LÀM RỜM RỢP BIỂN MÂY LAU LÁCH PHẤT PHƠ, làm bram brop bếng mây lâu lắt phức vơ
VIVOSDEV09_015_snr10,vivos,whisper,tiny,zero_shot,,42,10,noise,LÀM RỜM RỢP BIỂN MÂY LAU LÁCH PHẤT PHƠ, làm vrong brop bế mấy lâu lắp xức vơ
VIVOSDEV09_015_snr5,vivos,whisper,tiny,zero_shot,,42,5,music,LÀM RỜM RỢP BIỂN MÂY LAU LÁCH PHẤT PHƠ, làm grop bánh mây lâu lắp phật phơ
VIVOSDEV09_015_snr0,vivos,whisper,tiny,zero_shot,,42,0,noise,LÀM RỜM RỢP BIỂN MÂY LAU LÁCH PHẤT PHƠ, Làm bởi vì bây giờ lắp xác phân
VIVOSDEV01_R089_clean,vivos,whisper,tiny,zero_shot,,42,clean,clean,NHƯNG TÌNH YÊU VẪN NỒNG NÀN VÀ SAY ĐẮM NHƯ BUỔI BAN ĐẦU, nhưng tình yêu vấn nồng nè và xây đám như vối bang đầu.
VIVOSDEV01_R089_snr20,vivos,whisper,tiny,zero_shot,,42,20,noise,NHƯNG TÌNH YÊU VẪN NỒNG NÀN VÀ SAY ĐẮM NHƯ BUỔI BAN ĐẦU, Nhưng tình yêu vấn nồng nè và xây đám như bối bằng đầu.
VIVOSDEV01_R089_snr10,vivos,whisper,tiny,zero_shot,,42,10,speech,NHƯNG TÌNH YÊU VẪN NỒNG NÀN VÀ SAY ĐẮM NHƯ BUỔI BAN ĐẦU, Nhưng tại vì như vấn nồng mẹ và xây đáp như vấn bán đau.
VIVOSDEV01_R089_snr5,vivos,whisper,tiny,zero_shot,,42,5,noise,NHƯNG TÌNH YÊU VẪN NỒNG NÀN VÀ SAY ĐẮM NHƯ BUỔI BAN ĐẦU, Nhưng tình yêu vấn nồng nè và xây đấm như bối văn đầu
VIVOSDEV01_R089_snr0,vivos,whisper,tiny,zero_shot,,42,0,music,NHƯNG TÌNH YÊU VẪN NỒNG NÀN VÀ SAY ĐẮM NHƯ BUỔI BAN ĐẦU, Nhưng tình yêu bống nồng mẹ và xây đáp như bối bán đầu
VIVOSDEV02_T043_clean,vivos,whisper,tiny,zero_shot,,42,clean,clean,ĐI KIỂM TRA LẠI BÁC SĨ KHUYÊN NÊN MỔ NỘI SOI, Đấy cái mẹ lại và sẽ quyền nên mổ nổi xôi
VIVOSDEV02_T043_snr20,vivos,whisper,tiny,zero_shot,,42,20,speech,ĐI KIỂM TRA LẠI BÁC SĨ KHUYÊN NÊN MỔ NỘI SOI, Để kìm chết lại và sẽ quyền nêm mồn nói sôi.
VIVOSDEV02_T043_snr10,vivos,whisper,tiny,zero_shot,,42,10,noise,ĐI KIỂM TRA LẠI BÁC SĨ KHUYÊN NÊN MỔ NỘI SOI, Đi game gái lại và sẽ quyền nên mổ nổi xong
VIVOSDEV02_T043_snr5,vivos,whisper,tiny,zero_shot,,42,5,speech,ĐI KIỂM TRA LẠI BÁC SĨ KHUYÊN NÊN MỔ NỘI SOI," Để kìa dạy bạy trời, đúng không?"
VIVOSDEV02_T043_snr0,vivos,whisper,tiny,zero_shot,,42,0,music,ĐI KIỂM TRA LẠI BÁC SĨ KHUYÊN NÊN MỔ NỘI SOI, Thì cái tên lại lại tìm tên tên mơ nơi xôi
VIVOSDEV06_078_clean,vivos,whisper,tiny,zero_shot,,42,clean,clean,Ở LỚP NẤU ĂN GIA ĐÌNH, Ở lấp nấu ăn gia đình.
VIVOSDEV06_078_snr20,vivos,whisper,tiny,zero_shot,,42,20,noise,Ở LỚP NẤU ĂN GIA ĐÌNH, Ở lấp nấu ăn gia đình.
VIVOSDEV06_078_snr10,vivos,whisper,tiny,zero_shot,,42,10,speech,Ở LỚP NẤU ĂN GIA ĐÌNH, Hãy bỏ lỡ những video dạy
VIVOSDEV06_078_snr5,vivos,whisper,tiny,zero_shot,,42,5,music,Ở LỚP NẤU ĂN GIA ĐÌNH, Ở lớt nấu ăn giá đình
VIVOSDEV06_078_snr0,vivos,whisper,tiny,zero_shot,,42,0,speech,Ở LỚP NẤU ĂN GIA ĐÌNH," 100 years, trởi vì tôi đã đánh."
VIVOSDEV15_208_clean,vivos,whisper,tiny,zero_shot,,42,clean,clean,MẤY NGÀY ĐẦU THÚY HÀ PHẢI NHỜ KIM DẪN ĐI GIỚI THIỆU TRƯỜNG, Mấy ngày đầu thứ 2 phải nhờ Kim giận đi dưới thiệu trường.
VIVOSDEV15_208_snr20,vivos,whisper,tiny,zero_shot,,42,20,noise,MẤY NGÀY ĐẦU THÚY HÀ PHẢI NHỜ KIM DẪN ĐI GIỚI THIỆU TRƯỜNG, Mấy ngày đầu thứ 2 phải nhờ Kim giận đi dưới thiệu trường
VIVOSDEV15_208_snr10,vivos,whisper,tiny,zero_shot,,42,10,speech,MẤY NGÀY ĐẦU THÚY HÀ PHẢI NHỜ KIM DẪN ĐI GIỚI THIỆU TRƯỜNG, Mình sẽ tài hiền period lịch bệnh.
VIVOSDEV15_208_snr5,vivos,whisper,tiny,zero_shot,,42,5,speech,MẤY NGÀY ĐẦU THÚY HÀ PHẢI NHỜ KIM DẪN ĐI GIỚI THIỆU TRƯỜNG, Mình sẽ đánh đánh đánh đánh đánh đánh đánh đánh đánh đánh đánh đánh đánh đánh đánh đánh đánh đánh đánh đánh đánh đánh đánh đánh đánh đánh đánh đánh đánh đánh đánh đánh đánh đánh đánh đánh đánh đánh đánh đánh đánh đánh đánh đánh đánh đánh đánh đánh đánh đánh đánh đánh đánh đánh đánh đánh đánh đánh đánh đánh đánh đánh đ
VIVOSDEV15_208_snr0,vivos,whisper,tiny,zero_shot,,42,0,speech,MẤY NGÀY ĐẦU THÚY HÀ PHẢI NHỜ KIM DẪN ĐI GIỚI THIỆU TRƯỜNG, Mình đã gần đầu tiên hả phần nhau trách thông thêm.
VIVOSDEV11_137_clean,vivos,whisper,tiny,zero_shot,,42,clean,clean,NHỮNG NGƯỜI NÀY ĐỀU ĐƯỢC ĐÀO TẠO VỀ HỘI HỌA, những người này đều được đào tạo về hỏi hỏi hỏi
VIVOSDEV11_137_snr20,vivos,whisper,tiny,zero_shot,,42,20,noise,NHỮNG NGƯỜI NÀY ĐỀU ĐƯỢC ĐÀO TẠO VỀ HỘI HỌA, Những người này đều được đào tạo về hỏi hỏi hỏi
VIVOSDEV11_137_snr10,vivos,whisper,tiny,zero_shot,,42,10,music,NHỮNG NGƯỜI NÀY ĐỀU ĐƯỢC ĐÀO TẠO VỀ HỘI HỌA, Những người này đều được đầu tạo và hỏi hỏi
VIVOSDEV11_137_snr5,vivos,whisper,tiny,zero_shot,,42,5,noise,NHỮNG NGƯỜI NÀY ĐỀU ĐƯỢC ĐÀO TẠO VỀ HỘI HỌA, những người này đều được đào táo và hỏi hỏi hỏi
VIVOSDEV11_137_snr0,vivos,whisper,tiny,zero_shot,,42,0,noise,NHỮNG NGƯỜI NÀY ĐỀU ĐƯỢC ĐÀO TẠO VỀ HỘI HỌA, Nếu như anh này về được đạo thách không qua
VIVOSDEV06_222_clean,vivos,whisper,tiny,zero_shot,,42,clean,clean,NĂM MƯƠI NĂM MƯƠI MỐT, Nam mưa in Nam mưa in mô
VIVOSDEV06_222_snr20,vivos,whisper,tiny,zero_shot,,42,20,noise,NĂM MƯƠI NĂM MƯƠI MỐT, Năm mưa in năm mùi mô
VIVOSDEV06_222_snr10,vivos,whisper,tiny,zero_shot,,42,10,music,NĂM MƯƠI NĂM MƯƠI MỐT, Nam mưa in Nam mưa em all
VIVOSDEV06_222_snr5,vivos,whisper,tiny,zero_shot,,42,5,speech,NĂM MƯƠI NĂM MƯƠI MỐT," Nói, nó môi môi."
VIVOSDEV06_222_snr0,vivos,whisper,tiny,zero_shot,,42,0,speech,NĂM MƯƠI NĂM MƯƠI MỐT, Móng ı go
VIVOSDEV18_056_clean,vivos,whisper,tiny,zero_shot,,42,clean,clean,TRÊN MẶT AI CŨNG CÓ KHĂN TAY KHẨU TRANG CHE MIỆNG, trên mặt ai cùng có khăn tay khổ chàng trên mượng
VIVOSDEV18_056_snr20,vivos,whisper,tiny,zero_shot,,42,20,noise,TRÊN MẶT AI CŨNG CÓ KHĂN TAY KHẨU TRANG CHE MIỆNG, trên mặt ai cùng có khăn tay khổ chàng trên mục
VIVOSDEV18_056_snr10,vivos,whisper,tiny,zero_shot,,42,10,speech,TRÊN MẶT AI CŨNG CÓ KHĂN TAY KHẨU TRANG CHE MIỆNG, Chirmuk Anh cũng có khăn tay khổ chàng trên miệng.
VIVOSDEV18_056_snr5,vivos,whisper,tiny,zero_shot,,42,5,noise,TRÊN MẶT AI CŨNG CÓ KHĂN TAY KHẨU TRANG CHE MIỆNG," trên mật ai cùng cá, khăn tay khẩu trang như trên mẹ."
VIVOSDEV18_056_snr0,vivos,whisper,tiny,zero_shot,,42,0,noise,TRÊN MẶT AI CŨNG CÓ KHĂN TAY KHẨU TRANG CHE MIỆNG, trên mặt ai cùng có khăn tay khấu trang trên mượng.
VIVOSDEV11_182_clean,vivos,whisper,tiny,zero_shot,,42,clean,clean,ĐẶC ĐIỂM CỦA PHẨY TRÙNG TẢ, Đặc đếm của phải trong tả
VIVOSDEV11_182_snr20,vivos,whisper,tiny,zero_shot,,42,20,noise,ĐẶC ĐIỂM CỦA PHẨY TRÙNG TẢ, Đặc đến của phải trong cá
VIVOSDEV11_182_snr10,vivos,whisper,tiny,zero_shot,,42,10,speech,ĐẶC ĐIỂM CỦA PHẨY TRÙNG TẢ," Đặc đêm có phá y trong giá kênh,"
VIVOSDEV11_182_snr5,vivos,whisper,tiny,zero_shot,,42,5,music,ĐẶC ĐIỂM CỦA PHẨY TRÙNG TẢ, đặc đêm của phải trong ta
VIVOSDEV11_182_snr0,vivos,whisper,tiny,zero_shot,,42,0,music,ĐẶC ĐIỂM CỦA PHẨY TRÙNG TẢ, đặc đêm của phải tông ta
VIVOSDEV06_285_clean,vivos,whisper,tiny,zero_shot,,42,clean,clean,CÔNG TY TRÁCH NHIỆM HỮU HẠN ĂN UỐNG, Công tây chất nhìn hữu hành ăn ủng
VIVOSDEV06_285_snr20,vivos,whisper,tiny,zero_shot,,42,20,noise,CÔNG TY TRÁCH NHIỆM HỮU HẠN ĂN UỐNG, Công tây chất nhiệm hữu hàng ăn ngũng
VIVOSDEV06_285_snr10,vivos,whisper,tiny,zero_shot,,42,10,noise,CÔNG TY TRÁCH NHIỆM HỮU HẠN ĂN UỐNG, Công tây chất nhìn hữu hành ăn lũ
VIVOSDEV06_285_snr5,vivos,whisper,tiny,zero_shot,,42,5,music,CÔNG TY TRÁCH NHIỆM HỮU HẠN ĂN UỐNG, Công tây chất nhiệm hữu hẹn ăn ủng
VIVOSDEV06_285_snr0,vivos,whisper,tiny,zero_shot,,42,0,music,CÔNG TY TRÁCH NHIỆM HỮU HẠN ĂN UỐNG, Công tầy chất nhiệm hỗ hệm ăn ố
VIVOSDEV03_R109_clean,vivos,whisper,tiny,zero_shot,,42,clean,clean,PHÙ HỢP CHO MỌI CÂN NẶNG, phù hạp cho ai cơn mẹn
VIVOSDEV03_R109_snr20,vivos,whisper,tiny,zero_shot,,42,20,music,PHÙ HỢP CHO MỌI CÂN NẶNG, phù hạp cho ai gánh mệnh
VIVOSDEV03_R109_snr10,vivos,whisper,tiny,zero_shot,,42,10,music,PHÙ HỢP CHO MỌI CÂN NẶNG, Bố hạp cho ai cơn mẹ
VIVOSDEV03_R109_snr5,vivos,whisper,tiny,zero_shot,,42,5,music,PHÙ HỢP CHO MỌI CÂN NẶNG, phù hạp cho ai cơn mẹn
VIVOSDEV03_R109_snr0,vivos,whisper,tiny,zero_shot,,42,0,music,PHÙ HỢP CHO MỌI CÂN NẶNG, Bù hạp cho ai cơn mẹ
VIVOSDEV09_289_clean,vivos,whisper,tiny,zero_shot,,42,clean,clean,PHƯƠNG CHÂM SỐNG CỦA TÔI LÀ NGƯỜI KHÔNG VÌ MÌNH TRỜI TRU ĐẤT DIỆT, phương giám sống của tôi là người không về mình trời chú đất dạy
VIVOSDEV09_289_snr20,vivos,whisper,tiny,zero_shot,,42,20,noise,PHƯƠNG CHÂM SỐNG CỦA TÔI LÀ NGƯỜI KHÔNG VÌ MÌNH TRỜI TRU ĐẤT DIỆT, Phương giám sống của tôi là người không về mình trời chú đất kia.
VIVOSDEV09_289_snr10,vivos,whisper,tiny,zero_shot,,42,10,music,PHƯƠNG CHÂM SỐNG CỦA TÔI LÀ NGƯỜI KHÔNG VÌ MÌNH TRỜI TRU ĐẤT DIỆT," Phuê giám sống của tôi, là người không về mình chơi chú đất kia"
VIVOSDEV09_289_snr5,vivos,whisper,tiny,zero_shot,,42,5,music,PHƯƠNG CHÂM SỐNG CỦA TÔI LÀ NGƯỜI KHÔNG VÌ MÌNH TRỜI TRU ĐẤT DIỆT," Hơi giám sống của tôi, là người không về mình chơi dú đất kìa."
VIVOSDEV09_289_snr0,vivos,whisper,tiny,zero_shot,,42,0,noise,PHƯƠNG CHÂM SỐNG CỦA TÔI LÀ NGƯỜI KHÔNG VÌ MÌNH TRỜI TRU ĐẤT DIỆT," Vương trăm sóng của tôi, là người không vui mình chơi giữ đất dù."
VIVOSDEV05_136_clean,vivos,whisper,tiny,zero_shot,,42,clean,clean,RA HIỆU CHO TÔI IM LẶNG, ra hiểu cho tôi im lắng
VIVOSDEV05_136_snr20,vivos,whisper,tiny,zero_shot,,42,20,noise,RA HIỆU CHO TÔI IM LẶNG, ra hiểu cho tôi im lắng
VIVOSDEV05_136_snr10,vivos,whisper,tiny,zero_shot,,42,10,music,RA HIỆU CHO TÔI IM LẶNG, ra hiểu cho tôi im lắng
VIVOSDEV05_136_snr5,vivos,whisper,tiny,zero_shot,,42,5,noise,RA HIỆU CHO TÔI IM LẶNG, ra hiểu cho tôi im lần
VIVOSDEV05_136_snr0,vivos,whisper,tiny,zero_shot,,42,0,noise,RA HIỆU CHO TÔI IM LẶNG, Rà hiểu cho tôi im lắng
VIVOSDEV15_137_clean,vivos,whisper,tiny,zero_shot,,42,clean,clean,THẢN NHIÊN GIÁ ĐÓ THÌ CHỈ CÓ THỂ LÀM VẬY THÔI, Thánh như giá đó thì chỉ có thể làm vậy thôi
VIVOSDEV15_137_snr20,vivos,whisper,tiny,zero_shot,,42,20,noise,THẢN NHIÊN GIÁ ĐÓ THÌ CHỈ CÓ THỂ LÀM VẬY THÔI, Thánh như giá đó thì chỉ có thể làm vậy thôi
VIVOSDEV15_137_snr10,vivos,whisper,tiny,zero_shot,,42,10,noise,THẢN NHIÊN GIÁ ĐÓ THÌ CHỈ CÓ THỂ LÀM VẬY THÔI, Tảm như giá đỏ thì chỉ có thể làm vợi khôi
VIVOSDEV15_137_snr5,vivos,whisper,tiny,zero_shot,,42,5,music,THẢN NHIÊN GIÁ ĐÓ THÌ CHỈ CÓ THỂ LÀM VẬY THÔI, Thả như giá đó thì chỉ có thể làm việc thôi
VIVOSDEV15_137_snr0,vivos,whisper,tiny,zero_shot,,42,0,music,THẢN NHIÊN GIÁ ĐÓ THÌ CHỈ CÓ THỂ LÀM VẬY THÔI, Thánh như giá đó thì chỉ có thể làm vời thôi
VIVOSDEV01_R034_clean,vivos,whisper,tiny,zero_shot,,42,clean,clean,NGƯỜI TA NÓI, người ta nói
VIVOSDEV01_R034_snr20,vivos,whisper,tiny,zero_shot,,42,20,speech,NGƯỜI TA NÓI, người ta nói
VIVOSDEV01_R034_snr10,vivos,whisper,tiny,zero_shot,,42,10,speech,NGƯỜI TA NÓI, Nói ta nói
VIVOSDEV01_R034_snr5,vivos,whisper,tiny,zero_shot,,42,5,noise,NGƯỜI TA NÓI, Hồi ra nói
VIVOSDEV01_R034_snr0,vivos,whisper,tiny,zero_shot,,42,0,speech,NGƯỜI TA NÓI, Nó sẽ phía
VIVOSDEV15_213_clean,vivos,whisper,tiny,zero_shot,,42,clean,clean,MÔ HÌNH CẤU TRÚC CHỨC NĂNG VÀ KHOA HỌC XÃ HỘI MANG TÍNH GIÁO DỤC," Mù hình cấu chúc, chức năng và khóa học xã hội mang tính giáo dụng."
VIVOSDEV15_213_snr20,vivos,whisper,tiny,zero_shot,,42,20,music,MÔ HÌNH CẤU TRÚC CHỨC NĂNG VÀ KHOA HỌC XÃ HỘI MANG TÍNH GIÁO DỤC," Mô hình cấu chút, chức năng và khóa học xã hội mang tính giáo dụng."
VIVOSDEV15_213_snr10,vivos,whisper,tiny,zero_shot,,42,10,music,MÔ HÌNH CẤU TRÚC CHỨC NĂNG VÀ KHOA HỌC XÃ HỘI MANG TÍNH GIÁO DỤC," Môi hình gấu chúc, chức năng và khó học xã hội mang tính giáo dục."
VIVOSDEV15_213_snr5,vivos,whisper,tiny,zero_shot,,42,5,noise,MÔ HÌNH CẤU TRÚC CHỨC NĂNG VÀ KHOA HỌC XÃ HỘI MANG TÍNH GIÁO DỤC," 1 hình cấu chút, chút năng và khóa học sã hội mang tính giáo dục."
VIVOSDEV15_213_snr0,vivos,whisper,tiny,zero_shot,,42,0,music,MÔ HÌNH CẤU TRÚC CHỨC NĂNG VÀ KHOA HỌC XÃ HỘI MANG TÍNH GIÁO DỤC," Mong nguyễm gửi chúc, chứ mấy bà hợi tìm hợi tìm hợi tìm hợi tìm hợi tìm hợi tìm hợi tìm hợi tìm hợi tìm hợi tìm hợi tìm hợi tìm hợi tìm hợi tìm hợi tìm hợi tìm hợi tìm hợi tìm hợ"
VIVOSDEV16_193_clean,vivos,whisper,tiny,zero_shot,,42,clean,clean,THỰC TẾ VAI TRÒ CỦA BẠN VÀ NGƯỜI PHỎNG VẤN ĐỐI CHIẾU NHAU, Thật tới vai trọc của bạn và người phóng vóng đối chíu nhau.
VIVOSDEV16_193_snr20,vivos,whisper,tiny,zero_shot,,42,20,music,THỰC TẾ VAI TRÒ CỦA BẠN VÀ NGƯỜI PHỎNG VẤN ĐỐI CHIẾU NHAU, thực tế vai trọc của bạn và người phóng vóng đối chíu nhau
VIVOSDEV16_193_snr10,vivos,whisper,tiny,zero_shot,,42,10,speech,THỰC TẾ VAI TRÒ CỦA BẠN VÀ NGƯỜI PHỎNG VẤN ĐỐI CHIẾU NHAU, Thật tới vài trọng của bạn và người phòng vắng lối kiểu nhau.
VIVOSDEV16_193_snr5,vivos,whisper,tiny,zero_shot,,42,5,noise,THỰC TẾ VAI TRÒ CỦA BẠN VÀ NGƯỜI PHỎNG VẤN ĐỐI CHIẾU NHAU, Thật tới vài trò của bạn và hồi bóng vóng đối chứ nhau.
VIVOSDEV16_193_snr0,vivos,whisper,tiny,zero_shot,,42,0,noise,THỰC TẾ VAI TRÒ CỦA BẠN VÀ NGƯỜI PHỎNG VẤN ĐỐI CHIẾU NHAU, thực dế vai trọng xước bánh đàn được phán văn tư dưới ngon
VIVOSDEV11_298_clean,vivos,whisper,tiny,zero_shot,,42,clean,clean,CHUẨN BỊ CHO NGÀY KHAI TRƯƠNG CỬA HÀNG ĐẦU TIÊN, chống bấy trong ngày khai trương cửa hàng đầu tiên.
VIVOSDEV11_298_snr20,vivos,whisper,tiny,zero_shot,,42,20,noise,CHUẨN BỊ CHO NGÀY KHAI TRƯƠNG CỬA HÀNG ĐẦU TIÊN, chống bấy tròn ngày khai trương cửa hàng đầu tiên.
VIVOSDEV11_298_snr10,vivos,whisper,tiny,zero_shot,,42,10,noise,CHUẨN BỊ CHO NGÀY KHAI TRƯƠNG CỬA HÀNG ĐẦU TIÊN, Chúng bị châu ngày Thai trước có hẹn đầu bình
VIVOSDEV11_298_snr5,vivos,whisper,tiny,zero_shot,,42,5,speech,CHUẨN BỊ CHO NGÀY KHAI TRƯƠNG CỬA HÀNG ĐẦU TIÊN, chẳng bây chân ngày khai đương ữa hàng đầu tiên thế kích ngọt
VIVOSDEV11_298_snr0,vivos,whisper,tiny,zero_shot,,42,0,noise,CHUẨN BỊ CHO NGÀY KHAI TRƯƠNG CỬA HÀNG ĐẦU TIÊN, chống bấy tròn ngày khai trương của hành động tinh.
VIVOSDEV03_R148_clean,vivos,whisper,tiny,zero_shot,,42,clean,clean,MỘT VỤ CHẬP ĐIỆN ĐÃ KHIẾN NGỌN LỬA BÙNG LÊN, Mò vô chập đến đã khiến ngọng lưỡa bùng lên
VIVOSDEV03_R148_snr20,vivos,whisper,tiny,zero_shot,,42,20,noise,MỘT VỤ CHẬP ĐIỆN ĐÃ KHIẾN NGỌN LỬA BÙNG LÊN, Một bố chập đến đã khiến ngọng lưỡa bùng lên
VIVOSDEV03_R148_snr10,vivos,whisper,tiny,zero_shot,,42,10,speech,MỘT VỤ CHẬP ĐIỆN ĐÃ KHIẾN NGỌN LỬA BÙNG LÊN, Một vô chup đẹn đã kính ngọng lưỡa bụng lên
VIVOSDEV03_R148_snr5,vivos,whisper,tiny,zero_shot,,42,5,music,MỘT VỤ CHẬP ĐIỆN ĐÃ KHIẾN NGỌN LỬA BÙNG LÊN, Mà bố chập đến đa khíng nộn ở bố lãnh
VIVOSDEV03_R148_snr0,vivos,whisper,tiny,zero_shot,,42,0,speech,MỘT VỤ CHẬP ĐIỆN ĐÃ KHIẾN NGỌN LỬA BÙNG LÊN, Mà có chập đêm bác kính ngần nữa không lần
VIVOSDEV07_064_clean,vivos,whisper,tiny,zero_shot,,42,clean,clean,CỨ CHỤM CÁC ĐẦU NGÓN TAY LẠI MỘT CHỖ, cứ chấm các đầu ngó tay lại một chỗ
VIVOSDEV07_064_snr20,vivos,whisper,tiny,zero_shot,,42,20,music,CỨ CHỤM CÁC ĐẦU NGÓN TAY LẠI MỘT CHỖ, cứ chấm các đầu ngó tay lại một chỗ
VIVOSDEV07_064_snr10,vivos,whisper,tiny,zero_shot,,42,10,speech,CỨ CHỤM CÁC ĐẦU NGÓN TAY LẠI MỘT CHỖ, cứ chấm các đầu gão tay lại mong cửa
VIVOSDEV07_064_snr5,vivos,whisper,tiny,zero_shot,,42,5,noise,CỨ CHỤM CÁC ĐẦU NGÓN TAY LẠI MỘT CHỖ, Cứ giấm các đầu gắng tay lại mục trộng
VIVOSDEV07_064_snr0,vivos,whisper,tiny,zero_shot,,42,0,music,CỨ CHỤM CÁC ĐẦU NGÓN TAY LẠI MỘT CHỖ, Cứ chẳng các đầu vóng phải lại mục trộ.
VIVOSDEV18_021_clean,vivos,whisper,tiny,zero_shot,,42,clean,clean,VẤN ĐỀ ĐẶT RA Ở ĐÂY LÀ LÀM THẾ NÀO ĐỂ, Vinh đây đất ra ở đây là làm thế nào để.
VIVOSDEV18_021_snr20,vivos,whisper,tiny,zero_shot,,42,20,speech,VẤN ĐỀ ĐẶT RA Ở ĐÂY LÀ LÀM THẾ NÀO ĐỂ, Bình đây rất trào đoay là làm thế nào đấy
VIVOSDEV18_021_snr10,vivos,whisper,tiny,zero_shot,,42,10,noise,VẤN ĐỀ ĐẶT RA Ở ĐÂY LÀ LÀM THẾ NÀO ĐỂ, Tính đề đẹp ra ở đây là làm thấy nào đấy
VIVOSDEV18_021_snr5,vivos,whisper,tiny,zero_shot,,42,5,noise,VẤN ĐỀ ĐẶT RA Ở ĐÂY LÀ LÀM THẾ NÀO ĐỂ, Bình về đợi đầy là làm thế nào?
VIVOSDEV18_021_snr0,vivos,whisper,tiny,zero_shot,,42,0,speech,VẤN ĐỀ ĐẶT RA Ở ĐÂY LÀ LÀM THẾ NÀO ĐỂ," Vậy, mình sẽ đánh đánh đánh đánh đánh đánh đánh đánh đánh đánh đánh đánh đánh đánh đánh đánh đánh đánh đánh đánh đánh đánh đánh đánh đánh đánh đánh đánh đánh đánh đánh đánh đánh đánh đánh đánh đánh đánh đánh đánh đánh đánh đánh đánh đánh đánh đánh đánh đánh đánh đánh đánh đánh đánh đánh đánh đánh đánh đánh đánh đánh đ"
VIVOSDEV01_R146_clean,vivos,whisper,tiny,zero_shot,,42,clean,clean,HIỆN RA TẬN PHÍA XA, Hẹn gia tận phía xa
VIVOSDEV01_R146_snr20,vivos,whisper,tiny,zero_shot,,42,20,noise,HIỆN RA TẬN PHÍA XA, Hẹn gia tận phía xa
VIVOSDEV01_R146_snr10,vivos,whisper,tiny,zero_shot,,42,10,noise,HIỆN RA TẬN PHÍA XA, Hẹn gia tâm phí xa
VIVOSDEV01_R146_snr5,vivos,whisper,tiny,zero_shot,,42,5,noise,HIỆN RA TẬN PHÍA XA, Hẹn gia tấn phí xa
VIVOSDEV01_R146_snr0,vivos,whisper,tiny,zero_shot,,42,0,noise,HIỆN RA TẬN PHÍA XA, Hẹn gia tâm phí xa
VIVOSDEV15_200_clean,vivos,whisper,tiny,zero_shot,,42,clean,clean,NÓI CHUYỆN MỘT HỒI ÔNG LÀM BỘ ĐỂ TAY LÊN TAY EM TRÊN CẦN SỐ, Nói truyện bộ hội ông là bộ để tay lên tay em trên cản số
VIVOSDEV15_200_snr20,vivos,whisper,tiny,zero_shot,,42,20,music,NÓI CHUYỆN MỘT HỒI ÔNG LÀM BỘ ĐỂ TAY LÊN TAY EM TRÊN CẦN SỐ, Nói truyện bộ hội ông là bộ để tay lên tay em trên cản số
VIVOSDEV15_200_snr10,vivos,whisper,tiny,zero_shot,,42,10,noise,NÓI CHUYỆN MỘT HỒI ÔNG LÀM BỘ ĐỂ TAY LÊN TAY EM TRÊN CẦN SỐ," Nó trụ bởi hỏi ông là bộ để tay, nên tay em trên cận xuống."
VIVOSDEV15_200_snr5,vivos,whisper,tiny,zero_shot,,42,5,noise,NÓI CHUYỆN MỘT HỒI ÔNG LÀM BỘ ĐỂ TAY LÊN TAY EM TRÊN CẦN SỐ, Nói chế 1 bột hồi ông làm bộ đã tay lên tay em trên cản số
VIVOSDEV15_200_snr0,vivos,whisper,tiny,zero_shot,,42,0,noise,NÓI CHUYỆN MỘT HỒI ÔNG LÀM BỘ ĐỂ TAY LÊN TAY EM TRÊN CẦN SỐ, Nói truyện bộ hội ông là bộ để tay lên tay em trên tận số
VIVOSDEV10_266_clean,vivos,whisper,tiny,zero_shot,,42,clean,clean,TỪ TRÊN NÓC NHÀ NHÌN XUỐNG CÓ KHÁC, Cầy chân n� nhận xuống có hẹn
VIVOSDEV10_266_snr20,vivos,whisper,tiny,zero_shot,,42,20,noise,TỪ TRÊN NÓC NHÀ NHÌN XUỐNG CÓ KHÁC, Cầy chân ngốc ngàn nhìn xuống có hẹn
VIVOSDEV10_266_snr10,vivos,whisper,tiny,zero_shot,,42,10,noise,TỪ TRÊN NÓC NHÀ NHÌN XUỐNG CÓ KHÁC, Cờ gần góc nhàng nhìn xuống có hẹn.
VIVOSDEV10_266_snr5,vivos,whisper,tiny,zero_shot,,42,5,noise,TỪ TRÊN NÓC NHÀ NHÌN XUỐNG CÓ KHÁC, Từ kết n� nhẹ nhìn xuống có hẹn
VIVOSDEV10_266_snr0,vivos,whisper,tiny,zero_shot,,42,0,music,TỪ TRÊN NÓC NHÀ NHÌN XUỐNG CÓ KHÁC, Cầy chân n� nhẹ nhìn xuống có hẹn
VIVOSDEV13_069_clean,vivos,whisper,tiny,zero_shot,,42,clean,clean,NHỮNG ĐIẾU THUỐC VÔ Ý ĐỐT CHÁY VÀI CHỖ TRÊN CHIẾC SÔ PHA BỌC VẢI, Những đứa thuộc của ý đốc cháy về giữa trên trích xô phá bọc vải.
VIVOSDEV13_069_snr20,vivos,whisper,tiny,zero_shot,,42,20,music,NHỮNG ĐIẾU THUỐC VÔ Ý ĐỐT CHÁY VÀI CHỖ TRÊN CHIẾC SÔ PHA BỌC VẢI, Những đứa thúc của ý đốt cháy vài giữa ở trên chiếc xô phá bọc vãi
VIVOSDEV13_069_snr10,vivos,whisper,tiny,zero_shot,,42,10,music,NHỮNG ĐIẾU THUỐC VÔ Ý ĐỐT CHÁY VÀI CHỖ TRÊN CHIẾC SÔ PHA BỌC VẢI, dẫn tiếp thu của A Đốc trái về giữa trên chiếc xô phê bọc vãi
VIVOSDEV13_069_snr5,vivos,whisper,tiny,zero_shot,,42,5,noise,NHỮNG ĐIẾU THUỐC VÔ Ý ĐỐT CHÁY VÀI CHỖ TRÊN CHIẾC SÔ PHA BỌC VẢI," Nếu tuyệt vời, đốc kia và chỗ trên chiếc xấu phá bọc lại"
VIVOSDEV13_069_snr0,vivos,whisper,tiny,zero_shot,,42,0,speech,NHỮNG ĐIẾU THUỐC VÔ Ý ĐỐT CHÁY VÀI CHỖ TRÊN CHIẾC SÔ PHA BỌC VẢI, Mình sẽ có một đường đường đường đường đường đường đường đường đường đường đường đường đường đường đường đường đường đường đường đường đường đường đường đường đường đường đường đường đường đường đường đường đường đường đường đường đường đường đường đường đường đường đường đường đường đường đường đường đường đường đường đường đường đường đường đường đường đường đường đường đường đ
VIVOSDEV04_R187_clean,vivos,whisper,tiny,zero_shot,,42,clean,clean,THỨ ÂM THANH KHÔNG CHỈ CẢM NHẬN BẰNG THÍNH GIÁC, Thứ ông Thân không chỉ cảm nhận bằng thân dạc.
VIVOSDEV04_R187_snr20,vivos,whisper,tiny,zero_shot,,42,20,music,THỨ ÂM THANH KHÔNG CHỈ CẢM NHẬN BẰNG THÍNH GIÁC, Thứ ông Thân không chỉ cảm nhận bèng thương dắt.
VIVOSDEV04_R187_snr10,vivos,whisper,tiny,zero_shot,,42,10,music,THỨ ÂM THANH KHÔNG CHỈ CẢM NHẬN BẰNG THÍNH GIÁC, Thế âm thân không chỉ cảm nhận bèng thương dạc.
VIVOSDEV04_R187_snr5,vivos,whisper,tiny,zero_shot,,42,5,noise,THỨ ÂM THANH KHÔNG CHỈ CẢM NHẬN BẰNG THÍNH GIÁC, Thứ ông Thân không chỉ gặp nhằng bên thương dạc.
VIVOSDEV04_R187_snr0,vivos,whisper,tiny,zero_shot,,42,0,music,THỨ ÂM THANH KHÔNG CHỈ CẢM NHẬN BẰNG THÍNH GIÁC, Tứ ảm thần không kiếc găm nhận mèng tình dạc
VIVOSDEV02_R122_clean,vivos,whisper,tiny,zero_shot,,42,clean,clean,CŨNG KHIẾN CHO HỌ DÈ DẶT, cũng có thể chết cho hả dạc
VIVOSDEV02_R122_snr20,vivos,whisper,tiny,zero_shot,,42,20,noise,CŨNG KHIẾN CHO HỌ DÈ DẶT, cũng kỹ trà hà dạ
VIVOSDEV02_R122_snr10,vivos,whisper,tiny,zero_shot,,42,10,speech,CŨNG KHIẾN CHO HỌ DÈ DẶT, And with this piece.
VIVOSDEV02_R122_snr5,vivos,whisper,tiny,zero_shot,,42,5,noise,CŨNG KHIẾN CHO HỌ DÈ DẶT, cũng phải cháy về về
VIVOSDEV02_R122_snr0,vivos,whisper,tiny,zero_shot,,42,0,noise,CŨNG KHIẾN CHO HỌ DÈ DẶT, cũng kính chá hại gì
VIVOSDEV14_108_clean,vivos,whisper,tiny,zero_shot,,42,clean,clean,NGƯỜI PHÁP ĐÃ ĐỒNG Ý VỚI CÁCH QUẢN LÝ LĨNH VỰC DÀNH RIÊNG, Gởi phép đại đồng mối với các quản lý đến vật dân riêng.
VIVOSDEV14_108_snr20,vivos,whisper,tiny,zero_shot,,42,20,noise,NGƯỜI PHÁP ĐÃ ĐỒNG Ý VỚI CÁCH QUẢN LÝ LĨNH VỰC DÀNH RIÊNG, Gởi phép đại đồng mối với các quản lếu đến vật dân riêng.
VIVOSDEV14_108_snr10,vivos,whisper,tiny,zero_shot,,42,10,music,NGƯỜI PHÁP ĐÃ ĐỒNG Ý VỚI CÁCH QUẢN LÝ LĨNH VỰC DÀNH RIÊNG, Bởi phép đại đồng hối với các quản lý đến vật dân rình.
VIVOSDEV14_108_snr5,vivos,whisper,tiny,zero_shot,,42,5,music,NGƯỜI PHÁP ĐÃ ĐỒNG Ý VỚI CÁCH QUẢN LÝ LĨNH VỰC DÀNH RIÊNG, Mối pháp đã đồng quý với các quận mê đến một dân rí.
VIVOSDEV14_108_snr0,vivos,whisper,tiny,zero_shot,,42,0,noise,NGƯỜI PHÁP ĐÃ ĐỒNG Ý VỚI CÁCH QUẢN LÝ LĨNH VỰC DÀNH RIÊNG, Một phát tạm mấy mất cắt quen nhìn một cái người.
VIVOSDEV11_242_clean,vivos,whisper,tiny,zero_shot,,42,clean,clean,CHÍN MƯƠI CHÍN MƯƠI MỐT," Chính mời, chính mời móc"
VIVOSDEV11_242_snr20,vivos,whisper,tiny,zero_shot,,42,20,noise,CHÍN MƯƠI CHÍN MƯƠI MỐT," Chính mời, chính mời mọc"
VIVOSDEV11_242_snr10,vivos,whisper,tiny,zero_shot,,42,10,speech,CHÍN MƯƠI CHÍN MƯƠI MỐT, Tinh mời. Tinh mời mời mời.
VIVOSDEV11_242_snr5,vivos,whisper,tiny,zero_shot,,42,5,music,CHÍN MƯƠI CHÍN MƯƠI MỐT," Chính mời, chính mời móc"
VIVOSDEV11_242_snr0,vivos,whisper,tiny,zero_shot,,42,0,music,CHÍN MƯƠI CHÍN MƯƠI MỐT," Chính mời, chính mời móc"
VIVOSDEV05_125_clean,vivos,whisper,tiny,zero_shot,,42,clean,clean,ĐANG LÀM VIỆC KHÔNG NGỪNG NGHỈ, đang làm bây không đừng nghĩ
VIVOSDEV05_125_snr20,vivos,whisper,tiny,zero_shot,,42,20,speech,ĐANG LÀM VIỆC KHÔNG NGỪNG NGHỈ, Đang làm về không nừng nghĩ
VIVOSDEV05_125_snr10,vivos,whisper,tiny,zero_shot,,42,10,music,ĐANG LÀM VIỆC KHÔNG NGỪNG NGHỈ, Đang làm bây không lần gái
VIVOSDEV05_125_snr5,vivos,whisper,tiny,zero_shot,,42,5,music,ĐANG LÀM VIỆC KHÔNG NGỪNG NGHỈ, đang làm việc không ngừng đi
VIVOSDEV05_125_snr0,vivos,whisper,tiny,zero_shot,,42,0,noise,ĐANG LÀM VIỆC KHÔNG NGỪNG NGHỈ, đang làm việc không mình đi
VIVOSDEV01_R187_clean,vivos,whisper,tiny,zero_shot,,42,clean,clean,THẬT SỰ MÀ LÀ BỞI LÒNG HẬN THÙ, Hực sửa mà là bởi lòng hứng hô.
VIVOSDEV01_R187_snr20,vivos,whisper,tiny,zero_shot,,42,20,speech,THẬT SỰ MÀ LÀ BỞI LÒNG HẬN THÙ, Hực sửa mà là bởi lòng hứng hô.
VIVOSDEV01_R187_snr10,vivos,whisper,tiny,zero_shot,,42,10,noise,THẬT SỰ MÀ LÀ BỞI LÒNG HẬN THÙ, Hực sửa mà là bởi lòng hứng hồ.
VIVOSDEV01_R187_snr5,vivos,whisper,tiny,zero_shot,,42,5,music,THẬT SỰ MÀ LÀ BỞI LÒNG HẬN THÙ, thật sự mà là bởi lộm hông hông
VIVOSDEV01_R187_snr0,vivos,whisper,tiny,zero_shot,,42,0,noise,THẬT SỰ MÀ LÀ BỞI LÒNG HẬN THÙ, Thật châu mà là bởi lòng bằng phổ
VIVOSDEV16_273_clean,vivos,whisper,tiny,zero_shot,,42,clean,clean,CHÚNG TÔI ĐÃ ĐIỀU TRA NHỮNG TRƯỜNG HỢP CÓ NGHI VẤN GIAN DỐI, Chúng tôi đã điều tra những trường hợp có người vắng dành giới
VIVOSDEV16_273_snr20,vivos,whisper,tiny,zero_shot,,42,20,noise,CHÚNG TÔI ĐÃ ĐIỀU TRA NHỮNG TRƯỜNG HỢP CÓ NGHI VẤN GIAN DỐI, Chúng tôi đã điều tra những trường hợp các người vắng dành giới
VIVOSDEV16_273_snr10,vivos,whisper,tiny,zero_shot,,42,10,noise,CHÚNG TÔI ĐÃ ĐIỀU TRA NHỮNG TRƯỜNG HỢP CÓ NGHI VẤN GIAN DỐI, Chúng tôi đã đều tra những trường hợp con người vắng dân dối
VIVOSDEV16_273_snr5,vivos,whisper,tiny,zero_shot,,42,5,music,CHÚNG TÔI ĐÃ ĐIỀU TRA NHỮNG TRƯỜNG HỢP CÓ NGHI VẤN GIAN DỐI, Chúng tôi đã điều tra những trường hợp có y văn dây nhối
VIVOSDEV16_273_snr0,vivos,whisper,tiny,zero_shot,,42,0,music,CHÚNG TÔI ĐÃ ĐIỀU TRA NHỮNG TRƯỜNG HỢP CÓ NGHI VẤN GIAN DỐI, Cục tối đã được gàn cho tương hợp con thuy bánh tình luôn
VIVOSDEV09_022_clean,vivos,whisper,tiny,zero_shot,,42,clean,clean,TRỨNG MỰC QUYẾN RŨ CÁC NGƯ DÂN, chứng mật quên lâu cách người dân.
VIVOSDEV09_022_snr20,vivos,whisper,tiny,zero_shot,,42,20,music,TRỨNG MỰC QUYẾN RŨ CÁC NGƯ DÂN, chứng mật quý lộ các người dân.
VIVOSDEV09_022_snr10,vivos,whisper,tiny,zero_shot,,42,10,noise,TRỨNG MỰC QUYẾN RŨ CÁC NGƯ DÂN, Chứng mà quên hậu cách nơi dân
VIVOSDEV09_022_snr5,vivos,whisper,tiny,zero_shot,,42,5,noise,TRỨNG MỰC QUYẾN RŨ CÁC NGƯ DÂN, Trứng mà quý lâu có khu nghe
VIVOSDEV09_022_snr0,vivos,whisper,tiny,zero_shot,,42,0,speech,TRỨNG MỰC QUYẾN RŨ CÁC NGƯ DÂN, Mình sẽ mấy cái gì vậy?
VIVOSDEV14_027_clean,vivos,whisper,tiny,zero_shot,,42,clean,clean,BẠN CÓ THỂ THAM KHẢO MỘT SƠ YẾU LÝ LỊCH ĐIỆN TỬ SAU ĐÂY, Bạn có thể tham khả một số xơi đi lịch điện tử sau đây
VIVOSDEV14_027_snr20,vivos,whisper,tiny,zero_shot,,42,20,speech,BẠN CÓ THỂ THAM KHẢO MỘT SƠ YẾU LÝ LỊCH ĐIỆN TỬ SAU ĐÂY, Vàng có thể thêm khả một số xơi đi lần điện tủ sau đây
VIVOSDEV14_027_snr10,vivos,whisper,tiny,zero_shot,,42,10,noise,BẠN CÓ THỂ THAM KHẢO MỘT SƠ YẾU LÝ LỊCH ĐIỆN TỬ SAU ĐÂY, Bạn có thể tham khả một số xơi đi lịch điện tử sau đây
VIVOSDEV14_027_snr5,vivos,whisper,tiny,zero_shot,,42,5,speech,BẠN CÓ THỂ THAM KHẢO MỘT SƠ YẾU LÝ LỊCH ĐIỆN TỬ SAU ĐÂY, Bạn có thể thêm khả một xác giới vây dây xác giới châu.
VIVOSDEV14_027_snr0,vivos,whisper,tiny,zero_shot,,42,0,music,BẠN CÓ THỂ THAM KHẢO MỘT SƠ YẾU LÝ LỊCH ĐIỆN TỬ SAU ĐÂY," Bạn có thể thêm cảm ổng sấu xôi, nhưng đừng tụi xấu đây"
VIVOSDEV01_R098_clean,vivos,whisper,tiny,zero_shot,,42,clean,clean,TỈNH QUẢNG TRỊ ĐÃ PHÊ DUYỆT, Tính của anh kể đã phơi dịch.
VIVOSDEV01_R098_snr20,vivos,whisper,tiny,zero_shot,,42,20,noise,TỈNH QUẢNG TRỊ ĐÃ PHÊ DUYỆT, Tính của anh kỳ đã phơi dịch.
VIVOSDEV01_R098_snr10,vivos,whisper,tiny,zero_shot,,42,10,speech,TỈNH QUẢNG TRỊ ĐÃ PHÊ DUYỆT, Tình của anh kỳ đã phơi gìa.
VIVOSDEV01_R098_snr5,vivos,whisper,tiny,zero_shot,,42,5,noise,TỈNH QUẢNG TRỊ ĐÃ PHÊ DUYỆT, Tấn ngoãnh kể đã phơi dịch
VIVOSDEV01_R098_snr0,vivos,whisper,tiny,zero_shot,,42,0,music,TỈNH QUẢNG TRỊ ĐÃ PHÊ DUYỆT, Tất ngõ anh kể đã phơi dịch buồn.
VIVOSDEV06_296_clean,vivos,whisper,tiny,zero_shot,,42,clean,clean,CÔ ẤY ĐÃ QUÁ CHÉN, Cô ấy đã quá tríng
VIVOSDEV06_296_snr20,vivos,whisper,tiny,zero_shot,,42,20,speech,CÔ ẤY ĐÃ QUÁ CHÉN, Cô ấy đã quá tríng.
VIVOSDEV06_296_snr10,vivos,whisper,tiny,zero_shot,,42,10,speech,CÔ ẤY ĐÃ QUÁ CHÉN, Cô ấy đã quá tríng
VIVOSDEV06_296_snr5,vivos,whisper,tiny,zero_shot,,42,5,speech,CÔ ẤY ĐÃ QUÁ CHÉN, Cô ấy đã quá tríng.
VIVOSDEV06_296_snr0,vivos,whisper,tiny,zero_shot,,42,0,music,CÔ ẤY ĐÃ QUÁ CHÉN, Gồ ấy đã quá chếm
VIVOSDEV01_R058_clean,vivos,whisper,tiny,zero_shot,,42,clean,clean,GIÁM ĐỐC SỞ GIÁO DỤC ĐÀO TẠO NINH THUẬN CHO BIẾT, giám đốc sợ giá dục nào tạo ninh hưởng cho biết
VIVOSDEV01_R058_snr20,vivos,whisper,tiny,zero_shot,,42,20,noise,GIÁM ĐỐC SỞ GIÁO DỤC ĐÀO TẠO NINH THUẬN CHO BIẾT, giám đốc sợ giá yếu nhục nào ta linh hống cho biết
VIVOSDEV01_R058_snr10,vivos,whisper,tiny,zero_shot,,42,10,music,GIÁM ĐỐC SỞ GIÁO DỤC ĐÀO TẠO NINH THUẬN CHO BIẾT, giám nắp sả giá dục nào tháo ninh hồng cho biết
VIVOSDEV01_R058_snr5,vivos,whisper,tiny,zero_shot,,42,5,noise,GIÁM ĐỐC SỞ GIÁO DỤC ĐÀO TẠO NINH THUẬN CHO BIẾT, giám đốc giả giáo dục đào tạo ninh hưởng cho biết
VIVOSDEV01_R058_snr0,vivos,whisper,tiny,zero_shot,,42,0,noise,GIÁM ĐỐC SỞ GIÁO DỤC ĐÀO TẠO NINH THUẬN CHO BIẾT, Giá tóc xa giá được thảo và hôm trong vi
VIVOSDEV08_208_clean,vivos,whisper,tiny,zero_shot,,42,clean,clean,HAI MƯƠI HAI HAI MƯƠI BA, Hãy subscribe
VIVOSDEV08_208_snr20,vivos,whisper,tiny,zero_shot,,42,20,speech,HAI MƯƠI HAI HAI MƯƠI BA, Hãy đi đi đi đi đi đi đi đi đi đi đi đi đi đi đi đi đi đi đi đi đi đi đi đi đi đi đi đi đi đi đi đi đi đi đi đi đi đi đi đi đi đi đi đi đi đi đi đi đi đi đi đi đi đi đi đi đi đi đi đi đi đi đi đi đi đi đi đi đi đi đi đi đi đi đi đi đi đi đi đi đi đi đi đi đi đi đi đi đi đi đi đi đi đi đi đi đi đi đi đi đi đi đi đi đi đi đi đi đi đi đi đi đi đi đi đi đi đi đi đi đi đi đi đi đi đi
VIVOSDEV08_208_snr10,vivos,whisper,tiny,zero_shot,,42,10,noise,HAI MƯƠI HAI HAI MƯƠI BA," Hẹn ghi hay, hẹn ghi bà"
VIVOSDEV08_208_snr5,vivos,whisper,tiny,zero_shot,,42,5,noise,HAI MƯƠI HAI HAI MƯƠI BA, Hãy bỏ hãy bỏ
VIVOSDEV08_208_snr0,vivos,whisper,tiny,zero_shot,,42,0,music,HAI MƯƠI HAI HAI MƯƠI BA, Hãy subscribe
VIVOSDEV08_214_clean,vivos,whisper,tiny,zero_shot,,42,clean,clean,BA MƯƠI BỐN BA MƯƠI LĂM," Bà mùi bớm, bà mùi làm."
VIVOSDEV08_214_snr20,vivos,whisper,tiny,zero_shot,,42,20,music,BA MƯƠI BỐN BA MƯƠI LĂM," Bà mùi bớm, bà mùi làm."
VIVOSDEV08_214_snr10,vivos,whisper,tiny,zero_shot,,42,10,music,BA MƯƠI BỐN BA MƯƠI LĂM," Bà mùi vông, tạm với làm."
VIVOSDEV08_214_snr5,vivos,whisper,tiny,zero_shot,,42,5,music,BA MƯƠI BỐN BA MƯƠI LĂM," Bà mùi vốn, bà mùi lâm"
VIVOSDEV08_214_snr0,vivos,whisper,tiny,zero_shot,,42,0,music,BA MƯƠI BỐN BA MƯƠI LĂM," Và bây bớm, và bây làm"
VIVOSDEV07_093_clean,vivos,whisper,tiny,zero_shot,,42,clean,clean,PHỤC VỤ CHO MÙA THI ĐẠI HỌC ĐANG ĐẾN SÁT SẠT, Phục vũ kêu mồ thí đại học đang đến sách sách
VIVOSDEV07_093_snr20,vivos,whisper,tiny,zero_shot,,42,20,speech,PHỤC VỤ CHO MÙA THI ĐẠI HỌC ĐANG ĐẾN SÁT SẠT, Vột vũ kênh mồ thí đại học đang đến sách sách
VIVOSDEV07_093_snr10,vivos,whisper,tiny,zero_shot,,42,10,noise,PHỤC VỤ CHO MÙA THI ĐẠI HỌC ĐANG ĐẾN SÁT SẠT, Phục vũ cho mổ thị đại học đang đến sách sách
VIVOSDEV07_093_snr5,vivos,whisper,tiny,zero_shot,,42,5,music,PHỤC VỤ CHO MÙA THI ĐẠI HỌC ĐANG ĐẾN SÁT SẠT, Cô phố gương mổ đi đấy hảo đang lớn chắc sẽ
VIVOSDEV07_093_snr0,vivos,whisper,tiny,zero_shot,,42,0,noise,PHỤC VỤ CHO MÙA THI ĐẠI HỌC ĐANG ĐẾN SÁT SẠT, Phục vũ kia mùa thí đại học đăng đến sách sách
VIVOSDEV05_286_clean,vivos,whisper,tiny,zero_shot,,42,clean,clean,THẾ NHƯNG KHI GIÁ PHÔI THÉP THẾ GIỚI CAO DẦN, Thế những kỳ giá phối tẹp thế giới giao dân.
VIVOSDEV05_286_snr20,vivos,whisper,tiny,zero_shot,,42,20,noise,THẾ NHƯNG KHI GIÁ PHÔI THÉP THẾ GIỚI CAO DẦN, Thế những kỳ giá phối kép thế giới cao dân.
VIVOSDEV05_286_snr10,vivos,whisper,tiny,zero_shot,,42,10,music,THẾ NHƯNG KHI GIÁ PHÔI THÉP THẾ GIỚI CAO DẦN, Thế nhưng khi giá phối tẹp thế giới cầu dân.
VIVOSDEV05_286_snr5,vivos,whisper,tiny,zero_shot,,42,5,noise,THẾ NHƯNG KHI GIÁ PHÔI THÉP THẾ GIỚI CAO DẦN, Thế nhưng khi giá phối tẹp thế giới gạo dân
VIVOSDEV05_286_snr0,vivos,whisper,tiny,zero_shot,,42,0,noise,THẾ NHƯNG KHI GIÁ PHÔI THÉP THẾ GIỚI CAO DẦN, Thế nhưng khi ra phối thế thế giới giao dân
VIVOSDEV13_227_clean,vivos,whisper,tiny,zero_shot,,42,clean,clean,TẠI ĐÂY CÓ MỘT ÔNG TRƯỞNG PHÒNG NHÂN SỰ CÔNG TY, Đại đây có một ông chưởng phòng nhân sửa công ty
VIVOSDEV13_227_snr20,vivos,whisper,tiny,zero_shot,,42,20,noise,TẠI ĐÂY CÓ MỘT ÔNG TRƯỞNG PHÒNG NHÂN SỰ CÔNG TY, tại đây có một ông chưởng phòng nhân sửa công ty
VIVOSDEV13_227_snr10,vivos,whisper,tiny,zero_shot,,42,10,music,TẠI ĐÂY CÓ MỘT ÔNG TRƯỞNG PHÒNG NHÂN SỰ CÔNG TY, Đại đây có một ông chưởng phòng nhân sửa công ty
VIVOSDEV13_227_snr5,vivos,whisper,tiny,zero_shot,,42,5,music,TẠI ĐÂY CÓ MỘT ÔNG TRƯỞNG PHÒNG NHÂN SỰ CÔNG TY, Tại đây có một ông chuyển phòng nhân sự công ty
VIVOSDEV13_227_snr0,vivos,whisper,tiny,zero_shot,,42,0,speech,TẠI ĐÂY CÓ MỘT ÔNG TRƯỞNG PHÒNG NHÂN SỰ CÔNG TY, Hãy góp phần ơn ông chuyển phòng nhân sửa công ty
VIVOSDEV07_182_clean,vivos,whisper,tiny,zero_shot,,42,clean,clean,NHỮNG NGƯỜI HOÀI NGHI NÓI RẰNG GIỮ ĐƯỢC VẬT TREO LỦNG LẲNG TRÊN NGƯỜI, Những người hoài ngây nói rằng giữ được vật theo lỗng lắng trên người
VIVOSDEV07_182_snr20,vivos,whisper,tiny,zero_shot,,42,20,speech,NHỮNG NGƯỜI HOÀI NGHI NÓI RẰNG GIỮ ĐƯỢC VẬT TREO LỦNG LẲNG TRÊN NGƯỜI, Những người hoài nghe nói rằng giữ được vật theo lỗng lãng trên người.
VIVOSDEV07_182_snr10,vivos,whisper,tiny,zero_shot,,42,10,noise,NHỮNG NGƯỜI HOÀI NGHI NÓI RẰNG GIỮ ĐƯỢC VẬT TREO LỦNG LẲNG TRÊN NGƯỜI, Những người hoài nghe nói rằng giữ được bật theo lống lắng trên người
VIVOSDEV07_182_snr5,vivos,whisper,tiny,zero_shot,,42,5,noise,NHỮNG NGƯỜI HOÀI NGHI NÓI RẰNG GIỮ ĐƯỢC VẬT TREO LỦNG LẲNG TRÊN NGƯỜI, Dạng người hoài ngây nó là giữ được vào cao lống lắng trơn người
VIVOSDEV07_182_snr0,vivos,whisper,tiny,zero_shot,,42,0,speech,NHỮNG NGƯỜI HOÀI NGHI NÓI RẰNG GIỮ ĐƯỢC VẬT TREO LỦNG LẲNG TRÊN NGƯỜI, Dữ người hoài ngay nói là những nửng bật theo lống nặng rất người.
VIVOSDEV06_001_clean,vivos,whisper,tiny,zero_shot,,42,clean,clean,ĐƠN GIẢN LÀ TÁN GẪU VỚI NHAU, đơn giản là tán gổ với nhau
VIVOSDEV06_001_snr20,vivos,whisper,tiny,zero_shot,,42,20,noise,ĐƠN GIẢN LÀ TÁN GẪU VỚI NHAU, đơn giản là tán gổ với nhau
VIVOSDEV06_001_snr10,vivos,whisper,tiny,zero_shot,,42,10,music,ĐƠN GIẢN LÀ TÁN GẪU VỚI NHAU, đơn giản là tán gẩu với nhau
VIVOSDEV06_001_snr5,vivos,whisper,tiny,zero_shot,,42,5,noise,ĐƠN GIẢN LÀ TÁN GẪU VỚI NHAU, Đơn giản là tán gấu với nhau
VIVOSDEV06_001_snr0,vivos,whisper,tiny,zero_shot,,42,0,noise,ĐƠN GIẢN LÀ TÁN GẪU VỚI NHAU, đơn giản là tán cố vơi nhau
VIVOSDEV09_297_clean,vivos,whisper,tiny,zero_shot,,42,clean,clean,THẾ NÀO LÀ HOÀN HẢO, Thế nào loa hoàn hảo
VIVOSDEV09_297_snr20,vivos,whisper,tiny,zero_shot,,42,20,noise,THẾ NÀO LÀ HOÀN HẢO, Thế nào loa hoàn hảo
VIVOSDEV09_297_snr10,vivos,whisper,tiny,zero_shot,,42,10,noise,THẾ NÀO LÀ HOÀN HẢO, Thế nào loa hoàn hảo
VIVOSDEV09_297_snr5,vivos,whisper,tiny,zero_shot,,42,5,music,THẾ NÀO LÀ HOÀN HẢO, Hãy nào lạm hoàn áo.
VIVOSDEV09_297_snr0,vivos,whisper,tiny,zero_shot,,42,0,music,THẾ NÀO LÀ HOÀN HẢO, Thế nào làm hoàn hảo
VIVOSDEV15_121_clean,vivos,whisper,tiny,zero_shot,,42,clean,clean,TRẢI DÀI HÀNG CHỤC CÂY SỐ ĐỀU THU GỌN VÀO TẦM MẮT, trải dây hàng trục kây số đều thu gọi vào tấm mắt
VIVOSDEV15_121_snr20,vivos,whisper,tiny,zero_shot,,42,20,music,TRẢI DÀI HÀNG CHỤC CÂY SỐ ĐỀU THU GỌN VÀO TẦM MẮT, Chả dài hàng trục kây số đều thu gọi vào tấm mắt
VIVOSDEV15_121_snr10,vivos,whisper,tiny,zero_shot,,42,10,speech,TRẢI DÀI HÀNG CHỤC CÂY SỐ ĐỀU THU GỌN VÀO TẦM MẮT, chói trời trời trời trời trời trời trời trời trời trời trời trời trời trời trời trời trời trời trời trời trời trời trời trời trời trời trời trời trời trời trời trời trời trời trời trời trời trời trời trời trời trời trời trời trời trời trời trời trời trời trời trời trời trời trời trời trời trời trời trời trời trời tr
VIVOSDEV15_121_snr5,vivos,whisper,tiny,zero_shot,,42,5,music,TRẢI DÀI HÀNG CHỤC CÂY SỐ ĐỀU THU GỌN VÀO TẦM MẮT, Chả dây hàng cho kê số đều thu hợp vào tâm mắt
VIVOSDEV15_121_snr0,vivos,whisper,tiny,zero_shot,,42,0,noise,TRẢI DÀI HÀNG CHỤC CÂY SỐ ĐỀU THU GỌN VÀO TẦM MẮT, chả dài hành cho kê số đều thu gọi vào tâm mắt
VIVOSDEV15_209_clean,vivos,whisper,tiny,zero_shot,,42,clean,clean,HỌ THÍCH NGHI VỚI VĂN HÓA CÔNG TY NHƯ THẾ NÀO, Họ tin gì với văn hóa công ty như thế nào
VIVOSDEV15_209_snr20,vivos,whisper,tiny,zero_shot,,42,20,speech,HỌ THÍCH NGHI VỚI VĂN HÓA CÔNG TY NHƯ THẾ NÀO, Họ thích nghi với văn hà cơm tiên như thế nào
VIVOSDEV15_209_snr10,vivos,whisper,tiny,zero_shot,,42,10,speech,HỌ THÍCH NGHI VỚI VĂN HÓA CÔNG TY NHƯ THẾ NÀO, Họ tin gì với bàn hào công tyng như thế nào.
VIVOSDEV15_209_snr5,vivos,whisper,tiny,zero_shot,,42,5,music,HỌ THÍCH NGHI VỚI VĂN HÓA CÔNG TY NHƯ THẾ NÀO, Họ thế giới văn hả cầm tìm như thế nào?
VIVOSDEV15_209_snr0,vivos,whisper,tiny,zero_shot,,42,0,music,HỌ THÍCH NGHI VỚI VĂN HÓA CÔNG TY NHƯ THẾ NÀO, Họ tình gây với bên họ cùng tình như thế nào
VIVOSDEV11_036_clean,vivos,whisper,tiny,zero_shot,,42,clean,clean,TÔI CÓ THỂ CĂM GIẬN ĐỦ THỨ, tôi có thể cầm dẫn đủ thấu
VIVOSDEV11_036_snr20,vivos,whisper,tiny,zero_shot,,42,20,noise,TÔI CÓ THỂ CĂM GIẬN ĐỦ THỨ, Đời có thể cầm dẫn đấu thức
VIVOSDEV11_036_snr10,vivos,whisper,tiny,zero_shot,,42,10,noise,TÔI CÓ THỂ CĂM GIẬN ĐỦ THỨ, đời có thể gâm dành đủ thức
VIVOSDEV11_036_snr5,vivos,whisper,tiny,zero_shot,,42,5,music,TÔI CÓ THỂ CĂM GIẬN ĐỦ THỨ, đời có thể cầm dần đủ thử
VIVOSDEV11_036_snr0,vivos,whisper,tiny,zero_shot,,42,0,speech,TÔI CÓ THỂ CĂM GIẬN ĐỦ THỨ, Bởi có thật giám tìm là lửa đúng.
VIVOSDEV04_R100_clean,vivos,whisper,tiny,zero_shot,,42,clean,clean,BÀ NÓI, Bà nói
VIVOSDEV04_R100_snr20,vivos,whisper,tiny,zero_shot,,42,20,noise,BÀ NÓI, Bà nói
VIVOSDEV04_R100_snr10,vivos,whisper,tiny,zero_shot,,42,10,music,BÀ NÓI, Bà nói
VIVOSDEV04_R100_snr5,vivos,whisper,tiny,zero_shot,,42,5,speech,BÀ NÓI," bà nói,"
VIVOSDEV04_R100_snr0,vivos,whisper,tiny,zero_shot,,42,0,noise,BÀ NÓI, Bà nội
VIVOSDEV11_048_clean,vivos,whisper,tiny,zero_shot,,42,clean,clean,VÀNG ÓNG ĐÔI GHỆT CAO CỔ CỦA NGỰ LÂM QUÂN, và ăn ám đôi gặt cao có quốc của người lắm quân
VIVOSDEV11_048_snr20,vivos,whisper,tiny,zero_shot,,42,20,noise,VÀNG ÓNG ĐÔI GHỆT CAO CỔ CỦA NGỰ LÂM QUÂN, Vàng ám đôi gặt cao có quân ở lắm quân
VIVOSDEV11_048_snr10,vivos,whisper,tiny,zero_shot,,42,10,music,VÀNG ÓNG ĐÔI GHỆT CAO CỔ CỦA NGỰ LÂM QUÂN, Bạn ám đôi gạt cao có quốc của người lắm quân
VIVOSDEV11_048_snr5,vivos,whisper,tiny,zero_shot,,42,5,speech,VÀNG ÓNG ĐÔI GHỆT CAO CỔ CỦA NGỰ LÂM QUÂN, Vàng ám đôi gặp chào có quốc nổi lắm chút.
VIVOSDEV11_048_snr0,vivos,whisper,tiny,zero_shot,,42,0,music,VÀNG ÓNG ĐÔI GHỆT CAO CỔ CỦA NGỰ LÂM QUÂN, và ăn đôi gặp cao có quốc nửa lắm quân
VIVOSDEV17_213_clean,vivos,whisper,tiny,zero_shot,,42,clean,clean,ĐOÀN ĐI THUYỀN ĐẾN MỘT KHU LÀNG DÂN TỘC THIỂU SỐ, Rồi anh đi thịnh đến một khu lạng những tập thị sốt
VIVOSDEV17_213_snr20,vivos,whisper,tiny,zero_shot,,42,20,noise,ĐOÀN ĐI THUYỀN ĐẾN MỘT KHU LÀNG DÂN TỘC THIỂU SỐ, Rồi anh đi thịnh đến một khu lạng những tập thị sốt
VIVOSDEV17_213_snr10,vivos,whisper,tiny,zero_shot,,42,10,noise,ĐOÀN ĐI THUYỀN ĐẾN MỘT KHU LÀNG DÂN TỘC THIỂU SỐ, Đạn đi thiệt đến một khu lạng những tập thị sốt
VIVOSDEV17_213_snr5,vivos,whisper,tiny,zero_shot,,42,5,speech,ĐOÀN ĐI THUYỀN ĐẾN MỘT KHU LÀNG DÂN TỘC THIỂU SỐ, Rồi phải lên trường đến một khô lãnh nhìn tập tảy so.
VIVOSDEV17_213_snr0,vivos,whisper,tiny,zero_shot,,42,0,music,ĐOÀN ĐI THUYỀN ĐẾN MỘT KHU LÀNG DÂN TỘC THIỂU SỐ, Đại đi trị đến hộ hứa lạnh tập trị sống
VIVOSDEV16_067_clean,vivos,whisper,tiny,zero_shot,,42,clean,clean,HÌNH NHƯ KHÔNG CÓ CẢ MỘT TRONG HAI TÀI VÀ ĐỨC, Hình như không có cả 1 trong 2 tài và đức
VIVOSDEV16_067_snr20,vivos,whisper,tiny,zero_shot,,42,20,noise,HÌNH NHƯ KHÔNG CÓ CẢ MỘT TRONG HAI TÀI VÀ ĐỨC, Hình như không có cả 1 trong 2 tài và đức
VIVOSDEV16_067_snr10,vivos,whisper,tiny,zero_shot,,42,10,music,HÌNH NHƯ KHÔNG CÓ CẢ MỘT TRONG HAI TÀI VÀ ĐỨC, Hình như không có cả 1 trong 2 tài vật
VIVOSDEV16_067_snr5,vivos,whisper,tiny,zero_shot,,42,5,noise,HÌNH NHƯ KHÔNG CÓ CẢ MỘT TRONG HAI TÀI VÀ ĐỨC, Thì như không có thể vợ trong ai tại với đức
VIVOSDEV16_067_snr0,vivos,whisper,tiny,zero_shot,,42,0,noise,HÌNH NHƯ KHÔNG CÓ CẢ MỘT TRONG HAI TÀI VÀ ĐỨC, Bình yêu không có chá hột chá hài trái rật
VIVOSDEV18_198_clean,vivos,whisper,tiny,zero_shot,,42,clean,clean,MẤY NGÀY NAY CHÚNG TÔI ĐÃ TỊCH THU ĐƯỢC KHÁ NHIỀU GÀ CHẾT, này chúng tôi đã tìt thù được khán nhiều gà chết
VIVOSDEV18_198_snr20,vivos,whisper,tiny,zero_shot,,42,20,noise,MẤY NGÀY NAY CHÚNG TÔI ĐÃ TỊCH THU ĐƯỢC KHÁ NHIỀU GÀ CHẾT, này chúng tôi đã tìt thú được khán nhiều gà chết
VIVOSDEV18_198_snr10,vivos,whisper,tiny,zero_shot,,42,10,noise,MẤY NGÀY NAY CHÚNG TÔI ĐÃ TỊCH THU ĐƯỢC KHÁ NHIỀU GÀ CHẾT, Này chúng tôi đã tích thô được khán nhiều gà chết
VIVOSDEV18_198_snr5,vivos,whisper,tiny,zero_shot,,42,5,music,MẤY NGÀY NAY CHÚNG TÔI ĐÃ TỊCH THU ĐƯỢC KHÁ NHIỀU GÀ CHẾT, Này này chúng tôi đã tình thô được khán nhiều gà chết
VIVOSDEV18_198_snr0,vivos,whisper,tiny,zero_shot,,42,0,music,MẤY NGÀY NAY CHÚNG TÔI ĐÃ TỊCH THU ĐƯỢC KHÁ NHIỀU GÀ CHẾT, Này chút tôi đã từng tụi được khán nhiều đặt thích
VIVOSDEV12_135_clean,vivos,whisper,tiny,zero_shot,,42,clean,clean,ÔNG ĐƯỢC NHIỀU NGƯỜI BIẾT ĐẾN, ông được nhiều người biết đơn.
VIVOSDEV12_135_snr20,vivos,whisper,tiny,zero_shot,,42,20,noise,ÔNG ĐƯỢC NHIỀU NGƯỜI BIẾT ĐẾN, ông được nhiều người biết đơn
VIVOSDEV12_135_snr10,vivos,whisper,tiny,zero_shot,,42,10,music,ÔNG ĐƯỢC NHIỀU NGƯỜI BIẾT ĐẾN, ông được nhiều người biết đơn
VIVOSDEV12_135_snr5,vivos,whisper,tiny,zero_shot,,42,5,noise,ÔNG ĐƯỢC NHIỀU NGƯỜI BIẾT ĐẾN, ông được nhiều người biết đơn
VIVOSDEV12_135_snr0,vivos,whisper,tiny,zero_shot,,42,0,noise,ÔNG ĐƯỢC NHIỀU NGƯỜI BIẾT ĐẾN, ông được nhiều người biết đơn
VIVOSDEV05_055_clean,vivos,whisper,tiny,zero_shot,,42,clean,clean,NHƯNG MỨC ÁN TỬ HÌNH ĐỐI VỚI CÁC BỊ CÁO LÀ TƯƠNG XỨNG, Nhưng mức an tử hành đối với các vị cáo là tương dẫn.
VIVOSDEV05_055_snr20,vivos,whisper,tiny,zero_shot,,42,20,noise,NHƯNG MỨC ÁN TỬ HÌNH ĐỐI VỚI CÁC BỊ CÁO LÀ TƯƠNG XỨNG, Nhưng mức an tử hành đối với các vị cáo là tương dân.
VIVOSDEV05_055_snr10,vivos,whisper,tiny,zero_shot,,42,10,speech,NHƯNG MỨC ÁN TỬ HÌNH ĐỐI VỚI CÁC BỊ CÁO LÀ TƯƠNG XỨNG, Nhưng mức an tử hình đối với các quay cáo là tử dân.
VIVOSDEV05_055_snr5,vivos,whisper,tiny,zero_shot,,42,5,music,NHƯNG MỨC ÁN TỬ HÌNH ĐỐI VỚI CÁC BỊ CÁO LÀ TƯƠNG XỨNG, Nhưng mức an tử hình đối với các quý cáo là tử dân
VIVOSDEV05_055_snr0,vivos,whisper,tiny,zero_shot,,42,0,noise,NHƯNG MỨC ÁN TỬ HÌNH ĐỐI VỚI CÁC BỊ CÁO LÀ TƯƠNG XỨNG, Nhưng mức ảnh tử hành đôi với các vị cao là tử dân
VIVOSDEV14_116_clean,vivos,whisper,tiny,zero_shot,,42,clean,clean,MỘT GÓC CÂU CÁ TRÊN CẦU SÀI GÒN ẢNH MAI VINH, Một góp câu cá trên cầu xa gòn ảnh mai vinh
VIVOSDEV14_116_snr20,vivos,whisper,tiny,zero_shot,,42,20,noise,MỘT GÓC CÂU CÁ TRÊN CẦU SÀI GÒN ẢNH MAI VINH, Một góp câu cá trên cầu xa gần ảnh mai vinh
VIVOSDEV14_116_snr10,vivos,whisper,tiny,zero_shot,,42,10,noise,MỘT GÓC CÂU CÁ TRÊN CẦU SÀI GÒN ẢNH MAI VINH," Một góp câu cá trên cầu xa gòn anh ấy, ai vương"
VIVOSDEV14_116_snr5,vivos,whisper,tiny,zero_shot,,42,5,music,MỘT GÓC CÂU CÁ TRÊN CẦU SÀI GÒN ẢNH MAI VINH, Một lấp cầu cây sẽ đi cầu sẽ gần.
VIVOSDEV14_116_snr0,vivos,whisper,tiny,zero_shot,,42,0,noise,MỘT GÓC CÂU CÁ TRÊN CẦU SÀI GÒN ẢNH MAI VINH, Một plop coca trên cầu xa gần ánh mai bên
VIVOSDEV05_155_clean,vivos,whisper,tiny,zero_shot,,42,clean,clean,NỬA VÒNG TRÁI ĐẤT HƠN BẢY NĂM, Nữ vòng tay đất hơn bấy năm.
VIVOSDEV05_155_snr20,vivos,whisper,tiny,zero_shot,,42,20,speech,NỬA VÒNG TRÁI ĐẤT HƠN BẢY NĂM, Nữ vòng trái đất hơn bánh năm.
VIVOSDEV05_155_snr10,vivos,whisper,tiny,zero_shot,,42,10,noise,NỬA VÒNG TRÁI ĐẤT HƠN BẢY NĂM, Nữ vòng tay đất hơn bấy năm
VIVOSDEV05_155_snr5,vivos,whisper,tiny,zero_shot,,42,5,noise,NỬA VÒNG TRÁI ĐẤT HƠN BẢY NĂM, Lửa vào đai đất hơn bánh năm
VIVOSDEV05_155_snr0,vivos,whisper,tiny,zero_shot,,42,0,music,NỬA VÒNG TRÁI ĐẤT HƠN BẢY NĂM, Đứa vào đái đất hương bái năm
VIVOSDEV01_R170_clean,vivos,whisper,tiny,zero_shot,,42,clean,clean,ĐÔI BÀN TAY EM KHÔNG ĐƯỢC MỀM MẠI VÀ NÕN NÀ, Đôi bạn tay em không được miếng mãi và nóng nè
VIVOSDEV01_R170_snr20,vivos,whisper,tiny,zero_shot,,42,20,noise,ĐÔI BÀN TAY EM KHÔNG ĐƯỢC MỀM MẠI VÀ NÕN NÀ, Tôi bản tay m không được miếng mãi và nóng nè.
VIVOSDEV01_R170_snr10,vivos,whisper,tiny,zero_shot,,42,10,music,ĐÔI BÀN TAY EM KHÔNG ĐƯỢC MỀM MẠI VÀ NÕN NÀ, Tối bản tay em không được miếng mãi và nỗn nè.
VIVOSDEV01_R170_snr5,vivos,whisper,tiny,zero_shot,,42,5,noise,ĐÔI BÀN TAY EM KHÔNG ĐƯỢC MỀM MẠI VÀ NÕN NÀ, Tôi bản tay em không được miếng mãi bà nó nghe
VIVOSDEV01_R170_snr0,vivos,whisper,tiny,zero_shot,,42,0,noise,ĐÔI BÀN TAY EM KHÔNG ĐƯỢC MỀM MẠI VÀ NÕN NÀ, Tối bản tay em không được miếng mãi bản hó mẹ
VIVOSDEV12_275_clean,vivos,whisper,tiny,zero_shot,,42,clean,clean,TÔI KHÔNG THẤY GÌ LÀ ĐÚNG KHI TĂNG GIÁ XE VÀO CÁC DỊP TẾT, Tối không thấy dự là đúng khi tăng ra xe vào gác dịp tất
VIVOSDEV12_275_snr20,vivos,whisper,tiny,zero_shot,,42,20,speech,TÔI KHÔNG THẤY GÌ LÀ ĐÚNG KHI TĂNG GIÁ XE VÀO CÁC DỊP TẾT, tôi không thấy gì là đúng khi tăng ra xe vào gác dịt tất
VIVOSDEV12_275_snr10,vivos,whisper,tiny,zero_shot,,42,10,speech,TÔI KHÔNG THẤY GÌ LÀ ĐÚNG KHI TĂNG GIÁ XE VÀO CÁC DỊP TẾT," Tối không thấy gì là đúng, khi tăng ra xe vào gác dịt tất."
VIVOSDEV12_275_snr5,vivos,whisper,tiny,zero_shot,,42,5,speech,TÔI KHÔNG THẤY GÌ LÀ ĐÚNG KHI TĂNG GIÁ XE VÀO CÁC DỊP TẾT, thôi không thấy gì là đúng không? khi tăng ra xe vào gát đẹp tất
VIVOSDEV12_275_snr0,vivos,whisper,tiny,zero_shot,,42,0,noise,TÔI KHÔNG THẤY GÌ LÀ ĐÚNG KHI TĂNG GIÁ XE VÀO CÁC DỊP TẾT, thôi không thấy dưới là đúng khi tăng ra xe vào gác dịt tất
VIVOSDEV18_114_clean,vivos,whisper,tiny,zero_shot,,42,clean,clean,LÀM ĐƯỢC HẾT KHỐI CÔNG VIỆC ẤY LÀ MỘT NỖ LỰC RẤT LỚN, được hết khôi công việc ấy làm một nỗi lực rất lớn.
VIVOSDEV18_114_snr20,vivos,whisper,tiny,zero_shot,,42,20,noise,LÀM ĐƯỢC HẾT KHỐI CÔNG VIỆC ẤY LÀ MỘT NỖ LỰC RẤT LỚN, Được hết khối công việc ảy làm một nỗi lực rất lớn.
VIVOSDEV18_114_snr10,vivos,whisper,tiny,zero_shot,,42,10,noise,LÀM ĐƯỢC HẾT KHỐI CÔNG VIỆC ẤY LÀ MỘT NỖ LỰC RẤT LỚN, Được hết khóa công việc ấy là một mỗi lực bất lơn
VIVOSDEV18_114_snr5,vivos,whisper,tiny,zero_shot,,42,5,noise,LÀM ĐƯỢC HẾT KHỐI CÔNG VIỆC ẤY LÀ MỘT NỖ LỰC RẤT LỚN, Được hết khối công việc ấy làm một nỗi lực rất là...
VIVOSDEV18_114_snr0,vivos,whisper,tiny,zero_shot,,42,0,music,LÀM ĐƯỢC HẾT KHỐI CÔNG VIỆC ẤY LÀ MỘT NỖ LỰC RẤT LỚN, Để hết phố em để ảy là một phố nực bất lần
VIVOSDEV18_282_clean,vivos,whisper,tiny,zero_shot,,42,clean,clean,NHƯNG CUỐI CÙNG CHẲNG AI CHỊU NỔI CÁI TÍNH HAM VUI CỦA TÔI, Cái cây bước cùng trắng ai chuyển nội cái tin hâm vui của tôi.
VIVOSDEV18_282_snr20,vivos,whisper,tiny,zero_shot,,42,20,music,NHƯNG CUỐI CÙNG CHẲNG AI CHỊU NỔI CÁI TÍNH HAM VUI CỦA TÔI, Cái cây bước cùng trắng ai chủ nội cái tin hâm vui của tôi.
VIVOSDEV18_282_snr10,vivos,whisper,tiny,zero_shot,,42,10,music,NHƯNG CUỐI CÙNG CHẲNG AI CHỊU NỔI CÁI TÍNH HAM VUI CỦA TÔI, Cứ cùng chẳng ai chưa nói cái tin hâm vứa của tôi
VIVOSDEV18_282_snr5,vivos,whisper,tiny,zero_shot,,42,5,noise,NHƯNG CUỐI CÙNG CHẲNG AI CHỊU NỔI CÁI TÍNH HAM VUI CỦA TÔI, Cái cây cây cây cây cây cây cây cây cây cây cây cây cây cây cây cây cây cây cây cây cây cây cây cây cây cây cây cây cây cây cây cây cây cây cây cây cây cây cây cây cây cây cây cây cây cây cây cây cây cây cây cây cây cây cây cây cây cây cây cây cây cây cây
VIVOSDEV18_282_snr0,vivos,whisper,tiny,zero_shot,,42,0,noise,NHƯNG CUỐI CÙNG CHẲNG AI CHỊU NỔI CÁI TÍNH HAM VUI CỦA TÔI, Thôi cùng cả ai chuyện hồi tái trên hàng vô của tôi
VIVOSDEV12_054_clean,vivos,whisper,tiny,zero_shot,,42,clean,clean,THIẾU SỰ QUAN TÂM ĐÚNG MỨC TỪ CÁC CƠ QUAN CHỨC NĂNG, Thư sẽ quan tâm đúng mất tờ các cơ quan chức năng.
VIVOSDEV12_054_snr20,vivos,whisper,tiny,zero_shot,,42,20,noise,THIẾU SỰ QUAN TÂM ĐÚNG MỨC TỪ CÁC CƠ QUAN CHỨC NĂNG, Thế sự quan tâm đúng mất tờ các cơ quan chức năng.
VIVOSDEV12_054_snr10,vivos,whisper,tiny,zero_shot,,42,10,speech,THIẾU SỰ QUAN TÂM ĐÚNG MỨC TỪ CÁC CƠ QUAN CHỨC NĂNG, Thư sẽ quan thăm đúng mất tờ các gờ quan chức phần.
VIVOSDEV12_054_snr5,vivos,whisper,tiny,zero_shot,,42,5,music,THIẾU SỰ QUAN TÂM ĐÚNG MỨC TỪ CÁC CƠ QUAN CHỨC NĂNG, Thứ sự quan tâm đúng mất tờ các cơ quan chức năng
VIVOSDEV12_054_snr0,vivos,whisper,tiny,zero_shot,,42,0,noise,THIẾU SỰ QUAN TÂM ĐÚNG MỨC TỪ CÁC CƠ QUAN CHỨC NĂNG," Hương sẽ quay tài đúng không? Tời ơi, càng quay kích nè"
VIVOSDEV10_129_clean,vivos,whisper,tiny,zero_shot,,42,clean,clean,ĐIỀU NÀY ĐÚNG VỚI MỌI CẤP ĐỘ VÀ TRONG MỌI LĨNH VỰC CỦA ĐỜI SỐNG, Điều ngay lâu vui mọi cấp lâu và cấp mọi những vật có ai xong
VIVOSDEV10_129_snr20,vivos,whisper,tiny,zero_shot,,42,20,noise,ĐIỀU NÀY ĐÚNG VỚI MỌI CẤP ĐỘ VÀ TRONG MỌI LĨNH VỰC CỦA ĐỜI SỐNG, Nếu ngày lâu cũng với mọi cấp lỡ và cấp mọi những vật có ai xong
VIVOSDEV10_129_snr10,vivos,whisper,tiny,zero_shot,,42,10,music,ĐIỀU NÀY ĐÚNG VỚI MỌI CẤP ĐỘ VÀ TRONG MỌI LĨNH VỰC CỦA ĐỜI SỐNG, Nếu nghe lúc gối mọi các lâu gâu mọi người có ai xong
VIVOSDEV10_129_snr5,vivos,whisper,tiny,zero_shot,,42,5,noise,ĐIỀU NÀY ĐÚNG VỚI MỌI CẤP ĐỘ VÀ TRONG MỌI LĨNH VỰC CỦA ĐỜI SỐNG," Nếu nè lâu không có em ngoài cấp lâu, gông ngoài in bật có em ngoài xông"
VIVOSDEV10_129_snr0,vivos,whisper,tiny,zero_shot,,42,0,music,ĐIỀU NÀY ĐÚNG VỚI MỌI CẤP ĐỘ VÀ TRONG MỌI LĨNH VỰC CỦA ĐỜI SỐNG," Thì hôm nay, lúc bối mọi cập đau và cập mọi người cũng bất bối ở trong"
VIVOSDEV16_228_clean,vivos,whisper,tiny,zero_shot,,42,clean,clean,XEN KẼ GIỮA NHỮNG MÀN BIỂU DIỄN LÀ NHỮNG PHÚT VUI CHƠI TẬP THỂ, Xanh kế giữa những màn bíu dĩnh là những phút vui cho tập thái.
VIVOSDEV16_228_snr20,vivos,whisper,tiny,zero_shot,,42,20,speech,XEN KẼ GIỮA NHỮNG MÀN BIỂU DIỄN LÀ NHỮNG PHÚT VUI CHƠI TẬP THỂ, Xanh kế giữa những màn bíu dĩnh là những phút vui cho tập thái.
VIVOSDEV16_228_snr10,vivos,whisper,tiny,zero_shot,,42,10,noise,XEN KẼ GIỮA NHỮNG MÀN BIỂU DIỄN LÀ NHỮNG PHÚT VUI CHƠI TẬP THỂ, Bánh gái dưới nhấn đàn bư dĩnh là nhấn phút vui cho tập thật
VIVOSDEV16_228_snr5,vivos,whisper,tiny,zero_shot,,42,5,music,XEN KẼ GIỮA NHỮNG MÀN BIỂU DIỄN LÀ NHỮNG PHÚT VUI CHƠI TẬP THỂ, sẽ kể dữ hưởng bàn bíu dĩnh là những phút phu vui cho tập thế.
VIVOSDEV16_228_snr0,vivos,whisper,tiny,zero_shot,,42,0,music,XEN KẼ GIỮA NHỮNG MÀN BIỂU DIỄN LÀ NHỮNG PHÚT VUI CHƠI TẬP THỂ, sẽ bấy dưới nhìn thành bư dễ là nhìn phát phu dơ được hả?
VIVOSDEV18_265_clean,vivos,whisper,tiny,zero_shot,,42,clean,clean,SAU ĐÓ HỌ LÂN LA SANG CHƠI RỒI ĐÁNH CẮP ĐỨA BÉ, Sau đó họ lên là sang cho Rồi đánh cập đưa bế
VIVOSDEV18_265_snr20,vivos,whisper,tiny,zero_shot,,42,20,music,SAU ĐÓ HỌ LÂN LA SANG CHƠI RỒI ĐÁNH CẮP ĐỨA BÉ, Sau đó họ lên là sang cho Rồi đánh cấp được bế
VIVOSDEV18_265_snr10,vivos,whisper,tiny,zero_shot,,42,10,noise,SAU ĐÓ HỌ LÂN LA SANG CHƠI RỒI ĐÁNH CẮP ĐỨA BÉ, xong đá hỏi lên là sang cho rồi đánh cấp bư
VIVOSDEV18_265_snr5,vivos,whisper,tiny,zero_shot,,42,5,noise,SAU ĐÓ HỌ LÂN LA SANG CHƠI RỒI ĐÁNH CẮP ĐỨA BÉ, Sau đó họ lên là sang chưa vô đánh cắp đưa bế
VIVOSDEV18_265_snr0,vivos,whisper,tiny,zero_shot,,42,0,music,SAU ĐÓ HỌ LÂN LA SANG CHƠI RỒI ĐÁNH CẮP ĐỨA BÉ, Sao đá họ lên là sáng chơi rồi đánh cắp đưa bê
VIVOSDEV14_123_clean,vivos,whisper,tiny,zero_shot,,42,clean,clean,MỘT VÀI NGƯỜI TRONG BỌN HỌ ĐƯA MẮT NHÌN MẢNH GIẤY, Một vài người trong bỏng hả đưa mắt nhìn mạnh dấy
VIVOSDEV14_123_snr20,vivos,whisper,tiny,zero_shot,,42,20,noise,MỘT VÀI NGƯỜI TRONG BỌN HỌ ĐƯA MẮT NHÌN MẢNH GIẤY, 1 vài người trong bỏng hả đưa mắt nhìn mạnh dấy
VIVOSDEV14_123_snr10,vivos,whisper,tiny,zero_shot,,42,10,speech,MỘT VÀI NGƯỜI TRONG BỌN HỌ ĐƯA MẮT NHÌN MẢNH GIẤY, Một vài người trong bỏng ở đưa mắc nhìn mạnh dái
VIVOSDEV14_123_snr5,vivos,whisper,tiny,zero_shot,,42,5,music,MỘT VÀI NGƯỜI TRONG BỌN HỌ ĐƯA MẮT NHÌN MẢNH GIẤY, Lọ phải ngơi trong bỏ hả đưa mắt nhìn mạnh giấy
VIVOSDEV14_123_snr0,vivos,whisper,tiny,zero_shot,,42,0,noise,MỘT VÀI NGƯỜI TRONG BỌN HỌ ĐƯA MẮT NHÌN MẢNH GIẤY, Ngọc vài người trong bỏng hả đưa mắt nhìn mạnh dái
VIVOSDEV12_271_clean,vivos,whisper,tiny,zero_shot,,42,clean,clean,BÀ CON RANG TRÍ CÀNH ĐÀO ĐỂ CHUẨN BỊ ĐÓN TẾT, Bà con chàng trí cận đào để chứng bị đóng tất
VIVOSDEV12_271_snr20,vivos,whisper,tiny,zero_shot,,42,20,noise,BÀ CON RANG TRÍ CÀNH ĐÀO ĐỂ CHUẨN BỊ ĐÓN TẾT, Bà con chàng trí cận đào để chứng bị đón tất
VIVOSDEV12_271_snr10,vivos,whisper,tiny,zero_shot,,42,10,speech,BÀ CON RANG TRÍ CÀNH ĐÀO ĐỂ CHUẨN BỊ ĐÓN TẾT, Bà con chàng thí cận đào để chứng bị đóng tất.
VIVOSDEV12_271_snr5,vivos,whisper,tiny,zero_shot,,42,5,noise,BÀ CON RANG TRÍ CÀNH ĐÀO ĐỂ CHUẨN BỊ ĐÓN TẾT, Bà con chàng trí cầm đào để chứng bị đón thất
VIVOSDEV12_271_snr0,vivos,whisper,tiny,zero_shot,,42,0,noise,BÀ CON RANG TRÍ CÀNH ĐÀO ĐỂ CHUẨN BỊ ĐÓN TẾT, và con kè chí cạnh đào để chúng bị con tất
VIVOSDEV19_257_clean,vivos,whisper,tiny,zero_shot,,42,clean,clean,NHƯNG NẾU CHỈ NÓI CÁI GIỎI KHÔNG THÔI THÌ THẬT CHƯA ĐỦ VỀ CHÚ TƯ, Nhưng nước gì nói cái giỏi không thôi thì tạm sở chưa đủ về chú tư.
VIVOSDEV19_257_snr20,vivos,whisper,tiny,zero_shot,,42,20,noise,NHƯNG NẾU CHỈ NÓI CÁI GIỎI KHÔNG THÔI THÌ THẬT CHƯA ĐỦ VỀ CHÚ TƯ, Nhưng nước gì nói cái dõi không thôi thì tập sợ chưa đủ về chú tư.
VIVOSDEV19_257_snr10,vivos,whisper,tiny,zero_shot,,42,10,music,NHƯNG NẾU CHỈ NÓI CÁI GIỎI KHÔNG THÔI THÌ THẬT CHƯA ĐỦ VỀ CHÚ TƯ, Nhưng nước kỳ nói cái giỏi không thôi thì tạm sở chưa đủ về chú tư.
VIVOSDEV19_257_snr5,vivos,whisper,tiny,zero_shot,,42,5,noise,NHƯNG NẾU CHỈ NÓI CÁI GIỎI KHÔNG THÔI THÌ THẬT CHƯA ĐỦ VỀ CHÚ TƯ," Nhưng như vậy, nói cái giải không thoại thầy tài tập sống cho đủ, đây, chú đau."
VIVOSDEV19_257_snr0,vivos,whisper,tiny,zero_shot,,42,0,noise,NHƯNG NẾU CHỈ NÓI CÁI GIỎI KHÔNG THÔI THÌ THẬT CHƯA ĐỦ VỀ CHÚ TƯ, Nhưng nước gì nói cái giỏi không thôi thì tạm sở chưa đủ về chú tư.
VIVOSDEV18_126_clean,vivos,whisper,tiny,zero_shot,,42,clean,clean,VÀI LẦN TRIỂN LÃM TRANH TƯỢNG KHÔNG LỜI NHƯ THẾ HẮN SẼ NHẬN RA, và lành trên làm chân bượng không loy như thế hảnh sẽ nhận ra
VIVOSDEV18_126_snr20,vivos,whisper,tiny,zero_shot,,42,20,music,VÀI LẦN TRIỂN LÃM TRANH TƯỢNG KHÔNG LỜI NHƯ THẾ HẮN SẼ NHẬN RA," và lành truyền làm chân tượng không lời như thế, hắn sẽ nhận ra."
VIVOSDEV18_126_snr10,vivos,whisper,tiny,zero_shot,,42,10,music,VÀI LẦN TRIỂN LÃM TRANH TƯỢNG KHÔNG LỜI NHƯ THẾ HẮN SẼ NHẬN RA, vài lên trên làm chân tượng không lời như thế hắn sẽ nhận ra
VIVOSDEV18_126_snr5,vivos,whisper,tiny,zero_shot,,42,5,music,VÀI LẦN TRIỂN LÃM TRANH TƯỢNG KHÔNG LỜI NHƯ THẾ HẮN SẼ NHẬN RA," và lần trên làm tin tượng không loy như thế, hạnh sẽ nhận ra"
VIVOSDEV18_126_snr0,vivos,whisper,tiny,zero_shot,,42,0,music,VÀI LẦN TRIỂN LÃM TRANH TƯỢNG KHÔNG LỜI NHƯ THẾ HẮN SẼ NHẬN RA," Rồi lên trên là bánh thử không đều mốt bây giờ, chắc nhận ra."
VIVOSDEV16_299_clean,vivos,whisper,tiny,zero_shot,,42,clean,clean,VÀO ĐƯỢC NHÀ ANH ĐẤY SỬA CỬA ĐI NGUY HIỂM ĐẤY," Vào được nhà ăn, đây, xưa cổ đi ngư hiểm, đây"
VIVOSDEV16_299_snr20,vivos,whisper,tiny,zero_shot,,42,20,music,VÀO ĐƯỢC NHÀ ANH ĐẤY SỬA CỬA ĐI NGUY HIỂM ĐẤY," Vào được nhà ăn, đây, xưa cổ đi ngư hiểm, đây"
VIVOSDEV16_299_snr10,vivos,whisper,tiny,zero_shot,,42,10,noise,VÀO ĐƯỢC NHÀ ANH ĐẤY SỬA CỬA ĐI NGUY HIỂM ĐẤY," Bào được nhá ăn đây, xưa cố đe ngư hiểm đây"
VIVOSDEV16_299_snr5,vivos,whisper,tiny,zero_shot,,42,5,speech,VÀO ĐƯỢC NHÀ ANH ĐẤY SỬA CỬA ĐI NGUY HIỂM ĐẤY, Cái gì?
VIVOSDEV16_299_snr0,vivos,whisper,tiny,zero_shot,,42,0,music,VÀO ĐƯỢC NHÀ ANH ĐẤY SỬA CỬA ĐI NGUY HIỂM ĐẤY," Bào đục nhà ăn tay, tốt cố tình như những tay"
VIVOSDEV18_195_clean,vivos,whisper,tiny,zero_shot,,42,clean,clean,ĐẦU TIÊN LÀ MỘT TẤM ÂM BẢN SAU ĐÓ MỚI ĐẾN DƯƠNG BẢN, Tên là 1 tâm âm bạn sau đó mới đến dừng bạn
VIVOSDEV18_195_snr20,vivos,whisper,tiny,zero_shot,,42,20,noise,ĐẦU TIÊN LÀ MỘT TẤM ÂM BẢN SAU ĐÓ MỚI ĐẾN DƯƠNG BẢN, Tên là một tâm âm bạn sau đó mới đến trưng bạn
VIVOSDEV18_195_snr10,vivos,whisper,tiny,zero_shot,,42,10,speech,ĐẦU TIÊN LÀ MỘT TẤM ÂM BẢN SAU ĐÓ MỚI ĐẾN DƯƠNG BẢN, Tên là mọi người cho nó em bạn sau đó mọi người đến với bản
VIVOSDEV18_195_snr5,vivos,whisper,tiny,zero_shot,,42,5,music,ĐẦU TIÊN LÀ MỘT TẤM ÂM BẢN SAU ĐÓ MỚI ĐẾN DƯƠNG BẢN, Tên là một tên ông em bã sâu ra môi đến sinh bã
VIVOSDEV18_195_snr0,vivos,whisper,tiny,zero_shot,,42,0,music,ĐẦU TIÊN LÀ MỘT TẤM ÂM BẢN SAU ĐÓ MỚI ĐẾN DƯƠNG BẢN, Tuyên làm buổi tâm ám bá cao đau môi đình truyền
VIVOSDEV18_240_clean,vivos,whisper,tiny,zero_shot,,42,clean,clean,MỜI THAM DỰ CUỘC THI VIẾT NGẮN MỘT GIỜ KHÔNG ĐIỆN, Mời tâm sự cuộc thế biết ngắn một giờ không biết.
VIVOSDEV18_240_snr20,vivos,whisper,tiny,zero_shot,,42,20,speech,MỜI THAM DỰ CUỘC THI VIẾT NGẮN MỘT GIỜ KHÔNG ĐIỆN," Mời tâm sự cuộc thế, biết ngắn một giờ không biết."
VIVOSDEV18_240_snr10,vivos,whisper,tiny,zero_shot,,42,10,music,MỜI THAM DỰ CUỘC THI VIẾT NGẮN MỘT GIỜ KHÔNG ĐIỆN," Mời đam dịch, gục tỉ, tiếp nhận một dưới công đi"
VIVOSDEV18_240_snr5,vivos,whisper,tiny,zero_shot,,42,5,noise,MỜI THAM DỰ CUỘC THI VIẾT NGẮN MỘT GIỜ KHÔNG ĐIỆN, Bà mời tâm sự cuộc thay biết ngán một giờ không biết.
VIVOSDEV18_240_snr0,vivos,whisper,tiny,zero_shot,,42,0,speech,MỜI THAM DỰ CUỘC THI VIẾT NGẮN MỘT GIỜ KHÔNG ĐIỆN," Mời tên không biết, mình sẽ có thể có thể không biết."
VIVOSDEV17_107_clean,vivos,whisper,tiny,zero_shot,,42,clean,clean,HỌ ĐƯỢC BỌN ĐẦU NẬU NHỮNG TAY TRÙM THUÊ VỚI GIÁ RẺ MẠT, Hỏi được bỏ đầu nấu những tây trồng thêm với giá gái mạc.
VIVOSDEV17_107_snr20,vivos,whisper,tiny,zero_shot,,42,20,noise,HỌ ĐƯỢC BỌN ĐẦU NẬU NHỮNG TAY TRÙM THUÊ VỚI GIÁ RẺ MẠT, Hỏi được bỏ đầu nấu những tây trồng thêm với giá hợp kể mẹ
VIVOSDEV17_107_snr10,vivos,whisper,tiny,zero_shot,,42,10,music,HỌ ĐƯỢC BỌN ĐẦU NẬU NHỮNG TAY TRÙM THUÊ VỚI GIÁ RẺ MẠT, Hỏi được bỏ đầu nấu những tay trường thêm với giá của kẻ mạc
VIVOSDEV17_107_snr5,vivos,whisper,tiny,zero_shot,,42,5,noise,HỌ ĐƯỢC BỌN ĐẦU NẬU NHỮNG TAY TRÙM THUÊ VỚI GIÁ RẺ MẠT, Thỏ được bỏ đầu nấu những bây giờ nơi thơ bây giờ để mẹ
VIVOSDEV17_107_snr0,vivos,whisper,tiny,zero_shot,,42,0,music,HỌ ĐƯỢC BỌN ĐẦU NẬU NHỮNG TAY TRÙM THUÊ VỚI GIÁ RẺ MẠT, Hò được bỏng đầu nấu những phía trường thêm với giá đẹp mệt
VIVOSDEV19_094_clean,vivos,whisper,tiny,zero_shot,,42,clean,clean,TRANG VIẾT CỦA HỌ HƠN HẲN THỜI TUỔI TRẺ CỦA TÔI, Giang biết của họ không hạnh thời đủ trẻ của tôi
VIVOSDEV19_094_snr20,vivos,whisper,tiny,zero_shot,,42,20,noise,TRANG VIẾT CỦA HỌ HƠN HẲN THỜI TUỔI TRẺ CỦA TÔI, Giang biết của họ không hạnh thời đổi dễ của tôi
VIVOSDEV19_094_snr10,vivos,whisper,tiny,zero_shot,,42,10,music,TRANG VIẾT CỦA HỌ HƠN HẲN THỜI TUỔI TRẺ CỦA TÔI, Giang viết của họ không hảnh thời tụi chế của tôi
VIVOSDEV19_094_snr5,vivos,whisper,tiny,zero_shot,,42,5,speech,TRANG VIẾT CỦA HỌ HƠN HẲN THỜI TUỔI TRẺ CỦA TÔI," Cái em viết của hình thình thường, hình thường, hình thường, hình thường, hình thường, hình thường, hình thường, hình thường, hình thường, hình thường, hình thường, hình thường, hình thường, hình thường, hình thường, hình thường, hình thường, hình thường, hình thường, hình thường, hình thường, hình thường, hình thường, hình thường,"
VIVOSDEV19_094_snr0,vivos,whisper,tiny,zero_shot,,42,0,noise,TRANG VIẾT CỦA HỌ HƠN HẲN THỜI TUỔI TRẺ CỦA TÔI, Mình của mạng không phải không tốt đây của tôi
VIVOSDEV01_R012_clean,vivos,whisper,tiny,zero_shot,,42,clean,clean,NHỮNG CƠN GIÓ MẠNH VÀ MƯA ĐÓNG BĂNG GÂY TRƠN TRỢT, Những cơng gió mạnh và mưa đóng bằng gây trơn trợ.
VIVOSDEV01_R012_snr20,vivos,whisper,tiny,zero_shot,,42,20,noise,NHỮNG CƠN GIÓ MẠNH VÀ MƯA ĐÓNG BĂNG GÂY TRƠN TRỢT, Những cơng gió mạnh và mưa đóng bằng gây trơn trợ.
VIVOSDEV01_R012_snr10,vivos,whisper,tiny,zero_shot,,42,10,music,NHỮNG CƠN GIÓ MẠNH VÀ MƯA ĐÓNG BĂNG GÂY TRƠN TRỢT, Những cơm gió mạnh và mưa đóng bằng gây chân trở
VIVOSDEV01_R012_snr5,vivos,whisper,tiny,zero_shot,,42,5,noise,NHỮNG CƠN GIÓ MẠNH VÀ MƯA ĐÓNG BĂNG GÂY TRƠN TRỢT, Những cân gió mạnh và mưa đau bằng đây cho chờ
VIVOSDEV01_R012_snr0,vivos,whisper,tiny,zero_shot,,42,0,music,NHỮNG CƠN GIÓ MẠNH VÀ MƯA ĐÓNG BĂNG GÂY TRƠN TRỢT," Những cân gió, mạnh và mươi rảo bác luôn đây chân chờ"
VIVOSDEV19_227_clean,vivos,whisper,tiny,zero_shot,,42,clean,clean,TỪ ĐẤY ÔNG CÀNG THÔNG CẢM SÂU SẮC TÂM TRẠNG CỦA NGUYỄN THIẾP," Từ đây, ông canh thông, cảm xong xác tâm tràn của người in thịt"
VIVOSDEV19_227_snr20,vivos,whisper,tiny,zero_shot,,42,20,noise,TỪ ĐẤY ÔNG CÀNG THÔNG CẢM SÂU SẮC TÂM TRẠNG CỦA NGUYỄN THIẾP," Từ đây, ông canh thông, cảm xong xác thông trạm của người in thiết"
VIVOSDEV19_227_snr10,vivos,whisper,tiny,zero_shot,,42,10,noise,TỪ ĐẤY ÔNG CÀNG THÔNG CẢM SÂU SẮC TÂM TRẠNG CỦA NGUYỄN THIẾP," Từ đây, ông gàng thông cảm, câu sách tâm dàng của ông ruyên thế."
VIVOSDEV19_227_snr5,vivos,whisper,tiny,zero_shot,,42,5,music,TỪ ĐẤY ÔNG CÀNG THÔNG CẢM SÂU SẮC TÂM TRẠNG CỦA NGUYỄN THIẾP," Từ đây, ông can không cảm xấu sách tâm trẻ của muyện thế?"
VIVOSDEV19_227_snr0,vivos,whisper,tiny,zero_shot,,42,0,noise,TỪ ĐẤY ÔNG CÀNG THÔNG CẢM SÂU SẮC TÂM TRẠNG CỦA NGUYỄN THIẾP," Từ đây, ông can thông, cảm xong, câu sách tâm tràn của mình tiếp."
VIVOSDEV02_T013_clean,vivos,whisper,tiny,zero_shot,,42,clean,clean,TỐNG CỔ HẮN ĐI KHÔNG ĐƯỢC ĐỂ HẮN VÀO ĐÂY NỮA, Đóng có hán đi không được để hán vạc đây nữa
VIVOSDEV02_T013_snr20,vivos,whisper,tiny,zero_shot,,42,20,noise,TỐNG CỔ HẮN ĐI KHÔNG ĐƯỢC ĐỂ HẮN VÀO ĐÂY NỮA, Đóng có hắn đi không được để hắn và đây nữa
VIVOSDEV02_T013_snr10,vivos,whisper,tiny,zero_shot,,42,10,noise,TỐNG CỔ HẮN ĐI KHÔNG ĐƯỢC ĐỂ HẮN VÀO ĐÂY NỮA, Đóng gỗ hán tây không được để hán phạch đây nữa
VIVOSDEV02_T013_snr5,vivos,whisper,tiny,zero_shot,,42,5,music,TỐNG CỔ HẮN ĐI KHÔNG ĐƯỢC ĐỂ HẮN VÀO ĐÂY NỮA, Đóng gố hát dây không dự để hát bảo đây nữa
VIVOSDEV02_T013_snr0,vivos,whisper,tiny,zero_shot,,42,0,music,TỐNG CỔ HẮN ĐI KHÔNG ĐƯỢC ĐỂ HẮN VÀO ĐÂY NỮA, Đóng gổ hán tây không dựa đẹp hăng phạch đây nữa
VIVOSDEV13_255_clean,vivos,whisper,tiny,zero_shot,,42,clean,clean,CÓ LẼ ĐÂY LÀ LỜI QUẢNG CÁO KHÔNG CÔNG HAY NHẤT CHO DU LỊCH LÀO, Có lẽ đây là lời quảnh cáo không cầm 2 nhất cho lịch này
VIVOSDEV13_255_snr20,vivos,whisper,tiny,zero_shot,,42,20,music,CÓ LẼ ĐÂY LÀ LỜI QUẢNG CÁO KHÔNG CÔNG HAY NHẤT CHO DU LỊCH LÀO, Có lẽ đây là lời quảnh cáo không cơm hay nhất cho lịch này
VIVOSDEV13_255_snr10,vivos,whisper,tiny,zero_shot,,42,10,noise,CÓ LẼ ĐÂY LÀ LỜI QUẢNG CÁO KHÔNG CÔNG HAY NHẤT CHO DU LỊCH LÀO, Có lẽ đây là lời quảnh cáo không cơm 2 nhất cho lịch này
VIVOSDEV13_255_snr5,vivos,whisper,tiny,zero_shot,,42,5,noise,CÓ LẼ ĐÂY LÀ LỜI QUẢNG CÁO KHÔNG CÔNG HAY NHẤT CHO DU LỊCH LÀO, Có lẽ đây là lời quả cáo không cầm hay nhất cho lịch này
VIVOSDEV13_255_snr0,vivos,whisper,tiny,zero_shot,,42,0,speech,CÓ LẼ ĐÂY LÀ LỜI QUẢNG CÁO KHÔNG CÔNG HAY NHẤT CHO DU LỊCH LÀO, Cái lẽ là lời quên trở không có mẹ nhật cho yếu lực này.
VIVOSDEV04_R189_clean,vivos,whisper,tiny,zero_shot,,42,clean,clean,TỪ NỖI CÔ ĐƠN CỦA MỘT CÔ BÉ BỊ CHA MẸ BỎ QUÊN, từ nữ cố đăng của một của bệ trọng mẹ bó khánh
VIVOSDEV04_R189_snr20,vivos,whisper,tiny,zero_shot,,42,20,speech,TỪ NỖI CÔ ĐƠN CỦA MỘT CÔ BÉ BỊ CHA MẸ BỎ QUÊN, Từ nữ cố đăng của một của bây giờ mẹ bỏ quay.
VIVOSDEV04_R189_snr10,vivos,whisper,tiny,zero_shot,,42,10,speech,TỪ NỖI CÔ ĐƠN CỦA MỘT CÔ BÉ BỊ CHA MẸ BỎ QUÊN, Từ nấu cu răng của mọi cu vẽ bị chom mẹ bó quay
VIVOSDEV04_R189_snr5,vivos,whisper,tiny,zero_shot,,42,5,music,TỪ NỖI CÔ ĐƠN CỦA MỘT CÔ BÉ BỊ CHA MẸ BỎ QUÊN, Từ nở của đang có một của bá bị cho mẹ bó quán
VIVOSDEV04_R189_snr0,vivos,whisper,tiny,zero_shot,,42,0,noise,TỪ NỖI CÔ ĐƠN CỦA MỘT CÔ BÉ BỊ CHA MẸ BỎ QUÊN, Thưa nó khu ra của mỏ phụ bệnh trà mẹ mỏ phụ bệnh
VIVOSDEV07_170_clean,vivos,whisper,tiny,zero_shot,,42,clean,clean,NHƯ LẦN NÀY ĐƯỢC NẾM MÓN GIÒ THỦ HOÀN TOÀN LÀM TỪ TAI HEO, Nếu lần này được đếm món giò thủ hàng toàn làm từ tay hale
VIVOSDEV07_170_snr20,vivos,whisper,tiny,zero_shot,,42,20,music,NHƯ LẦN NÀY ĐƯỢC NẾM MÓN GIÒ THỦ HOÀN TOÀN LÀM TỪ TAI HEO, Nếu lần này được đếm món giò thủ hàng tuàn làm từ tay hale
VIVOSDEV07_170_snr10,vivos,whisper,tiny,zero_shot,,42,10,speech,NHƯ LẦN NÀY ĐƯỢC NẾM MÓN GIÒ THỦ HOÀN TOÀN LÀM TỪ TAI HEO, Nếu lực này đất đêm món gõ thủ hạn toàn làm từ tay hale
VIVOSDEV07_170_snr5,vivos,whisper,tiny,zero_shot,,42,5,speech,NHƯ LẦN NÀY ĐƯỢC NẾM MÓN GIÒ THỦ HOÀN TOÀN LÀM TỪ TAI HEO, Như các này được đẹp bón cho số hoàn toàn làm dần tay hèo
VIVOSDEV07_170_snr0,vivos,whisper,tiny,zero_shot,,42,0,speech,NHƯ LẦN NÀY ĐƯỢC NẾM MÓN GIÒ THỦ HOÀN TOÀN LÀM TỪ TAI HEO," Nhưng lực này được đen mò nhỏ thôi, hoặc là mẹ sức tái hale."
VIVOSDEV11_129_clean,vivos,whisper,tiny,zero_shot,,42,clean,clean,ĐI BỘ LEO NÚI ĐẾN NHỪ CHÂN, để bỏ lao nối đến nhiều chân
VIVOSDEV11_129_snr20,vivos,whisper,tiny,zero_shot,,42,20,music,ĐI BỘ LEO NÚI ĐẾN NHỪ CHÂN, Đi bỏ lao nối đến nhiều chân
VIVOSDEV11_129_snr10,vivos,whisper,tiny,zero_shot,,42,10,noise,ĐI BỘ LEO NÚI ĐẾN NHỪ CHÂN, Đi bỏ lao nối đến nhiều chân
VIVOSDEV11_129_snr5,vivos,whisper,tiny,zero_shot,,42,5,music,ĐI BỘ LEO NÚI ĐẾN NHỪ CHÂN, Đi bảo lao nối đến nhận chân
VIVOSDEV11_129_snr0,vivos,whisper,tiny,zero_shot,,42,0,noise,ĐI BỘ LEO NÚI ĐẾN NHỪ CHÂN, Đi bỏ lên ngán đến nhiều chân
VIVOSDEV10_051_clean,vivos,whisper,tiny,zero_shot,,42,clean,clean,KHUNG RĂNG HÀM TRÊN KHUM, Hôm quanh ham cân hôm
VIVOSDEV10_051_snr20,vivos,whisper,tiny,zero_shot,,42,20,speech,KHUNG RĂNG HÀM TRÊN KHUM, không ăn ham cơn hôm
VIVOSDEV10_051_snr10,vivos,whisper,tiny,zero_shot,,42,10,noise,KHUNG RĂNG HÀM TRÊN KHUM, không nghe ăn hảm gần hôm
VIVOSDEV10_051_snr5,vivos,whisper,tiny,zero_shot,,42,5,speech,KHUNG RĂNG HÀM TRÊN KHUM, Hôm 1 hạt được hộp
VIVOSDEV10_051_snr0,vivos,whisper,tiny,zero_shot,,42,0,speech,KHUNG RĂNG HÀM TRÊN KHUM, và đừng hình đất hình.
VIVOSDEV09_293_clean,vivos,whisper,tiny,zero_shot,,42,clean,clean,NÓ TRỐN MẤT TIÊU RỒI CÒN ĐÂU, Nó cho mất tìm hỏi con đau
VIVOSDEV09_293_snr20,vivos,whisper,tiny,zero_shot,,42,20,noise,NÓ TRỐN MẤT TIÊU RỒI CÒN ĐÂU, Nói châu mắt thì hồi con đau
VIVOSDEV09_293_snr10,vivos,whisper,tiny,zero_shot,,42,10,speech,NÓ TRỐN MẤT TIÊU RỒI CÒN ĐÂU, Nó cho mất tìm hỏi con đâu
VIVOSDEV09_293_snr5,vivos,whisper,tiny,zero_shot,,42,5,speech,NÓ TRỐN MẤT TIÊU RỒI CÒN ĐÂU, Nó chó mất đi v
VIVOSDEV09_293_snr0,vivos,whisper,tiny,zero_shot,,42,0,music,NÓ TRỐN MẤT TIÊU RỒI CÒN ĐÂU, Nói chó bất cứu hỏi tọc đau
VIVOSDEV13_164_clean,vivos,whisper,tiny,zero_shot,,42,clean,clean,HIỆN CƠ QUAN CHỨC NĂNG ĐANG TIẾP TỤC ĐIỀU TRA VỤ VIỆC, Hãy cơ quan chức năng đăng tiếp tục đi chá vũ vệch.
VIVOSDEV13_164_snr20,vivos,whisper,tiny,zero_shot,,42,20,noise,HIỆN CƠ QUAN CHỨC NĂNG ĐANG TIẾP TỤC ĐIỀU TRA VỤ VIỆC, Hãy cơ quan chức năng đăng tiếp tục đi chá vũ vệch.
VIVOSDEV13_164_snr10,vivos,whisper,tiny,zero_shot,,42,10,speech,HIỆN CƠ QUAN CHỨC NĂNG ĐANG TIẾP TỤC ĐIỀU TRA VỤ VIỆC, Thế cơ quan chức năng đăng tiếp tục đi chá vũi về
VIVOSDEV13_164_snr5,vivos,whisper,tiny,zero_shot,,42,5,music,HIỆN CƠ QUAN CHỨC NĂNG ĐANG TIẾP TỤC ĐIỀU TRA VỤ VIỆC, Hãy cơ quan chức năng tâm tục bình trà hỗng vệch.
VIVOSDEV13_164_snr0,vivos,whisper,tiny,zero_shot,,42,0,noise,HIỆN CƠ QUAN CHỨC NĂNG ĐANG TIẾP TỤC ĐIỀU TRA VỤ VIỆC, Mình có quan trích ngàn đàn trích hổ chút đea hổ hổ hổ.
VIVOSDEV15_003_clean,vivos,whisper,tiny,zero_shot,,42,clean,clean,ĐIỀU NÀY KHÓ HƠN KHI BẠN VÀO BÀN TIỆC TOÀN NGƯỜI XA LẠ, điều này có hơn khi bạn vào bàn tiêu tôn người xa là
VIVOSDEV15_003_snr20,vivos,whisper,tiny,zero_shot,,42,20,speech,ĐIỀU NÀY KHÓ HƠN KHI BẠN VÀO BÀN TIỆC TOÀN NGƯỜI XA LẠ, điều này có hơn khi bạn vào bàn tiêu tân người xa lại
VIVOSDEV15_003_snr10,vivos,whisper,tiny,zero_shot,,42,10,noise,ĐIỀU NÀY KHÓ HƠN KHI BẠN VÀO BÀN TIỆC TOÀN NGƯỜI XA LẠ, điều này có hơn khi bạn vào bàn tiêu tân người xa lại
VIVOSDEV15_003_snr5,vivos,whisper,tiny,zero_shot,,42,5,noise,ĐIỀU NÀY KHÓ HƠN KHI BẠN VÀO BÀN TIỆC TOÀN NGƯỜI XA LẠ, yêu mê có hơn kia bạng vào bằng việc đơn người xa lại
VIVOSDEV15_003_snr0,vivos,whisper,tiny,zero_shot,,42,0,noise,ĐIỀU NÀY KHÓ HƠN KHI BẠN VÀO BÀN TIỆC TOÀN NGƯỜI XA LẠ, nhiều này có hơn khi bạn vào bàn tiêu tôn người xa là
VIVOSDEV05_115_clean,vivos,whisper,tiny,zero_shot,,42,clean,clean,THỜI HẠN SỬ DỤNG VÀ LOẠI SẢN PHẨM BỘT, Thời hành sử dụng vào loài sáng phẩm bộ
VIVOSDEV05_115_snr20,vivos,whisper,tiny,zero_shot,,42,20,noise,THỜI HẠN SỬ DỤNG VÀ LOẠI SẢN PHẨM BỘT, Thời hành sử dụng vào loài sáng phẩm bộ
VIVOSDEV05_115_snr10,vivos,whisper,tiny,zero_shot,,42,10,noise,THỜI HẠN SỬ DỤNG VÀ LOẠI SẢN PHẨM BỘT, Thời hành sử dụng và loài sáng phẩm bộ
VIVOSDEV05_115_snr5,vivos,whisper,tiny,zero_shot,,42,5,music,THỜI HẠN SỬ DỤNG VÀ LOẠI SẢN PHẨM BỘT, Thời hành sử dụng ba loài sáng pháp bộ
VIVOSDEV05_115_snr0,vivos,whisper,tiny,zero_shot,,42,0,speech,THỜI HẠN SỬ DỤNG VÀ LOẠI SẢN PHẨM BỘT, Hãy hãy hãy hãy hãy hãy hãy hãy hãy hãy hãy hãy hãy hãy hãy hãy hãy hãy hãy hãy hãy hãy hãy hãy hãy hãy hãy hãy hãy hãy hãy hãy hãy hãy hãy hãy hãy hãy hãy hãy hãy hãy hãy hãy hãy hãy hãy hãy hãy hãy hãy hãy hãy hãy hãy hãy hãy hãy hãy hãy hãy hãy hãy hãy
VIVOSDEV04_R114_clean,vivos,whisper,tiny,zero_shot,,42,clean,clean,CŨNG CHẲNG CÒN XÚNG XÍNH QUẦN ÁO MỚI, cũng chẳng còn xung xinh của ngá mới
VIVOSDEV04_R114_snr20,vivos,whisper,tiny,zero_shot,,42,20,music,CŨNG CHẲNG CÒN XÚNG XÍNH QUẦN ÁO MỚI, Thúng chán còn xung xinh của ngá mới
VIVOSDEV04_R114_snr10,vivos,whisper,tiny,zero_shot,,42,10,music,CŨNG CHẲNG CÒN XÚNG XÍNH QUẦN ÁO MỚI, cũng chán còn xung xinh của nó mới
VIVOSDEV04_R114_snr5,vivos,whisper,tiny,zero_shot,,42,5,music,CŨNG CHẲNG CÒN XÚNG XÍNH QUẦN ÁO MỚI, Cũng chán còn xung xinh của náu mới
VIVOSDEV04_R114_snr0,vivos,whisper,tiny,zero_shot,,42,0,noise,CŨNG CHẲNG CÒN XÚNG XÍNH QUẦN ÁO MỚI, Chúng ta có mấy cái gì mà không?
VIVOSDEV02_R015_clean,vivos,whisper,tiny,zero_shot,,42,clean,clean,TẤT CẢ MỌI THỨ ĐỀU KỲ LẠ MỘT CÁCH PHI THƯỜNG, Đất cả mọi thứ đều kì lại một các phi thường.
VIVOSDEV02_R015_snr20,vivos,whisper,tiny,zero_shot,,42,20,speech,TẤT CẢ MỌI THỨ ĐỀU KỲ LẠ MỘT CÁCH PHI THƯỜNG, Đất cả mọi thứ đều kì ra một cách phí thường.
VIVOSDEV02_R015_snr10,vivos,whisper,tiny,zero_shot,,42,10,noise,TẤT CẢ MỌI THỨ ĐỀU KỲ LẠ MỘT CÁCH PHI THƯỜNG, Đất cả mọi thứ đều kì lại một các phía thường.
VIVOSDEV02_R015_snr5,vivos,whisper,tiny,zero_shot,,42,5,music,TẤT CẢ MỌI THỨ ĐỀU KỲ LẠ MỘT CÁCH PHI THƯỜNG, Rất gái mỏ tư tế ở gây ra hợp gắt trí từ.
VIVOSDEV02_R015_snr0,vivos,whisper,tiny,zero_shot,,42,0,noise,TẤT CẢ MỌI THỨ ĐỀU KỲ LẠ MỘT CÁCH PHI THƯỜNG, Cái mọi người sẽ bây giờ em có đặc biệt
VIVOSDEV17_173_clean,vivos,whisper,tiny,zero_shot,,42,clean,clean,TRÌNH ĐỘ CHUYÊN MÔN CỦA CÔ KHIẾN CÔ QUÁ THỪA TƯ CÁCH, Chỉnh lợi trưng mong của cô kính cô quá thở tức cấp
VIVOSDEV17_173_snr20,vivos,whisper,tiny,zero_shot,,42,20,music,TRÌNH ĐỘ CHUYÊN MÔN CỦA CÔ KHIẾN CÔ QUÁ THỪA TƯ CÁCH, Trình lợi trưng mong của cô kính cô quá thổ tức cấp
VIVOSDEV17_173_snr10,vivos,whisper,tiny,zero_shot,,42,10,noise,TRÌNH ĐỘ CHUYÊN MÔN CỦA CÔ KHIẾN CÔ QUÁ THỪA TƯ CÁCH, Chỉnh đợi trinh mong của cô ký cô quá khổ khách
VIVOSDEV17_173_snr5,vivos,whisper,tiny,zero_shot,,42,5,speech,TRÌNH ĐỘ CHUYÊN MÔN CỦA CÔ KHIẾN CÔ QUÁ THỪA TƯ CÁCH," Tình đợi trình mong của con tình của Washington, các bạn ạ"
VIVOSDEV17_173_snr0,vivos,whisper,tiny,zero_shot,,42,0,music,TRÌNH ĐỘ CHUYÊN MÔN CỦA CÔ KHIẾN CÔ QUÁ THỪA TƯ CÁCH, Dừng đợi truyên bộ của cô Khi Cô Watt hổ tí cặp
VIVOSDEV13_167_clean,vivos,whisper,tiny,zero_shot,,42,clean,clean,KHI BỊ PHÁT HIỆN HỌ ĐÃ TRẢ LỜI NHƯ THẾ NÀO," Cây bởi phát kỳng, hả đã chết lời như thế?"
VIVOSDEV13_167_snr20,vivos,whisper,tiny,zero_shot,,42,20,music,KHI BỊ PHÁT HIỆN HỌ ĐÃ TRẢ LỜI NHƯ THẾ NÀO," khi bởi phát kỳng, họ đã giết lời như thế"
VIVOSDEV13_167_snr10,vivos,whisper,tiny,zero_shot,,42,10,noise,KHI BỊ PHÁT HIỆN HỌ ĐÃ TRẢ LỜI NHƯ THẾ NÀO," Vì vậy phát kỳng, họ đã giá lời như thế"
VIVOSDEV13_167_snr5,vivos,whisper,tiny,zero_shot,,42,5,noise,KHI BỊ PHÁT HIỆN HỌ ĐÃ TRẢ LỜI NHƯ THẾ NÀO, Thì bị phát hiện họ đã giết lời như thế.
VIVOSDEV13_167_snr0,vivos,whisper,tiny,zero_shot,,42,0,speech,KHI BỊ PHÁT HIỆN HỌ ĐÃ TRẢ LỜI NHƯ THẾ NÀO," Vậy là đẹp, vậy phải không? Chúng ta có thể chết lời như thế này."
VIVOSDEV01_R092_clean,vivos,whisper,tiny,zero_shot,,42,clean,clean,DO CHÍNH PHỦ MỸ TIẾN HÀNH Ở VIỆT NAM, Dòi chính phủ Mỹ tính hình ở Việt Nam
VIVOSDEV01_R092_snr20,vivos,whisper,tiny,zero_shot,,42,20,music,DO CHÍNH PHỦ MỸ TIẾN HÀNH Ở VIỆT NAM, giò chính phủ Mỹ tiếng hình ở Việt Nam
VIVOSDEV01_R092_snr10,vivos,whisper,tiny,zero_shot,,42,10,noise,DO CHÍNH PHỦ MỸ TIẾN HÀNH Ở VIỆT NAM, Nhà chính phủ mấy tiếng hành ál về gnam
VIVOSDEV01_R092_snr5,vivos,whisper,tiny,zero_shot,,42,5,music,DO CHÍNH PHỦ MỸ TIẾN HÀNH Ở VIỆT NAM," Giò, chính phố mấy bí hành ở Việt Nam"
VIVOSDEV01_R092_snr0,vivos,whisper,tiny,zero_shot,,42,0,music,DO CHÍNH PHỦ MỸ TIẾN HÀNH Ở VIỆT NAM, Nhà dinh phủ mấy tiếng hành áo Việt Nam
VIVOSDEV14_180_clean,vivos,whisper,tiny,zero_shot,,42,clean,clean,ĂN CÁ NGỪ CÁ THU VÀ CÁ MÒI VỚI RAU TRỘN, Anh gắng ở các thủ và cám mọi với râu chỗ.
VIVOSDEV14_180_snr20,vivos,whisper,tiny,zero_shot,,42,20,speech,ĂN CÁ NGỪ CÁ THU VÀ CÁ MÒI VỚI RAU TRỘN, Anh có người có thù và cảm mọi với râu chỗ.
VIVOSDEV14_180_snr10,vivos,whisper,tiny,zero_shot,,42,10,music,ĂN CÁ NGỪ CÁ THU VÀ CÁ MÒI VỚI RAU TRỘN, Anh canh yệt với thủ và gám mọi rơi rau trộm
VIVOSDEV14_180_snr5,vivos,whisper,tiny,zero_shot,,42,5,noise,ĂN CÁ NGỪ CÁ THU VÀ CÁ MÒI VỚI RAU TRỘN, Mình đang ngủ tác thù về cái màu với đâu chọn
VIVOSDEV14_180_snr0,vivos,whisper,tiny,zero_shot,,42,0,music,ĂN CÁ NGỪ CÁ THU VÀ CÁ MÒI VỚI RAU TRỘN, Cái tình có phụ và cá thỏ lối đầu gió
VIVOSDEV01_T048_clean,vivos,whisper,tiny,zero_shot,,42,clean,clean,THẰNG ĐÓ CÓ CÁI MIỆNG NHƯ ĐÀN BÀ, Hẳng đó có cái mỉ như đẳng ba
VIVOSDEV01_T048_snr20,vivos,whisper,tiny,zero_shot,,42,20,noise,THẰNG ĐÓ CÓ CÁI MIỆNG NHƯ ĐÀN BÀ, thẳng đó có cái mỹ như đặng ba
VIVOSDEV01_T048_snr10,vivos,whisper,tiny,zero_shot,,42,10,noise,THẰNG ĐÓ CÓ CÁI MIỆNG NHƯ ĐÀN BÀ, Hẳng đó có cái mấy như đặng ba
VIVOSDEV01_T048_snr5,vivos,whisper,tiny,zero_shot,,42,5,music,THẰNG ĐÓ CÓ CÁI MIỆNG NHƯ ĐÀN BÀ, Thành nó có cái Mỹ yêu đặc bà
VIVOSDEV01_T048_snr0,vivos,whisper,tiny,zero_shot,,42,0,music,THẰNG ĐÓ CÓ CÁI MIỆNG NHƯ ĐÀN BÀ, Cái gì càng trọng? Cái gì?
VIVOSDEV05_200_clean,vivos,whisper,tiny,zero_shot,,42,clean,clean,LÀM ĐƯỜNG DÂY ĐỂ NỐI CÁC MẢNH ĐỜI, làm đường dây để nói các mạnh đời
VIVOSDEV05_200_snr20,vivos,whisper,tiny,zero_shot,,42,20,noise,LÀM ĐƯỜNG DÂY ĐỂ NỐI CÁC MẢNH ĐỜI, làm đường dây để nói các mạnh đời
VIVOSDEV05_200_snr10,vivos,whisper,tiny,zero_shot,,42,10,music,LÀM ĐƯỜNG DÂY ĐỂ NỐI CÁC MẢNH ĐỜI, làm đường dây để nói các mạnh đời
VIVOSDEV05_200_snr5,vivos,whisper,tiny,zero_shot,,42,5,music,LÀM ĐƯỜNG DÂY ĐỂ NỐI CÁC MẢNH ĐỜI, làm đường dây để nói các mạnh dời
VIVOSDEV05_200_snr0,vivos,whisper,tiny,zero_shot,,42,0,noise,LÀM ĐƯỜNG DÂY ĐỂ NỐI CÁC MẢNH ĐỜI, làm được dây để nói các mắn đời
VIVOSDEV12_071_clean,vivos,whisper,tiny,zero_shot,,42,clean,clean,NÓ ĐƯỢC ĐẶT TRONG MỘT HỘP ĐỰNG TRANG SỨC BỌC DA ĐỎ, nó được đặt caong mò hoặc đừng kênh xức bò giá đó
VIVOSDEV12_071_snr20,vivos,whisper,tiny,zero_shot,,42,20,music,NÓ ĐƯỢC ĐẶT TRONG MỘT HỘP ĐỰNG TRANG SỨC BỌC DA ĐỎ, nó được đặt trong mò khọt đừng chang xích bỏ giá đó
VIVOSDEV12_071_snr10,vivos,whisper,tiny,zero_shot,,42,10,music,NÓ ĐƯỢC ĐẶT TRONG MỘT HỘP ĐỰNG TRANG SỨC BỌC DA ĐỎ, nó được đặt trong mò phọt đừng chàng thích bọt dia đó
VIVOSDEV12_071_snr5,vivos,whisper,tiny,zero_shot,,42,5,speech,NÓ ĐƯỢC ĐẶT TRONG MỘT HỘP ĐỰNG TRANG SỨC BỌC DA ĐỎ, nó được gặng mò khọt đừng càng xếp bộng dạ đó
VIVOSDEV12_071_snr0,vivos,whisper,tiny,zero_shot,,42,0,noise,NÓ ĐƯỢC ĐẶT TRONG MỘT HỘP ĐỰNG TRANG SỨC BỌC DA ĐỎ, nó được nặng mò học đừng trang sức mò chia đó
VIVOSDEV09_158_clean,vivos,whisper,tiny,zero_shot,,42,clean,clean,SỢ NHẤT LÀ MÙA MƯA SẤM SÉT ĐÙNG ĐOÀNG TRÊN NÚI, Sài nhất là 1 mưa sống xác đồng đoàn trên nối
VIVOSDEV09_158_snr20,vivos,whisper,tiny,zero_shot,,42,20,music,SỢ NHẤT LÀ MÙA MƯA SẤM SÉT ĐÙNG ĐOÀNG TRÊN NÚI, Sài nhất là 1 1 xam sát đồng đoàn trên nối
VIVOSDEV09_158_snr10,vivos,whisper,tiny,zero_shot,,42,10,noise,SỢ NHẤT LÀ MÙA MƯA SẤM SÉT ĐÙNG ĐOÀNG TRÊN NÚI, Sản nhất là một mưa xam chắc đồng rồi chân nối
VIVOSDEV09_158_snr5,vivos,whisper,tiny,zero_shot,,42,5,speech,SỢ NHẤT LÀ MÙA MƯA SẤM SÉT ĐÙNG ĐOÀNG TRÊN NÚI, Chả những là một người xam chết đồng đoàn trên nỗi.
VIVOSDEV09_158_snr0,vivos,whisper,tiny,zero_shot,,42,0,music,SỢ NHẤT LÀ MÙA MƯA SẤM SÉT ĐÙNG ĐOÀNG TRÊN NÚI, Sài nhất là 1 mưa xam sát đồng đoàn trên nối
VIVOSDEV07_211_clean,vivos,whisper,tiny,zero_shot,,42,clean,clean,HAI MƯƠI TÁM HAI MƯƠI CHÍN," Hôm nay tạm, hôm nay gian."
VIVOSDEV07_211_snr20,vivos,whisper,tiny,zero_shot,,42,20,noise,HAI MƯƠI TÁM HAI MƯƠI CHÍN," Hôm nay tạm, hôm nay dân."
VIVOSDEV07_211_snr10,vivos,whisper,tiny,zero_shot,,42,10,noise,HAI MƯƠI TÁM HAI MƯƠI CHÍN," Hôm nay bây giờ, hôm nay bây giờ"
VIVOSDEV07_211_snr5,vivos,whisper,tiny,zero_shot,,42,5,noise,HAI MƯƠI TÁM HAI MƯƠI CHÍN," Hôm nay tâm, hôm nay gần"
VIVOSDEV07_211_snr0,vivos,whisper,tiny,zero_shot,,42,0,noise,HAI MƯƠI TÁM HAI MƯƠI CHÍN," Hôm nay, hôm nay, hôm nay."
VIVOSDEV09_047_clean,vivos,whisper,tiny,zero_shot,,42,clean,clean,NGÀY CĂN BẬC HAI CHỈ DIỄN RA CHÍN LẦN TRONG MỘT THẾ KỶ, Ngày căng bật hai chỉ giảng ra chính làng trong mọc thế kỳ
VIVOSDEV09_047_snr20,vivos,whisper,tiny,zero_shot,,42,20,noise,NGÀY CĂN BẬC HAI CHỈ DIỄN RA CHÍN LẦN TRONG MỘT THẾ KỶ, Ngày căn bật hai chỉ dễ rài chính làng trong mọc thế kỳ
VIVOSDEV09_047_snr10,vivos,whisper,tiny,zero_shot,,42,10,music,NGÀY CĂN BẬC HAI CHỈ DIỄN RA CHÍN LẦN TRONG MỘT THẾ KỶ, Ngày các bật hài chỉ dẫn ra chính làng trong mỏng thế kỳ
VIVOSDEV09_047_snr5,vivos,whisper,tiny,zero_shot,,42,5,music,NGÀY CĂN BẬC HAI CHỈ DIỄN RA CHÍN LẦN TRONG MỘT THẾ KỶ," Ngày Kang Bật 2, chỉ dễn ra chính lần trong mọc thế kỳ."
VIVOSDEV09_047_snr0,vivos,whisper,tiny,zero_shot,,42,0,noise,NGÀY CĂN BẬC HAI CHỈ DIỄN RA CHÍN LẦN TRONG MỘT THẾ KỶ, Ngày càng bật hai kỳ nhìn ra chính lần trong bật thế kỳ
VIVOSDEV19_011_clean,vivos,whisper,tiny,zero_shot,,42,clean,clean,MONG ANH HÃY HIỂU CHO EM EM THƯƠNG NHỚ VÀ YÊU ANH NHIỀU, Mông an này hữu cho em em thương nhớ về yêu an nhiều
VIVOSDEV19_011_snr20,vivos,whisper,tiny,zero_shot,,42,20,noise,MONG ANH HÃY HIỂU CHO EM EM THƯƠNG NHỚ VÀ YÊU ANH NHIỀU, Mông an này hữu cho em em thương nhớ về yêu an nhiều
VIVOSDEV19_011_snr10,vivos,whisper,tiny,zero_shot,,42,10,music,MONG ANH HÃY HIỂU CHO EM EM THƯƠNG NHỚ VÀ YÊU ANH NHIỀU," Mông ăn này hữu cho em, em tu nhớ, vẻ yêu ăn nhiều."
VIVOSDEV19_011_snr5,vivos,whisper,tiny,zero_shot,,42,5,music,MONG ANH HÃY HIỂU CHO EM EM THƯƠNG NHỚ VÀ YÊU ANH NHIỀU," Mông ăn này hữu, ra em, em đương dơ vẻ, vẻ, vẻ, vẻ, vẻ, vẻ, vẻ"
VIVOSDEV19_011_snr0,vivos,whisper,tiny,zero_shot,,42,0,speech,MONG ANH HÃY HIỂU CHO EM EM THƯƠNG NHỚ VÀ YÊU ANH NHIỀU," 1, 2, 3, 4, 1, 1, 1, 1, 1, 1, 1, 1, 1, 1, 1, 1, 1, 1, 1, 1, 1, 1, 1, 1, 1, 1, 1, 1, 1, 1, 1, 1, 1, 1, 1, 1, 1, 1, 1, 1, 1, 1, 1, 1, 1, 1, 1, 1, 1, 1, 1, 1, 1, 1, 1, 1, 1, 1, 1, 1, 1, 1, 1, 1,"
VIVOSDEV13_088_clean,vivos,whisper,tiny,zero_shot,,42,clean,clean,NHỮNG CHIẾC LỒNG ĐÈN ĐỒ CHƠI VIỆT VẪN LẶNG LẼ MANG HỒN VIỆT XUỐNG PHỐ, Những kích lòng đàn đôi trơi việc vận lãng lẽ mêng hồn vì xuống phó
VIVOSDEV13_088_snr20,vivos,whisper,tiny,zero_shot,,42,20,music,NHỮNG CHIẾC LỒNG ĐÈN ĐỒ CHƠI VIỆT VẪN LẶNG LẼ MANG HỒN VIỆT XUỐNG PHỐ, Những kích lòng đàn đôi trơi việc vận là em nghe hồ việc xung phó
VIVOSDEV13_088_snr10,vivos,whisper,tiny,zero_shot,,42,10,noise,NHỮNG CHIẾC LỒNG ĐÈN ĐỒ CHƠI VIỆT VẪN LẶNG LẼ MANG HỒN VIỆT XUỐNG PHỐ, Chí còn đàn đôi chơi việc và ngọn lệ mên hồ việc xung phó
VIVOSDEV13_088_snr5,vivos,whisper,tiny,zero_shot,,42,5,music,NHỮNG CHIẾC LỒNG ĐÈN ĐỒ CHƠI VIỆT VẪN LẶNG LẼ MANG HỒN VIỆT XUỐNG PHỐ, Chính kích lòng bèng đôi chơi việc vọng lãng lãng lãng lãng lãng lãng lãng lãng lãng lãng lãng lãng lãng lãng lãng lãng lãng lãng lãng lãng lãng lãng lãng lãng lãng lãng lãng lãng lãng lãng lãng lãng lãng lãng lãng lãng lãng
VIVOSDEV13_088_snr0,vivos,whisper,tiny,zero_shot,,42,0,music,NHỮNG CHIẾC LỒNG ĐÈN ĐỒ CHƠI VIỆT VẪN LẶNG LẼ MANG HỒN VIỆT XUỐNG PHỐ, Nếu khi lòng mẹ đôi kêu với vọng lặng lặng lặng lặng lặng lặng lặng lặng lặng lặng lặng lặng lặng lặng lặng lặng lặng lặng lặng lặng lặng lặng lặng lặng lặng lặng lặng lặng lặng lặng lặng lặng lặng lặng lặng lặng lặng lặ
VIVOSDEV14_235_clean,vivos,whisper,tiny,zero_shot,,42,clean,clean,THAM GIA THIẾT KẾ LĂNG CHỦ TỊCH HỒ CHÍ MINH THÌ CÓ NHIỀU NGƯỜI," Thêm gia thiết kết lần, chủ tập họ chính mình thì có nhiều người."
VIVOSDEV14_235_snr20,vivos,whisper,tiny,zero_shot,,42,20,noise,THAM GIA THIẾT KẾ LĂNG CHỦ TỊCH HỒ CHÍ MINH THÌ CÓ NHIỀU NGƯỜI," Thêm gia thiết kết lần, chủ tập họ chỉ mình thì có nhiều người."
VIVOSDEV14_235_snr10,vivos,whisper,tiny,zero_shot,,42,10,noise,THAM GIA THIẾT KẾ LĂNG CHỦ TỊCH HỒ CHÍ MINH THÌ CÓ NHIỀU NGƯỜI," Thêm gia thiết kết lần, chủ tập họ chính mình thị cáo nhường người."
VIVOSDEV14_235_snr5,vivos,whisper,tiny,zero_shot,,42,5,music,THAM GIA THIẾT KẾ LĂNG CHỦ TỊCH HỒ CHÍ MINH THÌ CÓ NHIỀU NGƯỜI, Thêm gia thích cái năng chấu tập mọi thứ mình thêm cán yếu ngồi
VIVOSDEV14_235_snr0,vivos,whisper,tiny,zero_shot,,42,0,noise,THAM GIA THIẾT KẾ LĂNG CHỦ TỊCH HỒ CHÍ MINH THÌ CÓ NHIỀU NGƯỜI, Thìm dạy ké hành chủ tất ngồi chế bánh thè cã nhường ngồi
VIVOSDEV14_140_clean,vivos,whisper,tiny,zero_shot,,42,clean,clean,CÓ NHƯNG PHẢI LÀ THUỐC ĐẶC TRỊ CỦA PHÁP HIẾM VÀ CỰC KỲ ĐẮT, có những phải là thuốc đặt trị của pháp viếm vật kỳ đắc.
VIVOSDEV14_140_snr20,vivos,whisper,tiny,zero_shot,,42,20,noise,CÓ NHƯNG PHẢI LÀ THUỐC ĐẶC TRỊ CỦA PHÁP HIẾM VÀ CỰC KỲ ĐẮT, có những phải là thuốc đặt trị của pháp viếm vật kỳ đáp
VIVOSDEV14_140_snr10,vivos,whisper,tiny,zero_shot,,42,10,music,CÓ NHƯNG PHẢI LÀ THUỐC ĐẶC TRỊ CỦA PHÁP HIẾM VÀ CỰC KỲ ĐẮT, có những phải là thuốc đặc trị bố pháp yên vật kỳ đáp.
VIVOSDEV14_140_snr5,vivos,whisper,tiny,zero_shot,,42,5,music,CÓ NHƯNG PHẢI LÀ THUỐC ĐẶC TRỊ CỦA PHÁP HIẾM VÀ CỰC KỲ ĐẮT, có những phải là thuốc đặt trị của pháp hiện vật kỳ đáp.
VIVOSDEV14_140_snr0,vivos,whisper,tiny,zero_shot,,42,0,noise,CÓ NHƯNG PHẢI LÀ THUỐC ĐẶC TRỊ CỦA PHÁP HIẾM VÀ CỰC KỲ ĐẮT, có những phải là thuật đặc trẻ của pháp hiếm vật của kỳ đó.
VIVOSDEV07_025_clean,vivos,whisper,tiny,zero_shot,,42,clean,clean,CHO NHỮNG CHUYẾN DÃ NGOẠI CỦA DU KHÁCH, cho những kính giáo ngoài của yếu hết
VIVOSDEV07_025_snr20,vivos,whisper,tiny,zero_shot,,42,20,noise,CHO NHỮNG CHUYẾN DÃ NGOẠI CỦA DU KHÁCH, cho những chiến giáo ngoài của Yuhat
VIVOSDEV07_025_snr10,vivos,whisper,tiny,zero_shot,,42,10,noise,CHO NHỮNG CHUYẾN DÃ NGOẠI CỦA DU KHÁCH, cho những chiến giáo ngoài của yếu khách
VIVOSDEV07_025_snr5,vivos,whisper,tiny,zero_shot,,42,5,music,CHO NHỮNG CHUYẾN DÃ NGOẠI CỦA DU KHÁCH, cho những chiến giáo ngoài của Yuhat
VIVOSDEV07_025_snr0,vivos,whisper,tiny,zero_shot,,42,0,music,CHO NHỮNG CHUYẾN DÃ NGOẠI CỦA DU KHÁCH, cho những chiến giáo ngoài của yếu khách
VIVOSDEV18_082_clean,vivos,whisper,tiny,zero_shot,,42,clean,clean,HÀNG CHÂN MÀY ĐEN VÀ XẾCH KHÔNG LẪN VÀO ĐÂU ĐƯỢC," Hàng Trân, Mày Dan và Sất không lãnh vào đâu được."
VIVOSDEV18_082_snr20,vivos,whisper,tiny,zero_shot,,42,20,music,HÀNG CHÂN MÀY ĐEN VÀ XẾCH KHÔNG LẪN VÀO ĐÂU ĐƯỢC, Hằng trên mày đen và sất không lẫn vào đâu được.
VIVOSDEV18_082_snr10,vivos,whisper,tiny,zero_shot,,42,10,music,HÀNG CHÂN MÀY ĐEN VÀ XẾCH KHÔNG LẪN VÀO ĐÂU ĐƯỢC, hàng tin mại Dan và Sất không lẫn vào đâu được
VIVOSDEV18_082_snr5,vivos,whisper,tiny,zero_shot,,42,5,noise,HÀNG CHÂN MÀY ĐEN VÀ XẾCH KHÔNG LẪN VÀO ĐÂU ĐƯỢC, Hàng chân này đang và sất không lẫn vào đâu được
VIVOSDEV18_082_snr0,vivos,whisper,tiny,zero_shot,,42,0,noise,HÀNG CHÂN MÀY ĐEN VÀ XẾCH KHÔNG LẪN VÀO ĐÂU ĐƯỢC, Hàng chân may danh và sất không lẫn vào đâu được.
VIVOSDEV16_239_clean,vivos,whisper,tiny,zero_shot,,42,clean,clean,VÀ MỘT ĐIỀU SÂU XA LÀ MÌNH ĐÃ THẬT SỰ YÊU BẠN, và một điều sau xa làm bình đã thực sự yêu bán.
VIVOSDEV16_239_snr20,vivos,whisper,tiny,zero_shot,,42,20,noise,VÀ MỘT ĐIỀU SÂU XA LÀ MÌNH ĐÃ THẬT SỰ YÊU BẠN, và mục đều sau xa làm bình đã thực sự yêu bán.
VIVOSDEV16_239_snr10,vivos,whisper,tiny,zero_shot,,42,10,noise,VÀ MỘT ĐIỀU SÂU XA LÀ MÌNH ĐÃ THẬT SỰ YÊU BẠN, và một điều sau xa làm bình đã thực sự yêu bán.
VIVOSDEV16_239_snr5,vivos,whisper,tiny,zero_shot,,42,5,speech,VÀ MỘT ĐIỀU SÂU XA LÀ MÌNH ĐÃ THẬT SỰ YÊU BẠN, và mọi điều xong xong làm bình đặt thực sự như vậy.
VIVOSDEV16_239_snr0,vivos,whisper,tiny,zero_shot,,42,0,noise,VÀ MỘT ĐIỀU SÂU XA LÀ MÌNH ĐÃ THẬT SỰ YÊU BẠN, và một điều sâu xa làm bình đã thật sự yêu đấy.
VIVOSDEV13_263_clean,vivos,whisper,tiny,zero_shot,,42,clean,clean,MỘT SỐ ĐIỂM NƯỚC PHUN ĐẾN ĐÂU BAY HƠI HẾT ĐẾN ĐÓ, Một số để nước phòng đến đau bay hai hết tất cả
VIVOSDEV13_263_snr20,vivos,whisper,tiny,zero_shot,,42,20,noise,MỘT SỐ ĐIỂM NƯỚC PHUN ĐẾN ĐÂU BAY HƠI HẾT ĐẾN ĐÓ, Một số để nước phòng đến đau bay 2 hát tất cả
VIVOSDEV13_263_snr10,vivos,whisper,tiny,zero_shot,,42,10,music,MỘT SỐ ĐIỂM NƯỚC PHUN ĐẾN ĐÂU BAY HƠI HẾT ĐẾN ĐÓ, Một số để nước phung đánh đào vài hơi hết tân đào
VIVOSDEV13_263_snr5,vivos,whisper,tiny,zero_shot,,42,5,music,MỘT SỐ ĐIỂM NƯỚC PHUN ĐẾN ĐÂU BAY HƠI HẾT ĐẾN ĐÓ," Một số để nếu phung đánh đào, vai hơi hết đánh đào"
VIVOSDEV13_263_snr0,vivos,whisper,tiny,zero_shot,,42,0,noise,MỘT SỐ ĐIỂM NƯỚC PHUN ĐẾN ĐÂU BAY HƠI HẾT ĐẾN ĐÓ, Một số để nước phòng đến nào với hai hát tên đào
VIVOSDEV11_282_clean,vivos,whisper,tiny,zero_shot,,42,clean,clean,THÔI THÌ CỨ SẮP XẾP NHƯ VẬY, Tại vì cứ sắp sẹp như vậy
VIVOSDEV11_282_snr20,vivos,whisper,tiny,zero_shot,,42,20,noise,THÔI THÌ CỨ SẮP XẾP NHƯ VẬY, Tại vì cứ sắp nhờ vậy
VIVOSDEV11_282_snr10,vivos,whisper,tiny,zero_shot,,42,10,music,THÔI THÌ CỨ SẮP XẾP NHƯ VẬY, Tại vì cứ sắp sẹp nhưu vậy
VIVOSDEV11_282_snr5,vivos,whisper,tiny,zero_shot,,42,5,noise,THÔI THÌ CỨ SẮP XẾP NHƯ VẬY, Hồi thấy cứ sắp sẹp nhờ vậy
VIVOSDEV11_282_snr0,vivos,whisper,tiny,zero_shot,,42,0,noise,THÔI THÌ CỨ SẮP XẾP NHƯ VẬY, Hồi thấy cứ cấp đẹp nhiều tài
VIVOSDEV04_R013_clean,vivos,whisper,tiny,zero_shot,,42,clean,clean,NGHĨA LÀ KÉM CỎI NAM TÍNH HAY SAO, Nhiế là khiếm có nong tính hay sau
VIVOSDEV04_R013_snr20,vivos,whisper,tiny,zero_shot,,42,20,music,NGHĨA LÀ KÉM CỎI NAM TÍNH HAY SAO, Nhiế là khiếm có nông tính hay sau
VIVOSDEV04_R013_snr10,vivos,whisper,tiny,zero_shot,,42,10,noise,NGHĨA LÀ KÉM CỎI NAM TÍNH HAY SAO, Nhiế là Kim có nong tính hay sau
VIVOSDEV04_R013_snr5,vivos,whisper,tiny,zero_shot,,42,5,music,NGHĨA LÀ KÉM CỎI NAM TÍNH HAY SAO, nghĩa là khiếm có nông tính hay không?
VIVOSDEV04_R013_snr0,vivos,whisper,tiny,zero_shot,,42,0,speech,NGHĨA LÀ KÉM CỎI NAM TÍNH HAY SAO," Bây giờ, lấy cái mẹ, lấy cái mẹ, lấy cái mẹ, lấy cái mẹ, lấy cái mẹ, lấy cái mẹ, lấy cái mẹ, lấy cái mẹ, lấy cái mẹ, lấy cái mẹ, lấy cái mẹ, lấy cái mẹ, lấy cái mẹ, lấy cái mẹ, lấy cái mẹ, lấy cái mẹ, lấy cái mẹ, lấy cái mẹ, lấy cái mẹ, lấy cái mẹ, lấy cái m"
VIVOSDEV13_226_clean,vivos,whisper,tiny,zero_shot,,42,clean,clean,VẬY MỚI CÓ MỤC TIÊU ĐỂ MÀ PHẤN ĐẤU NÊN NGƯỜI CÓ Ý THỨC, Vậy mới có 1 tưu để mà phóng đáo nên người có ít thích
VIVOSDEV13_226_snr20,vivos,whisper,tiny,zero_shot,,42,20,music,VẬY MỚI CÓ MỤC TIÊU ĐỂ MÀ PHẤN ĐẤU NÊN NGƯỜI CÓ Ý THỨC, Vậy mới có 1 tưu để mà phóng đáo nên người có ít thân
VIVOSDEV13_226_snr10,vivos,whisper,tiny,zero_shot,,42,10,noise,VẬY MỚI CÓ MỤC TIÊU ĐỂ MÀ PHẤN ĐẤU NÊN NGƯỜI CÓ Ý THỨC, Vậy mới có 1 tưu đẹp mà không đáo nên người có ít
VIVOSDEV13_226_snr5,vivos,whisper,tiny,zero_shot,,42,5,noise,VẬY MỚI CÓ MỤC TIÊU ĐỂ MÀ PHẤN ĐẤU NÊN NGƯỜI CÓ Ý THỨC, Vậy mới bao giờ quên đau này nơi có ý
VIVOSDEV13_226_snr0,vivos,whisper,tiny,zero_shot,,42,0,music,VẬY MỚI CÓ MỤC TIÊU ĐỂ MÀ PHẤN ĐẤU NÊN NGƯỜI CÓ Ý THỨC, Bài mới có một tiêu đếm mẹ không cáo lệnh nhìn có ý
VIVOSDEV15_173_clean,vivos,whisper,tiny,zero_shot,,42,clean,clean,HÌNH THỨC KỶ LUẬT NÀO CŨNG CHỈ CÓ TÍNH ĐỊNH HƯỚNG RĂN ĐE, Hình thức kỹ luận nào cũng chỉ có tính định hướng rân đea
VIVOSDEV15_173_snr20,vivos,whisper,tiny,zero_shot,,42,20,noise,HÌNH THỨC KỶ LUẬT NÀO CŨNG CHỈ CÓ TÍNH ĐỊNH HƯỚNG RĂN ĐE, Hình cứ kỹ lột nào cũng chỉ có tính định hướng rân đea
VIVOSDEV15_173_snr10,vivos,whisper,tiny,zero_shot,,42,10,speech,HÌNH THỨC KỶ LUẬT NÀO CŨNG CHỈ CÓ TÍNH ĐỊNH HƯỚNG RĂN ĐE, Hãy cứ kỹ luôn nào cũng chỉ có tình định hướng rân lẽ
VIVOSDEV15_173_snr5,vivos,whisper,tiny,zero_shot,,42,5,noise,HÌNH THỨC KỶ LUẬT NÀO CŨNG CHỈ CÓ TÍNH ĐỊNH HƯỚNG RĂN ĐE, Hình thức kỹ luận nào cũng chỉ có tính định hướng rân đea
VIVOSDEV15_173_snr0,vivos,whisper,tiny,zero_shot,,42,0,noise,HÌNH THỨC KỶ LUẬT NÀO CŨNG CHỈ CÓ TÍNH ĐỊNH HƯỚNG RĂN ĐE, Hãy giúp kỳ lua đau cũng chỉ có tính định hướng râm đea
VIVOSDEV05_199_clean,vivos,whisper,tiny,zero_shot,,42,clean,clean,LẦN LỮA MÃI MỚI GẶP ĐƯỢC TUYÊN, Lần nữa máy mới gặp được tuyên.
VIVOSDEV05_199_snr20,vivos,whisper,tiny,zero_shot,,42,20,speech,LẦN LỮA MÃI MỚI GẶP ĐƯỢC TUYÊN, Lần nữa máy mới giặt được tuyên.
VIVOSDEV05_199_snr10,vivos,whisper,tiny,zero_shot,,42,10,noise,LẦN LỮA MÃI MỚI GẶP ĐƯỢC TUYÊN, Lần nữa mái mới gặp được tinh.
VIVOSDEV05_199_snr5,vivos,whisper,tiny,zero_shot,,42,5,speech,LẦN LỮA MÃI MỚI GẶP ĐƯỢC TUYÊN," Đóng, đóng, đóng, đóng, đóng, đóng, đóng, đóng, đóng, đóng, đóng, đóng, đóng, đóng, đóng, đóng, đóng, đóng, đóng, đóng, đóng, đóng, đóng, đóng, đóng, đóng, đóng, đóng, đóng, đóng, đóng, đóng,"
VIVOSDEV05_199_snr0,vivos,whisper,tiny,zero_shot,,42,0,noise,LẦN LỮA MÃI MỚI GẶP ĐƯỢC TUYÊN, Lần nữa mái mới gặp được tuyên.
VIVOSDEV09_222_clean,vivos,whisper,tiny,zero_shot,,42,clean,clean,NĂM MƯƠI NĂM MƯƠI MỐT, Nam người Nam đi mốt
VIVOSDEV09_222_snr20,vivos,whisper,tiny,zero_shot,,42,20,speech,NĂM MƯƠI NĂM MƯƠI MỐT, Năm 1 đã mấy mốt
VIVOSDEV09_222_snr10,vivos,whisper,tiny,zero_shot,,42,10,noise,NĂM MƯƠI NĂM MƯƠI MỐT, Năm 1 người năm y mốt
VIVOSDEV09_222_snr5,vivos,whisper,tiny,zero_shot,,42,5,noise,NĂM MƯƠI NĂM MƯƠI MỐT, Năm 1 đình là mì mốt
VIVOSDEV09_222_snr0,vivos,whisper,tiny,zero_shot,,42,0,noise,NĂM MƯƠI NĂM MƯƠI MỐT, Năm 1 năm miếm mốt
VIVOSDEV03_T023_clean,vivos,whisper,tiny,zero_shot,,42,clean,clean,CƯỚP ĐẦY ĐƯỜNG CÔNG AN CHỈ LO HẠCH SÁCH, Cức đầy đường công nghen chỉ loa hạt sát
VIVOSDEV03_T023_snr20,vivos,whisper,tiny,zero_shot,,42,20,noise,CƯỚP ĐẦY ĐƯỜNG CÔNG AN CHỈ LO HẠCH SÁCH, Cức đầy đường công nghen chỉ loa hạt sát
VIVOSDEV03_T023_snr10,vivos,whisper,tiny,zero_shot,,42,10,speech,CƯỚP ĐẦY ĐƯỜNG CÔNG AN CHỈ LO HẠCH SÁCH," Cúc đầy đường, công nghệ lò hả sát"
VIVOSDEV03_T023_snr5,vivos,whisper,tiny,zero_shot,,42,5,music,CƯỚP ĐẦY ĐƯỜNG CÔNG AN CHỈ LO HẠCH SÁCH, Cứ bây giờ con nghe chỉ lo hạn chát
VIVOSDEV03_T023_snr0,vivos,whisper,tiny,zero_shot,,42,0,noise,CƯỚP ĐẦY ĐƯỜNG CÔNG AN CHỈ LO HẠCH SÁCH, Chúc này là con mình bị lo hả sao?
VIVOSDEV05_249_clean,vivos,whisper,tiny,zero_shot,,42,clean,clean,TÔI NGHĨ THỦ TƯỚNG SẼ KHÔNG NÉ TRÁNH BẤT CỨ CÂU HỎI NÀO, tôi nghĩ thủ tướng sẽ không nè đánh bất cứ câu hỏi nào
VIVOSDEV05_249_snr20,vivos,whisper,tiny,zero_shot,,42,20,speech,TÔI NGHĨ THỦ TƯỚNG SẼ KHÔNG NÉ TRÁNH BẤT CỨ CÂU HỎI NÀO, tôi nghĩ thủ tướng sẽ không nè danh bất cứ câu hỏi nào
VIVOSDEV05_249_snr10,vivos,whisper,tiny,zero_shot,,42,10,noise,TÔI NGHĨ THỦ TƯỚNG SẼ KHÔNG NÉ TRÁNH BẤT CỨ CÂU HỎI NÀO, Tôi nghĩ thủ tướng sẽ không nè chán bất cứ cầu hỏi nào
VIVOSDEV05_249_snr5,vivos,whisper,tiny,zero_shot,,42,5,speech,TÔI NGHĨ THỦ TƯỚNG SẼ KHÔNG NÉ TRÁNH BẤT CỨ CÂU HỎI NÀO, rồi nha y hồ tương sẽ không nghe trách bất cứ nha or nha
VIVOSDEV05_249_snr0,vivos,whisper,tiny,zero_shot,,42,0,speech,TÔI NGHĨ THỦ TƯỚNG SẼ KHÔNG NÉ TRÁNH BẤT CỨ CÂU HỎI NÀO, Thôi người ta sẽ không có thể đánh bất cứ cơm.
VIVOSDEV02_R005_clean,vivos,whisper,tiny,zero_shot,,42,clean,clean,NẾU TƯỞNG TƯỢNG BẢY TÁM NĂM NỮA, Nếu tưởng tưởng bái đám năm nữa
VIVOSDEV02_R005_snr20,vivos,whisper,tiny,zero_shot,,42,20,speech,NẾU TƯỞNG TƯỢNG BẢY TÁM NĂM NỮA, Nếu tưởng tưởng bại đám năm nữa
VIVOSDEV02_R005_snr10,vivos,whisper,tiny,zero_shot,,42,10,speech,NẾU TƯỞNG TƯỢNG BẢY TÁM NĂM NỮA, Bình sẽ tử tử bài đám năm nữa
VIVOSDEV02_R005_snr5,vivos,whisper,tiny,zero_shot,,42,5,music,NẾU TƯỞNG TƯỢNG BẢY TÁM NĂM NỮA, Nếu tưởng tưởng bài tâm năm nữa
VIVOSDEV02_R005_snr0,vivos,whisper,tiny,zero_shot,,42,0,music,NẾU TƯỞNG TƯỢNG BẢY TÁM NĂM NỮA," Nếu mình ở tướng tượng bài tâm tâm, nếu không có tâm."
VIVOSDEV15_239_clean,vivos,whisper,tiny,zero_shot,,42,clean,clean,THẬT RA THÌ CŨNG KHÔNG THỂ LÀM CẦU KÌ NHƯ Ở NHÀ ĐƯỢC, Thật ra thì cũng không thể làm cầu khi như ở nhà được.
VIVOSDEV15_239_snr20,vivos,whisper,tiny,zero_shot,,42,20,noise,THẬT RA THÌ CŨNG KHÔNG THỂ LÀM CẦU KÌ NHƯ Ở NHÀ ĐƯỢC, Thật ra thì cũng không thể làm cầu khi như ở nhà được.
VIVOSDEV15_239_snr10,vivos,whisper,tiny,zero_shot,,42,10,speech,THẬT RA THÌ CŨNG KHÔNG THỂ LÀM CẦU KÌ NHƯ Ở NHÀ ĐƯỢC, Thật ra thì cũng không thể làm câu ki như ở nhà đường.
VIVOSDEV15_239_snr5,vivos,whisper,tiny,zero_shot,,42,5,noise,THẬT RA THÌ CŨNG KHÔNG THỂ LÀM CẦU KÌ NHƯ Ở NHÀ ĐƯỢC, Thật ra thì cũng không thể làm gầu khi như ở nhà được
VIVOSDEV15_239_snr0,vivos,whisper,tiny,zero_shot,,42,0,noise,THẬT RA THÌ CŨNG KHÔNG THỂ LÀM CẦU KÌ NHƯ Ở NHÀ ĐƯỢC, Thật ra thì cũng có thể làm tốt như ở nhà được
VIVOSDEV16_101_clean,vivos,whisper,tiny,zero_shot,,42,clean,clean,TÔI KHẼ CHỚP MẮT VÀ THẦM CẦU NGUYỆN XIN CHÚA GIÚP CON, tôi khẻ chấp mắt và thầm cầu nghe xinh chú giúp con.
VIVOSDEV16_101_snr20,vivos,whisper,tiny,zero_shot,,42,20,noise,TÔI KHẼ CHỚP MẮT VÀ THẦM CẦU NGUYỆN XIN CHÚA GIÚP CON, Tôi khẻ chấp mắt và thầm cầu nguyện xin chú giúp cầu.
VIVOSDEV16_101_snr10,vivos,whisper,tiny,zero_shot,,42,10,noise,TÔI KHẼ CHỚP MẮT VÀ THẦM CẦU NGUYỆN XIN CHÚA GIÚP CON, Tôi khí giúp mắt và thăm câu quên xin chú giúp con.
VIVOSDEV16_101_snr5,vivos,whisper,tiny,zero_shot,,42,5,noise,TÔI KHẼ CHỚP MẮT VÀ THẦM CẦU NGUYỆN XIN CHÚA GIÚP CON, Tôi sẽ tiếp back và thầm cao mình sẽ tư dụi tiếp cao
VIVOSDEV16_101_snr0,vivos,whisper,tiny,zero_shot,,42,0,music,TÔI KHẼ CHỚP MẮT VÀ THẦM CẦU NGUYỆN XIN CHÚA GIÚP CON, Tôi kể giúp bắt bà tham cầu về xin trù giúp gão
VIVOSDEV11_015_clean,vivos,whisper,tiny,zero_shot,,42,clean,clean,NỮ DIỄN VIÊN XINH ĐẸP PHẠM BĂNG BĂNG, Nếu yến vình xin đẹp phá băng băng
VIVOSDEV11_015_snr20,vivos,whisper,tiny,zero_shot,,42,20,music,NỮ DIỄN VIÊN XINH ĐẸP PHẠM BĂNG BĂNG, Nếu yến vình xin đẹp phá băng băng
VIVOSDEV11_015_snr10,vivos,whisper,tiny,zero_shot,,42,10,speech,NỮ DIỄN VIÊN XINH ĐẸP PHẠM BĂNG BĂNG, Nếu yến vình xin đẹp phán băng băng băng
VIVOSDEV11_015_snr5,vivos,whisper,tiny,zero_shot,,42,5,noise,NỮ DIỄN VIÊN XINH ĐẸP PHẠM BĂNG BĂNG, Nếu những v� sinh đẹp phạm băng măng
VIVOSDEV11_015_snr0,vivos,whisper,tiny,zero_shot,,42,0,speech,NỮ DIỄN VIÊN XINH ĐẸP PHẠM BĂNG BĂNG, Mình sẽ bây giờ có một đường đầy.
VIVOSDEV04_R056_clean,vivos,whisper,tiny,zero_shot,,42,clean,clean,GÍ HÒN THAN VÀO RƠM, Ví hỏng thân vào rương
VIVOSDEV04_R056_snr20,vivos,whisper,tiny,zero_shot,,42,20,noise,GÍ HÒN THAN VÀO RƠM, Ví hỏng thong vào đường
VIVOSDEV04_R056_snr10,vivos,whisper,tiny,zero_shot,,42,10,noise,GÍ HÒN THAN VÀO RƠM, 1 hỏng thong bảo vương
VIVOSDEV04_R056_snr5,vivos,whisper,tiny,zero_shot,,42,5,music,GÍ HÒN THAN VÀO RƠM, Ví hòn thân vào rương
VIVOSDEV04_R056_snr0,vivos,whisper,tiny,zero_shot,,42,0,music,GÍ HÒN THAN VÀO RƠM, Ví hòn thân vào rương
VIVOSDEV06_103_clean,vivos,whisper,tiny,zero_shot,,42,clean,clean,CÁC EM NHỎ SẼ KHÔNG CÒN PHẢI ĐI TRÊN NHỮNG CHUYẾN ĐÒ NGUY HIỂM, Các em nhỏ sẽ không còn phải đi tân những chiến đòng quy hiểm.
VIVOSDEV06_103_snr20,vivos,whisper,tiny,zero_shot,,42,20,music,CÁC EM NHỎ SẼ KHÔNG CÒN PHẢI ĐI TRÊN NHỮNG CHUYẾN ĐÒ NGUY HIỂM, Các em nhỏ sẽ không còn phải đi tên những chiến đòng vi hiểm.
VIVOSDEV06_103_snr10,vivos,whisper,tiny,zero_shot,,42,10,music,CÁC EM NHỎ SẼ KHÔNG CÒN PHẢI ĐI TRÊN NHỮNG CHUYẾN ĐÒ NGUY HIỂM, Các em nhỏ sẽ không còn phải đi tân những chiến đòng vi hiểm.
VIVOSDEV06_103_snr5,vivos,whisper,tiny,zero_shot,,42,5,speech,CÁC EM NHỎ SẼ KHÔNG CÒN PHẢI ĐI TRÊN NHỮNG CHUYẾN ĐÒ NGUY HIỂM, Đóng nhỏ sẽ không gọi phải đi tân những chính đỏng viên.
VIVOSDEV06_103_snr0,vivos,whisper,tiny,zero_shot,,42,0,music,CÁC EM NHỎ SẼ KHÔNG CÒN PHẢI ĐI TRÊN NHỮNG CHUYẾN ĐÒ NGUY HIỂM, Các em nhỏ sẽ không còn phải đi trên những chiến đỏ mình đi
VIVOSDEV06_157_clean,vivos,whisper,tiny,zero_shot,,42,clean,clean,SỐ KHÁC SUY ĐOÁN RẰNG ANH TA HÀNH ĐỘNG ÁC TÂM VẬY, số khách xuy động ràng an ta hình đồng át tâm vải.
VIVOSDEV06_157_snr20,vivos,whisper,tiny,zero_shot,,42,20,noise,SỐ KHÁC SUY ĐOÁN RẰNG ANH TA HÀNH ĐỘNG ÁC TÂM VẬY, số khách xí đóng ràng ăn ta hình đồng át tâm vậy
VIVOSDEV06_157_snr10,vivos,whisper,tiny,zero_shot,,42,10,noise,SỐ KHÁC SUY ĐOÁN RẰNG ANH TA HÀNH ĐỘNG ÁC TÂM VẬY, số khách xuy động ràng ăn ta hình đồng et tâm vậy
VIVOSDEV06_157_snr5,vivos,whisper,tiny,zero_shot,,42,5,noise,SỐ KHÁC SUY ĐOÁN RẰNG ANH TA HÀNH ĐỘNG ÁC TÂM VẬY," Châu khách gì đóng, rần Ấn ta hình đồng át tâm vậy."
VIVOSDEV06_157_snr0,vivos,whisper,tiny,zero_shot,,42,0,noise,SỐ KHÁC SUY ĐOÁN RẰNG ANH TA HÀNH ĐỘNG ÁC TÂM VẬY," Châu khách gì đó là mỗi tàng đồng ấy, tâm bệnh."
VIVOSDEV08_201_clean,vivos,whisper,tiny,zero_shot,,42,clean,clean,KHÔNG MỘT HAI BA BỐN, không mọ排 bà bông
VIVOSDEV08_201_snr20,vivos,whisper,tiny,zero_shot,,42,20,noise,KHÔNG MỘT HAI BA BỐN, không mọc thay bà bông
VIVOSDEV08_201_snr10,vivos,whisper,tiny,zero_shot,,42,10,noise,KHÔNG MỘT HAI BA BỐN, Tâm mọc hai bà bông
VIVOSDEV08_201_snr5,vivos,whisper,tiny,zero_shot,,42,5,speech,KHÔNG MỘT HAI BA BỐN," Khâm, hợp, hợp, hợp, hợp, hợp, hợp, hợp, hợp, hợp, hợp, hợp, hợp, hợp, hợp, hợp, hợp, hợp, hợp, hợp, hợp, hợp, hợp, hợp, hợp, hợp, hợp, hợp, hợp, hợp, hợp, hợp, h"
VIVOSDEV08_201_snr0,vivos,whisper,tiny,zero_shot,,42,0,noise,KHÔNG MỘT HAI BA BỐN, Thông bỏ tay là bông
VIVOSDEV04_T003_clean,vivos,whisper,tiny,zero_shot,,42,clean,clean,NHẬN ĐƯỢC TIN NÀY GỌI LẠI CHO TÔI GẤP," Nhận được tinh này, có lại cháu tư gấp"
VIVOSDEV04_T003_snr20,vivos,whisper,tiny,zero_shot,,42,20,noise,NHẬN ĐƯỢC TIN NÀY GỌI LẠI CHO TÔI GẤP," Nhận được tinh này, có lại cháu tư gấp"
VIVOSDEV04_T003_snr10,vivos,whisper,tiny,zero_shot,,42,10,music,NHẬN ĐƯỢC TIN NÀY GỌI LẠI CHO TÔI GẤP, Nhẵn được tinh này có lại chó tư gấp
VIVOSDEV04_T003_snr5,vivos,whisper,tiny,zero_shot,,42,5,music,NHẬN ĐƯỢC TIN NÀY GỌI LẠI CHO TÔI GẤP, Nhận được tinh này có lại cháu tư góc
VIVOSDEV04_T003_snr0,vivos,whisper,tiny,zero_shot,,42,0,noise,NHẬN ĐƯỢC TIN NÀY GỌI LẠI CHO TÔI GẤP," Nhận được tinh này, có lại cháu tư góc"
VIVOSDEV13_276_clean,vivos,whisper,tiny,zero_shot,,42,clean,clean,ĐÓ LÀ CÂU HỎI MÀ ĐẾN NAY VẪN CHƯA CÓ CÂU TRẢ LỜI, Đó là câu hỏi mà đến này vẫn chưa có cau chết
VIVOSDEV13_276_snr20,vivos,whisper,tiny,zero_shot,,42,20,noise,ĐÓ LÀ CÂU HỎI MÀ ĐẾN NAY VẪN CHƯA CÓ CÂU TRẢ LỜI, Đó là câu hỏi mà đến ngày bưởng chưa có câu trả lắm
VIVOSDEV13_276_snr10,vivos,whisper,tiny,zero_shot,,42,10,speech,ĐÓ LÀ CÂU HỎI MÀ ĐẾN NAY VẪN CHƯA CÓ CÂU TRẢ LỜI, Đó là câu hỏi mà đến nay vẫn chưa có câu chả lắm
VIVOSDEV13_276_snr5,vivos,whisper,tiny,zero_shot,,42,5,noise,ĐÓ LÀ CÂU HỎI MÀ ĐẾN NAY VẪN CHƯA CÓ CÂU TRẢ LỜI, Đó là câu hỏi mà đến nay vẫn chưa có cau trả là
VIVOSDEV13_276_snr0,vivos,whisper,tiny,zero_shot,,42,0,music,ĐÓ LÀ CÂU HỎI MÀ ĐẾN NAY VẪN CHƯA CÓ CÂU TRẢ LỜI, Thá là câu hỏi mà đến ngày bấn chưa có cầu dẫn
VIVOSDEV18_257_clean,vivos,whisper,tiny,zero_shot,,42,clean,clean,NGỒI NGHE TIẾNG BIỂN VÀ THƯ THẢ ĐẾM TỪNG GIỌT ĐEN RƠI, Người ngay tìm biển và thư thái đêm từng giọt đen rồi
VIVOSDEV18_257_snr20,vivos,whisper,tiny,zero_shot,,42,20,music,NGỒI NGHE TIẾNG BIỂN VÀ THƯ THẢ ĐẾM TỪNG GIỌT ĐEN RƠI, Người ngay tìm biển và thư thái đêm từng giọt đen rồi
VIVOSDEV18_257_snr10,vivos,whisper,tiny,zero_shot,,42,10,music,NGỒI NGHE TIẾNG BIỂN VÀ THƯ THẢ ĐẾM TỪNG GIỌT ĐEN RƠI, Môi nghe tình biển vả thư thái đêm từ gặp đen rồi
VIVOSDEV18_257_snr5,vivos,whisper,tiny,zero_shot,,42,5,noise,NGỒI NGHE TIẾNG BIỂN VÀ THƯ THẢ ĐẾM TỪNG GIỌT ĐEN RƠI, Người ngay tìm viện và thư thái đêm tình giọt mên rồi
VIVOSDEV18_257_snr0,vivos,whisper,tiny,zero_shot,,42,0,noise,NGỒI NGHE TIẾNG BIỂN VÀ THƯ THẢ ĐẾM TỪNG GIỌT ĐEN RƠI, Mình sẽ phim biển và trương khái đến từng tập lên rồi
VIVOSDEV13_098_clean,vivos,whisper,tiny,zero_shot,,42,clean,clean,HẦU NHƯ CÁC PHẢN ỨNG PHỤ NẶNG NỀ LÀ RẤT HIẾM GẶP, Hồi dưa các phản ứng phủ nạn này là rất khiến gặp
VIVOSDEV13_098_snr20,vivos,whisper,tiny,zero_shot,,42,20,music,HẦU NHƯ CÁC PHẢN ỨNG PHỤ NẶNG NỀ LÀ RẤT HIẾM GẶP, Hồi như các phản ứng phủ nạn này là rất khiến đẹp
VIVOSDEV13_098_snr10,vivos,whisper,tiny,zero_shot,,42,10,noise,HẦU NHƯ CÁC PHẢN ỨNG PHỤ NẶNG NỀ LÀ RẤT HIẾM GẶP, Hồi dưa các phản ứng phủ nạn này là rất khiến gặp
VIVOSDEV13_098_snr5,vivos,whisper,tiny,zero_shot,,42,5,music,HẦU NHƯ CÁC PHẢN ỨNG PHỤ NẶNG NỀ LÀ RẤT HIẾM GẶP, Hồi như các phán ứng phủ nạn này là rất khiến gặp
VIVOSDEV13_098_snr0,vivos,whisper,tiny,zero_shot,,42,0,noise,HẦU NHƯ CÁC PHẢN ỨNG PHỤ NẶNG NỀ LÀ RẤT HIẾM GẶP, Hồi như các phán ứng phủ nạn này là rất kým gặp
VIVOSDEV13_230_clean,vivos,whisper,tiny,zero_shot,,42,clean,clean,CHỈ MỘT ĐIỀU ĐƠN GIẢN VẬY MÀ ANH ẤY KHÔNG BAO GIỜ THỰC HIỆN ĐƯỢC, Chỉ một điều đơn giản với mạng ấy không bao giờ thực hiện được
VIVOSDEV13_230_snr20,vivos,whisper,tiny,zero_shot,,42,20,music,CHỈ MỘT ĐIỀU ĐƠN GIẢN VẬY MÀ ANH ẤY KHÔNG BAO GIỜ THỰC HIỆN ĐƯỢC, Chỉ một điều đơn giản với mạng ấy không bao giờ thực hiện được
VIVOSDEV13_230_snr10,vivos,whisper,tiny,zero_shot,,42,10,noise,CHỈ MỘT ĐIỀU ĐƠN GIẢN VẬY MÀ ANH ẤY KHÔNG BAO GIỜ THỰC HIỆN ĐƯỢC," Chỉ một điều đóng giản với mạng, nó có bao giờ thực hiện được"
VIVOSDEV13_230_snr5,vivos,whisper,tiny,zero_shot,,42,5,music,CHỈ MỘT ĐIỀU ĐƠN GIẢN VẬY MÀ ANH ẤY KHÔNG BAO GIỜ THỰC HIỆN ĐƯỢC, Chỉ mục đều đứng dễn vài mặt nó có bao giờ thật hệnh được
VIVOSDEV13_230_snr0,vivos,whisper,tiny,zero_shot,,42,0,speech,CHỈ MỘT ĐIỀU ĐƠN GIẢN VẬY MÀ ANH ẤY KHÔNG BAO GIỜ THỰC HIỆN ĐƯỢC," Một lươn dễn, trời mạng, ai không bao giờ thật hình gặp."
VIVOSDEV05_226_clean,vivos,whisper,tiny,zero_shot,,42,clean,clean,MỘT CÚ NGOẶT KHÔNG CHÍNH XÁC," một gũng, quả không kinh sách?"
VIVOSDEV05_226_snr20,vivos,whisper,tiny,zero_shot,,42,20,noise,MỘT CÚ NGOẶT KHÔNG CHÍNH XÁC, Một quốc quả cầm kinh sạch
VIVOSDEV05_226_snr10,vivos,whisper,tiny,zero_shot,,42,10,noise,MỘT CÚ NGOẶT KHÔNG CHÍNH XÁC, mộc bống quả không chính xác
VIVOSDEV05_226_snr5,vivos,whisper,tiny,zero_shot,,42,5,noise,MỘT CÚ NGOẶT KHÔNG CHÍNH XÁC, Một buồn và trông in sè
VIVOSDEV05_226_snr0,vivos,whisper,tiny,zero_shot,,42,0,noise,MỘT CÚ NGOẶT KHÔNG CHÍNH XÁC, Một của quà không đến t
VIVOSDEV16_048_clean,vivos,whisper,tiny,zero_shot,,42,clean,clean,PHẢI CHĂNG XÂY DỰNG NIỀM TIN VÀO TÌNH YÊU KHÓ THẾ, phải găng xây dựng nềm tin vào tình yêu khác thế
VIVOSDEV16_048_snr20,vivos,whisper,tiny,zero_shot,,42,20,noise,PHẢI CHĂNG XÂY DỰNG NIỀM TIN VÀO TÌNH YÊU KHÓ THẾ, phải chăng xây dựng nguyên đêm gạo tình yêu khác thêm
VIVOSDEV16_048_snr10,vivos,whisper,tiny,zero_shot,,42,10,speech,PHẢI CHĂNG XÂY DỰNG NIỀM TIN VÀO TÌNH YÊU KHÓ THẾ," phái chang, phay dựng nềm tin vào tin yêu khác thêm."
VIVOSDEV16_048_snr5,vivos,whisper,tiny,zero_shot,,42,5,noise,PHẢI CHĂNG XÂY DỰNG NIỀM TIN VÀO TÌNH YÊU KHÓ THẾ, phải giang xây dựng nềm tin vào tin yêu khác thêm
VIVOSDEV16_048_snr0,vivos,whisper,tiny,zero_shot,,42,0,noise,PHẢI CHĂNG XÂY DỰNG NIỀM TIN VÀO TÌNH YÊU KHÓ THẾ, Phải trọng xây những mềm tin vào từ yêu khác hả?
VIVOSDEV10_014_clean,vivos,whisper,tiny,zero_shot,,42,clean,clean,SAU KHI ĐỌC NHỮNG THÔNG TIN TRÊN BÁO," Sau khi nhận hôm cân, chân báo"
VIVOSDEV10_014_snr20,vivos,whisper,tiny,zero_shot,,42,20,music,SAU KHI ĐỌC NHỮNG THÔNG TIN TRÊN BÁO," xào hầy rọng những hông tin, kênh máu"
VIVOSDEV10_014_snr10,vivos,whisper,tiny,zero_shot,,42,10,noise,SAU KHI ĐỌC NHỮNG THÔNG TIN TRÊN BÁO," xào hầy rọng những hông cân, chân báo"
VIVOSDEV10_014_snr5,vivos,whisper,tiny,zero_shot,,42,5,music,SAU KHI ĐỌC NHỮNG THÔNG TIN TRÊN BÁO, Sau khi rọng những hậu cân kênh báo
VIVOSDEV10_014_snr0,vivos,whisper,tiny,zero_shot,,42,0,music,SAU KHI ĐỌC NHỮNG THÔNG TIN TRÊN BÁO, Chào hư rào for nhận học đất chất trên phát
VIVOSDEV11_193_clean,vivos,whisper,tiny,zero_shot,,42,clean,clean,VÌ BAN ĐÊM CHỊ NGỦ KHÔNG NGON, về băng đêm chí ngủ không ngon
VIVOSDEV11_193_snr20,vivos,whisper,tiny,zero_shot,,42,20,speech,VÌ BAN ĐÊM CHỊ NGỦ KHÔNG NGON, về băng đêm chí ngủ không ngon
VIVOSDEV11_193_snr10,vivos,whisper,tiny,zero_shot,,42,10,noise,VÌ BAN ĐÊM CHỊ NGỦ KHÔNG NGON, về băng đêm chí ngủ không ngon
VIVOSDEV11_193_snr5,vivos,whisper,tiny,zero_shot,,42,5,noise,VÌ BAN ĐÊM CHỊ NGỦ KHÔNG NGON, Vậy băng đêm chí ngủ không ngon
VIVOSDEV11_193_snr0,vivos,whisper,tiny,zero_shot,,42,0,noise,VÌ BAN ĐÊM CHỊ NGỦ KHÔNG NGON, Vậy băng đêm chí ngủ không ngon
VIVOSDEV08_128_clean,vivos,whisper,tiny,zero_shot,,42,clean,clean,CÓ LẼ PHẢI MẤT NHIỀU THỜI GIAN, Có lẽ phải mắt nhiều thời gian
VIVOSDEV08_128_snr20,vivos,whisper,tiny,zero_shot,,42,20,music,CÓ LẼ PHẢI MẤT NHIỀU THỜI GIAN, Có lẽ phải mắt nhiều thời gian
VIVOSDEV08_128_snr10,vivos,whisper,tiny,zero_shot,,42,10,music,CÓ LẼ PHẢI MẤT NHIỀU THỜI GIAN, Có lẽ phải mắt nhiều thời gian
VIVOSDEV08_128_snr5,vivos,whisper,tiny,zero_shot,,42,5,noise,CÓ LẼ PHẢI MẤT NHIỀU THỜI GIAN, có lẽ phải mắt nhiều thời gian
VIVOSDEV08_128_snr0,vivos,whisper,tiny,zero_shot,,42,0,music,CÓ LẼ PHẢI MẤT NHIỀU THỜI GIAN, có lẽ phải mắt như thời gian
VIVOSDEV03_T047_clean,vivos,whisper,tiny,zero_shot,,42,clean,clean,TRONG PHIM CÓ NHIỀU CẢNH CHÉM GIẾT, Tòn phim có nhiều cạnh kếm giết
VIVOSDEV03_T047_snr20,vivos,whisper,tiny,zero_shot,,42,20,music,TRONG PHIM CÓ NHIỀU CẢNH CHÉM GIẾT, trong phim có nhiều cạnh chếm giết
VIVOSDEV03_T047_snr10,vivos,whisper,tiny,zero_shot,,42,10,noise,TRONG PHIM CÓ NHIỀU CẢNH CHÉM GIẾT, Tò phim có nhiều cảm chếm giết
VIVOSDEV03_T047_snr5,vivos,whisper,tiny,zero_shot,,42,5,speech,TRONG PHIM CÓ NHIỀU CẢNH CHÉM GIẾT, Đó phim con như con kia
VIVOSDEV03_T047_snr0,vivos,whisper,tiny,zero_shot,,42,0,noise,TRONG PHIM CÓ NHIỀU CẢNH CHÉM GIẾT, Đóng phim có nhiều cảm kia mẹ
VIVOSDEV04_R086_clean,vivos,whisper,tiny,zero_shot,,42,clean,clean,TAY KIA XÁCH MỘT TAY GIÓNG MANG CHIẾC VỊM LỚN, Tại kia sách một tay giống mang chức vìm lắng.
VIVOSDEV04_R086_snr20,vivos,whisper,tiny,zero_shot,,42,20,music,TAY KIA XÁCH MỘT TAY GIÓNG MANG CHIẾC VỊM LỚN, Tại kia sách mục tây dẫn mang chức vìm lắng.
VIVOSDEV04_R086_snr10,vivos,whisper,tiny,zero_shot,,42,10,noise,TAY KIA XÁCH MỘT TAY GIÓNG MANG CHIẾC VỊM LỚN, Tại quên sách một tay giống mang chức vìm lắng.
VIVOSDEV04_R086_snr5,vivos,whisper,tiny,zero_shot,,42,5,noise,TAY KIA XÁCH MỘT TAY GIÓNG MANG CHIẾC VỊM LỚN," Tại kia sách mục tầy, giống mang chức vìm lắng."
VIVOSDEV04_R086_snr0,vivos,whisper,tiny,zero_shot,,42,0,noise,TAY KIA XÁCH MỘT TAY GIÓNG MANG CHIẾC VỊM LỚN," Tại kia sách mục, tay, giống mang, chức, vướp, bánh."
VIVOSDEV02_R032_clean,vivos,whisper,tiny,zero_shot,,42,clean,clean,Y TẾ BÌNH HƯNG HÒA BỊ HƯ HỎNG, Ý đẹp bình hương hoài bị hư hồng.
VIVOSDEV02_R032_snr20,vivos,whisper,tiny,zero_shot,,42,20,music,Y TẾ BÌNH HƯNG HÒA BỊ HƯ HỎNG, 8 đẹp bình hương hoạch bị hư hông
VIVOSDEV02_R032_snr10,vivos,whisper,tiny,zero_shot,,42,10,noise,Y TẾ BÌNH HƯNG HÒA BỊ HƯ HỎNG, Ê đẹp bình hương hoài bị hư hồng
VIVOSDEV02_R032_snr5,vivos,whisper,tiny,zero_shot,,42,5,noise,Y TẾ BÌNH HƯNG HÒA BỊ HƯ HỎNG," Ê, đẹp bình hương phía bị hư hông."
VIVOSDEV02_R032_snr0,vivos,whisper,tiny,zero_shot,,42,0,music,Y TẾ BÌNH HƯNG HÒA BỊ HƯ HỎNG, Hãy subscribe và like và like và like và like và like và like và like và like và like và like và like và like và like và like và like và like và like và like và like và like và like và like và like và like và like và like và like và like và like và like và like và like và like và like và like và like và like và like và like và like và like và like và like và like và like và like và like và like và like và like và like và like và like và like và like và like và like và like và like và like và like và like và
VIVOSDEV02_R099_clean,vivos,whisper,tiny,zero_shot,,42,clean,clean,ỔNG NÓI Ở SÀI GÒN ỔNG ĐÃ LÀM ÔNG HỘI ĐỒNG NHƯ THẾ NÀO, ở nơi ở sài gần ấm đại làm ấm hỏi đầm như thế nào
VIVOSDEV02_R099_snr20,vivos,whisper,tiny,zero_shot,,42,20,noise,ỔNG NÓI Ở SÀI GÒN ỔNG ĐÃ LÀM ÔNG HỘI ĐỒNG NHƯ THẾ NÀO, Ờm nói ở sài gần ấm đại làm ấm hỏi đầm như thế nào
VIVOSDEV02_R099_snr10,vivos,whisper,tiny,zero_shot,,42,10,noise,ỔNG NÓI Ở SÀI GÒN ỔNG ĐÃ LÀM ÔNG HỘI ĐỒNG NHƯ THẾ NÀO," Ờ, nói ở sài gần, ông đã làm ông hỏi đồng như thế nào?"
VIVOSDEV02_R099_snr5,vivos,whisper,tiny,zero_shot,,42,5,noise,ỔNG NÓI Ở SÀI GÒN ỔNG ĐÃ LÀM ÔNG HỘI ĐỒNG NHƯ THẾ NÀO," Nói ở trời gần, ở bài làm ông khỏi đồng như thế nào"
VIVOSDEV02_R099_snr0,vivos,whisper,tiny,zero_shot,,42,0,noise,ỔNG NÓI Ở SÀI GÒN ỔNG ĐÃ LÀM ÔNG HỘI ĐỒNG NHƯ THẾ NÀO," Ừm nói ở sài gờ, ấm đại làm ấm hỏi đầm như thế này"
VIVOSDEV19_222_clean,vivos,whisper,tiny,zero_shot,,42,clean,clean,MẮT TỰ NHIÊN HOA LÊN TRÍ CHỤP MỘT CÁI LY QUẬT MẠNH XUỐNG SÀN, Mắt tới nhiên hoa lên trái chục mẫu cái lây hoặc bàn xuống sáng
VIVOSDEV19_222_snr20,vivos,whisper,tiny,zero_shot,,42,20,noise,MẮT TỰ NHIÊN HOA LÊN TRÍ CHỤP MỘT CÁI LY QUẬT MẠNH XUỐNG SÀN, Mắt tới nhiên hoa lên trái chục mẫu cái lây hoặc bàn xuống sang.
VIVOSDEV19_222_snr10,vivos,whisper,tiny,zero_shot,,42,10,noise,MẮT TỰ NHIÊN HOA LÊN TRÍ CHỤP MỘT CÁI LY QUẬT MẠNH XUỐNG SÀN, Mắt tới nhìn hoàn lên phía chục bất cái lây quốc bản xuống sang
VIVOSDEV19_222_snr5,vivos,whisper,tiny,zero_shot,,42,5,noise,MẮT TỰ NHIÊN HOA LÊN TRÍ CHỤP MỘT CÁI LY QUẬT MẠNH XUỐNG SÀN," Mắt tự nhiên, hoàn lên, gây, chục, mất, ra lên, hoặc bàn xuống trang."
VIVOSDEV19_222_snr0,vivos,whisper,tiny,zero_shot,,42,0,speech,MẮT TỰ NHIÊN HOA LÊN TRÍ CHỤP MỘT CÁI LY QUẬT MẠNH XUỐNG SÀN," Bây giờ, bây giờ, bây giờ, bây giờ, bây giờ, bây giờ, bây giờ, bây giờ, bây giờ, bây giờ, bây giờ, bây giờ, bây giờ, bây giờ, bây giờ, bây giờ, bây giờ, bây giờ, bây giờ, bây giờ, bây giờ, bây giờ, bây giờ, bây giờ, bây giờ, bây giờ, bây giờ, bây giờ, bây giờ, bây giờ, bây giờ, bây giờ,"
VIVOSDEV19_142_clean,vivos,whisper,tiny,zero_shot,,42,clean,clean,HỌ CHỈ THÍCH NHỮNG MÔN GÌ MẠNH BẠO BẠO LỰC VÀ KIẾM RA TIỀN THÔI, Hà chị thích những mong dầy mạnh mạo và lực về game chat diện thôi.
VIVOSDEV19_142_snr20,vivos,whisper,tiny,zero_shot,,42,20,noise,HỌ CHỈ THÍCH NHỮNG MÔN GÌ MẠNH BẠO BẠO LỰC VÀ KIẾM RA TIỀN THÔI, Hà dị thích những mong dầy mạnh mạo và lực về gamecrab tìm thôi.
VIVOSDEV19_142_snr10,vivos,whisper,tiny,zero_shot,,42,10,music,HỌ CHỈ THÍCH NHỮNG MÔN GÌ MẠNH BẠO BẠO LỰC VÀ KIẾM RA TIỀN THÔI, Hà chế tất những mong dây mạnh bảo và lực về game trap店 thôi.
VIVOSDEV19_142_snr5,vivos,whisper,tiny,zero_shot,,42,5,noise,HỌ CHỈ THÍCH NHỮNG MÔN GÌ MẠNH BẠO BẠO LỰC VÀ KIẾM RA TIỀN THÔI, Hãy thích những mong dầy mạnh mạo và lực và tím đẹp tìm thôi.
VIVOSDEV19_142_snr0,vivos,whisper,tiny,zero_shot,,42,0,noise,HỌ CHỈ THÍCH NHỮNG MÔN GÌ MẠNH BẠO BẠO LỰC VÀ KIẾM RA TIỀN THÔI, Hà kỳ rất những mong dây mạnh mạo và lực về kính chết điên thôi.
VIVOSDEV18_272_clean,vivos,whisper,tiny,zero_shot,,42,clean,clean,ANH NHƠN BẢO TÔI VỀ TRƯỚC CÒN ANH ĐI THEO CÔ GÁI, Anh nhớn bảo tôi về chút còn anh đi theo cô gái
VIVOSDEV18_272_snr20,vivos,whisper,tiny,zero_shot,,42,20,noise,ANH NHƠN BẢO TÔI VỀ TRƯỚC CÒN ANH ĐI THEO CÔ GÁI, Anh nhớ bảo tôi về chút còn anh đi theo cô gái
VIVOSDEV18_272_snr10,vivos,whisper,tiny,zero_shot,,42,10,noise,ANH NHƠN BẢO TÔI VỀ TRƯỚC CÒN ANH ĐI THEO CÔ GÁI, Anh nhớ bảo tôi về chúc còn anh đi theo cô gái
VIVOSDEV18_272_snr5,vivos,whisper,tiny,zero_shot,,42,5,speech,ANH NHƠN BẢO TÔI VỀ TRƯỚC CÒN ANH ĐI THEO CÔ GÁI, Anh nhớ bà tôi về chút có anh thì theo cô gái
VIVOSDEV18_272_snr0,vivos,whisper,tiny,zero_shot,,42,0,music,ANH NHƠN BẢO TÔI VỀ TRƯỚC CÒN ANH ĐI THEO CÔ GÁI, Anh nếu bảo tôi về chút có anh đi theo cô gái
VIVOSDEV12_227_clean,vivos,whisper,tiny,zero_shot,,42,clean,clean,SÁU MƯƠI SÁU MƯƠI MỐT, xa mười xa mười mốt
VIVOSDEV12_227_snr20,vivos,whisper,tiny,zero_shot,,42,20,speech,SÁU MƯƠI SÁU MƯƠI MỐT, xa mười xa mười mốt
VIVOSDEV12_227_snr10,vivos,whisper,tiny,zero_shot,,42,10,music,SÁU MƯƠI SÁU MƯƠI MỐT," Sao mời, Sao mời mời mời mời mời"
VIVOSDEV12_227_snr5,vivos,whisper,tiny,zero_shot,,42,5,speech,SÁU MƯƠI SÁU MƯƠI MỐT, Sao môi Sao môi mỏ
VIVOSDEV12_227_snr0,vivos,whisper,tiny,zero_shot,,42,0,speech,SÁU MƯƠI SÁU MƯƠI MỐT, Sao in the circle ball
VIVOSDEV14_285_clean,vivos,whisper,tiny,zero_shot,,42,clean,clean,TÔI ĐÃ NHIỀU LẦN PHẢN ĐỐI QUYẾT LIỆT VIỆC NƯỚC THẢI TUỒN RA NGOÀI, Tờ đáng nhiều lòng phán đối quyết liệt nước thái tụng đang ngoài
VIVOSDEV14_285_snr20,vivos,whisper,tiny,zero_shot,,42,20,music,TÔI ĐÃ NHIỀU LẦN PHẢN ĐỐI QUYẾT LIỆT VIỆC NƯỚC THẢI TUỒN RA NGOÀI, Tờ đáng nhiều lòng phán đối quyết liệt nước thái tụng đang ngoài
VIVOSDEV14_285_snr10,vivos,whisper,tiny,zero_shot,,42,10,noise,TÔI ĐÃ NHIỀU LẦN PHẢN ĐỐI QUYẾT LIỆT VIỆC NƯỚC THẢI TUỒN RA NGOÀI, Tờ đánh như lòng phán đối quyết liệt nước thái tụm đang ngoài
VIVOSDEV14_285_snr5,vivos,whisper,tiny,zero_shot,,42,5,speech,TÔI ĐÃ NHIỀU LẦN PHẢN ĐỐI QUYẾT LIỆT VIỆC NƯỚC THẢI TUỒN RA NGOÀI, Tờ đáng như lòng phải đối với tình thích trong ríu ghiều tập hiệp.
VIVOSDEV14_285_snr0,vivos,whisper,tiny,zero_shot,,42,0,music,TÔI ĐÃ NHIỀU LẦN PHẢN ĐỐI QUYẾT LIỆT VIỆC NƯỚC THẢI TUỒN RA NGOÀI, Tờ đáng nhiều lòng phán đấu quyết liệt quyết nước thái tụng đăng ngoài
VIVOSDEV11_075_clean,vivos,whisper,tiny,zero_shot,,42,clean,clean,DÃI DẦU NẮNG GIÓ TRƯỜNG SƠN, giả dầu năng giá trường sân.
VIVOSDEV11_075_snr20,vivos,whisper,tiny,zero_shot,,42,20,music,DÃI DẦU NẮNG GIÓ TRƯỜNG SƠN, giả dầu năng giá trường xân
VIVOSDEV11_075_snr10,vivos,whisper,tiny,zero_shot,,42,10,noise,DÃI DẦU NẮNG GIÓ TRƯỜNG SƠN, giả dầu năng giá trường xân
VIVOSDEV11_075_snr5,vivos,whisper,tiny,zero_shot,,42,5,music,DÃI DẦU NẮNG GIÓ TRƯỜNG SƠN, giả dầu năng giá trường xân
VIVOSDEV11_075_snr0,vivos,whisper,tiny,zero_shot,,42,0,music,DÃI DẦU NẮNG GIÓ TRƯỜNG SƠN, nhá nhau ngăn ra ở trường trường
VIVOSDEV14_145_clean,vivos,whisper,tiny,zero_shot,,42,clean,clean,MỘT SỐ BẠN TRẺ CŨNG CÓ Ý NGHĨ NHƯ CAO CƯỜNG, Một số bàn trị cũng có ý nghĩ như kéo cửa
VIVOSDEV14_145_snr20,vivos,whisper,tiny,zero_shot,,42,20,speech,MỘT SỐ BẠN TRẺ CŨNG CÓ Ý NGHĨ NHƯ CAO CƯỜNG, Một số bàn trị cũng có ý nghĩa như kéo cửa
VIVOSDEV14_145_snr10,vivos,whisper,tiny,zero_shot,,42,10,noise,MỘT SỐ BẠN TRẺ CŨNG CÓ Ý NGHĨ NHƯ CAO CƯỜNG, Một số bệnh trẻ cũng có ý nghĩa như kéo cổ
VIVOSDEV14_145_snr5,vivos,whisper,tiny,zero_shot,,42,5,noise,MỘT SỐ BẠN TRẺ CŨNG CÓ Ý NGHĨ NHƯ CAO CƯỜNG, một số bàn kỳ cũng có ý nghĩa như kéo cửa
VIVOSDEV14_145_snr0,vivos,whisper,tiny,zero_shot,,42,0,speech,MỘT SỐ BẠN TRẺ CŨNG CÓ Ý NGHĨ NHƯ CAO CƯỜNG," Một gió bánh giế, cũng gà em, mình cứ cậu cậu cậu."
VIVOSDEV08_163_clean,vivos,whisper,tiny,zero_shot,,42,clean,clean,CHƯƠNG TRÌNH ĐÃ TẠO ĐƯỢC HIỆU ỨNG TỐT TỪ PHÍA KHÁN GIẢ NHÍ, Chương trình đã tạo được khi ứng tốt từ phía khăn giải nhí.
VIVOSDEV08_163_snr20,vivos,whisper,tiny,zero_shot,,42,20,noise,CHƯƠNG TRÌNH ĐÃ TẠO ĐƯỢC HIỆU ỨNG TỐT TỪ PHÍA KHÁN GIẢ NHÍ, Chương trình đã tạo được phía ứng tốt từ phía kháng giải nhí.
VIVOSDEV08_163_snr10,vivos,whisper,tiny,zero_shot,,42,10,music,CHƯƠNG TRÌNH ĐÃ TẠO ĐƯỢC HIỆU ỨNG TỐT TỪ PHÍA KHÁN GIẢ NHÍ, Chương trình đã tạo được thiếu ứng tốt từ phía khăn giải nhí
VIVOSDEV08_163_snr5,vivos,whisper,tiny,zero_shot,,42,5,music,CHƯƠNG TRÌNH ĐÃ TẠO ĐƯỢC HIỆU ỨNG TỐT TỪ PHÍA KHÁN GIẢ NHÍ, Chương trình đã tạo được khi ứng tốt từ phía kháng giải nhí
VIVOSDEV08_163_snr0,vivos,whisper,tiny,zero_shot,,42,0,noise,CHƯƠNG TRÌNH ĐÃ TẠO ĐƯỢC HIỆU ỨNG TỐT TỪ PHÍA KHÁN GIẢ NHÍ, Chương trình đã tạo được phía ứng toch từ phía khác nhạy nhí
VIVOSDEV16_079_clean,vivos,whisper,tiny,zero_shot,,42,clean,clean,TẤT CẢ ĐỂ CHO NGƯỜI BỆNH VÀ THÂN NHÂN HÀI LÒNG KHI ĐẾN BỆNH VIỆN, Tất cả để chân người bệnh và thân dân hài lòng khí đến bệnh viện.
VIVOSDEV16_079_snr20,vivos,whisper,tiny,zero_shot,,42,20,music,TẤT CẢ ĐỂ CHO NGƯỜI BỆNH VÀ THÂN NHÂN HÀI LÒNG KHI ĐẾN BỆNH VIỆN, Tất cả để chân người bệnh và thân nhăn hài lòng khí đến bệnh viện.
VIVOSDEV16_079_snr10,vivos,whisper,tiny,zero_shot,,42,10,music,TẤT CẢ ĐỂ CHO NGƯỜI BỆNH VÀ THÂN NHÂN HÀI LÒNG KHI ĐẾN BỆNH VIỆN, Tất cả để chân người bánh và thân dân hành lòng phía đến bệnh viện.
VIVOSDEV16_079_snr5,vivos,whisper,tiny,zero_shot,,42,5,noise,TẤT CẢ ĐỂ CHO NGƯỜI BỆNH VÀ THÂN NHÂN HÀI LÒNG KHI ĐẾN BỆNH VIỆN, Tất cả để chân người bệnh và thông nhăn hài làm phía đất dừng đi.
VIVOSDEV16_079_snr0,vivos,whisper,tiny,zero_shot,,42,0,music,TẤT CẢ ĐỂ CHO NGƯỜI BỆNH VÀ THÂN NHÂN HÀI LÒNG KHI ĐẾN BỆNH VIỆN, Tất cả để chân hư bánh và thân găng hài lòng khi đến bình vi
VIVOSDEV08_127_clean,vivos,whisper,tiny,zero_shot,,42,clean,clean,VỀ VIỆC MANG ĐẾN CHO CÁC EM NIỀM VUI HỌC, và việc mang đến cho các em đêm vui hợp.
VIVOSDEV08_127_snr20,vivos,whisper,tiny,zero_shot,,42,20,speech,VỀ VIỆC MANG ĐẾN CHO CÁC EM NIỀM VUI HỌC, Và việc mang đến cho kế em đi mùi học.
VIVOSDEV08_127_snr10,vivos,whisper,tiny,zero_shot,,42,10,noise,VỀ VIỆC MANG ĐẾN CHO CÁC EM NIỀM VUI HỌC," Bây giờ, măng đơn cho em đến buổi học."
VIVOSDEV08_127_snr5,vivos,whisper,tiny,zero_shot,,42,5,speech,VỀ VIỆC MANG ĐẾN CHO CÁC EM NIỀM VUI HỌC," Bây giờ, anh sẽ không có thể đánh đánh đánh đánh đánh đánh đánh đánh đánh đánh đánh đánh đánh đánh đánh đánh đánh đánh đánh đánh đánh đánh đánh đánh đánh đánh đánh đánh đánh đánh đánh đánh đánh đánh đánh đánh đánh đánh đánh đánh đánh đánh đánh đánh đánh đánh đánh đánh đánh đánh đánh đánh đánh đánh đánh đánh đánh đánh đánh đ"
VIVOSDEV08_127_snr0,vivos,whisper,tiny,zero_shot,,42,0,noise,VỀ VIỆC MANG ĐẾN CHO CÁC EM NIỀM VUI HỌC, và việc mang đến cho kém điểm vui học
VIVOSDEV17_070_clean,vivos,whisper,tiny,zero_shot,,42,clean,clean,HÀ CŨNG CHẲNG NHỚ MÌNH CÓ NÓI HAY KHÔNG ĐỂ CÃI LẠI ÔNG ẤY, Hà cũng trận nhớ mình có nói hay không để cả lại ông ấy
VIVOSDEV17_070_snr20,vivos,whisper,tiny,zero_shot,,42,20,noise,HÀ CŨNG CHẲNG NHỚ MÌNH CÓ NÓI HAY KHÔNG ĐỂ CÃI LẠI ÔNG ẤY, Hà cũng trận nhớ mình có nói hay không để cả lại ông ấy
VIVOSDEV17_070_snr10,vivos,whisper,tiny,zero_shot,,42,10,noise,HÀ CŨNG CHẲNG NHỚ MÌNH CÓ NÓI HAY KHÔNG ĐỂ CÃI LẠI ÔNG ẤY, Chào cũng trận nhớ mình có nói hay không để cả lại ông ấy
VIVOSDEV17_070_snr5,vivos,whisper,tiny,zero_shot,,42,5,speech,HÀ CŨNG CHẲNG NHỚ MÌNH CÓ NÓI HAY KHÔNG ĐỂ CÃI LẠI ÔNG ẤY, Cái của chẳng giống nhớ mình có nó hệ con trái cả lại không?
VIVOSDEV17_070_snr0,vivos,whisper,tiny,zero_shot,,42,0,music,HÀ CŨNG CHẲNG NHỚ MÌNH CÓ NÓI HAY KHÔNG ĐỂ CÃI LẠI ÔNG ẤY, Hà cũng tránh nhớ mình có nói hệ sống để cả lại. Hôm anh
VIVOSDEV09_204_clean,vivos,whisper,tiny,zero_shot,,42,clean,clean,MƯỜI MỘT MƯỜI HAI MƯỜI BA, Mình mọc bây giờ mình bà
VIVOSDEV09_204_snr20,vivos,whisper,tiny,zero_shot,,42,20,noise,MƯỜI MỘT MƯỜI HAI MƯỜI BA, Mình mọc bây giờ mình bà
VIVOSDEV09_204_snr10,vivos,whisper,tiny,zero_shot,,42,10,music,MƯỜI MỘT MƯỜI HAI MƯỜI BA, Mình mọc với hà miếc bá
VIVOSDEV09_204_snr5,vivos,whisper,tiny,zero_shot,,42,5,music,MƯỜI MỘT MƯỜI HAI MƯỜI BA, Mình mộng với hàng mới bá
VIVOSDEV09_204_snr0,vivos,whisper,tiny,zero_shot,,42,0,noise,MƯỜI MỘT MƯỜI HAI MƯỜI BA, Mình mông quý hả miếp bà?
VIVOSDEV13_104_clean,vivos,whisper,tiny,zero_shot,,42,clean,clean,SỐ TIỀN QUÁ LỚN KHIẾN GIA ĐÌNH HƯƠNG PHẠM VÀ LÊ CHOÁNG VÁNG, số tình quá lớn khiến dạ đình hương phạm và lê tránh váng
VIVOSDEV13_104_snr20,vivos,whisper,tiny,zero_shot,,42,20,noise,SỐ TIỀN QUÁ LỚN KHIẾN GIA ĐÌNH HƯƠNG PHẠM VÀ LÊ CHOÁNG VÁNG, số tình quá lớn khiến gia đình hương phạm và lê truyện váng
VIVOSDEV13_104_snr10,vivos,whisper,tiny,zero_shot,,42,10,noise,SỐ TIỀN QUÁ LỚN KHIẾN GIA ĐÌNH HƯƠNG PHẠM VÀ LÊ CHOÁNG VÁNG, số tình quá lớn khiến gia đình hương phạm và lê tránh vấn
VIVOSDEV13_104_snr5,vivos,whisper,tiny,zero_shot,,42,5,music,SỐ TIỀN QUÁ LỚN KHIẾN GIA ĐÌNH HƯƠNG PHẠM VÀ LÊ CHOÁNG VÁNG, Số tình quá lớn khiến gia đình hương phạm là Lê Truyền Vang
VIVOSDEV13_104_snr0,vivos,whisper,tiny,zero_shot,,42,0,noise,SỐ TIỀN QUÁ LỚN KHIẾN GIA ĐÌNH HƯƠNG PHẠM VÀ LÊ CHOÁNG VÁNG, Sốt đến ra lắng khiến dạ đình hương phạm vào lấy trình với anh
VIVOSDEV04_R182_clean,vivos,whisper,tiny,zero_shot,,42,clean,clean,HOẶC CHỈ BIỂU HIỆN BẰNG CÁC RỐI LOẠN CO BÓP, Hạc kiế biểu hiện bàn cắt rối lần các bóc
VIVOSDEV04_R182_snr20,vivos,whisper,tiny,zero_shot,,42,20,noise,HOẶC CHỈ BIỂU HIỆN BẰNG CÁC RỐI LOẠN CO BÓP, Hạc kiế biểu hiện bàn cắt rối lận có bóc
VIVOSDEV04_R182_snr10,vivos,whisper,tiny,zero_shot,,42,10,music,HOẶC CHỈ BIỂU HIỆN BẰNG CÁC RỐI LOẠN CO BÓP, Hạc chiếp biểu hiện bàn các lửa lòng có bóng
VIVOSDEV04_R182_snr5,vivos,whisper,tiny,zero_shot,,42,5,music,HOẶC CHỈ BIỂU HIỆN BẰNG CÁC RỐI LOẠN CO BÓP, Hẹt kiế biển bàn các rối lần có bóc
VIVOSDEV04_R182_snr0,vivos,whisper,tiny,zero_shot,,42,0,speech,HOẶC CHỈ BIỂU HIỆN BẰNG CÁC RỐI LOẠN CO BÓP, chào đau kìm viện và bàn gắc lỗ lỡ nó cơ bà và tất cả xí
VIVOSDEV17_170_clean,vivos,whisper,tiny,zero_shot,,42,clean,clean,VÀ ĐỘI TUYỂN PHÁP ĐANG LÀ ĐỘI CHIẾM ƯU THẾ HƠN SO VỚI THỤY SĨ, và đợi tính pháp đang là đội chím uống thế hôn sau với thủy sĩ.
VIVOSDEV17_170_snr20,vivos,whisper,tiny,zero_shot,,42,20,noise,VÀ ĐỘI TUYỂN PHÁP ĐANG LÀ ĐỘI CHIẾM ƯU THẾ HƠN SO VỚI THỤY SĨ, và đợi tính pháp đang là đội chím uống thế hôn sau với thủy sĩ.
VIVOSDEV17_170_snr10,vivos,whisper,tiny,zero_shot,,42,10,music,VÀ ĐỘI TUYỂN PHÁP ĐANG LÀ ĐỘI CHIẾM ƯU THẾ HƠN SO VỚI THỤY SĨ, và đợi tình pháp nè nè đổi chím u thế hôn sau mới thủy sĩ.
VIVOSDEV17_170_snr5,vivos,whisper,tiny,zero_shot,,42,5,noise,VÀ ĐỘI TUYỂN PHÁP ĐANG LÀ ĐỘI CHIẾM ƯU THẾ HƠN SO VỚI THỤY SĨ, và đợi tình phát đang là đội chiếm uống thế hôn sau với thủy sĩ.
VIVOSDEV17_170_snr0,vivos,whisper,tiny,zero_shot,,42,0,speech,VÀ ĐỘI TUYỂN PHÁP ĐANG LÀ ĐỘI CHIẾM ƯU THẾ HƠN SO VỚI THỤY SĨ, Hẹn gặp và phát đối đẹp của biểu phát đối đẹp.
VIVOSDEV03_R180_clean,vivos,whisper,tiny,zero_shot,,42,clean,clean,SAU CẢI CÁCH, Sau khai cắt
VIVOSDEV03_R180_snr20,vivos,whisper,tiny,zero_shot,,42,20,noise,SAU CẢI CÁCH, Sau khai cắt
VIVOSDEV03_R180_snr10,vivos,whisper,tiny,zero_shot,,42,10,speech,SAU CẢI CÁCH, Sao gái cách
VIVOSDEV03_R180_snr5,vivos,whisper,tiny,zero_shot,,42,5,noise,SAU CẢI CÁCH, Sao cái cắt
VIVOSDEV03_R180_snr0,vivos,whisper,tiny,zero_shot,,42,0,noise,SAU CẢI CÁCH, Sao cái cái cái cái
VIVOSDEV08_141_clean,vivos,whisper,tiny,zero_shot,,42,clean,clean,KHI SỨC ÉP BIẾN MẤT CHÚNG TRỞ LẠI TÌNH TRẠNG MỀM DẺO BÌNH THƯỜNG, khi giúp app mình mắt chúng ta lại tình tạng mình vẻ bình thường
VIVOSDEV08_141_snr20,vivos,whisper,tiny,zero_shot,,42,20,music,KHI SỨC ÉP BIẾN MẤT CHÚNG TRỞ LẠI TÌNH TRẠNG MỀM DẺO BÌNH THƯỜNG, khi giúp app miếng mắt chúng ta lại tình tạng mình vẻ bình thân
VIVOSDEV08_141_snr10,vivos,whisper,tiny,zero_shot,,42,10,music,KHI SỨC ÉP BIẾN MẤT CHÚNG TRỞ LẠI TÌNH TRẠNG MỀM DẺO BÌNH THƯỜNG, khi giúp app binh mắt chúng ta lại tình tàng về mẹ binh thường
VIVOSDEV08_141_snr5,vivos,whisper,tiny,zero_shot,,42,5,speech,KHI SỨC ÉP BIẾN MẤT CHÚNG TRỞ LẠI TÌNH TRẠNG MỀM DẺO BÌNH THƯỜNG, Cái mẹ sẽ không có thể đánh mọi người.
VIVOSDEV08_141_snr0,vivos,whisper,tiny,zero_shot,,42,0,noise,KHI SỨC ÉP BIẾN MẤT CHÚNG TRỞ LẠI TÌNH TRẠNG MỀM DẺO BÌNH THƯỜNG," Ghi rất em hình mắp, chúng ta lại cần chạm hình về mình rồi"
VIVOSDEV09_139_clean,vivos,whisper,tiny,zero_shot,,42,clean,clean,NẾU CHỦ ĐẦU TƯ KHÔNG TỰ PHÁ DỠ THÌ BỊ CƯỠNG CHẾ, Nếu chỗ đồng từ không tự phá giá thị bị cướng giấy
VIVOSDEV09_139_snr20,vivos,whisper,tiny,zero_shot,,42,20,music,NẾU CHỦ ĐẦU TƯ KHÔNG TỰ PHÁ DỠ THÌ BỊ CƯỠNG CHẾ, Nếu chúng đồng thư không tự phát giá thì bị cướng dây
VIVOSDEV09_139_snr10,vivos,whisper,tiny,zero_shot,,42,10,music,NẾU CHỦ ĐẦU TƯ KHÔNG TỰ PHÁ DỠ THÌ BỊ CƯỠNG CHẾ, Nếu chỗ động thơ không tự phát giả thị bị cướng kế
VIVOSDEV09_139_snr5,vivos,whisper,tiny,zero_shot,,42,5,noise,NẾU CHỦ ĐẦU TƯ KHÔNG TỰ PHÁ DỠ THÌ BỊ CƯỠNG CHẾ, Nếu chúng ta có thể đánh bình thử
VIVOSDEV09_139_snr0,vivos,whisper,tiny,zero_shot,,42,0,speech,NẾU CHỦ ĐẦU TƯ KHÔNG TỰ PHÁ DỠ THÌ BỊ CƯỠNG CHẾ," Vâng, vâng, vâng, vâng, vâng, vâng, vâng, vâng, vâng, vâng, vâng, vâng, vâng, vâng, vâng, vâng, vâng, vâng, vâng, vâng, vâng, vâng, vâng, vâng, vâng, vâng, vâng, vâng, vâng, vâng, vâng, vâng,"
VIVOSDEV09_110_clean,vivos,whisper,tiny,zero_shot,,42,clean,clean,KHI MIỆNG VẪN NGẬM BẦU VÚ QUẮT QUEO, khi mình vẫn nhằm mẫu vũ quốc quay
VIVOSDEV09_110_snr20,vivos,whisper,tiny,zero_shot,,42,20,music,KHI MIỆNG VẪN NGẬM BẦU VÚ QUẮT QUEO, khi mẹ đón nhằm mẫu vũ quốc quale
VIVOSDEV09_110_snr10,vivos,whisper,tiny,zero_shot,,42,10,noise,KHI MIỆNG VẪN NGẬM BẦU VÚ QUẮT QUEO, Thì mình vẫn nhằm bầu vũ quốc quay
VIVOSDEV09_110_snr5,vivos,whisper,tiny,zero_shot,,42,5,noise,KHI MIỆNG VẪN NGẬM BẦU VÚ QUẮT QUEO," Vì mấy, bọn nhà, bọn vô vô quay"
VIVOSDEV09_110_snr0,vivos,whisper,tiny,zero_shot,,42,0,music,KHI MIỆNG VẪN NGẬM BẦU VÚ QUẮT QUEO, Thuy mẹ bằng nhạc bảo vô vật qua
VIVOSDEV19_279_clean,vivos,whisper,tiny,zero_shot,,42,clean,clean,NỢ MỘT CUỘC CHIẾN CHỐNG THAM NHŨNG VẪN CHƯA VÀO ĐÂU," Đở một cuộc chiến chống tham nhúng bằng chưa, phà đau."
VIVOSDEV19_279_snr20,vivos,whisper,tiny,zero_shot,,42,20,noise,NỢ MỘT CUỘC CHIẾN CHỐNG THAM NHŨNG VẪN CHƯA VÀO ĐÂU, Đợi một cuộc chiến chống tham nhúng bằng kêu phà đau.
VIVOSDEV19_279_snr10,vivos,whisper,tiny,zero_shot,,42,10,music,NỢ MỘT CUỘC CHIẾN CHỐNG THAM NHŨNG VẪN CHƯA VÀO ĐÂU, Nở một cuộc chiến chống tham nhúng bằng chưa và đau
VIVOSDEV19_279_snr5,vivos,whisper,tiny,zero_shot,,42,5,speech,NỢ MỘT CUỘC CHIẾN CHỐNG THAM NHŨNG VẪN CHƯA VÀO ĐÂU," Nó, nó sẽ có tìm bình ạ."
VIVOSDEV19_279_snr0,vivos,whisper,tiny,zero_shot,,42,0,noise,NỢ MỘT CUỘC CHIẾN CHỐNG THAM NHŨNG VẪN CHƯA VÀO ĐÂU," Nếu một cuộc chiến chống 3 nhúng bằng chưa, phà đau"
VIVOSDEV17_268_clean,vivos,whisper,tiny,zero_shot,,42,clean,clean,VÌ CHÚNG CÓ THỂ LÀM RĂNG CỦA BẠN DỄ BỊ Ố VÀNG, Vì chúng có thể làm trang của bệnh giế bị ố vệnh.
VIVOSDEV17_268_snr20,vivos,whisper,tiny,zero_shot,,42,20,music,VÌ CHÚNG CÓ THỂ LÀM RĂNG CỦA BẠN DỄ BỊ Ố VÀNG, Vì chúng có thể làm đăng của bệnh giế bị ố vẻng.
VIVOSDEV17_268_snr10,vivos,whisper,tiny,zero_shot,,42,10,speech,VÌ CHÚNG CÓ THỂ LÀM RĂNG CỦA BẠN DỄ BỊ Ố VÀNG," Hãy bây giờ, hãy bây giờ, hãy bây giờ, hãy bây giờ, hãy bây giờ, hãy bây giờ, hãy bây giờ, hãy bây giờ, hãy bây giờ, hãy bây giờ, hãy bây giờ, hãy bây giờ, hãy bây giờ, hãy bây giờ, hãy bây giờ, hãy bây giờ, hãy bây giờ, hãy bây giờ, hãy bây giờ, hãy bây giờ, hãy bây giờ, hãy"
VIVOSDEV17_268_snr5,vivos,whisper,tiny,zero_shot,,42,5,music,VÌ CHÚNG CÓ THỂ LÀM RĂNG CỦA BẠN DỄ BỊ Ố VÀNG, Vì chúng có thể làm trang của bệnh giế bị ố vệnh.
VIVOSDEV17_268_snr0,vivos,whisper,tiny,zero_shot,,42,0,noise,VÌ CHÚNG CÓ THỂ LÀM RĂNG CỦA BẠN DỄ BỊ Ố VÀNG, vì chúng có thể làm đang của bạn với bí ố vẻ
VIVOSDEV16_161_clean,vivos,whisper,tiny,zero_shot,,42,clean,clean,TRUNG QUỐC ĐƯA RA HÌNH PHẠT CỤ THỂ ĐỐI VỚI TỘI THAM NHŨNG, Trung Quốc đưa ra hình phải cố thái đưa với tội tham nhổng
VIVOSDEV16_161_snr20,vivos,whisper,tiny,zero_shot,,42,20,music,TRUNG QUỐC ĐƯA RA HÌNH PHẠT CỤ THỂ ĐỐI VỚI TỘI THAM NHŨNG, Trung Quốc đưa ra hình phải cố thái đưa với tối tham nhóm.
VIVOSDEV16_161_snr10,vivos,whisper,tiny,zero_shot,,42,10,speech,TRUNG QUỐC ĐƯA RA HÌNH PHẠT CỤ THỂ ĐỐI VỚI TỘI THAM NHŨNG," Đúng quốc đô ra hình phát gồm trái, đô với tối tham yống."
VIVOSDEV16_161_snr5,vivos,whisper,tiny,zero_shot,,42,5,noise,TRUNG QUỐC ĐƯA RA HÌNH PHẠT CỤ THỂ ĐỐI VỚI TỘI THAM NHŨNG, Đúng quốc đưa ra hình phải cố thái đưa bớt tới tham dụng
VIVOSDEV16_161_snr0,vivos,whisper,tiny,zero_shot,,42,0,noise,TRUNG QUỐC ĐƯA RA HÌNH PHẠT CỤ THỂ ĐỐI VỚI TỘI THAM NHŨNG," Đúng quốc đưa ra hình phải gỗ thẻ, đưa vâng tội tham nhổng."
VIVOSDEV19_030_clean,vivos,whisper,tiny,zero_shot,,42,clean,clean,PHÙ SA BỒI ĐẮP RUỘNG VƯỜN CHO XÓM LÀNG TRÙ PHÚ, phủ xe bò đáp đổng vương kia sống là n注 phố
VIVOSDEV19_030_snr20,vivos,whisper,tiny,zero_shot,,42,20,music,PHÙ SA BỒI ĐẮP RUỘNG VƯỜN CHO XÓM LÀNG TRÙ PHÚ, Phủ xe bò đáp đổng vương kia sống là nguồ phố
VIVOSDEV19_030_snr10,vivos,whisper,tiny,zero_shot,,42,10,noise,PHÙ SA BỒI ĐẮP RUỘNG VƯỜN CHO XÓM LÀNG TRÙ PHÚ, Phủ xe bò đặc đồng vương cá sống là n注 phố
VIVOSDEV19_030_snr5,vivos,whisper,tiny,zero_shot,,42,5,speech,PHÙ SA BỒI ĐẮP RUỘNG VƯỜN CHO XÓM LÀNG TRÙ PHÚ, Phụ sẽ bỏ đáp trẻ phương cho sống lại ở sống
VIVOSDEV19_030_snr0,vivos,whisper,tiny,zero_shot,,42,0,noise,PHÙ SA BỒI ĐẮP RUỘNG VƯỜN CHO XÓM LÀNG TRÙ PHÚ, phụ xe bò đáp đổng vương kia sống làng trực vương
VIVOSDEV11_033_clean,vivos,whisper,tiny,zero_shot,,42,clean,clean,MÀ PHẢI CHE CHÁI Ở TẠM BÊN HÔNG NHÀ CHA RUỘT, mà phải trời trái ở tảm bân hôm nhé trái rộng
VIVOSDEV11_033_snr20,vivos,whisper,tiny,zero_shot,,42,20,speech,MÀ PHẢI CHE CHÁI Ở TẠM BÊN HÔNG NHÀ CHA RUỘT, mà phải trẻ trái ở tạm bân hôm nhé chá rộng
VIVOSDEV11_033_snr10,vivos,whisper,tiny,zero_shot,,42,10,music,MÀ PHẢI CHE CHÁI Ở TẠM BÊN HÔNG NHÀ CHA RUỘT, mà phải trời trái ở tảm bân hôm nhé trái rục
VIVOSDEV11_033_snr5,vivos,whisper,tiny,zero_shot,,42,5,music,MÀ PHẢI CHE CHÁI Ở TẠM BÊN HÔNG NHÀ CHA RUỘT, mà phải chế chế ở tảng bên hôm nhé chế rồi
VIVOSDEV11_033_snr0,vivos,whisper,tiny,zero_shot,,42,0,music,MÀ PHẢI CHE CHÁI Ở TẠM BÊN HÔNG NHÀ CHA RUỘT, Thái chái ở tạm bên hôm nhé chá rộng
VIVOSDEV13_225_clean,vivos,whisper,tiny,zero_shot,,42,clean,clean,HAI LOẠI VĂN NÀY NÊN ĐƯỢC COI TRỌNG NHƯ NHAU TRONG CÁC KỲ THI, Hãy like vàng này nên được có trọng như nhau trong các kỳ thư.
VIVOSDEV13_225_snr20,vivos,whisper,tiny,zero_shot,,42,20,music,HAI LOẠI VĂN NÀY NÊN ĐƯỢC COI TRỌNG NHƯ NHAU TRONG CÁC KỲ THI, 2 lạ vang này nên được có dọng nghe nhau trong các kỳ thư
VIVOSDEV13_225_snr10,vivos,whisper,tiny,zero_shot,,42,10,speech,HAI LOẠI VĂN NÀY NÊN ĐƯỢC COI TRỌNG NHƯ NHAU TRONG CÁC KỲ THI," Hãy like, và like, và like, và like, và like, và like, và like, và like, và like, và like, và like, và like, và like, và like, và like, và like, và like, và like, và like, và like, và like, và like, và like, và like, và like, và like, và like, và like, và like, và like, và like, và like, và like, và like, và like, và like, và like, và like, và like, và like, và like, và like,"
VIVOSDEV13_225_snr5,vivos,whisper,tiny,zero_shot,,42,5,music,HAI LOẠI VĂN NÀY NÊN ĐƯỢC COI TRỌNG NHƯ NHAU TRONG CÁC KỲ THI, Hãy like vàng này nên được có giọng nghe nhau trong các tị thích
VIVOSDEV13_225_snr0,vivos,whisper,tiny,zero_shot,,42,0,noise,HAI LOẠI VĂN NÀY NÊN ĐƯỢC COI TRỌNG NHƯ NHAU TRONG CÁC KỲ THI," Hãy like, like and subscribe"
VIVOSDEV12_128_clean,vivos,whisper,tiny,zero_shot,,42,clean,clean,TRONG CUỘC BỎ PHIẾU TẠI HỘI ĐỒNG BẢO AN HAI NGÀY TRƯỚC ĐÓ, Trong cuộc bỏ phía tại hỏi đồng báo ăn 2 ngày trước đó
VIVOSDEV12_128_snr20,vivos,whisper,tiny,zero_shot,,42,20,speech,TRONG CUỘC BỎ PHIẾU TẠI HỘI ĐỒNG BẢO AN HAI NGÀY TRƯỚC ĐÓ, Chúng cuộc bỏ phía tại hỏi động báo ăn 2 ngày trước đó
VIVOSDEV12_128_snr10,vivos,whisper,tiny,zero_shot,,42,10,music,TRONG CUỘC BỎ PHIẾU TẠI HỘI ĐỒNG BẢO AN HAI NGÀY TRƯỚC ĐÓ, Trong cuộc bỏ phía tại hỏi đồng báo em hay ngày trước đó
VIVOSDEV12_128_snr5,vivos,whisper,tiny,zero_shot,,42,5,music,TRONG CUỘC BỎ PHIẾU TẠI HỘI ĐỒNG BẢO AN HAI NGÀY TRƯỚC ĐÓ, trong cuộc bỏ phía tại hỏi động báo án hay ngày trước đó
VIVOSDEV12_128_snr0,vivos,whisper,tiny,zero_shot,,42,0,noise,TRONG CUỘC BỎ PHIẾU TẠI HỘI ĐỒNG BẢO AN HAI NGÀY TRƯỚC ĐÓ, Dông phục bỏ pư phải hỏi đại báo anh hề nè chút đó
VIVOSDEV17_100_clean,vivos,whisper,tiny,zero_shot,,42,clean,clean,ĐẾN ĐÀ LẠT BẠN PHẢI CHUẨN BỊ ĐÔI CHÂN ĐỂ ĐI BỘ, Đến đà là mẹ phải chủng bấy đôi trưng để đi bộ
VIVOSDEV17_100_snr20,vivos,whisper,tiny,zero_shot,,42,20,speech,ĐẾN ĐÀ LẠT BẠN PHẢI CHUẨN BỊ ĐÔI CHÂN ĐỂ ĐI BỘ, đến ra là mẹ khải trưởng bấy đôi trưng để đi bỏ
VIVOSDEV17_100_snr10,vivos,whisper,tiny,zero_shot,,42,10,noise,ĐẾN ĐÀ LẠT BẠN PHẢI CHUẨN BỊ ĐÔI CHÂN ĐỂ ĐI BỘ, Đớn đã là mẹ phải chủng bấy đôi trung để đi bỏ
VIVOSDEV17_100_snr5,vivos,whisper,tiny,zero_shot,,42,5,noise,ĐẾN ĐÀ LẠT BẠN PHẢI CHUẨN BỊ ĐÔI CHÂN ĐỂ ĐI BỘ, Đến đà là bạn phải chúng bấy đôi trung để đi bỏ
VIVOSDEV17_100_snr0,vivos,whisper,tiny,zero_shot,,42,0,music,ĐẾN ĐÀ LẠT BẠN PHẢI CHUẨN BỊ ĐÔI CHÂN ĐỂ ĐI BỘ, Nếu ta lạng bạn phải chụng bẩy đơi trung để đi bỏ
VIVOSDEV07_168_clean,vivos,whisper,tiny,zero_shot,,42,clean,clean,MÀ CHO ĐẾN LÚC ĐÓ ĐƯỢC XEM LÀ CỦA TƯ NHÂN, mà cho đến lúc đó được xem là của tư nhân.
VIVOSDEV07_168_snr20,vivos,whisper,tiny,zero_shot,,42,20,speech,MÀ CHO ĐẾN LÚC ĐÓ ĐƯỢC XEM LÀ CỦA TƯ NHÂN, mà cho đến lúc đó được xem là của tư nhăng
VIVOSDEV07_168_snr10,vivos,whisper,tiny,zero_shot,,42,10,music,MÀ CHO ĐẾN LÚC ĐÓ ĐƯỢC XEM LÀ CỦA TƯ NHÂN, mà cho đến lúc đó được sêng là của tư nhăng
VIVOSDEV07_168_snr5,vivos,whisper,tiny,zero_shot,,42,5,music,MÀ CHO ĐẾN LÚC ĐÓ ĐƯỢC XEM LÀ CỦA TƯ NHÂN, Mà cho đến lúc đó được xem là của tư nhận.
VIVOSDEV07_168_snr0,vivos,whisper,tiny,zero_shot,,42,0,speech,MÀ CHO ĐẾN LÚC ĐÓ ĐƯỢC XEM LÀ CỦA TƯ NHÂN," Mà chào đất, lúc đó được xem là có tư nhau."
VIVOSDEV17_212_clean,vivos,whisper,tiny,zero_shot,,42,clean,clean,CÓ MẤY NGƯỜI ĐỤNG PHẢI NÓ SUÝT NGÃ CHÚI XUỐNG ĐƯỜNG, Có máy người đúng phải nó xích ngại chối xuống đường
VIVOSDEV17_212_snr20,vivos,whisper,tiny,zero_shot,,42,20,speech,CÓ MẤY NGƯỜI ĐỤNG PHẢI NÓ SUÝT NGÃ CHÚI XUỐNG ĐƯỜNG, có mấy người đúng phải nó chứa ngại chứa xuống đường
VIVOSDEV17_212_snr10,vivos,whisper,tiny,zero_shot,,42,10,noise,CÓ MẤY NGƯỜI ĐỤNG PHẢI NÓ SUÝT NGÃ CHÚI XUỐNG ĐƯỜNG, Có máy người đúng phải nó chức ngại chối chúng đường
VIVOSDEV17_212_snr5,vivos,whisper,tiny,zero_shot,,42,5,speech,CÓ MẤY NGƯỜI ĐỤNG PHẢI NÓ SUÝT NGÃ CHÚI XUỐNG ĐƯỜNG, Cái gì vậy?
VIVOSDEV17_212_snr0,vivos,whisper,tiny,zero_shot,,42,0,noise,CÓ MẤY NGƯỜI ĐỤNG PHẢI NÓ SUÝT NGÃ CHÚI XUỐNG ĐƯỜNG, Có mấy người đúng phải nó chứ tên nạn chứu xuống được
VIVOSDEV05_238_clean,vivos,whisper,tiny,zero_shot,,42,clean,clean,CỘNG ĐỒNG NGƯỜI MÊ TOÁN HỌC TRÊN TOÀN THẾ GIỚI, Còn đồng người mê tối ánh học tên tùa anh thế giới.
VIVOSDEV05_238_snr20,vivos,whisper,tiny,zero_shot,,42,20,music,CỘNG ĐỒNG NGƯỜI MÊ TOÁN HỌC TRÊN TOÀN THẾ GIỚI, Còn đồng người mê tối ánh học tên tối anh thế giới
VIVOSDEV05_238_snr10,vivos,whisper,tiny,zero_shot,,42,10,speech,CỘNG ĐỒNG NGƯỜI MÊ TOÁN HỌC TRÊN TOÀN THẾ GIỚI, Còn đồng người mấy tỏng họng tên tỏng thế giới
VIVOSDEV05_238_snr5,vivos,whisper,tiny,zero_shot,,42,5,noise,CỘNG ĐỒNG NGƯỜI MÊ TOÁN HỌC TRÊN TOÀN THẾ GIỚI, Tổng đồng người mấy tuán học tên quanh với giới
VIVOSDEV05_238_snr0,vivos,whisper,tiny,zero_shot,,42,0,noise,CỘNG ĐỒNG NGƯỜI MÊ TOÁN HỌC TRÊN TOÀN THẾ GIỚI, Công đau bước đây quán ạc lên quán tên quán tên quán
VIVOSDEV01_R141_clean,vivos,whisper,tiny,zero_shot,,42,clean,clean,NHỮNG CON ĐƯỜNG NGẮN NGỦN NHƯ NHỮNG NHÁT CẮT, Những con đường ngắn nổ như những nhét cắt.
VIVOSDEV01_R141_snr20,vivos,whisper,tiny,zero_shot,,42,20,music,NHỮNG CON ĐƯỜNG NGẮN NGỦN NHƯ NHỮNG NHÁT CẮT, Những con đường ngắn nổ như những nhét cắt.
VIVOSDEV01_R141_snr10,vivos,whisper,tiny,zero_shot,,42,10,speech,NHỮNG CON ĐƯỜNG NGẮN NGỦN NHƯ NHỮNG NHÁT CẮT, Nên còn đời ngắn lũ như nhìn nhất cắt.
VIVOSDEV01_R141_snr5,vivos,whisper,tiny,zero_shot,,42,5,speech,NHỮNG CON ĐƯỜNG NGẮN NGỦN NHƯ NHỮNG NHÁT CẮT, Những con đường ngon ngon ngon ngon ngon ngon ngon ngon ngon ngon ngon ngon ngon ngon ngon ngon ngon ngon ngon ngon ngon ngon ngon ngon ngon ngon ngon ngon ngon ngon ngon ngon ngon ngon ngon ngon ngon ngon ngon ngon ngon ngon ngon ngon ngon ngon ngon ngon ngon ngon ngon ngon ngon ngon ngon ngon ngon ngon ngon ngon ngon ng
VIVOSDEV01_R141_snr0,vivos,whisper,tiny,zero_shot,,42,0,noise,NHỮNG CON ĐƯỜNG NGẮN NGỦN NHƯ NHỮNG NHÁT CẮT, Những coi đưa ngắn ngục như những cách
VIVOSDEV13_106_clean,vivos,whisper,tiny,zero_shot,,42,clean,clean,CẢM GIÁC ĐƯỢC CHIA SẺ VỚI BẠN ĐỜI CÙNG SỞ THÍCH THÚ VỊ LẮM, Cảm giác được chi sẽ với bạn đời cùng sợ thất thư vậy lắm.
VIVOSDEV13_106_snr20,vivos,whisper,tiny,zero_shot,,42,20,noise,CẢM GIÁC ĐƯỢC CHIA SẺ VỚI BẠN ĐỜI CÙNG SỞ THÍCH THÚ VỊ LẮM, Cảm giác được chi sẽ với bạn đời cùng sợ thất thư vậy lắm
VIVOSDEV13_106_snr10,vivos,whisper,tiny,zero_shot,,42,10,noise,CẢM GIÁC ĐƯỢC CHIA SẺ VỚI BẠN ĐỜI CÙNG SỞ THÍCH THÚ VỊ LẮM, Cảm giác được chi sẽ với bạn đời cùng sợ thất thư vậy lắm
VIVOSDEV13_106_snr5,vivos,whisper,tiny,zero_shot,,42,5,music,CẢM GIÁC ĐƯỢC CHIA SẺ VỚI BẠN ĐỜI CÙNG SỞ THÍCH THÚ VỊ LẮM, Cảm giá người chứ sẽ với bạn đời cùng sợ thất thúc ấy
VIVOSDEV13_106_snr0,vivos,whisper,tiny,zero_shot,,42,0,noise,CẢM GIÁC ĐƯỢC CHIA SẺ VỚI BẠN ĐỜI CÙNG SỞ THÍCH THÚ VỊ LẮM, Cảm giết cực trí sẽ với bản đời cùng sợ thất thư vậy lắm
VIVOSDEV07_127_clean,vivos,whisper,tiny,zero_shot,,42,clean,clean,CÓ HAI TÁC DỤNG TÍCH CỰC, có hai tác dòng tất cực
VIVOSDEV07_127_snr20,vivos,whisper,tiny,zero_shot,,42,20,noise,CÓ HAI TÁC DỤNG TÍCH CỰC, có hai tác dụng tất cật
VIVOSDEV07_127_snr10,vivos,whisper,tiny,zero_shot,,42,10,noise,CÓ HAI TÁC DỤNG TÍCH CỰC, có hay các yếu tất cả
VIVOSDEV07_127_snr5,vivos,whisper,tiny,zero_shot,,42,5,noise,CÓ HAI TÁC DỤNG TÍCH CỰC, Còn ai tại vì giọ dất cậu
VIVOSDEV07_127_snr0,vivos,whisper,tiny,zero_shot,,42,0,music,CÓ HAI TÁC DỤNG TÍCH CỰC, có hài đách dụng tất cả
VIVOSDEV05_037_clean,vivos,whisper,tiny,zero_shot,,42,clean,clean,ÔNG NHẶT NÓ LÊN, Ông Nhật Nó lên
VIVOSDEV05_037_snr20,vivos,whisper,tiny,zero_shot,,42,20,noise,ÔNG NHẶT NÓ LÊN, Ông nhật nó lên
VIVOSDEV05_037_snr10,vivos,whisper,tiny,zero_shot,,42,10,music,ÔNG NHẶT NÓ LÊN, Không nhật nó lên
VIVOSDEV05_037_snr5,vivos,whisper,tiny,zero_shot,,42,5,noise,ÔNG NHẶT NÓ LÊN, Uống nhật nó lên
VIVOSDEV05_037_snr0,vivos,whisper,tiny,zero_shot,,42,0,speech,ÔNG NHẶT NÓ LÊN, Hãy xem những đời đời đời đời đời đời đời đời đời đời đời đời đời đời đời đời đời đời đời đời đời đời đời đời đời đời đời đời đời đời đời đời đời đời đời đời đời đời đời đời đời đời đời đời đời đời đời đời đời đời đời đời đời đời đời đời đời đời đời đời đời đời
VIVOSDEV11_083_clean,vivos,whisper,tiny,zero_shot,,42,clean,clean,MỘT SINH VIÊN ĐƯỢC VAY VỐN TÍN DỤNG HỌC TẬP, Mọc trên viên được vai ngóm tính dộng hậm tập.
VIVOSDEV11_083_snr20,vivos,whisper,tiny,zero_shot,,42,20,music,MỘT SINH VIÊN ĐƯỢC VAY VỐN TÍN DỤNG HỌC TẬP, Mọc trên viên được bayoum tính dòng hậm tập.
VIVOSDEV11_083_snr10,vivos,whisper,tiny,zero_shot,,42,10,music,MỘT SINH VIÊN ĐƯỢC VAY VỐN TÍN DỤNG HỌC TẬP, Mọc trên viên được vai ngóm tính giống học tạp
VIVOSDEV11_083_snr5,vivos,whisper,tiny,zero_shot,,42,5,noise,MỘT SINH VIÊN ĐƯỢC VAY VỐN TÍN DỤNG HỌC TẬP, Mọc trưng viên được bay góm tính dòng học tập.
VIVOSDEV11_083_snr0,vivos,whisper,tiny,zero_shot,,42,0,noise,MỘT SINH VIÊN ĐƯỢC VAY VỐN TÍN DỤNG HỌC TẬP, Đọc thân phíaing được bay vóm tính là mở
VIVOSDEV15_147_clean,vivos,whisper,tiny,zero_shot,,42,clean,clean,BẮT ĐẦU CUỘC CHẠY ĐUA MÙA KINH DOANH TẾT GIỮA BÁNH NỘI VÀ BÁNH NGOẠI, Bắt đầu cũng trạc đua mùa kinh giói nghe tên sữa bánh nội và bánh ngoại
VIVOSDEV15_147_snr20,vivos,whisper,tiny,zero_shot,,42,20,music,BẮT ĐẦU CUỘC CHẠY ĐUA MÙA KINH DOANH TẾT GIỮA BÁNH NỘI VÀ BÁNH NGOẠI, Bắt đầu cuộc trạp đua mùa kinh giói nghe tên sửa bánh nội và bánh ngoại
VIVOSDEV15_147_snr10,vivos,whisper,tiny,zero_shot,,42,10,music,BẮT ĐẦU CUỘC CHẠY ĐUA MÙA KINH DOANH TẾT GIỮA BÁNH NỘI VÀ BÁNH NGOẠI, Bắt đầu cuộc trạc đua mùa kinh giói ngang tên giữa bánh nội và bánh ngoại
VIVOSDEV15_147_snr5,vivos,whisper,tiny,zero_shot,,42,5,music,BẮT ĐẦU CUỘC CHẠY ĐUA MÙA KINH DOANH TẾT GIỮA BÁNH NỘI VÀ BÁNH NGOẠI, Bán đầu cuộc trạng luôn mưa kinh xanh tên giữa bình nội ra bình ngoại
VIVOSDEV15_147_snr0,vivos,whisper,tiny,zero_shot,,42,0,noise,BẮT ĐẦU CUỘC CHẠY ĐUA MÙA KINH DOANH TẾT GIỮA BÁNH NỘI VÀ BÁNH NGOẠI, Bắt đầu của trọt đua hổ kinh ra in tên sữa bánh nội và bánh mại
VIVOSDEV14_199_clean,vivos,whisper,tiny,zero_shot,,42,clean,clean,KHÓ SAO DUYÊN DÁM CHO ANH UỐNG RƯỢU TRONG ĐÁM CƯỚI, khó sau dùnh giám chàng uống rỗ trông đám khuy
VIVOSDEV14_199_snr20,vivos,whisper,tiny,zero_shot,,42,20,speech,KHÓ SAO DUYÊN DÁM CHO ANH UỐNG RƯỢU TRONG ĐÁM CƯỚI, khó xa dùnh giám chàng uống rũ trong đêm cưới.
VIVOSDEV14_199_snr10,vivos,whisper,tiny,zero_shot,,42,10,noise,KHÓ SAO DUYÊN DÁM CHO ANH UỐNG RƯỢU TRONG ĐÁM CƯỚI, Khó sau dùnh giám chàng uống rỗ trông đêm kế
VIVOSDEV14_199_snr5,vivos,whisper,tiny,zero_shot,,42,5,noise,KHÓ SAO DUYÊN DÁM CHO ANH UỐNG RƯỢU TRONG ĐÁM CƯỚI, Khó xào dùnh giám chàng ũ rũ trong đám cưới
VIVOSDEV14_199_snr0,vivos,whisper,tiny,zero_shot,,42,0,noise,KHÓ SAO DUYÊN DÁM CHO ANH UỐNG RƯỢU TRONG ĐÁM CƯỚI, Thao sẽ đi nghe trang của khổng trang thống
VIVOSDEV13_239_clean,vivos,whisper,tiny,zero_shot,,42,clean,clean,CHẲNG CẦN NHÌN VỀ PHƯƠNG TÂY QUÊ HƯƠNG CỦA HÀNG HIỆU, Chẳng cần nhìn về phương tay quay hơn của hàng hệ
VIVOSDEV13_239_snr20,vivos,whisper,tiny,zero_shot,,42,20,noise,CHẲNG CẦN NHÌN VỀ PHƯƠNG TÂY QUÊ HƯƠNG CỦA HÀNG HIỆU, Chẳng cần nhìn về phương tay quay hơn của hàng hệ
VIVOSDEV13_239_snr10,vivos,whisper,tiny,zero_shot,,42,10,noise,CHẲNG CẦN NHÌN VỀ PHƯƠNG TÂY QUÊ HƯƠNG CỦA HÀNG HIỆU, Chẳng cần nhìn về phương tay quay hương của hành hệ
VIVOSDEV13_239_snr5,vivos,whisper,tiny,zero_shot,,42,5,speech,CHẲNG CẦN NHÌN VỀ PHƯƠNG TÂY QUÊ HƯƠNG CỦA HÀNG HIỆU," Bây giờ, bây giờ, bây giờ, bây giờ, bây giờ, bây giờ, bây giờ, bây giờ, bây giờ, bây giờ, bây giờ, bây giờ, bây giờ, bây giờ, bây giờ, bây giờ, bây giờ, bây giờ, bây giờ, bây giờ, bây giờ, bây giờ, bây giờ, bây giờ, bây giờ, bây giờ, bây giờ, bây giờ, bây giờ, bây giờ, bây giờ, bây giờ,"
VIVOSDEV13_239_snr0,vivos,whisper,tiny,zero_shot,,42,0,noise,CHẲNG CẦN NHÌN VỀ PHƯƠNG TÂY QUÊ HƯƠNG CỦA HÀNG HIỆU, Chẳng trong những về con tay của em ngưu của em ngưu
VIVOSDEV08_093_clean,vivos,whisper,tiny,zero_shot,,42,clean,clean,THÌ BỖNG NGHE MẤY TIẾNG OÁC OÁC TỪ VẠT RỪNG PHI LAO," Thì bảo nghe, mấy tiếng quát quát từ vật rừng phía lào"
VIVOSDEV08_093_snr20,vivos,whisper,tiny,zero_shot,,42,20,noise,THÌ BỖNG NGHE MẤY TIẾNG OÁC OÁC TỪ VẠT RỪNG PHI LAO," Thì bảo nghe, mấy tiếng quát quát từ vật rừng phía lâu"
VIVOSDEV08_093_snr10,vivos,whisper,tiny,zero_shot,,42,10,music,THÌ BỖNG NGHE MẤY TIẾNG OÁC OÁC TỪ VẠT RỪNG PHI LAO, Cái bảo nghe mấy tên quát quát quát tờ các đường phí lào
VIVOSDEV08_093_snr5,vivos,whisper,tiny,zero_shot,,42,5,music,THÌ BỖNG NGHE MẤY TIẾNG OÁC OÁC TỪ VẠT RỪNG PHI LAO," Thấy bảong em, mấy tình quát quát quát từ vật rần phí lào"
VIVOSDEV08_093_snr0,vivos,whisper,tiny,zero_shot,,42,0,noise,THÌ BỖNG NGHE MẤY TIẾNG OÁC OÁC TỪ VẠT RỪNG PHI LAO," Thì bảo nghe, bây tinh quên quên, từ vật rừng phía lâu"
VIVOSDEV02_R027_clean,vivos,whisper,tiny,zero_shot,,42,clean,clean,CÓ THỂ LÀNH LẶN MÀ KHÔNG ĐỂ LẠI VẾT SẸO, có thể là lãng mòa không để lại với xeo
VIVOSDEV02_R027_snr20,vivos,whisper,tiny,zero_shot,,42,20,noise,CÓ THỂ LÀNH LẶN MÀ KHÔNG ĐỂ LẠI VẾT SẸO, có thể là lãm mòa không để lại với xeo
VIVOSDEV02_R027_snr10,vivos,whisper,tiny,zero_shot,,42,10,noise,CÓ THỂ LÀNH LẶN MÀ KHÔNG ĐỂ LẠI VẾT SẸO, có thể là lặng mai không để lại với chiều
VIVOSDEV02_R027_snr5,vivos,whisper,tiny,zero_shot,,42,5,noise,CÓ THỂ LÀNH LẶN MÀ KHÔNG ĐỂ LẠI VẾT SẸO, có thể làm lãng mẹ không để lại với chèo
VIVOSDEV02_R027_snr0,vivos,whisper,tiny,zero_shot,,42,0,noise,CÓ THỂ LÀNH LẶN MÀ KHÔNG ĐỂ LẠI VẾT SẸO, có thể làm lạm mạc không để lại bây giờ
VIVOSDEV05_209_clean,vivos,whisper,tiny,zero_shot,,42,clean,clean,TÊN GỌI TẠI ĐỊA PHƯƠNG LÀ TRẮC THỐI, Tân gọi tay đe phương là trách thôi
VIVOSDEV05_209_snr20,vivos,whisper,tiny,zero_shot,,42,20,music,TÊN GỌI TẠI ĐỊA PHƯƠNG LÀ TRẮC THỐI, Tân gọi tay đe phương là trách khối
VIVOSDEV05_209_snr10,vivos,whisper,tiny,zero_shot,,42,10,noise,TÊN GỌI TẠI ĐỊA PHƯƠNG LÀ TRẮC THỐI, Tân gọi tay đe phương là tắt thôi
VIVOSDEV05_209_snr5,vivos,whisper,tiny,zero_shot,,42,5,noise,TÊN GỌI TẠI ĐỊA PHƯƠNG LÀ TRẮC THỐI, Tân gọi tài đi phương là tắt khói
VIVOSDEV05_209_snr0,vivos,whisper,tiny,zero_shot,,42,0,noise,TÊN GỌI TẠI ĐỊA PHƯƠNG LÀ TRẮC THỐI, Thâm gọi tài đi hương là tắc tối
VIVOSDEV09_286_clean,vivos,whisper,tiny,zero_shot,,42,clean,clean,CÓ CÒN HƠN KHÔNG, có gặn hơn không?
VIVOSDEV09_286_snr20,vivos,whisper,tiny,zero_shot,,42,20,noise,CÓ CÒN HƠN KHÔNG, có gặn hơn không?
VIVOSDEV09_286_snr10,vivos,whisper,tiny,zero_shot,,42,10,noise,CÓ CÒN HƠN KHÔNG, có gặp hơn không?
VIVOSDEV09_286_snr5,vivos,whisper,tiny,zero_shot,,42,5,noise,CÓ CÒN HƠN KHÔNG, Báo gạo hơn không?
VIVOSDEV09_286_snr0,vivos,whisper,tiny,zero_shot,,42,0,noise,CÓ CÒN HƠN KHÔNG, có gần hơn không?
VIVOSDEV16_033_clean,vivos,whisper,tiny,zero_shot,,42,clean,clean,ĐỘI NÀO THÀNH TÍCH CÀNG CAO THÌ QUẢN LÝ CÀNG KHÓ, Đổi nào thành tức gèn cao thị quảng lý cạnh khó?
VIVOSDEV16_033_snr20,vivos,whisper,tiny,zero_shot,,42,20,noise,ĐỘI NÀO THÀNH TÍCH CÀNG CAO THÌ QUẢN LÝ CÀNG KHÓ, Đổi nào thành tức gèn cao thị quảng lý cạnh khó?
VIVOSDEV16_033_snr10,vivos,whisper,tiny,zero_shot,,42,10,noise,ĐỘI NÀO THÀNH TÍCH CÀNG CAO THÌ QUẢN LÝ CÀNG KHÓ, Đổi nào thành tức gèn cao thị quảng lý cạnh khó?
VIVOSDEV16_033_snr5,vivos,whisper,tiny,zero_shot,,42,5,speech,ĐỘI NÀO THÀNH TÍCH CÀNG CAO THÌ QUẢN LÝ CÀNG KHÓ," Đối nào, thành tích gánh cao thì quán lý cánh khó."
VIVOSDEV16_033_snr0,vivos,whisper,tiny,zero_shot,,42,0,speech,ĐỘI NÀO THÀNH TÍCH CÀNG CAO THÌ QUẢN LÝ CÀNG KHÓ," Đôi mẹ một tăng tất cả, thì mình sẽ không tìm đi."
VIVOSDEV15_047_clean,vivos,whisper,tiny,zero_shot,,42,clean,clean,MỘT TÌNH HUỐNG ỨNG XỬ SƯ PHẠM TÔI LÀM BỘ TỈNH RỤI ĐƯỢC CÔ DUYỆT, Một tình hướng ơn sửa xưa phạm tôi là bộ tình rùi được cố dễ.
VIVOSDEV15_047_snr20,vivos,whisper,tiny,zero_shot,,42,20,music,MỘT TÌNH HUỐNG ỨNG XỬ SƯ PHẠM TÔI LÀM BỘ TỈNH RỤI ĐƯỢC CÔ DUYỆT, Một tiền hướng ấn sử xưa phạm tôi là bộ tiền trụi được gố dễn.
VIVOSDEV15_047_snr10,vivos,whisper,tiny,zero_shot,,42,10,music,MỘT TÌNH HUỐNG ỨNG XỬ SƯ PHẠM TÔI LÀM BỘ TỈNH RỤI ĐƯỢC CÔ DUYỆT, Một tiền hướng ứng sửa xưa phạm tôi là bộ tình trụi được cố dễ.
VIVOSDEV15_047_snr5,vivos,whisper,tiny,zero_shot,,42,5,music,MỘT TÌNH HUỐNG ỨNG XỬ SƯ PHẠM TÔI LÀM BỘ TỈNH RỤI ĐƯỢC CÔ DUYỆT, Một đình ngôn ứng sử似 phạc tôi lại bộ tình đồ được nguồn
VIVOSDEV15_047_snr0,vivos,whisper,tiny,zero_shot,,42,0,noise,MỘT TÌNH HUỐNG ỨNG XỬ SƯ PHẠM TÔI LÀM BỘ TỈNH RỤI ĐƯỢC CÔ DUYỆT, Vào tình hôm ơn xử xưa phạm tôi là bộ tình rồi được cơ dễ.
VIVOSDEV07_194_clean,vivos,whisper,tiny,zero_shot,,42,clean,clean,NHIỀU TRỤ ĐÁ DI TÍCH NẰM NGHIÊNG NGẢ VÀ VỠ NÁT, nhiều tổ đá dưới tất nằm nghi ngá và vỡ nè
VIVOSDEV07_194_snr20,vivos,whisper,tiny,zero_shot,,42,20,music,NHIỀU TRỤ ĐÁ DI TÍCH NẰM NGHIÊNG NGẢ VÀ VỠ NÁT, nhiều tổ đá dưới tất nằm nghiên nhá và vỡ n
VIVOSDEV07_194_snr10,vivos,whisper,tiny,zero_shot,,42,10,noise,NHIỀU TRỤ ĐÁ DI TÍCH NẰM NGHIÊNG NGẢ VÀ VỠ NÁT, nhiều tấu đó như tất ngầm nghĩ và vỡ nữa
VIVOSDEV07_194_snr5,vivos,whisper,tiny,zero_shot,,42,5,noise,NHIỀU TRỤ ĐÁ DI TÍCH NẰM NGHIÊNG NGẢ VÀ VỠ NÁT, nhiều tụi đó giết tất tập nghiên cứa và bởi ớn á
VIVOSDEV07_194_snr0,vivos,whisper,tiny,zero_shot,,42,0,noise,NHIỀU TRỤ ĐÁ DI TÍCH NẰM NGHIÊNG NGẢ VÀ VỠ NÁT, nhiều tổ đá dây tất nằm nghi ngá và vợ nè
VIVOSDEV13_257_clean,vivos,whisper,tiny,zero_shot,,42,clean,clean,TỪ ĐÓ ĐẾN NAY GIA ĐÌNH CHỊ VẪN SỐNG TRONG CĂN NHÀ LỤP XỤP," Từ đó đến nay, đình chỉ vấn sống trong căng nhà lực sợp."
VIVOSDEV13_257_snr20,vivos,whisper,tiny,zero_shot,,42,20,speech,TỪ ĐÓ ĐẾN NAY GIA ĐÌNH CHỊ VẪN SỐNG TRONG CĂN NHÀ LỤP XỤP," Từ đó đến nay, đình chỉ vấn sống trong căng nhẹ lực xâm."
VIVOSDEV13_257_snr10,vivos,whisper,tiny,zero_shot,,42,10,speech,TỪ ĐÓ ĐẾN NAY GIA ĐÌNH CHỊ VẪN SỐNG TRONG CĂN NHÀ LỤP XỤP, Hồi đó đến nay dần chỉ vấn sống trong căng nhẹ lực sợ
VIVOSDEV13_257_snr5,vivos,whisper,tiny,zero_shot,,42,5,speech,TỪ ĐÓ ĐẾN NAY GIA ĐÌNH CHỊ VẪN SỐNG TRONG CĂN NHÀ LỤP XỤP," Từ đó đến nay, gia đình chỉ vọng sau kia măng nhà lúc dầu."
VIVOSDEV13_257_snr0,vivos,whisper,tiny,zero_shot,,42,0,music,TỪ ĐÓ ĐẾN NAY GIA ĐÌNH CHỊ VẪN SỐNG TRONG CĂN NHÀ LỤP XỤP," Thôi đau đen thay dạ dừng để vấn đề xong là nhé, là vấn đề xong"
VIVOSDEV05_119_clean,vivos,whisper,tiny,zero_shot,,42,clean,clean,MÀ CÒN BỊ NHỮNG BỘ MẶT LẠNH TE KIA HOẠNH HỌE, mà con bây những bộ mặt lần tế kiế hoàn hòa
VIVOSDEV05_119_snr20,vivos,whisper,tiny,zero_shot,,42,20,noise,MÀ CÒN BỊ NHỮNG BỘ MẶT LẠNH TE KIA HOẠNH HỌE, mà con bây nhiễm bộ mặt lần tế kiế hoàn hòa
VIVOSDEV05_119_snr10,vivos,whisper,tiny,zero_shot,,42,10,speech,MÀ CÒN BỊ NHỮNG BỘ MẶT LẠNH TE KIA HOẠNH HỌE, mà con bây những bộ mặt lần tế ký hoàn hồi.
VIVOSDEV05_119_snr5,vivos,whisper,tiny,zero_shot,,42,5,music,MÀ CÒN BỊ NHỮNG BỘ MẶT LẠNH TE KIA HOẠNH HỌE, Mà còn bị những buồn mặt lần tế kí hoàn hồi
VIVOSDEV05_119_snr0,vivos,whisper,tiny,zero_shot,,42,0,speech,MÀ CÒN BỊ NHỮNG BỘ MẶT LẠNH TE KIA HOẠNH HỌE," Mà con bây giờ, bố mặt lên tèc, mươi hoàn mọi người."
VIVOSDEV13_210_clean,vivos,whisper,tiny,zero_shot,,42,clean,clean,RÀ SOÁT CHẤT LƯỢNG CÔNG TRÌNH XÂY DỰNG TRÊN CẢ NƯỚC, Rồi sẽ chết lượng công dân sẽ giống trên cả nước.
VIVOSDEV13_210_snr20,vivos,whisper,tiny,zero_shot,,42,20,music,RÀ SOÁT CHẤT LƯỢNG CÔNG TRÌNH XÂY DỰNG TRÊN CẢ NƯỚC, ra sẽ chết lượng công chiên trây dẫn trên cả nước.
VIVOSDEV13_210_snr10,vivos,whisper,tiny,zero_shot,,42,10,music,RÀ SOÁT CHẤT LƯỢNG CÔNG TRÌNH XÂY DỰNG TRÊN CẢ NƯỚC, Tại sao chết lửa công trường xây dẫn chân cả nước?
VIVOSDEV13_210_snr5,vivos,whisper,tiny,zero_shot,,42,5,music,RÀ SOÁT CHẤT LƯỢNG CÔNG TRÌNH XÂY DỰNG TRÊN CẢ NƯỚC, và sẽ chắc lỗi con kênh xe dẫn chân cả nấu
VIVOSDEV13_210_snr0,vivos,whisper,tiny,zero_shot,,42,0,noise,RÀ SOÁT CHẤT LƯỢNG CÔNG TRÌNH XÂY DỰNG TRÊN CẢ NƯỚC, Và sẽ chết lượng công dân xây dẫn trên cả nước
VIVOSDEV08_166_clean,vivos,whisper,tiny,zero_shot,,42,clean,clean,DỊCH VỤ KIỂM TRA SỨC KHỎE ĐỊNH KỲ LÀ MỘT Ý KIẾN HAY," Nhật vô, kìm phát chất khỏe đình kì là mỗi kýing hay."
VIVOSDEV08_166_snr20,vivos,whisper,tiny,zero_shot,,42,20,speech,DỊCH VỤ KIỂM TRA SỨC KHỎE ĐỊNH KỲ LÀ MỘT Ý KIẾN HAY," Nhật vô, kìm pé chất khỏe đình kì là mọc ít kính hành."
VIVOSDEV08_166_snr10,vivos,whisper,tiny,zero_shot,,42,10,music,DỊCH VỤ KIỂM TRA SỨC KHỎE ĐỊNH KỲ LÀ MỘT Ý KIẾN HAY," giúp vô, kính phát chất khỏe đừng kìa là mọc ít kinh hành."
VIVOSDEV08_166_snr5,vivos,whisper,tiny,zero_shot,,42,5,noise,DỊCH VỤ KIỂM TRA SỨC KHỎE ĐỊNH KỲ LÀ MỘT Ý KIẾN HAY," Dịch vô, ghi phát, trách quát, lưng kìa, làm ạ, ạ, ạ"
VIVOSDEV08_166_snr0,vivos,whisper,tiny,zero_shot,,42,0,noise,DỊCH VỤ KIỂM TRA SỨC KHỎE ĐỊNH KỲ LÀ MỘT Ý KIẾN HAY," Dẹp vô, vìm car tập ra đừng tay là mọc ý kiến hành"
VIVOSDEV03_T048_clean,vivos,whisper,tiny,zero_shot,,42,clean,clean,DIỄN VIÊN CHÍNH ĐỨNG NHƯ KHÚC GỖ, vậy mày chắn đứng nha khúc gạo
VIVOSDEV03_T048_snr20,vivos,whisper,tiny,zero_shot,,42,20,music,DIỄN VIÊN CHÍNH ĐỨNG NHƯ KHÚC GỖ, Vậy mình chắn đứng nha khu gạo
VIVOSDEV03_T048_snr10,vivos,whisper,tiny,zero_shot,,42,10,noise,DIỄN VIÊN CHÍNH ĐỨNG NHƯ KHÚC GỖ, Nhìn mình nhìn đến như khu giao
VIVOSDEV03_T048_snr5,vivos,whisper,tiny,zero_shot,,42,5,music,DIỄN VIÊN CHÍNH ĐỨNG NHƯ KHÚC GỖ, Nhưng mà nhìn cái bánh như khu gạo
VIVOSDEV03_T048_snr0,vivos,whisper,tiny,zero_shot,,42,0,music,DIỄN VIÊN CHÍNH ĐỨNG NHƯ KHÚC GỖ, Nhưng mình kìm xin như hủ báo
VIVOSDEV14_079_clean,vivos,whisper,tiny,zero_shot,,42,clean,clean,VẬY AI SẼ CHỊU TRÁCH NHIỆM VỀ NHỮNG TRƯỜNG HỢP NÀY, và ai sẽ chứ chất nhìn về những trung hợp này
VIVOSDEV14_079_snr20,vivos,whisper,tiny,zero_shot,,42,20,music,VẬY AI SẼ CHỊU TRÁCH NHIỆM VỀ NHỮNG TRƯỜNG HỢP NÀY, và ai sẽ chuyện nhìn về những trung hợp này.
VIVOSDEV14_079_snr10,vivos,whisper,tiny,zero_shot,,42,10,speech,VẬY AI SẼ CHỊU TRÁCH NHIỆM VỀ NHỮNG TRƯỜNG HỢP NÀY, Bởi ai sẽ kêu kết nguyên vâ nhóm trung hợp này.
VIVOSDEV14_079_snr5,vivos,whisper,tiny,zero_shot,,42,5,music,VẬY AI SẼ CHỊU TRÁCH NHIỆM VỀ NHỮNG TRƯỜNG HỢP NÀY, Vậy ai sẽ chuyện nhìn về những trung hạp này
VIVOSDEV14_079_snr0,vivos,whisper,tiny,zero_shot,,42,0,noise,VẬY AI SẼ CHỊU TRÁCH NHIỆM VỀ NHỮNG TRƯỜNG HỢP NÀY," Bây giờ, anh sẽ chơi chơi cho cái yên vâng trong 2 học này"
VIVOSDEV17_245_clean,vivos,whisper,tiny,zero_shot,,42,clean,clean,ĐƯỢC BÀY TRÊN NHỮNG BỆ THỜ BÊN CẠNH NHỮNG BÓ SEN HUỆ THƠM NỨC, Được bay chân những bẻ thờ bên cạnh những mó xem hệ thông phúc
VIVOSDEV17_245_snr20,vivos,whisper,tiny,zero_shot,,42,20,music,ĐƯỢC BÀY TRÊN NHỮNG BỆ THỜ BÊN CẠNH NHỮNG BÓ SEN HUỆ THƠM NỨC, Được bay chân những bẻ thật bên cả những mó xem hệ thông phúc
VIVOSDEV17_245_snr10,vivos,whisper,tiny,zero_shot,,42,10,noise,ĐƯỢC BÀY TRÊN NHỮNG BỆ THỜ BÊN CẠNH NHỮNG BÓ SEN HUỆ THƠM NỨC, Lục bài trơn những bẻ thào bên cạnh những mó sáng hệ xông phúc
VIVOSDEV17_245_snr5,vivos,whisper,tiny,zero_shot,,42,5,noise,ĐƯỢC BÀY TRÊN NHỮNG BỆ THỜ BÊN CẠNH NHỮNG BÓ SEN HUỆ THƠM NỨC," Nụ bay chân những bẻ thật, bân cả những mó sáng hệ thông phúc."
VIVOSDEV17_245_snr0,vivos,whisper,tiny,zero_shot,,42,0,noise,ĐƯỢC BÀY TRÊN NHỮNG BỆ THỜ BÊN CẠNH NHỮNG BÓ SEN HUỆ THƠM NỨC, Lục bây chân những mẹ thào bất cả những mó xem phải không phúc?
VIVOSDEV04_T018_clean,vivos,whisper,tiny,zero_shot,,42,clean,clean,NHỮNG SAI LẦM KHI ĐI CHỌN KHÁCH SẠN, Như sẽ làm khi đi cho ông khách sáng.
VIVOSDEV04_T018_snr20,vivos,whisper,tiny,zero_shot,,42,20,noise,NHỮNG SAI LẦM KHI ĐI CHỌN KHÁCH SẠN, Như sẽ làm khi đi trong khách sáng.
VIVOSDEV04_T018_snr10,vivos,whisper,tiny,zero_shot,,42,10,music,NHỮNG SAI LẦM KHI ĐI CHỌN KHÁCH SẠN, Như sẽ làm khi đi chọn khách sáng
VIVOSDEV04_T018_snr5,vivos,whisper,tiny,zero_shot,,42,5,speech,NHỮNG SAI LẦM KHI ĐI CHỌN KHÁCH SẠN, Nhưng sẽ làm khi đi trong khách giá.
VIVOSDEV04_T018_snr0,vivos,whisper,tiny,zero_shot,,42,0,noise,NHỮNG SAI LẦM KHI ĐI CHỌN KHÁCH SẠN, Nếu sẽ là phía đi chống khách sạm
VIVOSDEV04_R186_clean,vivos,whisper,tiny,zero_shot,,42,clean,clean,NHẰM TẠO RA SỰ HẤP DẪN, Nhanh đau rác xử hấp dẫn
VIVOSDEV04_R186_snr20,vivos,whisper,tiny,zero_shot,,42,20,noise,NHẰM TẠO RA SỰ HẤP DẪN, Nhanh đau rắt hấp dẫn
VIVOSDEV04_R186_snr10,vivos,whisper,tiny,zero_shot,,42,10,noise,NHẰM TẠO RA SỰ HẤP DẪN, Nhanh đau rắc xe hấp dẫn
VIVOSDEV04_R186_snr5,vivos,whisper,tiny,zero_shot,,42,5,noise,NHẰM TẠO RA SỰ HẤP DẪN, Cái nhà mẹ mẹ mẹ mẹ mẹ mẹ mẹ mẹ mẹ mẹ mẹ mẹ mẹ mẹ mẹ mẹ mẹ mẹ mẹ mẹ mẹ mẹ mẹ mẹ mẹ mẹ mẹ mẹ mẹ mẹ mẹ mẹ mẹ mẹ mẹ mẹ mẹ mẹ mẹ mẹ mẹ mẹ mẹ mẹ mẹ mẹ mẹ mẹ mẹ mẹ mẹ mẹ mẹ mẹ mẹ mẹ mẹ mẹ mẹ mẹ mẹ mẹ m
VIVOSDEV04_R186_snr0,vivos,whisper,tiny,zero_shot,,42,0,noise,NHẰM TẠO RA SỰ HẤP DẪN, nhằm đau rác xe hấp dẫn
VIVOSDEV06_006_clean,vivos,whisper,tiny,zero_shot,,42,clean,clean,MÀ DO LỐI SỐNG CHUI NHỦI CỦA CHÚNG, Mà giờ lối sống truyền nổi của chúng
VIVOSDEV06_006_snr20,vivos,whisper,tiny,zero_shot,,42,20,noise,MÀ DO LỐI SỐNG CHUI NHỦI CỦA CHÚNG, Mà giờ lối sống truyền nổi của chúng
VIVOSDEV06_006_snr10,vivos,whisper,tiny,zero_shot,,42,10,music,MÀ DO LỐI SỐNG CHUI NHỦI CỦA CHÚNG, Mà cho lối sống truyền nổi của chúng
VIVOSDEV06_006_snr5,vivos,whisper,tiny,zero_shot,,42,5,noise,MÀ DO LỐI SỐNG CHUI NHỦI CỦA CHÚNG, Mà giờ lối sống chui nhổi của chúng
VIVOSDEV06_006_snr0,vivos,whisper,tiny,zero_shot,,42,0,music,MÀ DO LỐI SỐNG CHUI NHỦI CỦA CHÚNG, Mà dò lối tâm tuy nghĩ có chung
VIVOSDEV03_R195_clean,vivos,whisper,tiny,zero_shot,,42,clean,clean,KHÔNG MỘT CHIẾC XE LẠ NÀO CÓ THỂ MON MEN VÀO ĐƯỢC, Không một kí sẽ là nào có thể mong mêng vào được
VIVOSDEV03_R195_snr20,vivos,whisper,tiny,zero_shot,,42,20,music,KHÔNG MỘT CHIẾC XE LẠ NÀO CÓ THỂ MON MEN VÀO ĐƯỢC, Không một kí sẽ là nào có thể mong mêng vào được
VIVOSDEV03_R195_snr10,vivos,whisper,tiny,zero_shot,,42,10,noise,KHÔNG MỘT CHIẾC XE LẠ NÀO CÓ THỂ MON MEN VÀO ĐƯỢC, Không một kí sẽ là nào có thể mong mêng vào được
VIVOSDEV03_R195_snr5,vivos,whisper,tiny,zero_shot,,42,5,music,KHÔNG MỘT CHIẾC XE LẠ NÀO CÓ THỂ MON MEN VÀO ĐƯỢC, Không một kết sẽ là nào có thể mong mẹ không bao giờ
VIVOSDEV03_R195_snr0,vivos,whisper,tiny,zero_shot,,42,0,noise,KHÔNG MỘT CHIẾC XE LẠ NÀO CÓ THỂ MON MEN VÀO ĐƯỢC, không một chiếc xe là nào có hãy mong mình vào đúng
VIVOSDEV10_130_clean,vivos,whisper,tiny,zero_shot,,42,clean,clean,CAO NGỒNG NGỒNG, Cáu ngọng ngọng
VIVOSDEV10_130_snr20,vivos,whisper,tiny,zero_shot,,42,20,speech,CAO NGỒNG NGỒNG, Hẹn gặp tất cả xe tạo xe tạo xe tạo xe tạo xe tạo xe tạo xe tạo xe tạo xe tạo xe tạo xe tạo xe tạo xe tạo xe tạo xe tạo xe tạo xe tạo xe tạo xe tạo xe tạo xe tạo xe tạo xe tạo xe tạo xe tạo xe tạo xe tạo xe tạo xe tạo xe t
VIVOSDEV10_130_snr10,vivos,whisper,tiny,zero_shot,,42,10,noise,CAO NGỒNG NGỒNG, Báo ngọt ngọt
VIVOSDEV10_130_snr5,vivos,whisper,tiny,zero_shot,,42,5,music,CAO NGỒNG NGỒNG, Tao nồng nồng
VIVOSDEV10_130_snr0,vivos,whisper,tiny,zero_shot,,42,0,speech,CAO NGỒNG NGỒNG, Cái này là...
VIVOSDEV17_297_clean,vivos,whisper,tiny,zero_shot,,42,clean,clean,TRONG DÒNG THÁC NGƯỜI CHỈ NHÌN ĐƯỢC MẮT KÍNH VÀ KHẨU TRANG," trong dòng tháng người, chỉ nhìn được mất kính và khẩu ché."
VIVOSDEV17_297_snr20,vivos,whisper,tiny,zero_shot,,42,20,noise,TRONG DÒNG THÁC NGƯỜI CHỈ NHÌN ĐƯỢC MẮT KÍNH VÀ KHẨU TRANG," trong dòng tháng người, chỉ nhìn được mất cánh và khẩu ché"
VIVOSDEV17_297_snr10,vivos,whisper,tiny,zero_shot,,42,10,noise,TRONG DÒNG THÁC NGƯỜI CHỈ NHÌN ĐƯỢC MẮT KÍNH VÀ KHẨU TRANG," trong dòng tháng người, chỉ nhìn được mắt kính và khẩu ché."
VIVOSDEV17_297_snr5,vivos,whisper,tiny,zero_shot,,42,5,music,TRONG DÒNG THÁC NGƯỜI CHỈ NHÌN ĐƯỢC MẮT KÍNH VÀ KHẨU TRANG," trong dòng khác nơi, chỉ nhân được mất chánh và khẩu ché"
VIVOSDEV17_297_snr0,vivos,whisper,tiny,zero_shot,,42,0,music,TRONG DÒNG THÁC NGƯỜI CHỈ NHÌN ĐƯỢC MẮT KÍNH VÀ KHẨU TRANG, trong dòng tháng người chỉ nhìn được mất kinh và khổ chết
VIVOSDEV06_286_clean,vivos,whisper,tiny,zero_shot,,42,clean,clean,PHÍ CHUYỂN GIAO CÔNG NGHỆ LÀ BA CHỤC NGÀN ĐỒNG, Ví chuyển giao công nghệ là 3 trục ngàn đông.
VIVOSDEV06_286_snr20,vivos,whisper,tiny,zero_shot,,42,20,noise,PHÍ CHUYỂN GIAO CÔNG NGHỆ LÀ BA CHỤC NGÀN ĐỒNG, Thế chuyển giao công nghệ là 3 chủ kênh đồng
VIVOSDEV06_286_snr10,vivos,whisper,tiny,zero_shot,,42,10,noise,PHÍ CHUYỂN GIAO CÔNG NGHỆ LÀ BA CHỤC NGÀN ĐỒNG, Thế chuyển lâu công nghệ là 3 chủ khin đông
VIVOSDEV06_286_snr5,vivos,whisper,tiny,zero_shot,,42,5,music,PHÍ CHUYỂN GIAO CÔNG NGHỆ LÀ BA CHỤC NGÀN ĐỒNG, Ví chuyển cho công nghệ là ba trục ngang đồng
VIVOSDEV06_286_snr0,vivos,whisper,tiny,zero_shot,,42,0,speech,PHÍ CHUYỂN GIAO CÔNG NGHỆ LÀ BA CHỤC NGÀN ĐỒNG," Vì mình, nhau có nghe là bà chục xanh đông."
VIVOSDEV07_185_clean,vivos,whisper,tiny,zero_shot,,42,clean,clean,CHÍU CHÍT GỢI TÌNH MẸ CON SUM HỌP, Khiều kết gọi tình mẹ con xâm học
VIVOSDEV07_185_snr20,vivos,whisper,tiny,zero_shot,,42,20,noise,CHÍU CHÍT GỢI TÌNH MẸ CON SUM HỌP, Yêu kiết gõi tình mẹ con xâm hợp
VIVOSDEV07_185_snr10,vivos,whisper,tiny,zero_shot,,42,10,speech,CHÍU CHÍT GỢI TÌNH MẸ CON SUM HỌP, Từ kìt gọi tình mẹ con xâm hợp
VIVOSDEV07_185_snr5,vivos,whisper,tiny,zero_shot,,42,5,noise,CHÍU CHÍT GỢI TÌNH MẸ CON SUM HỌP, Thì hứa ghi tởi tình mẹ con xâm học
VIVOSDEV07_185_snr0,vivos,whisper,tiny,zero_shot,,42,0,noise,CHÍU CHÍT GỢI TÌNH MẸ CON SUM HỌP, Yênh Gõi tên Mẹ Gõn xâm học
VIVOSDEV06_079_clean,vivos,whisper,tiny,zero_shot,,42,clean,clean,MÀ BẠN CÓ THỂ THAM KHẢO ĐỂ LÀM ĐẸP GIAN BẾP, mà bạn có hả em khảo để làm đẹp dân bếp
VIVOSDEV06_079_snr20,vivos,whisper,tiny,zero_shot,,42,20,noise,MÀ BẠN CÓ THỂ THAM KHẢO ĐỂ LÀM ĐẸP GIAN BẾP, mà bạn có hả em khảo để làm đẹp dân bếp
VIVOSDEV06_079_snr10,vivos,whisper,tiny,zero_shot,,42,10,music,MÀ BẠN CÓ THỂ THAM KHẢO ĐỂ LÀM ĐẸP GIAN BẾP, Mà bạn có hợi hâm khảo để làm đẹp dân bếp
VIVOSDEV06_079_snr5,vivos,whisper,tiny,zero_shot,,42,5,music,MÀ BẠN CÓ THỂ THAM KHẢO ĐỂ LÀM ĐẸP GIAN BẾP, Mà bạn có hả em khám khảo để làm đẹp dân bếp
VIVOSDEV06_079_snr0,vivos,whisper,tiny,zero_shot,,42,0,noise,MÀ BẠN CÓ THỂ THAM KHẢO ĐỂ LÀM ĐẸP GIAN BẾP, mà bạn có hả em khảo để làm đẹp dân bếp
VIVOSDEV04_R126_clean,vivos,whisper,tiny,zero_shot,,42,clean,clean,TÔI KHÔNG NỠ LÀM CÔ BÉ THẤT VỌNG, tới không nở làm của bế tất phẩm
VIVOSDEV04_R126_snr20,vivos,whisper,tiny,zero_shot,,42,20,noise,TÔI KHÔNG NỠ LÀM CÔ BÉ THẤT VỌNG, tới không nở làm của bán thức phòng
VIVOSDEV04_R126_snr10,vivos,whisper,tiny,zero_shot,,42,10,noise,TÔI KHÔNG NỠ LÀM CÔ BÉ THẤT VỌNG, Tới không nợ làm của bế tất phòng
VIVOSDEV04_R126_snr5,vivos,whisper,tiny,zero_shot,,42,5,noise,TÔI KHÔNG NỠ LÀM CÔ BÉ THẤT VỌNG, Tôi không đã làm cái bế tất phòng
VIVOSDEV04_R126_snr0,vivos,whisper,tiny,zero_shot,,42,0,speech,TÔI KHÔNG NỠ LÀM CÔ BÉ THẤT VỌNG, Thôi không nói là mẹ chờ bỏ
VIVOSDEV15_013_clean,vivos,whisper,tiny,zero_shot,,42,clean,clean,CŨNG ĐỀU TRONG TƯ THẾ NGÕ NHỎ PHỐ NHỎ PHỞ TÔI Ở ĐÓ, Cũng đều trong tư thế ngã phố phố nhả vừa tôi ở đó
VIVOSDEV15_013_snr20,vivos,whisper,tiny,zero_shot,,42,20,speech,CŨNG ĐỀU TRONG TƯ THẾ NGÕ NHỎ PHỐ NHỎ PHỞ TÔI Ở ĐÓ, Côm đều trong tư thế ngã phố phố nhả vừa tôi ở đó
VIVOSDEV15_013_snr10,vivos,whisper,tiny,zero_shot,,42,10,speech,CŨNG ĐỀU TRONG TƯ THẾ NGÕ NHỎ PHỐ NHỎ PHỞ TÔI Ở ĐÓ, Côm đều trong tư thế ngọt phố phố nhả và tôi đoạn
VIVOSDEV15_013_snr5,vivos,whisper,tiny,zero_shot,,42,5,noise,CŨNG ĐỀU TRONG TƯ THẾ NGÕ NHỎ PHỐ NHỎ PHỞ TÔI Ở ĐÓ, Công đều trong thứ thế ngạo có phối nhả vừa tôi ở đây
VIVOSDEV15_013_snr0,vivos,whisper,tiny,zero_shot,,42,0,music,CŨNG ĐỀU TRONG TƯ THẾ NGÕ NHỎ PHỐ NHỎ PHỞ TÔI Ở ĐÓ, Cúc đều trong thứ thế ngã phố phố nhả phố tôi
VIVOSDEV16_059_clean,vivos,whisper,tiny,zero_shot,,42,clean,clean,ĐỒ CỔ KHÔNG CÔNG KHAI NGUỒN GỐC PHẢI BỊ COI LÀ HÀNG GIẢ," Được có khăm câm khai ngung gấp, phải bây koi là hành giả."
VIVOSDEV16_059_snr20,vivos,whisper,tiny,zero_shot,,42,20,music,ĐỒ CỔ KHÔNG CÔNG KHAI NGUỒN GỐC PHẢI BỊ COI LÀ HÀNG GIẢ, Được có khám công khai ngùn gấp phải bị coi la hai giả
VIVOSDEV16_059_snr10,vivos,whisper,tiny,zero_shot,,42,10,speech,ĐỒ CỔ KHÔNG CÔNG KHAI NGUỒN GỐC PHẢI BỊ COI LÀ HÀNG GIẢ," Được có khám công tranh, có phải bị kói loài này trả"
VIVOSDEV16_059_snr5,vivos,whisper,tiny,zero_shot,,42,5,noise,ĐỒ CỔ KHÔNG CÔNG KHAI NGUỒN GỐC PHẢI BỊ COI LÀ HÀNG GIẢ," Được có thông tất cả hương góc, khỏi từ con là hàng giãn"
VIVOSDEV16_059_snr0,vivos,whisper,tiny,zero_shot,,42,0,noise,ĐỒ CỔ KHÔNG CÔNG KHAI NGUỒN GỐC PHẢI BỊ COI LÀ HÀNG GIẢ," Bây giờ, bây giờ, bây giờ, bây giờ, bây giờ, bây giờ, bây giờ, bây giờ, bây giờ, bây giờ, bây giờ, bây giờ, bây giờ, bây giờ, bây giờ, bây giờ, bây giờ, bây giờ, bây giờ, bây giờ, bây giờ, bây giờ, bây giờ, bây giờ, bây giờ, bây giờ, bây giờ, bây giờ, bây giờ, bây giờ, bây giờ, bây giờ,"
VIVOSDEV10_245_clean,vivos,whisper,tiny,zero_shot,,42,clean,clean,CHÍN MƯƠI SÁU CHÍN MƯƠI BẢY," Chính mùi xào, chính mùi bài."
VIVOSDEV10_245_snr20,vivos,whisper,tiny,zero_shot,,42,20,speech,CHÍN MƯƠI SÁU CHÍN MƯƠI BẢY, Tình mì sao?
VIVOSDEV10_245_snr10,vivos,whisper,tiny,zero_shot,,42,10,noise,CHÍN MƯƠI SÁU CHÍN MƯƠI BẢY, Chính mấy xa ốc kinh mấy y
VIVOSDEV10_245_snr5,vivos,whisper,tiny,zero_shot,,42,5,noise,CHÍN MƯƠI SÁU CHÍN MƯƠI BẢY, Cái người sao?
VIVOSDEV10_245_snr0,vivos,whisper,tiny,zero_shot,,42,0,speech,CHÍN MƯƠI SÁU CHÍN MƯƠI BẢY, Cái gì?
VIVOSDEV09_077_clean,vivos,whisper,tiny,zero_shot,,42,clean,clean,ĐỂ CÓ THỂ VẬN HÀNH CHÚNG ĐƯỢC HIỆU QUẢ HƠN, Để có thể và ngàn cho chúng được hề quá hơn
VIVOSDEV09_077_snr20,vivos,whisper,tiny,zero_shot,,42,20,music,ĐỂ CÓ THỂ VẬN HÀNH CHÚNG ĐƯỢC HIỆU QUẢ HƠN, Để có thể phần hành cho chúng được hề quá hơn
VIVOSDEV09_077_snr10,vivos,whisper,tiny,zero_shot,,42,10,speech,ĐỂ CÓ THỂ VẬN HÀNH CHÚNG ĐƯỢC HIỆU QUẢ HƠN, Để có thể phần hành cho chúng được hề quá hơn.
VIVOSDEV09_077_snr5,vivos,whisper,tiny,zero_shot,,42,5,music,ĐỂ CÓ THỂ VẬN HÀNH CHÚNG ĐƯỢC HIỆU QUẢ HƠN, Đại khó tải thật thành tình lúc được thì quá hơn
VIVOSDEV09_077_snr0,vivos,whisper,tiny,zero_shot,,42,0,noise,ĐỂ CÓ THỂ VẬN HÀNH CHÚNG ĐƯỢC HIỆU QUẢ HƠN, Để có thể rất hạn thích thích thích hình ảnh
VIVOSDEV18_259_clean,vivos,whisper,tiny,zero_shot,,42,clean,clean,MUỐN CÔNG NHẬN NGAY PHA BÓNG ẤY THÌ PHẢI SỬA LUẬT, Mỗi công nhận ngày pháp bong ấy thì phải sửa lột
VIVOSDEV18_259_snr20,vivos,whisper,tiny,zero_shot,,42,20,noise,MUỐN CÔNG NHẬN NGAY PHA BÓNG ẤY THÌ PHẢI SỬA LUẬT, Mỗi công nhận ngay pháp bong ấy thì phải sửa lột
VIVOSDEV18_259_snr10,vivos,whisper,tiny,zero_shot,,42,10,music,MUỐN CÔNG NHẬN NGAY PHA BÓNG ẤY THÌ PHẢI SỬA LUẬT, Mỗi công nhận ngay phá bong ấy thì phải sự loạt.
VIVOSDEV18_259_snr5,vivos,whisper,tiny,zero_shot,,42,5,noise,MUỐN CÔNG NHẬN NGAY PHA BÓNG ẤY THÌ PHẢI SỬA LUẬT, Mỗi công nhận ngày pháp bong ấy thì phải sửa lột
VIVOSDEV18_259_snr0,vivos,whisper,tiny,zero_shot,,42,0,music,MUỐN CÔNG NHẬN NGAY PHA BÓNG ẤY THÌ PHẢI SỬA LUẬT, Nóng công nghệ ngay pháp bong hơi tì phải sửa lọt
VIVOSDEV06_248_clean,vivos,whisper,tiny,zero_shot,,42,clean,clean,MỘT BA NĂM BẢY CHÍN, Một ba năm bảy chinh
VIVOSDEV06_248_snr20,vivos,whisper,tiny,zero_shot,,42,20,speech,MỘT BA NĂM BẢY CHÍN, Một ba năm bảy chinh.
VIVOSDEV06_248_snr10,vivos,whisper,tiny,zero_shot,,42,10,speech,MỘT BA NĂM BẢY CHÍN," Nó ba năm bây chân, bây giờ,"
VIVOSDEV06_248_snr5,vivos,whisper,tiny,zero_shot,,42,5,speech,MỘT BA NĂM BẢY CHÍN, Nó ba năm bây chân
VIVOSDEV06_248_snr0,vivos,whisper,tiny,zero_shot,,42,0,speech,MỘT BA NĂM BẢY CHÍN, Mình sẽ bỏa một người bỏa một người bỏa một người bỏa một người bỏa một người bỏa một người bỏa một người bỏa một người bỏa một người bỏa một người bỏa một người bỏa một người bỏa một người bỏa một người bỏa một người bỏa một người bỏa một người bỏa một người bỏa một người bỏa một người bỏa một người bỏa một người bỏa một người bỏa một người bỏa một người
VIVOSDEV05_231_clean,vivos,whisper,tiny,zero_shot,,42,clean,clean,MỚI ĐÂY NHẤT LÀ CÁC TIỂU VƯƠNG QUỐC Ả RẬP THỐNG NHẤT, mới đời nhất là các biểu buồn quốc á rập thống nhất
VIVOSDEV05_231_snr20,vivos,whisper,tiny,zero_shot,,42,20,music,MỚI ĐÂY NHẤT LÀ CÁC TIỂU VƯƠNG QUỐC Ả RẬP THỐNG NHẤT, mới đời nhất là các biểu vương quốc á rập thống nhất
VIVOSDEV05_231_snr10,vivos,whisper,tiny,zero_shot,,42,10,noise,MỚI ĐÂY NHẤT LÀ CÁC TIỂU VƯƠNG QUỐC Ả RẬP THỐNG NHẤT, Mới đời nhất là các tế vương quốc á là thống nhất
VIVOSDEV05_231_snr5,vivos,whisper,tiny,zero_shot,,42,5,speech,MỚI ĐÂY NHẤT LÀ CÁC TIỂU VƯƠNG QUỐC Ả RẬP THỐNG NHẤT, Mời đầy nhất là cái vụ quốc át rập thông nhất.
VIVOSDEV05_231_snr0,vivos,whisper,tiny,zero_shot,,42,0,music,MỚI ĐÂY NHẤT LÀ CÁC TIỂU VƯƠNG QUỐC Ả RẬP THỐNG NHẤT, Mới đời nhất là các tử vinh quốc á rập thống nhất
VIVOSDEV05_120_clean,vivos,whisper,tiny,zero_shot,,42,clean,clean,NHƯNG MÙI HÔI VẪN XỘC VÀO TẬN ÓC, Nhưng mùi hơi vẫn sợ vào tăng áp
VIVOSDEV05_120_snr20,vivos,whisper,tiny,zero_shot,,42,20,speech,NHƯNG MÙI HÔI VẪN XỘC VÀO TẬN ÓC, Nhưng mùi hơi vẫn sợ vào tăng áp.
VIVOSDEV05_120_snr10,vivos,whisper,tiny,zero_shot,,42,10,noise,NHƯNG MÙI HÔI VẪN XỘC VÀO TẬN ÓC, Nhìn mùi hơi vẫn sợp vào tăng hấp
VIVOSDEV05_120_snr5,vivos,whisper,tiny,zero_shot,,42,5,speech,NHƯNG MÙI HÔI VẪN XỘC VÀO TẬN ÓC, Nhanh mùi hơi bằng sợ bao tăng áo
VIVOSDEV05_120_snr0,vivos,whisper,tiny,zero_shot,,42,0,music,NHƯNG MÙI HÔI VẪN XỘC VÀO TẬN ÓC, Nhưng người hơi vẫn sợ phàu mạnh hảo
VIVOSDEV16_064_clean,vivos,whisper,tiny,zero_shot,,42,clean,clean,TỪNG LÀ CHỦ TẾ HÀNG TRĂM LỄ AN TÁNG MỘ GIÓ, Từng là chủ tới hàng trăm lẽ ăn tán mối nhau
VIVOSDEV16_064_snr20,vivos,whisper,tiny,zero_shot,,42,20,noise,TỪNG LÀ CHỦ TẾ HÀNG TRĂM LỄ AN TÁNG MỘ GIÓ, Từng là chủ tới hành trăm lẽ ăn tán mối nhau
VIVOSDEV16_064_snr10,vivos,whisper,tiny,zero_shot,,42,10,noise,TỪNG LÀ CHỦ TẾ HÀNG TRĂM LỄ AN TÁNG MỘ GIÓ, Từng là chủ tới hành trăm là anh tán mổ gió.
VIVOSDEV16_064_snr5,vivos,whisper,tiny,zero_shot,,42,5,noise,TỪNG LÀ CHỦ TẾ HÀNG TRĂM LỄ AN TÁNG MỘ GIÓ, Từng là chú tới hành tâm lẽ ăn tán mối nhau
VIVOSDEV16_064_snr0,vivos,whisper,tiny,zero_shot,,42,0,speech,TỪNG LÀ CHỦ TẾ HÀNG TRĂM LỄ AN TÁNG MỘ GIÓ, Tâm lại chút tới hại đẹp mẫu dạ
VIVOSDEV08_180_clean,vivos,whisper,tiny,zero_shot,,42,clean,clean,CHÍNH SỰ LÊN SÀN Ồ ẠT ĐÓ," Chính chứ lên xanh, ổ ở đó"
VIVOSDEV08_180_snr20,vivos,whisper,tiny,zero_shot,,42,20,noise,CHÍNH SỰ LÊN SÀN Ồ ẠT ĐÓ," Chính chứ lên xanh, ổ ở đó"
VIVOSDEV08_180_snr10,vivos,whisper,tiny,zero_shot,,42,10,music,CHÍNH SỰ LÊN SÀN Ồ ẠT ĐÓ, Chính chứ lên chàng ổ ổ ổ
VIVOSDEV08_180_snr5,vivos,whisper,tiny,zero_shot,,42,5,noise,CHÍNH SỰ LÊN SÀN Ồ ẠT ĐÓ, Tìm chứ lên chàng ở tơ
VIVOSDEV08_180_snr0,vivos,whisper,tiny,zero_shot,,42,0,noise,CHÍNH SỰ LÊN SÀN Ồ ẠT ĐÓ, Tinh tư lần tháng ạ
VIVOSDEV08_222_clean,vivos,whisper,tiny,zero_shot,,42,clean,clean,NĂM MƯƠI NĂM MƯƠI MỐT," Nam mời, Nam mời mốt"
VIVOSDEV08_222_snr20,vivos,whisper,tiny,zero_shot,,42,20,music,NĂM MƯƠI NĂM MƯƠI MỐT," Nam mời, Nam mời mốt"
VIVOSDEV08_222_snr10,vivos,whisper,tiny,zero_shot,,42,10,speech,NĂM MƯƠI NĂM MƯƠI MỐT," Năm 1, Năm 1,"
VIVOSDEV08_222_snr5,vivos,whisper,tiny,zero_shot,,42,5,music,NĂM MƯƠI NĂM MƯƠI MỐT," Nam người, Nam người mốt"
VIVOSDEV08_222_snr0,vivos,whisper,tiny,zero_shot,,42,0,noise,NĂM MƯƠI NĂM MƯƠI MỐT," Nam người, Nam người mốt"
VIVOSDEV09_039_clean,vivos,whisper,tiny,zero_shot,,42,clean,clean,THỊT NGỌT LỪ ẤY LẠI MANG THEO TRÙNG SÁN GÂY BỆNH, Thật ngọt lươi lại mang trong sáng ngày bình.
VIVOSDEV09_039_snr20,vivos,whisper,tiny,zero_shot,,42,20,music,THỊT NGỌT LỪ ẤY LẠI MANG THEO TRÙNG SÁN GÂY BỆNH, Thật ngọc lươi lại mang trùng sáng ngày bình.
VIVOSDEV09_039_snr10,vivos,whisper,tiny,zero_shot,,42,10,noise,THỊT NGỌT LỪ ẤY LẠI MANG THEO TRÙNG SÁN GÂY BỆNH, Thật nọc lươi lại mang trong phán ngày bình
VIVOSDEV09_039_snr5,vivos,whisper,tiny,zero_shot,,42,5,speech,THỊT NGỌT LỪ ẤY LẠI MANG THEO TRÙNG SÁN GÂY BỆNH, là sân gọc lươi lại mắt trong xã ngày bình
VIVOSDEV09_039_snr0,vivos,whisper,tiny,zero_shot,,42,0,music,THỊT NGỌT LỪ ẤY LẠI MANG THEO TRÙNG SÁN GÂY BỆNH, Thật nọc lươi lại mạnh trùng xã ngày bình
VIVOSDEV02_R069_clean,vivos,whisper,tiny,zero_shot,,42,clean,clean,LÀM ĐẸP KHÔNG ĐÚNG CÁCH, Nằm đẹp không tướng cách
VIVOSDEV02_R069_snr20,vivos,whisper,tiny,zero_shot,,42,20,noise,LÀM ĐẸP KHÔNG ĐÚNG CÁCH, Nam đẹp không tướng cách
VIVOSDEV02_R069_snr10,vivos,whisper,tiny,zero_shot,,42,10,music,LÀM ĐẸP KHÔNG ĐÚNG CÁCH, Nằm đẹp không tướng gác
VIVOSDEV02_R069_snr5,vivos,whisper,tiny,zero_shot,,42,5,noise,LÀM ĐẸP KHÔNG ĐÚNG CÁCH," Nào, đẹp không tướng các."
VIVOSDEV02_R069_snr0,vivos,whisper,tiny,zero_shot,,42,0,speech,LÀM ĐẸP KHÔNG ĐÚNG CÁCH, Ná bệnh không tâm cắt
VIVOSDEV16_153_clean,vivos,whisper,tiny,zero_shot,,42,clean,clean,CẢ ĐỜI CHƯA BAO GIỜ TÔI CÓ CẢM GIÁC SUNG SƯỚNG NHƯ VẬY, Cá đời chú bà dờ tốt có cảm giác xung xung như vậy.
VIVOSDEV16_153_snr20,vivos,whisper,tiny,zero_shot,,42,20,music,CẢ ĐỜI CHƯA BAO GIỜ TÔI CÓ CẢM GIÁC SUNG SƯỚNG NHƯ VẬY, Cá đời chú bây giờ tốt có cảm giác xung xung như vậy.
VIVOSDEV16_153_snr10,vivos,whisper,tiny,zero_shot,,42,10,music,CẢ ĐỜI CHƯA BAO GIỜ TÔI CÓ CẢM GIÁC SUNG SƯỚNG NHƯ VẬY, Cá đời chưa bao giờ to có cảm giác xúc xúc như vậy
VIVOSDEV16_153_snr5,vivos,whisper,tiny,zero_shot,,42,5,music,CẢ ĐỜI CHƯA BAO GIỜ TÔI CÓ CẢM GIÁC SUNG SƯỚNG NHƯ VẬY, Gá đời chưa bao giờ tôi có cảm thấy sống dụng như vậy
VIVOSDEV16_153_snr0,vivos,whisper,tiny,zero_shot,,42,0,speech,CẢ ĐỜI CHƯA BAO GIỜ TÔI CÓ CẢM GIÁC SUNG SƯỚNG NHƯ VẬY, Cái đời chưa bao giờ tôi có cảm giác.
VIVOSDEV09_280_clean,vivos,whisper,tiny,zero_shot,,42,clean,clean,XUÂN NÀY EM KHÔNG VỀ, xuống này em không vầy
VIVOSDEV09_280_snr20,vivos,whisper,tiny,zero_shot,,42,20,noise,XUÂN NÀY EM KHÔNG VỀ, xuống này em không vầy
VIVOSDEV09_280_snr10,vivos,whisper,tiny,zero_shot,,42,10,noise,XUÂN NÀY EM KHÔNG VỀ, Chúng này em không bây
VIVOSDEV09_280_snr5,vivos,whisper,tiny,zero_shot,,42,5,speech,XUÂN NÀY EM KHÔNG VỀ, Tôi nói em không bay.
VIVOSDEV09_280_snr0,vivos,whisper,tiny,zero_shot,,42,0,speech,XUÂN NÀY EM KHÔNG VỀ, Đúng không? Đúng không? Đúng không?
VIVOSDEV13_211_clean,vivos,whisper,tiny,zero_shot,,42,clean,clean,KHÔNG NẢN NGHĨA TIN RẰNG SẼ CÓ MỘT GIẢI PHÁP NÀO ĐÓ, Không nãy nghĩ tinh ràng trễ có 1 giải phát nào đó
VIVOSDEV13_211_snr20,vivos,whisper,tiny,zero_shot,,42,20,noise,KHÔNG NẢN NGHĨA TIN RẰNG SẼ CÓ MỘT GIẢI PHÁP NÀO ĐÓ, Không nãy nghĩ tinh ràng trễ có 1 giải phát nào đó
VIVOSDEV13_211_snr10,vivos,whisper,tiny,zero_shot,,42,10,noise,KHÔNG NẢN NGHĨA TIN RẰNG SẼ CÓ MỘT GIẢI PHÁP NÀO ĐÓ, Không nãy nghĩ tình đường sẽ có vụ giải pháp nào đó
VIVOSDEV13_211_snr5,vivos,whisper,tiny,zero_shot,,42,5,noise,KHÔNG NẢN NGHĨA TIN RẰNG SẼ CÓ MỘT GIẢI PHÁP NÀO ĐÓ, Hôm nay nãy tinh dành sẽ có một giải phát nào đó
VIVOSDEV13_211_snr0,vivos,whisper,tiny,zero_shot,,42,0,music,KHÔNG NẢN NGHĨA TIN RẰNG SẼ CÓ MỘT GIẢI PHÁP NÀO ĐÓ, Không nạn hế tinh rặng trế có 1 vẻ pháp nào đó
VIVOSDEV10_262_clean,vivos,whisper,tiny,zero_shot,,42,clean,clean,THUA XA TIỆM TẠP HOÁ NHÀ TAO," Hủ ché, tỉm gặp hoán nhà cao"
VIVOSDEV10_262_snr20,vivos,whisper,tiny,zero_shot,,42,20,music,THUA XA TIỆM TẠP HOÁ NHÀ TAO," Hủ ché, tỉm gặp hoang nhà cao"
VIVOSDEV10_262_snr10,vivos,whisper,tiny,zero_shot,,42,10,noise,THUA XA TIỆM TẠP HOÁ NHÀ TAO," Hủ ché, tệm gặp khóa nhà cao"
VIVOSDEV10_262_snr5,vivos,whisper,tiny,zero_shot,,42,5,noise,THUA XA TIỆM TẠP HOÁ NHÀ TAO," Hô chết, tếm gặp hoang nhạc đâu"
VIVOSDEV10_262_snr0,vivos,whisper,tiny,zero_shot,,42,0,noise,THUA XA TIỆM TẠP HOÁ NHÀ TAO," Hủ ché, tệm tập hoán nhạc ào"
VIVOSDEV18_102_clean,vivos,whisper,tiny,zero_shot,,42,clean,clean,CẢ NGÀY TRỜI KHÔNG NẮNG GIÓ LẠNH NÊN THƯA VẮNG DU KHÁCH, Nói trời không nắng gió lại nên tôi vắng dù khách
VIVOSDEV18_102_snr20,vivos,whisper,tiny,zero_shot,,42,20,music,CẢ NGÀY TRỜI KHÔNG NẮNG GIÓ LẠNH NÊN THƯA VẮNG DU KHÁCH, Nói trời không năng rõ lại nên tôi vắng dù khách
VIVOSDEV18_102_snr10,vivos,whisper,tiny,zero_shot,,42,10,noise,CẢ NGÀY TRỜI KHÔNG NẮNG GIÓ LẠNH NÊN THƯA VẮNG DU KHÁCH, Nói chơi không năng gió lại nên tua vắng chú khách
VIVOSDEV18_102_snr5,vivos,whisper,tiny,zero_shot,,42,5,music,CẢ NGÀY TRỜI KHÔNG NẮNG GIÓ LẠNH NÊN THƯA VẮNG DU KHÁCH, Nói chơi không nắng đó lại bên quế vắng chú khách
VIVOSDEV18_102_snr0,vivos,whisper,tiny,zero_shot,,42,0,music,CẢ NGÀY TRỜI KHÔNG NẮNG GIÓ LẠNH NÊN THƯA VẮNG DU KHÁCH, Ngày trở công năng đó là nền thuộc vắng truyền thách
VIVOSDEV08_274_clean,vivos,whisper,tiny,zero_shot,,42,clean,clean,TÔI CHẾT CÙNG VỚI ÁNH TRĂNG, tôi chết cộng với anh đang
VIVOSDEV08_274_snr20,vivos,whisper,tiny,zero_shot,,42,20,music,TÔI CHẾT CÙNG VỚI ÁNH TRĂNG, tôi chết công với anh tàng
VIVOSDEV08_274_snr10,vivos,whisper,tiny,zero_shot,,42,10,speech,TÔI CHẾT CÙNG VỚI ÁNH TRĂNG," Đó là tiếp, con rất là đáng"
VIVOSDEV08_274_snr5,vivos,whisper,tiny,zero_shot,,42,5,speech,TÔI CHẾT CÙNG VỚI ÁNH TRĂNG," Đói đất, có người đời anh ta."
VIVOSDEV08_274_snr0,vivos,whisper,tiny,zero_shot,,42,0,speech,TÔI CHẾT CÙNG VỚI ÁNH TRĂNG," Nói trách in có bố em, tạm"
VIVOSDEV06_054_clean,vivos,whisper,tiny,zero_shot,,42,clean,clean,DÙ LÀ ĐẬU SỨC MẠNH HOẶC CẢI BÔNG KHỦNG LONG, Dù là đầu sức mạnh họ kể bông khủng lông.
VIVOSDEV06_054_snr20,vivos,whisper,tiny,zero_shot,,42,20,speech,DÙ LÀ ĐẬU SỨC MẠNH HOẶC CẢI BÔNG KHỦNG LONG, Dù là đau sức mạnh hạc kế bông khủng lông.
VIVOSDEV06_054_snr10,vivos,whisper,tiny,zero_shot,,42,10,music,DÙ LÀ ĐẬU SỨC MẠNH HOẶC CẢI BÔNG KHỦNG LONG, Dù là đầu sức mạnh hật kế bông khủng lông.
VIVOSDEV06_054_snr5,vivos,whisper,tiny,zero_shot,,42,5,noise,DÙ LÀ ĐẬU SỨC MẠNH HOẶC CẢI BÔNG KHỦNG LONG, Dù là đau sức mạnh hợp kế bong hủng lông
VIVOSDEV06_054_snr0,vivos,whisper,tiny,zero_shot,,42,0,speech,DÙ LÀ ĐẬU SỨC MẠNH HOẶC CẢI BÔNG KHỦNG LONG, Điều có thể đánh bóng của lông
VIVOSDEV04_T035_clean,vivos,whisper,tiny,zero_shot,,42,clean,clean,ANH KHEN EM ĐẸP EM CHÊ ANH GIÀ," Anh Khen Em Địp, em Khi Anh Dà."
VIVOSDEV04_T035_snr20,vivos,whisper,tiny,zero_shot,,42,20,noise,ANH KHEN EM ĐẸP EM CHÊ ANH GIÀ, Anh Canh em địp em chia anh dã
VIVOSDEV04_T035_snr10,vivos,whisper,tiny,zero_shot,,42,10,noise,ANH KHEN EM ĐẸP EM CHÊ ANH GIÀ," Anh Canh em đip, em tiên dạ."
VIVOSDEV04_T035_snr5,vivos,whisper,tiny,zero_shot,,42,5,speech,ANH KHEN EM ĐẸP EM CHÊ ANH GIÀ," Anh can im đẹp, im kia and dare."
VIVOSDEV04_T035_snr0,vivos,whisper,tiny,zero_shot,,42,0,speech,ANH KHEN EM ĐẸP EM CHÊ ANH GIÀ, Anh can't believe it or is it good? Anh can't believe it or is it good? Anh can't believe it or is it good? Anh can't believe it or is it good? Anh can't believe it or is it good? Anh can't believe it or is it good? Anh can't believe it or is it good? Anh can't believe it or is it good? Anh can't believe it or is it good? Anh can't believe it or is it good? Anh can't believe it or is it good? Anh can't believe it or is it good? Anh can't believe it or is it
VIVOSDEV10_156_clean,vivos,whisper,tiny,zero_shot,,42,clean,clean,CHÍNH PHỦ ĐỒNG THỜI CŨNG LẬP THÊM CỤC XÚC TIẾN TIÊU THỤ DẦU CỌ," Chính phủ em hài, cũng là PEM, Gập xúc kính, Kêu hậu yêu cả."
VIVOSDEV10_156_snr20,vivos,whisper,tiny,zero_shot,,42,20,noise,CHÍNH PHỦ ĐỒNG THỜI CŨNG LẬP THÊM CỤC XÚC TIẾN TIÊU THỤ DẦU CỌ," Chính phủ em hài, cũng là em, gặp xúc kính, kêu hậu dầu gà."
VIVOSDEV10_156_snr10,vivos,whisper,tiny,zero_shot,,42,10,music,CHÍNH PHỦ ĐỒNG THỜI CŨNG LẬP THÊM CỤC XÚC TIẾN TIÊU THỤ DẦU CỌ," Chính phủ em thay, cũng là em, gần xuất kính, chêu hủ dâu tà."
VIVOSDEV10_156_snr5,vivos,whisper,tiny,zero_shot,,42,5,speech,CHÍNH PHỦ ĐỒNG THỜI CŨNG LẬP THÊM CỤC XÚC TIẾN TIÊU THỤ DẦU CỌ," Chính phổ em hoài, gặp nặp him and go to school games."
VIVOSDEV10_156_snr0,vivos,whisper,tiny,zero_shot,,42,0,music,CHÍNH PHỦ ĐỒNG THỜI CŨNG LẬP THÊM CỤC XÚC TIẾN TIÊU THỤ DẦU CỌ," Chỉn gặp em, gặp em, gặp xúc kings, gây hầu dạ"
VIVOSDEV02_R149_clean,vivos,whisper,tiny,zero_shot,,42,clean,clean,CHÚNG CỨ CỐ LÙI LẠI MẶC DÙ VƯỚNG VÍU GÔNG XIỀNG, trung cứ có lồi lại mặt dù bướng bíu góng trình
VIVOSDEV02_R149_snr20,vivos,whisper,tiny,zero_shot,,42,20,speech,CHÚNG CỨ CỐ LÙI LẠI MẶC DÙ VƯỚNG VÍU GÔNG XIỀNG, trung cứ có lồi lại mặt dù bướng bíu gông trình
VIVOSDEV02_R149_snr10,vivos,whisper,tiny,zero_shot,,42,10,music,CHÚNG CỨ CỐ LÙI LẠI MẶC DÙ VƯỚNG VÍU GÔNG XIỀNG, Dung cứ có lời lại mặt dù phút phía gong chìng
VIVOSDEV02_R149_snr5,vivos,whisper,tiny,zero_shot,,42,5,speech,CHÚNG CỨ CỐ LÙI LẠI MẶC DÙ VƯỚNG VÍU GÔNG XIỀNG, chung cứ có lỗi lại mà dù bứng biểu gong chính
VIVOSDEV02_R149_snr0,vivos,whisper,tiny,zero_shot,,42,0,music,CHÚNG CỨ CỐ LÙI LẠI MẶC DÙ VƯỚNG VÍU GÔNG XIỀNG, Chúng cứ có lỗi lại mặt dầu của phía công trình
VIVOSDEV13_258_clean,vivos,whisper,tiny,zero_shot,,42,clean,clean,BẠN CẦN TRUNG THỰC VỚI NHÂN VIÊN CỦA MÌNH TRONG MỌI HOÀN CẢNH, Bản cần chúng thật với nhân viên của mình trong mọi hàng.
VIVOSDEV13_258_snr20,vivos,whisper,tiny,zero_shot,,42,20,music,BẠN CẦN TRUNG THỰC VỚI NHÂN VIÊN CỦA MÌNH TRONG MỌI HOÀN CẢNH, Bản cần chúng thật với nhân viên của mình trong mọi hành.
VIVOSDEV13_258_snr10,vivos,whisper,tiny,zero_shot,,42,10,music,BẠN CẦN TRUNG THỰC VỚI NHÂN VIÊN CỦA MÌNH TRONG MỌI HOÀN CẢNH, Bản cần chúng thật với nhân viên của mình trong mọi hành.
VIVOSDEV13_258_snr5,vivos,whisper,tiny,zero_shot,,42,5,speech,BẠN CẦN TRUNG THỰC VỚI NHÂN VIÊN CỦA MÌNH TRONG MỌI HOÀN CẢNH, Bản gần chúng thật với nhóm quyền của mình chẳng mọi hình.
VIVOSDEV13_258_snr0,vivos,whisper,tiny,zero_shot,,42,0,noise,BẠN CẦN TRUNG THỰC VỚI NHÂN VIÊN CỦA MÌNH TRONG MỌI HOÀN CẢNH, Bạn gần trứng thợp với nhằm quyền của mình trong mọi hành.
VIVOSDEV12_224_clean,vivos,whisper,tiny,zero_shot,,42,clean,clean,NĂM MƯƠI BỐN NĂM MƯƠI LĂM," Nam người bóng, Nam người làm."
VIVOSDEV12_224_snr20,vivos,whisper,tiny,zero_shot,,42,20,noise,NĂM MƯƠI BỐN NĂM MƯƠI LĂM," Nam muối bóng, Nam muối lâm."
VIVOSDEV12_224_snr10,vivos,whisper,tiny,zero_shot,,42,10,speech,NĂM MƯƠI BỐN NĂM MƯƠI LĂM, xong xong xong xong xong xong xong xong xong xong xong xong xong xong xong xong xong xong xong xong xong xong xong xong xong xong xong xong xong xong xong xong xong xong xong xong xong xong xong xong xong xong xong xong xong xong xong xong xong xong xong xong xong xong xong xong xong xong xong xong xong xong xong xong
VIVOSDEV12_224_snr5,vivos,whisper,tiny,zero_shot,,42,5,music,NĂM MƯƠI BỐN NĂM MƯƠI LĂM," Nam người bố, Nam người làm"
VIVOSDEV12_224_snr0,vivos,whisper,tiny,zero_shot,,42,0,noise,NĂM MƯƠI BỐN NĂM MƯƠI LĂM," Nam mùi bong, Nam mùi lắm"
VIVOSDEV08_085_clean,vivos,whisper,tiny,zero_shot,,42,clean,clean,VIỆC ĐƯA TÍN HIỆU TRUYỀN HÌNH TRỰC TIẾP BẰNG HỆ THỐNG CÁP QUANG, Về đưa tính hiểu truyền hành trực tiếp bằng hải thống cấp quanh
VIVOSDEV08_085_snr20,vivos,whisper,tiny,zero_shot,,42,20,noise,VIỆC ĐƯA TÍN HIỆU TRUYỀN HÌNH TRỰC TIẾP BẰNG HỆ THỐNG CÁP QUANG, Về đưa tính hiểu truyền hành trực tiếp bằng hải thống cấp quanh
VIVOSDEV08_085_snr10,vivos,whisper,tiny,zero_shot,,42,10,noise,VIỆC ĐƯA TÍN HIỆU TRUYỀN HÌNH TRỰC TIẾP BẰNG HỆ THỐNG CÁP QUANG, Về đưa tính hiểu truyền hành trực tiếp bằng hải thống cấp quanh
VIVOSDEV08_085_snr5,vivos,whisper,tiny,zero_shot,,42,5,music,VIỆC ĐƯA TÍN HIỆU TRUYỀN HÌNH TRỰC TIẾP BẰNG HỆ THỐNG CÁP QUANG, Về gơ tất nếu truyền hành trực tiếp bằng ngày thống cấp quanh
VIVOSDEV08_085_snr0,vivos,whisper,tiny,zero_shot,,42,0,noise,VIỆC ĐƯA TÍN HIỆU TRUYỀN HÌNH TRỰC TIẾP BẰNG HỆ THỐNG CÁP QUANG, Về đưa tính hiểu chuyện hành trực tiếp bằng hãy thống cấp quanh
VIVOSDEV19_091_clean,vivos,whisper,tiny,zero_shot,,42,clean,clean,SỐ ĐƠN VỊ THAM GIA HỘI CHỢ VIỆC LÀM TĂNG ĐÁNG KỂ QUA CÁC NĂM," số đồng vầy tham gia hỏi trở việc làm tăng đánh kế, quay các năm."
VIVOSDEV19_091_snr20,vivos,whisper,tiny,zero_shot,,42,20,noise,SỐ ĐƠN VỊ THAM GIA HỘI CHỢ VIỆC LÀM TĂNG ĐÁNG KỂ QUA CÁC NĂM," số đồng vầy tham gia hỏi trở việc làm tăng đánh kế, quay các năm."
VIVOSDEV19_091_snr10,vivos,whisper,tiny,zero_shot,,42,10,speech,SỐ ĐƠN VỊ THAM GIA HỘI CHỢ VIỆC LÀM TĂNG ĐÁNG KỂ QUA CÁC NĂM," Tất cả những người thêm đánh đánh đánh đánh,"
VIVOSDEV19_091_snr5,vivos,whisper,tiny,zero_shot,,42,5,music,SỐ ĐƠN VỊ THAM GIA HỘI CHỢ VIỆC LÀM TĂNG ĐÁNG KỂ QUA CÁC NĂM, Tôi đang bởi thăm gia hỏi trở trị làm bánh đánh kế.
VIVOSDEV19_091_snr0,vivos,whisper,tiny,zero_shot,,42,0,noise,SỐ ĐƠN VỊ THAM GIA HỘI CHỢ VIỆC LÀM TĂNG ĐÁNG KỂ QUA CÁC NĂM," Chỗ đông bởi thân dễ hỏi dởi việc làm phân bách phếc, quay cạnh mâm"
VIVOSDEV09_055_clean,vivos,whisper,tiny,zero_shot,,42,clean,clean,RỒI RƠM RẠ KHÔ THEO THÂN HÌNH GẦY NGẲNG, Rồi gương mở đã khô tay không thân gần gây dạng nhá.
VIVOSDEV09_055_snr20,vivos,whisper,tiny,zero_shot,,42,20,music,RỒI RƠM RẠ KHÔ THEO THÂN HÌNH GẦY NGẲNG, Bỏ gơm đã khô thèo thân hình gây giạc ngã
VIVOSDEV09_055_snr10,vivos,whisper,tiny,zero_shot,,42,10,music,RỒI RƠM RẠ KHÔ THEO THÂN HÌNH GẦY NGẲNG, Rồi đưa mở ra khô tay không thân hình gây nhận nhận nhận.
VIVOSDEV09_055_snr5,vivos,whisper,tiny,zero_shot,,42,5,music,RỒI RƠM RẠ KHÔ THEO THÂN HÌNH GẦY NGẲNG, tròa gương ra khô tay không thân thân gây dạng nhá
VIVOSDEV09_055_snr0,vivos,whisper,tiny,zero_shot,,42,0,music,RỒI RƠM RẠ KHÔ THEO THÂN HÌNH GẦY NGẲNG, Bỏ gấp cả câu theo tất cả người nát nhé
VIVOSDEV14_086_clean,vivos,whisper,tiny,zero_shot,,42,clean,clean,EM SỢ MẤT ANH ẤY NHƯNG LẠI CẢM THẤY MÌNH BỊ XÚC PHẠM, em sẽ mất an ai những là cánh thêm mình bây xúc phản
VIVOSDEV14_086_snr20,vivos,whisper,tiny,zero_shot,,42,20,music,EM SỢ MẤT ANH ẤY NHƯNG LẠI CẢM THẤY MÌNH BỊ XÚC PHẠM, em sợ mất an ai nhưng là cám thêm bình bây xúc phản
VIVOSDEV14_086_snr10,vivos,whisper,tiny,zero_shot,,42,10,speech,EM SỢ MẤT ANH ẤY NHƯNG LẠI CẢM THẤY MÌNH BỊ XÚC PHẠM, em sẽ mong ăn ai những là cánh thông bên bây xúc phải
VIVOSDEV14_086_snr5,vivos,whisper,tiny,zero_shot,,42,5,music,EM SỢ MẤT ANH ẤY NHƯNG LẠI CẢM THẤY MÌNH BỊ XÚC PHẠM, em sẽ mong ăn ai như là các em bên đây xúc phải
VIVOSDEV14_086_snr0,vivos,whisper,tiny,zero_shot,,42,0,noise,EM SỢ MẤT ANH ẤY NHƯNG LẠI CẢM THẤY MÌNH BỊ XÚC PHẠM, em giả mất an ai dừng là cánh thêm mình bây xúc phản
VIVOSDEV15_255_clean,vivos,whisper,tiny,zero_shot,,42,clean,clean,CÔNG NHÂN ĐANG THI CÔNG HAI NHÁNH CẦU RẠCH CHIẾC ẢNH THUẬN THẮNG, Côm nhân đang thi công 2 nhắn cầu rài trước ảnh thuận thắng
VIVOSDEV15_255_snr20,vivos,whisper,tiny,zero_shot,,42,20,music,CÔNG NHÂN ĐANG THI CÔNG HAI NHÁNH CẦU RẠCH CHIẾC ẢNH THUẬN THẮNG, Côm nhấn đang thi công 2 nhắn cầu rài trước ảnh thuận thống
VIVOSDEV15_255_snr10,vivos,whisper,tiny,zero_shot,,42,10,music,CÔNG NHÂN ĐANG THI CÔNG HAI NHÁNH CẦU RẠCH CHIẾC ẢNH THUẬN THẮNG," Côm nhân đăng kia công 2 nhánh, cầu rài trước ảnh thuận thống."
VIVOSDEV15_255_snr5,vivos,whisper,tiny,zero_shot,,42,5,noise,CÔNG NHÂN ĐANG THI CÔNG HAI NHÁNH CẦU RẠCH CHIẾC ẢNH THUẬN THẮNG," Cô bên đang thiệt cộng hai nháng, cầu rời trước anh thuận thắng."
VIVOSDEV15_255_snr0,vivos,whisper,tiny,zero_shot,,42,0,noise,CÔNG NHÂN ĐANG THI CÔNG HAI NHÁNH CẦU RẠCH CHIẾC ẢNH THUẬN THẮNG," Côm nhên đăng thi công hai ngán, cầu rời trước anh thuật thắng"
VIVOSDEV19_158_clean,vivos,whisper,tiny,zero_shot,,42,clean,clean,NHỮNG NGƯỜI TRẺ ẤY THẬT ĐÁNG PHÊ PHÁN ĐÁNG LÊN ÁN, Những người kể ai thật đáng phê phán đáng lên án
VIVOSDEV19_158_snr20,vivos,whisper,tiny,zero_shot,,42,20,noise,NHỮNG NGƯỜI TRẺ ẤY THẬT ĐÁNG PHÊ PHÁN ĐÁNG LÊN ÁN, Những người kể ai thật đáng phê phán đáng lên án
VIVOSDEV19_158_snr10,vivos,whisper,tiny,zero_shot,,42,10,music,NHỮNG NGƯỜI TRẺ ẤY THẬT ĐÁNG PHÊ PHÁN ĐÁNG LÊN ÁN," Những người kể ai, tọc đáng phơi, phá, đáng lên ăn"
VIVOSDEV19_158_snr5,vivos,whisper,tiny,zero_shot,,42,5,noise,NHỮNG NGƯỜI TRẺ ẤY THẬT ĐÁNG PHÊ PHÁN ĐÁNG LÊN ÁN," Những người chế ai, tập đáng phơi, phá, đáng, lên ăn"
VIVOSDEV19_158_snr0,vivos,whisper,tiny,zero_shot,,42,0,music,NHỮNG NGƯỜI TRẺ ẤY THẬT ĐÁNG PHÊ PHÁN ĐÁNG LÊN ÁN," Những người kẻ ai thật đáng phê phát, đáng lên á"
VIVOSDEV09_268_clean,vivos,whisper,tiny,zero_shot,,42,clean,clean,THÚ THẬT TUI CHƯA TỪNG CHƠI GÁI, Thốt tập tồ chưa tần dây ai
VIVOSDEV09_268_snr20,vivos,whisper,tiny,zero_shot,,42,20,noise,THÚ THẬT TUI CHƯA TỪNG CHƠI GÁI, Thốt tập tốt trưa tình dây giá
VIVOSDEV09_268_snr10,vivos,whisper,tiny,zero_shot,,42,10,speech,THÚ THẬT TUI CHƯA TỪNG CHƠI GÁI, Thôi tập tổ chứa đừng dây dây
VIVOSDEV09_268_snr5,vivos,whisper,tiny,zero_shot,,42,5,music,THÚ THẬT TUI CHƯA TỪNG CHƠI GÁI, Cô tập tôi chưa từ chơi giá
VIVOSDEV09_268_snr0,vivos,whisper,tiny,zero_shot,,42,0,noise,THÚ THẬT TUI CHƯA TỪNG CHƠI GÁI, Tổ tác tổ dụt được để gái
VIVOSDEV04_R063_clean,vivos,whisper,tiny,zero_shot,,42,clean,clean,CHÁU SỐT NÊN RẸO RỌC SUỐT ĐÊM," Chào sốc, nèng, rõ, rõ, rõ, xúc đêm."
VIVOSDEV04_R063_snr20,vivos,whisper,tiny,zero_shot,,42,20,speech,CHÁU SỐT NÊN RẸO RỌC SUỐT ĐÊM," Cái khá sát của mình, đều rọng được dùng đêm tiết."
VIVOSDEV04_R063_snr10,vivos,whisper,tiny,zero_shot,,42,10,noise,CHÁU SỐT NÊN RẸO RỌC SUỐT ĐÊM," Tào sống, nèng, rào, rào, xuất đêm."
VIVOSDEV04_R063_snr5,vivos,whisper,tiny,zero_shot,,42,5,noise,CHÁU SỐT NÊN RẸO RỌC SUỐT ĐÊM," Chào sốt, mình rõ rõ rõ rõ xuất đêm"
VIVOSDEV04_R063_snr0,vivos,whisper,tiny,zero_shot,,42,0,noise,CHÁU SỐT NÊN RẸO RỌC SUỐT ĐÊM," Cháo sốc, nền, rộng, xuất đêm"
VIVOSDEV12_186_clean,vivos,whisper,tiny,zero_shot,,42,clean,clean,TIẾNG HÉT ĐỒNG THANH CỦA MẤY CHỤC CON NGƯỜI, Tính hết đồng thân của mấy trục con người.
VIVOSDEV12_186_snr20,vivos,whisper,tiny,zero_shot,,42,20,music,TIẾNG HÉT ĐỒNG THANH CỦA MẤY CHỤC CON NGƯỜI, Tính hết đồng thân của mấy trục con người
VIVOSDEV12_186_snr10,vivos,whisper,tiny,zero_shot,,42,10,music,TIẾNG HÉT ĐỒNG THANH CỦA MẤY CHỤC CON NGƯỜI, Tính hết đồng thần của mấy trục con người
VIVOSDEV12_186_snr5,vivos,whisper,tiny,zero_shot,,42,5,noise,TIẾNG HÉT ĐỒNG THANH CỦA MẤY CHỤC CON NGƯỜI, Tính hết động thân của mấy dục con người.
VIVOSDEV12_186_snr0,vivos,whisper,tiny,zero_shot,,42,0,noise,TIẾNG HÉT ĐỒNG THANH CỦA MẤY CHỤC CON NGƯỜI, Vyng hết nổn thân của mấy trục con lời
VIVOSDEV05_270_clean,vivos,whisper,tiny,zero_shot,,42,clean,clean,CHƯA RỤC RỊCH GÌ, Tư Rope Red A
VIVOSDEV05_270_snr20,vivos,whisper,tiny,zero_shot,,42,20,music,CHƯA RỤC RỊCH GÌ, Khiều rộn phát tây
VIVOSDEV05_270_snr10,vivos,whisper,tiny,zero_shot,,42,10,noise,CHƯA RỤC RỊCH GÌ, Thưa rộng đẹp kê
VIVOSDEV05_270_snr5,vivos,whisper,tiny,zero_shot,,42,5,noise,CHƯA RỤC RỊCH GÌ," Cứ rồi, phần a"
VIVOSDEV05_270_snr0,vivos,whisper,tiny,zero_shot,,42,0,noise,CHƯA RỤC RỊCH GÌ," Nhưng rồi, đẹp tên."
VIVOSDEV15_265_clean,vivos,whisper,tiny,zero_shot,,42,clean,clean,HỌ KHÔNG BIẾT CHƠI PHÒNG NGỰ LÀ GÌ TRỪ KHI BỊ ĐỐI THỦ VÂY ÉP, Họ không biết chơi phòng ngợt là gì chưa khi bị đối thủ với app.
VIVOSDEV15_265_snr20,vivos,whisper,tiny,zero_shot,,42,20,noise,HỌ KHÔNG BIẾT CHƠI PHÒNG NGỰ LÀ GÌ TRỪ KHI BỊ ĐỐI THỦ VÂY ÉP, Hạ không biết chơi phòng ngợt là gì chưa khi bị đối thủ với app.
VIVOSDEV15_265_snr10,vivos,whisper,tiny,zero_shot,,42,10,music,HỌ KHÔNG BIẾT CHƠI PHÒNG NGỰ LÀ GÌ TRỪ KHI BỊ ĐỐI THỦ VÂY ÉP, Họ không biết trời phòng ngược là về trường khi bị đối thủ với app
VIVOSDEV15_265_snr5,vivos,whisper,tiny,zero_shot,,42,5,music,HỌ KHÔNG BIẾT CHƠI PHÒNG NGỰ LÀ GÌ TRỪ KHI BỊ ĐỐI THỦ VÂY ÉP, Thạc không biết trời phòng gợi là gì chưa khi bị đối thủ với ác
VIVOSDEV15_265_snr0,vivos,whisper,tiny,zero_shot,,42,0,music,HỌ KHÔNG BIẾT CHƠI PHÒNG NGỰ LÀ GÌ TRỪ KHI BỊ ĐỐI THỦ VÂY ÉP, Thạc không biết chơi phòng hợp là đi của phía bị đấu tổ với em
VIVOSDEV07_156_clean,vivos,whisper,tiny,zero_shot,,42,clean,clean,ĐẦU TIÊN LÀ BÀ CON MÌNH VẬT VÃ LÀM ĂN, đầu tiên là ba con mình vật và á lắm ăn.
VIVOSDEV07_156_snr20,vivos,whisper,tiny,zero_shot,,42,20,speech,ĐẦU TIÊN LÀ BÀ CON MÌNH VẬT VÃ LÀM ĂN," Đầu tiên là ba con mình bật và á lắm ăn, thì gửi rất."
VIVOSDEV07_156_snr10,vivos,whisper,tiny,zero_shot,,42,10,speech,ĐẦU TIÊN LÀ BÀ CON MÌNH VẬT VÃ LÀM ĂN, đầu tiên là bà con mình bật bỏ nằm ăn
VIVOSDEV07_156_snr5,vivos,whisper,tiny,zero_shot,,42,5,music,ĐẦU TIÊN LÀ BÀ CON MÌNH VẬT VÃ LÀM ĂN, đầu tiên là bà con bình bật quá làm thang
VIVOSDEV07_156_snr0,vivos,whisper,tiny,zero_shot,,42,0,speech,ĐẦU TIÊN LÀ BÀ CON MÌNH VẬT VÃ LÀM ĂN," Đâu xí, là bá có mừng bất tức ảm ảm ảm ảm ả ảm ả ả ảm ả ả ả ả ả ả ả ả ả ả ả ả ả ả ả ả ả ả ả ả ả ả ả ả ả ả ả ả ả ả ả ả ả ả ả ả ả ả ả ả ả ả ả ả "
VIVOSDEV19_167_clean,vivos,whisper,tiny,zero_shot,,42,clean,clean,CÁC QUI ĐỊNH CỦA PHÁP LUẬT KHÔNG THỂ ĐƯỢC BAN HÀNH THEO KIỂU ĐÁNH LÉN, Các quý đỉnh của tháp lộn thế được băng hành theo kiểu tán lấy
VIVOSDEV19_167_snr20,vivos,whisper,tiny,zero_shot,,42,20,music,CÁC QUI ĐỊNH CỦA PHÁP LUẬT KHÔNG THỂ ĐƯỢC BAN HÀNH THEO KIỂU ĐÁNH LÉN, Các quý đánh của tháp lộn thế được ban hành theo kiểu tán lẽ.
VIVOSDEV19_167_snr10,vivos,whisper,tiny,zero_shot,,42,10,noise,CÁC QUI ĐỊNH CỦA PHÁP LUẬT KHÔNG THỂ ĐƯỢC BAN HÀNH THEO KIỂU ĐÁNH LÉN, Các quý đánh của tháp lộn thế được ban hành theo kiểu tán lẽ
VIVOSDEV19_167_snr5,vivos,whisper,tiny,zero_shot,,42,5,noise,CÁC QUI ĐỊNH CỦA PHÁP LUẬT KHÔNG THỂ ĐƯỢC BAN HÀNH THEO KIỂU ĐÁNH LÉN, Các quý đẩn của thắp lộn thế được băng hành theo kiểu tán lẽ.
VIVOSDEV19_167_snr0,vivos,whisper,tiny,zero_shot,,42,0,music,CÁC QUI ĐỊNH CỦA PHÁP LUẬT KHÔNG THỂ ĐƯỢC BAN HÀNH THEO KIỂU ĐÁNH LÉN," Gác, huy đến của thắp lộn thế được ban hành theo kiểu Danh Lên"
VIVOSDEV11_131_clean,vivos,whisper,tiny,zero_shot,,42,clean,clean,THÌ CHỦ ĐẦU TƯ PHẢI TỰ PHÁ DỠ PHẦN NỘI DUNG SAI PHÉP ĐÓ, thì gửi đầu đưa phải tử phá dở phần nơi dông xa phép đó
VIVOSDEV11_131_snr20,vivos,whisper,tiny,zero_shot,,42,20,music,THÌ CHỦ ĐẦU TƯ PHẢI TỰ PHÁ DỠ PHẦN NỘI DUNG SAI PHÉP ĐÓ, Thì chỗ đầu đưa phải tử phá dở phần nơi dung xa phép đó
VIVOSDEV11_131_snr10,vivos,whisper,tiny,zero_shot,,42,10,noise,THÌ CHỦ ĐẦU TƯ PHẢI TỰ PHÁ DỠ PHẦN NỘI DUNG SAI PHÉP ĐÓ, Pì giấu đầu tư phải tử phá dở phần nội dông xa phép đó
VIVOSDEV11_131_snr5,vivos,whisper,tiny,zero_shot,,42,5,speech,THÌ CHỦ ĐẦU TƯ PHẢI TỰ PHÁ DỠ PHẦN NỘI DUNG SAI PHÉP ĐÓ, khi giấu đầu tư phải tự phát yếu phần nơi dung sai phép đá
VIVOSDEV11_131_snr0,vivos,whisper,tiny,zero_shot,,42,0,noise,THÌ CHỦ ĐẦU TƯ PHẢI TỰ PHÁ DỠ PHẦN NỘI DUNG SAI PHÉP ĐÓ, Pầy giổ đầu đôi phải tổ thái dã ở phần nơi dông xa đất
VIVOSDEV05_135_clean,vivos,whisper,tiny,zero_shot,,42,clean,clean,KHI CÔ THỂ HIỆN KHÔNG MẤY THÀNH CÔNG Ở LỄ KHAI MẠC, khi cô thở hiện không mấy thành công ở lẽ kê mạc.
VIVOSDEV05_135_snr20,vivos,whisper,tiny,zero_shot,,42,20,music,KHI CÔ THỂ HIỆN KHÔNG MẤY THÀNH CÔNG Ở LỄ KHAI MẠC, khi cô thở hiện không mấy thành công ở lẽ kê mạc
VIVOSDEV05_135_snr10,vivos,whisper,tiny,zero_shot,,42,10,noise,KHI CÔ THỂ HIỆN KHÔNG MẤY THÀNH CÔNG Ở LỄ KHAI MẠC, Thì cô thở hiện không mấy thành công ở lệ kai mặt
VIVOSDEV05_135_snr5,vivos,whisper,tiny,zero_shot,,42,5,noise,KHI CÔ THỂ HIỆN KHÔNG MẤY THÀNH CÔNG Ở LỄ KHAI MẠC, Chị có thể hình không mấy thình công ở lệ phay mạ
VIVOSDEV05_135_snr0,vivos,whisper,tiny,zero_shot,,42,0,music,KHI CÔ THỂ HIỆN KHÔNG MẤY THÀNH CÔNG Ở LỄ KHAI MẠC, Vì có thể hiện không mấy thích công cơ lệ ai mẹ
VIVOSDEV06_168_clean,vivos,whisper,tiny,zero_shot,,42,clean,clean,LÀM KHUNG, làm không?
VIVOSDEV06_168_snr20,vivos,whisper,tiny,zero_shot,,42,20,music,LÀM KHUNG, làm không?
VIVOSDEV06_168_snr10,vivos,whisper,tiny,zero_shot,,42,10,music,LÀM KHUNG, làm không?
VIVOSDEV06_168_snr5,vivos,whisper,tiny,zero_shot,,42,5,music,LÀM KHUNG, làm không
VIVOSDEV06_168_snr0,vivos,whisper,tiny,zero_shot,,42,0,noise,LÀM KHUNG, làm không
VIVOSDEV08_196_clean,vivos,whisper,tiny,zero_shot,,42,clean,clean,PHẦN LỚN HỌC SINH GIÀU CÓ NGƯỜI NƯỚC NGOÀI, Phẳng lớn học sinh giọc có người được ngoài.
VIVOSDEV08_196_snr20,vivos,whisper,tiny,zero_shot,,42,20,noise,PHẦN LỚN HỌC SINH GIÀU CÓ NGƯỜI NƯỚC NGOÀI, Phẳng lớn học sinh giọc có người được ngoài
VIVOSDEV08_196_snr10,vivos,whisper,tiny,zero_shot,,42,10,music,PHẦN LỚN HỌC SINH GIÀU CÓ NGƯỜI NƯỚC NGOÀI, vàng lớn hấp trên giọc có người được ngoài
VIVOSDEV08_196_snr5,vivos,whisper,tiny,zero_shot,,42,5,noise,PHẦN LỚN HỌC SINH GIÀU CÓ NGƯỜI NƯỚC NGOÀI, Phẳng lớn học tin giọc cá người nước ngoài
VIVOSDEV08_196_snr0,vivos,whisper,tiny,zero_shot,,42,0,speech,PHẦN LỚN HỌC SINH GIÀU CÓ NGƯỜI NƯỚC NGOÀI," Thôi, nó không có thương giọt có nghe."
VIVOSDEV14_113_clean,vivos,whisper,tiny,zero_shot,,42,clean,clean,HẮN THAY ĐỔI LẦM LÌ SAU KHI THEO GIA ĐÌNH ĐẾN XỨ NGƯỜI, Hán thầy đối lầm lầy sau kê hẹn dẫn đến số ngồi
VIVOSDEV14_113_snr20,vivos,whisper,tiny,zero_shot,,42,20,music,HẮN THAY ĐỔI LẦM LÌ SAU KHI THEO GIA ĐÌNH ĐẾN XỨ NGƯỜI, Hán thầy đối lầm lầy sau khi hẹn dẫn đến số ngồi
VIVOSDEV14_113_snr10,vivos,whisper,tiny,zero_shot,,42,10,noise,HẮN THAY ĐỔI LẦM LÌ SAU KHI THEO GIA ĐÌNH ĐẾN XỨ NGƯỜI, Hán thay đối lầm lầy sau khi sẽ vừa đình đến số ngồi
VIVOSDEV14_113_snr5,vivos,whisper,tiny,zero_shot,,42,5,music,HẮN THAY ĐỔI LẦM LÌ SAU KHI THEO GIA ĐÌNH ĐẾN XỨ NGƯỜI, Hán thầy đối lầm lầy sau kế hẹn dẫn đến số ngồi
VIVOSDEV14_113_snr0,vivos,whisper,tiny,zero_shot,,42,0,speech,HẮN THAY ĐỔI LẦM LÌ SAU KHI THEO GIA ĐÌNH ĐẾN XỨ NGƯỜI, Hát kẻ đối lầm lầm lầm xấu kê hề.
VIVOSDEV14_114_clean,vivos,whisper,tiny,zero_shot,,42,clean,clean,YẾU TỐ HẤP DẪN MỚI THU HÚT ĐẦU TƯ NƯỚC NGOÀI VÀO VIỆT NAM, Hãy tốt hấp dẫn mới thủ hốc đầu tư nước ngoài và việc Nam
VIVOSDEV14_114_snr20,vivos,whisper,tiny,zero_shot,,42,20,noise,YẾU TỐ HẤP DẪN MỚI THU HÚT ĐẦU TƯ NƯỚC NGOÀI VÀO VIỆT NAM, Yêu tố hấp dẫn mới thủ hốc đầu tới nước ngoài và Việt Nam.
VIVOSDEV14_114_snr10,vivos,whisper,tiny,zero_shot,,42,10,noise,YẾU TỐ HẤP DẪN MỚI THU HÚT ĐẦU TƯ NƯỚC NGOÀI VÀO VIỆT NAM, Hãy hấp dẫn mới thủ hốc đầu tư nước ngoài và vịch Nam
VIVOSDEV14_114_snr5,vivos,whisper,tiny,zero_shot,,42,5,speech,YẾU TỐ HẤP DẪN MỚI THU HÚT ĐẦU TƯ NƯỚC NGOÀI VÀO VIỆT NAM, Hãy tốt hả bệnh nhận mời tổ hốt đấu tương đúc mời và việc nè
VIVOSDEV14_114_snr0,vivos,whisper,tiny,zero_shot,,42,0,noise,YẾU TỐ HẤP DẪN MỚI THU HÚT ĐẦU TƯ NƯỚC NGOÀI VÀO VIỆT NAM, Hãy tốt hấp dẫn ngoái thường hốt đầu tốt nước ngoài ngờ mình ngâm
VIVOSDEV08_224_clean,vivos,whisper,tiny,zero_shot,,42,clean,clean,NĂM MƯƠI BỐN NĂM MƯƠI LĂM," Nam bây bốm, Nam bây làm"
VIVOSDEV08_224_snr20,vivos,whisper,tiny,zero_shot,,42,20,music,NĂM MƯƠI BỐN NĂM MƯƠI LĂM," Nam bùi bố, Nam bùi làm"
VIVOSDEV08_224_snr10,vivos,whisper,tiny,zero_shot,,42,10,speech,NĂM MƯƠI BỐN NĂM MƯƠI LĂM," Bây giờ, tên tên tên tên tên tên tên tên tên tên tên tên tên tên tên tên tên tên tên tên tên tên tên tên tên tên tên tên tên tên tên tên tên tên tên tên tên tên tên tên tên tên tên tên tên tên tên tên tên tên tên tên tên tên tên tên tên tên tên tên tên tên"
VIVOSDEV08_224_snr5,vivos,whisper,tiny,zero_shot,,42,5,noise,NĂM MƯƠI BỐN NĂM MƯƠI LĂM," Nam bây bố, Nam bây làm"
VIVOSDEV08_224_snr0,vivos,whisper,tiny,zero_shot,,42,0,noise,NĂM MƯƠI BỐN NĂM MƯƠI LĂM," Nam bây bố, Nam bây làm"
VIVOSDEV11_160_clean,vivos,whisper,tiny,zero_shot,,42,clean,clean,NGỤ ẤP HÒN NGANG, Nấu áp hòn ngheng
VIVOSDEV11_160_snr20,vivos,whisper,tiny,zero_shot,,42,20,speech,NGỤ ẤP HÒN NGANG, Nó appong nghe
VIVOSDEV11_160_snr10,vivos,whisper,tiny,zero_shot,,42,10,speech,NGỤ ẤP HÒN NGANG, Nó áp rung nghe.
VIVOSDEV11_160_snr5,vivos,whisper,tiny,zero_shot,,42,5,speech,NGỤ ẤP HÒN NGANG, Bá là nó a chói bá lần nhé. Ví cơ lưu chân xong.
VIVOSDEV11_160_snr0,vivos,whisper,tiny,zero_shot,,42,0,speech,NGỤ ẤP HÒN NGANG, Nó a phay ngu nghe nghe của tây strike
VIVOSDEV10_090_clean,vivos,whisper,tiny,zero_shot,,42,clean,clean,VỪA ĐƯỢC TRAO TẶNG GIẢI THƯỞNG NHÀ NƯỚC," Vừa ổ cao cắn, giải hỗ ngàn ngốc"
VIVOSDEV10_090_snr20,vivos,whisper,tiny,zero_shot,,42,20,noise,VỪA ĐƯỢC TRAO TẶNG GIẢI THƯỞNG NHÀ NƯỚC," Vừa ổ cao cắn, vậy hỗng ngàn ngốc"
VIVOSDEV10_090_snr10,vivos,whisper,tiny,zero_shot,,42,10,music,VỪA ĐƯỢC TRAO TẶNG GIẢI THƯỞNG NHÀ NƯỚC, Vừa ổ cao cận giải hỗ nhàng ốt
VIVOSDEV10_090_snr5,vivos,whisper,tiny,zero_shot,,42,5,music,VỪA ĐƯỢC TRAO TẶNG GIẢI THƯỞNG NHÀ NƯỚC, Vừa ớt cao cận giải hổ nhàng ớt
VIVOSDEV10_090_snr0,vivos,whisper,tiny,zero_shot,,42,0,music,VỪA ĐƯỢC TRAO TẶNG GIẢI THƯỞNG NHÀ NƯỚC," Vừa giao cậu, giả hội ngàn áo"
VIVOSDEV01_R086_clean,vivos,whisper,tiny,zero_shot,,42,clean,clean,CÔNG VĂN ĐỀ NGHỊ TỈNH CON TUM XÂY DỰNG CỬA KHẨU, Còn văn đầy ngay tính con tâm xe dẫn cụ khẩu.
VIVOSDEV01_R086_snr20,vivos,whisper,tiny,zero_shot,,42,20,noise,CÔNG VĂN ĐỀ NGHỊ TỈNH CON TUM XÂY DỰNG CỬA KHẨU, Còn quanh đời ngày tính con tâm xe dẫn cửa khẩu.
VIVOSDEV01_R086_snr10,vivos,whisper,tiny,zero_shot,,42,10,noise,CÔNG VĂN ĐỀ NGHỊ TỈNH CON TUM XÂY DỰNG CỬA KHẨU, Còn văn đầy ngay tất con tâm xây dẫn cửa khó
VIVOSDEV01_R086_snr5,vivos,whisper,tiny,zero_shot,,42,5,speech,CÔNG VĂN ĐỀ NGHỊ TỈNH CON TUM XÂY DỰNG CỬA KHẨU, Còn văn đầy ngày tính con tâm xây dẫn cửa hộ.
VIVOSDEV01_R086_snr0,vivos,whisper,tiny,zero_shot,,42,0,noise,CÔNG VĂN ĐỀ NGHỊ TỈNH CON TUM XÂY DỰNG CỬA KHẨU, Còn văn đầy ngay tấm con tâm xây dần tối khỏi
VIVOSDEV15_117_clean,vivos,whisper,tiny,zero_shot,,42,clean,clean,TRÊN THỰC TẾ MỘT CUỘC ĐIỀU TRA ĐÃ ĐƯỢC TIẾN HÀNH, trên thực tế một cuộc điều tra đật tiếng hành
VIVOSDEV15_117_snr20,vivos,whisper,tiny,zero_shot,,42,20,noise,TRÊN THỰC TẾ MỘT CUỘC ĐIỀU TRA ĐÃ ĐƯỢC TIẾN HÀNH, Chênh thực tế một cuộc điều chán ở được tiếng hạnh.
VIVOSDEV15_117_snr10,vivos,whisper,tiny,zero_shot,,42,10,noise,TRÊN THỰC TẾ MỘT CUỘC ĐIỀU TRA ĐÃ ĐƯỢC TIẾN HÀNH, trên thực tế một cuộc điều tra đợi tiếng hành
VIVOSDEV15_117_snr5,vivos,whisper,tiny,zero_shot,,42,5,music,TRÊN THỰC TẾ MỘT CUỘC ĐIỀU TRA ĐÃ ĐƯỢC TIẾN HÀNH, Chên thực tế một cuộc điều tra đã được tiến hạnh.
VIVOSDEV15_117_snr0,vivos,whisper,tiny,zero_shot,,42,0,speech,TRÊN THỰC TẾ MỘT CUỘC ĐIỀU TRA ĐÃ ĐƯỢC TIẾN HÀNH," Bây giờ, mình sẽ có thể có thể có thể có thể có thể có thể có thể có thể có thể có thể có thể có thể có thể có thể có thể có thể có thể có thể có thể có thể có thể có thể có thể có thể có thể có thể có thể có thể có thể có thể có thể có thể có thể có thể có thể có thể có thể có thể có thể có thể có thể có thể có thể có thể có thể có thể có thể có thể có thể có thể có thể có thể có thể có thể có thể có thể có thể có thể có thể có thể có thể"
VIVOSDEV17_169_clean,vivos,whisper,tiny,zero_shot,,42,clean,clean,HỌ BẢO TÔI GIỐNG NGƯỜI HÀN THÌ TÔI LẠI THẤY HỌ GIỐNG NGƯỜI VIỆT, Họ bảo tôi giống như người hình thì tôi lại thấy hỏi giống người việc
VIVOSDEV17_169_snr20,vivos,whisper,tiny,zero_shot,,42,20,noise,HỌ BẢO TÔI GIỐNG NGƯỜI HÀN THÌ TÔI LẠI THẤY HỌ GIỐNG NGƯỜI VIỆT, Họ bảo tôi giống như người hành thì tôi lại thấy hỏi yếu người việc
VIVOSDEV17_169_snr10,vivos,whisper,tiny,zero_shot,,42,10,music,HỌ BẢO TÔI GIỐNG NGƯỜI HÀN THÌ TÔI LẠI THẤY HỌ GIỐNG NGƯỜI VIỆT, Họ bảo tối giống như người hình thì tối lại thấy hỏi giống người việc
VIVOSDEV17_169_snr5,vivos,whisper,tiny,zero_shot,,42,5,speech,HỌ BẢO TÔI GIỐNG NGƯỜI HÀN THÌ TÔI LẠI THẤY HỌ GIỐNG NGƯỜI VIỆT," Thôi, đúng không?"
VIVOSDEV17_169_snr0,vivos,whisper,tiny,zero_shot,,42,0,noise,HỌ BẢO TÔI GIỐNG NGƯỜI HÀN THÌ TÔI LẠI THẤY HỌ GIỐNG NGƯỜI VIỆT, Há bảo gió giống như thế này thì có thể thấy hãi in của thế này.
VIVOSDEV08_100_clean,vivos,whisper,tiny,zero_shot,,42,clean,clean,HAY ĐẢM BẢO RẰNG NGÀY NÀO CHÚNG CŨNG ĐƯỢC ĐI NHỮNG ĐÔI TẤT SẠCH, 2 đám bảo ràng nghe nào chúng cũng được đe những do tất sập
VIVOSDEV08_100_snr20,vivos,whisper,tiny,zero_shot,,42,20,speech,HAY ĐẢM BẢO RẰNG NGÀY NÀO CHÚNG CŨNG ĐƯỢC ĐI NHỮNG ĐÔI TẤT SẠCH," Hãy đã bảo ràng, khi nào chúng cũng được đây những tất sập."
VIVOSDEV08_100_snr10,vivos,whisper,tiny,zero_shot,,42,10,noise,HAY ĐẢM BẢO RẰNG NGÀY NÀO CHÚNG CŨNG ĐƯỢC ĐI NHỮNG ĐÔI TẤT SẠCH, Thái đám báo ràng nghe nào chúng cũng được đây những đời thức thật thật
VIVOSDEV08_100_snr5,vivos,whisper,tiny,zero_shot,,42,5,speech,HAY ĐẢM BẢO RẰNG NGÀY NÀO CHÚNG CŨNG ĐƯỢC ĐI NHỮNG ĐÔI TẤT SẠCH, Hãy đã bảo ra an stretch nha nào chúng cũng được đây những người tất cả sạp
VIVOSDEV08_100_snr0,vivos,whisper,tiny,zero_shot,,42,0,speech,HAY ĐẢM BẢO RẰNG NGÀY NÀO CHÚNG CŨNG ĐƯỢC ĐI NHỮNG ĐÔI TẤT SẠCH," Hãy đánh bảo ra, và đánh bảo ra."
VIVOSDEV12_065_clean,vivos,whisper,tiny,zero_shot,,42,clean,clean,THÌ ĐỌC ĐƯỢC HỒI KÝ KHÔNG THỂ CHUỘC LỖI TRÊN BÁO TUỔI TRẺ, thì đọc được hơi ký không thấy chủc lỗi trên báo tối trẻ.
VIVOSDEV12_065_snr20,vivos,whisper,tiny,zero_shot,,42,20,speech,THÌ ĐỌC ĐƯỢC HỒI KÝ KHÔNG THỂ CHUỘC LỖI TRÊN BÁO TUỔI TRẺ, Thì đọc được hơi ký không thấy chủc lỗi trên báo tối kẻ.
VIVOSDEV12_065_snr10,vivos,whisper,tiny,zero_shot,,42,10,noise,THÌ ĐỌC ĐƯỢC HỒI KÝ KHÔNG THỂ CHUỘC LỖI TRÊN BÁO TUỔI TRẺ, Thì đọc lược hơi ký không thấy chủc lỗi trên báo tối trẻ
VIVOSDEV12_065_snr5,vivos,whisper,tiny,zero_shot,,42,5,speech,THÌ ĐỌC ĐƯỢC HỒI KÝ KHÔNG THỂ CHUỘC LỖI TRÊN BÁO TUỔI TRẺ, thì đọc được hơi ký không thấy chủc lối khác của bác nổi kẻ
VIVOSDEV12_065_snr0,vivos,whisper,tiny,zero_shot,,42,0,noise,THÌ ĐỌC ĐƯỢC HỒI KÝ KHÔNG THỂ CHUỘC LỖI TRÊN BÁO TUỔI TRẺ," Cái đọc được hơi ký không hơi thật lỗi, rất máo đủ gè."
VIVOSDEV12_080_clean,vivos,whisper,tiny,zero_shot,,42,clean,clean,CHÍNH THỨC ĐÃ LÂY LAN RA BÊN NGOÀI, Chính thức đã lây làng ra bên ngoài.
VIVOSDEV12_080_snr20,vivos,whisper,tiny,zero_shot,,42,20,noise,CHÍNH THỨC ĐÃ LÂY LAN RA BÊN NGOÀI, Hính thức đã lây làng ra bên ngoài.
VIVOSDEV12_080_snr10,vivos,whisper,tiny,zero_shot,,42,10,speech,CHÍNH THỨC ĐÃ LÂY LAN RA BÊN NGOÀI, Chính thơ tất cả lây là nha bân ngoài.
VIVOSDEV12_080_snr5,vivos,whisper,tiny,zero_shot,,42,5,music,CHÍNH THỨC ĐÃ LÂY LAN RA BÊN NGOÀI, Tính thức đã lầy làng ra bên ngoài.
VIVOSDEV12_080_snr0,vivos,whisper,tiny,zero_shot,,42,0,music,CHÍNH THỨC ĐÃ LÂY LAN RA BÊN NGOÀI," Thôi, lấy lạc, đẹp, anh 1."
VIVOSDEV12_075_clean,vivos,whisper,tiny,zero_shot,,42,clean,clean,NHÓM THANH LONG TRẺ DIỄN TIỂU PHẨM HÀI HẮC BẠCH TRANH HÙNG," Nóng thần lòng trẻ giữ nhấn tạo phẩm 2, Hác bật trần hùng"
VIVOSDEV12_075_snr20,vivos,whisper,tiny,zero_shot,,42,20,noise,NHÓM THANH LONG TRẺ DIỄN TIỂU PHẨM HÀI HẮC BẠCH TRANH HÙNG," Nhóm thần lòng trẻ giữ tạo phẩm hai, hát bật, trần hồng"
VIVOSDEV12_075_snr10,vivos,whisper,tiny,zero_shot,,42,10,music,NHÓM THANH LONG TRẺ DIỄN TIỂU PHẨM HÀI HẮC BẠCH TRANH HÙNG," Nếu thân lòng trẻ, giữ tế phóng 2, hạt bật trân hùng"
VIVOSDEV12_075_snr5,vivos,whisper,tiny,zero_shot,,42,5,music,NHÓM THANH LONG TRẺ DIỄN TIỂU PHẨM HÀI HẮC BẠCH TRANH HÙNG, nhóm thần lòng trẻ dĩnh tế phòng hai HAC BUD DEN HOME
VIVOSDEV12_075_snr0,vivos,whisper,tiny,zero_shot,,42,0,noise,NHÓM THANH LONG TRẺ DIỄN TIỂU PHẨM HÀI HẮC BẠCH TRANH HÙNG," Gióm thần lòng trẻ, giữ tìm phẩm hai, khác bật, trần hông."
VIVOSDEV10_257_clean,vivos,whisper,tiny,zero_shot,,42,clean,clean,TIỀN ĐIỆN THÁNG NÀY BAO NHIÊU," Tình ấn, hát ngày bao nhiêu"
VIVOSDEV10_257_snr20,vivos,whisper,tiny,zero_shot,,42,20,noise,TIỀN ĐIỆN THÁNG NÀY BAO NHIÊU, Tình ấn khác ngày bao nhiêu
VIVOSDEV10_257_snr10,vivos,whisper,tiny,zero_shot,,42,10,music,TIỀN ĐIỆN THÁNG NÀY BAO NHIÊU, Tên những hát ngày bàn yêu
VIVOSDEV10_257_snr5,vivos,whisper,tiny,zero_shot,,42,5,music,TIỀN ĐIỆN THÁNG NÀY BAO NHIÊU," Bây ngếng, hát ngày bao nhiêu"
VIVOSDEV10_257_snr0,vivos,whisper,tiny,zero_shot,,42,0,noise,TIỀN ĐIỆN THÁNG NÀY BAO NHIÊU, Bây người thách ngày bắt nguyêu
VIVOSDEV17_071_clean,vivos,whisper,tiny,zero_shot,,42,clean,clean,BẢN THÂN TÔI CŨNG THAM GIA MỘT VAI RẤT NHỎ NỮA, Bản thân tôi cũng tham gia một phay đức nhỏ nữa.
VIVOSDEV17_071_snr20,vivos,whisper,tiny,zero_shot,,42,20,noise,BẢN THÂN TÔI CŨNG THAM GIA MỘT VAI RẤT NHỎ NỮA, Bản thân tôi cũng tham gia một quay đức nhỏ nữa.
VIVOSDEV17_071_snr10,vivos,whisper,tiny,zero_shot,,42,10,music,BẢN THÂN TÔI CŨNG THAM GIA MỘT VAI RẤT NHỎ NỮA, Bệnh thương tôi cũng tham gia một phay đức nhỏ nữa.
VIVOSDEV17_071_snr5,vivos,whisper,tiny,zero_shot,,42,5,music,BẢN THÂN TÔI CŨNG THAM GIA MỘT VAI RẤT NHỎ NỮA, Mẹn thân tôi cũng tham dàng một bài đi tích nhỏ nữa.
VIVOSDEV17_071_snr0,vivos,whisper,tiny,zero_shot,,42,0,noise,BẢN THÂN TÔI CŨNG THAM GIA MỘT VAI RẤT NHỎ NỮA, Bạn thương tôi cũng tham gia một phay đức nhỏ nữa
VIVOSDEV05_097_clean,vivos,whisper,tiny,zero_shot,,42,clean,clean,THU CHẠM NGÕ RẤT HIỀN, Thù chạm ngó rất hiện
VIVOSDEV05_097_snr20,vivos,whisper,tiny,zero_shot,,42,20,noise,THU CHẠM NGÕ RẤT HIỀN, Thô chạm ngó rất hiện
VIVOSDEV05_097_snr10,vivos,whisper,tiny,zero_shot,,42,10,noise,THU CHẠM NGÕ RẤT HIỀN, Thù chạm nó rất hiện
VIVOSDEV05_097_snr5,vivos,whisper,tiny,zero_shot,,42,5,noise,THU CHẠM NGÕ RẤT HIỀN, Thù chạm ngó rất hình
VIVOSDEV05_097_snr0,vivos,whisper,tiny,zero_shot,,42,0,noise,THU CHẠM NGÕ RẤT HIỀN, Tổ chàng ngon là tình
VIVOSDEV06_022_clean,vivos,whisper,tiny,zero_shot,,42,clean,clean,LÍNH CỨU HỎA KHÓ TIẾP CẬN HIỆN TRƯỜNG, Lính cứ hóa khó tiếp cạnh hình trường.
VIVOSDEV06_022_snr20,vivos,whisper,tiny,zero_shot,,42,20,music,LÍNH CỨU HỎA KHÓ TIẾP CẬN HIỆN TRƯỜNG, Lính cứ hả có tiếp cạnh hình trường.
VIVOSDEV06_022_snr10,vivos,whisper,tiny,zero_shot,,42,10,noise,LÍNH CỨU HỎA KHÓ TIẾP CẬN HIỆN TRƯỜNG, Lính cứ hóa có tiếp cạnh hiện trường
VIVOSDEV06_022_snr5,vivos,whisper,tiny,zero_shot,,42,5,music,LÍNH CỨU HỎA KHÓ TIẾP CẬN HIỆN TRƯỜNG, Lính cứ hóa khó tiếp cặng hình trường
VIVOSDEV06_022_snr0,vivos,whisper,tiny,zero_shot,,42,0,noise,LÍNH CỨU HỎA KHÓ TIẾP CẬN HIỆN TRƯỜNG, Dính cứ mạc có tiếp cạnh những dân
VIVOSDEV03_R136_clean,vivos,whisper,tiny,zero_shot,,42,clean,clean,NÀY BÓN CHO CON THƯƠNG ĐỠ YẾU ĐAU CÒI CỌC, này bóng cho thật con thương đợi yêu đào coi cậu
VIVOSDEV03_R136_snr20,vivos,whisper,tiny,zero_shot,,42,20,noise,NÀY BÓN CHO CON THƯƠNG ĐỠ YẾU ĐAU CÒI CỌC, này bóng cho thật con thương đợi yêu đào coi cậu
VIVOSDEV03_R136_snr10,vivos,whisper,tiny,zero_shot,,42,10,noise,NÀY BÓN CHO CON THƯƠNG ĐỠ YẾU ĐAU CÒI CỌC," này bóng cho to con thương đảo, chưa đào coi cầu"
VIVOSDEV03_R136_snr5,vivos,whisper,tiny,zero_shot,,42,5,noise,NÀY BÓN CHO CON THƯƠNG ĐỠ YẾU ĐAU CÒI CỌC, Này bóng cho thật con thương đợi yêu đào coi cậu
VIVOSDEV03_R136_snr0,vivos,whisper,tiny,zero_shot,,42,0,music,NÀY BÓN CHO CON THƯƠNG ĐỠ YẾU ĐAU CÒI CỌC," Này bong cho thật con thương đời, hiểu đào có cậu cậu"
VIVOSDEV10_196_clean,vivos,whisper,tiny,zero_shot,,42,clean,clean,CHỈ MUỐN LÀM MỘT HƠI CHO ĐÃ CÁI MIỆNG," Khi muốn ngàn mộn hơn gọi ác, cái mẹn."
VIVOSDEV10_196_snr20,vivos,whisper,tiny,zero_shot,,42,20,speech,CHỈ MUỐN LÀM MỘT HƠI CHO ĐÃ CÁI MIỆNG, Dễ muốn làm một hơi gọi ác cái mẹn.
VIVOSDEV10_196_snr10,vivos,whisper,tiny,zero_shot,,42,10,speech,CHỈ MUỐN LÀM MỘT HƠI CHO ĐÃ CÁI MIỆNG," Chỉ muốn nghe một hơi, cho à ở đây mẹ"
VIVOSDEV10_196_snr5,vivos,whisper,tiny,zero_shot,,42,5,speech,CHỈ MUỐN LÀM MỘT HƠI CHO ĐÃ CÁI MIỆNG, Chuyên muốn làm mục hơi gọi á trang mình
VIVOSDEV10_196_snr0,vivos,whisper,tiny,zero_shot,,42,0,music,CHỈ MUỐN LÀM MỘT HƠI CHO ĐÃ CÁI MIỆNG, Khi muốn đã mục hơi coi át cách
VIVOSDEV18_192_clean,vivos,whisper,tiny,zero_shot,,42,clean,clean,NHỮNG KIỂU VẾT THƯƠNG MÀ TRẺ THƯỜNG MANG THEO CÓ THỂ LÀ GÌ, Gự vết thương mà trẻ thương mang theo có thể là gì?
VIVOSDEV18_192_snr20,vivos,whisper,tiny,zero_shot,,42,20,noise,NHỮNG KIỂU VẾT THƯƠNG MÀ TRẺ THƯỜNG MANG THEO CÓ THỂ LÀ GÌ, Gự vết thương mà trẻ thương mang theo có thể là gì?
VIVOSDEV18_192_snr10,vivos,whisper,tiny,zero_shot,,42,10,noise,NHỮNG KIỂU VẾT THƯƠNG MÀ TRẺ THƯỜNG MANG THEO CÓ THỂ LÀ GÌ, Cự vết thương mà trẻ sự mang theo có thể lại như
VIVOSDEV18_192_snr5,vivos,whisper,tiny,zero_shot,,42,5,noise,NHỮNG KIỂU VẾT THƯƠNG MÀ TRẺ THƯỜNG MANG THEO CÓ THỂ LÀ GÌ, Chở biết thương mà chạy thương mang theo có thể là gì
VIVOSDEV18_192_snr0,vivos,whisper,tiny,zero_shot,,42,0,speech,NHỮNG KIỂU VẾT THƯƠNG MÀ TRẺ THƯỜNG MANG THEO CÓ THỂ LÀ GÌ," Bây giờ, tất cả những người thử dụng đối với những người thử dụng đối với những người thử dụng đối với những người thử dụng đối với những người thử dụng đối với những người thử dụng đối với những người thử dụng đối với những người thử dụng đối với những người thử dụng đối với những người thử dụng đối với những người thử dụng đối với những người thử dụng đối với những"
VIVOSDEV03_T035_clean,vivos,whisper,tiny,zero_shot,,42,clean,clean,MẸ ƠI CÓ MUA ĐỒ CHO CON KHÔNG, Mẹ ơi có mua đổi cho con không
VIVOSDEV03_T035_snr20,vivos,whisper,tiny,zero_shot,,42,20,music,MẸ ƠI CÓ MUA ĐỒ CHO CON KHÔNG, Mẹ ơi có mua đổi chứa con không?
VIVOSDEV03_T035_snr10,vivos,whisper,tiny,zero_shot,,42,10,noise,MẸ ƠI CÓ MUA ĐỒ CHO CON KHÔNG, Mẹ ơi có mua đổi cho con không?
VIVOSDEV03_T035_snr5,vivos,whisper,tiny,zero_shot,,42,5,music,MẸ ƠI CÓ MUA ĐỒ CHO CON KHÔNG," Mẹ ơi, có mua đời chứ con không?"
VIVOSDEV03_T035_snr0,vivos,whisper,tiny,zero_shot,,42,0,noise,MẸ ƠI CÓ MUA ĐỒ CHO CON KHÔNG," Mẹ ơi, có mùa đời đi con xúc"
VIVOSDEV16_026_clean,vivos,whisper,tiny,zero_shot,,42,clean,clean,CÙNG VỢ ĂN VỘI CHÉN CƠM THÀNH LẠI LO ÔN BÀI LÀM BÀI TẬP, cùng vở ăn vổ chíng gơm thần lại là ũm bài làm bài tập.
VIVOSDEV16_026_snr20,vivos,whisper,tiny,zero_shot,,42,20,speech,CÙNG VỢ ĂN VỘI CHÉN CƠM THÀNH LẠI LO ÔN BÀI LÀM BÀI TẬP, Công vớt ăn vổ chíng cơm thần lại là ông bày làm bài tạm.
VIVOSDEV16_026_snr10,vivos,whisper,tiny,zero_shot,,42,10,music,CÙNG VỢ ĂN VỘI CHÉN CƠM THÀNH LẠI LO ÔN BÀI LÀM BÀI TẬP, Cùng vỡ ăn vội chiến gơm thần lợ ông bài tạp
VIVOSDEV16_026_snr5,vivos,whisper,tiny,zero_shot,,42,5,noise,CÙNG VỢ ĂN VỘI CHÉN CƠM THÀNH LẠI LO ÔN BÀI LÀM BÀI TẬP," Cùng vợ ăn vổ chíng gơm thần lại, là ông bài làm bài tập."
VIVOSDEV16_026_snr0,vivos,whisper,tiny,zero_shot,,42,0,noise,CÙNG VỢ ĂN VỘI CHÉN CƠM THÀNH LẠI LO ÔN BÀI LÀM BÀI TẬP, Cùng hợp ăn vổ chíng gơm thần lợi lợi bài làm bài tập
VIVOSDEV05_150_clean,vivos,whisper,tiny,zero_shot,,42,clean,clean,NGỒI CHỒM CHỒM CÁCH CHỈ MẤY MÉT, Ngồi chôm trong cách kể máy mết
VIVOSDEV05_150_snr20,vivos,whisper,tiny,zero_shot,,42,20,music,NGỒI CHỒM CHỒM CÁCH CHỈ MẤY MÉT, Ngồi chôm trong cách kể máy mết
VIVOSDEV05_150_snr10,vivos,whisper,tiny,zero_shot,,42,10,music,NGỒI CHỒM CHỒM CÁCH CHỈ MẤY MÉT, Ngồi chồng trong cách kể mấy mệt
VIVOSDEV05_150_snr5,vivos,whisper,tiny,zero_shot,,42,5,noise,NGỒI CHỒM CHỒM CÁCH CHỈ MẤY MÉT, Mỗi trộm cho ông cách kỳ máy mết
VIVOSDEV05_150_snr0,vivos,whisper,tiny,zero_shot,,42,0,speech,NGỒI CHỒM CHỒM CÁCH CHỈ MẤY MÉT, Đúng không? Đúng không? Đúng không? Đúng không? Đúng không? Đúng không? Đúng không? Đúng không? Đúng không? Đúng không? Đúng không? Đúng không? Đúng không? Đúng không? Đúng không? Đúng không? Đúng không? Đúng không? Đúng không? Đúng không? Đúng không? Đúng không? Đúng không? Đúng không? Đúng không? Đúng không? Đúng không? Đúng không? Đúng không? Đúng không? Đúng không? Đúng không?
