utt_id,dataset,model,model_size,train_type,lambda,seed,snr,noise_type,ref,hyp
VIVOSDEV16_266_clean,vivos,whisper,small,zero_shot,,42,clean,clean,PHÍA DƯỚI VÀ XUNG QUANH KỆ LÀ NƯỚC BẨN LÊNH LÁNG CHẢY QUA, Phi dưới và xung quanh kể là nước bận lên lán chảy qua.
VIVOSDEV16_266_snr20,vivos,whisper,small,zero_shot,,42,20,speech,PHÍA DƯỚI VÀ XUNG QUANH KỆ LÀ NƯỚC BẨN LÊNH LÁNG CHẢY QUA, Phi dưới và xung quanh kể là nước bận lên lán chảy qua.
VIVOSDEV16_266_snr10,vivos,whisper,small,zero_shot,,42,10,noise,PHÍA DƯỚI VÀ XUNG QUANH KỆ LÀ NƯỚC BẨN LÊNH LÁNG CHẢY QUA, Phía dưới và xung quanh kể là nước bận lên lán chảy qua.
VIVOSDEV16_266_snr5,vivos,whisper,small,zero_shot,,42,5,noise,PHÍA DƯỚI VÀ XUNG QUANH KỆ LÀ NƯỚC BẨN LÊNH LÁNG CHẢY QUA, Tư dưới và xung quanh kể là nước bọn lên lán chạy qua.
VIVOSDEV16_266_snr0,vivos,whisper,small,zero_shot,,42,0,music,PHÍA DƯỚI VÀ XUNG QUANH KỆ LÀ NƯỚC BẨN LÊNH LÁNG CHẢY QUA, Phi dưới và xung quanh kể là nước phận lên lại chạy qua
VIVOSDEV12_076_clean,vivos,whisper,small,zero_shot,,42,clean,clean,TỚ ĐI KIẾM NHÀ TRỌ RỒI NHƯNG KHÓ QUÁ, Tớ đi kiếm nhà trọa rồi nhưng khó quá.
VIVOSDEV12_076_snr20,vivos,whisper,small,zero_shot,,42,20,noise,TỚ ĐI KIẾM NHÀ TRỌ RỒI NHƯNG KHÓ QUÁ, Tớ đi kiếm nhà trọa rồi nhưng khó quá.
VIVOSDEV12_076_snr10,vivos,whisper,small,zero_shot,,42,10,noise,TỚ ĐI KIẾM NHÀ TRỌ RỒI NHƯNG KHÓ QUÁ, Tớ đi kiếm nhà trọa rồi nhưng khó quá.
VIVOSDEV12_076_snr5,vivos,whisper,small,zero_shot,,42,5,speech,TỚ ĐI KIẾM NHÀ TRỌ RỒI NHƯNG KHÓ QUÁ, Tới đi kiến nhạc trò rồi nhưng thó quá.
VIVOSDEV12_076_snr0,vivos,whisper,small,zero_shot,,42,0,speech,TỚ ĐI KIẾM NHÀ TRỌ RỒI NHƯNG KHÓ QUÁ, Tớ đi kiếm nèm trọa rồi nhưng khó quá.
VIVOSDEV16_196_clean,vivos,whisper,small,zero_shot,,42,clean,clean,SỰ GIÚP ĐỠ CỦA BÀ LÀ VÔ CÙNG QUÍ BÁU CHO CHÚNG TÔI, sự giúp đỡ của bà là vô cùng quý báo cho chúng tôi.
VIVOSDEV16_196_snr20,vivos,whisper,small,zero_shot,,42,20,music,SỰ GIÚP ĐỠ CỦA BÀ LÀ VÔ CÙNG QUÍ BÁU CHO CHÚNG TÔI, sự giúp đỡ của bà là vô cùng quý báo cho chúng tôi.
VIVOSDEV16_196_snr10,vivos,whisper,small,zero_shot,,42,10,speech,SỰ GIÚP ĐỠ CỦA BÀ LÀ VÔ CÙNG QUÍ BÁU CHO CHÚNG TÔI, sự giúp đỡ của bà là vô cùng quý báo cho chúng tôi.
VIVOSDEV16_196_snr5,vivos,whisper,small,zero_shot,,42,5,noise,SỰ GIÚP ĐỠ CỦA BÀ LÀ VÔ CÙNG QUÍ BÁU CHO CHÚNG TÔI, sự giúp đỡ của bà là vô cùng quý báo cho chúng tôi.
VIVOSDEV16_196_snr0,vivos,whisper,small,zero_shot,,42,0,noise,SỰ GIÚP ĐỠ CỦA BÀ LÀ VÔ CÙNG QUÍ BÁU CHO CHÚNG TÔI, sự giúp đỡ của bà là vô cùng quý báo cho chúng tôi.
VIVOSDEV02_R154_clean,vivos,whisper,small,zero_shot,,42,clean,clean,BỌN BUÔN DỰ ÁN CHẠY CHỌT BÀY RA CÁC DỰ ÁN ĐỂ KIẾM CHÁC, Bọn buông dự án chạy trọt bay ra cái dự án để kiểm trai.
VIVOSDEV02_R154_snr20,vivos,whisper,small,zero_shot,,42,20,noise,BỌN BUÔN DỰ ÁN CHẠY CHỌT BÀY RA CÁC DỰ ÁN ĐỂ KIẾM CHÁC, Bọn buông dự án chạy trọt bày ra cái dự án để kiểm tra
VIVOSDEV02_R154_snr10,vivos,whisper,small,zero_shot,,42,10,noise,BỌN BUÔN DỰ ÁN CHẠY CHỌT BÀY RA CÁC DỰ ÁN ĐỂ KIẾM CHÁC, Bọn buông dự án trị trọt bay ra cái dự án để kiểm trai.
VIVOSDEV02_R154_snr5,vivos,whisper,small,zero_shot,,42,5,music,BỌN BUÔN DỰ ÁN CHẠY CHỌT BÀY RA CÁC DỰ ÁN ĐỂ KIẾM CHÁC, Bọc 4 dự án trị trọt và yên ra cái dự án để kiểm tra
VIVOSDEV02_R154_snr0,vivos,whisper,small,zero_shot,,42,0,music,BỌN BUÔN DỰ ÁN CHẠY CHỌT BÀY RA CÁC DỰ ÁN ĐỂ KIẾM CHÁC, Bọc buông dự án chạy trọt bày ra cái dự án để kiếm chép.
VIVOSDEV12_197_clean,vivos,whisper,small,zero_shot,,42,clean,clean,SAU ĐÓ BÀ HÀNG XÓM TÍNH TÌNH XỞI LỞI CHẠY QUA KỂ VỚI TÔI," Sau đó, bà hàng xóm tính tình xảy lỗi, chạy qua kệ với tôi."
VIVOSDEV12_197_snr20,vivos,whisper,small,zero_shot,,42,20,speech,SAU ĐÓ BÀ HÀNG XÓM TÍNH TÌNH XỞI LỞI CHẠY QUA KỂ VỚI TÔI," Sau đó, bà hàng xóm tính tình xảy lỗi chạy qua kệ với tôi."
VIVOSDEV12_197_snr10,vivos,whisper,small,zero_shot,,42,10,music,SAU ĐÓ BÀ HÀNG XÓM TÍNH TÌNH XỞI LỞI CHẠY QUA KỂ VỚI TÔI, Sau đó bà hàng xón tính tình xãi lỗi chạy qua kệ với tôi.
VIVOSDEV12_197_snr5,vivos,whisper,small,zero_shot,,42,5,music,SAU ĐÓ BÀ HÀNG XÓM TÍNH TÌNH XỞI LỞI CHẠY QUA KỂ VỚI TÔI," Sau đó bà hàng xón kính tình xảy lỗi, cậy qua cậy với thôi."
VIVOSDEV12_197_snr0,vivos,whisper,small,zero_shot,,42,0,noise,SAU ĐÓ BÀ HÀNG XÓM TÍNH TÌNH XỞI LỞI CHẠY QUA KỂ VỚI TÔI, Sau đó bà hàng xong tính tình xảy loại chạy quan kệ với tôi.
VIVOSDEV06_040_clean,vivos,whisper,small,zero_shot,,42,clean,clean,VÀ HÍT VÀO MŨI LÀM CHẤT NÀY LOÃNG RA, Và hít vào muối làm chất này loãn ra.
VIVOSDEV06_040_snr20,vivos,whisper,small,zero_shot,,42,20,noise,VÀ HÍT VÀO MŨI LÀM CHẤT NÀY LOÃNG RA, và hít vào muối làm chất này loãn ra.
VIVOSDEV06_040_snr10,vivos,whisper,small,zero_shot,,42,10,noise,VÀ HÍT VÀO MŨI LÀM CHẤT NÀY LOÃNG RA, và hít vào muối làm chất này loãn ra.
VIVOSDEV06_040_snr5,vivos,whisper,small,zero_shot,,42,5,speech,VÀ HÍT VÀO MŨI LÀM CHẤT NÀY LOÃNG RA, và hít vào muối làm chất này lãng ra.
VIVOSDEV06_040_snr0,vivos,whisper,small,zero_shot,,42,0,noise,VÀ HÍT VÀO MŨI LÀM CHẤT NÀY LOÃNG RA, Và hít vào muối làm chất này loãn ra
VIVOSDEV10_239_clean,vivos,whisper,small,zero_shot,,42,clean,clean,TÁM MƯƠI BỐN TÁM MƯƠI LĂM, 814 815
VIVOSDEV10_239_snr20,vivos,whisper,small,zero_shot,,42,20,noise,TÁM MƯƠI BỐN TÁM MƯƠI LĂM, 8 14 8 18
VIVOSDEV10_239_snr10,vivos,whisper,small,zero_shot,,42,10,speech,TÁM MƯƠI BỐN TÁM MƯƠI LĂM, 8 14 8 10
VIVOSDEV10_239_snr5,vivos,whisper,small,zero_shot,,42,5,noise,TÁM MƯƠI BỐN TÁM MƯƠI LĂM, 8 14 8 18
VIVOSDEV10_239_snr0,vivos,whisper,small,zero_shot,,42,0,music,TÁM MƯƠI BỐN TÁM MƯƠI LĂM, 8 14 8 10
VIVOSDEV15_194_clean,vivos,whisper,small,zero_shot,,42,clean,clean,NẰM TRÊN GIƯỜNG GẦN CẢ THÁNG BẤT GIÁC TÔI CẢM THẤY MÌNH THẬT CÔ ĐỘC," Nằm trên rượu gần cả tháng, bất trờ tôi cảm thấy mình thật cô đọc."
VIVOSDEV15_194_snr20,vivos,whisper,small,zero_shot,,42,20,noise,NẰM TRÊN GIƯỜNG GẦN CẢ THÁNG BẤT GIÁC TÔI CẢM THẤY MÌNH THẬT CÔ ĐỘC," Nằm trên rượu gần cả tháng, bất trờ tôi cảm thấy mình thật cô đọc."
VIVOSDEV15_194_snr10,vivos,whisper,small,zero_shot,,42,10,noise,NẰM TRÊN GIƯỜNG GẦN CẢ THÁNG BẤT GIÁC TÔI CẢM THẤY MÌNH THẬT CÔ ĐỘC," Nằm trên rượu gần cả tháng, bất trờ tôi cảm thấy mình thật cô đọc."
VIVOSDEV15_194_snr5,vivos,whisper,small,zero_shot,,42,5,noise,NẰM TRÊN GIƯỜNG GẦN CẢ THÁNG BẤT GIÁC TÔI CẢM THẤY MÌNH THẬT CÔ ĐỘC," Nằm trên rượu gần cả tháng, bất trờ tôi cảm thấy mình thật cô đọc."
VIVOSDEV15_194_snr0,vivos,whisper,small,zero_shot,,42,0,noise,NẰM TRÊN GIƯỜNG GẦN CẢ THÁNG BẤT GIÁC TÔI CẢM THẤY MÌNH THẬT CÔ ĐỘC," Nằm trên rượu gần cả tháng, bắt chờ tôi cảm thấy mình thật cô đọc."
VIVOSDEV18_051_clean,vivos,whisper,small,zero_shot,,42,clean,clean,NHƯNG NHIỀU DU KHÁCH THẤY THẤT VỌNG KHI LÊN ĐẾN NƠI, nhưng nhiều du khách vẫn thấy tất vọng khi lên đến nơi.
VIVOSDEV18_051_snr20,vivos,whisper,small,zero_shot,,42,20,noise,NHƯNG NHIỀU DU KHÁCH THẤY THẤT VỌNG KHI LÊN ĐẾN NƠI, nhưng nhiều du khách vẫn thấy thất vọng khi lên đến nơi.
VIVOSDEV18_051_snr10,vivos,whisper,small,zero_shot,,42,10,noise,NHƯNG NHIỀU DU KHÁCH THẤY THẤT VỌNG KHI LÊN ĐẾN NƠI, nhưng nhiều du khách vẫn thấy thất vọng khi lên đến nơi.
VIVOSDEV18_051_snr5,vivos,whisper,small,zero_shot,,42,5,speech,NHƯNG NHIỀU DU KHÁCH THẤY THẤT VỌNG KHI LÊN ĐẾN NƠI, nhưng nhiều du khắc vẫn thấy tất vọng khi lên đến nơi.
VIVOSDEV18_051_snr0,vivos,whisper,small,zero_shot,,42,0,speech,NHƯNG NHIỀU DU KHÁCH THẤY THẤT VỌNG KHI LÊN ĐẾN NƠI, nhưng không được dựa đến nơi
VIVOSDEV16_120_clean,vivos,whisper,small,zero_shot,,42,clean,clean,SẼ LÀM CHÚNG TA NGỦ KHÔNG ĐỦ KHÔNG ĐÚNG QUY LUẬT, sẽ làm chúng ta ngủ không đủ không đúng quy luật.
VIVOSDEV16_120_snr20,vivos,whisper,small,zero_shot,,42,20,noise,SẼ LÀM CHÚNG TA NGỦ KHÔNG ĐỦ KHÔNG ĐÚNG QUY LUẬT, sẽ làm chúng ta ngủ không đủ không đúng quy luật.
VIVOSDEV16_120_snr10,vivos,whisper,small,zero_shot,,42,10,music,SẼ LÀM CHÚNG TA NGỦ KHÔNG ĐỦ KHÔNG ĐÚNG QUY LUẬT, sẽ làm chúng ta ngủ không đủ không đúng quyền lục.
VIVOSDEV16_120_snr5,vivos,whisper,small,zero_shot,,42,5,noise,SẼ LÀM CHÚNG TA NGỦ KHÔNG ĐỦ KHÔNG ĐÚNG QUY LUẬT, sẽ làm chúng ta ngủ không đủ không đúng quy luật.
VIVOSDEV16_120_snr0,vivos,whisper,small,zero_shot,,42,0,noise,SẼ LÀM CHÚNG TA NGỦ KHÔNG ĐỦ KHÔNG ĐÚNG QUY LUẬT, Vậy làm chúng ta ngủ không đủ không đúng nguyên luật.
VIVOSDEV16_182_clean,vivos,whisper,small,zero_shot,,42,clean,clean,NHỮNG NGƯỜI CÔ LẬP MÌNH CÓ THỂ GẶP PHẢI CHỨNG TRẦM CẢM HOẶC LO LẮNG, Những người coi lạc mình có thể gặp phải chứng trăm cảm hoặc lo lắng
VIVOSDEV16_182_snr20,vivos,whisper,small,zero_shot,,42,20,music,NHỮNG NGƯỜI CÔ LẬP MÌNH CÓ THỂ GẶP PHẢI CHỨNG TRẦM CẢM HOẶC LO LẮNG, Những người coi lạc mình có thể gặp phải chứng trăm cảm hoặc lo lắng.
VIVOSDEV16_182_snr10,vivos,whisper,small,zero_shot,,42,10,noise,NHỮNG NGƯỜI CÔ LẬP MÌNH CÓ THỂ GẶP PHẢI CHỨNG TRẦM CẢM HOẶC LO LẮNG, Những người coi lạc mình có thể gặp phải chứng trăm cảm hoặc lo lắng
VIVOSDEV16_182_snr5,vivos,whisper,small,zero_shot,,42,5,speech,NHỮNG NGƯỜI CÔ LẬP MÌNH CÓ THỂ GẶP PHẢI CHỨNG TRẦM CẢM HOẶC LO LẮNG, Những người coi lạc mình có thể gặp lại chứng chăm cảm hoặc lo lắng.
VIVOSDEV16_182_snr0,vivos,whisper,small,zero_shot,,42,0,speech,NHỮNG NGƯỜI CÔ LẬP MÌNH CÓ THỂ GẶP PHẢI CHỨNG TRẦM CẢM HOẶC LO LẮNG, Những người coi lạc mình có thể gặp phải chứng trầm cảm hoặc la lạc.
VIVOSDEV11_038_clean,vivos,whisper,small,zero_shot,,42,clean,clean,MÀ PHẢI CHUYỂN QUA HÌNH THỨC GIAO DỊCH, mà phải chuyển qua hình thức giao dịch.
VIVOSDEV11_038_snr20,vivos,whisper,small,zero_shot,,42,20,noise,MÀ PHẢI CHUYỂN QUA HÌNH THỨC GIAO DỊCH, mà phải chuyển qua hình thức giao dịch.
VIVOSDEV11_038_snr10,vivos,whisper,small,zero_shot,,42,10,noise,MÀ PHẢI CHUYỂN QUA HÌNH THỨC GIAO DỊCH, mà phải chuyển qua hình thức giao dịch.
VIVOSDEV11_038_snr5,vivos,whisper,small,zero_shot,,42,5,music,MÀ PHẢI CHUYỂN QUA HÌNH THỨC GIAO DỊCH, mà phải chuyển qua hình thức giao dịch.
VIVOSDEV11_038_snr0,vivos,whisper,small,zero_shot,,42,0,noise,MÀ PHẢI CHUYỂN QUA HÌNH THỨC GIAO DỊCH, mà phải triển qua hình thức giao dịch.
VIVOSDEV07_030_clean,vivos,whisper,small,zero_shot,,42,clean,clean,NHỮNG NHƯỢC ĐIỂM CỦA MÌNH, Những nhật điểm của mình
VIVOSDEV07_030_snr20,vivos,whisper,small,zero_shot,,42,20,noise,NHỮNG NHƯỢC ĐIỂM CỦA MÌNH, Những nhật điểm của mình
VIVOSDEV07_030_snr10,vivos,whisper,small,zero_shot,,42,10,speech,NHỮNG NHƯỢC ĐIỂM CỦA MÌNH, Những nhật điểm của mình.
VIVOSDEV07_030_snr5,vivos,whisper,small,zero_shot,,42,5,speech,NHỮNG NHƯỢC ĐIỂM CỦA MÌNH, những nhược đêm cổ mình.
VIVOSDEV07_030_snr0,vivos,whisper,small,zero_shot,,42,0,noise,NHỮNG NHƯỢC ĐIỂM CỦA MÌNH, Những nhật điểm của mình
VIVOSDEV08_002_clean,vivos,whisper,small,zero_shot,,42,clean,clean,ĐỪNG ĐỂ CON SÂU ĂN, Đừng để con sau ăn.
VIVOSDEV08_002_snr20,vivos,whisper,small,zero_shot,,42,20,music,ĐỪNG ĐỂ CON SÂU ĂN, Đừng để con sau ăn.
VIVOSDEV08_002_snr10,vivos,whisper,small,zero_shot,,42,10,noise,ĐỪNG ĐỂ CON SÂU ĂN, Đừng để con sau ăn.
VIVOSDEV08_002_snr5,vivos,whisper,small,zero_shot,,42,5,noise,ĐỪNG ĐỂ CON SÂU ĂN, Đừng để con sau ăn
VIVOSDEV08_002_snr0,vivos,whisper,small,zero_shot,,42,0,music,ĐỪNG ĐỂ CON SÂU ĂN, Đừng để con sau ăn.
VIVOSDEV06_241_clean,vivos,whisper,small,zero_shot,,42,clean,clean,TÁM MƯƠI TÁM TÁM MƯƠI CHÍN, 88 89
VIVOSDEV06_241_snr20,vivos,whisper,small,zero_shot,,42,20,speech,TÁM MƯƠI TÁM TÁM MƯƠI CHÍN," 88, 89"
VIVOSDEV06_241_snr10,vivos,whisper,small,zero_shot,,42,10,noise,TÁM MƯƠI TÁM TÁM MƯƠI CHÍN," 88, 89"
VIVOSDEV06_241_snr5,vivos,whisper,small,zero_shot,,42,5,music,TÁM MƯƠI TÁM TÁM MƯƠI CHÍN, 88 89
VIVOSDEV06_241_snr0,vivos,whisper,small,zero_shot,,42,0,music,TÁM MƯƠI TÁM TÁM MƯƠI CHÍN, 88 89
VIVOSDEV10_030_clean,vivos,whisper,small,zero_shot,,42,clean,clean,NUÔI MÔ HÌNH TINH HOÀN RỒI TẠO RA TINH HOÀN VỚI ĐẦY ĐỦ HÌNH HÀI, Ngôi mâu hình kinh hoàng rồi cảo ra kinh hoàng. Với này đủ hình hại.
VIVOSDEV10_030_snr20,vivos,whisper,small,zero_shot,,42,20,speech,NUÔI MÔ HÌNH TINH HOÀN RỒI TẠO RA TINH HOÀN VỚI ĐẦY ĐỦ HÌNH HÀI," Nguyên mô hình kinh hoàng, rồi cạo ra kinh hoàng, bởi vì đủ hình hại."
VIVOSDEV10_030_snr10,vivos,whisper,small,zero_shot,,42,10,noise,NUÔI MÔ HÌNH TINH HOÀN RỒI TẠO RA TINH HOÀN VỚI ĐẦY ĐỦ HÌNH HÀI, Ngôi mâu hình kinh hoàng rồi cảo ra kinh hoàng. Với này đủ hình hại.
VIVOSDEV10_030_snr5,vivos,whisper,small,zero_shot,,42,5,noise,NUÔI MÔ HÌNH TINH HOÀN RỒI TẠO RA TINH HOÀN VỚI ĐẦY ĐỦ HÌNH HÀI," Nguyên mô hình chính hoàng, rồi khảo ra chính hoàng, với dài đủ hình hại."
VIVOSDEV10_030_snr0,vivos,whisper,small,zero_shot,,42,0,music,NUÔI MÔ HÌNH TINH HOÀN RỒI TẠO RA TINH HOÀN VỚI ĐẦY ĐỦ HÌNH HÀI," Ngôi mô hình, kinh hoàng, rồi tạo ra kinh hoàng. Với này là uống hình hạng."
VIVOSDEV19_071_clean,vivos,whisper,small,zero_shot,,42,clean,clean,TRONG NGẮN HẠN THỊ TRƯỜNG VẬN HÀNH NHƯ MỘT CỖ MÁY BẦU CỬ," Trong ngắn hạn thi trường, vận hành như một cổ máy bầu cử."
VIVOSDEV19_071_snr20,vivos,whisper,small,zero_shot,,42,20,noise,TRONG NGẮN HẠN THỊ TRƯỜNG VẬN HÀNH NHƯ MỘT CỖ MÁY BẦU CỬ," Trong ngắn hạn thi trường, vận hành như một cổ máy bầu cử."
VIVOSDEV19_071_snr10,vivos,whisper,small,zero_shot,,42,10,music,TRONG NGẮN HẠN THỊ TRƯỜNG VẬN HÀNH NHƯ MỘT CỖ MÁY BẦU CỬ," Trong ngắn hạn thi trường, vận hành như một cổ máy bầu cử."
VIVOSDEV19_071_snr5,vivos,whisper,small,zero_shot,,42,5,noise,TRONG NGẮN HẠN THỊ TRƯỜNG VẬN HÀNH NHƯ MỘT CỖ MÁY BẦU CỬ, Trong ngắn hạn thi trường và ẩm hành như một cổ máy bầu cử
VIVOSDEV19_071_snr0,vivos,whisper,small,zero_shot,,42,0,noise,TRONG NGẮN HẠN THỊ TRƯỜNG VẬN HÀNH NHƯ MỘT CỖ MÁY BẦU CỬ, trong ngắn thẳn thi trường và không thành như một bộ máy bầu cử
VIVOSDEV07_190_clean,vivos,whisper,small,zero_shot,,42,clean,clean,NƠI CÓ MẤY TÊN TRÔNG RẤT GẤU, Nơi có mấy tên trông rất gấu
VIVOSDEV07_190_snr20,vivos,whisper,small,zero_shot,,42,20,noise,NƠI CÓ MẤY TÊN TRÔNG RẤT GẤU, Nơi có mấy tên trong rất gấu
VIVOSDEV07_190_snr10,vivos,whisper,small,zero_shot,,42,10,music,NƠI CÓ MẤY TÊN TRÔNG RẤT GẤU, Nơi có mấy tên trong rất gấu
VIVOSDEV07_190_snr5,vivos,whisper,small,zero_shot,,42,5,speech,NƠI CÓ MẤY TÊN TRÔNG RẤT GẤU, Nơi có mấy tên trong rất gấu.
VIVOSDEV07_190_snr0,vivos,whisper,small,zero_shot,,42,0,noise,NƠI CÓ MẤY TÊN TRÔNG RẤT GẤU, Nơi có mấy tên trong rất gấu
VIVOSDEV08_271_clean,vivos,whisper,small,zero_shot,,42,clean,clean,QUÁ TỐT RỒI, quá tốt rồi
VIVOSDEV08_271_snr20,vivos,whisper,small,zero_shot,,42,20,noise,QUÁ TỐT RỒI, quá tốt rồi
VIVOSDEV08_271_snr10,vivos,whisper,small,zero_shot,,42,10,noise,QUÁ TỐT RỒI, quá tốt rồi
VIVOSDEV08_271_snr5,vivos,whisper,small,zero_shot,,42,5,speech,QUÁ TỐT RỒI, WTF?
VIVOSDEV08_271_snr0,vivos,whisper,small,zero_shot,,42,0,speech,QUÁ TỐT RỒI, Tất cả là tốt.
VIVOSDEV01_T030_clean,vivos,whisper,small,zero_shot,,42,clean,clean,XUÂN NÀY EM KHÔNG VỀ, Xúc này em không về.
VIVOSDEV01_T030_snr20,vivos,whisper,small,zero_shot,,42,20,music,XUÂN NÀY EM KHÔNG VỀ, xuất này em không về
VIVOSDEV01_T030_snr10,vivos,whisper,small,zero_shot,,42,10,music,XUÂN NÀY EM KHÔNG VỀ, Xuân này em không về
VIVOSDEV01_T030_snr5,vivos,whisper,small,zero_shot,,42,5,noise,XUÂN NÀY EM KHÔNG VỀ, Chúc này em không về.
VIVOSDEV01_T030_snr0,vivos,whisper,small,zero_shot,,42,0,music,XUÂN NÀY EM KHÔNG VỀ, Súc này em không về
VIVOSDEV12_100_clean,vivos,whisper,small,zero_shot,,42,clean,clean,PHỤ HUYNH VÀ HỌC SINH ĐANG PHẢI È CỔ VÌ SÁCH GIÁ CAO, Phụ hân và học sinh đang phải e có vì sắt giá cao.
VIVOSDEV12_100_snr20,vivos,whisper,small,zero_shot,,42,20,noise,PHỤ HUYNH VÀ HỌC SINH ĐANG PHẢI È CỔ VÌ SÁCH GIÁ CAO, Thổ hân và học sinh đang phải e có vì sắp giá cao.
VIVOSDEV12_100_snr10,vivos,whisper,small,zero_shot,,42,10,music,PHỤ HUYNH VÀ HỌC SINH ĐANG PHẢI È CỔ VÌ SÁCH GIÁ CAO, Phụ hân và học sinh đang phải e có vì sắp giá cao.
VIVOSDEV12_100_snr5,vivos,whisper,small,zero_shot,,42,5,noise,PHỤ HUYNH VÀ HỌC SINH ĐANG PHẢI È CỔ VÌ SÁCH GIÁ CAO, Phụ hân và học sinh đang phải e có vì xác giá cao.
VIVOSDEV12_100_snr0,vivos,whisper,small,zero_shot,,42,0,speech,PHỤ HUYNH VÀ HỌC SINH ĐANG PHẢI È CỔ VÌ SÁCH GIÁ CAO, Hồ thân và học sinh đang phán kẹt khỏi về sập sát cao.
VIVOSDEV03_R057_clean,vivos,whisper,small,zero_shot,,42,clean,clean,CHỨ KHÔNG PHẢI TÀI NĂNG THIÊN BẨM NÀO, Chứ không phải tài năng thiên bẫm nào.
VIVOSDEV03_R057_snr20,vivos,whisper,small,zero_shot,,42,20,music,CHỨ KHÔNG PHẢI TÀI NĂNG THIÊN BẨM NÀO, Chứ không phải tài năng thiên bẫm nào.
VIVOSDEV03_R057_snr10,vivos,whisper,small,zero_shot,,42,10,noise,CHỨ KHÔNG PHẢI TÀI NĂNG THIÊN BẨM NÀO, Chứ không phải tài năng thiên bẫm nào.
VIVOSDEV03_R057_snr5,vivos,whisper,small,zero_shot,,42,5,noise,CHỨ KHÔNG PHẢI TÀI NĂNG THIÊN BẨM NÀO, Chứ không phải tài năng thiên bẫm nào.
VIVOSDEV03_R057_snr0,vivos,whisper,small,zero_shot,,42,0,music,CHỨ KHÔNG PHẢI TÀI NĂNG THIÊN BẨM NÀO, Chứ không phải tài năng khiên bấm nào
VIVOSDEV18_211_clean,vivos,whisper,small,zero_shot,,42,clean,clean,HÌNH ẢNH QUẢNG CÁO ĐIẾU THUỐC ĐIỆN TỬ ĐƯỢC CÔNG TY T," Hình ảnh quảng cao đưa thuốc, điện tử được công ty."
VIVOSDEV18_211_snr20,vivos,whisper,small,zero_shot,,42,20,music,HÌNH ẢNH QUẢNG CÁO ĐIẾU THUỐC ĐIỆN TỬ ĐƯỢC CÔNG TY T," Hình ảnh quảng cao đưa thuốc, điện tử được công ty."
VIVOSDEV18_211_snr10,vivos,whisper,small,zero_shot,,42,10,noise,HÌNH ẢNH QUẢNG CÁO ĐIẾU THUỐC ĐIỆN TỬ ĐƯỢC CÔNG TY T," Hình ảnh quảng cao đều thuốc, điện tử được công ty."
VIVOSDEV18_211_snr5,vivos,whisper,small,zero_shot,,42,5,music,HÌNH ẢNH QUẢNG CÁO ĐIẾU THUỐC ĐIỆN TỬ ĐƯỢC CÔNG TY T," Hình ảnh còn cao đưa thuốc, điện tử được công ty."
VIVOSDEV18_211_snr0,vivos,whisper,small,zero_shot,,42,0,music,HÌNH ẢNH QUẢNG CÁO ĐIẾU THUỐC ĐIỆN TỬ ĐƯỢC CÔNG TY T, Hình thật còn cao đưa tuốt để ửu được công ty.
VIVOSDEV15_253_clean,vivos,whisper,small,zero_shot,,42,clean,clean,VẢ LẠI THEO QUY CHẾ ĐÂY LÀ TRÁCH NHIỆM CỦA MỖI THÍ SINH, và lại theo quy chế đây là trách nhiệm của mỗi thí sinh.
VIVOSDEV15_253_snr20,vivos,whisper,small,zero_shot,,42,20,music,VẢ LẠI THEO QUY CHẾ ĐÂY LÀ TRÁCH NHIỆM CỦA MỖI THÍ SINH, và lại theo quy chế đây là trách nhiệm của mỗi thí sinh.
VIVOSDEV15_253_snr10,vivos,whisper,small,zero_shot,,42,10,speech,VẢ LẠI THEO QUY CHẾ ĐÂY LÀ TRÁCH NHIỆM CỦA MỖI THÍ SINH," và lại theo quy chế, đây là trách nhiệm của mỗi thí sinh."
VIVOSDEV15_253_snr5,vivos,whisper,small,zero_shot,,42,5,noise,VẢ LẠI THEO QUY CHẾ ĐÂY LÀ TRÁCH NHIỆM CỦA MỖI THÍ SINH, và lại theo quy chế đây là chất nhạc của mỗi thí sinh.
VIVOSDEV15_253_snr0,vivos,whisper,small,zero_shot,,42,0,music,VẢ LẠI THEO QUY CHẾ ĐÂY LÀ TRÁCH NHIỆM CỦA MỖI THÍ SINH," Và lại theo quy chế, đây là giác nhạc của mỗi kỳ viên."
VIVOSDEV17_239_clean,vivos,whisper,small,zero_shot,,42,clean,clean,BA TÔI HÃNH DIỆN NÓI CHUYỆN VỚI SỐ HỌC SINH CÙNG LÊN XE ĐÒ, Ba tôi hạnh diện nói chuyện với số học sinh cùng lên xe đò.
VIVOSDEV17_239_snr20,vivos,whisper,small,zero_shot,,42,20,music,BA TÔI HÃNH DIỆN NÓI CHUYỆN VỚI SỐ HỌC SINH CÙNG LÊN XE ĐÒ, Ba tôi hạnh diện nói chuyện với số học sinh cùng lên xe đò.
VIVOSDEV17_239_snr10,vivos,whisper,small,zero_shot,,42,10,music,BA TÔI HÃNH DIỆN NÓI CHUYỆN VỚI SỐ HỌC SINH CÙNG LÊN XE ĐÒ, Ba tôi hãnh diện nói chuyện với số học sinh cùng lên xe đò.
VIVOSDEV17_239_snr5,vivos,whisper,small,zero_shot,,42,5,noise,BA TÔI HÃNH DIỆN NÓI CHUYỆN VỚI SỐ HỌC SINH CÙNG LÊN XE ĐÒ, Ba tôi hạnh diện nói chuyện với số học sinh cùng lên xe đò.
VIVOSDEV17_239_snr0,vivos,whisper,small,zero_shot,,42,0,speech,BA TÔI HÃNH DIỆN NÓI CHUYỆN VỚI SỐ HỌC SINH CÙNG LÊN XE ĐÒ, Tụi mình đã đoán là tụi mình đã đoán là tụi mình đã đoán là tụi mình đã đoán là tụi mình đã đoán là tụi mình đã đoán là tụi mình đã đoán là tụi mình đã đoán là tụi mình đã đoán là tụi mình đã đoán là tụi mình đã đoán là tụi mình đã đoán là tụi mình đã đoán là tụi mình đã đoán là tụ
VIVOSDEV16_058_clean,vivos,whisper,small,zero_shot,,42,clean,clean,ĐẦU TƯ TIÊU DÙNG VÀ XUẤT KHẨU ĐỀU SẼ TĂNG MẠNH, Đầu tư tiêu dùng và xuất khẩu đều sẽ tăng mạnh.
VIVOSDEV16_058_snr20,vivos,whisper,small,zero_shot,,42,20,speech,ĐẦU TƯ TIÊU DÙNG VÀ XUẤT KHẨU ĐỀU SẼ TĂNG MẠNH, Đầu tư tư dùng và xuất khẩu đều sẽ tăng mạnh.
VIVOSDEV16_058_snr10,vivos,whisper,small,zero_shot,,42,10,speech,ĐẦU TƯ TIÊU DÙNG VÀ XUẤT KHẨU ĐỀU SẼ TĂNG MẠNH, Đầu tư tư dùng và xách khẩu đều sẽ tăng mạnh.
VIVOSDEV16_058_snr5,vivos,whisper,small,zero_shot,,42,5,music,ĐẦU TƯ TIÊU DÙNG VÀ XUẤT KHẨU ĐỀU SẼ TĂNG MẠNH, đầu tư tư dùng và sức khẩu đều sẽ tăng mạnh
VIVOSDEV16_058_snr0,vivos,whisper,small,zero_shot,,42,0,speech,ĐẦU TƯ TIÊU DÙNG VÀ XUẤT KHẨU ĐỀU SẼ TĂNG MẠNH, Đầu tư tư dùng và sụp khẩu đều sẽ tăng mảnh.
VIVOSDEV19_056_clean,vivos,whisper,small,zero_shot,,42,clean,clean,VỀ NGUYÊN TẮC VÀO HỌC LÀ SINH VIÊN PHẢI ĐÓNG HỌC PHÍ, Về nguyên tách vào học là sân viên phá đắm học phí.
VIVOSDEV19_056_snr20,vivos,whisper,small,zero_shot,,42,20,music,VỀ NGUYÊN TẮC VÀO HỌC LÀ SINH VIÊN PHẢI ĐÓNG HỌC PHÍ, Về nguyên phách vào học là sân viên hóa đắm học phối.
VIVOSDEV19_056_snr10,vivos,whisper,small,zero_shot,,42,10,music,VỀ NGUYÊN TẮC VÀO HỌC LÀ SINH VIÊN PHẢI ĐÓNG HỌC PHÍ, Về nguyên tác vào học là sinh viên phá đắm học phí.
VIVOSDEV19_056_snr5,vivos,whisper,small,zero_shot,,42,5,speech,VỀ NGUYÊN TẮC VÀO HỌC LÀ SINH VIÊN PHẢI ĐÓNG HỌC PHÍ, về nguyên phát phào học là xin tiêu phá đón học phí.
VIVOSDEV19_056_snr0,vivos,whisper,small,zero_shot,,42,0,noise,VỀ NGUYÊN TẮC VÀO HỌC LÀ SINH VIÊN PHẢI ĐÓNG HỌC PHÍ, Về nguyên tách vào học là sân viên phá đắm học phí.
VIVOSDEV18_183_clean,vivos,whisper,small,zero_shot,,42,clean,clean,BẢO THẰNG QUYẾT NÓ BẮT CON GÀ SỐNG NÂU MÀ THỊT, Bảo thăng thắng quyết nó bắt con gà sống nâu mà thịt.
VIVOSDEV18_183_snr20,vivos,whisper,small,zero_shot,,42,20,noise,BẢO THẰNG QUYẾT NÓ BẮT CON GÀ SỐNG NÂU MÀ THỊT, Bảo thẳng thẳng quyết nó bắt con gà sống nâu mà thịt.
VIVOSDEV18_183_snr10,vivos,whisper,small,zero_shot,,42,10,music,BẢO THẰNG QUYẾT NÓ BẮT CON GÀ SỐNG NÂU MÀ THỊT, Bỏ thẳng thẳng quyết nó bắt con gà sống nâu mà thịt.
VIVOSDEV18_183_snr5,vivos,whisper,small,zero_shot,,42,5,noise,BẢO THẰNG QUYẾT NÓ BẮT CON GÀ SỐNG NÂU MÀ THỊT, Bảo thăng thắng quyết nó bắt con gà sống nâu mà thịt.
VIVOSDEV18_183_snr0,vivos,whisper,small,zero_shot,,42,0,noise,BẢO THẰNG QUYẾT NÓ BẮT CON GÀ SỐNG NÂU MÀ THỊT, Bảo thần thắng quyết nọ bắt con gà sống nâu mà thịt
VIVOSDEV13_054_clean,vivos,whisper,small,zero_shot,,42,clean,clean,GIÀ LÀNG NGUYỄN MẠNH TƯỜNG TRẢ LỜI PHỎNG VẤN BÁO GIỚI ẢNH TRUNG DÂN, Gia Lan Nguyễn Mạnh Tương trở lời phòng vấn báo giới ảnh Trung Dân.
VIVOSDEV13_054_snr20,vivos,whisper,small,zero_shot,,42,20,noise,GIÀ LÀNG NGUYỄN MẠNH TƯỜNG TRẢ LỜI PHỎNG VẤN BÁO GIỚI ẢNH TRUNG DÂN, Gia Lan Nguyễn Mạnh Tuân trả lời phỏng vấn báo giới ảnh Trung Dân.
VIVOSDEV13_054_snr10,vivos,whisper,small,zero_shot,,42,10,music,GIÀ LÀNG NGUYỄN MẠNH TƯỜNG TRẢ LỜI PHỎNG VẤN BÁO GIỚI ẢNH TRUNG DÂN, Gia Lan Nguyễn Mạnh Tuân trở lời phòng vấn báo giới ảnh Trung Dân
VIVOSDEV13_054_snr5,vivos,whisper,small,zero_shot,,42,5,noise,GIÀ LÀNG NGUYỄN MẠNH TƯỜNG TRẢ LỜI PHỎNG VẤN BÁO GIỚI ẢNH TRUNG DÂN, Gia Lan Nguyễn Mạnh Tuân trở lời phỏng vấn báo giới ảnh Trung Dân.
VIVOSDEV13_054_snr0,vivos,whisper,small,zero_shot,,42,0,noise,GIÀ LÀNG NGUYỄN MẠNH TƯỜNG TRẢ LỜI PHỎNG VẤN BÁO GIỚI ẢNH TRUNG DÂN, Gia Lèng Nguyễn Mạnh Tương trả lời phòng vấn báo giới ảnh Trung Dân
VIVOSDEV18_171_clean,vivos,whisper,small,zero_shot,,42,clean,clean,TỐI QUA NGƯỜI TA ĐẾN BẮT TÔI GIỮA ĐÊM HÔM KHUYA KHOẮT, Tối qua người ta đến bắt tôi dựa đêm hôm khuya khoát.
VIVOSDEV18_171_snr20,vivos,whisper,small,zero_shot,,42,20,noise,TỐI QUA NGƯỜI TA ĐẾN BẮT TÔI GIỮA ĐÊM HÔM KHUYA KHOẮT, Tối qua người ta đến bắt tôi dựa đêm hôm khuya khắt.
VIVOSDEV18_171_snr10,vivos,whisper,small,zero_shot,,42,10,noise,TỐI QUA NGƯỜI TA ĐẾN BẮT TÔI GIỮA ĐÊM HÔM KHUYA KHOẮT, Tối qua người ta đến bắt tôi dựa đêm hôm khuya khoát.
VIVOSDEV18_171_snr5,vivos,whisper,small,zero_shot,,42,5,noise,TỐI QUA NGƯỜI TA ĐẾN BẮT TÔI GIỮA ĐÊM HÔM KHUYA KHOẮT, Tối qua người ta đến bắt tôi giữa đêm không thừa khóc.
VIVOSDEV18_171_snr0,vivos,whisper,small,zero_shot,,42,0,music,TỐI QUA NGƯỜI TA ĐẾN BẮT TÔI GIỮA ĐÊM HÔM KHUYA KHOẮT," Tối qua người ta đến bắt tôi dựa đêm, không khuya khắt."
VIVOSDEV03_R163_clean,vivos,whisper,small,zero_shot,,42,clean,clean,NHƯNG OÁI ĂM THAY, Nhưng ối âm thay.
VIVOSDEV03_R163_snr20,vivos,whisper,small,zero_shot,,42,20,music,NHƯNG OÁI ĂM THAY, Nhưng ối hầm thay.
VIVOSDEV03_R163_snr10,vivos,whisper,small,zero_shot,,42,10,noise,NHƯNG OÁI ĂM THAY, Nhưng ối am thầy
VIVOSDEV03_R163_snr5,vivos,whisper,small,zero_shot,,42,5,music,NHƯNG OÁI ĂM THAY, Nhưng ổng em thầy
VIVOSDEV03_R163_snr0,vivos,whisper,small,zero_shot,,42,0,music,NHƯNG OÁI ĂM THAY, Nhưng mà em thay
VIVOSDEV01_R078_clean,vivos,whisper,small,zero_shot,,42,clean,clean,NGHE CHÚNG TÔI HỎI ĐIỀU NÀY CHỊ NGÁT RÂN RẤN NƯỚC MẮT," Nghe chúng tôi hỏi điều này, chị nghe gần gần nước mắt."
VIVOSDEV01_R078_snr20,vivos,whisper,small,zero_shot,,42,20,speech,NGHE CHÚNG TÔI HỎI ĐIỀU NÀY CHỊ NGÁT RÂN RẤN NƯỚC MẮT," Nghe chúng tôi hỏi điều này, chị nghe gần gần nước mắt."
VIVOSDEV01_R078_snr10,vivos,whisper,small,zero_shot,,42,10,noise,NGHE CHÚNG TÔI HỎI ĐIỀU NÀY CHỊ NGÁT RÂN RẤN NƯỚC MẮT," Nghe chúng tôi hỏi đề này, chị nghe gần gần nước mắt."
VIVOSDEV01_R078_snr5,vivos,whisper,small,zero_shot,,42,5,noise,NGHE CHÚNG TÔI HỎI ĐIỀU NÀY CHỊ NGÁT RÂN RẤN NƯỚC MẮT," Nghe chúng tôi hỏi điều này, chị nghe gừng gừng nhất mắt"
VIVOSDEV01_R078_snr0,vivos,whisper,small,zero_shot,,42,0,noise,NGHE CHÚNG TÔI HỎI ĐIỀU NÀY CHỊ NGÁT RÂN RẤN NƯỚC MẮT, Nghe chúng tôi hỏi điều này chỉ nghe gần gần nước mắt
VIVOSDEV12_182_clean,vivos,whisper,small,zero_shot,,42,clean,clean,VÀ ĐÃ HIẾN MÁU BA LẦN, và đã hiến máu 3 lần.
VIVOSDEV12_182_snr20,vivos,whisper,small,zero_shot,,42,20,music,VÀ ĐÃ HIẾN MÁU BA LẦN, và đã hiến máu 3 lần.
VIVOSDEV12_182_snr10,vivos,whisper,small,zero_shot,,42,10,noise,VÀ ĐÃ HIẾN MÁU BA LẦN, và đã hiến máu 3 lần.
VIVOSDEV12_182_snr5,vivos,whisper,small,zero_shot,,42,5,noise,VÀ ĐÃ HIẾN MÁU BA LẦN, và đã hiến máu 3 lần.
VIVOSDEV12_182_snr0,vivos,whisper,small,zero_shot,,42,0,speech,VÀ ĐÃ HIẾN MÁU BA LẦN, Vào đá hình mong bá lọc.
VIVOSDEV03_R046_clean,vivos,whisper,small,zero_shot,,42,clean,clean,CỦA CHÍNH SÁCH ĐỐI VỚI QUY MÔ CỦA THỊ TRƯỜNG, Của chính sách đối với quy mô của thị trường
VIVOSDEV03_R046_snr20,vivos,whisper,small,zero_shot,,42,20,noise,CỦA CHÍNH SÁCH ĐỐI VỚI QUY MÔ CỦA THỊ TRƯỜNG, Của chính sách đối với quy mô của thị trường
VIVOSDEV03_R046_snr10,vivos,whisper,small,zero_shot,,42,10,speech,CỦA CHÍNH SÁCH ĐỐI VỚI QUY MÔ CỦA THỊ TRƯỜNG, Của chính xác đối với quy mô của Thị trường.
VIVOSDEV03_R046_snr5,vivos,whisper,small,zero_shot,,42,5,music,CỦA CHÍNH SÁCH ĐỐI VỚI QUY MÔ CỦA THỊ TRƯỜNG, Của chính sách đối với quy mô của Thị trường
VIVOSDEV03_R046_snr0,vivos,whisper,small,zero_shot,,42,0,noise,CỦA CHÍNH SÁCH ĐỐI VỚI QUY MÔ CỦA THỊ TRƯỜNG, Của chính sắp đó với quý mô của Thị trường
VIVOSDEV01_R055_clean,vivos,whisper,small,zero_shot,,42,clean,clean,VÀ RẤT SÁNG TẠO, và gức sáng tạo.
VIVOSDEV01_R055_snr20,vivos,whisper,small,zero_shot,,42,20,music,VÀ RẤT SÁNG TẠO, và gức sáng tạo.
VIVOSDEV01_R055_snr10,vivos,whisper,small,zero_shot,,42,10,speech,VÀ RẤT SÁNG TẠO, và giúp sáng tạo.
VIVOSDEV01_R055_snr5,vivos,whisper,small,zero_shot,,42,5,music,VÀ RẤT SÁNG TẠO, và gức sáng tạo.
VIVOSDEV01_R055_snr0,vivos,whisper,small,zero_shot,,42,0,speech,VÀ RẤT SÁNG TẠO, Một tên là Sáu Sáu.
VIVOSDEV18_297_clean,vivos,whisper,small,zero_shot,,42,clean,clean,HOA PHƯỢNG VẪN NỞ ĐỎ TRỜI TRONG TIẾNG VE XAO XÁC KHÔN NGUÔI, hoặc vượng vẫn nỡ trời trong tiếng Vè Sào sát khôn nguôi.
VIVOSDEV18_297_snr20,vivos,whisper,small,zero_shot,,42,20,music,HOA PHƯỢNG VẪN NỞ ĐỎ TRỜI TRONG TIẾNG VE XAO XÁC KHÔN NGUÔI, hoa phương vẫn nỡ trời trong tiếng Pê Sào sát khôn nguôi.
VIVOSDEV18_297_snr10,vivos,whisper,small,zero_shot,,42,10,noise,HOA PHƯỢNG VẪN NỞ ĐỎ TRỜI TRONG TIẾNG VE XAO XÁC KHÔN NGUÔI, hoặc vượng vẫn nỡ trời trong tiếng Pê Sào sát khôn nguôi.
VIVOSDEV18_297_snr5,vivos,whisper,small,zero_shot,,42,5,noise,HOA PHƯỢNG VẪN NỞ ĐỎ TRỜI TRONG TIẾNG VE XAO XÁC KHÔN NGUÔI, Hoa phương vẫn nỡ trời trong tiếng P. Sao Sát Khôn nguôi.
VIVOSDEV18_297_snr0,vivos,whisper,small,zero_shot,,42,0,noise,HOA PHƯỢNG VẪN NỞ ĐỎ TRỜI TRONG TIẾNG VE XAO XÁC KHÔN NGUÔI, hoặc vận vĩnh nở chơi trong tiểu tê xào sát khôn nguyên.
VIVOSDEV01_R057_clean,vivos,whisper,small,zero_shot,,42,clean,clean,NHƯNG GIẤC NGỦ CHẬP CHỜN, Nhưng giúp ngủ chặt chân.
VIVOSDEV01_R057_snr20,vivos,whisper,small,zero_shot,,42,20,speech,NHƯNG GIẤC NGỦ CHẬP CHỜN, nhưng giúp ngủ chặt chân.
VIVOSDEV01_R057_snr10,vivos,whisper,small,zero_shot,,42,10,noise,NHƯNG GIẤC NGỦ CHẬP CHỜN, Nhưng giúp ngủ chặt chờn.
VIVOSDEV01_R057_snr5,vivos,whisper,small,zero_shot,,42,5,speech,NHƯNG GIẤC NGỦ CHẬP CHỜN, nhưng giúp ngủ chặt cho...
VIVOSDEV01_R057_snr0,vivos,whisper,small,zero_shot,,42,0,speech,NHƯNG GIẤC NGỦ CHẬP CHỜN, Nó không được.
VIVOSDEV10_294_clean,vivos,whisper,small,zero_shot,,42,clean,clean,EM SỢ CÓ MỘT NGÀY ANH GẶP NGƯỜI CON GÁI KHÁC TỐT HƠN EM RỒI ANH BỎ EM, Em sợ có một ngày anh gặp người con gái hát có phân em rồi anh bỏ em.
VIVOSDEV10_294_snr20,vivos,whisper,small,zero_shot,,42,20,speech,EM SỢ CÓ MỘT NGÀY ANH GẶP NGƯỜI CON GÁI KHÁC TỐT HƠN EM RỒI ANH BỎ EM, Em sợ có một ngày anh gặp người con gái khác có phân em rồi anh bỏ em.
VIVOSDEV10_294_snr10,vivos,whisper,small,zero_shot,,42,10,noise,EM SỢ CÓ MỘT NGÀY ANH GẶP NGƯỜI CON GÁI KHÁC TỐT HƠN EM RỒI ANH BỎ EM, Em sợ có một ngày anh gặp người con gái khác có thân em rồi anh bỏ em
VIVOSDEV10_294_snr5,vivos,whisper,small,zero_shot,,42,5,noise,EM SỢ CÓ MỘT NGÀY ANH GẶP NGƯỜI CON GÁI KHÁC TỐT HƠN EM RỒI ANH BỎ EM, Em sợ có một ngày anh gặp người con gái hát có phân em rồi anh bỏ em.
VIVOSDEV10_294_snr0,vivos,whisper,small,zero_shot,,42,0,noise,EM SỢ CÓ MỘT NGÀY ANH GẶP NGƯỜI CON GÁI KHÁC TỐT HƠN EM RỒI ANH BỎ EM," Em sợ có một ngày anh gặp người con gái khác, có phần em rồi anh bỏ em"
VIVOSDEV09_015_clean,vivos,whisper,small,zero_shot,,42,clean,clean,LÀM RỜM RỢP BIỂN MÂY LAU LÁCH PHẤT PHƠ, làm rầm rợp biểu may lau lát phất phơ.
VIVOSDEV09_015_snr20,vivos,whisper,small,zero_shot,,42,20,speech,LÀM RỜM RỢP BIỂN MÂY LAU LÁCH PHẤT PHƠ, làm rầm rợp biển may lau lát phất phơ.
VIVOSDEV09_015_snr10,vivos,whisper,small,zero_shot,,42,10,noise,LÀM RỜM RỢP BIỂN MÂY LAU LÁCH PHẤT PHƠ, làm rầm rợp biến may lâu láp phất phờ
VIVOSDEV09_015_snr5,vivos,whisper,small,zero_shot,,42,5,music,LÀM RỜM RỢP BIỂN MÂY LAU LÁCH PHẤT PHƠ, Làm rầm rộp biến may lâu lát phất phờ.
VIVOSDEV09_015_snr0,vivos,whisper,small,zero_shot,,42,0,noise,LÀM RỜM RỢP BIỂN MÂY LAU LÁCH PHẤT PHƠ, làm rồi mọi bị may lâu lát phát phờ
VIVOSDEV01_R089_clean,vivos,whisper,small,zero_shot,,42,clean,clean,NHƯNG TÌNH YÊU VẪN NỒNG NÀN VÀ SAY ĐẮM NHƯ BUỔI BAN ĐẦU, Nhưng tình yêu vẫn nồng nàng và say đắm như bụi bang đầu.
VIVOSDEV01_R089_snr20,vivos,whisper,small,zero_shot,,42,20,noise,NHƯNG TÌNH YÊU VẪN NỒNG NÀN VÀ SAY ĐẮM NHƯ BUỔI BAN ĐẦU, Nhưng tình yêu vẫn nồng nàng và say đắm như bụi bang đầu.
VIVOSDEV01_R089_snr10,vivos,whisper,small,zero_shot,,42,10,speech,NHƯNG TÌNH YÊU VẪN NỒNG NÀN VÀ SAY ĐẮM NHƯ BUỔI BAN ĐẦU, Nhưng tình yêu vẫn nồng nèm và say đắm như bữa vang đầu.
VIVOSDEV01_R089_snr5,vivos,whisper,small,zero_shot,,42,5,noise,NHƯNG TÌNH YÊU VẪN NỒNG NÀN VÀ SAY ĐẮM NHƯ BUỔI BAN ĐẦU, Nhưng tình yêu vẫn nồng nàng và say đắm như bụi bang đầu.
VIVOSDEV01_R089_snr0,vivos,whisper,small,zero_shot,,42,0,music,NHƯNG TÌNH YÊU VẪN NỒNG NÀN VÀ SAY ĐẮM NHƯ BUỔI BAN ĐẦU, Nhưng tình yêu vẫn nồng nàng và xây đắm như bụi bang đầu.
VIVOSDEV02_T043_clean,vivos,whisper,small,zero_shot,,42,clean,clean,ĐI KIỂM TRA LẠI BÁC SĨ KHUYÊN NÊN MỔ NỘI SOI, Đi kiểm tra lại vác sĩ khuyên nên mộ nổi xôi.
VIVOSDEV02_T043_snr20,vivos,whisper,small,zero_shot,,42,20,speech,ĐI KIỂM TRA LẠI BÁC SĨ KHUYÊN NÊN MỔ NỘI SOI," Đi kiểm tra lại, vác sĩ khuyên nên mộ nổi xôi."
VIVOSDEV02_T043_snr10,vivos,whisper,small,zero_shot,,42,10,noise,ĐI KIỂM TRA LẠI BÁC SĨ KHUYÊN NÊN MỔ NỘI SOI, Đi kiểm tra lại vác sĩ khuyên nên mộ nổi xôi.
VIVOSDEV02_T043_snr5,vivos,whisper,small,zero_shot,,42,5,speech,ĐI KIỂM TRA LẠI BÁC SĨ KHUYÊN NÊN MỔ NỘI SOI," Nói chừng là là người chạy quý nơi, mà không có sợi."
VIVOSDEV02_T043_snr0,vivos,whisper,small,zero_shot,,42,0,music,ĐI KIỂM TRA LẠI BÁC SĨ KHUYÊN NÊN MỔ NỘI SOI, Đấy kiểu tra lại và sĩ huyền mộ đổi sân.
VIVOSDEV06_078_clean,vivos,whisper,small,zero_shot,,42,clean,clean,Ở LỚP NẤU ĂN GIA ĐÌNH, Ở lớp nấu ăn gia đình
VIVOSDEV06_078_snr20,vivos,whisper,small,zero_shot,,42,20,noise,Ở LỚP NẤU ĂN GIA ĐÌNH, Ở lớp nấu ăn gia đình
VIVOSDEV06_078_snr10,vivos,whisper,small,zero_shot,,42,10,speech,Ở LỚP NẤU ĂN GIA ĐÌNH, Ở lớp nấu ăn gia đình.
VIVOSDEV06_078_snr5,vivos,whisper,small,zero_shot,,42,5,music,Ở LỚP NẤU ĂN GIA ĐÌNH, Ở lớp nấu ăn gia đình
VIVOSDEV06_078_snr0,vivos,whisper,small,zero_shot,,42,0,speech,Ở LỚP NẤU ĂN GIA ĐÌNH," 100 năm từ nay, anh vẫn còn có thể đi."
VIVOSDEV15_208_clean,vivos,whisper,small,zero_shot,,42,clean,clean,MẤY NGÀY ĐẦU THÚY HÀ PHẢI NHỜ KIM DẪN ĐI GIỚI THIỆU TRƯỜNG," Mấy ngày đầu, Thúy Hà phải nhờ Kim dẫn đi dưới thiệu trường."
VIVOSDEV15_208_snr20,vivos,whisper,small,zero_shot,,42,20,noise,MẤY NGÀY ĐẦU THÚY HÀ PHẢI NHỜ KIM DẪN ĐI GIỚI THIỆU TRƯỜNG," Mấy ngày đầu, Thúy Hà phải nhờ Kim dẫn đi dưới thiệu trường."
VIVOSDEV15_208_snr10,vivos,whisper,small,zero_shot,,42,10,speech,MẤY NGÀY ĐẦU THÚY HÀ PHẢI NHỜ KIM DẪN ĐI GIỚI THIỆU TRƯỜNG," Mấy ngày đầu, Thúy Hà phải nhờ Kim dẫn đi dưới thiệu trường."
VIVOSDEV15_208_snr5,vivos,whisper,small,zero_shot,,42,5,speech,MẤY NGÀY ĐẦU THÚY HÀ PHẢI NHỜ KIM DẪN ĐI GIỚI THIỆU TRƯỜNG," Mấy ngày đầu, thúy hạc cảnh miệng tuyên dẫn đi dưới thiệu trường."
VIVOSDEV15_208_snr0,vivos,whisper,small,zero_shot,,42,0,speech,MẤY NGÀY ĐẦU THÚY HÀ PHẢI NHỜ KIM DẪN ĐI GIỚI THIỆU TRƯỜNG, Mày ngày đầu thúy Hà phải nhờ chín dẫn đi dưới tiết trường.
VIVOSDEV11_137_clean,vivos,whisper,small,zero_shot,,42,clean,clean,NHỮNG NGƯỜI NÀY ĐỀU ĐƯỢC ĐÀO TẠO VỀ HỘI HỌA, Những người này đều được đảo táo về hỏi hóa.
VIVOSDEV11_137_snr20,vivos,whisper,small,zero_shot,,42,20,noise,NHỮNG NGƯỜI NÀY ĐỀU ĐƯỢC ĐÀO TẠO VỀ HỘI HỌA, Những người này đều được đào táo và hỏi hóa.
VIVOSDEV11_137_snr10,vivos,whisper,small,zero_shot,,42,10,music,NHỮNG NGƯỜI NÀY ĐỀU ĐƯỢC ĐÀO TẠO VỀ HỘI HỌA, Những người này đều được đạo tảo và hỏi hóa.
VIVOSDEV11_137_snr5,vivos,whisper,small,zero_shot,,42,5,noise,NHỮNG NGƯỜI NÀY ĐỀU ĐƯỢC ĐÀO TẠO VỀ HỘI HỌA, Những người này đều được đào tảo và hỏi hóa.
VIVOSDEV11_137_snr0,vivos,whisper,small,zero_shot,,42,0,noise,NHỮNG NGƯỜI NÀY ĐỀU ĐƯỢC ĐÀO TẠO VỀ HỘI HỌA, những người này về việc đào tảo kệ thở họa
VIVOSDEV06_222_clean,vivos,whisper,small,zero_shot,,42,clean,clean,NĂM MƯƠI NĂM MƯƠI MỐT," 50, 50, 1"
VIVOSDEV06_222_snr20,vivos,whisper,small,zero_shot,,42,20,noise,NĂM MƯƠI NĂM MƯƠI MỐT," Năm mươi, năm mươi mốt."
VIVOSDEV06_222_snr10,vivos,whisper,small,zero_shot,,42,10,music,NĂM MƯƠI NĂM MƯƠI MỐT," 50, 50, 11"
VIVOSDEV06_222_snr5,vivos,whisper,small,zero_shot,,42,5,speech,NĂM MƯƠI NĂM MƯƠI MỐT, Năm mô em mô
VIVOSDEV06_222_snr0,vivos,whisper,small,zero_shot,,42,0,speech,NĂM MƯƠI NĂM MƯƠI MỐT," Năm mươi, năm mươi mâu"
VIVOSDEV18_056_clean,vivos,whisper,small,zero_shot,,42,clean,clean,TRÊN MẶT AI CŨNG CÓ KHĂN TAY KHẨU TRANG CHE MIỆNG," trên mặt ai cũng có khăn tay khẩu trang, chè miệng."
VIVOSDEV18_056_snr20,vivos,whisper,small,zero_shot,,42,20,noise,TRÊN MẶT AI CŨNG CÓ KHĂN TAY KHẨU TRANG CHE MIỆNG," trên mặt ai cũng có khăn tay khẩu trang, tre miệng."
VIVOSDEV18_056_snr10,vivos,whisper,small,zero_shot,,42,10,speech,TRÊN MẶT AI CŨNG CÓ KHĂN TAY KHẨU TRANG CHE MIỆNG," trên mặt ai cũng có khăn tay khẩu trang, tre miệng."
VIVOSDEV18_056_snr5,vivos,whisper,small,zero_shot,,42,5,noise,TRÊN MẶT AI CŨNG CÓ KHĂN TAY KHẨU TRANG CHE MIỆNG," trên mặt ai cũng có khăn tay khẩu trang, tre miệng."
VIVOSDEV18_056_snr0,vivos,whisper,small,zero_shot,,42,0,noise,TRÊN MẶT AI CŨNG CÓ KHĂN TAY KHẨU TRANG CHE MIỆNG," trên mặt ai cũng có khăn tay khẩu trang, tre miệng."
VIVOSDEV11_182_clean,vivos,whisper,small,zero_shot,,42,clean,clean,ĐẶC ĐIỂM CỦA PHẨY TRÙNG TẢ, Đặt đếm của phải trồng tả.
VIVOSDEV11_182_snr20,vivos,whisper,small,zero_shot,,42,20,noise,ĐẶC ĐIỂM CỦA PHẨY TRÙNG TẢ, Đặng đếm của phải trồng tả.
VIVOSDEV11_182_snr10,vivos,whisper,small,zero_shot,,42,10,speech,ĐẶC ĐIỂM CỦA PHẨY TRÙNG TẢ, Đặt đêm của pháy trồng tá.
VIVOSDEV11_182_snr5,vivos,whisper,small,zero_shot,,42,5,music,ĐẶC ĐIỂM CỦA PHẨY TRÙNG TẢ, Đặc đềm của phải trồng tả.
VIVOSDEV11_182_snr0,vivos,whisper,small,zero_shot,,42,0,music,ĐẶC ĐIỂM CỦA PHẨY TRÙNG TẢ, Đặc đềm của Phải Trong Tạ
VIVOSDEV06_285_clean,vivos,whisper,small,zero_shot,,42,clean,clean,CÔNG TY TRÁCH NHIỆM HỮU HẠN ĂN UỐNG, Công ty trách nhiệm hưởng hạn ăn uống.
VIVOSDEV06_285_snr20,vivos,whisper,small,zero_shot,,42,20,noise,CÔNG TY TRÁCH NHIỆM HỮU HẠN ĂN UỐNG, Công ty trách nhiệm hữu hạn ăn uống.
VIVOSDEV06_285_snr10,vivos,whisper,small,zero_shot,,42,10,noise,CÔNG TY TRÁCH NHIỆM HỮU HẠN ĂN UỐNG, Công ty trách nhiệm hữu hạn ăn uống
VIVOSDEV06_285_snr5,vivos,whisper,small,zero_shot,,42,5,music,CÔNG TY TRÁCH NHIỆM HỮU HẠN ĂN UỐNG, Công ty trách nhiệm hữu hạn ăn uống
VIVOSDEV06_285_snr0,vivos,whisper,small,zero_shot,,42,0,music,CÔNG TY TRÁCH NHIỆM HỮU HẠN ĂN UỐNG, Công ty trách nhiệm hưởng hạn ăn uống
VIVOSDEV03_R109_clean,vivos,whisper,small,zero_shot,,42,clean,clean,PHÙ HỢP CHO MỌI CÂN NẶNG, Phù hợp cho mọi cân mạng.
VIVOSDEV03_R109_snr20,vivos,whisper,small,zero_shot,,42,20,music,PHÙ HỢP CHO MỌI CÂN NẶNG, Phù hợp cho mọi cân mạng.
VIVOSDEV03_R109_snr10,vivos,whisper,small,zero_shot,,42,10,music,PHÙ HỢP CHO MỌI CÂN NẶNG, Phù hợp trong ỏi cân mạng.
VIVOSDEV03_R109_snr5,vivos,whisper,small,zero_shot,,42,5,music,PHÙ HỢP CHO MỌI CÂN NẶNG, Phù hợp cho mỏi cân mạng.
VIVOSDEV03_R109_snr0,vivos,whisper,small,zero_shot,,42,0,music,PHÙ HỢP CHO MỌI CÂN NẶNG, Phù hợp cho hỏi cân nạn.
VIVOSDEV09_289_clean,vivos,whisper,small,zero_shot,,42,clean,clean,PHƯƠNG CHÂM SỐNG CỦA TÔI LÀ NGƯỜI KHÔNG VÌ MÌNH TRỜI TRU ĐẤT DIỆT, Phương chăm sóng của tôi là người không vì mình chờ chú đất diệt.
VIVOSDEV09_289_snr20,vivos,whisper,small,zero_shot,,42,20,noise,PHƯƠNG CHÂM SỐNG CỦA TÔI LÀ NGƯỜI KHÔNG VÌ MÌNH TRỜI TRU ĐẤT DIỆT, Phương chăm sóng của tôi là người không vì mình chờ chú đất diệt.
VIVOSDEV09_289_snr10,vivos,whisper,small,zero_shot,,42,10,music,PHƯƠNG CHÂM SỐNG CỦA TÔI LÀ NGƯỜI KHÔNG VÌ MÌNH TRỜI TRU ĐẤT DIỆT, Phương trăm sóng của tôi là người không vì mình chờ chú đất diệt.
VIVOSDEV09_289_snr5,vivos,whisper,small,zero_shot,,42,5,music,PHƯƠNG CHÂM SỐNG CỦA TÔI LÀ NGƯỜI KHÔNG VÌ MÌNH TRỜI TRU ĐẤT DIỆT, Phương chăm sóng của tôi là người không biết mình chờ chú đất chuyện.
VIVOSDEV09_289_snr0,vivos,whisper,small,zero_shot,,42,0,noise,PHƯƠNG CHÂM SỐNG CỦA TÔI LÀ NGƯỜI KHÔNG VÌ MÌNH TRỜI TRU ĐẤT DIỆT, Cương trăm sóng của tôi là người phong viên mình chơi chú đất chiều.
VIVOSDEV05_136_clean,vivos,whisper,small,zero_shot,,42,clean,clean,RA HIỆU CHO TÔI IM LẶNG, ra hiệu cho tôi im lặng.
VIVOSDEV05_136_snr20,vivos,whisper,small,zero_shot,,42,20,noise,RA HIỆU CHO TÔI IM LẶNG, ra hiệu cho tôi im lặng.
VIVOSDEV05_136_snr10,vivos,whisper,small,zero_shot,,42,10,music,RA HIỆU CHO TÔI IM LẶNG, ra hiệu cho tôi im lặng.
VIVOSDEV05_136_snr5,vivos,whisper,small,zero_shot,,42,5,noise,RA HIỆU CHO TÔI IM LẶNG, ra hiệu cho tôi im lặng
VIVOSDEV05_136_snr0,vivos,whisper,small,zero_shot,,42,0,noise,RA HIỆU CHO TÔI IM LẶNG, ra hiệu cho tôi im lặng
VIVOSDEV15_137_clean,vivos,whisper,small,zero_shot,,42,clean,clean,THẢN NHIÊN GIÁ ĐÓ THÌ CHỈ CÓ THỂ LÀM VẬY THÔI, Thảnh nhân giá đó thì chỉ có thể làm vậy thôi.
VIVOSDEV15_137_snr20,vivos,whisper,small,zero_shot,,42,20,noise,THẢN NHIÊN GIÁ ĐÓ THÌ CHỈ CÓ THỂ LÀM VẬY THÔI, Thảnh nhân giá đó thì chỉ có thể làm vậy thôi.
VIVOSDEV15_137_snr10,vivos,whisper,small,zero_shot,,42,10,noise,THẢN NHIÊN GIÁ ĐÓ THÌ CHỈ CÓ THỂ LÀM VẬY THÔI, Thảm nhân giả đó thì chỉ có thể làm vậy thôi.
VIVOSDEV15_137_snr5,vivos,whisper,small,zero_shot,,42,5,music,THẢN NHIÊN GIÁ ĐÓ THÌ CHỈ CÓ THỂ LÀM VẬY THÔI, Thảm nhiên giá đó thì chỉ có thể làm vậy thôi.
VIVOSDEV15_137_snr0,vivos,whisper,small,zero_shot,,42,0,music,THẢN NHIÊN GIÁ ĐÓ THÌ CHỈ CÓ THỂ LÀM VẬY THÔI, Thảnh như giả đó thì chỉ có thể làm vậy thôi.
VIVOSDEV01_R034_clean,vivos,whisper,small,zero_shot,,42,clean,clean,NGƯỜI TA NÓI, Người ta nói
VIVOSDEV01_R034_snr20,vivos,whisper,small,zero_shot,,42,20,speech,NGƯỜI TA NÓI, Người ta nói
VIVOSDEV01_R034_snr10,vivos,whisper,small,zero_shot,,42,10,speech,NGƯỜI TA NÓI, Người ta nói
VIVOSDEV01_R034_snr5,vivos,whisper,small,zero_shot,,42,5,noise,NGƯỜI TA NÓI, người ta nói
VIVOSDEV01_R034_snr0,vivos,whisper,small,zero_shot,,42,0,speech,NGƯỜI TA NÓI," Ngoài sáng hôm nay, tất cả các bạn đã bắt đầu bắt đầu tập trung tập trung tập trung tập trung tập trung tập trung tập trung tập trung tập trung tập trung tập trung tập trung tập trung tập trung tập trung tập trung tập trung tập trung tập trung tập trung tập trung tập trung tập trung tập trung tập trung tập trung tập tr"
VIVOSDEV15_213_clean,vivos,whisper,small,zero_shot,,42,clean,clean,MÔ HÌNH CẤU TRÚC CHỨC NĂNG VÀ KHOA HỌC XÃ HỘI MANG TÍNH GIÁO DỤC," Mô hình cấu trúc, chức năng và khoa học xã hội mang tính giáo dụng."
VIVOSDEV15_213_snr20,vivos,whisper,small,zero_shot,,42,20,music,MÔ HÌNH CẤU TRÚC CHỨC NĂNG VÀ KHOA HỌC XÃ HỘI MANG TÍNH GIÁO DỤC," Mô hiền cấu trúc, chức năng và khoa học xã hội mang tính giáo dụng."
VIVOSDEV15_213_snr10,vivos,whisper,small,zero_shot,,42,10,music,MÔ HÌNH CẤU TRÚC CHỨC NĂNG VÀ KHOA HỌC XÃ HỘI MANG TÍNH GIÁO DỤC," Mô hiền cấu trúc, chức năng và khoa học xã hội mang tính giáo dục."
VIVOSDEV15_213_snr5,vivos,whisper,small,zero_shot,,42,5,noise,MÔ HÌNH CẤU TRÚC CHỨC NĂNG VÀ KHOA HỌC XÃ HỘI MANG TÍNH GIÁO DỤC," Mô hình cấu trúc, chức năng và khoa học xã hội mang tính giáo dục."
VIVOSDEV15_213_snr0,vivos,whisper,small,zero_shot,,42,0,music,MÔ HÌNH CẤU TRÚC CHỨC NĂNG VÀ KHOA HỌC XÃ HỘI MANG TÍNH GIÁO DỤC," Môn hình cấu trúc, chức năng và hoa học xã hội ban tính giáo dụng."
VIVOSDEV16_193_clean,vivos,whisper,small,zero_shot,,42,clean,clean,THỰC TẾ VAI TRÒ CỦA BẠN VÀ NGƯỜI PHỎNG VẤN ĐỐI CHIẾU NHAU, Thực tế vai trò của bạn và người phỏng vấn đối chiếu nhau.
VIVOSDEV16_193_snr20,vivos,whisper,small,zero_shot,,42,20,music,THỰC TẾ VAI TRÒ CỦA BẠN VÀ NGƯỜI PHỎNG VẤN ĐỐI CHIẾU NHAU, Thực tế vai trò của bạn và người phỏng vấn đối chiếu nhau.
VIVOSDEV16_193_snr10,vivos,whisper,small,zero_shot,,42,10,speech,THỰC TẾ VAI TRÒ CỦA BẠN VÀ NGƯỜI PHỎNG VẤN ĐỐI CHIẾU NHAU, Thực tế vai trò của bạn và người phỏng vấn đối chiếu nhau.
VIVOSDEV16_193_snr5,vivos,whisper,small,zero_shot,,42,5,noise,THỰC TẾ VAI TRÒ CỦA BẠN VÀ NGƯỜI PHỎNG VẤN ĐỐI CHIẾU NHAU, Thực tế vai trò của bạn và người phỏng vấn đối chiếu nhau.
VIVOSDEV16_193_snr0,vivos,whisper,small,zero_shot,,42,0,noise,THỰC TẾ VAI TRÒ CỦA BẠN VÀ NGƯỜI PHỎNG VẤN ĐỐI CHIẾU NHAU, Thực tế vai trò của bạn và người phỏng vấn đối chiếu nhau.
VIVOSDEV11_298_clean,vivos,whisper,small,zero_shot,,42,clean,clean,CHUẨN BỊ CHO NGÀY KHAI TRƯƠNG CỬA HÀNG ĐẦU TIÊN, chuẩn bị cho ngày khai trương của hàng đầu tiên.
VIVOSDEV11_298_snr20,vivos,whisper,small,zero_shot,,42,20,noise,CHUẨN BỊ CHO NGÀY KHAI TRƯƠNG CỬA HÀNG ĐẦU TIÊN, chuẩn bị cho ngày khai trương của hàng đầu tiên
VIVOSDEV11_298_snr10,vivos,whisper,small,zero_shot,,42,10,noise,CHUẨN BỊ CHO NGÀY KHAI TRƯƠNG CỬA HÀNG ĐẦU TIÊN, chuẩn bị cho ngày 2 trương của hàng đầu tiên
VIVOSDEV11_298_snr5,vivos,whisper,small,zero_shot,,42,5,speech,CHUẨN BỊ CHO NGÀY KHAI TRƯƠNG CỬA HÀNG ĐẦU TIÊN, chuẩn bị cho ngày xai trương của hàng đầu tiên.
VIVOSDEV11_298_snr0,vivos,whisper,small,zero_shot,,42,0,noise,CHUẨN BỊ CHO NGÀY KHAI TRƯƠNG CỬA HÀNG ĐẦU TIÊN, chuẩn bị cho ngày khai trương của hàng đầu tiên
VIVOSDEV03_R148_clean,vivos,whisper,small,zero_shot,,42,clean,clean,MỘT VỤ CHẬP ĐIỆN ĐÃ KHIẾN NGỌN LỬA BÙNG LÊN, Một vụ chập điện đã khiến ngọn lửa bùng lên.
VIVOSDEV03_R148_snr20,vivos,whisper,small,zero_shot,,42,20,noise,MỘT VỤ CHẬP ĐIỆN ĐÃ KHIẾN NGỌN LỬA BÙNG LÊN, Một vụ chập điện đã khiến ngon lửa bùng lên.
VIVOSDEV03_R148_snr10,vivos,whisper,small,zero_shot,,42,10,speech,MỘT VỤ CHẬP ĐIỆN ĐÃ KHIẾN NGỌN LỬA BÙNG LÊN, Một vụ chập điện đã khiến ngon lửa buồn lên.
VIVOSDEV03_R148_snr5,vivos,whisper,small,zero_shot,,42,5,music,MỘT VỤ CHẬP ĐIỆN ĐÃ KHIẾN NGỌN LỬA BÙNG LÊN, Một buồn chập điện đã khiến ngon lửa buồn lên
VIVOSDEV03_R148_snr0,vivos,whisper,small,zero_shot,,42,0,speech,MỘT VỤ CHẬP ĐIỆN ĐÃ KHIẾN NGỌN LỬA BÙNG LÊN, Một buồn chập tiền đã khiến ngon lửa cùng lên.
VIVOSDEV07_064_clean,vivos,whisper,small,zero_shot,,42,clean,clean,CỨ CHỤM CÁC ĐẦU NGÓN TAY LẠI MỘT CHỖ, Cứu chậm các đầu ngón tay lại một chỗ
VIVOSDEV07_064_snr20,vivos,whisper,small,zero_shot,,42,20,music,CỨ CHỤM CÁC ĐẦU NGÓN TAY LẠI MỘT CHỖ, Cứa chậm các đầu ngón tay lại 1 chỗ
VIVOSDEV07_064_snr10,vivos,whisper,small,zero_shot,,42,10,speech,CỨ CHỤM CÁC ĐẦU NGÓN TAY LẠI MỘT CHỖ, Cứa chậm các đầu ngó tay lại một chỗ.
VIVOSDEV07_064_snr5,vivos,whisper,small,zero_shot,,42,5,noise,CỨ CHỤM CÁC ĐẦU NGÓN TAY LẠI MỘT CHỖ, cứ chậm các đầu ngón tay lại 1 chỗ
VIVOSDEV07_064_snr0,vivos,whisper,small,zero_shot,,42,0,music,CỨ CHỤM CÁC ĐẦU NGÓN TAY LẠI MỘT CHỖ, Cứa chậm chắc đầu gón tay lại một chỗ
VIVOSDEV18_021_clean,vivos,whisper,small,zero_shot,,42,clean,clean,VẤN ĐỀ ĐẶT RA Ở ĐÂY LÀ LÀM THẾ NÀO ĐỂ, Vấn đề đặt ra ở đây là làm thế nào để?
VIVOSDEV18_021_snr20,vivos,whisper,small,zero_shot,,42,20,speech,VẤN ĐỀ ĐẶT RA Ở ĐÂY LÀ LÀM THẾ NÀO ĐỂ, Vấn đề đặc ra ở đây là làm thế nào để?
VIVOSDEV18_021_snr10,vivos,whisper,small,zero_shot,,42,10,noise,VẤN ĐỀ ĐẶT RA Ở ĐÂY LÀ LÀM THẾ NÀO ĐỂ, Quấn đề đặc trà ở đây là làm thế nào để?
VIVOSDEV18_021_snr5,vivos,whisper,small,zero_shot,,42,5,noise,VẤN ĐỀ ĐẶT RA Ở ĐÂY LÀ LÀM THẾ NÀO ĐỂ, Vấn đề đặc ra ở đây là làm thế nào để...
VIVOSDEV18_021_snr0,vivos,whisper,small,zero_shot,,42,0,speech,VẤN ĐỀ ĐẶT RA Ở ĐÂY LÀ LÀM THẾ NÀO ĐỂ, Bình đề đặc là ưu phê là làm tình nào đấy
VIVOSDEV01_R146_clean,vivos,whisper,small,zero_shot,,42,clean,clean,HIỆN RA TẬN PHÍA XA, Hiện ra tận phí xa
VIVOSDEV01_R146_snr20,vivos,whisper,small,zero_shot,,42,20,noise,HIỆN RA TẬN PHÍA XA, Hiện ra tận phí xa
VIVOSDEV01_R146_snr10,vivos,whisper,small,zero_shot,,42,10,noise,HIỆN RA TẬN PHÍA XA, Hiện ra tận phí xa
VIVOSDEV01_R146_snr5,vivos,whisper,small,zero_shot,,42,5,noise,HIỆN RA TẬN PHÍA XA, Hiện ra tận phí xa
VIVOSDEV01_R146_snr0,vivos,whisper,small,zero_shot,,42,0,noise,HIỆN RA TẬN PHÍA XA, Hiện ra từng phía xa
VIVOSDEV15_200_clean,vivos,whisper,small,zero_shot,,42,clean,clean,NÓI CHUYỆN MỘT HỒI ÔNG LÀM BỘ ĐỂ TAY LÊN TAY EM TRÊN CẦN SỐ, Nói chuyện một hồi ông làm bộ để tay lên tay em trên cần số.
VIVOSDEV15_200_snr20,vivos,whisper,small,zero_shot,,42,20,music,NÓI CHUYỆN MỘT HỒI ÔNG LÀM BỘ ĐỂ TAY LÊN TAY EM TRÊN CẦN SỐ, Nói chuyện một hồi ông làm bộ để tay lên tay em trên cần số.
VIVOSDEV15_200_snr10,vivos,whisper,small,zero_shot,,42,10,noise,NÓI CHUYỆN MỘT HỒI ÔNG LÀM BỘ ĐỂ TAY LÊN TAY EM TRÊN CẦN SỐ, Nói chuyện một hồi ông làm bộ đẻ tay lên tay em trên cận số.
VIVOSDEV15_200_snr5,vivos,whisper,small,zero_shot,,42,5,noise,NÓI CHUYỆN MỘT HỒI ÔNG LÀM BỘ ĐỂ TAY LÊN TAY EM TRÊN CẦN SỐ, Nói chuyện một hồi ông làm bộ đẻ tay lên tay em trên cần số.
VIVOSDEV15_200_snr0,vivos,whisper,small,zero_shot,,42,0,noise,NÓI CHUYỆN MỘT HỒI ÔNG LÀM BỘ ĐỂ TAY LÊN TAY EM TRÊN CẦN SỐ," Nói chuyện bột hồi, ông là bộ đế tay lên tay em trên tận số."
VIVOSDEV10_266_clean,vivos,whisper,small,zero_shot,,42,clean,clean,TỪ TRÊN NÓC NHÀ NHÌN XUỐNG CÓ KHÁC, Cự trên ngốc ngạ nhìn xuống có hát.
VIVOSDEV10_266_snr20,vivos,whisper,small,zero_shot,,42,20,noise,TỪ TRÊN NÓC NHÀ NHÌN XUỐNG CÓ KHÁC, Cự trên ngốc ngạ nhìn xuống có hát
VIVOSDEV10_266_snr10,vivos,whisper,small,zero_shot,,42,10,noise,TỪ TRÊN NÓC NHÀ NHÌN XUỐNG CÓ KHÁC, Cự trên ngốc nhà nhìn xuống có hát.
VIVOSDEV10_266_snr5,vivos,whisper,small,zero_shot,,42,5,noise,TỪ TRÊN NÓC NHÀ NHÌN XUỐNG CÓ KHÁC, Cựu trên ngốc nhà nhìn xuống có khác
VIVOSDEV10_266_snr0,vivos,whisper,small,zero_shot,,42,0,music,TỪ TRÊN NÓC NHÀ NHÌN XUỐNG CÓ KHÁC, Cự trên ngốc ngạ nhìn xuống có hát.
VIVOSDEV13_069_clean,vivos,whisper,small,zero_shot,,42,clean,clean,NHỮNG ĐIẾU THUỐC VÔ Ý ĐỐT CHÁY VÀI CHỖ TRÊN CHIẾC SÔ PHA BỌC VẢI, Nhận điều thuốc vô ý đốt cháy vài chỗ trên chiếc sofa bọc bại.
VIVOSDEV13_069_snr20,vivos,whisper,small,zero_shot,,42,20,music,NHỮNG ĐIẾU THUỐC VÔ Ý ĐỐT CHÁY VÀI CHỖ TRÊN CHIẾC SÔ PHA BỌC VẢI, Nhận điều thuốc vừa ý đốt cháy vài chỗ trên chiếc sofa bọc vải
VIVOSDEV13_069_snr10,vivos,whisper,small,zero_shot,,42,10,music,NHỮNG ĐIẾU THUỐC VÔ Ý ĐỐT CHÁY VÀI CHỖ TRÊN CHIẾC SÔ PHA BỌC VẢI, Nhận điếu thuốc vô ý đốt cháy vài chỗ trên chiếc sofa bọc bại
VIVOSDEV13_069_snr5,vivos,whisper,small,zero_shot,,42,5,noise,NHỮNG ĐIẾU THUỐC VÔ Ý ĐỐT CHÁY VÀI CHỖ TRÊN CHIẾC SÔ PHA BỌC VẢI, Nặng đi phút Voi đốt trái vài chỗ trên chiếc sofa bọc bại
VIVOSDEV13_069_snr0,vivos,whisper,small,zero_shot,,42,0,speech,NHỮNG ĐIẾU THUỐC VÔ Ý ĐỐT CHÁY VÀI CHỖ TRÊN CHIẾC SÔ PHA BỌC VẢI, Nhận đi thoát vô ý đốt trái và chợ trên XOXA bọc bãi.
VIVOSDEV04_R187_clean,vivos,whisper,small,zero_shot,,42,clean,clean,THỨ ÂM THANH KHÔNG CHỈ CẢM NHẬN BẰNG THÍNH GIÁC, Thứ âm thanh không chỉ cảm nhận bàn thính giác.
VIVOSDEV04_R187_snr20,vivos,whisper,small,zero_shot,,42,20,music,THỨ ÂM THANH KHÔNG CHỈ CẢM NHẬN BẰNG THÍNH GIÁC, Thứ âm thanh không chỉ cảm nhận bàn thính giác.
VIVOSDEV04_R187_snr10,vivos,whisper,small,zero_shot,,42,10,music,THỨ ÂM THANH KHÔNG CHỈ CẢM NHẬN BẰNG THÍNH GIÁC, Thứ âm thanh không chỉ cảm nhận bàn thính giác.
VIVOSDEV04_R187_snr5,vivos,whisper,small,zero_shot,,42,5,noise,THỨ ÂM THANH KHÔNG CHỈ CẢM NHẬN BẰNG THÍNH GIÁC, Thứ âm thanh không chỉ cảm nhận bàn thính giác.
VIVOSDEV04_R187_snr0,vivos,whisper,small,zero_shot,,42,0,music,THỨ ÂM THANH KHÔNG CHỈ CẢM NHẬN BẰNG THÍNH GIÁC, Thứ âm thanh không chỉ cảm nhận bàn thính giác.
VIVOSDEV02_R122_clean,vivos,whisper,small,zero_shot,,42,clean,clean,CŨNG KHIẾN CHO HỌ DÈ DẶT, Công khuyến trở hại dạy
VIVOSDEV02_R122_snr20,vivos,whisper,small,zero_shot,,42,20,noise,CŨNG KHIẾN CHO HỌ DÈ DẶT, Công kênh chào hà Ye Ye!
VIVOSDEV02_R122_snr10,vivos,whisper,small,zero_shot,,42,10,speech,CŨNG KHIẾN CHO HỌ DÈ DẶT," Công quên cho hả, Ye Ye?"
VIVOSDEV02_R122_snr5,vivos,whisper,small,zero_shot,,42,5,noise,CŨNG KHIẾN CHO HỌ DÈ DẶT, Công kênh chào hà yên yạ!
VIVOSDEV02_R122_snr0,vivos,whisper,small,zero_shot,,42,0,noise,CŨNG KHIẾN CHO HỌ DÈ DẶT, Công kênh chào hà yên yên!
VIVOSDEV14_108_clean,vivos,whisper,small,zero_shot,,42,clean,clean,NGƯỜI PHÁP ĐÃ ĐỒNG Ý VỚI CÁCH QUẢN LÝ LĨNH VỰC DÀNH RIÊNG, Người Pháp đã đồng ý với cách quản lý lĩnh vật dành riêng.
VIVOSDEV14_108_snr20,vivos,whisper,small,zero_shot,,42,20,noise,NGƯỜI PHÁP ĐÃ ĐỒNG Ý VỚI CÁCH QUẢN LÝ LĨNH VỰC DÀNH RIÊNG, Người Pháp đã đồng ý với cách quản lý lĩnh vật dành riêng.
VIVOSDEV14_108_snr10,vivos,whisper,small,zero_shot,,42,10,music,NGƯỜI PHÁP ĐÃ ĐỒNG Ý VỚI CÁCH QUẢN LÝ LĨNH VỰC DÀNH RIÊNG, Người Pháp đã đồng ý với cách quản lý lĩnh vật dành riêng.
VIVOSDEV14_108_snr5,vivos,whisper,small,zero_shot,,42,5,music,NGƯỜI PHÁP ĐÃ ĐỒNG Ý VỚI CÁCH QUẢN LÝ LĨNH VỰC DÀNH RIÊNG, Người Pháp đã đồng ý với các quản lý lĩnh vật dành riêng.
VIVOSDEV14_108_snr0,vivos,whisper,small,zero_shot,,42,0,noise,NGƯỜI PHÁP ĐÃ ĐỒNG Ý VỚI CÁCH QUẢN LÝ LĨNH VỰC DÀNH RIÊNG, Người Pháp đã đồng ý với cách quản lý lẫn một dành riêng.
VIVOSDEV11_242_clean,vivos,whisper,small,zero_shot,,42,clean,clean,CHÍN MƯƠI CHÍN MƯƠI MỐT," 90, 91"
VIVOSDEV11_242_snr20,vivos,whisper,small,zero_shot,,42,20,noise,CHÍN MƯƠI CHÍN MƯƠI MỐT," 90, 91"
VIVOSDEV11_242_snr10,vivos,whisper,small,zero_shot,,42,10,speech,CHÍN MƯƠI CHÍN MƯƠI MỐT," 90, 91."
VIVOSDEV11_242_snr5,vivos,whisper,small,zero_shot,,42,5,music,CHÍN MƯƠI CHÍN MƯƠI MỐT, 90.91
VIVOSDEV11_242_snr0,vivos,whisper,small,zero_shot,,42,0,music,CHÍN MƯƠI CHÍN MƯƠI MỐT, 90.91
VIVOSDEV05_125_clean,vivos,whisper,small,zero_shot,,42,clean,clean,ĐANG LÀM VIỆC KHÔNG NGỪNG NGHỈ, đang làm việc không ngừng nghĩ.
VIVOSDEV05_125_snr20,vivos,whisper,small,zero_shot,,42,20,speech,ĐANG LÀM VIỆC KHÔNG NGỪNG NGHỈ, đang làm việc không ngừng nghĩ
VIVOSDEV05_125_snr10,vivos,whisper,small,zero_shot,,42,10,music,ĐANG LÀM VIỆC KHÔNG NGỪNG NGHỈ, đang làm việc không ngừng nghĩ
VIVOSDEV05_125_snr5,vivos,whisper,small,zero_shot,,42,5,music,ĐANG LÀM VIỆC KHÔNG NGỪNG NGHỈ, đang làm việc không ngừng nghĩ
VIVOSDEV05_125_snr0,vivos,whisper,small,zero_shot,,42,0,noise,ĐANG LÀM VIỆC KHÔNG NGỪNG NGHỈ, đang làm việc không mình nghĩ
VIVOSDEV01_R187_clean,vivos,whisper,small,zero_shot,,42,clean,clean,THẬT SỰ MÀ LÀ BỞI LÒNG HẬN THÙ, Thật sự mà là bởi lòng hận hồ.
VIVOSDEV01_R187_snr20,vivos,whisper,small,zero_shot,,42,20,speech,THẬT SỰ MÀ LÀ BỞI LÒNG HẬN THÙ, Thật sự mà là bởi lòng hận hồ.
VIVOSDEV01_R187_snr10,vivos,whisper,small,zero_shot,,42,10,noise,THẬT SỰ MÀ LÀ BỞI LÒNG HẬN THÙ, Thật sự mà là bởi lòng hận hồ.
VIVOSDEV01_R187_snr5,vivos,whisper,small,zero_shot,,42,5,music,THẬT SỰ MÀ LÀ BỞI LÒNG HẬN THÙ, Thật sự mà là bởi lòng hận hồ.
VIVOSDEV01_R187_snr0,vivos,whisper,small,zero_shot,,42,0,noise,THẬT SỰ MÀ LÀ BỞI LÒNG HẬN THÙ, Tật sự mà là bởi lòng mận hồ
VIVOSDEV16_273_clean,vivos,whisper,small,zero_shot,,42,clean,clean,CHÚNG TÔI ĐÃ ĐIỀU TRA NHỮNG TRƯỜNG HỢP CÓ NGHI VẤN GIAN DỐI, Chúng tôi đã điều tra những trường hợp có nghi vắng dang dối.
VIVOSDEV16_273_snr20,vivos,whisper,small,zero_shot,,42,20,noise,CHÚNG TÔI ĐÃ ĐIỀU TRA NHỮNG TRƯỜNG HỢP CÓ NGHI VẤN GIAN DỐI, Chúng tôi đã điều tra những trường hợp có nghi vắng dang dối.
VIVOSDEV16_273_snr10,vivos,whisper,small,zero_shot,,42,10,noise,CHÚNG TÔI ĐÃ ĐIỀU TRA NHỮNG TRƯỜNG HỢP CÓ NGHI VẤN GIAN DỐI, Chúng tôi đã điều tra những trường hợp có ư vắng dang dối.
VIVOSDEV16_273_snr5,vivos,whisper,small,zero_shot,,42,5,music,CHÚNG TÔI ĐÃ ĐIỀU TRA NHỮNG TRƯỜNG HỢP CÓ NGHI VẤN GIAN DỐI, Chúng tôi đã điều tra những trường hợp có ư văn dang dối.
VIVOSDEV16_273_snr0,vivos,whisper,small,zero_shot,,42,0,music,CHÚNG TÔI ĐÃ ĐIỀU TRA NHỮNG TRƯỜNG HỢP CÓ NGHI VẤN GIAN DỐI, Chúng tôi đã điều tra những trường hợp có nghi vắng danh dối.
VIVOSDEV09_022_clean,vivos,whisper,small,zero_shot,,42,clean,clean,TRỨNG MỰC QUYẾN RŨ CÁC NGƯ DÂN, trứng mật quen lộ các ngư dân.
VIVOSDEV09_022_snr20,vivos,whisper,small,zero_shot,,42,20,music,TRỨNG MỰC QUYẾN RŨ CÁC NGƯ DÂN, trứng mật quen rộ các ngư dân
VIVOSDEV09_022_snr10,vivos,whisper,small,zero_shot,,42,10,noise,TRỨNG MỰC QUYẾN RŨ CÁC NGƯ DÂN, Trứng mật quyên lộ các người dân.
VIVOSDEV09_022_snr5,vivos,whisper,small,zero_shot,,42,5,noise,TRỨNG MỰC QUYẾN RŨ CÁC NGƯ DÂN, Chứng mặt với gỗ cắt mưu da
VIVOSDEV09_022_snr0,vivos,whisper,small,zero_shot,,42,0,speech,TRỨNG MỰC QUYẾN RŨ CÁC NGƯ DÂN," Chuyện này mà, mọi người có thể nhận được program này."
VIVOSDEV14_027_clean,vivos,whisper,small,zero_shot,,42,clean,clean,BẠN CÓ THỂ THAM KHẢO MỘT SƠ YẾU LÝ LỊCH ĐIỆN TỬ SAU ĐÂY, bạn có thể tham khảo một số sới lý lịch điện tử sau đây.
VIVOSDEV14_027_snr20,vivos,whisper,small,zero_shot,,42,20,speech,BẠN CÓ THỂ THAM KHẢO MỘT SƠ YẾU LÝ LỊCH ĐIỆN TỬ SAU ĐÂY, bạn có thể tham khảo một số sới đi lịch tiền tử sau đây.
VIVOSDEV14_027_snr10,vivos,whisper,small,zero_shot,,42,10,noise,BẠN CÓ THỂ THAM KHẢO MỘT SƠ YẾU LÝ LỊCH ĐIỆN TỬ SAU ĐÂY, bạn có thể tham khảo một số sới lý lịch điện tử sau đây
VIVOSDEV14_027_snr5,vivos,whisper,small,zero_shot,,42,5,speech,BẠN CÓ THỂ THAM KHẢO MỘT SƠ YẾU LÝ LỊCH ĐIỆN TỬ SAU ĐÂY, bạn có thể tham khả một xóa xây liên lịch tình chủ sau đây.
VIVOSDEV14_027_snr0,vivos,whisper,small,zero_shot,,42,0,music,BẠN CÓ THỂ THAM KHẢO MỘT SƠ YẾU LÝ LỊCH ĐIỆN TỬ SAU ĐÂY, bạn có thể tham khảo một số sơi đi lịch tiền cử sau đây
VIVOSDEV01_R098_clean,vivos,whisper,small,zero_shot,,42,clean,clean,TỈNH QUẢNG TRỊ ĐÃ PHÊ DUYỆT, Tỉnh quản trị đã phơi việc.
VIVOSDEV01_R098_snr20,vivos,whisper,small,zero_shot,,42,20,noise,TỈNH QUẢNG TRỊ ĐÃ PHÊ DUYỆT, Tỉnh quảng chị đã phơi việc.
VIVOSDEV01_R098_snr10,vivos,whisper,small,zero_shot,,42,10,speech,TỈNH QUẢNG TRỊ ĐÃ PHÊ DUYỆT, Tỉnh quảng trị đã phơi việc.
VIVOSDEV01_R098_snr5,vivos,whisper,small,zero_shot,,42,5,noise,TỈNH QUẢNG TRỊ ĐÃ PHÊ DUYỆT, Tỉnh quảng trị đã phơi dịch.
VIVOSDEV01_R098_snr0,vivos,whisper,small,zero_shot,,42,0,music,TỈNH QUẢNG TRỊ ĐÃ PHÊ DUYỆT, Tỉnh quảng trị đã phơi việc.
VIVOSDEV06_296_clean,vivos,whisper,small,zero_shot,,42,clean,clean,CÔ ẤY ĐÃ QUÁ CHÉN, Cô ấy đã quá tráng.
VIVOSDEV06_296_snr20,vivos,whisper,small,zero_shot,,42,20,speech,CÔ ẤY ĐÃ QUÁ CHÉN, Cô ấy đã quá tráng.
VIVOSDEV06_296_snr10,vivos,whisper,small,zero_shot,,42,10,speech,CÔ ẤY ĐÃ QUÁ CHÉN, Cô ấy đã quá trình
VIVOSDEV06_296_snr5,vivos,whisper,small,zero_shot,,42,5,speech,CÔ ẤY ĐÃ QUÁ CHÉN, Cô ấy đã qua trang.
VIVOSDEV06_296_snr0,vivos,whisper,small,zero_shot,,42,0,music,CÔ ẤY ĐÃ QUÁ CHÉN, cô ấy đã quá tráng
VIVOSDEV01_R058_clean,vivos,whisper,small,zero_shot,,42,clean,clean,GIÁM ĐỐC SỞ GIÁO DỤC ĐÀO TẠO NINH THUẬN CHO BIẾT, Giám đốc sở giáo dục đào tạo ninh hưởng cho biết.
VIVOSDEV01_R058_snr20,vivos,whisper,small,zero_shot,,42,20,noise,GIÁM ĐỐC SỞ GIÁO DỤC ĐÀO TẠO NINH THUẬN CHO BIẾT, Giám đốc sở giáo dục đào tạo ninh hưởng cho biết
VIVOSDEV01_R058_snr10,vivos,whisper,small,zero_shot,,42,10,music,GIÁM ĐỐC SỞ GIÁO DỤC ĐÀO TẠO NINH THUẬN CHO BIẾT, Giám nóc sở giáo dục đào tạo ninh hưởng cho biết.
VIVOSDEV01_R058_snr5,vivos,whisper,small,zero_shot,,42,5,noise,GIÁM ĐỐC SỞ GIÁO DỤC ĐÀO TẠO NINH THUẬN CHO BIẾT, Giám đốc sở giáo dục đào tạo ninh hưởng cho biết
VIVOSDEV01_R058_snr0,vivos,whisper,small,zero_shot,,42,0,noise,GIÁM ĐỐC SỞ GIÁO DỤC ĐÀO TẠO NINH THUẬN CHO BIẾT, Giám tốc sở giáo dục tạo tạo nên không cho biết
VIVOSDEV08_208_clean,vivos,whisper,small,zero_shot,,42,clean,clean,HAI MƯƠI HAI HAI MƯƠI BA," Hẹn mùi hẹn, hẹn mùi bà!"
VIVOSDEV08_208_snr20,vivos,whisper,small,zero_shot,,42,20,speech,HAI MƯƠI HAI HAI MƯƠI BA," Hẹn mùi hẹn, hẹn mùi bà!"
VIVOSDEV08_208_snr10,vivos,whisper,small,zero_shot,,42,10,noise,HAI MƯƠI HAI HAI MƯƠI BA," Hẹn mùi hẹn, hẹn mùi bà!"
VIVOSDEV08_208_snr5,vivos,whisper,small,zero_shot,,42,5,noise,HAI MƯƠI HAI HAI MƯƠI BA," Hẹn mùi hẹn, hẹn mùi bà."
VIVOSDEV08_208_snr0,vivos,whisper,small,zero_shot,,42,0,music,HAI MƯƠI HAI HAI MƯƠI BA," Hẹn mùi hẹn, hẹn mùi bà"
VIVOSDEV08_214_clean,vivos,whisper,small,zero_shot,,42,clean,clean,BA MƯƠI BỐN BA MƯƠI LĂM, 34 35
VIVOSDEV08_214_snr20,vivos,whisper,small,zero_shot,,42,20,music,BA MƯƠI BỐN BA MƯƠI LĂM, 34 35
VIVOSDEV08_214_snr10,vivos,whisper,small,zero_shot,,42,10,music,BA MƯƠI BỐN BA MƯƠI LĂM, 30 vớm 35
VIVOSDEV08_214_snr5,vivos,whisper,small,zero_shot,,42,5,music,BA MƯƠI BỐN BA MƯƠI LĂM," 30 vốn, 35"
VIVOSDEV08_214_snr0,vivos,whisper,small,zero_shot,,42,0,music,BA MƯƠI BỐN BA MƯƠI LĂM," 30 vốn, 35"
VIVOSDEV07_093_clean,vivos,whisper,small,zero_shot,,42,clean,clean,PHỤC VỤ CHO MÙA THI ĐẠI HỌC ĐANG ĐẾN SÁT SẠT, Phục vụ cho mồ thi đại học đang đến xác sạch.
VIVOSDEV07_093_snr20,vivos,whisper,small,zero_shot,,42,20,speech,PHỤC VỤ CHO MÙA THI ĐẠI HỌC ĐANG ĐẾN SÁT SẠT, Phục vụ cho mùa thi đại học đang đến xác sạch.
VIVOSDEV07_093_snr10,vivos,whisper,small,zero_shot,,42,10,noise,PHỤC VỤ CHO MÙA THI ĐẠI HỌC ĐANG ĐẾN SÁT SẠT, Phục vụ cho mồ thi đại học đang đến xác xạc.
VIVOSDEV07_093_snr5,vivos,whisper,small,zero_shot,,42,5,music,PHỤC VỤ CHO MÙA THI ĐẠI HỌC ĐANG ĐẾN SÁT SẠT, Phục vụ cho mồ thi đại học đang đến xác sạch.
VIVOSDEV07_093_snr0,vivos,whisper,small,zero_shot,,42,0,noise,PHỤC VỤ CHO MÙA THI ĐẠI HỌC ĐANG ĐẾN SÁT SẠT, Phục vụ cho mùa thi đại học đang đến xác sạc.
VIVOSDEV05_286_clean,vivos,whisper,small,zero_shot,,42,clean,clean,THẾ NHƯNG KHI GIÁ PHÔI THÉP THẾ GIỚI CAO DẦN, Thế nhưng khi giả phôi thép thế giới cao dần.
VIVOSDEV05_286_snr20,vivos,whisper,small,zero_shot,,42,20,noise,THẾ NHƯNG KHI GIÁ PHÔI THÉP THẾ GIỚI CAO DẦN, Thế nhưng khi giả phôi thép thế giới cao dần.
VIVOSDEV05_286_snr10,vivos,whisper,small,zero_shot,,42,10,music,THẾ NHƯNG KHI GIÁ PHÔI THÉP THẾ GIỚI CAO DẦN, Thế nhưng khi giả phôi thép thế giới cao dần
VIVOSDEV05_286_snr5,vivos,whisper,small,zero_shot,,42,5,noise,THẾ NHƯNG KHI GIÁ PHÔI THÉP THẾ GIỚI CAO DẦN, Thế nhưng khi giả phôi thép thế giới cao dần
VIVOSDEV05_286_snr0,vivos,whisper,small,zero_shot,,42,0,noise,THẾ NHƯNG KHI GIÁ PHÔI THÉP THẾ GIỚI CAO DẦN, Thế nhưng khi giả phôi thép thế giới cao dần
VIVOSDEV13_227_clean,vivos,whisper,small,zero_shot,,42,clean,clean,TẠI ĐÂY CÓ MỘT ÔNG TRƯỞNG PHÒNG NHÂN SỰ CÔNG TY, Tại đây có một ông trưởng phòng nhân sự công ty.
VIVOSDEV13_227_snr20,vivos,whisper,small,zero_shot,,42,20,noise,TẠI ĐÂY CÓ MỘT ÔNG TRƯỞNG PHÒNG NHÂN SỰ CÔNG TY, Tại đây có một ông trưởng phòng nhân sự công ty.
VIVOSDEV13_227_snr10,vivos,whisper,small,zero_shot,,42,10,music,TẠI ĐÂY CÓ MỘT ÔNG TRƯỞNG PHÒNG NHÂN SỰ CÔNG TY, Tại đây có một ông trưởng phòng nhân sự công ty
VIVOSDEV13_227_snr5,vivos,whisper,small,zero_shot,,42,5,music,TẠI ĐÂY CÓ MỘT ÔNG TRƯỞNG PHÒNG NHÂN SỰ CÔNG TY, tại đây có một ông trưởng phòng nhân sự công ty
VIVOSDEV13_227_snr0,vivos,whisper,small,zero_shot,,42,0,speech,TẠI ĐÂY CÓ MỘT ÔNG TRƯỞNG PHÒNG NHÂN SỰ CÔNG TY, Hãy đây có một ông trưởng phòng nhân sự công ty.
VIVOSDEV07_182_clean,vivos,whisper,small,zero_shot,,42,clean,clean,NHỮNG NGƯỜI HOÀI NGHI NÓI RẰNG GIỮ ĐƯỢC VẬT TREO LỦNG LẲNG TRÊN NGƯỜI, Những người hoài nghi nói rằng giữ được vật treo lũng lãng trên người.
VIVOSDEV07_182_snr20,vivos,whisper,small,zero_shot,,42,20,speech,NHỮNG NGƯỜI HOÀI NGHI NÓI RẰNG GIỮ ĐƯỢC VẬT TREO LỦNG LẲNG TRÊN NGƯỜI, Những người hoài nghĩ nói rằng giữ được vật treo lũng lãng trên người.
VIVOSDEV07_182_snr10,vivos,whisper,small,zero_shot,,42,10,noise,NHỮNG NGƯỜI HOÀI NGHI NÓI RẰNG GIỮ ĐƯỢC VẬT TREO LỦNG LẲNG TRÊN NGƯỜI, Những người hoài nghi nói rằng giữ được vật trao lũng lãng trên người.
VIVOSDEV07_182_snr5,vivos,whisper,small,zero_shot,,42,5,noise,NHỮNG NGƯỜI HOÀI NGHI NÓI RẰNG GIỮ ĐƯỢC VẬT TREO LỦNG LẲNG TRÊN NGƯỜI, Những người hoài nghi nói rằng giữ được và trao lũng lãng trên người
VIVOSDEV07_182_snr0,vivos,whisper,small,zero_shot,,42,0,speech,NHỮNG NGƯỜI HOÀI NGHI NÓI RẰNG GIỮ ĐƯỢC VẬT TREO LỦNG LẲNG TRÊN NGƯỜI, Chúng người hoài nghĩ nói rằng giữ đường và trao lộn lãng trên người.
VIVOSDEV06_001_clean,vivos,whisper,small,zero_shot,,42,clean,clean,ĐƠN GIẢN LÀ TÁN GẪU VỚI NHAU, đơn giản là táng gỗ với nhau
VIVOSDEV06_001_snr20,vivos,whisper,small,zero_shot,,42,20,noise,ĐƠN GIẢN LÀ TÁN GẪU VỚI NHAU, đơn giản là táng gỗ với nhau
VIVOSDEV06_001_snr10,vivos,whisper,small,zero_shot,,42,10,music,ĐƠN GIẢN LÀ TÁN GẪU VỚI NHAU, đơn giản là táng gỗ với nhau
VIVOSDEV06_001_snr5,vivos,whisper,small,zero_shot,,42,5,noise,ĐƠN GIẢN LÀ TÁN GẪU VỚI NHAU, đơn giản là táng gỗ với nhau
VIVOSDEV06_001_snr0,vivos,whisper,small,zero_shot,,42,0,noise,ĐƠN GIẢN LÀ TÁN GẪU VỚI NHAU, đơn giản là táng cổ với nhau
VIVOSDEV09_297_clean,vivos,whisper,small,zero_shot,,42,clean,clean,THẾ NÀO LÀ HOÀN HẢO, Thế nào là hoàng hảo?
VIVOSDEV09_297_snr20,vivos,whisper,small,zero_shot,,42,20,noise,THẾ NÀO LÀ HOÀN HẢO, Thế nào là hoàng hảo?
VIVOSDEV09_297_snr10,vivos,whisper,small,zero_shot,,42,10,noise,THẾ NÀO LÀ HOÀN HẢO, Thế nào là hoàng hảo?
VIVOSDEV09_297_snr5,vivos,whisper,small,zero_shot,,42,5,music,THẾ NÀO LÀ HOÀN HẢO, Với nào là hoàng hảo?
VIVOSDEV09_297_snr0,vivos,whisper,small,zero_shot,,42,0,music,THẾ NÀO LÀ HOÀN HẢO, Thế nào là hoàng ảo?
VIVOSDEV15_121_clean,vivos,whisper,small,zero_shot,,42,clean,clean,TRẢI DÀI HÀNG CHỤC CÂY SỐ ĐỀU THU GỌN VÀO TẦM MẮT, Chạy dài hàng chục cây số đều thu gọn vào tấm mắt.
VIVOSDEV15_121_snr20,vivos,whisper,small,zero_shot,,42,20,music,TRẢI DÀI HÀNG CHỤC CÂY SỐ ĐỀU THU GỌN VÀO TẦM MẮT, Chạy dài hàng chục cây số đều thu gọn vào tầm mắt.
VIVOSDEV15_121_snr10,vivos,whisper,small,zero_shot,,42,10,speech,TRẢI DÀI HÀNG CHỤC CÂY SỐ ĐỀU THU GỌN VÀO TẦM MẮT, Chạy dài hàng chục cây số đều thu gọn vào tầm bác.
VIVOSDEV15_121_snr5,vivos,whisper,small,zero_shot,,42,5,music,TRẢI DÀI HÀNG CHỤC CÂY SỐ ĐỀU THU GỌN VÀO TẦM MẮT, Chạy dài hàng chục cây số đều thu gọn vào tầm mắt
VIVOSDEV15_121_snr0,vivos,whisper,small,zero_shot,,42,0,noise,TRẢI DÀI HÀNG CHỤC CÂY SỐ ĐỀU THU GỌN VÀO TẦM MẮT, Chạy dài hàng chục cây số đều thu gọn vào tầm bắt
VIVOSDEV15_209_clean,vivos,whisper,small,zero_shot,,42,clean,clean,HỌ THÍCH NGHI VỚI VĂN HÓA CÔNG TY NHƯ THẾ NÀO, Họ thích nghi với văn hóa công ty như thế nào?
VIVOSDEV15_209_snr20,vivos,whisper,small,zero_shot,,42,20,speech,HỌ THÍCH NGHI VỚI VĂN HÓA CÔNG TY NHƯ THẾ NÀO, Họ thích nghi với văn hóa công ty như thế nào?
VIVOSDEV15_209_snr10,vivos,whisper,small,zero_shot,,42,10,speech,HỌ THÍCH NGHI VỚI VĂN HÓA CÔNG TY NHƯ THẾ NÀO, họ thích nghi với văn hóa công ty như thế nào?
VIVOSDEV15_209_snr5,vivos,whisper,small,zero_shot,,42,5,music,HỌ THÍCH NGHI VỚI VĂN HÓA CÔNG TY NHƯ THẾ NÀO, Họ thể nghi với văn hóa công ty như thế nào?
VIVOSDEV15_209_snr0,vivos,whisper,small,zero_shot,,42,0,music,HỌ THÍCH NGHI VỚI VĂN HÓA CÔNG TY NHƯ THẾ NÀO, Họ thích nghi với ban hòa công ty như thế nào?
VIVOSDEV11_036_clean,vivos,whisper,small,zero_shot,,42,clean,clean,TÔI CÓ THỂ CĂM GIẬN ĐỦ THỨ, Tôi có thể cầm dận đủ thứ.
VIVOSDEV11_036_snr20,vivos,whisper,small,zero_shot,,42,20,noise,TÔI CÓ THỂ CĂM GIẬN ĐỦ THỨ, Tôi có thể cầm dận đủ thứ
VIVOSDEV11_036_snr10,vivos,whisper,small,zero_shot,,42,10,noise,TÔI CÓ THỂ CĂM GIẬN ĐỦ THỨ, Tôi có thể cầm dẫn đủ thứ.
VIVOSDEV11_036_snr5,vivos,whisper,small,zero_shot,,42,5,music,TÔI CÓ THỂ CĂM GIẬN ĐỦ THỨ, Tôi có thể cầm dận đủ thứ.
VIVOSDEV11_036_snr0,vivos,whisper,small,zero_shot,,42,0,speech,TÔI CÓ THỂ CĂM GIẬN ĐỦ THỨ, Tôi có thể căm dành đủ thứ.
VIVOSDEV04_R100_clean,vivos,whisper,small,zero_shot,,42,clean,clean,BÀ NÓI, Bà nói
VIVOSDEV04_R100_snr20,vivos,whisper,small,zero_shot,,42,20,noise,BÀ NÓI, Bà nói
VIVOSDEV04_R100_snr10,vivos,whisper,small,zero_shot,,42,10,music,BÀ NÓI, Bà nói
VIVOSDEV04_R100_snr5,vivos,whisper,small,zero_shot,,42,5,speech,BÀ NÓI, Vào nổi!
VIVOSDEV04_R100_snr0,vivos,whisper,small,zero_shot,,42,0,noise,BÀ NÓI, Bà nói
VIVOSDEV11_048_clean,vivos,whisper,small,zero_shot,,42,clean,clean,VÀNG ÓNG ĐÔI GHỆT CAO CỔ CỦA NGỰ LÂM QUÂN, vàng ống đôi gạch cao cỏ của ngữ Lâm Quân
VIVOSDEV11_048_snr20,vivos,whisper,small,zero_shot,,42,20,noise,VÀNG ÓNG ĐÔI GHỆT CAO CỔ CỦA NGỰ LÂM QUÂN, vàng ống đôi gạch cao cỏ của ngữ Lâm Quân
VIVOSDEV11_048_snr10,vivos,whisper,small,zero_shot,,42,10,music,VÀNG ÓNG ĐÔI GHỆT CAO CỔ CỦA NGỰ LÂM QUÂN, vàng ống đôi gạch cao cỏ của ngự Lâm Quân
VIVOSDEV11_048_snr5,vivos,whisper,small,zero_shot,,42,5,speech,VÀNG ÓNG ĐÔI GHỆT CAO CỔ CỦA NGỰ LÂM QUÂN, Vàng ông đôi gạch cho cố của người lâm quân.
VIVOSDEV11_048_snr0,vivos,whisper,small,zero_shot,,42,0,music,VÀNG ÓNG ĐÔI GHỆT CAO CỔ CỦA NGỰ LÂM QUÂN, Hoàng ống đôi gạch cao cỏ của ngữ Lâm Quân
VIVOSDEV17_213_clean,vivos,whisper,small,zero_shot,,42,clean,clean,ĐOÀN ĐI THUYỀN ĐẾN MỘT KHU LÀNG DÂN TỘC THIỂU SỐ, Đoạn đi thiền đến một khu lạn dân tập thị số.
VIVOSDEV17_213_snr20,vivos,whisper,small,zero_shot,,42,20,noise,ĐOÀN ĐI THUYỀN ĐẾN MỘT KHU LÀNG DÂN TỘC THIỂU SỐ, Đoạn đi thiền đến một khu lạng dân tập thỉ số.
VIVOSDEV17_213_snr10,vivos,whisper,small,zero_shot,,42,10,noise,ĐOÀN ĐI THUYỀN ĐẾN MỘT KHU LÀNG DÂN TỘC THIỂU SỐ, Đoạn đi thiền đến một khu lạn dân tập thị số.
VIVOSDEV17_213_snr5,vivos,whisper,small,zero_shot,,42,5,speech,ĐOÀN ĐI THUYỀN ĐẾN MỘT KHU LÀNG DÂN TỘC THIỂU SỐ, và đi tìm đến một khô lẹng những tập thủy số.
VIVOSDEV17_213_snr0,vivos,whisper,small,zero_shot,,42,0,music,ĐOÀN ĐI THUYỀN ĐẾN MỘT KHU LÀNG DÂN TỘC THIỂU SỐ, Đoàn đi thiền đến một khu lạng nhân tập thị số
VIVOSDEV16_067_clean,vivos,whisper,small,zero_shot,,42,clean,clean,HÌNH NHƯ KHÔNG CÓ CẢ MỘT TRONG HAI TÀI VÀ ĐỨC, Hình như không có cả một trong hai tài và đức.
VIVOSDEV16_067_snr20,vivos,whisper,small,zero_shot,,42,20,noise,HÌNH NHƯ KHÔNG CÓ CẢ MỘT TRONG HAI TÀI VÀ ĐỨC, Hình như không có cả 1 trong 2 tài và đức.
VIVOSDEV16_067_snr10,vivos,whisper,small,zero_shot,,42,10,music,HÌNH NHƯ KHÔNG CÓ CẢ MỘT TRONG HAI TÀI VÀ ĐỨC, Hình như không có cả 1 trong 2 tài và đức.
VIVOSDEV16_067_snr5,vivos,whisper,small,zero_shot,,42,5,noise,HÌNH NHƯ KHÔNG CÓ CẢ MỘT TRONG HAI TÀI VÀ ĐỨC, Hình như không có cả một trong ai tài và đức
VIVOSDEV16_067_snr0,vivos,whisper,small,zero_shot,,42,0,noise,HÌNH NHƯ KHÔNG CÓ CẢ MỘT TRONG HAI TÀI VÀ ĐỨC, Hình như không có cả 102 tài và đức
VIVOSDEV18_198_clean,vivos,whisper,small,zero_shot,,42,clean,clean,MẤY NGÀY NAY CHÚNG TÔI ĐÃ TỊCH THU ĐƯỢC KHÁ NHIỀU GÀ CHẾT, Hôm nay chúng tôi đã tịch thu được khán nhiều gà chết.
VIVOSDEV18_198_snr20,vivos,whisper,small,zero_shot,,42,20,noise,MẤY NGÀY NAY CHÚNG TÔI ĐÃ TỊCH THU ĐƯỢC KHÁ NHIỀU GÀ CHẾT, Hôm nay chúng tôi đã tịch thu được khán nhiều gà chết.
VIVOSDEV18_198_snr10,vivos,whisper,small,zero_shot,,42,10,noise,MẤY NGÀY NAY CHÚNG TÔI ĐÃ TỊCH THU ĐƯỢC KHÁ NHIỀU GÀ CHẾT, Hôm nay chúng tôi đã tịch thu được khánh nhiều gà chết.
VIVOSDEV18_198_snr5,vivos,whisper,small,zero_shot,,42,5,music,MẤY NGÀY NAY CHÚNG TÔI ĐÃ TỊCH THU ĐƯỢC KHÁ NHIỀU GÀ CHẾT, Hôm nay chúng tôi đã tiệc thu được khánh nhiều gà chết.
VIVOSDEV18_198_snr0,vivos,whisper,small,zero_shot,,42,0,music,MẤY NGÀY NAY CHÚNG TÔI ĐÃ TỊCH THU ĐƯỢC KHÁ NHIỀU GÀ CHẾT, Hôm nay chúng tôi đã tự xuất được hắn dù gạt chết.
VIVOSDEV12_135_clean,vivos,whisper,small,zero_shot,,42,clean,clean,ÔNG ĐƯỢC NHIỀU NGƯỜI BIẾT ĐẾN, Ông được nhiều người biết đến.
VIVOSDEV12_135_snr20,vivos,whisper,small,zero_shot,,42,20,noise,ÔNG ĐƯỢC NHIỀU NGƯỜI BIẾT ĐẾN, Ông được nhiều người biết đến.
VIVOSDEV12_135_snr10,vivos,whisper,small,zero_shot,,42,10,music,ÔNG ĐƯỢC NHIỀU NGƯỜI BIẾT ĐẾN, Ông được nhiều người biết đến.
VIVOSDEV12_135_snr5,vivos,whisper,small,zero_shot,,42,5,noise,ÔNG ĐƯỢC NHIỀU NGƯỜI BIẾT ĐẾN, Ông được nhiều người biết đến
VIVOSDEV12_135_snr0,vivos,whisper,small,zero_shot,,42,0,noise,ÔNG ĐƯỢC NHIỀU NGƯỜI BIẾT ĐẾN, Ông được nhiều người biết đến.
VIVOSDEV05_055_clean,vivos,whisper,small,zero_shot,,42,clean,clean,NHƯNG MỨC ÁN TỬ HÌNH ĐỐI VỚI CÁC BỊ CÁO LÀ TƯƠNG XỨNG, nhưng mức án tử hình đối với các vị cáo là tương dưng.
VIVOSDEV05_055_snr20,vivos,whisper,small,zero_shot,,42,20,noise,NHƯNG MỨC ÁN TỬ HÌNH ĐỐI VỚI CÁC BỊ CÁO LÀ TƯƠNG XỨNG, nhưng mức án tử hình đối với các vị cáo là tương dính
VIVOSDEV05_055_snr10,vivos,whisper,small,zero_shot,,42,10,speech,NHƯNG MỨC ÁN TỬ HÌNH ĐỐI VỚI CÁC BỊ CÁO LÀ TƯƠNG XỨNG, nhưng mức án tử hình đối với các vị cáo là tương dính.
VIVOSDEV05_055_snr5,vivos,whisper,small,zero_shot,,42,5,music,NHƯNG MỨC ÁN TỬ HÌNH ĐỐI VỚI CÁC BỊ CÁO LÀ TƯƠNG XỨNG, nhưng mức án tử hình đối với các vị cao là tương xứng.
VIVOSDEV05_055_snr0,vivos,whisper,small,zero_shot,,42,0,noise,NHƯNG MỨC ÁN TỬ HÌNH ĐỐI VỚI CÁC BỊ CÁO LÀ TƯƠNG XỨNG, nhưng mức án tử hình đối với các vị cáo là tương dưng.
VIVOSDEV14_116_clean,vivos,whisper,small,zero_shot,,42,clean,clean,MỘT GÓC CÂU CÁ TRÊN CẦU SÀI GÒN ẢNH MAI VINH, Một gốc câu cá trên cầu Sài Gòn ảnh Mai Vinh.
VIVOSDEV14_116_snr20,vivos,whisper,small,zero_shot,,42,20,noise,MỘT GÓC CÂU CÁ TRÊN CẦU SÀI GÒN ẢNH MAI VINH, Một gốc câu cá trên cầu Sài Gòn ảnh Mai Vinh.
VIVOSDEV14_116_snr10,vivos,whisper,small,zero_shot,,42,10,noise,MỘT GÓC CÂU CÁ TRÊN CẦU SÀI GÒN ẢNH MAI VINH, Một gốc câu cá trên cầu Sài Gòn ảnh Mai Vinh
VIVOSDEV14_116_snr5,vivos,whisper,small,zero_shot,,42,5,music,MỘT GÓC CÂU CÁ TRÊN CẦU SÀI GÒN ẢNH MAI VINH, Một góc câu cá trên cầu xe gợt ở ngoài binh.
VIVOSDEV14_116_snr0,vivos,whisper,small,zero_shot,,42,0,noise,MỘT GÓC CÂU CÁ TRÊN CẦU SÀI GÒN ẢNH MAI VINH, Một lúc câu cá trên cầu Sài Gòn ảnh Mai Vinh
VIVOSDEV05_155_clean,vivos,whisper,small,zero_shot,,42,clean,clean,NỬA VÒNG TRÁI ĐẤT HƠN BẢY NĂM, Nửa vòng trái đất hơn 7 năm.
VIVOSDEV05_155_snr20,vivos,whisper,small,zero_shot,,42,20,speech,NỬA VÒNG TRÁI ĐẤT HƠN BẢY NĂM, nữa vòng trái đất hơn 7 năm.
VIVOSDEV05_155_snr10,vivos,whisper,small,zero_shot,,42,10,noise,NỬA VÒNG TRÁI ĐẤT HƠN BẢY NĂM, Nửa vòng trái đất hơn 7 năm.
VIVOSDEV05_155_snr5,vivos,whisper,small,zero_shot,,42,5,noise,NỬA VÒNG TRÁI ĐẤT HƠN BẢY NĂM, Nửa vòng trái đất hơn 7 năm
VIVOSDEV05_155_snr0,vivos,whisper,small,zero_shot,,42,0,music,NỬA VÒNG TRÁI ĐẤT HƠN BẢY NĂM, Nửa vòng trái đất hơn 7 năm
VIVOSDEV01_R170_clean,vivos,whisper,small,zero_shot,,42,clean,clean,ĐÔI BÀN TAY EM KHÔNG ĐƯỢC MỀM MẠI VÀ NÕN NÀ, Đôi bạn tay em không được mìm mỏi và nóng nà.
VIVOSDEV01_R170_snr20,vivos,whisper,small,zero_shot,,42,20,noise,ĐÔI BÀN TAY EM KHÔNG ĐƯỢC MỀM MẠI VÀ NÕN NÀ, Đôi bạn tay em không được mìm mỏi và nóng nè.
VIVOSDEV01_R170_snr10,vivos,whisper,small,zero_shot,,42,10,music,ĐÔI BÀN TAY EM KHÔNG ĐƯỢC MỀM MẠI VÀ NÕN NÀ, đôi bạn tay em không được miềm mãi và nóng nè
VIVOSDEV01_R170_snr5,vivos,whisper,small,zero_shot,,42,5,noise,ĐÔI BÀN TAY EM KHÔNG ĐƯỢC MỀM MẠI VÀ NÕN NÀ, Tôi bạn tay em không được nhìm mại và nón nào
VIVOSDEV01_R170_snr0,vivos,whisper,small,zero_shot,,42,0,noise,ĐÔI BÀN TAY EM KHÔNG ĐƯỢC MỀM MẠI VÀ NÕN NÀ, Đói bàn tay em không được mìm mỏi và nóng nè.
VIVOSDEV12_275_clean,vivos,whisper,small,zero_shot,,42,clean,clean,TÔI KHÔNG THẤY GÌ LÀ ĐÚNG KHI TĂNG GIÁ XE VÀO CÁC DỊP TẾT, Tòi không thấy gì là đúng khi tăng ra xe vào các diệp tết.
VIVOSDEV12_275_snr20,vivos,whisper,small,zero_shot,,42,20,speech,TÔI KHÔNG THẤY GÌ LÀ ĐÚNG KHI TĂNG GIÁ XE VÀO CÁC DỊP TẾT, Tôi không thấy gì là đúng khi tăng ra xe vào các diệt tết.
VIVOSDEV12_275_snr10,vivos,whisper,small,zero_shot,,42,10,speech,TÔI KHÔNG THẤY GÌ LÀ ĐÚNG KHI TĂNG GIÁ XE VÀO CÁC DỊP TẾT, Tôi không thấy gì là đúng khi tăng ra xe vào các diệt tết.
VIVOSDEV12_275_snr5,vivos,whisper,small,zero_shot,,42,5,speech,TÔI KHÔNG THẤY GÌ LÀ ĐÚNG KHI TĂNG GIÁ XE VÀO CÁC DỊP TẾT, Tôi không thấy gì là đúng khi tăng ra xe vào cách miệng tất.
VIVOSDEV12_275_snr0,vivos,whisper,small,zero_shot,,42,0,noise,TÔI KHÔNG THẤY GÌ LÀ ĐÚNG KHI TĂNG GIÁ XE VÀO CÁC DỊP TẾT, Tôi không thấy gì là đúng khi tăng ra xe vào các diệt tất.
VIVOSDEV18_114_clean,vivos,whisper,small,zero_shot,,42,clean,clean,LÀM ĐƯỢC HẾT KHỐI CÔNG VIỆC ẤY LÀ MỘT NỖ LỰC RẤT LỚN, được hết khối công việc ấy là một nổi lực rất lớn.
VIVOSDEV18_114_snr20,vivos,whisper,small,zero_shot,,42,20,noise,LÀM ĐƯỢC HẾT KHỐI CÔNG VIỆC ẤY LÀ MỘT NỖ LỰC RẤT LỚN, được hết khối công việc ấy là một nổi lực rất lớn.
VIVOSDEV18_114_snr10,vivos,whisper,small,zero_shot,,42,10,noise,LÀM ĐƯỢC HẾT KHỐI CÔNG VIỆC ẤY LÀ MỘT NỖ LỰC RẤT LỚN, được hết khối công việc ấy là một mở lực lớp lớn.
VIVOSDEV18_114_snr5,vivos,whisper,small,zero_shot,,42,5,noise,LÀM ĐƯỢC HẾT KHỐI CÔNG VIỆC ẤY LÀ MỘT NỖ LỰC RẤT LỚN, được hết khối công việc ấy là một nỗ lực rất lợn.
VIVOSDEV18_114_snr0,vivos,whisper,small,zero_shot,,42,0,music,LÀM ĐƯỢC HẾT KHỐI CÔNG VIỆC ẤY LÀ MỘT NỖ LỰC RẤT LỚN, Điều được thích khối công việc ấy làm một mộ lực bất lớn.
VIVOSDEV18_282_clean,vivos,whisper,small,zero_shot,,42,clean,clean,NHƯNG CUỐI CÙNG CHẲNG AI CHỊU NỔI CÁI TÍNH HAM VUI CỦA TÔI, cuối cùng chẳng ai chịu nội cải tính ham vui của tôi.
VIVOSDEV18_282_snr20,vivos,whisper,small,zero_shot,,42,20,music,NHƯNG CUỐI CÙNG CHẲNG AI CHỊU NỔI CÁI TÍNH HAM VUI CỦA TÔI, cuối cùng chẳng ai chịu nội cải tính ham vui của tôi.
VIVOSDEV18_282_snr10,vivos,whisper,small,zero_shot,,42,10,music,NHƯNG CUỐI CÙNG CHẲNG AI CHỊU NỔI CÁI TÍNH HAM VUI CỦA TÔI, cuối cùng chẳng ai chịu nội cái tính ham vui của tôi.
VIVOSDEV18_282_snr5,vivos,whisper,small,zero_shot,,42,5,noise,NHƯNG CUỐI CÙNG CHẲNG AI CHỊU NỔI CÁI TÍNH HAM VUI CỦA TÔI, cuối cùng chẳng ai chịu nội cải tính tham vui của tôi.
VIVOSDEV18_282_snr0,vivos,whisper,small,zero_shot,,42,0,noise,NHƯNG CUỐI CÙNG CHẲNG AI CHỊU NỔI CÁI TÍNH HAM VUI CỦA TÔI, với cùng cả hai chiều nội tại chuyến hâm hư của tôi.
VIVOSDEV12_054_clean,vivos,whisper,small,zero_shot,,42,clean,clean,THIẾU SỰ QUAN TÂM ĐÚNG MỨC TỪ CÁC CƠ QUAN CHỨC NĂNG, Thứ sự quan tâm đúng mất từ các cơ quan chức năng.
VIVOSDEV12_054_snr20,vivos,whisper,small,zero_shot,,42,20,noise,THIẾU SỰ QUAN TÂM ĐÚNG MỨC TỪ CÁC CƠ QUAN CHỨC NĂNG, Thứ sự quan tâm đúng mất từ các cơ quan chức năng
VIVOSDEV12_054_snr10,vivos,whisper,small,zero_shot,,42,10,speech,THIẾU SỰ QUAN TÂM ĐÚNG MỨC TỪ CÁC CƠ QUAN CHỨC NĂNG, Thứ sợ quan tâm đúng mất từ các cơ quan chức năng.
VIVOSDEV12_054_snr5,vivos,whisper,small,zero_shot,,42,5,music,THIẾU SỰ QUAN TÂM ĐÚNG MỨC TỪ CÁC CƠ QUAN CHỨC NĂNG, Thứu sự quan tâm đúng mức từ các cơ quan chức năng.
VIVOSDEV12_054_snr0,vivos,whisper,small,zero_shot,,42,0,noise,THIẾU SỰ QUAN TÂM ĐÚNG MỨC TỪ CÁC CƠ QUAN CHỨC NĂNG, Hiếu sự quan tâm đúng bất tự các nơi quan chức nào.
VIVOSDEV10_129_clean,vivos,whisper,small,zero_shot,,42,clean,clean,ĐIỀU NÀY ĐÚNG VỚI MỌI CẤP ĐỘ VÀ TRONG MỌI LĨNH VỰC CỦA ĐỜI SỐNG, Nhiều ngày đúng với mọi cấp độ và trong mọi ảnh vật của đời sống.
VIVOSDEV10_129_snr20,vivos,whisper,small,zero_shot,,42,20,noise,ĐIỀU NÀY ĐÚNG VỚI MỌI CẤP ĐỘ VÀ TRONG MỌI LĨNH VỰC CỦA ĐỜI SỐNG, Nhiều ngày đúng với mọi cấp độ và trong mọi ảnh vật của đời sống.
VIVOSDEV10_129_snr10,vivos,whisper,small,zero_shot,,42,10,music,ĐIỀU NÀY ĐÚNG VỚI MỌI CẤP ĐỘ VÀ TRONG MỌI LĨNH VỰC CỦA ĐỜI SỐNG, Điều ngày đúng với mọi cấp độ và trong mọi ứng vật của đời sống.
VIVOSDEV10_129_snr5,vivos,whisper,small,zero_shot,,42,5,noise,ĐIỀU NÀY ĐÚNG VỚI MỌI CẤP ĐỘ VÀ TRONG MỌI LĨNH VỰC CỦA ĐỜI SỐNG, Điều ngày đúng với mọi cấp độ và trong mọi ảnh vật của đời sống.
VIVOSDEV10_129_snr0,vivos,whisper,small,zero_shot,,42,0,music,ĐIỀU NÀY ĐÚNG VỚI MỌI CẤP ĐỘ VÀ TRONG MỌI LĨNH VỰC CỦA ĐỜI SỐNG, Điều ngày đúng với mọi cấp độ và trong mọi hình vật của đời xong.
VIVOSDEV16_228_clean,vivos,whisper,small,zero_shot,,42,clean,clean,XEN KẼ GIỮA NHỮNG MÀN BIỂU DIỄN LÀ NHỮNG PHÚT VUI CHƠI TẬP THỂ, Xen kể giữa những mang biểu diễn là những phút vui cho tập thể.
VIVOSDEV16_228_snr20,vivos,whisper,small,zero_shot,,42,20,speech,XEN KẼ GIỮA NHỮNG MÀN BIỂU DIỄN LÀ NHỮNG PHÚT VUI CHƠI TẬP THỂ, Xen kể giữa những mang biểu diễn là những phút vui cho tập thể.
VIVOSDEV16_228_snr10,vivos,whisper,small,zero_shot,,42,10,noise,XEN KẼ GIỮA NHỮNG MÀN BIỂU DIỄN LÀ NHỮNG PHÚT VUI CHƠI TẬP THỂ, sáng kể giữa những mang biểu diễn là những phút vui cho tập thể.
VIVOSDEV16_228_snr5,vivos,whisper,small,zero_shot,,42,5,music,XEN KẼ GIỮA NHỮNG MÀN BIỂU DIỄN LÀ NHỮNG PHÚT VUI CHƠI TẬP THỂ, Xen kể giữa những bàn biểu diễn là những phút vui cho tập thể.
VIVOSDEV16_228_snr0,vivos,whisper,small,zero_shot,,42,0,music,XEN KẼ GIỮA NHỮNG MÀN BIỂU DIỄN LÀ NHỮNG PHÚT VUI CHƠI TẬP THỂ, Xen kể giữ những thang đưu diện là những phút phu do tập thể.
VIVOSDEV18_265_clean,vivos,whisper,small,zero_shot,,42,clean,clean,SAU ĐÓ HỌ LÂN LA SANG CHƠI RỒI ĐÁNH CẮP ĐỨA BÉ, Sau đó họ lên la sang chơi rồi đánh cắp đứa bé.
VIVOSDEV18_265_snr20,vivos,whisper,small,zero_shot,,42,20,music,SAU ĐÓ HỌ LÂN LA SANG CHƠI RỒI ĐÁNH CẮP ĐỨA BÉ, Sau đó họ lên là sang chơi rồi đánh cấp đứa bé
VIVOSDEV18_265_snr10,vivos,whisper,small,zero_shot,,42,10,noise,SAU ĐÓ HỌ LÂN LA SANG CHƠI RỒI ĐÁNH CẮP ĐỨA BÉ, sau đó họ lên là sang chơi rồi đánh cấp đứa bé
VIVOSDEV18_265_snr5,vivos,whisper,small,zero_shot,,42,5,noise,SAU ĐÓ HỌ LÂN LA SANG CHƠI RỒI ĐÁNH CẮP ĐỨA BÉ, Sau đó họ lên la sang chơi rồi đánh cấp đứa bé
VIVOSDEV18_265_snr0,vivos,whisper,small,zero_shot,,42,0,music,SAU ĐÓ HỌ LÂN LA SANG CHƠI RỒI ĐÁNH CẮP ĐỨA BÉ, Sau đó họ lên la sang chơi rồi đánh cắp đứa bé
VIVOSDEV14_123_clean,vivos,whisper,small,zero_shot,,42,clean,clean,MỘT VÀI NGƯỜI TRONG BỌN HỌ ĐƯA MẮT NHÌN MẢNH GIẤY, Một vài người trong bọn họ đưa mắt nhìn mảnh giấy.
VIVOSDEV14_123_snr20,vivos,whisper,small,zero_shot,,42,20,noise,MỘT VÀI NGƯỜI TRONG BỌN HỌ ĐƯA MẮT NHÌN MẢNH GIẤY, Một vài người trong bọn họ đưa mắt nhìn mảnh giấy.
VIVOSDEV14_123_snr10,vivos,whisper,small,zero_shot,,42,10,speech,MỘT VÀI NGƯỜI TRONG BỌN HỌ ĐƯA MẮT NHÌN MẢNH GIẤY, Ngọt vài người trong bọn họ đưa mắt nhìn mảnh giấy.
VIVOSDEV14_123_snr5,vivos,whisper,small,zero_shot,,42,5,music,MỘT VÀI NGƯỜI TRONG BỌN HỌ ĐƯA MẮT NHÌN MẢNH GIẤY, Một vài người trong bọn họ đưa mắt nhìn mảnh giấy.
VIVOSDEV14_123_snr0,vivos,whisper,small,zero_shot,,42,0,noise,MỘT VÀI NGƯỜI TRONG BỌN HỌ ĐƯA MẮT NHÌN MẢNH GIẤY, Một vài người trong bọn họ đưa mắt nhìn mảnh giấy.
VIVOSDEV12_271_clean,vivos,whisper,small,zero_shot,,42,clean,clean,BÀ CON RANG TRÍ CÀNH ĐÀO ĐỂ CHUẨN BỊ ĐÓN TẾT, Bà con trang trí cánh đào để chuẩn bị đón tết.
VIVOSDEV12_271_snr20,vivos,whisper,small,zero_shot,,42,20,noise,BÀ CON RANG TRÍ CÀNH ĐÀO ĐỂ CHUẨN BỊ ĐÓN TẾT, Bà con trang trí cánh đào để chuẩn bị đón tết.
VIVOSDEV12_271_snr10,vivos,whisper,small,zero_shot,,42,10,speech,BÀ CON RANG TRÍ CÀNH ĐÀO ĐỂ CHUẨN BỊ ĐÓN TẾT, Bà con trang trí cánh đào để chuẩn bị đót tết.
VIVOSDEV12_271_snr5,vivos,whisper,small,zero_shot,,42,5,noise,BÀ CON RANG TRÍ CÀNH ĐÀO ĐỂ CHUẨN BỊ ĐÓN TẾT, Bà con trang trí cánh đào để chuẩn bị đón tết
VIVOSDEV12_271_snr0,vivos,whisper,small,zero_shot,,42,0,noise,BÀ CON RANG TRÍ CÀNH ĐÀO ĐỂ CHUẨN BỊ ĐÓN TẾT, và con trang trí cánh đào để chuẩn bị đón tết.
VIVOSDEV19_257_clean,vivos,whisper,small,zero_shot,,42,clean,clean,NHƯNG NẾU CHỈ NÓI CÁI GIỎI KHÔNG THÔI THÌ THẬT CHƯA ĐỦ VỀ CHÚ TƯ, Nhưng nếu chị nói cái dõi không thôi thì thật sự chưa đủ về chú Tư.
VIVOSDEV19_257_snr20,vivos,whisper,small,zero_shot,,42,20,noise,NHƯNG NẾU CHỈ NÓI CÁI GIỎI KHÔNG THÔI THÌ THẬT CHƯA ĐỦ VỀ CHÚ TƯ, Nhưng nếu chị nói cái dõi không thôi thì thật sự chưa đủ về chú Tư
VIVOSDEV19_257_snr10,vivos,whisper,small,zero_shot,,42,10,music,NHƯNG NẾU CHỈ NÓI CÁI GIỎI KHÔNG THÔI THÌ THẬT CHƯA ĐỦ VỀ CHÚ TƯ, Nhưng nếu chị nói cái dõi không thôi thì thật sự chưa đủ về chú Tư
VIVOSDEV19_257_snr5,vivos,whisper,small,zero_shot,,42,5,noise,NHƯNG NẾU CHỈ NÓI CÁI GIỎI KHÔNG THÔI THÌ THẬT CHƯA ĐỦ VỀ CHÚ TƯ, Nhưng nếu chị nói cái dõi không thôi thì thật sự chưa đủ về chú Tư.
VIVOSDEV19_257_snr0,vivos,whisper,small,zero_shot,,42,0,noise,NHƯNG NẾU CHỈ NÓI CÁI GIỎI KHÔNG THÔI THÌ THẬT CHƯA ĐỦ VỀ CHÚ TƯ, Nhưng nếu chị nói cái dõi không thôi thì thật sự chưa đủ về chú Tư
VIVOSDEV18_126_clean,vivos,whisper,small,zero_shot,,42,clean,clean,VÀI LẦN TRIỂN LÃM TRANH TƯỢNG KHÔNG LỜI NHƯ THẾ HẮN SẼ NHẬN RA," vài lần chuyển làm chân tượng không lời như thế, hẳn sẽ nhận ra."
VIVOSDEV18_126_snr20,vivos,whisper,small,zero_shot,,42,20,music,VÀI LẦN TRIỂN LÃM TRANH TƯỢNG KHÔNG LỜI NHƯ THẾ HẮN SẼ NHẬN RA," vài lần chuyển làm chân tượng không lời như thế, hẳn sẽ nhận ra."
VIVOSDEV18_126_snr10,vivos,whisper,small,zero_shot,,42,10,music,VÀI LẦN TRIỂN LÃM TRANH TƯỢNG KHÔNG LỜI NHƯ THẾ HẮN SẼ NHẬN RA," vài lần chuyển làm chân tượng không lời như thế, hẳn sẽ nhận ra."
VIVOSDEV18_126_snr5,vivos,whisper,small,zero_shot,,42,5,music,VÀI LẦN TRIỂN LÃM TRANH TƯỢNG KHÔNG LỜI NHƯ THẾ HẮN SẼ NHẬN RA," vài lần chuyển làm chân tượng không lời như thế, Hẵn sẽ nhận ra."
VIVOSDEV18_126_snr0,vivos,whisper,small,zero_shot,,42,0,music,VÀI LẦN TRIỂN LÃM TRANH TƯỢNG KHÔNG LỜI NHƯ THẾ HẮN SẼ NHẬN RA, và lần chuyển làm gian tượng không lời nguyên nế sẽ nhận ra
VIVOSDEV16_299_clean,vivos,whisper,small,zero_shot,,42,clean,clean,VÀO ĐƯỢC NHÀ ANH ĐẤY SỬA CỬA ĐI NGUY HIỂM ĐẤY," vào được nhà ăn đấy, sự cửa đê người hiếm đấy."
VIVOSDEV16_299_snr20,vivos,whisper,small,zero_shot,,42,20,music,VÀO ĐƯỢC NHÀ ANH ĐẤY SỬA CỬA ĐI NGUY HIỂM ĐẤY," vào được nhà ăn đấy, sự cổ đê người hiếm đấy."
VIVOSDEV16_299_snr10,vivos,whisper,small,zero_shot,,42,10,noise,VÀO ĐƯỢC NHÀ ANH ĐẤY SỬA CỬA ĐI NGUY HIỂM ĐẤY," vào được nhà anh đấy, sự cổ đê người hiếm đấy."
VIVOSDEV16_299_snr5,vivos,whisper,small,zero_shot,,42,5,speech,VÀO ĐƯỢC NHÀ ANH ĐẤY SỬA CỬA ĐI NGUY HIỂM ĐẤY," Vào được nhà anh đấy, sự cổ đi người hiểm đấy."
VIVOSDEV16_299_snr0,vivos,whisper,small,zero_shot,,42,0,music,VÀO ĐƯỢC NHÀ ANH ĐẤY SỬA CỬA ĐI NGUY HIỂM ĐẤY," Vào được nhà anh đấy, sự cổ đê người hiểm đấy."
VIVOSDEV18_195_clean,vivos,whisper,small,zero_shot,,42,clean,clean,ĐẦU TIÊN LÀ MỘT TẤM ÂM BẢN SAU ĐÓ MỚI ĐẾN DƯƠNG BẢN, Tiên là một tấm ấm bạn sau đó mới đến dương bạn.
VIVOSDEV18_195_snr20,vivos,whisper,small,zero_shot,,42,20,noise,ĐẦU TIÊN LÀ MỘT TẤM ÂM BẢN SAU ĐÓ MỚI ĐẾN DƯƠNG BẢN, Tiên là một tấm ấm bạn sau đó mới đến dương bán.
VIVOSDEV18_195_snr10,vivos,whisper,small,zero_shot,,42,10,speech,ĐẦU TIÊN LÀ MỘT TẤM ÂM BẢN SAU ĐÓ MỚI ĐẾN DƯƠNG BẢN, Tiếp là một tầm ấm bản sau đó mới đến dương bản.
VIVOSDEV18_195_snr5,vivos,whisper,small,zero_shot,,42,5,music,ĐẦU TIÊN LÀ MỘT TẤM ÂM BẢN SAU ĐÓ MỚI ĐẾN DƯƠNG BẢN, Tiên là một tầm âm bạn sau đó mưa đến dương bản.
VIVOSDEV18_195_snr0,vivos,whisper,small,zero_shot,,42,0,music,ĐẦU TIÊN LÀ MỘT TẤM ÂM BẢN SAU ĐÓ MỚI ĐẾN DƯƠNG BẢN," Điên là 1 tầm hâm bạn, sau đó mời đến chứ bạn."
VIVOSDEV18_240_clean,vivos,whisper,small,zero_shot,,42,clean,clean,MỜI THAM DỰ CUỘC THI VIẾT NGẮN MỘT GIỜ KHÔNG ĐIỆN, Mời tam dự cuộc thi viết ngắn 1 giờ không điện.
VIVOSDEV18_240_snr20,vivos,whisper,small,zero_shot,,42,20,speech,MỜI THAM DỰ CUỘC THI VIẾT NGẮN MỘT GIỜ KHÔNG ĐIỆN," Mời tâm dự cuộc thi, viết ngắn 1 giờ không điện."
VIVOSDEV18_240_snr10,vivos,whisper,small,zero_shot,,42,10,music,MỜI THAM DỰ CUỘC THI VIẾT NGẮN MỘT GIỜ KHÔNG ĐIỆN," Mời tam dự cuộc thi, kiết ngắn 1 giờ không điện."
VIVOSDEV18_240_snr5,vivos,whisper,small,zero_shot,,42,5,noise,MỜI THAM DỰ CUỘC THI VIẾT NGẮN MỘT GIỜ KHÔNG ĐIỆN, Mời tâm dự cuộc thi viết ngắn 1 giờ không điện
VIVOSDEV18_240_snr0,vivos,whisper,small,zero_shot,,42,0,speech,MỜI THAM DỰ CUỘC THI VIẾT NGẮN MỘT GIỜ KHÔNG ĐIỆN, Mời tán sự cuộc thi biết ngắn 1 giờ không điện.
VIVOSDEV17_107_clean,vivos,whisper,small,zero_shot,,42,clean,clean,HỌ ĐƯỢC BỌN ĐẦU NẬU NHỮNG TAY TRÙM THUÊ VỚI GIÁ RẺ MẠT, Họ được bỏ nạo đau những tay trùm thuê với giá rẻ mạc.
VIVOSDEV17_107_snr20,vivos,whisper,small,zero_shot,,42,20,noise,HỌ ĐƯỢC BỌN ĐẦU NẬU NHỮNG TAY TRÙM THUÊ VỚI GIÁ RẺ MẠT, Họ được bỏ nạo đau những tay trùm thuê với giá rẻ mạc
VIVOSDEV17_107_snr10,vivos,whisper,small,zero_shot,,42,10,music,HỌ ĐƯỢC BỌN ĐẦU NẬU NHỮNG TAY TRÙM THUÊ VỚI GIÁ RẺ MẠT, Họ được bỏ đau nậu những tay trùm thuê với giá rẻ mạng.
VIVOSDEV17_107_snr5,vivos,whisper,small,zero_shot,,42,5,noise,HỌ ĐƯỢC BỌN ĐẦU NẬU NHỮNG TAY TRÙM THUÊ VỚI GIÁ RẺ MẠT, Họ được bỏ nầu nộng những tay trùm thuê với giá ở trẻ mà
VIVOSDEV17_107_snr0,vivos,whisper,small,zero_shot,,42,0,music,HỌ ĐƯỢC BỌN ĐẦU NẬU NHỮNG TAY TRÙM THUÊ VỚI GIÁ RẺ MẠT, Họ được bỏng đau nậu những tay trùng thuê với giá rẻ mẹn.
VIVOSDEV19_094_clean,vivos,whisper,small,zero_shot,,42,clean,clean,TRANG VIẾT CỦA HỌ HƠN HẲN THỜI TUỔI TRẺ CỦA TÔI," Các bạn có thể nhận được các tên phía của mình, các bạn có thể nhận được các tên phía của mình, các bạn có thể nhận được các tên phía của mình, các bạn có thể nhận được các tên phía của mình, các bạn có thể nhận được các tên phía của mình, các bạn có thể nhận được các tên phía của mình, các bạn có thể nhận được các tên phía của mình, các bạn có thể nhận được các tên phía của mình, các bạn có thể nhận được"
VIVOSDEV19_094_snr20,vivos,whisper,small,zero_shot,,42,20,noise,TRANG VIẾT CỦA HỌ HƠN HẲN THỜI TUỔI TRẺ CỦA TÔI," Các bạn có thể nhận được các tên phía của mình, các bạn có thể nhận được các tên phía của mình, các bạn có thể nhận được các tên phía của mình, các bạn có thể nhận được các tên phía của mình, các bạn có thể nhận được các tên phía của mình, các bạn có thể nhận được các tên phía của mình, các bạn có thể nhận được các tên phía của mình, các bạn có thể nhận được các tên phía của mình, các bạn có thể nhận được"
VIVOSDEV19_094_snr10,vivos,whisper,small,zero_shot,,42,10,music,TRANG VIẾT CỦA HỌ HƠN HẲN THỜI TUỔI TRẺ CỦA TÔI, Trang viết của họ hơn hãnh thời tụi chảy của tôi.
VIVOSDEV19_094_snr5,vivos,whisper,small,zero_shot,,42,5,speech,TRANG VIẾT CỦA HỌ HƠN HẲN THỜI TUỔI TRẺ CỦA TÔI, Càng viết của họ hơn hắn thời tụi chế của tôi.
VIVOSDEV19_094_snr0,vivos,whisper,small,zero_shot,,42,0,noise,TRANG VIẾT CỦA HỌ HƠN HẲN THỜI TUỔI TRẺ CỦA TÔI, Các bạn biết của họ hơn hãng thời tuổi trảy của tôi.
VIVOSDEV01_R012_clean,vivos,whisper,small,zero_shot,,42,clean,clean,NHỮNG CƠN GIÓ MẠNH VÀ MƯA ĐÓNG BĂNG GÂY TRƠN TRỢT, Những cơn gió mạnh và mưa đóng băng gây chân trợt.
VIVOSDEV01_R012_snr20,vivos,whisper,small,zero_shot,,42,20,noise,NHỮNG CƠN GIÓ MẠNH VÀ MƯA ĐÓNG BĂNG GÂY TRƠN TRỢT, Những cơn gió mạnh và mưa đóng băng gây chân trợt.
VIVOSDEV01_R012_snr10,vivos,whisper,small,zero_shot,,42,10,music,NHỮNG CƠN GIÓ MẠNH VÀ MƯA ĐÓNG BĂNG GÂY TRƠN TRỢT, những cơn gió mạnh và mưa đóng băng gây chân trợt.
VIVOSDEV01_R012_snr5,vivos,whisper,small,zero_shot,,42,5,noise,NHỮNG CƠN GIÓ MẠNH VÀ MƯA ĐÓNG BĂNG GÂY TRƠN TRỢT, Những cơn gió mạnh và mưa đóng băng gây chân trợ.
VIVOSDEV01_R012_snr0,vivos,whisper,small,zero_shot,,42,0,music,NHỮNG CƠN GIÓ MẠNH VÀ MƯA ĐÓNG BĂNG GÂY TRƠN TRỢT, Những cơn gió mạnh và mưa đống ban ghi chân trợ.
VIVOSDEV19_227_clean,vivos,whisper,small,zero_shot,,42,clean,clean,TỪ ĐẤY ÔNG CÀNG THÔNG CẢM SÂU SẮC TÂM TRẠNG CỦA NGUYỄN THIẾP," Từ đấy, ông càng thông cảm sâu sắc tâm trạng của người yến thích."
VIVOSDEV19_227_snr20,vivos,whisper,small,zero_shot,,42,20,noise,TỪ ĐẤY ÔNG CÀNG THÔNG CẢM SÂU SẮC TÂM TRẠNG CỦA NGUYỄN THIẾP," Từ đấy, ông càng thông cảm sâu sắc tâm trạng của người yên thích."
VIVOSDEV19_227_snr10,vivos,whisper,small,zero_shot,,42,10,noise,TỪ ĐẤY ÔNG CÀNG THÔNG CẢM SÂU SẮC TÂM TRẠNG CỦA NGUYỄN THIẾP," Từ đấy, ông càng thông cảm sâu sắc tâm trạng của người yến thích."
VIVOSDEV19_227_snr5,vivos,whisper,small,zero_shot,,42,5,music,TỪ ĐẤY ÔNG CÀNG THÔNG CẢM SÂU SẮC TÂM TRẠNG CỦA NGUYỄN THIẾP," Từ đấy, ông càng thông cảm, sau sắc tâm trạng của người ấy thế."
VIVOSDEV19_227_snr0,vivos,whisper,small,zero_shot,,42,0,noise,TỪ ĐẤY ÔNG CÀNG THÔNG CẢM SÂU SẮC TÂM TRẠNG CỦA NGUYỄN THIẾP," Từ đấy, ông càng thông cảm xúc, thâu sắc tâm trạng của người thích."
VIVOSDEV02_T013_clean,vivos,whisper,small,zero_shot,,42,clean,clean,TỐNG CỔ HẮN ĐI KHÔNG ĐƯỢC ĐỂ HẮN VÀO ĐÂY NỮA, Đóng cỏ Hãng Đi không được để Hãng vào đây nữa.
VIVOSDEV02_T013_snr20,vivos,whisper,small,zero_shot,,42,20,noise,TỐNG CỔ HẮN ĐI KHÔNG ĐƯỢC ĐỂ HẮN VÀO ĐÂY NỮA, Đóng cỏ Hắn đi không được để Hắn vào đây nữa.
VIVOSDEV02_T013_snr10,vivos,whisper,small,zero_shot,,42,10,noise,TỐNG CỔ HẮN ĐI KHÔNG ĐƯỢC ĐỂ HẮN VÀO ĐÂY NỮA, Tông có hắn đi không được để hắn vào đây nữa.
VIVOSDEV02_T013_snr5,vivos,whisper,small,zero_shot,,42,5,music,TỐNG CỔ HẮN ĐI KHÔNG ĐƯỢC ĐỂ HẮN VÀO ĐÂY NỮA, Tâm có Hán Tây không được để hán vào đây nữa.
VIVOSDEV02_T013_snr0,vivos,whisper,small,zero_shot,,42,0,music,TỐNG CỔ HẮN ĐI KHÔNG ĐƯỢC ĐỂ HẮN VÀO ĐÂY NỮA, Tâm cổ Hãng Tây không được để thắng vào đây nữa.
VIVOSDEV13_255_clean,vivos,whisper,small,zero_shot,,42,clean,clean,CÓ LẼ ĐÂY LÀ LỜI QUẢNG CÁO KHÔNG CÔNG HAY NHẤT CHO DU LỊCH LÀO, Có lẽ đây là lời quảng cáo Hong Kong 2 nhất cho du lịch nào
VIVOSDEV13_255_snr20,vivos,whisper,small,zero_shot,,42,20,music,CÓ LẼ ĐÂY LÀ LỜI QUẢNG CÁO KHÔNG CÔNG HAY NHẤT CHO DU LỊCH LÀO, Có lẽ đây là lời quảng cáo Hong Kong 2 nhất cho du lịch nào
VIVOSDEV13_255_snr10,vivos,whisper,small,zero_shot,,42,10,noise,CÓ LẼ ĐÂY LÀ LỜI QUẢNG CÁO KHÔNG CÔNG HAY NHẤT CHO DU LỊCH LÀO, Có lẽ đây là lời quảng cáo Hong Kong 2 nhất cho du lịch nào
VIVOSDEV13_255_snr5,vivos,whisper,small,zero_shot,,42,5,noise,CÓ LẼ ĐÂY LÀ LỜI QUẢNG CÁO KHÔNG CÔNG HAY NHẤT CHO DU LỊCH LÀO, Có lẽ đây là lời quản cáo Hong Kong 2 nhất cho du lịch nào
VIVOSDEV13_255_snr0,vivos,whisper,small,zero_shot,,42,0,speech,CÓ LẼ ĐÂY LÀ LỜI QUẢNG CÁO KHÔNG CÔNG HAY NHẤT CHO DU LỊCH LÀO, Có lẽ đây là lời quen cáo không công ngã nhất cho du lịch nào.
VIVOSDEV04_R189_clean,vivos,whisper,small,zero_shot,,42,clean,clean,TỪ NỖI CÔ ĐƠN CỦA MỘT CÔ BÉ BỊ CHA MẸ BỎ QUÊN, Từ nữ cuối đơn của một cô bé bị cho mẹ bỏ quen.
VIVOSDEV04_R189_snr20,vivos,whisper,small,zero_shot,,42,20,speech,TỪ NỖI CÔ ĐƠN CỦA MỘT CÔ BÉ BỊ CHA MẸ BỎ QUÊN, Từ nữ cuối đơn của một cô bé bị cho mẹ bỏ quen.
VIVOSDEV04_R189_snr10,vivos,whisper,small,zero_shot,,42,10,speech,TỪ NỖI CÔ ĐƠN CỦA MỘT CÔ BÉ BỊ CHA MẸ BỎ QUÊN, Từ nữ của đơn của một cô bé bị cho mẹ bỏ quay.
VIVOSDEV04_R189_snr5,vivos,whisper,small,zero_shot,,42,5,music,TỪ NỖI CÔ ĐƠN CỦA MỘT CÔ BÉ BỊ CHA MẸ BỎ QUÊN, Từ nữ cua đơn của một cô bé bị cho mẹ bỏ quen.
VIVOSDEV04_R189_snr0,vivos,whisper,small,zero_shot,,42,0,noise,TỪ NỖI CÔ ĐƠN CỦA MỘT CÔ BÉ BỊ CHA MẸ BỎ QUÊN, Từ nữ của đơn của một của bé bị cho mẹ bỏ quên
VIVOSDEV07_170_clean,vivos,whisper,small,zero_shot,,42,clean,clean,NHƯ LẦN NÀY ĐƯỢC NẾM MÓN GIÒ THỦ HOÀN TOÀN LÀM TỪ TAI HEO, Như lần này được đếm món giò thủ hoàn toàn làm từ tai heo.
VIVOSDEV07_170_snr20,vivos,whisper,small,zero_shot,,42,20,music,NHƯ LẦN NÀY ĐƯỢC NẾM MÓN GIÒ THỦ HOÀN TOÀN LÀM TỪ TAI HEO, Như lần này được đếm món giò thủ hoàn toàn làm từ tai heo
VIVOSDEV07_170_snr10,vivos,whisper,small,zero_shot,,42,10,speech,NHƯ LẦN NÀY ĐƯỢC NẾM MÓN GIÒ THỦ HOÀN TOÀN LÀM TỪ TAI HEO, Như lần này được đếm món giò thủ hoàn toàn làm từ tai heo
VIVOSDEV07_170_snr5,vivos,whisper,small,zero_shot,,42,5,speech,NHƯ LẦN NÀY ĐƯỢC NẾM MÓN GIÒ THỦ HOÀN TOÀN LÀM TỪ TAI HEO, Nhưng lần này được đến món giò sủ hoàn toàn làm từ tai heo.
VIVOSDEV07_170_snr0,vivos,whisper,small,zero_shot,,42,0,speech,NHƯ LẦN NÀY ĐƯỢC NẾM MÓN GIÒ THỦ HOÀN TOÀN LÀM TỪ TAI HEO, Như lần này được đệp món giò thủ hoàn toàn làm từ tai heo.
VIVOSDEV11_129_clean,vivos,whisper,small,zero_shot,,42,clean,clean,ĐI BỘ LEO NÚI ĐẾN NHỪ CHÂN, Đi bộ leo nối đến nhự trăn.
VIVOSDEV11_129_snr20,vivos,whisper,small,zero_shot,,42,20,music,ĐI BỘ LEO NÚI ĐẾN NHỪ CHÂN, Đi bỏ leo nối đến nhự trăn.
VIVOSDEV11_129_snr10,vivos,whisper,small,zero_shot,,42,10,noise,ĐI BỘ LEO NÚI ĐẾN NHỪ CHÂN, Đi bộ leo nối đến nhự trân
VIVOSDEV11_129_snr5,vivos,whisper,small,zero_shot,,42,5,music,ĐI BỘ LEO NÚI ĐẾN NHỪ CHÂN, Đi bộ leo nối đến Nhân Trân
VIVOSDEV11_129_snr0,vivos,whisper,small,zero_shot,,42,0,noise,ĐI BỘ LEO NÚI ĐẾN NHỪ CHÂN, đi bộ leo nối đến Nhường Trân
VIVOSDEV10_051_clean,vivos,whisper,small,zero_shot,,42,clean,clean,KHUNG RĂNG HÀM TRÊN KHUM, Hùng ganh hàm trên hôm
VIVOSDEV10_051_snr20,vivos,whisper,small,zero_shot,,42,20,speech,KHUNG RĂNG HÀM TRÊN KHUM, Hùng ganh hàm trên hôm
VIVOSDEV10_051_snr10,vivos,whisper,small,zero_shot,,42,10,noise,KHUNG RĂNG HÀM TRÊN KHUM, Hùng ganh hàm trên hùng
VIVOSDEV10_051_snr5,vivos,whisper,small,zero_shot,,42,5,speech,KHUNG RĂNG HÀM TRÊN KHUM, Hùng gian hạc trên hùng...
VIVOSDEV10_051_snr0,vivos,whisper,small,zero_shot,,42,0,speech,KHUNG RĂNG HÀM TRÊN KHUM, Phó rắn rắn rắn hôm nay.
VIVOSDEV09_293_clean,vivos,whisper,small,zero_shot,,42,clean,clean,NÓ TRỐN MẤT TIÊU RỒI CÒN ĐÂU, Nói chó mất tiêu rồi còn đâu?
VIVOSDEV09_293_snr20,vivos,whisper,small,zero_shot,,42,20,noise,NÓ TRỐN MẤT TIÊU RỒI CÒN ĐÂU, Nó chó mất tiêu rồi còn đâu
VIVOSDEV09_293_snr10,vivos,whisper,small,zero_shot,,42,10,speech,NÓ TRỐN MẤT TIÊU RỒI CÒN ĐÂU, Nói chó mất tiêu rồi còn đâu
VIVOSDEV09_293_snr5,vivos,whisper,small,zero_shot,,42,5,speech,NÓ TRỐN MẤT TIÊU RỒI CÒN ĐÂU, Nói chó mất tìm rồi còn đâu.
VIVOSDEV09_293_snr0,vivos,whisper,small,zero_shot,,42,0,music,NÓ TRỐN MẤT TIÊU RỒI CÒN ĐÂU, Nói chó mất tùy hoài còn gọi
VIVOSDEV13_164_clean,vivos,whisper,small,zero_shot,,42,clean,clean,HIỆN CƠ QUAN CHỨC NĂNG ĐANG TIẾP TỤC ĐIỀU TRA VỤ VIỆC, Hiển cơ quan chức năng đang tiếp tục điều tra vũ việc.
VIVOSDEV13_164_snr20,vivos,whisper,small,zero_shot,,42,20,noise,HIỆN CƠ QUAN CHỨC NĂNG ĐANG TIẾP TỤC ĐIỀU TRA VỤ VIỆC, Hiển cơ quan chức năng đang tiếp tục điều tra vũ việc.
VIVOSDEV13_164_snr10,vivos,whisper,small,zero_shot,,42,10,speech,HIỆN CƠ QUAN CHỨC NĂNG ĐANG TIẾP TỤC ĐIỀU TRA VỤ VIỆC, Hiện cơ quan chức năng đang tiếp tục điều tra vũ việt.
VIVOSDEV13_164_snr5,vivos,whisper,small,zero_shot,,42,5,music,HIỆN CƠ QUAN CHỨC NĂNG ĐANG TIẾP TỤC ĐIỀU TRA VỤ VIỆC, Hiện cơ quan chức năng đang tiếp tục đi with the work.
VIVOSDEV13_164_snr0,vivos,whisper,small,zero_shot,,42,0,noise,HIỆN CƠ QUAN CHỨC NĂNG ĐANG TIẾP TỤC ĐIỀU TRA VỤ VIỆC, Liện tư quan chức năng đang tiếp tục dù ca vũ huyệt
VIVOSDEV15_003_clean,vivos,whisper,small,zero_shot,,42,clean,clean,ĐIỀU NÀY KHÓ HƠN KHI BẠN VÀO BÀN TIỆC TOÀN NGƯỜI XA LẠ, điều này khó hơn khi bạn vào bản tiệc toàn người xa lại.
VIVOSDEV15_003_snr20,vivos,whisper,small,zero_shot,,42,20,speech,ĐIỀU NÀY KHÓ HƠN KHI BẠN VÀO BÀN TIỆC TOÀN NGƯỜI XA LẠ, điều này khó hơn khi bạn vào bàn tiệc toàn người xa lại.
VIVOSDEV15_003_snr10,vivos,whisper,small,zero_shot,,42,10,noise,ĐIỀU NÀY KHÓ HƠN KHI BẠN VÀO BÀN TIỆC TOÀN NGƯỜI XA LẠ, điều này khó hơn khi bạn rào bản tiệc toàn người xa lại
VIVOSDEV15_003_snr5,vivos,whisper,small,zero_shot,,42,5,noise,ĐIỀU NÀY KHÓ HƠN KHI BẠN VÀO BÀN TIỆC TOÀN NGƯỜI XA LẠ, Dù này có hơn khi bạn vào bàn tiệc tuần người xa lại.
VIVOSDEV15_003_snr0,vivos,whisper,small,zero_shot,,42,0,noise,ĐIỀU NÀY KHÓ HƠN KHI BẠN VÀO BÀN TIỆC TOÀN NGƯỜI XA LẠ, Điều này khó hơn khi bạn vào bàn tiệc toàn người xa lại.
VIVOSDEV05_115_clean,vivos,whisper,small,zero_shot,,42,clean,clean,THỜI HẠN SỬ DỤNG VÀ LOẠI SẢN PHẨM BỘT, Thời hàng sử dụng và loại sản phẩm bột
VIVOSDEV05_115_snr20,vivos,whisper,small,zero_shot,,42,20,noise,THỜI HẠN SỬ DỤNG VÀ LOẠI SẢN PHẨM BỘT, Thời hàng sử dụng và loại sản phẩm bột
VIVOSDEV05_115_snr10,vivos,whisper,small,zero_shot,,42,10,noise,THỜI HẠN SỬ DỤNG VÀ LOẠI SẢN PHẨM BỘT, Thời hạn sử dụng và loại sản phẩm bột
VIVOSDEV05_115_snr5,vivos,whisper,small,zero_shot,,42,5,music,THỜI HẠN SỬ DỤNG VÀ LOẠI SẢN PHẨM BỘT, Thời hàng sử dụng vào loại sản phẩm bộ
VIVOSDEV05_115_snr0,vivos,whisper,small,zero_shot,,42,0,speech,THỜI HẠN SỬ DỤNG VÀ LOẠI SẢN PHẨM BỘT, thời hành sẽ dùng vào loại sản phẩm bộ.
VIVOSDEV04_R114_clean,vivos,whisper,small,zero_shot,,42,clean,clean,CŨNG CHẲNG CÒN XÚNG XÍNH QUẦN ÁO MỚI, Cũng chẳng còn xung xính quần áo mới.
VIVOSDEV04_R114_snr20,vivos,whisper,small,zero_shot,,42,20,music,CŨNG CHẲNG CÒN XÚNG XÍNH QUẦN ÁO MỚI, Cũng chẳng còn xung xính quần áo mới.
VIVOSDEV04_R114_snr10,vivos,whisper,small,zero_shot,,42,10,music,CŨNG CHẲNG CÒN XÚNG XÍNH QUẦN ÁO MỚI, Cũng chẳng còn xung xím của quần áo mới.
VIVOSDEV04_R114_snr5,vivos,whisper,small,zero_shot,,42,5,music,CŨNG CHẲNG CÒN XÚNG XÍNH QUẦN ÁO MỚI, Cũng chẳng còn xung xính quần áo mới
VIVOSDEV04_R114_snr0,vivos,whisper,small,zero_shot,,42,0,noise,CŨNG CHẲNG CÒN XÚNG XÍNH QUẦN ÁO MỚI, cũng chẳng còn xíu xíu của con áo mới
VIVOSDEV02_R015_clean,vivos,whisper,small,zero_shot,,42,clean,clean,TẤT CẢ MỌI THỨ ĐỀU KỲ LẠ MỘT CÁCH PHI THƯỜNG, Đất cả mọi thứ đều kỳ là một cách phi thường.
VIVOSDEV02_R015_snr20,vivos,whisper,small,zero_shot,,42,20,speech,TẤT CẢ MỌI THỨ ĐỀU KỲ LẠ MỘT CÁCH PHI THƯỜNG, Đất cả mọi thứ đều kỳ là một cách phi thường.
VIVOSDEV02_R015_snr10,vivos,whisper,small,zero_shot,,42,10,noise,TẤT CẢ MỌI THỨ ĐỀU KỲ LẠ MỘT CÁCH PHI THƯỜNG, Đất cả mọi thứ đều kỳ là một cách phí thường.
VIVOSDEV02_R015_snr5,vivos,whisper,small,zero_shot,,42,5,music,TẤT CẢ MỌI THỨ ĐỀU KỲ LẠ MỘT CÁCH PHI THƯỜNG, Tất cả mọi thứ đều kỳ là một cách phi thường.
VIVOSDEV02_R015_snr0,vivos,whisper,small,zero_shot,,42,0,noise,TẤT CẢ MỌI THỨ ĐỀU KỲ LẠ MỘT CÁCH PHI THƯỜNG, Tất cả mọi thứ đều kỳ làm một mạc phi thư
VIVOSDEV17_173_clean,vivos,whisper,small,zero_shot,,42,clean,clean,TRÌNH ĐỘ CHUYÊN MÔN CỦA CÔ KHIẾN CÔ QUÁ THỪA TƯ CÁCH, Trình đỡ chuyên môn của cô khiến cô quá thừa tư cách.
VIVOSDEV17_173_snr20,vivos,whisper,small,zero_shot,,42,20,music,TRÌNH ĐỘ CHUYÊN MÔN CỦA CÔ KHIẾN CÔ QUÁ THỪA TƯ CÁCH, Trình nở chuyên mon của cô khiến cô quá thừa tư cách.
VIVOSDEV17_173_snr10,vivos,whisper,small,zero_shot,,42,10,noise,TRÌNH ĐỘ CHUYÊN MÔN CỦA CÔ KHIẾN CÔ QUÁ THỪA TƯ CÁCH, Trình đổi chuyên mon của cô khiến cô quá thường theo cách
VIVOSDEV17_173_snr5,vivos,whisper,small,zero_shot,,42,5,speech,TRÌNH ĐỘ CHUYÊN MÔN CỦA CÔ KHIẾN CÔ QUÁ THỪA TƯ CÁCH, Kinh đợi chuyên môn của Coi khi Coa thở tư cấp.
VIVOSDEV17_173_snr0,vivos,whisper,small,zero_shot,,42,0,music,TRÌNH ĐỘ CHUYÊN MÔN CỦA CÔ KHIẾN CÔ QUÁ THỪA TƯ CÁCH, Chịnh nở chuyên môn của cô khi cô quá thừa tư cắp.
VIVOSDEV13_167_clean,vivos,whisper,small,zero_shot,,42,clean,clean,KHI BỊ PHÁT HIỆN HỌ ĐÃ TRẢ LỜI NHƯ THẾ NÀO, Khi bị phát hiện họ đã trả lời như thế.
VIVOSDEV13_167_snr20,vivos,whisper,small,zero_shot,,42,20,music,KHI BỊ PHÁT HIỆN HỌ ĐÃ TRẢ LỜI NHƯ THẾ NÀO, Khi bị phát hiện họ đã trả lời như thế
VIVOSDEV13_167_snr10,vivos,whisper,small,zero_shot,,42,10,noise,KHI BỊ PHÁT HIỆN HỌ ĐÃ TRẢ LỜI NHƯ THẾ NÀO, Phi bị phát hiện họ đã trả lời như thế
VIVOSDEV13_167_snr5,vivos,whisper,small,zero_shot,,42,5,noise,KHI BỊ PHÁT HIỆN HỌ ĐÃ TRẢ LỜI NHƯ THẾ NÀO, Khi bị phát hiện họ đã trả lời như thế
VIVOSDEV13_167_snr0,vivos,whisper,small,zero_shot,,42,0,speech,KHI BỊ PHÁT HIỆN HỌ ĐÃ TRẢ LỜI NHƯ THẾ NÀO, Phi bị phát hiện họ đã trả lời như thế.
VIVOSDEV01_R092_clean,vivos,whisper,small,zero_shot,,42,clean,clean,DO CHÍNH PHỦ MỸ TIẾN HÀNH Ở VIỆT NAM, do chính phủ Mỹ tiến hành ở Việt Nam.
VIVOSDEV01_R092_snr20,vivos,whisper,small,zero_shot,,42,20,music,DO CHÍNH PHỦ MỸ TIẾN HÀNH Ở VIỆT NAM, do chính phủ Mỹ tiến hành ở Việt Nam.
VIVOSDEV01_R092_snr10,vivos,whisper,small,zero_shot,,42,10,noise,DO CHÍNH PHỦ MỸ TIẾN HÀNH Ở VIỆT NAM, Do chính phủ Mỹ tiến hành ở Việt Nam
VIVOSDEV01_R092_snr5,vivos,whisper,small,zero_shot,,42,5,music,DO CHÍNH PHỦ MỸ TIẾN HÀNH Ở VIỆT NAM, do chính phủ Mỹ tiến hành ở Việt Nam.
VIVOSDEV01_R092_snr0,vivos,whisper,small,zero_shot,,42,0,music,DO CHÍNH PHỦ MỸ TIẾN HÀNH Ở VIỆT NAM, do chính phủ Mỹ tiến hành ở Việt Nam
VIVOSDEV14_180_clean,vivos,whisper,small,zero_shot,,42,clean,clean,ĂN CÁ NGỪ CÁ THU VÀ CÁ MÒI VỚI RAU TRỘN, ăn cá ngựa cá thu và cá mòi với rau trộn
VIVOSDEV14_180_snr20,vivos,whisper,small,zero_shot,,42,20,speech,ĂN CÁ NGỪ CÁ THU VÀ CÁ MÒI VỚI RAU TRỘN, ăn cá ngựa cá thu và cá mòi với rau trộn.
VIVOSDEV14_180_snr10,vivos,whisper,small,zero_shot,,42,10,music,ĂN CÁ NGỪ CÁ THU VÀ CÁ MÒI VỚI RAU TRỘN, ăn cá ngựa cá thu và cá mòi với rau trộn
VIVOSDEV14_180_snr5,vivos,whisper,small,zero_shot,,42,5,noise,ĂN CÁ NGỪ CÁ THU VÀ CÁ MÒI VỚI RAU TRỘN, Các người đã thu và cá mòi với lâu trộn
VIVOSDEV14_180_snr0,vivos,whisper,small,zero_shot,,42,0,music,ĂN CÁ NGỪ CÁ THU VÀ CÁ MÒI VỚI RAU TRỘN, Các tình tất thư và cá thòi với râu trộn.
VIVOSDEV01_T048_clean,vivos,whisper,small,zero_shot,,42,clean,clean,THẰNG ĐÓ CÓ CÁI MIỆNG NHƯ ĐÀN BÀ, Hàng đó có cái mỉn như đằng bà.
VIVOSDEV01_T048_snr20,vivos,whisper,small,zero_shot,,42,20,noise,THẰNG ĐÓ CÓ CÁI MIỆNG NHƯ ĐÀN BÀ, Hàng đó có cái mỉn như đằng bà.
VIVOSDEV01_T048_snr10,vivos,whisper,small,zero_shot,,42,10,noise,THẰNG ĐÓ CÓ CÁI MIỆNG NHƯ ĐÀN BÀ, Thằng đó có cái mỉn như đằng bà.
VIVOSDEV01_T048_snr5,vivos,whisper,small,zero_shot,,42,5,music,THẰNG ĐÓ CÓ CÁI MIỆNG NHƯ ĐÀN BÀ, Thằng đó có cái mỉn như đặc bà
VIVOSDEV01_T048_snr0,vivos,whisper,small,zero_shot,,42,0,music,THẰNG ĐÓ CÓ CÁI MIỆNG NHƯ ĐÀN BÀ, Hắn đó có cái review răng bác
VIVOSDEV05_200_clean,vivos,whisper,small,zero_shot,,42,clean,clean,LÀM ĐƯỜNG DÂY ĐỂ NỐI CÁC MẢNH ĐỜI, làm đường dây để nói các mảnh đời.
VIVOSDEV05_200_snr20,vivos,whisper,small,zero_shot,,42,20,noise,LÀM ĐƯỜNG DÂY ĐỂ NỐI CÁC MẢNH ĐỜI, làm đường dây để nói các mảnh đời.
VIVOSDEV05_200_snr10,vivos,whisper,small,zero_shot,,42,10,music,LÀM ĐƯỜNG DÂY ĐỂ NỐI CÁC MẢNH ĐỜI, làm đường dây để nói các mảnh đời.
VIVOSDEV05_200_snr5,vivos,whisper,small,zero_shot,,42,5,music,LÀM ĐƯỜNG DÂY ĐỂ NỐI CÁC MẢNH ĐỜI, làm đường dây để nói các mảnh đời.
VIVOSDEV05_200_snr0,vivos,whisper,small,zero_shot,,42,0,noise,LÀM ĐƯỜNG DÂY ĐỂ NỐI CÁC MẢNH ĐỜI, làm đường dây để nói các mặn đời
VIVOSDEV12_071_clean,vivos,whisper,small,zero_shot,,42,clean,clean,NÓ ĐƯỢC ĐẶT TRONG MỘT HỘP ĐỰNG TRANG SỨC BỌC DA ĐỎ, Nó được đặt trong màu hộp đừng trang sức bọc da đó.
VIVOSDEV12_071_snr20,vivos,whisper,small,zero_shot,,42,20,music,NÓ ĐƯỢC ĐẶT TRONG MỘT HỘP ĐỰNG TRANG SỨC BỌC DA ĐỎ, Nó được đặt trong màu hộp đừng trang sức bọc da đó.
VIVOSDEV12_071_snr10,vivos,whisper,small,zero_shot,,42,10,music,NÓ ĐƯỢC ĐẶT TRONG MỘT HỘP ĐỰNG TRANG SỨC BỌC DA ĐỎ, Nó được đặt trong một hộp đừng trang sức bọc da đó.
VIVOSDEV12_071_snr5,vivos,whisper,small,zero_shot,,42,5,speech,NÓ ĐƯỢC ĐẶT TRONG MỘT HỘP ĐỰNG TRANG SỨC BỌC DA ĐỎ, Nó được đặt trong màu họp đường can sức bọc da đó.
VIVOSDEV12_071_snr0,vivos,whisper,small,zero_shot,,42,0,noise,NÓ ĐƯỢC ĐẶT TRONG MỘT HỘP ĐỰNG TRANG SỨC BỌC DA ĐỎ, Nó được đặt trong một họp đừng trang sức bọc da đỏ.
VIVOSDEV09_158_clean,vivos,whisper,small,zero_shot,,42,clean,clean,SỢ NHẤT LÀ MÙA MƯA SẤM SÉT ĐÙNG ĐOÀNG TRÊN NÚI, Sẽ nhất là mùa mưa sắm xét đồng đoàn trên núi.
VIVOSDEV09_158_snr20,vivos,whisper,small,zero_shot,,42,20,music,SỢ NHẤT LÀ MÙA MƯA SẤM SÉT ĐÙNG ĐOÀNG TRÊN NÚI, Sẽ nhất là mùa mưa sắm sát đồng đoàn trên núi.
VIVOSDEV09_158_snr10,vivos,whisper,small,zero_shot,,42,10,noise,SỢ NHẤT LÀ MÙA MƯA SẤM SÉT ĐÙNG ĐOÀNG TRÊN NÚI, Sả nhất là mùa mưa sắm xác đồng đoạn trên núi.
VIVOSDEV09_158_snr5,vivos,whisper,small,zero_shot,,42,5,speech,SỢ NHẤT LÀ MÙA MƯA SẤM SÉT ĐÙNG ĐOÀNG TRÊN NÚI, Sở nhất là mùa mưa sắm sát đùng đoạn trên núi.
VIVOSDEV09_158_snr0,vivos,whisper,small,zero_shot,,42,0,music,SỢ NHẤT LÀ MÙA MƯA SẤM SÉT ĐÙNG ĐOÀNG TRÊN NÚI, Sẽ nhất là mùa mưa sắm xác đồng đoàn trên núi.
VIVOSDEV07_211_clean,vivos,whisper,small,zero_shot,,42,clean,clean,HAI MƯƠI TÁM HAI MƯƠI CHÍN, 28 29
VIVOSDEV07_211_snr20,vivos,whisper,small,zero_shot,,42,20,noise,HAI MƯƠI TÁM HAI MƯƠI CHÍN, 28 29
VIVOSDEV07_211_snr10,vivos,whisper,small,zero_shot,,42,10,noise,HAI MƯƠI TÁM HAI MƯƠI CHÍN, 28 29
VIVOSDEV07_211_snr5,vivos,whisper,small,zero_shot,,42,5,noise,HAI MƯƠI TÁM HAI MƯƠI CHÍN, 28 29
VIVOSDEV07_211_snr0,vivos,whisper,small,zero_shot,,42,0,noise,HAI MƯƠI TÁM HAI MƯƠI CHÍN, 28 29
VIVOSDEV09_047_clean,vivos,whisper,small,zero_shot,,42,clean,clean,NGÀY CĂN BẬC HAI CHỈ DIỄN RA CHÍN LẦN TRONG MỘT THẾ KỶ, Ngày căn bật 2 chỉ diễn ra 9 lần trong 1 thế kỷ.
VIVOSDEV09_047_snr20,vivos,whisper,small,zero_shot,,42,20,noise,NGÀY CĂN BẬC HAI CHỈ DIỄN RA CHÍN LẦN TRONG MỘT THẾ KỶ," Ngày, Căn Bật 2 chỉ diễn ra 9 lần trong 1 thế kỷ."
VIVOSDEV09_047_snr10,vivos,whisper,small,zero_shot,,42,10,music,NGÀY CĂN BẬC HAI CHỈ DIỄN RA CHÍN LẦN TRONG MỘT THẾ KỶ, Ngày căn bật 2 chỉ diễn ra 9 lần trong 1 thế kỷ.
VIVOSDEV09_047_snr5,vivos,whisper,small,zero_shot,,42,5,music,NGÀY CĂN BẬC HAI CHỈ DIỄN RA CHÍN LẦN TRONG MỘT THẾ KỶ, Ngày căn bật 2 chỉ diễn ra 9 lần trong 1 thế kỷ
VIVOSDEV09_047_snr0,vivos,whisper,small,zero_shot,,42,0,noise,NGÀY CĂN BẬC HAI CHỈ DIỄN RA CHÍN LẦN TRONG MỘT THẾ KỶ, Ngày căn bật 2 chỉ diễn ra 9 lần trong 1 thế kỷ.
VIVOSDEV19_011_clean,vivos,whisper,small,zero_shot,,42,clean,clean,MONG ANH HÃY HIỂU CHO EM EM THƯƠNG NHỚ VÀ YÊU ANH NHIỀU," Mong anh hãy hiểu cho em, em thương nhớ và yêu anh nhiều."
VIVOSDEV19_011_snr20,vivos,whisper,small,zero_shot,,42,20,noise,MONG ANH HÃY HIỂU CHO EM EM THƯƠNG NHỚ VÀ YÊU ANH NHIỀU," Mong anh hãy hiểu cho em, em thương nhớ và yêu anh nhiều."
VIVOSDEV19_011_snr10,vivos,whisper,small,zero_shot,,42,10,music,MONG ANH HÃY HIỂU CHO EM EM THƯƠNG NHỚ VÀ YÊU ANH NHIỀU," Móng anh hãy hiểu cho em, em thương nhớ và yêu anh nhiều."
VIVOSDEV19_011_snr5,vivos,whisper,small,zero_shot,,42,5,music,MONG ANH HÃY HIỂU CHO EM EM THƯƠNG NHỚ VÀ YÊU ANH NHIỀU," Móng anh hãy hiểu cho em, em thương nhớ và yêu anh nhiều."
VIVOSDEV19_011_snr0,vivos,whisper,small,zero_shot,,42,0,speech,MONG ANH HÃY HIỂU CHO EM EM THƯƠNG NHỚ VÀ YÊU ANH NHIỀU," Móng anh này hiểu cho em, em thương nhớ và yêu anh nhiều."
VIVOSDEV13_088_clean,vivos,whisper,small,zero_shot,,42,clean,clean,NHỮNG CHIẾC LỒNG ĐÈN ĐỒ CHƠI VIỆT VẪN LẶNG LẼ MANG HỒN VIỆT XUỐNG PHỐ, Những chiếc lòng đèn đồ chơi việc vẫn lặn lẽ mang hồn việc xuống phố.
VIVOSDEV13_088_snr20,vivos,whisper,small,zero_shot,,42,20,music,NHỮNG CHIẾC LỒNG ĐÈN ĐỒ CHƠI VIỆT VẪN LẶNG LẼ MANG HỒN VIỆT XUỐNG PHỐ, Những chiếc lòng đèn đồ chơi việc vẫn lặn lẽ mang hồn việc xuống phố.
VIVOSDEV13_088_snr10,vivos,whisper,small,zero_shot,,42,10,noise,NHỮNG CHIẾC LỒNG ĐÈN ĐỒ CHƠI VIỆT VẪN LẶNG LẼ MANG HỒN VIỆT XUỐNG PHỐ," Hiển chiếc lòng đèn đồ chơi, việc vẫn lặn lẽ mang hồn việc xuống phố."
VIVOSDEV13_088_snr5,vivos,whisper,small,zero_shot,,42,5,music,NHỮNG CHIẾC LỒNG ĐÈN ĐỒ CHƠI VIỆT VẪN LẶNG LẼ MANG HỒN VIỆT XUỐNG PHỐ, Những chiếc lòng đèn đồ chơi việc vẫn lặn lẽ mang hồn việc xuống tố.
VIVOSDEV13_088_snr0,vivos,whisper,small,zero_shot,,42,0,music,NHỮNG CHIẾC LỒNG ĐÈN ĐỒ CHƠI VIỆT VẪN LẶNG LẼ MANG HỒN VIỆT XUỐNG PHỐ, Chí cây lầu đen đồ chơi vì vẫn làng lạnh để em mang hồ việc xuống phố.
VIVOSDEV14_235_clean,vivos,whisper,small,zero_shot,,42,clean,clean,THAM GIA THIẾT KẾ LĂNG CHỦ TỊCH HỒ CHÍ MINH THÌ CÓ NHIỀU NGƯỜI," thêm gia thiết kế lăng, chủ tịch hồ trí mình có nhiều người"
VIVOSDEV14_235_snr20,vivos,whisper,small,zero_shot,,42,20,noise,THAM GIA THIẾT KẾ LĂNG CHỦ TỊCH HỒ CHÍ MINH THÌ CÓ NHIỀU NGƯỜI," thêm gia thiết kế lăng, chủ tịch hồ trí Minh thì có nhiều người"
VIVOSDEV14_235_snr10,vivos,whisper,small,zero_shot,,42,10,noise,THAM GIA THIẾT KẾ LĂNG CHỦ TỊCH HỒ CHÍ MINH THÌ CÓ NHIỀU NGƯỜI, thêm gia thiết kế lăng chủ tịch hồ chiến vinh thì có nhiều người
VIVOSDEV14_235_snr5,vivos,whisper,small,zero_shot,,42,5,music,THAM GIA THIẾT KẾ LĂNG CHỦ TỊCH HỒ CHÍ MINH THÌ CÓ NHIỀU NGƯỜI, thêm gia thiết kế lăng chủ tịch hồ trí mình thì có nhiều người
VIVOSDEV14_235_snr0,vivos,whisper,small,zero_shot,,42,0,noise,THAM GIA THIẾT KẾ LĂNG CHỦ TỊCH HỒ CHÍ MINH THÌ CÓ NHIỀU NGƯỜI, thêm gia thiết kế lăng chủ tịch hồi chiến bình thịt có nhiều người
VIVOSDEV14_140_clean,vivos,whisper,small,zero_shot,,42,clean,clean,CÓ NHƯNG PHẢI LÀ THUỐC ĐẶC TRỊ CỦA PHÁP HIẾM VÀ CỰC KỲ ĐẮT, Có nhưng phải là thuốc đặt trị của Pháp hiếm và cực kỳ đắc.
VIVOSDEV14_140_snr20,vivos,whisper,small,zero_shot,,42,20,noise,CÓ NHƯNG PHẢI LÀ THUỐC ĐẶC TRỊ CỦA PHÁP HIẾM VÀ CỰC KỲ ĐẮT, Có nhưng phải là thuốc đặt trị của Pháp hiếm vật cực kỳ đắc.
VIVOSDEV14_140_snr10,vivos,whisper,small,zero_shot,,42,10,music,CÓ NHƯNG PHẢI LÀ THUỐC ĐẶC TRỊ CỦA PHÁP HIẾM VÀ CỰC KỲ ĐẮT, có nhưng phải là thuốc đặc trị của Pháp Hiếm vật cực kỳ đắc.
VIVOSDEV14_140_snr5,vivos,whisper,small,zero_shot,,42,5,music,CÓ NHƯNG PHẢI LÀ THUỐC ĐẶC TRỊ CỦA PHÁP HIẾM VÀ CỰC KỲ ĐẮT, Có nhưng phải là thuốc đặt trị của Pháp Hiến vật kỳ đắt.
VIVOSDEV14_140_snr0,vivos,whisper,small,zero_shot,,42,0,noise,CÓ NHƯNG PHẢI LÀ THUỐC ĐẶC TRỊ CỦA PHÁP HIẾM VÀ CỰC KỲ ĐẮT, Có nhưng phải là thuốc đặt trị của Pháp hiếm vật cục kỳ đắc.
VIVOSDEV07_025_clean,vivos,whisper,small,zero_shot,,42,clean,clean,CHO NHỮNG CHUYẾN DÃ NGOẠI CỦA DU KHÁCH, cho những chiến dở ngoại của du khách.
VIVOSDEV07_025_snr20,vivos,whisper,small,zero_shot,,42,20,noise,CHO NHỮNG CHUYẾN DÃ NGOẠI CỦA DU KHÁCH, cho những chiến dở ngoài của du khách
VIVOSDEV07_025_snr10,vivos,whisper,small,zero_shot,,42,10,noise,CHO NHỮNG CHUYẾN DÃ NGOẠI CỦA DU KHÁCH, cho những chiến dở ngoại của du khách.
VIVOSDEV07_025_snr5,vivos,whisper,small,zero_shot,,42,5,music,CHO NHỮNG CHUYẾN DÃ NGOẠI CỦA DU KHÁCH, cho những chiến dở ngoại của du khách.
VIVOSDEV07_025_snr0,vivos,whisper,small,zero_shot,,42,0,music,CHO NHỮNG CHUYẾN DÃ NGOẠI CỦA DU KHÁCH, Cho những chiến dở ngoại của du khách.
VIVOSDEV18_082_clean,vivos,whisper,small,zero_shot,,42,clean,clean,HÀNG CHÂN MÀY ĐEN VÀ XẾCH KHÔNG LẪN VÀO ĐÂU ĐƯỢC, Hàng chân mày đen và sắt không lẫn vào đâu được.
VIVOSDEV18_082_snr20,vivos,whisper,small,zero_shot,,42,20,music,HÀNG CHÂN MÀY ĐEN VÀ XẾCH KHÔNG LẪN VÀO ĐÂU ĐƯỢC, Hàng chân mày đen và sắt không lẫn vào đâu được.
VIVOSDEV18_082_snr10,vivos,whisper,small,zero_shot,,42,10,music,HÀNG CHÂN MÀY ĐEN VÀ XẾCH KHÔNG LẪN VÀO ĐÂU ĐƯỢC, Thằng chân mày đen và sất không lẫn vào đâu được.
VIVOSDEV18_082_snr5,vivos,whisper,small,zero_shot,,42,5,noise,HÀNG CHÂN MÀY ĐEN VÀ XẾCH KHÔNG LẪN VÀO ĐÂU ĐƯỢC, Hàng trân mày tên và sất không lẫn vào đâu được.
VIVOSDEV18_082_snr0,vivos,whisper,small,zero_shot,,42,0,noise,HÀNG CHÂN MÀY ĐEN VÀ XẾCH KHÔNG LẪN VÀO ĐÂU ĐƯỢC, Hàng chân mày đen và sắt không lẫn vào đâu được.
VIVOSDEV16_239_clean,vivos,whisper,small,zero_shot,,42,clean,clean,VÀ MỘT ĐIỀU SÂU XA LÀ MÌNH ĐÃ THẬT SỰ YÊU BẠN, và một điều sau xa là mình đã thực sự yêu bạn.
VIVOSDEV16_239_snr20,vivos,whisper,small,zero_shot,,42,20,noise,VÀ MỘT ĐIỀU SÂU XA LÀ MÌNH ĐÃ THẬT SỰ YÊU BẠN, và một điều sau xa là mình đã thực sự yêu bạn.
VIVOSDEV16_239_snr10,vivos,whisper,small,zero_shot,,42,10,noise,VÀ MỘT ĐIỀU SÂU XA LÀ MÌNH ĐÃ THẬT SỰ YÊU BẠN, và mục điều sau ra là mình đã thực sự yêu bản.
VIVOSDEV16_239_snr5,vivos,whisper,small,zero_shot,,42,5,speech,VÀ MỘT ĐIỀU SÂU XA LÀ MÌNH ĐÃ THẬT SỰ YÊU BẠN, và một điều sau xa là mình đã thực sự yêu bài.
VIVOSDEV16_239_snr0,vivos,whisper,small,zero_shot,,42,0,noise,VÀ MỘT ĐIỀU SÂU XA LÀ MÌNH ĐÃ THẬT SỰ YÊU BẠN, Và một điều sau xa là mình đã thực sự yêu anh.
VIVOSDEV13_263_clean,vivos,whisper,small,zero_shot,,42,clean,clean,MỘT SỐ ĐIỂM NƯỚC PHUN ĐẾN ĐÂU BAY HƠI HẾT ĐẾN ĐÓ, Một số điểm nước phùng đến đau bay hơi hết đến đầu.
VIVOSDEV13_263_snr20,vivos,whisper,small,zero_shot,,42,20,noise,MỘT SỐ ĐIỂM NƯỚC PHUN ĐẾN ĐÂU BAY HƠI HẾT ĐẾN ĐÓ, Một số điểm nước phùng đến đau bay hơi hết đến đời
VIVOSDEV13_263_snr10,vivos,whisper,small,zero_shot,,42,10,music,MỘT SỐ ĐIỂM NƯỚC PHUN ĐẾN ĐÂU BAY HƠI HẾT ĐẾN ĐÓ, 1 số điểm nước phùng đến đau bay hơi hết đánh đạo
VIVOSDEV13_263_snr5,vivos,whisper,small,zero_shot,,42,5,music,MỘT SỐ ĐIỂM NƯỚC PHUN ĐẾN ĐÂU BAY HƠI HẾT ĐẾN ĐÓ, Một số điểm nước phùng đến đau bay hơi hết tên đầu
VIVOSDEV13_263_snr0,vivos,whisper,small,zero_shot,,42,0,noise,MỘT SỐ ĐIỂM NƯỚC PHUN ĐẾN ĐÂU BAY HƠI HẾT ĐẾN ĐÓ, Một số điểm nước phùng đến đau bày hơi hết tên đợi
VIVOSDEV11_282_clean,vivos,whisper,small,zero_shot,,42,clean,clean,THÔI THÌ CỨ SẮP XẾP NHƯ VẬY, Thôi thì cứ sắp xếp như vậy.
VIVOSDEV11_282_snr20,vivos,whisper,small,zero_shot,,42,20,noise,THÔI THÌ CỨ SẮP XẾP NHƯ VẬY, Thôi thì cứ sắp xếp như vậy.
VIVOSDEV11_282_snr10,vivos,whisper,small,zero_shot,,42,10,music,THÔI THÌ CỨ SẮP XẾP NHƯ VẬY, Thôi thì cứ sắp xếp như vậy.
VIVOSDEV11_282_snr5,vivos,whisper,small,zero_shot,,42,5,noise,THÔI THÌ CỨ SẮP XẾP NHƯ VẬY, Thôi thì cứ sắp xếp như vậy.
VIVOSDEV11_282_snr0,vivos,whisper,small,zero_shot,,42,0,noise,THÔI THÌ CỨ SẮP XẾP NHƯ VẬY, Thôi thì cứ sắp đẹp như vậy
VIVOSDEV04_R013_clean,vivos,whisper,small,zero_shot,,42,clean,clean,NGHĨA LÀ KÉM CỎI NAM TÍNH HAY SAO," Nghĩa là kiếm cỏ, nông tính hay sau?"
VIVOSDEV04_R013_snr20,vivos,whisper,small,zero_shot,,42,20,music,NGHĨA LÀ KÉM CỎI NAM TÍNH HAY SAO," Nghĩa là kiếm cỏ, nông tính hay sâu?"
VIVOSDEV04_R013_snr10,vivos,whisper,small,zero_shot,,42,10,noise,NGHĨA LÀ KÉM CỎI NAM TÍNH HAY SAO," Nghĩa là kiếm cỏ, nông tính hay sâu?"
VIVOSDEV04_R013_snr5,vivos,whisper,small,zero_shot,,42,5,music,NGHĨA LÀ KÉM CỎI NAM TÍNH HAY SAO," Nghĩa là kiếm cỏ, nông tính hay sâu?"
VIVOSDEV04_R013_snr0,vivos,whisper,small,zero_shot,,42,0,speech,NGHĨA LÀ KÉM CỎI NAM TÍNH HAY SAO, Nhưng mà anh nghĩ là tất cả các tên này sẽ tự tin tất cả các tên này sẽ tự tin tất cả các tên này sẽ tự tin tất cả các tên này sẽ tự tin tất cả các tên này sẽ tự tin tất cả các tên này sẽ tự tin tất cả các tên này sẽ tự tin tất cả các tên này sẽ tự tin tất cả các tên này sẽ tự tin tất cả các tên này sẽ tự tin tất cả các tên này sẽ tự tin t
VIVOSDEV13_226_clean,vivos,whisper,small,zero_shot,,42,clean,clean,VẬY MỚI CÓ MỤC TIÊU ĐỂ MÀ PHẤN ĐẤU NÊN NGƯỜI CÓ Ý THỨC, Vậy mới có mục tiêu để mà phấn đấu nên người có ý thức.
VIVOSDEV13_226_snr20,vivos,whisper,small,zero_shot,,42,20,music,VẬY MỚI CÓ MỤC TIÊU ĐỂ MÀ PHẤN ĐẤU NÊN NGƯỜI CÓ Ý THỨC, Vậy mới có mục tiêu để mà phấn đấu nên người có ý thức.
VIVOSDEV13_226_snr10,vivos,whisper,small,zero_shot,,42,10,noise,VẬY MỚI CÓ MỤC TIÊU ĐỂ MÀ PHẤN ĐẤU NÊN NGƯỜI CÓ Ý THỨC, Vậy mới có mục tiêu để mà phấn đấu nên người có ý thức.
VIVOSDEV13_226_snr5,vivos,whisper,small,zero_shot,,42,5,noise,VẬY MỚI CÓ MỤC TIÊU ĐỂ MÀ PHẤN ĐẤU NÊN NGƯỜI CÓ Ý THỨC, Một tươi đường này có 1 tươi để phấn đấu người có ý thức
VIVOSDEV13_226_snr0,vivos,whisper,small,zero_shot,,42,0,music,VẬY MỚI CÓ MỤC TIÊU ĐỂ MÀ PHẤN ĐẤU NÊN NGƯỜI CÓ Ý THỨC, Vậy mới có mục tiêu để mà khẳng đấu lên người có ý chứ
VIVOSDEV15_173_clean,vivos,whisper,small,zero_shot,,42,clean,clean,HÌNH THỨC KỶ LUẬT NÀO CŨNG CHỈ CÓ TÍNH ĐỊNH HƯỚNG RĂN ĐE, Hình thức kỹ luật nào cũng chỉ có tính định hướng răn đe.
VIVOSDEV15_173_snr20,vivos,whisper,small,zero_shot,,42,20,noise,HÌNH THỨC KỶ LUẬT NÀO CŨNG CHỈ CÓ TÍNH ĐỊNH HƯỚNG RĂN ĐE, Hình thức kỹ luật nào cũng chỉ có tiếng đệnh hướng răn đe.
VIVOSDEV15_173_snr10,vivos,whisper,small,zero_shot,,42,10,speech,HÌNH THỨC KỶ LUẬT NÀO CŨNG CHỈ CÓ TÍNH ĐỊNH HƯỚNG RĂN ĐE, Hình thức kỹ luật nào cũng chỉ có tính định hướng ranh lea.
VIVOSDEV15_173_snr5,vivos,whisper,small,zero_shot,,42,5,noise,HÌNH THỨC KỶ LUẬT NÀO CŨNG CHỈ CÓ TÍNH ĐỊNH HƯỚNG RĂN ĐE, Thình thức kỹ luật nào cũng chỉ có tính định hướng ranh đe.
VIVOSDEV15_173_snr0,vivos,whisper,small,zero_shot,,42,0,noise,HÌNH THỨC KỶ LUẬT NÀO CŨNG CHỈ CÓ TÍNH ĐỊNH HƯỚNG RĂN ĐE, Hình thức kỹ luật nào cũng chỉ có tính định hướng răn đe.
VIVOSDEV05_199_clean,vivos,whisper,small,zero_shot,,42,clean,clean,LẦN LỮA MÃI MỚI GẶP ĐƯỢC TUYÊN, Lần nữa mai mới gặp được tuyên.
VIVOSDEV05_199_snr20,vivos,whisper,small,zero_shot,,42,20,speech,LẦN LỮA MÃI MỚI GẶP ĐƯỢC TUYÊN, Lần nữa mai mới gặp được tuyên.
VIVOSDEV05_199_snr10,vivos,whisper,small,zero_shot,,42,10,noise,LẦN LỮA MÃI MỚI GẶP ĐƯỢC TUYÊN, Lần nữa mai mới gặp được tuyên
VIVOSDEV05_199_snr5,vivos,whisper,small,zero_shot,,42,5,speech,LẦN LỮA MÃI MỚI GẶP ĐƯỢC TUYÊN, Lần nữa mai mới gặp được tuyên.
VIVOSDEV05_199_snr0,vivos,whisper,small,zero_shot,,42,0,noise,LẦN LỮA MÃI MỚI GẶP ĐƯỢC TUYÊN, Lần nữa mai mới gặp được tuyên
VIVOSDEV09_222_clean,vivos,whisper,small,zero_shot,,42,clean,clean,NĂM MƯƠI NĂM MƯƠI MỐT, Năm mươi năm mười mốt
VIVOSDEV09_222_snr20,vivos,whisper,small,zero_shot,,42,20,speech,NĂM MƯƠI NĂM MƯƠI MỐT, Nếu chúng ta có thể tìm được một thứ gì đó sẽ tốt hơn...
VIVOSDEV09_222_snr10,vivos,whisper,small,zero_shot,,42,10,noise,NĂM MƯƠI NĂM MƯƠI MỐT," Năm mươi, năm mùi mốt."
VIVOSDEV09_222_snr5,vivos,whisper,small,zero_shot,,42,5,noise,NĂM MƯƠI NĂM MƯƠI MỐT, 50-51
VIVOSDEV09_222_snr0,vivos,whisper,small,zero_shot,,42,0,noise,NĂM MƯƠI NĂM MƯƠI MỐT," Năm mươi, năm mùi mốt"
VIVOSDEV03_T023_clean,vivos,whisper,small,zero_shot,,42,clean,clean,CƯỚP ĐẦY ĐƯỜNG CÔNG AN CHỈ LO HẠCH SÁCH," Cướp đại đường, công an chỉ lo hạch sách."
VIVOSDEV03_T023_snr20,vivos,whisper,small,zero_shot,,42,20,noise,CƯỚP ĐẦY ĐƯỜNG CÔNG AN CHỈ LO HẠCH SÁCH," Cướp đại đường, công an chỉ lo hạch sách."
VIVOSDEV03_T023_snr10,vivos,whisper,small,zero_shot,,42,10,speech,CƯỚP ĐẦY ĐƯỜNG CÔNG AN CHỈ LO HẠCH SÁCH," Cúc đây đường, công an chỉ lo hạt sách."
VIVOSDEV03_T023_snr5,vivos,whisper,small,zero_shot,,42,5,music,CƯỚP ĐẦY ĐƯỜNG CÔNG AN CHỈ LO HẠCH SÁCH," Cướp lại đường, công an chỉ lo hành sách."
VIVOSDEV03_T023_snr0,vivos,whisper,small,zero_shot,,42,0,noise,CƯỚP ĐẦY ĐƯỜNG CÔNG AN CHỈ LO HẠCH SÁCH, Cúc bây giờ công an chỉ lo hạt sách
VIVOSDEV05_249_clean,vivos,whisper,small,zero_shot,,42,clean,clean,TÔI NGHĨ THỦ TƯỚNG SẼ KHÔNG NÉ TRÁNH BẤT CỨ CÂU HỎI NÀO, Tôi nghĩ thủ tướng sẽ không nãy tranh bất cứ câu hỏi nào.
VIVOSDEV05_249_snr20,vivos,whisper,small,zero_shot,,42,20,speech,TÔI NGHĨ THỦ TƯỚNG SẼ KHÔNG NÉ TRÁNH BẤT CỨ CÂU HỎI NÀO, Tôi nghĩ thủ tướng sẽ không nét tranh bất cứ câu hỏi nào.
VIVOSDEV05_249_snr10,vivos,whisper,small,zero_shot,,42,10,noise,TÔI NGHĨ THỦ TƯỚNG SẼ KHÔNG NÉ TRÁNH BẤT CỨ CÂU HỎI NÀO, Tôi nghĩ thủ tướng sẽ không nét tranh bất cứ câu hỏi nào
VIVOSDEV05_249_snr5,vivos,whisper,small,zero_shot,,42,5,speech,TÔI NGHĨ THỦ TƯỚNG SẼ KHÔNG NÉ TRÁNH BẤT CỨ CÂU HỎI NÀO, Tôi nghĩ Thủ tướng sẽ không nghe trân bất tiêu câu hỏi nào.
VIVOSDEV05_249_snr0,vivos,whisper,small,zero_shot,,42,0,speech,TÔI NGHĨ THỦ TƯỚNG SẼ KHÔNG NÉ TRÁNH BẤT CỨ CÂU HỎI NÀO, Tôi nghĩ vô tương sẽ không nãy tan bất tướng tội hỏi nào.
VIVOSDEV02_R005_clean,vivos,whisper,small,zero_shot,,42,clean,clean,NẾU TƯỞNG TƯỢNG BẢY TÁM NĂM NỮA," Nếu tưởng tượng 7, 8, 5 nữa."
VIVOSDEV02_R005_snr20,vivos,whisper,small,zero_shot,,42,20,speech,NẾU TƯỞNG TƯỢNG BẢY TÁM NĂM NỮA," Nó tưởng tượng 7, 8, 5 nữa."
VIVOSDEV02_R005_snr10,vivos,whisper,small,zero_shot,,42,10,speech,NẾU TƯỞNG TƯỢNG BẢY TÁM NĂM NỮA," Nếu tưởng tượng 7, 8 năm nữa..."
VIVOSDEV02_R005_snr5,vivos,whisper,small,zero_shot,,42,5,music,NẾU TƯỞNG TƯỢNG BẢY TÁM NĂM NỮA," Nếu tưởng tượng 7, 8, 5 nữa"
VIVOSDEV02_R005_snr0,vivos,whisper,small,zero_shot,,42,0,music,NẾU TƯỞNG TƯỢNG BẢY TÁM NĂM NỮA," Nó tưởng tượng 7, 8 năm nữa"
VIVOSDEV15_239_clean,vivos,whisper,small,zero_shot,,42,clean,clean,THẬT RA THÌ CŨNG KHÔNG THỂ LÀM CẦU KÌ NHƯ Ở NHÀ ĐƯỢC, Thật ra thì cũng không thể làm cầu kỳ như ở nhà được.
VIVOSDEV15_239_snr20,vivos,whisper,small,zero_shot,,42,20,noise,THẬT RA THÌ CŨNG KHÔNG THỂ LÀM CẦU KÌ NHƯ Ở NHÀ ĐƯỢC, Thật ra thì cũng không thể làm cầu kỳ như ở nhà được.
VIVOSDEV15_239_snr10,vivos,whisper,small,zero_shot,,42,10,speech,THẬT RA THÌ CŨNG KHÔNG THỂ LÀM CẦU KÌ NHƯ Ở NHÀ ĐƯỢC, Thật ra thì cũng không thể làm câu kỳ như ở nhà được.
VIVOSDEV15_239_snr5,vivos,whisper,small,zero_shot,,42,5,noise,THẬT RA THÌ CŨNG KHÔNG THỂ LÀM CẦU KÌ NHƯ Ở NHÀ ĐƯỢC, Thật ra thì cũng không thể làm cầu kỳ như ở nhà được
VIVOSDEV15_239_snr0,vivos,whisper,small,zero_shot,,42,0,noise,THẬT RA THÌ CŨNG KHÔNG THỂ LÀM CẦU KÌ NHƯ Ở NHÀ ĐƯỢC, Thật ra thì cũng không thể làm câu kỳ như ở nhà được.
VIVOSDEV16_101_clean,vivos,whisper,small,zero_shot,,42,clean,clean,TÔI KHẼ CHỚP MẮT VÀ THẦM CẦU NGUYỆN XIN CHÚA GIÚP CON, Tôi khể chấp mắt và tham cầu nguyện sinh chú giúp con.
VIVOSDEV16_101_snr20,vivos,whisper,small,zero_shot,,42,20,noise,TÔI KHẼ CHỚP MẮT VÀ THẦM CẦU NGUYỆN XIN CHÚA GIÚP CON, Tôi khẽ chấp mắt và tham cầu nguyện xin chú giúp con.
VIVOSDEV16_101_snr10,vivos,whisper,small,zero_shot,,42,10,noise,TÔI KHẼ CHỚP MẮT VÀ THẦM CẦU NGUYỆN XIN CHÚA GIÚP CON, Tôi khẽ chấp mắt và thầm cầu nguyện sinh chú giúp con.
VIVOSDEV16_101_snr5,vivos,whisper,small,zero_shot,,42,5,noise,TÔI KHẼ CHỚP MẮT VÀ THẦM CẦU NGUYỆN XIN CHÚA GIÚP CON, Tôi sẽ chấp bắt và thầm cầu nguyện sinh chú chấp con.
VIVOSDEV16_101_snr0,vivos,whisper,small,zero_shot,,42,0,music,TÔI KHẼ CHỚP MẮT VÀ THẦM CẦU NGUYỆN XIN CHÚA GIÚP CON, Tôi sẽ chấp bắt và tham cầu Nguyện sinh chú giúp con.
VIVOSDEV11_015_clean,vivos,whisper,small,zero_shot,,42,clean,clean,NỮ DIỄN VIÊN XINH ĐẸP PHẠM BĂNG BĂNG, Nữ diễn viên xin đẹp phạm băng băng.
VIVOSDEV11_015_snr20,vivos,whisper,small,zero_shot,,42,20,music,NỮ DIỄN VIÊN XINH ĐẸP PHẠM BĂNG BĂNG, Nữ diễn viên xin đẹp phạm băng băng
VIVOSDEV11_015_snr10,vivos,whisper,small,zero_shot,,42,10,speech,NỮ DIỄN VIÊN XINH ĐẸP PHẠM BĂNG BĂNG, Nữ diễn viên xin đề phạm băng băng.
VIVOSDEV11_015_snr5,vivos,whisper,small,zero_shot,,42,5,noise,NỮ DIỄN VIÊN XINH ĐẸP PHẠM BĂNG BĂNG, Nữ dĩnh viên xin đẹp vàm băng băng.
VIVOSDEV11_015_snr0,vivos,whisper,small,zero_shot,,42,0,speech,NỮ DIỄN VIÊN XINH ĐẸP PHẠM BĂNG BĂNG, Không có thể đoán được một người tự nhiên.
VIVOSDEV04_R056_clean,vivos,whisper,small,zero_shot,,42,clean,clean,GÍ HÒN THAN VÀO RƠM, Y hỏng thông vào rừng.
VIVOSDEV04_R056_snr20,vivos,whisper,small,zero_shot,,42,20,noise,GÍ HÒN THAN VÀO RƠM, Nghĩ hoảng thông vào rừng.
VIVOSDEV04_R056_snr10,vivos,whisper,small,zero_shot,,42,10,noise,GÍ HÒN THAN VÀO RƠM, Vì hỏng thông vào rung.
VIVOSDEV04_R056_snr5,vivos,whisper,small,zero_shot,,42,5,music,GÍ HÒN THAN VÀO RƠM, Vào rừng!
VIVOSDEV04_R056_snr0,vivos,whisper,small,zero_shot,,42,0,music,GÍ HÒN THAN VÀO RƠM," Vũ trí, bây giờ, thêm một phút nữa."
VIVOSDEV06_103_clean,vivos,whisper,small,zero_shot,,42,clean,clean,CÁC EM NHỎ SẼ KHÔNG CÒN PHẢI ĐI TRÊN NHỮNG CHUYẾN ĐÒ NGUY HIỂM, Các em nhỏ sẽ không còn phải đi trên những chiến đòn nguy hiểm.
VIVOSDEV06_103_snr20,vivos,whisper,small,zero_shot,,42,20,music,CÁC EM NHỎ SẼ KHÔNG CÒN PHẢI ĐI TRÊN NHỮNG CHUYẾN ĐÒ NGUY HIỂM, Các em nhỏ sẽ không còn phải đi trên những chiến đòn nguy hiểm.
VIVOSDEV06_103_snr10,vivos,whisper,small,zero_shot,,42,10,music,CÁC EM NHỎ SẼ KHÔNG CÒN PHẢI ĐI TRÊN NHỮNG CHUYẾN ĐÒ NGUY HIỂM, Các em nhỏ sẽ không còn phải đi trên những chiến đòn nguy hiểm.
VIVOSDEV06_103_snr5,vivos,whisper,small,zero_shot,,42,5,speech,CÁC EM NHỎ SẼ KHÔNG CÒN PHẢI ĐI TRÊN NHỮNG CHUYẾN ĐÒ NGUY HIỂM, Các em nhỏ sẽ không còn phải đi trên những chiến đoàn nguy hiểm.
VIVOSDEV06_103_snr0,vivos,whisper,small,zero_shot,,42,0,music,CÁC EM NHỎ SẼ KHÔNG CÒN PHẢI ĐI TRÊN NHỮNG CHUYẾN ĐÒ NGUY HIỂM, Các em nhỏ sẽ không còn phải đi trên những chiến đoàn nguy hiểm.
VIVOSDEV06_157_clean,vivos,whisper,small,zero_shot,,42,clean,clean,SỐ KHÁC SUY ĐOÁN RẰNG ANH TA HÀNH ĐỘNG ÁC TÂM VẬY, Dấu khách si đóng rằng anh ta hành động ác tam vậy.
VIVOSDEV06_157_snr20,vivos,whisper,small,zero_shot,,42,20,noise,SỐ KHÁC SUY ĐOÁN RẰNG ANH TA HÀNH ĐỘNG ÁC TÂM VẬY, số khác xy đóng rằng anh ta hành động ác tam vậy
VIVOSDEV06_157_snr10,vivos,whisper,small,zero_shot,,42,10,noise,SỐ KHÁC SUY ĐOÁN RẰNG ANH TA HÀNH ĐỘNG ÁC TÂM VẬY, số khác xy đón rằng anh ta hành động é tâm vậy
VIVOSDEV06_157_snr5,vivos,whisper,small,zero_shot,,42,5,noise,SỐ KHÁC SUY ĐOÁN RẰNG ANH TA HÀNH ĐỘNG ÁC TÂM VẬY, số khác xì đón rằng anh ta hình động át tam vậy
VIVOSDEV06_157_snr0,vivos,whisper,small,zero_shot,,42,0,noise,SỐ KHÁC SUY ĐOÁN RẰNG ANH TA HÀNH ĐỘNG ÁC TÂM VẬY, số khác xy đón là anh ta hình động F-17
VIVOSDEV08_201_clean,vivos,whisper,small,zero_shot,,42,clean,clean,KHÔNG MỘT HAI BA BỐN, 01234
VIVOSDEV08_201_snr20,vivos,whisper,small,zero_shot,,42,20,noise,KHÔNG MỘT HAI BA BỐN, 01234
VIVOSDEV08_201_snr10,vivos,whisper,small,zero_shot,,42,10,noise,KHÔNG MỘT HAI BA BỐN," Công 1, 2, 3, 4"
VIVOSDEV08_201_snr5,vivos,whisper,small,zero_shot,,42,5,speech,KHÔNG MỘT HAI BA BỐN, Không nọc hay ba bông
VIVOSDEV08_201_snr0,vivos,whisper,small,zero_shot,,42,0,noise,KHÔNG MỘT HAI BA BỐN, không 1 2 3 4
VIVOSDEV04_T003_clean,vivos,whisper,small,zero_shot,,42,clean,clean,NHẬN ĐƯỢC TIN NÀY GỌI LẠI CHO TÔI GẤP, Nhận được tiếng này gọi lại cho tôi gấp.
VIVOSDEV04_T003_snr20,vivos,whisper,small,zero_shot,,42,20,noise,NHẬN ĐƯỢC TIN NÀY GỌI LẠI CHO TÔI GẤP, Nhận được tiếng này gọi lại cho tôi gấp
VIVOSDEV04_T003_snr10,vivos,whisper,small,zero_shot,,42,10,music,NHẬN ĐƯỢC TIN NÀY GỌI LẠI CHO TÔI GẤP, Nhẫn được tiếng này gọi lại cho tôi gấp
VIVOSDEV04_T003_snr5,vivos,whisper,small,zero_shot,,42,5,music,NHẬN ĐƯỢC TIN NÀY GỌI LẠI CHO TÔI GẤP, Nhận được tiếng này gọi lại cho tôi gấp
VIVOSDEV04_T003_snr0,vivos,whisper,small,zero_shot,,42,0,noise,NHẬN ĐƯỢC TIN NÀY GỌI LẠI CHO TÔI GẤP," Nhận được tiếng này, gọi lại cho tôi gấp"
VIVOSDEV13_276_clean,vivos,whisper,small,zero_shot,,42,clean,clean,ĐÓ LÀ CÂU HỎI MÀ ĐẾN NAY VẪN CHƯA CÓ CÂU TRẢ LỜI, Đó là câu hỏi mà đến nay vẫn chưa có câu trả lời
VIVOSDEV13_276_snr20,vivos,whisper,small,zero_shot,,42,20,noise,ĐÓ LÀ CÂU HỎI MÀ ĐẾN NAY VẪN CHƯA CÓ CÂU TRẢ LỜI, Đó là câu hỏi mà đến nay vẫn chưa có câu trở lại
VIVOSDEV13_276_snr10,vivos,whisper,small,zero_shot,,42,10,speech,ĐÓ LÀ CÂU HỎI MÀ ĐẾN NAY VẪN CHƯA CÓ CÂU TRẢ LỜI, Đó là câu hỏi mà đến nay vẫn chưa có câu trả lời.
VIVOSDEV13_276_snr5,vivos,whisper,small,zero_shot,,42,5,noise,ĐÓ LÀ CÂU HỎI MÀ ĐẾN NAY VẪN CHƯA CÓ CÂU TRẢ LỜI, Đó là câu hỏi mà đến nay vẫn chưa có câu trả lời
VIVOSDEV13_276_snr0,vivos,whisper,small,zero_shot,,42,0,music,ĐÓ LÀ CÂU HỎI MÀ ĐẾN NAY VẪN CHƯA CÓ CÂU TRẢ LỜI, Đó là câu hỏi mà đến nay vẫn chưa có câu trả lời.
VIVOSDEV18_257_clean,vivos,whisper,small,zero_shot,,42,clean,clean,NGỒI NGHE TIẾNG BIỂN VÀ THƯ THẢ ĐẾM TỪNG GIỌT ĐEN RƠI, Người nghe tiếng biển và thư thái đến từng giọt đen rơi.
VIVOSDEV18_257_snr20,vivos,whisper,small,zero_shot,,42,20,music,NGỒI NGHE TIẾNG BIỂN VÀ THƯ THẢ ĐẾM TỪNG GIỌT ĐEN RƠI," Ngồi nghe tiếng biển và thư thái, đếm từng giọt đen rơi."
VIVOSDEV18_257_snr10,vivos,whisper,small,zero_shot,,42,10,music,NGỒI NGHE TIẾNG BIỂN VÀ THƯ THẢ ĐẾM TỪNG GIỌT ĐEN RƠI, Người nghe tiếng biển và thư thái đến từ gọt đen rơi.
VIVOSDEV18_257_snr5,vivos,whisper,small,zero_shot,,42,5,noise,NGỒI NGHE TIẾNG BIỂN VÀ THƯ THẢ ĐẾM TỪNG GIỌT ĐEN RƠI, Người nghe tiếng biển và thư thái đến từ giọt đen rơi.
VIVOSDEV18_257_snr0,vivos,whisper,small,zero_shot,,42,0,noise,NGỒI NGHE TIẾNG BIỂN VÀ THƯ THẢ ĐẾM TỪNG GIỌT ĐEN RƠI, Mùa nghe xinh điện và thư thái đến từng gặp Nen Rơi
VIVOSDEV13_098_clean,vivos,whisper,small,zero_shot,,42,clean,clean,HẦU NHƯ CÁC PHẢN ỨNG PHỤ NẶNG NỀ LÀ RẤT HIẾM GẶP, Hầu như các phản ứng phụ nặng nề là rất hiếm gặp.
VIVOSDEV13_098_snr20,vivos,whisper,small,zero_shot,,42,20,music,HẦU NHƯ CÁC PHẢN ỨNG PHỤ NẶNG NỀ LÀ RẤT HIẾM GẶP, Hầu như các phản ứng phụ nặng nề là rất hiếm gặp
VIVOSDEV13_098_snr10,vivos,whisper,small,zero_shot,,42,10,noise,HẦU NHƯ CÁC PHẢN ỨNG PHỤ NẶNG NỀ LÀ RẤT HIẾM GẶP, Hầu như các phản ứng phụ nặng nề là rất hiếm gặp.
VIVOSDEV13_098_snr5,vivos,whisper,small,zero_shot,,42,5,music,HẦU NHƯ CÁC PHẢN ỨNG PHỤ NẶNG NỀ LÀ RẤT HIẾM GẶP, Hầu như các phản ứng phụ nặng này là rất hiếm gặp
VIVOSDEV13_098_snr0,vivos,whisper,small,zero_shot,,42,0,noise,HẦU NHƯ CÁC PHẢN ỨNG PHỤ NẶNG NỀ LÀ RẤT HIẾM GẶP, Hầu như các phản ứng phụ nặng nề là rất hiếm gặp.
VIVOSDEV13_230_clean,vivos,whisper,small,zero_shot,,42,clean,clean,CHỈ MỘT ĐIỀU ĐƠN GIẢN VẬY MÀ ANH ẤY KHÔNG BAO GIỜ THỰC HIỆN ĐƯỢC, Chỉ một điều đơn giản vậy mà anh ấy không bao giờ thực hiện được
VIVOSDEV13_230_snr20,vivos,whisper,small,zero_shot,,42,20,music,CHỈ MỘT ĐIỀU ĐƠN GIẢN VẬY MÀ ANH ẤY KHÔNG BAO GIỜ THỰC HIỆN ĐƯỢC, Chỉ một điều đơn giản vậy mà anh ấy không bao giờ thực hiện được.
VIVOSDEV13_230_snr10,vivos,whisper,small,zero_shot,,42,10,noise,CHỈ MỘT ĐIỀU ĐƠN GIẢN VẬY MÀ ANH ẤY KHÔNG BAO GIỜ THỰC HIỆN ĐƯỢC, chỉ một điều đơn giản vậy mà anh ấy không bao giờ thực hiện được
VIVOSDEV13_230_snr5,vivos,whisper,small,zero_shot,,42,5,music,CHỈ MỘT ĐIỀU ĐƠN GIẢN VẬY MÀ ANH ẤY KHÔNG BAO GIỜ THỰC HIỆN ĐƯỢC, Chỉ một điều đơn giản vậy mà anh ấy không bao giờ thực hiện được
VIVOSDEV13_230_snr0,vivos,whisper,small,zero_shot,,42,0,speech,CHỈ MỘT ĐIỀU ĐƠN GIẢN VẬY MÀ ANH ẤY KHÔNG BAO GIỜ THỰC HIỆN ĐƯỢC, dễ một điều đơn giản thở mạng ấy không bao giờ thực hiện được
VIVOSDEV05_226_clean,vivos,whisper,small,zero_shot,,42,clean,clean,MỘT CÚ NGOẶT KHÔNG CHÍNH XÁC, 1 cuốn hoặc không chính xác.
VIVOSDEV05_226_snr20,vivos,whisper,small,zero_shot,,42,20,noise,MỘT CÚ NGOẶT KHÔNG CHÍNH XÁC, 1 cuốn hoặc không chính xác
VIVOSDEV05_226_snr10,vivos,whisper,small,zero_shot,,42,10,noise,MỘT CÚ NGOẶT KHÔNG CHÍNH XÁC, 1 cuối hoặc 0 chính xác
VIVOSDEV05_226_snr5,vivos,whisper,small,zero_shot,,42,5,noise,MỘT CÚ NGOẶT KHÔNG CHÍNH XÁC, 1 cuu hoặc 0 chính xác
VIVOSDEV05_226_snr0,vivos,whisper,small,zero_shot,,42,0,noise,MỘT CÚ NGOẶT KHÔNG CHÍNH XÁC, Một quốc hoặc không chính xác
VIVOSDEV16_048_clean,vivos,whisper,small,zero_shot,,42,clean,clean,PHẢI CHĂNG XÂY DỰNG NIỀM TIN VÀO TÌNH YÊU KHÓ THẾ, Phải chăng xây dẫn niềm tin vào tình yêu khó thể.
VIVOSDEV16_048_snr20,vivos,whisper,small,zero_shot,,42,20,noise,PHẢI CHĂNG XÂY DỰNG NIỀM TIN VÀO TÌNH YÊU KHÓ THẾ, Phải chăng xây dẫn niềm tin vào tình yêu khó thế.
VIVOSDEV16_048_snr10,vivos,whisper,small,zero_shot,,42,10,speech,PHẢI CHĂNG XÂY DỰNG NIỀM TIN VÀO TÌNH YÊU KHÓ THẾ, Phải chăng xây dẫn niềm tin vào tình yêu khó thể.
VIVOSDEV16_048_snr5,vivos,whisper,small,zero_shot,,42,5,noise,PHẢI CHĂNG XÂY DỰNG NIỀM TIN VÀO TÌNH YÊU KHÓ THẾ, phải chăng xây dẫn niềm tin vào tình yêu khó thể.
VIVOSDEV16_048_snr0,vivos,whisper,small,zero_shot,,42,0,noise,PHẢI CHĂNG XÂY DỰNG NIỀM TIN VÀO TÌNH YÊU KHÓ THẾ, phải chẳng xây dựng niềm tinh vào tình yêu khó thế.
VIVOSDEV10_014_clean,vivos,whisper,small,zero_shot,,42,clean,clean,SAU KHI ĐỌC NHỮNG THÔNG TIN TRÊN BÁO, Sau khi lọc nhấn hông kinh trên báo
VIVOSDEV10_014_snr20,vivos,whisper,small,zero_shot,,42,20,music,SAU KHI ĐỌC NHỮNG THÔNG TIN TRÊN BÁO, Sau khi lọc nhấn hông kinh kênh báo
VIVOSDEV10_014_snr10,vivos,whisper,small,zero_shot,,42,10,noise,SAU KHI ĐỌC NHỮNG THÔNG TIN TRÊN BÁO, Sau khi lọc nhấn hông kinh trên báo
VIVOSDEV10_014_snr5,vivos,whisper,small,zero_shot,,42,5,music,SAU KHI ĐỌC NHỮNG THÔNG TIN TRÊN BÁO, Sau khi đọc những hông kinh trên báo
VIVOSDEV10_014_snr0,vivos,whisper,small,zero_shot,,42,0,music,SAU KHI ĐỌC NHỮNG THÔNG TIN TRÊN BÁO, Sau khi đọc nhận học kịch kênh quá
VIVOSDEV11_193_clean,vivos,whisper,small,zero_shot,,42,clean,clean,VÌ BAN ĐÊM CHỊ NGỦ KHÔNG NGON, Vì ban đêm chị ngủ không ngon.
VIVOSDEV11_193_snr20,vivos,whisper,small,zero_shot,,42,20,speech,VÌ BAN ĐÊM CHỊ NGỦ KHÔNG NGON, Vì ban đêm chị ngủ không ngon.
VIVOSDEV11_193_snr10,vivos,whisper,small,zero_shot,,42,10,noise,VÌ BAN ĐÊM CHỊ NGỦ KHÔNG NGON, Vì ban đêm chị ngủ không ngon
VIVOSDEV11_193_snr5,vivos,whisper,small,zero_shot,,42,5,noise,VÌ BAN ĐÊM CHỊ NGỦ KHÔNG NGON, Vì ban đêm chị ngủ không ngon
VIVOSDEV11_193_snr0,vivos,whisper,small,zero_shot,,42,0,noise,VÌ BAN ĐÊM CHỊ NGỦ KHÔNG NGON, Vì ban đêm chị ngủ không ngon.
VIVOSDEV08_128_clean,vivos,whisper,small,zero_shot,,42,clean,clean,CÓ LẼ PHẢI MẤT NHIỀU THỜI GIAN, Có lẽ phải mất nhiều thời gian
VIVOSDEV08_128_snr20,vivos,whisper,small,zero_shot,,42,20,music,CÓ LẼ PHẢI MẤT NHIỀU THỜI GIAN, Có lẽ phải mất nhiều thời gian
VIVOSDEV08_128_snr10,vivos,whisper,small,zero_shot,,42,10,music,CÓ LẼ PHẢI MẤT NHIỀU THỜI GIAN, Có lẽ phải mất nhiều thời gian
VIVOSDEV08_128_snr5,vivos,whisper,small,zero_shot,,42,5,noise,CÓ LẼ PHẢI MẤT NHIỀU THỜI GIAN, Có lẽ phải mất nhiều thời gian
VIVOSDEV08_128_snr0,vivos,whisper,small,zero_shot,,42,0,music,CÓ LẼ PHẢI MẤT NHIỀU THỜI GIAN, Có lẽ phải bắt nhiều thời gian
VIVOSDEV03_T047_clean,vivos,whisper,small,zero_shot,,42,clean,clean,TRONG PHIM CÓ NHIỀU CẢNH CHÉM GIẾT, Trong phim có nhiều cảnh chém giết.
VIVOSDEV03_T047_snr20,vivos,whisper,small,zero_shot,,42,20,music,TRONG PHIM CÓ NHIỀU CẢNH CHÉM GIẾT, Trong phim có nhiều cảnh chém giết.
VIVOSDEV03_T047_snr10,vivos,whisper,small,zero_shot,,42,10,noise,TRONG PHIM CÓ NHIỀU CẢNH CHÉM GIẾT, Trong phim có nhiều cảnh chém giết.
VIVOSDEV03_T047_snr5,vivos,whisper,small,zero_shot,,42,5,speech,TRONG PHIM CÓ NHIỀU CẢNH CHÉM GIẾT, Đông phim có nhiều cảm chém với...
VIVOSDEV03_T047_snr0,vivos,whisper,small,zero_shot,,42,0,noise,TRONG PHIM CÓ NHIỀU CẢNH CHÉM GIẾT, Trong phim có nhiều cảnh chém giết.
VIVOSDEV04_R086_clean,vivos,whisper,small,zero_shot,,42,clean,clean,TAY KIA XÁCH MỘT TAY GIÓNG MANG CHIẾC VỊM LỚN, Tây kia sách 1 tây giống mang trước vượm lẫn.
VIVOSDEV04_R086_snr20,vivos,whisper,small,zero_shot,,42,20,music,TAY KIA XÁCH MỘT TAY GIÓNG MANG CHIẾC VỊM LỚN, Tây chia sách 1 tây giống mang trước vượm lẫn.
VIVOSDEV04_R086_snr10,vivos,whisper,small,zero_shot,,42,10,noise,TAY KIA XÁCH MỘT TAY GIÓNG MANG CHIẾC VỊM LỚN, Tây kia sách 1 tay giống mang trước vượm lẫn
VIVOSDEV04_R086_snr5,vivos,whisper,small,zero_shot,,42,5,noise,TAY KIA XÁCH MỘT TAY GIÓNG MANG CHIẾC VỊM LỚN, Tây kia sách 1 tây giống mang trước vượm lấn
VIVOSDEV04_R086_snr0,vivos,whisper,small,zero_shot,,42,0,noise,TAY KIA XÁCH MỘT TAY GIÓNG MANG CHIẾC VỊM LỚN, Tây chia sách 1 tay giống mang trước dựng lẫn
VIVOSDEV02_R032_clean,vivos,whisper,small,zero_shot,,42,clean,clean,Y TẾ BÌNH HƯNG HÒA BỊ HƯ HỎNG, Y đế bình hương hòa bị hư hỏng.
VIVOSDEV02_R032_snr20,vivos,whisper,small,zero_shot,,42,20,music,Y TẾ BÌNH HƯNG HÒA BỊ HƯ HỎNG, Y đế bình thương hòa bị hư hỏng.
VIVOSDEV02_R032_snr10,vivos,whisper,small,zero_shot,,42,10,noise,Y TẾ BÌNH HƯNG HÒA BỊ HƯ HỎNG, Y đếp bình hương hòa bị hư hỏng.
VIVOSDEV02_R032_snr5,vivos,whisper,small,zero_shot,,42,5,noise,Y TẾ BÌNH HƯNG HÒA BỊ HƯ HỎNG, Y đếp bền hương hòa bị hư hóng.
VIVOSDEV02_R032_snr0,vivos,whisper,small,zero_shot,,42,0,music,Y TẾ BÌNH HƯNG HÒA BỊ HƯ HỎNG, Y tế bền thương hòa bị hư học
VIVOSDEV02_R099_clean,vivos,whisper,small,zero_shot,,42,clean,clean,ỔNG NÓI Ở SÀI GÒN ỔNG ĐÃ LÀM ÔNG HỘI ĐỒNG NHƯ THẾ NÀO," Ủa nói ở Sài Gòn, ông đã làm ông hồi đầm như thế nào?"
VIVOSDEV02_R099_snr20,vivos,whisper,small,zero_shot,,42,20,noise,ỔNG NÓI Ở SÀI GÒN ỔNG ĐÃ LÀM ÔNG HỘI ĐỒNG NHƯ THẾ NÀO," Ủa nói ở Sài Gòn, ông đã làm ông hồi đầm như thế nào?"
VIVOSDEV02_R099_snr10,vivos,whisper,small,zero_shot,,42,10,noise,ỔNG NÓI Ở SÀI GÒN ỔNG ĐÃ LÀM ÔNG HỘI ĐỒNG NHƯ THẾ NÀO," Ủa nói ở Sài Gòn, ông đã làm ông hội đồng như thế nào?"
VIVOSDEV02_R099_snr5,vivos,whisper,small,zero_shot,,42,5,noise,ỔNG NÓI Ở SÀI GÒN ỔNG ĐÃ LÀM ÔNG HỘI ĐỒNG NHƯ THẾ NÀO," Ở Sài Gòn, ông đã làm ông hội đầm như thế nào?"
VIVOSDEV02_R099_snr0,vivos,whisper,small,zero_shot,,42,0,noise,ỔNG NÓI Ở SÀI GÒN ỔNG ĐÃ LÀM ÔNG HỘI ĐỒNG NHƯ THẾ NÀO," Ông nói ở Sài Gòn, ông đã làm ông hồi đầm như thế này."
VIVOSDEV19_222_clean,vivos,whisper,small,zero_shot,,42,clean,clean,MẮT TỰ NHIÊN HOA LÊN TRÍ CHỤP MỘT CÁI LY QUẬT MẠNH XUỐNG SÀN, Mắt tự nhiên hoa lên trí chụp một cái ly hoặc mạnh xuống sàn.
VIVOSDEV19_222_snr20,vivos,whisper,small,zero_shot,,42,20,noise,MẮT TỰ NHIÊN HOA LÊN TRÍ CHỤP MỘT CÁI LY QUẬT MẠNH XUỐNG SÀN, Mắt tự nhiên hoa lên trí chụp một cái ly hoặc mạnh xuống sàn.
VIVOSDEV19_222_snr10,vivos,whisper,small,zero_shot,,42,10,noise,MẮT TỰ NHIÊN HOA LÊN TRÍ CHỤP MỘT CÁI LY QUẬT MẠNH XUỐNG SÀN," Mắt tự nhiên hoa lên, ký chục bởi cái ly hoặc mãi xuống sàng."
VIVOSDEV19_222_snr5,vivos,whisper,small,zero_shot,,42,5,noise,MẮT TỰ NHIÊN HOA LÊN TRÍ CHỤP MỘT CÁI LY QUẬT MẠNH XUỐNG SÀN, Mách tự nhiên hoa lên trí chục mỗi cái ly hoặc bàn xuống tàn.
VIVOSDEV19_222_snr0,vivos,whisper,small,zero_shot,,42,0,speech,MẮT TỰ NHIÊN HOA LÊN TRÍ CHỤP MỘT CÁI LY QUẬT MẠNH XUỐNG SÀN, Hãy subscribe cho kênh Ghiền Mì Gõ Để không bỏ lỡ những video hấp dẫn
VIVOSDEV19_142_clean,vivos,whisper,small,zero_shot,,42,clean,clean,HỌ CHỈ THÍCH NHỮNG MÔN GÌ MẠNH BẠO BẠO LỰC VÀ KIẾM RA TIỀN THÔI," Hạ chị thích những môn gì mạnh bạo, bạo lực và kiếm ra tiền thôi."
VIVOSDEV19_142_snr20,vivos,whisper,small,zero_shot,,42,20,noise,HỌ CHỈ THÍCH NHỮNG MÔN GÌ MẠNH BẠO BẠO LỰC VÀ KIẾM RA TIỀN THÔI," Hạ chị thích những môn gì mạnh bạo, bạo lực và kiếm ra tiền thôi."
VIVOSDEV19_142_snr10,vivos,whisper,small,zero_shot,,42,10,music,HỌ CHỈ THÍCH NHỮNG MÔN GÌ MẠNH BẠO BẠO LỰC VÀ KIẾM RA TIỀN THÔI," Hạ chị thích những môn gì mạnh bạo, bạo lực và kiếm ra tiền thôi."
VIVOSDEV19_142_snr5,vivos,whisper,small,zero_shot,,42,5,noise,HỌ CHỈ THÍCH NHỮNG MÔN GÌ MẠNH BẠO BẠO LỰC VÀ KIẾM RA TIỀN THÔI," Hà chị thích những môn gì mạnh bạo, bạo lực và kiếm ra tiền thôi."
VIVOSDEV19_142_snr0,vivos,whisper,small,zero_shot,,42,0,noise,HỌ CHỈ THÍCH NHỮNG MÔN GÌ MẠNH BẠO BẠO LỰC VÀ KIẾM RA TIỀN THÔI," Tha chị thích những môn gì mạnh bạo, bạo lực và kiếm ra tiền thôi."
VIVOSDEV18_272_clean,vivos,whisper,small,zero_shot,,42,clean,clean,ANH NHƠN BẢO TÔI VỀ TRƯỚC CÒN ANH ĐI THEO CÔ GÁI, Anh nhơn bảo tôi về trước còn ăn đi theo cô gái.
VIVOSDEV18_272_snr20,vivos,whisper,small,zero_shot,,42,20,noise,ANH NHƠN BẢO TÔI VỀ TRƯỚC CÒN ANH ĐI THEO CÔ GÁI, Anh nhơn bảo tôi về trước còn ăn đi theo cô gái.
VIVOSDEV18_272_snr10,vivos,whisper,small,zero_shot,,42,10,noise,ANH NHƠN BẢO TÔI VỀ TRƯỚC CÒN ANH ĐI THEO CÔ GÁI, Anh nhơn bảo tôi về trước còn ăn đi theo cô gái.
VIVOSDEV18_272_snr5,vivos,whisper,small,zero_shot,,42,5,speech,ANH NHƠN BẢO TÔI VỀ TRƯỚC CÒN ANH ĐI THEO CÔ GÁI, Anh nên bảo tôi về trước còn anh đi theo cô gái.
VIVOSDEV18_272_snr0,vivos,whisper,small,zero_shot,,42,0,music,ANH NHƠN BẢO TÔI VỀ TRƯỚC CÒN ANH ĐI THEO CÔ GÁI, Anh nhớn bảo tôi về trước còn anh đi theo cô gái.
VIVOSDEV12_227_clean,vivos,whisper,small,zero_shot,,42,clean,clean,SÁU MƯƠI SÁU MƯƠI MỐT," 60, 61"
VIVOSDEV12_227_snr20,vivos,whisper,small,zero_shot,,42,20,speech,SÁU MƯƠI SÁU MƯƠI MỐT," 6 10, 6 11"
VIVOSDEV12_227_snr10,vivos,whisper,small,zero_shot,,42,10,music,SÁU MƯƠI SÁU MƯƠI MỐT, 6 10 6 11
VIVOSDEV12_227_snr5,vivos,whisper,small,zero_shot,,42,5,speech,SÁU MƯƠI SÁU MƯƠI MỐT, 6.1.
VIVOSDEV12_227_snr0,vivos,whisper,small,zero_shot,,42,0,speech,SÁU MƯƠI SÁU MƯƠI MỐT," giảm mời, giảm mời mộp."
VIVOSDEV14_285_clean,vivos,whisper,small,zero_shot,,42,clean,clean,TÔI ĐÃ NHIỀU LẦN PHẢN ĐỐI QUYẾT LIỆT VIỆC NƯỚC THẢI TUỒN RA NGOÀI, tôi đã nhiều lần phản đối quyết liệt việc nước thải tuân ra ngoài.
VIVOSDEV14_285_snr20,vivos,whisper,small,zero_shot,,42,20,music,TÔI ĐÃ NHIỀU LẦN PHẢN ĐỐI QUYẾT LIỆT VIỆC NƯỚC THẢI TUỒN RA NGOÀI, tôi đã nhiều lần phản đối quyết liệt việc nước thải tuông ra ngoài.
VIVOSDEV14_285_snr10,vivos,whisper,small,zero_shot,,42,10,noise,TÔI ĐÃ NHIỀU LẦN PHẢN ĐỐI QUYẾT LIỆT VIỆC NƯỚC THẢI TUỒN RA NGOÀI, tôi đã nhiều lần phản đối quyết liệt biệt nước thải tuân ra ngoài.
VIVOSDEV14_285_snr5,vivos,whisper,small,zero_shot,,42,5,speech,TÔI ĐÃ NHIỀU LẦN PHẢN ĐỐI QUYẾT LIỆT VIỆC NƯỚC THẢI TUỒN RA NGOÀI, tôi đã nhiều lần phải đối quyết liệt việc nước thải tuân ra ngoài.
VIVOSDEV14_285_snr0,vivos,whisper,small,zero_shot,,42,0,music,TÔI ĐÃ NHIỀU LẦN PHẢN ĐỐI QUYẾT LIỆT VIỆC NƯỚC THẢI TUỒN RA NGOÀI, tôi đã nhiều lần phải đối quyết liệt việc nước Hải Tuân ra ngoài.
VIVOSDEV11_075_clean,vivos,whisper,small,zero_shot,,42,clean,clean,DÃI DẦU NẮNG GIÓ TRƯỜNG SƠN, Dã dầu nắng gió trường sân.
VIVOSDEV11_075_snr20,vivos,whisper,small,zero_shot,,42,20,music,DÃI DẦU NẮNG GIÓ TRƯỜNG SƠN, dã dầu nắng gió trường sân
VIVOSDEV11_075_snr10,vivos,whisper,small,zero_shot,,42,10,noise,DÃI DẦU NẮNG GIÓ TRƯỜNG SƠN, Dã dầu nắng gió trường sơn.
VIVOSDEV11_075_snr5,vivos,whisper,small,zero_shot,,42,5,music,DÃI DẦU NẮNG GIÓ TRƯỜNG SƠN, Dã dầu nắng gió trường sân.
VIVOSDEV11_075_snr0,vivos,whisper,small,zero_shot,,42,0,music,DÃI DẦU NẮNG GIÓ TRƯỜNG SƠN, Dã dầu nắng rõ trường sân.
VIVOSDEV14_145_clean,vivos,whisper,small,zero_shot,,42,clean,clean,MỘT SỐ BẠN TRẺ CŨNG CÓ Ý NGHĨ NHƯ CAO CƯỜNG, Một số bạn chị cũng có ý nghĩ như cao cường.
VIVOSDEV14_145_snr20,vivos,whisper,small,zero_shot,,42,20,speech,MỘT SỐ BẠN TRẺ CŨNG CÓ Ý NGHĨ NHƯ CAO CƯỜNG, Một số bạn chị cũng có ý nghĩ như cao cường.
VIVOSDEV14_145_snr10,vivos,whisper,small,zero_shot,,42,10,noise,MỘT SỐ BẠN TRẺ CŨNG CÓ Ý NGHĨ NHƯ CAO CƯỜNG, Một số bạn trị cũng có ý nghĩ như cao cồn.
VIVOSDEV14_145_snr5,vivos,whisper,small,zero_shot,,42,5,noise,MỘT SỐ BẠN TRẺ CŨNG CÓ Ý NGHĨ NHƯ CAO CƯỜNG, Một số bạn chị cũng có ý nghĩ như cao củ.
VIVOSDEV14_145_snr0,vivos,whisper,small,zero_shot,,42,0,speech,MỘT SỐ BẠN TRẺ CŨNG CÓ Ý NGHĨ NHƯ CAO CƯỜNG, Một số bạn chị ấy cũng có ý nghĩa như cao củ.
VIVOSDEV08_163_clean,vivos,whisper,small,zero_shot,,42,clean,clean,CHƯƠNG TRÌNH ĐÃ TẠO ĐƯỢC HIỆU ỨNG TỐT TỪ PHÍA KHÁN GIẢ NHÍ, Chương trình đã tạo được hiểu ứng tốt từ phía khán giả nhí
VIVOSDEV08_163_snr20,vivos,whisper,small,zero_shot,,42,20,noise,CHƯƠNG TRÌNH ĐÃ TẠO ĐƯỢC HIỆU ỨNG TỐT TỪ PHÍA KHÁN GIẢ NHÍ, Chương trình đã tạo được hiệu ứng tốt từ phía khán giả nhí
VIVOSDEV08_163_snr10,vivos,whisper,small,zero_shot,,42,10,music,CHƯƠNG TRÌNH ĐÃ TẠO ĐƯỢC HIỆU ỨNG TỐT TỪ PHÍA KHÁN GIẢ NHÍ, Chương trình đã tạo được hiệu ứng tốt từ phía khán giả nhí
VIVOSDEV08_163_snr5,vivos,whisper,small,zero_shot,,42,5,music,CHƯƠNG TRÌNH ĐÃ TẠO ĐƯỢC HIỆU ỨNG TỐT TỪ PHÍA KHÁN GIẢ NHÍ, Chương trình đã tạo được hiệu ứng tốt từ khía khán giả nhí
VIVOSDEV08_163_snr0,vivos,whisper,small,zero_shot,,42,0,noise,CHƯƠNG TRÌNH ĐÃ TẠO ĐƯỢC HIỆU ỨNG TỐT TỪ PHÍA KHÁN GIẢ NHÍ, Chương trình đã tạo được hiểu ứng tốt từ phía khán giả nhí
VIVOSDEV16_079_clean,vivos,whisper,small,zero_shot,,42,clean,clean,TẤT CẢ ĐỂ CHO NGƯỜI BỆNH VÀ THÂN NHÂN HÀI LÒNG KHI ĐẾN BỆNH VIỆN, Tất cả để cho người bệnh và thân nhân hai lòng khi đến bệnh viện.
VIVOSDEV16_079_snr20,vivos,whisper,small,zero_shot,,42,20,music,TẤT CẢ ĐỂ CHO NGƯỜI BỆNH VÀ THÂN NHÂN HÀI LÒNG KHI ĐẾN BỆNH VIỆN, Tất cả để cho người bệnh và thân nhân hai lòng khi đến bệnh viện.
VIVOSDEV16_079_snr10,vivos,whisper,small,zero_shot,,42,10,music,TẤT CẢ ĐỂ CHO NGƯỜI BỆNH VÀ THÂN NHÂN HÀI LÒNG KHI ĐẾN BỆNH VIỆN, Tất cả để cho người bệnh và thân nhân hai lòng khi đến bệnh viện.
VIVOSDEV16_079_snr5,vivos,whisper,small,zero_shot,,42,5,noise,TẤT CẢ ĐỂ CHO NGƯỜI BỆNH VÀ THÂN NHÂN HÀI LÒNG KHI ĐẾN BỆNH VIỆN, tất cả để cho người bệnh và thông nhân hai lòng khi đến định viện.
VIVOSDEV16_079_snr0,vivos,whisper,small,zero_shot,,42,0,music,TẤT CẢ ĐỂ CHO NGƯỜI BỆNH VÀ THÂN NHÂN HÀI LÒNG KHI ĐẾN BỆNH VIỆN, Tất cả để cho hư bệnh và thông nhân hai lòng khi đến bệnh viện.
VIVOSDEV08_127_clean,vivos,whisper,small,zero_shot,,42,clean,clean,VỀ VIỆC MANG ĐẾN CHO CÁC EM NIỀM VUI HỌC, Về việc mang đến cho các em nềm vui học.
VIVOSDEV08_127_snr20,vivos,whisper,small,zero_shot,,42,20,speech,VỀ VIỆC MANG ĐẾN CHO CÁC EM NIỀM VUI HỌC, Về việc mang đến cho các em niềm vui học.
VIVOSDEV08_127_snr10,vivos,whisper,small,zero_shot,,42,10,noise,VỀ VIỆC MANG ĐẾN CHO CÁC EM NIỀM VUI HỌC, và vệ mang đến cho các em nền vui học
VIVOSDEV08_127_snr5,vivos,whisper,small,zero_shot,,42,5,speech,VỀ VIỆC MANG ĐẾN CHO CÁC EM NIỀM VUI HỌC, Và việc mang đến cho các em nềm vui học.
VIVOSDEV08_127_snr0,vivos,whisper,small,zero_shot,,42,0,noise,VỀ VIỆC MANG ĐẾN CHO CÁC EM NIỀM VUI HỌC, Về việc mang đến cho các em nềm vui học
VIVOSDEV17_070_clean,vivos,whisper,small,zero_shot,,42,clean,clean,HÀ CŨNG CHẲNG NHỚ MÌNH CÓ NÓI HAY KHÔNG ĐỂ CÃI LẠI ÔNG ẤY, Hà cũng chẳng nhớ mình có nói hay không để cạ lại ông ấy.
VIVOSDEV17_070_snr20,vivos,whisper,small,zero_shot,,42,20,noise,HÀ CŨNG CHẲNG NHỚ MÌNH CÓ NÓI HAY KHÔNG ĐỂ CÃI LẠI ÔNG ẤY, Hà cũng chẳng nhớ mình có nói hay không để cạ lại ông ấy.
VIVOSDEV17_070_snr10,vivos,whisper,small,zero_shot,,42,10,noise,HÀ CŨNG CHẲNG NHỚ MÌNH CÓ NÓI HAY KHÔNG ĐỂ CÃI LẠI ÔNG ẤY, Hà cũng chẳng nhớ mình có nói hay không để cại lại ông ấy.
VIVOSDEV17_070_snr5,vivos,whisper,small,zero_shot,,42,5,speech,HÀ CŨNG CHẲNG NHỚ MÌNH CÓ NÓI HAY KHÔNG ĐỂ CÃI LẠI ÔNG ẤY, Ha cũng chẳng nhớ mình có nói hay không để trả lại ông ấy.
VIVOSDEV17_070_snr0,vivos,whisper,small,zero_shot,,42,0,music,HÀ CŨNG CHẲNG NHỚ MÌNH CÓ NÓI HAY KHÔNG ĐỂ CÃI LẠI ÔNG ẤY, Hà cũng chẳng nhớ mình có nói hay không để cạ lại ông ấy
VIVOSDEV09_204_clean,vivos,whisper,small,zero_shot,,42,clean,clean,MƯỜI MỘT MƯỜI HAI MƯỜI BA, 11 12 13
VIVOSDEV09_204_snr20,vivos,whisper,small,zero_shot,,42,20,noise,MƯỜI MỘT MƯỜI HAI MƯỜI BA, 11 12 13
VIVOSDEV09_204_snr10,vivos,whisper,small,zero_shot,,42,10,music,MƯỜI MỘT MƯỜI HAI MƯỜI BA, 11 12 13
VIVOSDEV09_204_snr5,vivos,whisper,small,zero_shot,,42,5,music,MƯỜI MỘT MƯỜI HAI MƯỜI BA, 11 12 13
VIVOSDEV09_204_snr0,vivos,whisper,small,zero_shot,,42,0,noise,MƯỜI MỘT MƯỜI HAI MƯỜI BA," 11, 12, 13"
VIVOSDEV13_104_clean,vivos,whisper,small,zero_shot,,42,clean,clean,SỐ TIỀN QUÁ LỚN KHIẾN GIA ĐÌNH HƯƠNG PHẠM VÀ LÊ CHOÁNG VÁNG, Xấu tiền quá lớn khiến gia đình hương phạm và lê truán ván.
VIVOSDEV13_104_snr20,vivos,whisper,small,zero_shot,,42,20,noise,SỐ TIỀN QUÁ LỚN KHIẾN GIA ĐÌNH HƯƠNG PHẠM VÀ LÊ CHOÁNG VÁNG, Xấu tiền quá lớn khiến gia đình hương phạm và lê truán ván.
VIVOSDEV13_104_snr10,vivos,whisper,small,zero_shot,,42,10,noise,SỐ TIỀN QUÁ LỚN KHIẾN GIA ĐÌNH HƯƠNG PHẠM VÀ LÊ CHOÁNG VÁNG, Xấu tiền quá lớn khiến gia đình hương phạm và lê truán ván.
VIVOSDEV13_104_snr5,vivos,whisper,small,zero_shot,,42,5,music,SỐ TIỀN QUÁ LỚN KHIẾN GIA ĐÌNH HƯƠNG PHẠM VÀ LÊ CHOÁNG VÁNG, Xóa tiền quá lớn khiến gia đình hương phạm và lê tráng ván.
VIVOSDEV13_104_snr0,vivos,whisper,small,zero_shot,,42,0,noise,SỐ TIỀN QUÁ LỚN KHIẾN GIA ĐÌNH HƯƠNG PHẠM VÀ LÊ CHOÁNG VÁNG, Xấu tiền quá lớn khiến gia đình hương phạm và lê tráng ván.
VIVOSDEV04_R182_clean,vivos,whisper,small,zero_shot,,42,clean,clean,HOẶC CHỈ BIỂU HIỆN BẰNG CÁC RỐI LOẠN CO BÓP, hoặc chỉ biểu hiện bằng các rối loạn co-bop.
VIVOSDEV04_R182_snr20,vivos,whisper,small,zero_shot,,42,20,noise,HOẶC CHỈ BIỂU HIỆN BẰNG CÁC RỐI LOẠN CO BÓP, hoặc chỉ biểu hiện bàn cắt rối loạn co-bop.
VIVOSDEV04_R182_snr10,vivos,whisper,small,zero_shot,,42,10,music,HOẶC CHỈ BIỂU HIỆN BẰNG CÁC RỐI LOẠN CO BÓP, hoặc chỉ biểu hiện bàn cách rối lộ con bóc.
VIVOSDEV04_R182_snr5,vivos,whisper,small,zero_shot,,42,5,music,HOẶC CHỈ BIỂU HIỆN BẰNG CÁC RỐI LOẠN CO BÓP, hoặc chỉ biểu hiện bằng các rối lận co-bop.
VIVOSDEV04_R182_snr0,vivos,whisper,small,zero_shot,,42,0,speech,HOẶC CHỈ BIỂU HIỆN BẰNG CÁC RỐI LOẠN CO BÓP, Các bạn có thể nhận được các lỗ lộn của mình.
VIVOSDEV17_170_clean,vivos,whisper,small,zero_shot,,42,clean,clean,VÀ ĐỘI TUYỂN PHÁP ĐANG LÀ ĐỘI CHIẾM ƯU THẾ HƠN SO VỚI THỤY SĨ, và đội tuyển Pháp đang là đội chím ú thế hơn so với thủy sĩ.
VIVOSDEV17_170_snr20,vivos,whisper,small,zero_shot,,42,20,noise,VÀ ĐỘI TUYỂN PHÁP ĐANG LÀ ĐỘI CHIẾM ƯU THẾ HƠN SO VỚI THỤY SĨ, và đội tuyển Pháp đang là đội chím ú thế hơn so với thủy sĩ.
VIVOSDEV17_170_snr10,vivos,whisper,small,zero_shot,,42,10,music,VÀ ĐỘI TUYỂN PHÁP ĐANG LÀ ĐỘI CHIẾM ƯU THẾ HƠN SO VỚI THỤY SĨ, và đội tuyển Pháp đang là đội chiếm ú thế hơn do với thủy sĩ.
VIVOSDEV17_170_snr5,vivos,whisper,small,zero_shot,,42,5,noise,VÀ ĐỘI TUYỂN PHÁP ĐANG LÀ ĐỘI CHIẾM ƯU THẾ HƠN SO VỚI THỤY SĨ, và đội tuyển pháp đang là đội chím ú thế hơn so với thủy sĩ.
VIVOSDEV17_170_snr0,vivos,whisper,small,zero_shot,,42,0,speech,VÀ ĐỘI TUYỂN PHÁP ĐANG LÀ ĐỘI CHIẾM ƯU THẾ HƠN SO VỚI THỤY SĨ, Hết một người sẽ bị phát hiện lại.
VIVOSDEV03_R180_clean,vivos,whisper,small,zero_shot,,42,clean,clean,SAU CẢI CÁCH, Sao kể cách?
VIVOSDEV03_R180_snr20,vivos,whisper,small,zero_shot,,42,20,noise,SAU CẢI CÁCH, Sao kể cách?
VIVOSDEV03_R180_snr10,vivos,whisper,small,zero_shot,,42,10,speech,SAU CẢI CÁCH, Sao cải cách?
VIVOSDEV03_R180_snr5,vivos,whisper,small,zero_shot,,42,5,noise,SAU CẢI CÁCH, Sao kể cách?
VIVOSDEV03_R180_snr0,vivos,whisper,small,zero_shot,,42,0,noise,SAU CẢI CÁCH, Sao kể kết?
VIVOSDEV08_141_clean,vivos,whisper,small,zero_shot,,42,clean,clean,KHI SỨC ÉP BIẾN MẤT CHÚNG TRỞ LẠI TÌNH TRẠNG MỀM DẺO BÌNH THƯỜNG, Khi sức ép biến mắt chúng trở lại tình trạng mềm dẻ bình thân.
VIVOSDEV08_141_snr20,vivos,whisper,small,zero_shot,,42,20,music,KHI SỨC ÉP BIẾN MẤT CHÚNG TRỞ LẠI TÌNH TRẠNG MỀM DẺO BÌNH THƯỜNG, Khi sức ép biến mắt chúng trở lại tình trạng mềm dẻ bình thân.
VIVOSDEV08_141_snr10,vivos,whisper,small,zero_shot,,42,10,music,KHI SỨC ÉP BIẾN MẤT CHÚNG TRỞ LẠI TÌNH TRẠNG MỀM DẺO BÌNH THƯỜNG, Khi sức ép biến mắt chúng trở lại tình trạng mềm dẻ bình thân
VIVOSDEV08_141_snr5,vivos,whisper,small,zero_shot,,42,5,speech,KHI SỨC ÉP BIẾN MẤT CHÚNG TRỞ LẠI TÌNH TRẠNG MỀM DẺO BÌNH THƯỜNG, Khi sức ép biến mắc chúng ta lại tình trạng nềm dễ bình thường.
VIVOSDEV08_141_snr0,vivos,whisper,small,zero_shot,,42,0,noise,KHI SỨC ÉP BIẾN MẤT CHÚNG TRỞ LẠI TÌNH TRẠNG MỀM DẺO BÌNH THƯỜNG, Khi sức ép tiếng mắt chúng ta lại tình tạng là dễ bình thơm
VIVOSDEV09_139_clean,vivos,whisper,small,zero_shot,,42,clean,clean,NẾU CHỦ ĐẦU TƯ KHÔNG TỰ PHÁ DỠ THÌ BỊ CƯỠNG CHẾ, Nếu chủ đồng tư không tự phá dở thì bị cứng chế.
VIVOSDEV09_139_snr20,vivos,whisper,small,zero_shot,,42,20,music,NẾU CHỦ ĐẦU TƯ KHÔNG TỰ PHÁ DỠ THÌ BỊ CƯỠNG CHẾ, Nếu chủ đồng tư không tự phá dở thì bị cứng chế.
VIVOSDEV09_139_snr10,vivos,whisper,small,zero_shot,,42,10,music,NẾU CHỦ ĐẦU TƯ KHÔNG TỰ PHÁ DỠ THÌ BỊ CƯỠNG CHẾ, Nếu chủ đồn tư không tự phá dở thì bị cứng chế.
VIVOSDEV09_139_snr5,vivos,whisper,small,zero_shot,,42,5,noise,NẾU CHỦ ĐẦU TƯ KHÔNG TỰ PHÁ DỠ THÌ BỊ CƯỠNG CHẾ, Nếu chủ đồng tư không tài giả thì bị tưởng chén
VIVOSDEV09_139_snr0,vivos,whisper,small,zero_shot,,42,0,speech,NẾU CHỦ ĐẦU TƯ KHÔNG TỰ PHÁ DỠ THÌ BỊ CƯỠNG CHẾ, Nếu chỗ đồ phư không tự phá dạ thì bị cứng chán.
VIVOSDEV09_110_clean,vivos,whisper,small,zero_shot,,42,clean,clean,KHI MIỆNG VẪN NGẬM BẦU VÚ QUẮT QUEO, Khi miệng vẫn nhậm màu vũ quắc queo.
VIVOSDEV09_110_snr20,vivos,whisper,small,zero_shot,,42,20,music,KHI MIỆNG VẪN NGẬM BẦU VÚ QUẮT QUEO, Khi miệng vẫn nhậm màu vũ quắc queo.
VIVOSDEV09_110_snr10,vivos,whisper,small,zero_shot,,42,10,noise,KHI MIỆNG VẪN NGẬM BẦU VÚ QUẮT QUEO, Khi miệng vẫn nhậm màu vũ quắc weo.
VIVOSDEV09_110_snr5,vivos,whisper,small,zero_shot,,42,5,noise,KHI MIỆNG VẪN NGẬM BẦU VÚ QUẮT QUEO, Thì miệng vẫn nhận bầu vũ quắc weo.
VIVOSDEV09_110_snr0,vivos,whisper,small,zero_shot,,42,0,music,KHI MIỆNG VẪN NGẬM BẦU VÚ QUẮT QUEO, Khi mệnh vẫn nhậm bầu vũ quắc quen
VIVOSDEV19_279_clean,vivos,whisper,small,zero_shot,,42,clean,clean,NỢ MỘT CUỘC CHIẾN CHỐNG THAM NHŨNG VẪN CHƯA VÀO ĐÂU, Nợ một cuộc chiến chóng tham nhũng vẫn chưa vào đâu.
VIVOSDEV19_279_snr20,vivos,whisper,small,zero_shot,,42,20,noise,NỢ MỘT CUỘC CHIẾN CHỐNG THAM NHŨNG VẪN CHƯA VÀO ĐÂU, Nợ một cuộc chiến chóng tham nhũng vẫn chưa vào đâu
VIVOSDEV19_279_snr10,vivos,whisper,small,zero_shot,,42,10,music,NỢ MỘT CUỘC CHIẾN CHỐNG THAM NHŨNG VẪN CHƯA VÀO ĐÂU, Nợ một cuộc chiến chống tham nhũng vẫn chưa vào đâu.
VIVOSDEV19_279_snr5,vivos,whisper,small,zero_shot,,42,5,speech,NỢ MỘT CUỘC CHIẾN CHỐNG THAM NHŨNG VẪN CHƯA VÀO ĐÂU," Nếu một cuộc chiến chấm tham lũn văn kia, là đâu?"
VIVOSDEV19_279_snr0,vivos,whisper,small,zero_shot,,42,0,noise,NỢ MỘT CUỘC CHIẾN CHỐNG THAM NHŨNG VẪN CHƯA VÀO ĐÂU, nở một cuộc chiến chóng tham nhũng vắng chưa và đâu
VIVOSDEV17_268_clean,vivos,whisper,small,zero_shot,,42,clean,clean,VÌ CHÚNG CÓ THỂ LÀM RĂNG CỦA BẠN DỄ BỊ Ố VÀNG, Vì chúng có thể làm răng của bạn dễ bị ố vàng.
VIVOSDEV17_268_snr20,vivos,whisper,small,zero_shot,,42,20,music,VÌ CHÚNG CÓ THỂ LÀM RĂNG CỦA BẠN DỄ BỊ Ố VÀNG, Vì chúng có thể làm răng của bạn dễ bị ố vàng.
VIVOSDEV17_268_snr10,vivos,whisper,small,zero_shot,,42,10,speech,VÌ CHÚNG CÓ THỂ LÀM RĂNG CỦA BẠN DỄ BỊ Ố VÀNG, Vì chúng có thể làm răng của bạn dễ bị ố vàng.
VIVOSDEV17_268_snr5,vivos,whisper,small,zero_shot,,42,5,music,VÌ CHÚNG CÓ THỂ LÀM RĂNG CỦA BẠN DỄ BỊ Ố VÀNG, Vì chúng có thể làm răng của bạn dễ bị ố vàng.
VIVOSDEV17_268_snr0,vivos,whisper,small,zero_shot,,42,0,noise,VÌ CHÚNG CÓ THỂ LÀM RĂNG CỦA BẠN DỄ BỊ Ố VÀNG, Vì chúng có thể làm răng của bạn dễ bị ố vàng.
VIVOSDEV16_161_clean,vivos,whisper,small,zero_shot,,42,clean,clean,TRUNG QUỐC ĐƯA RA HÌNH PHẠT CỤ THỂ ĐỐI VỚI TỘI THAM NHŨNG, Trung Quốc đưa ra hình phạch cụ thể đối với tội tham nhũng.
VIVOSDEV16_161_snr20,vivos,whisper,small,zero_shot,,42,20,music,TRUNG QUỐC ĐƯA RA HÌNH PHẠT CỤ THỂ ĐỐI VỚI TỘI THAM NHŨNG, Trung Quốc đưa ra hình phạch cụ thể đối với tội tham nhũng.
VIVOSDEV16_161_snr10,vivos,whisper,small,zero_shot,,42,10,speech,TRUNG QUỐC ĐƯA RA HÌNH PHẠT CỤ THỂ ĐỐI VỚI TỘI THAM NHŨNG, Trung Quốc đưa ra hình phải cố thể đối với hệ tội tham nhũng.
VIVOSDEV16_161_snr5,vivos,whisper,small,zero_shot,,42,5,noise,TRUNG QUỐC ĐƯA RA HÌNH PHẠT CỤ THỂ ĐỐI VỚI TỘI THAM NHŨNG, Trung Quốc đưa ra hình phai cụ thể đối với tội tham dụng
VIVOSDEV16_161_snr0,vivos,whisper,small,zero_shot,,42,0,noise,TRUNG QUỐC ĐƯA RA HÌNH PHẠT CỤ THỂ ĐỐI VỚI TỘI THAM NHŨNG, Trung Quốc đưa ra hình phai cụ thể đối với tội tham nhủng.
VIVOSDEV19_030_clean,vivos,whisper,small,zero_shot,,42,clean,clean,PHÙ SA BỒI ĐẮP RUỘNG VƯỜN CHO XÓM LÀNG TRÙ PHÚ, Phụ xe bò đắp rụng vườn cho sớm làn trụ phú
VIVOSDEV19_030_snr20,vivos,whisper,small,zero_shot,,42,20,music,PHÙ SA BỒI ĐẮP RUỘNG VƯỜN CHO XÓM LÀNG TRÙ PHÚ, Phụ xe bò đắp rụng vườn cho sớm làn trụ phú
VIVOSDEV19_030_snr10,vivos,whisper,small,zero_shot,,42,10,noise,PHÙ SA BỒI ĐẮP RUỘNG VƯỜN CHO XÓM LÀNG TRÙ PHÚ, Phụ xe bò đắp rụng vườn cho sớm làn trụ phú
VIVOSDEV19_030_snr5,vivos,whisper,small,zero_shot,,42,5,speech,PHÙ SA BỒI ĐẮP RUỘNG VƯỜN CHO XÓM LÀNG TRÙ PHÚ, Phù xe bò đắp dụng vườn tra sớm làn chủ phú.
VIVOSDEV19_030_snr0,vivos,whisper,small,zero_shot,,42,0,noise,PHÙ SA BỒI ĐẮP RUỘNG VƯỜN CHO XÓM LÀNG TRÙ PHÚ, Phụ xe bò đắp rụng vườn cho sớm làn trụ phướng
VIVOSDEV11_033_clean,vivos,whisper,small,zero_shot,,42,clean,clean,MÀ PHẢI CHE CHÁI Ở TẠM BÊN HÔNG NHÀ CHA RUỘT, mà phải chơi trái ở tạm bên hông nhà trái ruột
VIVOSDEV11_033_snr20,vivos,whisper,small,zero_shot,,42,20,speech,MÀ PHẢI CHE CHÁI Ở TẠM BÊN HÔNG NHÀ CHA RUỘT, mà phải chơi trái ở tạm bên hông nhà trái ruột.
VIVOSDEV11_033_snr10,vivos,whisper,small,zero_shot,,42,10,music,MÀ PHẢI CHE CHÁI Ở TẠM BÊN HÔNG NHÀ CHA RUỘT, mà phải chơi trái ở tạm bên hông nhà Trác Rột
VIVOSDEV11_033_snr5,vivos,whisper,small,zero_shot,,42,5,music,MÀ PHẢI CHE CHÁI Ở TẠM BÊN HÔNG NHÀ CHA RUỘT, mà phải chơi trái ở tạm bên hông nhà cha Rùc.
VIVOSDEV11_033_snr0,vivos,whisper,small,zero_shot,,42,0,music,MÀ PHẢI CHE CHÁI Ở TẠM BÊN HÔNG NHÀ CHA RUỘT, mà phải chơi trái ở tạm bên hông nhà trái ruột
VIVOSDEV13_225_clean,vivos,whisper,small,zero_shot,,42,clean,clean,HAI LOẠI VĂN NÀY NÊN ĐƯỢC COI TRỌNG NHƯ NHAU TRONG CÁC KỲ THI, 2 loại văn này nên được coi chọc như nhau trong các kỳ thi
VIVOSDEV13_225_snr20,vivos,whisper,small,zero_shot,,42,20,music,HAI LOẠI VĂN NÀY NÊN ĐƯỢC COI TRỌNG NHƯ NHAU TRONG CÁC KỲ THI, 2 loại văn này nên được coi chọc như nhau trong các kỳ thi
VIVOSDEV13_225_snr10,vivos,whisper,small,zero_shot,,42,10,speech,HAI LOẠI VĂN NÀY NÊN ĐƯỢC COI TRỌNG NHƯ NHAU TRONG CÁC KỲ THI, 2 loại văn này nên được coi chọng nhau nhau trong các kỳ thi.
VIVOSDEV13_225_snr5,vivos,whisper,small,zero_shot,,42,5,music,HAI LOẠI VĂN NÀY NÊN ĐƯỢC COI TRỌNG NHƯ NHAU TRONG CÁC KỲ THI, 2 loại văn này nên được coi chọng nhau nhau trong các kỷ thi
VIVOSDEV13_225_snr0,vivos,whisper,small,zero_shot,,42,0,noise,HAI LOẠI VĂN NÀY NÊN ĐƯỢC COI TRỌNG NHƯ NHAU TRONG CÁC KỲ THI, 2 văn này nên được trọng như nhau trong các kịp thị
VIVOSDEV12_128_clean,vivos,whisper,small,zero_shot,,42,clean,clean,TRONG CUỘC BỎ PHIẾU TẠI HỘI ĐỒNG BẢO AN HAI NGÀY TRƯỚC ĐÓ, trong cuộc bỏ phiếu tại Hội đồng Bảo An 2 ngày trước đó.
VIVOSDEV12_128_snr20,vivos,whisper,small,zero_shot,,42,20,speech,TRONG CUỘC BỎ PHIẾU TẠI HỘI ĐỒNG BẢO AN HAI NGÀY TRƯỚC ĐÓ, trong cuộc bỏ phiếu tại Hội Động Bảo An 2 ngày trước đó.
VIVOSDEV12_128_snr10,vivos,whisper,small,zero_shot,,42,10,music,TRONG CUỘC BỎ PHIẾU TẠI HỘI ĐỒNG BẢO AN HAI NGÀY TRƯỚC ĐÓ, trong cuộc bỏ phiếu tại Hội đồng Bảo An 2 ngày trước đó.
VIVOSDEV12_128_snr5,vivos,whisper,small,zero_shot,,42,5,music,TRONG CUỘC BỎ PHIẾU TẠI HỘI ĐỒNG BẢO AN HAI NGÀY TRƯỚC ĐÓ, trong cuộc bỏ phiếu tại Hội Động Bảo An 2 ngày trước đó.
VIVOSDEV12_128_snr0,vivos,whisper,small,zero_shot,,42,0,noise,TRONG CUỘC BỎ PHIẾU TẠI HỘI ĐỒNG BẢO AN HAI NGÀY TRƯỚC ĐÓ, trong cuộc bỏ thứ tại Hội Đọc Bảo An Hôi ngày trước đó
VIVOSDEV17_100_clean,vivos,whisper,small,zero_shot,,42,clean,clean,ĐẾN ĐÀ LẠT BẠN PHẢI CHUẨN BỊ ĐÔI CHÂN ĐỂ ĐI BỘ," Đến Đà Lạt, bạn phải chuẩn bị đôi chân để đi bộ."
VIVOSDEV17_100_snr20,vivos,whisper,small,zero_shot,,42,20,speech,ĐẾN ĐÀ LẠT BẠN PHẢI CHUẨN BỊ ĐÔI CHÂN ĐỂ ĐI BỘ, Đến Đà Lạt bạn phải chuẩn bị đôi chân để đi bộ.
VIVOSDEV17_100_snr10,vivos,whisper,small,zero_shot,,42,10,noise,ĐẾN ĐÀ LẠT BẠN PHẢI CHUẨN BỊ ĐÔI CHÂN ĐỂ ĐI BỘ," Đến Đà Lạt, bạn phải chuẩn bị đôi chân để đi bộ."
VIVOSDEV17_100_snr5,vivos,whisper,small,zero_shot,,42,5,noise,ĐẾN ĐÀ LẠT BẠN PHẢI CHUẨN BỊ ĐÔI CHÂN ĐỂ ĐI BỘ, Đến Đà Lạt bạn phải chuẩn bị đôi chân để đi bộ.
VIVOSDEV17_100_snr0,vivos,whisper,small,zero_shot,,42,0,music,ĐẾN ĐÀ LẠT BẠN PHẢI CHUẨN BỊ ĐÔI CHÂN ĐỂ ĐI BỘ, Đến Da Lan bạn phải chuẩn bị đôi chân để đi bổ
VIVOSDEV07_168_clean,vivos,whisper,small,zero_shot,,42,clean,clean,MÀ CHO ĐẾN LÚC ĐÓ ĐƯỢC XEM LÀ CỦA TƯ NHÂN, mà cho đến lúc đó được xem là của tư nhân
VIVOSDEV07_168_snr20,vivos,whisper,small,zero_shot,,42,20,speech,MÀ CHO ĐẾN LÚC ĐÓ ĐƯỢC XEM LÀ CỦA TƯ NHÂN, mà cho đến lúc đó được xem là của tư nhân.
VIVOSDEV07_168_snr10,vivos,whisper,small,zero_shot,,42,10,music,MÀ CHO ĐẾN LÚC ĐÓ ĐƯỢC XEM LÀ CỦA TƯ NHÂN, mà cho đến lúc đó được xem là của tư nhân.
VIVOSDEV07_168_snr5,vivos,whisper,small,zero_shot,,42,5,music,MÀ CHO ĐẾN LÚC ĐÓ ĐƯỢC XEM LÀ CỦA TƯ NHÂN, mà cho đến lúc đó được xem là của tư nhân
VIVOSDEV07_168_snr0,vivos,whisper,small,zero_shot,,42,0,speech,MÀ CHO ĐẾN LÚC ĐÓ ĐƯỢC XEM LÀ CỦA TƯ NHÂN, Mà cho đến lúc đó được xem là của tư nhau.
VIVOSDEV17_212_clean,vivos,whisper,small,zero_shot,,42,clean,clean,CÓ MẤY NGƯỜI ĐỤNG PHẢI NÓ SUÝT NGÃ CHÚI XUỐNG ĐƯỜNG, Có mấy người đụng phải nó suy nghĩa chuối xuống đường.
VIVOSDEV17_212_snr20,vivos,whisper,small,zero_shot,,42,20,speech,CÓ MẤY NGƯỜI ĐỤNG PHẢI NÓ SUÝT NGÃ CHÚI XUỐNG ĐƯỜNG, Có mấy người đụng phải nó suy nghĩa chuối xuống đường.
VIVOSDEV17_212_snr10,vivos,whisper,small,zero_shot,,42,10,noise,CÓ MẤY NGƯỜI ĐỤNG PHẢI NÓ SUÝT NGÃ CHÚI XUỐNG ĐƯỜNG, Có mấy người đụng phải nó sít ngại chuối xuống đường.
VIVOSDEV17_212_snr5,vivos,whisper,small,zero_shot,,42,5,speech,CÓ MẤY NGƯỜI ĐỤNG PHẢI NÓ SUÝT NGÃ CHÚI XUỐNG ĐƯỜNG, Có mấy người đúng phải nó xuất ngại trúi xuống đường.
VIVOSDEV17_212_snr0,vivos,whisper,small,zero_shot,,42,0,noise,CÓ MẤY NGƯỜI ĐỤNG PHẢI NÓ SUÝT NGÃ CHÚI XUỐNG ĐƯỜNG, Có mấy người đụng phải nó xuất ngại chuối xuống đường
VIVOSDEV05_238_clean,vivos,whisper,small,zero_shot,,42,clean,clean,CỘNG ĐỒNG NGƯỜI MÊ TOÁN HỌC TRÊN TOÀN THẾ GIỚI, Cộng đồng người mê toán học trên toàn thế giới.
VIVOSDEV05_238_snr20,vivos,whisper,small,zero_shot,,42,20,music,CỘNG ĐỒNG NGƯỜI MÊ TOÁN HỌC TRÊN TOÀN THẾ GIỚI, Cộng đồng người mê toán học trên toàn thế giới.
VIVOSDEV05_238_snr10,vivos,whisper,small,zero_shot,,42,10,speech,CỘNG ĐỒNG NGƯỜI MÊ TOÁN HỌC TRÊN TOÀN THẾ GIỚI, Cộng đồng người mê toán học trên toàn thế giới.
VIVOSDEV05_238_snr5,vivos,whisper,small,zero_shot,,42,5,noise,CỘNG ĐỒNG NGƯỜI MÊ TOÁN HỌC TRÊN TOÀN THẾ GIỚI, Cộng đồng người mê toán học trên toàn thế giới.
VIVOSDEV05_238_snr0,vivos,whisper,small,zero_shot,,42,0,noise,CỘNG ĐỒNG NGƯỜI MÊ TOÁN HỌC TRÊN TOÀN THẾ GIỚI, Cộng đồng người mấy quán học trên hoàn thế giới.
VIVOSDEV01_R141_clean,vivos,whisper,small,zero_shot,,42,clean,clean,NHỮNG CON ĐƯỜNG NGẮN NGỦN NHƯ NHỮNG NHÁT CẮT, những con đường án ngộn như những nhét cắt.
VIVOSDEV01_R141_snr20,vivos,whisper,small,zero_shot,,42,20,music,NHỮNG CON ĐƯỜNG NGẮN NGỦN NHƯ NHỮNG NHÁT CẮT, những con đường án ngộn như những nhét cắt.
VIVOSDEV01_R141_snr10,vivos,whisper,small,zero_shot,,42,10,speech,NHỮNG CON ĐƯỜNG NGẮN NGỦN NHƯ NHỮNG NHÁT CẮT, Những con đường án ngũ như nhựng nhét cắt.
VIVOSDEV01_R141_snr5,vivos,whisper,small,zero_shot,,42,5,speech,NHỮNG CON ĐƯỜNG NGẮN NGỦN NHƯ NHỮNG NHÁT CẮT, Những con đường ngắn ngủ như những nhắc cắt.
VIVOSDEV01_R141_snr0,vivos,whisper,small,zero_shot,,42,0,noise,NHỮNG CON ĐƯỜNG NGẮN NGỦN NHƯ NHỮNG NHÁT CẮT, Những con đường ngắn ngủ vư dựng nhát cách.
VIVOSDEV13_106_clean,vivos,whisper,small,zero_shot,,42,clean,clean,CẢM GIÁC ĐƯỢC CHIA SẺ VỚI BẠN ĐỜI CÙNG SỞ THÍCH THÚ VỊ LẮM, Cảm giác được chia sẻ với bạn đời cùng sở thích thú vị lắm.
VIVOSDEV13_106_snr20,vivos,whisper,small,zero_shot,,42,20,noise,CẢM GIÁC ĐƯỢC CHIA SẺ VỚI BẠN ĐỜI CÙNG SỞ THÍCH THÚ VỊ LẮM, Cảm giác được chia sẻ với bạn đời cùng sở thích thú vị lắm
VIVOSDEV13_106_snr10,vivos,whisper,small,zero_shot,,42,10,noise,CẢM GIÁC ĐƯỢC CHIA SẺ VỚI BẠN ĐỜI CÙNG SỞ THÍCH THÚ VỊ LẮM, Cảm giác được chia sẻ với bạn đời cùng sở thích thú vị lắm
VIVOSDEV13_106_snr5,vivos,whisper,small,zero_shot,,42,5,music,CẢM GIÁC ĐƯỢC CHIA SẺ VỚI BẠN ĐỜI CÙNG SỞ THÍCH THÚ VỊ LẮM, Cảm giác được chia sẻ với bạn đời cùng sở thích thú vị lắm.
VIVOSDEV13_106_snr0,vivos,whisper,small,zero_shot,,42,0,noise,CẢM GIÁC ĐƯỢC CHIA SẺ VỚI BẠN ĐỜI CÙNG SỞ THÍCH THÚ VỊ LẮM, cảm giác được chia sẻ với bạn đời cùng sở thích thú vị lắm
VIVOSDEV07_127_clean,vivos,whisper,small,zero_shot,,42,clean,clean,CÓ HAI TÁC DỤNG TÍCH CỰC, Có 2 tác dụng tích cực
VIVOSDEV07_127_snr20,vivos,whisper,small,zero_shot,,42,20,noise,CÓ HAI TÁC DỤNG TÍCH CỰC, có 2 tác dụng tích cực
VIVOSDEV07_127_snr10,vivos,whisper,small,zero_shot,,42,10,noise,CÓ HAI TÁC DỤNG TÍCH CỰC, Có 2 trách dụng tích cực
VIVOSDEV07_127_snr5,vivos,whisper,small,zero_shot,,42,5,noise,CÓ HAI TÁC DỤNG TÍCH CỰC, có 2 tác dụng tích cực
VIVOSDEV07_127_snr0,vivos,whisper,small,zero_shot,,42,0,music,CÓ HAI TÁC DỤNG TÍCH CỰC, Có 2 tác dụng tích cực
VIVOSDEV05_037_clean,vivos,whisper,small,zero_shot,,42,clean,clean,ÔNG NHẶT NÓ LÊN, Ông nhặt nó lên
VIVOSDEV05_037_snr20,vivos,whisper,small,zero_shot,,42,20,noise,ÔNG NHẶT NÓ LÊN, Ông nhặt nó lên
VIVOSDEV05_037_snr10,vivos,whisper,small,zero_shot,,42,10,music,ÔNG NHẶT NÓ LÊN, Ông nhặt nó lên
VIVOSDEV05_037_snr5,vivos,whisper,small,zero_shot,,42,5,noise,ÔNG NHẶT NÓ LÊN, Ông nhặt nó lên.
VIVOSDEV05_037_snr0,vivos,whisper,small,zero_shot,,42,0,speech,ÔNG NHẶT NÓ LÊN, Mình đã nói là cô ấy chỉ thấy hắn ở khu vực.
VIVOSDEV11_083_clean,vivos,whisper,small,zero_shot,,42,clean,clean,MỘT SINH VIÊN ĐƯỢC VAY VỐN TÍN DỤNG HỌC TẬP, Một sinh viên được vai quống tính dòng học nạp.
VIVOSDEV11_083_snr20,vivos,whisper,small,zero_shot,,42,20,music,MỘT SINH VIÊN ĐƯỢC VAY VỐN TÍN DỤNG HỌC TẬP, Một sinh viên được vai quống tính dòng học tập.
VIVOSDEV11_083_snr10,vivos,whisper,small,zero_shot,,42,10,music,MỘT SINH VIÊN ĐƯỢC VAY VỐN TÍN DỤNG HỌC TẬP, Một sinh viên được vai quống tính dòng học đập.
VIVOSDEV11_083_snr5,vivos,whisper,small,zero_shot,,42,5,noise,MỘT SINH VIÊN ĐƯỢC VAY VỐN TÍN DỤNG HỌC TẬP, Một sinh viên được bay quống tính dòng học tập.
VIVOSDEV11_083_snr0,vivos,whisper,small,zero_shot,,42,0,noise,MỘT SINH VIÊN ĐƯỢC VAY VỐN TÍN DỤNG HỌC TẬP, Một thịn viên được bay quống tính dụng hình.
VIVOSDEV15_147_clean,vivos,whisper,small,zero_shot,,42,clean,clean,BẮT ĐẦU CUỘC CHẠY ĐUA MÙA KINH DOANH TẾT GIỮA BÁNH NỘI VÀ BÁNH NGOẠI, Bắt đầu cuộc chạy đua mùa kinh doanh tết giữa bánh nội và bánh ngoại.
VIVOSDEV15_147_snr20,vivos,whisper,small,zero_shot,,42,20,music,BẮT ĐẦU CUỘC CHẠY ĐUA MÙA KINH DOANH TẾT GIỮA BÁNH NỘI VÀ BÁNH NGOẠI, Bắt đầu cuộc chạy đua mùa kinh doanh tết giữa bánh nội và bánh ngoại.
VIVOSDEV15_147_snr10,vivos,whisper,small,zero_shot,,42,10,music,BẮT ĐẦU CUỘC CHẠY ĐUA MÙA KINH DOANH TẾT GIỮA BÁNH NỘI VÀ BÁNH NGOẠI, Bắt đầu cuộc chạy đua mùa kinh doanh tét giữa bánh nội và bánh ngoại.
VIVOSDEV15_147_snr5,vivos,whisper,small,zero_shot,,42,5,music,BẮT ĐẦU CUỘC CHẠY ĐUA MÙA KINH DOANH TẾT GIỮA BÁNH NỘI VÀ BÁNH NGOẠI, Bắt đầu cuộc chặn đua mùa kinh doanh tết giữa bánh nội và bánh ngoại.
VIVOSDEV15_147_snr0,vivos,whisper,small,zero_shot,,42,0,noise,BẮT ĐẦU CUỘC CHẠY ĐUA MÙA KINH DOANH TẾT GIỮA BÁNH NỘI VÀ BÁNH NGOẠI, Bắt đầu cuộc chạy đua mùa kinh doanh tên sữa bánh nội và bánh ngoại.
VIVOSDEV14_199_clean,vivos,whisper,small,zero_shot,,42,clean,clean,KHÓ SAO DUYÊN DÁM CHO ANH UỐNG RƯỢU TRONG ĐÁM CƯỚI, Khó sao duyên giám tranh uôn rụ trong đám cưới.
VIVOSDEV14_199_snr20,vivos,whisper,small,zero_shot,,42,20,speech,KHÓ SAO DUYÊN DÁM CHO ANH UỐNG RƯỢU TRONG ĐÁM CƯỚI, Khó sao duyên giám tranh uống rượu trong đám cưới.
VIVOSDEV14_199_snr10,vivos,whisper,small,zero_shot,,42,10,noise,KHÓ SAO DUYÊN DÁM CHO ANH UỐNG RƯỢU TRONG ĐÁM CƯỚI, Khó sao duyên giám tranh uống rụ trong đém cưới.
VIVOSDEV14_199_snr5,vivos,whisper,small,zero_shot,,42,5,noise,KHÓ SAO DUYÊN DÁM CHO ANH UỐNG RƯỢU TRONG ĐÁM CƯỚI, Khó sao duyên giám chăm uôn rụ trong đám cưới.
VIVOSDEV14_199_snr0,vivos,whisper,small,zero_shot,,42,0,noise,KHÓ SAO DUYÊN DÁM CHO ANH UỐNG RƯỢU TRONG ĐÁM CƯỚI, Thó sao duy nhất trong của hội trong các hứa.
VIVOSDEV13_239_clean,vivos,whisper,small,zero_shot,,42,clean,clean,CHẲNG CẦN NHÌN VỀ PHƯƠNG TÂY QUÊ HƯƠNG CỦA HÀNG HIỆU, Chẳng cần nhìn về phương tay quê hương của hàng hiệu.
VIVOSDEV13_239_snr20,vivos,whisper,small,zero_shot,,42,20,noise,CHẲNG CẦN NHÌN VỀ PHƯƠNG TÂY QUÊ HƯƠNG CỦA HÀNG HIỆU, Chẳng cần nhìn về phương tay quê hương của hàng hiệu.
VIVOSDEV13_239_snr10,vivos,whisper,small,zero_shot,,42,10,noise,CHẲNG CẦN NHÌN VỀ PHƯƠNG TÂY QUÊ HƯƠNG CỦA HÀNG HIỆU, Chẳng cần nhìn về phương tay quê hương của hàng hiệu.
VIVOSDEV13_239_snr5,vivos,whisper,small,zero_shot,,42,5,speech,CHẲNG CẦN NHÌN VỀ PHƯƠNG TÂY QUÊ HƯƠNG CỦA HÀNG HIỆU, Chẳng cần nhìn về phương Tây quê hương của hẹn hệ.
VIVOSDEV13_239_snr0,vivos,whisper,small,zero_shot,,42,0,noise,CHẲNG CẦN NHÌN VỀ PHƯƠNG TÂY QUÊ HƯƠNG CỦA HÀNG HIỆU, Chẳng cần nhìn về phương tay quê hương của Hàn Hẹu.
VIVOSDEV08_093_clean,vivos,whisper,small,zero_shot,,42,clean,clean,THÌ BỖNG NGHE MẤY TIẾNG OÁC OÁC TỪ VẠT RỪNG PHI LAO, Thì bỏng nghe mấy tiếng quát quát từ vặt rừng phí lao.
VIVOSDEV08_093_snr20,vivos,whisper,small,zero_shot,,42,20,noise,THÌ BỖNG NGHE MẤY TIẾNG OÁC OÁC TỪ VẠT RỪNG PHI LAO, Thề bỏng nghe mấy tiếng quát quát từ vặt rừng phí lao
VIVOSDEV08_093_snr10,vivos,whisper,small,zero_shot,,42,10,music,THÌ BỖNG NGHE MẤY TIẾNG OÁC OÁC TỪ VẠT RỪNG PHI LAO, Thì bỏng nghe mấy tiếng quát quát từ vặt rừng phí lao
VIVOSDEV08_093_snr5,vivos,whisper,small,zero_shot,,42,5,music,THÌ BỖNG NGHE MẤY TIẾNG OÁC OÁC TỪ VẠT RỪNG PHI LAO, Thế bóng nghe mấy tiếng quát quát từ vặt rừng phí lao
VIVOSDEV08_093_snr0,vivos,whisper,small,zero_shot,,42,0,noise,THÌ BỖNG NGHE MẤY TIẾNG OÁC OÁC TỪ VẠT RỪNG PHI LAO, Thì bỏng nghe mấy tiếng quát quát từ Vật Rừng Phi Lao
VIVOSDEV02_R027_clean,vivos,whisper,small,zero_shot,,42,clean,clean,CÓ THỂ LÀNH LẶN MÀ KHÔNG ĐỂ LẠI VẾT SẸO, Có thể là lạc mạc không để lại với sếp.
VIVOSDEV02_R027_snr20,vivos,whisper,small,zero_shot,,42,20,noise,CÓ THỂ LÀNH LẶN MÀ KHÔNG ĐỂ LẠI VẾT SẸO, Có thể là lạng lạng mà không để lại với sếp.
VIVOSDEV02_R027_snr10,vivos,whisper,small,zero_shot,,42,10,noise,CÓ THỂ LÀNH LẶN MÀ KHÔNG ĐỂ LẠI VẾT SẸO, Có thể là lặng mạc không để lại với chèo.
VIVOSDEV02_R027_snr5,vivos,whisper,small,zero_shot,,42,5,noise,CÓ THỂ LÀNH LẶN MÀ KHÔNG ĐỂ LẠI VẾT SẸO, Có thể là lặng mà không để lại với sợ.
VIVOSDEV02_R027_snr0,vivos,whisper,small,zero_shot,,42,0,noise,CÓ THỂ LÀNH LẶN MÀ KHÔNG ĐỂ LẠI VẾT SẸO, có thể làm lặng mà không để lại biết hiểu.
VIVOSDEV05_209_clean,vivos,whisper,small,zero_shot,,42,clean,clean,TÊN GỌI TẠI ĐỊA PHƯƠNG LÀ TRẮC THỐI, Tên gọi tại địa phương là Trắc Thối.
VIVOSDEV05_209_snr20,vivos,whisper,small,zero_shot,,42,20,music,TÊN GỌI TẠI ĐỊA PHƯƠNG LÀ TRẮC THỐI, Tên gọi tại địa phương là Trắc Thối
VIVOSDEV05_209_snr10,vivos,whisper,small,zero_shot,,42,10,noise,TÊN GỌI TẠI ĐỊA PHƯƠNG LÀ TRẮC THỐI, Tên gọi tại địa phương là Trắc Thối
VIVOSDEV05_209_snr5,vivos,whisper,small,zero_shot,,42,5,noise,TÊN GỌI TẠI ĐỊA PHƯƠNG LÀ TRẮC THỐI, Tên gọi tại địa phương là cắt thối
VIVOSDEV05_209_snr0,vivos,whisper,small,zero_shot,,42,0,noise,TÊN GỌI TẠI ĐỊA PHƯƠNG LÀ TRẮC THỐI, Tên gọi tại địa phương là Cắt Khối
VIVOSDEV09_286_clean,vivos,whisper,small,zero_shot,,42,clean,clean,CÓ CÒN HƠN KHÔNG, có còn hương khâu
VIVOSDEV09_286_snr20,vivos,whisper,small,zero_shot,,42,20,noise,CÓ CÒN HƠN KHÔNG, Còn còn hương khâu
VIVOSDEV09_286_snr10,vivos,whisper,small,zero_shot,,42,10,noise,CÓ CÒN HƠN KHÔNG, Có còn hương không
VIVOSDEV09_286_snr5,vivos,whisper,small,zero_shot,,42,5,noise,CÓ CÒN HƠN KHÔNG, Có còn hương không?
VIVOSDEV09_286_snr0,vivos,whisper,small,zero_shot,,42,0,noise,CÓ CÒN HƠN KHÔNG, Có còn hương không
VIVOSDEV16_033_clean,vivos,whisper,small,zero_shot,,42,clean,clean,ĐỘI NÀO THÀNH TÍCH CÀNG CAO THÌ QUẢN LÝ CÀNG KHÓ, Đổi nào thành tích càng cao thì quản lý càng khó.
VIVOSDEV16_033_snr20,vivos,whisper,small,zero_shot,,42,20,noise,ĐỘI NÀO THÀNH TÍCH CÀNG CAO THÌ QUẢN LÝ CÀNG KHÓ, Đổi nào thành tích càng cao thì quản lý càng khó.
VIVOSDEV16_033_snr10,vivos,whisper,small,zero_shot,,42,10,noise,ĐỘI NÀO THÀNH TÍCH CÀNG CAO THÌ QUẢN LÝ CÀNG KHÓ, Đổi nào thành tích càng cao thì quản lý càng khó.
VIVOSDEV16_033_snr5,vivos,whisper,small,zero_shot,,42,5,speech,ĐỘI NÀO THÀNH TÍCH CÀNG CAO THÌ QUẢN LÝ CÀNG KHÓ, Đội nào thành tích càng cao thì quản lý càng khó.
VIVOSDEV16_033_snr0,vivos,whisper,small,zero_shot,,42,0,speech,ĐỘI NÀO THÀNH TÍCH CÀNG CAO THÌ QUẢN LÝ CÀNG KHÓ, Bởi nào thân tích phần cao thì quảnh lý kênh hó?
VIVOSDEV15_047_clean,vivos,whisper,small,zero_shot,,42,clean,clean,MỘT TÌNH HUỐNG ỨNG XỬ SƯ PHẠM TÔI LÀM BỘ TỈNH RỤI ĐƯỢC CÔ DUYỆT, Một tính huống ứng sử xứ phạm tôi làm bộ tính rụi được cố duyệt.
VIVOSDEV15_047_snr20,vivos,whisper,small,zero_shot,,42,20,music,MỘT TÌNH HUỐNG ỨNG XỬ SƯ PHẠM TÔI LÀM BỘ TỈNH RỤI ĐƯỢC CÔ DUYỆT," Một tính huống ứng sử xứ phạm, tôi làm bộ tính rụi, được cố duyệt."
VIVOSDEV15_047_snr10,vivos,whisper,small,zero_shot,,42,10,music,MỘT TÌNH HUỐNG ỨNG XỬ SƯ PHẠM TÔI LÀM BỘ TỈNH RỤI ĐƯỢC CÔ DUYỆT," Một tình huống ứng sử xứ phạm, tôi làm bộ tính rụi, được cố duyệt."
VIVOSDEV15_047_snr5,vivos,whisper,small,zero_shot,,42,5,music,MỘT TÌNH HUỐNG ỨNG XỬ SƯ PHẠM TÔI LÀM BỘ TỈNH RỤI ĐƯỢC CÔ DUYỆT," Một tiếng Húa ứng sở xứ phạ tôi là bộ tiếng Rội, đợt cũng cô duyệt."
VIVOSDEV15_047_snr0,vivos,whisper,small,zero_shot,,42,0,noise,MỘT TÌNH HUỐNG ỨNG XỬ SƯ PHẠM TÔI LÀM BỘ TỈNH RỤI ĐƯỢC CÔ DUYỆT," Một tính hướng ứng sử xứ phạm, tôi làm bộ tính rụi, được cố duyệt."
VIVOSDEV07_194_clean,vivos,whisper,small,zero_shot,,42,clean,clean,NHIỀU TRỤ ĐÁ DI TÍCH NẰM NGHIÊNG NGẢ VÀ VỠ NÁT, Nhiều chủ đó di tích nằm nghi ngã và vỡ nát.
VIVOSDEV07_194_snr20,vivos,whisper,small,zero_shot,,42,20,music,NHIỀU TRỤ ĐÁ DI TÍCH NẰM NGHIÊNG NGẢ VÀ VỠ NÁT, nhiều chủ đó di tích nằm nghi ngã và vỡ nát
VIVOSDEV07_194_snr10,vivos,whisper,small,zero_shot,,42,10,noise,NHIỀU TRỤ ĐÁ DI TÍCH NẰM NGHIÊNG NGẢ VÀ VỠ NÁT, nhiều chủ đó giới tích 5 ghê ngã và vỡ nát
VIVOSDEV07_194_snr5,vivos,whisper,small,zero_shot,,42,5,noise,NHIỀU TRỤ ĐÁ DI TÍCH NẰM NGHIÊNG NGẢ VÀ VỠ NÁT, nhiều chủ đó di tích 5k nga vào vỡ nát
VIVOSDEV07_194_snr0,vivos,whisper,small,zero_shot,,42,0,noise,NHIỀU TRỤ ĐÁ DI TÍCH NẰM NGHIÊNG NGẢ VÀ VỠ NÁT, nhiều chủ đó dây tích nằm nghi ngã vào vỡ ná
VIVOSDEV13_257_clean,vivos,whisper,small,zero_shot,,42,clean,clean,TỪ ĐÓ ĐẾN NAY GIA ĐÌNH CHỊ VẪN SỐNG TRONG CĂN NHÀ LỤP XỤP," Đừ đó đến nay, gia đình chị vẫn sống trong căn nhà lập sợ."
VIVOSDEV13_257_snr20,vivos,whisper,small,zero_shot,,42,20,speech,TỪ ĐÓ ĐẾN NAY GIA ĐÌNH CHỊ VẪN SỐNG TRONG CĂN NHÀ LỤP XỤP, Từ đó đến nay gia đình chị vẫn sống trong căn nhà lập sợ.
VIVOSDEV13_257_snr10,vivos,whisper,small,zero_shot,,42,10,speech,TỪ ĐÓ ĐẾN NAY GIA ĐÌNH CHỊ VẪN SỐNG TRONG CĂN NHÀ LỤP XỤP, Từ đó đến nay gia đình chị vẫn sống trong căn nhà lực sợ.
VIVOSDEV13_257_snr5,vivos,whisper,small,zero_shot,,42,5,speech,TỪ ĐÓ ĐẾN NAY GIA ĐÌNH CHỊ VẪN SỐNG TRONG CĂN NHÀ LỤP XỤP," Từ đó đến nay, gia đình chỉ vẫn xong trong căn nhà lực sợp."
VIVOSDEV13_257_snr0,vivos,whisper,small,zero_shot,,42,0,music,TỪ ĐÓ ĐẾN NAY GIA ĐÌNH CHỊ VẪN SỐNG TRONG CĂN NHÀ LỤP XỤP, Từ đó đến nay gia đình dị vẫn sống trong các nhà lục sợ.
VIVOSDEV05_119_clean,vivos,whisper,small,zero_shot,,42,clean,clean,MÀ CÒN BỊ NHỮNG BỘ MẶT LẠNH TE KIA HOẠNH HỌE, mà còn bị những bồ mặc lãnh tế kia hoàn hòa.
VIVOSDEV05_119_snr20,vivos,whisper,small,zero_shot,,42,20,noise,MÀ CÒN BỊ NHỮNG BỘ MẶT LẠNH TE KIA HOẠNH HỌE, mà còn bị những bồn mặt lãnh tế kia hoàn hòa.
VIVOSDEV05_119_snr10,vivos,whisper,small,zero_shot,,42,10,speech,MÀ CÒN BỊ NHỮNG BỘ MẶT LẠNH TE KIA HOẠNH HỌE, mà còn bị những bồn mặc lãnh tế kia hoành hòe.
VIVOSDEV05_119_snr5,vivos,whisper,small,zero_shot,,42,5,music,MÀ CÒN BỊ NHỮNG BỘ MẶT LẠNH TE KIA HOẠNH HỌE, mà còn bị những bồ mặc lãnh tê kia hoàn hoàng.
VIVOSDEV05_119_snr0,vivos,whisper,small,zero_shot,,42,0,speech,MÀ CÒN BỊ NHỮNG BỘ MẶT LẠNH TE KIA HOẠNH HỌE, Mà con bởi những bộ mặt lần tế yêu hỏi hỏi.
VIVOSDEV13_210_clean,vivos,whisper,small,zero_shot,,42,clean,clean,RÀ SOÁT CHẤT LƯỢNG CÔNG TRÌNH XÂY DỰNG TRÊN CẢ NƯỚC, ra xác chất lượng công trình xây dẫn trên cả nước.
VIVOSDEV13_210_snr20,vivos,whisper,small,zero_shot,,42,20,music,RÀ SOÁT CHẤT LƯỢNG CÔNG TRÌNH XÂY DỰNG TRÊN CẢ NƯỚC, ra xác chất lượng công trình xây dẫn trên cả nước.
VIVOSDEV13_210_snr10,vivos,whisper,small,zero_shot,,42,10,music,RÀ SOÁT CHẤT LƯỢNG CÔNG TRÌNH XÂY DỰNG TRÊN CẢ NƯỚC, ra xác chất lự công trình xây dẫn trên cả nước
VIVOSDEV13_210_snr5,vivos,whisper,small,zero_shot,,42,5,music,RÀ SOÁT CHẤT LƯỢNG CÔNG TRÌNH XÂY DỰNG TRÊN CẢ NƯỚC, Xa xác chất lượng công trình xây dẫn trên cả nước.
VIVOSDEV13_210_snr0,vivos,whisper,small,zero_shot,,42,0,noise,RÀ SOÁT CHẤT LƯỢNG CÔNG TRÌNH XÂY DỰNG TRÊN CẢ NƯỚC, và xác chất lượng công trình xây dẫn trên cả nước.
VIVOSDEV08_166_clean,vivos,whisper,small,zero_shot,,42,clean,clean,DỊCH VỤ KIỂM TRA SỨC KHỎE ĐỊNH KỲ LÀ MỘT Ý KIẾN HAY, Vịt vô kiểm tra trức quả định cây là một ý kiến hay
VIVOSDEV08_166_snr20,vivos,whisper,small,zero_shot,,42,20,speech,DỊCH VỤ KIỂM TRA SỨC KHỎE ĐỊNH KỲ LÀ MỘT Ý KIẾN HAY, Vịt vô kiểm tra trức khỏe định cây là một ý kiến hay.
VIVOSDEV08_166_snr10,vivos,whisper,small,zero_shot,,42,10,music,DỊCH VỤ KIỂM TRA SỨC KHỎE ĐỊNH KỲ LÀ MỘT Ý KIẾN HAY, dịch vô kiểm tra trức khỏe định kỳ là một ý kiến hay
VIVOSDEV08_166_snr5,vivos,whisper,small,zero_shot,,42,5,noise,DỊCH VỤ KIỂM TRA SỨC KHỎE ĐỊNH KỲ LÀ MỘT Ý KIẾN HAY, Dịch vộ kiểm tra trức khỏe đêm cây là một ý kiến hay
VIVOSDEV08_166_snr0,vivos,whisper,small,zero_shot,,42,0,noise,DỊCH VỤ KIỂM TRA SỨC KHỎE ĐỊNH KỲ LÀ MỘT Ý KIẾN HAY, Vịt vô kiểm tra trách quả đình kỳ là một ích kiến hay
VIVOSDEV03_T048_clean,vivos,whisper,small,zero_shot,,42,clean,clean,DIỄN VIÊN CHÍNH ĐỨNG NHƯ KHÚC GỖ, Diện viên chính đứng như khúc gỗ
VIVOSDEV03_T048_snr20,vivos,whisper,small,zero_shot,,42,20,music,DIỄN VIÊN CHÍNH ĐỨNG NHƯ KHÚC GỖ, Diện viên chính đứng như khúc gỗ
VIVOSDEV03_T048_snr10,vivos,whisper,small,zero_shot,,42,10,noise,DIỄN VIÊN CHÍNH ĐỨNG NHƯ KHÚC GỖ, Những viên chính đứng như khúc gỗ
VIVOSDEV03_T048_snr5,vivos,whisper,small,zero_shot,,42,5,music,DIỄN VIÊN CHÍNH ĐỨNG NHƯ KHÚC GỖ, Vịm yên chính đứng như khu ngộ
VIVOSDEV03_T048_snr0,vivos,whisper,small,zero_shot,,42,0,music,DIỄN VIÊN CHÍNH ĐỨNG NHƯ KHÚC GỖ, Chỉ bị chính sức như khu cầu.
VIVOSDEV14_079_clean,vivos,whisper,small,zero_shot,,42,clean,clean,VẬY AI SẼ CHỊU TRÁCH NHIỆM VỀ NHỮNG TRƯỜNG HỢP NÀY, Vậy ai sẽ chỉ trữ chất nhiệm về những chuồng hợp này?
VIVOSDEV14_079_snr20,vivos,whisper,small,zero_shot,,42,20,music,VẬY AI SẼ CHỊU TRÁCH NHIỆM VỀ NHỮNG TRƯỜNG HỢP NÀY, Vậy ai sẽ chỉ trách nhiệm về những trường hợp này?
VIVOSDEV14_079_snr10,vivos,whisper,small,zero_shot,,42,10,speech,VẬY AI SẼ CHỊU TRÁCH NHIỆM VỀ NHỮNG TRƯỜNG HỢP NÀY, bởi ai sẽ chử chức nhiệm về những trường hợp này.
VIVOSDEV14_079_snr5,vivos,whisper,small,zero_shot,,42,5,music,VẬY AI SẼ CHỊU TRÁCH NHIỆM VỀ NHỮNG TRƯỜNG HỢP NÀY, Vậy ai sẽ chịu chất nhiệm về những trường hợp này?
VIVOSDEV14_079_snr0,vivos,whisper,small,zero_shot,,42,0,noise,VẬY AI SẼ CHỊU TRÁCH NHIỆM VỀ NHỮNG TRƯỜNG HỢP NÀY, Bởi ai sẽ truyền chất nhìn phần giống trung hợp này.
VIVOSDEV17_245_clean,vivos,whisper,small,zero_shot,,42,clean,clean,ĐƯỢC BÀY TRÊN NHỮNG BỆ THỜ BÊN CẠNH NHỮNG BÓ SEN HUỆ THƠM NỨC, được bay trên những bẻ thờ bên cạnh những bó sen hỏa thông phức.
VIVOSDEV17_245_snr20,vivos,whisper,small,zero_shot,,42,20,music,ĐƯỢC BÀY TRÊN NHỮNG BỆ THỜ BÊN CẠNH NHỮNG BÓ SEN HUỆ THƠM NỨC," Được bay trên những bẻ thờ bên cạnh những bó sen, hệ thông phúc."
VIVOSDEV17_245_snr10,vivos,whisper,small,zero_shot,,42,10,noise,ĐƯỢC BÀY TRÊN NHỮNG BỆ THỜ BÊN CẠNH NHỮNG BÓ SEN HUỆ THƠM NỨC," được bay trên những bẻ thờ bên cạnh những bói xean, hệ thông phúc."
VIVOSDEV17_245_snr5,vivos,whisper,small,zero_shot,,42,5,noise,ĐƯỢC BÀY TRÊN NHỮNG BỆ THỜ BÊN CẠNH NHỮNG BÓ SEN HUỆ THƠM NỨC," Được bay trên những bẻ thờ bên cạnh những bó sen, hệ thông phúc."
VIVOSDEV17_245_snr0,vivos,whisper,small,zero_shot,,42,0,noise,ĐƯỢC BÀY TRÊN NHỮNG BỆ THỜ BÊN CẠNH NHỮNG BÓ SEN HUỆ THƠM NỨC," Được bay trên những bẻ thần bất cả những bó sen, khỏe thông phúc."
VIVOSDEV04_T018_clean,vivos,whisper,small,zero_shot,,42,clean,clean,NHỮNG SAI LẦM KHI ĐI CHỌN KHÁCH SẠN, Những xe lầm khi đi chọn khách sạn.
VIVOSDEV04_T018_snr20,vivos,whisper,small,zero_shot,,42,20,noise,NHỮNG SAI LẦM KHI ĐI CHỌN KHÁCH SẠN, Những xe lầm khi đi chọn khách sạn.
VIVOSDEV04_T018_snr10,vivos,whisper,small,zero_shot,,42,10,music,NHỮNG SAI LẦM KHI ĐI CHỌN KHÁCH SẠN, Những xe lầm khi đi chọn khách sạn.
VIVOSDEV04_T018_snr5,vivos,whisper,small,zero_shot,,42,5,speech,NHỮNG SAI LẦM KHI ĐI CHỌN KHÁCH SẠN, Những xe lầm khi đi chọn khách sạn.
VIVOSDEV04_T018_snr0,vivos,whisper,small,zero_shot,,42,0,noise,NHỮNG SAI LẦM KHI ĐI CHỌN KHÁCH SẠN," Nếu sẽ lầm, thì đi chọn khách sạm."
VIVOSDEV04_R186_clean,vivos,whisper,small,zero_shot,,42,clean,clean,NHẰM TẠO RA SỰ HẤP DẪN, Nhằm tạo ra sự hấp dẫn.
VIVOSDEV04_R186_snr20,vivos,whisper,small,zero_shot,,42,20,noise,NHẰM TẠO RA SỰ HẤP DẪN, Nhằm tạo ra sự hấp dẫn
VIVOSDEV04_R186_snr10,vivos,whisper,small,zero_shot,,42,10,noise,NHẰM TẠO RA SỰ HẤP DẪN, Nhằm tạo ra sự hấp dẫn.
VIVOSDEV04_R186_snr5,vivos,whisper,small,zero_shot,,42,5,noise,NHẰM TẠO RA SỰ HẤP DẪN, Nhằm tạo ra sự hấp dẫn
VIVOSDEV04_R186_snr0,vivos,whisper,small,zero_shot,,42,0,noise,NHẰM TẠO RA SỰ HẤP DẪN, Nhằm tạo ra sự hấp dẫn
VIVOSDEV06_006_clean,vivos,whisper,small,zero_shot,,42,clean,clean,MÀ DO LỐI SỐNG CHUI NHỦI CỦA CHÚNG, Mà do lối sóng chui nhũi của chúng.
VIVOSDEV06_006_snr20,vivos,whisper,small,zero_shot,,42,20,noise,MÀ DO LỐI SỐNG CHUI NHỦI CỦA CHÚNG, mà do lối sóng chui nhũi của chúng.
VIVOSDEV06_006_snr10,vivos,whisper,small,zero_shot,,42,10,music,MÀ DO LỐI SỐNG CHUI NHỦI CỦA CHÚNG, Mà do lối sóng chui nhũi của chúng.
VIVOSDEV06_006_snr5,vivos,whisper,small,zero_shot,,42,5,noise,MÀ DO LỐI SỐNG CHUI NHỦI CỦA CHÚNG, Mà do lối sóng chui nhũi của chúng.
VIVOSDEV06_006_snr0,vivos,whisper,small,zero_shot,,42,0,music,MÀ DO LỐI SỐNG CHUI NHỦI CỦA CHÚNG, mà do lối sống chui những của chúng
VIVOSDEV03_R195_clean,vivos,whisper,small,zero_shot,,42,clean,clean,KHÔNG MỘT CHIẾC XE LẠ NÀO CÓ THỂ MON MEN VÀO ĐƯỢC, Không một chiếc xe lạ nào có thể mong man vào được.
VIVOSDEV03_R195_snr20,vivos,whisper,small,zero_shot,,42,20,music,KHÔNG MỘT CHIẾC XE LẠ NÀO CÓ THỂ MON MEN VÀO ĐƯỢC, Không một chiếc xe lạ nào có thể mong man vào được.
VIVOSDEV03_R195_snr10,vivos,whisper,small,zero_shot,,42,10,noise,KHÔNG MỘT CHIẾC XE LẠ NÀO CÓ THỂ MON MEN VÀO ĐƯỢC, Không một chiếc xe lạ nào có thể mong man vào được
VIVOSDEV03_R195_snr5,vivos,whisper,small,zero_shot,,42,5,music,KHÔNG MỘT CHIẾC XE LẠ NÀO CÓ THỂ MON MEN VÀO ĐƯỢC, Không một chiếc xe lã nào có thể mong men vào được.
VIVOSDEV03_R195_snr0,vivos,whisper,small,zero_shot,,42,0,noise,KHÔNG MỘT CHIẾC XE LẠ NÀO CÓ THỂ MON MEN VÀO ĐƯỢC, Không một chiếc xe lạ nào có thể mon mê vào được
VIVOSDEV10_130_clean,vivos,whisper,small,zero_shot,,42,clean,clean,CAO NGỒNG NGỒNG, cao ngọc ngọc
VIVOSDEV10_130_snr20,vivos,whisper,small,zero_shot,,42,20,speech,CAO NGỒNG NGỒNG, Cáu ngào ngào
VIVOSDEV10_130_snr10,vivos,whisper,small,zero_shot,,42,10,noise,CAO NGỒNG NGỒNG, cao ngọng ngọng
VIVOSDEV10_130_snr5,vivos,whisper,small,zero_shot,,42,5,music,CAO NGỒNG NGỒNG, Cao ngọc ngọc
VIVOSDEV10_130_snr0,vivos,whisper,small,zero_shot,,42,0,speech,CAO NGỒNG NGỒNG, cao ngọc ngọc
VIVOSDEV17_297_clean,vivos,whisper,small,zero_shot,,42,clean,clean,TRONG DÒNG THÁC NGƯỜI CHỈ NHÌN ĐƯỢC MẮT KÍNH VÀ KHẨU TRANG, Trong dòng thét người chỉ nhìn được mắc kính và khẩu trang.
VIVOSDEV17_297_snr20,vivos,whisper,small,zero_shot,,42,20,noise,TRONG DÒNG THÁC NGƯỜI CHỈ NHÌN ĐƯỢC MẮT KÍNH VÀ KHẨU TRANG, Trong dòng thét người chỉ nhìn được mắc kính và khẩu trang.
VIVOSDEV17_297_snr10,vivos,whisper,small,zero_shot,,42,10,noise,TRONG DÒNG THÁC NGƯỜI CHỈ NHÌN ĐƯỢC MẮT KÍNH VÀ KHẨU TRANG, Trong dòng thét người chỉ nhìn được mắc kính và khẩu trang
VIVOSDEV17_297_snr5,vivos,whisper,small,zero_shot,,42,5,music,TRONG DÒNG THÁC NGƯỜI CHỈ NHÌN ĐƯỢC MẮT KÍNH VÀ KHẨU TRANG, trong dòng khác người chỉ nhìn được mắc kính và khẩu tre
VIVOSDEV17_297_snr0,vivos,whisper,small,zero_shot,,42,0,music,TRONG DÒNG THÁC NGƯỜI CHỈ NHÌN ĐƯỢC MẮT KÍNH VÀ KHẨU TRANG, Trong dòng thét người chỉ nhìn được mắc kính và khổ tre
VIVOSDEV06_286_clean,vivos,whisper,small,zero_shot,,42,clean,clean,PHÍ CHUYỂN GIAO CÔNG NGHỆ LÀ BA CHỤC NGÀN ĐỒNG, Phía chuyển giao công nghệ là 30.000 đồng.
VIVOSDEV06_286_snr20,vivos,whisper,small,zero_shot,,42,20,noise,PHÍ CHUYỂN GIAO CÔNG NGHỆ LÀ BA CHỤC NGÀN ĐỒNG, Phía chuyển giao công nghệ là 30.000 đồng.
VIVOSDEV06_286_snr10,vivos,whisper,small,zero_shot,,42,10,noise,PHÍ CHUYỂN GIAO CÔNG NGHỆ LÀ BA CHỤC NGÀN ĐỒNG, Phía chuyển giao công nghệ là 30.000 đồng
VIVOSDEV06_286_snr5,vivos,whisper,small,zero_shot,,42,5,music,PHÍ CHUYỂN GIAO CÔNG NGHỆ LÀ BA CHỤC NGÀN ĐỒNG, Phía chuyển giao công nghệ là 30.000 đồng
VIVOSDEV06_286_snr0,vivos,whisper,small,zero_shot,,42,0,speech,PHÍ CHUYỂN GIAO CÔNG NGHỆ LÀ BA CHỤC NGÀN ĐỒNG, Phía chuyển giao công nghệ là 30.000 đồng.
VIVOSDEV07_185_clean,vivos,whisper,small,zero_shot,,42,clean,clean,CHÍU CHÍT GỢI TÌNH MẸ CON SUM HỌP, Chiếu Chít gọi tình mẹ con sâm hợp.
VIVOSDEV07_185_snr20,vivos,whisper,small,zero_shot,,42,20,noise,CHÍU CHÍT GỢI TÌNH MẸ CON SUM HỌP, Chứ chết gọi tình mẹ con sâm hợp.
VIVOSDEV07_185_snr10,vivos,whisper,small,zero_shot,,42,10,speech,CHÍU CHÍT GỢI TÌNH MẸ CON SUM HỌP, Kiểu chết gọi tình mẹ con sơ mọc.
VIVOSDEV07_185_snr5,vivos,whisper,small,zero_shot,,42,5,noise,CHÍU CHÍT GỢI TÌNH MẸ CON SUM HỌP, Chứ chết gọi tình mẹ con xâm hợp.
VIVOSDEV07_185_snr0,vivos,whisper,small,zero_shot,,42,0,noise,CHÍU CHÍT GỢI TÌNH MẸ CON SUM HỌP, Chứ chích gọi tình mẹ con xâm hợp.
VIVOSDEV06_079_clean,vivos,whisper,small,zero_shot,,42,clean,clean,MÀ BẠN CÓ THỂ THAM KHẢO ĐỂ LÀM ĐẸP GIAN BẾP, Mà bạn có thể ham khảo để làm đẹp dang bếp.
VIVOSDEV06_079_snr20,vivos,whisper,small,zero_shot,,42,20,noise,MÀ BẠN CÓ THỂ THAM KHẢO ĐỂ LÀM ĐẸP GIAN BẾP, mà bạn có thể ham khảo để làm đẹp gian bếp.
VIVOSDEV06_079_snr10,vivos,whisper,small,zero_shot,,42,10,music,MÀ BẠN CÓ THỂ THAM KHẢO ĐỂ LÀM ĐẸP GIAN BẾP, Mà bạn có thể ham khảo để làm đẹp dang bếp
VIVOSDEV06_079_snr5,vivos,whisper,small,zero_shot,,42,5,music,MÀ BẠN CÓ THỂ THAM KHẢO ĐỂ LÀM ĐẸP GIAN BẾP, Mà bạn có thể ham khảo để làm đẹp gian bếp
VIVOSDEV06_079_snr0,vivos,whisper,small,zero_shot,,42,0,noise,MÀ BẠN CÓ THỂ THAM KHẢO ĐỂ LÀM ĐẸP GIAN BẾP, Mà bạn có thể ham khảo để làm đẹp gian bếp.
VIVOSDEV04_R126_clean,vivos,whisper,small,zero_shot,,42,clean,clean,TÔI KHÔNG NỠ LÀM CÔ BÉ THẤT VỌNG, Tươi không nở làm của bé thất vọng.
VIVOSDEV04_R126_snr20,vivos,whisper,small,zero_shot,,42,20,noise,TÔI KHÔNG NỠ LÀM CÔ BÉ THẤT VỌNG, Tươi không nở làm của bé thất vọng.
VIVOSDEV04_R126_snr10,vivos,whisper,small,zero_shot,,42,10,noise,TÔI KHÔNG NỠ LÀM CÔ BÉ THẤT VỌNG, Tươi không nở làm của bé thất vọng.
VIVOSDEV04_R126_snr5,vivos,whisper,small,zero_shot,,42,5,noise,TÔI KHÔNG NỠ LÀM CÔ BÉ THẤT VỌNG, Tôi không nở làm của bé thất vọng.
VIVOSDEV04_R126_snr0,vivos,whisper,small,zero_shot,,42,0,speech,TÔI KHÔNG NỠ LÀM CÔ BÉ THẤT VỌNG, Tư không nở lặng thú bé trái vọng.
VIVOSDEV15_013_clean,vivos,whisper,small,zero_shot,,42,clean,clean,CŨNG ĐỀU TRONG TƯ THẾ NGÕ NHỎ PHỐ NHỎ PHỞ TÔI Ở ĐÓ, Cũng đều trong tư thế ngõ phố phố nhỏ phở tôi ở đó.
VIVOSDEV15_013_snr20,vivos,whisper,small,zero_shot,,42,20,speech,CŨNG ĐỀU TRONG TƯ THẾ NGÕ NHỎ PHỐ NHỎ PHỞ TÔI Ở ĐÓ, Cũng đều trong tư thế ngõ phố phố nhỏ phở tôi ở đó.
VIVOSDEV15_013_snr10,vivos,whisper,small,zero_shot,,42,10,speech,CŨNG ĐỀU TRONG TƯ THẾ NGÕ NHỎ PHỐ NHỎ PHỞ TÔI Ở ĐÓ," Cũng đều trong tư thế ngõ phố, phố nhỏ, phở tôi ở đâu?"
VIVOSDEV15_013_snr5,vivos,whisper,small,zero_shot,,42,5,noise,CŨNG ĐỀU TRONG TƯ THẾ NGÕ NHỎ PHỐ NHỎ PHỞ TÔI Ở ĐÓ, Cũng đều trong tư thế ngõ phố phố nhỏ phở tôi ở đằng sau.
VIVOSDEV15_013_snr0,vivos,whisper,small,zero_shot,,42,0,music,CŨNG ĐỀU TRONG TƯ THẾ NGÕ NHỎ PHỐ NHỎ PHỞ TÔI Ở ĐÓ, cũng đều trong tư thế ngõ phố phố nhỏ phở tôi à đó.
VIVOSDEV16_059_clean,vivos,whisper,small,zero_shot,,42,clean,clean,ĐỒ CỔ KHÔNG CÔNG KHAI NGUỒN GỐC PHẢI BỊ COI LÀ HÀNG GIẢ, Đồ cổ không công khai ngu ngốc phải bị coi là hàng giả
VIVOSDEV16_059_snr20,vivos,whisper,small,zero_shot,,42,20,music,ĐỒ CỔ KHÔNG CÔNG KHAI NGUỒN GỐC PHẢI BỊ COI LÀ HÀNG GIẢ, Đồ cổ không công khai ngu ngốc phải bị coi là hàng giả
VIVOSDEV16_059_snr10,vivos,whisper,small,zero_shot,,42,10,speech,ĐỒ CỔ KHÔNG CÔNG KHAI NGUỒN GỐC PHẢI BỊ COI LÀ HÀNG GIẢ, Đồ cổ không công khai nguồn gốc phải bị coi lai hàng giả.
VIVOSDEV16_059_snr5,vivos,whisper,small,zero_shot,,42,5,noise,ĐỒ CỔ KHÔNG CÔNG KHAI NGUỒN GỐC PHẢI BỊ COI LÀ HÀNG GIẢ, Đồ cổ không công thang người góc phải bị coi là hàng giả
VIVOSDEV16_059_snr0,vivos,whisper,small,zero_shot,,42,0,noise,ĐỒ CỔ KHÔNG CÔNG KHAI NGUỒN GỐC PHẢI BỊ COI LÀ HÀNG GIẢ, Vừa cổ không khai nguồn gấp phải bị coi la hay dạ
VIVOSDEV10_245_clean,vivos,whisper,small,zero_shot,,42,clean,clean,CHÍN MƯƠI SÁU CHÍN MƯƠI BẢY, 96 97
VIVOSDEV10_245_snr20,vivos,whisper,small,zero_shot,,42,20,speech,CHÍN MƯƠI SÁU CHÍN MƯƠI BẢY," 96, 97"
VIVOSDEV10_245_snr10,vivos,whisper,small,zero_shot,,42,10,noise,CHÍN MƯƠI SÁU CHÍN MƯƠI BẢY, 96 97
VIVOSDEV10_245_snr5,vivos,whisper,small,zero_shot,,42,5,noise,CHÍN MƯƠI SÁU CHÍN MƯƠI BẢY, 96 97
VIVOSDEV10_245_snr0,vivos,whisper,small,zero_shot,,42,0,speech,CHÍN MƯƠI SÁU CHÍN MƯƠI BẢY," Đi lấy cháu, đi lấy lấy"
VIVOSDEV09_077_clean,vivos,whisper,small,zero_shot,,42,clean,clean,ĐỂ CÓ THỂ VẬN HÀNH CHÚNG ĐƯỢC HIỆU QUẢ HƠN, để có thể phần hành chúng được hề quả hơn.
VIVOSDEV09_077_snr20,vivos,whisper,small,zero_shot,,42,20,music,ĐỂ CÓ THỂ VẬN HÀNH CHÚNG ĐƯỢC HIỆU QUẢ HƠN, để có thể phân hành cho chúng được hiệu quả hơn.
VIVOSDEV09_077_snr10,vivos,whisper,small,zero_shot,,42,10,speech,ĐỂ CÓ THỂ VẬN HÀNH CHÚNG ĐƯỢC HIỆU QUẢ HƠN, để có thể phân hành cho chúng được hề quả hơn.
VIVOSDEV09_077_snr5,vivos,whisper,small,zero_shot,,42,5,music,ĐỂ CÓ THỂ VẬN HÀNH CHÚNG ĐƯỢC HIỆU QUẢ HƠN, Để có thể phân hành với chúng được hề hoãn hơn.
VIVOSDEV09_077_snr0,vivos,whisper,small,zero_shot,,42,0,noise,ĐỂ CÓ THỂ VẬN HÀNH CHÚNG ĐƯỢC HIỆU QUẢ HƠN, Để có thể phát hành tức chức được người quả.
VIVOSDEV18_259_clean,vivos,whisper,small,zero_shot,,42,clean,clean,MUỐN CÔNG NHẬN NGAY PHA BÓNG ẤY THÌ PHẢI SỬA LUẬT, Muốn công nhận ngay pha bóng ấy thì phải sửa luật.
VIVOSDEV18_259_snr20,vivos,whisper,small,zero_shot,,42,20,noise,MUỐN CÔNG NHẬN NGAY PHA BÓNG ẤY THÌ PHẢI SỬA LUẬT, Muốn công nhận ngay pha bóng ấy thì phải sửa luật.
VIVOSDEV18_259_snr10,vivos,whisper,small,zero_shot,,42,10,music,MUỐN CÔNG NHẬN NGAY PHA BÓNG ẤY THÌ PHẢI SỬA LUẬT, Muốn công nhận ngay pha bóng ấy thì phải sửa luật.
VIVOSDEV18_259_snr5,vivos,whisper,small,zero_shot,,42,5,noise,MUỐN CÔNG NHẬN NGAY PHA BÓNG ẤY THÌ PHẢI SỬA LUẬT, Muốn công nhận ngay pha bóng ấy thì phải sửa luật.
VIVOSDEV18_259_snr0,vivos,whisper,small,zero_shot,,42,0,music,MUỐN CÔNG NHẬN NGAY PHA BÓNG ẤY THÌ PHẢI SỬA LUẬT, Mốn công nhận ngay pha bóng ấy thì phải sửa luật
VIVOSDEV06_248_clean,vivos,whisper,small,zero_shot,,42,clean,clean,MỘT BA NĂM BẢY CHÍN, 13579
VIVOSDEV06_248_snr20,vivos,whisper,small,zero_shot,,42,20,speech,MỘT BA NĂM BẢY CHÍN," 1, 3, 5, 7, 9."
VIVOSDEV06_248_snr10,vivos,whisper,small,zero_shot,,42,10,speech,MỘT BA NĂM BẢY CHÍN, Một ba năm bảy chính.
VIVOSDEV06_248_snr5,vivos,whisper,small,zero_shot,,42,5,speech,MỘT BA NĂM BẢY CHÍN," Một, ba, năm, bảy chính."
VIVOSDEV06_248_snr0,vivos,whisper,small,zero_shot,,42,0,speech,MỘT BA NĂM BẢY CHÍN, Một ba năm bây kênh.
VIVOSDEV05_231_clean,vivos,whisper,small,zero_shot,,42,clean,clean,MỚI ĐÂY NHẤT LÀ CÁC TIỂU VƯƠNG QUỐC Ả RẬP THỐNG NHẤT, Mới đây nhất là các tiểu vương quốc á rập thống nhất.
VIVOSDEV05_231_snr20,vivos,whisper,small,zero_shot,,42,20,music,MỚI ĐÂY NHẤT LÀ CÁC TIỂU VƯƠNG QUỐC Ả RẬP THỐNG NHẤT, Mới đây nhất là các tiểu vương quốc á rập thông nhất.
VIVOSDEV05_231_snr10,vivos,whisper,small,zero_shot,,42,10,noise,MỚI ĐÂY NHẤT LÀ CÁC TIỂU VƯƠNG QUỐC Ả RẬP THỐNG NHẤT, Mới đây nhất là các triệu quốc á rập thông nhất
VIVOSDEV05_231_snr5,vivos,whisper,small,zero_shot,,42,5,speech,MỚI ĐÂY NHẤT LÀ CÁC TIỂU VƯƠNG QUỐC Ả RẬP THỐNG NHẤT, Mới đây nhất là các triệu quốc á rập thông nhất.
VIVOSDEV05_231_snr0,vivos,whisper,small,zero_shot,,42,0,music,MỚI ĐÂY NHẤT LÀ CÁC TIỂU VƯƠNG QUỐC Ả RẬP THỐNG NHẤT, Mới đây nhất là các triệu vương quốc ả rập thống nhất
VIVOSDEV05_120_clean,vivos,whisper,small,zero_shot,,42,clean,clean,NHƯNG MÙI HÔI VẪN XỘC VÀO TẬN ÓC, nhưng mùi hôi vẫn sọc vào tận áo
VIVOSDEV05_120_snr20,vivos,whisper,small,zero_shot,,42,20,speech,NHƯNG MÙI HÔI VẪN XỘC VÀO TẬN ÓC, nhưng mùi hôi vẫn sọc vào tận ác.
VIVOSDEV05_120_snr10,vivos,whisper,small,zero_shot,,42,10,noise,NHƯNG MÙI HÔI VẪN XỘC VÀO TẬN ÓC, nhưng mùi hôi vẫn sọc vào tận áo
VIVOSDEV05_120_snr5,vivos,whisper,small,zero_shot,,42,5,speech,NHƯNG MÙI HÔI VẪN XỘC VÀO TẬN ÓC, Nhưng mùi hôi vận sọc vào tặng áp.
VIVOSDEV05_120_snr0,vivos,whisper,small,zero_shot,,42,0,music,NHƯNG MÙI HÔI VẪN XỘC VÀO TẬN ÓC, Nhưng người hôi vẫn sọc vào nền áo của mình.
VIVOSDEV16_064_clean,vivos,whisper,small,zero_shot,,42,clean,clean,TỪNG LÀ CHỦ TẾ HÀNG TRĂM LỄ AN TÁNG MỘ GIÓ, từng là chủ tế hàng trăm lễ an tác mụ gió.
VIVOSDEV16_064_snr20,vivos,whisper,small,zero_shot,,42,20,noise,TỪNG LÀ CHỦ TẾ HÀNG TRĂM LỄ AN TÁNG MỘ GIÓ, Từng là chủ tế hàng trăm lễ an tác mụ gió.
VIVOSDEV16_064_snr10,vivos,whisper,small,zero_shot,,42,10,noise,TỪNG LÀ CHỦ TẾ HÀNG TRĂM LỄ AN TÁNG MỘ GIÓ, Từng là chủ tế hàng trăm lễ ăn tác mụ gió.
VIVOSDEV16_064_snr5,vivos,whisper,small,zero_shot,,42,5,noise,TỪNG LÀ CHỦ TẾ HÀNG TRĂM LỄ AN TÁNG MỘ GIÓ, từng là chủ tế hàng trăm lễ an tán mùa gió.
VIVOSDEV16_064_snr0,vivos,whisper,small,zero_shot,,42,0,speech,TỪNG LÀ CHỦ TẾ HÀNG TRĂM LỄ AN TÁNG MỘ GIÓ, Từng là chủ tế 200 lễ ăn tác mẫu gió.
VIVOSDEV08_180_clean,vivos,whisper,small,zero_shot,,42,clean,clean,CHÍNH SỰ LÊN SÀN Ồ ẠT ĐÓ, Chính sự lên sàng OAC đó.
VIVOSDEV08_180_snr20,vivos,whisper,small,zero_shot,,42,20,noise,CHÍNH SỰ LÊN SÀN Ồ ẠT ĐÓ, Chính sự lên sàng O.A. đó
VIVOSDEV08_180_snr10,vivos,whisper,small,zero_shot,,42,10,music,CHÍNH SỰ LÊN SÀN Ồ ẠT ĐÓ, Chính sự lên sàng OAC đó.
VIVOSDEV08_180_snr5,vivos,whisper,small,zero_shot,,42,5,noise,CHÍNH SỰ LÊN SÀN Ồ ẠT ĐÓ, Chính xử lên dàng O.R. đó
VIVOSDEV08_180_snr0,vivos,whisper,small,zero_shot,,42,0,noise,CHÍNH SỰ LÊN SÀN Ồ ẠT ĐÓ, Chính thử lên trang all actor
VIVOSDEV08_222_clean,vivos,whisper,small,zero_shot,,42,clean,clean,NĂM MƯƠI NĂM MƯƠI MỐT," 50, 51"
VIVOSDEV08_222_snr20,vivos,whisper,small,zero_shot,,42,20,music,NĂM MƯƠI NĂM MƯƠI MỐT," 50, 51"
VIVOSDEV08_222_snr10,vivos,whisper,small,zero_shot,,42,10,speech,NĂM MƯƠI NĂM MƯƠI MỐT," 50, 51"
VIVOSDEV08_222_snr5,vivos,whisper,small,zero_shot,,42,5,music,NĂM MƯƠI NĂM MƯƠI MỐT," 50, 51"
VIVOSDEV08_222_snr0,vivos,whisper,small,zero_shot,,42,0,noise,NĂM MƯƠI NĂM MƯƠI MỐT," 50, 51"
VIVOSDEV09_039_clean,vivos,whisper,small,zero_shot,,42,clean,clean,THỊT NGỌT LỪ ẤY LẠI MANG THEO TRÙNG SÁN GÂY BỆNH, Thật ngọt lưu ấy lại mang trùng sáng ngay bệnh.
VIVOSDEV09_039_snr20,vivos,whisper,small,zero_shot,,42,20,music,THỊT NGỌT LỪ ẤY LẠI MANG THEO TRÙNG SÁN GÂY BỆNH, Thật ngọt lưu ấy lại mang trùng sáng ngày bệnh.
VIVOSDEV09_039_snr10,vivos,whisper,small,zero_shot,,42,10,noise,THỊT NGỌT LỪ ẤY LẠI MANG THEO TRÙNG SÁN GÂY BỆNH, Thịt ngọt lưu ấy lã mang trùng sáng ngày bệnh
VIVOSDEV09_039_snr5,vivos,whisper,small,zero_shot,,42,5,speech,THỊT NGỌT LỪ ẤY LẠI MANG THEO TRÙNG SÁN GÂY BỆNH, Thật ngọt lửa ấy lại mang trùng sáng ngay bệnh.
VIVOSDEV09_039_snr0,vivos,whisper,small,zero_shot,,42,0,music,THỊT NGỌT LỪ ẤY LẠI MANG THEO TRÙNG SÁN GÂY BỆNH, Thịt ngọt lưu ấy lãi mang trùng sáng ngày bình.
VIVOSDEV02_R069_clean,vivos,whisper,small,zero_shot,,42,clean,clean,LÀM ĐẸP KHÔNG ĐÚNG CÁCH, Nam đẹp không túng cách
VIVOSDEV02_R069_snr20,vivos,whisper,small,zero_shot,,42,20,noise,LÀM ĐẸP KHÔNG ĐÚNG CÁCH, Nam đẹp không túng cách
VIVOSDEV02_R069_snr10,vivos,whisper,small,zero_shot,,42,10,music,LÀM ĐẸP KHÔNG ĐÚNG CÁCH, Nam đẹp không túng cách
VIVOSDEV02_R069_snr5,vivos,whisper,small,zero_shot,,42,5,noise,LÀM ĐẸP KHÔNG ĐÚNG CÁCH, Nam đẹp không túng cách
VIVOSDEV02_R069_snr0,vivos,whisper,small,zero_shot,,42,0,speech,LÀM ĐẸP KHÔNG ĐÚNG CÁCH," Năm đẹp không, các..."
VIVOSDEV16_153_clean,vivos,whisper,small,zero_shot,,42,clean,clean,CẢ ĐỜI CHƯA BAO GIỜ TÔI CÓ CẢM GIÁC SUNG SƯỚNG NHƯ VẬY, Cả đời chưa bao giờ tôi có cảm giác xung sướng như vậy.
VIVOSDEV16_153_snr20,vivos,whisper,small,zero_shot,,42,20,music,CẢ ĐỜI CHƯA BAO GIỜ TÔI CÓ CẢM GIÁC SUNG SƯỚNG NHƯ VẬY, Cả đời chưa bao giờ tôi có cảm giác xung sướng như vậy.
VIVOSDEV16_153_snr10,vivos,whisper,small,zero_shot,,42,10,music,CẢ ĐỜI CHƯA BAO GIỜ TÔI CÓ CẢM GIÁC SUNG SƯỚNG NHƯ VẬY, Cả đời chưa bao giờ tôi có cảm giác xung sướng như vậy.
VIVOSDEV16_153_snr5,vivos,whisper,small,zero_shot,,42,5,music,CẢ ĐỜI CHƯA BAO GIỜ TÔI CÓ CẢM GIÁC SUNG SƯỚNG NHƯ VẬY, Cả đời chưa bao giờ tôi có cảm giác xung sướng như vậy.
VIVOSDEV16_153_snr0,vivos,whisper,small,zero_shot,,42,0,speech,CẢ ĐỜI CHƯA BAO GIỜ TÔI CÓ CẢM GIÁC SUNG SƯỚNG NHƯ VẬY, Cả đời chưa bao giờ tôi có cảm giác xinh xuống như vậy.
VIVOSDEV09_280_clean,vivos,whisper,small,zero_shot,,42,clean,clean,XUÂN NÀY EM KHÔNG VỀ, Xung này em không về.
VIVOSDEV09_280_snr20,vivos,whisper,small,zero_shot,,42,20,noise,XUÂN NÀY EM KHÔNG VỀ, Xung này em không về
VIVOSDEV09_280_snr10,vivos,whisper,small,zero_shot,,42,10,noise,XUÂN NÀY EM KHÔNG VỀ, Xung này em không về.
VIVOSDEV09_280_snr5,vivos,whisper,small,zero_shot,,42,5,speech,XUÂN NÀY EM KHÔNG VỀ, Đi tụi mình sẽ đoán được một tên phần tự nhiên của tên phần tự nhiên của tên phần tự nhiên của tên phần tự nhiên của tên phần tự nhiên của tên phần tự nhiên của tên phần tự nhiên của tên phần tự nhiên của tên phần tự nhiên của tên phần tự nhiên của tên phần tự nhiên của tên phần tự nhiên của tên phần tự nhiên
VIVOSDEV09_280_snr0,vivos,whisper,small,zero_shot,,42,0,speech,XUÂN NÀY EM KHÔNG VỀ, Chung này em không về.
VIVOSDEV13_211_clean,vivos,whisper,small,zero_shot,,42,clean,clean,KHÔNG NẢN NGHĨA TIN RẰNG SẼ CÓ MỘT GIẢI PHÁP NÀO ĐÓ, Không nãn nghĩa tin rằng sẽ có một giải pháp nào đâu.
VIVOSDEV13_211_snr20,vivos,whisper,small,zero_shot,,42,20,noise,KHÔNG NẢN NGHĨA TIN RẰNG SẼ CÓ MỘT GIẢI PHÁP NÀO ĐÓ, Không nãn nghĩa tin rằng sẽ có một giải pháp nào đâu.
VIVOSDEV13_211_snr10,vivos,whisper,small,zero_shot,,42,10,noise,KHÔNG NẢN NGHĨA TIN RẰNG SẼ CÓ MỘT GIẢI PHÁP NÀO ĐÓ, Không nạn nghĩa tin rằng sẽ có một giải pháp nào đâu.
VIVOSDEV13_211_snr5,vivos,whisper,small,zero_shot,,42,5,noise,KHÔNG NẢN NGHĨA TIN RẰNG SẼ CÓ MỘT GIẢI PHÁP NÀO ĐÓ, Không nãn nghĩa tin rằng sẽ có một giải phát nào đâu
VIVOSDEV13_211_snr0,vivos,whisper,small,zero_shot,,42,0,music,KHÔNG NẢN NGHĨA TIN RẰNG SẼ CÓ MỘT GIẢI PHÁP NÀO ĐÓ, Không nã nghĩa tin rằng sẽ có một giải pháp nào đâu.
VIVOSDEV10_262_clean,vivos,whisper,small,zero_shot,,42,clean,clean,THUA XA TIỆM TẠP HOÁ NHÀ TAO," Hô cha, kiểm cặp hoá nhà cao."
VIVOSDEV10_262_snr20,vivos,whisper,small,zero_shot,,42,20,music,THUA XA TIỆM TẠP HOÁ NHÀ TAO," Hoa Chia, kiểm cặp hoá nhà cao."
VIVOSDEV10_262_snr10,vivos,whisper,small,zero_shot,,42,10,noise,THUA XA TIỆM TẠP HOÁ NHÀ TAO," Hoa Chia, kiểm cặp hoá nhà cao."
VIVOSDEV10_262_snr5,vivos,whisper,small,zero_shot,,42,5,noise,THUA XA TIỆM TẠP HOÁ NHÀ TAO," Hô cha, kiểm cặp khoá nhà cao."
VIVOSDEV10_262_snr0,vivos,whisper,small,zero_shot,,42,0,noise,THUA XA TIỆM TẠP HOÁ NHÀ TAO," Ho-cha, kiểm cặp hoá nhà cao."
VIVOSDEV18_102_clean,vivos,whisper,small,zero_shot,,42,clean,clean,CẢ NGÀY TRỜI KHÔNG NẮNG GIÓ LẠNH NÊN THƯA VẮNG DU KHÁCH, Hãy đăng ký kênh để nhớ đăng ký kênh để nhớ đăng ký kênh để nhớ đăng ký kênh để nhớ đăng ký kênh để nhớ đăng ký kênh để nhớ đăng ký kênh để nhớ đăng ký kênh để nhớ đăng ký kênh để nhớ đăng ký kênh để nhớ đăng ký kênh để nhớ đăng ký kênh để nhớ đăng ký kên
VIVOSDEV18_102_snr20,vivos,whisper,small,zero_shot,,42,20,music,CẢ NGÀY TRỜI KHÔNG NẮNG GIÓ LẠNH NÊN THƯA VẮNG DU KHÁCH, đã ngày trời không nắng gió lặn nên thưa vắng Ju-Kat.
VIVOSDEV18_102_snr10,vivos,whisper,small,zero_shot,,42,10,noise,CẢ NGÀY TRỜI KHÔNG NẮNG GIÓ LẠNH NÊN THƯA VẮNG DU KHÁCH, Hãy đăng ký kênh để nhớ đăng ký kênh để nhớ đăng ký kênh để nhớ đăng ký kênh để nhớ đăng ký kênh để nhớ đăng ký kênh để nhớ đăng ký kênh để nhớ đăng ký kênh để nhớ đăng ký kênh để nhớ đăng ký kênh để nhớ đăng ký kênh để nhớ đăng ký kênh để nhớ đăng ký kên
VIVOSDEV18_102_snr5,vivos,whisper,small,zero_shot,,42,5,music,CẢ NGÀY TRỜI KHÔNG NẮNG GIÓ LẠNH NÊN THƯA VẮNG DU KHÁCH, Chờ không nắng gió lặn nên ưa vắng chú khách
VIVOSDEV18_102_snr0,vivos,whisper,small,zero_shot,,42,0,music,CẢ NGÀY TRỜI KHÔNG NẮNG GIÓ LẠNH NÊN THƯA VẮNG DU KHÁCH, Ngày trời công nắng gió lạnh nên thưa vắng du khắt.
VIVOSDEV08_274_clean,vivos,whisper,small,zero_shot,,42,clean,clean,TÔI CHẾT CÙNG VỚI ÁNH TRĂNG, Tôi chết cùng với anh Trăng
VIVOSDEV08_274_snr20,vivos,whisper,small,zero_shot,,42,20,music,TÔI CHẾT CÙNG VỚI ÁNH TRĂNG, tôi chết cùng với anh Trăng
VIVOSDEV08_274_snr10,vivos,whisper,small,zero_shot,,42,10,speech,TÔI CHẾT CÙNG VỚI ÁNH TRĂNG, Tôi chết cùng lần đầu.
VIVOSDEV08_274_snr5,vivos,whisper,small,zero_shot,,42,5,speech,TÔI CHẾT CÙNG VỚI ÁNH TRĂNG, Tôi chết cùng với anh đang.
VIVOSDEV08_274_snr0,vivos,whisper,small,zero_shot,,42,0,speech,TÔI CHẾT CÙNG VỚI ÁNH TRĂNG," Thôi chết ngồi, bây giờ anh ta..."
VIVOSDEV06_054_clean,vivos,whisper,small,zero_shot,,42,clean,clean,DÙ LÀ ĐẬU SỨC MẠNH HOẶC CẢI BÔNG KHỦNG LONG, Dù là đầu sức mạnh hoặc kẻ bông khủng long.
VIVOSDEV06_054_snr20,vivos,whisper,small,zero_shot,,42,20,speech,DÙ LÀ ĐẬU SỨC MẠNH HOẶC CẢI BÔNG KHỦNG LONG, Dù là đầu sức mạnh hoặc kẻ bông khủng long.
VIVOSDEV06_054_snr10,vivos,whisper,small,zero_shot,,42,10,music,DÙ LÀ ĐẬU SỨC MẠNH HOẶC CẢI BÔNG KHỦNG LONG, Dù là đầu sức mạnh hoặc kẻ bông khủng lông.
VIVOSDEV06_054_snr5,vivos,whisper,small,zero_shot,,42,5,noise,DÙ LÀ ĐẬU SỨC MẠNH HOẶC CẢI BÔNG KHỦNG LONG, Dù là đầu sức mạnh hoặc kẻ bông cũng lông
VIVOSDEV06_054_snr0,vivos,whisper,small,zero_shot,,42,0,speech,DÙ LÀ ĐẬU SỨC MẠNH HOẶC CẢI BÔNG KHỦNG LONG, Vô là đấu sức mạnh hoặc cái bông khủng lông.
VIVOSDEV04_T035_clean,vivos,whisper,small,zero_shot,,42,clean,clean,ANH KHEN EM ĐẸP EM CHÊ ANH GIÀ," Anh khán em đẹp, em chia anh già."
VIVOSDEV04_T035_snr20,vivos,whisper,small,zero_shot,,42,20,noise,ANH KHEN EM ĐẸP EM CHÊ ANH GIÀ," Anh khán im điệp, em chia anh dạ."
VIVOSDEV04_T035_snr10,vivos,whisper,small,zero_shot,,42,10,noise,ANH KHEN EM ĐẸP EM CHÊ ANH GIÀ," Anh khán em đẹp, em chia anh già."
VIVOSDEV04_T035_snr5,vivos,whisper,small,zero_shot,,42,5,speech,ANH KHEN EM ĐẸP EM CHÊ ANH GIÀ," Anh khen em đi, em chia anh ra."
VIVOSDEV04_T035_snr0,vivos,whisper,small,zero_shot,,42,0,speech,ANH KHEN EM ĐẸP EM CHÊ ANH GIÀ," Anh khen em đi, em chia anh dạ"
VIVOSDEV10_156_clean,vivos,whisper,small,zero_shot,,42,clean,clean,CHÍNH PHỦ ĐỒNG THỜI CŨNG LẬP THÊM CỤC XÚC TIẾN TIÊU THỤ DẦU CỌ," Chính phủ ông Hai cũng ngập thêm cột số kiến, kêu hữu dâu cò."
VIVOSDEV10_156_snr20,vivos,whisper,small,zero_shot,,42,20,noise,CHÍNH PHỦ ĐỒNG THỜI CŨNG LẬP THÊM CỤC XÚC TIẾN TIÊU THỤ DẦU CỌ," Chính phủ ầm hai cũng ngập thêm cột số kiến, kêu hữu dâu cò."
VIVOSDEV10_156_snr10,vivos,whisper,small,zero_shot,,42,10,music,CHÍNH PHỦ ĐỒNG THỜI CŨNG LẬP THÊM CỤC XÚC TIẾN TIÊU THỤ DẦU CỌ, Chính phủ ông Thài cũng gặp thêm cộng sốt kiến kêu hữu dâu tọ.
VIVOSDEV10_156_snr5,vivos,whisper,small,zero_shot,,42,5,speech,CHÍNH PHỦ ĐỒNG THỜI CŨNG LẬP THÊM CỤC XÚC TIẾN TIÊU THỤ DẦU CỌ," Chính phủ âm hại, cống ập hệ, gập xúc kính, ghiều hậu yếu đoàn."
VIVOSDEV10_156_snr0,vivos,whisper,small,zero_shot,,42,0,music,CHÍNH PHỦ ĐỒNG THỜI CŨNG LẬP THÊM CỤC XÚC TIẾN TIÊU THỤ DẦU CỌ," Chính phủ âm hài cũng ngập thêm, còn xuất kiến, kêu hữu dâu tỏ."
VIVOSDEV02_R149_clean,vivos,whisper,small,zero_shot,,42,clean,clean,CHÚNG CỨ CỐ LÙI LẠI MẶC DÙ VƯỚNG VÍU GÔNG XIỀNG, Chống cứ có lội lại mặt dù bướm phíu gong chiền.
VIVOSDEV02_R149_snr20,vivos,whisper,small,zero_shot,,42,20,speech,CHÚNG CỨ CỐ LÙI LẠI MẶC DÙ VƯỚNG VÍU GÔNG XIỀNG, Chống cứ có lội lại mặt dồi bướm phíu gông chiền.
VIVOSDEV02_R149_snr10,vivos,whisper,small,zero_shot,,42,10,music,CHÚNG CỨ CỐ LÙI LẠI MẶC DÙ VƯỚNG VÍU GÔNG XIỀNG, Chống cứ có lội lại mặt dời phú phiếu gong chiền.
VIVOSDEV02_R149_snr5,vivos,whisper,small,zero_shot,,42,5,speech,CHÚNG CỨ CỐ LÙI LẠI MẶC DÙ VƯỚNG VÍU GÔNG XIỀNG, Chống cứ có lội lại mặt dù bướm phía gông chiền.
VIVOSDEV02_R149_snr0,vivos,whisper,small,zero_shot,,42,0,music,CHÚNG CỨ CỐ LÙI LẠI MẶC DÙ VƯỚNG VÍU GÔNG XIỀNG, Chúng cứ có lồi lại mạnh vừa cướp phiếu công chiển.
VIVOSDEV13_258_clean,vivos,whisper,small,zero_shot,,42,clean,clean,BẠN CẦN TRUNG THỰC VỚI NHÂN VIÊN CỦA MÌNH TRONG MỌI HOÀN CẢNH, bạn cần trung thật với nhân viên của mình trong mọi hành
VIVOSDEV13_258_snr20,vivos,whisper,small,zero_shot,,42,20,music,BẠN CẦN TRUNG THỰC VỚI NHÂN VIÊN CỦA MÌNH TRONG MỌI HOÀN CẢNH, bạn cần trung thật với nhân viên của mình trong mọi hành
VIVOSDEV13_258_snr10,vivos,whisper,small,zero_shot,,42,10,music,BẠN CẦN TRUNG THỰC VỚI NHÂN VIÊN CỦA MÌNH TRONG MỌI HOÀN CẢNH, bạn cần trung thật với nhân viên của mình trong mọi hành
VIVOSDEV13_258_snr5,vivos,whisper,small,zero_shot,,42,5,speech,BẠN CẦN TRUNG THỰC VỚI NHÂN VIÊN CỦA MÌNH TRONG MỌI HOÀN CẢNH, Bạn cần chung thật với nhân viên của mình trong mọi hành.
VIVOSDEV13_258_snr0,vivos,whisper,small,zero_shot,,42,0,noise,BẠN CẦN TRUNG THỰC VỚI NHÂN VIÊN CỦA MÌNH TRONG MỌI HOÀN CẢNH, Bạn cần trung thật với nhân viên của mình trong mọi hành.
VIVOSDEV12_224_clean,vivos,whisper,small,zero_shot,,42,clean,clean,NĂM MƯƠI BỐN NĂM MƯƠI LĂM," Năm 14, Năm 15"
VIVOSDEV12_224_snr20,vivos,whisper,small,zero_shot,,42,20,noise,NĂM MƯƠI BỐN NĂM MƯƠI LĂM," Năm 14, Năm 15"
VIVOSDEV12_224_snr10,vivos,whisper,small,zero_shot,,42,10,speech,NĂM MƯƠI BỐN NĂM MƯƠI LĂM," Năm mười bóng, năm mười lắm."
VIVOSDEV12_224_snr5,vivos,whisper,small,zero_shot,,42,5,music,NĂM MƯƠI BỐN NĂM MƯƠI LĂM," Năm 14, Năm 15"
VIVOSDEV12_224_snr0,vivos,whisper,small,zero_shot,,42,0,noise,NĂM MƯƠI BỐN NĂM MƯƠI LĂM," 54, 55"
VIVOSDEV08_085_clean,vivos,whisper,small,zero_shot,,42,clean,clean,VIỆC ĐƯA TÍN HIỆU TRUYỀN HÌNH TRỰC TIẾP BẰNG HỆ THỐNG CÁP QUANG, việc đưa tính hiệu truyền hình trực tiếp bằng hệ thống cấp quan
VIVOSDEV08_085_snr20,vivos,whisper,small,zero_shot,,42,20,noise,VIỆC ĐƯA TÍN HIỆU TRUYỀN HÌNH TRỰC TIẾP BẰNG HỆ THỐNG CÁP QUANG, việc đưa tính hiệu truyền hình trực tiếp bằng hệ thống cấp quan
VIVOSDEV08_085_snr10,vivos,whisper,small,zero_shot,,42,10,noise,VIỆC ĐƯA TÍN HIỆU TRUYỀN HÌNH TRỰC TIẾP BẰNG HỆ THỐNG CÁP QUANG, việc đưa tính hiệu truyền hình trực tiếp bằng hệ thống cấp quan
VIVOSDEV08_085_snr5,vivos,whisper,small,zero_shot,,42,5,music,VIỆC ĐƯA TÍN HIỆU TRUYỀN HÌNH TRỰC TIẾP BẰNG HỆ THỐNG CÁP QUANG, việc đưa tính hiệu trường hình trực tiếp bằng hệ thống cấp quan
VIVOSDEV08_085_snr0,vivos,whisper,small,zero_shot,,42,0,noise,VIỆC ĐƯA TÍN HIỆU TRUYỀN HÌNH TRỰC TIẾP BẰNG HỆ THỐNG CÁP QUANG, việc đưa tính hiệu truyền hình trực tiếp bằng hệ thống cấp quan
VIVOSDEV19_091_clean,vivos,whisper,small,zero_shot,,42,clean,clean,SỐ ĐƠN VỊ THAM GIA HỘI CHỢ VIỆC LÀM TĂNG ĐÁNG KỂ QUA CÁC NĂM, số đồng vệ tham gia hội trợ việc làm tăng đáng kể qua các năm.
VIVOSDEV19_091_snr20,vivos,whisper,small,zero_shot,,42,20,noise,SỐ ĐƠN VỊ THAM GIA HỘI CHỢ VIỆC LÀM TĂNG ĐÁNG KỂ QUA CÁC NĂM, số đồng vệ tham gia hội trợ việc làm tăng đáng kể qua các năm.
VIVOSDEV19_091_snr10,vivos,whisper,small,zero_shot,,42,10,speech,SỐ ĐƠN VỊ THAM GIA HỘI CHỢ VIỆC LÀM TĂNG ĐÁNG KỂ QUA CÁC NĂM, Tất cả các phần đoàn của các quý vị đã được phát triển.
VIVOSDEV19_091_snr5,vivos,whisper,small,zero_shot,,42,5,music,SỐ ĐƠN VỊ THAM GIA HỘI CHỢ VIỆC LÀM TĂNG ĐÁNG KỂ QUA CÁC NĂM, Tổ đơn vị tham gia hội trợ diện làm tăng đáng kể qua các năm.
VIVOSDEV19_091_snr0,vivos,whisper,small,zero_shot,,42,0,noise,SỐ ĐƠN VỊ THAM GIA HỘI CHỢ VIỆC LÀM TĂNG ĐÁNG KỂ QUA CÁC NĂM, Tố đơn vị tham gia hội trợ việc làm tăng đánh vệ qua các năm.
VIVOSDEV09_055_clean,vivos,whisper,small,zero_shot,,42,clean,clean,RỒI RƠM RẠ KHÔ THEO THÂN HÌNH GẦY NGẲNG, Rồi rơi rã khô theo thân hình ngày dạng nhắn.
VIVOSDEV09_055_snr20,vivos,whisper,small,zero_shot,,42,20,music,RỒI RƠM RẠ KHÔ THEO THÂN HÌNH GẦY NGẲNG, Rồi gâm ra khô theo thân hình gì dạ nhá
VIVOSDEV09_055_snr10,vivos,whisper,small,zero_shot,,42,10,music,RỒI RƠM RẠ KHÔ THEO THÂN HÌNH GẦY NGẲNG, Rồi vâng ra khô theo thân hình ngày gặp nhắn.
VIVOSDEV09_055_snr5,vivos,whisper,small,zero_shot,,42,5,music,RỒI RƠM RẠ KHÔ THEO THÂN HÌNH GẦY NGẲNG, Rồi gơn ra khô theo thân hình dậy giặc nhắn.
VIVOSDEV09_055_snr0,vivos,whisper,small,zero_shot,,42,0,music,RỒI RƠM RẠ KHÔ THEO THÂN HÌNH GẦY NGẲNG, Rồi rớt rả khô theo thân hình nhạc nhạc
VIVOSDEV14_086_clean,vivos,whisper,small,zero_shot,,42,clean,clean,EM SỢ MẤT ANH ẤY NHƯNG LẠI CẢM THẤY MÌNH BỊ XÚC PHẠM, Em sẽ mất anh ấy nhưng lại cảm thấy mình bị xuất phạm.
VIVOSDEV14_086_snr20,vivos,whisper,small,zero_shot,,42,20,music,EM SỢ MẤT ANH ẤY NHƯNG LẠI CẢM THẤY MÌNH BỊ XÚC PHẠM, Em sợ mất anh ấy nhưng lại cảm thấy mình bị xuất phạm.
VIVOSDEV14_086_snr10,vivos,whisper,small,zero_shot,,42,10,speech,EM SỢ MẤT ANH ẤY NHƯNG LẠI CẢM THẤY MÌNH BỊ XÚC PHẠM, Em sẽ mất anh ấy nhìn lại cảm thấy mình bị súc phạm.
VIVOSDEV14_086_snr5,vivos,whisper,small,zero_shot,,42,5,music,EM SỢ MẤT ANH ẤY NHƯNG LẠI CẢM THẤY MÌNH BỊ XÚC PHẠM, Em sẽ mất anh ấy nhưng lại cảm thấy mình bị xuất phạm.
VIVOSDEV14_086_snr0,vivos,whisper,small,zero_shot,,42,0,noise,EM SỢ MẤT ANH ẤY NHƯNG LẠI CẢM THẤY MÌNH BỊ XÚC PHẠM, Em dạy mất anh ấy nhưng lại cảm thấy mình bị xúc phạm
VIVOSDEV15_255_clean,vivos,whisper,small,zero_shot,,42,clean,clean,CÔNG NHÂN ĐANG THI CÔNG HAI NHÁNH CẦU RẠCH CHIẾC ẢNH THUẬN THẮNG," Công nhân đang thi công hai nhánh, câu rạch trước ảnh thuận thẳng."
VIVOSDEV15_255_snr20,vivos,whisper,small,zero_shot,,42,20,music,CÔNG NHÂN ĐANG THI CÔNG HAI NHÁNH CẦU RẠCH CHIẾC ẢNH THUẬN THẮNG," Công nhân đang thi công hai nhánh, câu rạch trước ảnh thuận thắng."
VIVOSDEV15_255_snr10,vivos,whisper,small,zero_shot,,42,10,music,CÔNG NHÂN ĐANG THI CÔNG HAI NHÁNH CẦU RẠCH CHIẾC ẢNH THUẬN THẮNG," Công nhân đang thi công hai nhánh, câu rạch trước ảnh thuận thắng."
VIVOSDEV15_255_snr5,vivos,whisper,small,zero_shot,,42,5,noise,CÔNG NHÂN ĐANG THI CÔNG HAI NHÁNH CẦU RẠCH CHIẾC ẢNH THUẬN THẮNG," Công nhân đang thi công 2 nhánh, câu rạch trước ảnh thuận thẳng."
VIVOSDEV15_255_snr0,vivos,whisper,small,zero_shot,,42,0,noise,CÔNG NHÂN ĐANG THI CÔNG HAI NHÁNH CẦU RẠCH CHIẾC ẢNH THUẬN THẮNG," Công nhân đang thi công hai nhánh, câu rạch trước ảnh thuận thẳng."
VIVOSDEV19_158_clean,vivos,whisper,small,zero_shot,,42,clean,clean,NHỮNG NGƯỜI TRẺ ẤY THẬT ĐÁNG PHÊ PHÁN ĐÁNG LÊN ÁN," Những người trễ ấy thật đáng phê, phán, đáng lên án."
VIVOSDEV19_158_snr20,vivos,whisper,small,zero_shot,,42,20,noise,NHỮNG NGƯỜI TRẺ ẤY THẬT ĐÁNG PHÊ PHÁN ĐÁNG LÊN ÁN," những người trễ ấy thật đáng phê, phán, đáng lên án."
VIVOSDEV19_158_snr10,vivos,whisper,small,zero_shot,,42,10,music,NHỮNG NGƯỜI TRẺ ẤY THẬT ĐÁNG PHÊ PHÁN ĐÁNG LÊN ÁN, những người trễ ấy thật đáng phê phản đáng lên án
VIVOSDEV19_158_snr5,vivos,whisper,small,zero_shot,,42,5,noise,NHỮNG NGƯỜI TRẺ ẤY THẬT ĐÁNG PHÊ PHÁN ĐÁNG LÊN ÁN," Những người trễ ấy thật đáng phê, phán, đáng lên án."
VIVOSDEV19_158_snr0,vivos,whisper,small,zero_shot,,42,0,music,NHỮNG NGƯỜI TRẺ ẤY THẬT ĐÁNG PHÊ PHÁN ĐÁNG LÊN ÁN," Những người trễ ấy thật đáng phê, phát đáng lên án."
VIVOSDEV09_268_clean,vivos,whisper,small,zero_shot,,42,clean,clean,THÚ THẬT TUI CHƯA TỪNG CHƠI GÁI, Thu thật tôi chưa từng chơi gái
VIVOSDEV09_268_snr20,vivos,whisper,small,zero_shot,,42,20,noise,THÚ THẬT TUI CHƯA TỪNG CHƠI GÁI, Thú thật tôi chưa từng chơi gái
VIVOSDEV09_268_snr10,vivos,whisper,small,zero_shot,,42,10,speech,THÚ THẬT TUI CHƯA TỪNG CHƠI GÁI, Thu thập tôi chưa từng chơi gái.
VIVOSDEV09_268_snr5,vivos,whisper,small,zero_shot,,42,5,music,THÚ THẬT TUI CHƯA TỪNG CHƠI GÁI, Thú thật tôi chưa từng chơi gái
VIVOSDEV09_268_snr0,vivos,whisper,small,zero_shot,,42,0,noise,THÚ THẬT TUI CHƯA TỪNG CHƠI GÁI, Thú thật tôi chưa từng chơi giái.
VIVOSDEV04_R063_clean,vivos,whisper,small,zero_shot,,42,clean,clean,CHÁU SỐT NÊN RẸO RỌC SUỐT ĐÊM, Cháu sóc nhanh rượu rọc suốt đêm.
VIVOSDEV04_R063_snr20,vivos,whisper,small,zero_shot,,42,20,speech,CHÁU SỐT NÊN RẸO RỌC SUỐT ĐÊM, Cháu sóc nhanh rèo rọc suốt đêm.
VIVOSDEV04_R063_snr10,vivos,whisper,small,zero_shot,,42,10,noise,CHÁU SỐT NÊN RẸO RỌC SUỐT ĐÊM, Cháo sót nhanh rượu rọc suốt đêm.
VIVOSDEV04_R063_snr5,vivos,whisper,small,zero_shot,,42,5,noise,CHÁU SỐT NÊN RẸO RỌC SUỐT ĐÊM, Cháu xót nhanh rượu rọc xuất đêm.
VIVOSDEV04_R063_snr0,vivos,whisper,small,zero_shot,,42,0,noise,CHÁU SỐT NÊN RẸO RỌC SUỐT ĐÊM, Cháu sóc nhanh rượu rọc xuất đêm.
VIVOSDEV12_186_clean,vivos,whisper,small,zero_shot,,42,clean,clean,TIẾNG HÉT ĐỒNG THANH CỦA MẤY CHỤC CON NGƯỜI, Tiến hét đồng thanh của mấy chục con người.
VIVOSDEV12_186_snr20,vivos,whisper,small,zero_shot,,42,20,music,TIẾNG HÉT ĐỒNG THANH CỦA MẤY CHỤC CON NGƯỜI, Tiến hét đồng thanh của mấy chục con người.
VIVOSDEV12_186_snr10,vivos,whisper,small,zero_shot,,42,10,music,TIẾNG HÉT ĐỒNG THANH CỦA MẤY CHỤC CON NGƯỜI, Tiến thét đồng thanh của mấy chục con người.
VIVOSDEV12_186_snr5,vivos,whisper,small,zero_shot,,42,5,noise,TIẾNG HÉT ĐỒNG THANH CỦA MẤY CHỤC CON NGƯỜI, tiến hét đồng thanh của mấy chục con người.
VIVOSDEV12_186_snr0,vivos,whisper,small,zero_shot,,42,0,noise,TIẾNG HÉT ĐỒNG THANH CỦA MẤY CHỤC CON NGƯỜI, Tiến hét đồng thanh của mấy chục con người.
VIVOSDEV05_270_clean,vivos,whisper,small,zero_shot,,42,clean,clean,CHƯA RỤC RỊCH GÌ, Chưa rục rết gì?
VIVOSDEV05_270_snr20,vivos,whisper,small,zero_shot,,42,20,music,CHƯA RỤC RỊCH GÌ, Chưa rục rết gì?
VIVOSDEV05_270_snr10,vivos,whisper,small,zero_shot,,42,10,noise,CHƯA RỤC RỊCH GÌ, Chưa rục rất trây
VIVOSDEV05_270_snr5,vivos,whisper,small,zero_shot,,42,5,noise,CHƯA RỤC RỊCH GÌ, Chưa rục rịch gì?
VIVOSDEV05_270_snr0,vivos,whisper,small,zero_shot,,42,0,noise,CHƯA RỤC RỊCH GÌ, Cái này là một cái tên
VIVOSDEV15_265_clean,vivos,whisper,small,zero_shot,,42,clean,clean,HỌ KHÔNG BIẾT CHƠI PHÒNG NGỰ LÀ GÌ TRỪ KHI BỊ ĐỐI THỦ VÂY ÉP, Họ không biết chơi phòng ngựa là gì trừ khi bị đối thố vây ép.
VIVOSDEV15_265_snr20,vivos,whisper,small,zero_shot,,42,20,noise,HỌ KHÔNG BIẾT CHƠI PHÒNG NGỰ LÀ GÌ TRỪ KHI BỊ ĐỐI THỦ VÂY ÉP, Họ không biết chơi phòng ngự là gì trừ khi bị đối thổ vấy ép.
VIVOSDEV15_265_snr10,vivos,whisper,small,zero_shot,,42,10,music,HỌ KHÔNG BIẾT CHƠI PHÒNG NGỰ LÀ GÌ TRỪ KHI BỊ ĐỐI THỦ VÂY ÉP, Họ không biết chơi phòng ngự là gì trừ khi bị đối thổ với ép.
VIVOSDEV15_265_snr5,vivos,whisper,small,zero_shot,,42,5,music,HỌ KHÔNG BIẾT CHƠI PHÒNG NGỰ LÀ GÌ TRỪ KHI BỊ ĐỐI THỦ VÂY ÉP, Họ không biết chơi phòng ngựa là gì trừ khi bị đối thố vẫy ép.
VIVOSDEV15_265_snr0,vivos,whisper,small,zero_shot,,42,0,music,HỌ KHÔNG BIẾT CHƠI PHÒNG NGỰ LÀ GÌ TRỪ KHI BỊ ĐỐI THỦ VÂY ÉP, Chọc không biết chơi phòng hợp là gì dù khi bị đối thổ quay ép
VIVOSDEV07_156_clean,vivos,whisper,small,zero_shot,,42,clean,clean,ĐẦU TIÊN LÀ BÀ CON MÌNH VẬT VÃ LÀM ĂN, Đầu tiên là bà con mình vật vã làm ăn
VIVOSDEV07_156_snr20,vivos,whisper,small,zero_shot,,42,20,speech,ĐẦU TIÊN LÀ BÀ CON MÌNH VẬT VÃ LÀM ĂN, Đầu tiên là bà con mình vật vã làm ăn.
VIVOSDEV07_156_snr10,vivos,whisper,small,zero_shot,,42,10,speech,ĐẦU TIÊN LÀ BÀ CON MÌNH VẬT VÃ LÀM ĂN, Đầu tiên là bà con bình vật và làm ăn.
VIVOSDEV07_156_snr5,vivos,whisper,small,zero_shot,,42,5,music,ĐẦU TIÊN LÀ BÀ CON MÌNH VẬT VÃ LÀM ĂN, Đầu tiên là 3 con bệnh vận quá lạp ăn
VIVOSDEV07_156_snr0,vivos,whisper,small,zero_shot,,42,0,speech,ĐẦU TIÊN LÀ BÀ CON MÌNH VẬT VÃ LÀM ĂN, Đầu tiên là 3 con mình vật và nằm ăn.
VIVOSDEV19_167_clean,vivos,whisper,small,zero_shot,,42,clean,clean,CÁC QUI ĐỊNH CỦA PHÁP LUẬT KHÔNG THỂ ĐƯỢC BAN HÀNH THEO KIỂU ĐÁNH LÉN, các quy định của pháp luật không thể được ban hành theo kiểu đánh lén.
VIVOSDEV19_167_snr20,vivos,whisper,small,zero_shot,,42,20,music,CÁC QUI ĐỊNH CỦA PHÁP LUẬT KHÔNG THỂ ĐƯỢC BAN HÀNH THEO KIỂU ĐÁNH LÉN, các quy định của pháp luật không thể được ban hành theo kiểu đánh lén.
VIVOSDEV19_167_snr10,vivos,whisper,small,zero_shot,,42,10,noise,CÁC QUI ĐỊNH CỦA PHÁP LUẬT KHÔNG THỂ ĐƯỢC BAN HÀNH THEO KIỂU ĐÁNH LÉN, các quy định của pháp luật không thể được ban hành theo kiểu đánh lén.
VIVOSDEV19_167_snr5,vivos,whisper,small,zero_shot,,42,5,noise,CÁC QUI ĐỊNH CỦA PHÁP LUẬT KHÔNG THỂ ĐƯỢC BAN HÀNH THEO KIỂU ĐÁNH LÉN, các quy định của pháp luật không thể được ban hành theo kiểu đánh lén.
VIVOSDEV19_167_snr0,vivos,whisper,small,zero_shot,,42,0,music,CÁC QUI ĐỊNH CỦA PHÁP LUẬT KHÔNG THỂ ĐƯỢC BAN HÀNH THEO KIỂU ĐÁNH LÉN, các quy định của pháp luận không thể được ban hành theo kiểu đánh lén.
VIVOSDEV11_131_clean,vivos,whisper,small,zero_shot,,42,clean,clean,THÌ CHỦ ĐẦU TƯ PHẢI TỰ PHÁ DỠ PHẦN NỘI DUNG SAI PHÉP ĐÓ, Thì chủ đầu tư phải tự phá dở phần nội dung sai phép đó.
VIVOSDEV11_131_snr20,vivos,whisper,small,zero_shot,,42,20,music,THÌ CHỦ ĐẦU TƯ PHẢI TỰ PHÁ DỠ PHẦN NỘI DUNG SAI PHÉP ĐÓ, Thì chủ đầu tư phải tự phá dở phần nội dung sai phép đó.
VIVOSDEV11_131_snr10,vivos,whisper,small,zero_shot,,42,10,noise,THÌ CHỦ ĐẦU TƯ PHẢI TỰ PHÁ DỠ PHẦN NỘI DUNG SAI PHÉP ĐÓ, Thì chủ đầu tư phải tự phá dở phần nội dung sai phép đó.
VIVOSDEV11_131_snr5,vivos,whisper,small,zero_shot,,42,5,speech,THÌ CHỦ ĐẦU TƯ PHẢI TỰ PHÁ DỠ PHẦN NỘI DUNG SAI PHÉP ĐÓ, Thì chủ đầu tư phải tự phá dở phần nội dung sai phép đó.
VIVOSDEV11_131_snr0,vivos,whisper,small,zero_shot,,42,0,noise,THÌ CHỦ ĐẦU TƯ PHẢI TỰ PHÁ DỠ PHẦN NỘI DUNG SAI PHÉP ĐÓ, Thì chủ đầu tư phải tự phá giỡ phần nội dung sai phép đó.
VIVOSDEV05_135_clean,vivos,whisper,small,zero_shot,,42,clean,clean,KHI CÔ THỂ HIỆN KHÔNG MẤY THÀNH CÔNG Ở LỄ KHAI MẠC, khi cô thể hiện không máy thành công ở lệ khai mạc.
VIVOSDEV05_135_snr20,vivos,whisper,small,zero_shot,,42,20,music,KHI CÔ THỂ HIỆN KHÔNG MẤY THÀNH CÔNG Ở LỄ KHAI MẠC, khi cô thể hiện không mấy thành công ở lệ khai mạc.
VIVOSDEV05_135_snr10,vivos,whisper,small,zero_shot,,42,10,noise,KHI CÔ THỂ HIỆN KHÔNG MẤY THÀNH CÔNG Ở LỄ KHAI MẠC, khi cô thể hiện không mấy thành công ở lễ khai mặt.
VIVOSDEV05_135_snr5,vivos,whisper,small,zero_shot,,42,5,noise,KHI CÔ THỂ HIỆN KHÔNG MẤY THÀNH CÔNG Ở LỄ KHAI MẠC, khi cô thể hiện không mấy thành công ở Lễ Thay mà
VIVOSDEV05_135_snr0,vivos,whisper,small,zero_shot,,42,0,music,KHI CÔ THỂ HIỆN KHÔNG MẤY THÀNH CÔNG Ở LỄ KHAI MẠC, Khi cô thể hiện không mấy thành công ở lệ thay mạng.
VIVOSDEV06_168_clean,vivos,whisper,small,zero_shot,,42,clean,clean,LÀM KHUNG, Làm khung!
VIVOSDEV06_168_snr20,vivos,whisper,small,zero_shot,,42,20,music,LÀM KHUNG, Làm khung!
VIVOSDEV06_168_snr10,vivos,whisper,small,zero_shot,,42,10,music,LÀM KHUNG, Làm khung!
VIVOSDEV06_168_snr5,vivos,whisper,small,zero_shot,,42,5,music,LÀM KHUNG, Làm cung!
VIVOSDEV06_168_snr0,vivos,whisper,small,zero_shot,,42,0,noise,LÀM KHUNG, Làm khung!
VIVOSDEV08_196_clean,vivos,whisper,small,zero_shot,,42,clean,clean,PHẦN LỚN HỌC SINH GIÀU CÓ NGƯỜI NƯỚC NGOÀI, Phạm lớn học sinh dạo có người nước ngoài.
VIVOSDEV08_196_snr20,vivos,whisper,small,zero_shot,,42,20,noise,PHẦN LỚN HỌC SINH GIÀU CÓ NGƯỜI NƯỚC NGOÀI, Phạm lớn học sinh dạo có người nước ngoài.
VIVOSDEV08_196_snr10,vivos,whisper,small,zero_shot,,42,10,music,PHẦN LỚN HỌC SINH GIÀU CÓ NGƯỜI NƯỚC NGOÀI, Phạm lớn học sinh dạo có người nước ngoài.
VIVOSDEV08_196_snr5,vivos,whisper,small,zero_shot,,42,5,noise,PHẦN LỚN HỌC SINH GIÀU CÓ NGƯỜI NƯỚC NGOÀI, Phạm lớn học sinh dạo có người nước ngoài
VIVOSDEV08_196_snr0,vivos,whisper,small,zero_shot,,42,0,speech,PHẦN LỚN HỌC SINH GIÀU CÓ NGƯỜI NƯỚC NGOÀI, Tạm biệt là tạm biệt là tạm biệt là tạm biệt là tạm biệt là tạm biệt là tạm biệt là tạm biệt là tạm biệt là tạm biệt là tạm biệt là tạm biệt là tạm biệt là tạm biệt là tạm biệt là tạm biệt là tạm biệt là tạm biệt là tạm biệt là tạm biệt là tạm biệt là tạ
VIVOSDEV14_113_clean,vivos,whisper,small,zero_shot,,42,clean,clean,HẮN THAY ĐỔI LẦM LÌ SAU KHI THEO GIA ĐÌNH ĐẾN XỨ NGƯỜI, Hắn thay đổi lầm lì sau khi theo gia đình đến sứa ngồi.
VIVOSDEV14_113_snr20,vivos,whisper,small,zero_shot,,42,20,music,HẮN THAY ĐỔI LẦM LÌ SAU KHI THEO GIA ĐÌNH ĐẾN XỨ NGƯỜI, Hắn thay đổi lòng lì sau khi theo gia đình đến sứa ngồi.
VIVOSDEV14_113_snr10,vivos,whisper,small,zero_shot,,42,10,noise,HẮN THAY ĐỔI LẦM LÌ SAU KHI THEO GIA ĐÌNH ĐẾN XỨ NGƯỜI, Hắn thầy đổi lầm lì sau khi theo gia đình đến sứa ngồi.
VIVOSDEV14_113_snr5,vivos,whisper,small,zero_shot,,42,5,music,HẮN THAY ĐỔI LẦM LÌ SAU KHI THEO GIA ĐÌNH ĐẾN XỨ NGƯỜI, Hắn thay đổi lầm lì sau kế theo gia đình đến sứa ngồi.
VIVOSDEV14_113_snr0,vivos,whisper,small,zero_shot,,42,0,speech,HẮN THAY ĐỔI LẦM LÌ SAU KHI THEO GIA ĐÌNH ĐẾN XỨ NGƯỜI, Hắn thầy đỡ lầm lì sau kế theo giận viên sớm rồi.
VIVOSDEV14_114_clean,vivos,whisper,small,zero_shot,,42,clean,clean,YẾU TỐ HẤP DẪN MỚI THU HÚT ĐẦU TƯ NƯỚC NGOÀI VÀO VIỆT NAM, Yếu tố hấp dẫn mới thu hút đầu tư nước ngoài về Việt Nam
VIVOSDEV14_114_snr20,vivos,whisper,small,zero_shot,,42,20,noise,YẾU TỐ HẤP DẪN MỚI THU HÚT ĐẦU TƯ NƯỚC NGOÀI VÀO VIỆT NAM, Yếu tố hấp dẫn mới thu hút đầu tư nước ngoài về Việt Nam
VIVOSDEV14_114_snr10,vivos,whisper,small,zero_shot,,42,10,noise,YẾU TỐ HẤP DẪN MỚI THU HÚT ĐẦU TƯ NƯỚC NGOÀI VÀO VIỆT NAM, Hiếu tố hấp dẫn mới thu hút đầu tư nước ngoài về Việt Nam
VIVOSDEV14_114_snr5,vivos,whisper,small,zero_shot,,42,5,speech,YẾU TỐ HẤP DẪN MỚI THU HÚT ĐẦU TƯ NƯỚC NGOÀI VÀO VIỆT NAM, Yếu tố hấp dẫn mới thu hút đầu tư nước ngoài về Việt Nam.
VIVOSDEV14_114_snr0,vivos,whisper,small,zero_shot,,42,0,noise,YẾU TỐ HẤP DẪN MỚI THU HÚT ĐẦU TƯ NƯỚC NGOÀI VÀO VIỆT NAM, Hiếu tố hấp dẫn mối thủ hút đầu tương nước ngoài về Việt Nam
VIVOSDEV08_224_clean,vivos,whisper,small,zero_shot,,42,clean,clean,NĂM MƯƠI BỐN NĂM MƯƠI LĂM, 54 55
VIVOSDEV08_224_snr20,vivos,whisper,small,zero_shot,,42,20,music,NĂM MƯƠI BỐN NĂM MƯƠI LĂM, 54 55
VIVOSDEV08_224_snr10,vivos,whisper,small,zero_shot,,42,10,speech,NĂM MƯƠI BỐN NĂM MƯƠI LĂM," 54, 55."
VIVOSDEV08_224_snr5,vivos,whisper,small,zero_shot,,42,5,noise,NĂM MƯƠI BỐN NĂM MƯƠI LĂM, 54 55
VIVOSDEV08_224_snr0,vivos,whisper,small,zero_shot,,42,0,noise,NĂM MƯƠI BỐN NĂM MƯƠI LĂM, 54 55
VIVOSDEV11_160_clean,vivos,whisper,small,zero_shot,,42,clean,clean,NGỤ ẤP HÒN NGANG, Ngủ áp hòn nhanh
VIVOSDEV11_160_snr20,vivos,whisper,small,zero_shot,,42,20,speech,NGỤ ẤP HÒN NGANG, Ngủ áp hòn nhanh.
VIVOSDEV11_160_snr10,vivos,whisper,small,zero_shot,,42,10,speech,NGỤ ẤP HÒN NGANG, Nỗ áp hộng nhanh.
VIVOSDEV11_160_snr5,vivos,whisper,small,zero_shot,,42,5,speech,NGỤ ẤP HÒN NGANG, Nó áp cho làn nhanh.
VIVOSDEV11_160_snr0,vivos,whisper,small,zero_shot,,42,0,speech,NGỤ ẤP HÒN NGANG, Ngộ áp hợp nhanh.
VIVOSDEV10_090_clean,vivos,whisper,small,zero_shot,,42,clean,clean,VỪA ĐƯỢC TRAO TẶNG GIẢI THƯỞNG NHÀ NƯỚC," Vừa rồi, cao cảnh, dải hưởng nhà nga nga."
VIVOSDEV10_090_snr20,vivos,whisper,small,zero_shot,,42,20,noise,VỪA ĐƯỢC TRAO TẶNG GIẢI THƯỞNG NHÀ NƯỚC," Vừa rồi, cao cảnh, dải hưởng nhà nga nga."
VIVOSDEV10_090_snr10,vivos,whisper,small,zero_shot,,42,10,music,VỪA ĐƯỢC TRAO TẶNG GIẢI THƯỞNG NHÀ NƯỚC," Vừa rồi cao cảnh, dải hưởng nhà ngốc."
VIVOSDEV10_090_snr5,vivos,whisper,small,zero_shot,,42,5,music,VỪA ĐƯỢC TRAO TẶNG GIẢI THƯỞNG NHÀ NƯỚC, vừa rồi cao cành dễ thử nhà nốt
VIVOSDEV10_090_snr0,vivos,whisper,small,zero_shot,,42,0,music,VỪA ĐƯỢC TRAO TẶNG GIẢI THƯỞNG NHÀ NƯỚC," Vừa vô cao chẳng, dễ thở nhà nấu."
VIVOSDEV01_R086_clean,vivos,whisper,small,zero_shot,,42,clean,clean,CÔNG VĂN ĐỀ NGHỊ TỈNH CON TUM XÂY DỰNG CỬA KHẨU, Công văn đời nghỉ tính con tâm xây dựng cửa khẩu.
VIVOSDEV01_R086_snr20,vivos,whisper,small,zero_shot,,42,20,noise,CÔNG VĂN ĐỀ NGHỊ TỈNH CON TUM XÂY DỰNG CỬA KHẨU, Công quan đời nghỉ tính con tâm xây dựng cửa khẩu.
VIVOSDEV01_R086_snr10,vivos,whisper,small,zero_shot,,42,10,noise,CÔNG VĂN ĐỀ NGHỊ TỈNH CON TUM XÂY DỰNG CỬA KHẨU, Công quan đời nghệ tính con tâm xây dựng cửa khẩu.
VIVOSDEV01_R086_snr5,vivos,whisper,small,zero_shot,,42,5,speech,CÔNG VĂN ĐỀ NGHỊ TỈNH CON TUM XÂY DỰNG CỬA KHẨU, Công quan đời nghỉ tính con tâm xây dựng cửa thổ.
VIVOSDEV01_R086_snr0,vivos,whisper,small,zero_shot,,42,0,noise,CÔNG VĂN ĐỀ NGHỊ TỈNH CON TUM XÂY DỰNG CỬA KHẨU, Công văn đời nghỉ tính con tôm xây dựng cửa khẩu
VIVOSDEV15_117_clean,vivos,whisper,small,zero_shot,,42,clean,clean,TRÊN THỰC TẾ MỘT CUỘC ĐIỀU TRA ĐÃ ĐƯỢC TIẾN HÀNH, trên thực tế một cuộc điều tra đã được tiến hành.
VIVOSDEV15_117_snr20,vivos,whisper,small,zero_shot,,42,20,noise,TRÊN THỰC TẾ MỘT CUỘC ĐIỀU TRA ĐÃ ĐƯỢC TIẾN HÀNH, trên thực tế một cuộc điều tra đã được tiến hành.
VIVOSDEV15_117_snr10,vivos,whisper,small,zero_shot,,42,10,noise,TRÊN THỰC TẾ MỘT CUỘC ĐIỀU TRA ĐÃ ĐƯỢC TIẾN HÀNH, trên thực tế một cuộc điều tra đã được tiến hành.
VIVOSDEV15_117_snr5,vivos,whisper,small,zero_shot,,42,5,music,TRÊN THỰC TẾ MỘT CUỘC ĐIỀU TRA ĐÃ ĐƯỢC TIẾN HÀNH, trên thực tế một cuộc điều tra đã được tiến hành
VIVOSDEV15_117_snr0,vivos,whisper,small,zero_shot,,42,0,speech,TRÊN THỰC TẾ MỘT CUỘC ĐIỀU TRA ĐÃ ĐƯỢC TIẾN HÀNH, nếu bạn có thể giúp một người khác với một người khác.
VIVOSDEV17_169_clean,vivos,whisper,small,zero_shot,,42,clean,clean,HỌ BẢO TÔI GIỐNG NGƯỜI HÀN THÌ TÔI LẠI THẤY HỌ GIỐNG NGƯỜI VIỆT, Họ bảo tôi giống như người hèn thì tôi lại thấy họ giống người Việt.
VIVOSDEV17_169_snr20,vivos,whisper,small,zero_shot,,42,20,noise,HỌ BẢO TÔI GIỐNG NGƯỜI HÀN THÌ TÔI LẠI THẤY HỌ GIỐNG NGƯỜI VIỆT, Họ bảo tôi giống như người hèn thì tôi lại thấy họ giống người Việt.
VIVOSDEV17_169_snr10,vivos,whisper,small,zero_shot,,42,10,music,HỌ BẢO TÔI GIỐNG NGƯỜI HÀN THÌ TÔI LẠI THẤY HỌ GIỐNG NGƯỜI VIỆT, Họ bảo tôi giống như người hèn thì tôi lại thấy họ giống người Việt.
VIVOSDEV17_169_snr5,vivos,whisper,small,zero_shot,,42,5,speech,HỌ BẢO TÔI GIỐNG NGƯỜI HÀN THÌ TÔI LẠI THẤY HỌ GIỐNG NGƯỜI VIỆT," Họ bảo tôi giống như người hồ, thì tôi lại thấy họ giống như vụ."
VIVOSDEV17_169_snr0,vivos,whisper,small,zero_shot,,42,0,noise,HỌ BẢO TÔI GIỐNG NGƯỜI HÀN THÌ TÔI LẠI THẤY HỌ GIỐNG NGƯỜI VIỆT, Họ bảo tôi giống như người hệ thì tôi lại thấy họ giống người Việt.
VIVOSDEV08_100_clean,vivos,whisper,small,zero_shot,,42,clean,clean,HAY ĐẢM BẢO RẰNG NGÀY NÀO CHÚNG CŨNG ĐƯỢC ĐI NHỮNG ĐÔI TẤT SẠCH, 2 đảm bảo rằng ngày nào chúng cũng được đi những đôi tất sạch
VIVOSDEV08_100_snr20,vivos,whisper,small,zero_shot,,42,20,speech,HAY ĐẢM BẢO RẰNG NGÀY NÀO CHÚNG CŨNG ĐƯỢC ĐI NHỮNG ĐÔI TẤT SẠCH, 2 đảm bảo rằng ngày nào chúng cũng được đi những đôi tất sạch.
VIVOSDEV08_100_snr10,vivos,whisper,small,zero_shot,,42,10,noise,HAY ĐẢM BẢO RẰNG NGÀY NÀO CHÚNG CŨNG ĐƯỢC ĐI NHỮNG ĐÔI TẤT SẠCH, 2 đảm bảo rằng ngày nào chúng cũng được đi những đôi tất sạch
VIVOSDEV08_100_snr5,vivos,whisper,small,zero_shot,,42,5,speech,HAY ĐẢM BẢO RẰNG NGÀY NÀO CHÚNG CŨNG ĐƯỢC ĐI NHỮNG ĐÔI TẤT SẠCH, 2. Đảm bảo rằng ngày nào chúng cũng được đi những đôi tất sạch.
VIVOSDEV08_100_snr0,vivos,whisper,small,zero_shot,,42,0,speech,HAY ĐẢM BẢO RẰNG NGÀY NÀO CHÚNG CŨNG ĐƯỢC ĐI NHỮNG ĐÔI TẤT SẠCH, Nghe nào chúng cũng được đi những nơi tất cả.
VIVOSDEV12_065_clean,vivos,whisper,small,zero_shot,,42,clean,clean,THÌ ĐỌC ĐƯỢC HỒI KÝ KHÔNG THỂ CHUỘC LỖI TRÊN BÁO TUỔI TRẺ, Thì độc được hồi ký không thể chuột lỗi trên báo tội trẻ.
VIVOSDEV12_065_snr20,vivos,whisper,small,zero_shot,,42,20,speech,THÌ ĐỌC ĐƯỢC HỒI KÝ KHÔNG THỂ CHUỘC LỖI TRÊN BÁO TUỔI TRẺ, Thì độc được hồi ký không thể chụp lỗi trên báo tội trẻ.
VIVOSDEV12_065_snr10,vivos,whisper,small,zero_shot,,42,10,noise,THÌ ĐỌC ĐƯỢC HỒI KÝ KHÔNG THỂ CHUỘC LỖI TRÊN BÁO TUỔI TRẺ, Thì độc được hội ký không thể chụp lỗi trên báo tội trẻ.
VIVOSDEV12_065_snr5,vivos,whisper,small,zero_shot,,42,5,speech,THÌ ĐỌC ĐƯỢC HỒI KÝ KHÔNG THỂ CHUỘC LỖI TRÊN BÁO TUỔI TRẺ, Thì độc được hồi ký không thể chụp lỗi trên bao tổi trẻ
VIVOSDEV12_065_snr0,vivos,whisper,small,zero_shot,,42,0,noise,THÌ ĐỌC ĐƯỢC HỒI KÝ KHÔNG THỂ CHUỘC LỖI TRÊN BÁO TUỔI TRẺ, Thì độc được hồi ký không thể trục lỗi trên báo tự trẻ
VIVOSDEV12_080_clean,vivos,whisper,small,zero_shot,,42,clean,clean,CHÍNH THỨC ĐÃ LÂY LAN RA BÊN NGOÀI, chính thức đã lai lan ra bên ngoài
VIVOSDEV12_080_snr20,vivos,whisper,small,zero_shot,,42,20,noise,CHÍNH THỨC ĐÃ LÂY LAN RA BÊN NGOÀI, chính thức đã lai lan ra bên ngoài
VIVOSDEV12_080_snr10,vivos,whisper,small,zero_shot,,42,10,speech,CHÍNH THỨC ĐÃ LÂY LAN RA BÊN NGOÀI, chính thức đã lây lan ra bên ngoài.
VIVOSDEV12_080_snr5,vivos,whisper,small,zero_shot,,42,5,music,CHÍNH THỨC ĐÃ LÂY LAN RA BÊN NGOÀI, chính thức đã lai lan ra bên ngoài
VIVOSDEV12_080_snr0,vivos,whisper,small,zero_shot,,42,0,music,CHÍNH THỨC ĐÃ LÂY LAN RA BÊN NGOÀI, Chính hức bão lây lan ra bên ngoài.
VIVOSDEV12_075_clean,vivos,whisper,small,zero_shot,,42,clean,clean,NHÓM THANH LONG TRẺ DIỄN TIỂU PHẨM HÀI HẮC BẠCH TRANH HÙNG, Nhóm Thanh Long Trẻ diễn tiểu phẩm 2 Hát Bạch Trân Hùng
VIVOSDEV12_075_snr20,vivos,whisper,small,zero_shot,,42,20,noise,NHÓM THANH LONG TRẺ DIỄN TIỂU PHẨM HÀI HẮC BẠCH TRANH HÙNG, Nhóm Thanh Long Trẻ diễn tiểu phẩm 2 Hát Bạch Trân Hùng
VIVOSDEV12_075_snr10,vivos,whisper,small,zero_shot,,42,10,music,NHÓM THANH LONG TRẺ DIỄN TIỂU PHẨM HÀI HẮC BẠCH TRANH HÙNG, Nhóm Thanh Long Trẻ diễn tiểu phẩm 2 Hát Bạch Trân Hùng
VIVOSDEV12_075_snr5,vivos,whisper,small,zero_shot,,42,5,music,NHÓM THANH LONG TRẺ DIỄN TIỂU PHẨM HÀI HẮC BẠCH TRANH HÙNG, Nhóm Thanh Long Trẻ diễn tiểu phẩm 2 khắc bạch trần hùng.
VIVOSDEV12_075_snr0,vivos,whisper,small,zero_shot,,42,0,noise,NHÓM THANH LONG TRẺ DIỄN TIỂU PHẨM HÀI HẮC BẠCH TRANH HÙNG, Nhóm Thanh Long Trẻ diễn tiểu phẩm 2 Hát Bạch Trân Hùng
VIVOSDEV10_257_clean,vivos,whisper,small,zero_shot,,42,clean,clean,TIỀN ĐIỆN THÁNG NÀY BAO NHIÊU," Cây niệm, hán ngày bao nhiêu?"
VIVOSDEV10_257_snr20,vivos,whisper,small,zero_shot,,42,20,noise,TIỀN ĐIỆN THÁNG NÀY BAO NHIÊU, Cây niệm tháng ngày bao nhiêu?
VIVOSDEV10_257_snr10,vivos,whisper,small,zero_shot,,42,10,music,TIỀN ĐIỆN THÁNG NÀY BAO NHIÊU, E nguyễn hát ngày bao nhiêu?
VIVOSDEV10_257_snr5,vivos,whisper,small,zero_shot,,42,5,music,TIỀN ĐIỆN THÁNG NÀY BAO NHIÊU, Cây nghệnh hát ngày bao nhiêu?
VIVOSDEV10_257_snr0,vivos,whisper,small,zero_shot,,42,0,noise,TIỀN ĐIỆN THÁNG NÀY BAO NHIÊU, Cây nguyện tháng ngày bao nhiêu?
VIVOSDEV17_071_clean,vivos,whisper,small,zero_shot,,42,clean,clean,BẢN THÂN TÔI CŨNG THAM GIA MỘT VAI RẤT NHỎ NỮA, Bạn thân tôi cũng tham gia một vai đứt nhỏ nữa.
VIVOSDEV17_071_snr20,vivos,whisper,small,zero_shot,,42,20,noise,BẢN THÂN TÔI CŨNG THAM GIA MỘT VAI RẤT NHỎ NỮA, Bản thân tôi cũng tham gia một vai đứt nhỏ nữa.
VIVOSDEV17_071_snr10,vivos,whisper,small,zero_shot,,42,10,music,BẢN THÂN TÔI CŨNG THAM GIA MỘT VAI RẤT NHỎ NỮA, Bản thân tôi cũng tham gia một vai đứt nhỏ nữa.
VIVOSDEV17_071_snr5,vivos,whisper,small,zero_shot,,42,5,music,BẢN THÂN TÔI CŨNG THAM GIA MỘT VAI RẤT NHỎ NỮA, Bản thân tôi cũng tham gia một bay đứt nhỏ nữa.
VIVOSDEV17_071_snr0,vivos,whisper,small,zero_shot,,42,0,noise,BẢN THÂN TÔI CŨNG THAM GIA MỘT VAI RẤT NHỎ NỮA, Bạn thân tôi cũng tham gia một vai đứt nhỏ nữa.
VIVOSDEV05_097_clean,vivos,whisper,small,zero_shot,,42,clean,clean,THU CHẠM NGÕ RẤT HIỀN, Thu chạm ngỏ rất hiền
VIVOSDEV05_097_snr20,vivos,whisper,small,zero_shot,,42,20,noise,THU CHẠM NGÕ RẤT HIỀN, Thu chạm ngỏ rất hiền
VIVOSDEV05_097_snr10,vivos,whisper,small,zero_shot,,42,10,noise,THU CHẠM NGÕ RẤT HIỀN, Thu chạm ngỏ rất hiền
VIVOSDEV05_097_snr5,vivos,whisper,small,zero_shot,,42,5,noise,THU CHẠM NGÕ RẤT HIỀN, Thu chăm ngõ rất hiền
VIVOSDEV05_097_snr0,vivos,whisper,small,zero_shot,,42,0,noise,THU CHẠM NGÕ RẤT HIỀN, Thu chằm ngỏ rất hiền
VIVOSDEV06_022_clean,vivos,whisper,small,zero_shot,,42,clean,clean,LÍNH CỨU HỎA KHÓ TIẾP CẬN HIỆN TRƯỜNG, Linh cứu hỏa khó tiếp cận hiện trường.
VIVOSDEV06_022_snr20,vivos,whisper,small,zero_shot,,42,20,music,LÍNH CỨU HỎA KHÓ TIẾP CẬN HIỆN TRƯỜNG, Linh cứu hỏa khó tiếp cận hiện trường.
VIVOSDEV06_022_snr10,vivos,whisper,small,zero_shot,,42,10,noise,LÍNH CỨU HỎA KHÓ TIẾP CẬN HIỆN TRƯỜNG, Linh cứu hỏa khó tiếp cận hiện trường.
VIVOSDEV06_022_snr5,vivos,whisper,small,zero_shot,,42,5,music,LÍNH CỨU HỎA KHÓ TIẾP CẬN HIỆN TRƯỜNG, Linh cứu hỏa khó tiếp cận hiện trường
VIVOSDEV06_022_snr0,vivos,whisper,small,zero_shot,,42,0,noise,LÍNH CỨU HỎA KHÓ TIẾP CẬN HIỆN TRƯỜNG, Linh cứu hỏa khó tiếp cận hiện trường
VIVOSDEV03_R136_clean,vivos,whisper,small,zero_shot,,42,clean,clean,NÀY BÓN CHO CON THƯƠNG ĐỠ YẾU ĐAU CÒI CỌC, Này bón cho con thương đỡ yếu đau coi cầu.
VIVOSDEV03_R136_snr20,vivos,whisper,small,zero_shot,,42,20,noise,NÀY BÓN CHO CON THƯƠNG ĐỠ YẾU ĐAU CÒI CỌC, Này bón cho con thương đỡ yếu đau coi cầu
VIVOSDEV03_R136_snr10,vivos,whisper,small,zero_shot,,42,10,noise,NÀY BÓN CHO CON THƯƠNG ĐỠ YẾU ĐAU CÒI CỌC, Này bón cho con thương đỡ chú Đao coi cầu
VIVOSDEV03_R136_snr5,vivos,whisper,small,zero_shot,,42,5,noise,NÀY BÓN CHO CON THƯƠNG ĐỠ YẾU ĐAU CÒI CỌC, Này bón cho con thương đỡ yếu đau coi cầu
VIVOSDEV03_R136_snr0,vivos,whisper,small,zero_shot,,42,0,music,NÀY BÓN CHO CON THƯƠNG ĐỠ YẾU ĐAU CÒI CỌC, Này bón cho con thương đợi yếu đau coi cầu.
VIVOSDEV10_196_clean,vivos,whisper,small,zero_shot,,42,clean,clean,CHỈ MUỐN LÀM MỘT HƠI CHO ĐÃ CÁI MIỆNG, Chỉ muốn làm một hơi cho à cái miệng
VIVOSDEV10_196_snr20,vivos,whisper,small,zero_shot,,42,20,speech,CHỈ MUỐN LÀM MỘT HƠI CHO ĐÃ CÁI MIỆNG, Chỉ muốn làm một hơi cho à cái miệng.
VIVOSDEV10_196_snr10,vivos,whisper,small,zero_shot,,42,10,speech,CHỈ MUỐN LÀM MỘT HƠI CHO ĐÃ CÁI MIỆNG, Chỉ muốn làm một hơi coi á trái miệng.
VIVOSDEV10_196_snr5,vivos,whisper,small,zero_shot,,42,5,speech,CHỈ MUỐN LÀM MỘT HƠI CHO ĐÃ CÁI MIỆNG," Kì muốn gà mọc hơi, coi á, canh miệng."
VIVOSDEV10_196_snr0,vivos,whisper,small,zero_shot,,42,0,music,CHỈ MUỐN LÀM MỘT HƠI CHO ĐÃ CÁI MIỆNG, Chỉ muốn làm một hơi cho à cái miệng
VIVOSDEV18_192_clean,vivos,whisper,small,zero_shot,,42,clean,clean,NHỮNG KIỂU VẾT THƯƠNG MÀ TRẺ THƯỜNG MANG THEO CÓ THỂ LÀ GÌ, Của kiểu biết thương mà chẽ thương mang theo có thể là gì?
VIVOSDEV18_192_snr20,vivos,whisper,small,zero_shot,,42,20,noise,NHỮNG KIỂU VẾT THƯƠNG MÀ TRẺ THƯỜNG MANG THEO CÓ THỂ LÀ GÌ, Của kiểu biết thương mà chạy thương mang theo có thể là gì?
VIVOSDEV18_192_snr10,vivos,whisper,small,zero_shot,,42,10,noise,NHỮNG KIỂU VẾT THƯƠNG MÀ TRẺ THƯỜNG MANG THEO CÓ THỂ LÀ GÌ, Của vết thương mà trễ thương mang theo có thể là gì?
VIVOSDEV18_192_snr5,vivos,whisper,small,zero_shot,,42,5,noise,NHỮNG KIỂU VẾT THƯƠNG MÀ TRẺ THƯỜNG MANG THEO CÓ THỂ LÀ GÌ, Chữa vết xương mà trẻ xương mang theo có thể là gì?
VIVOSDEV18_192_snr0,vivos,whisper,small,zero_shot,,42,0,speech,NHỮNG KIỂU VẾT THƯƠNG MÀ TRẺ THƯỜNG MANG THEO CÓ THỂ LÀ GÌ," Sẵn người người ta là Quyê, người ta là Quyê."
VIVOSDEV03_T035_clean,vivos,whisper,small,zero_shot,,42,clean,clean,MẸ ƠI CÓ MUA ĐỒ CHO CON KHÔNG, Mẹ ơi có mua đồ cho con không?
VIVOSDEV03_T035_snr20,vivos,whisper,small,zero_shot,,42,20,music,MẸ ƠI CÓ MUA ĐỒ CHO CON KHÔNG, Mẹ ơi có mua đồ cho con không?
VIVOSDEV03_T035_snr10,vivos,whisper,small,zero_shot,,42,10,noise,MẸ ƠI CÓ MUA ĐỒ CHO CON KHÔNG, Mẹ ơi có mua đồ cho con không?
VIVOSDEV03_T035_snr5,vivos,whisper,small,zero_shot,,42,5,music,MẸ ƠI CÓ MUA ĐỒ CHO CON KHÔNG, Mẹ ơi có mua đồ cho con không?
VIVOSDEV03_T035_snr0,vivos,whisper,small,zero_shot,,42,0,noise,MẸ ƠI CÓ MUA ĐỒ CHO CON KHÔNG, Mẹ ơi có mua đồ cho con không?
VIVOSDEV16_026_clean,vivos,whisper,small,zero_shot,,42,clean,clean,CÙNG VỢ ĂN VỘI CHÉN CƠM THÀNH LẠI LO ÔN BÀI LÀM BÀI TẬP, Cùng vợ ăn vỗ chiến cơm thành lo ôm làm bài tập.
VIVOSDEV16_026_snr20,vivos,whisper,small,zero_shot,,42,20,speech,CÙNG VỢ ĂN VỘI CHÉN CƠM THÀNH LẠI LO ÔN BÀI LÀM BÀI TẬP, Cùng vợ ăn vỗ chiến cơm thành lại lo ôm bài làm bài tập.
VIVOSDEV16_026_snr10,vivos,whisper,small,zero_shot,,42,10,music,CÙNG VỢ ĂN VỘI CHÉN CƠM THÀNH LẠI LO ÔN BÀI LÀM BÀI TẬP, Cùng vợ ăn vội chén cơm thành lại lo ôm bài làm bài tập.
VIVOSDEV16_026_snr5,vivos,whisper,small,zero_shot,,42,5,noise,CÙNG VỢ ĂN VỘI CHÉN CƠM THÀNH LẠI LO ÔN BÀI LÀM BÀI TẬP, Cùng vợ ăn vỗ chiến cơm thành lại lo ôm bày làm bày tập.
VIVOSDEV16_026_snr0,vivos,whisper,small,zero_shot,,42,0,noise,CÙNG VỢ ĂN VỘI CHÉN CƠM THÀNH LẠI LO ÔN BÀI LÀM BÀI TẬP, Cùng vợ ăn vỗ chiến cơm thành lo ôm làm bài tập.
VIVOSDEV05_150_clean,vivos,whisper,small,zero_shot,,42,clean,clean,NGỒI CHỒM CHỒM CÁCH CHỈ MẤY MÉT, ngồi chồm chồm cách chỉ mấy mét
VIVOSDEV05_150_snr20,vivos,whisper,small,zero_shot,,42,20,music,NGỒI CHỒM CHỒM CÁCH CHỈ MẤY MÉT, ngồi chồm chồm cách chỉ mấy mét
VIVOSDEV05_150_snr10,vivos,whisper,small,zero_shot,,42,10,music,NGỒI CHỒM CHỒM CÁCH CHỈ MẤY MÉT, ngồi chồn chồn cách chỉ mấy mét
VIVOSDEV05_150_snr5,vivos,whisper,small,zero_shot,,42,5,noise,NGỒI CHỒM CHỒM CÁCH CHỈ MẤY MÉT, ngồi chồn chồn cách chị mấy mét
VIVOSDEV05_150_snr0,vivos,whisper,small,zero_shot,,42,0,speech,NGỒI CHỒM CHỒM CÁCH CHỈ MẤY MÉT, Rồi chồm chồm cách chịu mấy mét
