metric_version,dataset,model,model_size,train_type,lambda,seed,utt_id,snr,noise_type,operation,ref_token,hyp_token,ref_index,hyp_index,ref_tone,hyp_tone,ref_tone_base,hyp_tone_base,ref_plain_base,hyp_plain_base,tone_error,diacritic_error,tone_primary_category,der_primary_category,quality_transitions,has_tone_loss,has_vowel_quality_loss,has_d_stroke_loss,missing_diacritic,ref,hyp
aligned_v1,vivos,phowhisper,base,ordinary_lora,0,42,VIVOSDEV01_R002_clean,clean,clean,deletion,cạch,,2,,nang,,cach,,cach,,true,false,word_deletion,,,false,false,false,false,TIẾNG CỌC CẠCH KHỰNG LẠI CỦA NHỮNG KHỚP SẮT,tiếng cọc cận lại của những khớp sắt
aligned_v1,vivos,phowhisper,base,ordinary_lora,0,42,VIVOSDEV01_R002_snr0,0,speech,substitution,cọc,cộc,1,1,nang,nang,coc,côc,coc,coc,false,true,,vowel_quality_addition,o→ô,false,false,false,false,TIẾNG CỌC CẠCH KHỰNG LẠI CỦA NHỮNG KHỚP SẮT,tiếng cộc cật khuẩn lại của ổ nhẫn khớp sắt
aligned_v1,vivos,phowhisper,base,ordinary_lora,0,42,VIVOSDEV01_R002_snr10,10,speech,deletion,cạch,,2,,nang,,cach,,cach,,true,false,word_deletion,,,false,false,false,false,TIẾNG CỌC CẠCH KHỰNG LẠI CỦA NHỮNG KHỚP SẮT,tiếng cọc cực lại có hổ nhẫn cóp sắt
aligned_v1,vivos,phowhisper,base,ordinary_lora,0,42,VIVOSDEV01_R002_snr20,20,music,substitution,cọc,cộc,1,1,nang,nang,coc,côc,coc,coc,false,true,,vowel_quality_addition,o→ô,false,false,false,false,TIẾNG CỌC CẠCH KHỰNG LẠI CỦA NHỮNG KHỚP SẮT,tiếng cộc cực khuẩn lại có những khớp sắt
aligned_v1,vivos,phowhisper,base,ordinary_lora,0,42,VIVOSDEV01_R027_clean,clean,clean,substitution,phỗng,phỏng,4,4,nga,hoi,phông,phong,phong,phong,false,true,,vowel_quality_loss,ô→o,false,true,false,true,DI TÍCH CÓ BẢY PHỖNG ÔNG VÀ HAI PHỖNG BÀ ĐƯỢC LÀM BẰNG GỖ MÍT,di tích có bảy phỏng ông và hai phỏng bò được làm bằng gỗ mít
aligned_v1,vivos,phowhisper,base,ordinary_lora,0,42,VIVOSDEV01_R027_clean,clean,clean,substitution,phỗng,phỏng,8,8,nga,hoi,phông,phong,phong,phong,false,true,,vowel_quality_loss,ô→o,false,true,false,true,DI TÍCH CÓ BẢY PHỖNG ÔNG VÀ HAI PHỖNG BÀ ĐƯỢC LÀM BẰNG GỖ MÍT,di tích có bảy phỏng ông và hai phỏng bò được làm bằng gỗ mít
aligned_v1,vivos,phowhisper,base,ordinary_lora,0,42,VIVOSDEV01_R027_snr0,0,noise,substitution,phỗng,phỏng,4,4,nga,hoi,phông,phong,phong,phong,false,true,,vowel_quality_loss,ô→o,false,true,false,true,DI TÍCH CÓ BẢY PHỖNG ÔNG VÀ HAI PHỖNG BÀ ĐƯỢC LÀM BẰNG GỖ MÍT,di tích có bảy phỏng ông và hai phỏng bò lược làm bằng gỗ mít
aligned_v1,vivos,phowhisper,base,ordinary_lora,0,42,VIVOSDEV01_R027_snr0,0,noise,substitution,phỗng,phỏng,8,8,nga,hoi,phông,phong,phong,phong,false,true,,vowel_quality_loss,ô→o,false,true,false,true,DI TÍCH CÓ BẢY PHỖNG ÔNG VÀ HAI PHỖNG BÀ ĐƯỢC LÀM BẰNG GỖ MÍT,di tích có bảy phỏng ông và hai phỏng bò lược làm bằng gỗ mít
aligned_v1,vivos,phowhisper,base,ordinary_lora,0,42,VIVOSDEV01_R027_snr10,10,music,substitution,phỗng,phỏng,4,4,nga,hoi,phông,phong,phong,phong,false,true,,vowel_quality_loss,ô→o,false,true,false,true,DI TÍCH CÓ BẢY PHỖNG ÔNG VÀ HAI PHỖNG BÀ ĐƯỢC LÀM BẰNG GỖ MÍT,di tích có bảy phỏng ông và hai phỏng bò được làm bằng gỗ mít
aligned_v1,vivos,phowhisper,base,ordinary_lora,0,42,VIVOSDEV01_R027_snr10,10,music,substitution,phỗng,phỏng,8,8,nga,hoi,phông,phong,phong,phong,false,true,,vowel_quality_loss,ô→o,false,true,false,true,DI TÍCH CÓ BẢY PHỖNG ÔNG VÀ HAI PHỖNG BÀ ĐƯỢC LÀM BẰNG GỖ MÍT,di tích có bảy phỏng ông và hai phỏng bò được làm bằng gỗ mít
aligned_v1,vivos,phowhisper,base,ordinary_lora,0,42,VIVOSDEV01_R027_snr20,20,music,substitution,phỗng,phổng,4,4,nga,hoi,phông,phông,phong,phong,true,false,tone_substitution,,,false,false,false,false,DI TÍCH CÓ BẢY PHỖNG ÔNG VÀ HAI PHỖNG BÀ ĐƯỢC LÀM BẰNG GỖ MÍT,di tích có bảy phổng ông và hai phổng bà được làm bằng gỗ mít
aligned_v1,vivos,phowhisper,base,ordinary_lora,0,42,VIVOSDEV01_R027_snr20,20,music,substitution,phỗng,phổng,8,8,nga,hoi,phông,phông,phong,phong,true,false,tone_substitution,,,false,false,false,false,DI TÍCH CÓ BẢY PHỖNG ÔNG VÀ HAI PHỖNG BÀ ĐƯỢC LÀM BẰNG GỖ MÍT,di tích có bảy phổng ông và hai phổng bà được làm bằng gỗ mít
aligned_v1,vivos,phowhisper,base,ordinary_lora,0,42,VIVOSDEV01_R027_snr5,5,noise,substitution,phỗng,phổng,4,4,nga,hoi,phông,phông,phong,phong,true,false,tone_substitution,,,false,false,false,false,DI TÍCH CÓ BẢY PHỖNG ÔNG VÀ HAI PHỖNG BÀ ĐƯỢC LÀM BẰNG GỖ MÍT,di tích có bảy phổng ông và hai phổng bà được làm bằng gỗ mít
aligned_v1,vivos,phowhisper,base,ordinary_lora,0,42,VIVOSDEV01_R027_snr5,5,noise,substitution,phỗng,phổng,8,8,nga,hoi,phông,phông,phong,phong,true,false,tone_substitution,,,false,false,false,false,DI TÍCH CÓ BẢY PHỖNG ÔNG VÀ HAI PHỖNG BÀ ĐƯỢC LÀM BẰNG GỖ MÍT,di tích có bảy phổng ông và hai phổng bà được làm bằng gỗ mít
aligned_v1,vivos,phowhisper,base,ordinary_lora,0,42,VIVOSDEV01_R028_snr0,0,noise,substitution,sợ,sở,13,13,nang,hoi,sơ,sơ,so,so,true,false,tone_substitution,,,false,false,false,false,CÁC CHÚ CŨNG THOẢI MÁI PHÓNG UẾ GIỮA CHỐN ĐÔNG NGƯỜI MÀ KHÔNG SỢ,rắc chúa cũng thoải mái cống thế giữa chốn đông người mà công sở
aligned_v1,vivos,phowhisper,base,ordinary_lora,0,42,VIVOSDEV01_R044_snr5,5,speech,substitution,động,đổng,3,5,nang,hoi,đông,đông,dong,dong,true,false,tone_substitution,,,false,false,false,false,NGỌN LỬA BẠO ĐỘNG Ở TRUNG ĐÔNG VÀ PHÁ VỠ LỘ TRÌNH HÒA BÌNH,thực thiết ngọn lửa bọ đổng ở trung đông và phá vỡ loại trình quà bình
aligned_v1,vivos,phowhisper,base,ordinary_lora,0,42,VIVOSDEV01_R069_snr0,0,music,deletion,đèn,,0,,huyen,,đen,,den,,true,false,word_deletion,,,false,false,false,false,ĐÈN BỊ HƯ RỒI BA,vẻ hư ngọt bạt
aligned_v1,vivos,phowhisper,base,ordinary_lora,0,42,VIVOSDEV01_R151_snr10,10,noise,substitution,vịnh,vĩnh,5,5,nang,nga,vinh,vinh,vinh,vinh,true,false,tone_substitution,,,false,false,false,false,NHƯNG KHI TIẾN GẦN VÀO VỊNH THÌ MẶT BIỂN BỊ RẠN VỠ,nhưng khi tiếng rừng vào vĩnh thì mặt biển bị rạn vỡ
aligned_v1,vivos,phowhisper,base,ordinary_lora,0,42,VIVOSDEV01_R151_snr5,5,noise,substitution,vịnh,vĩnh,5,5,nang,nga,vinh,vinh,vinh,vinh,true,false,tone_substitution,,,false,false,false,false,NHƯNG KHI TIẾN GẦN VÀO VỊNH THÌ MẶT BIỂN BỊ RẠN VỠ,nhưng khi tiếng rừng vào vĩnh hiền bị mặc biển bị rạn vỡ
aligned_v1,vivos,phowhisper,base,ordinary_lora,0,42,VIVOSDEV01_R174_snr0,0,speech,deletion,biến,,6,,sac,,biên,,bien,,true,false,word_deletion,,,false,false,false,false,NHỮNG DỰ ĐỊNH CẦN PHẢI ĐƯỢC BIẾN THÀNH HIỆN THỰC,hoặc khám giữ đánh cần phải được truyền thống
aligned_v1,vivos,phowhisper,base,ordinary_lora,0,42,VIVOSDEV01_R174_snr0,0,speech,deletion,thành,,7,,huyen,,thanh,,thanh,,true,false,word_deletion,,,false,false,false,false,NHỮNG DỰ ĐỊNH CẦN PHẢI ĐƯỢC BIẾN THÀNH HIỆN THỰC,hoặc khám giữ đánh cần phải được truyền thống
aligned_v1,vivos,phowhisper,base,ordinary_lora,0,42,VIVOSDEV01_R180_snr0,0,music,substitution,mềm,mèm,5,5,huyen,huyen,mêm,mem,mem,mem,false,true,,vowel_quality_loss,ê→e,false,true,false,true,BÀN CHỔI SƠN BẰNG BÔNG MỀM RẤT PHỔ BIẾN,bàn chổi sơn bằng vông mèm rước khổ biến
aligned_v1,vivos,phowhisper,base,ordinary_lora,0,42,VIVOSDEV02_R009_snr0,0,noise,substitution,quảng,quãng,1,1,hoi,nga,quang,quang,quang,quang,true,false,tone_substitution,,,false,false,false,false,BÀ QUẢNG VẪN ĐANG BẬN RỘN,và quãng vướng vướng vướng rộn
aligned_v1,vivos,phowhisper,base,ordinary_lora,0,42,VIVOSDEV02_R031_snr0,0,speech,substitution,bó,bỏ,8,8,sac,hoi,bo,bo,bo,bo,true,false,tone_substitution,,,false,false,false,false,MUỐN ĐẸP PHẢI GHÈ LÀM SAO CHO CÁC BÓ CƠ CHÂN NỔI BẬT LÊN,bố mẹ phải kèm lá cháo cho thắt bỏ cởi chạc nổi lên trí oan
aligned_v1,vivos,phowhisper,base,ordinary_lora,0,42,VIVOSDEV02_R031_snr0,0,speech,deletion,bật,,12,,nang,,bât,,bat,,true,false,word_deletion,,,false,false,false,false,MUỐN ĐẸP PHẢI GHÈ LÀM SAO CHO CÁC BÓ CƠ CHÂN NỔI BẬT LÊN,bố mẹ phải kèm lá cháo cho thắt bỏ cởi chạc nổi lên trí oan
aligned_v1,vivos,phowhisper,base,ordinary_lora,0,42,VIVOSDEV02_R045_clean,clean,clean,substitution,cô,cơ,0,0,ngang,ngang,cô,cơ,co,co,false,true,,vowel_quality_substitution,ô→ơ,false,false,false,false,CÔ CỨ NHÈ NGAY CÁI NỌNG CÁ TRÊ,cơ cứ nhè cái nóng cái chê
aligned_v1,vivos,phowhisper,base,ordinary_lora,0,42,VIVOSDEV02_R045_clean,clean,clean,deletion,ngay,,3,,ngang,,ngay,,ngay,,true,false,word_deletion,,,false,false,false,false,CÔ CỨ NHÈ NGAY CÁI NỌNG CÁ TRÊ,cơ cứ nhè cái nóng cái chê
aligned_v1,vivos,phowhisper,base,ordinary_lora,0,42,VIVOSDEV02_R045_clean,clean,clean,substitution,nọng,nóng,5,4,nang,sac,nong,nong,nong,nong,true,false,tone_substitution,,,false,false,false,false,CÔ CỨ NHÈ NGAY CÁI NỌNG CÁ TRÊ,cơ cứ nhè cái nóng cái chê
aligned_v1,vivos,phowhisper,base,ordinary_lora,0,42,VIVOSDEV02_R045_snr0,0,music,substitution,cô,cơ,0,0,ngang,ngang,cô,cơ,co,co,false,true,,vowel_quality_substitution,ô→ơ,false,false,false,false,CÔ CỨ NHÈ NGAY CÁI NỌNG CÁ TRÊ,cơ cứa nhà cái ngọt cái chơi
aligned_v1,vivos,phowhisper,base,ordinary_lora,0,42,VIVOSDEV02_R045_snr0,0,music,deletion,cứ,,1,,sac,,cư,,cu,,true,false,word_deletion,,,false,false,false,false,CÔ CỨ NHÈ NGAY CÁI NỌNG CÁ TRÊ,cơ cứa nhà cái ngọt cái chơi
aligned_v1,vivos,phowhisper,base,ordinary_lora,0,42,VIVOSDEV02_R045_snr10,10,noise,substitution,cô,cơ,0,0,ngang,ngang,cô,cơ,co,co,false,true,,vowel_quality_substitution,ô→ơ,false,false,false,false,CÔ CỨ NHÈ NGAY CÁI NỌNG CÁ TRÊ,cơ cứ nhà cái nọc cái chê
aligned_v1,vivos,phowhisper,base,ordinary_lora,0,42,VIVOSDEV02_R045_snr10,10,noise,deletion,nhè,,2,,huyen,,nhe,,nhe,,true,false,word_deletion,,,false,false,false,false,CÔ CỨ NHÈ NGAY CÁI NỌNG CÁ TRÊ,cơ cứ nhà cái nọc cái chê
aligned_v1,vivos,phowhisper,base,ordinary_lora,0,42,VIVOSDEV02_R045_snr20,20,noise,substitution,cô,cơ,0,0,ngang,ngang,cô,cơ,co,co,false,true,,vowel_quality_substitution,ô→ơ,false,false,false,false,CÔ CỨ NHÈ NGAY CÁI NỌNG CÁ TRÊ,cơ cứ nhè cái nóng cái chê
aligned_v1,vivos,phowhisper,base,ordinary_lora,0,42,VIVOSDEV02_R045_snr20,20,noise,deletion,ngay,,3,,ngang,,ngay,,ngay,,true,false,word_deletion,,,false,false,false,false,CÔ CỨ NHÈ NGAY CÁI NỌNG CÁ TRÊ,cơ cứ nhè cái nóng cái chê
aligned_v1,vivos,phowhisper,base,ordinary_lora,0,42,VIVOSDEV02_R045_snr20,20,noise,substitution,nọng,nóng,5,4,nang,sac,nong,nong,nong,nong,true,false,tone_substitution,,,false,false,false,false,CÔ CỨ NHÈ NGAY CÁI NỌNG CÁ TRÊ,cơ cứ nhè cái nóng cái chê
aligned_v1,vivos,phowhisper,base,ordinary_lora,0,42,VIVOSDEV02_R045_snr5,5,speech,substitution,cô,cơ,0,0,ngang,ngang,cô,cơ,co,co,false,true,,vowel_quality_substitution,ô→ơ,false,false,false,false,CÔ CỨ NHÈ NGAY CÁI NỌNG CÁ TRÊ,cơ cứ nhà cái thằng cái chê
aligned_v1,vivos,phowhisper,base,ordinary_lora,0,42,VIVOSDEV02_R045_snr5,5,speech,deletion,nhè,,2,,huyen,,nhe,,nhe,,true,false,word_deletion,,,false,false,false,false,CÔ CỨ NHÈ NGAY CÁI NỌNG CÁ TRÊ,cơ cứ nhà cái thằng cái chê
aligned_v1,vivos,phowhisper,base,ordinary_lora,0,42,VIVOSDEV02_R067_snr0,0,speech,substitution,bố,bớ,4,4,sac,sac,bô,bơ,bo,bo,false,true,,vowel_quality_substitution,ô→ơ,false,false,false,false,ÔNG CHỦ TỊCH TUYÊN BỐ NHƯ THẾ NÀO,ông chủ tịch tuy bớ như thế nào
aligned_v1,vivos,phowhisper,base,ordinary_lora,0,42,VIVOSDEV02_R067_snr5,5,noise,substitution,bố,bó,4,4,sac,sac,bô,bo,bo,bo,false,true,,vowel_quality_loss,ô→o,false,true,false,true,ÔNG CHỦ TỊCH TUYÊN BỐ NHƯ THẾ NÀO,ông chủ tịch đem bó như thế nào
aligned_v1,vivos,phowhisper,base,ordinary_lora,0,42,VIVOSDEV02_R071_snr0,0,speech,substitution,mỗi,mọi,0,0,nga,nang,môi,moi,moi,moi,false,true,,vowel_quality_loss,ô→o,false,true,false,true,MỖI KHI XE RÁC ĐI NGANG QUA ĐÁNH KẺNG MỚI ĐEM RA ĐỔ,mọi khi sẽ ra tỉnh ngang qua tấn công mới đẹp là trộm
aligned_v1,vivos,phowhisper,base,ordinary_lora,0,42,VIVOSDEV02_R079_snr5,5,speech,substitution,ngỗng,ngọng,11,11,nga,nang,ngông,ngong,ngong,ngong,false,true,,vowel_quality_loss,ô→o,false,true,false,true,HẦU HẾT NANG NÀY CÓ NGUỒN GỐC TỪ GÂN CƠ CHÂN NGỖNG,hầu hết trang này có nguồn gốc từ gân cơi trưng ngọng
aligned_v1,vivos,phowhisper,base,ordinary_lora,0,42,VIVOSDEV02_R089_snr10,10,noise,substitution,quản,quán,9,9,hoi,sac,quan,quan,quan,quan,true,false,tone_substitution,,,false,false,false,false,CÓ HẲN MỘT LOẠT BÀI VIẾT CHUYÊN ĐỀ VỀ QUẢN TRỊ THƯƠNG HIỆU,có hẳn một là bài viết chuyên đề về quán chị thương hiệu
aligned_v1,vivos,phowhisper,base,ordinary_lora,0,42,VIVOSDEV02_R130_snr0,0,noise,substitution,thề,thể,4,4,huyen,hoi,thê,thê,the,the,true,false,tone_substitution,,,false,false,false,false,CHỊ GẶN HỎI ANH THỀ SỐNG THỀ CHẾT LÀ KHÔNG CÓ,chị chẳng hỏi anh thể sống thể chế là không có
aligned_v1,vivos,phowhisper,base,ordinary_lora,0,42,VIVOSDEV02_R130_snr0,0,noise,substitution,thề,thể,6,6,huyen,hoi,thê,thê,the,the,true,false,tone_substitution,,,false,false,false,false,CHỊ GẶN HỎI ANH THỀ SỐNG THỀ CHẾT LÀ KHÔNG CÓ,chị chẳng hỏi anh thể sống thể chế là không có
aligned_v1,vivos,phowhisper,base,ordinary_lora,0,42,VIVOSDEV02_R130_snr10,10,speech,substitution,thề,thể,4,4,huyen,hoi,thê,thê,the,the,true,false,tone_substitution,,,false,false,false,false,CHỊ GẶN HỎI ANH THỀ SỐNG THỀ CHẾT LÀ KHÔNG CÓ,chị dặn hỏi anh thể sống thể chết là không có
aligned_v1,vivos,phowhisper,base,ordinary_lora,0,42,VIVOSDEV02_R130_snr10,10,speech,substitution,thề,thể,6,6,huyen,hoi,thê,thê,the,the,true,false,tone_substitution,,,false,false,false,false,CHỊ GẶN HỎI ANH THỀ SỐNG THỀ CHẾT LÀ KHÔNG CÓ,chị dặn hỏi anh thể sống thể chết là không có
aligned_v1,vivos,phowhisper,base,ordinary_lora,0,42,VIVOSDEV02_R130_snr5,5,music,substitution,chị,chỉ,0,0,nang,hoi,chi,chi,chi,chi,true,false,tone_substitution,,,false,false,false,false,CHỊ GẶN HỎI ANH THỀ SỐNG THỀ CHẾT LÀ KHÔNG CÓ,chỉ dặn hỏi anh thề sống thề chết là không có
aligned_v1,vivos,phowhisper,base,ordinary_lora,0,42,VIVOSDEV02_R132_clean,clean,clean,substitution,máy,mấy,8,8,sac,sac,may,mây,may,may,false,true,,vowel_quality_addition,a→â,false,false,false,false,ĐIỆN THOẠI RENG NHƯNG TA CŨNG PHẢI NHẤC MÁY ĐÚNG KHÔNG,tiền thoại re nhưng ta cũng phải nhấc mấy đúng không
aligned_v1,vivos,phowhisper,base,ordinary_lora,0,42,VIVOSDEV02_R132_snr0,0,music,substitution,máy,mày,8,8,sac,huyen,may,may,may,may,true,false,tone_substitution,,,false,false,false,false,ĐIỆN THOẠI RENG NHƯNG TA CŨNG PHẢI NHẤC MÁY ĐÚNG KHÔNG,tiền thái lê nhân ta vụt phải những mày đúng không
aligned_v1,vivos,phowhisper,base,ordinary_lora,0,42,VIVOSDEV02_R132_snr10,10,music,substitution,máy,mấy,8,8,sac,sac,may,mây,may,may,false,true,,vowel_quality_addition,a→â,false,false,false,false,ĐIỆN THOẠI RENG NHƯNG TA CŨNG PHẢI NHẤC MÁY ĐÚNG KHÔNG,điện thoại re nhưng ta cũng phải nhấc mấy đúng không
aligned_v1,vivos,phowhisper,base,ordinary_lora,0,42,VIVOSDEV02_R132_snr20,20,music,substitution,máy,mấy,8,8,sac,sac,may,mây,may,may,false,true,,vowel_quality_addition,a→â,false,false,false,false,ĐIỆN THOẠI RENG NHƯNG TA CŨNG PHẢI NHẤC MÁY ĐÚNG KHÔNG,tiền thoại re nhưng ta cũng phải nhấc mấy đúng không
aligned_v1,vivos,phowhisper,base,ordinary_lora,0,42,VIVOSDEV02_R132_snr5,5,speech,substitution,máy,mày,8,8,sac,huyen,may,may,may,may,true,false,tone_substitution,,,false,false,false,false,ĐIỆN THOẠI RENG NHƯNG TA CŨNG PHẢI NHẤC MÁY ĐÚNG KHÔNG,liền thoại re nhìn ta cũng phải nhức mày đùng không
aligned_v1,vivos,phowhisper,base,ordinary_lora,0,42,VIVOSDEV02_R132_snr5,5,speech,substitution,đúng,đùng,9,9,sac,huyen,đung,đung,dung,dung,true,false,tone_substitution,,,false,false,false,false,ĐIỆN THOẠI RENG NHƯNG TA CŨNG PHẢI NHẤC MÁY ĐÚNG KHÔNG,liền thoại re nhìn ta cũng phải nhức mày đùng không
aligned_v1,vivos,phowhisper,base,ordinary_lora,0,42,VIVOSDEV02_R164_snr0,0,speech,substitution,đột,đợt,9,9,nang,nang,đôt,đơt,dot,dot,false,true,,vowel_quality_substitution,ô→ơ,false,false,false,false,CÁC CHƯƠNG TRÌNH CA NHẠC PHẦN LỚN ĐỀU KHÔNG ĐỘT PHÁ,các chương trình ca nhạc tình lớn đều không đợt thoải
aligned_v1,vivos,phowhisper,base,ordinary_lora,0,42,VIVOSDEV02_R164_snr5,5,speech,substitution,ca,cá,3,3,ngang,sac,ca,ca,ca,ca,true,false,tone_addition,,,false,false,false,false,CÁC CHƯƠNG TRÌNH CA NHẠC PHẦN LỚN ĐỀU KHÔNG ĐỘT PHÁ,các chương trình cá nhân thịnh lớn đều không tốt phá
aligned_v1,vivos,phowhisper,base,ordinary_lora,0,42,VIVOSDEV02_R170_snr5,5,speech,substitution,dúi,dui,10,10,sac,ngang,dui,dui,dui,dui,true,false,tone_loss,,,true,false,false,true,RỒI CHẠY SANG GÕ CỬA PHÒNG BA LE HAI DẤM DÚI,rồi chạy sang gõ cửa phòng ba lên hai giấm dui
aligned_v1,vivos,phowhisper,base,ordinary_lora,0,42,VIVOSDEV02_R173_snr5,5,music,substitution,để,đế,0,0,hoi,sac,đê,đê,de,de,true,false,tone_substitution,,,false,false,false,false,ĐỂ TRẢ TRỞ LẠI ĐẠI DƯƠNG,đế chả trở lại đại dương
aligned_v1,vivos,phowhisper,base,ordinary_lora,0,42,VIVOSDEV02_R181_clean,clean,clean,substitution,mắt,mát,3,3,sac,sac,măt,mat,mat,mat,false,true,,vowel_quality_loss,ă→a,false,true,false,true,NÀNG CÓ ĐÔI MẮT TO SÂU VÀ VẦNG TRÁN RỘNG MÊNH MÔNG,nàng có tôi mát to sâu và bình chán rộng mênh mông
aligned_v1,vivos,phowhisper,base,ordinary_lora,0,42,VIVOSDEV02_R181_snr0,0,music,substitution,mắt,mất,3,3,sac,sac,măt,mât,mat,mat,false,true,,vowel_quality_substitution,ă→â,false,false,false,false,NÀNG CÓ ĐÔI MẮT TO SÂU VÀ VẦNG TRÁN RỘNG MÊNH MÔNG,nàng có tươi mất to sau và tình trạng giọng định mộng
aligned_v1,vivos,phowhisper,base,ordinary_lora,0,42,VIVOSDEV02_R181_snr0,0,music,substitution,sâu,sau,5,5,ngang,ngang,sâu,sau,sau,sau,false,true,,vowel_quality_loss,â→a,false,true,false,true,NÀNG CÓ ĐÔI MẮT TO SÂU VÀ VẦNG TRÁN RỘNG MÊNH MÔNG,nàng có tươi mất to sau và tình trạng giọng định mộng
aligned_v1,vivos,phowhisper,base,ordinary_lora,0,42,VIVOSDEV02_R181_snr0,0,music,substitution,mông,mộng,11,11,ngang,nang,mông,mông,mong,mong,true,false,tone_addition,,,false,false,false,false,NÀNG CÓ ĐÔI MẮT TO SÂU VÀ VẦNG TRÁN RỘNG MÊNH MÔNG,nàng có tươi mất to sau và tình trạng giọng định mộng
aligned_v1,vivos,phowhisper,base,ordinary_lora,0,42,VIVOSDEV02_R181_snr10,10,noise,substitution,mắt,mất,3,3,sac,sac,măt,mât,mat,mat,false,true,,vowel_quality_substitution,ă→â,false,false,false,false,NÀNG CÓ ĐÔI MẮT TO SÂU VÀ VẦNG TRÁN RỘNG MÊNH MÔNG,nàng có tơi mất to sao và vĩnh chán rộng mênh mông
aligned_v1,vivos,phowhisper,base,ordinary_lora,0,42,VIVOSDEV02_R181_snr20,20,music,substitution,mắt,mất,3,3,sac,sac,măt,mât,mat,mat,false,true,,vowel_quality_substitution,ă→â,false,false,false,false,NÀNG CÓ ĐÔI MẮT TO SÂU VÀ VẦNG TRÁN RỘNG MÊNH MÔNG,nàng có tôi mất to sau và vìn chán rộng mính mông
aligned_v1,vivos,phowhisper,base,ordinary_lora,0,42,VIVOSDEV02_R181_snr20,20,music,substitution,sâu,sau,5,5,ngang,ngang,sâu,sau,sau,sau,false,true,,vowel_quality_loss,â→a,false,true,false,true,NÀNG CÓ ĐÔI MẮT TO SÂU VÀ VẦNG TRÁN RỘNG MÊNH MÔNG,nàng có tôi mất to sau và vìn chán rộng mính mông
aligned_v1,vivos,phowhisper,base,ordinary_lora,0,42,VIVOSDEV02_R181_snr5,5,speech,substitution,mắt,mất,3,3,sac,sac,măt,mât,mat,mat,false,true,,vowel_quality_substitution,ă→â,false,false,false,false,NÀNG CÓ ĐÔI MẮT TO SÂU VÀ VẦNG TRÁN RỘNG MÊNH MÔNG,nàng có tôi mất to sao và bình chẳng giọng linh mô
aligned_v1,vivos,phowhisper,base,ordinary_lora,0,42,VIVOSDEV02_T004_snr10,10,speech,substitution,năm,nằm,5,5,ngang,huyen,năm,năm,nam,nam,true,false,tone_addition,,,false,false,false,false,HÔM NAY EM CÓ TỚI NĂM KHÁCH,hôm nay em có tuổi nằm tránh
aligned_v1,vivos,phowhisper,base,ordinary_lora,0,42,VIVOSDEV02_T012_snr20,20,speech,deletion,tao,,4,,ngang,,tao,,tao,,true,false,word_deletion,,,false,false,false,false,MÀY DÁM CHƠI VỢ TAO TAO PHẢI GIẾT MÀY,mày dám chê vợ đa sẽ giết mày
aligned_v1,vivos,phowhisper,base,ordinary_lora,0,42,VIVOSDEV03_R007_clean,clean,clean,substitution,bò,bo,7,7,huyen,ngang,bo,bo,bo,bo,true,false,tone_loss,,,true,false,false,true,MỘT CHUYẾN DU LỊCH DÃ NGOẠI TẠI BÒ CẠP VÀNG,một chuyến du lịch giả ngoại tại bo cập vàng
aligned_v1,vivos,phowhisper,base,ordinary_lora,0,42,VIVOSDEV03_R007_clean,clean,clean,substitution,cạp,cập,8,8,nang,nang,cap,câp,cap,cap,false,true,,vowel_quality_addition,a→â,false,false,false,false,MỘT CHUYẾN DU LỊCH DÃ NGOẠI TẠI BÒ CẠP VÀNG,một chuyến du lịch giả ngoại tại bo cập vàng
aligned_v1,vivos,phowhisper,base,ordinary_lora,0,42,VIVOSDEV03_R007_snr10,10,noise,substitution,bò,bo,7,7,huyen,ngang,bo,bo,bo,bo,true,false,tone_loss,,,true,false,false,true,MỘT CHUYẾN DU LỊCH DÃ NGOẠI TẠI BÒ CẠP VÀNG,một chuyến du lịch giả ngoại tại bo cập vàng
aligned_v1,vivos,phowhisper,base,ordinary_lora,0,42,VIVOSDEV03_R007_snr10,10,noise,substitution,cạp,cập,8,8,nang,nang,cap,câp,cap,cap,false,true,,vowel_quality_addition,a→â,false,false,false,false,MỘT CHUYẾN DU LỊCH DÃ NGOẠI TẠI BÒ CẠP VÀNG,một chuyến du lịch giả ngoại tại bo cập vàng
aligned_v1,vivos,phowhisper,base,ordinary_lora,0,42,VIVOSDEV03_R007_snr20,20,speech,substitution,bò,bo,7,7,huyen,ngang,bo,bo,bo,bo,true,false,tone_loss,,,true,false,false,true,MỘT CHUYẾN DU LỊCH DÃ NGOẠI TẠI BÒ CẠP VÀNG,một chuyến du lịch giả ngoại tại bo cà phàn
aligned_v1,vivos,phowhisper,base,ordinary_lora,0,42,VIVOSDEV03_R007_snr5,5,noise,substitution,bò,bo,7,7,huyen,ngang,bo,bo,bo,bo,true,false,tone_loss,,,true,false,false,true,MỘT CHUYẾN DU LỊCH DÃ NGOẠI TẠI BÒ CẠP VÀNG,một chuyến du lịch giả ngoại tại bo cập vàng
aligned_v1,vivos,phowhisper,base,ordinary_lora,0,42,VIVOSDEV03_R007_snr5,5,noise,substitution,cạp,cập,8,8,nang,nang,cap,câp,cap,cap,false,true,,vowel_quality_addition,a→â,false,false,false,false,MỘT CHUYẾN DU LỊCH DÃ NGOẠI TẠI BÒ CẠP VÀNG,một chuyến du lịch giả ngoại tại bo cập vàng
aligned_v1,vivos,phowhisper,base,ordinary_lora,0,42,VIVOSDEV03_R056_clean,clean,clean,substitution,đọng,động,3,3,nang,nang,đong,đông,dong,dong,false,true,,vowel_quality_addition,o→ô,false,false,false,false,SƯƠNG MÙ ĐÃ ĐỌNG THÀNH NHỮNG HẠT GIÁ BĂNG,xương mù đã động thành những hạt giá băng
aligned_v1,vivos,phowhisper,base,ordinary_lora,0,42,VIVOSDEV03_R056_snr0,0,noise,substitution,đọng,động,3,3,nang,nang,đong,đông,dong,dong,false,true,,vowel_quality_addition,o→ô,false,false,false,false,SƯƠNG MÙ ĐÃ ĐỌNG THÀNH NHỮNG HẠT GIÁ BĂNG,xương mù đã động thành những hạt giá băng
aligned_v1,vivos,phowhisper,base,ordinary_lora,0,42,VIVOSDEV03_R056_snr10,10,noise,substitution,đọng,động,3,3,nang,nang,đong,đông,dong,dong,false,true,,vowel_quality_addition,o→ô,false,false,false,false,SƯƠNG MÙ ĐÃ ĐỌNG THÀNH NHỮNG HẠT GIÁ BĂNG,xương mù đã động thành những hạt giá băng
aligned_v1,vivos,phowhisper,base,ordinary_lora,0,42,VIVOSDEV03_R056_snr20,20,noise,substitution,đọng,động,3,3,nang,nang,đong,đông,dong,dong,false,true,,vowel_quality_addition,o→ô,false,false,false,false,SƯƠNG MÙ ĐÃ ĐỌNG THÀNH NHỮNG HẠT GIÁ BĂNG,xương mù đã động thành những hạt giá băng
aligned_v1,vivos,phowhisper,base,ordinary_lora,0,42,VIVOSDEV03_R056_snr5,5,noise,substitution,đọng,động,3,3,nang,nang,đong,đông,dong,dong,false,true,,vowel_quality_addition,o→ô,false,false,false,false,SƯƠNG MÙ ĐÃ ĐỌNG THÀNH NHỮNG HẠT GIÁ BĂNG,xương mù đã động thành những hạt giá băng
aligned_v1,vivos,phowhisper,base,ordinary_lora,0,42,VIVOSDEV03_R061_snr5,5,music,substitution,lân,lăn,3,3,ngang,ngang,lân,lăn,lan,lan,false,true,,vowel_quality_substitution,â→ă,false,false,false,false,LÀ TIẾNG TRỐNG LÂN TÙNG XÈNG VUI TAI,là tiếng trống lăn tùng sàn vui tai
aligned_v1,vivos,phowhisper,base,ordinary_lora,0,42,VIVOSDEV03_R092_snr0,0,music,deletion,phù,,5,,huyen,,phu,,phu,,true,false,word_deletion,,,false,false,false,false,ĐỂ CHỌN MÁY IN CHO PHÙ HỢP,để chọn máy in cho bộ
aligned_v1,vivos,phowhisper,base,ordinary_lora,0,42,VIVOSDEV03_R113_clean,clean,clean,substitution,lảy,lẫy,4,4,hoi,nga,lay,lây,lay,lay,false,true,,vowel_quality_addition,a→â,false,false,false,false,VÌ BẠN CÓ THỂ LẢY CÒ TỪNG PHÁT MỘT,vì bạn có thể lẫy cò từng phát một
aligned_v1,vivos,phowhisper,base,ordinary_lora,0,42,VIVOSDEV03_R113_snr0,0,noise,substitution,lảy,lấy,4,4,hoi,sac,lay,lây,lay,lay,false,true,,vowel_quality_addition,a→â,false,false,false,false,VÌ BẠN CÓ THỂ LẢY CÒ TỪNG PHÁT MỘT,vì bạn có thể lấy cò từng hẳn được
aligned_v1,vivos,phowhisper,base,ordinary_lora,0,42,VIVOSDEV03_R113_snr10,10,music,substitution,lảy,lẫy,4,4,hoi,nga,lay,lây,lay,lay,false,true,,vowel_quality_addition,a→â,false,false,false,false,VÌ BẠN CÓ THỂ LẢY CÒ TỪNG PHÁT MỘT,vì bạn có thể lẫy cò từng phát một
aligned_v1,vivos,phowhisper,base,ordinary_lora,0,42,VIVOSDEV03_R113_snr20,20,music,substitution,lảy,lẫy,4,4,hoi,nga,lay,lây,lay,lay,false,true,,vowel_quality_addition,a→â,false,false,false,false,VÌ BẠN CÓ THỂ LẢY CÒ TỪNG PHÁT MỘT,vì bạn có thể lẫy cò từng phát một
aligned_v1,vivos,phowhisper,base,ordinary_lora,0,42,VIVOSDEV03_R113_snr5,5,noise,substitution,lảy,lẫy,4,4,hoi,nga,lay,lây,lay,lay,false,true,,vowel_quality_addition,a→â,false,false,false,false,VÌ BẠN CÓ THỂ LẢY CÒ TỪNG PHÁT MỘT,vì bạn có thể lẫy cò từng phát một
aligned_v1,vivos,phowhisper,base,ordinary_lora,0,42,VIVOSDEV03_R120_snr0,0,speech,substitution,nhầm,nhàm,4,4,huyen,huyen,nhâm,nham,nham,nham,false,true,,vowel_quality_loss,â→a,false,true,false,true,KHIẾN PHỤ HUYNH HIỂU NHẦM,khiến phụ huynh hiểu nhàm mưa sẽ nít
aligned_v1,vivos,phowhisper,base,ordinary_lora,0,42,VIVOSDEV03_R142_clean,clean,clean,substitution,ngựa,ngửa,4,4,nang,hoi,ngưa,ngưa,ngua,ngua,true,false,tone_substitution,,,false,false,false,false,TRONG TƯ THẾ PHI NGỰA CHỒM LÊN,trong tư thế phi ngửa chồm lên
aligned_v1,vivos,phowhisper,base,ordinary_lora,0,42,VIVOSDEV03_R142_snr20,20,noise,substitution,ngựa,ngửa,4,4,nang,hoi,ngưa,ngưa,ngua,ngua,true,false,tone_substitution,,,false,false,false,false,TRONG TƯ THẾ PHI NGỰA CHỒM LÊN,trong tư thế phi ngửa chồm lên
aligned_v1,vivos,phowhisper,base,ordinary_lora,0,42,VIVOSDEV03_R142_snr5,5,speech,substitution,chồm,chờm,5,5,huyen,huyen,chôm,chơm,chom,chom,false,true,,vowel_quality_substitution,ô→ơ,false,false,false,false,TRONG TƯ THẾ PHI NGỰA CHỒM LÊN,trong tư thế phiên ngựa chờm lên
aligned_v1,vivos,phowhisper,base,ordinary_lora,0,42,VIVOSDEV03_R160_clean,clean,clean,substitution,sâu,sau,5,5,ngang,ngang,sâu,sau,sau,sau,false,true,,vowel_quality_loss,â→a,false,true,false,true,DỌC HAI BÊN SÔNG NGÀN SÂU,dọc hai bên xong ngàn sau
aligned_v1,vivos,phowhisper,base,ordinary_lora,0,42,VIVOSDEV03_R160_snr10,10,noise,substitution,sâu,sau,5,5,ngang,ngang,sâu,sau,sau,sau,false,true,,vowel_quality_loss,â→a,false,true,false,true,DỌC HAI BÊN SÔNG NGÀN SÂU,dọc hai bên xong ngàn sau
aligned_v1,vivos,phowhisper,base,ordinary_lora,0,42,VIVOSDEV03_R160_snr20,20,noise,substitution,sâu,sau,5,5,ngang,ngang,sâu,sau,sau,sau,false,true,,vowel_quality_loss,â→a,false,true,false,true,DỌC HAI BÊN SÔNG NGÀN SÂU,dọc hai bên xong ngàn sau
aligned_v1,vivos,phowhisper,base,ordinary_lora,0,42,VIVOSDEV03_R160_snr5,5,music,substitution,sâu,sau,5,5,ngang,ngang,sâu,sau,sau,sau,false,true,,vowel_quality_loss,â→a,false,true,false,true,DỌC HAI BÊN SÔNG NGÀN SÂU,dọc hai bên xong ngàn sau
aligned_v1,vivos,phowhisper,base,ordinary_lora,0,42,VIVOSDEV03_R191_clean,clean,clean,substitution,cỡi,cởi,0,0,nga,hoi,cơi,cơi,coi,coi,true,false,tone_substitution,,,false,false,false,false,CỠI NGỰA ĐI THI,cởi ngựa đi thi
aligned_v1,vivos,phowhisper,base,ordinary_lora,0,42,VIVOSDEV03_R191_snr10,10,noise,substitution,ngựa,ngửa,1,1,nang,hoi,ngưa,ngưa,ngua,ngua,true,false,tone_substitution,,,false,false,false,false,CỠI NGỰA ĐI THI,cửi ngửa đi thi
aligned_v1,vivos,phowhisper,base,ordinary_lora,0,42,VIVOSDEV03_T017_clean,clean,clean,substitution,đây,đấy,7,7,ngang,sac,đây,đây,day,day,true,false,tone_addition,,,false,false,false,false,BÁC VẪN CHƯA TRẢ TIỀN CHO TÔI ĐÂY NHÉ,bác vẫn chưa rõ tiền cho tôi đấy nhé
aligned_v1,vivos,phowhisper,base,ordinary_lora,0,42,VIVOSDEV03_T017_snr0,0,noise,substitution,đây,đấy,7,7,ngang,sac,đây,đây,day,day,true,false,tone_addition,,,false,false,false,false,BÁC VẪN CHƯA TRẢ TIỀN CHO TÔI ĐÂY NHÉ,bác vẫn chưa rõ tiền cho tôi đấy nhé
aligned_v1,vivos,phowhisper,base,ordinary_lora,0,42,VIVOSDEV03_T017_snr10,10,speech,substitution,đây,đấy,7,7,ngang,sac,đây,đây,day,day,true,false,tone_addition,,,false,false,false,false,BÁC VẪN CHƯA TRẢ TIỀN CHO TÔI ĐÂY NHÉ,bác vẫn chưa rõ tiền cho tôi đấy nhé
aligned_v1,vivos,phowhisper,base,ordinary_lora,0,42,VIVOSDEV03_T017_snr20,20,noise,substitution,đây,đấy,7,7,ngang,sac,đây,đây,day,day,true,false,tone_addition,,,false,false,false,false,BÁC VẪN CHƯA TRẢ TIỀN CHO TÔI ĐÂY NHÉ,bác vẫn chưa rõ tiền cho tôi đấy nhé
aligned_v1,vivos,phowhisper,base,ordinary_lora,0,42,VIVOSDEV04_R049_clean,clean,clean,substitution,tối,tới,1,1,sac,sac,tôi,tơi,toi,toi,false,true,,vowel_quality_substitution,ô→ơ,false,false,false,false,VÌ TỐI ĐÓ,vì tới đó
aligned_v1,vivos,phowhisper,base,ordinary_lora,0,42,VIVOSDEV04_R049_snr10,10,speech,substitution,tối,tới,1,1,sac,sac,tôi,tơi,toi,toi,false,true,,vowel_quality_substitution,ô→ơ,false,false,false,false,VÌ TỐI ĐÓ,vì tới đó
aligned_v1,vivos,phowhisper,base,ordinary_lora,0,42,VIVOSDEV04_R049_snr20,20,noise,substitution,tối,tới,1,1,sac,sac,tôi,tơi,toi,toi,false,true,,vowel_quality_substitution,ô→ơ,false,false,false,false,VÌ TỐI ĐÓ,vì tới đó
aligned_v1,vivos,phowhisper,base,ordinary_lora,0,42,VIVOSDEV04_R049_snr5,5,music,substitution,vì,vị,0,0,huyen,nang,vi,vi,vi,vi,true,false,tone_substitution,,,false,false,false,false,VÌ TỐI ĐÓ,vị tới đó
aligned_v1,vivos,phowhisper,base,ordinary_lora,0,42,VIVOSDEV04_R049_snr5,5,music,substitution,tối,tới,1,1,sac,sac,tôi,tơi,toi,toi,false,true,,vowel_quality_substitution,ô→ơ,false,false,false,false,VÌ TỐI ĐÓ,vị tới đó
aligned_v1,vivos,phowhisper,base,ordinary_lora,0,42,VIVOSDEV04_R051_clean,clean,clean,substitution,bàu,bầu,1,1,huyen,huyen,bau,bâu,bau,bau,false,true,,vowel_quality_addition,a→â,false,false,false,false,RẠCH BÀU MỚP,rạch bầu mướp
aligned_v1,vivos,phowhisper,base,ordinary_lora,0,42,VIVOSDEV04_R051_snr0,0,music,substitution,bàu,bầu,1,1,huyen,huyen,bau,bâu,bau,bau,false,true,,vowel_quality_addition,a→â,false,false,false,false,RẠCH BÀU MỚP,rạch bầu nước
aligned_v1,vivos,phowhisper,base,ordinary_lora,0,42,VIVOSDEV04_R051_snr10,10,music,substitution,bàu,bầu,1,1,huyen,huyen,bau,bâu,bau,bau,false,true,,vowel_quality_addition,a→â,false,false,false,false,RẠCH BÀU MỚP,rạch bầu mướp
aligned_v1,vivos,phowhisper,base,ordinary_lora,0,42,VIVOSDEV04_R051_snr20,20,noise,substitution,bàu,bầu,1,1,huyen,huyen,bau,bâu,bau,bau,false,true,,vowel_quality_addition,a→â,false,false,false,false,RẠCH BÀU MỚP,gặt bầu mướp
aligned_v1,vivos,phowhisper,base,ordinary_lora,0,42,VIVOSDEV04_R051_snr5,5,noise,substitution,bàu,bầu,1,1,huyen,huyen,bau,bâu,bau,bau,false,true,,vowel_quality_addition,a→â,false,false,false,false,RẠCH BÀU MỚP,rạch bầu mức
aligned_v1,vivos,phowhisper,base,ordinary_lora,0,42,VIVOSDEV04_R081_clean,clean,clean,substitution,thọ,thỏ,5,5,nang,hoi,tho,tho,tho,tho,true,false,tone_substitution,,,false,false,false,false,VÀ TÔI THẤY HOA VẠN THỌ VÀNG ƯƠM,và tôi thấy qua vạn thỏ vàng ươm
aligned_v1,vivos,phowhisper,base,ordinary_lora,0,42,VIVOSDEV04_R081_snr0,0,music,substitution,vạn,vận,4,4,nang,nang,van,vân,van,van,false,true,,vowel_quality_addition,a→â,false,false,false,false,VÀ TÔI THẤY HOA VẠN THỌ VÀNG ƯƠM,và tôi thấy qua vận họ toàn gương
aligned_v1,vivos,phowhisper,base,ordinary_lora,0,42,VIVOSDEV04_R081_snr10,10,noise,substitution,vạn,vận,4,4,nang,nang,van,vân,van,van,false,true,,vowel_quality_addition,a→â,false,false,false,false,VÀ TÔI THẤY HOA VẠN THỌ VÀNG ƯƠM,và tôi thấy qua vận họ vàng ươm
aligned_v1,vivos,phowhisper,base,ordinary_lora,0,42,VIVOSDEV04_R081_snr20,20,music,substitution,thọ,thỏ,5,5,nang,hoi,tho,tho,tho,tho,true,false,tone_substitution,,,false,false,false,false,VÀ TÔI THẤY HOA VẠN THỌ VÀNG ƯƠM,và tôi thấy qua vạn thỏ vàng ươm
aligned_v1,vivos,phowhisper,base,ordinary_lora,0,42,VIVOSDEV04_R081_snr5,5,noise,substitution,thọ,thỏ,5,5,nang,hoi,tho,tho,tho,tho,true,false,tone_substitution,,,false,false,false,false,VÀ TÔI THẤY HOA VẠN THỌ VÀNG ƯƠM,và tôi thấy qua vạn thỏ vàng ươm
aligned_v1,vivos,phowhisper,base,ordinary_lora,0,42,VIVOSDEV04_R092_snr10,10,noise,substitution,vây,vay,5,5,ngang,ngang,vây,vay,vay,vay,false,true,,vowel_quality_loss,â→a,false,true,false,true,BỊ CÁC CÔ GÁI BAO VÂY RÁO RIẾT,bị cất cô gái bò vay ráu riết
aligned_v1,vivos,phowhisper,base,ordinary_lora,0,42,VIVOSDEV04_R097_snr20,20,music,substitution,thù,thu,5,5,huyen,ngang,thu,thu,thu,thu,true,false,tone_loss,,,true,false,false,true,NGOÀI VIỆC PHÁT HIỆN KẺ THÙ,ngoài việc phát hiện cải thu
aligned_v1,vivos,phowhisper,base,ordinary_lora,0,42,VIVOSDEV04_R097_snr5,5,music,substitution,thù,thu,5,5,huyen,ngang,thu,thu,thu,thu,true,false,tone_loss,,,true,false,false,true,NGOÀI VIỆC PHÁT HIỆN KẺ THÙ,ngoài việc phát hiện cải thu
aligned_v1,vivos,phowhisper,base,ordinary_lora,0,42,VIVOSDEV04_R118_clean,clean,clean,substitution,ngại,ngài,5,5,nang,huyen,ngai,ngai,ngai,ngai,true,false,tone_substitution,,,false,false,false,false,TRẺ EM ĐÂU CÓ CHƯỚNG NGẠI VẬT,trẻ em đâu có chứ ngài vật
aligned_v1,vivos,phowhisper,base,ordinary_lora,0,42,VIVOSDEV04_R118_snr0,0,music,substitution,đâu,đau,2,2,ngang,ngang,đâu,đau,dau,dau,false,true,,vowel_quality_loss,â→a,false,true,false,true,TRẺ EM ĐÂU CÓ CHƯỚNG NGẠI VẬT,trẻ em đau khó chứ ngoài vật
aligned_v1,vivos,phowhisper,base,ordinary_lora,0,42,VIVOSDEV04_R118_snr10,10,music,substitution,ngại,ngài,5,5,nang,huyen,ngai,ngai,ngai,ngai,true,false,tone_substitution,,,false,false,false,false,TRẺ EM ĐÂU CÓ CHƯỚNG NGẠI VẬT,trẻ em đâu có chứ ngài vật
aligned_v1,vivos,phowhisper,base,ordinary_lora,0,42,VIVOSDEV04_R118_snr20,20,music,substitution,ngại,ngài,5,5,nang,huyen,ngai,ngai,ngai,ngai,true,false,tone_substitution,,,false,false,false,false,TRẺ EM ĐÂU CÓ CHƯỚNG NGẠI VẬT,trẻ em đâu có chứ ngài vật
aligned_v1,vivos,phowhisper,base,ordinary_lora,0,42,VIVOSDEV04_R118_snr5,5,music,substitution,ngại,ngài,5,5,nang,huyen,ngai,ngai,ngai,ngai,true,false,tone_substitution,,,false,false,false,false,TRẺ EM ĐÂU CÓ CHƯỚNG NGẠI VẬT,trẻ em đâu có chứ ngài vật
aligned_v1,vivos,phowhisper,base,ordinary_lora,0,42,VIVOSDEV04_R129_snr0,0,noise,substitution,đang,đăng,0,0,ngang,ngang,đang,đăng,dang,dang,false,true,,vowel_quality_addition,a→ă,false,false,false,false,ĐANG THẢO LUẬN VỀ ĐỀ XUẤT,đăng thổ lộng tìa đề xuất
aligned_v1,vivos,phowhisper,base,ordinary_lora,0,42,VIVOSDEV04_R149_clean,clean,clean,substitution,ngắn,ngán,4,4,sac,sac,ngăn,ngan,ngan,ngan,false,true,,vowel_quality_loss,ă→a,false,true,false,true,MỘT CÔ GÁI VÁY NGẮN CŨN CỠN CHẠY LÊN HỎI,một cô gái váy ngán củng cẩn chạy lên họ
aligned_v1,vivos,phowhisper,base,ordinary_lora,0,42,VIVOSDEV04_R149_snr10,10,music,substitution,ngắn,ngán,4,4,sac,sac,ngăn,ngan,ngan,ngan,false,true,,vowel_quality_loss,ă→a,false,true,false,true,MỘT CÔ GÁI VÁY NGẮN CŨN CỠN CHẠY LÊN HỎI,một cô gái phái ngán cũng cỡ chạy lên hỏa
aligned_v1,vivos,phowhisper,base,ordinary_lora,0,42,VIVOSDEV04_R149_snr20,20,noise,substitution,ngắn,ngán,4,4,sac,sac,ngăn,ngan,ngan,ngan,false,true,,vowel_quality_loss,ă→a,false,true,false,true,MỘT CÔ GÁI VÁY NGẮN CŨN CỠN CHẠY LÊN HỎI,một cô gái váy ngán củng cỡn chạy lên họ
aligned_v1,vivos,phowhisper,base,ordinary_lora,0,42,VIVOSDEV04_R149_snr5,5,noise,substitution,ngắn,ngán,4,4,sac,sac,ngăn,ngan,ngan,ngan,false,true,,vowel_quality_loss,ă→a,false,true,false,true,MỘT CÔ GÁI VÁY NGẮN CŨN CỠN CHẠY LÊN HỎI,một cô gái váy ngán trúng cởi chạy lên họ
aligned_v1,vivos,phowhisper,base,ordinary_lora,0,42,VIVOSDEV04_R152_snr0,0,noise,substitution,màu,mầu,11,11,huyen,huyen,mau,mâu,mau,mau,false,true,,vowel_quality_addition,a→â,false,false,false,false,SẼ KHÔNG KHIẾN BẠN TRÔNG GẦY NHƯ NHỮNG TRANG PHỤC MỘT MÀU,sẽ không khiến bạn trông gầy như những trang phục mọc mầu
aligned_v1,vivos,phowhisper,base,ordinary_lora,0,42,VIVOSDEV04_R152_snr5,5,speech,deletion,những,,7,,nga,,nhưng,,nhung,,true,false,word_deletion,,,false,false,false,false,SẼ KHÔNG KHIẾN BẠN TRÔNG GẦY NHƯ NHỮNG TRANG PHỤC MỘT MÀU,sẽ không khiến bạn trông gầy như nhỏ trong một màu
aligned_v1,vivos,phowhisper,base,ordinary_lora,0,42,VIVOSDEV04_R162_snr5,5,speech,substitution,bóng,bông,6,6,sac,ngang,bong,bông,bong,bong,false,true,,vowel_quality_addition,o→ô,true,false,false,true,CÔ CHỈ MỚI VÀO LƯỚI NHẶT BÓNG HAI LẦN,cô chỉ mới vào lưới nhạc bông hai lần
aligned_v1,vivos,phowhisper,base,ordinary_lora,0,42,VIVOSDEV04_T002_snr0,0,music,substitution,bảo,báo,7,7,hoi,sac,bao,bao,bao,bao,true,false,tone_substitution,,,false,false,false,false,CÓ TRẢ TIỀN CHO BỐ KHÔNG THÌ BẢO,có trò chuyện giống uống không thể báo
aligned_v1,vivos,phowhisper,base,ordinary_lora,0,42,VIVOSDEV04_T009_clean,clean,clean,substitution,nhắn,nhấn,2,2,sac,sac,nhăn,nhân,nhan,nhan,false,true,,vowel_quality_substitution,ă→â,false,false,false,false,CHO TÔI NHẮN ĐẠI TIN NÀO CŨNG ĐƯỢC,cho tôi nhấn đại tim nào cũng được
aligned_v1,vivos,phowhisper,base,ordinary_lora,0,42,VIVOSDEV04_T029_snr10,10,noise,substitution,thơ,thó,5,5,ngang,sac,thơ,tho,tho,tho,false,true,,vowel_quality_loss,ơ→o,false,true,false,true,ANH ĐI CÔNG TÁC CẦN THƠ TUẦN SAU MỚI VỀ,anh đi công tác cần thó tuần sau mới về
aligned_v1,vivos,phowhisper,base,ordinary_lora,0,42,VIVOSDEV04_T029_snr20,20,noise,substitution,thơ,thó,5,5,ngang,sac,thơ,tho,tho,tho,false,true,,vowel_quality_loss,ơ→o,false,true,false,true,ANH ĐI CÔNG TÁC CẦN THƠ TUẦN SAU MỚI VỀ,anh đi công tác cần thó tuần sau mới về
aligned_v1,vivos,phowhisper,base,ordinary_lora,0,42,VIVOSDEV04_T032_clean,clean,clean,substitution,vỏ,võ,3,3,hoi,nga,vo,vo,vo,vo,true,false,tone_substitution,,,false,false,false,false,CAM SÀNH LỘT VỎ CÒN CHUA,công sành lọc võ còn chưa
aligned_v1,vivos,phowhisper,base,ordinary_lora,0,42,VIVOSDEV04_T032_clean,clean,clean,substitution,chua,chưa,5,5,ngang,ngang,chua,chưa,chua,chua,false,true,,vowel_quality_addition,u→ư,false,false,false,false,CAM SÀNH LỘT VỎ CÒN CHUA,công sành lọc võ còn chưa
aligned_v1,vivos,phowhisper,base,ordinary_lora,0,42,VIVOSDEV04_T032_snr0,0,music,substitution,chua,chưa,5,5,ngang,ngang,chua,chưa,chua,chua,false,true,,vowel_quality_addition,u→ư,false,false,false,false,CAM SÀNH LỘT VỎ CÒN CHUA,công sản lộc vỏ còn chưa
aligned_v1,vivos,phowhisper,base,ordinary_lora,0,42,VIVOSDEV04_T032_snr10,10,noise,substitution,vỏ,võ,3,3,hoi,nga,vo,vo,vo,vo,true,false,tone_substitution,,,false,false,false,false,CAM SÀNH LỘT VỎ CÒN CHUA,công sành lọc võ còn chưa
aligned_v1,vivos,phowhisper,base,ordinary_lora,0,42,VIVOSDEV04_T032_snr10,10,noise,substitution,chua,chưa,5,5,ngang,ngang,chua,chưa,chua,chua,false,true,,vowel_quality_addition,u→ư,false,false,false,false,CAM SÀNH LỘT VỎ CÒN CHUA,công sành lọc võ còn chưa
aligned_v1,vivos,phowhisper,base,ordinary_lora,0,42,VIVOSDEV04_T032_snr20,20,noise,substitution,vỏ,võ,3,3,hoi,nga,vo,vo,vo,vo,true,false,tone_substitution,,,false,false,false,false,CAM SÀNH LỘT VỎ CÒN CHUA,công sành lọc võ còn chưa
aligned_v1,vivos,phowhisper,base,ordinary_lora,0,42,VIVOSDEV04_T032_snr20,20,noise,substitution,chua,chưa,5,5,ngang,ngang,chua,chưa,chua,chua,false,true,,vowel_quality_addition,u→ư,false,false,false,false,CAM SÀNH LỘT VỎ CÒN CHUA,công sành lọc võ còn chưa
aligned_v1,vivos,phowhisper,base,ordinary_lora,0,42,VIVOSDEV05_004_clean,clean,clean,deletion,là,,5,,huyen,,la,,la,,true,false,word_deletion,,,false,false,false,false,HÃY TƯỞNG TƯỢNG RẰNG BẠN LÀ LÀ GIÁM ĐỐC DỰ ÁN TRONG MỘT CÔNG TY LỚN,hãy tưởng tượng rằng bạn là giám đốc dự án trong một công ty lớn
aligned_v1,vivos,phowhisper,base,ordinary_lora,0,42,VIVOSDEV05_004_snr0,0,speech,substitution,tượng,tưởng,2,2,nang,hoi,tương,tương,tuong,tuong,true,false,tone_substitution,,,false,false,false,false,HÃY TƯỞNG TƯỢNG RẰNG BẠN LÀ LÀ GIÁM ĐỐC DỰ ÁN TRONG MỘT CÔNG TY LỚN,hãy tin tưởng rằng bạn là giám đốc dự án trong một công ty lớn
aligned_v1,vivos,phowhisper,base,ordinary_lora,0,42,VIVOSDEV05_004_snr0,0,speech,deletion,là,,5,,huyen,,la,,la,,true,false,word_deletion,,,false,false,false,false,HÃY TƯỞNG TƯỢNG RẰNG BẠN LÀ LÀ GIÁM ĐỐC DỰ ÁN TRONG MỘT CÔNG TY LỚN,hãy tin tưởng rằng bạn là giám đốc dự án trong một công ty lớn
aligned_v1,vivos,phowhisper,base,ordinary_lora,0,42,VIVOSDEV05_004_snr10,10,noise,deletion,là,,5,,huyen,,la,,la,,true,false,word_deletion,,,false,false,false,false,HÃY TƯỞNG TƯỢNG RẰNG BẠN LÀ LÀ GIÁM ĐỐC DỰ ÁN TRONG MỘT CÔNG TY LỚN,hãy tưởng tượng rằng bạn là giám đốc dự án trong một công ty lớn
aligned_v1,vivos,phowhisper,base,ordinary_lora,0,42,VIVOSDEV05_004_snr20,20,noise,deletion,là,,5,,huyen,,la,,la,,true,false,word_deletion,,,false,false,false,false,HÃY TƯỞNG TƯỢNG RẰNG BẠN LÀ LÀ GIÁM ĐỐC DỰ ÁN TRONG MỘT CÔNG TY LỚN,hãy tưởng tượng rằng bạn là giám đốc dự án trong một công ty lớn
aligned_v1,vivos,phowhisper,base,ordinary_lora,0,42,VIVOSDEV05_004_snr5,5,noise,deletion,là,,5,,huyen,,la,,la,,true,false,word_deletion,,,false,false,false,false,HÃY TƯỞNG TƯỢNG RẰNG BẠN LÀ LÀ GIÁM ĐỐC DỰ ÁN TRONG MỘT CÔNG TY LỚN,hãy tưởng tượng rằng bạn là giám đốc dự án trong một công ty lớn
aligned_v1,vivos,phowhisper,base,ordinary_lora,0,42,VIVOSDEV05_065_snr5,5,music,substitution,tha,thả,4,4,ngang,hoi,tha,tha,tha,tha,true,false,tone_addition,,,false,false,false,false,NHỮNG NGƯỜI SỐNG THÌ THA THẨN TRONG NHÀ NGOÀI NGÕ,những người sống thì thả thẳng trong nhà ngoài ngõ
aligned_v1,vivos,phowhisper,base,ordinary_lora,0,42,VIVOSDEV05_091_snr5,5,speech,substitution,giô,giơ,1,1,ngang,ngang,giô,giơ,gio,gio,false,true,,vowel_quality_substitution,ô→ơ,false,false,false,false,TRÁN GIÔ,đáng giơ
aligned_v1,vivos,phowhisper,base,ordinary_lora,0,42,VIVOSDEV05_107_clean,clean,clean,substitution,trông,trong,0,0,ngang,ngang,trông,trong,trong,trong,false,true,,vowel_quality_loss,ô→o,false,true,false,true,TRÔNG MỘT CÔ NÀNG ĐỔ NGƯỜI LÊN LƯNG ANH NGƯỜI YÊU GẦY CÒM,trong một cô nàng đỗ người lên lưng anh người yêu gầy cầm
aligned_v1,vivos,phowhisper,base,ordinary_lora,0,42,VIVOSDEV05_107_clean,clean,clean,substitution,đổ,đỗ,4,4,hoi,nga,đô,đô,do,do,true,false,tone_substitution,,,false,false,false,false,TRÔNG MỘT CÔ NÀNG ĐỔ NGƯỜI LÊN LƯNG ANH NGƯỜI YÊU GẦY CÒM,trong một cô nàng đỗ người lên lưng anh người yêu gầy cầm
aligned_v1,vivos,phowhisper,base,ordinary_lora,0,42,VIVOSDEV05_107_snr0,0,noise,substitution,trông,trong,0,0,ngang,ngang,trông,trong,trong,trong,false,true,,vowel_quality_loss,ô→o,false,true,false,true,TRÔNG MỘT CÔ NÀNG ĐỔ NGƯỜI LÊN LƯNG ANH NGƯỜI YÊU GẦY CÒM,trong một cô nàng đỗ người lên lưng anh người yêu gầy cầm
aligned_v1,vivos,phowhisper,base,ordinary_lora,0,42,VIVOSDEV05_107_snr0,0,noise,substitution,đổ,đỗ,4,4,hoi,nga,đô,đô,do,do,true,false,tone_substitution,,,false,false,false,false,TRÔNG MỘT CÔ NÀNG ĐỔ NGƯỜI LÊN LƯNG ANH NGƯỜI YÊU GẦY CÒM,trong một cô nàng đỗ người lên lưng anh người yêu gầy cầm
aligned_v1,vivos,phowhisper,base,ordinary_lora,0,42,VIVOSDEV05_107_snr10,10,noise,substitution,trông,trong,0,0,ngang,ngang,trông,trong,trong,trong,false,true,,vowel_quality_loss,ô→o,false,true,false,true,TRÔNG MỘT CÔ NÀNG ĐỔ NGƯỜI LÊN LƯNG ANH NGƯỜI YÊU GẦY CÒM,trong một cô nàng đỗ người lên lưng anh người yêu gầy còm
aligned_v1,vivos,phowhisper,base,ordinary_lora,0,42,VIVOSDEV05_107_snr10,10,noise,substitution,đổ,đỗ,4,4,hoi,nga,đô,đô,do,do,true,false,tone_substitution,,,false,false,false,false,TRÔNG MỘT CÔ NÀNG ĐỔ NGƯỜI LÊN LƯNG ANH NGƯỜI YÊU GẦY CÒM,trong một cô nàng đỗ người lên lưng anh người yêu gầy còm
aligned_v1,vivos,phowhisper,base,ordinary_lora,0,42,VIVOSDEV05_107_snr20,20,noise,substitution,trông,trong,0,0,ngang,ngang,trông,trong,trong,trong,false,true,,vowel_quality_loss,ô→o,false,true,false,true,TRÔNG MỘT CÔ NÀNG ĐỔ NGƯỜI LÊN LƯNG ANH NGƯỜI YÊU GẦY CÒM,trong một cô nàng đỗ người lên lưng anh người yêu gầy cầm
aligned_v1,vivos,phowhisper,base,ordinary_lora,0,42,VIVOSDEV05_107_snr20,20,noise,substitution,đổ,đỗ,4,4,hoi,nga,đô,đô,do,do,true,false,tone_substitution,,,false,false,false,false,TRÔNG MỘT CÔ NÀNG ĐỔ NGƯỜI LÊN LƯNG ANH NGƯỜI YÊU GẦY CÒM,trong một cô nàng đỗ người lên lưng anh người yêu gầy cầm
aligned_v1,vivos,phowhisper,base,ordinary_lora,0,42,VIVOSDEV05_107_snr5,5,noise,substitution,trông,trong,0,0,ngang,ngang,trông,trong,trong,trong,false,true,,vowel_quality_loss,ô→o,false,true,false,true,TRÔNG MỘT CÔ NÀNG ĐỔ NGƯỜI LÊN LƯNG ANH NGƯỜI YÊU GẦY CÒM,trong một cô nàng đỗ người lên lưng anh người yêu gầy cầm
aligned_v1,vivos,phowhisper,base,ordinary_lora,0,42,VIVOSDEV05_107_snr5,5,noise,substitution,đổ,đỗ,4,4,hoi,nga,đô,đô,do,do,true,false,tone_substitution,,,false,false,false,false,TRÔNG MỘT CÔ NÀNG ĐỔ NGƯỜI LÊN LƯNG ANH NGƯỜI YÊU GẦY CÒM,trong một cô nàng đỗ người lên lưng anh người yêu gầy cầm
aligned_v1,vivos,phowhisper,base,ordinary_lora,0,42,VIVOSDEV05_129_snr0,0,speech,substitution,loài,loại,5,5,huyen,nang,loai,loai,loai,loai,true,false,tone_substitution,,,false,false,false,false,THU HÚT RẤT LÀ NHIỀU LOÀI CHIM,thu hút rất là nhiều loại phim
aligned_v1,vivos,phowhisper,base,ordinary_lora,0,42,VIVOSDEV05_143_snr10,10,noise,substitution,cào,cao,4,4,huyen,ngang,cao,cao,cao,cao,true,false,tone_loss,,,true,false,false,true,NHỎ ĐƯA TAY RA CÀO HẾT BÙN KHÔ TRÊN CỔ TỚ,nhỏ đưa tay ga cao hết vùng khô trên cổ tới
aligned_v1,vivos,phowhisper,base,ordinary_lora,0,42,VIVOSDEV05_202_snr0,0,speech,substitution,rả,rã,8,8,hoi,nga,ra,ra,ra,ra,true,false,tone_substitution,,,false,false,false,false,CHỊ HAI CHỦ QUÁN NGHE BÀN TÁN RÔM RẢ CŨNG RA GÓP CHUYỆN,chủ hai chụp qua nghe bàn tán rôm rã cũng ra góp chuyện
aligned_v1,vivos,phowhisper,base,ordinary_lora,0,42,VIVOSDEV05_251_clean,clean,clean,substitution,ma,má,3,3,ngang,sac,ma,ma,ma,ma,true,false,tone_addition,,,false,false,false,false,BỌN BUÔN LẬU MA TÚY VÀ VŨ KHÍ,bọn buôn lậu má túy và vũ khí
aligned_v1,vivos,phowhisper,base,ordinary_lora,0,42,VIVOSDEV05_251_snr10,10,noise,substitution,ma,má,3,3,ngang,sac,ma,ma,ma,ma,true,false,tone_addition,,,false,false,false,false,BỌN BUÔN LẬU MA TÚY VÀ VŨ KHÍ,bọn buôn lậu má túy và vũ khí
aligned_v1,vivos,phowhisper,base,ordinary_lora,0,42,VIVOSDEV05_251_snr5,5,music,substitution,ma,má,3,3,ngang,sac,ma,ma,ma,ma,true,false,tone_addition,,,false,false,false,false,BỌN BUÔN LẬU MA TÚY VÀ VŨ KHÍ,bọn buôn lậu má túy và vũ khí
aligned_v1,vivos,phowhisper,base,ordinary_lora,0,42,VIVOSDEV05_295_snr10,10,noise,substitution,bị,bì,4,4,nang,huyen,bi,bi,bi,bi,true,false,tone_substitution,,,false,false,false,false,LÀM HỎNG CÁC THIẾT BỊ CỦA TÊN LỬA,làm hỏng các thước bì của tên lửa
aligned_v1,vivos,phowhisper,base,ordinary_lora,0,42,VIVOSDEV06_016_snr0,0,music,substitution,cạo,cao,6,6,nang,ngang,cao,cao,cao,cao,true,false,tone_loss,,,true,false,false,true,RÂU RIA ĐÃ BA NGÀY KHÔNG CẠO,râu ria đã ba nghìn không cao
aligned_v1,vivos,phowhisper,base,ordinary_lora,0,42,VIVOSDEV06_016_snr5,5,music,substitution,cạo,cao,6,6,nang,ngang,cao,cao,cao,cao,true,false,tone_loss,,,true,false,false,true,RÂU RIA ĐÃ BA NGÀY KHÔNG CẠO,râu ria đã ba nghìn không cao
aligned_v1,vivos,phowhisper,base,ordinary_lora,0,42,VIVOSDEV06_108_clean,clean,clean,substitution,rọ,rõ,3,3,nang,nga,ro,ro,ro,ro,true,false,tone_substitution,,,false,false,false,false,LÀM CÔ NÀNG RỌ RẠY THỨC TRẮNG CẢ ĐÊM,làm cô nàng rõ rây thức trắng cả đêm
aligned_v1,vivos,phowhisper,base,ordinary_lora,0,42,VIVOSDEV06_108_clean,clean,clean,substitution,rạy,rây,4,4,nang,ngang,ray,rây,ray,ray,false,true,,vowel_quality_addition,a→â,true,false,false,true,LÀM CÔ NÀNG RỌ RẠY THỨC TRẮNG CẢ ĐÊM,làm cô nàng rõ rây thức trắng cả đêm
aligned_v1,vivos,phowhisper,base,ordinary_lora,0,42,VIVOSDEV06_108_snr0,0,music,substitution,rạy,ray,4,4,nang,ngang,ray,ray,ray,ray,true,false,tone_loss,,,true,false,false,true,LÀM CÔ NÀNG RỌ RẠY THỨC TRẮNG CẢ ĐÊM,làm cô nàng đọ ray thức trắng cả đêm
aligned_v1,vivos,phowhisper,base,ordinary_lora,0,42,VIVOSDEV06_108_snr10,10,noise,substitution,rọ,rõ,3,3,nang,nga,ro,ro,ro,ro,true,false,tone_substitution,,,false,false,false,false,LÀM CÔ NÀNG RỌ RẠY THỨC TRẮNG CẢ ĐÊM,làm cô nàng rõ rây thức trắng cả đêm
aligned_v1,vivos,phowhisper,base,ordinary_lora,0,42,VIVOSDEV06_108_snr10,10,noise,substitution,rạy,rây,4,4,nang,ngang,ray,rây,ray,ray,false,true,,vowel_quality_addition,a→â,true,false,false,true,LÀM CÔ NÀNG RỌ RẠY THỨC TRẮNG CẢ ĐÊM,làm cô nàng rõ rây thức trắng cả đêm
aligned_v1,vivos,phowhisper,base,ordinary_lora,0,42,VIVOSDEV06_108_snr20,20,noise,substitution,rọ,rõ,3,3,nang,nga,ro,ro,ro,ro,true,false,tone_substitution,,,false,false,false,false,LÀM CÔ NÀNG RỌ RẠY THỨC TRẮNG CẢ ĐÊM,làm cô nàng rõ rây thức trắng cả đêm
aligned_v1,vivos,phowhisper,base,ordinary_lora,0,42,VIVOSDEV06_108_snr20,20,noise,substitution,rạy,rây,4,4,nang,ngang,ray,rây,ray,ray,false,true,,vowel_quality_addition,a→â,true,false,false,true,LÀM CÔ NÀNG RỌ RẠY THỨC TRẮNG CẢ ĐÊM,làm cô nàng rõ rây thức trắng cả đêm
aligned_v1,vivos,phowhisper,base,ordinary_lora,0,42,VIVOSDEV06_108_snr5,5,speech,substitution,rọ,rõ,3,3,nang,nga,ro,ro,ro,ro,true,false,tone_substitution,,,false,false,false,false,LÀM CÔ NÀNG RỌ RẠY THỨC TRẮNG CẢ ĐÊM,làm cô nàng rõ rệt thức trắng cả đêm
aligned_v1,vivos,phowhisper,base,ordinary_lora,0,42,VIVOSDEV06_117_clean,clean,clean,substitution,khối,khói,2,2,sac,sac,khôi,khoi,khoi,khoi,false,true,,vowel_quality_loss,ô→o,false,true,false,true,GIẢI QUYẾT KHỐI UNG NHỌT NÀY PHẢI CẦN ĐẾN MỘT CUỘC ĐẠI PHẪU NGHIÊM TÚC,giải quyết khói uông nhọt này phải cần đến một cuộc đại phẫu nghiêm túc
aligned_v1,vivos,phowhisper,base,ordinary_lora,0,42,VIVOSDEV06_117_snr0,0,music,substitution,khối,khói,2,2,sac,sac,khôi,khoi,khoi,khoi,false,true,,vowel_quality_loss,ô→o,false,true,false,true,GIẢI QUYẾT KHỐI UNG NHỌT NÀY PHẢI CẦN ĐẾN MỘT CUỘC ĐẠI PHẪU NGHIÊM TÚC,giải quyết khói uông nhọt mè và gần đến một cuộc đại phẫu nghiêm túc
aligned_v1,vivos,phowhisper,base,ordinary_lora,0,42,VIVOSDEV06_117_snr10,10,noise,substitution,khối,khói,2,2,sac,sac,khôi,khoi,khoi,khoi,false,true,,vowel_quality_loss,ô→o,false,true,false,true,GIẢI QUYẾT KHỐI UNG NHỌT NÀY PHẢI CẦN ĐẾN MỘT CUỘC ĐẠI PHẪU NGHIÊM TÚC,giải quyết khói uông nhọt này phải cần đến một cuộc đại phẫu nghiêm túc
aligned_v1,vivos,phowhisper,base,ordinary_lora,0,42,VIVOSDEV06_117_snr20,20,noise,substitution,khối,khói,2,2,sac,sac,khôi,khoi,khoi,khoi,false,true,,vowel_quality_loss,ô→o,false,true,false,true,GIẢI QUYẾT KHỐI UNG NHỌT NÀY PHẢI CẦN ĐẾN MỘT CUỘC ĐẠI PHẪU NGHIÊM TÚC,giải quyết khói uông nhọt này phải cần đến một cuộc đại phẫu nghiêm túc
aligned_v1,vivos,phowhisper,base,ordinary_lora,0,42,VIVOSDEV06_117_snr5,5,noise,substitution,khối,khói,2,2,sac,sac,khôi,khoi,khoi,khoi,false,true,,vowel_quality_loss,ô→o,false,true,false,true,GIẢI QUYẾT KHỐI UNG NHỌT NÀY PHẢI CẦN ĐẾN MỘT CUỘC ĐẠI PHẪU NGHIÊM TÚC,giải quyết khói uông nhọt này phải cần đến một cuộc đại phẫu nghiêm túc
aligned_v1,vivos,phowhisper,base,ordinary_lora,0,42,VIVOSDEV06_126_clean,clean,clean,substitution,mốt,mót,8,8,sac,sac,môt,mot,mot,mot,false,true,,vowel_quality_loss,ô→o,false,true,false,true,THẬM CHÍ CÀNG GIỐNG ÁO QUÍ NÀNG CÀNG MỐT,thậm chí càng giống áo quý nàng càng mót
aligned_v1,vivos,phowhisper,base,ordinary_lora,0,42,VIVOSDEV06_126_snr0,0,noise,substitution,mốt,mót,8,8,sac,sac,môt,mot,mot,mot,false,true,,vowel_quality_loss,ô→o,false,true,false,true,THẬM CHÍ CÀNG GIỐNG ÁO QUÍ NÀNG CÀNG MỐT,thậm chí càng giống áo quý nàng càng mót
aligned_v1,vivos,phowhisper,base,ordinary_lora,0,42,VIVOSDEV06_126_snr10,10,noise,substitution,mốt,mót,8,8,sac,sac,môt,mot,mot,mot,false,true,,vowel_quality_loss,ô→o,false,true,false,true,THẬM CHÍ CÀNG GIỐNG ÁO QUÍ NÀNG CÀNG MỐT,thậm chí càng giống áo quý nàng càng mót
aligned_v1,vivos,phowhisper,base,ordinary_lora,0,42,VIVOSDEV06_126_snr20,20,noise,substitution,mốt,mót,8,8,sac,sac,môt,mot,mot,mot,false,true,,vowel_quality_loss,ô→o,false,true,false,true,THẬM CHÍ CÀNG GIỐNG ÁO QUÍ NÀNG CÀNG MỐT,thậm chí càng giống áo quý nàng càng mót
aligned_v1,vivos,phowhisper,base,ordinary_lora,0,42,VIVOSDEV06_126_snr5,5,noise,substitution,mốt,mót,8,8,sac,sac,môt,mot,mot,mot,false,true,,vowel_quality_loss,ô→o,false,true,false,true,THẬM CHÍ CÀNG GIỐNG ÁO QUÍ NÀNG CÀNG MỐT,thậm chí càng giống áo quý nàng càng mót
aligned_v1,vivos,phowhisper,base,ordinary_lora,0,42,VIVOSDEV06_184_clean,clean,clean,substitution,ngán,ngắn,10,10,sac,sac,ngan,ngăn,ngan,ngan,false,true,,vowel_quality_addition,a→ă,false,false,false,false,HOẶC BẠN SẼ ĐẾN ĐẤY VỚI MỘT TÂM TRẠNG CHÁN NGÁN VÔ CÙNG,hoặc bạn sẽ đến đấy với một tâm trạng chán ngắn vô cùng
aligned_v1,vivos,phowhisper,base,ordinary_lora,0,42,VIVOSDEV06_184_snr10,10,speech,substitution,ngán,ngắn,10,10,sac,sac,ngan,ngăn,ngan,ngan,false,true,,vowel_quality_addition,a→ă,false,false,false,false,HOẶC BẠN SẼ ĐẾN ĐẤY VỚI MỘT TÂM TRẠNG CHÁN NGÁN VÔ CÙNG,hoặc bạn sẽ đến đấy với một tâm trạng chán ngắn vô cùng
aligned_v1,vivos,phowhisper,base,ordinary_lora,0,42,VIVOSDEV06_184_snr20,20,noise,substitution,ngán,ngắn,10,10,sac,sac,ngan,ngăn,ngan,ngan,false,true,,vowel_quality_addition,a→ă,false,false,false,false,HOẶC BẠN SẼ ĐẾN ĐẤY VỚI MỘT TÂM TRẠNG CHÁN NGÁN VÔ CÙNG,hoặc bạn sẽ đến đấy với một tâm trạng chán ngắn vô cùng
aligned_v1,vivos,phowhisper,base,ordinary_lora,0,42,VIVOSDEV06_184_snr5,5,noise,substitution,ngán,ngắn,10,10,sac,sac,ngan,ngăn,ngan,ngan,false,true,,vowel_quality_addition,a→ă,false,false,false,false,HOẶC BẠN SẼ ĐẾN ĐẤY VỚI MỘT TÂM TRẠNG CHÁN NGÁN VÔ CÙNG,hoặc bạn sẽ đến đấy với một tâm trạng chán ngắn vô cùng
aligned_v1,vivos,phowhisper,base,ordinary_lora,0,42,VIVOSDEV06_253_snr0,0,noise,substitution,đau,đâu,6,6,ngang,ngang,đau,đâu,dau,dau,false,true,,vowel_quality_addition,a→â,false,false,false,false,CHẲNG LÀ MẤY HÔM NAY TÔI ĐAU BỤNG QUÁ,chẳng là mấy hôm nay tôi đâu bụng quá
aligned_v1,vivos,phowhisper,base,ordinary_lora,0,42,VIVOSDEV06_287_snr0,0,music,substitution,thì,thị,5,5,huyen,nang,thi,thi,thi,thi,true,false,tone_substitution,,,false,false,false,false,LƯƠNG BA CỌC BA ĐỒNG THÌ NUÔI ĐƯỢC AI,lương ba gộc ba đồng thị nuôi được ai
aligned_v1,vivos,phowhisper,base,ordinary_lora,0,42,VIVOSDEV06_287_snr10,10,noise,substitution,thì,thị,5,5,huyen,nang,thi,thi,thi,thi,true,false,tone_substitution,,,false,false,false,false,LƯƠNG BA CỌC BA ĐỒNG THÌ NUÔI ĐƯỢC AI,lương ba cọc ba đồng thị nuôi được ai
aligned_v1,vivos,phowhisper,base,ordinary_lora,0,42,VIVOSDEV07_002_clean,clean,clean,substitution,hằng,hàng,0,0,huyen,huyen,hăng,hang,hang,hang,false,true,,vowel_quality_loss,ă→a,false,true,false,true,HẰNG NĂM CHÚNG TA THẢI RA HÀNG TỈ THIẾT BỊ ĐIỆN TỬ,hàng năm chúng ta thể ra hàng tỉ thiết bị điện tử
aligned_v1,vivos,phowhisper,base,ordinary_lora,0,42,VIVOSDEV07_002_snr10,10,music,substitution,hằng,hàng,0,0,huyen,huyen,hăng,hang,hang,hang,false,true,,vowel_quality_loss,ă→a,false,true,false,true,HẰNG NĂM CHÚNG TA THẢI RA HÀNG TỈ THIẾT BỊ ĐIỆN TỬ,hàng năm chúng ta thể ra hàng tỉ thiết bị điện tử
aligned_v1,vivos,phowhisper,base,ordinary_lora,0,42,VIVOSDEV07_002_snr20,20,music,substitution,hằng,hàng,0,0,huyen,huyen,hăng,hang,hang,hang,false,true,,vowel_quality_loss,ă→a,false,true,false,true,HẰNG NĂM CHÚNG TA THẢI RA HÀNG TỈ THIẾT BỊ ĐIỆN TỬ,hàng năm chúng ta thể ra hàng tỉ thiết bị điện tử
aligned_v1,vivos,phowhisper,base,ordinary_lora,0,42,VIVOSDEV07_002_snr5,5,noise,substitution,hằng,hàng,0,0,huyen,huyen,hăng,hang,hang,hang,false,true,,vowel_quality_loss,ă→a,false,true,false,true,HẰNG NĂM CHÚNG TA THẢI RA HÀNG TỈ THIẾT BỊ ĐIỆN TỬ,hàng năm chúng ta thể ra hàng tỉ thiết bị điện tử
aligned_v1,vivos,phowhisper,base,ordinary_lora,0,42,VIVOSDEV07_045_clean,clean,clean,substitution,vại,vải,3,3,nang,hoi,vai,vai,vai,vai,true,false,tone_substitution,,,false,false,false,false,HOẶC CHO VÀO VẠI MUỐI ĐỂ LỢN ĂN DẦN,hoặc cho vào vải muối để lợn ăn dần
aligned_v1,vivos,phowhisper,base,ordinary_lora,0,42,VIVOSDEV07_045_snr0,0,speech,substitution,vại,vài,3,3,nang,huyen,vai,vai,vai,vai,true,false,tone_substitution,,,false,false,false,false,HOẶC CHO VÀO VẠI MUỐI ĐỂ LỢN ĂN DẦN,hoặc cho vào vài mốt để lợn ngắt dần
aligned_v1,vivos,phowhisper,base,ordinary_lora,0,42,VIVOSDEV07_045_snr10,10,noise,substitution,vại,vải,3,3,nang,hoi,vai,vai,vai,vai,true,false,tone_substitution,,,false,false,false,false,HOẶC CHO VÀO VẠI MUỐI ĐỂ LỢN ĂN DẦN,hoặc cho vào vải muối để lợn ăn dần
aligned_v1,vivos,phowhisper,base,ordinary_lora,0,42,VIVOSDEV07_045_snr20,20,music,substitution,vại,vải,3,3,nang,hoi,vai,vai,vai,vai,true,false,tone_substitution,,,false,false,false,false,HOẶC CHO VÀO VẠI MUỐI ĐỂ LỢN ĂN DẦN,hoặc cho vào vải muối để lợn ăn dần
aligned_v1,vivos,phowhisper,base,ordinary_lora,0,42,VIVOSDEV07_045_snr5,5,speech,substitution,vại,vài,3,3,nang,huyen,vai,vai,vai,vai,true,false,tone_substitution,,,false,false,false,false,HOẶC CHO VÀO VẠI MUỐI ĐỂ LỢN ĂN DẦN,hoặc cho vào vài muối để lợn ăn dần
aligned_v1,vivos,phowhisper,base,ordinary_lora,0,42,VIVOSDEV07_084_clean,clean,clean,deletion,thấy,,3,,sac,,thây,,thay,,true,false,word_deletion,,,false,false,false,false,THÌ BỖNG NGHE THẤY TIẾNG OÁC OÁC TỪ VẠT RỪNG PHI LAO,thì bỗng nghe tiếng oác oác từ vạc rừng phi lao
aligned_v1,vivos,phowhisper,base,ordinary_lora,0,42,VIVOSDEV07_084_snr0,0,music,deletion,thấy,,3,,sac,,thây,,thay,,true,false,word_deletion,,,false,false,false,false,THÌ BỖNG NGHE THẤY TIẾNG OÁC OÁC TỪ VẠT RỪNG PHI LAO,thì bỗng nghe tiếng hoác hoác từ bạc rừng phi lao
aligned_v1,vivos,phowhisper,base,ordinary_lora,0,42,VIVOSDEV07_084_snr10,10,noise,deletion,thấy,,3,,sac,,thây,,thay,,true,false,word_deletion,,,false,false,false,false,THÌ BỖNG NGHE THẤY TIẾNG OÁC OÁC TỪ VẠT RỪNG PHI LAO,thì bỗng nghe tiếng oác oác từ vạc rừng phi lao
aligned_v1,vivos,phowhisper,base,ordinary_lora,0,42,VIVOSDEV07_084_snr20,20,music,deletion,thấy,,3,,sac,,thây,,thay,,true,false,word_deletion,,,false,false,false,false,THÌ BỖNG NGHE THẤY TIẾNG OÁC OÁC TỪ VẠT RỪNG PHI LAO,thì bỗng nghe tiếng oác oác từ vạc rừng phi lao
aligned_v1,vivos,phowhisper,base,ordinary_lora,0,42,VIVOSDEV07_084_snr5,5,music,deletion,thấy,,3,,sac,,thây,,thay,,true,false,word_deletion,,,false,false,false,false,THÌ BỖNG NGHE THẤY TIẾNG OÁC OÁC TỪ VẠT RỪNG PHI LAO,thì bỗng nghe tiếng oát oát từ vạc rừng phi lao
aligned_v1,vivos,phowhisper,base,ordinary_lora,0,42,VIVOSDEV07_115_clean,clean,clean,substitution,hót,hốt,5,5,sac,sac,hot,hôt,hot,hot,false,true,,vowel_quality_addition,o→ô,false,false,false,false,VÀO CƠ QUAN LÀ ANH HÓT GIỐNG HỆT NHỒNG MỚI LỘT LƯỠI VẬY,vào cơ quan là anh hốt giống hệt nhòng với lột lửi vậy
aligned_v1,vivos,phowhisper,base,ordinary_lora,0,42,VIVOSDEV07_115_clean,clean,clean,substitution,nhồng,nhòng,8,8,huyen,huyen,nhông,nhong,nhong,nhong,false,true,,vowel_quality_loss,ô→o,false,true,false,true,VÀO CƠ QUAN LÀ ANH HÓT GIỐNG HỆT NHỒNG MỚI LỘT LƯỠI VẬY,vào cơ quan là anh hốt giống hệt nhòng với lột lửi vậy
aligned_v1,vivos,phowhisper,base,ordinary_lora,0,42,VIVOSDEV07_115_snr0,0,music,substitution,hót,hốt,5,5,sac,sac,hot,hôt,hot,hot,false,true,,vowel_quality_addition,o→ô,false,false,false,false,VÀO CƠ QUAN LÀ ANH HÓT GIỐNG HỆT NHỒNG MỚI LỘT LƯỠI VẬY,vào cơ quan là anh hốt giống hệt nhòng với lột lửi vậy
aligned_v1,vivos,phowhisper,base,ordinary_lora,0,42,VIVOSDEV07_115_snr0,0,music,substitution,nhồng,nhòng,8,8,huyen,huyen,nhông,nhong,nhong,nhong,false,true,,vowel_quality_loss,ô→o,false,true,false,true,VÀO CƠ QUAN LÀ ANH HÓT GIỐNG HỆT NHỒNG MỚI LỘT LƯỠI VẬY,vào cơ quan là anh hốt giống hệt nhòng với lột lửi vậy
aligned_v1,vivos,phowhisper,base,ordinary_lora,0,42,VIVOSDEV07_115_snr10,10,noise,substitution,hót,hốt,5,5,sac,sac,hot,hôt,hot,hot,false,true,,vowel_quality_addition,o→ô,false,false,false,false,VÀO CƠ QUAN LÀ ANH HÓT GIỐNG HỆT NHỒNG MỚI LỘT LƯỠI VẬY,vào cơ quan là anh hốt giống hệt nhòng với lột lửi vậy
aligned_v1,vivos,phowhisper,base,ordinary_lora,0,42,VIVOSDEV07_115_snr10,10,noise,substitution,nhồng,nhòng,8,8,huyen,huyen,nhông,nhong,nhong,nhong,false,true,,vowel_quality_loss,ô→o,false,true,false,true,VÀO CƠ QUAN LÀ ANH HÓT GIỐNG HỆT NHỒNG MỚI LỘT LƯỠI VẬY,vào cơ quan là anh hốt giống hệt nhòng với lột lửi vậy
aligned_v1,vivos,phowhisper,base,ordinary_lora,0,42,VIVOSDEV07_115_snr20,20,noise,substitution,hót,hốt,5,5,sac,sac,hot,hôt,hot,hot,false,true,,vowel_quality_addition,o→ô,false,false,false,false,VÀO CƠ QUAN LÀ ANH HÓT GIỐNG HỆT NHỒNG MỚI LỘT LƯỠI VẬY,vào cơ quan là anh hốt giống hệt nhòng với lột lửi vậy
aligned_v1,vivos,phowhisper,base,ordinary_lora,0,42,VIVOSDEV07_115_snr20,20,noise,substitution,nhồng,nhòng,8,8,huyen,huyen,nhông,nhong,nhong,nhong,false,true,,vowel_quality_loss,ô→o,false,true,false,true,VÀO CƠ QUAN LÀ ANH HÓT GIỐNG HỆT NHỒNG MỚI LỘT LƯỠI VẬY,vào cơ quan là anh hốt giống hệt nhòng với lột lửi vậy
aligned_v1,vivos,phowhisper,base,ordinary_lora,0,42,VIVOSDEV07_151_clean,clean,clean,deletion,rô,,0,,ngang,,rô,,ro,,true,false,word_deletion,,,false,false,false,false,RÔ BÓT THÔNG MINH,robot thông minh
aligned_v1,vivos,phowhisper,base,ordinary_lora,0,42,VIVOSDEV07_151_snr0,0,noise,deletion,rô,,0,,ngang,,rô,,ro,,true,false,word_deletion,,,false,false,false,false,RÔ BÓT THÔNG MINH,robot hồng minh
aligned_v1,vivos,phowhisper,base,ordinary_lora,0,42,VIVOSDEV07_151_snr10,10,speech,deletion,rô,,0,,ngang,,rô,,ro,,true,false,word_deletion,,,false,false,false,false,RÔ BÓT THÔNG MINH,robot thông minh
aligned_v1,vivos,phowhisper,base,ordinary_lora,0,42,VIVOSDEV07_151_snr20,20,noise,deletion,rô,,0,,ngang,,rô,,ro,,true,false,word_deletion,,,false,false,false,false,RÔ BÓT THÔNG MINH,robot thông minh
aligned_v1,vivos,phowhisper,base,ordinary_lora,0,42,VIVOSDEV07_151_snr5,5,noise,deletion,rô,,0,,ngang,,rô,,ro,,true,false,word_deletion,,,false,false,false,false,RÔ BÓT THÔNG MINH,robot thông minh
aligned_v1,vivos,phowhisper,base,ordinary_lora,0,42,VIVOSDEV07_195_snr0,0,speech,deletion,tình,,6,,huyen,,tinh,,tinh,,true,false,word_deletion,,,false,false,false,false,HỌ CŨNG LUÔN TRÁNH XA NHỮNG TÌNH HUỐNG CÓ THỂ GÂY HẠI CHO HỌ,họ cũng luôn tránh xa những hố có thể gây ra trong những cái chai vắt
aligned_v1,vivos,phowhisper,base,ordinary_lora,0,42,VIVOSDEV07_266_clean,clean,clean,substitution,mạ,mà,5,5,nang,huyen,ma,ma,ma,ma,true,false,tone_substitution,,,false,false,false,false,NÓNG GIẬN TÔI ĐÃ LĂNG MẠ ANH,nóng giận tôi đã lăn mà han
aligned_v1,vivos,phowhisper,base,ordinary_lora,0,42,VIVOSDEV07_266_snr0,0,noise,substitution,lăng,lặng,4,4,ngang,nang,lăng,lăng,lang,lang,true,false,tone_addition,,,false,false,false,false,NÓNG GIẬN TÔI ĐÃ LĂNG MẠ ANH,nóng giận tôi đã lặng mà anh
aligned_v1,vivos,phowhisper,base,ordinary_lora,0,42,VIVOSDEV07_266_snr0,0,noise,substitution,mạ,mà,5,5,nang,huyen,ma,ma,ma,ma,true,false,tone_substitution,,,false,false,false,false,NÓNG GIẬN TÔI ĐÃ LĂNG MẠ ANH,nóng giận tôi đã lặng mà anh
aligned_v1,vivos,phowhisper,base,ordinary_lora,0,42,VIVOSDEV07_266_snr10,10,music,substitution,mạ,mà,5,5,nang,huyen,ma,ma,ma,ma,true,false,tone_substitution,,,false,false,false,false,NÓNG GIẬN TÔI ĐÃ LĂNG MẠ ANH,nóng giận tôi đã lặn mà anh
aligned_v1,vivos,phowhisper,base,ordinary_lora,0,42,VIVOSDEV07_266_snr20,20,music,substitution,mạ,mà,5,5,nang,huyen,ma,ma,ma,ma,true,false,tone_substitution,,,false,false,false,false,NÓNG GIẬN TÔI ĐÃ LĂNG MẠ ANH,nóng giận tôi đã lặn mà anh
aligned_v1,vivos,phowhisper,base,ordinary_lora,0,42,VIVOSDEV07_266_snr5,5,speech,substitution,mạ,mà,5,5,nang,huyen,ma,ma,ma,ma,true,false,tone_substitution,,,false,false,false,false,NÓNG GIẬN TÔI ĐÃ LĂNG MẠ ANH,nóng giận tôi đã lăn mà anh
aligned_v1,vivos,phowhisper,base,ordinary_lora,0,42,VIVOSDEV08_005_clean,clean,clean,substitution,ấy,áy,3,3,sac,sac,ây,ay,ay,ay,false,true,,vowel_quality_loss,â→a,false,true,false,true,CÂY CỔ THỤ ẤY BẤT CHỢT BỊ BỆNH TẬT QUẬT NGÃ,cây cổ thụ áy bất chợt bị bệnh tật vật ngã
aligned_v1,vivos,phowhisper,base,ordinary_lora,0,42,VIVOSDEV08_005_snr10,10,music,substitution,ấy,áy,3,3,sac,sac,ây,ay,ay,ay,false,true,,vowel_quality_loss,â→a,false,true,false,true,CÂY CỔ THỤ ẤY BẤT CHỢT BỊ BỆNH TẬT QUẬT NGÃ,cây cổ thụ áy bất chợt bị bệnh tật vượt ngã
aligned_v1,vivos,phowhisper,base,ordinary_lora,0,42,VIVOSDEV08_005_snr20,20,noise,substitution,ấy,áy,3,3,sac,sac,ây,ay,ay,ay,false,true,,vowel_quality_loss,â→a,false,true,false,true,CÂY CỔ THỤ ẤY BẤT CHỢT BỊ BỆNH TẬT QUẬT NGÃ,cây cổ thụ áy bất chợt bị bệnh tật vật ngã
aligned_v1,vivos,phowhisper,base,ordinary_lora,0,42,VIVOSDEV08_005_snr5,5,speech,substitution,ấy,áy,3,3,sac,sac,ây,ay,ay,ay,false,true,,vowel_quality_loss,â→a,false,true,false,true,CÂY CỔ THỤ ẤY BẤT CHỢT BỊ BỆNH TẬT QUẬT NGÃ,cây cổ phụ áy bất chợt bị bệnh tật vật cả
aligned_v1,vivos,phowhisper,base,ordinary_lora,0,42,VIVOSDEV08_025_snr0,0,noise,substitution,ngẫm,ngắm,7,7,nga,sac,ngâm,ngăm,ngam,ngam,false,true,,vowel_quality_substitution,â→ă,false,false,false,false,ĐẠO DIỄN TRẺ NÀY CÓ NHIỀU ĐIỀU NGẪM NGỢI VỀ NGHỀ,đau buổi trẻ này có nhiều điều ngắm nghệ và nhờ
aligned_v1,vivos,phowhisper,base,ordinary_lora,0,42,VIVOSDEV08_025_snr5,5,speech,substitution,ngẫm,ngắm,7,7,nga,sac,ngâm,ngăm,ngam,ngam,false,true,,vowel_quality_substitution,â→ă,false,false,false,false,ĐẠO DIỄN TRẺ NÀY CÓ NHIỀU ĐIỀU NGẪM NGỢI VỀ NGHỀ,đạo diễn trẻ này có nhiều điều ngắm lời và nghề
aligned_v1,vivos,phowhisper,base,ordinary_lora,0,42,VIVOSDEV08_032_clean,clean,clean,substitution,màu,mầu,11,11,huyen,huyen,mau,mâu,mau,mau,false,true,,vowel_quality_addition,a→â,false,false,false,false,SẼ KHÔNG KHIẾN BẠN TRÔNG GẦY NHƯ NHỮNG TRANG PHỤC MỘT MÀU,sẽ không khiến bạn trông gầy như những trang phục mục mầu
aligned_v1,vivos,phowhisper,base,ordinary_lora,0,42,VIVOSDEV08_032_snr10,10,noise,substitution,màu,mầu,11,11,huyen,huyen,mau,mâu,mau,mau,false,true,,vowel_quality_addition,a→â,false,false,false,false,SẼ KHÔNG KHIẾN BẠN TRÔNG GẦY NHƯ NHỮNG TRANG PHỤC MỘT MÀU,sẽ không khiến bạn trông gầy như những trang phục mục mầu
aligned_v1,vivos,phowhisper,base,ordinary_lora,0,42,VIVOSDEV08_062_snr5,5,speech,substitution,chỉ,chí,1,1,hoi,sac,chi,chi,chi,chi,true,false,tone_substitution,,,false,false,false,false,HOẶC CHỈ BIỂU HIỆN BẰNG CÁC RỐI LOẠN CO BÓP,thậm chí biểu hiện bằng các loại cơ bếp tường
aligned_v1,vivos,phowhisper,base,ordinary_lora,0,42,VIVOSDEV08_077_snr0,0,speech,substitution,đầu,đau,1,1,huyen,ngang,đâu,đau,dau,dau,false,true,,vowel_quality_loss,â→a,true,true,false,true,BUỔI ĐẦU THẬT KHÓ KHĂN THEO ĐUỔI CHƯƠNG TRÌNH HỌC,mỗi đau là khó khăn theo đuổi chương trình học
aligned_v1,vivos,phowhisper,base,ordinary_lora,0,42,VIVOSDEV08_159_snr0,0,music,substitution,biên,biến,7,7,ngang,sac,biên,biên,bien,bien,true,false,tone_addition,,,false,false,false,false,VỚI NGƯỜI MẸ Ở XÓM CHÀI LONG BIÊN,với người mẹ ở xóm chài long biến
aligned_v1,vivos,phowhisper,base,ordinary_lora,0,42,VIVOSDEV08_210_snr0,0,music,substitution,mươi,mười,4,5,ngang,huyen,mươi,mươi,muoi,muoi,true,false,tone_addition,,,false,false,false,false,HAI MƯƠI SÁU HAI MƯƠI BẢY,áy hai mươi giáo khoảng mười bảy
aligned_v1,vivos,phowhisper,base,ordinary_lora,0,42,VIVOSDEV08_270_snr0,0,speech,substitution,nói,nơi,0,0,sac,ngang,noi,nơi,noi,noi,false,true,,vowel_quality_addition,o→ơ,true,false,false,true,NÓI THẬT ĐẤY À,nơi thật tay à
aligned_v1,vivos,phowhisper,base,ordinary_lora,0,42,VIVOSDEV08_277_snr0,0,music,substitution,để,đẻ,5,5,hoi,hoi,đê,đe,de,de,false,true,,vowel_quality_loss,ê→e,false,true,false,true,ĐÀN ÔNG CÓ HAI THỨ ĐỂ BUỒN,đàn ông với hai thứ đẻ buồn
aligned_v1,vivos,phowhisper,base,ordinary_lora,0,42,VIVOSDEV08_300_clean,clean,clean,substitution,tốc,tóc,5,5,sac,sac,tôc,toc,toc,toc,false,true,,vowel_quality_loss,ô→o,false,true,false,true,ÁN MẠNG TRÊN TOA TÀU TỐC HÀNH,án mạng trên toa tàu tóc hành
aligned_v1,vivos,phowhisper,base,ordinary_lora,0,42,VIVOSDEV08_300_snr0,0,noise,substitution,hành,hạnh,6,6,huyen,nang,hanh,hanh,hanh,hanh,true,false,tone_substitution,,,false,false,false,false,ÁN MẠNG TRÊN TOA TÀU TỐC HÀNH,cáng nạn trên cao tàu thấp hạnh
aligned_v1,vivos,phowhisper,base,ordinary_lora,0,42,VIVOSDEV08_300_snr10,10,music,substitution,tốc,tóc,5,5,sac,sac,tôc,toc,toc,toc,false,true,,vowel_quality_loss,ô→o,false,true,false,true,ÁN MẠNG TRÊN TOA TÀU TỐC HÀNH,án mạng trên toa tàu tóc hành
aligned_v1,vivos,phowhisper,base,ordinary_lora,0,42,VIVOSDEV08_300_snr20,20,speech,substitution,tốc,tóc,5,5,sac,sac,tôc,toc,toc,toc,false,true,,vowel_quality_loss,ô→o,false,true,false,true,ÁN MẠNG TRÊN TOA TÀU TỐC HÀNH,án mạng trên toa tàu tóc hành
aligned_v1,vivos,phowhisper,base,ordinary_lora,0,42,VIVOSDEV08_300_snr5,5,noise,substitution,tốc,tóc,5,5,sac,sac,tôc,toc,toc,toc,false,true,,vowel_quality_loss,ô→o,false,true,false,true,ÁN MẠNG TRÊN TOA TÀU TỐC HÀNH,án mạng trên cao tàu tóc hành
aligned_v1,vivos,phowhisper,base,ordinary_lora,0,42,VIVOSDEV09_035_clean,clean,clean,substitution,loáng,loang,0,0,sac,ngang,loang,loang,loang,loang,true,false,tone_loss,,,true,false,false,true,LOÁNG THOÁNG TRĂN TRỞ LOÁNG THOÁNG BUỒN VUI,loang thoáng chằng chợ loang thoáng buồn vui
aligned_v1,vivos,phowhisper,base,ordinary_lora,0,42,VIVOSDEV09_035_clean,clean,clean,substitution,loáng,loang,4,4,sac,ngang,loang,loang,loang,loang,true,false,tone_loss,,,true,false,false,true,LOÁNG THOÁNG TRĂN TRỞ LOÁNG THOÁNG BUỒN VUI,loang thoáng chằng chợ loang thoáng buồn vui
aligned_v1,vivos,phowhisper,base,ordinary_lora,0,42,VIVOSDEV09_035_snr10,10,noise,substitution,loáng,loang,0,0,sac,ngang,loang,loang,loang,loang,true,false,tone_loss,,,true,false,false,true,LOÁNG THOÁNG TRĂN TRỞ LOÁNG THOÁNG BUỒN VUI,loang thoáng chăn chở loang thoáng buồn vui
aligned_v1,vivos,phowhisper,base,ordinary_lora,0,42,VIVOSDEV09_035_snr10,10,noise,substitution,loáng,loang,4,4,sac,ngang,loang,loang,loang,loang,true,false,tone_loss,,,true,false,false,true,LOÁNG THOÁNG TRĂN TRỞ LOÁNG THOÁNG BUỒN VUI,loang thoáng chăn chở loang thoáng buồn vui
aligned_v1,vivos,phowhisper,base,ordinary_lora,0,42,VIVOSDEV09_035_snr20,20,noise,substitution,loáng,loang,0,0,sac,ngang,loang,loang,loang,loang,true,false,tone_loss,,,true,false,false,true,LOÁNG THOÁNG TRĂN TRỞ LOÁNG THOÁNG BUỒN VUI,loang thoáng chằng chợ loang thoáng buồn vui
aligned_v1,vivos,phowhisper,base,ordinary_lora,0,42,VIVOSDEV09_035_snr20,20,noise,substitution,loáng,loang,4,4,sac,ngang,loang,loang,loang,loang,true,false,tone_loss,,,true,false,false,true,LOÁNG THOÁNG TRĂN TRỞ LOÁNG THOÁNG BUỒN VUI,loang thoáng chằng chợ loang thoáng buồn vui
aligned_v1,vivos,phowhisper,base,ordinary_lora,0,42,VIVOSDEV09_035_snr5,5,noise,substitution,loáng,loang,0,0,sac,ngang,loang,loang,loang,loang,true,false,tone_loss,,,true,false,false,true,LOÁNG THOÁNG TRĂN TRỞ LOÁNG THOÁNG BUỒN VUI,loang thoáng chằng chợ loang thoáng buồn vui
aligned_v1,vivos,phowhisper,base,ordinary_lora,0,42,VIVOSDEV09_035_snr5,5,noise,substitution,loáng,loang,4,4,sac,ngang,loang,loang,loang,loang,true,false,tone_loss,,,true,false,false,true,LOÁNG THOÁNG TRĂN TRỞ LOÁNG THOÁNG BUỒN VUI,loang thoáng chằng chợ loang thoáng buồn vui
aligned_v1,vivos,phowhisper,base,ordinary_lora,0,42,VIVOSDEV09_038_clean,clean,clean,substitution,vũ,vụ,3,4,nga,nang,vu,vu,vu,vu,true,false,tone_substitution,,,false,false,false,false,PHÒNG TRÀ KHIÊU VŨ CÁNH QUẠT CỐI XAY ĐỎ,phòng phòng trà kiev vụ khánh quạt có xay đỏ
aligned_v1,vivos,phowhisper,base,ordinary_lora,0,42,VIVOSDEV09_038_snr0,0,speech,substitution,vũ,vụ,3,3,nga,nang,vu,vu,vu,vu,true,false,tone_substitution,,,false,false,false,false,PHÒNG TRÀ KHIÊU VŨ CÁNH QUẠT CỐI XAY ĐỎ,phòng trà yêu vụ khánh quản có say đỏ
aligned_v1,vivos,phowhisper,base,ordinary_lora,0,42,VIVOSDEV09_038_snr20,20,noise,substitution,vũ,vụ,3,4,nga,nang,vu,vu,vu,vu,true,false,tone_substitution,,,false,false,false,false,PHÒNG TRÀ KHIÊU VŨ CÁNH QUẠT CỐI XAY ĐỎ,phòng phòng trà kiev vụ khánh quạt có xay đỏ
aligned_v1,vivos,phowhisper,base,ordinary_lora,0,42,VIVOSDEV09_038_snr5,5,noise,substitution,vũ,vụ,3,4,nga,nang,vu,vu,vu,vu,true,false,tone_substitution,,,false,false,false,false,PHÒNG TRÀ KHIÊU VŨ CÁNH QUẠT CỐI XAY ĐỎ,phòng phòng trà theo vụ cánh quạt khói xay đỏ
aligned_v1,vivos,phowhisper,base,ordinary_lora,0,42,VIVOSDEV09_163_clean,clean,clean,deletion,quá,,9,,sac,,qua,,qua,,true,false,word_deletion,,,false,false,false,false,ĐIỀU VÔ CÙNG QUAN TRỌNG TRONG THỜI ĐẠI CÓ QUÁ NHIỀU HOẠT ĐỘNG,điều vô cùng quan trọng trong thời đại có nhiều hoạt động
aligned_v1,vivos,phowhisper,base,ordinary_lora,0,42,VIVOSDEV09_163_snr0,0,speech,deletion,quá,,9,,sac,,qua,,qua,,true,false,word_deletion,,,false,false,false,false,ĐIỀU VÔ CÙNG QUAN TRỌNG TRONG THỜI ĐẠI CÓ QUÁ NHIỀU HOẠT ĐỘNG,điều vô cùng quan trọng trong thời đại có nhiều hoạt động
aligned_v1,vivos,phowhisper,base,ordinary_lora,0,42,VIVOSDEV09_163_snr10,10,noise,deletion,quá,,9,,sac,,qua,,qua,,true,false,word_deletion,,,false,false,false,false,ĐIỀU VÔ CÙNG QUAN TRỌNG TRONG THỜI ĐẠI CÓ QUÁ NHIỀU HOẠT ĐỘNG,điều vô cùng quan trọng trong thời đại có nhiều hoạt động
aligned_v1,vivos,phowhisper,base,ordinary_lora,0,42,VIVOSDEV09_163_snr20,20,speech,deletion,quá,,9,,sac,,qua,,qua,,true,false,word_deletion,,,false,false,false,false,ĐIỀU VÔ CÙNG QUAN TRỌNG TRONG THỜI ĐẠI CÓ QUÁ NHIỀU HOẠT ĐỘNG,điều vô cùng quan trọng trong thời đại có nhiều hoạt động
aligned_v1,vivos,phowhisper,base,ordinary_lora,0,42,VIVOSDEV09_163_snr5,5,noise,deletion,quá,,9,,sac,,qua,,qua,,true,false,word_deletion,,,false,false,false,false,ĐIỀU VÔ CÙNG QUAN TRỌNG TRONG THỜI ĐẠI CÓ QUÁ NHIỀU HOẠT ĐỘNG,điều vô cùng quan trọng trong thời đại có nhiều hoạt động
aligned_v1,vivos,phowhisper,base,ordinary_lora,0,42,VIVOSDEV09_168_clean,clean,clean,substitution,mỗi,mọi,0,0,nga,nang,môi,moi,moi,moi,false,true,,vowel_quality_loss,ô→o,false,true,false,true,MỖI NGƯỜI CHÚNG TA SẼ CÓ NHỮNG THỨ KHÁC NHAU,mọi người chúng ta sẽ có những thứ khác nhau
aligned_v1,vivos,phowhisper,base,ordinary_lora,0,42,VIVOSDEV09_168_snr0,0,noise,substitution,mỗi,mọi,0,0,nga,nang,môi,moi,moi,moi,false,true,,vowel_quality_loss,ô→o,false,true,false,true,MỖI NGƯỜI CHÚNG TA SẼ CÓ NHỮNG THỨ KHÁC NHAU,mọi người chúng ta sẽ có những thứ khác nhau
aligned_v1,vivos,phowhisper,base,ordinary_lora,0,42,VIVOSDEV09_168_snr10,10,music,substitution,mỗi,mọi,0,0,nga,nang,môi,moi,moi,moi,false,true,,vowel_quality_loss,ô→o,false,true,false,true,MỖI NGƯỜI CHÚNG TA SẼ CÓ NHỮNG THỨ KHÁC NHAU,mọi người chúng ta sẽ có những thứ khác nhau
aligned_v1,vivos,phowhisper,base,ordinary_lora,0,42,VIVOSDEV09_168_snr5,5,noise,substitution,mỗi,mọi,0,0,nga,nang,môi,moi,moi,moi,false,true,,vowel_quality_loss,ô→o,false,true,false,true,MỖI NGƯỜI CHÚNG TA SẼ CÓ NHỮNG THỨ KHÁC NHAU,mọi người chúng ta sẽ có những thứ khác nhau
aligned_v1,vivos,phowhisper,base,ordinary_lora,0,42,VIVOSDEV09_198_snr0,0,music,substitution,đảm,đám,7,7,hoi,sac,đam,đam,dam,dam,true,false,tone_substitution,,,false,false,false,false,LÀ TỔ TIÊN CỦA ÔNG ĐẶNG LÊN ĐẢM TRÁCH VIỆC DẪN ĐƯỜNG,là tổ tiên của ông nặng lên đám chắc việc giảm được
aligned_v1,vivos,phowhisper,base,ordinary_lora,0,42,VIVOSDEV09_203_snr0,0,speech,substitution,mười,mươi,3,3,huyen,ngang,mươi,mươi,muoi,muoi,true,false,tone_loss,,,true,false,false,true,TÁM CHÍN MƯỜI MƯỜI MỘT,tám chín mười mươi mọt
aligned_v1,vivos,phowhisper,base,ordinary_lora,0,42,VIVOSDEV09_203_snr0,0,speech,substitution,một,mọt,4,4,nang,nang,môt,mot,mot,mot,false,true,,vowel_quality_loss,ô→o,false,true,false,true,TÁM CHÍN MƯỜI MƯỜI MỘT,tám chín mười mươi mọt
aligned_v1,vivos,phowhisper,base,ordinary_lora,0,42,VIVOSDEV09_267_clean,clean,clean,substitution,có,cố,6,6,sac,sac,co,cô,co,co,false,true,,vowel_quality_addition,o→ô,false,false,false,false,CĂN NHÀ ĐẰNG KIA NGHE NÓI CÓ MA,căn nhà đằng kia nghe nói cố ma
aligned_v1,vivos,phowhisper,base,ordinary_lora,0,42,VIVOSDEV09_267_snr10,10,music,substitution,có,cố,6,6,sac,sac,co,cô,co,co,false,true,,vowel_quality_addition,o→ô,false,false,false,false,CĂN NHÀ ĐẰNG KIA NGHE NÓI CÓ MA,căn nhà đằng kia nghe nói cố ma
aligned_v1,vivos,phowhisper,base,ordinary_lora,0,42,VIVOSDEV09_267_snr20,20,music,substitution,có,cố,6,6,sac,sac,co,cô,co,co,false,true,,vowel_quality_addition,o→ô,false,false,false,false,CĂN NHÀ ĐẰNG KIA NGHE NÓI CÓ MA,căn nhà đằng kia nghe nói cố ma
aligned_v1,vivos,phowhisper,base,ordinary_lora,0,42,VIVOSDEV09_267_snr5,5,music,substitution,có,cố,6,6,sac,sac,co,cô,co,co,false,true,,vowel_quality_addition,o→ô,false,false,false,false,CĂN NHÀ ĐẰNG KIA NGHE NÓI CÓ MA,căn nhà đằng kia nghe nói cố ma
aligned_v1,vivos,phowhisper,base,ordinary_lora,0,42,VIVOSDEV09_288_snr10,10,noise,substitution,du,dù,6,8,ngang,huyen,du,du,du,du,true,false,tone_addition,,,false,false,false,false,CHẮC SẮP TỚI THU XẾP ĐI DU LỊCH THÔI,chắc sắp tới thu xếp đi dù được dù gặp thôi
aligned_v1,vivos,phowhisper,base,ordinary_lora,0,42,VIVOSDEV10_020_snr10,10,noise,substitution,lỗi,lõi,6,6,nga,nga,lôi,loi,loi,loi,false,true,,vowel_quality_loss,ô→o,false,true,false,true,VIỆC ÁP DỤNG CẢ BÀN VÁ LỖI VÀ CÔNG CỤ QUÉT,việc áp dụng cả bàn vá lõi và công cụ quét
aligned_v1,vivos,phowhisper,base,ordinary_lora,0,42,VIVOSDEV10_020_snr20,20,music,substitution,lỗi,lõi,6,6,nga,nga,lôi,loi,loi,loi,false,true,,vowel_quality_loss,ô→o,false,true,false,true,VIỆC ÁP DỤNG CẢ BÀN VÁ LỖI VÀ CÔNG CỤ QUÉT,việc áp dụng cả bàn vá lõi và công cụ quét
aligned_v1,vivos,phowhisper,base,ordinary_lora,0,42,VIVOSDEV10_024_clean,clean,clean,substitution,phay,phây,5,5,ngang,ngang,phay,phây,phay,phay,false,true,,vowel_quality_addition,a→â,false,false,false,false,NGOÀI TRỜI MƯA CỨ LAY PHAY RẮC HẠT,ngoài trời mưa tứ đai phây gắt hạt
aligned_v1,vivos,phowhisper,base,ordinary_lora,0,42,VIVOSDEV10_024_snr0,0,noise,substitution,phay,phây,5,5,ngang,ngang,phay,phây,phay,phay,false,true,,vowel_quality_addition,a→â,false,false,false,false,NGOÀI TRỜI MƯA CỨ LAY PHAY RẮC HẠT,ngoài trời mưa tứ đai phây rát hạt
aligned_v1,vivos,phowhisper,base,ordinary_lora,0,42,VIVOSDEV10_024_snr5,5,noise,substitution,phay,phây,5,5,ngang,ngang,phay,phây,phay,phay,false,true,,vowel_quality_addition,a→â,false,false,false,false,NGOÀI TRỜI MƯA CỨ LAY PHAY RẮC HẠT,ngoài trời mưa tứ đây phây gắt hạt
aligned_v1,vivos,phowhisper,base,ordinary_lora,0,42,VIVOSDEV10_043_snr5,5,speech,substitution,cầm,cặm,4,4,huyen,nang,câm,căm,cam,cam,false,true,,vowel_quality_substitution,â→ă,false,false,false,false,MÀ DUNG DĂNG NHÉ CẦM TAY ĐẤT TRỜI,mà dung danh nhé cặm cô tai đất trời
aligned_v1,vivos,phowhisper,base,ordinary_lora,0,42,VIVOSDEV10_045_snr0,0,speech,substitution,trong,trông,3,3,ngang,ngang,trong,trông,trong,trong,false,true,,vowel_quality_addition,o→ô,false,false,false,false,TÔI LỚN LÊN TRONG SỰ GHẺ LẠNH CỦA NGƯỜI MẸ KẾ,tui lớn lên trông sợ gẻ ảnh của người mẹ kể
aligned_v1,vivos,phowhisper,base,ordinary_lora,0,42,VIVOSDEV10_045_snr0,0,speech,substitution,kế,kể,10,10,sac,hoi,kê,kê,ke,ke,true,false,tone_substitution,,,false,false,false,false,TÔI LỚN LÊN TRONG SỰ GHẺ LẠNH CỦA NGƯỜI MẸ KẾ,tui lớn lên trông sợ gẻ ảnh của người mẹ kể
aligned_v1,vivos,phowhisper,base,ordinary_lora,0,42,VIVOSDEV10_067_clean,clean,clean,substitution,ân,ẩn,4,4,ngang,hoi,ân,ân,an,an,true,false,tone_addition,,,false,false,false,false,THẾ NHƯNG TÔI KHÔNG ÂN HẬN KHI TRỞ THÀNH ĐẢ NỮ,thế nhưng cùi hồng ẩn thịt trở hành đã ngữ
aligned_v1,vivos,phowhisper,base,ordinary_lora,0,42,VIVOSDEV10_067_clean,clean,clean,deletion,hận,,5,,nang,,hân,,han,,true,false,word_deletion,,,false,false,false,false,THẾ NHƯNG TÔI KHÔNG ÂN HẬN KHI TRỞ THÀNH ĐẢ NỮ,thế nhưng cùi hồng ẩn thịt trở hành đã ngữ
aligned_v1,vivos,phowhisper,base,ordinary_lora,0,42,VIVOSDEV10_067_clean,clean,clean,substitution,đả,đã,9,8,hoi,nga,đa,đa,da,da,true,false,tone_substitution,,,false,false,false,false,THẾ NHƯNG TÔI KHÔNG ÂN HẬN KHI TRỞ THÀNH ĐẢ NỮ,thế nhưng cùi hồng ẩn thịt trở hành đã ngữ
aligned_v1,vivos,phowhisper,base,ordinary_lora,0,42,VIVOSDEV10_067_snr0,0,noise,substitution,đả,đã,9,9,hoi,nga,đa,đa,da,da,true,false,tone_substitution,,,false,false,false,false,THẾ NHƯNG TÔI KHÔNG ÂN HẬN KHI TRỞ THÀNH ĐẢ NỮ,thế nhưng cùi hông ân hận thì chở hạnh đã ngữ
aligned_v1,vivos,phowhisper,base,ordinary_lora,0,42,VIVOSDEV10_067_snr10,10,noise,substitution,ân,ẩn,4,4,ngang,hoi,ân,ân,an,an,true,false,tone_addition,,,false,false,false,false,THẾ NHƯNG TÔI KHÔNG ÂN HẬN KHI TRỞ THÀNH ĐẢ NỮ,thế nhưng cùi hông ẩn thiệt trở hành đã ngữ
aligned_v1,vivos,phowhisper,base,ordinary_lora,0,42,VIVOSDEV10_067_snr10,10,noise,deletion,hận,,5,,nang,,hân,,han,,true,false,word_deletion,,,false,false,false,false,THẾ NHƯNG TÔI KHÔNG ÂN HẬN KHI TRỞ THÀNH ĐẢ NỮ,thế nhưng cùi hông ẩn thiệt trở hành đã ngữ
aligned_v1,vivos,phowhisper,base,ordinary_lora,0,42,VIVOSDEV10_067_snr10,10,noise,substitution,đả,đã,9,8,hoi,nga,đa,đa,da,da,true,false,tone_substitution,,,false,false,false,false,THẾ NHƯNG TÔI KHÔNG ÂN HẬN KHI TRỞ THÀNH ĐẢ NỮ,thế nhưng cùi hông ẩn thiệt trở hành đã ngữ
aligned_v1,vivos,phowhisper,base,ordinary_lora,0,42,VIVOSDEV10_067_snr20,20,noise,substitution,đả,đã,9,9,hoi,nga,đa,đa,da,da,true,false,tone_substitution,,,false,false,false,false,THẾ NHƯNG TÔI KHÔNG ÂN HẬN KHI TRỞ THÀNH ĐẢ NỮ,thế nhưng cùi hông ảnh hận khi trở hành đã ngữ
aligned_v1,vivos,phowhisper,base,ordinary_lora,0,42,VIVOSDEV10_067_snr5,5,music,substitution,đả,đã,9,9,hoi,nga,đa,đa,da,da,true,false,tone_substitution,,,false,false,false,false,THẾ NHƯNG TÔI KHÔNG ÂN HẬN KHI TRỞ THÀNH ĐẢ NỮ,thế nhưng tôi không ân hận khi trở thành đã ngữ
aligned_v1,vivos,phowhisper,base,ordinary_lora,0,42,VIVOSDEV10_072_clean,clean,clean,substitution,đồng,động,2,2,huyen,nang,đông,đông,dong,dong,true,false,tone_substitution,,,false,false,false,false,TÔI THẤY ĐỒNG LƯƠNG CỦA MÌNH NĂM NĂM RỒI VẪN ĐỨNG NGUYÊN,cùi thấy động đương của mình ngâm ngâm rồi vẫn ứng nguyên
aligned_v1,vivos,phowhisper,base,ordinary_lora,0,42,VIVOSDEV10_072_snr10,10,speech,substitution,đồng,động,2,2,huyen,nang,đông,đông,dong,dong,true,false,tone_substitution,,,false,false,false,false,TÔI THẤY ĐỒNG LƯƠNG CỦA MÌNH NĂM NĂM RỒI VẪN ĐỨNG NGUYÊN,cụ thấy động đương của mình năm năm rồi vẫn ứng nguyên
aligned_v1,vivos,phowhisper,base,ordinary_lora,0,42,VIVOSDEV10_072_snr20,20,speech,substitution,đồng,động,2,2,huyen,nang,đông,đông,dong,dong,true,false,tone_substitution,,,false,false,false,false,TÔI THẤY ĐỒNG LƯƠNG CỦA MÌNH NĂM NĂM RỒI VẪN ĐỨNG NGUYÊN,cô thấy động đương của mình ngâm ngâm rồi vẫn hứng nguyên
aligned_v1,vivos,phowhisper,base,ordinary_lora,0,42,VIVOSDEV10_072_snr5,5,noise,substitution,đồng,động,2,2,huyen,nang,đông,đông,dong,dong,true,false,tone_substitution,,,false,false,false,false,TÔI THẤY ĐỒNG LƯƠNG CỦA MÌNH NĂM NĂM RỒI VẪN ĐỨNG NGUYÊN,cô thấy động đương của mình ngâm ngâm rồi vẫn ứng nguyên
aligned_v1,vivos,phowhisper,base,ordinary_lora,0,42,VIVOSDEV10_140_clean,clean,clean,substitution,cồm,còm,3,3,huyen,huyen,côm,com,com,com,false,true,,vowel_quality_loss,ô→o,false,true,false,true,CHÀNG TRAI LỒM CỒM BÒ DẬY MẶT MÀY XANH LÉT NHƯ TÀU LÁ CHUỐI,chàng trai đờm còm bò dậy mạch mày xanh đét như cào áo chuối
aligned_v1,vivos,phowhisper,base,ordinary_lora,0,42,VIVOSDEV10_140_snr0,0,noise,substitution,cồm,còm,3,3,huyen,huyen,côm,com,com,com,false,true,,vowel_quality_loss,ô→o,false,true,false,true,CHÀNG TRAI LỒM CỒM BÒ DẬY MẶT MÀY XANH LÉT NHƯ TÀU LÁ CHUỐI,chàng trai đợm còm bồi dậy mảnh mày xanh bé như tàu đã chuối
aligned_v1,vivos,phowhisper,base,ordinary_lora,0,42,VIVOSDEV10_140_snr20,20,noise,substitution,cồm,còm,3,3,huyen,huyen,côm,com,com,com,false,true,,vowel_quality_loss,ô→o,false,true,false,true,CHÀNG TRAI LỒM CỒM BÒ DẬY MẶT MÀY XANH LÉT NHƯ TÀU LÁ CHUỐI,chàng trai đờm còm bò dậy mạch mày xanh đét như cào trái chuối
aligned_v1,vivos,phowhisper,base,ordinary_lora,0,42,VIVOSDEV10_140_snr5,5,noise,substitution,cồm,còm,3,3,huyen,huyen,côm,com,com,com,false,true,,vowel_quality_loss,ô→o,false,true,false,true,CHÀNG TRAI LỒM CỒM BÒ DẬY MẶT MÀY XANH LÉT NHƯ TÀU LÁ CHUỐI,chàng trai đợp còm bồi dậy mạch mạch xanh đét như cào áo chuối
aligned_v1,vivos,phowhisper,base,ordinary_lora,0,42,VIVOSDEV10_176_snr5,5,music,substitution,đám,đâm,5,5,sac,ngang,đam,đâm,dam,dam,false,true,,vowel_quality_addition,a→â,true,false,false,true,TRONG TÌNH THẾ ẤY CHỈ ĐÁM TRẺ VEN SÔNG,trong tình thế ấy chỉ đâm trẻ ven sông
aligned_v1,vivos,phowhisper,base,ordinary_lora,0,42,VIVOSDEV10_189_snr10,10,speech,substitution,nha,nhà,3,3,ngang,huyen,nha,nha,nha,nha,true,false,tone_addition,,,false,false,false,false,NẾU ĐI TIẾP NHA TRANG,nếu hì cướp nhà chàng
aligned_v1,vivos,phowhisper,base,ordinary_lora,0,42,VIVOSDEV10_189_snr20,20,music,substitution,nha,nhà,3,4,ngang,huyen,nha,nha,nha,nha,true,false,tone_addition,,,false,false,false,false,NẾU ĐI TIẾP NHA TRANG,nếu uy tế phía nhà trang
aligned_v1,vivos,phowhisper,base,ordinary_lora,0,42,VIVOSDEV10_189_snr5,5,noise,substitution,nha,nhà,3,3,ngang,huyen,nha,nha,nha,nha,true,false,tone_addition,,,false,false,false,false,NẾU ĐI TIẾP NHA TRANG,nếu quy tiếp nhà trang
aligned_v1,vivos,phowhisper,base,ordinary_lora,0,42,VIVOSDEV11_022_clean,clean,clean,deletion,giảm,,2,,hoi,,giam,,giam,,true,false,word_deletion,,,false,false,false,false,SẼ LÀM GIẢM TÌNH TRẠNG ÓI ỌC CỦA TRẺ,sẽ làm tình trạng ối ọc của trẻ
aligned_v1,vivos,phowhisper,base,ordinary_lora,0,42,VIVOSDEV11_022_clean,clean,clean,substitution,ói,ối,5,4,sac,sac,oi,ôi,oi,oi,false,true,,vowel_quality_addition,o→ô,false,false,false,false,SẼ LÀM GIẢM TÌNH TRẠNG ÓI ỌC CỦA TRẺ,sẽ làm tình trạng ối ọc của trẻ
aligned_v1,vivos,phowhisper,base,ordinary_lora,0,42,VIVOSDEV11_022_snr0,0,speech,deletion,giảm,,2,,hoi,,giam,,giam,,true,false,word_deletion,,,false,false,false,false,SẼ LÀM GIẢM TÌNH TRẠNG ÓI ỌC CỦA TRẺ,sẽ làm tình trạng ối ọc của trẻ
aligned_v1,vivos,phowhisper,base,ordinary_lora,0,42,VIVOSDEV11_022_snr0,0,speech,substitution,ói,ối,5,4,sac,sac,oi,ôi,oi,oi,false,true,,vowel_quality_addition,o→ô,false,false,false,false,SẼ LÀM GIẢM TÌNH TRẠNG ÓI ỌC CỦA TRẺ,sẽ làm tình trạng ối ọc của trẻ
aligned_v1,vivos,phowhisper,base,ordinary_lora,0,42,VIVOSDEV11_022_snr10,10,noise,deletion,giảm,,2,,hoi,,giam,,giam,,true,false,word_deletion,,,false,false,false,false,SẼ LÀM GIẢM TÌNH TRẠNG ÓI ỌC CỦA TRẺ,sẽ làm tình trạng ói óc của trẻ
aligned_v1,vivos,phowhisper,base,ordinary_lora,0,42,VIVOSDEV11_022_snr10,10,noise,substitution,ọc,óc,6,5,nang,sac,oc,oc,oc,oc,true,false,tone_substitution,,,false,false,false,false,SẼ LÀM GIẢM TÌNH TRẠNG ÓI ỌC CỦA TRẺ,sẽ làm tình trạng ói óc của trẻ
aligned_v1,vivos,phowhisper,base,ordinary_lora,0,42,VIVOSDEV11_022_snr20,20,music,deletion,giảm,,2,,hoi,,giam,,giam,,true,false,word_deletion,,,false,false,false,false,SẼ LÀM GIẢM TÌNH TRẠNG ÓI ỌC CỦA TRẺ,sẽ làm tình trạng ói óc của trẻ
aligned_v1,vivos,phowhisper,base,ordinary_lora,0,42,VIVOSDEV11_022_snr20,20,music,substitution,ọc,óc,6,5,nang,sac,oc,oc,oc,oc,true,false,tone_substitution,,,false,false,false,false,SẼ LÀM GIẢM TÌNH TRẠNG ÓI ỌC CỦA TRẺ,sẽ làm tình trạng ói óc của trẻ
aligned_v1,vivos,phowhisper,base,ordinary_lora,0,42,VIVOSDEV11_022_snr5,5,noise,deletion,giảm,,2,,hoi,,giam,,giam,,true,false,word_deletion,,,false,false,false,false,SẼ LÀM GIẢM TÌNH TRẠNG ÓI ỌC CỦA TRẺ,sẽ làm tình trạng ối ọc của trẻ
aligned_v1,vivos,phowhisper,base,ordinary_lora,0,42,VIVOSDEV11_022_snr5,5,noise,substitution,ói,ối,5,4,sac,sac,oi,ôi,oi,oi,false,true,,vowel_quality_addition,o→ô,false,false,false,false,SẼ LÀM GIẢM TÌNH TRẠNG ÓI ỌC CỦA TRẺ,sẽ làm tình trạng ối ọc của trẻ
aligned_v1,vivos,phowhisper,base,ordinary_lora,0,42,VIVOSDEV11_077_clean,clean,clean,substitution,rồng,ròng,8,8,huyen,huyen,rông,rong,rong,rong,false,true,,vowel_quality_loss,ô→o,false,true,false,true,VỚI SỰ XUẤT HIỆN CỦA QUÁI THÚ VÀ RỒNG,với sự xuất hiện của quái thú và ròng
aligned_v1,vivos,phowhisper,base,ordinary_lora,0,42,VIVOSDEV11_077_snr20,20,speech,substitution,rồng,ròng,8,8,huyen,huyen,rông,rong,rong,rong,false,true,,vowel_quality_loss,ô→o,false,true,false,true,VỚI SỰ XUẤT HIỆN CỦA QUÁI THÚ VÀ RỒNG,với sự xuất hiện của quái thú và ròng
aligned_v1,vivos,phowhisper,base,ordinary_lora,0,42,VIVOSDEV11_077_snr5,5,music,substitution,rồng,ròng,8,8,huyen,huyen,rông,rong,rong,rong,false,true,,vowel_quality_loss,ô→o,false,true,false,true,VỚI SỰ XUẤT HIỆN CỦA QUÁI THÚ VÀ RỒNG,với sự xuất hiện của oái thú và ròng
aligned_v1,vivos,phowhisper,base,ordinary_lora,0,42,VIVOSDEV11_095_snr0,0,speech,substitution,thứ,thử,1,2,sac,hoi,thư,thư,thu,thu,true,false,tone_substitution,,,false,false,false,false,MỌI THỨ ĐỀU ĐƯỢC MỔ XẺ LẠI,tím sôi thử đều được mổ xẻ lại tím tốt khuôn
aligned_v1,vivos,phowhisper,base,ordinary_lora,0,42,VIVOSDEV11_147_clean,clean,clean,substitution,lua,lùa,11,11,ngang,huyen,lua,lua,lua,lua,true,false,tone_addition,,,false,false,false,false,GẮN LÔNG CHIM HỘT ĐÁ LÓNG LÁNH HAY BÈO DÚN TÙA LUA ĐẦY CỔ,gắn lông chim hột đá lóng lánh hay bèo dưới tù lùa đầy cổ
aligned_v1,vivos,phowhisper,base,ordinary_lora,0,42,VIVOSDEV11_147_snr0,0,noise,substitution,chim,chìm,2,2,ngang,huyen,chim,chim,chim,chim,true,false,tone_addition,,,false,false,false,false,GẮN LÔNG CHIM HỘT ĐÁ LÓNG LÁNH HAY BÈO DÚN TÙA LUA ĐẦY CỔ,gắn lông chìm hột đá nóng lánh hay bèo dưới tô lô đầy khổ
aligned_v1,vivos,phowhisper,base,ordinary_lora,0,42,VIVOSDEV11_147_snr5,5,music,substitution,lua,lùa,11,11,ngang,huyen,lua,lua,lua,lua,true,false,tone_addition,,,false,false,false,false,GẮN LÔNG CHIM HỘT ĐÁ LÓNG LÁNH HAY BÈO DÚN TÙA LUA ĐẦY CỔ,gắn lông kem hột đá nóng lánh hay bèo dưới tù lùa đầy cổ
aligned_v1,vivos,phowhisper,base,ordinary_lora,0,42,VIVOSDEV11_198_snr0,0,noise,substitution,lơ,lờ,0,0,ngang,huyen,lơ,lơ,lo,lo,true,false,tone_addition,,,false,false,false,false,LƠ LỬNG TRÊN ĐẦU LÀ NHỮNG CHIẾC BẪY ĐÁ HÀNG TRĂM KHỐI,lờ lẫn trên đầu là những chiếc bẫy đá hàng trăm khối
aligned_v1,vivos,phowhisper,base,ordinary_lora,0,42,VIVOSDEV11_198_snr5,5,music,substitution,lơ,lờ,0,0,ngang,huyen,lơ,lơ,lo,lo,true,false,tone_addition,,,false,false,false,false,LƠ LỬNG TRÊN ĐẦU LÀ NHỮNG CHIẾC BẪY ĐÁ HÀNG TRĂM KHỐI,lờ lửng trên đầu là những chiếc bẫy đá hàng trăm khối
aligned_v1,vivos,phowhisper,base,ordinary_lora,0,42,VIVOSDEV12_006_clean,clean,clean,substitution,quá,qua,4,4,sac,ngang,qua,qua,qua,qua,true,false,tone_loss,,,true,false,false,true,TỪ SỰ DƯ THỪA QUÁ MỨC CỦA LUỒNG TIỀN NÀY,từ sự dư thừa qua mức của luồng tiền này
aligned_v1,vivos,phowhisper,base,ordinary_lora,0,42,VIVOSDEV12_006_snr0,0,noise,substitution,quá,qua,4,4,sac,ngang,qua,qua,qua,qua,true,false,tone_loss,,,true,false,false,true,TỪ SỰ DƯ THỪA QUÁ MỨC CỦA LUỒNG TIỀN NÀY,từ sự dư thừa qua mức vỗ lượn tiền này
aligned_v1,vivos,phowhisper,base,ordinary_lora,0,42,VIVOSDEV12_006_snr20,20,music,substitution,quá,qua,4,4,sac,ngang,qua,qua,qua,qua,true,false,tone_loss,,,true,false,false,true,TỪ SỰ DƯ THỪA QUÁ MỨC CỦA LUỒNG TIỀN NÀY,từ sự dư thừa qua mức vỗ luận tiền này
aligned_v1,vivos,phowhisper,base,ordinary_lora,0,42,VIVOSDEV12_032_snr0,0,music,substitution,loại,loài,1,1,nang,huyen,loai,loai,loai,loai,true,false,tone_substitution,,,false,false,false,false,CÁC LOẠI CÂY TRỒNG Ở RỪNG NÀY TOÀN CÂY KÉM GIÁ TRỊ,các loài cây trồng ở rừng ngày tòa cày kém giá trị
aligned_v1,vivos,phowhisper,base,ordinary_lora,0,42,VIVOSDEV12_032_snr0,0,music,substitution,cây,cày,8,8,ngang,huyen,cây,cay,cay,cay,false,true,,vowel_quality_loss,â→a,false,true,false,true,CÁC LOẠI CÂY TRỒNG Ở RỪNG NÀY TOÀN CÂY KÉM GIÁ TRỊ,các loài cây trồng ở rừng ngày tòa cày kém giá trị
aligned_v1,vivos,phowhisper,base,ordinary_lora,0,42,VIVOSDEV12_068_snr0,0,speech,substitution,mà,mạ,5,5,huyen,nang,ma,ma,ma,ma,true,false,tone_substitution,,,false,false,false,false,KHÔNG MỘT CHÚT TRẦY TRỤA MÀ ĐỀN CÁI GÌ,khâu một chút chạy trổ mạ đệ
aligned_v1,vivos,phowhisper,base,ordinary_lora,0,42,VIVOSDEV12_068_snr0,0,speech,deletion,đền,,6,,huyen,,đên,,den,,true,false,word_deletion,,,false,false,false,false,KHÔNG MỘT CHÚT TRẦY TRỤA MÀ ĐỀN CÁI GÌ,khâu một chút chạy trổ mạ đệ
aligned_v1,vivos,phowhisper,base,ordinary_lora,0,42,VIVOSDEV12_068_snr0,0,speech,deletion,cái,,7,,sac,,cai,,cai,,true,false,word_deletion,,,false,false,false,false,KHÔNG MỘT CHÚT TRẦY TRỤA MÀ ĐỀN CÁI GÌ,khâu một chút chạy trổ mạ đệ
aligned_v1,vivos,phowhisper,base,ordinary_lora,0,42,VIVOSDEV12_116_snr0,0,noise,substitution,ảo,ào,5,5,hoi,huyen,ao,ao,ao,ao,true,false,tone_substitution,,,false,false,false,false,DƯỚI ÁNH ĐÈN MỜ MỜ ẢO ẢO,dưới ánh đèn mờ mờ ào ào
aligned_v1,vivos,phowhisper,base,ordinary_lora,0,42,VIVOSDEV12_116_snr0,0,noise,substitution,ảo,ào,6,6,hoi,huyen,ao,ao,ao,ao,true,false,tone_substitution,,,false,false,false,false,DƯỚI ÁNH ĐÈN MỜ MỜ ẢO ẢO,dưới ánh đèn mờ mờ ào ào
aligned_v1,vivos,phowhisper,base,ordinary_lora,0,42,VIVOSDEV12_166_snr10,10,speech,deletion,ục,,4,,nang,,uc,,uc,,true,false,word_deletion,,,false,false,false,false,ỊCH GÃ TO BÉO ỤC ỊCH,ít gã to béo út
aligned_v1,vivos,phowhisper,base,ordinary_lora,0,42,VIVOSDEV12_166_snr20,20,speech,substitution,gã,gạ,1,1,nga,nang,ga,ga,ga,ga,true,false,tone_substitution,,,false,false,false,false,ỊCH GÃ TO BÉO ỤC ỊCH,thịt gạ to béo ục
aligned_v1,vivos,phowhisper,base,ordinary_lora,0,42,VIVOSDEV12_166_snr20,20,speech,deletion,ịch,,5,,nang,,ich,,ich,,true,false,word_deletion,,,false,false,false,false,ỊCH GÃ TO BÉO ỤC ỊCH,thịt gạ to béo ục
aligned_v1,vivos,phowhisper,base,ordinary_lora,0,42,VIVOSDEV12_169_clean,clean,clean,substitution,lươm,luồm,2,2,ngang,huyen,lươm,luôm,luom,luom,false,true,,vowel_quality_substitution,ư→u;ơ→ô,false,true,false,true,ÁO RÁCH LƯƠM BƯƠM,áo rách luồm bơm
aligned_v1,vivos,phowhisper,base,ordinary_lora,0,42,VIVOSDEV12_169_snr0,0,noise,substitution,lươm,luôm,2,2,ngang,ngang,lươm,luôm,luom,luom,false,true,,vowel_quality_substitution,ư→u;ơ→ô,false,true,false,true,ÁO RÁCH LƯƠM BƯƠM,áo rách luôm buôm
aligned_v1,vivos,phowhisper,base,ordinary_lora,0,42,VIVOSDEV12_169_snr0,0,noise,substitution,bươm,buôm,3,3,ngang,ngang,bươm,buôm,buom,buom,false,true,,vowel_quality_substitution,ư→u;ơ→ô,false,true,false,true,ÁO RÁCH LƯƠM BƯƠM,áo rách luôm buôm
aligned_v1,vivos,phowhisper,base,ordinary_lora,0,42,VIVOSDEV12_169_snr10,10,noise,substitution,lươm,luôm,2,2,ngang,ngang,lươm,luôm,luom,luom,false,true,,vowel_quality_substitution,ư→u;ơ→ô,false,true,false,true,ÁO RÁCH LƯƠM BƯƠM,áo rách luôm bôm
aligned_v1,vivos,phowhisper,base,ordinary_lora,0,42,VIVOSDEV12_169_snr20,20,noise,substitution,lươm,luôm,2,2,ngang,ngang,lươm,luôm,luom,luom,false,true,,vowel_quality_substitution,ư→u;ơ→ô,false,true,false,true,ÁO RÁCH LƯƠM BƯƠM,áo rách luôm buôm
aligned_v1,vivos,phowhisper,base,ordinary_lora,0,42,VIVOSDEV12_169_snr20,20,noise,substitution,bươm,buôm,3,3,ngang,ngang,bươm,buôm,buom,buom,false,true,,vowel_quality_substitution,ư→u;ơ→ô,false,true,false,true,ÁO RÁCH LƯƠM BƯƠM,áo rách luôm buôm
aligned_v1,vivos,phowhisper,base,ordinary_lora,0,42,VIVOSDEV12_169_snr5,5,noise,substitution,lươm,luôm,2,2,ngang,ngang,lươm,luôm,luom,luom,false,true,,vowel_quality_substitution,ư→u;ơ→ô,false,true,false,true,ÁO RÁCH LƯƠM BƯƠM,áo rách luôm bơm
aligned_v1,vivos,phowhisper,base,ordinary_lora,0,42,VIVOSDEV12_173_snr0,0,music,substitution,đối,đôi,0,0,sac,ngang,đôi,đôi,doi,doi,true,false,tone_loss,,,true,false,false,true,ĐỐI VỚI NHỮNG PHẢN ỨNG KHÁC BIỆT ĐÓ,đôi gối bị phản ứng khác biệt đọt
aligned_v1,vivos,phowhisper,base,ordinary_lora,0,42,VIVOSDEV12_192_snr20,20,speech,substitution,trang,tràng,0,0,ngang,huyen,trang,trang,trang,trang,true,false,tone_addition,,,false,false,false,false,TRANG THỨ HAI CỦA TỜ BÁO,tràng thứ hai của tờ báo
aligned_v1,vivos,phowhisper,base,ordinary_lora,0,42,VIVOSDEV12_213_snr0,0,speech,substitution,mươi,mười,4,6,ngang,huyen,mươi,mươi,muoi,muoi,true,false,tone_addition,,,false,false,false,false,BA MƯƠI HAI BA MƯƠI BA,món sinh xưa hơi mẻ và mười ba
aligned_v1,vivos,phowhisper,base,ordinary_lora,0,42,VIVOSDEV12_280_snr0,0,noise,substitution,du,dù,0,0,ngang,huyen,du,du,du,du,true,false,tone_addition,,,false,false,false,false,DU LỊCH SẼ TRỞ THÀNH NGÀNH KINH TẾ MŨI NHỌN,dù luật sẽ trở thành ngành trịnh tới mũi nhọn
aligned_v1,vivos,phowhisper,base,ordinary_lora,0,42,VIVOSDEV13_105_clean,clean,clean,substitution,thua,thưa,6,11,ngang,ngang,thua,thưa,thua,thua,false,true,,vowel_quality_addition,u→ư,false,false,false,false,NHÓC ĐỎ MẶT TÍA TAI NHÓC THUA CHỊ MỘT TUỔI THÔI ĐẤY,nhóc đỏ mặt tía tây nhóc đỏ mặt tía tây nhóc thưa chị một tuổi thôi đấy
aligned_v1,vivos,phowhisper,base,ordinary_lora,0,42,VIVOSDEV13_105_snr0,0,noise,substitution,thua,thưa,6,6,ngang,ngang,thua,thưa,thua,thua,false,true,,vowel_quality_addition,u→ư,false,false,false,false,NHÓC ĐỎ MẶT TÍA TAI NHÓC THUA CHỊ MỘT TUỔI THÔI ĐẤY,nhóc đỏ mặt tía tây nhóc thưa chị một tuổi thôi đấy
aligned_v1,vivos,phowhisper,base,ordinary_lora,0,42,VIVOSDEV13_105_snr10,10,music,substitution,thua,thưa,6,11,ngang,ngang,thua,thưa,thua,thua,false,true,,vowel_quality_addition,u→ư,false,false,false,false,NHÓC ĐỎ MẶT TÍA TAI NHÓC THUA CHỊ MỘT TUỔI THÔI ĐẤY,nhóc đỏ mặt tía tây nhóc đỏ mặt tía tây nhóc thưa chị một tuổi thôi đấy
aligned_v1,vivos,phowhisper,base,ordinary_lora,0,42,VIVOSDEV13_105_snr20,20,speech,substitution,thua,thưa,6,11,ngang,ngang,thua,thưa,thua,thua,false,true,,vowel_quality_addition,u→ư,false,false,false,false,NHÓC ĐỎ MẶT TÍA TAI NHÓC THUA CHỊ MỘT TUỔI THÔI ĐẤY,nhóc đỏ mặt tía tây nhóc đỏ mặt tía tây nhóc thưa chị một tuổi thôi đấy
aligned_v1,vivos,phowhisper,base,ordinary_lora,0,42,VIVOSDEV13_105_snr5,5,noise,substitution,thua,thưa,6,11,ngang,ngang,thua,thưa,thua,thua,false,true,,vowel_quality_addition,u→ư,false,false,false,false,NHÓC ĐỎ MẶT TÍA TAI NHÓC THUA CHỊ MỘT TUỔI THÔI ĐẤY,nhóc đỏ mặt tía tây nhóc đỏ mặt tía tây nhóc thưa chị một tuổi thôi đấy
aligned_v1,vivos,phowhisper,base,ordinary_lora,0,42,VIVOSDEV13_139_clean,clean,clean,substitution,như,nhữ,1,1,ngang,nga,như,như,nhu,nhu,true,false,tone_addition,,,false,false,false,false,TIÊU NHƯ PHONG CHẠY TRỐN KHỎI KINH THÀNH ĐỂ TÌM HUNG THỦ THẬT SỰ,tiêu nhữ phong chạy trốn khỏi kinh thành để tìm hung thủ thật sự
aligned_v1,vivos,phowhisper,base,ordinary_lora,0,42,VIVOSDEV13_147_snr0,0,speech,substitution,hóa,hoa,12,12,sac,ngang,hoa,hoa,hoa,hoa,true,false,tone_loss,,,true,false,false,true,KHÔNG AI MUỐN CÓ TIÊU CỰC CẢ VÀ CŨNG ĐỪNG TUYỆT ĐỐI HÓA VẤN ĐỀ,không ai muốn có tiêu cực thì hình ảnh tình triệt để hoa vấn đề
aligned_v1,vivos,phowhisper,base,ordinary_lora,0,42,VIVOSDEV13_150_snr0,0,speech,substitution,vợ,võ,0,1,nang,nga,vơ,vo,vo,vo,false,true,,vowel_quality_loss,ơ→o,false,true,false,true,VỢ HẮN THỊ NGẦN MANG LƯỚI RA VÁ ĐỂ CHIỀU THẢ,sự võ hoàng thị ngọc hồ sơn giản dị mang với ra vá để truyền thả
aligned_v1,vivos,phowhisper,base,ordinary_lora,0,42,VIVOSDEV13_241_clean,clean,clean,deletion,mùa,,0,,huyen,,mua,,mua,,true,false,word_deletion,,,false,false,false,false,MÙA ĐÔNG CẢ CÁNH ĐỒNG CHUYỂN SANG MỘT MÀU VÀNG RỰC,đông cả cánh đồng chuyển sang một màu vàng rực
aligned_v1,vivos,phowhisper,base,ordinary_lora,0,42,VIVOSDEV13_241_snr0,0,music,deletion,mùa,,0,,huyen,,mua,,mua,,true,false,word_deletion,,,false,false,false,false,MÙA ĐÔNG CẢ CÁNH ĐỒNG CHUYỂN SANG MỘT MÀU VÀNG RỰC,đông cả cánh tàu chuyển sang một màu vàng rực
aligned_v1,vivos,phowhisper,base,ordinary_lora,0,42,VIVOSDEV13_241_snr10,10,noise,deletion,mùa,,0,,huyen,,mua,,mua,,true,false,word_deletion,,,false,false,false,false,MÙA ĐÔNG CẢ CÁNH ĐỒNG CHUYỂN SANG MỘT MÀU VÀNG RỰC,đông cả cánh đồng chuyển sang một màu vàng rực
aligned_v1,vivos,phowhisper,base,ordinary_lora,0,42,VIVOSDEV13_241_snr20,20,music,deletion,mùa,,0,,huyen,,mua,,mua,,true,false,word_deletion,,,false,false,false,false,MÙA ĐÔNG CẢ CÁNH ĐỒNG CHUYỂN SANG MỘT MÀU VÀNG RỰC,đông cả cánh đồng chuyển sang một màu vàng rực
aligned_v1,vivos,phowhisper,base,ordinary_lora,0,42,VIVOSDEV13_241_snr5,5,noise,deletion,mùa,,0,,huyen,,mua,,mua,,true,false,word_deletion,,,false,false,false,false,MÙA ĐÔNG CẢ CÁNH ĐỒNG CHUYỂN SANG MỘT MÀU VÀNG RỰC,đông cả cánh đồng chuyển sang màu màu vàng rực
aligned_v1,vivos,phowhisper,base,ordinary_lora,0,42,VIVOSDEV13_267_clean,clean,clean,substitution,khống,không,6,6,sac,ngang,không,không,khong,khong,true,false,tone_loss,,,true,false,false,true,DO VẬY VẤN ĐỀ KHU TRÚ KHỐNG CHẾ BỆNH TẢ HIỆN NAY RẤT KHÓ,do vậy vấn đề khu trú không chế bệnh tả hiện nay rất khó
aligned_v1,vivos,phowhisper,base,ordinary_lora,0,42,VIVOSDEV13_267_snr0,0,noise,substitution,khống,không,6,6,sac,ngang,không,không,khong,khong,true,false,tone_loss,,,true,false,false,true,DO VẬY VẤN ĐỀ KHU TRÚ KHỐNG CHẾ BỆNH TẢ HIỆN NAY RẤT KHÓ,do vậy vấn đề khu trú không chế bệnh tả viện này rất khó
aligned_v1,vivos,phowhisper,base,ordinary_lora,0,42,VIVOSDEV13_267_snr0,0,noise,substitution,nay,này,11,11,ngang,huyen,nay,nay,nay,nay,true,false,tone_addition,,,false,false,false,false,DO VẬY VẤN ĐỀ KHU TRÚ KHỐNG CHẾ BỆNH TẢ HIỆN NAY RẤT KHÓ,do vậy vấn đề khu trú không chế bệnh tả viện này rất khó
aligned_v1,vivos,phowhisper,base,ordinary_lora,0,42,VIVOSDEV13_267_snr10,10,music,substitution,khống,không,6,6,sac,ngang,không,không,khong,khong,true,false,tone_loss,,,true,false,false,true,DO VẬY VẤN ĐỀ KHU TRÚ KHỐNG CHẾ BỆNH TẢ HIỆN NAY RẤT KHÓ,do vậy vấn đề khu trú không chế bệnh tả hiện nay rất khó
aligned_v1,vivos,phowhisper,base,ordinary_lora,0,42,VIVOSDEV13_267_snr20,20,noise,substitution,khống,không,6,6,sac,ngang,không,không,khong,khong,true,false,tone_loss,,,true,false,false,true,DO VẬY VẤN ĐỀ KHU TRÚ KHỐNG CHẾ BỆNH TẢ HIỆN NAY RẤT KHÓ,do vậy vấn đề khu trú không chế bệnh tả hiện nay rất khó
aligned_v1,vivos,phowhisper,base,ordinary_lora,0,42,VIVOSDEV13_267_snr5,5,noise,substitution,khống,không,6,6,sac,ngang,không,không,khong,khong,true,false,tone_loss,,,true,false,false,true,DO VẬY VẤN ĐỀ KHU TRÚ KHỐNG CHẾ BỆNH TẢ HIỆN NAY RẤT KHÓ,do vậy vấn đề cô chú không chế bệnh tả hiện nay rất khó
aligned_v1,vivos,phowhisper,base,ordinary_lora,0,42,VIVOSDEV13_277_clean,clean,clean,substitution,tĩnh,tỉnh,14,14,nga,hoi,tinh,tinh,tinh,tinh,true,false,tone_substitution,,,false,false,false,false,HÀ NỘI MỞ RỘNG KHU VỰC HỒ TÂY SÔNG HỒNG NÊN LÀ KHU VỰC TĨNH,hà nội mở rộng khu vực hồ tây sông hồng nên là khu vực tỉnh
aligned_v1,vivos,phowhisper,base,ordinary_lora,0,42,VIVOSDEV13_277_snr0,0,noise,substitution,tĩnh,tỉnh,14,14,nga,hoi,tinh,tinh,tinh,tinh,true,false,tone_substitution,,,false,false,false,false,HÀ NỘI MỞ RỘNG KHU VỰC HỒ TÂY SÔNG HỒNG NÊN LÀ KHU VỰC TĨNH,hà nội mở rộng khu vực hồ tây sông hồng nên là khu vực tỉnh
aligned_v1,vivos,phowhisper,base,ordinary_lora,0,42,VIVOSDEV13_277_snr10,10,music,substitution,tĩnh,tỉnh,14,14,nga,hoi,tinh,tinh,tinh,tinh,true,false,tone_substitution,,,false,false,false,false,HÀ NỘI MỞ RỘNG KHU VỰC HỒ TÂY SÔNG HỒNG NÊN LÀ KHU VỰC TĨNH,hà nội mở rộng khu vực hồ tây sông hồng nên là khu vực tỉnh
aligned_v1,vivos,phowhisper,base,ordinary_lora,0,42,VIVOSDEV13_277_snr20,20,music,substitution,tĩnh,tỉnh,14,14,nga,hoi,tinh,tinh,tinh,tinh,true,false,tone_substitution,,,false,false,false,false,HÀ NỘI MỞ RỘNG KHU VỰC HỒ TÂY SÔNG HỒNG NÊN LÀ KHU VỰC TĨNH,hà nội mở rộng khu vực hồ tây sông hồng nên là khu vực tỉnh
aligned_v1,vivos,phowhisper,base,ordinary_lora,0,42,VIVOSDEV13_277_snr5,5,noise,substitution,tĩnh,tỉnh,14,14,nga,hoi,tinh,tinh,tinh,tinh,true,false,tone_substitution,,,false,false,false,false,HÀ NỘI MỞ RỘNG KHU VỰC HỒ TÂY SÔNG HỒNG NÊN LÀ KHU VỰC TĨNH,hà nội mở rộng khu vực hồ tây sông hồng nên là khu vực tỉnh
aligned_v1,vivos,phowhisper,base,ordinary_lora,0,42,VIVOSDEV14_085_snr0,0,noise,substitution,câm,căm,4,4,ngang,ngang,câm,căm,cam,cam,false,true,,vowel_quality_substitution,â→ă,false,false,false,false,BỐN NĂM TRỜI BỊ CÂM MỘT MÌNH VỚI BÓNG MÌNH NHIỀU PHEN ÒA KHÓC,cuốn năm trời bị căm một mình với bóng mình nhiều khi mạng thống
aligned_v1,vivos,phowhisper,base,ordinary_lora,0,42,VIVOSDEV14_104_snr10,10,noise,substitution,nay,này,13,13,ngang,huyen,nay,nay,nay,nay,true,false,tone_addition,,,false,false,false,false,ĐÓ LÀ NHẬN XÉT CHUNG CỦA NHIỀU TỔNG GIÁM ĐỐC ĐIỀU HÀNH NGÀY NAY,đó là nhận xét chung của nhiều tổng giám đốc điều hành nghề này
aligned_v1,vivos,phowhisper,base,ordinary_lora,0,42,VIVOSDEV14_134_clean,clean,clean,deletion,nhưng,,0,,ngang,,nhưng,,nhung,,true,false,word_deletion,,,false,false,false,false,NHƯNG TRƯỚC ĐÂY NHÌN TỪ BÊN NGOÀI NƠI NÀY KHÔNG KHÁC MỘT CĂN NHÀ HOANG,trước đây nhìn từ bên ngoài nơi này không hát gì một căn nhà hoang
aligned_v1,vivos,phowhisper,base,ordinary_lora,0,42,VIVOSDEV14_134_snr0,0,music,deletion,nhưng,,0,,ngang,,nhưng,,nhung,,true,false,word_deletion,,,false,false,false,false,NHƯNG TRƯỚC ĐÂY NHÌN TỪ BÊN NGOÀI NƠI NÀY KHÔNG KHÁC MỘT CĂN NHÀ HOANG,trước đây nhìn từ bên ngoài nơi này không phát triển một căn nhà huy
aligned_v1,vivos,phowhisper,base,ordinary_lora,0,42,VIVOSDEV14_134_snr10,10,music,deletion,nhưng,,0,,ngang,,nhưng,,nhung,,true,false,word_deletion,,,false,false,false,false,NHƯNG TRƯỚC ĐÂY NHÌN TỪ BÊN NGOÀI NƠI NÀY KHÔNG KHÁC MỘT CĂN NHÀ HOANG,trước đây nhìn từ bên ngoài nơi này không hát gì một căn nhà hoang
aligned_v1,vivos,phowhisper,base,ordinary_lora,0,42,VIVOSDEV14_134_snr20,20,music,deletion,nhưng,,0,,ngang,,nhưng,,nhung,,true,false,word_deletion,,,false,false,false,false,NHƯNG TRƯỚC ĐÂY NHÌN TỪ BÊN NGOÀI NƠI NÀY KHÔNG KHÁC MỘT CĂN NHÀ HOANG,trước đây nhìn từ bên ngoài nơi này không khác gì một căn nhà hoang
aligned_v1,vivos,phowhisper,base,ordinary_lora,0,42,VIVOSDEV14_134_snr5,5,noise,deletion,nhưng,,0,,ngang,,nhưng,,nhung,,true,false,word_deletion,,,false,false,false,false,NHƯNG TRƯỚC ĐÂY NHÌN TỪ BÊN NGOÀI NƠI NÀY KHÔNG KHÁC MỘT CĂN NHÀ HOANG,trước đây nhìn từ bên ngoài nơi này không khác gì một căn nhà hoang
aligned_v1,vivos,phowhisper,base,ordinary_lora,0,42,VIVOSDEV14_151_snr0,0,speech,deletion,thời,,3,,huyen,,thơi,,thoi,,true,false,word_deletion,,,false,false,false,false,TÔI ĐÃ CÓ THỜI GIAN TUYỆT VỜI KHI CHƠI CHO ĐỘI TUYỂN,tôi đã có thể kể cả khi chơi cho đoạn tiền truyền
aligned_v1,vivos,phowhisper,base,ordinary_lora,0,42,VIVOSDEV14_163_clean,clean,clean,substitution,ông,ong,8,8,ngang,ngang,ông,ong,ong,ong,false,true,,vowel_quality_loss,ô→o,false,true,false,true,CHÚ BỘ ĐỘI QUA NHỮNG CÂU CHUYỆN CỦA ÔNG MỚI GẦN GŨI LÀM SAO,chưa bộ đồ qua những câu chuyện cô ong mới gần gũi làm sao
aligned_v1,vivos,phowhisper,base,ordinary_lora,0,42,VIVOSDEV14_163_snr20,20,music,substitution,ông,ong,8,8,ngang,ngang,ông,ong,ong,ong,false,true,,vowel_quality_loss,ô→o,false,true,false,true,CHÚ BỘ ĐỘI QUA NHỮNG CÂU CHUYỆN CỦA ÔNG MỚI GẦN GŨI LÀM SAO,chưa bộ đội qua những câu chuyện cô ong mới gần gũi làm sao
aligned_v1,vivos,phowhisper,base,ordinary_lora,0,42,VIVOSDEV14_163_snr5,5,music,substitution,đội,đổi,2,2,nang,hoi,đôi,đôi,doi,doi,true,false,tone_substitution,,,false,false,false,false,CHÚ BỘ ĐỘI QUA NHỮNG CÂU CHUYỆN CỦA ÔNG MỚI GẦN GŨI LÀM SAO,trưa vội đổi qua những câu chuyện của ông mới gần gũi làm khó khăn
aligned_v1,vivos,phowhisper,base,ordinary_lora,0,42,VIVOSDEV14_186_clean,clean,clean,substitution,những,nhưng,4,4,nga,ngang,nhưng,nhưng,nhung,nhung,true,false,tone_loss,,,true,false,false,true,CÓ BẰNG THẠC SĨ NHỮNG NGÀNH TRÊN LÀ MỘT LỢI THẾ,có bằng thạc sĩ nhưng ngành trên là một loại thuế
aligned_v1,vivos,phowhisper,base,ordinary_lora,0,42,VIVOSDEV14_186_snr10,10,music,substitution,những,nhưng,4,4,nga,ngang,nhưng,nhưng,nhung,nhung,true,false,tone_loss,,,true,false,false,true,CÓ BẰNG THẠC SĨ NHỮNG NGÀNH TRÊN LÀ MỘT LỢI THẾ,có bằng thạc sĩ nhưng ngành trên là một lợi thế
aligned_v1,vivos,phowhisper,base,ordinary_lora,0,42,VIVOSDEV14_186_snr20,20,noise,substitution,những,nhưng,4,4,nga,ngang,nhưng,nhưng,nhung,nhung,true,false,tone_loss,,,true,false,false,true,CÓ BẰNG THẠC SĨ NHỮNG NGÀNH TRÊN LÀ MỘT LỢI THẾ,có bằng thạc sĩ nhưng ngành trên là một lợi thế
aligned_v1,vivos,phowhisper,base,ordinary_lora,0,42,VIVOSDEV14_186_snr5,5,music,substitution,những,nhưng,4,4,nga,ngang,nhưng,nhưng,nhung,nhung,true,false,tone_loss,,,true,false,false,true,CÓ BẰNG THẠC SĨ NHỮNG NGÀNH TRÊN LÀ MỘT LỢI THẾ,có bằng thật sự nhưng ngành trên là một loại thớ
aligned_v1,vivos,phowhisper,base,ordinary_lora,0,42,VIVOSDEV14_195_clean,clean,clean,deletion,tình,,12,,huyen,,tinh,,tinh,,true,false,word_deletion,,,false,false,false,false,YÊU NHAU KHOẢNG VÀI THÁNG THÌ CHÚNG TÔI ĐÃ CÓ QUAN HỆ TÌNH DỤC,yêu nhau khoảng vài tháng thì chúng tôi đã có quan hệ
aligned_v1,vivos,phowhisper,base,ordinary_lora,0,42,VIVOSDEV14_195_clean,clean,clean,deletion,dục,,13,,nang,,duc,,duc,,true,false,word_deletion,,,false,false,false,false,YÊU NHAU KHOẢNG VÀI THÁNG THÌ CHÚNG TÔI ĐÃ CÓ QUAN HỆ TÌNH DỤC,yêu nhau khoảng vài tháng thì chúng tôi đã có quan hệ
aligned_v1,vivos,phowhisper,base,ordinary_lora,0,42,VIVOSDEV14_195_snr0,0,speech,deletion,tình,,12,,huyen,,tinh,,tinh,,true,false,word_deletion,,,false,false,false,false,YÊU NHAU KHOẢNG VÀI THÁNG THÌ CHÚNG TÔI ĐÃ CÓ QUAN HỆ TÌNH DỤC,yêu nhau những vài tháng thì chúng tôi đã có quan hệ
aligned_v1,vivos,phowhisper,base,ordinary_lora,0,42,VIVOSDEV14_195_snr0,0,speech,deletion,dục,,13,,nang,,duc,,duc,,true,false,word_deletion,,,false,false,false,false,YÊU NHAU KHOẢNG VÀI THÁNG THÌ CHÚNG TÔI ĐÃ CÓ QUAN HỆ TÌNH DỤC,yêu nhau những vài tháng thì chúng tôi đã có quan hệ
aligned_v1,vivos,phowhisper,base,ordinary_lora,0,42,VIVOSDEV14_195_snr10,10,speech,deletion,tình,,12,,huyen,,tinh,,tinh,,true,false,word_deletion,,,false,false,false,false,YÊU NHAU KHOẢNG VÀI THÁNG THÌ CHÚNG TÔI ĐÃ CÓ QUAN HỆ TÌNH DỤC,yêu nhau khoảng vài tháng thì chúng tôi đã có quan hệ
aligned_v1,vivos,phowhisper,base,ordinary_lora,0,42,VIVOSDEV14_195_snr10,10,speech,deletion,dục,,13,,nang,,duc,,duc,,true,false,word_deletion,,,false,false,false,false,YÊU NHAU KHOẢNG VÀI THÁNG THÌ CHÚNG TÔI ĐÃ CÓ QUAN HỆ TÌNH DỤC,yêu nhau khoảng vài tháng thì chúng tôi đã có quan hệ
aligned_v1,vivos,phowhisper,base,ordinary_lora,0,42,VIVOSDEV14_195_snr20,20,speech,deletion,tình,,12,,huyen,,tinh,,tinh,,true,false,word_deletion,,,false,false,false,false,YÊU NHAU KHOẢNG VÀI THÁNG THÌ CHÚNG TÔI ĐÃ CÓ QUAN HỆ TÌNH DỤC,yêu nhau khoảng vài tháng thì chúng tôi đã có quan hệ
aligned_v1,vivos,phowhisper,base,ordinary_lora,0,42,VIVOSDEV14_195_snr20,20,speech,deletion,dục,,13,,nang,,duc,,duc,,true,false,word_deletion,,,false,false,false,false,YÊU NHAU KHOẢNG VÀI THÁNG THÌ CHÚNG TÔI ĐÃ CÓ QUAN HỆ TÌNH DỤC,yêu nhau khoảng vài tháng thì chúng tôi đã có quan hệ
aligned_v1,vivos,phowhisper,base,ordinary_lora,0,42,VIVOSDEV14_195_snr5,5,noise,deletion,tình,,12,,huyen,,tinh,,tinh,,true,false,word_deletion,,,false,false,false,false,YÊU NHAU KHOẢNG VÀI THÁNG THÌ CHÚNG TÔI ĐÃ CÓ QUAN HỆ TÌNH DỤC,yêu nhau khoảng vài tháng thì chúng tôi đã có quan hệ
aligned_v1,vivos,phowhisper,base,ordinary_lora,0,42,VIVOSDEV14_195_snr5,5,noise,deletion,dục,,13,,nang,,duc,,duc,,true,false,word_deletion,,,false,false,false,false,YÊU NHAU KHOẢNG VÀI THÁNG THÌ CHÚNG TÔI ĐÃ CÓ QUAN HỆ TÌNH DỤC,yêu nhau khoảng vài tháng thì chúng tôi đã có quan hệ
aligned_v1,vivos,phowhisper,base,ordinary_lora,0,42,VIVOSDEV14_256_clean,clean,clean,deletion,lại,,9,,nang,,lai,,lai,,true,false,word_deletion,,,false,false,false,false,NÔNG DÂN TRỒNG MÍA THAN CỨ MỘT VỤ ĐƯỢC LẠI BA VỤ THẤT,nông dân trồng mía than cứ một vụ lại được ba vụ thất
aligned_v1,vivos,phowhisper,base,ordinary_lora,0,42,VIVOSDEV14_256_snr0,0,speech,substitution,trồng,trọng,2,2,huyen,nang,trông,trong,trong,trong,false,true,,vowel_quality_loss,ô→o,false,true,false,true,NÔNG DÂN TRỒNG MÍA THAN CỨ MỘT VỤ ĐƯỢC LẠI BA VỤ THẤT,nhóm chừng trọng nghĩa than cứ một bộ lần lại được bà bùi thức
aligned_v1,vivos,phowhisper,base,ordinary_lora,0,42,VIVOSDEV14_256_snr0,0,speech,substitution,ba,bà,10,11,ngang,huyen,ba,ba,ba,ba,true,false,tone_addition,,,false,false,false,false,NÔNG DÂN TRỒNG MÍA THAN CỨ MỘT VỤ ĐƯỢC LẠI BA VỤ THẤT,nhóm chừng trọng nghĩa than cứ một bộ lần lại được bà bùi thức
aligned_v1,vivos,phowhisper,base,ordinary_lora,0,42,VIVOSDEV14_256_snr10,10,noise,deletion,lại,,9,,nang,,lai,,lai,,true,false,word_deletion,,,false,false,false,false,NÔNG DÂN TRỒNG MÍA THAN CỨ MỘT VỤ ĐƯỢC LẠI BA VỤ THẤT,nông dân trồng vía than cứ một vụ lại được ba vụ thất
aligned_v1,vivos,phowhisper,base,ordinary_lora,0,42,VIVOSDEV14_256_snr20,20,music,deletion,lại,,9,,nang,,lai,,lai,,true,false,word_deletion,,,false,false,false,false,NÔNG DÂN TRỒNG MÍA THAN CỨ MỘT VỤ ĐƯỢC LẠI BA VỤ THẤT,nông dân trồng mía than cứ một vụ lại được ba vụ thất
aligned_v1,vivos,phowhisper,base,ordinary_lora,0,42,VIVOSDEV14_256_snr5,5,noise,deletion,lại,,9,,nang,,lai,,lai,,true,false,word_deletion,,,false,false,false,false,NÔNG DÂN TRỒNG MÍA THAN CỨ MỘT VỤ ĐƯỢC LẠI BA VỤ THẤT,nông dân trồng lấy than cứ một vụ lại được ba vụ thất
aligned_v1,vivos,phowhisper,base,ordinary_lora,0,42,VIVOSDEV14_286_snr0,0,music,deletion,hiện,,3,,nang,,hiên,,hien,,true,false,word_deletion,,,false,false,false,false,NHIỀU GIA ĐÌNH HIỆN NAY THÍCH TỰ GIỚI THIỆU CHƯƠNG TRÌNH,người gia đình muốn giúp tự giới thiệu chương trình
aligned_v1,vivos,phowhisper,base,ordinary_lora,0,42,VIVOSDEV15_014_snr10,10,speech,substitution,lồng,lòng,3,3,huyen,huyen,lông,long,long,long,false,true,,vowel_quality_loss,ô→o,false,true,false,true,THÀNH MỘT CHIẾC LỒNG ĐÈN KHỔNG LỒ TẠI CÔNG VIÊN Ở THỦ ĐÔ BẮC KINH,thịnh mùa trước lòng đèn khổng lồ tại công viên ở thủ đô bắc kinh
aligned_v1,vivos,phowhisper,base,ordinary_lora,0,42,VIVOSDEV15_020_clean,clean,clean,substitution,kể,kẻ,6,6,hoi,hoi,kê,ke,ke,ke,false,true,,vowel_quality_loss,ê→e,false,true,false,true,CÂU CHUYỆN CỦA QUÁ KHỨ ÔNG KỂ KHÔNG BIẾT BAO NHIÊU LẦN,câu chuyện của quá khứ ông kẻ không biết bao nhiêu làn
aligned_v1,vivos,phowhisper,base,ordinary_lora,0,42,VIVOSDEV15_020_clean,clean,clean,substitution,lần,làn,11,11,huyen,huyen,lân,lan,lan,lan,false,true,,vowel_quality_loss,â→a,false,true,false,true,CÂU CHUYỆN CỦA QUÁ KHỨ ÔNG KỂ KHÔNG BIẾT BAO NHIÊU LẦN,câu chuyện của quá khứ ông kẻ không biết bao nhiêu làn
aligned_v1,vivos,phowhisper,base,ordinary_lora,0,42,VIVOSDEV15_020_snr10,10,noise,substitution,kể,kẻ,6,6,hoi,hoi,kê,ke,ke,ke,false,true,,vowel_quality_loss,ê→e,false,true,false,true,CÂU CHUYỆN CỦA QUÁ KHỨ ÔNG KỂ KHÔNG BIẾT BAO NHIÊU LẦN,câu chuyện của quá khứ ông kẻ không biết bao nhiêu làn
aligned_v1,vivos,phowhisper,base,ordinary_lora,0,42,VIVOSDEV15_020_snr10,10,noise,substitution,lần,làn,11,11,huyen,huyen,lân,lan,lan,lan,false,true,,vowel_quality_loss,â→a,false,true,false,true,CÂU CHUYỆN CỦA QUÁ KHỨ ÔNG KỂ KHÔNG BIẾT BAO NHIÊU LẦN,câu chuyện của quá khứ ông kẻ không biết bao nhiêu làn
aligned_v1,vivos,phowhisper,base,ordinary_lora,0,42,VIVOSDEV15_020_snr20,20,music,substitution,kể,kẻ,6,6,hoi,hoi,kê,ke,ke,ke,false,true,,vowel_quality_loss,ê→e,false,true,false,true,CÂU CHUYỆN CỦA QUÁ KHỨ ÔNG KỂ KHÔNG BIẾT BAO NHIÊU LẦN,câu chuyện của quá khứ ông kẻ không biết bao nhiêu làn
aligned_v1,vivos,phowhisper,base,ordinary_lora,0,42,VIVOSDEV15_020_snr20,20,music,substitution,lần,làn,11,11,huyen,huyen,lân,lan,lan,lan,false,true,,vowel_quality_loss,â→a,false,true,false,true,CÂU CHUYỆN CỦA QUÁ KHỨ ÔNG KỂ KHÔNG BIẾT BAO NHIÊU LẦN,câu chuyện của quá khứ ông kẻ không biết bao nhiêu làn
aligned_v1,vivos,phowhisper,base,ordinary_lora,0,42,VIVOSDEV15_020_snr5,5,music,substitution,kể,kẻ,6,6,hoi,hoi,kê,ke,ke,ke,false,true,,vowel_quality_loss,ê→e,false,true,false,true,CÂU CHUYỆN CỦA QUÁ KHỨ ÔNG KỂ KHÔNG BIẾT BAO NHIÊU LẦN,câu chuyện của quá khứ ông kẻ không biết bao nhiêu làn
aligned_v1,vivos,phowhisper,base,ordinary_lora,0,42,VIVOSDEV15_020_snr5,5,music,substitution,lần,làn,11,11,huyen,huyen,lân,lan,lan,lan,false,true,,vowel_quality_loss,â→a,false,true,false,true,CÂU CHUYỆN CỦA QUÁ KHỨ ÔNG KỂ KHÔNG BIẾT BAO NHIÊU LẦN,câu chuyện của quá khứ ông kẻ không biết bao nhiêu làn
aligned_v1,vivos,phowhisper,base,ordinary_lora,0,42,VIVOSDEV15_021_snr0,0,music,substitution,son,sơn,1,1,ngang,ngang,son,sơn,son,son,false,true,,vowel_quality_addition,o→ơ,false,false,false,false,MÀU SON TRÔNG THẬT TUYỆT TRÊN BẤT KÌ MÀU DA NÀO,một sơn tôm thật tuyệt cho mất một kiểu mệnh gây hại
aligned_v1,vivos,phowhisper,base,ordinary_lora,0,42,VIVOSDEV15_021_snr5,5,speech,substitution,trông,trong,2,2,ngang,ngang,trông,trong,trong,trong,false,true,,vowel_quality_loss,ô→o,false,true,false,true,MÀU SON TRÔNG THẬT TUYỆT TRÊN BẤT KÌ MÀU DA NÀO,màu son trong thật tuyệt chớ bất kì màu da nào
aligned_v1,vivos,phowhisper,base,ordinary_lora,0,42,VIVOSDEV15_026_snr20,20,noise,substitution,mặn,mạn,5,5,nang,nang,măn,man,man,man,false,true,,vowel_quality_loss,ă→a,false,true,false,true,ÔNG ĂN CHAY MÀ NGHĨ MẶN THÌ ĂN CHAY LÀM CHI,ông ăn chay mà nghĩ mạn thì ăn chay làm thi
aligned_v1,vivos,phowhisper,base,ordinary_lora,0,42,VIVOSDEV15_037_snr0,0,noise,substitution,những,nhưng,4,4,nga,ngang,nhưng,nhưng,nhung,nhung,true,false,tone_loss,,,true,false,false,true,TRÊN CƠ SỞ ĐÓ NHỮNG HÀNH VI VI PHẠM SẼ ĐƯỢC XỬ LÝ NGHIÊM,trên cơ sở đó nhưng hành vi vi phạm sẽ được xử lý nghiêm
aligned_v1,vivos,phowhisper,base,ordinary_lora,0,42,VIVOSDEV15_050_snr0,0,music,deletion,lắng,,11,,sac,,lăng,,lang,,true,false,word_deletion,,,false,false,false,false,CHẲNG LẼ ĂN CƠM NHÀ NGƯỜI MÀ LẠI KHÔNG CHĂM CHÚ LẮNG NGHE NGƯỜI NÓI,chẳng lấy anh cơm nhà người mà lại không chăm chú ngang người ngoài
aligned_v1,vivos,phowhisper,base,ordinary_lora,0,42,VIVOSDEV15_066_snr0,0,noise,substitution,trong,trông,3,3,ngang,ngang,trong,trông,trong,trong,false,true,,vowel_quality_addition,o→ô,false,false,false,false,KẼM CÓ NHIỀU TRONG GAN SÒ THỊT ĐỎ CÁ ÓC TRỨNG,cảm có nhờ trông cao so sờ thịt đỏ cá ốc trứng
aligned_v1,vivos,phowhisper,base,ordinary_lora,0,42,VIVOSDEV15_066_snr0,0,noise,substitution,sò,so,5,5,huyen,ngang,so,so,so,so,true,false,tone_loss,,,true,false,false,true,KẼM CÓ NHIỀU TRONG GAN SÒ THỊT ĐỎ CÁ ÓC TRỨNG,cảm có nhờ trông cao so sờ thịt đỏ cá ốc trứng
aligned_v1,vivos,phowhisper,base,ordinary_lora,0,42,VIVOSDEV15_066_snr0,0,noise,substitution,óc,ốc,9,10,sac,sac,oc,ôc,oc,oc,false,true,,vowel_quality_addition,o→ô,false,false,false,false,KẼM CÓ NHIỀU TRONG GAN SÒ THỊT ĐỎ CÁ ÓC TRỨNG,cảm có nhờ trông cao so sờ thịt đỏ cá ốc trứng
aligned_v1,vivos,phowhisper,base,ordinary_lora,0,42,VIVOSDEV15_066_snr5,5,noise,substitution,óc,ốc,9,9,sac,sac,oc,ôc,oc,oc,false,true,,vowel_quality_addition,o→ô,false,false,false,false,KẼM CÓ NHIỀU TRONG GAN SÒ THỊT ĐỎ CÁ ÓC TRỨNG,kẽm có nhiều trong gan xò thịt bò cá ốc trúng
aligned_v1,vivos,phowhisper,base,ordinary_lora,0,42,VIVOSDEV15_066_snr5,5,noise,substitution,trứng,trúng,10,10,sac,sac,trưng,trung,trung,trung,false,true,,vowel_quality_loss,ư→u,false,true,false,true,KẼM CÓ NHIỀU TRONG GAN SÒ THỊT ĐỎ CÁ ÓC TRỨNG,kẽm có nhiều trong gan xò thịt bò cá ốc trúng
aligned_v1,vivos,phowhisper,base,ordinary_lora,0,42,VIVOSDEV15_092_snr0,0,speech,deletion,ung,,0,,ngang,,ung,,ung,,true,false,word_deletion,,,false,false,false,false,UNG THƯ TỪ MỘT CƠ QUAN KHÁC DI CĂN VÀO HỆ THỐNG HẠCH BẠCH HUYẾT,nhưng từ một cơ quan khác thì con bạn thổi hông hẹp bị kích xa
aligned_v1,vivos,phowhisper,base,ordinary_lora,0,42,VIVOSDEV15_109_clean,clean,clean,deletion,i,,10,,ngang,,i,,i,,true,false,word_deletion,,,false,false,false,false,CUỘC THI TỰ HÀO SỬ VIỆT ĐÃ HẾT GIAI ĐOẠN I,cuộc thi tự hào xử việc đã hết giai đoạn
aligned_v1,vivos,phowhisper,base,ordinary_lora,0,42,VIVOSDEV15_109_snr0,0,music,substitution,sử,sự,4,4,hoi,nang,sư,sư,su,su,true,false,tone_substitution,,,false,false,false,false,CUỘC THI TỰ HÀO SỬ VIỆT ĐÃ HẾT GIAI ĐOẠN I,cuộc thi tự hào sự việc đã hết giai đoạn
aligned_v1,vivos,phowhisper,base,ordinary_lora,0,42,VIVOSDEV15_109_snr0,0,music,deletion,i,,10,,ngang,,i,,i,,true,false,word_deletion,,,false,false,false,false,CUỘC THI TỰ HÀO SỬ VIỆT ĐÃ HẾT GIAI ĐOẠN I,cuộc thi tự hào sự việc đã hết giai đoạn
aligned_v1,vivos,phowhisper,base,ordinary_lora,0,42,VIVOSDEV15_109_snr10,10,noise,deletion,i,,10,,ngang,,i,,i,,true,false,word_deletion,,,false,false,false,false,CUỘC THI TỰ HÀO SỬ VIỆT ĐÃ HẾT GIAI ĐOẠN I,cuộc thi tự hào xấu việc đã hết giai đoạn
aligned_v1,vivos,phowhisper,base,ordinary_lora,0,42,VIVOSDEV15_109_snr20,20,music,deletion,i,,10,,ngang,,i,,i,,true,false,word_deletion,,,false,false,false,false,CUỘC THI TỰ HÀO SỬ VIỆT ĐÃ HẾT GIAI ĐOẠN I,cuộc thi tự hào xử việc đã hết giai đoạn
aligned_v1,vivos,phowhisper,base,ordinary_lora,0,42,VIVOSDEV15_109_snr5,5,music,deletion,i,,10,,ngang,,i,,i,,true,false,word_deletion,,,false,false,false,false,CUỘC THI TỰ HÀO SỬ VIỆT ĐÃ HẾT GIAI ĐOẠN I,cuộc thi tự hào xấu việc đã hết giai đoạn
aligned_v1,vivos,phowhisper,base,ordinary_lora,0,42,VIVOSDEV15_154_clean,clean,clean,substitution,à,ạ,10,10,huyen,nang,a,a,a,a,true,false,tone_substitution,,,false,false,false,false,CÁI NHÀ HÁT BỊ ĐẬP TAN TÀNH ÔNG KHOÁI LẮM À,cái nhà hát bị đập tan tành ông khoái lắm ạ
aligned_v1,vivos,phowhisper,base,ordinary_lora,0,42,VIVOSDEV15_154_snr10,10,music,substitution,à,ạ,10,10,huyen,nang,a,a,a,a,true,false,tone_substitution,,,false,false,false,false,CÁI NHÀ HÁT BỊ ĐẬP TAN TÀNH ÔNG KHOÁI LẮM À,cái nhà hát bị đập tan tành ông khoái lắm ạ
aligned_v1,vivos,phowhisper,base,ordinary_lora,0,42,VIVOSDEV15_154_snr20,20,noise,substitution,à,ạ,10,10,huyen,nang,a,a,a,a,true,false,tone_substitution,,,false,false,false,false,CÁI NHÀ HÁT BỊ ĐẬP TAN TÀNH ÔNG KHOÁI LẮM À,cái nhà hát bị đập tan tành ông khoái lắm ạ
aligned_v1,vivos,phowhisper,base,ordinary_lora,0,42,VIVOSDEV15_154_snr5,5,speech,substitution,à,ạ,10,10,huyen,nang,a,a,a,a,true,false,tone_substitution,,,false,false,false,false,CÁI NHÀ HÁT BỊ ĐẬP TAN TÀNH ÔNG KHOÁI LẮM À,cái nhà hát bị đập tan tành ông khoái lắm ạ
aligned_v1,vivos,phowhisper,base,ordinary_lora,0,42,VIVOSDEV15_198_clean,clean,clean,substitution,ờ,ở,10,10,huyen,hoi,ơ,ơ,o,o,true,false,tone_substitution,,,false,false,false,false,NHẢM NHÍ KHI GIỜ HỌC CHÁN PHÈO BUỒN NGỦ QUÁ Ờ BUỒN NGỦ,nhảm nhí khi giờ học chán phèo buồn ngủ quá ở buồn ngủ
aligned_v1,vivos,phowhisper,base,ordinary_lora,0,42,VIVOSDEV15_198_snr0,0,noise,substitution,nhảm,nhạm,0,0,hoi,nang,nham,nham,nham,nham,true,false,tone_substitution,,,false,false,false,false,NHẢM NHÍ KHI GIỜ HỌC CHÁN PHÈO BUỒN NGỦ QUÁ Ờ BUỒN NGỦ,nhạm nhí khi chờ mạng sáng kéo bồn ngủ quá ở bồn ngủ
aligned_v1,vivos,phowhisper,base,ordinary_lora,0,42,VIVOSDEV15_198_snr0,0,noise,substitution,ờ,ở,10,10,huyen,hoi,ơ,ơ,o,o,true,false,tone_substitution,,,false,false,false,false,NHẢM NHÍ KHI GIỜ HỌC CHÁN PHÈO BUỒN NGỦ QUÁ Ờ BUỒN NGỦ,nhạm nhí khi chờ mạng sáng kéo bồn ngủ quá ở bồn ngủ
aligned_v1,vivos,phowhisper,base,ordinary_lora,0,42,VIVOSDEV15_204_snr0,0,noise,substitution,chúng,chung,1,1,sac,ngang,chung,chung,chung,chung,true,false,tone_loss,,,true,false,false,true,SÁNG CHÚNG TÔI TẠM BIỆT THUNG NAI VÀ NHỮNG CHỦ NHÂN MẾN KHÁCH MỘC MẠC,sáng chung tôi tạm biệt thương mai và những chủ nhân mến tác phẩm bằng
aligned_v1,vivos,phowhisper,base,ordinary_lora,0,42,VIVOSDEV16_051_snr5,5,speech,substitution,nguyễn,nguyện,10,10,nga,nang,nguyên,nguyên,nguyen,nguyen,true,false,tone_substitution,,,false,false,false,false,CA KHÚC ĐƯỢC KHÁN GIẢ YÊU THÍCH NHẤT BÀ TÔI NGUYỄN VĨNH TIẾN,ca khúc được khán giả yêu thích nhất bà tôi nguyện vĩnh tiến
aligned_v1,vivos,phowhisper,base,ordinary_lora,0,42,VIVOSDEV16_154_snr0,0,noise,deletion,ít,,0,,sac,,it,,it,,true,false,word_deletion,,,false,false,false,false,ÍT CÓ CƠ HỘI SỐNG SÓT CHO CÁC HÀNH KHÁCH TRÊN MÁY BAY,số cơ hội sống sóng trong chiến thành khách trên máy bay
aligned_v1,vivos,phowhisper,base,ordinary_lora,0,42,VIVOSDEV16_175_snr0,0,speech,deletion,nhau,,3,,ngang,,nhau,,nhau,,true,false,word_deletion,,,false,false,false,false,HỌ ĐÃ TRAO NHAU LỜI HẸN ƯỚC NÊN DUYÊN CHỒNG VỢ,họ đã trao thô trong vợ
aligned_v1,vivos,phowhisper,base,ordinary_lora,0,42,VIVOSDEV16_175_snr0,0,speech,deletion,lời,,4,,huyen,,lơi,,loi,,true,false,word_deletion,,,false,false,false,false,HỌ ĐÃ TRAO NHAU LỜI HẸN ƯỚC NÊN DUYÊN CHỒNG VỢ,họ đã trao thô trong vợ
aligned_v1,vivos,phowhisper,base,ordinary_lora,0,42,VIVOSDEV16_175_snr0,0,speech,deletion,hẹn,,5,,nang,,hen,,hen,,true,false,word_deletion,,,false,false,false,false,HỌ ĐÃ TRAO NHAU LỜI HẸN ƯỚC NÊN DUYÊN CHỒNG VỢ,họ đã trao thô trong vợ
aligned_v1,vivos,phowhisper,base,ordinary_lora,0,42,VIVOSDEV16_175_snr0,0,speech,deletion,ước,,6,,sac,,ươc,,uoc,,true,false,word_deletion,,,false,false,false,false,HỌ ĐÃ TRAO NHAU LỜI HẸN ƯỚC NÊN DUYÊN CHỒNG VỢ,họ đã trao thô trong vợ
aligned_v1,vivos,phowhisper,base,ordinary_lora,0,42,VIVOSDEV16_175_snr0,0,speech,deletion,nên,,7,,ngang,,nên,,nen,,true,false,word_deletion,,,false,false,false,false,HỌ ĐÃ TRAO NHAU LỜI HẸN ƯỚC NÊN DUYÊN CHỒNG VỢ,họ đã trao thô trong vợ
aligned_v1,vivos,phowhisper,base,ordinary_lora,0,42,VIVOSDEV16_177_snr10,10,noise,substitution,nghỉ,nghĩ,6,6,hoi,nga,nghi,nghi,nghi,nghi,true,false,tone_substitution,,,false,false,false,false,NẾU THỈNH THOẢNG CÓ VÀI NGÀY NGHỈ NGƯỜI THỤY ĐIỂN THƯỜNG RA ĐẢO CHƠI,nếu thỉnh thoảng có vài ngày nghĩ người thụy điển thường ra đảo chơi
aligned_v1,vivos,phowhisper,base,ordinary_lora,0,42,VIVOSDEV16_177_snr5,5,music,substitution,nghỉ,nghĩ,6,6,hoi,nga,nghi,nghi,nghi,nghi,true,false,tone_substitution,,,false,false,false,false,NẾU THỈNH THOẢNG CÓ VÀI NGÀY NGHỈ NGƯỜI THỤY ĐIỂN THƯỜNG RA ĐẢO CHƠI,nếu thỉnh thoảng có vài ngày nghĩ người thủy nỉ thường ra đảo chơi
aligned_v1,vivos,phowhisper,base,ordinary_lora,0,42,VIVOSDEV16_177_snr5,5,music,substitution,thụy,thủy,8,8,nang,hoi,thuy,thuy,thuy,thuy,true,false,tone_substitution,,,false,false,false,false,NẾU THỈNH THOẢNG CÓ VÀI NGÀY NGHỈ NGƯỜI THỤY ĐIỂN THƯỜNG RA ĐẢO CHƠI,nếu thỉnh thoảng có vài ngày nghĩ người thủy nỉ thường ra đảo chơi
aligned_v1,vivos,phowhisper,base,ordinary_lora,0,42,VIVOSDEV16_233_snr0,0,speech,deletion,tình,,4,,huyen,,tinh,,tinh,,true,false,word_deletion,,,false,false,false,false,SÁNG RA THẤY DÂN TÌNH XÚM QUANH CON TÊ GIÁC KHỔNG LỒ ĐÃ CHẾT,sáng ra thấy dân cầm con tê giác khổng lồ đã chết
aligned_v1,vivos,phowhisper,base,ordinary_lora,0,42,VIVOSDEV16_233_snr0,0,speech,deletion,xúm,,5,,sac,,xum,,xum,,true,false,word_deletion,,,false,false,false,false,SÁNG RA THẤY DÂN TÌNH XÚM QUANH CON TÊ GIÁC KHỔNG LỒ ĐÃ CHẾT,sáng ra thấy dân cầm con tê giác khổng lồ đã chết
aligned_v1,vivos,phowhisper,base,ordinary_lora,0,42,VIVOSDEV17_024_clean,clean,clean,substitution,sọ,sỏ,9,9,nang,hoi,so,so,so,so,true,false,tone_substitution,,,false,false,false,false,RIÊNG ÔNG NGUYỄN VĂN BA BỊ GỖ ĐÈ DẬP SỌ NÃO CHẾT NGAY TẠI CHỖ,riêng ông nguyễn văn ba bị rổ đè dập sỏ não chết ngay tại chỗ
aligned_v1,vivos,phowhisper,base,ordinary_lora,0,42,VIVOSDEV17_024_snr0,0,noise,substitution,dập,đập,8,8,nang,nang,dâp,đâp,dap,dap,false,true,,d_stroke_loss_or_change,d→đ,false,false,false,false,RIÊNG ÔNG NGUYỄN VĂN BA BỊ GỖ ĐÈ DẬP SỌ NÃO CHẾT NGAY TẠI CHỖ,kiên ông nguyễn văn ba bị rỗ đè đập sõ não chết ngay tại chỗ
aligned_v1,vivos,phowhisper,base,ordinary_lora,0,42,VIVOSDEV17_024_snr0,0,noise,substitution,sọ,sõ,9,9,nang,nga,so,so,so,so,true,false,tone_substitution,,,false,false,false,false,RIÊNG ÔNG NGUYỄN VĂN BA BỊ GỖ ĐÈ DẬP SỌ NÃO CHẾT NGAY TẠI CHỖ,kiên ông nguyễn văn ba bị rỗ đè đập sõ não chết ngay tại chỗ
aligned_v1,vivos,phowhisper,base,ordinary_lora,0,42,VIVOSDEV17_024_snr10,10,noise,substitution,sọ,sỏ,9,9,nang,hoi,so,so,so,so,true,false,tone_substitution,,,false,false,false,false,RIÊNG ÔNG NGUYỄN VĂN BA BỊ GỖ ĐÈ DẬP SỌ NÃO CHẾT NGAY TẠI CHỖ,riêng ông nguyễn văn ba bị rổ đè dập sỏ não chết ngay tại chỗ
aligned_v1,vivos,phowhisper,base,ordinary_lora,0,42,VIVOSDEV17_024_snr20,20,speech,substitution,sọ,sỏ,9,9,nang,hoi,so,so,so,so,true,false,tone_substitution,,,false,false,false,false,RIÊNG ÔNG NGUYỄN VĂN BA BỊ GỖ ĐÈ DẬP SỌ NÃO CHẾT NGAY TẠI CHỖ,riêng ông nguyễn văn ba bị rổ đè dập sỏ não chết ngay tại chỗ
aligned_v1,vivos,phowhisper,base,ordinary_lora,0,42,VIVOSDEV17_032_clean,clean,clean,substitution,mỗi,mọi,0,0,nga,nang,môi,moi,moi,moi,false,true,,vowel_quality_loss,ô→o,false,true,false,true,MỖI NGƯỜI NỞ MỘT NỤ CƯỜI VỚI NHỮNG Ý NGHĨA KHÁC NHAU,mọi người nở một nụ cười với những ý nghĩa khác nhau
aligned_v1,vivos,phowhisper,base,ordinary_lora,0,42,VIVOSDEV17_032_snr0,0,noise,substitution,mỗi,mọi,0,0,nga,nang,môi,moi,moi,moi,false,true,,vowel_quality_loss,ô→o,false,true,false,true,MỖI NGƯỜI NỞ MỘT NỤ CƯỜI VỚI NHỮNG Ý NGHĨA KHÁC NHAU,mọi người nở một nụ cười với những ý nghĩa khác nhau
aligned_v1,vivos,phowhisper,base,ordinary_lora,0,42,VIVOSDEV17_032_snr10,10,music,substitution,mỗi,mọi,0,0,nga,nang,môi,moi,moi,moi,false,true,,vowel_quality_loss,ô→o,false,true,false,true,MỖI NGƯỜI NỞ MỘT NỤ CƯỜI VỚI NHỮNG Ý NGHĨA KHÁC NHAU,mọi người nở một nụ cười với những ý nghĩ khác nhau
aligned_v1,vivos,phowhisper,base,ordinary_lora,0,42,VIVOSDEV17_032_snr20,20,noise,substitution,mỗi,mọi,0,0,nga,nang,môi,moi,moi,moi,false,true,,vowel_quality_loss,ô→o,false,true,false,true,MỖI NGƯỜI NỞ MỘT NỤ CƯỜI VỚI NHỮNG Ý NGHĨA KHÁC NHAU,mọi người nở một nụ cười với những ý nghĩ khác nhau
aligned_v1,vivos,phowhisper,base,ordinary_lora,0,42,VIVOSDEV17_032_snr5,5,music,substitution,mỗi,mọi,0,0,nga,nang,môi,moi,moi,moi,false,true,,vowel_quality_loss,ô→o,false,true,false,true,MỖI NGƯỜI NỞ MỘT NỤ CƯỜI VỚI NHỮNG Ý NGHĨA KHÁC NHAU,mọi người nở một nụ cười với những ý nghĩ khác nhau
aligned_v1,vivos,phowhisper,base,ordinary_lora,0,42,VIVOSDEV17_043_clean,clean,clean,substitution,sóng,sống,8,8,sac,sac,song,sông,song,song,false,true,,vowel_quality_addition,o→ô,false,false,false,false,DO VẬY SẼ ẢNH HƯỞNG TỚI VIỆC THU SÓNG VÔ TUYẾN,do vậy sẽ ảnh hưởng tới việc thu sống vô tuyến
aligned_v1,vivos,phowhisper,base,ordinary_lora,0,42,VIVOSDEV17_043_snr0,0,music,substitution,sóng,sống,8,8,sac,sac,song,sông,song,song,false,true,,vowel_quality_addition,o→ô,false,false,false,false,DO VẬY SẼ ẢNH HƯỞNG TỚI VIỆC THU SÓNG VÔ TUYẾN,do vậy sẽ ảnh hưởng tới việc thu sống vô tuyến
aligned_v1,vivos,phowhisper,base,ordinary_lora,0,42,VIVOSDEV17_043_snr10,10,music,substitution,sóng,sống,8,8,sac,sac,song,sông,song,song,false,true,,vowel_quality_addition,o→ô,false,false,false,false,DO VẬY SẼ ẢNH HƯỞNG TỚI VIỆC THU SÓNG VÔ TUYẾN,do vậy sẽ ảnh hưởng tới việc thu sống vô tuyến
aligned_v1,vivos,phowhisper,base,ordinary_lora,0,42,VIVOSDEV17_043_snr20,20,noise,substitution,sóng,sống,8,8,sac,sac,song,sông,song,song,false,true,,vowel_quality_addition,o→ô,false,false,false,false,DO VẬY SẼ ẢNH HƯỞNG TỚI VIỆC THU SÓNG VÔ TUYẾN,do vậy sẽ ảnh hưởng tới việc thu sống vô tuyến
aligned_v1,vivos,phowhisper,base,ordinary_lora,0,42,VIVOSDEV17_043_snr5,5,noise,substitution,sóng,sống,8,8,sac,sac,song,sông,song,song,false,true,,vowel_quality_addition,o→ô,false,false,false,false,DO VẬY SẼ ẢNH HƯỞNG TỚI VIỆC THU SÓNG VÔ TUYẾN,do vậy sẽ ảnh hưởng tới việc thu sống vô tuyến
aligned_v1,vivos,phowhisper,base,ordinary_lora,0,42,VIVOSDEV17_048_snr10,10,speech,substitution,phụ,phủ,7,7,nang,hoi,phu,phu,phu,phu,true,false,tone_substitution,,,false,false,false,false,PHIM CHIẾU NGUYÊN BẢN TIẾNG PHÁP CÓ PHỤ ĐỀ TIẾNG VIỆT,phim chiếu nguyên bản tiếng pháp có phủ đề tiếng việt
aligned_v1,vivos,phowhisper,base,ordinary_lora,0,42,VIVOSDEV17_062_snr0,0,speech,deletion,căng,,5,,ngang,,căng,,cang,,true,false,word_deletion,,,false,false,false,false,SAU MỘT NGÀY LAO ĐỘNG CĂNG MỆT BẠN ƯU TIÊN CHỌN,sau một ngày lao động căn bệnh ưu tiên chọn
aligned_v1,vivos,phowhisper,base,ordinary_lora,0,42,VIVOSDEV17_090_snr5,5,music,substitution,hả,hạ,10,10,hoi,nang,ha,ha,ha,ha,true,false,tone_substitution,,,false,false,false,false,BÂY GIỜ THÌ ĐÁNG ĐƯỢC KHEN LÀ THÔNG MINH CHỨ HẢ,bây giờ thì đáng được khen là thông minh chứ hạ
aligned_v1,vivos,phowhisper,base,ordinary_lora,0,42,VIVOSDEV17_099_clean,clean,clean,substitution,chị,chỉ,0,0,nang,hoi,chi,chi,chi,chi,true,false,tone_substitution,,,false,false,false,false,CHỊ TÌM NHÀ CHO EM Ở TRỌ NGAY CỔNG TRƯỜNG CHỊ HỌC,chỉ tìm nhà cho em ở trọ ngay cổng trường chỉ học
aligned_v1,vivos,phowhisper,base,ordinary_lora,0,42,VIVOSDEV17_099_clean,clean,clean,substitution,chị,chỉ,10,10,nang,hoi,chi,chi,chi,chi,true,false,tone_substitution,,,false,false,false,false,CHỊ TÌM NHÀ CHO EM Ở TRỌ NGAY CỔNG TRƯỜNG CHỊ HỌC,chỉ tìm nhà cho em ở trọ ngay cổng trường chỉ học
aligned_v1,vivos,phowhisper,base,ordinary_lora,0,42,VIVOSDEV17_099_snr0,0,music,substitution,chị,chỉ,0,0,nang,hoi,chi,chi,chi,chi,true,false,tone_substitution,,,false,false,false,false,CHỊ TÌM NHÀ CHO EM Ở TRỌ NGAY CỔNG TRƯỜNG CHỊ HỌC,chỉ tìm nhà cho em ở trọ ngay cổng trường chỉ học
aligned_v1,vivos,phowhisper,base,ordinary_lora,0,42,VIVOSDEV17_099_snr0,0,music,substitution,chị,chỉ,10,10,nang,hoi,chi,chi,chi,chi,true,false,tone_substitution,,,false,false,false,false,CHỊ TÌM NHÀ CHO EM Ở TRỌ NGAY CỔNG TRƯỜNG CHỊ HỌC,chỉ tìm nhà cho em ở trọ ngay cổng trường chỉ học
aligned_v1,vivos,phowhisper,base,ordinary_lora,0,42,VIVOSDEV17_099_snr10,10,music,substitution,chị,chỉ,0,0,nang,hoi,chi,chi,chi,chi,true,false,tone_substitution,,,false,false,false,false,CHỊ TÌM NHÀ CHO EM Ở TRỌ NGAY CỔNG TRƯỜNG CHỊ HỌC,chỉ tìm nhà cho em ở trọ ngay cổng trường chỉ học
aligned_v1,vivos,phowhisper,base,ordinary_lora,0,42,VIVOSDEV17_099_snr10,10,music,substitution,chị,chỉ,10,10,nang,hoi,chi,chi,chi,chi,true,false,tone_substitution,,,false,false,false,false,CHỊ TÌM NHÀ CHO EM Ở TRỌ NGAY CỔNG TRƯỜNG CHỊ HỌC,chỉ tìm nhà cho em ở trọ ngay cổng trường chỉ học
aligned_v1,vivos,phowhisper,base,ordinary_lora,0,42,VIVOSDEV17_099_snr20,20,music,substitution,chị,chỉ,0,0,nang,hoi,chi,chi,chi,chi,true,false,tone_substitution,,,false,false,false,false,CHỊ TÌM NHÀ CHO EM Ở TRỌ NGAY CỔNG TRƯỜNG CHỊ HỌC,chỉ tìm nhà cho em ở trọ ngay cổng trường chỉ học
aligned_v1,vivos,phowhisper,base,ordinary_lora,0,42,VIVOSDEV17_099_snr20,20,music,substitution,chị,chỉ,10,10,nang,hoi,chi,chi,chi,chi,true,false,tone_substitution,,,false,false,false,false,CHỊ TÌM NHÀ CHO EM Ở TRỌ NGAY CỔNG TRƯỜNG CHỊ HỌC,chỉ tìm nhà cho em ở trọ ngay cổng trường chỉ học
aligned_v1,vivos,phowhisper,base,ordinary_lora,0,42,VIVOSDEV17_099_snr5,5,speech,substitution,chị,chỉ,0,0,nang,hoi,chi,chi,chi,chi,true,false,tone_substitution,,,false,false,false,false,CHỊ TÌM NHÀ CHO EM Ở TRỌ NGAY CỔNG TRƯỜNG CHỊ HỌC,chỉ tìm nhà cho em ở trọ ngay cổng trường chịu học
aligned_v1,vivos,phowhisper,base,ordinary_lora,0,42,VIVOSDEV17_120_snr0,0,speech,substitution,bản,bạn,2,2,hoi,nang,ban,ban,ban,ban,true,false,tone_substitution,,,false,false,false,false,SAU ĐÓ BẢN THÂN HỌC SINH PHẢI LÀM ĐƠN XIN HỌC BỔNG,sau đó bạn thân hằng sinh phải làm đơn xin học bổ
aligned_v1,vivos,phowhisper,base,ordinary_lora,0,42,VIVOSDEV17_181_snr0,0,noise,substitution,hỏi,hội,2,2,hoi,nang,hoi,hôi,hoi,hoi,false,true,,vowel_quality_addition,o→ô,false,false,false,false,NHỮNG CÂU HỎI TRÊN SẼ GIÚP BẠN LÀM ĐƯỢC ĐIỀU NÀY,những cơ hội trên sẽ giúp bạn làm được điều này
aligned_v1,vivos,phowhisper,base,ordinary_lora,0,42,VIVOSDEV17_208_clean,clean,clean,substitution,phủ,phụ,9,9,hoi,nang,phu,phu,phu,phu,true,false,tone_substitution,,,false,false,false,false,NHƯNG CHẲNG CÓ ĐIỂM SẢN XUẤT NÀO DÙNG BẠT PHỦ CHE CHẮN,nhưng chẳng có điểm sản xuất nào dùng bạc phụ che chắn
aligned_v1,vivos,phowhisper,base,ordinary_lora,0,42,VIVOSDEV17_208_snr0,0,noise,substitution,phủ,phụ,9,9,hoi,nang,phu,phu,phu,phu,true,false,tone_substitution,,,false,false,false,false,NHƯNG CHẲNG CÓ ĐIỂM SẢN XUẤT NÀO DÙNG BẠT PHỦ CHE CHẮN,nhưng chẳng có điểm sản xuất nào dùng bạc phụ che chắn
aligned_v1,vivos,phowhisper,base,ordinary_lora,0,42,VIVOSDEV17_208_snr10,10,music,substitution,phủ,phụ,9,9,hoi,nang,phu,phu,phu,phu,true,false,tone_substitution,,,false,false,false,false,NHƯNG CHẲNG CÓ ĐIỂM SẢN XUẤT NÀO DÙNG BẠT PHỦ CHE CHẮN,nhưng chẳng có điểm sản xuất nào dùng bạc phụ che chắn
aligned_v1,vivos,phowhisper,base,ordinary_lora,0,42,VIVOSDEV17_208_snr20,20,noise,substitution,phủ,phụ,9,9,hoi,nang,phu,phu,phu,phu,true,false,tone_substitution,,,false,false,false,false,NHƯNG CHẲNG CÓ ĐIỂM SẢN XUẤT NÀO DÙNG BẠT PHỦ CHE CHẮN,nhưng chẳng có điểm sản xuất nào dùng bạc phụ che chắn
aligned_v1,vivos,phowhisper,base,ordinary_lora,0,42,VIVOSDEV17_208_snr5,5,noise,substitution,phủ,phụ,9,9,hoi,nang,phu,phu,phu,phu,true,false,tone_substitution,,,false,false,false,false,NHƯNG CHẲNG CÓ ĐIỂM SẢN XUẤT NÀO DÙNG BẠT PHỦ CHE CHẮN,nhưng chẳng có điểm sản xuất nào dùng bạc phụ che chắn
aligned_v1,vivos,phowhisper,base,ordinary_lora,0,42,VIVOSDEV17_217_snr10,10,music,substitution,đồng,động,2,2,huyen,nang,đông,đông,dong,dong,true,false,tone_substitution,,,false,false,false,false,THÌ HỢP ĐỒNG THẾ CHẤP NÀY CŨNG KHÔNG CÓ GIÁ TRỊ PHÁP LÝ,thì hoạt động thế chấp này cũng không có giá trị tâm lý
aligned_v1,vivos,phowhisper,base,ordinary_lora,0,42,VIVOSDEV17_217_snr5,5,speech,substitution,đồng,động,2,2,huyen,nang,đông,đông,dong,dong,true,false,tone_substitution,,,false,false,false,false,THÌ HỢP ĐỒNG THẾ CHẤP NÀY CŨNG KHÔNG CÓ GIÁ TRỊ PHÁP LÝ,thì hành động thế chấp này cũng không có giá trị pháp lý hầu vậy
aligned_v1,vivos,phowhisper,base,ordinary_lora,0,42,VIVOSDEV17_271_clean,clean,clean,substitution,cộng,cổng,11,11,nang,hoi,công,công,cong,cong,true,false,tone_substitution,,,false,false,false,false,GIẢI NHẤT HUY CHƯƠNG VÀNG THUỘC VỀ NHÀ NHIẾP ẢNH CỦA CỘNG HÒA SÉC,giải nhất huy chương vàng thuộc về nhà nhiếp ảnh của cổng hoà sét
aligned_v1,vivos,phowhisper,base,ordinary_lora,0,42,VIVOSDEV17_271_snr0,0,music,substitution,cộng,cổng,11,11,nang,hoi,công,công,cong,cong,true,false,tone_substitution,,,false,false,false,false,GIẢI NHẤT HUY CHƯƠNG VÀNG THUỘC VỀ NHÀ NHIẾP ẢNH CỦA CỘNG HÒA SÉC,giải nhất huy chương vàng thuộc về nhà nhiếp ảnh của cổng hòa pháp
aligned_v1,vivos,phowhisper,base,ordinary_lora,0,42,VIVOSDEV17_271_snr10,10,noise,substitution,cộng,cổng,11,11,nang,hoi,công,công,cong,cong,true,false,tone_substitution,,,false,false,false,false,GIẢI NHẤT HUY CHƯƠNG VÀNG THUỘC VỀ NHÀ NHIẾP ẢNH CỦA CỘNG HÒA SÉC,giải nhất huy chương vàng thuộc về nhà nhiếp ảnh của cổng hoà sét
aligned_v1,vivos,phowhisper,base,ordinary_lora,0,42,VIVOSDEV17_271_snr20,20,music,substitution,cộng,cổng,11,11,nang,hoi,công,công,cong,cong,true,false,tone_substitution,,,false,false,false,false,GIẢI NHẤT HUY CHƯƠNG VÀNG THUỘC VỀ NHÀ NHIẾP ẢNH CỦA CỘNG HÒA SÉC,giải nhất huy chương vàng thuộc về nhà nhiếp ảnh của cổng hoà sét
aligned_v1,vivos,phowhisper,base,ordinary_lora,0,42,VIVOSDEV17_271_snr5,5,noise,substitution,cộng,cổng,11,11,nang,hoi,công,công,cong,cong,true,false,tone_substitution,,,false,false,false,false,GIẢI NHẤT HUY CHƯƠNG VÀNG THUỘC VỀ NHÀ NHIẾP ẢNH CỦA CỘNG HÒA SÉC,giải nhất huy chương vàng thuộc về nhà nhiếp ảnh của cổng hoà sát
aligned_v1,vivos,phowhisper,base,ordinary_lora,0,42,VIVOSDEV17_299_snr0,0,speech,deletion,mài,,10,,huyen,,mai,,mai,,true,false,word_deletion,,,false,false,false,false,KHAI MẠC TRIỂN LÃM QUY MÔ LỚN VỀ TRANH SƠN MÀI VIỆT NAM,hai mảng triển lãm khi mô lớn về tranh sơn bày nam
aligned_v1,vivos,phowhisper,base,ordinary_lora,0,42,VIVOSDEV18_017_snr0,0,noise,substitution,giá,già,7,7,sac,huyen,gia,gia,gia,gia,true,false,tone_substitution,,,false,false,false,false,TUY NHIÊN HỢP ĐỒNG NÀY CHỈ CÓ GIÁ TRỊ TRONG NHỮNG NGÀY BÌNH THƯỜNG,tuy nhiên hợp đồng này chỉ quá già chịu trong những ngày bình thường
aligned_v1,vivos,phowhisper,base,ordinary_lora,0,42,VIVOSDEV18_064_clean,clean,clean,substitution,hóa,hoa,2,2,sac,ngang,hoa,hoa,hoa,hoa,true,false,tone_loss,,,true,false,false,true,TẤT NHIÊN HÓA ĐƠN TIỀN NƯỚC CŨNG KÈM LUÔN KHOẢN TIỀN,tất nhiên hoa đồn tiền nước cũng kèm theo luôn khoản tiền
aligned_v1,vivos,phowhisper,base,ordinary_lora,0,42,VIVOSDEV18_064_clean,clean,clean,substitution,đơn,đồn,3,3,ngang,huyen,đơn,đôn,don,don,false,true,,vowel_quality_substitution,ơ→ô,false,false,false,false,TẤT NHIÊN HÓA ĐƠN TIỀN NƯỚC CŨNG KÈM LUÔN KHOẢN TIỀN,tất nhiên hoa đồn tiền nước cũng kèm theo luôn khoản tiền
aligned_v1,vivos,phowhisper,base,ordinary_lora,0,42,VIVOSDEV18_064_snr0,0,noise,substitution,hóa,hoa,2,2,sac,ngang,hoa,hoa,hoa,hoa,true,false,tone_loss,,,true,false,false,true,TẤT NHIÊN HÓA ĐƠN TIỀN NƯỚC CŨNG KÈM LUÔN KHOẢN TIỀN,tất nhiên hoa đồn tiền nước cũng kèm theo luôn khoản tiền
aligned_v1,vivos,phowhisper,base,ordinary_lora,0,42,VIVOSDEV18_064_snr0,0,noise,substitution,đơn,đồn,3,3,ngang,huyen,đơn,đôn,don,don,false,true,,vowel_quality_substitution,ơ→ô,false,false,false,false,TẤT NHIÊN HÓA ĐƠN TIỀN NƯỚC CŨNG KÈM LUÔN KHOẢN TIỀN,tất nhiên hoa đồn tiền nước cũng kèm theo luôn khoản tiền
aligned_v1,vivos,phowhisper,base,ordinary_lora,0,42,VIVOSDEV18_064_snr10,10,music,substitution,hóa,hoa,2,2,sac,ngang,hoa,hoa,hoa,hoa,true,false,tone_loss,,,true,false,false,true,TẤT NHIÊN HÓA ĐƠN TIỀN NƯỚC CŨNG KÈM LUÔN KHOẢN TIỀN,tất nhiên hoa đơn tiền nước cũng kèm theo luôn khoản tiền
aligned_v1,vivos,phowhisper,base,ordinary_lora,0,42,VIVOSDEV18_064_snr5,5,noise,substitution,hóa,hoa,2,2,sac,ngang,hoa,hoa,hoa,hoa,true,false,tone_loss,,,true,false,false,true,TẤT NHIÊN HÓA ĐƠN TIỀN NƯỚC CŨNG KÈM LUÔN KHOẢN TIỀN,tất nhiên hoa đồn tiền nước cũng kèm theo luôn khoản tiền
aligned_v1,vivos,phowhisper,base,ordinary_lora,0,42,VIVOSDEV18_064_snr5,5,noise,substitution,đơn,đồn,3,3,ngang,huyen,đơn,đôn,don,don,false,true,,vowel_quality_substitution,ơ→ô,false,false,false,false,TẤT NHIÊN HÓA ĐƠN TIỀN NƯỚC CŨNG KÈM LUÔN KHOẢN TIỀN,tất nhiên hoa đồn tiền nước cũng kèm theo luôn khoản tiền
aligned_v1,vivos,phowhisper,base,ordinary_lora,0,42,VIVOSDEV18_155_clean,clean,clean,substitution,thình,thịnh,5,5,huyen,nang,thinh,thinh,thinh,thinh,true,false,tone_substitution,,,false,false,false,false,NGƯỜI ĐÀN ÔNG TRÊN GIƯỜNG THÌNH LÌNH RÊN LÊN MỘT TIẾNG RỒI MỞ MẮT,người đàn ông trên giường thịnh lìn rên lên một tiếng rồi mở mắt
aligned_v1,vivos,phowhisper,base,ordinary_lora,0,42,VIVOSDEV18_155_snr0,0,noise,substitution,rồi,rời,11,11,huyen,huyen,rôi,rơi,roi,roi,false,true,,vowel_quality_substitution,ô→ơ,false,false,false,false,NGƯỜI ĐÀN ÔNG TRÊN GIƯỜNG THÌNH LÌNH RÊN LÊN MỘT TIẾNG RỒI MỞ MẮT,người đàn ông tuyên huyền thùng lình rơi lên một củi rời mở mắt
aligned_v1,vivos,phowhisper,base,ordinary_lora,0,42,VIVOSDEV18_155_snr20,20,music,substitution,thình,thịnh,5,5,huyen,nang,thinh,thinh,thinh,thinh,true,false,tone_substitution,,,false,false,false,false,NGƯỜI ĐÀN ÔNG TRÊN GIƯỜNG THÌNH LÌNH RÊN LÊN MỘT TIẾNG RỒI MỞ MẮT,người đàn ông trên giường thịnh lìn rên lên một tiếng rồi mở mắt
aligned_v1,vivos,phowhisper,base,ordinary_lora,0,42,VIVOSDEV18_191_snr0,0,noise,deletion,vị,,0,,nang,,vi,,vi,,true,false,word_deletion,,,false,false,false,false,VỊ BÁC SĨ HIỀN LÀNH ẤY CÓ NHỮNG LÝ THUYẾT TRỒNG CÂY THẬT THÚ VỊ,bác sĩ hiện là tới có những ý thuyết trồng cây thật thú vị
aligned_v1,vivos,phowhisper,base,ordinary_lora,0,42,VIVOSDEV18_191_snr0,0,noise,substitution,hiền,hiện,3,2,huyen,nang,hiên,hiên,hien,hien,true,false,tone_substitution,,,false,false,false,false,VỊ BÁC SĨ HIỀN LÀNH ẤY CÓ NHỮNG LÝ THUYẾT TRỒNG CÂY THẬT THÚ VỊ,bác sĩ hiện là tới có những ý thuyết trồng cây thật thú vị
aligned_v1,vivos,phowhisper,base,ordinary_lora,0,42,VIVOSDEV18_199_snr0,0,music,deletion,hiển,,0,,hoi,,hiên,,hien,,true,false,word_deletion,,,false,false,false,false,HIỂN NHIÊN KHÔNG AI MUỐN XUẤT HIỆN BÊN CẠNH MỘT NGƯỜI NHƯ VẬY,nhưng không ai muốn xuất hiện bên cộng một người như vậy
aligned_v1,vivos,phowhisper,base,ordinary_lora,0,42,VIVOSDEV18_199_snr10,10,speech,deletion,hiển,,0,,hoi,,hiên,,hien,,true,false,word_deletion,,,false,false,false,false,HIỂN NHIÊN KHÔNG AI MUỐN XUẤT HIỆN BÊN CẠNH MỘT NGƯỜI NHƯ VẬY,nhiên không ai muốn xuất hiện bên cạnh một người như vậy
aligned_v1,vivos,phowhisper,base,ordinary_lora,0,42,VIVOSDEV18_199_snr5,5,noise,deletion,hiển,,0,,hoi,,hiên,,hien,,true,false,word_deletion,,,false,false,false,false,HIỂN NHIÊN KHÔNG AI MUỐN XUẤT HIỆN BÊN CẠNH MỘT NGƯỜI NHƯ VẬY,nhưng không ai muốn xuất hiện bên cạnh một người như vậy
aligned_v1,vivos,phowhisper,base,ordinary_lora,0,42,VIVOSDEV18_214_clean,clean,clean,substitution,tụ,tủ,11,11,nang,hoi,tu,tu,tu,tu,true,false,tone_substitution,,,false,false,false,false,KIỂU HÀI DUNG TỤC VẪN CỨ LỀNH KHÊNH Ở MỘT SỐ TỤ ĐIỂM,kiểu hài dung tục vẫn cứ lần khần ở một số tủ điểm
aligned_v1,vivos,phowhisper,base,ordinary_lora,0,42,VIVOSDEV18_214_snr0,0,music,substitution,hài,hải,1,1,huyen,hoi,hai,hai,hai,hai,true,false,tone_substitution,,,false,false,false,false,KIỂU HÀI DUNG TỤC VẪN CỨ LỀNH KHÊNH Ở MỘT SỐ TỤ ĐIỂM,tiểu hải dùng thực tức cuối lần khẩn thận một số thủ tiếp
aligned_v1,vivos,phowhisper,base,ordinary_lora,0,42,VIVOSDEV18_214_snr0,0,music,substitution,dung,dùng,2,2,ngang,huyen,dung,dung,dung,dung,true,false,tone_addition,,,false,false,false,false,KIỂU HÀI DUNG TỤC VẪN CỨ LỀNH KHÊNH Ở MỘT SỐ TỤ ĐIỂM,tiểu hải dùng thực tức cuối lần khẩn thận một số thủ tiếp
aligned_v1,vivos,phowhisper,base,ordinary_lora,0,42,VIVOSDEV18_214_snr10,10,noise,substitution,tụ,tủ,11,11,nang,hoi,tu,tu,tu,tu,true,false,tone_substitution,,,false,false,false,false,KIỂU HÀI DUNG TỤC VẪN CỨ LỀNH KHÊNH Ở MỘT SỐ TỤ ĐIỂM,kiểu hài dung tục vẫn cứ lần khần ở một số tủ điểm
aligned_v1,vivos,phowhisper,base,ordinary_lora,0,42,VIVOSDEV18_214_snr20,20,speech,substitution,tụ,tủ,11,11,nang,hoi,tu,tu,tu,tu,true,false,tone_substitution,,,false,false,false,false,KIỂU HÀI DUNG TỤC VẪN CỨ LỀNH KHÊNH Ở MỘT SỐ TỤ ĐIỂM,kiểu hài dung tục vẫn cứ lần khần ở một số tủ điểm
aligned_v1,vivos,phowhisper,base,ordinary_lora,0,42,VIVOSDEV18_214_snr5,5,speech,substitution,khênh,khềnh,7,7,ngang,huyen,khênh,khênh,khenh,khenh,true,false,tone_addition,,,false,false,false,false,KIỂU HÀI DUNG TỤC VẪN CỨ LỀNH KHÊNH Ở MỘT SỐ TỤ ĐIỂM,kiểu hay dung tục vẫn cứ lên khềnh ở một số tủ điểm
aligned_v1,vivos,phowhisper,base,ordinary_lora,0,42,VIVOSDEV18_214_snr5,5,speech,substitution,tụ,tủ,11,11,nang,hoi,tu,tu,tu,tu,true,false,tone_substitution,,,false,false,false,false,KIỂU HÀI DUNG TỤC VẪN CỨ LỀNH KHÊNH Ở MỘT SỐ TỤ ĐIỂM,kiểu hay dung tục vẫn cứ lên khềnh ở một số tủ điểm
aligned_v1,vivos,phowhisper,base,ordinary_lora,0,42,VIVOSDEV18_252_clean,clean,clean,substitution,má,mã,9,9,sac,nga,ma,ma,ma,ma,true,false,tone_substitution,,,false,false,false,false,LÚC ĐÓ CHỊ TƯỞNG LÀM NHƯ VẬY CŨNG LÀM MÁ VUI,lúc đó chị tưởng làm như vậy cũng làm mã vui
aligned_v1,vivos,phowhisper,base,ordinary_lora,0,42,VIVOSDEV18_252_snr0,0,noise,substitution,má,mã,9,9,sac,nga,ma,ma,ma,ma,true,false,tone_substitution,,,false,false,false,false,LÚC ĐÓ CHỊ TƯỞNG LÀM NHƯ VẬY CŨNG LÀM MÁ VUI,lúc đó chị tưởng làm như vậy cũng là mã vui
aligned_v1,vivos,phowhisper,base,ordinary_lora,0,42,VIVOSDEV18_252_snr10,10,music,substitution,má,mã,9,9,sac,nga,ma,ma,ma,ma,true,false,tone_substitution,,,false,false,false,false,LÚC ĐÓ CHỊ TƯỞNG LÀM NHƯ VẬY CŨNG LÀM MÁ VUI,lúc đó chị tưởng làm như vậy cũng làm mã vui
aligned_v1,vivos,phowhisper,base,ordinary_lora,0,42,VIVOSDEV18_252_snr20,20,noise,substitution,má,mã,9,9,sac,nga,ma,ma,ma,ma,true,false,tone_substitution,,,false,false,false,false,LÚC ĐÓ CHỊ TƯỞNG LÀM NHƯ VẬY CŨNG LÀM MÁ VUI,lúc đó chị tưởng làm như vậy cũng là mã vui
aligned_v1,vivos,phowhisper,base,ordinary_lora,0,42,VIVOSDEV18_252_snr5,5,noise,substitution,má,mã,9,9,sac,nga,ma,ma,ma,ma,true,false,tone_substitution,,,false,false,false,false,LÚC ĐÓ CHỊ TƯỞNG LÀM NHƯ VẬY CŨNG LÀM MÁ VUI,lúc đó chị tưởng làm như vậy cũng là mã vui
aligned_v1,vivos,phowhisper,base,ordinary_lora,0,42,VIVOSDEV18_279_clean,clean,clean,substitution,mỡ,mở,8,8,nga,hoi,mơ,mơ,mo,mo,true,false,tone_substitution,,,false,false,false,false,NHỮNG SẢN PHẨM GIÚP NỞ NGỰC VÀ TAN MỠ CẤP TỐC ẢNH YẾN TRINH,những sản phẩm giúp nở ngực và tan mở cấp tấp ảnh hưởng đến yến trinh
aligned_v1,vivos,phowhisper,base,ordinary_lora,0,42,VIVOSDEV18_279_snr0,0,noise,deletion,những,,0,,nga,,nhưng,,nhung,,true,false,word_deletion,,,false,false,false,false,NHỮNG SẢN PHẨM GIÚP NỞ NGỰC VÀ TAN MỠ CẤP TỐC ẢNH YẾN TRINH,sản phẩm giúp nấm ngực và tan nợp hấp dẫn đến tiền tiêu
aligned_v1,vivos,phowhisper,base,ordinary_lora,0,42,VIVOSDEV18_279_snr20,20,noise,substitution,mỡ,mở,8,8,nga,hoi,mơ,mơ,mo,mo,true,false,tone_substitution,,,false,false,false,false,NHỮNG SẢN PHẨM GIÚP NỞ NGỰC VÀ TAN MỠ CẤP TỐC ẢNH YẾN TRINH,những sản phẩm giúp nở ngực và tan mở cấp tấp ảnh hưởng đến yến trinh
aligned_v1,vivos,phowhisper,base,ordinary_lora,0,42,VIVOSDEV18_279_snr5,5,noise,substitution,mỡ,mở,8,8,nga,hoi,mơ,mơ,mo,mo,true,false,tone_substitution,,,false,false,false,false,NHỮNG SẢN PHẨM GIÚP NỞ NGỰC VÀ TAN MỠ CẤP TỐC ẢNH YẾN TRINH,những sản phẩm giúp nở ngực và tan mở cấp tấp ảnh hưởng đến tiến trình
aligned_v1,vivos,phowhisper,base,ordinary_lora,0,42,VIVOSDEV18_279_snr5,5,noise,substitution,trinh,trình,13,15,ngang,huyen,trinh,trinh,trinh,trinh,true,false,tone_addition,,,false,false,false,false,NHỮNG SẢN PHẨM GIÚP NỞ NGỰC VÀ TAN MỠ CẤP TỐC ẢNH YẾN TRINH,những sản phẩm giúp nở ngực và tan mở cấp tấp ảnh hưởng đến tiến trình
aligned_v1,vivos,phowhisper,base,ordinary_lora,0,42,VIVOSDEV18_293_snr0,0,speech,deletion,kiểm,,0,,hoi,,kiêm,,kiem,,true,false,word_deletion,,,false,false,false,false,KIỂM TRA TRUNG TÂM NÀY CÔNG AN ĐÃ BẮT GIỮ TỚI,cho trung tâm này công an đã bắt biểu tới
aligned_v1,vivos,phowhisper,base,ordinary_lora,0,42,VIVOSDEV18_293_snr10,10,speech,deletion,kiểm,,0,,hoi,,kiêm,,kiem,,true,false,word_deletion,,,false,false,false,false,KIỂM TRA TRUNG TÂM NÀY CÔNG AN ĐÃ BẮT GIỮ TỚI,trang trung tâm này công an đã bắt giữ tới
aligned_v1,vivos,phowhisper,base,ordinary_lora,0,42,VIVOSDEV18_293_snr5,5,music,deletion,kiểm,,0,,hoi,,kiêm,,kiem,,true,false,word_deletion,,,false,false,false,false,KIỂM TRA TRUNG TÂM NÀY CÔNG AN ĐÃ BẮT GIỮ TỚI,cha trung tâm này công an đã bắt giữ tới
aligned_v1,vivos,phowhisper,base,ordinary_lora,0,42,VIVOSDEV19_008_snr5,5,noise,substitution,cảnh,cạnh,8,9,hoi,nang,canh,canh,canh,canh,true,false,tone_substitution,,,false,false,false,false,TỪ ĐÓ LẠI SA ĐÀ VÀO NHIỀU NGHỊCH CẢNH ĐÁNG TIẾC,từ đó lại xa đà vào nhiều hạng nực cạnh trái phép
aligned_v1,vivos,phowhisper,base,ordinary_lora,0,42,VIVOSDEV19_020_snr0,0,noise,substitution,phỏng,phòng,4,4,hoi,huyen,phong,phong,phong,phong,true,false,tone_substitution,,,false,false,false,false,LÊN CÁC CUỘC HẸN PHỎNG VẤN VÀ THỰC HIỆN PHỎNG VẤN,lên các cuộc hẹn phòng toán và thực hiện phòng toán
aligned_v1,vivos,phowhisper,base,ordinary_lora,0,42,VIVOSDEV19_020_snr0,0,noise,substitution,phỏng,phòng,9,9,hoi,huyen,phong,phong,phong,phong,true,false,tone_substitution,,,false,false,false,false,LÊN CÁC CUỘC HẸN PHỎNG VẤN VÀ THỰC HIỆN PHỎNG VẤN,lên các cuộc hẹn phòng toán và thực hiện phòng toán
aligned_v1,vivos,phowhisper,base,ordinary_lora,0,42,VIVOSDEV19_169_snr0,0,noise,deletion,xa,,7,,ngang,,xa,,xa,,true,false,word_deletion,,,false,false,false,false,NHANH QUÁ ĐÃ LÀ LẦN THỨ BA XA NHÀ RỒI ĐẤY,việt anh quá đã là lần thứ ba sang điều đấy
aligned_v1,vivos,phowhisper,base,ordinary_lora,0,42,VIVOSDEV19_179_snr0,0,speech,substitution,trưởng,trường,6,6,hoi,huyen,trương,trương,truong,truong,true,false,tone_substitution,,,false,false,false,false,ĐỖ ĐỨC THUẦN NGUYÊN KẾ TOÁN TRƯỞNG CÔNG TY TIẾP THỊ ĐẦU TƯ,đỗ đức hùng nguyên kết trong trường công ty thiết kế đầu tư
aligned_v1,vivos,phowhisper,base,ordinary_lora,0,42,VIVOSDEV19_246_snr10,10,music,substitution,đổi,đội,8,8,hoi,nang,đôi,đôi,doi,doi,true,false,tone_substitution,,,false,false,false,false,VỢ LỠ CÓ TẬT THẾ ANH NÊN THAY ĐỔI CÁCH TIẾP CẬN,vợ lỡ có tật thế anh nên hay đội cách tiếp cận
aligned_v1,vivos,phowhisper,base,ordinary_lora,0,42,VIVOSDEV19_246_snr5,5,noise,substitution,tật,tất,3,3,nang,sac,tât,tât,tat,tat,true,false,tone_substitution,,,false,false,false,false,VỢ LỠ CÓ TẬT THẾ ANH NÊN THAY ĐỔI CÁCH TIẾP CẬN,vợ lỡ có tất thế anh nên thay đổi cách tiếp cận
aligned_v1,vivos,phowhisper,base,ordinary_lora,0,42,VIVOSDEV19_262_snr0,0,speech,substitution,mãi,mải,6,6,nga,hoi,mai,mai,mai,mai,true,false,tone_substitution,,,false,false,false,false,ĐỂ RỒI CHÚNG TA KHAO KHÁT MÃI TRONG VÒNG LUÂN HỒI NHÂN GIAN,để rồi chúng ta thoát khắp mải trong mặt luôn ngồi nghe
aligned_v1,vivos,phowhisper,base,ordinary_lora,0,42,VIVOSDEV19_262_snr0,0,speech,deletion,vòng,,8,,huyen,,vong,,vong,,true,false,word_deletion,,,false,false,false,false,ĐỂ RỒI CHÚNG TA KHAO KHÁT MÃI TRONG VÒNG LUÂN HỒI NHÂN GIAN,để rồi chúng ta thoát khắp mải trong mặt luôn ngồi nghe
aligned_v1,vivos,phowhisper,base,tone_aware_lora,0.05,42,VIVOSDEV01_R002_clean,clean,clean,deletion,cạch,,2,,nang,,cach,,cach,,true,false,word_deletion,,,false,false,false,false,TIẾNG CỌC CẠCH KHỰNG LẠI CỦA NHỮNG KHỚP SẮT,tiếng cọc cận lại của những khớp sắt
aligned_v1,vivos,phowhisper,base,tone_aware_lora,0.05,42,VIVOSDEV01_R002_snr0,0,speech,substitution,cọc,cộc,1,1,nang,nang,coc,côc,coc,coc,false,true,,vowel_quality_addition,o→ô,false,false,false,false,TIẾNG CỌC CẠCH KHỰNG LẠI CỦA NHỮNG KHỚP SẮT,tiếng cộc cật khuẩn lại của ổ nhẫn khớp sắt
aligned_v1,vivos,phowhisper,base,tone_aware_lora,0.05,42,VIVOSDEV01_R002_snr10,10,speech,deletion,cạch,,2,,nang,,cach,,cach,,true,false,word_deletion,,,false,false,false,false,TIẾNG CỌC CẠCH KHỰNG LẠI CỦA NHỮNG KHỚP SẮT,tiếng cọc cực lại có hổ nhẫn cóp sắt
aligned_v1,vivos,phowhisper,base,tone_aware_lora,0.05,42,VIVOSDEV01_R002_snr20,20,music,substitution,cọc,cộc,1,1,nang,nang,coc,côc,coc,coc,false,true,,vowel_quality_addition,o→ô,false,false,false,false,TIẾNG CỌC CẠCH KHỰNG LẠI CỦA NHỮNG KHỚP SẮT,tiếng cộc cực khuẩn lại của những khớp sắt
aligned_v1,vivos,phowhisper,base,tone_aware_lora,0.05,42,VIVOSDEV01_R027_clean,clean,clean,substitution,phỗng,phỏng,4,4,nga,hoi,phông,phong,phong,phong,false,true,,vowel_quality_loss,ô→o,false,true,false,true,DI TÍCH CÓ BẢY PHỖNG ÔNG VÀ HAI PHỖNG BÀ ĐƯỢC LÀM BẰNG GỖ MÍT,di tích có bảy phỏng ông và hai phỏng bò được làm bằng gỗ mích
aligned_v1,vivos,phowhisper,base,tone_aware_lora,0.05,42,VIVOSDEV01_R027_clean,clean,clean,substitution,phỗng,phỏng,8,8,nga,hoi,phông,phong,phong,phong,false,true,,vowel_quality_loss,ô→o,false,true,false,true,DI TÍCH CÓ BẢY PHỖNG ÔNG VÀ HAI PHỖNG BÀ ĐƯỢC LÀM BẰNG GỖ MÍT,di tích có bảy phỏng ông và hai phỏng bò được làm bằng gỗ mích
aligned_v1,vivos,phowhisper,base,tone_aware_lora,0.05,42,VIVOSDEV01_R027_snr0,0,noise,substitution,phỗng,phỏng,4,4,nga,hoi,phông,phong,phong,phong,false,true,,vowel_quality_loss,ô→o,false,true,false,true,DI TÍCH CÓ BẢY PHỖNG ÔNG VÀ HAI PHỖNG BÀ ĐƯỢC LÀM BẰNG GỖ MÍT,chi thích có bảy phỏng ông và hai phỏng bò lược làm bằng gỗ mít
aligned_v1,vivos,phowhisper,base,tone_aware_lora,0.05,42,VIVOSDEV01_R027_snr0,0,noise,substitution,phỗng,phỏng,8,8,nga,hoi,phông,phong,phong,phong,false,true,,vowel_quality_loss,ô→o,false,true,false,true,DI TÍCH CÓ BẢY PHỖNG ÔNG VÀ HAI PHỖNG BÀ ĐƯỢC LÀM BẰNG GỖ MÍT,chi thích có bảy phỏng ông và hai phỏng bò lược làm bằng gỗ mít
aligned_v1,vivos,phowhisper,base,tone_aware_lora,0.05,42,VIVOSDEV01_R027_snr10,10,music,substitution,phỗng,phỏng,4,4,nga,hoi,phông,phong,phong,phong,false,true,,vowel_quality_loss,ô→o,false,true,false,true,DI TÍCH CÓ BẢY PHỖNG ÔNG VÀ HAI PHỖNG BÀ ĐƯỢC LÀM BẰNG GỖ MÍT,duy tích có bảy phỏng ông và hai phỏng bò được làm bằng gỗ mít
aligned_v1,vivos,phowhisper,base,tone_aware_lora,0.05,42,VIVOSDEV01_R027_snr10,10,music,substitution,phỗng,phỏng,8,8,nga,hoi,phông,phong,phong,phong,false,true,,vowel_quality_loss,ô→o,false,true,false,true,DI TÍCH CÓ BẢY PHỖNG ÔNG VÀ HAI PHỖNG BÀ ĐƯỢC LÀM BẰNG GỖ MÍT,duy tích có bảy phỏng ông và hai phỏng bò được làm bằng gỗ mít
aligned_v1,vivos,phowhisper,base,tone_aware_lora,0.05,42,VIVOSDEV01_R027_snr20,20,music,substitution,phỗng,phổng,4,4,nga,hoi,phông,phông,phong,phong,true,false,tone_substitution,,,false,false,false,false,DI TÍCH CÓ BẢY PHỖNG ÔNG VÀ HAI PHỖNG BÀ ĐƯỢC LÀM BẰNG GỖ MÍT,di tích có bảy phổng ông và hai phổng bà được làm bằng gỗ mít
aligned_v1,vivos,phowhisper,base,tone_aware_lora,0.05,42,VIVOSDEV01_R027_snr20,20,music,substitution,phỗng,phổng,8,8,nga,hoi,phông,phông,phong,phong,true,false,tone_substitution,,,false,false,false,false,DI TÍCH CÓ BẢY PHỖNG ÔNG VÀ HAI PHỖNG BÀ ĐƯỢC LÀM BẰNG GỖ MÍT,di tích có bảy phổng ông và hai phổng bà được làm bằng gỗ mít
aligned_v1,vivos,phowhisper,base,tone_aware_lora,0.05,42,VIVOSDEV01_R027_snr5,5,noise,substitution,phỗng,phổng,4,4,nga,hoi,phông,phông,phong,phong,true,false,tone_substitution,,,false,false,false,false,DI TÍCH CÓ BẢY PHỖNG ÔNG VÀ HAI PHỖNG BÀ ĐƯỢC LÀM BẰNG GỖ MÍT,di tích có bảy phổng ông và hai phổng bà được làm bằng gỗ mít
aligned_v1,vivos,phowhisper,base,tone_aware_lora,0.05,42,VIVOSDEV01_R027_snr5,5,noise,substitution,phỗng,phổng,8,8,nga,hoi,phông,phông,phong,phong,true,false,tone_substitution,,,false,false,false,false,DI TÍCH CÓ BẢY PHỖNG ÔNG VÀ HAI PHỖNG BÀ ĐƯỢC LÀM BẰNG GỖ MÍT,di tích có bảy phổng ông và hai phổng bà được làm bằng gỗ mít
aligned_v1,vivos,phowhisper,base,tone_aware_lora,0.05,42,VIVOSDEV01_R028_snr0,0,noise,substitution,sợ,sở,13,13,nang,hoi,sơ,sơ,so,so,true,false,tone_substitution,,,false,false,false,false,CÁC CHÚ CŨNG THOẢI MÁI PHÓNG UẾ GIỮA CHỐN ĐÔNG NGƯỜI MÀ KHÔNG SỢ,rắc trước cũng thoải mái cống thế giữa chốn đông người mà công sở
aligned_v1,vivos,phowhisper,base,tone_aware_lora,0.05,42,VIVOSDEV01_R044_snr5,5,speech,substitution,động,đổng,3,5,nang,hoi,đông,đông,dong,dong,true,false,tone_substitution,,,false,false,false,false,NGỌN LỬA BẠO ĐỘNG Ở TRUNG ĐÔNG VÀ PHÁ VỠ LỘ TRÌNH HÒA BÌNH,thực thiết ngọn lửa bọ đổng ở trung đông và phá vỡ loại trình qua bình thường
aligned_v1,vivos,phowhisper,base,tone_aware_lora,0.05,42,VIVOSDEV01_R069_snr0,0,music,deletion,đèn,,0,,huyen,,đen,,den,,true,false,word_deletion,,,false,false,false,false,ĐÈN BỊ HƯ RỒI BA,vẻ hư ngọt bào
aligned_v1,vivos,phowhisper,base,tone_aware_lora,0.05,42,VIVOSDEV01_R151_snr10,10,noise,substitution,vịnh,vĩnh,5,5,nang,nga,vinh,vinh,vinh,vinh,true,false,tone_substitution,,,false,false,false,false,NHƯNG KHI TIẾN GẦN VÀO VỊNH THÌ MẶT BIỂN BỊ RẠN VỠ,nhưng khi tiếng rừng vào vĩnh thì mặt biển bị rạn vỡ
aligned_v1,vivos,phowhisper,base,tone_aware_lora,0.05,42,VIVOSDEV01_R151_snr5,5,noise,substitution,vịnh,vĩnh,5,5,nang,nga,vinh,vinh,vinh,vinh,true,false,tone_substitution,,,false,false,false,false,NHƯNG KHI TIẾN GẦN VÀO VỊNH THÌ MẶT BIỂN BỊ RẠN VỠ,nhưng khi tiếng rừng vào vĩnh hiền bị mặc biển bị rạn vỡ
aligned_v1,vivos,phowhisper,base,tone_aware_lora,0.05,42,VIVOSDEV01_R164_clean,clean,clean,substitution,giặt,giật,3,3,nang,nang,giăt,giât,giat,giat,false,true,,vowel_quality_substitution,ă→â,false,false,false,false,MỘT BÀ NGOẠI GIẶT ĐỒ THUÊ,một bà ngoại giật đồ hôi
aligned_v1,vivos,phowhisper,base,tone_aware_lora,0.05,42,VIVOSDEV01_R174_snr0,0,speech,deletion,biến,,6,,sac,,biên,,bien,,true,false,word_deletion,,,false,false,false,false,NHỮNG DỰ ĐỊNH CẦN PHẢI ĐƯỢC BIẾN THÀNH HIỆN THỰC,hoặc khám giữ đánh cần phải được truyền thống
aligned_v1,vivos,phowhisper,base,tone_aware_lora,0.05,42,VIVOSDEV01_R174_snr0,0,speech,deletion,thành,,7,,huyen,,thanh,,thanh,,true,false,word_deletion,,,false,false,false,false,NHỮNG DỰ ĐỊNH CẦN PHẢI ĐƯỢC BIẾN THÀNH HIỆN THỰC,hoặc khám giữ đánh cần phải được truyền thống
aligned_v1,vivos,phowhisper,base,tone_aware_lora,0.05,42,VIVOSDEV01_R180_snr0,0,music,substitution,mềm,mèm,5,5,huyen,huyen,mêm,mem,mem,mem,false,true,,vowel_quality_loss,ê→e,false,true,false,true,BÀN CHỔI SƠN BẰNG BÔNG MỀM RẤT PHỔ BIẾN,bàn chổi sơn bằng bông mèm rước khổ biến
aligned_v1,vivos,phowhisper,base,tone_aware_lora,0.05,42,VIVOSDEV02_R009_snr0,0,noise,substitution,quảng,quãng,1,1,hoi,nga,quang,quang,quang,quang,true,false,tone_substitution,,,false,false,false,false,BÀ QUẢNG VẪN ĐANG BẬN RỘN,và quãng vướng vướng vướng rộn
aligned_v1,vivos,phowhisper,base,tone_aware_lora,0.05,42,VIVOSDEV02_R031_snr0,0,speech,substitution,bó,bỏ,8,8,sac,hoi,bo,bo,bo,bo,true,false,tone_substitution,,,false,false,false,false,MUỐN ĐẸP PHẢI GHÈ LÀM SAO CHO CÁC BÓ CƠ CHÂN NỔI BẬT LÊN,bố mẹ phải kèm lá cháo cho thoát bỏ cởi chạc nổi lên trí oanh
aligned_v1,vivos,phowhisper,base,tone_aware_lora,0.05,42,VIVOSDEV02_R031_snr0,0,speech,deletion,bật,,12,,nang,,bât,,bat,,true,false,word_deletion,,,false,false,false,false,MUỐN ĐẸP PHẢI GHÈ LÀM SAO CHO CÁC BÓ CƠ CHÂN NỔI BẬT LÊN,bố mẹ phải kèm lá cháo cho thoát bỏ cởi chạc nổi lên trí oanh
aligned_v1,vivos,phowhisper,base,tone_aware_lora,0.05,42,VIVOSDEV02_R045_clean,clean,clean,substitution,cô,cơ,0,0,ngang,ngang,cô,cơ,co,co,false,true,,vowel_quality_substitution,ô→ơ,false,false,false,false,CÔ CỨ NHÈ NGAY CÁI NỌNG CÁ TRÊ,cơ cứ nhà cái nọng cái chê
aligned_v1,vivos,phowhisper,base,tone_aware_lora,0.05,42,VIVOSDEV02_R045_clean,clean,clean,deletion,nhè,,2,,huyen,,nhe,,nhe,,true,false,word_deletion,,,false,false,false,false,CÔ CỨ NHÈ NGAY CÁI NỌNG CÁ TRÊ,cơ cứ nhà cái nọng cái chê
aligned_v1,vivos,phowhisper,base,tone_aware_lora,0.05,42,VIVOSDEV02_R045_snr0,0,music,substitution,cô,cơ,0,0,ngang,ngang,cô,cơ,co,co,false,true,,vowel_quality_substitution,ô→ơ,false,false,false,false,CÔ CỨ NHÈ NGAY CÁI NỌNG CÁ TRÊ,cơ cứa nhà cái ngọt cái chơi
aligned_v1,vivos,phowhisper,base,tone_aware_lora,0.05,42,VIVOSDEV02_R045_snr0,0,music,deletion,cứ,,1,,sac,,cư,,cu,,true,false,word_deletion,,,false,false,false,false,CÔ CỨ NHÈ NGAY CÁI NỌNG CÁ TRÊ,cơ cứa nhà cái ngọt cái chơi
aligned_v1,vivos,phowhisper,base,tone_aware_lora,0.05,42,VIVOSDEV02_R045_snr10,10,noise,substitution,cô,cơ,0,0,ngang,ngang,cô,cơ,co,co,false,true,,vowel_quality_substitution,ô→ơ,false,false,false,false,CÔ CỨ NHÈ NGAY CÁI NỌNG CÁ TRÊ,cơ cứ nhà cái nọc cái chê
aligned_v1,vivos,phowhisper,base,tone_aware_lora,0.05,42,VIVOSDEV02_R045_snr10,10,noise,deletion,nhè,,2,,huyen,,nhe,,nhe,,true,false,word_deletion,,,false,false,false,false,CÔ CỨ NHÈ NGAY CÁI NỌNG CÁ TRÊ,cơ cứ nhà cái nọc cái chê
aligned_v1,vivos,phowhisper,base,tone_aware_lora,0.05,42,VIVOSDEV02_R045_snr20,20,noise,substitution,cô,cơ,0,0,ngang,ngang,cô,cơ,co,co,false,true,,vowel_quality_substitution,ô→ơ,false,false,false,false,CÔ CỨ NHÈ NGAY CÁI NỌNG CÁ TRÊ,cơ cứ nhà cái nọng cái chê
aligned_v1,vivos,phowhisper,base,tone_aware_lora,0.05,42,VIVOSDEV02_R045_snr20,20,noise,deletion,nhè,,2,,huyen,,nhe,,nhe,,true,false,word_deletion,,,false,false,false,false,CÔ CỨ NHÈ NGAY CÁI NỌNG CÁ TRÊ,cơ cứ nhà cái nọng cái chê
aligned_v1,vivos,phowhisper,base,tone_aware_lora,0.05,42,VIVOSDEV02_R045_snr5,5,speech,substitution,cô,cơ,0,0,ngang,ngang,cô,cơ,co,co,false,true,,vowel_quality_substitution,ô→ơ,false,false,false,false,CÔ CỨ NHÈ NGAY CÁI NỌNG CÁ TRÊ,cơ cứ nhà cái thằng cái chê
aligned_v1,vivos,phowhisper,base,tone_aware_lora,0.05,42,VIVOSDEV02_R045_snr5,5,speech,deletion,nhè,,2,,huyen,,nhe,,nhe,,true,false,word_deletion,,,false,false,false,false,CÔ CỨ NHÈ NGAY CÁI NỌNG CÁ TRÊ,cơ cứ nhà cái thằng cái chê
aligned_v1,vivos,phowhisper,base,tone_aware_lora,0.05,42,VIVOSDEV02_R067_snr0,0,speech,substitution,bố,bớ,4,4,sac,sac,bô,bơ,bo,bo,false,true,,vowel_quality_substitution,ô→ơ,false,false,false,false,ÔNG CHỦ TỊCH TUYÊN BỐ NHƯ THẾ NÀO,ông chủ tịch tuy bớ như thế nào
aligned_v1,vivos,phowhisper,base,tone_aware_lora,0.05,42,VIVOSDEV02_R067_snr5,5,noise,substitution,bố,bó,4,4,sac,sac,bô,bo,bo,bo,false,true,,vowel_quality_loss,ô→o,false,true,false,true,ÔNG CHỦ TỊCH TUYÊN BỐ NHƯ THẾ NÀO,ông chủ tịch đem bó như thế nào
aligned_v1,vivos,phowhisper,base,tone_aware_lora,0.05,42,VIVOSDEV02_R071_snr0,0,speech,substitution,mỗi,mọi,0,0,nga,nang,môi,moi,moi,moi,false,true,,vowel_quality_loss,ô→o,false,true,false,true,MỖI KHI XE RÁC ĐI NGANG QUA ĐÁNH KẺNG MỚI ĐEM RA ĐỔ,mọi khi sẽ ra tình ngang qua tấn công mới đẹp là đó
aligned_v1,vivos,phowhisper,base,tone_aware_lora,0.05,42,VIVOSDEV02_R071_snr0,0,speech,substitution,đổ,đó,12,12,hoi,sac,đô,đo,do,do,false,true,,vowel_quality_loss,ô→o,false,true,false,true,MỖI KHI XE RÁC ĐI NGANG QUA ĐÁNH KẺNG MỚI ĐEM RA ĐỔ,mọi khi sẽ ra tình ngang qua tấn công mới đẹp là đó
aligned_v1,vivos,phowhisper,base,tone_aware_lora,0.05,42,VIVOSDEV02_R079_snr20,20,speech,substitution,ngỗng,ngọng,11,11,nga,nang,ngông,ngong,ngong,ngong,false,true,,vowel_quality_loss,ô→o,false,true,false,true,HẦU HẾT NANG NÀY CÓ NGUỒN GỐC TỪ GÂN CƠ CHÂN NGỖNG,hầu hết cha này có nguồn gốc từ gương cơ chưng ngọng
aligned_v1,vivos,phowhisper,base,tone_aware_lora,0.05,42,VIVOSDEV02_R079_snr5,5,speech,substitution,ngỗng,ngọng,11,11,nga,nang,ngông,ngong,ngong,ngong,false,true,,vowel_quality_loss,ô→o,false,true,false,true,HẦU HẾT NANG NÀY CÓ NGUỒN GỐC TỪ GÂN CƠ CHÂN NGỖNG,hầu hết trang này có nguồn gốc từ gân cơi chân ngọng
aligned_v1,vivos,phowhisper,base,tone_aware_lora,0.05,42,VIVOSDEV02_R089_snr0,0,music,substitution,đề,đè,7,7,huyen,huyen,đê,đe,de,de,false,true,,vowel_quality_loss,ê→e,false,true,false,true,CÓ HẲN MỘT LOẠT BÀI VIẾT CHUYÊN ĐỀ VỀ QUẢN TRỊ THƯƠNG HIỆU,có hẳn một loạt vài mía trên đè về quản trị thương hiệu
aligned_v1,vivos,phowhisper,base,tone_aware_lora,0.05,42,VIVOSDEV02_R089_snr10,10,noise,substitution,quản,quán,9,9,hoi,sac,quan,quan,quan,quan,true,false,tone_substitution,,,false,false,false,false,CÓ HẲN MỘT LOẠT BÀI VIẾT CHUYÊN ĐỀ VỀ QUẢN TRỊ THƯƠNG HIỆU,có hẳn một loạt bài viết trên đề về quán chị thương hiệu
aligned_v1,vivos,phowhisper,base,tone_aware_lora,0.05,42,VIVOSDEV02_R130_clean,clean,clean,substitution,thề,thể,4,4,huyen,hoi,thê,thê,the,the,true,false,tone_substitution,,,false,false,false,false,CHỊ GẶN HỎI ANH THỀ SỐNG THỀ CHẾT LÀ KHÔNG CÓ,chị dẫn hỏi anh thể sống thể chết là không có
aligned_v1,vivos,phowhisper,base,tone_aware_lora,0.05,42,VIVOSDEV02_R130_clean,clean,clean,substitution,thề,thể,6,6,huyen,hoi,thê,thê,the,the,true,false,tone_substitution,,,false,false,false,false,CHỊ GẶN HỎI ANH THỀ SỐNG THỀ CHẾT LÀ KHÔNG CÓ,chị dẫn hỏi anh thể sống thể chết là không có
aligned_v1,vivos,phowhisper,base,tone_aware_lora,0.05,42,VIVOSDEV02_R130_snr0,0,noise,substitution,thề,thể,4,4,huyen,hoi,thê,thê,the,the,true,false,tone_substitution,,,false,false,false,false,CHỊ GẶN HỎI ANH THỀ SỐNG THỀ CHẾT LÀ KHÔNG CÓ,chị chẳng hỏi anh thể sống thể chế là không có
aligned_v1,vivos,phowhisper,base,tone_aware_lora,0.05,42,VIVOSDEV02_R130_snr0,0,noise,substitution,thề,thể,6,6,huyen,hoi,thê,thê,the,the,true,false,tone_substitution,,,false,false,false,false,CHỊ GẶN HỎI ANH THỀ SỐNG THỀ CHẾT LÀ KHÔNG CÓ,chị chẳng hỏi anh thể sống thể chế là không có
aligned_v1,vivos,phowhisper,base,tone_aware_lora,0.05,42,VIVOSDEV02_R130_snr10,10,speech,substitution,thề,thể,4,4,huyen,hoi,thê,thê,the,the,true,false,tone_substitution,,,false,false,false,false,CHỊ GẶN HỎI ANH THỀ SỐNG THỀ CHẾT LÀ KHÔNG CÓ,chị dặn hỏi anh thể sống thể chết là không có
aligned_v1,vivos,phowhisper,base,tone_aware_lora,0.05,42,VIVOSDEV02_R130_snr10,10,speech,substitution,thề,thể,6,6,huyen,hoi,thê,thê,the,the,true,false,tone_substitution,,,false,false,false,false,CHỊ GẶN HỎI ANH THỀ SỐNG THỀ CHẾT LÀ KHÔNG CÓ,chị dặn hỏi anh thể sống thể chết là không có
aligned_v1,vivos,phowhisper,base,tone_aware_lora,0.05,42,VIVOSDEV02_R130_snr20,20,music,substitution,thề,thể,4,4,huyen,hoi,thê,thê,the,the,true,false,tone_substitution,,,false,false,false,false,CHỊ GẶN HỎI ANH THỀ SỐNG THỀ CHẾT LÀ KHÔNG CÓ,chị dẫn hỏi anh thể sống thể chết là không có
aligned_v1,vivos,phowhisper,base,tone_aware_lora,0.05,42,VIVOSDEV02_R130_snr20,20,music,substitution,thề,thể,6,6,huyen,hoi,thê,thê,the,the,true,false,tone_substitution,,,false,false,false,false,CHỊ GẶN HỎI ANH THỀ SỐNG THỀ CHẾT LÀ KHÔNG CÓ,chị dẫn hỏi anh thể sống thể chết là không có
aligned_v1,vivos,phowhisper,base,tone_aware_lora,0.05,42,VIVOSDEV02_R130_snr5,5,music,substitution,chị,chỉ,0,0,nang,hoi,chi,chi,chi,chi,true,false,tone_substitution,,,false,false,false,false,CHỊ GẶN HỎI ANH THỀ SỐNG THỀ CHẾT LÀ KHÔNG CÓ,chỉ dặn hỏi anh thề sống thề chết là không có
aligned_v1,vivos,phowhisper,base,tone_aware_lora,0.05,42,VIVOSDEV02_R132_clean,clean,clean,substitution,máy,mấy,8,8,sac,sac,may,mây,may,may,false,true,,vowel_quality_addition,a→â,false,false,false,false,ĐIỆN THOẠI RENG NHƯNG TA CŨNG PHẢI NHẤC MÁY ĐÚNG KHÔNG,tiền thoại ren nhưng ta cũng phải nhấc mấy đúng không
aligned_v1,vivos,phowhisper,base,tone_aware_lora,0.05,42,VIVOSDEV02_R132_snr0,0,music,substitution,máy,may,8,8,sac,ngang,may,may,may,may,true,false,tone_loss,,,true,false,false,true,ĐIỆN THOẠI RENG NHƯNG TA CŨNG PHẢI NHẤC MÁY ĐÚNG KHÔNG,tiền thái lê nhân ta vụt phải ném may đúng không
aligned_v1,vivos,phowhisper,base,tone_aware_lora,0.05,42,VIVOSDEV02_R132_snr10,10,music,substitution,máy,mấy,8,8,sac,sac,may,mây,may,may,false,true,,vowel_quality_addition,a→â,false,false,false,false,ĐIỆN THOẠI RENG NHƯNG TA CŨNG PHẢI NHẤC MÁY ĐÚNG KHÔNG,điện thoại re nhưng ta cũng phải nhấc mấy đúng không
aligned_v1,vivos,phowhisper,base,tone_aware_lora,0.05,42,VIVOSDEV02_R132_snr20,20,music,substitution,máy,mấy,8,8,sac,sac,may,mây,may,may,false,true,,vowel_quality_addition,a→â,false,false,false,false,ĐIỆN THOẠI RENG NHƯNG TA CŨNG PHẢI NHẤC MÁY ĐÚNG KHÔNG,tiền thoại ren nhưng ta cũng phải nhấc mấy đúng không
aligned_v1,vivos,phowhisper,base,tone_aware_lora,0.05,42,VIVOSDEV02_R132_snr5,5,speech,substitution,máy,mày,8,8,sac,huyen,may,may,may,may,true,false,tone_substitution,,,false,false,false,false,ĐIỆN THOẠI RENG NHƯNG TA CŨNG PHẢI NHẤC MÁY ĐÚNG KHÔNG,nhìn thải ren nhưng ta cũng phải nhức mày tùng không
aligned_v1,vivos,phowhisper,base,tone_aware_lora,0.05,42,VIVOSDEV02_R164_snr0,0,speech,substitution,đột,đợt,9,9,nang,nang,đôt,đơt,dot,dot,false,true,,vowel_quality_substitution,ô→ơ,false,false,false,false,CÁC CHƯƠNG TRÌNH CA NHẠC PHẦN LỚN ĐỀU KHÔNG ĐỘT PHÁ,các chương trình ca nhạc tình lớn đều không đợt thoải
aligned_v1,vivos,phowhisper,base,tone_aware_lora,0.05,42,VIVOSDEV02_R164_snr5,5,speech,substitution,ca,cá,3,3,ngang,sac,ca,ca,ca,ca,true,false,tone_addition,,,false,false,false,false,CÁC CHƯƠNG TRÌNH CA NHẠC PHẦN LỚN ĐỀU KHÔNG ĐỘT PHÁ,các chương trình cá nhân thịnh lớn đều không tốt phá
aligned_v1,vivos,phowhisper,base,tone_aware_lora,0.05,42,VIVOSDEV02_R170_snr5,5,speech,substitution,dúi,dui,10,10,sac,ngang,dui,dui,dui,dui,true,false,tone_loss,,,true,false,false,true,RỒI CHẠY SANG GÕ CỬA PHÒNG BA LE HAI DẤM DÚI,rồi chạy sang rõ cửa phòng ba lên hai giấm dui
aligned_v1,vivos,phowhisper,base,tone_aware_lora,0.05,42,VIVOSDEV02_R173_snr5,5,music,substitution,để,đế,0,0,hoi,sac,đê,đê,de,de,true,false,tone_substitution,,,false,false,false,false,ĐỂ TRẢ TRỞ LẠI ĐẠI DƯƠNG,đế chả trở lại đại dương
aligned_v1,vivos,phowhisper,base,tone_aware_lora,0.05,42,VIVOSDEV02_R181_clean,clean,clean,substitution,mắt,mát,3,3,sac,sac,măt,mat,mat,mat,false,true,,vowel_quality_loss,ă→a,false,true,false,true,NÀNG CÓ ĐÔI MẮT TO SÂU VÀ VẦNG TRÁN RỘNG MÊNH MÔNG,nàng có tôi mát to sâu và bình chán rộng mênh mông
aligned_v1,vivos,phowhisper,base,tone_aware_lora,0.05,42,VIVOSDEV02_R181_snr0,0,music,substitution,mắt,mất,3,3,sac,sac,măt,mât,mat,mat,false,true,,vowel_quality_substitution,ă→â,false,false,false,false,NÀNG CÓ ĐÔI MẮT TO SÂU VÀ VẦNG TRÁN RỘNG MÊNH MÔNG,nàng có tơi mất to sau và tình trạng giọng định mộng
aligned_v1,vivos,phowhisper,base,tone_aware_lora,0.05,42,VIVOSDEV02_R181_snr0,0,music,substitution,sâu,sau,5,5,ngang,ngang,sâu,sau,sau,sau,false,true,,vowel_quality_loss,â→a,false,true,false,true,NÀNG CÓ ĐÔI MẮT TO SÂU VÀ VẦNG TRÁN RỘNG MÊNH MÔNG,nàng có tơi mất to sau và tình trạng giọng định mộng
aligned_v1,vivos,phowhisper,base,tone_aware_lora,0.05,42,VIVOSDEV02_R181_snr0,0,music,substitution,mông,mộng,11,11,ngang,nang,mông,mông,mong,mong,true,false,tone_addition,,,false,false,false,false,NÀNG CÓ ĐÔI MẮT TO SÂU VÀ VẦNG TRÁN RỘNG MÊNH MÔNG,nàng có tơi mất to sau và tình trạng giọng định mộng
aligned_v1,vivos,phowhisper,base,tone_aware_lora,0.05,42,VIVOSDEV02_R181_snr10,10,noise,substitution,mắt,mất,3,3,sac,sac,măt,mât,mat,mat,false,true,,vowel_quality_substitution,ă→â,false,false,false,false,NÀNG CÓ ĐÔI MẮT TO SÂU VÀ VẦNG TRÁN RỘNG MÊNH MÔNG,nàng có tơi mất to sao và vình chán rộng mênh mông
aligned_v1,vivos,phowhisper,base,tone_aware_lora,0.05,42,VIVOSDEV02_R181_snr20,20,music,substitution,mắt,mất,3,3,sac,sac,măt,mât,mat,mat,false,true,,vowel_quality_substitution,ă→â,false,false,false,false,NÀNG CÓ ĐÔI MẮT TO SÂU VÀ VẦNG TRÁN RỘNG MÊNH MÔNG,nàng có tôi mất to sau và vìn chán rộng minh mông
aligned_v1,vivos,phowhisper,base,tone_aware_lora,0.05,42,VIVOSDEV02_R181_snr20,20,music,substitution,sâu,sau,5,5,ngang,ngang,sâu,sau,sau,sau,false,true,,vowel_quality_loss,â→a,false,true,false,true,NÀNG CÓ ĐÔI MẮT TO SÂU VÀ VẦNG TRÁN RỘNG MÊNH MÔNG,nàng có tôi mất to sau và vìn chán rộng minh mông
aligned_v1,vivos,phowhisper,base,tone_aware_lora,0.05,42,VIVOSDEV02_R181_snr5,5,speech,substitution,mắt,mất,3,3,sac,sac,măt,mât,mat,mat,false,true,,vowel_quality_substitution,ă→â,false,false,false,false,NÀNG CÓ ĐÔI MẮT TO SÂU VÀ VẦNG TRÁN RỘNG MÊNH MÔNG,nàng có tôi mất to sao và bình chán giọng linh mô
aligned_v1,vivos,phowhisper,base,tone_aware_lora,0.05,42,VIVOSDEV02_T004_snr10,10,speech,substitution,năm,nằm,5,5,ngang,huyen,năm,năm,nam,nam,true,false,tone_addition,,,false,false,false,false,HÔM NAY EM CÓ TỚI NĂM KHÁCH,hôm nay em có tuổi nằm khách
aligned_v1,vivos,phowhisper,base,tone_aware_lora,0.05,42,VIVOSDEV02_T012_snr20,20,speech,deletion,tao,,4,,ngang,,tao,,tao,,true,false,word_deletion,,,false,false,false,false,MÀY DÁM CHƠI VỢ TAO TAO PHẢI GIẾT MÀY,mày dám chê vợ đa sẽ giết mày
aligned_v1,vivos,phowhisper,base,tone_aware_lora,0.05,42,VIVOSDEV02_T031_snr0,0,speech,deletion,viên,,4,,ngang,,viên,,vien,,true,false,word_deletion,,,false,false,false,false,CHO EM GÓP MỘT VIÊN GẠCH,cho em có một nơi
aligned_v1,vivos,phowhisper,base,tone_aware_lora,0.05,42,VIVOSDEV03_R007_clean,clean,clean,substitution,bò,bo,7,7,huyen,ngang,bo,bo,bo,bo,true,false,tone_loss,,,true,false,false,true,MỘT CHUYẾN DU LỊCH DÃ NGOẠI TẠI BÒ CẠP VÀNG,một chuyến du lịch giả ngoại tại bo cập vàng
aligned_v1,vivos,phowhisper,base,tone_aware_lora,0.05,42,VIVOSDEV03_R007_clean,clean,clean,substitution,cạp,cập,8,8,nang,nang,cap,câp,cap,cap,false,true,,vowel_quality_addition,a→â,false,false,false,false,MỘT CHUYẾN DU LỊCH DÃ NGOẠI TẠI BÒ CẠP VÀNG,một chuyến du lịch giả ngoại tại bo cập vàng
aligned_v1,vivos,phowhisper,base,tone_aware_lora,0.05,42,VIVOSDEV03_R007_snr0,0,music,substitution,cạp,cắp,8,8,nang,sac,cap,căp,cap,cap,false,true,,vowel_quality_addition,a→ă,false,false,false,false,MỘT CHUYẾN DU LỊCH DÃ NGOẠI TẠI BÒ CẠP VÀNG,một chuyến du lịch dã hoại tại bò cắp vàng
aligned_v1,vivos,phowhisper,base,tone_aware_lora,0.05,42,VIVOSDEV03_R007_snr10,10,noise,substitution,bò,bo,7,7,huyen,ngang,bo,bo,bo,bo,true,false,tone_loss,,,true,false,false,true,MỘT CHUYẾN DU LỊCH DÃ NGOẠI TẠI BÒ CẠP VÀNG,một chuyến du lịch giã ngoại tại bo cập vàng
aligned_v1,vivos,phowhisper,base,tone_aware_lora,0.05,42,VIVOSDEV03_R007_snr10,10,noise,substitution,cạp,cập,8,8,nang,nang,cap,câp,cap,cap,false,true,,vowel_quality_addition,a→â,false,false,false,false,MỘT CHUYẾN DU LỊCH DÃ NGOẠI TẠI BÒ CẠP VÀNG,một chuyến du lịch giã ngoại tại bo cập vàng
aligned_v1,vivos,phowhisper,base,tone_aware_lora,0.05,42,VIVOSDEV03_R007_snr20,20,speech,substitution,bò,bo,7,7,huyen,ngang,bo,bo,bo,bo,true,false,tone_loss,,,true,false,false,true,MỘT CHUYẾN DU LỊCH DÃ NGOẠI TẠI BÒ CẠP VÀNG,một chuyến du lịch giả ngoại tại bo cà phàn
aligned_v1,vivos,phowhisper,base,tone_aware_lora,0.05,42,VIVOSDEV03_R007_snr5,5,noise,substitution,bò,bo,7,7,huyen,ngang,bo,bo,bo,bo,true,false,tone_loss,,,true,false,false,true,MỘT CHUYẾN DU LỊCH DÃ NGOẠI TẠI BÒ CẠP VÀNG,một chuyến du lịch giả ngoại tại bo cập vàng
aligned_v1,vivos,phowhisper,base,tone_aware_lora,0.05,42,VIVOSDEV03_R007_snr5,5,noise,substitution,cạp,cập,8,8,nang,nang,cap,câp,cap,cap,false,true,,vowel_quality_addition,a→â,false,false,false,false,MỘT CHUYẾN DU LỊCH DÃ NGOẠI TẠI BÒ CẠP VÀNG,một chuyến du lịch giả ngoại tại bo cập vàng
aligned_v1,vivos,phowhisper,base,tone_aware_lora,0.05,42,VIVOSDEV03_R056_clean,clean,clean,substitution,đọng,động,3,3,nang,nang,đong,đông,dong,dong,false,true,,vowel_quality_addition,o→ô,false,false,false,false,SƯƠNG MÙ ĐÃ ĐỌNG THÀNH NHỮNG HẠT GIÁ BĂNG,xương mù đã động thành những hạt giá băng
aligned_v1,vivos,phowhisper,base,tone_aware_lora,0.05,42,VIVOSDEV03_R056_snr0,0,noise,substitution,đọng,động,3,3,nang,nang,đong,đông,dong,dong,false,true,,vowel_quality_addition,o→ô,false,false,false,false,SƯƠNG MÙ ĐÃ ĐỌNG THÀNH NHỮNG HẠT GIÁ BĂNG,xương mù đã động thành những hạt giá băng
aligned_v1,vivos,phowhisper,base,tone_aware_lora,0.05,42,VIVOSDEV03_R056_snr10,10,noise,substitution,đọng,động,3,3,nang,nang,đong,đông,dong,dong,false,true,,vowel_quality_addition,o→ô,false,false,false,false,SƯƠNG MÙ ĐÃ ĐỌNG THÀNH NHỮNG HẠT GIÁ BĂNG,xương mù đã động thành những hạt giá băng
aligned_v1,vivos,phowhisper,base,tone_aware_lora,0.05,42,VIVOSDEV03_R056_snr20,20,noise,substitution,đọng,động,3,3,nang,nang,đong,đông,dong,dong,false,true,,vowel_quality_addition,o→ô,false,false,false,false,SƯƠNG MÙ ĐÃ ĐỌNG THÀNH NHỮNG HẠT GIÁ BĂNG,xương mù đã động thành những hạt giá băng
aligned_v1,vivos,phowhisper,base,tone_aware_lora,0.05,42,VIVOSDEV03_R056_snr5,5,noise,substitution,đọng,động,3,3,nang,nang,đong,đông,dong,dong,false,true,,vowel_quality_addition,o→ô,false,false,false,false,SƯƠNG MÙ ĐÃ ĐỌNG THÀNH NHỮNG HẠT GIÁ BĂNG,xương mù đã động thành những hạt giá băng
aligned_v1,vivos,phowhisper,base,tone_aware_lora,0.05,42,VIVOSDEV03_R092_snr0,0,music,deletion,phù,,5,,huyen,,phu,,phu,,true,false,word_deletion,,,false,false,false,false,ĐỂ CHỌN MÁY IN CHO PHÙ HỢP,để chọn máy in cho bộ
aligned_v1,vivos,phowhisper,base,tone_aware_lora,0.05,42,VIVOSDEV03_R113_clean,clean,clean,substitution,lảy,lẫy,4,4,hoi,nga,lay,lây,lay,lay,false,true,,vowel_quality_addition,a→â,false,false,false,false,VÌ BẠN CÓ THỂ LẢY CÒ TỪNG PHÁT MỘT,vì bạn có thể lẫy cò từng phát một
aligned_v1,vivos,phowhisper,base,tone_aware_lora,0.05,42,VIVOSDEV03_R113_snr0,0,noise,substitution,lảy,lấy,4,4,hoi,sac,lay,lây,lay,lay,false,true,,vowel_quality_addition,a→â,false,false,false,false,VÌ BẠN CÓ THỂ LẢY CÒ TỪNG PHÁT MỘT,vì bạn có thể lấy cò từ thân thì thân thì
aligned_v1,vivos,phowhisper,base,tone_aware_lora,0.05,42,VIVOSDEV03_R113_snr10,10,music,substitution,lảy,lẫy,4,4,hoi,nga,lay,lây,lay,lay,false,true,,vowel_quality_addition,a→â,false,false,false,false,VÌ BẠN CÓ THỂ LẢY CÒ TỪNG PHÁT MỘT,vì bạn có thể lẫy cò từng phát một
aligned_v1,vivos,phowhisper,base,tone_aware_lora,0.05,42,VIVOSDEV03_R113_snr20,20,music,substitution,lảy,lẫy,4,4,hoi,nga,lay,lây,lay,lay,false,true,,vowel_quality_addition,a→â,false,false,false,false,VÌ BẠN CÓ THỂ LẢY CÒ TỪNG PHÁT MỘT,vì bạn có thể lẫy cò từng phát một
aligned_v1,vivos,phowhisper,base,tone_aware_lora,0.05,42,VIVOSDEV03_R113_snr5,5,noise,substitution,lảy,lẫy,4,4,hoi,nga,lay,lây,lay,lay,false,true,,vowel_quality_addition,a→â,false,false,false,false,VÌ BẠN CÓ THỂ LẢY CÒ TỪNG PHÁT MỘT,vì bạn có thể lẫy cò từng phát một
aligned_v1,vivos,phowhisper,base,tone_aware_lora,0.05,42,VIVOSDEV03_R142_clean,clean,clean,substitution,ngựa,ngửa,4,4,nang,hoi,ngưa,ngưa,ngua,ngua,true,false,tone_substitution,,,false,false,false,false,TRONG TƯ THẾ PHI NGỰA CHỒM LÊN,trong tư thế phi ngửa chồm lên
aligned_v1,vivos,phowhisper,base,tone_aware_lora,0.05,42,VIVOSDEV03_R142_snr10,10,music,substitution,ngựa,ngửa,4,4,nang,hoi,ngưa,ngưa,ngua,ngua,true,false,tone_substitution,,,false,false,false,false,TRONG TƯ THẾ PHI NGỰA CHỒM LÊN,trong tư thế phi ngửa chồng lên
aligned_v1,vivos,phowhisper,base,tone_aware_lora,0.05,42,VIVOSDEV03_R142_snr20,20,noise,substitution,ngựa,ngửa,4,4,nang,hoi,ngưa,ngưa,ngua,ngua,true,false,tone_substitution,,,false,false,false,false,TRONG TƯ THẾ PHI NGỰA CHỒM LÊN,trong tư thế phi ngửa chồm lên
aligned_v1,vivos,phowhisper,base,tone_aware_lora,0.05,42,VIVOSDEV03_R142_snr5,5,speech,substitution,chồm,chờm,5,5,huyen,huyen,chôm,chơm,chom,chom,false,true,,vowel_quality_substitution,ô→ơ,false,false,false,false,TRONG TƯ THẾ PHI NGỰA CHỒM LÊN,trong tư thế phiên ngựa chờm lên
aligned_v1,vivos,phowhisper,base,tone_aware_lora,0.05,42,VIVOSDEV03_R149_snr5,5,speech,substitution,xóm,xốm,3,3,sac,sac,xom,xôm,xom,xom,false,true,,vowel_quality_addition,o→ô,false,false,false,false,BÀ CON CHÒM XÓM,bà con chòm xốm
aligned_v1,vivos,phowhisper,base,tone_aware_lora,0.05,42,VIVOSDEV03_R160_clean,clean,clean,substitution,sâu,sau,5,5,ngang,ngang,sâu,sau,sau,sau,false,true,,vowel_quality_loss,â→a,false,true,false,true,DỌC HAI BÊN SÔNG NGÀN SÂU,dọc hai bên xong ngàn sau
aligned_v1,vivos,phowhisper,base,tone_aware_lora,0.05,42,VIVOSDEV03_R160_snr10,10,noise,substitution,sâu,sau,5,5,ngang,ngang,sâu,sau,sau,sau,false,true,,vowel_quality_loss,â→a,false,true,false,true,DỌC HAI BÊN SÔNG NGÀN SÂU,dọc hai bên xong ngàn sau
aligned_v1,vivos,phowhisper,base,tone_aware_lora,0.05,42,VIVOSDEV03_R160_snr20,20,noise,substitution,sâu,sau,5,5,ngang,ngang,sâu,sau,sau,sau,false,true,,vowel_quality_loss,â→a,false,true,false,true,DỌC HAI BÊN SÔNG NGÀN SÂU,dọc hai bên xong ngàn sau
aligned_v1,vivos,phowhisper,base,tone_aware_lora,0.05,42,VIVOSDEV03_R160_snr5,5,music,substitution,sâu,sau,5,5,ngang,ngang,sâu,sau,sau,sau,false,true,,vowel_quality_loss,â→a,false,true,false,true,DỌC HAI BÊN SÔNG NGÀN SÂU,dọc hai bên xong ngàn sau
aligned_v1,vivos,phowhisper,base,tone_aware_lora,0.05,42,VIVOSDEV03_R191_snr10,10,noise,substitution,ngựa,ngửa,1,1,nang,hoi,ngưa,ngưa,ngua,ngua,true,false,tone_substitution,,,false,false,false,false,CỠI NGỰA ĐI THI,cửi ngửa đi thi
aligned_v1,vivos,phowhisper,base,tone_aware_lora,0.05,42,VIVOSDEV03_R198_snr0,0,speech,substitution,nơi,nới,3,3,ngang,sac,nơi,nơi,noi,noi,true,false,tone_addition,,,false,false,false,false,RỒI ĐI KHẮP NƠI TÌM THẦY CHỮA BỆNH CHO ANH,rồi đi không nới tim hay chữ bà nhoàn
aligned_v1,vivos,phowhisper,base,tone_aware_lora,0.05,42,VIVOSDEV03_R198_snr0,0,speech,substitution,tìm,tim,4,4,huyen,ngang,tim,tim,tim,tim,true,false,tone_loss,,,true,false,false,true,RỒI ĐI KHẮP NƠI TÌM THẦY CHỮA BỆNH CHO ANH,rồi đi không nới tim hay chữ bà nhoàn
aligned_v1,vivos,phowhisper,base,tone_aware_lora,0.05,42,VIVOSDEV03_R198_snr0,0,speech,deletion,thầy,,5,,huyen,,thây,,thay,,true,false,word_deletion,,,false,false,false,false,RỒI ĐI KHẮP NƠI TÌM THẦY CHỮA BỆNH CHO ANH,rồi đi không nới tim hay chữ bà nhoàn
aligned_v1,vivos,phowhisper,base,tone_aware_lora,0.05,42,VIVOSDEV03_T017_clean,clean,clean,substitution,đây,đấy,7,7,ngang,sac,đây,đây,day,day,true,false,tone_addition,,,false,false,false,false,BÁC VẪN CHƯA TRẢ TIỀN CHO TÔI ĐÂY NHÉ,bác vẫn chưa rõ tiền cho tôi đấy nhé
aligned_v1,vivos,phowhisper,base,tone_aware_lora,0.05,42,VIVOSDEV03_T017_snr0,0,noise,substitution,đây,đấy,7,7,ngang,sac,đây,đây,day,day,true,false,tone_addition,,,false,false,false,false,BÁC VẪN CHƯA TRẢ TIỀN CHO TÔI ĐÂY NHÉ,bác vẫn chưa rõ tiền cho tôi đấy nhé
aligned_v1,vivos,phowhisper,base,tone_aware_lora,0.05,42,VIVOSDEV03_T017_snr10,10,speech,substitution,đây,đấy,7,7,ngang,sac,đây,đây,day,day,true,false,tone_addition,,,false,false,false,false,BÁC VẪN CHƯA TRẢ TIỀN CHO TÔI ĐÂY NHÉ,bác vẫn chưa rõ tiền cho tôi đấy nhé
aligned_v1,vivos,phowhisper,base,tone_aware_lora,0.05,42,VIVOSDEV03_T017_snr20,20,noise,substitution,đây,đấy,7,7,ngang,sac,đây,đây,day,day,true,false,tone_addition,,,false,false,false,false,BÁC VẪN CHƯA TRẢ TIỀN CHO TÔI ĐÂY NHÉ,bác vẫn chưa rõ tiền cho tôi đấy nhé
aligned_v1,vivos,phowhisper,base,tone_aware_lora,0.05,42,VIVOSDEV04_R008_snr5,5,noise,substitution,vắng,váng,3,3,sac,sac,văng,vang,vang,vang,false,true,,vowel_quality_loss,ă→a,false,true,false,true,NHỮNG NGÀY ĐẦU VẮNG BÓNG BA VIỆT CỨ THỪ NGƯỜI NGHĨ NGỢI,những ngày đầu váng bóng ba miệng cứ thừ người nghĩ ngợi
aligned_v1,vivos,phowhisper,base,tone_aware_lora,0.05,42,VIVOSDEV04_R049_clean,clean,clean,substitution,tối,tới,1,1,sac,sac,tôi,tơi,toi,toi,false,true,,vowel_quality_substitution,ô→ơ,false,false,false,false,VÌ TỐI ĐÓ,vì tới đó
aligned_v1,vivos,phowhisper,base,tone_aware_lora,0.05,42,VIVOSDEV04_R049_snr10,10,speech,substitution,tối,tới,1,1,sac,sac,tôi,tơi,toi,toi,false,true,,vowel_quality_substitution,ô→ơ,false,false,false,false,VÌ TỐI ĐÓ,vì tới đó
aligned_v1,vivos,phowhisper,base,tone_aware_lora,0.05,42,VIVOSDEV04_R049_snr20,20,noise,substitution,tối,tới,1,1,sac,sac,tôi,tơi,toi,toi,false,true,,vowel_quality_substitution,ô→ơ,false,false,false,false,VÌ TỐI ĐÓ,vì tới đó
aligned_v1,vivos,phowhisper,base,tone_aware_lora,0.05,42,VIVOSDEV04_R049_snr5,5,music,substitution,vì,vị,0,0,huyen,nang,vi,vi,vi,vi,true,false,tone_substitution,,,false,false,false,false,VÌ TỐI ĐÓ,vị tới đó
aligned_v1,vivos,phowhisper,base,tone_aware_lora,0.05,42,VIVOSDEV04_R049_snr5,5,music,substitution,tối,tới,1,1,sac,sac,tôi,tơi,toi,toi,false,true,,vowel_quality_substitution,ô→ơ,false,false,false,false,VÌ TỐI ĐÓ,vị tới đó
aligned_v1,vivos,phowhisper,base,tone_aware_lora,0.05,42,VIVOSDEV04_R051_clean,clean,clean,substitution,bàu,bầu,1,1,huyen,huyen,bau,bâu,bau,bau,false,true,,vowel_quality_addition,a→â,false,false,false,false,RẠCH BÀU MỚP,rạch bầu mướp
aligned_v1,vivos,phowhisper,base,tone_aware_lora,0.05,42,VIVOSDEV04_R051_snr0,0,music,substitution,bàu,bầu,1,1,huyen,huyen,bau,bâu,bau,bau,false,true,,vowel_quality_addition,a→â,false,false,false,false,RẠCH BÀU MỚP,rạch bầu nước
aligned_v1,vivos,phowhisper,base,tone_aware_lora,0.05,42,VIVOSDEV04_R051_snr10,10,music,substitution,bàu,bầu,1,1,huyen,huyen,bau,bâu,bau,bau,false,true,,vowel_quality_addition,a→â,false,false,false,false,RẠCH BÀU MỚP,rạch bầu mướp
aligned_v1,vivos,phowhisper,base,tone_aware_lora,0.05,42,VIVOSDEV04_R051_snr20,20,noise,substitution,bàu,bầu,1,1,huyen,huyen,bau,bâu,bau,bau,false,true,,vowel_quality_addition,a→â,false,false,false,false,RẠCH BÀU MỚP,gặt bầu mướp
aligned_v1,vivos,phowhisper,base,tone_aware_lora,0.05,42,VIVOSDEV04_R051_snr5,5,noise,substitution,bàu,bầu,1,1,huyen,huyen,bau,bâu,bau,bau,false,true,,vowel_quality_addition,a→â,false,false,false,false,RẠCH BÀU MỚP,rạch bầu mức
aligned_v1,vivos,phowhisper,base,tone_aware_lora,0.05,42,VIVOSDEV04_R081_clean,clean,clean,substitution,thọ,thỏ,5,5,nang,hoi,tho,tho,tho,tho,true,false,tone_substitution,,,false,false,false,false,VÀ TÔI THẤY HOA VẠN THỌ VÀNG ƯƠM,và tôi thấy qua vạn thỏ vàng ươm
aligned_v1,vivos,phowhisper,base,tone_aware_lora,0.05,42,VIVOSDEV04_R081_snr0,0,music,substitution,vạn,vận,4,4,nang,nang,van,vân,van,van,false,true,,vowel_quality_addition,a→â,false,false,false,false,VÀ TÔI THẤY HOA VẠN THỌ VÀNG ƯƠM,và tôi thấy qua vận họ toàn gương
aligned_v1,vivos,phowhisper,base,tone_aware_lora,0.05,42,VIVOSDEV04_R081_snr10,10,noise,substitution,vạn,vận,4,4,nang,nang,van,vân,van,van,false,true,,vowel_quality_addition,a→â,false,false,false,false,VÀ TÔI THẤY HOA VẠN THỌ VÀNG ƯƠM,và tôi thấy qua vận họ vàng ươm
aligned_v1,vivos,phowhisper,base,tone_aware_lora,0.05,42,VIVOSDEV04_R081_snr20,20,music,substitution,thọ,thỏ,5,5,nang,hoi,tho,tho,tho,tho,true,false,tone_substitution,,,false,false,false,false,VÀ TÔI THẤY HOA VẠN THỌ VÀNG ƯƠM,và tôi thấy qua vạn thỏ vàng ươm
aligned_v1,vivos,phowhisper,base,tone_aware_lora,0.05,42,VIVOSDEV04_R081_snr5,5,noise,substitution,thọ,thỏ,5,5,nang,hoi,tho,tho,tho,tho,true,false,tone_substitution,,,false,false,false,false,VÀ TÔI THẤY HOA VẠN THỌ VÀNG ƯƠM,và tôi thấy qua vạn thỏ vàng ươm
aligned_v1,vivos,phowhisper,base,tone_aware_lora,0.05,42,VIVOSDEV04_R092_snr10,10,noise,substitution,vây,vay,5,5,ngang,ngang,vây,vay,vay,vay,false,true,,vowel_quality_loss,â→a,false,true,false,true,BỊ CÁC CÔ GÁI BAO VÂY RÁO RIẾT,bị cất cô gái bò vay ráu riết
aligned_v1,vivos,phowhisper,base,tone_aware_lora,0.05,42,VIVOSDEV04_R097_snr20,20,music,substitution,thù,thu,5,5,huyen,ngang,thu,thu,thu,thu,true,false,tone_loss,,,true,false,false,true,NGOÀI VIỆC PHÁT HIỆN KẺ THÙ,ngoài việc phát hiện cải thu
aligned_v1,vivos,phowhisper,base,tone_aware_lora,0.05,42,VIVOSDEV04_R097_snr5,5,music,substitution,thù,thu,5,5,huyen,ngang,thu,thu,thu,thu,true,false,tone_loss,,,true,false,false,true,NGOÀI VIỆC PHÁT HIỆN KẺ THÙ,ngoài việc phát hiện cải thu
aligned_v1,vivos,phowhisper,base,tone_aware_lora,0.05,42,VIVOSDEV04_R118_clean,clean,clean,substitution,ngại,ngài,5,5,nang,huyen,ngai,ngai,ngai,ngai,true,false,tone_substitution,,,false,false,false,false,TRẺ EM ĐÂU CÓ CHƯỚNG NGẠI VẬT,trẻ em đâu có chứ ngài vật
aligned_v1,vivos,phowhisper,base,tone_aware_lora,0.05,42,VIVOSDEV04_R118_snr0,0,music,substitution,đâu,đau,2,2,ngang,ngang,đâu,đau,dau,dau,false,true,,vowel_quality_loss,â→a,false,true,false,true,TRẺ EM ĐÂU CÓ CHƯỚNG NGẠI VẬT,trẻ em đau khó chứ ngoài vật
aligned_v1,vivos,phowhisper,base,tone_aware_lora,0.05,42,VIVOSDEV04_R118_snr10,10,music,substitution,ngại,ngài,5,5,nang,huyen,ngai,ngai,ngai,ngai,true,false,tone_substitution,,,false,false,false,false,TRẺ EM ĐÂU CÓ CHƯỚNG NGẠI VẬT,trẻ em đâu có chứ ngài vật
aligned_v1,vivos,phowhisper,base,tone_aware_lora,0.05,42,VIVOSDEV04_R118_snr20,20,music,substitution,ngại,ngài,5,5,nang,huyen,ngai,ngai,ngai,ngai,true,false,tone_substitution,,,false,false,false,false,TRẺ EM ĐÂU CÓ CHƯỚNG NGẠI VẬT,trẻ em đâu có chứ ngài vật
aligned_v1,vivos,phowhisper,base,tone_aware_lora,0.05,42,VIVOSDEV04_R118_snr5,5,music,substitution,ngại,ngài,5,5,nang,huyen,ngai,ngai,ngai,ngai,true,false,tone_substitution,,,false,false,false,false,TRẺ EM ĐÂU CÓ CHƯỚNG NGẠI VẬT,trẻ em đâu có chứ ngài vật
aligned_v1,vivos,phowhisper,base,tone_aware_lora,0.05,42,VIVOSDEV04_R129_clean,clean,clean,substitution,đang,đăng,0,0,ngang,ngang,đang,đăng,dang,dang,false,true,,vowel_quality_addition,a→ă,false,false,false,false,ĐANG THẢO LUẬN VỀ ĐỀ XUẤT,đăng thảo luận về đề xuất
aligned_v1,vivos,phowhisper,base,tone_aware_lora,0.05,42,VIVOSDEV04_R129_snr0,0,noise,substitution,đang,đăng,0,0,ngang,ngang,đang,đăng,dang,dang,false,true,,vowel_quality_addition,a→ă,false,false,false,false,ĐANG THẢO LUẬN VỀ ĐỀ XUẤT,đăng thảo luận về đề xuất
aligned_v1,vivos,phowhisper,base,tone_aware_lora,0.05,42,VIVOSDEV04_R129_snr10,10,noise,substitution,đang,đăng,0,0,ngang,ngang,đang,đăng,dang,dang,false,true,,vowel_quality_addition,a→ă,false,false,false,false,ĐANG THẢO LUẬN VỀ ĐỀ XUẤT,đăng thảo luận về đề xuất
aligned_v1,vivos,phowhisper,base,tone_aware_lora,0.05,42,VIVOSDEV04_R129_snr20,20,music,substitution,đang,đăng,0,0,ngang,ngang,đang,đăng,dang,dang,false,true,,vowel_quality_addition,a→ă,false,false,false,false,ĐANG THẢO LUẬN VỀ ĐỀ XUẤT,đăng thảo luận về đề xuất
aligned_v1,vivos,phowhisper,base,tone_aware_lora,0.05,42,VIVOSDEV04_R129_snr5,5,noise,substitution,đang,đăng,0,0,ngang,ngang,đang,đăng,dang,dang,false,true,,vowel_quality_addition,a→ă,false,false,false,false,ĐANG THẢO LUẬN VỀ ĐỀ XUẤT,đăng thảo luận về đề xuất
aligned_v1,vivos,phowhisper,base,tone_aware_lora,0.05,42,VIVOSDEV04_R149_clean,clean,clean,substitution,ngắn,ngán,4,4,sac,sac,ngăn,ngan,ngan,ngan,false,true,,vowel_quality_loss,ă→a,false,true,false,true,MỘT CÔ GÁI VÁY NGẮN CŨN CỠN CHẠY LÊN HỎI,một cô gái váy ngán củng cỡn chạy lên họ
aligned_v1,vivos,phowhisper,base,tone_aware_lora,0.05,42,VIVOSDEV04_R149_snr10,10,music,substitution,ngắn,ngán,4,4,sac,sac,ngăn,ngan,ngan,ngan,false,true,,vowel_quality_loss,ă→a,false,true,false,true,MỘT CÔ GÁI VÁY NGẮN CŨN CỠN CHẠY LÊN HỎI,một cô gái phái ngán cũng cỡn chạy lên hỏa
aligned_v1,vivos,phowhisper,base,tone_aware_lora,0.05,42,VIVOSDEV04_R149_snr20,20,noise,substitution,ngắn,ngán,4,4,sac,sac,ngăn,ngan,ngan,ngan,false,true,,vowel_quality_loss,ă→a,false,true,false,true,MỘT CÔ GÁI VÁY NGẮN CŨN CỠN CHẠY LÊN HỎI,một cô gái váy ngán củng cỡn chạy lên họ
aligned_v1,vivos,phowhisper,base,tone_aware_lora,0.05,42,VIVOSDEV04_R149_snr5,5,noise,substitution,ngắn,ngán,4,4,sac,sac,ngăn,ngan,ngan,ngan,false,true,,vowel_quality_loss,ă→a,false,true,false,true,MỘT CÔ GÁI VÁY NGẮN CŨN CỠN CHẠY LÊN HỎI,một cô gái váy ngán trúng cởi chạy lên họ
aligned_v1,vivos,phowhisper,base,tone_aware_lora,0.05,42,VIVOSDEV04_R152_snr0,0,noise,substitution,màu,mầu,11,11,huyen,huyen,mau,mâu,mau,mau,false,true,,vowel_quality_addition,a→â,false,false,false,false,SẼ KHÔNG KHIẾN BẠN TRÔNG GẦY NHƯ NHỮNG TRANG PHỤC MỘT MÀU,sẽ không khiến bạn trông gầy như những trang phục mọc mầu
aligned_v1,vivos,phowhisper,base,tone_aware_lora,0.05,42,VIVOSDEV04_R152_snr5,5,speech,deletion,những,,7,,nga,,nhưng,,nhung,,true,false,word_deletion,,,false,false,false,false,SẼ KHÔNG KHIẾN BẠN TRÔNG GẦY NHƯ NHỮNG TRANG PHỤC MỘT MÀU,sẽ không khiến bạn trông gầy như nhỏ trong một màu
aligned_v1,vivos,phowhisper,base,tone_aware_lora,0.05,42,VIVOSDEV04_R162_snr5,5,speech,substitution,bóng,bông,6,6,sac,ngang,bong,bông,bong,bong,false,true,,vowel_quality_addition,o→ô,true,false,false,true,CÔ CHỈ MỚI VÀO LƯỚI NHẶT BÓNG HAI LẦN,cô chỉ mới vào lưới nhạc bông hai lần
aligned_v1,vivos,phowhisper,base,tone_aware_lora,0.05,42,VIVOSDEV04_T002_snr0,0,music,substitution,bảo,bão,7,7,hoi,nga,bao,bao,bao,bao,true,false,tone_substitution,,,false,false,false,false,CÓ TRẢ TIỀN CHO BỐ KHÔNG THÌ BẢO,có trò chuyện giống uốn không thì bão
aligned_v1,vivos,phowhisper,base,tone_aware_lora,0.05,42,VIVOSDEV04_T029_snr10,10,noise,substitution,thơ,thó,5,5,ngang,sac,thơ,tho,tho,tho,false,true,,vowel_quality_loss,ơ→o,false,true,false,true,ANH ĐI CÔNG TÁC CẦN THƠ TUẦN SAU MỚI VỀ,anh đi công tác cần thó tuần sau mối về
aligned_v1,vivos,phowhisper,base,tone_aware_lora,0.05,42,VIVOSDEV04_T029_snr10,10,noise,substitution,mới,mối,8,8,sac,sac,mơi,môi,moi,moi,false,true,,vowel_quality_substitution,ơ→ô,false,false,false,false,ANH ĐI CÔNG TÁC CẦN THƠ TUẦN SAU MỚI VỀ,anh đi công tác cần thó tuần sau mối về
aligned_v1,vivos,phowhisper,base,tone_aware_lora,0.05,42,VIVOSDEV04_T029_snr20,20,noise,substitution,thơ,thó,5,5,ngang,sac,thơ,tho,tho,tho,false,true,,vowel_quality_loss,ơ→o,false,true,false,true,ANH ĐI CÔNG TÁC CẦN THƠ TUẦN SAU MỚI VỀ,anh đi công tác cần thó tuần sau mới về
aligned_v1,vivos,phowhisper,base,tone_aware_lora,0.05,42,VIVOSDEV04_T032_clean,clean,clean,substitution,vỏ,võ,3,3,hoi,nga,vo,vo,vo,vo,true,false,tone_substitution,,,false,false,false,false,CAM SÀNH LỘT VỎ CÒN CHUA,công sành lọc võ còn chưa
aligned_v1,vivos,phowhisper,base,tone_aware_lora,0.05,42,VIVOSDEV04_T032_clean,clean,clean,substitution,chua,chưa,5,5,ngang,ngang,chua,chưa,chua,chua,false,true,,vowel_quality_addition,u→ư,false,false,false,false,CAM SÀNH LỘT VỎ CÒN CHUA,công sành lọc võ còn chưa
aligned_v1,vivos,phowhisper,base,tone_aware_lora,0.05,42,VIVOSDEV04_T032_snr0,0,music,substitution,chua,chưa,5,5,ngang,ngang,chua,chưa,chua,chua,false,true,,vowel_quality_addition,u→ư,false,false,false,false,CAM SÀNH LỘT VỎ CÒN CHUA,công sản lộc vỏ còn chưa
aligned_v1,vivos,phowhisper,base,tone_aware_lora,0.05,42,VIVOSDEV04_T032_snr10,10,noise,substitution,vỏ,võ,3,3,hoi,nga,vo,vo,vo,vo,true,false,tone_substitution,,,false,false,false,false,CAM SÀNH LỘT VỎ CÒN CHUA,công sành lọc võ còn chưa
aligned_v1,vivos,phowhisper,base,tone_aware_lora,0.05,42,VIVOSDEV04_T032_snr10,10,noise,substitution,chua,chưa,5,5,ngang,ngang,chua,chưa,chua,chua,false,true,,vowel_quality_addition,u→ư,false,false,false,false,CAM SÀNH LỘT VỎ CÒN CHUA,công sành lọc võ còn chưa
aligned_v1,vivos,phowhisper,base,tone_aware_lora,0.05,42,VIVOSDEV04_T032_snr20,20,noise,substitution,vỏ,võ,3,3,hoi,nga,vo,vo,vo,vo,true,false,tone_substitution,,,false,false,false,false,CAM SÀNH LỘT VỎ CÒN CHUA,công sành lọc võ còn chưa
aligned_v1,vivos,phowhisper,base,tone_aware_lora,0.05,42,VIVOSDEV04_T032_snr20,20,noise,substitution,chua,chưa,5,5,ngang,ngang,chua,chưa,chua,chua,false,true,,vowel_quality_addition,u→ư,false,false,false,false,CAM SÀNH LỘT VỎ CÒN CHUA,công sành lọc võ còn chưa
aligned_v1,vivos,phowhisper,base,tone_aware_lora,0.05,42,VIVOSDEV04_T032_snr5,5,music,substitution,chua,chưa,5,5,ngang,ngang,chua,chưa,chua,chua,false,true,,vowel_quality_addition,u→ư,false,false,false,false,CAM SÀNH LỘT VỎ CÒN CHUA,công trình lộc cỏ còn chưa
aligned_v1,vivos,phowhisper,base,tone_aware_lora,0.05,42,VIVOSDEV05_004_clean,clean,clean,deletion,là,,5,,huyen,,la,,la,,true,false,word_deletion,,,false,false,false,false,HÃY TƯỞNG TƯỢNG RẰNG BẠN LÀ LÀ GIÁM ĐỐC DỰ ÁN TRONG MỘT CÔNG TY LỚN,hãy tưởng tượng rằng bạn là giám đốc dự án trong một công ty lớn
aligned_v1,vivos,phowhisper,base,tone_aware_lora,0.05,42,VIVOSDEV05_004_snr0,0,speech,substitution,tượng,tưởng,2,2,nang,hoi,tương,tương,tuong,tuong,true,false,tone_substitution,,,false,false,false,false,HÃY TƯỞNG TƯỢNG RẰNG BẠN LÀ LÀ GIÁM ĐỐC DỰ ÁN TRONG MỘT CÔNG TY LỚN,hãy tin tưởng rằng bạn là giám đốc dự án trong một công ty lớn
aligned_v1,vivos,phowhisper,base,tone_aware_lora,0.05,42,VIVOSDEV05_004_snr0,0,speech,deletion,là,,5,,huyen,,la,,la,,true,false,word_deletion,,,false,false,false,false,HÃY TƯỞNG TƯỢNG RẰNG BẠN LÀ LÀ GIÁM ĐỐC DỰ ÁN TRONG MỘT CÔNG TY LỚN,hãy tin tưởng rằng bạn là giám đốc dự án trong một công ty lớn
aligned_v1,vivos,phowhisper,base,tone_aware_lora,0.05,42,VIVOSDEV05_004_snr10,10,noise,deletion,là,,5,,huyen,,la,,la,,true,false,word_deletion,,,false,false,false,false,HÃY TƯỞNG TƯỢNG RẰNG BẠN LÀ LÀ GIÁM ĐỐC DỰ ÁN TRONG MỘT CÔNG TY LỚN,hãy tưởng tượng rằng bạn là giám đốc dự án trong một công ty lớn
aligned_v1,vivos,phowhisper,base,tone_aware_lora,0.05,42,VIVOSDEV05_004_snr20,20,noise,deletion,là,,5,,huyen,,la,,la,,true,false,word_deletion,,,false,false,false,false,HÃY TƯỞNG TƯỢNG RẰNG BẠN LÀ LÀ GIÁM ĐỐC DỰ ÁN TRONG MỘT CÔNG TY LỚN,hãy tưởng tượng rằng bạn là giám đốc dự án trong một công ty lớn
aligned_v1,vivos,phowhisper,base,tone_aware_lora,0.05,42,VIVOSDEV05_004_snr5,5,noise,deletion,là,,5,,huyen,,la,,la,,true,false,word_deletion,,,false,false,false,false,HÃY TƯỞNG TƯỢNG RẰNG BẠN LÀ LÀ GIÁM ĐỐC DỰ ÁN TRONG MỘT CÔNG TY LỚN,hãy tưởng tượng rằng bạn là giám đốc dự án trong một công ty lớn
aligned_v1,vivos,phowhisper,base,tone_aware_lora,0.05,42,VIVOSDEV05_065_snr5,5,music,substitution,tha,thả,4,4,ngang,hoi,tha,tha,tha,tha,true,false,tone_addition,,,false,false,false,false,NHỮNG NGƯỜI SỐNG THÌ THA THẨN TRONG NHÀ NGOÀI NGÕ,những người sống thì thả thẳng trong nhà ngoài ngõ
aligned_v1,vivos,phowhisper,base,tone_aware_lora,0.05,42,VIVOSDEV05_091_snr5,5,speech,substitution,giô,giơ,1,1,ngang,ngang,giô,giơ,gio,gio,false,true,,vowel_quality_substitution,ô→ơ,false,false,false,false,TRÁN GIÔ,đáng giơ
aligned_v1,vivos,phowhisper,base,tone_aware_lora,0.05,42,VIVOSDEV05_107_clean,clean,clean,substitution,trông,trong,0,0,ngang,ngang,trông,trong,trong,trong,false,true,,vowel_quality_loss,ô→o,false,true,false,true,TRÔNG MỘT CÔ NÀNG ĐỔ NGƯỜI LÊN LƯNG ANH NGƯỜI YÊU GẦY CÒM,trong một cô nàng đỗ người lên lưng anh người yêu gầy cầm
aligned_v1,vivos,phowhisper,base,tone_aware_lora,0.05,42,VIVOSDEV05_107_clean,clean,clean,substitution,đổ,đỗ,4,4,hoi,nga,đô,đô,do,do,true,false,tone_substitution,,,false,false,false,false,TRÔNG MỘT CÔ NÀNG ĐỔ NGƯỜI LÊN LƯNG ANH NGƯỜI YÊU GẦY CÒM,trong một cô nàng đỗ người lên lưng anh người yêu gầy cầm
aligned_v1,vivos,phowhisper,base,tone_aware_lora,0.05,42,VIVOSDEV05_107_snr0,0,noise,substitution,trông,trong,0,0,ngang,ngang,trông,trong,trong,trong,false,true,,vowel_quality_loss,ô→o,false,true,false,true,TRÔNG MỘT CÔ NÀNG ĐỔ NGƯỜI LÊN LƯNG ANH NGƯỜI YÊU GẦY CÒM,trong một cô nàng đỗ người lên lưng anh người yêu gầy cầm
aligned_v1,vivos,phowhisper,base,tone_aware_lora,0.05,42,VIVOSDEV05_107_snr0,0,noise,substitution,đổ,đỗ,4,4,hoi,nga,đô,đô,do,do,true,false,tone_substitution,,,false,false,false,false,TRÔNG MỘT CÔ NÀNG ĐỔ NGƯỜI LÊN LƯNG ANH NGƯỜI YÊU GẦY CÒM,trong một cô nàng đỗ người lên lưng anh người yêu gầy cầm
aligned_v1,vivos,phowhisper,base,tone_aware_lora,0.05,42,VIVOSDEV05_107_snr10,10,noise,substitution,trông,trong,0,0,ngang,ngang,trông,trong,trong,trong,false,true,,vowel_quality_loss,ô→o,false,true,false,true,TRÔNG MỘT CÔ NÀNG ĐỔ NGƯỜI LÊN LƯNG ANH NGƯỜI YÊU GẦY CÒM,trong một cô nàng đỗ người lên lưng anh người yêu gầy còm
aligned_v1,vivos,phowhisper,base,tone_aware_lora,0.05,42,VIVOSDEV05_107_snr10,10,noise,substitution,đổ,đỗ,4,4,hoi,nga,đô,đô,do,do,true,false,tone_substitution,,,false,false,false,false,TRÔNG MỘT CÔ NÀNG ĐỔ NGƯỜI LÊN LƯNG ANH NGƯỜI YÊU GẦY CÒM,trong một cô nàng đỗ người lên lưng anh người yêu gầy còm
aligned_v1,vivos,phowhisper,base,tone_aware_lora,0.05,42,VIVOSDEV05_107_snr20,20,noise,substitution,trông,trong,0,0,ngang,ngang,trông,trong,trong,trong,false,true,,vowel_quality_loss,ô→o,false,true,false,true,TRÔNG MỘT CÔ NÀNG ĐỔ NGƯỜI LÊN LƯNG ANH NGƯỜI YÊU GẦY CÒM,trong một cô nàng đỗ người lên lưng anh người yêu gầy còm
aligned_v1,vivos,phowhisper,base,tone_aware_lora,0.05,42,VIVOSDEV05_107_snr20,20,noise,substitution,đổ,đỗ,4,4,hoi,nga,đô,đô,do,do,true,false,tone_substitution,,,false,false,false,false,TRÔNG MỘT CÔ NÀNG ĐỔ NGƯỜI LÊN LƯNG ANH NGƯỜI YÊU GẦY CÒM,trong một cô nàng đỗ người lên lưng anh người yêu gầy còm
aligned_v1,vivos,phowhisper,base,tone_aware_lora,0.05,42,VIVOSDEV05_107_snr5,5,noise,substitution,trông,trong,0,0,ngang,ngang,trông,trong,trong,trong,false,true,,vowel_quality_loss,ô→o,false,true,false,true,TRÔNG MỘT CÔ NÀNG ĐỔ NGƯỜI LÊN LƯNG ANH NGƯỜI YÊU GẦY CÒM,trong một cô nàng đỗ người lên lưng anh người yêu gầy cầm
aligned_v1,vivos,phowhisper,base,tone_aware_lora,0.05,42,VIVOSDEV05_107_snr5,5,noise,substitution,đổ,đỗ,4,4,hoi,nga,đô,đô,do,do,true,false,tone_substitution,,,false,false,false,false,TRÔNG MỘT CÔ NÀNG ĐỔ NGƯỜI LÊN LƯNG ANH NGƯỜI YÊU GẦY CÒM,trong một cô nàng đỗ người lên lưng anh người yêu gầy cầm
aligned_v1,vivos,phowhisper,base,tone_aware_lora,0.05,42,VIVOSDEV05_129_snr0,0,speech,substitution,loài,loại,5,5,huyen,nang,loai,loai,loai,loai,true,false,tone_substitution,,,false,false,false,false,THU HÚT RẤT LÀ NHIỀU LOÀI CHIM,thu hút rất là nhiều loại kem
aligned_v1,vivos,phowhisper,base,tone_aware_lora,0.05,42,VIVOSDEV05_202_snr0,0,speech,substitution,rả,rã,8,8,hoi,nga,ra,ra,ra,ra,true,false,tone_substitution,,,false,false,false,false,CHỊ HAI CHỦ QUÁN NGHE BÀN TÁN RÔM RẢ CŨNG RA GÓP CHUYỆN,chủ hai chụp qua ngay bàn tán rôm rã cũng ra góp chuyện
aligned_v1,vivos,phowhisper,base,tone_aware_lora,0.05,42,VIVOSDEV05_251_clean,clean,clean,substitution,ma,má,3,3,ngang,sac,ma,ma,ma,ma,true,false,tone_addition,,,false,false,false,false,BỌN BUÔN LẬU MA TÚY VÀ VŨ KHÍ,bọn buôn lậu má túy và vũ khí
aligned_v1,vivos,phowhisper,base,tone_aware_lora,0.05,42,VIVOSDEV05_251_snr10,10,noise,substitution,ma,má,3,3,ngang,sac,ma,ma,ma,ma,true,false,tone_addition,,,false,false,false,false,BỌN BUÔN LẬU MA TÚY VÀ VŨ KHÍ,bọn buôn lậu má túy và vũ khí
aligned_v1,vivos,phowhisper,base,tone_aware_lora,0.05,42,VIVOSDEV05_251_snr20,20,speech,substitution,ma,má,3,3,ngang,sac,ma,ma,ma,ma,true,false,tone_addition,,,false,false,false,false,BỌN BUÔN LẬU MA TÚY VÀ VŨ KHÍ,bọn buôn lậu má túy và vũ khí
aligned_v1,vivos,phowhisper,base,tone_aware_lora,0.05,42,VIVOSDEV05_251_snr5,5,music,substitution,ma,má,3,3,ngang,sac,ma,ma,ma,ma,true,false,tone_addition,,,false,false,false,false,BỌN BUÔN LẬU MA TÚY VÀ VŨ KHÍ,bọn buôn lậu má túy và vũ khí
aligned_v1,vivos,phowhisper,base,tone_aware_lora,0.05,42,VIVOSDEV05_295_snr10,10,noise,substitution,bị,bì,4,4,nang,huyen,bi,bi,bi,bi,true,false,tone_substitution,,,false,false,false,false,LÀM HỎNG CÁC THIẾT BỊ CỦA TÊN LỬA,làm hỏng các thước bì của tên lửa
aligned_v1,vivos,phowhisper,base,tone_aware_lora,0.05,42,VIVOSDEV06_016_snr0,0,music,substitution,cạo,cao,6,6,nang,ngang,cao,cao,cao,cao,true,false,tone_loss,,,true,false,false,true,RÂU RIA ĐÃ BA NGÀY KHÔNG CẠO,râu ria đã ba nghìn không cao
aligned_v1,vivos,phowhisper,base,tone_aware_lora,0.05,42,VIVOSDEV06_108_clean,clean,clean,substitution,rọ,rõ,3,3,nang,nga,ro,ro,ro,ro,true,false,tone_substitution,,,false,false,false,false,LÀM CÔ NÀNG RỌ RẠY THỨC TRẮNG CẢ ĐÊM,làm cô nàng rõ rây thức trắng cả đêm
aligned_v1,vivos,phowhisper,base,tone_aware_lora,0.05,42,VIVOSDEV06_108_clean,clean,clean,substitution,rạy,rây,4,4,nang,ngang,ray,rây,ray,ray,false,true,,vowel_quality_addition,a→â,true,false,false,true,LÀM CÔ NÀNG RỌ RẠY THỨC TRẮNG CẢ ĐÊM,làm cô nàng rõ rây thức trắng cả đêm
aligned_v1,vivos,phowhisper,base,tone_aware_lora,0.05,42,VIVOSDEV06_108_snr0,0,music,substitution,rọ,rõ,3,3,nang,nga,ro,ro,ro,ro,true,false,tone_substitution,,,false,false,false,false,LÀM CÔ NÀNG RỌ RẠY THỨC TRẮNG CẢ ĐÊM,làm cô nàng rõ rơi thức trắng cả đêm
aligned_v1,vivos,phowhisper,base,tone_aware_lora,0.05,42,VIVOSDEV06_108_snr10,10,noise,substitution,rọ,rõ,3,3,nang,nga,ro,ro,ro,ro,true,false,tone_substitution,,,false,false,false,false,LÀM CÔ NÀNG RỌ RẠY THỨC TRẮNG CẢ ĐÊM,làm cô nàng rõ rây thức trắng cả đêm
aligned_v1,vivos,phowhisper,base,tone_aware_lora,0.05,42,VIVOSDEV06_108_snr10,10,noise,substitution,rạy,rây,4,4,nang,ngang,ray,rây,ray,ray,false,true,,vowel_quality_addition,a→â,true,false,false,true,LÀM CÔ NÀNG RỌ RẠY THỨC TRẮNG CẢ ĐÊM,làm cô nàng rõ rây thức trắng cả đêm
aligned_v1,vivos,phowhisper,base,tone_aware_lora,0.05,42,VIVOSDEV06_108_snr20,20,noise,substitution,rọ,rõ,3,3,nang,nga,ro,ro,ro,ro,true,false,tone_substitution,,,false,false,false,false,LÀM CÔ NÀNG RỌ RẠY THỨC TRẮNG CẢ ĐÊM,làm cô nàng rõ rây thức trắng cả đêm
aligned_v1,vivos,phowhisper,base,tone_aware_lora,0.05,42,VIVOSDEV06_108_snr20,20,noise,substitution,rạy,rây,4,4,nang,ngang,ray,rây,ray,ray,false,true,,vowel_quality_addition,a→â,true,false,false,true,LÀM CÔ NÀNG RỌ RẠY THỨC TRẮNG CẢ ĐÊM,làm cô nàng rõ rây thức trắng cả đêm
aligned_v1,vivos,phowhisper,base,tone_aware_lora,0.05,42,VIVOSDEV06_108_snr5,5,speech,substitution,rọ,rõ,3,3,nang,nga,ro,ro,ro,ro,true,false,tone_substitution,,,false,false,false,false,LÀM CÔ NÀNG RỌ RẠY THỨC TRẮNG CẢ ĐÊM,làm cô nàng rõ rơi thức trắng cả đêm
aligned_v1,vivos,phowhisper,base,tone_aware_lora,0.05,42,VIVOSDEV06_117_clean,clean,clean,substitution,khối,khói,2,2,sac,sac,khôi,khoi,khoi,khoi,false,true,,vowel_quality_loss,ô→o,false,true,false,true,GIẢI QUYẾT KHỐI UNG NHỌT NÀY PHẢI CẦN ĐẾN MỘT CUỘC ĐẠI PHẪU NGHIÊM TÚC,giải quyết khói uông nhọt này phải cần đến một cuộc đại phẫu nghiêm túc
aligned_v1,vivos,phowhisper,base,tone_aware_lora,0.05,42,VIVOSDEV06_117_snr0,0,music,substitution,khối,khói,2,2,sac,sac,khôi,khoi,khoi,khoi,false,true,,vowel_quality_loss,ô→o,false,true,false,true,GIẢI QUYẾT KHỐI UNG NHỌT NÀY PHẢI CẦN ĐẾN MỘT CUỘC ĐẠI PHẪU NGHIÊM TÚC,giải quyết khói uông nhọt mà bạn cần đến một cuộc đại phẫu nghiêm túc
aligned_v1,vivos,phowhisper,base,tone_aware_lora,0.05,42,VIVOSDEV06_117_snr10,10,noise,substitution,khối,khói,2,2,sac,sac,khôi,khoi,khoi,khoi,false,true,,vowel_quality_loss,ô→o,false,true,false,true,GIẢI QUYẾT KHỐI UNG NHỌT NÀY PHẢI CẦN ĐẾN MỘT CUỘC ĐẠI PHẪU NGHIÊM TÚC,giải quyết khói uông nhọt này phải cần đến một cuộc đại phẫu nghiêm túc
aligned_v1,vivos,phowhisper,base,tone_aware_lora,0.05,42,VIVOSDEV06_117_snr20,20,noise,substitution,khối,khói,2,2,sac,sac,khôi,khoi,khoi,khoi,false,true,,vowel_quality_loss,ô→o,false,true,false,true,GIẢI QUYẾT KHỐI UNG NHỌT NÀY PHẢI CẦN ĐẾN MỘT CUỘC ĐẠI PHẪU NGHIÊM TÚC,giải quyết khói uông nhọt này phải cần đến một cuộc đại phẫu nghiêm túc
aligned_v1,vivos,phowhisper,base,tone_aware_lora,0.05,42,VIVOSDEV06_117_snr5,5,noise,substitution,khối,khói,2,2,sac,sac,khôi,khoi,khoi,khoi,false,true,,vowel_quality_loss,ô→o,false,true,false,true,GIẢI QUYẾT KHỐI UNG NHỌT NÀY PHẢI CẦN ĐẾN MỘT CUỘC ĐẠI PHẪU NGHIÊM TÚC,giải quyết khói uông nhọt này phải cần đến một cuộc đại phẫu nghiêm túc
aligned_v1,vivos,phowhisper,base,tone_aware_lora,0.05,42,VIVOSDEV06_126_clean,clean,clean,substitution,mốt,mót,8,8,sac,sac,môt,mot,mot,mot,false,true,,vowel_quality_loss,ô→o,false,true,false,true,THẬM CHÍ CÀNG GIỐNG ÁO QUÍ NÀNG CÀNG MỐT,thậm chí càng giống áo quý nàng càng mót
aligned_v1,vivos,phowhisper,base,tone_aware_lora,0.05,42,VIVOSDEV06_126_snr0,0,noise,substitution,mốt,mót,8,8,sac,sac,môt,mot,mot,mot,false,true,,vowel_quality_loss,ô→o,false,true,false,true,THẬM CHÍ CÀNG GIỐNG ÁO QUÍ NÀNG CÀNG MỐT,thậm chí càng giống áo quý nàng càng mót
aligned_v1,vivos,phowhisper,base,tone_aware_lora,0.05,42,VIVOSDEV06_126_snr10,10,noise,substitution,mốt,mót,8,8,sac,sac,môt,mot,mot,mot,false,true,,vowel_quality_loss,ô→o,false,true,false,true,THẬM CHÍ CÀNG GIỐNG ÁO QUÍ NÀNG CÀNG MỐT,thậm chí càng giống áo quý nàng càng mót
aligned_v1,vivos,phowhisper,base,tone_aware_lora,0.05,42,VIVOSDEV06_126_snr20,20,noise,substitution,mốt,mót,8,8,sac,sac,môt,mot,mot,mot,false,true,,vowel_quality_loss,ô→o,false,true,false,true,THẬM CHÍ CÀNG GIỐNG ÁO QUÍ NÀNG CÀNG MỐT,thậm chí càng giống áo quý nàng càng mót
aligned_v1,vivos,phowhisper,base,tone_aware_lora,0.05,42,VIVOSDEV06_126_snr5,5,noise,substitution,mốt,mót,8,8,sac,sac,môt,mot,mot,mot,false,true,,vowel_quality_loss,ô→o,false,true,false,true,THẬM CHÍ CÀNG GIỐNG ÁO QUÍ NÀNG CÀNG MỐT,thậm chí càng giống áo quý nàng càng mót
aligned_v1,vivos,phowhisper,base,tone_aware_lora,0.05,42,VIVOSDEV06_184_clean,clean,clean,substitution,ngán,ngắn,10,10,sac,sac,ngan,ngăn,ngan,ngan,false,true,,vowel_quality_addition,a→ă,false,false,false,false,HOẶC BẠN SẼ ĐẾN ĐẤY VỚI MỘT TÂM TRẠNG CHÁN NGÁN VÔ CÙNG,hoặc bạn sẽ đến đấy với một tâm trạng chán ngắn vô cùng
aligned_v1,vivos,phowhisper,base,tone_aware_lora,0.05,42,VIVOSDEV06_184_snr10,10,speech,substitution,ngán,ngắn,10,10,sac,sac,ngan,ngăn,ngan,ngan,false,true,,vowel_quality_addition,a→ă,false,false,false,false,HOẶC BẠN SẼ ĐẾN ĐẤY VỚI MỘT TÂM TRẠNG CHÁN NGÁN VÔ CÙNG,hoặc bạn sẽ đến đấy với một tâm trạng chán ngắn vô cùng
aligned_v1,vivos,phowhisper,base,tone_aware_lora,0.05,42,VIVOSDEV06_184_snr20,20,noise,substitution,ngán,ngắn,10,10,sac,sac,ngan,ngăn,ngan,ngan,false,true,,vowel_quality_addition,a→ă,false,false,false,false,HOẶC BẠN SẼ ĐẾN ĐẤY VỚI MỘT TÂM TRẠNG CHÁN NGÁN VÔ CÙNG,hoặc bạn sẽ đến đấy với một tâm trạng chán ngắn vô cùng
aligned_v1,vivos,phowhisper,base,tone_aware_lora,0.05,42,VIVOSDEV06_184_snr5,5,noise,substitution,ngán,ngắn,10,10,sac,sac,ngan,ngăn,ngan,ngan,false,true,,vowel_quality_addition,a→ă,false,false,false,false,HOẶC BẠN SẼ ĐẾN ĐẤY VỚI MỘT TÂM TRẠNG CHÁN NGÁN VÔ CÙNG,hoặc bạn sẽ đến đấy với một tâm trạng chán ngắn vô cùng
aligned_v1,vivos,phowhisper,base,tone_aware_lora,0.05,42,VIVOSDEV06_253_snr0,0,noise,substitution,đau,đâu,6,6,ngang,ngang,đau,đâu,dau,dau,false,true,,vowel_quality_addition,a→â,false,false,false,false,CHẲNG LÀ MẤY HÔM NAY TÔI ĐAU BỤNG QUÁ,chẳng là mấy hôm nay tôi đâu bụng quá
aligned_v1,vivos,phowhisper,base,tone_aware_lora,0.05,42,VIVOSDEV06_287_snr0,0,music,substitution,thì,thị,5,5,huyen,nang,thi,thi,thi,thi,true,false,tone_substitution,,,false,false,false,false,LƯƠNG BA CỌC BA ĐỒNG THÌ NUÔI ĐƯỢC AI,lương ba gộc ba đồng thị nuôi được ai
aligned_v1,vivos,phowhisper,base,tone_aware_lora,0.05,42,VIVOSDEV07_002_clean,clean,clean,substitution,hằng,hàng,0,0,huyen,huyen,hăng,hang,hang,hang,false,true,,vowel_quality_loss,ă→a,false,true,false,true,HẰNG NĂM CHÚNG TA THẢI RA HÀNG TỈ THIẾT BỊ ĐIỆN TỬ,hàng năm chúng ta thể ra hàng tỉ thiết bị điện tử
aligned_v1,vivos,phowhisper,base,tone_aware_lora,0.05,42,VIVOSDEV07_002_snr10,10,music,substitution,hằng,hàng,0,0,huyen,huyen,hăng,hang,hang,hang,false,true,,vowel_quality_loss,ă→a,false,true,false,true,HẰNG NĂM CHÚNG TA THẢI RA HÀNG TỈ THIẾT BỊ ĐIỆN TỬ,hàng năm chúng ta thể ra hàng tỉ thiết bị điện tử
aligned_v1,vivos,phowhisper,base,tone_aware_lora,0.05,42,VIVOSDEV07_002_snr20,20,music,substitution,hằng,hàng,0,0,huyen,huyen,hăng,hang,hang,hang,false,true,,vowel_quality_loss,ă→a,false,true,false,true,HẰNG NĂM CHÚNG TA THẢI RA HÀNG TỈ THIẾT BỊ ĐIỆN TỬ,hàng năm chúng ta thể ra hàng tỉ thiết bị điện tử
aligned_v1,vivos,phowhisper,base,tone_aware_lora,0.05,42,VIVOSDEV07_002_snr5,5,noise,substitution,hằng,hàng,0,0,huyen,huyen,hăng,hang,hang,hang,false,true,,vowel_quality_loss,ă→a,false,true,false,true,HẰNG NĂM CHÚNG TA THẢI RA HÀNG TỈ THIẾT BỊ ĐIỆN TỬ,hàng năm chúng ta thể ra hàng tỉ thiết bị điện tử
aligned_v1,vivos,phowhisper,base,tone_aware_lora,0.05,42,VIVOSDEV07_045_clean,clean,clean,substitution,vại,vải,3,3,nang,hoi,vai,vai,vai,vai,true,false,tone_substitution,,,false,false,false,false,HOẶC CHO VÀO VẠI MUỐI ĐỂ LỢN ĂN DẦN,hoặc cho vào vải muối để lợn ăn dần
aligned_v1,vivos,phowhisper,base,tone_aware_lora,0.05,42,VIVOSDEV07_045_snr0,0,speech,substitution,vại,vài,3,3,nang,huyen,vai,vai,vai,vai,true,false,tone_substitution,,,false,false,false,false,HOẶC CHO VÀO VẠI MUỐI ĐỂ LỢN ĂN DẦN,hoặc cho vào vài mốt để lợn ngắt dần
aligned_v1,vivos,phowhisper,base,tone_aware_lora,0.05,42,VIVOSDEV07_045_snr10,10,noise,substitution,vại,vải,3,3,nang,hoi,vai,vai,vai,vai,true,false,tone_substitution,,,false,false,false,false,HOẶC CHO VÀO VẠI MUỐI ĐỂ LỢN ĂN DẦN,hoặc cho vào vải muối để lợn ăn dần
aligned_v1,vivos,phowhisper,base,tone_aware_lora,0.05,42,VIVOSDEV07_045_snr20,20,music,substitution,vại,vải,3,3,nang,hoi,vai,vai,vai,vai,true,false,tone_substitution,,,false,false,false,false,HOẶC CHO VÀO VẠI MUỐI ĐỂ LỢN ĂN DẦN,hoặc cho vào vải muối để lợn ăn dần
aligned_v1,vivos,phowhisper,base,tone_aware_lora,0.05,42,VIVOSDEV07_045_snr5,5,speech,substitution,vại,vài,3,3,nang,huyen,vai,vai,vai,vai,true,false,tone_substitution,,,false,false,false,false,HOẶC CHO VÀO VẠI MUỐI ĐỂ LỢN ĂN DẦN,hoặc cho vào vài muối để lợn ăn dần
aligned_v1,vivos,phowhisper,base,tone_aware_lora,0.05,42,VIVOSDEV07_067_clean,clean,clean,substitution,mềm,mèm,4,4,huyen,huyen,mêm,mem,mem,mem,false,true,,vowel_quality_loss,ê→e,false,true,false,true,CHẠM VÀO PHẦN THÓP MỀM TRÊN ĐẦU BÉ,chạm vào phần thóp mèm trên đầu bé
aligned_v1,vivos,phowhisper,base,tone_aware_lora,0.05,42,VIVOSDEV07_084_clean,clean,clean,deletion,thấy,,3,,sac,,thây,,thay,,true,false,word_deletion,,,false,false,false,false,THÌ BỖNG NGHE THẤY TIẾNG OÁC OÁC TỪ VẠT RỪNG PHI LAO,thì bỗng nghe tiếng oác oác từ vạc rừng phi lao
aligned_v1,vivos,phowhisper,base,tone_aware_lora,0.05,42,VIVOSDEV07_084_snr0,0,music,deletion,thấy,,3,,sac,,thây,,thay,,true,false,word_deletion,,,false,false,false,false,THÌ BỖNG NGHE THẤY TIẾNG OÁC OÁC TỪ VẠT RỪNG PHI LAO,thì bỗng nghe tiếng hoát hoát từ bạc rừng phi lao
aligned_v1,vivos,phowhisper,base,tone_aware_lora,0.05,42,VIVOSDEV07_084_snr10,10,noise,deletion,thấy,,3,,sac,,thây,,thay,,true,false,word_deletion,,,false,false,false,false,THÌ BỖNG NGHE THẤY TIẾNG OÁC OÁC TỪ VẠT RỪNG PHI LAO,thì bỗng nghe tiếng oác oác từ vạc rừng phi lao
aligned_v1,vivos,phowhisper,base,tone_aware_lora,0.05,42,VIVOSDEV07_084_snr20,20,music,deletion,thấy,,3,,sac,,thây,,thay,,true,false,word_deletion,,,false,false,false,false,THÌ BỖNG NGHE THẤY TIẾNG OÁC OÁC TỪ VẠT RỪNG PHI LAO,thì bỗng nghe tiếng oác oác từ vạc rừng phi lao
aligned_v1,vivos,phowhisper,base,tone_aware_lora,0.05,42,VIVOSDEV07_084_snr5,5,music,deletion,thấy,,3,,sac,,thây,,thay,,true,false,word_deletion,,,false,false,false,false,THÌ BỖNG NGHE THẤY TIẾNG OÁC OÁC TỪ VẠT RỪNG PHI LAO,thì bỗng nghe tiếng oát oát từ vạc rừng phi lao
aligned_v1,vivos,phowhisper,base,tone_aware_lora,0.05,42,VIVOSDEV07_115_clean,clean,clean,substitution,hót,hốt,5,5,sac,sac,hot,hôt,hot,hot,false,true,,vowel_quality_addition,o→ô,false,false,false,false,VÀO CƠ QUAN LÀ ANH HÓT GIỐNG HỆT NHỒNG MỚI LỘT LƯỠI VẬY,vào cơ quan là anh hốt giống hệt nhồng với lột lửi vậy
aligned_v1,vivos,phowhisper,base,tone_aware_lora,0.05,42,VIVOSDEV07_115_snr0,0,music,substitution,hót,hốt,5,5,sac,sac,hot,hôt,hot,hot,false,true,,vowel_quality_addition,o→ô,false,false,false,false,VÀO CƠ QUAN LÀ ANH HÓT GIỐNG HỆT NHỒNG MỚI LỘT LƯỠI VẬY,vào cơ quan là anh hốt giống hệt nhòng với lột lửi vậy
aligned_v1,vivos,phowhisper,base,tone_aware_lora,0.05,42,VIVOSDEV07_115_snr0,0,music,substitution,nhồng,nhòng,8,8,huyen,huyen,nhông,nhong,nhong,nhong,false,true,,vowel_quality_loss,ô→o,false,true,false,true,VÀO CƠ QUAN LÀ ANH HÓT GIỐNG HỆT NHỒNG MỚI LỘT LƯỠI VẬY,vào cơ quan là anh hốt giống hệt nhòng với lột lửi vậy
aligned_v1,vivos,phowhisper,base,tone_aware_lora,0.05,42,VIVOSDEV07_115_snr10,10,noise,substitution,hót,hốt,5,5,sac,sac,hot,hôt,hot,hot,false,true,,vowel_quality_addition,o→ô,false,false,false,false,VÀO CƠ QUAN LÀ ANH HÓT GIỐNG HỆT NHỒNG MỚI LỘT LƯỠI VẬY,vào cơ quan là anh hốt giống hệt nhồng với lột lửi vậy
aligned_v1,vivos,phowhisper,base,tone_aware_lora,0.05,42,VIVOSDEV07_115_snr20,20,noise,substitution,hót,hốt,5,5,sac,sac,hot,hôt,hot,hot,false,true,,vowel_quality_addition,o→ô,false,false,false,false,VÀO CƠ QUAN LÀ ANH HÓT GIỐNG HỆT NHỒNG MỚI LỘT LƯỠI VẬY,vào cơ quan là anh hốt giống hệt nhồng với lột lửi vậy
aligned_v1,vivos,phowhisper,base,tone_aware_lora,0.05,42,VIVOSDEV07_151_clean,clean,clean,deletion,rô,,0,,ngang,,rô,,ro,,true,false,word_deletion,,,false,false,false,false,RÔ BÓT THÔNG MINH,robot thông minh
aligned_v1,vivos,phowhisper,base,tone_aware_lora,0.05,42,VIVOSDEV07_151_snr0,0,noise,deletion,rô,,0,,ngang,,rô,,ro,,true,false,word_deletion,,,false,false,false,false,RÔ BÓT THÔNG MINH,robot hồng minh
aligned_v1,vivos,phowhisper,base,tone_aware_lora,0.05,42,VIVOSDEV07_151_snr10,10,speech,deletion,rô,,0,,ngang,,rô,,ro,,true,false,word_deletion,,,false,false,false,false,RÔ BÓT THÔNG MINH,robot thông minh
aligned_v1,vivos,phowhisper,base,tone_aware_lora,0.05,42,VIVOSDEV07_151_snr20,20,noise,deletion,rô,,0,,ngang,,rô,,ro,,true,false,word_deletion,,,false,false,false,false,RÔ BÓT THÔNG MINH,robot thông minh
aligned_v1,vivos,phowhisper,base,tone_aware_lora,0.05,42,VIVOSDEV07_151_snr5,5,noise,deletion,rô,,0,,ngang,,rô,,ro,,true,false,word_deletion,,,false,false,false,false,RÔ BÓT THÔNG MINH,robot thông minh
aligned_v1,vivos,phowhisper,base,tone_aware_lora,0.05,42,VIVOSDEV07_195_snr0,0,speech,deletion,tình,,6,,huyen,,tinh,,tinh,,true,false,word_deletion,,,false,false,false,false,HỌ CŨNG LUÔN TRÁNH XA NHỮNG TÌNH HUỐNG CÓ THỂ GÂY HẠI CHO HỌ,họ cũng luôn tránh xa những hố có thể gây ra trong những cái chai vắt
aligned_v1,vivos,phowhisper,base,tone_aware_lora,0.05,42,VIVOSDEV07_266_clean,clean,clean,substitution,mạ,mà,5,5,nang,huyen,ma,ma,ma,ma,true,false,tone_substitution,,,false,false,false,false,NÓNG GIẬN TÔI ĐÃ LĂNG MẠ ANH,nóng giận tôi đã lăn mà anh
aligned_v1,vivos,phowhisper,base,tone_aware_lora,0.05,42,VIVOSDEV07_266_snr0,0,noise,substitution,mạ,mà,5,5,nang,huyen,ma,ma,ma,ma,true,false,tone_substitution,,,false,false,false,false,NÓNG GIẬN TÔI ĐÃ LĂNG MẠ ANH,nóng giận tôi đã lần mà han
aligned_v1,vivos,phowhisper,base,tone_aware_lora,0.05,42,VIVOSDEV07_266_snr10,10,music,substitution,mạ,mà,5,5,nang,huyen,ma,ma,ma,ma,true,false,tone_substitution,,,false,false,false,false,NÓNG GIẬN TÔI ĐÃ LĂNG MẠ ANH,nóng giận tôi đã lăn mà anh
aligned_v1,vivos,phowhisper,base,tone_aware_lora,0.05,42,VIVOSDEV07_266_snr20,20,music,substitution,mạ,mà,5,5,nang,huyen,ma,ma,ma,ma,true,false,tone_substitution,,,false,false,false,false,NÓNG GIẬN TÔI ĐÃ LĂNG MẠ ANH,nóng giận tôi đã lăn mà anh
aligned_v1,vivos,phowhisper,base,tone_aware_lora,0.05,42,VIVOSDEV07_266_snr5,5,speech,substitution,mạ,mà,5,5,nang,huyen,ma,ma,ma,ma,true,false,tone_substitution,,,false,false,false,false,NÓNG GIẬN TÔI ĐÃ LĂNG MẠ ANH,nóng giận tôi đã lăn mà anh
aligned_v1,vivos,phowhisper,base,tone_aware_lora,0.05,42,VIVOSDEV08_005_snr20,20,noise,substitution,ấy,áy,3,3,sac,sac,ây,ay,ay,ay,false,true,,vowel_quality_loss,â→a,false,true,false,true,CÂY CỔ THỤ ẤY BẤT CHỢT BỊ BỆNH TẬT QUẬT NGÃ,cây cổ thụ áy bất chợt bị bệnh tật vật ngã
aligned_v1,vivos,phowhisper,base,tone_aware_lora,0.05,42,VIVOSDEV08_025_snr0,0,noise,substitution,ngẫm,ngắm,7,7,nga,sac,ngâm,ngăm,ngam,ngam,false,true,,vowel_quality_substitution,â→ă,false,false,false,false,ĐẠO DIỄN TRẺ NÀY CÓ NHIỀU ĐIỀU NGẪM NGỢI VỀ NGHỀ,đau diễn tả này có nhiều điều ngắm nghệ và nhờ
aligned_v1,vivos,phowhisper,base,tone_aware_lora,0.05,42,VIVOSDEV08_025_snr5,5,speech,substitution,ngẫm,ngắm,7,7,nga,sac,ngâm,ngăm,ngam,ngam,false,true,,vowel_quality_substitution,â→ă,false,false,false,false,ĐẠO DIỄN TRẺ NÀY CÓ NHIỀU ĐIỀU NGẪM NGỢI VỀ NGHỀ,đạo diễn trẻ này có nhiều điều ngắm nghề về nghề
aligned_v1,vivos,phowhisper,base,tone_aware_lora,0.05,42,VIVOSDEV08_053_snr5,5,speech,substitution,độc,đọc,11,11,nang,nang,đôc,đoc,doc,doc,false,true,,vowel_quality_loss,ô→o,false,true,false,true,BỞI CƠ QUAN CHUYÊN MÔN HOẶC THUÊ TỔ CHỨC KIỂM TOÁN ĐỘC LẬP,bởi cơ quan chuyên môn thuộc thế giới tích trực tuyến đọc lắm
aligned_v1,vivos,phowhisper,base,tone_aware_lora,0.05,42,VIVOSDEV08_077_snr0,0,speech,substitution,đầu,đau,1,1,huyen,ngang,đâu,đau,dau,dau,false,true,,vowel_quality_loss,â→a,true,true,false,true,BUỔI ĐẦU THẬT KHÓ KHĂN THEO ĐUỔI CHƯƠNG TRÌNH HỌC,mỗi đau là khó khăn theo đuổi chân tình học
aligned_v1,vivos,phowhisper,base,tone_aware_lora,0.05,42,VIVOSDEV08_159_snr0,0,music,substitution,biên,biến,7,7,ngang,sac,biên,biên,bien,bien,true,false,tone_addition,,,false,false,false,false,VỚI NGƯỜI MẸ Ở XÓM CHÀI LONG BIÊN,với người mẹ ở xóm chài long biến
aligned_v1,vivos,phowhisper,base,tone_aware_lora,0.05,42,VIVOSDEV08_210_snr0,0,music,deletion,hai,,0,,ngang,,hai,,hai,,true,false,word_deletion,,,false,false,false,false,HAI MƯƠI SÁU HAI MƯƠI BẢY,áy sáu tháng mười bảy
aligned_v1,vivos,phowhisper,base,tone_aware_lora,0.05,42,VIVOSDEV08_210_snr0,0,music,substitution,mươi,mười,4,3,ngang,huyen,mươi,mươi,muoi,muoi,true,false,tone_addition,,,false,false,false,false,HAI MƯƠI SÁU HAI MƯƠI BẢY,áy sáu tháng mười bảy
aligned_v1,vivos,phowhisper,base,tone_aware_lora,0.05,42,VIVOSDEV08_270_snr0,0,speech,substitution,nói,nơi,0,0,sac,ngang,noi,nơi,noi,noi,false,true,,vowel_quality_addition,o→ơ,true,false,false,true,NÓI THẬT ĐẤY À,nơi thật tay à
aligned_v1,vivos,phowhisper,base,tone_aware_lora,0.05,42,VIVOSDEV08_277_snr0,0,music,substitution,để,đẻ,5,5,hoi,hoi,đê,đe,de,de,false,true,,vowel_quality_loss,ê→e,false,true,false,true,ĐÀN ÔNG CÓ HAI THỨ ĐỂ BUỒN,đàn ông với hai thứ đẻ buồn
aligned_v1,vivos,phowhisper,base,tone_aware_lora,0.05,42,VIVOSDEV08_300_snr0,0,noise,substitution,hành,hạnh,6,6,huyen,nang,hanh,hanh,hanh,hanh,true,false,tone_substitution,,,false,false,false,false,ÁN MẠNG TRÊN TOA TÀU TỐC HÀNH,án mạng trên cao tàu thấp hạnh
aligned_v1,vivos,phowhisper,base,tone_aware_lora,0.05,42,VIVOSDEV08_300_snr10,10,music,substitution,tốc,tóc,5,5,sac,sac,tôc,toc,toc,toc,false,true,,vowel_quality_loss,ô→o,false,true,false,true,ÁN MẠNG TRÊN TOA TÀU TỐC HÀNH,án mạng trên toa tàu tóc hành
aligned_v1,vivos,phowhisper,base,tone_aware_lora,0.05,42,VIVOSDEV08_300_snr20,20,speech,substitution,tốc,tóc,5,5,sac,sac,tôc,toc,toc,toc,false,true,,vowel_quality_loss,ô→o,false,true,false,true,ÁN MẠNG TRÊN TOA TÀU TỐC HÀNH,án mạng trên toa tàu tóc hành
aligned_v1,vivos,phowhisper,base,tone_aware_lora,0.05,42,VIVOSDEV08_300_snr5,5,noise,substitution,tốc,tóc,5,5,sac,sac,tôc,toc,toc,toc,false,true,,vowel_quality_loss,ô→o,false,true,false,true,ÁN MẠNG TRÊN TOA TÀU TỐC HÀNH,án mạng trên cao tàu tóc hành
aligned_v1,vivos,phowhisper,base,tone_aware_lora,0.05,42,VIVOSDEV09_035_clean,clean,clean,substitution,loáng,loang,0,0,sac,ngang,loang,loang,loang,loang,true,false,tone_loss,,,true,false,false,true,LOÁNG THOÁNG TRĂN TRỞ LOÁNG THOÁNG BUỒN VUI,loang thoáng chằng chợ loang thoáng buồn vui
aligned_v1,vivos,phowhisper,base,tone_aware_lora,0.05,42,VIVOSDEV09_035_clean,clean,clean,substitution,loáng,loang,4,4,sac,ngang,loang,loang,loang,loang,true,false,tone_loss,,,true,false,false,true,LOÁNG THOÁNG TRĂN TRỞ LOÁNG THOÁNG BUỒN VUI,loang thoáng chằng chợ loang thoáng buồn vui
aligned_v1,vivos,phowhisper,base,tone_aware_lora,0.05,42,VIVOSDEV09_035_snr0,0,noise,substitution,loáng,loang,0,0,sac,ngang,loang,loang,loang,loang,true,false,tone_loss,,,true,false,false,true,LOÁNG THOÁNG TRĂN TRỞ LOÁNG THOÁNG BUỒN VUI,loang thoáng trầm trả loang thoáng bùi vu
aligned_v1,vivos,phowhisper,base,tone_aware_lora,0.05,42,VIVOSDEV09_035_snr0,0,noise,substitution,loáng,loang,4,4,sac,ngang,loang,loang,loang,loang,true,false,tone_loss,,,true,false,false,true,LOÁNG THOÁNG TRĂN TRỞ LOÁNG THOÁNG BUỒN VUI,loang thoáng trầm trả loang thoáng bùi vu
aligned_v1,vivos,phowhisper,base,tone_aware_lora,0.05,42,VIVOSDEV09_035_snr10,10,noise,substitution,loáng,loang,0,0,sac,ngang,loang,loang,loang,loang,true,false,tone_loss,,,true,false,false,true,LOÁNG THOÁNG TRĂN TRỞ LOÁNG THOÁNG BUỒN VUI,loang thoáng chăn chở loang thoáng buồn vui
aligned_v1,vivos,phowhisper,base,tone_aware_lora,0.05,42,VIVOSDEV09_035_snr10,10,noise,substitution,loáng,loang,4,4,sac,ngang,loang,loang,loang,loang,true,false,tone_loss,,,true,false,false,true,LOÁNG THOÁNG TRĂN TRỞ LOÁNG THOÁNG BUỒN VUI,loang thoáng chăn chở loang thoáng buồn vui
aligned_v1,vivos,phowhisper,base,tone_aware_lora,0.05,42,VIVOSDEV09_035_snr20,20,noise,substitution,loáng,loang,0,0,sac,ngang,loang,loang,loang,loang,true,false,tone_loss,,,true,false,false,true,LOÁNG THOÁNG TRĂN TRỞ LOÁNG THOÁNG BUỒN VUI,loang thoáng chằng chợ loang thoáng buồn vui
aligned_v1,vivos,phowhisper,base,tone_aware_lora,0.05,42,VIVOSDEV09_035_snr20,20,noise,substitution,loáng,loang,4,4,sac,ngang,loang,loang,loang,loang,true,false,tone_loss,,,true,false,false,true,LOÁNG THOÁNG TRĂN TRỞ LOÁNG THOÁNG BUỒN VUI,loang thoáng chằng chợ loang thoáng buồn vui
aligned_v1,vivos,phowhisper,base,tone_aware_lora,0.05,42,VIVOSDEV09_035_snr5,5,noise,substitution,loáng,loang,0,0,sac,ngang,loang,loang,loang,loang,true,false,tone_loss,,,true,false,false,true,LOÁNG THOÁNG TRĂN TRỞ LOÁNG THOÁNG BUỒN VUI,loang thoáng chăn chở loang thoáng buồn vui
aligned_v1,vivos,phowhisper,base,tone_aware_lora,0.05,42,VIVOSDEV09_035_snr5,5,noise,substitution,loáng,loang,4,4,sac,ngang,loang,loang,loang,loang,true,false,tone_loss,,,true,false,false,true,LOÁNG THOÁNG TRĂN TRỞ LOÁNG THOÁNG BUỒN VUI,loang thoáng chăn chở loang thoáng buồn vui
aligned_v1,vivos,phowhisper,base,tone_aware_lora,0.05,42,VIVOSDEV09_038_clean,clean,clean,substitution,vũ,vụ,3,4,nga,nang,vu,vu,vu,vu,true,false,tone_substitution,,,false,false,false,false,PHÒNG TRÀ KHIÊU VŨ CÁNH QUẠT CỐI XAY ĐỎ,phòng phòng trà kiev vụ gánh quạt có xay đỏ
aligned_v1,vivos,phowhisper,base,tone_aware_lora,0.05,42,VIVOSDEV09_038_snr0,0,speech,substitution,vũ,vụ,3,3,nga,nang,vu,vu,vu,vu,true,false,tone_substitution,,,false,false,false,false,PHÒNG TRÀ KHIÊU VŨ CÁNH QUẠT CỐI XAY ĐỎ,phòng trà yêu vụ khánh quản có say đỏ
aligned_v1,vivos,phowhisper,base,tone_aware_lora,0.05,42,VIVOSDEV09_038_snr5,5,noise,substitution,vũ,vụ,3,4,nga,nang,vu,vu,vu,vu,true,false,tone_substitution,,,false,false,false,false,PHÒNG TRÀ KHIÊU VŨ CÁNH QUẠT CỐI XAY ĐỎ,phòng phòng trà theo vụ cánh quạt khói xay đỏ
aligned_v1,vivos,phowhisper,base,tone_aware_lora,0.05,42,VIVOSDEV09_081_snr0,0,noise,deletion,ráo,,2,,sac,,rao,,rao,,true,false,word_deletion,,,false,false,false,false,ĐƯỢC MỸ RÁO RIẾT TUNG RA,được mỹ lác với côngura
aligned_v1,vivos,phowhisper,base,tone_aware_lora,0.05,42,VIVOSDEV09_098_snr0,0,music,substitution,cả,cá,1,1,hoi,sac,ca,ca,ca,ca,true,false,tone_substitution,,,false,false,false,false,KHIẾN CẢ HAI PHẢI GIẬN HỜN VÔ LÝ,khiến cá hai phải dạy hằng vô lý
aligned_v1,vivos,phowhisper,base,tone_aware_lora,0.05,42,VIVOSDEV09_163_clean,clean,clean,deletion,quá,,9,,sac,,qua,,qua,,true,false,word_deletion,,,false,false,false,false,ĐIỀU VÔ CÙNG QUAN TRỌNG TRONG THỜI ĐẠI CÓ QUÁ NHIỀU HOẠT ĐỘNG,điều vô cùng quan trọng trong thời đại có nhiều hoạt động
aligned_v1,vivos,phowhisper,base,tone_aware_lora,0.05,42,VIVOSDEV09_163_snr0,0,speech,deletion,quá,,9,,sac,,qua,,qua,,true,false,word_deletion,,,false,false,false,false,ĐIỀU VÔ CÙNG QUAN TRỌNG TRONG THỜI ĐẠI CÓ QUÁ NHIỀU HOẠT ĐỘNG,điều vô cùng quan trọng trong thời đại có nhiều hoạt động
aligned_v1,vivos,phowhisper,base,tone_aware_lora,0.05,42,VIVOSDEV09_163_snr10,10,noise,deletion,quá,,9,,sac,,qua,,qua,,true,false,word_deletion,,,false,false,false,false,ĐIỀU VÔ CÙNG QUAN TRỌNG TRONG THỜI ĐẠI CÓ QUÁ NHIỀU HOẠT ĐỘNG,điều vô cùng quan trọng trong thời đại có nhiều hoạt động
aligned_v1,vivos,phowhisper,base,tone_aware_lora,0.05,42,VIVOSDEV09_163_snr20,20,speech,deletion,quá,,9,,sac,,qua,,qua,,true,false,word_deletion,,,false,false,false,false,ĐIỀU VÔ CÙNG QUAN TRỌNG TRONG THỜI ĐẠI CÓ QUÁ NHIỀU HOẠT ĐỘNG,điều vô cùng quan trọng trong thời đại có nhiều hoạt động
aligned_v1,vivos,phowhisper,base,tone_aware_lora,0.05,42,VIVOSDEV09_163_snr5,5,noise,deletion,quá,,9,,sac,,qua,,qua,,true,false,word_deletion,,,false,false,false,false,ĐIỀU VÔ CÙNG QUAN TRỌNG TRONG THỜI ĐẠI CÓ QUÁ NHIỀU HOẠT ĐỘNG,điều vô cùng quan trọng trong thời đại có nhiều hoạt động
aligned_v1,vivos,phowhisper,base,tone_aware_lora,0.05,42,VIVOSDEV09_168_clean,clean,clean,substitution,mỗi,mọi,0,0,nga,nang,môi,moi,moi,moi,false,true,,vowel_quality_loss,ô→o,false,true,false,true,MỖI NGƯỜI CHÚNG TA SẼ CÓ NHỮNG THỨ KHÁC NHAU,mọi người chúng ta sẽ có những thứ khác nhau
aligned_v1,vivos,phowhisper,base,tone_aware_lora,0.05,42,VIVOSDEV09_168_snr0,0,noise,substitution,mỗi,mọi,0,0,nga,nang,môi,moi,moi,moi,false,true,,vowel_quality_loss,ô→o,false,true,false,true,MỖI NGƯỜI CHÚNG TA SẼ CÓ NHỮNG THỨ KHÁC NHAU,mọi người chúng ta sẽ có những thứ khác nhau
aligned_v1,vivos,phowhisper,base,tone_aware_lora,0.05,42,VIVOSDEV09_168_snr10,10,music,substitution,mỗi,mọi,0,0,nga,nang,môi,moi,moi,moi,false,true,,vowel_quality_loss,ô→o,false,true,false,true,MỖI NGƯỜI CHÚNG TA SẼ CÓ NHỮNG THỨ KHÁC NHAU,mọi người chúng ta sẽ khó những thứ khác nhau
aligned_v1,vivos,phowhisper,base,tone_aware_lora,0.05,42,VIVOSDEV09_168_snr5,5,noise,substitution,mỗi,mọi,0,0,nga,nang,môi,moi,moi,moi,false,true,,vowel_quality_loss,ô→o,false,true,false,true,MỖI NGƯỜI CHÚNG TA SẼ CÓ NHỮNG THỨ KHÁC NHAU,mọi người chúng ta sẽ có những thứ khác nhau
aligned_v1,vivos,phowhisper,base,tone_aware_lora,0.05,42,VIVOSDEV09_194_snr5,5,speech,substitution,vằng,vàng,6,6,huyen,huyen,văng,vang,vang,vang,false,true,,vowel_quality_loss,ă→a,false,true,false,true,TRÊN BẦU TRỜI ÁNH TRĂNG SÁNG VẰNG VẶC,trên bầu trời ánh trăng sáng vàng vặc
aligned_v1,vivos,phowhisper,base,tone_aware_lora,0.05,42,VIVOSDEV09_246_snr5,5,music,substitution,mươi,mười,1,1,ngang,huyen,mươi,mươi,muoi,muoi,true,false,tone_addition,,,false,false,false,false,CHÍN MƯƠI TÁM CHÍN MƯƠI CHÍN,thứ mười tám chín mười chín
aligned_v1,vivos,phowhisper,base,tone_aware_lora,0.05,42,VIVOSDEV09_246_snr5,5,music,substitution,mươi,mười,4,4,ngang,huyen,mươi,mươi,muoi,muoi,true,false,tone_addition,,,false,false,false,false,CHÍN MƯƠI TÁM CHÍN MƯƠI CHÍN,thứ mười tám chín mười chín
aligned_v1,vivos,phowhisper,base,tone_aware_lora,0.05,42,VIVOSDEV09_267_clean,clean,clean,substitution,có,cố,6,6,sac,sac,co,cô,co,co,false,true,,vowel_quality_addition,o→ô,false,false,false,false,CĂN NHÀ ĐẰNG KIA NGHE NÓI CÓ MA,căn nhà đằng kiên nghe nói cố ma
aligned_v1,vivos,phowhisper,base,tone_aware_lora,0.05,42,VIVOSDEV09_267_snr10,10,music,substitution,có,cố,6,6,sac,sac,co,cô,co,co,false,true,,vowel_quality_addition,o→ô,false,false,false,false,CĂN NHÀ ĐẰNG KIA NGHE NÓI CÓ MA,căn nhà đằng kia nghe nói cố ma
aligned_v1,vivos,phowhisper,base,tone_aware_lora,0.05,42,VIVOSDEV09_267_snr20,20,music,substitution,có,cố,6,6,sac,sac,co,cô,co,co,false,true,,vowel_quality_addition,o→ô,false,false,false,false,CĂN NHÀ ĐẰNG KIA NGHE NÓI CÓ MA,căn nhà đằng kia nghe nói cố ma
aligned_v1,vivos,phowhisper,base,tone_aware_lora,0.05,42,VIVOSDEV09_267_snr5,5,music,substitution,có,cố,6,6,sac,sac,co,cô,co,co,false,true,,vowel_quality_addition,o→ô,false,false,false,false,CĂN NHÀ ĐẰNG KIA NGHE NÓI CÓ MA,căn nhà đằng kia nghe nói cố ma
aligned_v1,vivos,phowhisper,base,tone_aware_lora,0.05,42,VIVOSDEV09_288_snr10,10,noise,substitution,du,dù,6,8,ngang,huyen,du,du,du,du,true,false,tone_addition,,,false,false,false,false,CHẮC SẮP TỚI THU XẾP ĐI DU LỊCH THÔI,chắc sắp tới thu xếp đi dù được dù gặp thôi
aligned_v1,vivos,phowhisper,base,tone_aware_lora,0.05,42,VIVOSDEV10_020_snr10,10,noise,substitution,lỗi,lõi,6,6,nga,nga,lôi,loi,loi,loi,false,true,,vowel_quality_loss,ô→o,false,true,false,true,VIỆC ÁP DỤNG CẢ BÀN VÁ LỖI VÀ CÔNG CỤ QUÉT,việc áp dụng cả bàn vá lõi và công cụ quét
aligned_v1,vivos,phowhisper,base,tone_aware_lora,0.05,42,VIVOSDEV10_020_snr20,20,music,substitution,lỗi,lõi,6,6,nga,nga,lôi,loi,loi,loi,false,true,,vowel_quality_loss,ô→o,false,true,false,true,VIỆC ÁP DỤNG CẢ BÀN VÁ LỖI VÀ CÔNG CỤ QUÉT,việc áp dụng cả bàn vá lõi và công cụ quét
aligned_v1,vivos,phowhisper,base,tone_aware_lora,0.05,42,VIVOSDEV10_024_snr0,0,noise,substitution,phay,phây,5,5,ngang,ngang,phay,phây,phay,phay,false,true,,vowel_quality_addition,a→â,false,false,false,false,NGOÀI TRỜI MƯA CỨ LAY PHAY RẮC HẠT,ngoài trời mưa tứ đai phây rát hạt
aligned_v1,vivos,phowhisper,base,tone_aware_lora,0.05,42,VIVOSDEV10_024_snr5,5,noise,substitution,phay,phây,5,5,ngang,ngang,phay,phây,phay,phay,false,true,,vowel_quality_addition,a→â,false,false,false,false,NGOÀI TRỜI MƯA CỨ LAY PHAY RẮC HẠT,ngoài trời mưa tứ đây phây gắt hạt
aligned_v1,vivos,phowhisper,base,tone_aware_lora,0.05,42,VIVOSDEV10_045_snr0,0,speech,substitution,trong,trông,3,3,ngang,ngang,trong,trông,trong,trong,false,true,,vowel_quality_addition,o→ô,false,false,false,false,TÔI LỚN LÊN TRONG SỰ GHẺ LẠNH CỦA NGƯỜI MẸ KẾ,tôi lớn lên trông sợ gẻ ảnh của người mẹ kể
aligned_v1,vivos,phowhisper,base,tone_aware_lora,0.05,42,VIVOSDEV10_045_snr0,0,speech,substitution,kế,kể,10,10,sac,hoi,kê,kê,ke,ke,true,false,tone_substitution,,,false,false,false,false,TÔI LỚN LÊN TRONG SỰ GHẺ LẠNH CỦA NGƯỜI MẸ KẾ,tôi lớn lên trông sợ gẻ ảnh của người mẹ kể
aligned_v1,vivos,phowhisper,base,tone_aware_lora,0.05,42,VIVOSDEV10_067_clean,clean,clean,substitution,ân,ận,4,4,ngang,nang,ân,ân,an,an,true,false,tone_addition,,,false,false,false,false,THẾ NHƯNG TÔI KHÔNG ÂN HẬN KHI TRỞ THÀNH ĐẢ NỮ,thế nhưng cùi hông ận hận khi trở thành đã ngữ
aligned_v1,vivos,phowhisper,base,tone_aware_lora,0.05,42,VIVOSDEV10_067_clean,clean,clean,substitution,đả,đã,9,9,hoi,nga,đa,đa,da,da,true,false,tone_substitution,,,false,false,false,false,THẾ NHƯNG TÔI KHÔNG ÂN HẬN KHI TRỞ THÀNH ĐẢ NỮ,thế nhưng cùi hông ận hận khi trở thành đã ngữ
aligned_v1,vivos,phowhisper,base,tone_aware_lora,0.05,42,VIVOSDEV10_067_snr0,0,noise,substitution,đả,đã,9,9,hoi,nga,đa,đa,da,da,true,false,tone_substitution,,,false,false,false,false,THẾ NHƯNG TÔI KHÔNG ÂN HẬN KHI TRỞ THÀNH ĐẢ NỮ,thế nhưng cùi hông ân hận thì chở hạnh đã ngữ
aligned_v1,vivos,phowhisper,base,tone_aware_lora,0.05,42,VIVOSDEV10_067_snr10,10,noise,substitution,ân,ẩn,4,4,ngang,hoi,ân,ân,an,an,true,false,tone_addition,,,false,false,false,false,THẾ NHƯNG TÔI KHÔNG ÂN HẬN KHI TRỞ THÀNH ĐẢ NỮ,thế nhưng cùi hông ẩn thận thì chở hạnh đã ngử
aligned_v1,vivos,phowhisper,base,tone_aware_lora,0.05,42,VIVOSDEV10_067_snr10,10,noise,substitution,đả,đã,9,9,hoi,nga,đa,đa,da,da,true,false,tone_substitution,,,false,false,false,false,THẾ NHƯNG TÔI KHÔNG ÂN HẬN KHI TRỞ THÀNH ĐẢ NỮ,thế nhưng cùi hông ẩn thận thì chở hạnh đã ngử
aligned_v1,vivos,phowhisper,base,tone_aware_lora,0.05,42,VIVOSDEV10_067_snr20,20,noise,substitution,đả,đã,9,9,hoi,nga,đa,đa,da,da,true,false,tone_substitution,,,false,false,false,false,THẾ NHƯNG TÔI KHÔNG ÂN HẬN KHI TRỞ THÀNH ĐẢ NỮ,thế nhưng cùi hông ảnh hận khi trở thành đã ngữ
aligned_v1,vivos,phowhisper,base,tone_aware_lora,0.05,42,VIVOSDEV10_067_snr5,5,music,substitution,đả,đã,9,9,hoi,nga,đa,đa,da,da,true,false,tone_substitution,,,false,false,false,false,THẾ NHƯNG TÔI KHÔNG ÂN HẬN KHI TRỞ THÀNH ĐẢ NỮ,thế nhưng tôi không ân hận khi trở thành đã ngữ
aligned_v1,vivos,phowhisper,base,tone_aware_lora,0.05,42,VIVOSDEV10_072_clean,clean,clean,substitution,đồng,động,2,2,huyen,nang,đông,đông,dong,dong,true,false,tone_substitution,,,false,false,false,false,TÔI THẤY ĐỒNG LƯƠNG CỦA MÌNH NĂM NĂM RỒI VẪN ĐỨNG NGUYÊN,cùi thấy động đương của mình ngâm ngâm rồi vẫn ứng nguyên
aligned_v1,vivos,phowhisper,base,tone_aware_lora,0.05,42,VIVOSDEV10_072_snr10,10,speech,substitution,đồng,động,2,2,huyen,nang,đông,đông,dong,dong,true,false,tone_substitution,,,false,false,false,false,TÔI THẤY ĐỒNG LƯƠNG CỦA MÌNH NĂM NĂM RỒI VẪN ĐỨNG NGUYÊN,cụ thấy động đương của mình năm năm rồi vẫn ứng nguyên
aligned_v1,vivos,phowhisper,base,tone_aware_lora,0.05,42,VIVOSDEV10_072_snr20,20,speech,substitution,đồng,động,2,2,huyen,nang,đông,đông,dong,dong,true,false,tone_substitution,,,false,false,false,false,TÔI THẤY ĐỒNG LƯƠNG CỦA MÌNH NĂM NĂM RỒI VẪN ĐỨNG NGUYÊN,cô thấy động đương của mình ngâm ngâm rồi vẫn hứng nguyên
aligned_v1,vivos,phowhisper,base,tone_aware_lora,0.05,42,VIVOSDEV10_072_snr5,5,noise,substitution,đồng,động,2,2,huyen,nang,đông,đông,dong,dong,true,false,tone_substitution,,,false,false,false,false,TÔI THẤY ĐỒNG LƯƠNG CỦA MÌNH NĂM NĂM RỒI VẪN ĐỨNG NGUYÊN,cô thấy động đương của mình ngâm ngâm rồi vẫn ứng ứng nguyên
aligned_v1,vivos,phowhisper,base,tone_aware_lora,0.05,42,VIVOSDEV10_073_snr10,10,music,substitution,bạo,bảo,4,4,nang,hoi,bao,bao,bao,bao,true,false,tone_substitution,,,false,false,false,false,ĐỂ CHẤM DỨT NẠN BẠO HÀNH TRONG GIA ĐÌNH,để cấm dứt ngạn bảo hành công gia đình
aligned_v1,vivos,phowhisper,base,tone_aware_lora,0.05,42,VIVOSDEV10_140_clean,clean,clean,substitution,cồm,còm,3,3,huyen,huyen,côm,com,com,com,false,true,,vowel_quality_loss,ô→o,false,true,false,true,CHÀNG TRAI LỒM CỒM BÒ DẬY MẶT MÀY XANH LÉT NHƯ TÀU LÁ CHUỐI,chàng trai đờm còm bò dậy mạch mày xanh đét như cào áo chuối
aligned_v1,vivos,phowhisper,base,tone_aware_lora,0.05,42,VIVOSDEV10_140_snr0,0,noise,substitution,cồm,còm,3,3,huyen,huyen,côm,com,com,com,false,true,,vowel_quality_loss,ô→o,false,true,false,true,CHÀNG TRAI LỒM CỒM BÒ DẬY MẶT MÀY XANH LÉT NHƯ TÀU LÁ CHUỐI,chàng trai đợm còm bồi dậy mảnh mày xanh bé như cào gác chuối
aligned_v1,vivos,phowhisper,base,tone_aware_lora,0.05,42,VIVOSDEV10_140_snr10,10,speech,substitution,cồm,còm,3,3,huyen,huyen,côm,com,com,com,false,true,,vowel_quality_loss,ô→o,false,true,false,true,CHÀNG TRAI LỒM CỒM BÒ DẬY MẶT MÀY XANH LÉT NHƯ TÀU LÁ CHUỐI,chàng trai đợm còm bồi dỉ mặt mày xanh đét như cào ếch chú
aligned_v1,vivos,phowhisper,base,tone_aware_lora,0.05,42,VIVOSDEV10_140_snr20,20,noise,substitution,cồm,còm,3,3,huyen,huyen,côm,com,com,com,false,true,,vowel_quality_loss,ô→o,false,true,false,true,CHÀNG TRAI LỒM CỒM BÒ DẬY MẶT MÀY XANH LÉT NHƯ TÀU LÁ CHUỐI,chàng trai đợm còm bò dậy mạch mày xanh đét như cào trái chuối
aligned_v1,vivos,phowhisper,base,tone_aware_lora,0.05,42,VIVOSDEV10_140_snr5,5,noise,substitution,cồm,còm,3,3,huyen,huyen,côm,com,com,com,false,true,,vowel_quality_loss,ô→o,false,true,false,true,CHÀNG TRAI LỒM CỒM BÒ DẬY MẶT MÀY XANH LÉT NHƯ TÀU LÁ CHUỐI,chàng trai đợp còm bồi dậy mạch mạch xanh đét như cào áo chuối
aligned_v1,vivos,phowhisper,base,tone_aware_lora,0.05,42,VIVOSDEV10_176_snr5,5,music,substitution,đám,đăm,5,5,sac,ngang,đam,đăm,dam,dam,false,true,,vowel_quality_addition,a→ă,true,false,false,true,TRONG TÌNH THẾ ẤY CHỈ ĐÁM TRẺ VEN SÔNG,trong tình thế ấy chỉ đăm trẻ ven sông
aligned_v1,vivos,phowhisper,base,tone_aware_lora,0.05,42,VIVOSDEV10_189_snr10,10,speech,substitution,nha,nhà,3,3,ngang,huyen,nha,nha,nha,nha,true,false,tone_addition,,,false,false,false,false,NẾU ĐI TIẾP NHA TRANG,nếu huy tiếp nhà trang
aligned_v1,vivos,phowhisper,base,tone_aware_lora,0.05,42,VIVOSDEV10_189_snr5,5,noise,substitution,nha,nhà,3,3,ngang,huyen,nha,nha,nha,nha,true,false,tone_addition,,,false,false,false,false,NẾU ĐI TIẾP NHA TRANG,nếu huy tiếp nhà trang
aligned_v1,vivos,phowhisper,base,tone_aware_lora,0.05,42,VIVOSDEV11_022_clean,clean,clean,deletion,giảm,,2,,hoi,,giam,,giam,,true,false,word_deletion,,,false,false,false,false,SẼ LÀM GIẢM TÌNH TRẠNG ÓI ỌC CỦA TRẺ,sẽ làm tình trạng ối ọc của trẻ
aligned_v1,vivos,phowhisper,base,tone_aware_lora,0.05,42,VIVOSDEV11_022_clean,clean,clean,substitution,ói,ối,5,4,sac,sac,oi,ôi,oi,oi,false,true,,vowel_quality_addition,o→ô,false,false,false,false,SẼ LÀM GIẢM TÌNH TRẠNG ÓI ỌC CỦA TRẺ,sẽ làm tình trạng ối ọc của trẻ
aligned_v1,vivos,phowhisper,base,tone_aware_lora,0.05,42,VIVOSDEV11_022_snr0,0,speech,deletion,giảm,,2,,hoi,,giam,,giam,,true,false,word_deletion,,,false,false,false,false,SẼ LÀM GIẢM TÌNH TRẠNG ÓI ỌC CỦA TRẺ,sẽ làm tình trạng ối ọc của trẻ
aligned_v1,vivos,phowhisper,base,tone_aware_lora,0.05,42,VIVOSDEV11_022_snr0,0,speech,substitution,ói,ối,5,4,sac,sac,oi,ôi,oi,oi,false,true,,vowel_quality_addition,o→ô,false,false,false,false,SẼ LÀM GIẢM TÌNH TRẠNG ÓI ỌC CỦA TRẺ,sẽ làm tình trạng ối ọc của trẻ
aligned_v1,vivos,phowhisper,base,tone_aware_lora,0.05,42,VIVOSDEV11_022_snr10,10,noise,deletion,giảm,,2,,hoi,,giam,,giam,,true,false,word_deletion,,,false,false,false,false,SẼ LÀM GIẢM TÌNH TRẠNG ÓI ỌC CỦA TRẺ,sẽ làm tình trạng ói óc của trẻ
aligned_v1,vivos,phowhisper,base,tone_aware_lora,0.05,42,VIVOSDEV11_022_snr10,10,noise,substitution,ọc,óc,6,5,nang,sac,oc,oc,oc,oc,true,false,tone_substitution,,,false,false,false,false,SẼ LÀM GIẢM TÌNH TRẠNG ÓI ỌC CỦA TRẺ,sẽ làm tình trạng ói óc của trẻ
aligned_v1,vivos,phowhisper,base,tone_aware_lora,0.05,42,VIVOSDEV11_022_snr20,20,music,deletion,giảm,,2,,hoi,,giam,,giam,,true,false,word_deletion,,,false,false,false,false,SẼ LÀM GIẢM TÌNH TRẠNG ÓI ỌC CỦA TRẺ,sẽ làm tình trạng ói óc của trẻ
aligned_v1,vivos,phowhisper,base,tone_aware_lora,0.05,42,VIVOSDEV11_022_snr20,20,music,substitution,ọc,óc,6,5,nang,sac,oc,oc,oc,oc,true,false,tone_substitution,,,false,false,false,false,SẼ LÀM GIẢM TÌNH TRẠNG ÓI ỌC CỦA TRẺ,sẽ làm tình trạng ói óc của trẻ
aligned_v1,vivos,phowhisper,base,tone_aware_lora,0.05,42,VIVOSDEV11_022_snr5,5,noise,deletion,giảm,,2,,hoi,,giam,,giam,,true,false,word_deletion,,,false,false,false,false,SẼ LÀM GIẢM TÌNH TRẠNG ÓI ỌC CỦA TRẺ,sẽ làm tình trạng ối ọc của trẻ
aligned_v1,vivos,phowhisper,base,tone_aware_lora,0.05,42,VIVOSDEV11_022_snr5,5,noise,substitution,ói,ối,5,4,sac,sac,oi,ôi,oi,oi,false,true,,vowel_quality_addition,o→ô,false,false,false,false,SẼ LÀM GIẢM TÌNH TRẠNG ÓI ỌC CỦA TRẺ,sẽ làm tình trạng ối ọc của trẻ
aligned_v1,vivos,phowhisper,base,tone_aware_lora,0.05,42,VIVOSDEV11_095_snr0,0,speech,substitution,thứ,thử,1,2,sac,hoi,thư,thư,thu,thu,true,false,tone_substitution,,,false,false,false,false,MỌI THỨ ĐỀU ĐƯỢC MỔ XẺ LẠI,tím sôi thử đều được mổ xẻ lại
aligned_v1,vivos,phowhisper,base,tone_aware_lora,0.05,42,VIVOSDEV11_136_clean,clean,clean,substitution,hộ,hổ,4,4,nang,hoi,hô,hô,ho,ho,true,false,tone_substitution,,,false,false,false,false,KHI NHÂN VIÊN CỨU HỘ CỐ GẮNG ĐƯA NÓ LÊN SÀ LAN,khi nhân viên cứu hổ cố gắng đưa nó lên xà lan
aligned_v1,vivos,phowhisper,base,tone_aware_lora,0.05,42,VIVOSDEV11_136_snr0,0,noise,substitution,hộ,hổ,4,4,nang,hoi,hô,hô,ho,ho,true,false,tone_substitution,,,false,false,false,false,KHI NHÂN VIÊN CỨU HỘ CỐ GẮNG ĐƯA NÓ LÊN SÀ LAN,khi nhân viên cứu hổ cố gạc đưa nó lên xà lan
aligned_v1,vivos,phowhisper,base,tone_aware_lora,0.05,42,VIVOSDEV11_136_snr5,5,speech,substitution,hộ,hổ,4,4,nang,hoi,hô,hô,ho,ho,true,false,tone_substitution,,,false,false,false,false,KHI NHÂN VIÊN CỨU HỘ CỐ GẮNG ĐƯA NÓ LÊN SÀ LAN,khi nhân viên cứu hổ cố gắng đưa nó lên xà lan
aligned_v1,vivos,phowhisper,base,tone_aware_lora,0.05,42,VIVOSDEV11_147_clean,clean,clean,substitution,lua,lùa,11,11,ngang,huyen,lua,lua,lua,lua,true,false,tone_addition,,,false,false,false,false,GẮN LÔNG CHIM HỘT ĐÁ LÓNG LÁNH HAY BÈO DÚN TÙA LUA ĐẦY CỔ,gắn lông chim hột đá lóng lánh hay bèo dướt tù lùa đầy cổ
aligned_v1,vivos,phowhisper,base,tone_aware_lora,0.05,42,VIVOSDEV11_147_snr0,0,noise,substitution,chim,chìm,2,2,ngang,huyen,chim,chim,chim,chim,true,false,tone_addition,,,false,false,false,false,GẮN LÔNG CHIM HỘT ĐÁ LÓNG LÁNH HAY BÈO DÚN TÙA LUA ĐẦY CỔ,gắn lông chìm hột đá nóng lánh hay bèo dưới tù lô đầy khổ
aligned_v1,vivos,phowhisper,base,tone_aware_lora,0.05,42,VIVOSDEV11_198_snr0,0,noise,substitution,lơ,lờ,0,0,ngang,huyen,lơ,lơ,lo,lo,true,false,tone_addition,,,false,false,false,false,LƠ LỬNG TRÊN ĐẦU LÀ NHỮNG CHIẾC BẪY ĐÁ HÀNG TRĂM KHỐI,lờ lẫn trên đầu là những chiếc bẫy đá hàng trăm khối
aligned_v1,vivos,phowhisper,base,tone_aware_lora,0.05,42,VIVOSDEV11_198_snr5,5,music,substitution,lơ,lờ,0,0,ngang,huyen,lơ,lơ,lo,lo,true,false,tone_addition,,,false,false,false,false,LƠ LỬNG TRÊN ĐẦU LÀ NHỮNG CHIẾC BẪY ĐÁ HÀNG TRĂM KHỐI,lờ lửng trên đầu là những chiếc bẫy đá hàng trăm khối
aligned_v1,vivos,phowhisper,base,tone_aware_lora,0.05,42,VIVOSDEV12_006_clean,clean,clean,substitution,quá,qua,4,4,sac,ngang,qua,qua,qua,qua,true,false,tone_loss,,,true,false,false,true,TỪ SỰ DƯ THỪA QUÁ MỨC CỦA LUỒNG TIỀN NÀY,từ sự dư thừa qua mức của luồng tiền này
aligned_v1,vivos,phowhisper,base,tone_aware_lora,0.05,42,VIVOSDEV12_006_snr0,0,noise,substitution,quá,qua,4,4,sac,ngang,qua,qua,qua,qua,true,false,tone_loss,,,true,false,false,true,TỪ SỰ DƯ THỪA QUÁ MỨC CỦA LUỒNG TIỀN NÀY,từ sự dư thừa qua mức vỗ lượn tiền này
aligned_v1,vivos,phowhisper,base,tone_aware_lora,0.05,42,VIVOSDEV12_006_snr10,10,noise,substitution,quá,qua,4,4,sac,ngang,qua,qua,qua,qua,true,false,tone_loss,,,true,false,false,true,TỪ SỰ DƯ THỪA QUÁ MỨC CỦA LUỒNG TIỀN NÀY,từ sự dư thừa qua mức của luồng tiền này
aligned_v1,vivos,phowhisper,base,tone_aware_lora,0.05,42,VIVOSDEV12_006_snr20,20,music,substitution,quá,qua,4,4,sac,ngang,qua,qua,qua,qua,true,false,tone_loss,,,true,false,false,true,TỪ SỰ DƯ THỪA QUÁ MỨC CỦA LUỒNG TIỀN NÀY,từ sự dư thừa qua mức của luồng tiền này
aligned_v1,vivos,phowhisper,base,tone_aware_lora,0.05,42,VIVOSDEV12_032_snr0,0,music,substitution,loại,loài,1,1,nang,huyen,loai,loai,loai,loai,true,false,tone_substitution,,,false,false,false,false,CÁC LOẠI CÂY TRỒNG Ở RỪNG NÀY TOÀN CÂY KÉM GIÁ TRỊ,các loài cây trồng ở rừng ngày tòa cày kém giá trị
aligned_v1,vivos,phowhisper,base,tone_aware_lora,0.05,42,VIVOSDEV12_032_snr0,0,music,substitution,cây,cày,8,8,ngang,huyen,cây,cay,cay,cay,false,true,,vowel_quality_loss,â→a,false,true,false,true,CÁC LOẠI CÂY TRỒNG Ở RỪNG NÀY TOÀN CÂY KÉM GIÁ TRỊ,các loài cây trồng ở rừng ngày tòa cày kém giá trị
aligned_v1,vivos,phowhisper,base,tone_aware_lora,0.05,42,VIVOSDEV12_068_snr0,0,speech,substitution,mà,mạ,5,5,huyen,nang,ma,ma,ma,ma,true,false,tone_substitution,,,false,false,false,false,KHÔNG MỘT CHÚT TRẦY TRỤA MÀ ĐỀN CÁI GÌ,khâu một chút chạy trổ mạ đệ
aligned_v1,vivos,phowhisper,base,tone_aware_lora,0.05,42,VIVOSDEV12_068_snr0,0,speech,deletion,đền,,6,,huyen,,đên,,den,,true,false,word_deletion,,,false,false,false,false,KHÔNG MỘT CHÚT TRẦY TRỤA MÀ ĐỀN CÁI GÌ,khâu một chút chạy trổ mạ đệ
aligned_v1,vivos,phowhisper,base,tone_aware_lora,0.05,42,VIVOSDEV12_068_snr0,0,speech,deletion,cái,,7,,sac,,cai,,cai,,true,false,word_deletion,,,false,false,false,false,KHÔNG MỘT CHÚT TRẦY TRỤA MÀ ĐỀN CÁI GÌ,khâu một chút chạy trổ mạ đệ
aligned_v1,vivos,phowhisper,base,tone_aware_lora,0.05,42,VIVOSDEV12_116_snr0,0,noise,substitution,ảo,ào,5,5,hoi,huyen,ao,ao,ao,ao,true,false,tone_substitution,,,false,false,false,false,DƯỚI ÁNH ĐÈN MỜ MỜ ẢO ẢO,dưới ánh đèn mờ mờ ào ào
aligned_v1,vivos,phowhisper,base,tone_aware_lora,0.05,42,VIVOSDEV12_116_snr0,0,noise,substitution,ảo,ào,6,6,hoi,huyen,ao,ao,ao,ao,true,false,tone_substitution,,,false,false,false,false,DƯỚI ÁNH ĐÈN MỜ MỜ ẢO ẢO,dưới ánh đèn mờ mờ ào ào
aligned_v1,vivos,phowhisper,base,tone_aware_lora,0.05,42,VIVOSDEV12_116_snr5,5,music,substitution,ảo,ào,5,5,hoi,huyen,ao,ao,ao,ao,true,false,tone_substitution,,,false,false,false,false,DƯỚI ÁNH ĐÈN MỜ MỜ ẢO ẢO,dưới ánh đèn mờ mờ ào ảo
aligned_v1,vivos,phowhisper,base,tone_aware_lora,0.05,42,VIVOSDEV12_166_snr10,10,speech,deletion,ục,,4,,nang,,uc,,uc,,true,false,word_deletion,,,false,false,false,false,ỊCH GÃ TO BÉO ỤC ỊCH,ít gã to béo út
aligned_v1,vivos,phowhisper,base,tone_aware_lora,0.05,42,VIVOSDEV12_166_snr20,20,speech,substitution,gã,gạ,1,1,nga,nang,ga,ga,ga,ga,true,false,tone_substitution,,,false,false,false,false,ỊCH GÃ TO BÉO ỤC ỊCH,thịt gạ to béo ục
aligned_v1,vivos,phowhisper,base,tone_aware_lora,0.05,42,VIVOSDEV12_166_snr20,20,speech,deletion,ịch,,5,,nang,,ich,,ich,,true,false,word_deletion,,,false,false,false,false,ỊCH GÃ TO BÉO ỤC ỊCH,thịt gạ to béo ục
aligned_v1,vivos,phowhisper,base,tone_aware_lora,0.05,42,VIVOSDEV12_166_snr5,5,noise,deletion,ịch,,5,,nang,,ich,,ich,,true,false,word_deletion,,,false,false,false,false,ỊCH GÃ TO BÉO ỤC ỊCH,ịch gã to béo ục
aligned_v1,vivos,phowhisper,base,tone_aware_lora,0.05,42,VIVOSDEV12_169_clean,clean,clean,substitution,lươm,luôm,2,2,ngang,ngang,lươm,luôm,luom,luom,false,true,,vowel_quality_substitution,ư→u;ơ→ô,false,true,false,true,ÁO RÁCH LƯƠM BƯƠM,áo rách luôm buôm
aligned_v1,vivos,phowhisper,base,tone_aware_lora,0.05,42,VIVOSDEV12_169_clean,clean,clean,substitution,bươm,buôm,3,3,ngang,ngang,bươm,buôm,buom,buom,false,true,,vowel_quality_substitution,ư→u;ơ→ô,false,true,false,true,ÁO RÁCH LƯƠM BƯƠM,áo rách luôm buôm
aligned_v1,vivos,phowhisper,base,tone_aware_lora,0.05,42,VIVOSDEV12_169_snr0,0,noise,substitution,lươm,luôm,2,2,ngang,ngang,lươm,luôm,luom,luom,false,true,,vowel_quality_substitution,ư→u;ơ→ô,false,true,false,true,ÁO RÁCH LƯƠM BƯƠM,áo rách luôm buôm
aligned_v1,vivos,phowhisper,base,tone_aware_lora,0.05,42,VIVOSDEV12_169_snr0,0,noise,substitution,bươm,buôm,3,3,ngang,ngang,bươm,buôm,buom,buom,false,true,,vowel_quality_substitution,ư→u;ơ→ô,false,true,false,true,ÁO RÁCH LƯƠM BƯƠM,áo rách luôm buôm
aligned_v1,vivos,phowhisper,base,tone_aware_lora,0.05,42,VIVOSDEV12_169_snr20,20,noise,substitution,lươm,luôm,2,2,ngang,ngang,lươm,luôm,luom,luom,false,true,,vowel_quality_substitution,ư→u;ơ→ô,false,true,false,true,ÁO RÁCH LƯƠM BƯƠM,áo rách luôm buôm
aligned_v1,vivos,phowhisper,base,tone_aware_lora,0.05,42,VIVOSDEV12_169_snr20,20,noise,substitution,bươm,buôm,3,3,ngang,ngang,bươm,buôm,buom,buom,false,true,,vowel_quality_substitution,ư→u;ơ→ô,false,true,false,true,ÁO RÁCH LƯƠM BƯƠM,áo rách luôm buôm
aligned_v1,vivos,phowhisper,base,tone_aware_lora,0.05,42,VIVOSDEV12_169_snr5,5,noise,substitution,bươm,bườm,3,3,ngang,huyen,bươm,bươm,buom,buom,true,false,tone_addition,,,false,false,false,false,ÁO RÁCH LƯƠM BƯƠM,áo rách luôn bườm
aligned_v1,vivos,phowhisper,base,tone_aware_lora,0.05,42,VIVOSDEV12_173_snr0,0,music,substitution,đối,đôi,0,0,sac,ngang,đôi,đôi,doi,doi,true,false,tone_loss,,,true,false,false,true,ĐỐI VỚI NHỮNG PHẢN ỨNG KHÁC BIỆT ĐÓ,đôi gối dẫn phản ứng khác biệt đỏ
aligned_v1,vivos,phowhisper,base,tone_aware_lora,0.05,42,VIVOSDEV12_173_snr0,0,music,substitution,đó,đỏ,7,7,sac,hoi,đo,đo,do,do,true,false,tone_substitution,,,false,false,false,false,ĐỐI VỚI NHỮNG PHẢN ỨNG KHÁC BIỆT ĐÓ,đôi gối dẫn phản ứng khác biệt đỏ
aligned_v1,vivos,phowhisper,base,tone_aware_lora,0.05,42,VIVOSDEV12_192_snr20,20,speech,substitution,trang,tràng,0,0,ngang,huyen,trang,trang,trang,trang,true,false,tone_addition,,,false,false,false,false,TRANG THỨ HAI CỦA TỜ BÁO,tràng thứ hai của tờ báo
aligned_v1,vivos,phowhisper,base,tone_aware_lora,0.05,42,VIVOSDEV12_213_snr0,0,speech,substitution,mươi,mười,4,6,ngang,huyen,mươi,mươi,muoi,muoi,true,false,tone_addition,,,false,false,false,false,BA MƯƠI HAI BA MƯƠI BA,món sinh xưa hơi mẻ và mười ba
aligned_v1,vivos,phowhisper,base,tone_aware_lora,0.05,42,VIVOSDEV12_280_snr0,0,noise,substitution,du,dù,0,0,ngang,huyen,du,du,du,du,true,false,tone_addition,,,false,false,false,false,DU LỊCH SẼ TRỞ THÀNH NGÀNH KINH TẾ MŨI NHỌN,dù luật sẽ trở thành ngành trịnh tới mũi nhọn
aligned_v1,vivos,phowhisper,base,tone_aware_lora,0.05,42,VIVOSDEV12_280_snr10,10,noise,substitution,du,dù,0,0,ngang,huyen,du,du,du,du,true,false,tone_addition,,,false,false,false,false,DU LỊCH SẼ TRỞ THÀNH NGÀNH KINH TẾ MŨI NHỌN,dù luật sẽ trở thành ngành kinh tế mũi nhọn
aligned_v1,vivos,phowhisper,base,tone_aware_lora,0.05,42,VIVOSDEV12_280_snr5,5,music,substitution,du,dù,0,0,ngang,huyen,du,du,du,du,true,false,tone_addition,,,false,false,false,false,DU LỊCH SẼ TRỞ THÀNH NGÀNH KINH TẾ MŨI NHỌN,dù luật sẽ trở thành ngành kinh tế mũi nhọn
aligned_v1,vivos,phowhisper,base,tone_aware_lora,0.05,42,VIVOSDEV13_105_clean,clean,clean,substitution,thua,thưa,6,11,ngang,ngang,thua,thưa,thua,thua,false,true,,vowel_quality_addition,u→ư,false,false,false,false,NHÓC ĐỎ MẶT TÍA TAI NHÓC THUA CHỊ MỘT TUỔI THÔI ĐẤY,nhóc đỏ mặt tía tây nhóc đỏ mặt tía tây nhóc thưa chị một tuổi thôi đấy
aligned_v1,vivos,phowhisper,base,tone_aware_lora,0.05,42,VIVOSDEV13_105_snr0,0,noise,substitution,thua,thưa,6,6,ngang,ngang,thua,thưa,thua,thua,false,true,,vowel_quality_addition,u→ư,false,false,false,false,NHÓC ĐỎ MẶT TÍA TAI NHÓC THUA CHỊ MỘT TUỔI THÔI ĐẤY,nhóc đỏ mặt tía tây nhóc thưa chị một tuổi thôi đấy
aligned_v1,vivos,phowhisper,base,tone_aware_lora,0.05,42,VIVOSDEV13_105_snr10,10,music,substitution,thua,thưa,6,11,ngang,ngang,thua,thưa,thua,thua,false,true,,vowel_quality_addition,u→ư,false,false,false,false,NHÓC ĐỎ MẶT TÍA TAI NHÓC THUA CHỊ MỘT TUỔI THÔI ĐẤY,nhóc đỏ mặt tía tây nhóc đỏ mặt tía tây nhóc thưa chị một tuổi thôi đấy
aligned_v1,vivos,phowhisper,base,tone_aware_lora,0.05,42,VIVOSDEV13_105_snr20,20,speech,substitution,thua,thưa,6,11,ngang,ngang,thua,thưa,thua,thua,false,true,,vowel_quality_addition,u→ư,false,false,false,false,NHÓC ĐỎ MẶT TÍA TAI NHÓC THUA CHỊ MỘT TUỔI THÔI ĐẤY,nhóc đỏ mặt tía tây nhóc đỏ mặt tía tây nhóc thưa chị một tuổi thôi đấy
aligned_v1,vivos,phowhisper,base,tone_aware_lora,0.05,42,VIVOSDEV13_105_snr5,5,noise,substitution,thua,thưa,6,11,ngang,ngang,thua,thưa,thua,thua,false,true,,vowel_quality_addition,u→ư,false,false,false,false,NHÓC ĐỎ MẶT TÍA TAI NHÓC THUA CHỊ MỘT TUỔI THÔI ĐẤY,nhóc đỏ mặt tía tây nhóc đỏ mặt tía tây nhóc thưa chị một tuổi thôi đấy
aligned_v1,vivos,phowhisper,base,tone_aware_lora,0.05,42,VIVOSDEV13_139_clean,clean,clean,substitution,như,nhữ,1,1,ngang,nga,như,như,nhu,nhu,true,false,tone_addition,,,false,false,false,false,TIÊU NHƯ PHONG CHẠY TRỐN KHỎI KINH THÀNH ĐỂ TÌM HUNG THỦ THẬT SỰ,tiêu nhữ phong chạy trốn khỏi kinh thành để tìm hung thủ thật sự
aligned_v1,vivos,phowhisper,base,tone_aware_lora,0.05,42,VIVOSDEV13_150_snr0,0,speech,substitution,vợ,võ,0,1,nang,nga,vơ,vo,vo,vo,false,true,,vowel_quality_loss,ơ→o,false,true,false,true,VỢ HẮN THỊ NGẦN MANG LƯỚI RA VÁ ĐỂ CHIỀU THẢ,sự võ hoàng hiện ngọc hồ xin gây ra vá để truyền thả
aligned_v1,vivos,phowhisper,base,tone_aware_lora,0.05,42,VIVOSDEV13_241_clean,clean,clean,deletion,mùa,,0,,huyen,,mua,,mua,,true,false,word_deletion,,,false,false,false,false,MÙA ĐÔNG CẢ CÁNH ĐỒNG CHUYỂN SANG MỘT MÀU VÀNG RỰC,đông cả cánh đồng chuyển sang một màu vàng rực
aligned_v1,vivos,phowhisper,base,tone_aware_lora,0.05,42,VIVOSDEV13_241_snr0,0,music,deletion,mùa,,0,,huyen,,mua,,mua,,true,false,word_deletion,,,false,false,false,false,MÙA ĐÔNG CẢ CÁNH ĐỒNG CHUYỂN SANG MỘT MÀU VÀNG RỰC,đông cả cánh đồng chuyển sang một màu vàng rực
aligned_v1,vivos,phowhisper,base,tone_aware_lora,0.05,42,VIVOSDEV13_241_snr10,10,noise,deletion,mùa,,0,,huyen,,mua,,mua,,true,false,word_deletion,,,false,false,false,false,MÙA ĐÔNG CẢ CÁNH ĐỒNG CHUYỂN SANG MỘT MÀU VÀNG RỰC,đông cả cánh đồng chuyển sang một màu vàng rực
aligned_v1,vivos,phowhisper,base,tone_aware_lora,0.05,42,VIVOSDEV13_241_snr20,20,music,deletion,mùa,,0,,huyen,,mua,,mua,,true,false,word_deletion,,,false,false,false,false,MÙA ĐÔNG CẢ CÁNH ĐỒNG CHUYỂN SANG MỘT MÀU VÀNG RỰC,đông cả cánh đồng chuyển sang một màu vàng rực
aligned_v1,vivos,phowhisper,base,tone_aware_lora,0.05,42,VIVOSDEV13_241_snr5,5,noise,deletion,mùa,,0,,huyen,,mua,,mua,,true,false,word_deletion,,,false,false,false,false,MÙA ĐÔNG CẢ CÁNH ĐỒNG CHUYỂN SANG MỘT MÀU VÀNG RỰC,đông cả cánh đồng chuyển sang màu màu vàng rực
aligned_v1,vivos,phowhisper,base,tone_aware_lora,0.05,42,VIVOSDEV13_267_clean,clean,clean,substitution,khống,không,6,6,sac,ngang,không,không,khong,khong,true,false,tone_loss,,,true,false,false,true,DO VẬY VẤN ĐỀ KHU TRÚ KHỐNG CHẾ BỆNH TẢ HIỆN NAY RẤT KHÓ,do vậy vấn đề khu trú không chế bệnh tả hiện nay rất khó
aligned_v1,vivos,phowhisper,base,tone_aware_lora,0.05,42,VIVOSDEV13_267_snr0,0,noise,substitution,khống,không,6,6,sac,ngang,không,không,khong,khong,true,false,tone_loss,,,true,false,false,true,DO VẬY VẤN ĐỀ KHU TRÚ KHỐNG CHẾ BỆNH TẢ HIỆN NAY RẤT KHÓ,do vậy vấn đề khu trú không chế bệnh tả diện này rất khó
aligned_v1,vivos,phowhisper,base,tone_aware_lora,0.05,42,VIVOSDEV13_267_snr0,0,noise,substitution,nay,này,11,11,ngang,huyen,nay,nay,nay,nay,true,false,tone_addition,,,false,false,false,false,DO VẬY VẤN ĐỀ KHU TRÚ KHỐNG CHẾ BỆNH TẢ HIỆN NAY RẤT KHÓ,do vậy vấn đề khu trú không chế bệnh tả diện này rất khó
aligned_v1,vivos,phowhisper,base,tone_aware_lora,0.05,42,VIVOSDEV13_267_snr10,10,music,substitution,khống,không,6,6,sac,ngang,không,không,khong,khong,true,false,tone_loss,,,true,false,false,true,DO VẬY VẤN ĐỀ KHU TRÚ KHỐNG CHẾ BỆNH TẢ HIỆN NAY RẤT KHÓ,do vậy vấn đề khu trú không chế bệnh tả hiện nay rất khó
aligned_v1,vivos,phowhisper,base,tone_aware_lora,0.05,42,VIVOSDEV13_267_snr20,20,noise,substitution,khống,không,6,6,sac,ngang,không,không,khong,khong,true,false,tone_loss,,,true,false,false,true,DO VẬY VẤN ĐỀ KHU TRÚ KHỐNG CHẾ BỆNH TẢ HIỆN NAY RẤT KHÓ,do vậy vấn đề khu trú không chế bệnh tả hiện nay rất khó
aligned_v1,vivos,phowhisper,base,tone_aware_lora,0.05,42,VIVOSDEV13_267_snr5,5,noise,substitution,khống,không,6,6,sac,ngang,không,không,khong,khong,true,false,tone_loss,,,true,false,false,true,DO VẬY VẤN ĐỀ KHU TRÚ KHỐNG CHẾ BỆNH TẢ HIỆN NAY RẤT KHÓ,do vậy vấn đề cư trú không chế bệnh tả hiện nay rất khó
aligned_v1,vivos,phowhisper,base,tone_aware_lora,0.05,42,VIVOSDEV13_277_clean,clean,clean,substitution,tĩnh,tỉnh,14,14,nga,hoi,tinh,tinh,tinh,tinh,true,false,tone_substitution,,,false,false,false,false,HÀ NỘI MỞ RỘNG KHU VỰC HỒ TÂY SÔNG HỒNG NÊN LÀ KHU VỰC TĨNH,hà nội mở rộng khu vực hồ tây sông hồng nên là khu vực tỉnh
aligned_v1,vivos,phowhisper,base,tone_aware_lora,0.05,42,VIVOSDEV13_277_snr0,0,noise,substitution,tĩnh,tỉnh,14,14,nga,hoi,tinh,tinh,tinh,tinh,true,false,tone_substitution,,,false,false,false,false,HÀ NỘI MỞ RỘNG KHU VỰC HỒ TÂY SÔNG HỒNG NÊN LÀ KHU VỰC TĨNH,hà nội mở rộng khu vực hồ tây sông hồng nên là khu vực tỉnh
aligned_v1,vivos,phowhisper,base,tone_aware_lora,0.05,42,VIVOSDEV13_277_snr10,10,music,substitution,tĩnh,tỉnh,14,14,nga,hoi,tinh,tinh,tinh,tinh,true,false,tone_substitution,,,false,false,false,false,HÀ NỘI MỞ RỘNG KHU VỰC HỒ TÂY SÔNG HỒNG NÊN LÀ KHU VỰC TĨNH,hà nội mở rộng khu vực hồ tây sông hồng nên là khu vực tỉnh
aligned_v1,vivos,phowhisper,base,tone_aware_lora,0.05,42,VIVOSDEV13_277_snr20,20,music,substitution,tĩnh,tỉnh,14,14,nga,hoi,tinh,tinh,tinh,tinh,true,false,tone_substitution,,,false,false,false,false,HÀ NỘI MỞ RỘNG KHU VỰC HỒ TÂY SÔNG HỒNG NÊN LÀ KHU VỰC TĨNH,hà nội mở rộng khu vực hồ tây sông hồng nên là khu vực tỉnh
aligned_v1,vivos,phowhisper,base,tone_aware_lora,0.05,42,VIVOSDEV13_277_snr5,5,noise,substitution,tĩnh,tỉnh,14,14,nga,hoi,tinh,tinh,tinh,tinh,true,false,tone_substitution,,,false,false,false,false,HÀ NỘI MỞ RỘNG KHU VỰC HỒ TÂY SÔNG HỒNG NÊN LÀ KHU VỰC TĨNH,hà nội mở rộng khu vực hồ tây sông hồng nên là khu vực tỉnh
aligned_v1,vivos,phowhisper,base,tone_aware_lora,0.05,42,VIVOSDEV14_085_clean,clean,clean,substitution,câm,căm,4,4,ngang,ngang,câm,căm,cam,cam,false,true,,vowel_quality_substitution,â→ă,false,false,false,false,BỐN NĂM TRỜI BỊ CÂM MỘT MÌNH VỚI BÓNG MÌNH NHIỀU PHEN ÒA KHÓC,bốn năm trời bị căm một mình với bóng mình nhiều phen oạt hóc
aligned_v1,vivos,phowhisper,base,tone_aware_lora,0.05,42,VIVOSDEV14_085_snr10,10,speech,substitution,câm,căm,4,4,ngang,ngang,câm,căm,cam,cam,false,true,,vowel_quality_substitution,â→ă,false,false,false,false,BỐN NĂM TRỜI BỊ CÂM MỘT MÌNH VỚI BÓNG MÌNH NHIỀU PHEN ÒA KHÓC,bốn năm trời bị căm một mình với bóng mình nhiều phen hàn khóc
aligned_v1,vivos,phowhisper,base,tone_aware_lora,0.05,42,VIVOSDEV14_085_snr20,20,music,substitution,câm,căm,4,4,ngang,ngang,câm,căm,cam,cam,false,true,,vowel_quality_substitution,â→ă,false,false,false,false,BỐN NĂM TRỜI BỊ CÂM MỘT MÌNH VỚI BÓNG MÌNH NHIỀU PHEN ÒA KHÓC,bốn năm trời bị căm một mình với bóng mình nhiều phen à khóc
aligned_v1,vivos,phowhisper,base,tone_aware_lora,0.05,42,VIVOSDEV14_085_snr5,5,music,substitution,câm,căm,4,4,ngang,ngang,câm,căm,cam,cam,false,true,,vowel_quality_substitution,â→ă,false,false,false,false,BỐN NĂM TRỜI BỊ CÂM MỘT MÌNH VỚI BÓNG MÌNH NHIỀU PHEN ÒA KHÓC,bốn năm trời bị căm một mình với bóng mình nhiều phiên hạn khóc
aligned_v1,vivos,phowhisper,base,tone_aware_lora,0.05,42,VIVOSDEV14_104_snr10,10,noise,substitution,nay,này,13,13,ngang,huyen,nay,nay,nay,nay,true,false,tone_addition,,,false,false,false,false,ĐÓ LÀ NHẬN XÉT CHUNG CỦA NHIỀU TỔNG GIÁM ĐỐC ĐIỀU HÀNH NGÀY NAY,đó là nhận xét chung của nhiều tổng giám đốc điều hành nghề này
aligned_v1,vivos,phowhisper,base,tone_aware_lora,0.05,42,VIVOSDEV14_134_clean,clean,clean,deletion,nhưng,,0,,ngang,,nhưng,,nhung,,true,false,word_deletion,,,false,false,false,false,NHƯNG TRƯỚC ĐÂY NHÌN TỪ BÊN NGOÀI NƠI NÀY KHÔNG KHÁC MỘT CĂN NHÀ HOANG,trước đây nhìn từ bên ngoài nơi này không hát gì một căn nhà hoang
aligned_v1,vivos,phowhisper,base,tone_aware_lora,0.05,42,VIVOSDEV14_134_snr0,0,music,deletion,nhưng,,0,,ngang,,nhưng,,nhung,,true,false,word_deletion,,,false,false,false,false,NHƯNG TRƯỚC ĐÂY NHÌN TỪ BÊN NGOÀI NƠI NÀY KHÔNG KHÁC MỘT CĂN NHÀ HOANG,trước đây nhìn từ bên ngoài nơi này không phát dì một căn nhà huy
aligned_v1,vivos,phowhisper,base,tone_aware_lora,0.05,42,VIVOSDEV14_134_snr10,10,music,deletion,nhưng,,0,,ngang,,nhưng,,nhung,,true,false,word_deletion,,,false,false,false,false,NHƯNG TRƯỚC ĐÂY NHÌN TỪ BÊN NGOÀI NƠI NÀY KHÔNG KHÁC MỘT CĂN NHÀ HOANG,trước đây nhìn từ bên ngoài nơi này không hát gì một căn nhà hoang
aligned_v1,vivos,phowhisper,base,tone_aware_lora,0.05,42,VIVOSDEV14_134_snr20,20,music,deletion,nhưng,,0,,ngang,,nhưng,,nhung,,true,false,word_deletion,,,false,false,false,false,NHƯNG TRƯỚC ĐÂY NHÌN TỪ BÊN NGOÀI NƠI NÀY KHÔNG KHÁC MỘT CĂN NHÀ HOANG,trước đây nhìn từ bên ngoài nơi này không khác gì một căn nhà hoang
aligned_v1,vivos,phowhisper,base,tone_aware_lora,0.05,42,VIVOSDEV14_134_snr5,5,noise,deletion,nhưng,,0,,ngang,,nhưng,,nhung,,true,false,word_deletion,,,false,false,false,false,NHƯNG TRƯỚC ĐÂY NHÌN TỪ BÊN NGOÀI NƠI NÀY KHÔNG KHÁC MỘT CĂN NHÀ HOANG,trước đây nhìn từ bên ngoài nơi này không khác gì một căn nhà hoang
aligned_v1,vivos,phowhisper,base,tone_aware_lora,0.05,42,VIVOSDEV14_151_snr0,0,speech,deletion,thời,,3,,huyen,,thơi,,thoi,,true,false,word_deletion,,,false,false,false,false,TÔI ĐÃ CÓ THỜI GIAN TUYỆT VỜI KHI CHƠI CHO ĐỘI TUYỂN,tôi đã có thể kể cả khi chơi cho đoạn tiền tỉnh
aligned_v1,vivos,phowhisper,base,tone_aware_lora,0.05,42,VIVOSDEV14_186_clean,clean,clean,substitution,những,nhưng,4,4,nga,ngang,nhưng,nhưng,nhung,nhung,true,false,tone_loss,,,true,false,false,true,CÓ BẰNG THẠC SĨ NHỮNG NGÀNH TRÊN LÀ MỘT LỢI THẾ,có bằng thạc sĩ nhưng ngành trên là một loại thế
aligned_v1,vivos,phowhisper,base,tone_aware_lora,0.05,42,VIVOSDEV14_186_snr10,10,music,substitution,những,nhưng,4,4,nga,ngang,nhưng,nhưng,nhung,nhung,true,false,tone_loss,,,true,false,false,true,CÓ BẰNG THẠC SĨ NHỮNG NGÀNH TRÊN LÀ MỘT LỢI THẾ,có bằng thạc sĩ nhưng ngành trên là một lợi thế
aligned_v1,vivos,phowhisper,base,tone_aware_lora,0.05,42,VIVOSDEV14_186_snr20,20,noise,substitution,những,nhưng,4,4,nga,ngang,nhưng,nhưng,nhung,nhung,true,false,tone_loss,,,true,false,false,true,CÓ BẰNG THẠC SĨ NHỮNG NGÀNH TRÊN LÀ MỘT LỢI THẾ,có bằng thạc sĩ nhưng ngành trên là một lợi thế
aligned_v1,vivos,phowhisper,base,tone_aware_lora,0.05,42,VIVOSDEV14_186_snr5,5,music,substitution,những,nhưng,4,4,nga,ngang,nhưng,nhưng,nhung,nhung,true,false,tone_loss,,,true,false,false,true,CÓ BẰNG THẠC SĨ NHỮNG NGÀNH TRÊN LÀ MỘT LỢI THẾ,có bằng thật sự nhưng ngành trên là một loại thớ
aligned_v1,vivos,phowhisper,base,tone_aware_lora,0.05,42,VIVOSDEV14_195_clean,clean,clean,deletion,tình,,12,,huyen,,tinh,,tinh,,true,false,word_deletion,,,false,false,false,false,YÊU NHAU KHOẢNG VÀI THÁNG THÌ CHÚNG TÔI ĐÃ CÓ QUAN HỆ TÌNH DỤC,yêu nhau khoảng vài tháng thì chúng tôi đã có quan hệ
aligned_v1,vivos,phowhisper,base,tone_aware_lora,0.05,42,VIVOSDEV14_195_clean,clean,clean,deletion,dục,,13,,nang,,duc,,duc,,true,false,word_deletion,,,false,false,false,false,YÊU NHAU KHOẢNG VÀI THÁNG THÌ CHÚNG TÔI ĐÃ CÓ QUAN HỆ TÌNH DỤC,yêu nhau khoảng vài tháng thì chúng tôi đã có quan hệ
aligned_v1,vivos,phowhisper,base,tone_aware_lora,0.05,42,VIVOSDEV14_195_snr0,0,speech,deletion,tình,,12,,huyen,,tinh,,tinh,,true,false,word_deletion,,,false,false,false,false,YÊU NHAU KHOẢNG VÀI THÁNG THÌ CHÚNG TÔI ĐÃ CÓ QUAN HỆ TÌNH DỤC,yêu nhau những vài tháng thì chúng tôi đã có quan hệ
aligned_v1,vivos,phowhisper,base,tone_aware_lora,0.05,42,VIVOSDEV14_195_snr0,0,speech,deletion,dục,,13,,nang,,duc,,duc,,true,false,word_deletion,,,false,false,false,false,YÊU NHAU KHOẢNG VÀI THÁNG THÌ CHÚNG TÔI ĐÃ CÓ QUAN HỆ TÌNH DỤC,yêu nhau những vài tháng thì chúng tôi đã có quan hệ
aligned_v1,vivos,phowhisper,base,tone_aware_lora,0.05,42,VIVOSDEV14_195_snr10,10,speech,deletion,tình,,12,,huyen,,tinh,,tinh,,true,false,word_deletion,,,false,false,false,false,YÊU NHAU KHOẢNG VÀI THÁNG THÌ CHÚNG TÔI ĐÃ CÓ QUAN HỆ TÌNH DỤC,yêu nhau khoảng vài tháng thì chúng tôi đã có quan hệ
aligned_v1,vivos,phowhisper,base,tone_aware_lora,0.05,42,VIVOSDEV14_195_snr10,10,speech,deletion,dục,,13,,nang,,duc,,duc,,true,false,word_deletion,,,false,false,false,false,YÊU NHAU KHOẢNG VÀI THÁNG THÌ CHÚNG TÔI ĐÃ CÓ QUAN HỆ TÌNH DỤC,yêu nhau khoảng vài tháng thì chúng tôi đã có quan hệ
aligned_v1,vivos,phowhisper,base,tone_aware_lora,0.05,42,VIVOSDEV14_195_snr20,20,speech,deletion,tình,,12,,huyen,,tinh,,tinh,,true,false,word_deletion,,,false,false,false,false,YÊU NHAU KHOẢNG VÀI THÁNG THÌ CHÚNG TÔI ĐÃ CÓ QUAN HỆ TÌNH DỤC,yêu nhau khoảng vài tháng thì chúng tôi đã có quan hệ
aligned_v1,vivos,phowhisper,base,tone_aware_lora,0.05,42,VIVOSDEV14_195_snr20,20,speech,deletion,dục,,13,,nang,,duc,,duc,,true,false,word_deletion,,,false,false,false,false,YÊU NHAU KHOẢNG VÀI THÁNG THÌ CHÚNG TÔI ĐÃ CÓ QUAN HỆ TÌNH DỤC,yêu nhau khoảng vài tháng thì chúng tôi đã có quan hệ
aligned_v1,vivos,phowhisper,base,tone_aware_lora,0.05,42,VIVOSDEV14_195_snr5,5,noise,deletion,tình,,12,,huyen,,tinh,,tinh,,true,false,word_deletion,,,false,false,false,false,YÊU NHAU KHOẢNG VÀI THÁNG THÌ CHÚNG TÔI ĐÃ CÓ QUAN HỆ TÌNH DỤC,yêu nhau khoảng vài tháng thì chúng tôi đã có quan hệ
aligned_v1,vivos,phowhisper,base,tone_aware_lora,0.05,42,VIVOSDEV14_195_snr5,5,noise,deletion,dục,,13,,nang,,duc,,duc,,true,false,word_deletion,,,false,false,false,false,YÊU NHAU KHOẢNG VÀI THÁNG THÌ CHÚNG TÔI ĐÃ CÓ QUAN HỆ TÌNH DỤC,yêu nhau khoảng vài tháng thì chúng tôi đã có quan hệ
aligned_v1,vivos,phowhisper,base,tone_aware_lora,0.05,42,VIVOSDEV14_256_clean,clean,clean,deletion,lại,,9,,nang,,lai,,lai,,true,false,word_deletion,,,false,false,false,false,NÔNG DÂN TRỒNG MÍA THAN CỨ MỘT VỤ ĐƯỢC LẠI BA VỤ THẤT,nông dân trồng mía than cứ một vụ lại được ba vụ thất
aligned_v1,vivos,phowhisper,base,tone_aware_lora,0.05,42,VIVOSDEV14_256_snr0,0,speech,substitution,trồng,trọng,2,2,huyen,nang,trông,trong,trong,trong,false,true,,vowel_quality_loss,ô→o,false,true,false,true,NÔNG DÂN TRỒNG MÍA THAN CỨ MỘT VỤ ĐƯỢC LẠI BA VỤ THẤT,nhóm chừng trọng nghĩa than cứ một bộ lần lại được bà bùi thức
aligned_v1,vivos,phowhisper,base,tone_aware_lora,0.05,42,VIVOSDEV14_256_snr0,0,speech,substitution,ba,bà,10,11,ngang,huyen,ba,ba,ba,ba,true,false,tone_addition,,,false,false,false,false,NÔNG DÂN TRỒNG MÍA THAN CỨ MỘT VỤ ĐƯỢC LẠI BA VỤ THẤT,nhóm chừng trọng nghĩa than cứ một bộ lần lại được bà bùi thức
aligned_v1,vivos,phowhisper,base,tone_aware_lora,0.05,42,VIVOSDEV14_256_snr10,10,noise,deletion,lại,,9,,nang,,lai,,lai,,true,false,word_deletion,,,false,false,false,false,NÔNG DÂN TRỒNG MÍA THAN CỨ MỘT VỤ ĐƯỢC LẠI BA VỤ THẤT,nông dân trồng vía than cứ một vụ lại được ba vụ thất
aligned_v1,vivos,phowhisper,base,tone_aware_lora,0.05,42,VIVOSDEV14_256_snr20,20,music,deletion,lại,,9,,nang,,lai,,lai,,true,false,word_deletion,,,false,false,false,false,NÔNG DÂN TRỒNG MÍA THAN CỨ MỘT VỤ ĐƯỢC LẠI BA VỤ THẤT,nông dân trồng mía than cứ một vụ lại được ba vụ thất
aligned_v1,vivos,phowhisper,base,tone_aware_lora,0.05,42,VIVOSDEV14_256_snr5,5,noise,deletion,lại,,9,,nang,,lai,,lai,,true,false,word_deletion,,,false,false,false,false,NÔNG DÂN TRỒNG MÍA THAN CỨ MỘT VỤ ĐƯỢC LẠI BA VỤ THẤT,nông dân trồng lấy than cứ một vụ lại được va vụ thất
aligned_v1,vivos,phowhisper,base,tone_aware_lora,0.05,42,VIVOSDEV14_286_snr0,0,music,deletion,hiện,,3,,nang,,hiên,,hien,,true,false,word_deletion,,,false,false,false,false,NHIỀU GIA ĐÌNH HIỆN NAY THÍCH TỰ GIỚI THIỆU CHƯƠNG TRÌNH,người gia đình muốn giúp tự giới thiệu chương trình
aligned_v1,vivos,phowhisper,base,tone_aware_lora,0.05,42,VIVOSDEV15_014_snr10,10,speech,substitution,lồng,lòng,3,3,huyen,huyen,lông,long,long,long,false,true,,vowel_quality_loss,ô→o,false,true,false,true,THÀNH MỘT CHIẾC LỒNG ĐÈN KHỔNG LỒ TẠI CÔNG VIÊN Ở THỦ ĐÔ BẮC KINH,thịnh mùa trước lòng đèn khổng lồ tại công viên ở thủ đô bắc kinh
aligned_v1,vivos,phowhisper,base,tone_aware_lora,0.05,42,VIVOSDEV15_020_clean,clean,clean,substitution,kể,kẻ,6,6,hoi,hoi,kê,ke,ke,ke,false,true,,vowel_quality_loss,ê→e,false,true,false,true,CÂU CHUYỆN CỦA QUÁ KHỨ ÔNG KỂ KHÔNG BIẾT BAO NHIÊU LẦN,câu chuyện của quá khứ ông kẻ không biết bao nhiêu làn
aligned_v1,vivos,phowhisper,base,tone_aware_lora,0.05,42,VIVOSDEV15_020_clean,clean,clean,substitution,lần,làn,11,11,huyen,huyen,lân,lan,lan,lan,false,true,,vowel_quality_loss,â→a,false,true,false,true,CÂU CHUYỆN CỦA QUÁ KHỨ ÔNG KỂ KHÔNG BIẾT BAO NHIÊU LẦN,câu chuyện của quá khứ ông kẻ không biết bao nhiêu làn
aligned_v1,vivos,phowhisper,base,tone_aware_lora,0.05,42,VIVOSDEV15_020_snr10,10,noise,substitution,kể,kẻ,6,6,hoi,hoi,kê,ke,ke,ke,false,true,,vowel_quality_loss,ê→e,false,true,false,true,CÂU CHUYỆN CỦA QUÁ KHỨ ÔNG KỂ KHÔNG BIẾT BAO NHIÊU LẦN,câu chuyện của quá khứ ông kẻ không biết bao nhiêu làn
aligned_v1,vivos,phowhisper,base,tone_aware_lora,0.05,42,VIVOSDEV15_020_snr10,10,noise,substitution,lần,làn,11,11,huyen,huyen,lân,lan,lan,lan,false,true,,vowel_quality_loss,â→a,false,true,false,true,CÂU CHUYỆN CỦA QUÁ KHỨ ÔNG KỂ KHÔNG BIẾT BAO NHIÊU LẦN,câu chuyện của quá khứ ông kẻ không biết bao nhiêu làn
aligned_v1,vivos,phowhisper,base,tone_aware_lora,0.05,42,VIVOSDEV15_020_snr20,20,music,substitution,kể,kẻ,6,6,hoi,hoi,kê,ke,ke,ke,false,true,,vowel_quality_loss,ê→e,false,true,false,true,CÂU CHUYỆN CỦA QUÁ KHỨ ÔNG KỂ KHÔNG BIẾT BAO NHIÊU LẦN,câu chuyện của quá khứ ông kẻ không biết bao nhiêu làn
aligned_v1,vivos,phowhisper,base,tone_aware_lora,0.05,42,VIVOSDEV15_020_snr20,20,music,substitution,lần,làn,11,11,huyen,huyen,lân,lan,lan,lan,false,true,,vowel_quality_loss,â→a,false,true,false,true,CÂU CHUYỆN CỦA QUÁ KHỨ ÔNG KỂ KHÔNG BIẾT BAO NHIÊU LẦN,câu chuyện của quá khứ ông kẻ không biết bao nhiêu làn
aligned_v1,vivos,phowhisper,base,tone_aware_lora,0.05,42,VIVOSDEV15_020_snr5,5,music,substitution,kể,kẻ,6,6,hoi,hoi,kê,ke,ke,ke,false,true,,vowel_quality_loss,ê→e,false,true,false,true,CÂU CHUYỆN CỦA QUÁ KHỨ ÔNG KỂ KHÔNG BIẾT BAO NHIÊU LẦN,câu chuyện của quá khứ ông kẻ không biết bao nhiêu làn
aligned_v1,vivos,phowhisper,base,tone_aware_lora,0.05,42,VIVOSDEV15_020_snr5,5,music,substitution,lần,làn,11,11,huyen,huyen,lân,lan,lan,lan,false,true,,vowel_quality_loss,â→a,false,true,false,true,CÂU CHUYỆN CỦA QUÁ KHỨ ÔNG KỂ KHÔNG BIẾT BAO NHIÊU LẦN,câu chuyện của quá khứ ông kẻ không biết bao nhiêu làn
aligned_v1,vivos,phowhisper,base,tone_aware_lora,0.05,42,VIVOSDEV15_021_snr0,0,music,substitution,son,sơn,1,1,ngang,ngang,son,sơn,son,son,false,true,,vowel_quality_addition,o→ơ,false,false,false,false,MÀU SON TRÔNG THẬT TUYỆT TRÊN BẤT KÌ MÀU DA NÀO,một sơn tôm thật tuyệt cho mất một kiều hồ dây mọ
aligned_v1,vivos,phowhisper,base,tone_aware_lora,0.05,42,VIVOSDEV15_021_snr5,5,speech,substitution,trông,trong,2,2,ngang,ngang,trông,trong,trong,trong,false,true,,vowel_quality_loss,ô→o,false,true,false,true,MÀU SON TRÔNG THẬT TUYỆT TRÊN BẤT KÌ MÀU DA NÀO,màu son trong thật tuyệt chưa bất kỳ màu da nào
aligned_v1,vivos,phowhisper,base,tone_aware_lora,0.05,42,VIVOSDEV15_026_snr20,20,noise,substitution,mặn,mạn,5,5,nang,nang,măn,man,man,man,false,true,,vowel_quality_loss,ă→a,false,true,false,true,ÔNG ĂN CHAY MÀ NGHĨ MẶN THÌ ĂN CHAY LÀM CHI,ông ăn chay mà nghĩ mạn thì ăn chay làm thi
aligned_v1,vivos,phowhisper,base,tone_aware_lora,0.05,42,VIVOSDEV15_037_snr0,0,noise,substitution,những,nhưng,4,4,nga,ngang,nhưng,nhưng,nhung,nhung,true,false,tone_loss,,,true,false,false,true,TRÊN CƠ SỞ ĐÓ NHỮNG HÀNH VI VI PHẠM SẼ ĐƯỢC XỬ LÝ NGHIÊM,trên cơ sở đó nhưng hành vi vi phạm sẽ được xử lý nghiêm
aligned_v1,vivos,phowhisper,base,tone_aware_lora,0.05,42,VIVOSDEV15_050_snr0,0,music,deletion,lắng,,11,,sac,,lăng,,lang,,true,false,word_deletion,,,false,false,false,false,CHẲNG LẼ ĂN CƠM NHÀ NGƯỜI MÀ LẠI KHÔNG CHĂM CHÚ LẮNG NGHE NGƯỜI NÓI,chẳng lấy anh cơm nhà người mà lại không chăm chú ngang người ngoái
aligned_v1,vivos,phowhisper,base,tone_aware_lora,0.05,42,VIVOSDEV15_062_snr0,0,speech,substitution,giám,giảm,10,10,sac,hoi,giam,giam,giam,giam,true,false,tone_substitution,,,false,false,false,false,NGHĨA LÀ NẾU BẠN ĐANG LÀM VIỆC DƯỚI QUYỀN MỘT GIÁM SÁT VIÊN,nghĩa là nếu bạn đang làm việc dưới quyền và giảm tiền
aligned_v1,vivos,phowhisper,base,tone_aware_lora,0.05,42,VIVOSDEV15_062_snr0,0,speech,deletion,sát,,11,,sac,,sat,,sat,,true,false,word_deletion,,,false,false,false,false,NGHĨA LÀ NẾU BẠN ĐANG LÀM VIỆC DƯỚI QUYỀN MỘT GIÁM SÁT VIÊN,nghĩa là nếu bạn đang làm việc dưới quyền và giảm tiền
aligned_v1,vivos,phowhisper,base,tone_aware_lora,0.05,42,VIVOSDEV15_062_snr5,5,speech,substitution,giám,giảm,10,10,sac,hoi,giam,giam,giam,giam,true,false,tone_substitution,,,false,false,false,false,NGHĨA LÀ NẾU BẠN ĐANG LÀM VIỆC DƯỚI QUYỀN MỘT GIÁM SÁT VIÊN,nghĩa là nếu bạn đang làm việc dưới quyền một giảm giá
aligned_v1,vivos,phowhisper,base,tone_aware_lora,0.05,42,VIVOSDEV15_062_snr5,5,speech,deletion,sát,,11,,sac,,sat,,sat,,true,false,word_deletion,,,false,false,false,false,NGHĨA LÀ NẾU BẠN ĐANG LÀM VIỆC DƯỚI QUYỀN MỘT GIÁM SÁT VIÊN,nghĩa là nếu bạn đang làm việc dưới quyền một giảm giá
aligned_v1,vivos,phowhisper,base,tone_aware_lora,0.05,42,VIVOSDEV15_066_snr0,0,noise,substitution,trong,trông,3,3,ngang,ngang,trong,trông,trong,trong,false,true,,vowel_quality_addition,o→ô,false,false,false,false,KẼM CÓ NHIỀU TRONG GAN SÒ THỊT ĐỎ CÁ ÓC TRỨNG,cảm có nhờ trông cao so sờ thịt đỏ cá ốc trứng
aligned_v1,vivos,phowhisper,base,tone_aware_lora,0.05,42,VIVOSDEV15_066_snr0,0,noise,substitution,sò,so,5,5,huyen,ngang,so,so,so,so,true,false,tone_loss,,,true,false,false,true,KẼM CÓ NHIỀU TRONG GAN SÒ THỊT ĐỎ CÁ ÓC TRỨNG,cảm có nhờ trông cao so sờ thịt đỏ cá ốc trứng
aligned_v1,vivos,phowhisper,base,tone_aware_lora,0.05,42,VIVOSDEV15_066_snr0,0,noise,substitution,óc,ốc,9,10,sac,sac,oc,ôc,oc,oc,false,true,,vowel_quality_addition,o→ô,false,false,false,false,KẼM CÓ NHIỀU TRONG GAN SÒ THỊT ĐỎ CÁ ÓC TRỨNG,cảm có nhờ trông cao so sờ thịt đỏ cá ốc trứng
aligned_v1,vivos,phowhisper,base,tone_aware_lora,0.05,42,VIVOSDEV15_066_snr5,5,noise,substitution,óc,ốc,9,9,sac,sac,oc,ôc,oc,oc,false,true,,vowel_quality_addition,o→ô,false,false,false,false,KẼM CÓ NHIỀU TRONG GAN SÒ THỊT ĐỎ CÁ ÓC TRỨNG,kẽm có nhiều trong gan xò thịt bọ cá ốc trúng
aligned_v1,vivos,phowhisper,base,tone_aware_lora,0.05,42,VIVOSDEV15_066_snr5,5,noise,substitution,trứng,trúng,10,10,sac,sac,trưng,trung,trung,trung,false,true,,vowel_quality_loss,ư→u,false,true,false,true,KẼM CÓ NHIỀU TRONG GAN SÒ THỊT ĐỎ CÁ ÓC TRỨNG,kẽm có nhiều trong gan xò thịt bọ cá ốc trúng
aligned_v1,vivos,phowhisper,base,tone_aware_lora,0.05,42,VIVOSDEV15_092_snr0,0,speech,deletion,ung,,0,,ngang,,ung,,ung,,true,false,word_deletion,,,false,false,false,false,UNG THƯ TỪ MỘT CƠ QUAN KHÁC DI CĂN VÀO HỆ THỐNG HẠCH BẠCH HUYẾT,nhưng từ một cơ quan khác thì con bạn thổi không hạnh khi xem dư ảnh
aligned_v1,vivos,phowhisper,base,tone_aware_lora,0.05,42,VIVOSDEV15_109_clean,clean,clean,deletion,i,,10,,ngang,,i,,i,,true,false,word_deletion,,,false,false,false,false,CUỘC THI TỰ HÀO SỬ VIỆT ĐÃ HẾT GIAI ĐOẠN I,cuộc thi tự hào xử việc đã hết giai đoạn
aligned_v1,vivos,phowhisper,base,tone_aware_lora,0.05,42,VIVOSDEV15_109_snr0,0,music,substitution,sử,sự,4,4,hoi,nang,sư,sư,su,su,true,false,tone_substitution,,,false,false,false,false,CUỘC THI TỰ HÀO SỬ VIỆT ĐÃ HẾT GIAI ĐOẠN I,cuộc thi tự hào sự việc đã hết giai đoạn
aligned_v1,vivos,phowhisper,base,tone_aware_lora,0.05,42,VIVOSDEV15_109_snr0,0,music,deletion,i,,10,,ngang,,i,,i,,true,false,word_deletion,,,false,false,false,false,CUỘC THI TỰ HÀO SỬ VIỆT ĐÃ HẾT GIAI ĐOẠN I,cuộc thi tự hào sự việc đã hết giai đoạn
aligned_v1,vivos,phowhisper,base,tone_aware_lora,0.05,42,VIVOSDEV15_109_snr10,10,noise,deletion,i,,10,,ngang,,i,,i,,true,false,word_deletion,,,false,false,false,false,CUỘC THI TỰ HÀO SỬ VIỆT ĐÃ HẾT GIAI ĐOẠN I,cuộc thi tự hào xử việc đã hết giai đoạn
aligned_v1,vivos,phowhisper,base,tone_aware_lora,0.05,42,VIVOSDEV15_109_snr20,20,music,deletion,i,,10,,ngang,,i,,i,,true,false,word_deletion,,,false,false,false,false,CUỘC THI TỰ HÀO SỬ VIỆT ĐÃ HẾT GIAI ĐOẠN I,cuộc thi tự hào xử việc đã hết giai đoạn
aligned_v1,vivos,phowhisper,base,tone_aware_lora,0.05,42,VIVOSDEV15_109_snr5,5,music,deletion,i,,10,,ngang,,i,,i,,true,false,word_deletion,,,false,false,false,false,CUỘC THI TỰ HÀO SỬ VIỆT ĐÃ HẾT GIAI ĐOẠN I,cuộc thi tự hào xấu việc đã hết giai đoạn
aligned_v1,vivos,phowhisper,base,tone_aware_lora,0.05,42,VIVOSDEV15_154_clean,clean,clean,substitution,à,ạ,10,10,huyen,nang,a,a,a,a,true,false,tone_substitution,,,false,false,false,false,CÁI NHÀ HÁT BỊ ĐẬP TAN TÀNH ÔNG KHOÁI LẮM À,cái nhà hát bị đập tan tành ông khoái lắm ạ
aligned_v1,vivos,phowhisper,base,tone_aware_lora,0.05,42,VIVOSDEV15_154_snr10,10,music,substitution,à,ạ,10,10,huyen,nang,a,a,a,a,true,false,tone_substitution,,,false,false,false,false,CÁI NHÀ HÁT BỊ ĐẬP TAN TÀNH ÔNG KHOÁI LẮM À,cái nhà hát bị đập tan tành ông khoái lắm ạ
aligned_v1,vivos,phowhisper,base,tone_aware_lora,0.05,42,VIVOSDEV15_154_snr20,20,noise,substitution,à,ả,10,10,huyen,hoi,a,a,a,a,true,false,tone_substitution,,,false,false,false,false,CÁI NHÀ HÁT BỊ ĐẬP TAN TÀNH ÔNG KHOÁI LẮM À,cái nhà hát bị đập tan tành ông khoái lắm ả
aligned_v1,vivos,phowhisper,base,tone_aware_lora,0.05,42,VIVOSDEV15_154_snr5,5,speech,substitution,à,ạ,10,10,huyen,nang,a,a,a,a,true,false,tone_substitution,,,false,false,false,false,CÁI NHÀ HÁT BỊ ĐẬP TAN TÀNH ÔNG KHOÁI LẮM À,cái nhà hát bị đập tan tành ông khoái lắm ạ
aligned_v1,vivos,phowhisper,base,tone_aware_lora,0.05,42,VIVOSDEV15_198_clean,clean,clean,substitution,nhảm,nhạm,0,0,hoi,nang,nham,nham,nham,nham,true,false,tone_substitution,,,false,false,false,false,NHẢM NHÍ KHI GIỜ HỌC CHÁN PHÈO BUỒN NGỦ QUÁ Ờ BUỒN NGỦ,nhạm nhí khi giờ học chán phèo buồn ngủ quá ờ buồn ngủ
aligned_v1,vivos,phowhisper,base,tone_aware_lora,0.05,42,VIVOSDEV15_198_snr0,0,noise,substitution,nhảm,nhạm,0,0,hoi,nang,nham,nham,nham,nham,true,false,tone_substitution,,,false,false,false,false,NHẢM NHÍ KHI GIỜ HỌC CHÁN PHÈO BUỒN NGỦ QUÁ Ờ BUỒN NGỦ,nhạm nhí khi dần mọc sẵn khèo bồn ngủ quá ờ bồn ngủ
aligned_v1,vivos,phowhisper,base,tone_aware_lora,0.05,42,VIVOSDEV15_198_snr10,10,music,substitution,nhảm,nhạm,0,0,hoi,nang,nham,nham,nham,nham,true,false,tone_substitution,,,false,false,false,false,NHẢM NHÍ KHI GIỜ HỌC CHÁN PHÈO BUỒN NGỦ QUÁ Ờ BUỒN NGỦ,nhạm nhí khi giờ học chán phèo buồn ngủ quá ờ buồn ngủ
aligned_v1,vivos,phowhisper,base,tone_aware_lora,0.05,42,VIVOSDEV15_198_snr20,20,speech,substitution,nhảm,nhạm,0,0,hoi,nang,nham,nham,nham,nham,true,false,tone_substitution,,,false,false,false,false,NHẢM NHÍ KHI GIỜ HỌC CHÁN PHÈO BUỒN NGỦ QUÁ Ờ BUỒN NGỦ,nhạm nhí khi giờ học chán phèo buồn ngủ quá ờ buồn ngủ
aligned_v1,vivos,phowhisper,base,tone_aware_lora,0.05,42,VIVOSDEV15_198_snr5,5,music,substitution,nhảm,nhạm,0,0,hoi,nang,nham,nham,nham,nham,true,false,tone_substitution,,,false,false,false,false,NHẢM NHÍ KHI GIỜ HỌC CHÁN PHÈO BUỒN NGỦ QUÁ Ờ BUỒN NGỦ,nhạm nhí khi giờ học trán phèo buồn ngủ quá ờ buồn ngủ
aligned_v1,vivos,phowhisper,base,tone_aware_lora,0.05,42,VIVOSDEV15_204_snr0,0,noise,substitution,chúng,chung,1,1,sac,ngang,chung,chung,chung,chung,true,false,tone_loss,,,true,false,false,true,SÁNG CHÚNG TÔI TẠM BIỆT THUNG NAI VÀ NHỮNG CHỦ NHÂN MẾN KHÁCH MỘC MẠC,sáng chung tôi tạm biệt thương mai và những chủ nhân mến tác phẩm bằng
aligned_v1,vivos,phowhisper,base,tone_aware_lora,0.05,42,VIVOSDEV16_051_snr5,5,speech,substitution,nguyễn,nguyện,10,10,nga,nang,nguyên,nguyên,nguyen,nguyen,true,false,tone_substitution,,,false,false,false,false,CA KHÚC ĐƯỢC KHÁN GIẢ YÊU THÍCH NHẤT BÀ TÔI NGUYỄN VĨNH TIẾN,ca khúc được khán giả yêu thích nhất bà tôi nguyện vĩnh tiến
aligned_v1,vivos,phowhisper,base,tone_aware_lora,0.05,42,VIVOSDEV16_154_snr0,0,noise,deletion,sót,,5,,sac,,sot,,sot,,true,false,word_deletion,,,false,false,false,false,ÍT CÓ CƠ HỘI SỐNG SÓT CHO CÁC HÀNH KHÁCH TRÊN MÁY BAY,ít số cư lội sấm sống thành các hành khách trên máy bay
aligned_v1,vivos,phowhisper,base,tone_aware_lora,0.05,42,VIVOSDEV16_175_snr0,0,speech,deletion,nhau,,3,,ngang,,nhau,,nhau,,true,false,word_deletion,,,false,false,false,false,HỌ ĐÃ TRAO NHAU LỜI HẸN ƯỚC NÊN DUYÊN CHỒNG VỢ,họ đã trao thô trong vợ
aligned_v1,vivos,phowhisper,base,tone_aware_lora,0.05,42,VIVOSDEV16_175_snr0,0,speech,deletion,lời,,4,,huyen,,lơi,,loi,,true,false,word_deletion,,,false,false,false,false,HỌ ĐÃ TRAO NHAU LỜI HẸN ƯỚC NÊN DUYÊN CHỒNG VỢ,họ đã trao thô trong vợ
aligned_v1,vivos,phowhisper,base,tone_aware_lora,0.05,42,VIVOSDEV16_175_snr0,0,speech,deletion,hẹn,,5,,nang,,hen,,hen,,true,false,word_deletion,,,false,false,false,false,HỌ ĐÃ TRAO NHAU LỜI HẸN ƯỚC NÊN DUYÊN CHỒNG VỢ,họ đã trao thô trong vợ
aligned_v1,vivos,phowhisper,base,tone_aware_lora,0.05,42,VIVOSDEV16_175_snr0,0,speech,deletion,ước,,6,,sac,,ươc,,uoc,,true,false,word_deletion,,,false,false,false,false,HỌ ĐÃ TRAO NHAU LỜI HẸN ƯỚC NÊN DUYÊN CHỒNG VỢ,họ đã trao thô trong vợ
aligned_v1,vivos,phowhisper,base,tone_aware_lora,0.05,42,VIVOSDEV16_175_snr0,0,speech,deletion,nên,,7,,ngang,,nên,,nen,,true,false,word_deletion,,,false,false,false,false,HỌ ĐÃ TRAO NHAU LỜI HẸN ƯỚC NÊN DUYÊN CHỒNG VỢ,họ đã trao thô trong vợ
aligned_v1,vivos,phowhisper,base,tone_aware_lora,0.05,42,VIVOSDEV16_177_snr10,10,noise,substitution,nghỉ,nghĩ,6,6,hoi,nga,nghi,nghi,nghi,nghi,true,false,tone_substitution,,,false,false,false,false,NẾU THỈNH THOẢNG CÓ VÀI NGÀY NGHỈ NGƯỜI THỤY ĐIỂN THƯỜNG RA ĐẢO CHƠI,nếu thỉnh thoảng có vài ngày nghĩ người thụy điển thường ra đảo chơi
aligned_v1,vivos,phowhisper,base,tone_aware_lora,0.05,42,VIVOSDEV16_177_snr5,5,music,substitution,nghỉ,nghĩ,6,6,hoi,nga,nghi,nghi,nghi,nghi,true,false,tone_substitution,,,false,false,false,false,NẾU THỈNH THOẢNG CÓ VÀI NGÀY NGHỈ NGƯỜI THỤY ĐIỂN THƯỜNG RA ĐẢO CHƠI,nếu thỉnh thoảng có vài ngày nghĩ người thủy thỉ cũng thường ra đảo chơi
aligned_v1,vivos,phowhisper,base,tone_aware_lora,0.05,42,VIVOSDEV16_177_snr5,5,music,substitution,thụy,thủy,8,8,nang,hoi,thuy,thuy,thuy,thuy,true,false,tone_substitution,,,false,false,false,false,NẾU THỈNH THOẢNG CÓ VÀI NGÀY NGHỈ NGƯỜI THỤY ĐIỂN THƯỜNG RA ĐẢO CHƠI,nếu thỉnh thoảng có vài ngày nghĩ người thủy thỉ cũng thường ra đảo chơi
aligned_v1,vivos,phowhisper,base,tone_aware_lora,0.05,42,VIVOSDEV16_233_snr0,0,speech,deletion,xúm,,5,,sac,,xum,,xum,,true,false,word_deletion,,,false,false,false,false,SÁNG RA THẤY DÂN TÌNH XÚM QUANH CON TÊ GIÁC KHỔNG LỒ ĐÃ CHẾT,xoan ra thấy dòng tình tình con tê giác khổng lồ đã chết
aligned_v1,vivos,phowhisper,base,tone_aware_lora,0.05,42,VIVOSDEV17_024_clean,clean,clean,substitution,sọ,sỏ,9,9,nang,hoi,so,so,so,so,true,false,tone_substitution,,,false,false,false,false,RIÊNG ÔNG NGUYỄN VĂN BA BỊ GỖ ĐÈ DẬP SỌ NÃO CHẾT NGAY TẠI CHỖ,riêng ông nguyễn văn ba bị rổ đè dập sỏ não chết ngay tại chỗ
aligned_v1,vivos,phowhisper,base,tone_aware_lora,0.05,42,VIVOSDEV17_024_snr0,0,noise,substitution,dập,đập,8,8,nang,nang,dâp,đâp,dap,dap,false,true,,d_stroke_loss_or_change,d→đ,false,false,false,false,RIÊNG ÔNG NGUYỄN VĂN BA BỊ GỖ ĐÈ DẬP SỌ NÃO CHẾT NGAY TẠI CHỖ,kiên ông nguyễn văn ba bị rỗ đè đập sõ não chết ngay tại chỗ
aligned_v1,vivos,phowhisper,base,tone_aware_lora,0.05,42,VIVOSDEV17_024_snr0,0,noise,substitution,sọ,sõ,9,9,nang,nga,so,so,so,so,true,false,tone_substitution,,,false,false,false,false,RIÊNG ÔNG NGUYỄN VĂN BA BỊ GỖ ĐÈ DẬP SỌ NÃO CHẾT NGAY TẠI CHỖ,kiên ông nguyễn văn ba bị rỗ đè đập sõ não chết ngay tại chỗ
aligned_v1,vivos,phowhisper,base,tone_aware_lora,0.05,42,VIVOSDEV17_024_snr10,10,noise,substitution,sọ,sỏ,9,9,nang,hoi,so,so,so,so,true,false,tone_substitution,,,false,false,false,false,RIÊNG ÔNG NGUYỄN VĂN BA BỊ GỖ ĐÈ DẬP SỌ NÃO CHẾT NGAY TẠI CHỖ,riêng ông nguyễn văn ba bị rổ đè dập sỏ não chết ngay tại chỗ
aligned_v1,vivos,phowhisper,base,tone_aware_lora,0.05,42,VIVOSDEV17_024_snr20,20,speech,substitution,sọ,sỏ,9,9,nang,hoi,so,so,so,so,true,false,tone_substitution,,,false,false,false,false,RIÊNG ÔNG NGUYỄN VĂN BA BỊ GỖ ĐÈ DẬP SỌ NÃO CHẾT NGAY TẠI CHỖ,riêng ông nguyễn văn ba bị rổ đè dập sỏ não chết ngay tại chỗ
aligned_v1,vivos,phowhisper,base,tone_aware_lora,0.05,42,VIVOSDEV17_032_clean,clean,clean,substitution,mỗi,mọi,0,0,nga,nang,môi,moi,moi,moi,false,true,,vowel_quality_loss,ô→o,false,true,false,true,MỖI NGƯỜI NỞ MỘT NỤ CƯỜI VỚI NHỮNG Ý NGHĨA KHÁC NHAU,mọi người nở một nụ cười với những ý nghĩa khác nhau
aligned_v1,vivos,phowhisper,base,tone_aware_lora,0.05,42,VIVOSDEV17_032_snr0,0,noise,substitution,mỗi,mọi,0,0,nga,nang,môi,moi,moi,moi,false,true,,vowel_quality_loss,ô→o,false,true,false,true,MỖI NGƯỜI NỞ MỘT NỤ CƯỜI VỚI NHỮNG Ý NGHĨA KHÁC NHAU,mọi người nở một nụ cười với những ý nghĩa khác nhau
aligned_v1,vivos,phowhisper,base,tone_aware_lora,0.05,42,VIVOSDEV17_032_snr10,10,music,substitution,mỗi,mọi,0,0,nga,nang,môi,moi,moi,moi,false,true,,vowel_quality_loss,ô→o,false,true,false,true,MỖI NGƯỜI NỞ MỘT NỤ CƯỜI VỚI NHỮNG Ý NGHĨA KHÁC NHAU,mọi người nở một nụ cười với những ý nghĩ khác nhau
aligned_v1,vivos,phowhisper,base,tone_aware_lora,0.05,42,VIVOSDEV17_032_snr20,20,noise,substitution,mỗi,mọi,0,0,nga,nang,môi,moi,moi,moi,false,true,,vowel_quality_loss,ô→o,false,true,false,true,MỖI NGƯỜI NỞ MỘT NỤ CƯỜI VỚI NHỮNG Ý NGHĨA KHÁC NHAU,mọi người nở một nụ cười với những ý nghĩ khác nhau
aligned_v1,vivos,phowhisper,base,tone_aware_lora,0.05,42,VIVOSDEV17_032_snr5,5,music,substitution,mỗi,mọi,0,0,nga,nang,môi,moi,moi,moi,false,true,,vowel_quality_loss,ô→o,false,true,false,true,MỖI NGƯỜI NỞ MỘT NỤ CƯỜI VỚI NHỮNG Ý NGHĨA KHÁC NHAU,mọi người nở một nụ cười với những ý nghĩ khác nhau
aligned_v1,vivos,phowhisper,base,tone_aware_lora,0.05,42,VIVOSDEV17_043_clean,clean,clean,substitution,sóng,sống,8,8,sac,sac,song,sông,song,song,false,true,,vowel_quality_addition,o→ô,false,false,false,false,DO VẬY SẼ ẢNH HƯỞNG TỚI VIỆC THU SÓNG VÔ TUYẾN,do vậy sẽ ảnh hưởng tới việc thu sống vô tuyến
aligned_v1,vivos,phowhisper,base,tone_aware_lora,0.05,42,VIVOSDEV17_043_snr0,0,music,substitution,sóng,sống,8,8,sac,sac,song,sông,song,song,false,true,,vowel_quality_addition,o→ô,false,false,false,false,DO VẬY SẼ ẢNH HƯỞNG TỚI VIỆC THU SÓNG VÔ TUYẾN,do vậy sẽ ảnh hưởng tới việc thu sống vô tuyến
aligned_v1,vivos,phowhisper,base,tone_aware_lora,0.05,42,VIVOSDEV17_043_snr10,10,music,substitution,sóng,sống,8,8,sac,sac,song,sông,song,song,false,true,,vowel_quality_addition,o→ô,false,false,false,false,DO VẬY SẼ ẢNH HƯỞNG TỚI VIỆC THU SÓNG VÔ TUYẾN,do vậy sẽ ảnh hưởng tới việc thu sống vô tuyến
aligned_v1,vivos,phowhisper,base,tone_aware_lora,0.05,42,VIVOSDEV17_043_snr20,20,noise,substitution,sóng,sống,8,8,sac,sac,song,sông,song,song,false,true,,vowel_quality_addition,o→ô,false,false,false,false,DO VẬY SẼ ẢNH HƯỞNG TỚI VIỆC THU SÓNG VÔ TUYẾN,do vậy sẽ ảnh hưởng tới việc thu sống vô tuyến
aligned_v1,vivos,phowhisper,base,tone_aware_lora,0.05,42,VIVOSDEV17_043_snr5,5,noise,substitution,sóng,sống,8,8,sac,sac,song,sông,song,song,false,true,,vowel_quality_addition,o→ô,false,false,false,false,DO VẬY SẼ ẢNH HƯỞNG TỚI VIỆC THU SÓNG VÔ TUYẾN,do vậy sẽ ảnh hưởng tới việc thu sống vô tuyến
aligned_v1,vivos,phowhisper,base,tone_aware_lora,0.05,42,VIVOSDEV17_048_snr10,10,speech,substitution,phụ,phủ,7,7,nang,hoi,phu,phu,phu,phu,true,false,tone_substitution,,,false,false,false,false,PHIM CHIẾU NGUYÊN BẢN TIẾNG PHÁP CÓ PHỤ ĐỀ TIẾNG VIỆT,phim chiếu nguyên bản tiếng pháp có phủ đề tiếng việt
aligned_v1,vivos,phowhisper,base,tone_aware_lora,0.05,42,VIVOSDEV17_062_snr0,0,speech,deletion,căng,,5,,ngang,,căng,,cang,,true,false,word_deletion,,,false,false,false,false,SAU MỘT NGÀY LAO ĐỘNG CĂNG MỆT BẠN ƯU TIÊN CHỌN,sau một ngày lao động căn bệnh ưu tiên chọn
aligned_v1,vivos,phowhisper,base,tone_aware_lora,0.05,42,VIVOSDEV17_090_snr5,5,music,substitution,hả,hạ,10,10,hoi,nang,ha,ha,ha,ha,true,false,tone_substitution,,,false,false,false,false,BÂY GIỜ THÌ ĐÁNG ĐƯỢC KHEN LÀ THÔNG MINH CHỨ HẢ,bây giờ thì đáng được khen là thông minh chứ hạ
aligned_v1,vivos,phowhisper,base,tone_aware_lora,0.05,42,VIVOSDEV17_099_clean,clean,clean,substitution,chị,chỉ,0,0,nang,hoi,chi,chi,chi,chi,true,false,tone_substitution,,,false,false,false,false,CHỊ TÌM NHÀ CHO EM Ở TRỌ NGAY CỔNG TRƯỜNG CHỊ HỌC,chỉ tìm nhà cho em ở trọ ngay cổng trường chỉ học
aligned_v1,vivos,phowhisper,base,tone_aware_lora,0.05,42,VIVOSDEV17_099_clean,clean,clean,substitution,chị,chỉ,10,10,nang,hoi,chi,chi,chi,chi,true,false,tone_substitution,,,false,false,false,false,CHỊ TÌM NHÀ CHO EM Ở TRỌ NGAY CỔNG TRƯỜNG CHỊ HỌC,chỉ tìm nhà cho em ở trọ ngay cổng trường chỉ học
aligned_v1,vivos,phowhisper,base,tone_aware_lora,0.05,42,VIVOSDEV17_099_snr0,0,music,substitution,chị,chỉ,0,0,nang,hoi,chi,chi,chi,chi,true,false,tone_substitution,,,false,false,false,false,CHỊ TÌM NHÀ CHO EM Ở TRỌ NGAY CỔNG TRƯỜNG CHỊ HỌC,chỉ tìm nhà cho em ở trọ ngay cổng trường chỉ học
aligned_v1,vivos,phowhisper,base,tone_aware_lora,0.05,42,VIVOSDEV17_099_snr0,0,music,substitution,chị,chỉ,10,10,nang,hoi,chi,chi,chi,chi,true,false,tone_substitution,,,false,false,false,false,CHỊ TÌM NHÀ CHO EM Ở TRỌ NGAY CỔNG TRƯỜNG CHỊ HỌC,chỉ tìm nhà cho em ở trọ ngay cổng trường chỉ học
aligned_v1,vivos,phowhisper,base,tone_aware_lora,0.05,42,VIVOSDEV17_099_snr10,10,music,substitution,chị,chỉ,0,0,nang,hoi,chi,chi,chi,chi,true,false,tone_substitution,,,false,false,false,false,CHỊ TÌM NHÀ CHO EM Ở TRỌ NGAY CỔNG TRƯỜNG CHỊ HỌC,chỉ tìm nhà cho em ở trọ ngay cổng trường chỉ học
aligned_v1,vivos,phowhisper,base,tone_aware_lora,0.05,42,VIVOSDEV17_099_snr10,10,music,substitution,chị,chỉ,10,10,nang,hoi,chi,chi,chi,chi,true,false,tone_substitution,,,false,false,false,false,CHỊ TÌM NHÀ CHO EM Ở TRỌ NGAY CỔNG TRƯỜNG CHỊ HỌC,chỉ tìm nhà cho em ở trọ ngay cổng trường chỉ học
aligned_v1,vivos,phowhisper,base,tone_aware_lora,0.05,42,VIVOSDEV17_099_snr20,20,music,substitution,chị,chỉ,0,0,nang,hoi,chi,chi,chi,chi,true,false,tone_substitution,,,false,false,false,false,CHỊ TÌM NHÀ CHO EM Ở TRỌ NGAY CỔNG TRƯỜNG CHỊ HỌC,chỉ tìm nhà cho em ở trọ ngay cổng trường chỉ học
aligned_v1,vivos,phowhisper,base,tone_aware_lora,0.05,42,VIVOSDEV17_099_snr20,20,music,substitution,chị,chỉ,10,10,nang,hoi,chi,chi,chi,chi,true,false,tone_substitution,,,false,false,false,false,CHỊ TÌM NHÀ CHO EM Ở TRỌ NGAY CỔNG TRƯỜNG CHỊ HỌC,chỉ tìm nhà cho em ở trọ ngay cổng trường chỉ học
aligned_v1,vivos,phowhisper,base,tone_aware_lora,0.05,42,VIVOSDEV17_099_snr5,5,speech,substitution,chị,chỉ,0,0,nang,hoi,chi,chi,chi,chi,true,false,tone_substitution,,,false,false,false,false,CHỊ TÌM NHÀ CHO EM Ở TRỌ NGAY CỔNG TRƯỜNG CHỊ HỌC,chỉ tìm nhà cho em ở trọ ngay cổng trường chịu học
aligned_v1,vivos,phowhisper,base,tone_aware_lora,0.05,42,VIVOSDEV17_120_snr0,0,speech,substitution,bản,bạn,2,2,hoi,nang,ban,ban,ban,ban,true,false,tone_substitution,,,false,false,false,false,SAU ĐÓ BẢN THÂN HỌC SINH PHẢI LÀM ĐƠN XIN HỌC BỔNG,sau đó bạn thân hằng sinh phải làm đơn xin học học
aligned_v1,vivos,phowhisper,base,tone_aware_lora,0.05,42,VIVOSDEV17_208_clean,clean,clean,substitution,phủ,phụ,9,9,hoi,nang,phu,phu,phu,phu,true,false,tone_substitution,,,false,false,false,false,NHƯNG CHẲNG CÓ ĐIỂM SẢN XUẤT NÀO DÙNG BẠT PHỦ CHE CHẮN,nhưng chẳng có điểm sản xuất nào dùng bạc phụ che chắn
aligned_v1,vivos,phowhisper,base,tone_aware_lora,0.05,42,VIVOSDEV17_208_snr0,0,noise,substitution,phủ,phụ,9,9,hoi,nang,phu,phu,phu,phu,true,false,tone_substitution,,,false,false,false,false,NHƯNG CHẲNG CÓ ĐIỂM SẢN XUẤT NÀO DÙNG BẠT PHỦ CHE CHẮN,nhưng chẳng có điểm sản xuất nào dùng bạc phụ che chắn
aligned_v1,vivos,phowhisper,base,tone_aware_lora,0.05,42,VIVOSDEV17_208_snr10,10,music,substitution,phủ,phụ,9,9,hoi,nang,phu,phu,phu,phu,true,false,tone_substitution,,,false,false,false,false,NHƯNG CHẲNG CÓ ĐIỂM SẢN XUẤT NÀO DÙNG BẠT PHỦ CHE CHẮN,nhưng chẳng có điểm sản xuất nào dùng bạc phụ che chắn
aligned_v1,vivos,phowhisper,base,tone_aware_lora,0.05,42,VIVOSDEV17_208_snr20,20,noise,substitution,phủ,phụ,9,9,hoi,nang,phu,phu,phu,phu,true,false,tone_substitution,,,false,false,false,false,NHƯNG CHẲNG CÓ ĐIỂM SẢN XUẤT NÀO DÙNG BẠT PHỦ CHE CHẮN,nhưng chẳng có điểm sản xuất nào dùng bạc phụ che chắn
aligned_v1,vivos,phowhisper,base,tone_aware_lora,0.05,42,VIVOSDEV17_208_snr5,5,noise,substitution,phủ,phụ,9,9,hoi,nang,phu,phu,phu,phu,true,false,tone_substitution,,,false,false,false,false,NHƯNG CHẲNG CÓ ĐIỂM SẢN XUẤT NÀO DÙNG BẠT PHỦ CHE CHẮN,nhưng chẳng có điểm sản xuất nào dùng bạc phụ che chắn
aligned_v1,vivos,phowhisper,base,tone_aware_lora,0.05,42,VIVOSDEV17_217_snr10,10,music,substitution,đồng,động,2,2,huyen,nang,đông,đông,dong,dong,true,false,tone_substitution,,,false,false,false,false,THÌ HỢP ĐỒNG THẾ CHẤP NÀY CŨNG KHÔNG CÓ GIÁ TRỊ PHÁP LÝ,thì hoạt động thế chấp này cũng không có giá trị tâm lý
aligned_v1,vivos,phowhisper,base,tone_aware_lora,0.05,42,VIVOSDEV17_217_snr5,5,speech,substitution,đồng,động,2,2,huyen,nang,đông,đông,dong,dong,true,false,tone_substitution,,,false,false,false,false,THÌ HỢP ĐỒNG THẾ CHẤP NÀY CŨNG KHÔNG CÓ GIÁ TRỊ PHÁP LÝ,thì hành động thế chấp này cũng không có giá trị pháp lý hầu vậy
aligned_v1,vivos,phowhisper,base,tone_aware_lora,0.05,42,VIVOSDEV17_271_clean,clean,clean,substitution,cộng,cổng,11,11,nang,hoi,công,công,cong,cong,true,false,tone_substitution,,,false,false,false,false,GIẢI NHẤT HUY CHƯƠNG VÀNG THUỘC VỀ NHÀ NHIẾP ẢNH CỦA CỘNG HÒA SÉC,giải nhất huy chương vàng thuộc về nhà nhiếp ảnh của cổng hoà sét
aligned_v1,vivos,phowhisper,base,tone_aware_lora,0.05,42,VIVOSDEV17_271_snr0,0,music,substitution,cộng,cổng,11,11,nang,hoi,công,công,cong,cong,true,false,tone_substitution,,,false,false,false,false,GIẢI NHẤT HUY CHƯƠNG VÀNG THUỘC VỀ NHÀ NHIẾP ẢNH CỦA CỘNG HÒA SÉC,giải nhất huy chương vàng thuộc về nhà nhiếp ảnh của cổng hòa pháp
aligned_v1,vivos,phowhisper,base,tone_aware_lora,0.05,42,VIVOSDEV17_271_snr10,10,noise,substitution,cộng,cổng,11,11,nang,hoi,công,công,cong,cong,true,false,tone_substitution,,,false,false,false,false,GIẢI NHẤT HUY CHƯƠNG VÀNG THUỘC VỀ NHÀ NHIẾP ẢNH CỦA CỘNG HÒA SÉC,giải nhất huy chương vàng thuộc về nhà nhiếp ảnh của cổng hoà sét
aligned_v1,vivos,phowhisper,base,tone_aware_lora,0.05,42,VIVOSDEV17_271_snr20,20,music,substitution,cộng,cổng,11,11,nang,hoi,công,công,cong,cong,true,false,tone_substitution,,,false,false,false,false,GIẢI NHẤT HUY CHƯƠNG VÀNG THUỘC VỀ NHÀ NHIẾP ẢNH CỦA CỘNG HÒA SÉC,giải nhất huy chương vàng thuộc về nhà nhiếp ảnh của cổng hoà sét
aligned_v1,vivos,phowhisper,base,tone_aware_lora,0.05,42,VIVOSDEV17_271_snr5,5,noise,substitution,cộng,cổng,11,11,nang,hoi,công,công,cong,cong,true,false,tone_substitution,,,false,false,false,false,GIẢI NHẤT HUY CHƯƠNG VÀNG THUỘC VỀ NHÀ NHIẾP ẢNH CỦA CỘNG HÒA SÉC,giải nhất huy chương vàng thuộc về nhà nhiếp ảnh của cổng hoà sét
aligned_v1,vivos,phowhisper,base,tone_aware_lora,0.05,42,VIVOSDEV17_299_snr0,0,speech,deletion,mài,,10,,huyen,,mai,,mai,,true,false,word_deletion,,,false,false,false,false,KHAI MẠC TRIỂN LÃM QUY MÔ LỚN VỀ TRANH SƠN MÀI VIỆT NAM,hai mảng triển lãm khi mô lớn về tranh sơn bày nam
aligned_v1,vivos,phowhisper,base,tone_aware_lora,0.05,42,VIVOSDEV18_006_snr5,5,speech,substitution,bài,bái,5,5,huyen,sac,bai,bai,bai,bai,true,false,tone_substitution,,,false,false,false,false,KHÔNG NÊN CHỈ DỰA VÀO BÀI VIẾT CỦA BẠN ĐỂ THUYẾT MINH THÊM,không nên chỉ dựa vào bái vết của bạn để thuyết minh thêm
aligned_v1,vivos,phowhisper,base,tone_aware_lora,0.05,42,VIVOSDEV18_017_snr0,0,noise,substitution,giá,già,7,7,sac,huyen,gia,gia,gia,gia,true,false,tone_substitution,,,false,false,false,false,TUY NHIÊN HỢP ĐỒNG NÀY CHỈ CÓ GIÁ TRỊ TRONG NHỮNG NGÀY BÌNH THƯỜNG,tuy nhiên hợp đồng này chỉ quá già chịu trong những ngày bình thường
aligned_v1,vivos,phowhisper,base,tone_aware_lora,0.05,42,VIVOSDEV18_064_clean,clean,clean,substitution,hóa,hoa,2,2,sac,ngang,hoa,hoa,hoa,hoa,true,false,tone_loss,,,true,false,false,true,TẤT NHIÊN HÓA ĐƠN TIỀN NƯỚC CŨNG KÈM LUÔN KHOẢN TIỀN,tất nhiên hoa đơn tiền nước cũng kèm theo luôn khoản tiền
aligned_v1,vivos,phowhisper,base,tone_aware_lora,0.05,42,VIVOSDEV18_064_snr0,0,noise,substitution,hóa,hoa,2,2,sac,ngang,hoa,hoa,hoa,hoa,true,false,tone_loss,,,true,false,false,true,TẤT NHIÊN HÓA ĐƠN TIỀN NƯỚC CŨNG KÈM LUÔN KHOẢN TIỀN,tất nhiên hoa đơn tiền nước cũng kèm theo luôn khoản tiền
aligned_v1,vivos,phowhisper,base,tone_aware_lora,0.05,42,VIVOSDEV18_064_snr10,10,music,substitution,hóa,hoa,2,2,sac,ngang,hoa,hoa,hoa,hoa,true,false,tone_loss,,,true,false,false,true,TẤT NHIÊN HÓA ĐƠN TIỀN NƯỚC CŨNG KÈM LUÔN KHOẢN TIỀN,tất nhiên hoa đơn tiền nước cũng kèm theo luôn khoản tiền
aligned_v1,vivos,phowhisper,base,tone_aware_lora,0.05,42,VIVOSDEV18_064_snr5,5,noise,substitution,hóa,hoa,2,2,sac,ngang,hoa,hoa,hoa,hoa,true,false,tone_loss,,,true,false,false,true,TẤT NHIÊN HÓA ĐƠN TIỀN NƯỚC CŨNG KÈM LUÔN KHOẢN TIỀN,tất nhiên hoa đơn tiền nước cũng kèm theo luôn khoản tiền
aligned_v1,vivos,phowhisper,base,tone_aware_lora,0.05,42,VIVOSDEV18_155_clean,clean,clean,substitution,thình,thịnh,5,5,huyen,nang,thinh,thinh,thinh,thinh,true,false,tone_substitution,,,false,false,false,false,NGƯỜI ĐÀN ÔNG TRÊN GIƯỜNG THÌNH LÌNH RÊN LÊN MỘT TIẾNG RỒI MỞ MẮT,người đàn ông trên giường thịnh lìn rên lên một tiếng rồi mở mắt
aligned_v1,vivos,phowhisper,base,tone_aware_lora,0.05,42,VIVOSDEV18_155_snr10,10,noise,substitution,thình,thịnh,5,5,huyen,nang,thinh,thinh,thinh,thinh,true,false,tone_substitution,,,false,false,false,false,NGƯỜI ĐÀN ÔNG TRÊN GIƯỜNG THÌNH LÌNH RÊN LÊN MỘT TIẾNG RỒI MỞ MẮT,người đàn ông trên giường thịnh lìn lên lên một tiếng rồi mở mắt
aligned_v1,vivos,phowhisper,base,tone_aware_lora,0.05,42,VIVOSDEV18_155_snr20,20,music,substitution,thình,thịnh,5,5,huyen,nang,thinh,thinh,thinh,thinh,true,false,tone_substitution,,,false,false,false,false,NGƯỜI ĐÀN ÔNG TRÊN GIƯỜNG THÌNH LÌNH RÊN LÊN MỘT TIẾNG RỒI MỞ MẮT,người đàn ông trên giường thịnh lìn rên lên một tiếng rồi mở mắt
aligned_v1,vivos,phowhisper,base,tone_aware_lora,0.05,42,VIVOSDEV18_191_snr0,0,noise,deletion,vị,,0,,nang,,vi,,vi,,true,false,word_deletion,,,false,false,false,false,VỊ BÁC SĨ HIỀN LÀNH ẤY CÓ NHỮNG LÝ THUYẾT TRỒNG CÂY THẬT THÚ VỊ,bác sĩ hiện lại ấy có những ý thuyết trồng cây thật thú vị
aligned_v1,vivos,phowhisper,base,tone_aware_lora,0.05,42,VIVOSDEV18_191_snr0,0,noise,substitution,hiền,hiện,3,2,huyen,nang,hiên,hiên,hien,hien,true,false,tone_substitution,,,false,false,false,false,VỊ BÁC SĨ HIỀN LÀNH ẤY CÓ NHỮNG LÝ THUYẾT TRỒNG CÂY THẬT THÚ VỊ,bác sĩ hiện lại ấy có những ý thuyết trồng cây thật thú vị
aligned_v1,vivos,phowhisper,base,tone_aware_lora,0.05,42,VIVOSDEV18_199_snr0,0,music,deletion,hiển,,0,,hoi,,hiên,,hien,,true,false,word_deletion,,,false,false,false,false,HIỂN NHIÊN KHÔNG AI MUỐN XUẤT HIỆN BÊN CẠNH MỘT NGƯỜI NHƯ VẬY,nhưng không ai muốn xuất hiện bên cộng một người như vậy
aligned_v1,vivos,phowhisper,base,tone_aware_lora,0.05,42,VIVOSDEV18_199_snr10,10,speech,deletion,hiển,,0,,hoi,,hiên,,hien,,true,false,word_deletion,,,false,false,false,false,HIỂN NHIÊN KHÔNG AI MUỐN XUẤT HIỆN BÊN CẠNH MỘT NGƯỜI NHƯ VẬY,nhiên không ai muốn xuất hiện bên cạnh một người như vậy
aligned_v1,vivos,phowhisper,base,tone_aware_lora,0.05,42,VIVOSDEV18_199_snr5,5,noise,deletion,hiển,,0,,hoi,,hiên,,hien,,true,false,word_deletion,,,false,false,false,false,HIỂN NHIÊN KHÔNG AI MUỐN XUẤT HIỆN BÊN CẠNH MỘT NGƯỜI NHƯ VẬY,nhưng không ai muốn xuất hiện bên cạnh một người như vậy
aligned_v1,vivos,phowhisper,base,tone_aware_lora,0.05,42,VIVOSDEV18_214_clean,clean,clean,substitution,tụ,tủ,11,11,nang,hoi,tu,tu,tu,tu,true,false,tone_substitution,,,false,false,false,false,KIỂU HÀI DUNG TỤC VẪN CỨ LỀNH KHÊNH Ở MỘT SỐ TỤ ĐIỂM,kiểu hài dung tục vẫn cứ lần khần ở một số tủ điểm
aligned_v1,vivos,phowhisper,base,tone_aware_lora,0.05,42,VIVOSDEV18_214_snr0,0,music,substitution,hài,hải,1,1,huyen,hoi,hai,hai,hai,hai,true,false,tone_substitution,,,false,false,false,false,KIỂU HÀI DUNG TỤC VẪN CỨ LỀNH KHÊNH Ở MỘT SỐ TỤ ĐIỂM,tiểu hải dùng thực tức cuối lần khẩn thận một số thủ tục đi áp
aligned_v1,vivos,phowhisper,base,tone_aware_lora,0.05,42,VIVOSDEV18_214_snr0,0,music,substitution,dung,dùng,2,2,ngang,huyen,dung,dung,dung,dung,true,false,tone_addition,,,false,false,false,false,KIỂU HÀI DUNG TỤC VẪN CỨ LỀNH KHÊNH Ở MỘT SỐ TỤ ĐIỂM,tiểu hải dùng thực tức cuối lần khẩn thận một số thủ tục đi áp
aligned_v1,vivos,phowhisper,base,tone_aware_lora,0.05,42,VIVOSDEV18_214_snr10,10,noise,substitution,tụ,tủ,11,11,nang,hoi,tu,tu,tu,tu,true,false,tone_substitution,,,false,false,false,false,KIỂU HÀI DUNG TỤC VẪN CỨ LỀNH KHÊNH Ở MỘT SỐ TỤ ĐIỂM,kiểu hài dung tục vẫn cứ lần khần ở một số tủ điểm
aligned_v1,vivos,phowhisper,base,tone_aware_lora,0.05,42,VIVOSDEV18_214_snr20,20,speech,substitution,tụ,tủ,11,11,nang,hoi,tu,tu,tu,tu,true,false,tone_substitution,,,false,false,false,false,KIỂU HÀI DUNG TỤC VẪN CỨ LỀNH KHÊNH Ở MỘT SỐ TỤ ĐIỂM,kiểu hài dung tục vẫn cứ lần khần ở một số tủ điểm
aligned_v1,vivos,phowhisper,base,tone_aware_lora,0.05,42,VIVOSDEV18_214_snr5,5,speech,substitution,khênh,khềnh,7,7,ngang,huyen,khênh,khênh,khenh,khenh,true,false,tone_addition,,,false,false,false,false,KIỂU HÀI DUNG TỤC VẪN CỨ LỀNH KHÊNH Ở MỘT SỐ TỤ ĐIỂM,kiểu hay dung tục vẫn cứ lên khềnh ở một số tủ điểm
aligned_v1,vivos,phowhisper,base,tone_aware_lora,0.05,42,VIVOSDEV18_214_snr5,5,speech,substitution,tụ,tủ,11,11,nang,hoi,tu,tu,tu,tu,true,false,tone_substitution,,,false,false,false,false,KIỂU HÀI DUNG TỤC VẪN CỨ LỀNH KHÊNH Ở MỘT SỐ TỤ ĐIỂM,kiểu hay dung tục vẫn cứ lên khềnh ở một số tủ điểm
aligned_v1,vivos,phowhisper,base,tone_aware_lora,0.05,42,VIVOSDEV18_252_clean,clean,clean,substitution,má,mã,9,9,sac,nga,ma,ma,ma,ma,true,false,tone_substitution,,,false,false,false,false,LÚC ĐÓ CHỊ TƯỞNG LÀM NHƯ VẬY CŨNG LÀM MÁ VUI,lúc đó chị tưởng làm như vậy cũng làm mã vui
aligned_v1,vivos,phowhisper,base,tone_aware_lora,0.05,42,VIVOSDEV18_252_snr10,10,music,substitution,má,mã,9,9,sac,nga,ma,ma,ma,ma,true,false,tone_substitution,,,false,false,false,false,LÚC ĐÓ CHỊ TƯỞNG LÀM NHƯ VẬY CŨNG LÀM MÁ VUI,lúc đó chị tưởng làm như vậy cũng làm mã vui
aligned_v1,vivos,phowhisper,base,tone_aware_lora,0.05,42,VIVOSDEV18_252_snr20,20,noise,substitution,má,mã,9,9,sac,nga,ma,ma,ma,ma,true,false,tone_substitution,,,false,false,false,false,LÚC ĐÓ CHỊ TƯỞNG LÀM NHƯ VẬY CŨNG LÀM MÁ VUI,lúc đó chị tưởng làm như vậy cũng là mã vui
aligned_v1,vivos,phowhisper,base,tone_aware_lora,0.05,42,VIVOSDEV18_252_snr5,5,noise,substitution,má,mã,9,9,sac,nga,ma,ma,ma,ma,true,false,tone_substitution,,,false,false,false,false,LÚC ĐÓ CHỊ TƯỞNG LÀM NHƯ VẬY CŨNG LÀM MÁ VUI,lúc đó chị tưởng làm như vậy cũng là mã vui
aligned_v1,vivos,phowhisper,base,tone_aware_lora,0.05,42,VIVOSDEV18_279_clean,clean,clean,substitution,mỡ,mở,8,8,nga,hoi,mơ,mơ,mo,mo,true,false,tone_substitution,,,false,false,false,false,NHỮNG SẢN PHẨM GIÚP NỞ NGỰC VÀ TAN MỠ CẤP TỐC ẢNH YẾN TRINH,những sản phẩm giúp nở ngực và tan mở cấp tấp ảnh hưởng đến yến trinh
aligned_v1,vivos,phowhisper,base,tone_aware_lora,0.05,42,VIVOSDEV18_279_snr0,0,noise,deletion,những,,0,,nga,,nhưng,,nhung,,true,false,word_deletion,,,false,false,false,false,NHỮNG SẢN PHẨM GIÚP NỞ NGỰC VÀ TAN MỠ CẤP TỐC ẢNH YẾN TRINH,sản phẩm giúp nở ngực và tan nợ hấp tấp tương tự đến tiến trình
aligned_v1,vivos,phowhisper,base,tone_aware_lora,0.05,42,VIVOSDEV18_279_snr0,0,noise,substitution,trinh,trình,13,14,ngang,huyen,trinh,trinh,trinh,trinh,true,false,tone_addition,,,false,false,false,false,NHỮNG SẢN PHẨM GIÚP NỞ NGỰC VÀ TAN MỠ CẤP TỐC ẢNH YẾN TRINH,sản phẩm giúp nở ngực và tan nợ hấp tấp tương tự đến tiến trình
aligned_v1,vivos,phowhisper,base,tone_aware_lora,0.05,42,VIVOSDEV18_279_snr20,20,noise,substitution,mỡ,mở,8,8,nga,hoi,mơ,mơ,mo,mo,true,false,tone_substitution,,,false,false,false,false,NHỮNG SẢN PHẨM GIÚP NỞ NGỰC VÀ TAN MỠ CẤP TỐC ẢNH YẾN TRINH,những sản phẩm giúp nở ngực và tan mở cấp tấp ảnh hưởng đến yến trinh
aligned_v1,vivos,phowhisper,base,tone_aware_lora,0.05,42,VIVOSDEV18_279_snr5,5,noise,substitution,mỡ,mở,8,8,nga,hoi,mơ,mơ,mo,mo,true,false,tone_substitution,,,false,false,false,false,NHỮNG SẢN PHẨM GIÚP NỞ NGỰC VÀ TAN MỠ CẤP TỐC ẢNH YẾN TRINH,những sản phẩm giúp nở ngực và tan mở cấp tấp ảnh hưởng đến tiến trình
aligned_v1,vivos,phowhisper,base,tone_aware_lora,0.05,42,VIVOSDEV18_279_snr5,5,noise,substitution,trinh,trình,13,15,ngang,huyen,trinh,trinh,trinh,trinh,true,false,tone_addition,,,false,false,false,false,NHỮNG SẢN PHẨM GIÚP NỞ NGỰC VÀ TAN MỠ CẤP TỐC ẢNH YẾN TRINH,những sản phẩm giúp nở ngực và tan mở cấp tấp ảnh hưởng đến tiến trình
aligned_v1,vivos,phowhisper,base,tone_aware_lora,0.05,42,VIVOSDEV18_293_snr0,0,speech,deletion,kiểm,,0,,hoi,,kiêm,,kiem,,true,false,word_deletion,,,false,false,false,false,KIỂM TRA TRUNG TÂM NÀY CÔNG AN ĐÃ BẮT GIỮ TỚI,cha trung tâm này công an đã bắt tiểu tới
aligned_v1,vivos,phowhisper,base,tone_aware_lora,0.05,42,VIVOSDEV18_293_snr10,10,speech,deletion,kiểm,,0,,hoi,,kiêm,,kiem,,true,false,word_deletion,,,false,false,false,false,KIỂM TRA TRUNG TÂM NÀY CÔNG AN ĐÃ BẮT GIỮ TỚI,trang trung tâm này công an đã bắt giữ tới
aligned_v1,vivos,phowhisper,base,tone_aware_lora,0.05,42,VIVOSDEV18_293_snr5,5,music,deletion,kiểm,,0,,hoi,,kiêm,,kiem,,true,false,word_deletion,,,false,false,false,false,KIỂM TRA TRUNG TÂM NÀY CÔNG AN ĐÃ BẮT GIỮ TỚI,cha trung tâm này công an đã bắt giữ tới
aligned_v1,vivos,phowhisper,base,tone_aware_lora,0.05,42,VIVOSDEV19_020_snr0,0,noise,substitution,phỏng,phòng,4,4,hoi,huyen,phong,phong,phong,phong,true,false,tone_substitution,,,false,false,false,false,LÊN CÁC CUỘC HẸN PHỎNG VẤN VÀ THỰC HIỆN PHỎNG VẤN,lên các cuộc hẹn phòng bón và thực hiện phòng bón
aligned_v1,vivos,phowhisper,base,tone_aware_lora,0.05,42,VIVOSDEV19_020_snr0,0,noise,substitution,phỏng,phòng,9,9,hoi,huyen,phong,phong,phong,phong,true,false,tone_substitution,,,false,false,false,false,LÊN CÁC CUỘC HẸN PHỎNG VẤN VÀ THỰC HIỆN PHỎNG VẤN,lên các cuộc hẹn phòng bón và thực hiện phòng bón
aligned_v1,vivos,phowhisper,base,tone_aware_lora,0.05,42,VIVOSDEV19_061_snr5,5,music,substitution,bị,bí,10,10,nang,sac,bi,bi,bi,bi,true,false,tone_substitution,,,false,false,false,false,ĐỂ NHỮNG KHÓ KHĂN VÀ MÂU THUẪN DẦN DẦN SẼ BỊ ĐẨY LUI,để những khó khăn và mâu thuẫn dần dần sẽ bí đại lui
aligned_v1,vivos,phowhisper,base,tone_aware_lora,0.05,42,VIVOSDEV19_169_snr0,0,noise,deletion,xa,,7,,ngang,,xa,,xa,,true,false,word_deletion,,,false,false,false,false,NHANH QUÁ ĐÃ LÀ LẦN THỨ BA XA NHÀ RỒI ĐẤY,việt anh quá đã là lần thứ ba sang điều đấy
aligned_v1,vivos,phowhisper,base,tone_aware_lora,0.05,42,VIVOSDEV19_179_snr0,0,speech,substitution,trưởng,trường,6,6,hoi,huyen,trương,trương,truong,truong,true,false,tone_substitution,,,false,false,false,false,ĐỖ ĐỨC THUẦN NGUYÊN KẾ TOÁN TRƯỞNG CÔNG TY TIẾP THỊ ĐẦU TƯ,đỗ đức hùng nguyên kết trong trường công ty thiết kỵ đầu tư
aligned_v1,vivos,phowhisper,base,tone_aware_lora,0.05,42,VIVOSDEV19_218_snr0,0,noise,substitution,mất,mắt,10,10,sac,sac,mât,măt,mat,mat,false,true,,vowel_quality_substitution,â→ă,false,false,false,false,NÓI CÁCH KHÁC CÁI ĐƯỢC CỦA CHÂU Á LÀ CÁI MẤT CỦA CHÂU PHI,nói cách khác cái được của châu á là cái mắt của châu phi
aligned_v1,vivos,phowhisper,base,tone_aware_lora,0.05,42,VIVOSDEV19_246_snr10,10,music,substitution,đổi,đội,8,8,hoi,nang,đôi,đôi,doi,doi,true,false,tone_substitution,,,false,false,false,false,VỢ LỠ CÓ TẬT THẾ ANH NÊN THAY ĐỔI CÁCH TIẾP CẬN,vợ lỡ có tật thế anh nên hay đội cách tiếp cận
aligned_v1,vivos,phowhisper,base,tone_aware_lora,0.05,42,VIVOSDEV19_262_snr0,0,speech,substitution,mãi,mải,6,6,nga,hoi,mai,mai,mai,mai,true,false,tone_substitution,,,false,false,false,false,ĐỂ RỒI CHÚNG TA KHAO KHÁT MÃI TRONG VÒNG LUÂN HỒI NHÂN GIAN,để rồi chúng ta thoát khắp mải trong mặt luôn ngồi nghe nhang
aligned_v1,vivos,phowhisper,base,tone_aware_lora,0.05,42,VIVOSDEV19_262_snr10,10,noise,substitution,mãi,mải,6,6,nga,hoi,mai,mai,mai,mai,true,false,tone_substitution,,,false,false,false,false,ĐỂ RỒI CHÚNG TA KHAO KHÁT MÃI TRONG VÒNG LUÂN HỒI NHÂN GIAN,để rồi chúng ta khai thác mải trong vòng luân hồ dân gian
aligned_v1,vivos,phowhisper,base,tone_aware_lora,0.1,42,VIVOSDEV01_R002_clean,clean,clean,deletion,cạch,,2,,nang,,cach,,cach,,true,false,word_deletion,,,false,false,false,false,TIẾNG CỌC CẠCH KHỰNG LẠI CỦA NHỮNG KHỚP SẮT,tiếng cọc cận lại của những khớp sắt
aligned_v1,vivos,phowhisper,base,tone_aware_lora,0.1,42,VIVOSDEV01_R002_snr0,0,speech,substitution,cọc,cộc,1,1,nang,nang,coc,côc,coc,coc,false,true,,vowel_quality_addition,o→ô,false,false,false,false,TIẾNG CỌC CẠCH KHỰNG LẠI CỦA NHỮNG KHỚP SẮT,tiếng cộc cật khuẩn lại của ổ nhẫn khớp sắt
aligned_v1,vivos,phowhisper,base,tone_aware_lora,0.1,42,VIVOSDEV01_R002_snr10,10,speech,deletion,cạch,,2,,nang,,cach,,cach,,true,false,word_deletion,,,false,false,false,false,TIẾNG CỌC CẠCH KHỰNG LẠI CỦA NHỮNG KHỚP SẮT,tiếng cọc cực lại có hổ nhẫn cóp sắt
aligned_v1,vivos,phowhisper,base,tone_aware_lora,0.1,42,VIVOSDEV01_R002_snr20,20,music,substitution,cọc,cộc,1,1,nang,nang,coc,côc,coc,coc,false,true,,vowel_quality_addition,o→ô,false,false,false,false,TIẾNG CỌC CẠCH KHỰNG LẠI CỦA NHỮNG KHỚP SẮT,tiếng cộc cợt khuẩn lại của những khớp sắt
aligned_v1,vivos,phowhisper,base,tone_aware_lora,0.1,42,VIVOSDEV01_R027_clean,clean,clean,substitution,phỗng,phỏng,4,4,nga,hoi,phông,phong,phong,phong,false,true,,vowel_quality_loss,ô→o,false,true,false,true,DI TÍCH CÓ BẢY PHỖNG ÔNG VÀ HAI PHỖNG BÀ ĐƯỢC LÀM BẰNG GỖ MÍT,di tích có bảy phỏng ông và hai phỏng bò được làm bằng gỗ mích
aligned_v1,vivos,phowhisper,base,tone_aware_lora,0.1,42,VIVOSDEV01_R027_clean,clean,clean,substitution,phỗng,phỏng,8,8,nga,hoi,phông,phong,phong,phong,false,true,,vowel_quality_loss,ô→o,false,true,false,true,DI TÍCH CÓ BẢY PHỖNG ÔNG VÀ HAI PHỖNG BÀ ĐƯỢC LÀM BẰNG GỖ MÍT,di tích có bảy phỏng ông và hai phỏng bò được làm bằng gỗ mích
aligned_v1,vivos,phowhisper,base,tone_aware_lora,0.1,42,VIVOSDEV01_R027_snr0,0,noise,substitution,phỗng,phỏng,4,4,nga,hoi,phông,phong,phong,phong,false,true,,vowel_quality_loss,ô→o,false,true,false,true,DI TÍCH CÓ BẢY PHỖNG ÔNG VÀ HAI PHỖNG BÀ ĐƯỢC LÀM BẰNG GỖ MÍT,chi tích có bảy phỏng ông và hai phỏng bò lược làm bằng gỗ mít
aligned_v1,vivos,phowhisper,base,tone_aware_lora,0.1,42,VIVOSDEV01_R027_snr0,0,noise,substitution,phỗng,phỏng,8,8,nga,hoi,phông,phong,phong,phong,false,true,,vowel_quality_loss,ô→o,false,true,false,true,DI TÍCH CÓ BẢY PHỖNG ÔNG VÀ HAI PHỖNG BÀ ĐƯỢC LÀM BẰNG GỖ MÍT,chi tích có bảy phỏng ông và hai phỏng bò lược làm bằng gỗ mít
aligned_v1,vivos,phowhisper,base,tone_aware_lora,0.1,42,VIVOSDEV01_R027_snr10,10,music,substitution,phỗng,phỏng,4,4,nga,hoi,phông,phong,phong,phong,false,true,,vowel_quality_loss,ô→o,false,true,false,true,DI TÍCH CÓ BẢY PHỖNG ÔNG VÀ HAI PHỖNG BÀ ĐƯỢC LÀM BẰNG GỖ MÍT,duy tích có bảy phỏng ông và hai phỏng bò được làm bằng gỗ mít
aligned_v1,vivos,phowhisper,base,tone_aware_lora,0.1,42,VIVOSDEV01_R027_snr10,10,music,substitution,phỗng,phỏng,8,8,nga,hoi,phông,phong,phong,phong,false,true,,vowel_quality_loss,ô→o,false,true,false,true,DI TÍCH CÓ BẢY PHỖNG ÔNG VÀ HAI PHỖNG BÀ ĐƯỢC LÀM BẰNG GỖ MÍT,duy tích có bảy phỏng ông và hai phỏng bò được làm bằng gỗ mít
aligned_v1,vivos,phowhisper,base,tone_aware_lora,0.1,42,VIVOSDEV01_R027_snr20,20,music,substitution,phỗng,phổng,4,4,nga,hoi,phông,phông,phong,phong,true,false,tone_substitution,,,false,false,false,false,DI TÍCH CÓ BẢY PHỖNG ÔNG VÀ HAI PHỖNG BÀ ĐƯỢC LÀM BẰNG GỖ MÍT,di tích có bảy phổng ông và hai phổng bà được làm bằng gỗ mít
aligned_v1,vivos,phowhisper,base,tone_aware_lora,0.1,42,VIVOSDEV01_R027_snr20,20,music,substitution,phỗng,phổng,8,8,nga,hoi,phông,phông,phong,phong,true,false,tone_substitution,,,false,false,false,false,DI TÍCH CÓ BẢY PHỖNG ÔNG VÀ HAI PHỖNG BÀ ĐƯỢC LÀM BẰNG GỖ MÍT,di tích có bảy phổng ông và hai phổng bà được làm bằng gỗ mít
aligned_v1,vivos,phowhisper,base,tone_aware_lora,0.1,42,VIVOSDEV01_R027_snr5,5,noise,substitution,phỗng,phổng,4,4,nga,hoi,phông,phông,phong,phong,true,false,tone_substitution,,,false,false,false,false,DI TÍCH CÓ BẢY PHỖNG ÔNG VÀ HAI PHỖNG BÀ ĐƯỢC LÀM BẰNG GỖ MÍT,di tích có bảy phổng ông và hai phổng bò được làm bằng gỗ mít
aligned_v1,vivos,phowhisper,base,tone_aware_lora,0.1,42,VIVOSDEV01_R027_snr5,5,noise,substitution,phỗng,phổng,8,8,nga,hoi,phông,phông,phong,phong,true,false,tone_substitution,,,false,false,false,false,DI TÍCH CÓ BẢY PHỖNG ÔNG VÀ HAI PHỖNG BÀ ĐƯỢC LÀM BẰNG GỖ MÍT,di tích có bảy phổng ông và hai phổng bò được làm bằng gỗ mít
aligned_v1,vivos,phowhisper,base,tone_aware_lora,0.1,42,VIVOSDEV01_R028_snr0,0,noise,substitution,sợ,sở,13,13,nang,hoi,sơ,sơ,so,so,true,false,tone_substitution,,,false,false,false,false,CÁC CHÚ CŨNG THOẢI MÁI PHÓNG UẾ GIỮA CHỐN ĐÔNG NGƯỜI MÀ KHÔNG SỢ,rắc trước cũng thoải mái cống thế giữa chốn đông người mà công sở
aligned_v1,vivos,phowhisper,base,tone_aware_lora,0.1,42,VIVOSDEV01_R044_snr5,5,speech,substitution,động,đổng,3,5,nang,hoi,đông,đông,dong,dong,true,false,tone_substitution,,,false,false,false,false,NGỌN LỬA BẠO ĐỘNG Ở TRUNG ĐÔNG VÀ PHÁ VỠ LỘ TRÌNH HÒA BÌNH,thực thiết ngọn lửa bọ đổng ở trung đông và phá vỡ loại trình qua bình thường
aligned_v1,vivos,phowhisper,base,tone_aware_lora,0.1,42,VIVOSDEV01_R069_snr0,0,music,deletion,đèn,,0,,huyen,,đen,,den,,true,false,word_deletion,,,false,false,false,false,ĐÈN BỊ HƯ RỒI BA,vẻ hư hỏng bà
aligned_v1,vivos,phowhisper,base,tone_aware_lora,0.1,42,VIVOSDEV01_R069_snr0,0,music,substitution,ba,bà,4,3,ngang,huyen,ba,ba,ba,ba,true,false,tone_addition,,,false,false,false,false,ĐÈN BỊ HƯ RỒI BA,vẻ hư hỏng bà
aligned_v1,vivos,phowhisper,base,tone_aware_lora,0.1,42,VIVOSDEV01_R151_snr0,0,noise,substitution,vịnh,vĩnh,5,5,nang,nga,vinh,vinh,vinh,vinh,true,false,tone_substitution,,,false,false,false,false,NHƯNG KHI TIẾN GẦN VÀO VỊNH THÌ MẶT BIỂN BỊ RẠN VỠ,nhưng khi tiến rừng vào vĩnh thì mặt biển bị rạn vỡ
aligned_v1,vivos,phowhisper,base,tone_aware_lora,0.1,42,VIVOSDEV01_R151_snr10,10,noise,substitution,vịnh,vĩnh,5,5,nang,nga,vinh,vinh,vinh,vinh,true,false,tone_substitution,,,false,false,false,false,NHƯNG KHI TIẾN GẦN VÀO VỊNH THÌ MẶT BIỂN BỊ RẠN VỠ,nhưng khi tiếng rừng vào vĩnh thì mặt biển bị rạn vỡ
aligned_v1,vivos,phowhisper,base,tone_aware_lora,0.1,42,VIVOSDEV01_R151_snr5,5,noise,substitution,vịnh,vĩnh,5,5,nang,nga,vinh,vinh,vinh,vinh,true,false,tone_substitution,,,false,false,false,false,NHƯNG KHI TIẾN GẦN VÀO VỊNH THÌ MẶT BIỂN BỊ RẠN VỠ,nhưng khi tiếng rừng vào vĩnh hiền bị mặc biển bị rạn vỡ
aligned_v1,vivos,phowhisper,base,tone_aware_lora,0.1,42,VIVOSDEV01_R164_clean,clean,clean,substitution,giặt,giật,3,3,nang,nang,giăt,giât,giat,giat,false,true,,vowel_quality_substitution,ă→â,false,false,false,false,MỘT BÀ NGOẠI GIẶT ĐỒ THUÊ,một bà ngoại giật đồ hôi
aligned_v1,vivos,phowhisper,base,tone_aware_lora,0.1,42,VIVOSDEV01_R174_snr0,0,speech,deletion,biến,,6,,sac,,biên,,bien,,true,false,word_deletion,,,false,false,false,false,NHỮNG DỰ ĐỊNH CẦN PHẢI ĐƯỢC BIẾN THÀNH HIỆN THỰC,hoặc khám giữ đánh cần phải được truyền thống
aligned_v1,vivos,phowhisper,base,tone_aware_lora,0.1,42,VIVOSDEV01_R174_snr0,0,speech,deletion,thành,,7,,huyen,,thanh,,thanh,,true,false,word_deletion,,,false,false,false,false,NHỮNG DỰ ĐỊNH CẦN PHẢI ĐƯỢC BIẾN THÀNH HIỆN THỰC,hoặc khám giữ đánh cần phải được truyền thống
aligned_v1,vivos,phowhisper,base,tone_aware_lora,0.1,42,VIVOSDEV01_R180_snr0,0,music,substitution,mềm,mèm,5,5,huyen,huyen,mêm,mem,mem,mem,false,true,,vowel_quality_loss,ê→e,false,true,false,true,BÀN CHỔI SƠN BẰNG BÔNG MỀM RẤT PHỔ BIẾN,bàn chổi sơn bằng bông mèm rước khổ biến
aligned_v1,vivos,phowhisper,base,tone_aware_lora,0.1,42,VIVOSDEV02_R045_clean,clean,clean,substitution,cô,cơ,0,0,ngang,ngang,cô,cơ,co,co,false,true,,vowel_quality_substitution,ô→ơ,false,false,false,false,CÔ CỨ NHÈ NGAY CÁI NỌNG CÁ TRÊ,cơ cứ nhà cái nọng cái chê
aligned_v1,vivos,phowhisper,base,tone_aware_lora,0.1,42,VIVOSDEV02_R045_clean,clean,clean,deletion,nhè,,2,,huyen,,nhe,,nhe,,true,false,word_deletion,,,false,false,false,false,CÔ CỨ NHÈ NGAY CÁI NỌNG CÁ TRÊ,cơ cứ nhà cái nọng cái chê
aligned_v1,vivos,phowhisper,base,tone_aware_lora,0.1,42,VIVOSDEV02_R045_snr0,0,music,substitution,cô,cơ,0,0,ngang,ngang,cô,cơ,co,co,false,true,,vowel_quality_substitution,ô→ơ,false,false,false,false,CÔ CỨ NHÈ NGAY CÁI NỌNG CÁ TRÊ,cơ cứa nhà cái ngọt cái chơi
aligned_v1,vivos,phowhisper,base,tone_aware_lora,0.1,42,VIVOSDEV02_R045_snr0,0,music,deletion,cứ,,1,,sac,,cư,,cu,,true,false,word_deletion,,,false,false,false,false,CÔ CỨ NHÈ NGAY CÁI NỌNG CÁ TRÊ,cơ cứa nhà cái ngọt cái chơi
aligned_v1,vivos,phowhisper,base,tone_aware_lora,0.1,42,VIVOSDEV02_R045_snr10,10,noise,substitution,cô,cơ,0,0,ngang,ngang,cô,cơ,co,co,false,true,,vowel_quality_substitution,ô→ơ,false,false,false,false,CÔ CỨ NHÈ NGAY CÁI NỌNG CÁ TRÊ,cơ cứ nhà cái nọng cái chê
aligned_v1,vivos,phowhisper,base,tone_aware_lora,0.1,42,VIVOSDEV02_R045_snr10,10,noise,deletion,nhè,,2,,huyen,,nhe,,nhe,,true,false,word_deletion,,,false,false,false,false,CÔ CỨ NHÈ NGAY CÁI NỌNG CÁ TRÊ,cơ cứ nhà cái nọng cái chê
aligned_v1,vivos,phowhisper,base,tone_aware_lora,0.1,42,VIVOSDEV02_R045_snr20,20,noise,substitution,cô,cơ,0,0,ngang,ngang,cô,cơ,co,co,false,true,,vowel_quality_substitution,ô→ơ,false,false,false,false,CÔ CỨ NHÈ NGAY CÁI NỌNG CÁ TRÊ,cơ cứ nhà cái nọng cái chê
aligned_v1,vivos,phowhisper,base,tone_aware_lora,0.1,42,VIVOSDEV02_R045_snr20,20,noise,deletion,nhè,,2,,huyen,,nhe,,nhe,,true,false,word_deletion,,,false,false,false,false,CÔ CỨ NHÈ NGAY CÁI NỌNG CÁ TRÊ,cơ cứ nhà cái nọng cái chê
aligned_v1,vivos,phowhisper,base,tone_aware_lora,0.1,42,VIVOSDEV02_R045_snr5,5,speech,substitution,cô,cơ,0,0,ngang,ngang,cô,cơ,co,co,false,true,,vowel_quality_substitution,ô→ơ,false,false,false,false,CÔ CỨ NHÈ NGAY CÁI NỌNG CÁ TRÊ,cơ cứ nhà cái thằng cái chê
aligned_v1,vivos,phowhisper,base,tone_aware_lora,0.1,42,VIVOSDEV02_R045_snr5,5,speech,deletion,nhè,,2,,huyen,,nhe,,nhe,,true,false,word_deletion,,,false,false,false,false,CÔ CỨ NHÈ NGAY CÁI NỌNG CÁ TRÊ,cơ cứ nhà cái thằng cái chê
aligned_v1,vivos,phowhisper,base,tone_aware_lora,0.1,42,VIVOSDEV02_R067_snr0,0,speech,substitution,bố,bớ,4,4,sac,sac,bô,bơ,bo,bo,false,true,,vowel_quality_substitution,ô→ơ,false,false,false,false,ÔNG CHỦ TỊCH TUYÊN BỐ NHƯ THẾ NÀO,ông chủ tịch tuy bớ như thế nào
aligned_v1,vivos,phowhisper,base,tone_aware_lora,0.1,42,VIVOSDEV02_R067_snr5,5,noise,substitution,bố,bó,4,4,sac,sac,bô,bo,bo,bo,false,true,,vowel_quality_loss,ô→o,false,true,false,true,ÔNG CHỦ TỊCH TUYÊN BỐ NHƯ THẾ NÀO,ông chủ tịch đem bó như thế nào
aligned_v1,vivos,phowhisper,base,tone_aware_lora,0.1,42,VIVOSDEV02_R071_snr0,0,speech,substitution,mỗi,mọi,0,0,nga,nang,môi,moi,moi,moi,false,true,,vowel_quality_loss,ô→o,false,true,false,true,MỖI KHI XE RÁC ĐI NGANG QUA ĐÁNH KẺNG MỚI ĐEM RA ĐỔ,mọi khi sẽ ra tình ngang qua tấn công mới đẹp là đó
aligned_v1,vivos,phowhisper,base,tone_aware_lora,0.1,42,VIVOSDEV02_R071_snr0,0,speech,substitution,đổ,đó,12,12,hoi,sac,đô,đo,do,do,false,true,,vowel_quality_loss,ô→o,false,true,false,true,MỖI KHI XE RÁC ĐI NGANG QUA ĐÁNH KẺNG MỚI ĐEM RA ĐỔ,mọi khi sẽ ra tình ngang qua tấn công mới đẹp là đó
aligned_v1,vivos,phowhisper,base,tone_aware_lora,0.1,42,VIVOSDEV02_R079_snr20,20,speech,substitution,ngỗng,ngọng,11,11,nga,nang,ngông,ngong,ngong,ngong,false,true,,vowel_quality_loss,ô→o,false,true,false,true,HẦU HẾT NANG NÀY CÓ NGUỒN GỐC TỪ GÂN CƠ CHÂN NGỖNG,hầu hết cha này có nguồn gốc từ gương cơ chưng ngọng
aligned_v1,vivos,phowhisper,base,tone_aware_lora,0.1,42,VIVOSDEV02_R079_snr5,5,speech,substitution,ngỗng,ngọng,11,11,nga,nang,ngông,ngong,ngong,ngong,false,true,,vowel_quality_loss,ô→o,false,true,false,true,HẦU HẾT NANG NÀY CÓ NGUỒN GỐC TỪ GÂN CƠ CHÂN NGỖNG,hầu hết trang này có nguồn gốc từ gân cơi chân ngọng
aligned_v1,vivos,phowhisper,base,tone_aware_lora,0.1,42,VIVOSDEV02_R089_snr0,0,music,substitution,đề,đè,7,7,huyen,huyen,đê,đe,de,de,false,true,,vowel_quality_loss,ê→e,false,true,false,true,CÓ HẲN MỘT LOẠT BÀI VIẾT CHUYÊN ĐỀ VỀ QUẢN TRỊ THƯƠNG HIỆU,có hẳn một loạt vài mía trên đè về quản trị thương hiệu
aligned_v1,vivos,phowhisper,base,tone_aware_lora,0.1,42,VIVOSDEV02_R089_snr10,10,noise,substitution,quản,quán,9,9,hoi,sac,quan,quan,quan,quan,true,false,tone_substitution,,,false,false,false,false,CÓ HẲN MỘT LOẠT BÀI VIẾT CHUYÊN ĐỀ VỀ QUẢN TRỊ THƯƠNG HIỆU,có hẳn một loạt bài viết trên đề về quán chị thương hiệu
aligned_v1,vivos,phowhisper,base,tone_aware_lora,0.1,42,VIVOSDEV02_R130_clean,clean,clean,substitution,thề,thể,4,4,huyen,hoi,thê,thê,the,the,true,false,tone_substitution,,,false,false,false,false,CHỊ GẶN HỎI ANH THỀ SỐNG THỀ CHẾT LÀ KHÔNG CÓ,chị dẫn hỏi anh thể sống thể chết là không có
aligned_v1,vivos,phowhisper,base,tone_aware_lora,0.1,42,VIVOSDEV02_R130_clean,clean,clean,substitution,thề,thể,6,6,huyen,hoi,thê,thê,the,the,true,false,tone_substitution,,,false,false,false,false,CHỊ GẶN HỎI ANH THỀ SỐNG THỀ CHẾT LÀ KHÔNG CÓ,chị dẫn hỏi anh thể sống thể chết là không có
aligned_v1,vivos,phowhisper,base,tone_aware_lora,0.1,42,VIVOSDEV02_R130_snr0,0,noise,substitution,thề,thể,4,4,huyen,hoi,thê,thê,the,the,true,false,tone_substitution,,,false,false,false,false,CHỊ GẶN HỎI ANH THỀ SỐNG THỀ CHẾT LÀ KHÔNG CÓ,chị chẳng hỏi anh thể sống thể chế là không có
aligned_v1,vivos,phowhisper,base,tone_aware_lora,0.1,42,VIVOSDEV02_R130_snr0,0,noise,substitution,thề,thể,6,6,huyen,hoi,thê,thê,the,the,true,false,tone_substitution,,,false,false,false,false,CHỊ GẶN HỎI ANH THỀ SỐNG THỀ CHẾT LÀ KHÔNG CÓ,chị chẳng hỏi anh thể sống thể chế là không có
aligned_v1,vivos,phowhisper,base,tone_aware_lora,0.1,42,VIVOSDEV02_R130_snr10,10,speech,substitution,thề,thể,4,4,huyen,hoi,thê,thê,the,the,true,false,tone_substitution,,,false,false,false,false,CHỊ GẶN HỎI ANH THỀ SỐNG THỀ CHẾT LÀ KHÔNG CÓ,chị dặn hỏi anh thể sống thể chết là không có
aligned_v1,vivos,phowhisper,base,tone_aware_lora,0.1,42,VIVOSDEV02_R130_snr10,10,speech,substitution,thề,thể,6,6,huyen,hoi,thê,thê,the,the,true,false,tone_substitution,,,false,false,false,false,CHỊ GẶN HỎI ANH THỀ SỐNG THỀ CHẾT LÀ KHÔNG CÓ,chị dặn hỏi anh thể sống thể chết là không có
aligned_v1,vivos,phowhisper,base,tone_aware_lora,0.1,42,VIVOSDEV02_R130_snr20,20,music,substitution,thề,thể,4,4,huyen,hoi,thê,thê,the,the,true,false,tone_substitution,,,false,false,false,false,CHỊ GẶN HỎI ANH THỀ SỐNG THỀ CHẾT LÀ KHÔNG CÓ,chị dẫn hỏi anh thể sống thể chết là không có
aligned_v1,vivos,phowhisper,base,tone_aware_lora,0.1,42,VIVOSDEV02_R130_snr20,20,music,substitution,thề,thể,6,6,huyen,hoi,thê,thê,the,the,true,false,tone_substitution,,,false,false,false,false,CHỊ GẶN HỎI ANH THỀ SỐNG THỀ CHẾT LÀ KHÔNG CÓ,chị dẫn hỏi anh thể sống thể chết là không có
aligned_v1,vivos,phowhisper,base,tone_aware_lora,0.1,42,VIVOSDEV02_R130_snr5,5,music,substitution,chị,chỉ,0,0,nang,hoi,chi,chi,chi,chi,true,false,tone_substitution,,,false,false,false,false,CHỊ GẶN HỎI ANH THỀ SỐNG THỀ CHẾT LÀ KHÔNG CÓ,chỉ dặn hỏi anh thề sống thề chết là không có
aligned_v1,vivos,phowhisper,base,tone_aware_lora,0.1,42,VIVOSDEV02_R132_clean,clean,clean,substitution,máy,mấy,8,8,sac,sac,may,mây,may,may,false,true,,vowel_quality_addition,a→â,false,false,false,false,ĐIỆN THOẠI RENG NHƯNG TA CŨNG PHẢI NHẤC MÁY ĐÚNG KHÔNG,tiện thể ren nhưng ta cũng phải nhấc mấy đúng không
aligned_v1,vivos,phowhisper,base,tone_aware_lora,0.1,42,VIVOSDEV02_R132_snr0,0,music,substitution,máy,mày,8,8,sac,huyen,may,may,may,may,true,false,tone_substitution,,,false,false,false,false,ĐIỆN THOẠI RENG NHƯNG TA CŨNG PHẢI NHẤC MÁY ĐÚNG KHÔNG,tiền thái lê nhân ta vụt phải những mày đúng không
aligned_v1,vivos,phowhisper,base,tone_aware_lora,0.1,42,VIVOSDEV02_R132_snr10,10,music,substitution,máy,mấy,8,8,sac,sac,may,mây,may,may,false,true,,vowel_quality_addition,a→â,false,false,false,false,ĐIỆN THOẠI RENG NHƯNG TA CŨNG PHẢI NHẤC MÁY ĐÚNG KHÔNG,điện thoại re nhưng ta cũng phải nhấc mấy đúng không
aligned_v1,vivos,phowhisper,base,tone_aware_lora,0.1,42,VIVOSDEV02_R132_snr20,20,music,substitution,máy,mấy,8,9,sac,sac,may,mây,may,may,false,true,,vowel_quality_addition,a→â,false,false,false,false,ĐIỆN THOẠI RENG NHƯNG TA CŨNG PHẢI NHẤC MÁY ĐÚNG KHÔNG,tiện thể leo lên nhưng ta cũng phải nhấc mấy đúng không
aligned_v1,vivos,phowhisper,base,tone_aware_lora,0.1,42,VIVOSDEV02_R132_snr5,5,speech,substitution,máy,mày,8,8,sac,huyen,may,may,may,may,true,false,tone_substitution,,,false,false,false,false,ĐIỆN THOẠI RENG NHƯNG TA CŨNG PHẢI NHẤC MÁY ĐÚNG KHÔNG,nhìn thải ren nhưng ta cũng phải nhức mày tùng không
aligned_v1,vivos,phowhisper,base,tone_aware_lora,0.1,42,VIVOSDEV02_R164_snr0,0,speech,substitution,đột,đợt,9,9,nang,nang,đôt,đơt,dot,dot,false,true,,vowel_quality_substitution,ô→ơ,false,false,false,false,CÁC CHƯƠNG TRÌNH CA NHẠC PHẦN LỚN ĐỀU KHÔNG ĐỘT PHÁ,các chương trình ca nhạc tình lớn đều không đợt thoải
aligned_v1,vivos,phowhisper,base,tone_aware_lora,0.1,42,VIVOSDEV02_R164_snr5,5,speech,substitution,ca,cá,3,3,ngang,sac,ca,ca,ca,ca,true,false,tone_addition,,,false,false,false,false,CÁC CHƯƠNG TRÌNH CA NHẠC PHẦN LỚN ĐỀU KHÔNG ĐỘT PHÁ,các chương trình cá nhân thành lớn đều không tốt phá
aligned_v1,vivos,phowhisper,base,tone_aware_lora,0.1,42,VIVOSDEV02_R170_snr0,0,music,substitution,dấm,dăm,9,9,sac,ngang,dâm,dăm,dam,dam,false,true,,vowel_quality_substitution,â→ă,true,false,false,true,RỒI CHẠY SANG GÕ CỬA PHÒNG BA LE HAI DẤM DÚI,rồi chạy ra gọi cửa phòng và lên hai dăm xuống
aligned_v1,vivos,phowhisper,base,tone_aware_lora,0.1,42,VIVOSDEV02_R170_snr5,5,speech,substitution,dúi,dui,10,10,sac,ngang,dui,dui,dui,dui,true,false,tone_loss,,,true,false,false,true,RỒI CHẠY SANG GÕ CỬA PHÒNG BA LE HAI DẤM DÚI,rồi chạy sang rõ cửa phòng ba lên hai giấm dui
aligned_v1,vivos,phowhisper,base,tone_aware_lora,0.1,42,VIVOSDEV02_R173_snr5,5,music,substitution,để,đế,0,0,hoi,sac,đê,đê,de,de,true,false,tone_substitution,,,false,false,false,false,ĐỂ TRẢ TRỞ LẠI ĐẠI DƯƠNG,đế chả trở lại đại dương
aligned_v1,vivos,phowhisper,base,tone_aware_lora,0.1,42,VIVOSDEV02_R181_clean,clean,clean,substitution,mắt,mát,3,3,sac,sac,măt,mat,mat,mat,false,true,,vowel_quality_loss,ă→a,false,true,false,true,NÀNG CÓ ĐÔI MẮT TO SÂU VÀ VẦNG TRÁN RỘNG MÊNH MÔNG,nàng có tôi mát to sâu và bình chán rộng minh mông
aligned_v1,vivos,phowhisper,base,tone_aware_lora,0.1,42,VIVOSDEV02_R181_snr0,0,music,substitution,sâu,sau,5,5,ngang,ngang,sâu,sau,sau,sau,false,true,,vowel_quality_loss,â→a,false,true,false,true,NÀNG CÓ ĐÔI MẮT TO SÂU VÀ VẦNG TRÁN RỘNG MÊNH MÔNG,là có tơi móc to sau và tình trạng giọng định mộng
aligned_v1,vivos,phowhisper,base,tone_aware_lora,0.1,42,VIVOSDEV02_R181_snr0,0,music,substitution,mông,mộng,11,11,ngang,nang,mông,mông,mong,mong,true,false,tone_addition,,,false,false,false,false,NÀNG CÓ ĐÔI MẮT TO SÂU VÀ VẦNG TRÁN RỘNG MÊNH MÔNG,là có tơi móc to sau và tình trạng giọng định mộng
aligned_v1,vivos,phowhisper,base,tone_aware_lora,0.1,42,VIVOSDEV02_R181_snr10,10,noise,substitution,mắt,mất,3,3,sac,sac,măt,mât,mat,mat,false,true,,vowel_quality_substitution,ă→â,false,false,false,false,NÀNG CÓ ĐÔI MẮT TO SÂU VÀ VẦNG TRÁN RỘNG MÊNH MÔNG,nàng có tơi mất to sao và vình chán rộng mênh mông
aligned_v1,vivos,phowhisper,base,tone_aware_lora,0.1,42,VIVOSDEV02_R181_snr20,20,music,substitution,mắt,mất,3,3,sac,sac,măt,mât,mat,mat,false,true,,vowel_quality_substitution,ă→â,false,false,false,false,NÀNG CÓ ĐÔI MẮT TO SÂU VÀ VẦNG TRÁN RỘNG MÊNH MÔNG,nàng có tôi mất to sau và vìn chán rộng minh mông
aligned_v1,vivos,phowhisper,base,tone_aware_lora,0.1,42,VIVOSDEV02_R181_snr20,20,music,substitution,sâu,sau,5,5,ngang,ngang,sâu,sau,sau,sau,false,true,,vowel_quality_loss,â→a,false,true,false,true,NÀNG CÓ ĐÔI MẮT TO SÂU VÀ VẦNG TRÁN RỘNG MÊNH MÔNG,nàng có tôi mất to sau và vìn chán rộng minh mông
aligned_v1,vivos,phowhisper,base,tone_aware_lora,0.1,42,VIVOSDEV02_R181_snr5,5,speech,substitution,mắt,mất,3,3,sac,sac,măt,mât,mat,mat,false,true,,vowel_quality_substitution,ă→â,false,false,false,false,NÀNG CÓ ĐÔI MẮT TO SÂU VÀ VẦNG TRÁN RỘNG MÊNH MÔNG,nàng có tôi mất to sao và bình chán giọng linh mô
aligned_v1,vivos,phowhisper,base,tone_aware_lora,0.1,42,VIVOSDEV02_T004_snr10,10,speech,substitution,năm,nằm,5,5,ngang,huyen,năm,năm,nam,nam,true,false,tone_addition,,,false,false,false,false,HÔM NAY EM CÓ TỚI NĂM KHÁCH,hôm nay em có tuổi nằm khách
aligned_v1,vivos,phowhisper,base,tone_aware_lora,0.1,42,VIVOSDEV02_T031_snr0,0,speech,deletion,viên,,4,,ngang,,viên,,vien,,true,false,word_deletion,,,false,false,false,false,CHO EM GÓP MỘT VIÊN GẠCH,cho em có một nơi
aligned_v1,vivos,phowhisper,base,tone_aware_lora,0.1,42,VIVOSDEV03_R007_clean,clean,clean,substitution,bò,bo,7,7,huyen,ngang,bo,bo,bo,bo,true,false,tone_loss,,,true,false,false,true,MỘT CHUYẾN DU LỊCH DÃ NGOẠI TẠI BÒ CẠP VÀNG,một chuyến du lịch giả ngoại tại bo cập vàng
aligned_v1,vivos,phowhisper,base,tone_aware_lora,0.1,42,VIVOSDEV03_R007_clean,clean,clean,substitution,cạp,cập,8,8,nang,nang,cap,câp,cap,cap,false,true,,vowel_quality_addition,a→â,false,false,false,false,MỘT CHUYẾN DU LỊCH DÃ NGOẠI TẠI BÒ CẠP VÀNG,một chuyến du lịch giả ngoại tại bo cập vàng
aligned_v1,vivos,phowhisper,base,tone_aware_lora,0.1,42,VIVOSDEV03_R007_snr0,0,music,substitution,cạp,cắp,8,8,nang,sac,cap,căp,cap,cap,false,true,,vowel_quality_addition,a→ă,false,false,false,false,MỘT CHUYẾN DU LỊCH DÃ NGOẠI TẠI BÒ CẠP VÀNG,một chuyến du lịch dã hoại tại bò cắp vàng
aligned_v1,vivos,phowhisper,base,tone_aware_lora,0.1,42,VIVOSDEV03_R007_snr10,10,noise,substitution,bò,bo,7,7,huyen,ngang,bo,bo,bo,bo,true,false,tone_loss,,,true,false,false,true,MỘT CHUYẾN DU LỊCH DÃ NGOẠI TẠI BÒ CẠP VÀNG,một chuyến du lịch giã ngoại tại bo cập vàng
aligned_v1,vivos,phowhisper,base,tone_aware_lora,0.1,42,VIVOSDEV03_R007_snr10,10,noise,substitution,cạp,cập,8,8,nang,nang,cap,câp,cap,cap,false,true,,vowel_quality_addition,a→â,false,false,false,false,MỘT CHUYẾN DU LỊCH DÃ NGOẠI TẠI BÒ CẠP VÀNG,một chuyến du lịch giã ngoại tại bo cập vàng
aligned_v1,vivos,phowhisper,base,tone_aware_lora,0.1,42,VIVOSDEV03_R007_snr20,20,speech,substitution,bò,bo,7,7,huyen,ngang,bo,bo,bo,bo,true,false,tone_loss,,,true,false,false,true,MỘT CHUYẾN DU LỊCH DÃ NGOẠI TẠI BÒ CẠP VÀNG,một chuyến du lịch giả ngoại tại bo cà phàng
aligned_v1,vivos,phowhisper,base,tone_aware_lora,0.1,42,VIVOSDEV03_R007_snr5,5,noise,substitution,bò,bo,7,7,huyen,ngang,bo,bo,bo,bo,true,false,tone_loss,,,true,false,false,true,MỘT CHUYẾN DU LỊCH DÃ NGOẠI TẠI BÒ CẠP VÀNG,một chuyến du lịch giả ngoại tại bo cập vàng
aligned_v1,vivos,phowhisper,base,tone_aware_lora,0.1,42,VIVOSDEV03_R007_snr5,5,noise,substitution,cạp,cập,8,8,nang,nang,cap,câp,cap,cap,false,true,,vowel_quality_addition,a→â,false,false,false,false,MỘT CHUYẾN DU LỊCH DÃ NGOẠI TẠI BÒ CẠP VÀNG,một chuyến du lịch giả ngoại tại bo cập vàng
aligned_v1,vivos,phowhisper,base,tone_aware_lora,0.1,42,VIVOSDEV03_R056_clean,clean,clean,substitution,đọng,động,3,3,nang,nang,đong,đông,dong,dong,false,true,,vowel_quality_addition,o→ô,false,false,false,false,SƯƠNG MÙ ĐÃ ĐỌNG THÀNH NHỮNG HẠT GIÁ BĂNG,xương mù đã động thành những hạt giá băng
aligned_v1,vivos,phowhisper,base,tone_aware_lora,0.1,42,VIVOSDEV03_R056_snr0,0,noise,substitution,đọng,động,3,3,nang,nang,đong,đông,dong,dong,false,true,,vowel_quality_addition,o→ô,false,false,false,false,SƯƠNG MÙ ĐÃ ĐỌNG THÀNH NHỮNG HẠT GIÁ BĂNG,xương mù đã động thành những hạt giá băng
aligned_v1,vivos,phowhisper,base,tone_aware_lora,0.1,42,VIVOSDEV03_R056_snr10,10,noise,substitution,đọng,động,3,3,nang,nang,đong,đông,dong,dong,false,true,,vowel_quality_addition,o→ô,false,false,false,false,SƯƠNG MÙ ĐÃ ĐỌNG THÀNH NHỮNG HẠT GIÁ BĂNG,xương mù đã động thành những hạt giá băng
aligned_v1,vivos,phowhisper,base,tone_aware_lora,0.1,42,VIVOSDEV03_R056_snr20,20,noise,substitution,đọng,động,3,3,nang,nang,đong,đông,dong,dong,false,true,,vowel_quality_addition,o→ô,false,false,false,false,SƯƠNG MÙ ĐÃ ĐỌNG THÀNH NHỮNG HẠT GIÁ BĂNG,xương mù đã động thành những hạt giá băng
aligned_v1,vivos,phowhisper,base,tone_aware_lora,0.1,42,VIVOSDEV03_R056_snr5,5,noise,substitution,đọng,động,3,3,nang,nang,đong,đông,dong,dong,false,true,,vowel_quality_addition,o→ô,false,false,false,false,SƯƠNG MÙ ĐÃ ĐỌNG THÀNH NHỮNG HẠT GIÁ BĂNG,xương mù đã động thành những hạt giá băng
aligned_v1,vivos,phowhisper,base,tone_aware_lora,0.1,42,VIVOSDEV03_R092_snr0,0,music,deletion,phù,,5,,huyen,,phu,,phu,,true,false,word_deletion,,,false,false,false,false,ĐỂ CHỌN MÁY IN CHO PHÙ HỢP,để chọn máy in cho mùa
aligned_v1,vivos,phowhisper,base,tone_aware_lora,0.1,42,VIVOSDEV03_R113_clean,clean,clean,substitution,lảy,lẫy,4,4,hoi,nga,lay,lây,lay,lay,false,true,,vowel_quality_addition,a→â,false,false,false,false,VÌ BẠN CÓ THỂ LẢY CÒ TỪNG PHÁT MỘT,vì bạn có thể lẫy cò từng phát một
aligned_v1,vivos,phowhisper,base,tone_aware_lora,0.1,42,VIVOSDEV03_R113_snr0,0,noise,substitution,lảy,lấy,4,4,hoi,sac,lay,lây,lay,lay,false,true,,vowel_quality_addition,a→â,false,false,false,false,VÌ BẠN CÓ THỂ LẢY CÒ TỪNG PHÁT MỘT,vì bạn có thể lấy cò từ thân thì thân thì
aligned_v1,vivos,phowhisper,base,tone_aware_lora,0.1,42,VIVOSDEV03_R113_snr10,10,music,substitution,lảy,lẫy,4,4,hoi,nga,lay,lây,lay,lay,false,true,,vowel_quality_addition,a→â,false,false,false,false,VÌ BẠN CÓ THỂ LẢY CÒ TỪNG PHÁT MỘT,vì bạn có thể lẫy cò từng phát một
aligned_v1,vivos,phowhisper,base,tone_aware_lora,0.1,42,VIVOSDEV03_R113_snr20,20,music,substitution,lảy,lẫy,4,4,hoi,nga,lay,lây,lay,lay,false,true,,vowel_quality_addition,a→â,false,false,false,false,VÌ BẠN CÓ THỂ LẢY CÒ TỪNG PHÁT MỘT,vì bạn có thể lẫy cò từng phát một
aligned_v1,vivos,phowhisper,base,tone_aware_lora,0.1,42,VIVOSDEV03_R113_snr5,5,noise,substitution,lảy,lẫy,4,4,hoi,nga,lay,lây,lay,lay,false,true,,vowel_quality_addition,a→â,false,false,false,false,VÌ BẠN CÓ THỂ LẢY CÒ TỪNG PHÁT MỘT,vì bạn có thể lẫy cò từng phát một
aligned_v1,vivos,phowhisper,base,tone_aware_lora,0.1,42,VIVOSDEV03_R142_clean,clean,clean,substitution,ngựa,ngửa,4,4,nang,hoi,ngưa,ngưa,ngua,ngua,true,false,tone_substitution,,,false,false,false,false,TRONG TƯ THẾ PHI NGỰA CHỒM LÊN,trong tư thế phi ngửa chồng lên
aligned_v1,vivos,phowhisper,base,tone_aware_lora,0.1,42,VIVOSDEV03_R142_snr0,0,noise,substitution,ngựa,ngửa,4,4,nang,hoi,ngưa,ngưa,ngua,ngua,true,false,tone_substitution,,,false,false,false,false,TRONG TƯ THẾ PHI NGỰA CHỒM LÊN,trong tư thế phi ngửa chậm lên
aligned_v1,vivos,phowhisper,base,tone_aware_lora,0.1,42,VIVOSDEV03_R142_snr10,10,music,substitution,ngựa,ngửa,4,4,nang,hoi,ngưa,ngưa,ngua,ngua,true,false,tone_substitution,,,false,false,false,false,TRONG TƯ THẾ PHI NGỰA CHỒM LÊN,trong tư thế phi ngửa chồng lên
aligned_v1,vivos,phowhisper,base,tone_aware_lora,0.1,42,VIVOSDEV03_R142_snr20,20,noise,substitution,ngựa,ngửa,4,4,nang,hoi,ngưa,ngưa,ngua,ngua,true,false,tone_substitution,,,false,false,false,false,TRONG TƯ THẾ PHI NGỰA CHỒM LÊN,trong tư thế phi ngửa chồm lên
aligned_v1,vivos,phowhisper,base,tone_aware_lora,0.1,42,VIVOSDEV03_R142_snr5,5,speech,substitution,chồm,chờm,5,5,huyen,huyen,chôm,chơm,chom,chom,false,true,,vowel_quality_substitution,ô→ơ,false,false,false,false,TRONG TƯ THẾ PHI NGỰA CHỒM LÊN,trong tư thế phiên ngựa chờm lên
aligned_v1,vivos,phowhisper,base,tone_aware_lora,0.1,42,VIVOSDEV03_R149_snr5,5,speech,substitution,xóm,xốm,3,3,sac,sac,xom,xôm,xom,xom,false,true,,vowel_quality_addition,o→ô,false,false,false,false,BÀ CON CHÒM XÓM,bà con chòm xốm
aligned_v1,vivos,phowhisper,base,tone_aware_lora,0.1,42,VIVOSDEV03_R160_clean,clean,clean,substitution,sâu,sau,5,5,ngang,ngang,sâu,sau,sau,sau,false,true,,vowel_quality_loss,â→a,false,true,false,true,DỌC HAI BÊN SÔNG NGÀN SÂU,dọc hai bên xong ngàn sau
aligned_v1,vivos,phowhisper,base,tone_aware_lora,0.1,42,VIVOSDEV03_R160_snr0,0,music,substitution,sâu,sau,5,5,ngang,ngang,sâu,sau,sau,sau,false,true,,vowel_quality_loss,â→a,false,true,false,true,DỌC HAI BÊN SÔNG NGÀN SÂU,dọc hai bên sau ngàn sau
aligned_v1,vivos,phowhisper,base,tone_aware_lora,0.1,42,VIVOSDEV03_R160_snr10,10,noise,substitution,sâu,sau,5,5,ngang,ngang,sâu,sau,sau,sau,false,true,,vowel_quality_loss,â→a,false,true,false,true,DỌC HAI BÊN SÔNG NGÀN SÂU,dọc hai bên xong ngàn sau
aligned_v1,vivos,phowhisper,base,tone_aware_lora,0.1,42,VIVOSDEV03_R160_snr20,20,noise,substitution,sâu,sau,5,5,ngang,ngang,sâu,sau,sau,sau,false,true,,vowel_quality_loss,â→a,false,true,false,true,DỌC HAI BÊN SÔNG NGÀN SÂU,dọc hai bên xong ngàn sau
aligned_v1,vivos,phowhisper,base,tone_aware_lora,0.1,42,VIVOSDEV03_R160_snr5,5,music,substitution,sâu,sau,5,5,ngang,ngang,sâu,sau,sau,sau,false,true,,vowel_quality_loss,â→a,false,true,false,true,DỌC HAI BÊN SÔNG NGÀN SÂU,dọc hai bên xong ngàn sau
aligned_v1,vivos,phowhisper,base,tone_aware_lora,0.1,42,VIVOSDEV03_R191_snr10,10,noise,substitution,ngựa,ngửa,1,1,nang,hoi,ngưa,ngưa,ngua,ngua,true,false,tone_substitution,,,false,false,false,false,CỠI NGỰA ĐI THI,cửi ngửa đi thi
aligned_v1,vivos,phowhisper,base,tone_aware_lora,0.1,42,VIVOSDEV03_R198_snr0,0,speech,substitution,nơi,nới,3,3,ngang,sac,nơi,nơi,noi,noi,true,false,tone_addition,,,false,false,false,false,RỒI ĐI KHẮP NƠI TÌM THẦY CHỮA BỆNH CHO ANH,rồi đi không nới tim hay chữ bà nhoàn
aligned_v1,vivos,phowhisper,base,tone_aware_lora,0.1,42,VIVOSDEV03_R198_snr0,0,speech,substitution,tìm,tim,4,4,huyen,ngang,tim,tim,tim,tim,true,false,tone_loss,,,true,false,false,true,RỒI ĐI KHẮP NƠI TÌM THẦY CHỮA BỆNH CHO ANH,rồi đi không nới tim hay chữ bà nhoàn
aligned_v1,vivos,phowhisper,base,tone_aware_lora,0.1,42,VIVOSDEV03_R198_snr0,0,speech,deletion,thầy,,5,,huyen,,thây,,thay,,true,false,word_deletion,,,false,false,false,false,RỒI ĐI KHẮP NƠI TÌM THẦY CHỮA BỆNH CHO ANH,rồi đi không nới tim hay chữ bà nhoàn
aligned_v1,vivos,phowhisper,base,tone_aware_lora,0.1,42,VIVOSDEV03_T017_clean,clean,clean,substitution,đây,đấy,7,7,ngang,sac,đây,đây,day,day,true,false,tone_addition,,,false,false,false,false,BÁC VẪN CHƯA TRẢ TIỀN CHO TÔI ĐÂY NHÉ,bác vẫn chưa rõ tiền cho tôi đấy nhé
aligned_v1,vivos,phowhisper,base,tone_aware_lora,0.1,42,VIVOSDEV03_T017_snr0,0,noise,substitution,đây,đấy,7,7,ngang,sac,đây,đây,day,day,true,false,tone_addition,,,false,false,false,false,BÁC VẪN CHƯA TRẢ TIỀN CHO TÔI ĐÂY NHÉ,bác vẫn chưa rõ tiền cho tôi đấy nhé
aligned_v1,vivos,phowhisper,base,tone_aware_lora,0.1,42,VIVOSDEV03_T017_snr10,10,speech,substitution,đây,đấy,7,7,ngang,sac,đây,đây,day,day,true,false,tone_addition,,,false,false,false,false,BÁC VẪN CHƯA TRẢ TIỀN CHO TÔI ĐÂY NHÉ,bác vẫn chưa rõ tiền cho tôi đấy nhé
aligned_v1,vivos,phowhisper,base,tone_aware_lora,0.1,42,VIVOSDEV03_T017_snr20,20,noise,substitution,đây,đấy,7,7,ngang,sac,đây,đây,day,day,true,false,tone_addition,,,false,false,false,false,BÁC VẪN CHƯA TRẢ TIỀN CHO TÔI ĐÂY NHÉ,bác vẫn chưa rõ tiền cho tôi đấy nhé
aligned_v1,vivos,phowhisper,base,tone_aware_lora,0.1,42,VIVOSDEV04_R008_snr5,5,noise,substitution,vắng,váng,3,3,sac,sac,văng,vang,vang,vang,false,true,,vowel_quality_loss,ă→a,false,true,false,true,NHỮNG NGÀY ĐẦU VẮNG BÓNG BA VIỆT CỨ THỪ NGƯỜI NGHĨ NGỢI,những ngày đầu váng bóng ba miệng cứ thừ người nghĩ ngợi
aligned_v1,vivos,phowhisper,base,tone_aware_lora,0.1,42,VIVOSDEV04_R023_snr0,0,music,substitution,nấu,náu,6,6,sac,sac,nâu,nau,nau,nau,false,true,,vowel_quality_loss,â→a,false,true,false,true,CHÍNH BÀ CŨNG LÀ NGƯỜI NUNG NẤU NIỀM ĐAM MÊ DIỄN XUẤT CỦA CÔ CON GÁI,chính bà cũng là người núm náu niềm đam mê diễn xuất của cô con gái
aligned_v1,vivos,phowhisper,base,tone_aware_lora,0.1,42,VIVOSDEV04_R049_clean,clean,clean,substitution,tối,tới,1,1,sac,sac,tôi,tơi,toi,toi,false,true,,vowel_quality_substitution,ô→ơ,false,false,false,false,VÌ TỐI ĐÓ,vì tới đó
aligned_v1,vivos,phowhisper,base,tone_aware_lora,0.1,42,VIVOSDEV04_R049_snr10,10,speech,substitution,tối,tới,1,1,sac,sac,tôi,tơi,toi,toi,false,true,,vowel_quality_substitution,ô→ơ,false,false,false,false,VÌ TỐI ĐÓ,vì tới đó
aligned_v1,vivos,phowhisper,base,tone_aware_lora,0.1,42,VIVOSDEV04_R049_snr20,20,noise,substitution,tối,tới,1,1,sac,sac,tôi,tơi,toi,toi,false,true,,vowel_quality_substitution,ô→ơ,false,false,false,false,VÌ TỐI ĐÓ,vì tới đó
aligned_v1,vivos,phowhisper,base,tone_aware_lora,0.1,42,VIVOSDEV04_R049_snr5,5,music,substitution,vì,vị,0,0,huyen,nang,vi,vi,vi,vi,true,false,tone_substitution,,,false,false,false,false,VÌ TỐI ĐÓ,vị tới đó
aligned_v1,vivos,phowhisper,base,tone_aware_lora,0.1,42,VIVOSDEV04_R049_snr5,5,music,substitution,tối,tới,1,1,sac,sac,tôi,tơi,toi,toi,false,true,,vowel_quality_substitution,ô→ơ,false,false,false,false,VÌ TỐI ĐÓ,vị tới đó
aligned_v1,vivos,phowhisper,base,tone_aware_lora,0.1,42,VIVOSDEV04_R051_clean,clean,clean,substitution,bàu,bầu,1,1,huyen,huyen,bau,bâu,bau,bau,false,true,,vowel_quality_addition,a→â,false,false,false,false,RẠCH BÀU MỚP,rạch bầu mướp
aligned_v1,vivos,phowhisper,base,tone_aware_lora,0.1,42,VIVOSDEV04_R051_snr0,0,music,substitution,bàu,bầu,1,1,huyen,huyen,bau,bâu,bau,bau,false,true,,vowel_quality_addition,a→â,false,false,false,false,RẠCH BÀU MỚP,rạch bầu nước
aligned_v1,vivos,phowhisper,base,tone_aware_lora,0.1,42,VIVOSDEV04_R051_snr10,10,music,substitution,bàu,bầu,1,1,huyen,huyen,bau,bâu,bau,bau,false,true,,vowel_quality_addition,a→â,false,false,false,false,RẠCH BÀU MỚP,rạch bầu mướp
aligned_v1,vivos,phowhisper,base,tone_aware_lora,0.1,42,VIVOSDEV04_R051_snr20,20,noise,substitution,bàu,bầu,1,1,huyen,huyen,bau,bâu,bau,bau,false,true,,vowel_quality_addition,a→â,false,false,false,false,RẠCH BÀU MỚP,gặt bầu mướp
aligned_v1,vivos,phowhisper,base,tone_aware_lora,0.1,42,VIVOSDEV04_R051_snr5,5,noise,substitution,bàu,bầu,1,1,huyen,huyen,bau,bâu,bau,bau,false,true,,vowel_quality_addition,a→â,false,false,false,false,RẠCH BÀU MỚP,rạch bầu mức
aligned_v1,vivos,phowhisper,base,tone_aware_lora,0.1,42,VIVOSDEV04_R081_clean,clean,clean,substitution,thọ,thỏ,5,5,nang,hoi,tho,tho,tho,tho,true,false,tone_substitution,,,false,false,false,false,VÀ TÔI THẤY HOA VẠN THỌ VÀNG ƯƠM,và tôi thấy qua vạn thỏ vàng ươm
aligned_v1,vivos,phowhisper,base,tone_aware_lora,0.1,42,VIVOSDEV04_R081_snr0,0,music,substitution,vạn,vận,4,4,nang,nang,van,vân,van,van,false,true,,vowel_quality_addition,a→â,false,false,false,false,VÀ TÔI THẤY HOA VẠN THỌ VÀNG ƯƠM,và tôi thấy qua vận họ toàn gương
aligned_v1,vivos,phowhisper,base,tone_aware_lora,0.1,42,VIVOSDEV04_R081_snr10,10,noise,substitution,vạn,vận,4,4,nang,nang,van,vân,van,van,false,true,,vowel_quality_addition,a→â,false,false,false,false,VÀ TÔI THẤY HOA VẠN THỌ VÀNG ƯƠM,và tôi thấy qua vận họ vàng ươm
aligned_v1,vivos,phowhisper,base,tone_aware_lora,0.1,42,VIVOSDEV04_R081_snr20,20,music,substitution,thọ,thỏ,5,5,nang,hoi,tho,tho,tho,tho,true,false,tone_substitution,,,false,false,false,false,VÀ TÔI THẤY HOA VẠN THỌ VÀNG ƯƠM,và tôi thấy qua vạn thỏ vàng ươm
aligned_v1,vivos,phowhisper,base,tone_aware_lora,0.1,42,VIVOSDEV04_R081_snr5,5,noise,substitution,thọ,thỏ,5,5,nang,hoi,tho,tho,tho,tho,true,false,tone_substitution,,,false,false,false,false,VÀ TÔI THẤY HOA VẠN THỌ VÀNG ƯƠM,và tôi thấy qua vạn thỏ vàng ươm
aligned_v1,vivos,phowhisper,base,tone_aware_lora,0.1,42,VIVOSDEV04_R092_snr10,10,noise,substitution,vây,vay,5,5,ngang,ngang,vây,vay,vay,vay,false,true,,vowel_quality_loss,â→a,false,true,false,true,BỊ CÁC CÔ GÁI BAO VÂY RÁO RIẾT,bị cất cô gái bò vay ráu riết
aligned_v1,vivos,phowhisper,base,tone_aware_lora,0.1,42,VIVOSDEV04_R097_snr20,20,music,substitution,thù,thu,5,5,huyen,ngang,thu,thu,thu,thu,true,false,tone_loss,,,true,false,false,true,NGOÀI VIỆC PHÁT HIỆN KẺ THÙ,ngoài việc phát hiện cải thu
aligned_v1,vivos,phowhisper,base,tone_aware_lora,0.1,42,VIVOSDEV04_R097_snr5,5,music,substitution,thù,thu,5,5,huyen,ngang,thu,thu,thu,thu,true,false,tone_loss,,,true,false,false,true,NGOÀI VIỆC PHÁT HIỆN KẺ THÙ,ngoài việc phát hiện cải thu
aligned_v1,vivos,phowhisper,base,tone_aware_lora,0.1,42,VIVOSDEV04_R118_clean,clean,clean,substitution,ngại,ngài,5,5,nang,huyen,ngai,ngai,ngai,ngai,true,false,tone_substitution,,,false,false,false,false,TRẺ EM ĐÂU CÓ CHƯỚNG NGẠI VẬT,trẻ em đâu có chứ ngài vật
aligned_v1,vivos,phowhisper,base,tone_aware_lora,0.1,42,VIVOSDEV04_R118_snr0,0,music,substitution,đâu,đau,2,2,ngang,ngang,đâu,đau,dau,dau,false,true,,vowel_quality_loss,â→a,false,true,false,true,TRẺ EM ĐÂU CÓ CHƯỚNG NGẠI VẬT,trẻ em đau khó chứ ngoài vật
aligned_v1,vivos,phowhisper,base,tone_aware_lora,0.1,42,VIVOSDEV04_R118_snr10,10,music,substitution,ngại,ngài,5,5,nang,huyen,ngai,ngai,ngai,ngai,true,false,tone_substitution,,,false,false,false,false,TRẺ EM ĐÂU CÓ CHƯỚNG NGẠI VẬT,trẻ em đâu có chứ ngài vật
aligned_v1,vivos,phowhisper,base,tone_aware_lora,0.1,42,VIVOSDEV04_R118_snr20,20,music,substitution,ngại,ngài,5,5,nang,huyen,ngai,ngai,ngai,ngai,true,false,tone_substitution,,,false,false,false,false,TRẺ EM ĐÂU CÓ CHƯỚNG NGẠI VẬT,trẻ em đâu có chứ ngài vật
aligned_v1,vivos,phowhisper,base,tone_aware_lora,0.1,42,VIVOSDEV04_R118_snr5,5,music,substitution,ngại,ngài,5,5,nang,huyen,ngai,ngai,ngai,ngai,true,false,tone_substitution,,,false,false,false,false,TRẺ EM ĐÂU CÓ CHƯỚNG NGẠI VẬT,trẻ em đâu có chứ ngài vật
aligned_v1,vivos,phowhisper,base,tone_aware_lora,0.1,42,VIVOSDEV04_R129_clean,clean,clean,substitution,đang,đăng,0,0,ngang,ngang,đang,đăng,dang,dang,false,true,,vowel_quality_addition,a→ă,false,false,false,false,ĐANG THẢO LUẬN VỀ ĐỀ XUẤT,đăng thảo luận về đề xuất
aligned_v1,vivos,phowhisper,base,tone_aware_lora,0.1,42,VIVOSDEV04_R129_snr0,0,noise,substitution,đang,đăng,0,0,ngang,ngang,đang,đăng,dang,dang,false,true,,vowel_quality_addition,a→ă,false,false,false,false,ĐANG THẢO LUẬN VỀ ĐỀ XUẤT,đăng thảo luận về đề xuất
aligned_v1,vivos,phowhisper,base,tone_aware_lora,0.1,42,VIVOSDEV04_R129_snr10,10,noise,substitution,đang,đăng,0,0,ngang,ngang,đang,đăng,dang,dang,false,true,,vowel_quality_addition,a→ă,false,false,false,false,ĐANG THẢO LUẬN VỀ ĐỀ XUẤT,đăng thảo luận về đề xuất
aligned_v1,vivos,phowhisper,base,tone_aware_lora,0.1,42,VIVOSDEV04_R129_snr20,20,music,substitution,đang,đăng,0,0,ngang,ngang,đang,đăng,dang,dang,false,true,,vowel_quality_addition,a→ă,false,false,false,false,ĐANG THẢO LUẬN VỀ ĐỀ XUẤT,đăng thảo luận về đề xuất
aligned_v1,vivos,phowhisper,base,tone_aware_lora,0.1,42,VIVOSDEV04_R129_snr5,5,noise,substitution,đang,đăng,0,0,ngang,ngang,đang,đăng,dang,dang,false,true,,vowel_quality_addition,a→ă,false,false,false,false,ĐANG THẢO LUẬN VỀ ĐỀ XUẤT,đăng thảo luận về đề xuất
aligned_v1,vivos,phowhisper,base,tone_aware_lora,0.1,42,VIVOSDEV04_R149_clean,clean,clean,substitution,ngắn,ngán,4,4,sac,sac,ngăn,ngan,ngan,ngan,false,true,,vowel_quality_loss,ă→a,false,true,false,true,MỘT CÔ GÁI VÁY NGẮN CŨN CỠN CHẠY LÊN HỎI,một cô gái váy ngán cũng cỡn chạy lên họ
aligned_v1,vivos,phowhisper,base,tone_aware_lora,0.1,42,VIVOSDEV04_R149_snr10,10,music,substitution,ngắn,ngán,4,4,sac,sac,ngăn,ngan,ngan,ngan,false,true,,vowel_quality_loss,ă→a,false,true,false,true,MỘT CÔ GÁI VÁY NGẮN CŨN CỠN CHẠY LÊN HỎI,một cô gái phái ngán cũng cỡn chạy lên họ
aligned_v1,vivos,phowhisper,base,tone_aware_lora,0.1,42,VIVOSDEV04_R149_snr20,20,noise,substitution,ngắn,ngán,4,4,sac,sac,ngăn,ngan,ngan,ngan,false,true,,vowel_quality_loss,ă→a,false,true,false,true,MỘT CÔ GÁI VÁY NGẮN CŨN CỠN CHẠY LÊN HỎI,một cô gái váy ngán củng cỡn chạy lên họ
aligned_v1,vivos,phowhisper,base,tone_aware_lora,0.1,42,VIVOSDEV04_R149_snr5,5,noise,substitution,ngắn,ngán,4,4,sac,sac,ngăn,ngan,ngan,ngan,false,true,,vowel_quality_loss,ă→a,false,true,false,true,MỘT CÔ GÁI VÁY NGẮN CŨN CỠN CHẠY LÊN HỎI,một cô gái váy ngán trúng cởi chạy lên họ
aligned_v1,vivos,phowhisper,base,tone_aware_lora,0.1,42,VIVOSDEV04_R152_snr0,0,noise,substitution,màu,mầu,11,11,huyen,huyen,mau,mâu,mau,mau,false,true,,vowel_quality_addition,a→â,false,false,false,false,SẼ KHÔNG KHIẾN BẠN TRÔNG GẦY NHƯ NHỮNG TRANG PHỤC MỘT MÀU,sẽ không khiến bạn trông gầy như những trang phục mọc mầu
aligned_v1,vivos,phowhisper,base,tone_aware_lora,0.1,42,VIVOSDEV04_R152_snr5,5,speech,deletion,những,,7,,nga,,nhưng,,nhung,,true,false,word_deletion,,,false,false,false,false,SẼ KHÔNG KHIẾN BẠN TRÔNG GẦY NHƯ NHỮNG TRANG PHỤC MỘT MÀU,sẽ không khiến bạn trông gầy như nhỏ trong một màu
aligned_v1,vivos,phowhisper,base,tone_aware_lora,0.1,42,VIVOSDEV04_R162_snr5,5,speech,substitution,bóng,bông,6,6,sac,ngang,bong,bông,bong,bong,false,true,,vowel_quality_addition,o→ô,true,false,false,true,CÔ CHỈ MỚI VÀO LƯỚI NHẶT BÓNG HAI LẦN,cô chỉ mới vào lưới nhạc bông hai lần
aligned_v1,vivos,phowhisper,base,tone_aware_lora,0.1,42,VIVOSDEV04_T002_snr0,0,music,substitution,bảo,bão,7,7,hoi,nga,bao,bao,bao,bao,true,false,tone_substitution,,,false,false,false,false,CÓ TRẢ TIỀN CHO BỐ KHÔNG THÌ BẢO,có trò chuyện giống uốn không thì bão
aligned_v1,vivos,phowhisper,base,tone_aware_lora,0.1,42,VIVOSDEV04_T009_snr0,0,music,substitution,nhắn,nhấn,2,2,sac,sac,nhăn,nhân,nhan,nhan,false,true,,vowel_quality_substitution,ă→â,false,false,false,false,CHO TÔI NHẮN ĐẠI TIN NÀO CŨNG ĐƯỢC,cho tôi nhấn đậy tin nào cũng được
aligned_v1,vivos,phowhisper,base,tone_aware_lora,0.1,42,VIVOSDEV04_T029_clean,clean,clean,substitution,thơ,thó,5,5,ngang,sac,thơ,tho,tho,tho,false,true,,vowel_quality_loss,ơ→o,false,true,false,true,ANH ĐI CÔNG TÁC CẦN THƠ TUẦN SAU MỚI VỀ,anh đi công tác cần thó tuần sau mối về
aligned_v1,vivos,phowhisper,base,tone_aware_lora,0.1,42,VIVOSDEV04_T029_clean,clean,clean,substitution,mới,mối,8,8,sac,sac,mơi,môi,moi,moi,false,true,,vowel_quality_substitution,ơ→ô,false,false,false,false,ANH ĐI CÔNG TÁC CẦN THƠ TUẦN SAU MỚI VỀ,anh đi công tác cần thó tuần sau mối về
aligned_v1,vivos,phowhisper,base,tone_aware_lora,0.1,42,VIVOSDEV04_T029_snr10,10,noise,substitution,thơ,thó,5,5,ngang,sac,thơ,tho,tho,tho,false,true,,vowel_quality_loss,ơ→o,false,true,false,true,ANH ĐI CÔNG TÁC CẦN THƠ TUẦN SAU MỚI VỀ,anh đi công tác cần thó tuần sau mối về
aligned_v1,vivos,phowhisper,base,tone_aware_lora,0.1,42,VIVOSDEV04_T029_snr10,10,noise,substitution,mới,mối,8,8,sac,sac,mơi,môi,moi,moi,false,true,,vowel_quality_substitution,ơ→ô,false,false,false,false,ANH ĐI CÔNG TÁC CẦN THƠ TUẦN SAU MỚI VỀ,anh đi công tác cần thó tuần sau mối về
aligned_v1,vivos,phowhisper,base,tone_aware_lora,0.1,42,VIVOSDEV04_T029_snr20,20,noise,substitution,thơ,thó,5,5,ngang,sac,thơ,tho,tho,tho,false,true,,vowel_quality_loss,ơ→o,false,true,false,true,ANH ĐI CÔNG TÁC CẦN THƠ TUẦN SAU MỚI VỀ,anh đi công tác cần thó tuần sau mới về
aligned_v1,vivos,phowhisper,base,tone_aware_lora,0.1,42,VIVOSDEV04_T032_clean,clean,clean,substitution,vỏ,võ,3,3,hoi,nga,vo,vo,vo,vo,true,false,tone_substitution,,,false,false,false,false,CAM SÀNH LỘT VỎ CÒN CHUA,công sành lọc võ còn chưa
aligned_v1,vivos,phowhisper,base,tone_aware_lora,0.1,42,VIVOSDEV04_T032_clean,clean,clean,substitution,chua,chưa,5,5,ngang,ngang,chua,chưa,chua,chua,false,true,,vowel_quality_addition,u→ư,false,false,false,false,CAM SÀNH LỘT VỎ CÒN CHUA,công sành lọc võ còn chưa
aligned_v1,vivos,phowhisper,base,tone_aware_lora,0.1,42,VIVOSDEV04_T032_snr0,0,music,substitution,chua,chưa,5,5,ngang,ngang,chua,chưa,chua,chua,false,true,,vowel_quality_addition,u→ư,false,false,false,false,CAM SÀNH LỘT VỎ CÒN CHUA,công sản lộc vỏ còn chưa
aligned_v1,vivos,phowhisper,base,tone_aware_lora,0.1,42,VIVOSDEV04_T032_snr10,10,noise,substitution,vỏ,võ,3,3,hoi,nga,vo,vo,vo,vo,true,false,tone_substitution,,,false,false,false,false,CAM SÀNH LỘT VỎ CÒN CHUA,công sành lọc võ còn chưa
aligned_v1,vivos,phowhisper,base,tone_aware_lora,0.1,42,VIVOSDEV04_T032_snr10,10,noise,substitution,chua,chưa,5,5,ngang,ngang,chua,chưa,chua,chua,false,true,,vowel_quality_addition,u→ư,false,false,false,false,CAM SÀNH LỘT VỎ CÒN CHUA,công sành lọc võ còn chưa
aligned_v1,vivos,phowhisper,base,tone_aware_lora,0.1,42,VIVOSDEV04_T032_snr20,20,noise,substitution,vỏ,võ,3,3,hoi,nga,vo,vo,vo,vo,true,false,tone_substitution,,,false,false,false,false,CAM SÀNH LỘT VỎ CÒN CHUA,công sành lọc võ còn chưa
aligned_v1,vivos,phowhisper,base,tone_aware_lora,0.1,42,VIVOSDEV04_T032_snr20,20,noise,substitution,chua,chưa,5,5,ngang,ngang,chua,chưa,chua,chua,false,true,,vowel_quality_addition,u→ư,false,false,false,false,CAM SÀNH LỘT VỎ CÒN CHUA,công sành lọc võ còn chưa
aligned_v1,vivos,phowhisper,base,tone_aware_lora,0.1,42,VIVOSDEV04_T032_snr5,5,music,substitution,chua,chưa,5,5,ngang,ngang,chua,chưa,chua,chua,false,true,,vowel_quality_addition,u→ư,false,false,false,false,CAM SÀNH LỘT VỎ CÒN CHUA,công trình lộc cỏ còn chưa
aligned_v1,vivos,phowhisper,base,tone_aware_lora,0.1,42,VIVOSDEV05_004_clean,clean,clean,deletion,là,,5,,huyen,,la,,la,,true,false,word_deletion,,,false,false,false,false,HÃY TƯỞNG TƯỢNG RẰNG BẠN LÀ LÀ GIÁM ĐỐC DỰ ÁN TRONG MỘT CÔNG TY LỚN,hãy tưởng tượng rằng bạn là giám đốc dự án trong một công ty lớn
aligned_v1,vivos,phowhisper,base,tone_aware_lora,0.1,42,VIVOSDEV05_004_snr0,0,speech,substitution,tượng,tưởng,2,2,nang,hoi,tương,tương,tuong,tuong,true,false,tone_substitution,,,false,false,false,false,HÃY TƯỞNG TƯỢNG RẰNG BẠN LÀ LÀ GIÁM ĐỐC DỰ ÁN TRONG MỘT CÔNG TY LỚN,hãy tin tưởng rằng bạn là giám đốc dự án trong một công ty lớn
aligned_v1,vivos,phowhisper,base,tone_aware_lora,0.1,42,VIVOSDEV05_004_snr0,0,speech,deletion,là,,5,,huyen,,la,,la,,true,false,word_deletion,,,false,false,false,false,HÃY TƯỞNG TƯỢNG RẰNG BẠN LÀ LÀ GIÁM ĐỐC DỰ ÁN TRONG MỘT CÔNG TY LỚN,hãy tin tưởng rằng bạn là giám đốc dự án trong một công ty lớn
aligned_v1,vivos,phowhisper,base,tone_aware_lora,0.1,42,VIVOSDEV05_004_snr10,10,noise,deletion,là,,5,,huyen,,la,,la,,true,false,word_deletion,,,false,false,false,false,HÃY TƯỞNG TƯỢNG RẰNG BẠN LÀ LÀ GIÁM ĐỐC DỰ ÁN TRONG MỘT CÔNG TY LỚN,hãy tưởng tượng rằng bạn là giám đốc dự án trong một công ty lớn
aligned_v1,vivos,phowhisper,base,tone_aware_lora,0.1,42,VIVOSDEV05_004_snr20,20,noise,deletion,là,,5,,huyen,,la,,la,,true,false,word_deletion,,,false,false,false,false,HÃY TƯỞNG TƯỢNG RẰNG BẠN LÀ LÀ GIÁM ĐỐC DỰ ÁN TRONG MỘT CÔNG TY LỚN,hãy tưởng tượng rằng bạn là giám đốc dự án trong một công ty lớn
aligned_v1,vivos,phowhisper,base,tone_aware_lora,0.1,42,VIVOSDEV05_004_snr5,5,noise,deletion,là,,5,,huyen,,la,,la,,true,false,word_deletion,,,false,false,false,false,HÃY TƯỞNG TƯỢNG RẰNG BẠN LÀ LÀ GIÁM ĐỐC DỰ ÁN TRONG MỘT CÔNG TY LỚN,hãy tưởng tượng rằng bạn là giám đốc dự án trong một công ty lớn
aligned_v1,vivos,phowhisper,base,tone_aware_lora,0.1,42,VIVOSDEV05_065_snr5,5,music,substitution,tha,thả,4,4,ngang,hoi,tha,tha,tha,tha,true,false,tone_addition,,,false,false,false,false,NHỮNG NGƯỜI SỐNG THÌ THA THẨN TRONG NHÀ NGOÀI NGÕ,những người sống thì thả thẳng trong nhà ngoài ngõ
aligned_v1,vivos,phowhisper,base,tone_aware_lora,0.1,42,VIVOSDEV05_091_snr5,5,speech,substitution,giô,giơ,1,1,ngang,ngang,giô,giơ,gio,gio,false,true,,vowel_quality_substitution,ô→ơ,false,false,false,false,TRÁN GIÔ,đáng giơ
aligned_v1,vivos,phowhisper,base,tone_aware_lora,0.1,42,VIVOSDEV05_107_clean,clean,clean,substitution,trông,trong,0,0,ngang,ngang,trông,trong,trong,trong,false,true,,vowel_quality_loss,ô→o,false,true,false,true,TRÔNG MỘT CÔ NÀNG ĐỔ NGƯỜI LÊN LƯNG ANH NGƯỜI YÊU GẦY CÒM,trong một cô nàng đỗ người lên lưng anh người yêu gầy còm
aligned_v1,vivos,phowhisper,base,tone_aware_lora,0.1,42,VIVOSDEV05_107_clean,clean,clean,substitution,đổ,đỗ,4,4,hoi,nga,đô,đô,do,do,true,false,tone_substitution,,,false,false,false,false,TRÔNG MỘT CÔ NÀNG ĐỔ NGƯỜI LÊN LƯNG ANH NGƯỜI YÊU GẦY CÒM,trong một cô nàng đỗ người lên lưng anh người yêu gầy còm
aligned_v1,vivos,phowhisper,base,tone_aware_lora,0.1,42,VIVOSDEV05_107_snr0,0,noise,substitution,trông,trong,0,0,ngang,ngang,trông,trong,trong,trong,false,true,,vowel_quality_loss,ô→o,false,true,false,true,TRÔNG MỘT CÔ NÀNG ĐỔ NGƯỜI LÊN LƯNG ANH NGƯỜI YÊU GẦY CÒM,trong một cô nàng đỗ người lên lưng anh người yêu gầy cầm
aligned_v1,vivos,phowhisper,base,tone_aware_lora,0.1,42,VIVOSDEV05_107_snr0,0,noise,substitution,đổ,đỗ,4,4,hoi,nga,đô,đô,do,do,true,false,tone_substitution,,,false,false,false,false,TRÔNG MỘT CÔ NÀNG ĐỔ NGƯỜI LÊN LƯNG ANH NGƯỜI YÊU GẦY CÒM,trong một cô nàng đỗ người lên lưng anh người yêu gầy cầm
aligned_v1,vivos,phowhisper,base,tone_aware_lora,0.1,42,VIVOSDEV05_107_snr10,10,noise,substitution,trông,trong,0,0,ngang,ngang,trông,trong,trong,trong,false,true,,vowel_quality_loss,ô→o,false,true,false,true,TRÔNG MỘT CÔ NÀNG ĐỔ NGƯỜI LÊN LƯNG ANH NGƯỜI YÊU GẦY CÒM,trong một cô nàng đỗ người lên lưng anh người yêu gầy còm
aligned_v1,vivos,phowhisper,base,tone_aware_lora,0.1,42,VIVOSDEV05_107_snr10,10,noise,substitution,đổ,đỗ,4,4,hoi,nga,đô,đô,do,do,true,false,tone_substitution,,,false,false,false,false,TRÔNG MỘT CÔ NÀNG ĐỔ NGƯỜI LÊN LƯNG ANH NGƯỜI YÊU GẦY CÒM,trong một cô nàng đỗ người lên lưng anh người yêu gầy còm
aligned_v1,vivos,phowhisper,base,tone_aware_lora,0.1,42,VIVOSDEV05_107_snr20,20,noise,substitution,trông,trong,0,0,ngang,ngang,trông,trong,trong,trong,false,true,,vowel_quality_loss,ô→o,false,true,false,true,TRÔNG MỘT CÔ NÀNG ĐỔ NGƯỜI LÊN LƯNG ANH NGƯỜI YÊU GẦY CÒM,trong một cô nàng đỗ người lên lưng anh người yêu gầy còm
aligned_v1,vivos,phowhisper,base,tone_aware_lora,0.1,42,VIVOSDEV05_107_snr20,20,noise,substitution,đổ,đỗ,4,4,hoi,nga,đô,đô,do,do,true,false,tone_substitution,,,false,false,false,false,TRÔNG MỘT CÔ NÀNG ĐỔ NGƯỜI LÊN LƯNG ANH NGƯỜI YÊU GẦY CÒM,trong một cô nàng đỗ người lên lưng anh người yêu gầy còm
aligned_v1,vivos,phowhisper,base,tone_aware_lora,0.1,42,VIVOSDEV05_107_snr5,5,noise,substitution,trông,trong,0,0,ngang,ngang,trông,trong,trong,trong,false,true,,vowel_quality_loss,ô→o,false,true,false,true,TRÔNG MỘT CÔ NÀNG ĐỔ NGƯỜI LÊN LƯNG ANH NGƯỜI YÊU GẦY CÒM,trong một cô nàng đỗ người lên lưng anh người yêu gầy còm
aligned_v1,vivos,phowhisper,base,tone_aware_lora,0.1,42,VIVOSDEV05_107_snr5,5,noise,substitution,đổ,đỗ,4,4,hoi,nga,đô,đô,do,do,true,false,tone_substitution,,,false,false,false,false,TRÔNG MỘT CÔ NÀNG ĐỔ NGƯỜI LÊN LƯNG ANH NGƯỜI YÊU GẦY CÒM,trong một cô nàng đỗ người lên lưng anh người yêu gầy còm
aligned_v1,vivos,phowhisper,base,tone_aware_lora,0.1,42,VIVOSDEV05_129_snr0,0,speech,substitution,loài,loại,5,5,huyen,nang,loai,loai,loai,loai,true,false,tone_substitution,,,false,false,false,false,THU HÚT RẤT LÀ NHIỀU LOÀI CHIM,thu hút rất là nhiều loại phim
aligned_v1,vivos,phowhisper,base,tone_aware_lora,0.1,42,VIVOSDEV05_202_snr0,0,speech,substitution,rả,rã,8,8,hoi,nga,ra,ra,ra,ra,true,false,tone_substitution,,,false,false,false,false,CHỊ HAI CHỦ QUÁN NGHE BÀN TÁN RÔM RẢ CŨNG RA GÓP CHUYỆN,chủ hai chụp qua ngay bàn tán rôm rã cũng ra góp chuyện
aligned_v1,vivos,phowhisper,base,tone_aware_lora,0.1,42,VIVOSDEV05_251_clean,clean,clean,substitution,ma,má,3,3,ngang,sac,ma,ma,ma,ma,true,false,tone_addition,,,false,false,false,false,BỌN BUÔN LẬU MA TÚY VÀ VŨ KHÍ,bọn buôn lậu má túy và vũ khí
aligned_v1,vivos,phowhisper,base,tone_aware_lora,0.1,42,VIVOSDEV05_251_snr10,10,noise,substitution,ma,má,3,3,ngang,sac,ma,ma,ma,ma,true,false,tone_addition,,,false,false,false,false,BỌN BUÔN LẬU MA TÚY VÀ VŨ KHÍ,bọn buôn lậu má túy và vũ khí
aligned_v1,vivos,phowhisper,base,tone_aware_lora,0.1,42,VIVOSDEV05_251_snr20,20,speech,substitution,ma,má,3,3,ngang,sac,ma,ma,ma,ma,true,false,tone_addition,,,false,false,false,false,BỌN BUÔN LẬU MA TÚY VÀ VŨ KHÍ,bọn buôn lậu má túy và vũ khí
aligned_v1,vivos,phowhisper,base,tone_aware_lora,0.1,42,VIVOSDEV05_251_snr5,5,music,substitution,ma,má,3,3,ngang,sac,ma,ma,ma,ma,true,false,tone_addition,,,false,false,false,false,BỌN BUÔN LẬU MA TÚY VÀ VŨ KHÍ,bọn buôn lậu má túy và vũ khí
aligned_v1,vivos,phowhisper,base,tone_aware_lora,0.1,42,VIVOSDEV05_261_snr10,10,noise,deletion,vu,,8,,ngang,,vu,,vu,,true,false,word_deletion,,,false,false,false,false,LẠI QUAY RA TẬP VIẾT BÁO RỒI GỬI VU VƠ,lại quay ra tập viết báo rồi gửi vươn
aligned_v1,vivos,phowhisper,base,tone_aware_lora,0.1,42,VIVOSDEV05_295_snr10,10,noise,substitution,bị,bì,4,4,nang,huyen,bi,bi,bi,bi,true,false,tone_substitution,,,false,false,false,false,LÀM HỎNG CÁC THIẾT BỊ CỦA TÊN LỬA,làm hỏng các thước bì của tên lửa
aligned_v1,vivos,phowhisper,base,tone_aware_lora,0.1,42,VIVOSDEV06_016_snr0,0,music,substitution,cạo,cao,6,6,nang,ngang,cao,cao,cao,cao,true,false,tone_loss,,,true,false,false,true,RÂU RIA ĐÃ BA NGÀY KHÔNG CẠO,râu ria đã ba nghìn không cao
aligned_v1,vivos,phowhisper,base,tone_aware_lora,0.1,42,VIVOSDEV06_108_clean,clean,clean,substitution,rọ,rõ,3,3,nang,nga,ro,ro,ro,ro,true,false,tone_substitution,,,false,false,false,false,LÀM CÔ NÀNG RỌ RẠY THỨC TRẮNG CẢ ĐÊM,làm cô nàng rõ rây thức trắng cả đêm
aligned_v1,vivos,phowhisper,base,tone_aware_lora,0.1,42,VIVOSDEV06_108_clean,clean,clean,substitution,rạy,rây,4,4,nang,ngang,ray,rây,ray,ray,false,true,,vowel_quality_addition,a→â,true,false,false,true,LÀM CÔ NÀNG RỌ RẠY THỨC TRẮNG CẢ ĐÊM,làm cô nàng rõ rây thức trắng cả đêm
aligned_v1,vivos,phowhisper,base,tone_aware_lora,0.1,42,VIVOSDEV06_108_snr0,0,music,substitution,rọ,rõ,3,3,nang,nga,ro,ro,ro,ro,true,false,tone_substitution,,,false,false,false,false,LÀM CÔ NÀNG RỌ RẠY THỨC TRẮNG CẢ ĐÊM,làm cô nàng rõ rơi thức trắng cả đêm
aligned_v1,vivos,phowhisper,base,tone_aware_lora,0.1,42,VIVOSDEV06_108_snr10,10,noise,substitution,rọ,rõ,3,3,nang,nga,ro,ro,ro,ro,true,false,tone_substitution,,,false,false,false,false,LÀM CÔ NÀNG RỌ RẠY THỨC TRẮNG CẢ ĐÊM,làm cô nàng rõ rây thức trắng cả đêm
aligned_v1,vivos,phowhisper,base,tone_aware_lora,0.1,42,VIVOSDEV06_108_snr10,10,noise,substitution,rạy,rây,4,4,nang,ngang,ray,rây,ray,ray,false,true,,vowel_quality_addition,a→â,true,false,false,true,LÀM CÔ NÀNG RỌ RẠY THỨC TRẮNG CẢ ĐÊM,làm cô nàng rõ rây thức trắng cả đêm
aligned_v1,vivos,phowhisper,base,tone_aware_lora,0.1,42,VIVOSDEV06_108_snr20,20,noise,substitution,rọ,rõ,3,3,nang,nga,ro,ro,ro,ro,true,false,tone_substitution,,,false,false,false,false,LÀM CÔ NÀNG RỌ RẠY THỨC TRẮNG CẢ ĐÊM,làm cô nàng rõ rây thức trắng cả đêm
aligned_v1,vivos,phowhisper,base,tone_aware_lora,0.1,42,VIVOSDEV06_108_snr20,20,noise,substitution,rạy,rây,4,4,nang,ngang,ray,rây,ray,ray,false,true,,vowel_quality_addition,a→â,true,false,false,true,LÀM CÔ NÀNG RỌ RẠY THỨC TRẮNG CẢ ĐÊM,làm cô nàng rõ rây thức trắng cả đêm
aligned_v1,vivos,phowhisper,base,tone_aware_lora,0.1,42,VIVOSDEV06_108_snr5,5,speech,substitution,rọ,rõ,3,3,nang,nga,ro,ro,ro,ro,true,false,tone_substitution,,,false,false,false,false,LÀM CÔ NÀNG RỌ RẠY THỨC TRẮNG CẢ ĐÊM,làm cô nàng rõ rơi thức trắng cả đêm
aligned_v1,vivos,phowhisper,base,tone_aware_lora,0.1,42,VIVOSDEV06_117_clean,clean,clean,substitution,khối,khói,2,2,sac,sac,khôi,khoi,khoi,khoi,false,true,,vowel_quality_loss,ô→o,false,true,false,true,GIẢI QUYẾT KHỐI UNG NHỌT NÀY PHẢI CẦN ĐẾN MỘT CUỘC ĐẠI PHẪU NGHIÊM TÚC,giải quyết khói ôn nhọt này phải cần đến một cuộc đại phẫu nghiêm túc
aligned_v1,vivos,phowhisper,base,tone_aware_lora,0.1,42,VIVOSDEV06_117_snr0,0,music,substitution,khối,khói,2,2,sac,sac,khôi,khoi,khoi,khoi,false,true,,vowel_quality_loss,ô→o,false,true,false,true,GIẢI QUYẾT KHỐI UNG NHỌT NÀY PHẢI CẦN ĐẾN MỘT CUỘC ĐẠI PHẪU NGHIÊM TÚC,giải quyết khói ôn nhọt mà bạn cần đến một cuộc đại phẫu nghiêm túc
aligned_v1,vivos,phowhisper,base,tone_aware_lora,0.1,42,VIVOSDEV06_117_snr10,10,noise,substitution,khối,khói,2,2,sac,sac,khôi,khoi,khoi,khoi,false,true,,vowel_quality_loss,ô→o,false,true,false,true,GIẢI QUYẾT KHỐI UNG NHỌT NÀY PHẢI CẦN ĐẾN MỘT CUỘC ĐẠI PHẪU NGHIÊM TÚC,giải quyết khói uông nhọt này phải cần đến một cuộc đại phẫu nghiêm túc
aligned_v1,vivos,phowhisper,base,tone_aware_lora,0.1,42,VIVOSDEV06_117_snr20,20,noise,substitution,khối,khói,2,2,sac,sac,khôi,khoi,khoi,khoi,false,true,,vowel_quality_loss,ô→o,false,true,false,true,GIẢI QUYẾT KHỐI UNG NHỌT NÀY PHẢI CẦN ĐẾN MỘT CUỘC ĐẠI PHẪU NGHIÊM TÚC,giải quyết khói uông nhọt này phải cần đến một cuộc đại phẫu nghiêm túc
aligned_v1,vivos,phowhisper,base,tone_aware_lora,0.1,42,VIVOSDEV06_117_snr5,5,noise,substitution,khối,khói,2,2,sac,sac,khôi,khoi,khoi,khoi,false,true,,vowel_quality_loss,ô→o,false,true,false,true,GIẢI QUYẾT KHỐI UNG NHỌT NÀY PHẢI CẦN ĐẾN MỘT CUỘC ĐẠI PHẪU NGHIÊM TÚC,giải quyết khói uông nhọt này phải cần đến một cuộc đại phẫu nghiêm túc
aligned_v1,vivos,phowhisper,base,tone_aware_lora,0.1,42,VIVOSDEV06_126_clean,clean,clean,substitution,mốt,mót,8,8,sac,sac,môt,mot,mot,mot,false,true,,vowel_quality_loss,ô→o,false,true,false,true,THẬM CHÍ CÀNG GIỐNG ÁO QUÍ NÀNG CÀNG MỐT,thậm chí càng giống áo quý nàng càng mót
aligned_v1,vivos,phowhisper,base,tone_aware_lora,0.1,42,VIVOSDEV06_126_snr0,0,noise,substitution,mốt,mót,8,8,sac,sac,môt,mot,mot,mot,false,true,,vowel_quality_loss,ô→o,false,true,false,true,THẬM CHÍ CÀNG GIỐNG ÁO QUÍ NÀNG CÀNG MỐT,thậm chí càng giống áo quý nàng càng mót
aligned_v1,vivos,phowhisper,base,tone_aware_lora,0.1,42,VIVOSDEV06_126_snr10,10,noise,substitution,mốt,mót,8,8,sac,sac,môt,mot,mot,mot,false,true,,vowel_quality_loss,ô→o,false,true,false,true,THẬM CHÍ CÀNG GIỐNG ÁO QUÍ NÀNG CÀNG MỐT,thậm chí càng giống áo quý nàng càng mót
aligned_v1,vivos,phowhisper,base,tone_aware_lora,0.1,42,VIVOSDEV06_126_snr20,20,noise,substitution,mốt,mót,8,8,sac,sac,môt,mot,mot,mot,false,true,,vowel_quality_loss,ô→o,false,true,false,true,THẬM CHÍ CÀNG GIỐNG ÁO QUÍ NÀNG CÀNG MỐT,thậm chí càng giống áo quý nàng càng mót
aligned_v1,vivos,phowhisper,base,tone_aware_lora,0.1,42,VIVOSDEV06_126_snr5,5,noise,substitution,mốt,mót,8,8,sac,sac,môt,mot,mot,mot,false,true,,vowel_quality_loss,ô→o,false,true,false,true,THẬM CHÍ CÀNG GIỐNG ÁO QUÍ NÀNG CÀNG MỐT,thậm chí càng giống áo quý nàng càng mót
aligned_v1,vivos,phowhisper,base,tone_aware_lora,0.1,42,VIVOSDEV06_184_clean,clean,clean,substitution,ngán,ngắn,10,10,sac,sac,ngan,ngăn,ngan,ngan,false,true,,vowel_quality_addition,a→ă,false,false,false,false,HOẶC BẠN SẼ ĐẾN ĐẤY VỚI MỘT TÂM TRẠNG CHÁN NGÁN VÔ CÙNG,hoặc bạn sẽ đến đấy với một tâm trạng chán ngắn vô cùng
aligned_v1,vivos,phowhisper,base,tone_aware_lora,0.1,42,VIVOSDEV06_184_snr10,10,speech,substitution,ngán,ngắn,10,10,sac,sac,ngan,ngăn,ngan,ngan,false,true,,vowel_quality_addition,a→ă,false,false,false,false,HOẶC BẠN SẼ ĐẾN ĐẤY VỚI MỘT TÂM TRẠNG CHÁN NGÁN VÔ CÙNG,hoặc bạn sẽ đến đấy với một tâm trạng chán ngắn vô cùng
aligned_v1,vivos,phowhisper,base,tone_aware_lora,0.1,42,VIVOSDEV06_184_snr20,20,noise,substitution,ngán,ngắn,10,10,sac,sac,ngan,ngăn,ngan,ngan,false,true,,vowel_quality_addition,a→ă,false,false,false,false,HOẶC BẠN SẼ ĐẾN ĐẤY VỚI MỘT TÂM TRẠNG CHÁN NGÁN VÔ CÙNG,hoặc bạn sẽ đến đấy với một tâm trạng chán ngắn vô cùng
aligned_v1,vivos,phowhisper,base,tone_aware_lora,0.1,42,VIVOSDEV06_184_snr5,5,noise,substitution,ngán,ngắn,10,10,sac,sac,ngan,ngăn,ngan,ngan,false,true,,vowel_quality_addition,a→ă,false,false,false,false,HOẶC BẠN SẼ ĐẾN ĐẤY VỚI MỘT TÂM TRẠNG CHÁN NGÁN VÔ CÙNG,hoặc bạn sẽ đến đấy với một tâm trạng chán ngắn vô cùng
aligned_v1,vivos,phowhisper,base,tone_aware_lora,0.1,42,VIVOSDEV06_253_snr0,0,noise,substitution,đau,đâu,6,6,ngang,ngang,đau,đâu,dau,dau,false,true,,vowel_quality_addition,a→â,false,false,false,false,CHẲNG LÀ MẤY HÔM NAY TÔI ĐAU BỤNG QUÁ,chẳng là mấy hôm nay tôi đâu bụng quá
aligned_v1,vivos,phowhisper,base,tone_aware_lora,0.1,42,VIVOSDEV06_287_snr0,0,music,substitution,thì,thị,5,5,huyen,nang,thi,thi,thi,thi,true,false,tone_substitution,,,false,false,false,false,LƯƠNG BA CỌC BA ĐỒNG THÌ NUÔI ĐƯỢC AI,lương ba gộc ba đồng thị nuôi được ai
aligned_v1,vivos,phowhisper,base,tone_aware_lora,0.1,42,VIVOSDEV07_002_clean,clean,clean,substitution,hằng,hàng,0,0,huyen,huyen,hăng,hang,hang,hang,false,true,,vowel_quality_loss,ă→a,false,true,false,true,HẰNG NĂM CHÚNG TA THẢI RA HÀNG TỈ THIẾT BỊ ĐIỆN TỬ,hàng năm chúng ta thể ra hàng tỉ thiết bị điện tử
aligned_v1,vivos,phowhisper,base,tone_aware_lora,0.1,42,VIVOSDEV07_002_snr10,10,music,substitution,hằng,hàng,0,0,huyen,huyen,hăng,hang,hang,hang,false,true,,vowel_quality_loss,ă→a,false,true,false,true,HẰNG NĂM CHÚNG TA THẢI RA HÀNG TỈ THIẾT BỊ ĐIỆN TỬ,hàng năm chúng ta thể ra hàng tỉ thiết bị điện tử
aligned_v1,vivos,phowhisper,base,tone_aware_lora,0.1,42,VIVOSDEV07_002_snr20,20,music,substitution,hằng,hàng,0,0,huyen,huyen,hăng,hang,hang,hang,false,true,,vowel_quality_loss,ă→a,false,true,false,true,HẰNG NĂM CHÚNG TA THẢI RA HÀNG TỈ THIẾT BỊ ĐIỆN TỬ,hàng năm chúng ta thể ra hàng tỉ thiết bị điện tử
aligned_v1,vivos,phowhisper,base,tone_aware_lora,0.1,42,VIVOSDEV07_002_snr5,5,noise,substitution,hằng,hàng,0,0,huyen,huyen,hăng,hang,hang,hang,false,true,,vowel_quality_loss,ă→a,false,true,false,true,HẰNG NĂM CHÚNG TA THẢI RA HÀNG TỈ THIẾT BỊ ĐIỆN TỬ,hàng năm chúng ta thể ra hàng tỉ thiết bị điện tử
aligned_v1,vivos,phowhisper,base,tone_aware_lora,0.1,42,VIVOSDEV07_045_clean,clean,clean,substitution,vại,vải,3,3,nang,hoi,vai,vai,vai,vai,true,false,tone_substitution,,,false,false,false,false,HOẶC CHO VÀO VẠI MUỐI ĐỂ LỢN ĂN DẦN,hoặc cho vào vải muối để lợn ăn dần
aligned_v1,vivos,phowhisper,base,tone_aware_lora,0.1,42,VIVOSDEV07_045_snr0,0,speech,substitution,vại,vài,3,3,nang,huyen,vai,vai,vai,vai,true,false,tone_substitution,,,false,false,false,false,HOẶC CHO VÀO VẠI MUỐI ĐỂ LỢN ĂN DẦN,hoặc cho vào vài mốt để lợn ngắt dần
aligned_v1,vivos,phowhisper,base,tone_aware_lora,0.1,42,VIVOSDEV07_045_snr10,10,noise,substitution,vại,vải,3,3,nang,hoi,vai,vai,vai,vai,true,false,tone_substitution,,,false,false,false,false,HOẶC CHO VÀO VẠI MUỐI ĐỂ LỢN ĂN DẦN,hoặc cho vào vải muối để lợn ăn dần
aligned_v1,vivos,phowhisper,base,tone_aware_lora,0.1,42,VIVOSDEV07_045_snr20,20,music,substitution,vại,vải,3,3,nang,hoi,vai,vai,vai,vai,true,false,tone_substitution,,,false,false,false,false,HOẶC CHO VÀO VẠI MUỐI ĐỂ LỢN ĂN DẦN,hoặc cho vào vải muối để lợn ăn dần
aligned_v1,vivos,phowhisper,base,tone_aware_lora,0.1,42,VIVOSDEV07_045_snr5,5,speech,substitution,vại,vài,3,3,nang,huyen,vai,vai,vai,vai,true,false,tone_substitution,,,false,false,false,false,HOẶC CHO VÀO VẠI MUỐI ĐỂ LỢN ĂN DẦN,hoặc cho vào vài muối để lợn ăn dần
aligned_v1,vivos,phowhisper,base,tone_aware_lora,0.1,42,VIVOSDEV07_067_clean,clean,clean,substitution,mềm,mèm,4,4,huyen,huyen,mêm,mem,mem,mem,false,true,,vowel_quality_loss,ê→e,false,true,false,true,CHẠM VÀO PHẦN THÓP MỀM TRÊN ĐẦU BÉ,chạm vào phần thóp mèm trên đầu bé
aligned_v1,vivos,phowhisper,base,tone_aware_lora,0.1,42,VIVOSDEV07_067_snr20,20,speech,substitution,mềm,mèm,4,4,huyen,huyen,mêm,mem,mem,mem,false,true,,vowel_quality_loss,ê→e,false,true,false,true,CHẠM VÀO PHẦN THÓP MỀM TRÊN ĐẦU BÉ,chạm vào phần thóp mèm trên đầu bé
aligned_v1,vivos,phowhisper,base,tone_aware_lora,0.1,42,VIVOSDEV07_084_clean,clean,clean,deletion,thấy,,3,,sac,,thây,,thay,,true,false,word_deletion,,,false,false,false,false,THÌ BỖNG NGHE THẤY TIẾNG OÁC OÁC TỪ VẠT RỪNG PHI LAO,thì bỗng nghe tiếng oác oác từ vạc rừng phi lao
aligned_v1,vivos,phowhisper,base,tone_aware_lora,0.1,42,VIVOSDEV07_084_snr0,0,music,deletion,thấy,,3,,sac,,thây,,thay,,true,false,word_deletion,,,false,false,false,false,THÌ BỖNG NGHE THẤY TIẾNG OÁC OÁC TỪ VẠT RỪNG PHI LAO,thì bỗng nghe tiếng hoát hoát từ bạc rừng phi lao
aligned_v1,vivos,phowhisper,base,tone_aware_lora,0.1,42,VIVOSDEV07_084_snr10,10,noise,deletion,thấy,,3,,sac,,thây,,thay,,true,false,word_deletion,,,false,false,false,false,THÌ BỖNG NGHE THẤY TIẾNG OÁC OÁC TỪ VẠT RỪNG PHI LAO,thì bỗng nghe tiếng oác oác từ vạc rừng phi lao
aligned_v1,vivos,phowhisper,base,tone_aware_lora,0.1,42,VIVOSDEV07_084_snr20,20,music,deletion,thấy,,3,,sac,,thây,,thay,,true,false,word_deletion,,,false,false,false,false,THÌ BỖNG NGHE THẤY TIẾNG OÁC OÁC TỪ VẠT RỪNG PHI LAO,thì bỗng nghe tiếng oác oác từ vạc rừng phi lao
aligned_v1,vivos,phowhisper,base,tone_aware_lora,0.1,42,VIVOSDEV07_084_snr5,5,music,deletion,thấy,,3,,sac,,thây,,thay,,true,false,word_deletion,,,false,false,false,false,THÌ BỖNG NGHE THẤY TIẾNG OÁC OÁC TỪ VẠT RỪNG PHI LAO,thì bỗng nghe tiếng oát oát từ vạc rừng phi lao
aligned_v1,vivos,phowhisper,base,tone_aware_lora,0.1,42,VIVOSDEV07_115_clean,clean,clean,substitution,hót,hốt,5,5,sac,sac,hot,hôt,hot,hot,false,true,,vowel_quality_addition,o→ô,false,false,false,false,VÀO CƠ QUAN LÀ ANH HÓT GIỐNG HỆT NHỒNG MỚI LỘT LƯỠI VẬY,vào cơ quan là anh hốt giống hệt nhồng với lột lửi vậy
aligned_v1,vivos,phowhisper,base,tone_aware_lora,0.1,42,VIVOSDEV07_115_snr0,0,music,substitution,hót,hốt,5,5,sac,sac,hot,hôt,hot,hot,false,true,,vowel_quality_addition,o→ô,false,false,false,false,VÀO CƠ QUAN LÀ ANH HÓT GIỐNG HỆT NHỒNG MỚI LỘT LƯỠI VẬY,vào cơ quan là anh hốt giống hệt nhồng với lột lửi vậy
aligned_v1,vivos,phowhisper,base,tone_aware_lora,0.1,42,VIVOSDEV07_115_snr10,10,noise,substitution,hót,hốt,5,5,sac,sac,hot,hôt,hot,hot,false,true,,vowel_quality_addition,o→ô,false,false,false,false,VÀO CƠ QUAN LÀ ANH HÓT GIỐNG HỆT NHỒNG MỚI LỘT LƯỠI VẬY,vào cơ quan là anh hốt giống hệt nhồng với lột lửi vậy
aligned_v1,vivos,phowhisper,base,tone_aware_lora,0.1,42,VIVOSDEV07_115_snr20,20,noise,substitution,hót,hốt,5,5,sac,sac,hot,hôt,hot,hot,false,true,,vowel_quality_addition,o→ô,false,false,false,false,VÀO CƠ QUAN LÀ ANH HÓT GIỐNG HỆT NHỒNG MỚI LỘT LƯỠI VẬY,vào cơ quan là anh hốt giống hệt nhồng với lột lửi vậy
aligned_v1,vivos,phowhisper,base,tone_aware_lora,0.1,42,VIVOSDEV07_151_clean,clean,clean,deletion,rô,,0,,ngang,,rô,,ro,,true,false,word_deletion,,,false,false,false,false,RÔ BÓT THÔNG MINH,robot thông minh
aligned_v1,vivos,phowhisper,base,tone_aware_lora,0.1,42,VIVOSDEV07_151_snr0,0,noise,deletion,rô,,0,,ngang,,rô,,ro,,true,false,word_deletion,,,false,false,false,false,RÔ BÓT THÔNG MINH,robot không ngừng
aligned_v1,vivos,phowhisper,base,tone_aware_lora,0.1,42,VIVOSDEV07_151_snr10,10,speech,deletion,rô,,0,,ngang,,rô,,ro,,true,false,word_deletion,,,false,false,false,false,RÔ BÓT THÔNG MINH,robot thông minh
aligned_v1,vivos,phowhisper,base,tone_aware_lora,0.1,42,VIVOSDEV07_151_snr20,20,noise,deletion,rô,,0,,ngang,,rô,,ro,,true,false,word_deletion,,,false,false,false,false,RÔ BÓT THÔNG MINH,robot thông minh
aligned_v1,vivos,phowhisper,base,tone_aware_lora,0.1,42,VIVOSDEV07_151_snr5,5,noise,deletion,rô,,0,,ngang,,rô,,ro,,true,false,word_deletion,,,false,false,false,false,RÔ BÓT THÔNG MINH,robot thông minh
aligned_v1,vivos,phowhisper,base,tone_aware_lora,0.1,42,VIVOSDEV07_195_snr0,0,speech,deletion,tình,,6,,huyen,,tinh,,tinh,,true,false,word_deletion,,,false,false,false,false,HỌ CŨNG LUÔN TRÁNH XA NHỮNG TÌNH HUỐNG CÓ THỂ GÂY HẠI CHO HỌ,họ cũng luôn tránh xa những hố có thể gây ra trong những cái chai vắt
aligned_v1,vivos,phowhisper,base,tone_aware_lora,0.1,42,VIVOSDEV07_266_clean,clean,clean,substitution,mạ,mà,5,5,nang,huyen,ma,ma,ma,ma,true,false,tone_substitution,,,false,false,false,false,NÓNG GIẬN TÔI ĐÃ LĂNG MẠ ANH,nóng giận tôi đã lăn mà han
aligned_v1,vivos,phowhisper,base,tone_aware_lora,0.1,42,VIVOSDEV07_266_snr0,0,noise,substitution,mạ,mà,5,5,nang,huyen,ma,ma,ma,ma,true,false,tone_substitution,,,false,false,false,false,NÓNG GIẬN TÔI ĐÃ LĂNG MẠ ANH,nóng giận tôi đã lần mà han
aligned_v1,vivos,phowhisper,base,tone_aware_lora,0.1,42,VIVOSDEV07_266_snr10,10,music,substitution,mạ,mà,5,5,nang,huyen,ma,ma,ma,ma,true,false,tone_substitution,,,false,false,false,false,NÓNG GIẬN TÔI ĐÃ LĂNG MẠ ANH,nóng giận tôi đã lăn mà anh
aligned_v1,vivos,phowhisper,base,tone_aware_lora,0.1,42,VIVOSDEV07_266_snr20,20,music,substitution,mạ,mà,5,5,nang,huyen,ma,ma,ma,ma,true,false,tone_substitution,,,false,false,false,false,NÓNG GIẬN TÔI ĐÃ LĂNG MẠ ANH,nóng giận tôi đã lăn mà anh
aligned_v1,vivos,phowhisper,base,tone_aware_lora,0.1,42,VIVOSDEV07_266_snr5,5,speech,substitution,mạ,mà,5,5,nang,huyen,ma,ma,ma,ma,true,false,tone_substitution,,,false,false,false,false,NÓNG GIẬN TÔI ĐÃ LĂNG MẠ ANH,nóng giận tôi đã lăn mà anh
aligned_v1,vivos,phowhisper,base,tone_aware_lora,0.1,42,VIVOSDEV08_005_snr20,20,noise,substitution,ấy,áy,3,3,sac,sac,ây,ay,ay,ay,false,true,,vowel_quality_loss,â→a,false,true,false,true,CÂY CỔ THỤ ẤY BẤT CHỢT BỊ BỆNH TẬT QUẬT NGÃ,cây cổ thụ áy bất chợt bị bệnh tật vật ngã
aligned_v1,vivos,phowhisper,base,tone_aware_lora,0.1,42,VIVOSDEV08_025_snr0,0,noise,substitution,ngẫm,ngắm,7,7,nga,sac,ngâm,ngăm,ngam,ngam,false,true,,vowel_quality_substitution,â→ă,false,false,false,false,ĐẠO DIỄN TRẺ NÀY CÓ NHIỀU ĐIỀU NGẪM NGỢI VỀ NGHỀ,đau diễn tả này có nhiều điều ngắm nghệ và nhờ
aligned_v1,vivos,phowhisper,base,tone_aware_lora,0.1,42,VIVOSDEV08_025_snr5,5,speech,substitution,ngẫm,ngắm,7,7,nga,sac,ngâm,ngăm,ngam,ngam,false,true,,vowel_quality_substitution,â→ă,false,false,false,false,ĐẠO DIỄN TRẺ NÀY CÓ NHIỀU ĐIỀU NGẪM NGỢI VỀ NGHỀ,đạo diễn trẻ này có nhiều điều ngắm lời vài nghề
aligned_v1,vivos,phowhisper,base,tone_aware_lora,0.1,42,VIVOSDEV08_053_snr0,0,speech,deletion,hoặc,,5,,nang,,hoăc,,hoac,,true,false,word_deletion,,,false,false,false,false,BỞI CƠ QUAN CHUYÊN MÔN HOẶC THUÊ TỔ CHỨC KIỂM TOÁN ĐỘC LẬP,với cơ quan chuyên môn thơ tổ chức kiểm toán học học
aligned_v1,vivos,phowhisper,base,tone_aware_lora,0.1,42,VIVOSDEV08_053_snr5,5,speech,substitution,độc,đọc,11,11,nang,nang,đôc,đoc,doc,doc,false,true,,vowel_quality_loss,ô→o,false,true,false,true,BỞI CƠ QUAN CHUYÊN MÔN HOẶC THUÊ TỔ CHỨC KIỂM TOÁN ĐỘC LẬP,bởi cơ quan chuyên môn thuộc thế giới tích trực tuyến đọc lắm
aligned_v1,vivos,phowhisper,base,tone_aware_lora,0.1,42,VIVOSDEV08_077_snr0,0,speech,substitution,đầu,đau,1,1,huyen,ngang,đâu,đau,dau,dau,false,true,,vowel_quality_loss,â→a,true,true,false,true,BUỔI ĐẦU THẬT KHÓ KHĂN THEO ĐUỔI CHƯƠNG TRÌNH HỌC,mỗi đau là khó khăn theo đuổi chân tình học
aligned_v1,vivos,phowhisper,base,tone_aware_lora,0.1,42,VIVOSDEV08_159_snr0,0,music,substitution,biên,biến,7,7,ngang,sac,biên,biên,bien,bien,true,false,tone_addition,,,false,false,false,false,VỚI NGƯỜI MẸ Ở XÓM CHÀI LONG BIÊN,với người mẹ ở xóm chài long biến
aligned_v1,vivos,phowhisper,base,tone_aware_lora,0.1,42,VIVOSDEV08_210_snr0,0,music,deletion,hai,,0,,ngang,,hai,,hai,,true,false,word_deletion,,,false,false,false,false,HAI MƯƠI SÁU HAI MƯƠI BẢY,áy sáu tháng mười bảy
aligned_v1,vivos,phowhisper,base,tone_aware_lora,0.1,42,VIVOSDEV08_210_snr0,0,music,substitution,mươi,mười,4,3,ngang,huyen,mươi,mươi,muoi,muoi,true,false,tone_addition,,,false,false,false,false,HAI MƯƠI SÁU HAI MƯƠI BẢY,áy sáu tháng mười bảy
aligned_v1,vivos,phowhisper,base,tone_aware_lora,0.1,42,VIVOSDEV08_270_snr0,0,speech,substitution,nói,nơi,0,0,sac,ngang,noi,nơi,noi,noi,false,true,,vowel_quality_addition,o→ơ,true,false,false,true,NÓI THẬT ĐẤY À,nơi thật tay à
aligned_v1,vivos,phowhisper,base,tone_aware_lora,0.1,42,VIVOSDEV08_277_snr0,0,music,substitution,để,đẻ,5,5,hoi,hoi,đê,đe,de,de,false,true,,vowel_quality_loss,ê→e,false,true,false,true,ĐÀN ÔNG CÓ HAI THỨ ĐỂ BUỒN,đàn ông với hai thứ đẻ buồn
aligned_v1,vivos,phowhisper,base,tone_aware_lora,0.1,42,VIVOSDEV08_295_snr0,0,music,substitution,sang,sáng,3,3,ngang,sac,sang,sang,sang,sang,true,false,tone_addition,,,false,false,false,false,GIÀU ĐỔI BẠN SANG ĐỔI VỢ,sao đổi bạn sáng đổi vợ
aligned_v1,vivos,phowhisper,base,tone_aware_lora,0.1,42,VIVOSDEV08_300_clean,clean,clean,substitution,tốc,tóc,5,5,sac,sac,tôc,toc,toc,toc,false,true,,vowel_quality_loss,ô→o,false,true,false,true,ÁN MẠNG TRÊN TOA TÀU TỐC HÀNH,án mạng trên toa tàu tóc hành
aligned_v1,vivos,phowhisper,base,tone_aware_lora,0.1,42,VIVOSDEV08_300_snr0,0,noise,substitution,hành,hạnh,6,6,huyen,nang,hanh,hanh,hanh,hanh,true,false,tone_substitution,,,false,false,false,false,ÁN MẠNG TRÊN TOA TÀU TỐC HÀNH,cán mẽ trên cấu tạo tấp hạnh
aligned_v1,vivos,phowhisper,base,tone_aware_lora,0.1,42,VIVOSDEV08_300_snr10,10,music,substitution,tốc,tóc,5,5,sac,sac,tôc,toc,toc,toc,false,true,,vowel_quality_loss,ô→o,false,true,false,true,ÁN MẠNG TRÊN TOA TÀU TỐC HÀNH,án mạng trên toa tàu tóc hành
aligned_v1,vivos,phowhisper,base,tone_aware_lora,0.1,42,VIVOSDEV08_300_snr20,20,speech,substitution,tốc,tóc,5,5,sac,sac,tôc,toc,toc,toc,false,true,,vowel_quality_loss,ô→o,false,true,false,true,ÁN MẠNG TRÊN TOA TÀU TỐC HÀNH,án mạng trên toa tàu tóc hành
aligned_v1,vivos,phowhisper,base,tone_aware_lora,0.1,42,VIVOSDEV08_300_snr5,5,noise,substitution,tốc,tóc,5,5,sac,sac,tôc,toc,toc,toc,false,true,,vowel_quality_loss,ô→o,false,true,false,true,ÁN MẠNG TRÊN TOA TÀU TỐC HÀNH,án mạng trên cao tàu tóc hành
aligned_v1,vivos,phowhisper,base,tone_aware_lora,0.1,42,VIVOSDEV09_035_clean,clean,clean,substitution,loáng,loang,0,0,sac,ngang,loang,loang,loang,loang,true,false,tone_loss,,,true,false,false,true,LOÁNG THOÁNG TRĂN TRỞ LOÁNG THOÁNG BUỒN VUI,loang thoáng chằng chợ loang thoáng buồn vui
aligned_v1,vivos,phowhisper,base,tone_aware_lora,0.1,42,VIVOSDEV09_035_clean,clean,clean,substitution,loáng,loang,4,4,sac,ngang,loang,loang,loang,loang,true,false,tone_loss,,,true,false,false,true,LOÁNG THOÁNG TRĂN TRỞ LOÁNG THOÁNG BUỒN VUI,loang thoáng chằng chợ loang thoáng buồn vui
aligned_v1,vivos,phowhisper,base,tone_aware_lora,0.1,42,VIVOSDEV09_035_snr0,0,noise,substitution,loáng,loang,0,0,sac,ngang,loang,loang,loang,loang,true,false,tone_loss,,,true,false,false,true,LOÁNG THOÁNG TRĂN TRỞ LOÁNG THOÁNG BUỒN VUI,loang thoáng trầm trả loang thoáng bùi vu
aligned_v1,vivos,phowhisper,base,tone_aware_lora,0.1,42,VIVOSDEV09_035_snr0,0,noise,substitution,loáng,loang,4,4,sac,ngang,loang,loang,loang,loang,true,false,tone_loss,,,true,false,false,true,LOÁNG THOÁNG TRĂN TRỞ LOÁNG THOÁNG BUỒN VUI,loang thoáng trầm trả loang thoáng bùi vu
aligned_v1,vivos,phowhisper,base,tone_aware_lora,0.1,42,VIVOSDEV09_035_snr10,10,noise,substitution,loáng,loang,0,0,sac,ngang,loang,loang,loang,loang,true,false,tone_loss,,,true,false,false,true,LOÁNG THOÁNG TRĂN TRỞ LOÁNG THOÁNG BUỒN VUI,loang thoáng chăn chở loang thoáng buồn vui
aligned_v1,vivos,phowhisper,base,tone_aware_lora,0.1,42,VIVOSDEV09_035_snr10,10,noise,substitution,loáng,loang,4,4,sac,ngang,loang,loang,loang,loang,true,false,tone_loss,,,true,false,false,true,LOÁNG THOÁNG TRĂN TRỞ LOÁNG THOÁNG BUỒN VUI,loang thoáng chăn chở loang thoáng buồn vui
aligned_v1,vivos,phowhisper,base,tone_aware_lora,0.1,42,VIVOSDEV09_035_snr20,20,noise,substitution,loáng,loang,0,0,sac,ngang,loang,loang,loang,loang,true,false,tone_loss,,,true,false,false,true,LOÁNG THOÁNG TRĂN TRỞ LOÁNG THOÁNG BUỒN VUI,loang thoáng trần trợ loang thoáng buồn vui
aligned_v1,vivos,phowhisper,base,tone_aware_lora,0.1,42,VIVOSDEV09_035_snr20,20,noise,substitution,trăn,trần,2,2,ngang,huyen,trăn,trân,tran,tran,false,true,,vowel_quality_substitution,ă→â,false,false,false,false,LOÁNG THOÁNG TRĂN TRỞ LOÁNG THOÁNG BUỒN VUI,loang thoáng trần trợ loang thoáng buồn vui
aligned_v1,vivos,phowhisper,base,tone_aware_lora,0.1,42,VIVOSDEV09_035_snr20,20,noise,substitution,trở,trợ,3,3,hoi,nang,trơ,trơ,tro,tro,true,false,tone_substitution,,,false,false,false,false,LOÁNG THOÁNG TRĂN TRỞ LOÁNG THOÁNG BUỒN VUI,loang thoáng trần trợ loang thoáng buồn vui
aligned_v1,vivos,phowhisper,base,tone_aware_lora,0.1,42,VIVOSDEV09_035_snr20,20,noise,substitution,loáng,loang,4,4,sac,ngang,loang,loang,loang,loang,true,false,tone_loss,,,true,false,false,true,LOÁNG THOÁNG TRĂN TRỞ LOÁNG THOÁNG BUỒN VUI,loang thoáng trần trợ loang thoáng buồn vui
aligned_v1,vivos,phowhisper,base,tone_aware_lora,0.1,42,VIVOSDEV09_035_snr5,5,noise,substitution,loáng,loang,0,0,sac,ngang,loang,loang,loang,loang,true,false,tone_loss,,,true,false,false,true,LOÁNG THOÁNG TRĂN TRỞ LOÁNG THOÁNG BUỒN VUI,loang thoáng chằng chợ loang thoáng buồn vui
aligned_v1,vivos,phowhisper,base,tone_aware_lora,0.1,42,VIVOSDEV09_035_snr5,5,noise,substitution,loáng,loang,4,4,sac,ngang,loang,loang,loang,loang,true,false,tone_loss,,,true,false,false,true,LOÁNG THOÁNG TRĂN TRỞ LOÁNG THOÁNG BUỒN VUI,loang thoáng chằng chợ loang thoáng buồn vui
aligned_v1,vivos,phowhisper,base,tone_aware_lora,0.1,42,VIVOSDEV09_038_snr0,0,speech,substitution,vũ,vụ,3,3,nga,nang,vu,vu,vu,vu,true,false,tone_substitution,,,false,false,false,false,PHÒNG TRÀ KHIÊU VŨ CÁNH QUẠT CỐI XAY ĐỎ,phòng trà yêu vụ khánh quản có say đỏ
aligned_v1,vivos,phowhisper,base,tone_aware_lora,0.1,42,VIVOSDEV09_038_snr5,5,noise,substitution,vũ,vụ,3,4,nga,nang,vu,vu,vu,vu,true,false,tone_substitution,,,false,false,false,false,PHÒNG TRÀ KHIÊU VŨ CÁNH QUẠT CỐI XAY ĐỎ,phòng phòng trà theo vụ cánh quạt có say đỏ
aligned_v1,vivos,phowhisper,base,tone_aware_lora,0.1,42,VIVOSDEV09_081_snr0,0,noise,deletion,ráo,,2,,sac,,rao,,rao,,true,false,word_deletion,,,false,false,false,false,ĐƯỢC MỸ RÁO RIẾT TUNG RA,được mỹ lác với côngura
aligned_v1,vivos,phowhisper,base,tone_aware_lora,0.1,42,VIVOSDEV09_098_snr0,0,music,substitution,cả,cá,1,1,hoi,sac,ca,ca,ca,ca,true,false,tone_substitution,,,false,false,false,false,KHIẾN CẢ HAI PHẢI GIẬN HỜN VÔ LÝ,khiến cá hai phải dạy hằng vô lý
aligned_v1,vivos,phowhisper,base,tone_aware_lora,0.1,42,VIVOSDEV09_144_snr0,0,noise,substitution,chăn,chân,4,4,ngang,ngang,chăn,chân,chan,chan,false,true,,vowel_quality_substitution,ă→â,false,false,false,false,ĐƯỢC CẮT TỪ VỎ CHĂN BỘ ĐỘI CŨ CỦA CÁC ÔNG BỐ RA,được các từ vỏ chân bộ đội cũ của các ông bố ra
aligned_v1,vivos,phowhisper,base,tone_aware_lora,0.1,42,VIVOSDEV09_163_clean,clean,clean,deletion,quá,,9,,sac,,qua,,qua,,true,false,word_deletion,,,false,false,false,false,ĐIỀU VÔ CÙNG QUAN TRỌNG TRONG THỜI ĐẠI CÓ QUÁ NHIỀU HOẠT ĐỘNG,điều vô cùng quan trọng trong thời đại có nhiều hoạt động
aligned_v1,vivos,phowhisper,base,tone_aware_lora,0.1,42,VIVOSDEV09_163_snr0,0,speech,deletion,quá,,9,,sac,,qua,,qua,,true,false,word_deletion,,,false,false,false,false,ĐIỀU VÔ CÙNG QUAN TRỌNG TRONG THỜI ĐẠI CÓ QUÁ NHIỀU HOẠT ĐỘNG,điều vô cùng quan trọng trong thời đại có nhiều hoạt động
aligned_v1,vivos,phowhisper,base,tone_aware_lora,0.1,42,VIVOSDEV09_163_snr10,10,noise,deletion,quá,,9,,sac,,qua,,qua,,true,false,word_deletion,,,false,false,false,false,ĐIỀU VÔ CÙNG QUAN TRỌNG TRONG THỜI ĐẠI CÓ QUÁ NHIỀU HOẠT ĐỘNG,điều vô cùng quan trọng trong thời đại có nhiều hoạt động
aligned_v1,vivos,phowhisper,base,tone_aware_lora,0.1,42,VIVOSDEV09_163_snr20,20,speech,deletion,quá,,9,,sac,,qua,,qua,,true,false,word_deletion,,,false,false,false,false,ĐIỀU VÔ CÙNG QUAN TRỌNG TRONG THỜI ĐẠI CÓ QUÁ NHIỀU HOẠT ĐỘNG,điều vô cùng quan trọng trong thời đại có nhiều hoạt động
aligned_v1,vivos,phowhisper,base,tone_aware_lora,0.1,42,VIVOSDEV09_163_snr5,5,noise,deletion,quá,,9,,sac,,qua,,qua,,true,false,word_deletion,,,false,false,false,false,ĐIỀU VÔ CÙNG QUAN TRỌNG TRONG THỜI ĐẠI CÓ QUÁ NHIỀU HOẠT ĐỘNG,điều vô cùng quan trọng trong thời đại có nhiều hoạt động
aligned_v1,vivos,phowhisper,base,tone_aware_lora,0.1,42,VIVOSDEV09_168_clean,clean,clean,substitution,mỗi,mọi,0,0,nga,nang,môi,moi,moi,moi,false,true,,vowel_quality_loss,ô→o,false,true,false,true,MỖI NGƯỜI CHÚNG TA SẼ CÓ NHỮNG THỨ KHÁC NHAU,mọi người chúng ta sẽ có những thứ khác nhau
aligned_v1,vivos,phowhisper,base,tone_aware_lora,0.1,42,VIVOSDEV09_168_snr0,0,noise,substitution,mỗi,mọi,0,0,nga,nang,môi,moi,moi,moi,false,true,,vowel_quality_loss,ô→o,false,true,false,true,MỖI NGƯỜI CHÚNG TA SẼ CÓ NHỮNG THỨ KHÁC NHAU,mọi người chúng ta sẽ có những thứ khác nhau
aligned_v1,vivos,phowhisper,base,tone_aware_lora,0.1,42,VIVOSDEV09_168_snr10,10,music,substitution,mỗi,mọi,0,0,nga,nang,môi,moi,moi,moi,false,true,,vowel_quality_loss,ô→o,false,true,false,true,MỖI NGƯỜI CHÚNG TA SẼ CÓ NHỮNG THỨ KHÁC NHAU,mọi người chúng ta sẽ khó những thứ khác nhau
aligned_v1,vivos,phowhisper,base,tone_aware_lora,0.1,42,VIVOSDEV09_168_snr5,5,noise,substitution,mỗi,mọi,0,0,nga,nang,môi,moi,moi,moi,false,true,,vowel_quality_loss,ô→o,false,true,false,true,MỖI NGƯỜI CHÚNG TA SẼ CÓ NHỮNG THỨ KHÁC NHAU,mọi người chúng ta sẽ có những thứ khác nhau
aligned_v1,vivos,phowhisper,base,tone_aware_lora,0.1,42,VIVOSDEV09_194_snr5,5,speech,substitution,vằng,vàng,6,6,huyen,huyen,văng,vang,vang,vang,false,true,,vowel_quality_loss,ă→a,false,true,false,true,TRÊN BẦU TRỜI ÁNH TRĂNG SÁNG VẰNG VẶC,trên bầu trời ánh trăng sáng vàng vặc
aligned_v1,vivos,phowhisper,base,tone_aware_lora,0.1,42,VIVOSDEV09_203_snr0,0,speech,substitution,mười,mươi,3,3,huyen,ngang,mươi,mươi,muoi,muoi,true,false,tone_loss,,,true,false,false,true,TÁM CHÍN MƯỜI MƯỜI MỘT,tám chín mười mươi một
aligned_v1,vivos,phowhisper,base,tone_aware_lora,0.1,42,VIVOSDEV09_246_snr5,5,music,substitution,mươi,mười,1,1,ngang,huyen,mươi,mươi,muoi,muoi,true,false,tone_addition,,,false,false,false,false,CHÍN MƯƠI TÁM CHÍN MƯƠI CHÍN,thứ mười tám chín mười chín
aligned_v1,vivos,phowhisper,base,tone_aware_lora,0.1,42,VIVOSDEV09_246_snr5,5,music,substitution,mươi,mười,4,4,ngang,huyen,mươi,mươi,muoi,muoi,true,false,tone_addition,,,false,false,false,false,CHÍN MƯƠI TÁM CHÍN MƯƠI CHÍN,thứ mười tám chín mười chín
aligned_v1,vivos,phowhisper,base,tone_aware_lora,0.1,42,VIVOSDEV09_267_clean,clean,clean,substitution,có,cố,6,6,sac,sac,co,cô,co,co,false,true,,vowel_quality_addition,o→ô,false,false,false,false,CĂN NHÀ ĐẰNG KIA NGHE NÓI CÓ MA,căn nhà đằng kiên nghe nói cố ma
aligned_v1,vivos,phowhisper,base,tone_aware_lora,0.1,42,VIVOSDEV09_267_snr10,10,music,substitution,có,cố,6,6,sac,sac,co,cô,co,co,false,true,,vowel_quality_addition,o→ô,false,false,false,false,CĂN NHÀ ĐẰNG KIA NGHE NÓI CÓ MA,căn nhà đằng kia nghe nói cố ma
aligned_v1,vivos,phowhisper,base,tone_aware_lora,0.1,42,VIVOSDEV09_267_snr20,20,music,substitution,có,cố,6,6,sac,sac,co,cô,co,co,false,true,,vowel_quality_addition,o→ô,false,false,false,false,CĂN NHÀ ĐẰNG KIA NGHE NÓI CÓ MA,căn nhà đằng kiên nghe nói cố ma
aligned_v1,vivos,phowhisper,base,tone_aware_lora,0.1,42,VIVOSDEV09_267_snr5,5,music,substitution,có,cố,6,6,sac,sac,co,cô,co,co,false,true,,vowel_quality_addition,o→ô,false,false,false,false,CĂN NHÀ ĐẰNG KIA NGHE NÓI CÓ MA,căn nhà đằng kia nghe nói cố ma
aligned_v1,vivos,phowhisper,base,tone_aware_lora,0.1,42,VIVOSDEV09_288_snr10,10,noise,substitution,du,dù,6,8,ngang,huyen,du,du,du,du,true,false,tone_addition,,,false,false,false,false,CHẮC SẮP TỚI THU XẾP ĐI DU LỊCH THÔI,chắc sắp tới thu xếp đi dù được dù gặp thôi
aligned_v1,vivos,phowhisper,base,tone_aware_lora,0.1,42,VIVOSDEV10_024_snr0,0,noise,substitution,phay,phây,5,5,ngang,ngang,phay,phây,phay,phay,false,true,,vowel_quality_addition,a→â,false,false,false,false,NGOÀI TRỜI MƯA CỨ LAY PHAY RẮC HẠT,ngoài trời mưa tới đây phây rất hạt
aligned_v1,vivos,phowhisper,base,tone_aware_lora,0.1,42,VIVOSDEV10_024_snr5,5,noise,substitution,phay,phây,5,5,ngang,ngang,phay,phây,phay,phay,false,true,,vowel_quality_addition,a→â,false,false,false,false,NGOÀI TRỜI MƯA CỨ LAY PHAY RẮC HẠT,ngoài trời mưa tới đây phây gắt hạt
aligned_v1,vivos,phowhisper,base,tone_aware_lora,0.1,42,VIVOSDEV10_045_snr0,0,speech,substitution,trong,trông,3,3,ngang,ngang,trong,trông,trong,trong,false,true,,vowel_quality_addition,o→ô,false,false,false,false,TÔI LỚN LÊN TRONG SỰ GHẺ LẠNH CỦA NGƯỜI MẸ KẾ,tôi lớn lên trông sợ gẻ ảnh của người mẹ kể
aligned_v1,vivos,phowhisper,base,tone_aware_lora,0.1,42,VIVOSDEV10_045_snr0,0,speech,substitution,kế,kể,10,10,sac,hoi,kê,kê,ke,ke,true,false,tone_substitution,,,false,false,false,false,TÔI LỚN LÊN TRONG SỰ GHẺ LẠNH CỦA NGƯỜI MẸ KẾ,tôi lớn lên trông sợ gẻ ảnh của người mẹ kể
aligned_v1,vivos,phowhisper,base,tone_aware_lora,0.1,42,VIVOSDEV10_067_clean,clean,clean,substitution,ân,ận,4,4,ngang,nang,ân,ân,an,an,true,false,tone_addition,,,false,false,false,false,THẾ NHƯNG TÔI KHÔNG ÂN HẬN KHI TRỞ THÀNH ĐẢ NỮ,thế nhưng cùi hông ận hận khi trở thành đã ngử
aligned_v1,vivos,phowhisper,base,tone_aware_lora,0.1,42,VIVOSDEV10_067_clean,clean,clean,substitution,đả,đã,9,9,hoi,nga,đa,đa,da,da,true,false,tone_substitution,,,false,false,false,false,THẾ NHƯNG TÔI KHÔNG ÂN HẬN KHI TRỞ THÀNH ĐẢ NỮ,thế nhưng cùi hông ận hận khi trở thành đã ngử
aligned_v1,vivos,phowhisper,base,tone_aware_lora,0.1,42,VIVOSDEV10_067_snr0,0,noise,substitution,đả,đã,9,9,hoi,nga,đa,đa,da,da,true,false,tone_substitution,,,false,false,false,false,THẾ NHƯNG TÔI KHÔNG ÂN HẬN KHI TRỞ THÀNH ĐẢ NỮ,thế nhưng cùi hông ân hận thì chở hạnh đã ngử
aligned_v1,vivos,phowhisper,base,tone_aware_lora,0.1,42,VIVOSDEV10_067_snr10,10,noise,substitution,đả,đã,9,9,hoi,nga,đa,đa,da,da,true,false,tone_substitution,,,false,false,false,false,THẾ NHƯNG TÔI KHÔNG ÂN HẬN KHI TRỞ THÀNH ĐẢ NỮ,thế nhưng cùi hông ân hận thì chở hạnh đã ngử
aligned_v1,vivos,phowhisper,base,tone_aware_lora,0.1,42,VIVOSDEV10_067_snr20,20,noise,substitution,đả,đã,9,9,hoi,nga,đa,đa,da,da,true,false,tone_substitution,,,false,false,false,false,THẾ NHƯNG TÔI KHÔNG ÂN HẬN KHI TRỞ THÀNH ĐẢ NỮ,thế nhưng cùi hông ảnh hận khi trở thành đã ngử
aligned_v1,vivos,phowhisper,base,tone_aware_lora,0.1,42,VIVOSDEV10_067_snr5,5,music,substitution,đả,đã,9,9,hoi,nga,đa,đa,da,da,true,false,tone_substitution,,,false,false,false,false,THẾ NHƯNG TÔI KHÔNG ÂN HẬN KHI TRỞ THÀNH ĐẢ NỮ,thế nhưng tôi không ân hận khi trở thành đã ngữ
aligned_v1,vivos,phowhisper,base,tone_aware_lora,0.1,42,VIVOSDEV10_072_clean,clean,clean,substitution,đồng,động,2,2,huyen,nang,đông,đông,dong,dong,true,false,tone_substitution,,,false,false,false,false,TÔI THẤY ĐỒNG LƯƠNG CỦA MÌNH NĂM NĂM RỒI VẪN ĐỨNG NGUYÊN,cùi thấy động đương của mình ngâm ngâm rồi vẫn ứng nguyên
aligned_v1,vivos,phowhisper,base,tone_aware_lora,0.1,42,VIVOSDEV10_072_snr10,10,speech,substitution,đồng,động,2,2,huyen,nang,đông,đông,dong,dong,true,false,tone_substitution,,,false,false,false,false,TÔI THẤY ĐỒNG LƯƠNG CỦA MÌNH NĂM NĂM RỒI VẪN ĐỨNG NGUYÊN,cụ thấy động đương của mình năm năm rồi vẫn ứng nguyên
aligned_v1,vivos,phowhisper,base,tone_aware_lora,0.1,42,VIVOSDEV10_072_snr20,20,speech,substitution,đồng,động,2,2,huyen,nang,đông,đông,dong,dong,true,false,tone_substitution,,,false,false,false,false,TÔI THẤY ĐỒNG LƯƠNG CỦA MÌNH NĂM NĂM RỒI VẪN ĐỨNG NGUYÊN,cô thấy động đương của mình ngâm ngâm rồi vẫn ứng nguyên
aligned_v1,vivos,phowhisper,base,tone_aware_lora,0.1,42,VIVOSDEV10_072_snr5,5,noise,substitution,đồng,động,2,2,huyen,nang,đông,đông,dong,dong,true,false,tone_substitution,,,false,false,false,false,TÔI THẤY ĐỒNG LƯƠNG CỦA MÌNH NĂM NĂM RỒI VẪN ĐỨNG NGUYÊN,cô thấy động đương của mình ngâm ngâm rồi vẫn ứng ứng nguyên
aligned_v1,vivos,phowhisper,base,tone_aware_lora,0.1,42,VIVOSDEV10_073_snr10,10,music,substitution,bạo,bảo,4,4,nang,hoi,bao,bao,bao,bao,true,false,tone_substitution,,,false,false,false,false,ĐỂ CHẤM DỨT NẠN BẠO HÀNH TRONG GIA ĐÌNH,để cấm dứt ngạn bảo hành công gia đình
aligned_v1,vivos,phowhisper,base,tone_aware_lora,0.1,42,VIVOSDEV10_140_clean,clean,clean,substitution,cồm,còm,3,3,huyen,huyen,côm,com,com,com,false,true,,vowel_quality_loss,ô→o,false,true,false,true,CHÀNG TRAI LỒM CỒM BÒ DẬY MẶT MÀY XANH LÉT NHƯ TÀU LÁ CHUỐI,chàng trai đờm còm bò dậy mạch mày xanh đét như cào áo chuối
aligned_v1,vivos,phowhisper,base,tone_aware_lora,0.1,42,VIVOSDEV10_140_snr0,0,noise,substitution,cồm,còm,3,3,huyen,huyen,côm,com,com,com,false,true,,vowel_quality_loss,ô→o,false,true,false,true,CHÀNG TRAI LỒM CỒM BÒ DẬY MẶT MÀY XANH LÉT NHƯ TÀU LÁ CHUỐI,chàng trai đợm còm bồi dậy mảnh mày xanh bé như cào gác chuối
aligned_v1,vivos,phowhisper,base,tone_aware_lora,0.1,42,VIVOSDEV10_140_snr10,10,speech,substitution,cồm,còm,3,3,huyen,huyen,côm,com,com,com,false,true,,vowel_quality_loss,ô→o,false,true,false,true,CHÀNG TRAI LỒM CỒM BÒ DẬY MẶT MÀY XANH LÉT NHƯ TÀU LÁ CHUỐI,chàng trai đợm còm bồi dỉ mặt mày xanh đét như cào lá chuối
aligned_v1,vivos,phowhisper,base,tone_aware_lora,0.1,42,VIVOSDEV10_140_snr20,20,noise,substitution,cồm,còm,3,3,huyen,huyen,côm,com,com,com,false,true,,vowel_quality_loss,ô→o,false,true,false,true,CHÀNG TRAI LỒM CỒM BÒ DẬY MẶT MÀY XANH LÉT NHƯ TÀU LÁ CHUỐI,chàng trai đợm còm bò dậy mạch mày xanh đét như cào áo chuối
aligned_v1,vivos,phowhisper,base,tone_aware_lora,0.1,42,VIVOSDEV10_140_snr5,5,noise,substitution,cồm,còm,3,3,huyen,huyen,côm,com,com,com,false,true,,vowel_quality_loss,ô→o,false,true,false,true,CHÀNG TRAI LỒM CỒM BÒ DẬY MẶT MÀY XANH LÉT NHƯ TÀU LÁ CHUỐI,chàng trai đợp còm bồi dậy mạch mạch xanh đét như cào áo chuối
aligned_v1,vivos,phowhisper,base,tone_aware_lora,0.1,42,VIVOSDEV10_176_clean,clean,clean,substitution,đám,đắm,5,5,sac,sac,đam,đăm,dam,dam,false,true,,vowel_quality_addition,a→ă,false,false,false,false,TRONG TÌNH THẾ ẤY CHỈ ĐÁM TRẺ VEN SÔNG,trong tình thế ấy chỉ đắm trẻ ven sông
aligned_v1,vivos,phowhisper,base,tone_aware_lora,0.1,42,VIVOSDEV10_176_snr5,5,music,substitution,đám,đâm,5,5,sac,ngang,đam,đâm,dam,dam,false,true,,vowel_quality_addition,a→â,true,false,false,true,TRONG TÌNH THẾ ẤY CHỈ ĐÁM TRẺ VEN SÔNG,trong tình thế ấy chỉ đâm trẻ ven sông
aligned_v1,vivos,phowhisper,base,tone_aware_lora,0.1,42,VIVOSDEV10_189_snr5,5,noise,substitution,nha,nhà,3,3,ngang,huyen,nha,nha,nha,nha,true,false,tone_addition,,,false,false,false,false,NẾU ĐI TIẾP NHA TRANG,nếu huy tiếp nhà trang
aligned_v1,vivos,phowhisper,base,tone_aware_lora,0.1,42,VIVOSDEV11_022_clean,clean,clean,deletion,giảm,,2,,hoi,,giam,,giam,,true,false,word_deletion,,,false,false,false,false,SẼ LÀM GIẢM TÌNH TRẠNG ÓI ỌC CỦA TRẺ,sẽ làm tình trạng ối ọc của trẻ
aligned_v1,vivos,phowhisper,base,tone_aware_lora,0.1,42,VIVOSDEV11_022_clean,clean,clean,substitution,ói,ối,5,4,sac,sac,oi,ôi,oi,oi,false,true,,vowel_quality_addition,o→ô,false,false,false,false,SẼ LÀM GIẢM TÌNH TRẠNG ÓI ỌC CỦA TRẺ,sẽ làm tình trạng ối ọc của trẻ
aligned_v1,vivos,phowhisper,base,tone_aware_lora,0.1,42,VIVOSDEV11_022_snr0,0,speech,deletion,giảm,,2,,hoi,,giam,,giam,,true,false,word_deletion,,,false,false,false,false,SẼ LÀM GIẢM TÌNH TRẠNG ÓI ỌC CỦA TRẺ,sẽ làm tình trạng ối ọc của trẻ
aligned_v1,vivos,phowhisper,base,tone_aware_lora,0.1,42,VIVOSDEV11_022_snr0,0,speech,substitution,ói,ối,5,4,sac,sac,oi,ôi,oi,oi,false,true,,vowel_quality_addition,o→ô,false,false,false,false,SẼ LÀM GIẢM TÌNH TRẠNG ÓI ỌC CỦA TRẺ,sẽ làm tình trạng ối ọc của trẻ
aligned_v1,vivos,phowhisper,base,tone_aware_lora,0.1,42,VIVOSDEV11_022_snr10,10,noise,deletion,giảm,,2,,hoi,,giam,,giam,,true,false,word_deletion,,,false,false,false,false,SẼ LÀM GIẢM TÌNH TRẠNG ÓI ỌC CỦA TRẺ,sẽ làm tình trạng oi ọc của trẻ
aligned_v1,vivos,phowhisper,base,tone_aware_lora,0.1,42,VIVOSDEV11_022_snr10,10,noise,substitution,ói,oi,5,4,sac,ngang,oi,oi,oi,oi,true,false,tone_loss,,,true,false,false,true,SẼ LÀM GIẢM TÌNH TRẠNG ÓI ỌC CỦA TRẺ,sẽ làm tình trạng oi ọc của trẻ
aligned_v1,vivos,phowhisper,base,tone_aware_lora,0.1,42,VIVOSDEV11_022_snr20,20,music,deletion,giảm,,2,,hoi,,giam,,giam,,true,false,word_deletion,,,false,false,false,false,SẼ LÀM GIẢM TÌNH TRẠNG ÓI ỌC CỦA TRẺ,sẽ làm tình trạng ói óc của trẻ
aligned_v1,vivos,phowhisper,base,tone_aware_lora,0.1,42,VIVOSDEV11_022_snr20,20,music,substitution,ọc,óc,6,5,nang,sac,oc,oc,oc,oc,true,false,tone_substitution,,,false,false,false,false,SẼ LÀM GIẢM TÌNH TRẠNG ÓI ỌC CỦA TRẺ,sẽ làm tình trạng ói óc của trẻ
aligned_v1,vivos,phowhisper,base,tone_aware_lora,0.1,42,VIVOSDEV11_022_snr5,5,noise,deletion,giảm,,2,,hoi,,giam,,giam,,true,false,word_deletion,,,false,false,false,false,SẼ LÀM GIẢM TÌNH TRẠNG ÓI ỌC CỦA TRẺ,sẽ làm tình trạng ối ọc của trẻ
aligned_v1,vivos,phowhisper,base,tone_aware_lora,0.1,42,VIVOSDEV11_022_snr5,5,noise,substitution,ói,ối,5,4,sac,sac,oi,ôi,oi,oi,false,true,,vowel_quality_addition,o→ô,false,false,false,false,SẼ LÀM GIẢM TÌNH TRẠNG ÓI ỌC CỦA TRẺ,sẽ làm tình trạng ối ọc của trẻ
aligned_v1,vivos,phowhisper,base,tone_aware_lora,0.1,42,VIVOSDEV11_095_snr0,0,speech,substitution,thứ,thử,1,2,sac,hoi,thư,thư,thu,thu,true,false,tone_substitution,,,false,false,false,false,MỌI THỨ ĐỀU ĐƯỢC MỔ XẺ LẠI,tím sôi thử đều được mổ xẻ lại
aligned_v1,vivos,phowhisper,base,tone_aware_lora,0.1,42,VIVOSDEV11_136_clean,clean,clean,substitution,hộ,hổ,4,4,nang,hoi,hô,hô,ho,ho,true,false,tone_substitution,,,false,false,false,false,KHI NHÂN VIÊN CỨU HỘ CỐ GẮNG ĐƯA NÓ LÊN SÀ LAN,khi nhân viên cứu hổ cố gắng đưa nó lên xà lan
aligned_v1,vivos,phowhisper,base,tone_aware_lora,0.1,42,VIVOSDEV11_136_snr0,0,noise,substitution,hộ,hổ,4,4,nang,hoi,hô,hô,ho,ho,true,false,tone_substitution,,,false,false,false,false,KHI NHÂN VIÊN CỨU HỘ CỐ GẮNG ĐƯA NÓ LÊN SÀ LAN,khi nhân viên cứu hổ cố gắt đưa nó lên xà lan
aligned_v1,vivos,phowhisper,base,tone_aware_lora,0.1,42,VIVOSDEV11_136_snr5,5,speech,substitution,hộ,hổ,4,4,nang,hoi,hô,hô,ho,ho,true,false,tone_substitution,,,false,false,false,false,KHI NHÂN VIÊN CỨU HỘ CỐ GẮNG ĐƯA NÓ LÊN SÀ LAN,khi nhân viên cứu hổ cố gắng đưa nó lên xà lan
aligned_v1,vivos,phowhisper,base,tone_aware_lora,0.1,42,VIVOSDEV11_147_clean,clean,clean,substitution,lua,lùa,11,11,ngang,huyen,lua,lua,lua,lua,true,false,tone_addition,,,false,false,false,false,GẮN LÔNG CHIM HỘT ĐÁ LÓNG LÁNH HAY BÈO DÚN TÙA LUA ĐẦY CỔ,gắn lông chim hột đá lóng lánh hay bèo dướt tù lùa đầy cổ
aligned_v1,vivos,phowhisper,base,tone_aware_lora,0.1,42,VIVOSDEV11_147_snr0,0,noise,substitution,chim,chìm,2,2,ngang,huyen,chim,chim,chim,chim,true,false,tone_addition,,,false,false,false,false,GẮN LÔNG CHIM HỘT ĐÁ LÓNG LÁNH HAY BÈO DÚN TÙA LUA ĐẦY CỔ,gắn lông chìm hột đá nóng lánh hay bèo dưới tù lùa đầy khổ
aligned_v1,vivos,phowhisper,base,tone_aware_lora,0.1,42,VIVOSDEV11_147_snr0,0,noise,substitution,lua,lùa,11,11,ngang,huyen,lua,lua,lua,lua,true,false,tone_addition,,,false,false,false,false,GẮN LÔNG CHIM HỘT ĐÁ LÓNG LÁNH HAY BÈO DÚN TÙA LUA ĐẦY CỔ,gắn lông chìm hột đá nóng lánh hay bèo dưới tù lùa đầy khổ
aligned_v1,vivos,phowhisper,base,tone_aware_lora,0.1,42,VIVOSDEV11_147_snr5,5,music,substitution,lua,lùa,11,11,ngang,huyen,lua,lua,lua,lua,true,false,tone_addition,,,false,false,false,false,GẮN LÔNG CHIM HỘT ĐÁ LÓNG LÁNH HAY BÈO DÚN TÙA LUA ĐẦY CỔ,gắn lông kem hột đá nóng lánh hay bèo dướt tùa lùa đầy cổ
aligned_v1,vivos,phowhisper,base,tone_aware_lora,0.1,42,VIVOSDEV11_198_snr0,0,noise,substitution,lơ,lờ,0,0,ngang,huyen,lơ,lơ,lo,lo,true,false,tone_addition,,,false,false,false,false,LƠ LỬNG TRÊN ĐẦU LÀ NHỮNG CHIẾC BẪY ĐÁ HÀNG TRĂM KHỐI,lờ lẫn trên đầu là những chiếc bẫy đá hàng trăm khối
aligned_v1,vivos,phowhisper,base,tone_aware_lora,0.1,42,VIVOSDEV11_198_snr5,5,music,substitution,lơ,lờ,0,0,ngang,huyen,lơ,lơ,lo,lo,true,false,tone_addition,,,false,false,false,false,LƠ LỬNG TRÊN ĐẦU LÀ NHỮNG CHIẾC BẪY ĐÁ HÀNG TRĂM KHỐI,lờ lửng trên đầu là những chiếc bẫy đá hàng trăm khối
aligned_v1,vivos,phowhisper,base,tone_aware_lora,0.1,42,VIVOSDEV12_006_clean,clean,clean,substitution,quá,qua,4,4,sac,ngang,qua,qua,qua,qua,true,false,tone_loss,,,true,false,false,true,TỪ SỰ DƯ THỪA QUÁ MỨC CỦA LUỒNG TIỀN NÀY,từ sự dư thừa qua mức của luồng tiền này
aligned_v1,vivos,phowhisper,base,tone_aware_lora,0.1,42,VIVOSDEV12_006_snr0,0,noise,substitution,quá,qua,4,4,sac,ngang,qua,qua,qua,qua,true,false,tone_loss,,,true,false,false,true,TỪ SỰ DƯ THỪA QUÁ MỨC CỦA LUỒNG TIỀN NÀY,từ sự dư thừa qua mức vỗ lượn tiền này
aligned_v1,vivos,phowhisper,base,tone_aware_lora,0.1,42,VIVOSDEV12_006_snr10,10,noise,substitution,quá,qua,4,4,sac,ngang,qua,qua,qua,qua,true,false,tone_loss,,,true,false,false,true,TỪ SỰ DƯ THỪA QUÁ MỨC CỦA LUỒNG TIỀN NÀY,từ sự dư thừa qua mức của luồng tiền này
aligned_v1,vivos,phowhisper,base,tone_aware_lora,0.1,42,VIVOSDEV12_006_snr20,20,music,substitution,quá,qua,4,4,sac,ngang,qua,qua,qua,qua,true,false,tone_loss,,,true,false,false,true,TỪ SỰ DƯ THỪA QUÁ MỨC CỦA LUỒNG TIỀN NÀY,từ sự dư thừa qua mức của luồng tiền này
aligned_v1,vivos,phowhisper,base,tone_aware_lora,0.1,42,VIVOSDEV12_068_snr0,0,speech,substitution,mà,mạ,5,5,huyen,nang,ma,ma,ma,ma,true,false,tone_substitution,,,false,false,false,false,KHÔNG MỘT CHÚT TRẦY TRỤA MÀ ĐỀN CÁI GÌ,khâu một chút chạy trổ mạ đệ
aligned_v1,vivos,phowhisper,base,tone_aware_lora,0.1,42,VIVOSDEV12_068_snr0,0,speech,deletion,đền,,6,,huyen,,đên,,den,,true,false,word_deletion,,,false,false,false,false,KHÔNG MỘT CHÚT TRẦY TRỤA MÀ ĐỀN CÁI GÌ,khâu một chút chạy trổ mạ đệ
aligned_v1,vivos,phowhisper,base,tone_aware_lora,0.1,42,VIVOSDEV12_068_snr0,0,speech,deletion,cái,,7,,sac,,cai,,cai,,true,false,word_deletion,,,false,false,false,false,KHÔNG MỘT CHÚT TRẦY TRỤA MÀ ĐỀN CÁI GÌ,khâu một chút chạy trổ mạ đệ
aligned_v1,vivos,phowhisper,base,tone_aware_lora,0.1,42,VIVOSDEV12_116_snr0,0,noise,substitution,ảo,ào,5,5,hoi,huyen,ao,ao,ao,ao,true,false,tone_substitution,,,false,false,false,false,DƯỚI ÁNH ĐÈN MỜ MỜ ẢO ẢO,dưới ánh đèn mờ mờ ào ào
aligned_v1,vivos,phowhisper,base,tone_aware_lora,0.1,42,VIVOSDEV12_116_snr0,0,noise,substitution,ảo,ào,6,6,hoi,huyen,ao,ao,ao,ao,true,false,tone_substitution,,,false,false,false,false,DƯỚI ÁNH ĐÈN MỜ MỜ ẢO ẢO,dưới ánh đèn mờ mờ ào ào
aligned_v1,vivos,phowhisper,base,tone_aware_lora,0.1,42,VIVOSDEV12_116_snr5,5,music,substitution,ảo,ào,5,5,hoi,huyen,ao,ao,ao,ao,true,false,tone_substitution,,,false,false,false,false,DƯỚI ÁNH ĐÈN MỜ MỜ ẢO ẢO,dưới ánh đèn mờ mờ ào ảo
aligned_v1,vivos,phowhisper,base,tone_aware_lora,0.1,42,VIVOSDEV12_166_snr10,10,speech,deletion,ục,,4,,nang,,uc,,uc,,true,false,word_deletion,,,false,false,false,false,ỊCH GÃ TO BÉO ỤC ỊCH,ít gã to béo úp
aligned_v1,vivos,phowhisper,base,tone_aware_lora,0.1,42,VIVOSDEV12_166_snr20,20,speech,deletion,ịch,,5,,nang,,ich,,ich,,true,false,word_deletion,,,false,false,false,false,ỊCH GÃ TO BÉO ỤC ỊCH,ịch gã to béo ục
aligned_v1,vivos,phowhisper,base,tone_aware_lora,0.1,42,VIVOSDEV12_166_snr5,5,noise,deletion,ịch,,5,,nang,,ich,,ich,,true,false,word_deletion,,,false,false,false,false,ỊCH GÃ TO BÉO ỤC ỊCH,ịch gã to béo ục
aligned_v1,vivos,phowhisper,base,tone_aware_lora,0.1,42,VIVOSDEV12_169_clean,clean,clean,substitution,lươm,luôm,2,2,ngang,ngang,lươm,luôm,luom,luom,false,true,,vowel_quality_substitution,ư→u;ơ→ô,false,true,false,true,ÁO RÁCH LƯƠM BƯƠM,áo rách luôm buôm
aligned_v1,vivos,phowhisper,base,tone_aware_lora,0.1,42,VIVOSDEV12_169_clean,clean,clean,substitution,bươm,buôm,3,3,ngang,ngang,bươm,buôm,buom,buom,false,true,,vowel_quality_substitution,ư→u;ơ→ô,false,true,false,true,ÁO RÁCH LƯƠM BƯƠM,áo rách luôm buôm
aligned_v1,vivos,phowhisper,base,tone_aware_lora,0.1,42,VIVOSDEV12_169_snr0,0,noise,substitution,lươm,luôm,2,2,ngang,ngang,lươm,luôm,luom,luom,false,true,,vowel_quality_substitution,ư→u;ơ→ô,false,true,false,true,ÁO RÁCH LƯƠM BƯƠM,áo rách luôm buôm
aligned_v1,vivos,phowhisper,base,tone_aware_lora,0.1,42,VIVOSDEV12_169_snr0,0,noise,substitution,bươm,buôm,3,3,ngang,ngang,bươm,buôm,buom,buom,false,true,,vowel_quality_substitution,ư→u;ơ→ô,false,true,false,true,ÁO RÁCH LƯƠM BƯƠM,áo rách luôm buôm
aligned_v1,vivos,phowhisper,base,tone_aware_lora,0.1,42,VIVOSDEV12_169_snr20,20,noise,substitution,lươm,luôm,2,2,ngang,ngang,lươm,luôm,luom,luom,false,true,,vowel_quality_substitution,ư→u;ơ→ô,false,true,false,true,ÁO RÁCH LƯƠM BƯƠM,áo rách luôm buôm
aligned_v1,vivos,phowhisper,base,tone_aware_lora,0.1,42,VIVOSDEV12_169_snr20,20,noise,substitution,bươm,buôm,3,3,ngang,ngang,bươm,buôm,buom,buom,false,true,,vowel_quality_substitution,ư→u;ơ→ô,false,true,false,true,ÁO RÁCH LƯƠM BƯƠM,áo rách luôm buôm
aligned_v1,vivos,phowhisper,base,tone_aware_lora,0.1,42,VIVOSDEV12_169_snr5,5,noise,substitution,bươm,bườm,3,3,ngang,huyen,bươm,bươm,buom,buom,true,false,tone_addition,,,false,false,false,false,ÁO RÁCH LƯƠM BƯƠM,áo rách luôn bườm
aligned_v1,vivos,phowhisper,base,tone_aware_lora,0.1,42,VIVOSDEV12_173_snr0,0,music,substitution,đối,đôi,0,0,sac,ngang,đôi,đôi,doi,doi,true,false,tone_loss,,,true,false,false,true,ĐỐI VỚI NHỮNG PHẢN ỨNG KHÁC BIỆT ĐÓ,đôi gối dẫn phản ứng khác biệt đỏ
aligned_v1,vivos,phowhisper,base,tone_aware_lora,0.1,42,VIVOSDEV12_173_snr0,0,music,substitution,đó,đỏ,7,7,sac,hoi,đo,đo,do,do,true,false,tone_substitution,,,false,false,false,false,ĐỐI VỚI NHỮNG PHẢN ỨNG KHÁC BIỆT ĐÓ,đôi gối dẫn phản ứng khác biệt đỏ
aligned_v1,vivos,phowhisper,base,tone_aware_lora,0.1,42,VIVOSDEV12_192_snr20,20,speech,substitution,trang,tràng,0,0,ngang,huyen,trang,trang,trang,trang,true,false,tone_addition,,,false,false,false,false,TRANG THỨ HAI CỦA TỜ BÁO,tràng thứ hai của tờ báo
aligned_v1,vivos,phowhisper,base,tone_aware_lora,0.1,42,VIVOSDEV12_192_snr5,5,speech,substitution,thứ,thử,1,1,sac,hoi,thư,thư,thu,thu,true,false,tone_substitution,,,false,false,false,false,TRANG THỨ HAI CỦA TỜ BÁO,càng thử hài của tờ báo
aligned_v1,vivos,phowhisper,base,tone_aware_lora,0.1,42,VIVOSDEV12_192_snr5,5,speech,substitution,hai,hài,2,2,ngang,huyen,hai,hai,hai,hai,true,false,tone_addition,,,false,false,false,false,TRANG THỨ HAI CỦA TỜ BÁO,càng thử hài của tờ báo
aligned_v1,vivos,phowhisper,base,tone_aware_lora,0.1,42,VIVOSDEV12_213_snr0,0,speech,substitution,mươi,mười,4,6,ngang,huyen,mươi,mươi,muoi,muoi,true,false,tone_addition,,,false,false,false,false,BA MƯƠI HAI BA MƯƠI BA,máu sinh sôi hơi mẻ và mười ba
aligned_v1,vivos,phowhisper,base,tone_aware_lora,0.1,42,VIVOSDEV12_280_snr0,0,noise,substitution,du,dù,0,0,ngang,huyen,du,du,du,du,true,false,tone_addition,,,false,false,false,false,DU LỊCH SẼ TRỞ THÀNH NGÀNH KINH TẾ MŨI NHỌN,dù luật sẽ trở thành ngành trịnh tới mũi nhọn
aligned_v1,vivos,phowhisper,base,tone_aware_lora,0.1,42,VIVOSDEV12_280_snr10,10,noise,substitution,du,dù,0,0,ngang,huyen,du,du,du,du,true,false,tone_addition,,,false,false,false,false,DU LỊCH SẼ TRỞ THÀNH NGÀNH KINH TẾ MŨI NHỌN,dù luật sẽ trở thành ngành kinh tế mũi nhọn
aligned_v1,vivos,phowhisper,base,tone_aware_lora,0.1,42,VIVOSDEV12_280_snr5,5,music,substitution,du,dù,0,0,ngang,huyen,du,du,du,du,true,false,tone_addition,,,false,false,false,false,DU LỊCH SẼ TRỞ THÀNH NGÀNH KINH TẾ MŨI NHỌN,dù luật sẽ trở thành ngành kinh tế mũi nhọn
aligned_v1,vivos,phowhisper,base,tone_aware_lora,0.1,42,VIVOSDEV13_105_clean,clean,clean,substitution,thua,thưa,6,11,ngang,ngang,thua,thưa,thua,thua,false,true,,vowel_quality_addition,u→ư,false,false,false,false,NHÓC ĐỎ MẶT TÍA TAI NHÓC THUA CHỊ MỘT TUỔI THÔI ĐẤY,nhóc đỏ mặt tía tây nhóc đỏ mặt tía tây nhóc thưa chị một tuổi thôi đấy
aligned_v1,vivos,phowhisper,base,tone_aware_lora,0.1,42,VIVOSDEV13_105_snr0,0,noise,substitution,thua,thưa,6,6,ngang,ngang,thua,thưa,thua,thua,false,true,,vowel_quality_addition,u→ư,false,false,false,false,NHÓC ĐỎ MẶT TÍA TAI NHÓC THUA CHỊ MỘT TUỔI THÔI ĐẤY,nhóc đỏ mặt tía tây nhóc thưa chị một tuổi thôi đấy
aligned_v1,vivos,phowhisper,base,tone_aware_lora,0.1,42,VIVOSDEV13_105_snr10,10,music,substitution,thua,thưa,6,11,ngang,ngang,thua,thưa,thua,thua,false,true,,vowel_quality_addition,u→ư,false,false,false,false,NHÓC ĐỎ MẶT TÍA TAI NHÓC THUA CHỊ MỘT TUỔI THÔI ĐẤY,nhóc đỏ mặt tía tây nhóc đỏ mặt tía tây nhóc thưa chị một tuổi thôi đấy
aligned_v1,vivos,phowhisper,base,tone_aware_lora,0.1,42,VIVOSDEV13_105_snr20,20,speech,substitution,thua,thưa,6,11,ngang,ngang,thua,thưa,thua,thua,false,true,,vowel_quality_addition,u→ư,false,false,false,false,NHÓC ĐỎ MẶT TÍA TAI NHÓC THUA CHỊ MỘT TUỔI THÔI ĐẤY,nhóc đỏ mặt tía tây nhóc đỏ mặt tía tây nhóc thưa chị một tuổi thôi đấy
aligned_v1,vivos,phowhisper,base,tone_aware_lora,0.1,42,VIVOSDEV13_105_snr5,5,noise,substitution,thua,thưa,6,11,ngang,ngang,thua,thưa,thua,thua,false,true,,vowel_quality_addition,u→ư,false,false,false,false,NHÓC ĐỎ MẶT TÍA TAI NHÓC THUA CHỊ MỘT TUỔI THÔI ĐẤY,nhóc đỏ mặt tía tây nhóc đỏ mặt tía tây nhóc thưa chị một tuổi thôi đấy
aligned_v1,vivos,phowhisper,base,tone_aware_lora,0.1,42,VIVOSDEV13_139_clean,clean,clean,substitution,như,nhữ,1,1,ngang,nga,như,như,nhu,nhu,true,false,tone_addition,,,false,false,false,false,TIÊU NHƯ PHONG CHẠY TRỐN KHỎI KINH THÀNH ĐỂ TÌM HUNG THỦ THẬT SỰ,tiêu nhữ phong chạy trốn khỏi kinh thành để tìm hung thủ thật sự
aligned_v1,vivos,phowhisper,base,tone_aware_lora,0.1,42,VIVOSDEV13_147_snr0,0,speech,substitution,hóa,hoa,12,13,sac,ngang,hoa,hoa,hoa,hoa,true,false,tone_loss,,,true,false,false,true,KHÔNG AI MUỐN CÓ TIÊU CỰC CẢ VÀ CŨNG ĐỪNG TUYỆT ĐỐI HÓA VẤN ĐỀ,không ai muốn có tiêu cực thì hình ảnh thường tình tuyệt đối hoa vấn đề
aligned_v1,vivos,phowhisper,base,tone_aware_lora,0.1,42,VIVOSDEV13_150_snr0,0,speech,substitution,vợ,võ,0,1,nang,nga,vơ,vo,vo,vo,false,true,,vowel_quality_loss,ơ→o,false,true,false,true,VỢ HẮN THỊ NGẦN MANG LƯỚI RA VÁ ĐỂ CHIỀU THẢ,sự võ hoàng hiện ngọc hồ sinh viên tiêu chuẩn trên thế giới
aligned_v1,vivos,phowhisper,base,tone_aware_lora,0.1,42,VIVOSDEV13_241_clean,clean,clean,deletion,mùa,,0,,huyen,,mua,,mua,,true,false,word_deletion,,,false,false,false,false,MÙA ĐÔNG CẢ CÁNH ĐỒNG CHUYỂN SANG MỘT MÀU VÀNG RỰC,đông cả cánh đồng chuyển sang một màu vàng rực
aligned_v1,vivos,phowhisper,base,tone_aware_lora,0.1,42,VIVOSDEV13_241_snr0,0,music,deletion,mùa,,0,,huyen,,mua,,mua,,true,false,word_deletion,,,false,false,false,false,MÙA ĐÔNG CẢ CÁNH ĐỒNG CHUYỂN SANG MỘT MÀU VÀNG RỰC,đông cả cánh tàu chuyển sang một màu vàng rực
aligned_v1,vivos,phowhisper,base,tone_aware_lora,0.1,42,VIVOSDEV13_241_snr10,10,noise,deletion,mùa,,0,,huyen,,mua,,mua,,true,false,word_deletion,,,false,false,false,false,MÙA ĐÔNG CẢ CÁNH ĐỒNG CHUYỂN SANG MỘT MÀU VÀNG RỰC,đông cả cánh đồng chuyển sang một màu vàng rực
aligned_v1,vivos,phowhisper,base,tone_aware_lora,0.1,42,VIVOSDEV13_241_snr20,20,music,deletion,mùa,,0,,huyen,,mua,,mua,,true,false,word_deletion,,,false,false,false,false,MÙA ĐÔNG CẢ CÁNH ĐỒNG CHUYỂN SANG MỘT MÀU VÀNG RỰC,đông cả cánh đồng chuyển sang một màu vàng rực
aligned_v1,vivos,phowhisper,base,tone_aware_lora,0.1,42,VIVOSDEV13_241_snr5,5,noise,deletion,mùa,,0,,huyen,,mua,,mua,,true,false,word_deletion,,,false,false,false,false,MÙA ĐÔNG CẢ CÁNH ĐỒNG CHUYỂN SANG MỘT MÀU VÀNG RỰC,đông cả cánh đồng chuyển sang màu màu vàng rực
aligned_v1,vivos,phowhisper,base,tone_aware_lora,0.1,42,VIVOSDEV13_267_clean,clean,clean,substitution,khống,không,6,6,sac,ngang,không,không,khong,khong,true,false,tone_loss,,,true,false,false,true,DO VẬY VẤN ĐỀ KHU TRÚ KHỐNG CHẾ BỆNH TẢ HIỆN NAY RẤT KHÓ,do vậy vấn đề khu trú không chế bệnh tả hiện nay rất khó
aligned_v1,vivos,phowhisper,base,tone_aware_lora,0.1,42,VIVOSDEV13_267_snr0,0,noise,substitution,khống,không,6,6,sac,ngang,không,không,khong,khong,true,false,tone_loss,,,true,false,false,true,DO VẬY VẤN ĐỀ KHU TRÚ KHỐNG CHẾ BỆNH TẢ HIỆN NAY RẤT KHÓ,do vậy vấn đề khu trú không chế bệnh tả diện này rất khó
aligned_v1,vivos,phowhisper,base,tone_aware_lora,0.1,42,VIVOSDEV13_267_snr0,0,noise,substitution,nay,này,11,11,ngang,huyen,nay,nay,nay,nay,true,false,tone_addition,,,false,false,false,false,DO VẬY VẤN ĐỀ KHU TRÚ KHỐNG CHẾ BỆNH TẢ HIỆN NAY RẤT KHÓ,do vậy vấn đề khu trú không chế bệnh tả diện này rất khó
aligned_v1,vivos,phowhisper,base,tone_aware_lora,0.1,42,VIVOSDEV13_267_snr10,10,music,substitution,khống,không,6,6,sac,ngang,không,không,khong,khong,true,false,tone_loss,,,true,false,false,true,DO VẬY VẤN ĐỀ KHU TRÚ KHỐNG CHẾ BỆNH TẢ HIỆN NAY RẤT KHÓ,do vậy vấn đề khu trú không chế bệnh tả hiện nay rất khó
aligned_v1,vivos,phowhisper,base,tone_aware_lora,0.1,42,VIVOSDEV13_267_snr20,20,noise,substitution,khống,không,6,6,sac,ngang,không,không,khong,khong,true,false,tone_loss,,,true,false,false,true,DO VẬY VẤN ĐỀ KHU TRÚ KHỐNG CHẾ BỆNH TẢ HIỆN NAY RẤT KHÓ,do vậy vấn đề khu trú không chế bệnh tả hiện nay rất khó
aligned_v1,vivos,phowhisper,base,tone_aware_lora,0.1,42,VIVOSDEV13_267_snr5,5,noise,substitution,khống,không,6,6,sac,ngang,không,không,khong,khong,true,false,tone_loss,,,true,false,false,true,DO VẬY VẤN ĐỀ KHU TRÚ KHỐNG CHẾ BỆNH TẢ HIỆN NAY RẤT KHÓ,do vậy vấn đề cư trú không chế bệnh tả hiện nay rất khó
aligned_v1,vivos,phowhisper,base,tone_aware_lora,0.1,42,VIVOSDEV13_277_clean,clean,clean,substitution,tĩnh,tỉnh,14,14,nga,hoi,tinh,tinh,tinh,tinh,true,false,tone_substitution,,,false,false,false,false,HÀ NỘI MỞ RỘNG KHU VỰC HỒ TÂY SÔNG HỒNG NÊN LÀ KHU VỰC TĨNH,hà nội mở rộng khu vực hồ tây sông hồng nên là khu vực tỉnh
aligned_v1,vivos,phowhisper,base,tone_aware_lora,0.1,42,VIVOSDEV13_277_snr0,0,noise,substitution,tĩnh,tỉnh,14,14,nga,hoi,tinh,tinh,tinh,tinh,true,false,tone_substitution,,,false,false,false,false,HÀ NỘI MỞ RỘNG KHU VỰC HỒ TÂY SÔNG HỒNG NÊN LÀ KHU VỰC TĨNH,hà nội mở rộng khu vực hồ tây sông hồng nên là khu vực tỉnh
aligned_v1,vivos,phowhisper,base,tone_aware_lora,0.1,42,VIVOSDEV13_277_snr10,10,music,substitution,tĩnh,tỉnh,14,14,nga,hoi,tinh,tinh,tinh,tinh,true,false,tone_substitution,,,false,false,false,false,HÀ NỘI MỞ RỘNG KHU VỰC HỒ TÂY SÔNG HỒNG NÊN LÀ KHU VỰC TĨNH,hà nội mở rộng khu vực hồ tây sông hồng nên là khu vực tỉnh
aligned_v1,vivos,phowhisper,base,tone_aware_lora,0.1,42,VIVOSDEV13_277_snr20,20,music,substitution,tĩnh,tỉnh,14,14,nga,hoi,tinh,tinh,tinh,tinh,true,false,tone_substitution,,,false,false,false,false,HÀ NỘI MỞ RỘNG KHU VỰC HỒ TÂY SÔNG HỒNG NÊN LÀ KHU VỰC TĨNH,hà nội mở rộng khu vực hồ tây sông hồng nên là khu vực tỉnh
aligned_v1,vivos,phowhisper,base,tone_aware_lora,0.1,42,VIVOSDEV13_277_snr5,5,noise,substitution,tĩnh,tỉnh,14,14,nga,hoi,tinh,tinh,tinh,tinh,true,false,tone_substitution,,,false,false,false,false,HÀ NỘI MỞ RỘNG KHU VỰC HỒ TÂY SÔNG HỒNG NÊN LÀ KHU VỰC TĨNH,hà nội mở rộng khu vực hồ tây sông hồng nên là khu vực tỉnh
aligned_v1,vivos,phowhisper,base,tone_aware_lora,0.1,42,VIVOSDEV14_085_clean,clean,clean,substitution,câm,căm,4,4,ngang,ngang,câm,căm,cam,cam,false,true,,vowel_quality_substitution,â→ă,false,false,false,false,BỐN NĂM TRỜI BỊ CÂM MỘT MÌNH VỚI BÓNG MÌNH NHIỀU PHEN ÒA KHÓC,bốn năm trời bị căm một mình với bóng mình nhiều phen oạt hóc
aligned_v1,vivos,phowhisper,base,tone_aware_lora,0.1,42,VIVOSDEV14_085_snr10,10,speech,substitution,câm,căm,4,4,ngang,ngang,câm,căm,cam,cam,false,true,,vowel_quality_substitution,â→ă,false,false,false,false,BỐN NĂM TRỜI BỊ CÂM MỘT MÌNH VỚI BÓNG MÌNH NHIỀU PHEN ÒA KHÓC,bốn năm trời bị căm một mình với bóng mình nhiều phen hàn khóc
aligned_v1,vivos,phowhisper,base,tone_aware_lora,0.1,42,VIVOSDEV14_085_snr20,20,music,substitution,câm,căm,4,4,ngang,ngang,câm,căm,cam,cam,false,true,,vowel_quality_substitution,â→ă,false,false,false,false,BỐN NĂM TRỜI BỊ CÂM MỘT MÌNH VỚI BÓNG MÌNH NHIỀU PHEN ÒA KHÓC,bốn năm trời bị căm một mình với bóng mình nhiều phen à khóc
aligned_v1,vivos,phowhisper,base,tone_aware_lora,0.1,42,VIVOSDEV14_085_snr5,5,music,substitution,câm,căm,4,4,ngang,ngang,câm,căm,cam,cam,false,true,,vowel_quality_substitution,â→ă,false,false,false,false,BỐN NĂM TRỜI BỊ CÂM MỘT MÌNH VỚI BÓNG MÌNH NHIỀU PHEN ÒA KHÓC,bốn năm trời bị căm một mình với bóng mình nhiều phiên hạn khóc
aligned_v1,vivos,phowhisper,base,tone_aware_lora,0.1,42,VIVOSDEV14_104_snr10,10,noise,substitution,nay,này,13,13,ngang,huyen,nay,nay,nay,nay,true,false,tone_addition,,,false,false,false,false,ĐÓ LÀ NHẬN XÉT CHUNG CỦA NHIỀU TỔNG GIÁM ĐỐC ĐIỀU HÀNH NGÀY NAY,đó là nhận xét chung của nhiều tổng giám đốc điều hành nghề này
aligned_v1,vivos,phowhisper,base,tone_aware_lora,0.1,42,VIVOSDEV14_134_clean,clean,clean,deletion,nhưng,,0,,ngang,,nhưng,,nhung,,true,false,word_deletion,,,false,false,false,false,NHƯNG TRƯỚC ĐÂY NHÌN TỪ BÊN NGOÀI NƠI NÀY KHÔNG KHÁC MỘT CĂN NHÀ HOANG,trước đây nhìn từ bên ngoài nơi này không hát gì một căn nhà hoang
aligned_v1,vivos,phowhisper,base,tone_aware_lora,0.1,42,VIVOSDEV14_134_snr0,0,music,deletion,nhưng,,0,,ngang,,nhưng,,nhung,,true,false,word_deletion,,,false,false,false,false,NHƯNG TRƯỚC ĐÂY NHÌN TỪ BÊN NGOÀI NƠI NÀY KHÔNG KHÁC MỘT CĂN NHÀ HOANG,trước đây nhìn từ bên ngoài nơi này không phát dì một căn nhà huy
aligned_v1,vivos,phowhisper,base,tone_aware_lora,0.1,42,VIVOSDEV14_134_snr10,10,music,deletion,nhưng,,0,,ngang,,nhưng,,nhung,,true,false,word_deletion,,,false,false,false,false,NHƯNG TRƯỚC ĐÂY NHÌN TỪ BÊN NGOÀI NƠI NÀY KHÔNG KHÁC MỘT CĂN NHÀ HOANG,trước đây nhìn từ bên ngoài nơi này không hát gì một căn nhà hoang
aligned_v1,vivos,phowhisper,base,tone_aware_lora,0.1,42,VIVOSDEV14_134_snr20,20,music,deletion,nhưng,,0,,ngang,,nhưng,,nhung,,true,false,word_deletion,,,false,false,false,false,NHƯNG TRƯỚC ĐÂY NHÌN TỪ BÊN NGOÀI NƠI NÀY KHÔNG KHÁC MỘT CĂN NHÀ HOANG,trước đây nhìn từ bên ngoài nơi này không khác gì một căn nhà hoang
aligned_v1,vivos,phowhisper,base,tone_aware_lora,0.1,42,VIVOSDEV14_134_snr5,5,noise,deletion,nhưng,,0,,ngang,,nhưng,,nhung,,true,false,word_deletion,,,false,false,false,false,NHƯNG TRƯỚC ĐÂY NHÌN TỪ BÊN NGOÀI NƠI NÀY KHÔNG KHÁC MỘT CĂN NHÀ HOANG,trước đây nhìn từ bên ngoài nơi này không khác gì một căn nhà hoang
aligned_v1,vivos,phowhisper,base,tone_aware_lora,0.1,42,VIVOSDEV14_151_snr0,0,speech,deletion,thời,,3,,huyen,,thơi,,thoi,,true,false,word_deletion,,,false,false,false,false,TÔI ĐÃ CÓ THỜI GIAN TUYỆT VỜI KHI CHƠI CHO ĐỘI TUYỂN,tôi đã có thể kể cả khi chơi cho đoạn tiền tỉnh
aligned_v1,vivos,phowhisper,base,tone_aware_lora,0.1,42,VIVOSDEV14_186_clean,clean,clean,substitution,những,nhưng,4,4,nga,ngang,nhưng,nhưng,nhung,nhung,true,false,tone_loss,,,true,false,false,true,CÓ BẰNG THẠC SĨ NHỮNG NGÀNH TRÊN LÀ MỘT LỢI THẾ,có bằng thạc sĩ nhưng ngành trên là một loại thế
aligned_v1,vivos,phowhisper,base,tone_aware_lora,0.1,42,VIVOSDEV14_186_snr10,10,music,substitution,những,nhưng,4,4,nga,ngang,nhưng,nhưng,nhung,nhung,true,false,tone_loss,,,true,false,false,true,CÓ BẰNG THẠC SĨ NHỮNG NGÀNH TRÊN LÀ MỘT LỢI THẾ,có bằng thạc sĩ nhưng ngành trên là một lợi thế
aligned_v1,vivos,phowhisper,base,tone_aware_lora,0.1,42,VIVOSDEV14_186_snr20,20,noise,substitution,những,nhưng,4,4,nga,ngang,nhưng,nhưng,nhung,nhung,true,false,tone_loss,,,true,false,false,true,CÓ BẰNG THẠC SĨ NHỮNG NGÀNH TRÊN LÀ MỘT LỢI THẾ,có bằng thạc sĩ nhưng ngành trên là một lợi thế
aligned_v1,vivos,phowhisper,base,tone_aware_lora,0.1,42,VIVOSDEV14_186_snr5,5,music,substitution,những,nhưng,4,4,nga,ngang,nhưng,nhưng,nhung,nhung,true,false,tone_loss,,,true,false,false,true,CÓ BẰNG THẠC SĨ NHỮNG NGÀNH TRÊN LÀ MỘT LỢI THẾ,có bằng thật sự nhưng ngành trên là một loại thớ
aligned_v1,vivos,phowhisper,base,tone_aware_lora,0.1,42,VIVOSDEV14_195_clean,clean,clean,deletion,tình,,12,,huyen,,tinh,,tinh,,true,false,word_deletion,,,false,false,false,false,YÊU NHAU KHOẢNG VÀI THÁNG THÌ CHÚNG TÔI ĐÃ CÓ QUAN HỆ TÌNH DỤC,yêu nhau khoảng vài tháng thì chúng tôi đã có quan hệ
aligned_v1,vivos,phowhisper,base,tone_aware_lora,0.1,42,VIVOSDEV14_195_clean,clean,clean,deletion,dục,,13,,nang,,duc,,duc,,true,false,word_deletion,,,false,false,false,false,YÊU NHAU KHOẢNG VÀI THÁNG THÌ CHÚNG TÔI ĐÃ CÓ QUAN HỆ TÌNH DỤC,yêu nhau khoảng vài tháng thì chúng tôi đã có quan hệ
aligned_v1,vivos,phowhisper,base,tone_aware_lora,0.1,42,VIVOSDEV14_195_snr0,0,speech,deletion,tình,,12,,huyen,,tinh,,tinh,,true,false,word_deletion,,,false,false,false,false,YÊU NHAU KHOẢNG VÀI THÁNG THÌ CHÚNG TÔI ĐÃ CÓ QUAN HỆ TÌNH DỤC,yêu nhau những vài tháng thì chúng tôi đã có quan hệ
aligned_v1,vivos,phowhisper,base,tone_aware_lora,0.1,42,VIVOSDEV14_195_snr0,0,speech,deletion,dục,,13,,nang,,duc,,duc,,true,false,word_deletion,,,false,false,false,false,YÊU NHAU KHOẢNG VÀI THÁNG THÌ CHÚNG TÔI ĐÃ CÓ QUAN HỆ TÌNH DỤC,yêu nhau những vài tháng thì chúng tôi đã có quan hệ
aligned_v1,vivos,phowhisper,base,tone_aware_lora,0.1,42,VIVOSDEV14_195_snr10,10,speech,deletion,tình,,12,,huyen,,tinh,,tinh,,true,false,word_deletion,,,false,false,false,false,YÊU NHAU KHOẢNG VÀI THÁNG THÌ CHÚNG TÔI ĐÃ CÓ QUAN HỆ TÌNH DỤC,yêu nhau khoảng vài tháng thì chúng tôi đã có quan hệ
aligned_v1,vivos,phowhisper,base,tone_aware_lora,0.1,42,VIVOSDEV14_195_snr10,10,speech,deletion,dục,,13,,nang,,duc,,duc,,true,false,word_deletion,,,false,false,false,false,YÊU NHAU KHOẢNG VÀI THÁNG THÌ CHÚNG TÔI ĐÃ CÓ QUAN HỆ TÌNH DỤC,yêu nhau khoảng vài tháng thì chúng tôi đã có quan hệ
aligned_v1,vivos,phowhisper,base,tone_aware_lora,0.1,42,VIVOSDEV14_195_snr20,20,speech,deletion,tình,,12,,huyen,,tinh,,tinh,,true,false,word_deletion,,,false,false,false,false,YÊU NHAU KHOẢNG VÀI THÁNG THÌ CHÚNG TÔI ĐÃ CÓ QUAN HỆ TÌNH DỤC,yêu nhau khoảng vài tháng thì chúng tôi đã có quan hệ
aligned_v1,vivos,phowhisper,base,tone_aware_lora,0.1,42,VIVOSDEV14_195_snr20,20,speech,deletion,dục,,13,,nang,,duc,,duc,,true,false,word_deletion,,,false,false,false,false,YÊU NHAU KHOẢNG VÀI THÁNG THÌ CHÚNG TÔI ĐÃ CÓ QUAN HỆ TÌNH DỤC,yêu nhau khoảng vài tháng thì chúng tôi đã có quan hệ
aligned_v1,vivos,phowhisper,base,tone_aware_lora,0.1,42,VIVOSDEV14_195_snr5,5,noise,deletion,tình,,12,,huyen,,tinh,,tinh,,true,false,word_deletion,,,false,false,false,false,YÊU NHAU KHOẢNG VÀI THÁNG THÌ CHÚNG TÔI ĐÃ CÓ QUAN HỆ TÌNH DỤC,yêu nhau khoảng vài tháng thì chúng tôi đã có quan hệ
aligned_v1,vivos,phowhisper,base,tone_aware_lora,0.1,42,VIVOSDEV14_195_snr5,5,noise,deletion,dục,,13,,nang,,duc,,duc,,true,false,word_deletion,,,false,false,false,false,YÊU NHAU KHOẢNG VÀI THÁNG THÌ CHÚNG TÔI ĐÃ CÓ QUAN HỆ TÌNH DỤC,yêu nhau khoảng vài tháng thì chúng tôi đã có quan hệ
aligned_v1,vivos,phowhisper,base,tone_aware_lora,0.1,42,VIVOSDEV14_225_clean,clean,clean,substitution,dạy,dậy,10,10,nang,nang,day,dây,day,day,false,true,,vowel_quality_addition,a→â,false,false,false,false,ÔNG DƯƠNG ĐỨC LÂN PHÓ TỔNG CỤC TRƯỞNG TỔNG CỤC DẠY NGHỀ,ông dương đức lân phó tổng cục trưởng tập cận dậy nghề
aligned_v1,vivos,phowhisper,base,tone_aware_lora,0.1,42,VIVOSDEV14_256_clean,clean,clean,deletion,lại,,9,,nang,,lai,,lai,,true,false,word_deletion,,,false,false,false,false,NÔNG DÂN TRỒNG MÍA THAN CỨ MỘT VỤ ĐƯỢC LẠI BA VỤ THẤT,nông dân trồng vía than cứ một vụ lại được ba vụ thất
aligned_v1,vivos,phowhisper,base,tone_aware_lora,0.1,42,VIVOSDEV14_256_snr0,0,speech,substitution,trồng,trọng,2,2,huyen,nang,trông,trong,trong,trong,false,true,,vowel_quality_loss,ô→o,false,true,false,true,NÔNG DÂN TRỒNG MÍA THAN CỨ MỘT VỤ ĐƯỢC LẠI BA VỤ THẤT,nhóm chừng trọng nghĩa than cứu một vụ lựu lại được ba mùi thức
aligned_v1,vivos,phowhisper,base,tone_aware_lora,0.1,42,VIVOSDEV14_256_snr10,10,noise,deletion,lại,,9,,nang,,lai,,lai,,true,false,word_deletion,,,false,false,false,false,NÔNG DÂN TRỒNG MÍA THAN CỨ MỘT VỤ ĐƯỢC LẠI BA VỤ THẤT,nông dân trồng vía than cứ một vụ lại được ba vụ thất
aligned_v1,vivos,phowhisper,base,tone_aware_lora,0.1,42,VIVOSDEV14_256_snr20,20,music,deletion,lại,,9,,nang,,lai,,lai,,true,false,word_deletion,,,false,false,false,false,NÔNG DÂN TRỒNG MÍA THAN CỨ MỘT VỤ ĐƯỢC LẠI BA VỤ THẤT,nông dân trồng mía than cứ một vụ lại được ba vụ thất
aligned_v1,vivos,phowhisper,base,tone_aware_lora,0.1,42,VIVOSDEV14_256_snr5,5,noise,deletion,lại,,9,,nang,,lai,,lai,,true,false,word_deletion,,,false,false,false,false,NÔNG DÂN TRỒNG MÍA THAN CỨ MỘT VỤ ĐƯỢC LẠI BA VỤ THẤT,nông dân trồng lấy than cứ một vụ lại được va vụ thất
aligned_v1,vivos,phowhisper,base,tone_aware_lora,0.1,42,VIVOSDEV14_286_snr0,0,music,deletion,hiện,,3,,nang,,hiên,,hien,,true,false,word_deletion,,,false,false,false,false,NHIỀU GIA ĐÌNH HIỆN NAY THÍCH TỰ GIỚI THIỆU CHƯƠNG TRÌNH,người gia đình muốn giúp tự giới thiệu chương trình
aligned_v1,vivos,phowhisper,base,tone_aware_lora,0.1,42,VIVOSDEV15_014_snr10,10,speech,substitution,lồng,lòng,3,3,huyen,huyen,lông,long,long,long,false,true,,vowel_quality_loss,ô→o,false,true,false,true,THÀNH MỘT CHIẾC LỒNG ĐÈN KHỔNG LỒ TẠI CÔNG VIÊN Ở THỦ ĐÔ BẮC KINH,thịnh mùa trước lòng đèn khổng lồ tại công viên ở thủ đô bắc kinh
aligned_v1,vivos,phowhisper,base,tone_aware_lora,0.1,42,VIVOSDEV15_020_clean,clean,clean,substitution,kể,kẻ,6,6,hoi,hoi,kê,ke,ke,ke,false,true,,vowel_quality_loss,ê→e,false,true,false,true,CÂU CHUYỆN CỦA QUÁ KHỨ ÔNG KỂ KHÔNG BIẾT BAO NHIÊU LẦN,câu chuyện của quá khứ ông kẻ không biết bao nhiêu làn
aligned_v1,vivos,phowhisper,base,tone_aware_lora,0.1,42,VIVOSDEV15_020_clean,clean,clean,substitution,lần,làn,11,11,huyen,huyen,lân,lan,lan,lan,false,true,,vowel_quality_loss,â→a,false,true,false,true,CÂU CHUYỆN CỦA QUÁ KHỨ ÔNG KỂ KHÔNG BIẾT BAO NHIÊU LẦN,câu chuyện của quá khứ ông kẻ không biết bao nhiêu làn
aligned_v1,vivos,phowhisper,base,tone_aware_lora,0.1,42,VIVOSDEV15_020_snr10,10,noise,substitution,kể,kẻ,6,6,hoi,hoi,kê,ke,ke,ke,false,true,,vowel_quality_loss,ê→e,false,true,false,true,CÂU CHUYỆN CỦA QUÁ KHỨ ÔNG KỂ KHÔNG BIẾT BAO NHIÊU LẦN,câu chuyện của quá khứ ông kẻ không biết bao nhiêu làn
aligned_v1,vivos,phowhisper,base,tone_aware_lora,0.1,42,VIVOSDEV15_020_snr10,10,noise,substitution,lần,làn,11,11,huyen,huyen,lân,lan,lan,lan,false,true,,vowel_quality_loss,â→a,false,true,false,true,CÂU CHUYỆN CỦA QUÁ KHỨ ÔNG KỂ KHÔNG BIẾT BAO NHIÊU LẦN,câu chuyện của quá khứ ông kẻ không biết bao nhiêu làn
aligned_v1,vivos,phowhisper,base,tone_aware_lora,0.1,42,VIVOSDEV15_020_snr20,20,music,substitution,kể,kẻ,6,6,hoi,hoi,kê,ke,ke,ke,false,true,,vowel_quality_loss,ê→e,false,true,false,true,CÂU CHUYỆN CỦA QUÁ KHỨ ÔNG KỂ KHÔNG BIẾT BAO NHIÊU LẦN,câu chuyện của quá khứ ông kẻ không biết bao nhiêu làn
aligned_v1,vivos,phowhisper,base,tone_aware_lora,0.1,42,VIVOSDEV15_020_snr20,20,music,substitution,lần,làn,11,11,huyen,huyen,lân,lan,lan,lan,false,true,,vowel_quality_loss,â→a,false,true,false,true,CÂU CHUYỆN CỦA QUÁ KHỨ ÔNG KỂ KHÔNG BIẾT BAO NHIÊU LẦN,câu chuyện của quá khứ ông kẻ không biết bao nhiêu làn
aligned_v1,vivos,phowhisper,base,tone_aware_lora,0.1,42,VIVOSDEV15_020_snr5,5,music,substitution,kể,kẻ,6,6,hoi,hoi,kê,ke,ke,ke,false,true,,vowel_quality_loss,ê→e,false,true,false,true,CÂU CHUYỆN CỦA QUÁ KHỨ ÔNG KỂ KHÔNG BIẾT BAO NHIÊU LẦN,câu chuyện của quá khứ ông kẻ không biết bao nhiêu làn
aligned_v1,vivos,phowhisper,base,tone_aware_lora,0.1,42,VIVOSDEV15_020_snr5,5,music,substitution,lần,làn,11,11,huyen,huyen,lân,lan,lan,lan,false,true,,vowel_quality_loss,â→a,false,true,false,true,CÂU CHUYỆN CỦA QUÁ KHỨ ÔNG KỂ KHÔNG BIẾT BAO NHIÊU LẦN,câu chuyện của quá khứ ông kẻ không biết bao nhiêu làn
aligned_v1,vivos,phowhisper,base,tone_aware_lora,0.1,42,VIVOSDEV15_021_snr0,0,music,substitution,son,sơn,1,1,ngang,ngang,son,sơn,son,son,false,true,,vowel_quality_addition,o→ơ,false,false,false,false,MÀU SON TRÔNG THẬT TUYỆT TRÊN BẤT KÌ MÀU DA NÀO,một sơn tôm thật tuyệt cho mất một kiều hồ dài ngày
aligned_v1,vivos,phowhisper,base,tone_aware_lora,0.1,42,VIVOSDEV15_021_snr5,5,speech,substitution,trông,trong,2,2,ngang,ngang,trông,trong,trong,trong,false,true,,vowel_quality_loss,ô→o,false,true,false,true,MÀU SON TRÔNG THẬT TUYỆT TRÊN BẤT KÌ MÀU DA NÀO,màu son trong thật tuyệt chưa bất kỳ màu da nào
aligned_v1,vivos,phowhisper,base,tone_aware_lora,0.1,42,VIVOSDEV15_026_snr20,20,noise,substitution,mặn,mạn,5,5,nang,nang,măn,man,man,man,false,true,,vowel_quality_loss,ă→a,false,true,false,true,ÔNG ĂN CHAY MÀ NGHĨ MẶN THÌ ĂN CHAY LÀM CHI,ông ăn chay mà nghĩ mạn thì ăn chay làm thi
aligned_v1,vivos,phowhisper,base,tone_aware_lora,0.1,42,VIVOSDEV15_037_snr0,0,noise,substitution,những,nhưng,4,4,nga,ngang,nhưng,nhưng,nhung,nhung,true,false,tone_loss,,,true,false,false,true,TRÊN CƠ SỞ ĐÓ NHỮNG HÀNH VI VI PHẠM SẼ ĐƯỢC XỬ LÝ NGHIÊM,trên cơ sở đó nhưng hành vi vi phạm sẽ được xử lý nghiêm
aligned_v1,vivos,phowhisper,base,tone_aware_lora,0.1,42,VIVOSDEV15_050_snr0,0,music,deletion,lắng,,11,,sac,,lăng,,lang,,true,false,word_deletion,,,false,false,false,false,CHẲNG LẼ ĂN CƠM NHÀ NGƯỜI MÀ LẠI KHÔNG CHĂM CHÚ LẮNG NGHE NGƯỜI NÓI,chẳng lấy anh cơm nhà người mà lại không chăm chú ngang người ngoái
aligned_v1,vivos,phowhisper,base,tone_aware_lora,0.1,42,VIVOSDEV15_062_snr0,0,speech,substitution,giám,giảm,10,10,sac,hoi,giam,giam,giam,giam,true,false,tone_substitution,,,false,false,false,false,NGHĨA LÀ NẾU BẠN ĐANG LÀM VIỆC DƯỚI QUYỀN MỘT GIÁM SÁT VIÊN,nghĩa là nếu bạn đang làm việc dưới quyền và giảm tiền
aligned_v1,vivos,phowhisper,base,tone_aware_lora,0.1,42,VIVOSDEV15_062_snr0,0,speech,deletion,sát,,11,,sac,,sat,,sat,,true,false,word_deletion,,,false,false,false,false,NGHĨA LÀ NẾU BẠN ĐANG LÀM VIỆC DƯỚI QUYỀN MỘT GIÁM SÁT VIÊN,nghĩa là nếu bạn đang làm việc dưới quyền và giảm tiền
aligned_v1,vivos,phowhisper,base,tone_aware_lora,0.1,42,VIVOSDEV15_062_snr5,5,speech,substitution,giám,giảm,10,10,sac,hoi,giam,giam,giam,giam,true,false,tone_substitution,,,false,false,false,false,NGHĨA LÀ NẾU BẠN ĐANG LÀM VIỆC DƯỚI QUYỀN MỘT GIÁM SÁT VIÊN,nghĩa là nếu bạn đang làm việc dưới quyền một giảm giá
aligned_v1,vivos,phowhisper,base,tone_aware_lora,0.1,42,VIVOSDEV15_062_snr5,5,speech,deletion,sát,,11,,sac,,sat,,sat,,true,false,word_deletion,,,false,false,false,false,NGHĨA LÀ NẾU BẠN ĐANG LÀM VIỆC DƯỚI QUYỀN MỘT GIÁM SÁT VIÊN,nghĩa là nếu bạn đang làm việc dưới quyền một giảm giá
aligned_v1,vivos,phowhisper,base,tone_aware_lora,0.1,42,VIVOSDEV15_066_snr0,0,noise,substitution,trong,trông,3,3,ngang,ngang,trong,trông,trong,trong,false,true,,vowel_quality_addition,o→ô,false,false,false,false,KẼM CÓ NHIỀU TRONG GAN SÒ THỊT ĐỎ CÁ ÓC TRỨNG,cảm có nhờ trông cao so sờ thịt đỏ cá ốc trứng
aligned_v1,vivos,phowhisper,base,tone_aware_lora,0.1,42,VIVOSDEV15_066_snr0,0,noise,substitution,sò,so,5,5,huyen,ngang,so,so,so,so,true,false,tone_loss,,,true,false,false,true,KẼM CÓ NHIỀU TRONG GAN SÒ THỊT ĐỎ CÁ ÓC TRỨNG,cảm có nhờ trông cao so sờ thịt đỏ cá ốc trứng
aligned_v1,vivos,phowhisper,base,tone_aware_lora,0.1,42,VIVOSDEV15_066_snr0,0,noise,substitution,óc,ốc,9,10,sac,sac,oc,ôc,oc,oc,false,true,,vowel_quality_addition,o→ô,false,false,false,false,KẼM CÓ NHIỀU TRONG GAN SÒ THỊT ĐỎ CÁ ÓC TRỨNG,cảm có nhờ trông cao so sờ thịt đỏ cá ốc trứng
aligned_v1,vivos,phowhisper,base,tone_aware_lora,0.1,42,VIVOSDEV15_066_snr5,5,noise,substitution,óc,ốc,9,9,sac,sac,oc,ôc,oc,oc,false,true,,vowel_quality_addition,o→ô,false,false,false,false,KẼM CÓ NHIỀU TRONG GAN SÒ THỊT ĐỎ CÁ ÓC TRỨNG,kẽm có nhiều trong gan xò thịt bỏ cá ốc trúng
aligned_v1,vivos,phowhisper,base,tone_aware_lora,0.1,42,VIVOSDEV15_066_snr5,5,noise,substitution,trứng,trúng,10,10,sac,sac,trưng,trung,trung,trung,false,true,,vowel_quality_loss,ư→u,false,true,false,true,KẼM CÓ NHIỀU TRONG GAN SÒ THỊT ĐỎ CÁ ÓC TRỨNG,kẽm có nhiều trong gan xò thịt bỏ cá ốc trúng
aligned_v1,vivos,phowhisper,base,tone_aware_lora,0.1,42,VIVOSDEV15_092_clean,clean,clean,substitution,căn,can,8,8,ngang,ngang,căn,can,can,can,false,true,,vowel_quality_loss,ă→a,false,true,false,true,UNG THƯ TỪ MỘT CƠ QUAN KHÁC DI CĂN VÀO HỆ THỐNG HẠCH BẠCH HUYẾT,ung thư từ một cơ quan khác duy can vào hệ thống hay bạch huyết
aligned_v1,vivos,phowhisper,base,tone_aware_lora,0.1,42,VIVOSDEV15_092_snr0,0,speech,deletion,ung,,0,,ngang,,ung,,ung,,true,false,word_deletion,,,false,false,false,false,UNG THƯ TỪ MỘT CƠ QUAN KHÁC DI CĂN VÀO HỆ THỐNG HẠCH BẠCH HUYẾT,nhưng từ một cơ quan khác thì con bạn thổi không hạnh khi xem dư ảnh
aligned_v1,vivos,phowhisper,base,tone_aware_lora,0.1,42,VIVOSDEV15_109_clean,clean,clean,deletion,i,,10,,ngang,,i,,i,,true,false,word_deletion,,,false,false,false,false,CUỘC THI TỰ HÀO SỬ VIỆT ĐÃ HẾT GIAI ĐOẠN I,cuộc thi tự hào xử việc đã hết giai đoạn
aligned_v1,vivos,phowhisper,base,tone_aware_lora,0.1,42,VIVOSDEV15_109_snr0,0,music,substitution,sử,sự,4,4,hoi,nang,sư,sư,su,su,true,false,tone_substitution,,,false,false,false,false,CUỘC THI TỰ HÀO SỬ VIỆT ĐÃ HẾT GIAI ĐOẠN I,cuộc thi tự hào sự việc đã hết giai đoạn
aligned_v1,vivos,phowhisper,base,tone_aware_lora,0.1,42,VIVOSDEV15_109_snr0,0,music,deletion,i,,10,,ngang,,i,,i,,true,false,word_deletion,,,false,false,false,false,CUỘC THI TỰ HÀO SỬ VIỆT ĐÃ HẾT GIAI ĐOẠN I,cuộc thi tự hào sự việc đã hết giai đoạn
aligned_v1,vivos,phowhisper,base,tone_aware_lora,0.1,42,VIVOSDEV15_109_snr10,10,noise,deletion,i,,10,,ngang,,i,,i,,true,false,word_deletion,,,false,false,false,false,CUỘC THI TỰ HÀO SỬ VIỆT ĐÃ HẾT GIAI ĐOẠN I,cuộc thi tự hào xử việc đã hết giai đoạn
aligned_v1,vivos,phowhisper,base,tone_aware_lora,0.1,42,VIVOSDEV15_109_snr20,20,music,deletion,i,,10,,ngang,,i,,i,,true,false,word_deletion,,,false,false,false,false,CUỘC THI TỰ HÀO SỬ VIỆT ĐÃ HẾT GIAI ĐOẠN I,cuộc thi tự hào xử việc đã hết giai đoạn
aligned_v1,vivos,phowhisper,base,tone_aware_lora,0.1,42,VIVOSDEV15_109_snr5,5,music,deletion,i,,10,,ngang,,i,,i,,true,false,word_deletion,,,false,false,false,false,CUỘC THI TỰ HÀO SỬ VIỆT ĐÃ HẾT GIAI ĐOẠN I,cuộc thi tự hào xấu việc đã hết giai đoạn
aligned_v1,vivos,phowhisper,base,tone_aware_lora,0.1,42,VIVOSDEV15_154_clean,clean,clean,substitution,à,ả,10,10,huyen,hoi,a,a,a,a,true,false,tone_substitution,,,false,false,false,false,CÁI NHÀ HÁT BỊ ĐẬP TAN TÀNH ÔNG KHOÁI LẮM À,cái nhà hát bị đập tan tành ông khoái lắm ả
aligned_v1,vivos,phowhisper,base,tone_aware_lora,0.1,42,VIVOSDEV15_154_snr10,10,music,substitution,à,ạ,10,10,huyen,nang,a,a,a,a,true,false,tone_substitution,,,false,false,false,false,CÁI NHÀ HÁT BỊ ĐẬP TAN TÀNH ÔNG KHOÁI LẮM À,cái nhà hát bị đập tan tành ông khoái lắm ạ
aligned_v1,vivos,phowhisper,base,tone_aware_lora,0.1,42,VIVOSDEV15_154_snr20,20,noise,substitution,à,ả,10,10,huyen,hoi,a,a,a,a,true,false,tone_substitution,,,false,false,false,false,CÁI NHÀ HÁT BỊ ĐẬP TAN TÀNH ÔNG KHOÁI LẮM À,cái nhà hát bị đập tan tành ông khoái lắm ả
aligned_v1,vivos,phowhisper,base,tone_aware_lora,0.1,42,VIVOSDEV15_154_snr5,5,speech,substitution,à,ả,10,10,huyen,hoi,a,a,a,a,true,false,tone_substitution,,,false,false,false,false,CÁI NHÀ HÁT BỊ ĐẬP TAN TÀNH ÔNG KHOÁI LẮM À,cái nhà hát bị đập tan tành ông khoái lắm ả
aligned_v1,vivos,phowhisper,base,tone_aware_lora,0.1,42,VIVOSDEV15_198_clean,clean,clean,substitution,nhảm,nhạm,0,0,hoi,nang,nham,nham,nham,nham,true,false,tone_substitution,,,false,false,false,false,NHẢM NHÍ KHI GIỜ HỌC CHÁN PHÈO BUỒN NGỦ QUÁ Ờ BUỒN NGỦ,nhạm nhí khi giờ học chán phèo buồn ngủ quá ở buồn ngủ
aligned_v1,vivos,phowhisper,base,tone_aware_lora,0.1,42,VIVOSDEV15_198_clean,clean,clean,substitution,ờ,ở,10,10,huyen,hoi,ơ,ơ,o,o,true,false,tone_substitution,,,false,false,false,false,NHẢM NHÍ KHI GIỜ HỌC CHÁN PHÈO BUỒN NGỦ QUÁ Ờ BUỒN NGỦ,nhạm nhí khi giờ học chán phèo buồn ngủ quá ở buồn ngủ
aligned_v1,vivos,phowhisper,base,tone_aware_lora,0.1,42,VIVOSDEV15_198_snr0,0,noise,substitution,nhảm,nhạm,0,0,hoi,nang,nham,nham,nham,nham,true,false,tone_substitution,,,false,false,false,false,NHẢM NHÍ KHI GIỜ HỌC CHÁN PHÈO BUỒN NGỦ QUÁ Ờ BUỒN NGỦ,nhạm nhí khi dần mọc sẵn phèo bồn ngủ quá ờ bồn ngủ
aligned_v1,vivos,phowhisper,base,tone_aware_lora,0.1,42,VIVOSDEV15_198_snr10,10,music,substitution,nhảm,nhạm,0,0,hoi,nang,nham,nham,nham,nham,true,false,tone_substitution,,,false,false,false,false,NHẢM NHÍ KHI GIỜ HỌC CHÁN PHÈO BUỒN NGỦ QUÁ Ờ BUỒN NGỦ,nhạm nhí khi giờ học chán phèo buồn ngủ quá ờ buồn ngủ
aligned_v1,vivos,phowhisper,base,tone_aware_lora,0.1,42,VIVOSDEV15_198_snr20,20,speech,substitution,nhảm,nhạm,0,0,hoi,nang,nham,nham,nham,nham,true,false,tone_substitution,,,false,false,false,false,NHẢM NHÍ KHI GIỜ HỌC CHÁN PHÈO BUỒN NGỦ QUÁ Ờ BUỒN NGỦ,nhạm nhí khi giờ học chán phèo buồn ngủ quá ở buồn ngủ
aligned_v1,vivos,phowhisper,base,tone_aware_lora,0.1,42,VIVOSDEV15_198_snr20,20,speech,substitution,ờ,ở,10,10,huyen,hoi,ơ,ơ,o,o,true,false,tone_substitution,,,false,false,false,false,NHẢM NHÍ KHI GIỜ HỌC CHÁN PHÈO BUỒN NGỦ QUÁ Ờ BUỒN NGỦ,nhạm nhí khi giờ học chán phèo buồn ngủ quá ở buồn ngủ
aligned_v1,vivos,phowhisper,base,tone_aware_lora,0.1,42,VIVOSDEV15_198_snr5,5,music,substitution,nhảm,nhạm,0,0,hoi,nang,nham,nham,nham,nham,true,false,tone_substitution,,,false,false,false,false,NHẢM NHÍ KHI GIỜ HỌC CHÁN PHÈO BUỒN NGỦ QUÁ Ờ BUỒN NGỦ,nhạm nhí khi giờ học trán phèo buồn ngủ quá ờ buồn ngủ
aligned_v1,vivos,phowhisper,base,tone_aware_lora,0.1,42,VIVOSDEV15_204_snr0,0,noise,substitution,chúng,chung,1,1,sac,ngang,chung,chung,chung,chung,true,false,tone_loss,,,true,false,false,true,SÁNG CHÚNG TÔI TẠM BIỆT THUNG NAI VÀ NHỮNG CHỦ NHÂN MẾN KHÁCH MỘC MẠC,sáng chung tôi tạm biệt thương mai và những thủ nhân mến tác phẩm vàng
aligned_v1,vivos,phowhisper,base,tone_aware_lora,0.1,42,VIVOSDEV16_051_snr5,5,speech,substitution,nguyễn,nguyện,10,10,nga,nang,nguyên,nguyên,nguyen,nguyen,true,false,tone_substitution,,,false,false,false,false,CA KHÚC ĐƯỢC KHÁN GIẢ YÊU THÍCH NHẤT BÀ TÔI NGUYỄN VĨNH TIẾN,ca khúc được khán giả yêu thích nhất bà tôi nguyện vĩnh tiến
aligned_v1,vivos,phowhisper,base,tone_aware_lora,0.1,42,VIVOSDEV16_154_snr0,0,noise,deletion,ít,,0,,sac,,it,,it,,true,false,word_deletion,,,false,false,false,false,ÍT CÓ CƠ HỘI SỐNG SÓT CHO CÁC HÀNH KHÁCH TRÊN MÁY BAY,số cơ hội sống sót trong các hành khách trên máy bay
aligned_v1,vivos,phowhisper,base,tone_aware_lora,0.1,42,VIVOSDEV16_177_snr0,0,noise,substitution,nghỉ,nghĩ,6,6,hoi,nga,nghi,nghi,nghi,nghi,true,false,tone_substitution,,,false,false,false,false,NẾU THỈNH THOẢNG CÓ VÀI NGÀY NGHỈ NGƯỜI THỤY ĐIỂN THƯỜNG RA ĐẢO CHƠI,nếu chẳng phải có vài ngày nghĩ mùa thời tiện thường ra đảo chơi
aligned_v1,vivos,phowhisper,base,tone_aware_lora,0.1,42,VIVOSDEV16_177_snr10,10,noise,substitution,nghỉ,nghĩ,6,6,hoi,nga,nghi,nghi,nghi,nghi,true,false,tone_substitution,,,false,false,false,false,NẾU THỈNH THOẢNG CÓ VÀI NGÀY NGHỈ NGƯỜI THỤY ĐIỂN THƯỜNG RA ĐẢO CHƠI,nếu thỉnh thoảng có vài ngày nghĩ người thụy điển thường ra đảo chơi
aligned_v1,vivos,phowhisper,base,tone_aware_lora,0.1,42,VIVOSDEV16_177_snr5,5,music,substitution,nghỉ,nghĩ,6,6,hoi,nga,nghi,nghi,nghi,nghi,true,false,tone_substitution,,,false,false,false,false,NẾU THỈNH THOẢNG CÓ VÀI NGÀY NGHỈ NGƯỜI THỤY ĐIỂN THƯỜNG RA ĐẢO CHƠI,nếu thỉnh thoảng có vài ngày nghĩ người thủy thỉ cũng thường ra đảo chơi
aligned_v1,vivos,phowhisper,base,tone_aware_lora,0.1,42,VIVOSDEV16_177_snr5,5,music,substitution,thụy,thủy,8,8,nang,hoi,thuy,thuy,thuy,thuy,true,false,tone_substitution,,,false,false,false,false,NẾU THỈNH THOẢNG CÓ VÀI NGÀY NGHỈ NGƯỜI THỤY ĐIỂN THƯỜNG RA ĐẢO CHƠI,nếu thỉnh thoảng có vài ngày nghĩ người thủy thỉ cũng thường ra đảo chơi
aligned_v1,vivos,phowhisper,base,tone_aware_lora,0.1,42,VIVOSDEV16_233_snr0,0,speech,deletion,xúm,,5,,sac,,xum,,xum,,true,false,word_deletion,,,false,false,false,false,SÁNG RA THẤY DÂN TÌNH XÚM QUANH CON TÊ GIÁC KHỔNG LỒ ĐÃ CHẾT,xoan ra thấy dòng tình tình con tê giác khổng lồ đã chết
aligned_v1,vivos,phowhisper,base,tone_aware_lora,0.1,42,VIVOSDEV17_024_clean,clean,clean,substitution,sọ,sỏ,9,9,nang,hoi,so,so,so,so,true,false,tone_substitution,,,false,false,false,false,RIÊNG ÔNG NGUYỄN VĂN BA BỊ GỖ ĐÈ DẬP SỌ NÃO CHẾT NGAY TẠI CHỖ,riêng ông nguyễn văn ba bị rổ đè dập sỏ não chết ngay tại chỗ
aligned_v1,vivos,phowhisper,base,tone_aware_lora,0.1,42,VIVOSDEV17_024_snr0,0,noise,substitution,dập,đập,8,8,nang,nang,dâp,đâp,dap,dap,false,true,,d_stroke_loss_or_change,d→đ,false,false,false,false,RIÊNG ÔNG NGUYỄN VĂN BA BỊ GỖ ĐÈ DẬP SỌ NÃO CHẾT NGAY TẠI CHỖ,kiên ông nguyễn văn ba bị rỗ đè đập sõ não chết ngay tại chỗ
aligned_v1,vivos,phowhisper,base,tone_aware_lora,0.1,42,VIVOSDEV17_024_snr0,0,noise,substitution,sọ,sõ,9,9,nang,nga,so,so,so,so,true,false,tone_substitution,,,false,false,false,false,RIÊNG ÔNG NGUYỄN VĂN BA BỊ GỖ ĐÈ DẬP SỌ NÃO CHẾT NGAY TẠI CHỖ,kiên ông nguyễn văn ba bị rỗ đè đập sõ não chết ngay tại chỗ
aligned_v1,vivos,phowhisper,base,tone_aware_lora,0.1,42,VIVOSDEV17_024_snr10,10,noise,substitution,sọ,sỏ,9,9,nang,hoi,so,so,so,so,true,false,tone_substitution,,,false,false,false,false,RIÊNG ÔNG NGUYỄN VĂN BA BỊ GỖ ĐÈ DẬP SỌ NÃO CHẾT NGAY TẠI CHỖ,riêng ông nguyễn văn ba bị rổ đè dập sỏ não chết ngay tại chỗ
aligned_v1,vivos,phowhisper,base,tone_aware_lora,0.1,42,VIVOSDEV17_024_snr20,20,speech,substitution,sọ,sỏ,9,9,nang,hoi,so,so,so,so,true,false,tone_substitution,,,false,false,false,false,RIÊNG ÔNG NGUYỄN VĂN BA BỊ GỖ ĐÈ DẬP SỌ NÃO CHẾT NGAY TẠI CHỖ,riêng ông nguyễn văn ba bị rổ đè dập sỏ não chết ngay tại chỗ
aligned_v1,vivos,phowhisper,base,tone_aware_lora,0.1,42,VIVOSDEV17_032_clean,clean,clean,substitution,mỗi,mọi,0,0,nga,nang,môi,moi,moi,moi,false,true,,vowel_quality_loss,ô→o,false,true,false,true,MỖI NGƯỜI NỞ MỘT NỤ CƯỜI VỚI NHỮNG Ý NGHĨA KHÁC NHAU,mọi người nở một nụ cười với những ý nghĩa khác nhau
aligned_v1,vivos,phowhisper,base,tone_aware_lora,0.1,42,VIVOSDEV17_032_snr0,0,noise,substitution,mỗi,mọi,0,0,nga,nang,môi,moi,moi,moi,false,true,,vowel_quality_loss,ô→o,false,true,false,true,MỖI NGƯỜI NỞ MỘT NỤ CƯỜI VỚI NHỮNG Ý NGHĨA KHÁC NHAU,mọi người nở một nụ cười với những ý nghĩa khác nhau
aligned_v1,vivos,phowhisper,base,tone_aware_lora,0.1,42,VIVOSDEV17_032_snr10,10,music,substitution,mỗi,mọi,0,0,nga,nang,môi,moi,moi,moi,false,true,,vowel_quality_loss,ô→o,false,true,false,true,MỖI NGƯỜI NỞ MỘT NỤ CƯỜI VỚI NHỮNG Ý NGHĨA KHÁC NHAU,mọi người nở một nụ cười với những ý nghĩ kháng nhau
aligned_v1,vivos,phowhisper,base,tone_aware_lora,0.1,42,VIVOSDEV17_032_snr20,20,noise,substitution,mỗi,mọi,0,0,nga,nang,môi,moi,moi,moi,false,true,,vowel_quality_loss,ô→o,false,true,false,true,MỖI NGƯỜI NỞ MỘT NỤ CƯỜI VỚI NHỮNG Ý NGHĨA KHÁC NHAU,mọi người nở một nụ cười với những ý nghĩa khác nhau
aligned_v1,vivos,phowhisper,base,tone_aware_lora,0.1,42,VIVOSDEV17_032_snr5,5,music,substitution,mỗi,mọi,0,0,nga,nang,môi,moi,moi,moi,false,true,,vowel_quality_loss,ô→o,false,true,false,true,MỖI NGƯỜI NỞ MỘT NỤ CƯỜI VỚI NHỮNG Ý NGHĨA KHÁC NHAU,mọi người nở một nụ cười với những ý nghĩ khác nhau
aligned_v1,vivos,phowhisper,base,tone_aware_lora,0.1,42,VIVOSDEV17_043_clean,clean,clean,substitution,sóng,sống,8,8,sac,sac,song,sông,song,song,false,true,,vowel_quality_addition,o→ô,false,false,false,false,DO VẬY SẼ ẢNH HƯỞNG TỚI VIỆC THU SÓNG VÔ TUYẾN,do vậy sẽ ảnh hưởng tới việc thu sống vô tuyến
aligned_v1,vivos,phowhisper,base,tone_aware_lora,0.1,42,VIVOSDEV17_043_snr0,0,music,substitution,sóng,sống,8,8,sac,sac,song,sông,song,song,false,true,,vowel_quality_addition,o→ô,false,false,false,false,DO VẬY SẼ ẢNH HƯỞNG TỚI VIỆC THU SÓNG VÔ TUYẾN,do vậy sẽ ảnh hưởng tới việc thu sống vô tuyến
aligned_v1,vivos,phowhisper,base,tone_aware_lora,0.1,42,VIVOSDEV17_043_snr10,10,music,substitution,sóng,sống,8,8,sac,sac,song,sông,song,song,false,true,,vowel_quality_addition,o→ô,false,false,false,false,DO VẬY SẼ ẢNH HƯỞNG TỚI VIỆC THU SÓNG VÔ TUYẾN,do vậy sẽ ảnh hưởng tới việc thu sống vô tuyến
aligned_v1,vivos,phowhisper,base,tone_aware_lora,0.1,42,VIVOSDEV17_043_snr20,20,noise,substitution,sóng,sống,8,8,sac,sac,song,sông,song,song,false,true,,vowel_quality_addition,o→ô,false,false,false,false,DO VẬY SẼ ẢNH HƯỞNG TỚI VIỆC THU SÓNG VÔ TUYẾN,do vậy sẽ ảnh hưởng tới việc thu sống vô tuyến
aligned_v1,vivos,phowhisper,base,tone_aware_lora,0.1,42,VIVOSDEV17_043_snr5,5,noise,substitution,sóng,sống,8,8,sac,sac,song,sông,song,song,false,true,,vowel_quality_addition,o→ô,false,false,false,false,DO VẬY SẼ ẢNH HƯỞNG TỚI VIỆC THU SÓNG VÔ TUYẾN,do vậy sẽ ảnh hưởng tới việc thu sống vô tuyến
aligned_v1,vivos,phowhisper,base,tone_aware_lora,0.1,42,VIVOSDEV17_048_snr10,10,speech,substitution,phụ,phủ,7,7,nang,hoi,phu,phu,phu,phu,true,false,tone_substitution,,,false,false,false,false,PHIM CHIẾU NGUYÊN BẢN TIẾNG PHÁP CÓ PHỤ ĐỀ TIẾNG VIỆT,phim chiếu nguyên vạn tiếng pháp có phủ đề tiếng việt
aligned_v1,vivos,phowhisper,base,tone_aware_lora,0.1,42,VIVOSDEV17_060_snr10,10,music,substitution,bão,bạo,6,6,nga,nang,bao,bao,bao,bao,true,false,tone_substitution,,,false,false,false,false,BÓNG MÀU XANH LÀ VÙNG TÂM BÃO CÓ THỂ ĐI QUA,bóng màu xanh là vùng tâm bạo có thể đi qua
aligned_v1,vivos,phowhisper,base,tone_aware_lora,0.1,42,VIVOSDEV17_062_snr0,0,speech,deletion,căng,,5,,ngang,,căng,,cang,,true,false,word_deletion,,,false,false,false,false,SAU MỘT NGÀY LAO ĐỘNG CĂNG MỆT BẠN ƯU TIÊN CHỌN,sau một ngày lao động căn bệnh ưu tiên chọn
aligned_v1,vivos,phowhisper,base,tone_aware_lora,0.1,42,VIVOSDEV17_090_snr5,5,music,substitution,hả,hạ,10,10,hoi,nang,ha,ha,ha,ha,true,false,tone_substitution,,,false,false,false,false,BÂY GIỜ THÌ ĐÁNG ĐƯỢC KHEN LÀ THÔNG MINH CHỨ HẢ,bây giờ thì đáng được khen là thông minh chứ hạ
aligned_v1,vivos,phowhisper,base,tone_aware_lora,0.1,42,VIVOSDEV17_099_clean,clean,clean,substitution,chị,chỉ,0,0,nang,hoi,chi,chi,chi,chi,true,false,tone_substitution,,,false,false,false,false,CHỊ TÌM NHÀ CHO EM Ở TRỌ NGAY CỔNG TRƯỜNG CHỊ HỌC,chỉ tìm nhà cho em ở trọ ngay cổng trường chỉ học
aligned_v1,vivos,phowhisper,base,tone_aware_lora,0.1,42,VIVOSDEV17_099_clean,clean,clean,substitution,chị,chỉ,10,10,nang,hoi,chi,chi,chi,chi,true,false,tone_substitution,,,false,false,false,false,CHỊ TÌM NHÀ CHO EM Ở TRỌ NGAY CỔNG TRƯỜNG CHỊ HỌC,chỉ tìm nhà cho em ở trọ ngay cổng trường chỉ học
aligned_v1,vivos,phowhisper,base,tone_aware_lora,0.1,42,VIVOSDEV17_099_snr0,0,music,substitution,chị,chỉ,0,0,nang,hoi,chi,chi,chi,chi,true,false,tone_substitution,,,false,false,false,false,CHỊ TÌM NHÀ CHO EM Ở TRỌ NGAY CỔNG TRƯỜNG CHỊ HỌC,chỉ tìm nhà cho em ở trọ ngay cổng trường chỉ học
aligned_v1,vivos,phowhisper,base,tone_aware_lora,0.1,42,VIVOSDEV17_099_snr0,0,music,substitution,chị,chỉ,10,10,nang,hoi,chi,chi,chi,chi,true,false,tone_substitution,,,false,false,false,false,CHỊ TÌM NHÀ CHO EM Ở TRỌ NGAY CỔNG TRƯỜNG CHỊ HỌC,chỉ tìm nhà cho em ở trọ ngay cổng trường chỉ học
aligned_v1,vivos,phowhisper,base,tone_aware_lora,0.1,42,VIVOSDEV17_099_snr10,10,music,substitution,chị,chỉ,0,0,nang,hoi,chi,chi,chi,chi,true,false,tone_substitution,,,false,false,false,false,CHỊ TÌM NHÀ CHO EM Ở TRỌ NGAY CỔNG TRƯỜNG CHỊ HỌC,chỉ tìm nhà cho em ở trọ ngay cổng trường chỉ học
aligned_v1,vivos,phowhisper,base,tone_aware_lora,0.1,42,VIVOSDEV17_099_snr10,10,music,substitution,chị,chỉ,10,10,nang,hoi,chi,chi,chi,chi,true,false,tone_substitution,,,false,false,false,false,CHỊ TÌM NHÀ CHO EM Ở TRỌ NGAY CỔNG TRƯỜNG CHỊ HỌC,chỉ tìm nhà cho em ở trọ ngay cổng trường chỉ học
aligned_v1,vivos,phowhisper,base,tone_aware_lora,0.1,42,VIVOSDEV17_099_snr20,20,music,substitution,chị,chỉ,0,0,nang,hoi,chi,chi,chi,chi,true,false,tone_substitution,,,false,false,false,false,CHỊ TÌM NHÀ CHO EM Ở TRỌ NGAY CỔNG TRƯỜNG CHỊ HỌC,chỉ tìm nhà cho em ở trọ ngay cổng trường chỉ học
aligned_v1,vivos,phowhisper,base,tone_aware_lora,0.1,42,VIVOSDEV17_099_snr20,20,music,substitution,chị,chỉ,10,10,nang,hoi,chi,chi,chi,chi,true,false,tone_substitution,,,false,false,false,false,CHỊ TÌM NHÀ CHO EM Ở TRỌ NGAY CỔNG TRƯỜNG CHỊ HỌC,chỉ tìm nhà cho em ở trọ ngay cổng trường chỉ học
aligned_v1,vivos,phowhisper,base,tone_aware_lora,0.1,42,VIVOSDEV17_099_snr5,5,speech,substitution,chị,chỉ,0,0,nang,hoi,chi,chi,chi,chi,true,false,tone_substitution,,,false,false,false,false,CHỊ TÌM NHÀ CHO EM Ở TRỌ NGAY CỔNG TRƯỜNG CHỊ HỌC,chỉ tìm nhà cho em ở trọ ngay cổng trường chịu học
aligned_v1,vivos,phowhisper,base,tone_aware_lora,0.1,42,VIVOSDEV17_120_snr0,0,speech,substitution,bản,bạn,2,2,hoi,nang,ban,ban,ban,ban,true,false,tone_substitution,,,false,false,false,false,SAU ĐÓ BẢN THÂN HỌC SINH PHẢI LÀM ĐƠN XIN HỌC BỔNG,sau đó bạn thân hằng sinh phải làm đơn xin học học
aligned_v1,vivos,phowhisper,base,tone_aware_lora,0.1,42,VIVOSDEV17_208_clean,clean,clean,substitution,phủ,phụ,9,9,hoi,nang,phu,phu,phu,phu,true,false,tone_substitution,,,false,false,false,false,NHƯNG CHẲNG CÓ ĐIỂM SẢN XUẤT NÀO DÙNG BẠT PHỦ CHE CHẮN,nhưng chẳng có điểm sản xuất nào dùng bạc phụ che chắn
aligned_v1,vivos,phowhisper,base,tone_aware_lora,0.1,42,VIVOSDEV17_208_snr0,0,noise,substitution,phủ,phụ,9,9,hoi,nang,phu,phu,phu,phu,true,false,tone_substitution,,,false,false,false,false,NHƯNG CHẲNG CÓ ĐIỂM SẢN XUẤT NÀO DÙNG BẠT PHỦ CHE CHẮN,nhưng chẳng có điểm sản xuất nào dùng bạc phụ che chắn
aligned_v1,vivos,phowhisper,base,tone_aware_lora,0.1,42,VIVOSDEV17_208_snr20,20,noise,substitution,phủ,phụ,9,9,hoi,nang,phu,phu,phu,phu,true,false,tone_substitution,,,false,false,false,false,NHƯNG CHẲNG CÓ ĐIỂM SẢN XUẤT NÀO DÙNG BẠT PHỦ CHE CHẮN,nhưng chẳng có điểm sản xuất nào dùng bạc phụ che chắn
aligned_v1,vivos,phowhisper,base,tone_aware_lora,0.1,42,VIVOSDEV17_208_snr5,5,noise,substitution,phủ,phụ,9,9,hoi,nang,phu,phu,phu,phu,true,false,tone_substitution,,,false,false,false,false,NHƯNG CHẲNG CÓ ĐIỂM SẢN XUẤT NÀO DÙNG BẠT PHỦ CHE CHẮN,nhưng chẳng có điểm sản xuất nào dùng bạc phụ che chắn
aligned_v1,vivos,phowhisper,base,tone_aware_lora,0.1,42,VIVOSDEV17_217_snr10,10,music,substitution,đồng,động,2,2,huyen,nang,đông,đông,dong,dong,true,false,tone_substitution,,,false,false,false,false,THÌ HỢP ĐỒNG THẾ CHẤP NÀY CŨNG KHÔNG CÓ GIÁ TRỊ PHÁP LÝ,thì hoạt động thế chấp này cũng không có giá trị tâm lý
aligned_v1,vivos,phowhisper,base,tone_aware_lora,0.1,42,VIVOSDEV17_217_snr5,5,speech,substitution,đồng,động,2,2,huyen,nang,đông,đông,dong,dong,true,false,tone_substitution,,,false,false,false,false,THÌ HỢP ĐỒNG THẾ CHẤP NÀY CŨNG KHÔNG CÓ GIÁ TRỊ PHÁP LÝ,thì hành động thế chấp này cũng không có giá trị pháp lý hầu như vậy
aligned_v1,vivos,phowhisper,base,tone_aware_lora,0.1,42,VIVOSDEV17_271_clean,clean,clean,substitution,cộng,cổng,11,11,nang,hoi,công,công,cong,cong,true,false,tone_substitution,,,false,false,false,false,GIẢI NHẤT HUY CHƯƠNG VÀNG THUỘC VỀ NHÀ NHIẾP ẢNH CỦA CỘNG HÒA SÉC,giải nhất huy chương vàng thuộc về nhà nhiếp ảnh của cổng hoà sét
aligned_v1,vivos,phowhisper,base,tone_aware_lora,0.1,42,VIVOSDEV17_271_snr0,0,music,substitution,cộng,cổng,11,11,nang,hoi,công,công,cong,cong,true,false,tone_substitution,,,false,false,false,false,GIẢI NHẤT HUY CHƯƠNG VÀNG THUỘC VỀ NHÀ NHIẾP ẢNH CỦA CỘNG HÒA SÉC,giải nhất huy chương vàng thuộc về nhà nhiếp ảnh của cổng hòa phố
aligned_v1,vivos,phowhisper,base,tone_aware_lora,0.1,42,VIVOSDEV17_271_snr10,10,noise,substitution,cộng,cổng,11,11,nang,hoi,công,công,cong,cong,true,false,tone_substitution,,,false,false,false,false,GIẢI NHẤT HUY CHƯƠNG VÀNG THUỘC VỀ NHÀ NHIẾP ẢNH CỦA CỘNG HÒA SÉC,giải nhất huy chương vàng thuộc về nhà nhiếp ảnh của cổng hoà sét
aligned_v1,vivos,phowhisper,base,tone_aware_lora,0.1,42,VIVOSDEV17_271_snr20,20,music,substitution,cộng,cổng,11,11,nang,hoi,công,công,cong,cong,true,false,tone_substitution,,,false,false,false,false,GIẢI NHẤT HUY CHƯƠNG VÀNG THUỘC VỀ NHÀ NHIẾP ẢNH CỦA CỘNG HÒA SÉC,giải nhất huy chương vàng thuộc về nhà nhiếp ảnh của cổng hoà sét
aligned_v1,vivos,phowhisper,base,tone_aware_lora,0.1,42,VIVOSDEV17_271_snr5,5,noise,substitution,cộng,cổng,11,11,nang,hoi,công,công,cong,cong,true,false,tone_substitution,,,false,false,false,false,GIẢI NHẤT HUY CHƯƠNG VÀNG THUỘC VỀ NHÀ NHIẾP ẢNH CỦA CỘNG HÒA SÉC,giải nhất huy chương vàng thuộc về nhà nhiếp ảnh của cổng hoà sét
aligned_v1,vivos,phowhisper,base,tone_aware_lora,0.1,42,VIVOSDEV17_299_snr0,0,speech,deletion,mài,,10,,huyen,,mai,,mai,,true,false,word_deletion,,,false,false,false,false,KHAI MẠC TRIỂN LÃM QUY MÔ LỚN VỀ TRANH SƠN MÀI VIỆT NAM,hai mảng triển lãm khi mô lớn về tranh sơn bày nam
aligned_v1,vivos,phowhisper,base,tone_aware_lora,0.1,42,VIVOSDEV18_006_snr5,5,speech,substitution,bài,bái,5,5,huyen,sac,bai,bai,bai,bai,true,false,tone_substitution,,,false,false,false,false,KHÔNG NÊN CHỈ DỰA VÀO BÀI VIẾT CỦA BẠN ĐỂ THUYẾT MINH THÊM,không nên chỉ dựa vào bái viết của bạn để thuyết minh thêm
aligned_v1,vivos,phowhisper,base,tone_aware_lora,0.1,42,VIVOSDEV18_017_snr0,0,noise,substitution,giá,già,7,7,sac,huyen,gia,gia,gia,gia,true,false,tone_substitution,,,false,false,false,false,TUY NHIÊN HỢP ĐỒNG NÀY CHỈ CÓ GIÁ TRỊ TRONG NHỮNG NGÀY BÌNH THƯỜNG,đông nhiên hợp đồng này chỉ quá già chịu trong những ngày bình thường
aligned_v1,vivos,phowhisper,base,tone_aware_lora,0.1,42,VIVOSDEV18_064_clean,clean,clean,substitution,hóa,hoa,2,2,sac,ngang,hoa,hoa,hoa,hoa,true,false,tone_loss,,,true,false,false,true,TẤT NHIÊN HÓA ĐƠN TIỀN NƯỚC CŨNG KÈM LUÔN KHOẢN TIỀN,tất nhiên hoa đơn tiền nước cũng kèm theo luôn khoản tiền
aligned_v1,vivos,phowhisper,base,tone_aware_lora,0.1,42,VIVOSDEV18_064_snr0,0,noise,substitution,hóa,hoa,2,2,sac,ngang,hoa,hoa,hoa,hoa,true,false,tone_loss,,,true,false,false,true,TẤT NHIÊN HÓA ĐƠN TIỀN NƯỚC CŨNG KÈM LUÔN KHOẢN TIỀN,tất nhiên hoa đơn tiền nước cũng kèm theo luôn khoản tiền
aligned_v1,vivos,phowhisper,base,tone_aware_lora,0.1,42,VIVOSDEV18_064_snr10,10,music,substitution,hóa,hoa,2,2,sac,ngang,hoa,hoa,hoa,hoa,true,false,tone_loss,,,true,false,false,true,TẤT NHIÊN HÓA ĐƠN TIỀN NƯỚC CŨNG KÈM LUÔN KHOẢN TIỀN,tất nhiên hoa đơn tiền nước cũng kèm theo luôn khoản tiền
aligned_v1,vivos,phowhisper,base,tone_aware_lora,0.1,42,VIVOSDEV18_064_snr20,20,music,substitution,khoản,khoán,9,10,hoi,sac,khoan,khoan,khoan,khoan,true,false,tone_substitution,,,false,false,false,false,TẤT NHIÊN HÓA ĐƠN TIỀN NƯỚC CŨNG KÈM LUÔN KHOẢN TIỀN,tất nhiên hóa đơn tiền nước cũng kèm theo luôn khoán tiền
aligned_v1,vivos,phowhisper,base,tone_aware_lora,0.1,42,VIVOSDEV18_064_snr5,5,noise,substitution,hóa,hoa,2,2,sac,ngang,hoa,hoa,hoa,hoa,true,false,tone_loss,,,true,false,false,true,TẤT NHIÊN HÓA ĐƠN TIỀN NƯỚC CŨNG KÈM LUÔN KHOẢN TIỀN,tất nhiên hoa đơn tiền nước cũng kèm theo luôn khoản tiền
aligned_v1,vivos,phowhisper,base,tone_aware_lora,0.1,42,VIVOSDEV18_065_snr0,0,music,substitution,mái,mãi,11,11,sac,nga,mai,mai,mai,mai,true,false,tone_substitution,,,false,false,false,false,CHÚC BẠN ĐỌC CÓ THẬT NHIỀU THỜI GIAN THƯ GIÃN THOẢI MÁI,các bạn đọc gió thật nhiều thời gian khi đã giỏi mãi
aligned_v1,vivos,phowhisper,base,tone_aware_lora,0.1,42,VIVOSDEV18_155_clean,clean,clean,substitution,thình,thịnh,5,5,huyen,nang,thinh,thinh,thinh,thinh,true,false,tone_substitution,,,false,false,false,false,NGƯỜI ĐÀN ÔNG TRÊN GIƯỜNG THÌNH LÌNH RÊN LÊN MỘT TIẾNG RỒI MỞ MẮT,người đàn ông trên giường thịnh lìn rên lên một tiếng rồi mở mắt
aligned_v1,vivos,phowhisper,base,tone_aware_lora,0.1,42,VIVOSDEV18_155_snr10,10,noise,substitution,thình,thịnh,5,5,huyen,nang,thinh,thinh,thinh,thinh,true,false,tone_substitution,,,false,false,false,false,NGƯỜI ĐÀN ÔNG TRÊN GIƯỜNG THÌNH LÌNH RÊN LÊN MỘT TIẾNG RỒI MỞ MẮT,người đàn ông trên giường thịnh lìn lên lên một tiếng rồi mở mắt
aligned_v1,vivos,phowhisper,base,tone_aware_lora,0.1,42,VIVOSDEV18_155_snr20,20,music,substitution,thình,thịnh,5,5,huyen,nang,thinh,thinh,thinh,thinh,true,false,tone_substitution,,,false,false,false,false,NGƯỜI ĐÀN ÔNG TRÊN GIƯỜNG THÌNH LÌNH RÊN LÊN MỘT TIẾNG RỒI MỞ MẮT,người đàn ông trên giường thịnh lìn rên lên một tiếng rồi mở mắt
aligned_v1,vivos,phowhisper,base,tone_aware_lora,0.1,42,VIVOSDEV18_191_snr0,0,noise,deletion,vị,,0,,nang,,vi,,vi,,true,false,word_deletion,,,false,false,false,false,VỊ BÁC SĨ HIỀN LÀNH ẤY CÓ NHỮNG LÝ THUYẾT TRỒNG CÂY THẬT THÚ VỊ,bác sĩ hiện lại ấy có những ý thuyết trồng cây thật thú vị
aligned_v1,vivos,phowhisper,base,tone_aware_lora,0.1,42,VIVOSDEV18_191_snr0,0,noise,substitution,hiền,hiện,3,2,huyen,nang,hiên,hiên,hien,hien,true,false,tone_substitution,,,false,false,false,false,VỊ BÁC SĨ HIỀN LÀNH ẤY CÓ NHỮNG LÝ THUYẾT TRỒNG CÂY THẬT THÚ VỊ,bác sĩ hiện lại ấy có những ý thuyết trồng cây thật thú vị
aligned_v1,vivos,phowhisper,base,tone_aware_lora,0.1,42,VIVOSDEV18_199_snr0,0,music,deletion,hiển,,0,,hoi,,hiên,,hien,,true,false,word_deletion,,,false,false,false,false,HIỂN NHIÊN KHÔNG AI MUỐN XUẤT HIỆN BÊN CẠNH MỘT NGƯỜI NHƯ VẬY,nhưng không ai muốn xuất hiện bên cộng một người như vậy
aligned_v1,vivos,phowhisper,base,tone_aware_lora,0.1,42,VIVOSDEV18_199_snr10,10,speech,deletion,hiển,,0,,hoi,,hiên,,hien,,true,false,word_deletion,,,false,false,false,false,HIỂN NHIÊN KHÔNG AI MUỐN XUẤT HIỆN BÊN CẠNH MỘT NGƯỜI NHƯ VẬY,nhiên không ai muốn xuất hiện bên cạnh một người như vậy
aligned_v1,vivos,phowhisper,base,tone_aware_lora,0.1,42,VIVOSDEV18_199_snr5,5,noise,deletion,hiển,,0,,hoi,,hiên,,hien,,true,false,word_deletion,,,false,false,false,false,HIỂN NHIÊN KHÔNG AI MUỐN XUẤT HIỆN BÊN CẠNH MỘT NGƯỜI NHƯ VẬY,nhưng không ai muốn xuất hiện bên cạnh một người như vậy
aligned_v1,vivos,phowhisper,base,tone_aware_lora,0.1,42,VIVOSDEV18_214_clean,clean,clean,substitution,tụ,tủ,11,11,nang,hoi,tu,tu,tu,tu,true,false,tone_substitution,,,false,false,false,false,KIỂU HÀI DUNG TỤC VẪN CỨ LỀNH KHÊNH Ở MỘT SỐ TỤ ĐIỂM,kiểu hài dung tục vẫn cứ lần khần ở một số tủ điểm
aligned_v1,vivos,phowhisper,base,tone_aware_lora,0.1,42,VIVOSDEV18_214_snr0,0,music,substitution,hài,hải,1,1,huyen,hoi,hai,hai,hai,hai,true,false,tone_substitution,,,false,false,false,false,KIỂU HÀI DUNG TỤC VẪN CỨ LỀNH KHÊNH Ở MỘT SỐ TỤ ĐIỂM,tiểu hải dùng thực tức cuối lần khẩn thận một số thủ tục đi áp
aligned_v1,vivos,phowhisper,base,tone_aware_lora,0.1,42,VIVOSDEV18_214_snr0,0,music,substitution,dung,dùng,2,2,ngang,huyen,dung,dung,dung,dung,true,false,tone_addition,,,false,false,false,false,KIỂU HÀI DUNG TỤC VẪN CỨ LỀNH KHÊNH Ở MỘT SỐ TỤ ĐIỂM,tiểu hải dùng thực tức cuối lần khẩn thận một số thủ tục đi áp
aligned_v1,vivos,phowhisper,base,tone_aware_lora,0.1,42,VIVOSDEV18_214_snr10,10,noise,substitution,tụ,tủ,11,11,nang,hoi,tu,tu,tu,tu,true,false,tone_substitution,,,false,false,false,false,KIỂU HÀI DUNG TỤC VẪN CỨ LỀNH KHÊNH Ở MỘT SỐ TỤ ĐIỂM,kiểu hài dung tục vẫn cứ lần khần ở một số tủ điểm
aligned_v1,vivos,phowhisper,base,tone_aware_lora,0.1,42,VIVOSDEV18_214_snr20,20,speech,substitution,tụ,tủ,11,11,nang,hoi,tu,tu,tu,tu,true,false,tone_substitution,,,false,false,false,false,KIỂU HÀI DUNG TỤC VẪN CỨ LỀNH KHÊNH Ở MỘT SỐ TỤ ĐIỂM,kiểu hài dung tục vẫn cứ lần khần ở một số tủ điểm
aligned_v1,vivos,phowhisper,base,tone_aware_lora,0.1,42,VIVOSDEV18_214_snr5,5,speech,substitution,khênh,khềnh,7,7,ngang,huyen,khênh,khênh,khenh,khenh,true,false,tone_addition,,,false,false,false,false,KIỂU HÀI DUNG TỤC VẪN CỨ LỀNH KHÊNH Ở MỘT SỐ TỤ ĐIỂM,kiểu hay dung tục vẫn cứ lên khềnh ở một số tủ điểm
aligned_v1,vivos,phowhisper,base,tone_aware_lora,0.1,42,VIVOSDEV18_214_snr5,5,speech,substitution,tụ,tủ,11,11,nang,hoi,tu,tu,tu,tu,true,false,tone_substitution,,,false,false,false,false,KIỂU HÀI DUNG TỤC VẪN CỨ LỀNH KHÊNH Ở MỘT SỐ TỤ ĐIỂM,kiểu hay dung tục vẫn cứ lên khềnh ở một số tủ điểm
aligned_v1,vivos,phowhisper,base,tone_aware_lora,0.1,42,VIVOSDEV18_252_clean,clean,clean,substitution,má,mã,9,9,sac,nga,ma,ma,ma,ma,true,false,tone_substitution,,,false,false,false,false,LÚC ĐÓ CHỊ TƯỞNG LÀM NHƯ VẬY CŨNG LÀM MÁ VUI,lúc đó chị tưởng làm như vậy cũng làm mã vui
aligned_v1,vivos,phowhisper,base,tone_aware_lora,0.1,42,VIVOSDEV18_252_snr10,10,music,substitution,má,mã,9,9,sac,nga,ma,ma,ma,ma,true,false,tone_substitution,,,false,false,false,false,LÚC ĐÓ CHỊ TƯỞNG LÀM NHƯ VẬY CŨNG LÀM MÁ VUI,lúc đó chị tưởng làm như vậy cũng làm mã vui
aligned_v1,vivos,phowhisper,base,tone_aware_lora,0.1,42,VIVOSDEV18_252_snr20,20,noise,substitution,má,mã,9,9,sac,nga,ma,ma,ma,ma,true,false,tone_substitution,,,false,false,false,false,LÚC ĐÓ CHỊ TƯỞNG LÀM NHƯ VẬY CŨNG LÀM MÁ VUI,lúc đó chị tưởng làm như vậy cũng làm mã vui
aligned_v1,vivos,phowhisper,base,tone_aware_lora,0.1,42,VIVOSDEV18_279_clean,clean,clean,substitution,mỡ,mở,8,8,nga,hoi,mơ,mơ,mo,mo,true,false,tone_substitution,,,false,false,false,false,NHỮNG SẢN PHẨM GIÚP NỞ NGỰC VÀ TAN MỠ CẤP TỐC ẢNH YẾN TRINH,những sản phẩm giúp nở ngực và tan mở cấp tấp ảnh hưởng đến yến trinh
aligned_v1,vivos,phowhisper,base,tone_aware_lora,0.1,42,VIVOSDEV18_279_snr0,0,noise,deletion,những,,0,,nga,,nhưng,,nhung,,true,false,word_deletion,,,false,false,false,false,NHỮNG SẢN PHẨM GIÚP NỞ NGỰC VÀ TAN MỠ CẤP TỐC ẢNH YẾN TRINH,sản phẩm giúp nở ngực và tan nợ hấpấp tốt khi xuống chiến tim
aligned_v1,vivos,phowhisper,base,tone_aware_lora,0.1,42,VIVOSDEV18_279_snr20,20,noise,substitution,mỡ,mở,8,8,nga,hoi,mơ,mơ,mo,mo,true,false,tone_substitution,,,false,false,false,false,NHỮNG SẢN PHẨM GIÚP NỞ NGỰC VÀ TAN MỠ CẤP TỐC ẢNH YẾN TRINH,những sản phẩm giúp nở ngực và tan mở cấp tấp ảnh hưởng đến yến trinh
aligned_v1,vivos,phowhisper,base,tone_aware_lora,0.1,42,VIVOSDEV18_279_snr5,5,noise,substitution,mỡ,mở,8,8,nga,hoi,mơ,mơ,mo,mo,true,false,tone_substitution,,,false,false,false,false,NHỮNG SẢN PHẨM GIÚP NỞ NGỰC VÀ TAN MỠ CẤP TỐC ẢNH YẾN TRINH,những sản phẩm giúp nở ngực và tan mở cấp tấp ảnh hưởng đến tiến trình
aligned_v1,vivos,phowhisper,base,tone_aware_lora,0.1,42,VIVOSDEV18_279_snr5,5,noise,substitution,trinh,trình,13,15,ngang,huyen,trinh,trinh,trinh,trinh,true,false,tone_addition,,,false,false,false,false,NHỮNG SẢN PHẨM GIÚP NỞ NGỰC VÀ TAN MỠ CẤP TỐC ẢNH YẾN TRINH,những sản phẩm giúp nở ngực và tan mở cấp tấp ảnh hưởng đến tiến trình
aligned_v1,vivos,phowhisper,base,tone_aware_lora,0.1,42,VIVOSDEV18_293_snr0,0,speech,deletion,kiểm,,0,,hoi,,kiêm,,kiem,,true,false,word_deletion,,,false,false,false,false,KIỂM TRA TRUNG TÂM NÀY CÔNG AN ĐÃ BẮT GIỮ TỚI,cha trung tâm này công an đã bắt tiểu tới
aligned_v1,vivos,phowhisper,base,tone_aware_lora,0.1,42,VIVOSDEV18_293_snr10,10,speech,deletion,kiểm,,0,,hoi,,kiêm,,kiem,,true,false,word_deletion,,,false,false,false,false,KIỂM TRA TRUNG TÂM NÀY CÔNG AN ĐÃ BẮT GIỮ TỚI,trang trung tâm này công an đã bắt giữ tới
aligned_v1,vivos,phowhisper,base,tone_aware_lora,0.1,42,VIVOSDEV18_293_snr5,5,music,deletion,kiểm,,0,,hoi,,kiêm,,kiem,,true,false,word_deletion,,,false,false,false,false,KIỂM TRA TRUNG TÂM NÀY CÔNG AN ĐÃ BẮT GIỮ TỚI,cha trung tâm này công an đã bắt giữ tới
aligned_v1,vivos,phowhisper,base,tone_aware_lora,0.1,42,VIVOSDEV19_008_snr20,20,speech,substitution,cảnh,cạnh,8,8,hoi,nang,canh,canh,canh,canh,true,false,tone_substitution,,,false,false,false,false,TỪ ĐÓ LẠI SA ĐÀ VÀO NHIỀU NGHỊCH CẢNH ĐÁNG TIẾC,từ đó lại xa đà vào nhiều nghịch cạnh đáng tiếc
aligned_v1,vivos,phowhisper,base,tone_aware_lora,0.1,42,VIVOSDEV19_020_snr0,0,noise,substitution,phỏng,phòng,4,4,hoi,huyen,phong,phong,phong,phong,true,false,tone_substitution,,,false,false,false,false,LÊN CÁC CUỘC HẸN PHỎNG VẤN VÀ THỰC HIỆN PHỎNG VẤN,lên các cuộc hẹn phòng bón và thực hiện phòng bón
aligned_v1,vivos,phowhisper,base,tone_aware_lora,0.1,42,VIVOSDEV19_020_snr0,0,noise,substitution,phỏng,phòng,9,9,hoi,huyen,phong,phong,phong,phong,true,false,tone_substitution,,,false,false,false,false,LÊN CÁC CUỘC HẸN PHỎNG VẤN VÀ THỰC HIỆN PHỎNG VẤN,lên các cuộc hẹn phòng bón và thực hiện phòng bón
aligned_v1,vivos,phowhisper,base,tone_aware_lora,0.1,42,VIVOSDEV19_061_snr5,5,music,substitution,bị,bí,10,10,nang,sac,bi,bi,bi,bi,true,false,tone_substitution,,,false,false,false,false,ĐỂ NHỮNG KHÓ KHĂN VÀ MÂU THUẪN DẦN DẦN SẼ BỊ ĐẨY LUI,để những khó khăn và mâu thuẫn dần dần sẽ bí đẩy lui
aligned_v1,vivos,phowhisper,base,tone_aware_lora,0.1,42,VIVOSDEV19_169_snr0,0,noise,deletion,xa,,7,,ngang,,xa,,xa,,true,false,word_deletion,,,false,false,false,false,NHANH QUÁ ĐÃ LÀ LẦN THỨ BA XA NHÀ RỒI ĐẤY,việt anh quá đã là lần thứ ba sang điều đấy
aligned_v1,vivos,phowhisper,base,tone_aware_lora,0.1,42,VIVOSDEV19_218_snr0,0,noise,substitution,mất,mắt,10,10,sac,sac,mât,măt,mat,mat,false,true,,vowel_quality_substitution,â→ă,false,false,false,false,NÓI CÁCH KHÁC CÁI ĐƯỢC CỦA CHÂU Á LÀ CÁI MẤT CỦA CHÂU PHI,nói cách khác cái được của châu á là cái mắt của châu phi
aligned_v1,vivos,phowhisper,base,tone_aware_lora,0.1,42,VIVOSDEV19_246_snr10,10,music,substitution,đổi,đội,8,8,hoi,nang,đôi,đôi,doi,doi,true,false,tone_substitution,,,false,false,false,false,VỢ LỠ CÓ TẬT THẾ ANH NÊN THAY ĐỔI CÁCH TIẾP CẬN,vợ lỡ có tật thế anh nên hay đội cách tiếp cận
aligned_v1,vivos,phowhisper,base,tone_aware_lora,0.1,42,VIVOSDEV19_262_snr0,0,speech,substitution,mãi,mải,6,6,nga,hoi,mai,mai,mai,mai,true,false,tone_substitution,,,false,false,false,false,ĐỂ RỒI CHÚNG TA KHAO KHÁT MÃI TRONG VÒNG LUÂN HỒI NHÂN GIAN,để rồi chúng ta thoát khắp mải trong mặt luôn ngồi nghe nhang
aligned_v1,vivos,phowhisper,base,tone_aware_lora,0.1,42,VIVOSDEV19_262_snr10,10,noise,substitution,mãi,mải,6,6,nga,hoi,mai,mai,mai,mai,true,false,tone_substitution,,,false,false,false,false,ĐỂ RỒI CHÚNG TA KHAO KHÁT MÃI TRONG VÒNG LUÂN HỒI NHÂN GIAN,để rồi chúng ta khai thác mải trong vòng luân hồ dân gian
