section,artifact,old_scope,new_scope,run_identity,metric,statistic,old_value,new_value,delta_new_minus_old,comparability,reason,old_row_count,new_row_count,old_sample_count,new_sample_count,old_manifest_sha256,new_manifest_sha256,old_protocol_label,new_protocol_label,old_artifact_sha256,new_artifact_sha256,decision_lock_sha256
final_bootstrap_new_only,bootstrap_ci_final.csv,legacy_vivos_300/no_equivalent_source_cluster_ci,paper_v2_locked_vivos_460/source_utt_id_cluster,ordinary_baseline->locked_control,cer,delta_b_minus_a,,-0.001342620634,,not_comparable_new_protocol_only,legacy final-test CI is not scope-compatible with the new unseen source-cluster benchmark,0,12,,460,,89712f4873a6de7fb84f912d2380419fc48f56c7499ebed5f62528c749a2a146,legacy_exposed_test,paper_v2_unseen_final_cluster_bootstrap,,92d6e436bb19148900cf54f3613e57c16903ab51b7a433e54038b988cc8b9d7e,ccaeadc332fb38449fc6063143b190b1498e49dd2d6e39dd471a2174ab5aca8d
final_bootstrap_new_only,bootstrap_ci_final.csv,legacy_vivos_300/no_equivalent_source_cluster_ci,paper_v2_locked_vivos_460/source_utt_id_cluster,ordinary_baseline->locked_control,der,delta_b_minus_a,,0.000152575973,,not_comparable_new_protocol_only,legacy final-test CI is not scope-compatible with the new unseen source-cluster benchmark,0,12,,460,,89712f4873a6de7fb84f912d2380419fc48f56c7499ebed5f62528c749a2a146,legacy_exposed_test,paper_v2_unseen_final_cluster_bootstrap,,92d6e436bb19148900cf54f3613e57c16903ab51b7a433e54038b988cc8b9d7e,ccaeadc332fb38449fc6063143b190b1498e49dd2d6e39dd471a2174ab5aca8d
final_bootstrap_new_only,bootstrap_ci_final.csv,legacy_vivos_300/no_equivalent_source_cluster_ci,paper_v2_locked_vivos_460/source_utt_id_cluster,ordinary_baseline->locked_control,ter,delta_b_minus_a,,0.000837969319,,not_comparable_new_protocol_only,legacy final-test CI is not scope-compatible with the new unseen source-cluster benchmark,0,12,,460,,89712f4873a6de7fb84f912d2380419fc48f56c7499ebed5f62528c749a2a146,legacy_exposed_test,paper_v2_unseen_final_cluster_bootstrap,,92d6e436bb19148900cf54f3613e57c16903ab51b7a433e54038b988cc8b9d7e,ccaeadc332fb38449fc6063143b190b1498e49dd2d6e39dd471a2174ab5aca8d
final_bootstrap_new_only,bootstrap_ci_final.csv,legacy_vivos_300/no_equivalent_source_cluster_ci,paper_v2_locked_vivos_460/source_utt_id_cluster,ordinary_baseline->locked_control,wer,delta_b_minus_a,,0.000214592275,,not_comparable_new_protocol_only,legacy final-test CI is not scope-compatible with the new unseen source-cluster benchmark,0,12,,460,,89712f4873a6de7fb84f912d2380419fc48f56c7499ebed5f62528c749a2a146,legacy_exposed_test,paper_v2_unseen_final_cluster_bootstrap,,92d6e436bb19148900cf54f3613e57c16903ab51b7a433e54038b988cc8b9d7e,ccaeadc332fb38449fc6063143b190b1498e49dd2d6e39dd471a2174ab5aca8d
final_bootstrap_new_only,bootstrap_ci_final.csv,legacy_vivos_300/no_equivalent_source_cluster_ci,paper_v2_locked_vivos_460/source_utt_id_cluster,ordinary_baseline->selected_method,cer,delta_b_minus_a,,-0.001716131637,,not_comparable_new_protocol_only,legacy final-test CI is not scope-compatible with the new unseen source-cluster benchmark,0,12,,460,,89712f4873a6de7fb84f912d2380419fc48f56c7499ebed5f62528c749a2a146,legacy_exposed_test,paper_v2_unseen_final_cluster_bootstrap,,92d6e436bb19148900cf54f3613e57c16903ab51b7a433e54038b988cc8b9d7e,ccaeadc332fb38449fc6063143b190b1498e49dd2d6e39dd471a2174ab5aca8d
final_bootstrap_new_only,bootstrap_ci_final.csv,legacy_vivos_300/no_equivalent_source_cluster_ci,paper_v2_locked_vivos_460/source_utt_id_cluster,ordinary_baseline->selected_method,der,delta_b_minus_a,,-0.000242457672,,not_comparable_new_protocol_only,legacy final-test CI is not scope-compatible with the new unseen source-cluster benchmark,0,12,,460,,89712f4873a6de7fb84f912d2380419fc48f56c7499ebed5f62528c749a2a146,legacy_exposed_test,paper_v2_unseen_final_cluster_bootstrap,,92d6e436bb19148900cf54f3613e57c16903ab51b7a433e54038b988cc8b9d7e,ccaeadc332fb38449fc6063143b190b1498e49dd2d6e39dd471a2174ab5aca8d
final_bootstrap_new_only,bootstrap_ci_final.csv,legacy_vivos_300/no_equivalent_source_cluster_ci,paper_v2_locked_vivos_460/source_utt_id_cluster,ordinary_baseline->selected_method,ter,delta_b_minus_a,,0.000757497729,,not_comparable_new_protocol_only,legacy final-test CI is not scope-compatible with the new unseen source-cluster benchmark,0,12,,460,,89712f4873a6de7fb84f912d2380419fc48f56c7499ebed5f62528c749a2a146,legacy_exposed_test,paper_v2_unseen_final_cluster_bootstrap,,92d6e436bb19148900cf54f3613e57c16903ab51b7a433e54038b988cc8b9d7e,ccaeadc332fb38449fc6063143b190b1498e49dd2d6e39dd471a2174ab5aca8d
final_bootstrap_new_only,bootstrap_ci_final.csv,legacy_vivos_300/no_equivalent_source_cluster_ci,paper_v2_locked_vivos_460/source_utt_id_cluster,ordinary_baseline->selected_method,wer,delta_b_minus_a,,-0.001158798283,,not_comparable_new_protocol_only,legacy final-test CI is not scope-compatible with the new unseen source-cluster benchmark,0,12,,460,,89712f4873a6de7fb84f912d2380419fc48f56c7499ebed5f62528c749a2a146,legacy_exposed_test,paper_v2_unseen_final_cluster_bootstrap,,92d6e436bb19148900cf54f3613e57c16903ab51b7a433e54038b988cc8b9d7e,ccaeadc332fb38449fc6063143b190b1498e49dd2d6e39dd471a2174ab5aca8d
final_bootstrap_new_only,bootstrap_ci_final.csv,legacy_vivos_300/no_equivalent_source_cluster_ci,paper_v2_locked_vivos_460/source_utt_id_cluster,selected_method->locked_control,cer,delta_b_minus_a,,0.000373511003,,not_comparable_new_protocol_only,legacy final-test CI is not scope-compatible with the new unseen source-cluster benchmark,0,12,,460,,89712f4873a6de7fb84f912d2380419fc48f56c7499ebed5f62528c749a2a146,legacy_exposed_test,paper_v2_unseen_final_cluster_bootstrap,,92d6e436bb19148900cf54f3613e57c16903ab51b7a433e54038b988cc8b9d7e,ccaeadc332fb38449fc6063143b190b1498e49dd2d6e39dd471a2174ab5aca8d
final_bootstrap_new_only,bootstrap_ci_final.csv,legacy_vivos_300/no_equivalent_source_cluster_ci,paper_v2_locked_vivos_460/source_utt_id_cluster,selected_method->locked_control,der,delta_b_minus_a,,0.000395033645,,not_comparable_new_protocol_only,legacy final-test CI is not scope-compatible with the new unseen source-cluster benchmark,0,12,,460,,89712f4873a6de7fb84f912d2380419fc48f56c7499ebed5f62528c749a2a146,legacy_exposed_test,paper_v2_unseen_final_cluster_bootstrap,,92d6e436bb19148900cf54f3613e57c16903ab51b7a433e54038b988cc8b9d7e,ccaeadc332fb38449fc6063143b190b1498e49dd2d6e39dd471a2174ab5aca8d
final_bootstrap_new_only,bootstrap_ci_final.csv,legacy_vivos_300/no_equivalent_source_cluster_ci,paper_v2_locked_vivos_460/source_utt_id_cluster,selected_method->locked_control,ter,delta_b_minus_a,,0.000080471589,,not_comparable_new_protocol_only,legacy final-test CI is not scope-compatible with the new unseen source-cluster benchmark,0,12,,460,,89712f4873a6de7fb84f912d2380419fc48f56c7499ebed5f62528c749a2a146,legacy_exposed_test,paper_v2_unseen_final_cluster_bootstrap,,92d6e436bb19148900cf54f3613e57c16903ab51b7a433e54038b988cc8b9d7e,ccaeadc332fb38449fc6063143b190b1498e49dd2d6e39dd471a2174ab5aca8d
final_bootstrap_new_only,bootstrap_ci_final.csv,legacy_vivos_300/no_equivalent_source_cluster_ci,paper_v2_locked_vivos_460/source_utt_id_cluster,selected_method->locked_control,wer,delta_b_minus_a,,0.001373390558,,not_comparable_new_protocol_only,legacy final-test CI is not scope-compatible with the new unseen source-cluster benchmark,0,12,,460,,89712f4873a6de7fb84f912d2380419fc48f56c7499ebed5f62528c749a2a146,legacy_exposed_test,paper_v2_unseen_final_cluster_bootstrap,,92d6e436bb19148900cf54f3613e57c16903ab51b7a433e54038b988cc8b9d7e,ccaeadc332fb38449fc6063143b190b1498e49dd2d6e39dd471a2174ab5aca8d
fleurs_bootstrap,bootstrap_ci_results.csv,legacy_exposed_fleurs_857/utt_id_paired,legacy_exposed_fleurs_857/utt_id_singleton_external,"ordinary_baseline[ordinary_lora,lambda=0,seed=42]->locked_control[tone_aware_lora,lambda=0.1,seed=42]",cer,ci_lower,-0.000636662936,-0.002386225636,-0.0017495627,comparable_with_bootstrap_method_note,same 857 singleton utterances; CI implementation label changed from legacy paired percentile to audited ratio-of-totals cluster code,12,12,857,857,91e6256c34faf7d26ed459844bd6a3dc390337716d67801f0eca80dcc72bcede,91e6256c34faf7d26ed459844bd6a3dc390337716d67801f0eca80dcc72bcede,legacy_paired_percentile,paper_v2_paired_cluster_percentile_ratio_of_totals,d22c815cf5e5279683c03e14b4e182586f56ef20ec74aacdb68a92f50846df31,4118ad56506737c3bc71dc83879c2894240bf9f99388e3fa08f65529d57ccc54,ccaeadc332fb38449fc6063143b190b1498e49dd2d6e39dd471a2174ab5aca8d
fleurs_bootstrap,bootstrap_ci_results.csv,legacy_exposed_fleurs_857/utt_id_paired,legacy_exposed_fleurs_857/utt_id_singleton_external,"ordinary_baseline[ordinary_lora,lambda=0,seed=42]->locked_control[tone_aware_lora,lambda=0.1,seed=42]",cer,ci_upper,0.003668238746,0.002127858018,-0.001540380728,comparable_with_bootstrap_method_note,same 857 singleton utterances; CI implementation label changed from legacy paired percentile to audited ratio-of-totals cluster code,12,12,857,857,91e6256c34faf7d26ed459844bd6a3dc390337716d67801f0eca80dcc72bcede,91e6256c34faf7d26ed459844bd6a3dc390337716d67801f0eca80dcc72bcede,legacy_paired_percentile,paper_v2_paired_cluster_percentile_ratio_of_totals,d22c815cf5e5279683c03e14b4e182586f56ef20ec74aacdb68a92f50846df31,4118ad56506737c3bc71dc83879c2894240bf9f99388e3fa08f65529d57ccc54,ccaeadc332fb38449fc6063143b190b1498e49dd2d6e39dd471a2174ab5aca8d
fleurs_bootstrap,bootstrap_ci_results.csv,legacy_exposed_fleurs_857/utt_id_paired,legacy_exposed_fleurs_857/utt_id_singleton_external,"ordinary_baseline[ordinary_lora,lambda=0,seed=42]->locked_control[tone_aware_lora,lambda=0.1,seed=42]",cer,delta_b_minus_a,0.001602885193,-0.000069690661,-0.001672575854,comparable_with_bootstrap_method_note,same 857 singleton utterances; CI implementation label changed from legacy paired percentile to audited ratio-of-totals cluster code,12,12,857,857,91e6256c34faf7d26ed459844bd6a3dc390337716d67801f0eca80dcc72bcede,91e6256c34faf7d26ed459844bd6a3dc390337716d67801f0eca80dcc72bcede,legacy_paired_percentile,paper_v2_paired_cluster_percentile_ratio_of_totals,d22c815cf5e5279683c03e14b4e182586f56ef20ec74aacdb68a92f50846df31,4118ad56506737c3bc71dc83879c2894240bf9f99388e3fa08f65529d57ccc54,ccaeadc332fb38449fc6063143b190b1498e49dd2d6e39dd471a2174ab5aca8d
fleurs_bootstrap,bootstrap_ci_results.csv,legacy_exposed_fleurs_857/utt_id_paired,legacy_exposed_fleurs_857/utt_id_singleton_external,"ordinary_baseline[ordinary_lora,lambda=0,seed=42]->locked_control[tone_aware_lora,lambda=0.1,seed=42]",der,ci_lower,-0.000297176690,-0.001321113573,-0.001023936883,comparable_with_bootstrap_method_note,same 857 singleton utterances; CI implementation label changed from legacy paired percentile to audited ratio-of-totals cluster code,12,12,857,857,91e6256c34faf7d26ed459844bd6a3dc390337716d67801f0eca80dcc72bcede,91e6256c34faf7d26ed459844bd6a3dc390337716d67801f0eca80dcc72bcede,legacy_paired_percentile,paper_v2_paired_cluster_percentile_ratio_of_totals,d22c815cf5e5279683c03e14b4e182586f56ef20ec74aacdb68a92f50846df31,4118ad56506737c3bc71dc83879c2894240bf9f99388e3fa08f65529d57ccc54,ccaeadc332fb38449fc6063143b190b1498e49dd2d6e39dd471a2174ab5aca8d
fleurs_bootstrap,bootstrap_ci_results.csv,legacy_exposed_fleurs_857/utt_id_paired,legacy_exposed_fleurs_857/utt_id_singleton_external,"ordinary_baseline[ordinary_lora,lambda=0,seed=42]->locked_control[tone_aware_lora,lambda=0.1,seed=42]",der,ci_upper,0.000789788148,0.000179423340,-0.000610364808,comparable_with_bootstrap_method_note,same 857 singleton utterances; CI implementation label changed from legacy paired percentile to audited ratio-of-totals cluster code,12,12,857,857,91e6256c34faf7d26ed459844bd6a3dc390337716d67801f0eca80dcc72bcede,91e6256c34faf7d26ed459844bd6a3dc390337716d67801f0eca80dcc72bcede,legacy_paired_percentile,paper_v2_paired_cluster_percentile_ratio_of_totals,d22c815cf5e5279683c03e14b4e182586f56ef20ec74aacdb68a92f50846df31,4118ad56506737c3bc71dc83879c2894240bf9f99388e3fa08f65529d57ccc54,ccaeadc332fb38449fc6063143b190b1498e49dd2d6e39dd471a2174ab5aca8d
fleurs_bootstrap,bootstrap_ci_results.csv,legacy_exposed_fleurs_857/utt_id_paired,legacy_exposed_fleurs_857/utt_id_singleton_external,"ordinary_baseline[ordinary_lora,lambda=0,seed=42]->locked_control[tone_aware_lora,lambda=0.1,seed=42]",der,delta_b_minus_a,0.000220194383,-0.000552749700,-0.000772944083,comparable_with_bootstrap_method_note,same 857 singleton utterances; CI implementation label changed from legacy paired percentile to audited ratio-of-totals cluster code,12,12,857,857,91e6256c34faf7d26ed459844bd6a3dc390337716d67801f0eca80dcc72bcede,91e6256c34faf7d26ed459844bd6a3dc390337716d67801f0eca80dcc72bcede,legacy_paired_percentile,paper_v2_paired_cluster_percentile_ratio_of_totals,d22c815cf5e5279683c03e14b4e182586f56ef20ec74aacdb68a92f50846df31,4118ad56506737c3bc71dc83879c2894240bf9f99388e3fa08f65529d57ccc54,ccaeadc332fb38449fc6063143b190b1498e49dd2d6e39dd471a2174ab5aca8d
fleurs_bootstrap,bootstrap_ci_results.csv,legacy_exposed_fleurs_857/utt_id_paired,legacy_exposed_fleurs_857/utt_id_singleton_external,"ordinary_baseline[ordinary_lora,lambda=0,seed=42]->locked_control[tone_aware_lora,lambda=0.1,seed=42]",ter,ci_lower,-0.002846655712,-0.002864579401,-1.79236889999998e-05,comparable_with_bootstrap_method_note,same 857 singleton utterances; CI implementation label changed from legacy paired percentile to audited ratio-of-totals cluster code,12,12,857,857,91e6256c34faf7d26ed459844bd6a3dc390337716d67801f0eca80dcc72bcede,91e6256c34faf7d26ed459844bd6a3dc390337716d67801f0eca80dcc72bcede,legacy_paired_percentile,paper_v2_paired_cluster_percentile_ratio_of_totals,d22c815cf5e5279683c03e14b4e182586f56ef20ec74aacdb68a92f50846df31,4118ad56506737c3bc71dc83879c2894240bf9f99388e3fa08f65529d57ccc54,ccaeadc332fb38449fc6063143b190b1498e49dd2d6e39dd471a2174ab5aca8d
fleurs_bootstrap,bootstrap_ci_results.csv,legacy_exposed_fleurs_857/utt_id_paired,legacy_exposed_fleurs_857/utt_id_singleton_external,"ordinary_baseline[ordinary_lora,lambda=0,seed=42]->locked_control[tone_aware_lora,lambda=0.1,seed=42]",ter,ci_upper,0.000953123805,0.000962990498,9.86669300000003e-06,comparable_with_bootstrap_method_note,same 857 singleton utterances; CI implementation label changed from legacy paired percentile to audited ratio-of-totals cluster code,12,12,857,857,91e6256c34faf7d26ed459844bd6a3dc390337716d67801f0eca80dcc72bcede,91e6256c34faf7d26ed459844bd6a3dc390337716d67801f0eca80dcc72bcede,legacy_paired_percentile,paper_v2_paired_cluster_percentile_ratio_of_totals,d22c815cf5e5279683c03e14b4e182586f56ef20ec74aacdb68a92f50846df31,4118ad56506737c3bc71dc83879c2894240bf9f99388e3fa08f65529d57ccc54,ccaeadc332fb38449fc6063143b190b1498e49dd2d6e39dd471a2174ab5aca8d
fleurs_bootstrap,bootstrap_ci_results.csv,legacy_exposed_fleurs_857/utt_id_paired,legacy_exposed_fleurs_857/utt_id_singleton_external,"ordinary_baseline[ordinary_lora,lambda=0,seed=42]->locked_control[tone_aware_lora,lambda=0.1,seed=42]",ter,delta_b_minus_a,-0.000535864530,-0.000891768592,-0.000355904062,comparable_with_bootstrap_method_note,same 857 singleton utterances; CI implementation label changed from legacy paired percentile to audited ratio-of-totals cluster code,12,12,857,857,91e6256c34faf7d26ed459844bd6a3dc390337716d67801f0eca80dcc72bcede,91e6256c34faf7d26ed459844bd6a3dc390337716d67801f0eca80dcc72bcede,legacy_paired_percentile,paper_v2_paired_cluster_percentile_ratio_of_totals,d22c815cf5e5279683c03e14b4e182586f56ef20ec74aacdb68a92f50846df31,4118ad56506737c3bc71dc83879c2894240bf9f99388e3fa08f65529d57ccc54,ccaeadc332fb38449fc6063143b190b1498e49dd2d6e39dd471a2174ab5aca8d
fleurs_bootstrap,bootstrap_ci_results.csv,legacy_exposed_fleurs_857/utt_id_paired,legacy_exposed_fleurs_857/utt_id_singleton_external,"ordinary_baseline[ordinary_lora,lambda=0,seed=42]->locked_control[tone_aware_lora,lambda=0.1,seed=42]",wer,ci_lower,0.001936823541,-0.001425442046,-0.003362265587,comparable_with_bootstrap_method_note,same 857 singleton utterances; CI implementation label changed from legacy paired percentile to audited ratio-of-totals cluster code,12,12,857,857,91e6256c34faf7d26ed459844bd6a3dc390337716d67801f0eca80dcc72bcede,91e6256c34faf7d26ed459844bd6a3dc390337716d67801f0eca80dcc72bcede,legacy_paired_percentile,paper_v2_paired_cluster_percentile_ratio_of_totals,d22c815cf5e5279683c03e14b4e182586f56ef20ec74aacdb68a92f50846df31,4118ad56506737c3bc71dc83879c2894240bf9f99388e3fa08f65529d57ccc54,ccaeadc332fb38449fc6063143b190b1498e49dd2d6e39dd471a2174ab5aca8d
fleurs_bootstrap,bootstrap_ci_results.csv,legacy_exposed_fleurs_857/utt_id_paired,legacy_exposed_fleurs_857/utt_id_singleton_external,"ordinary_baseline[ordinary_lora,lambda=0,seed=42]->locked_control[tone_aware_lora,lambda=0.1,seed=42]",wer,ci_upper,0.007445150353,0.004581770935,-0.002863379418,comparable_with_bootstrap_method_note,same 857 singleton utterances; CI implementation label changed from legacy paired percentile to audited ratio-of-totals cluster code,12,12,857,857,91e6256c34faf7d26ed459844bd6a3dc390337716d67801f0eca80dcc72bcede,91e6256c34faf7d26ed459844bd6a3dc390337716d67801f0eca80dcc72bcede,legacy_paired_percentile,paper_v2_paired_cluster_percentile_ratio_of_totals,d22c815cf5e5279683c03e14b4e182586f56ef20ec74aacdb68a92f50846df31,4118ad56506737c3bc71dc83879c2894240bf9f99388e3fa08f65529d57ccc54,ccaeadc332fb38449fc6063143b190b1498e49dd2d6e39dd471a2174ab5aca8d
fleurs_bootstrap,bootstrap_ci_results.csv,legacy_exposed_fleurs_857/utt_id_paired,legacy_exposed_fleurs_857/utt_id_singleton_external,"ordinary_baseline[ordinary_lora,lambda=0,seed=42]->locked_control[tone_aware_lora,lambda=0.1,seed=42]",wer,delta_b_minus_a,0.004738423607,0.001617998305,-0.003120425302,comparable_with_bootstrap_method_note,same 857 singleton utterances; CI implementation label changed from legacy paired percentile to audited ratio-of-totals cluster code,12,12,857,857,91e6256c34faf7d26ed459844bd6a3dc390337716d67801f0eca80dcc72bcede,91e6256c34faf7d26ed459844bd6a3dc390337716d67801f0eca80dcc72bcede,legacy_paired_percentile,paper_v2_paired_cluster_percentile_ratio_of_totals,d22c815cf5e5279683c03e14b4e182586f56ef20ec74aacdb68a92f50846df31,4118ad56506737c3bc71dc83879c2894240bf9f99388e3fa08f65529d57ccc54,ccaeadc332fb38449fc6063143b190b1498e49dd2d6e39dd471a2174ab5aca8d
fleurs_bootstrap,bootstrap_ci_results.csv,legacy_exposed_fleurs_857/utt_id_paired,legacy_exposed_fleurs_857/utt_id_singleton_external,"ordinary_baseline[ordinary_lora,lambda=0,seed=42]->selected_method[tone_aware_lora,lambda=0.05,seed=42]",cer,ci_lower,0.000191845353,-0.001642511436,-0.001834356789,comparable_with_bootstrap_method_note,same 857 singleton utterances; CI implementation label changed from legacy paired percentile to audited ratio-of-totals cluster code,12,12,857,857,91e6256c34faf7d26ed459844bd6a3dc390337716d67801f0eca80dcc72bcede,91e6256c34faf7d26ed459844bd6a3dc390337716d67801f0eca80dcc72bcede,legacy_paired_percentile,paper_v2_paired_cluster_percentile_ratio_of_totals,d22c815cf5e5279683c03e14b4e182586f56ef20ec74aacdb68a92f50846df31,4118ad56506737c3bc71dc83879c2894240bf9f99388e3fa08f65529d57ccc54,ccaeadc332fb38449fc6063143b190b1498e49dd2d6e39dd471a2174ab5aca8d
fleurs_bootstrap,bootstrap_ci_results.csv,legacy_exposed_fleurs_857/utt_id_paired,legacy_exposed_fleurs_857/utt_id_singleton_external,"ordinary_baseline[ordinary_lora,lambda=0,seed=42]->selected_method[tone_aware_lora,lambda=0.05,seed=42]",cer,ci_upper,0.003518294187,0.001597614216,-0.001920679971,comparable_with_bootstrap_method_note,same 857 singleton utterances; CI implementation label changed from legacy paired percentile to audited ratio-of-totals cluster code,12,12,857,857,91e6256c34faf7d26ed459844bd6a3dc390337716d67801f0eca80dcc72bcede,91e6256c34faf7d26ed459844bd6a3dc390337716d67801f0eca80dcc72bcede,legacy_paired_percentile,paper_v2_paired_cluster_percentile_ratio_of_totals,d22c815cf5e5279683c03e14b4e182586f56ef20ec74aacdb68a92f50846df31,4118ad56506737c3bc71dc83879c2894240bf9f99388e3fa08f65529d57ccc54,ccaeadc332fb38449fc6063143b190b1498e49dd2d6e39dd471a2174ab5aca8d
fleurs_bootstrap,bootstrap_ci_results.csv,legacy_exposed_fleurs_857/utt_id_paired,legacy_exposed_fleurs_857/utt_id_singleton_external,"ordinary_baseline[ordinary_lora,lambda=0,seed=42]->selected_method[tone_aware_lora,lambda=0.05,seed=42]",cer,delta_b_minus_a,0.001533194533,0.000008711333,-0.0015244832,comparable_with_bootstrap_method_note,same 857 singleton utterances; CI implementation label changed from legacy paired percentile to audited ratio-of-totals cluster code,12,12,857,857,91e6256c34faf7d26ed459844bd6a3dc390337716d67801f0eca80dcc72bcede,91e6256c34faf7d26ed459844bd6a3dc390337716d67801f0eca80dcc72bcede,legacy_paired_percentile,paper_v2_paired_cluster_percentile_ratio_of_totals,d22c815cf5e5279683c03e14b4e182586f56ef20ec74aacdb68a92f50846df31,4118ad56506737c3bc71dc83879c2894240bf9f99388e3fa08f65529d57ccc54,ccaeadc332fb38449fc6063143b190b1498e49dd2d6e39dd471a2174ab5aca8d
fleurs_bootstrap,bootstrap_ci_results.csv,legacy_exposed_fleurs_857/utt_id_paired,legacy_exposed_fleurs_857/utt_id_singleton_external,"ordinary_baseline[ordinary_lora,lambda=0,seed=42]->selected_method[tone_aware_lora,lambda=0.05,seed=42]",der,ci_lower,-0.000590165265,-0.001282926246,-0.000692760981,comparable_with_bootstrap_method_note,same 857 singleton utterances; CI implementation label changed from legacy paired percentile to audited ratio-of-totals cluster code,12,12,857,857,91e6256c34faf7d26ed459844bd6a3dc390337716d67801f0eca80dcc72bcede,91e6256c34faf7d26ed459844bd6a3dc390337716d67801f0eca80dcc72bcede,legacy_paired_percentile,paper_v2_paired_cluster_percentile_ratio_of_totals,d22c815cf5e5279683c03e14b4e182586f56ef20ec74aacdb68a92f50846df31,4118ad56506737c3bc71dc83879c2894240bf9f99388e3fa08f65529d57ccc54,ccaeadc332fb38449fc6063143b190b1498e49dd2d6e39dd471a2174ab5aca8d
fleurs_bootstrap,bootstrap_ci_results.csv,legacy_exposed_fleurs_857/utt_id_paired,legacy_exposed_fleurs_857/utt_id_singleton_external,"ordinary_baseline[ordinary_lora,lambda=0,seed=42]->selected_method[tone_aware_lora,lambda=0.05,seed=42]",der,ci_upper,0.000441447518,0.000006315637,-0.000435131881,comparable_with_bootstrap_method_note,same 857 singleton utterances; CI implementation label changed from legacy paired percentile to audited ratio-of-totals cluster code,12,12,857,857,91e6256c34faf7d26ed459844bd6a3dc390337716d67801f0eca80dcc72bcede,91e6256c34faf7d26ed459844bd6a3dc390337716d67801f0eca80dcc72bcede,legacy_paired_percentile,paper_v2_paired_cluster_percentile_ratio_of_totals,d22c815cf5e5279683c03e14b4e182586f56ef20ec74aacdb68a92f50846df31,4118ad56506737c3bc71dc83879c2894240bf9f99388e3fa08f65529d57ccc54,ccaeadc332fb38449fc6063143b190b1498e49dd2d6e39dd471a2174ab5aca8d
fleurs_bootstrap,bootstrap_ci_results.csv,legacy_exposed_fleurs_857/utt_id_paired,legacy_exposed_fleurs_857/utt_id_singleton_external,"ordinary_baseline[ordinary_lora,lambda=0,seed=42]->selected_method[tone_aware_lora,lambda=0.05,seed=42]",der,delta_b_minus_a,-0.000077541524,-0.000598162096,-0.000520620572,comparable_with_bootstrap_method_note,same 857 singleton utterances; CI implementation label changed from legacy paired percentile to audited ratio-of-totals cluster code,12,12,857,857,91e6256c34faf7d26ed459844bd6a3dc390337716d67801f0eca80dcc72bcede,91e6256c34faf7d26ed459844bd6a3dc390337716d67801f0eca80dcc72bcede,legacy_paired_percentile,paper_v2_paired_cluster_percentile_ratio_of_totals,d22c815cf5e5279683c03e14b4e182586f56ef20ec74aacdb68a92f50846df31,4118ad56506737c3bc71dc83879c2894240bf9f99388e3fa08f65529d57ccc54,ccaeadc332fb38449fc6063143b190b1498e49dd2d6e39dd471a2174ab5aca8d
fleurs_bootstrap,bootstrap_ci_results.csv,legacy_exposed_fleurs_857/utt_id_paired,legacy_exposed_fleurs_857/utt_id_singleton_external,"ordinary_baseline[ordinary_lora,lambda=0,seed=42]->selected_method[tone_aware_lora,lambda=0.05,seed=42]",ter,ci_lower,-0.000717072920,-0.001464749183,-0.000747676263,comparable_with_bootstrap_method_note,same 857 singleton utterances; CI implementation label changed from legacy paired percentile to audited ratio-of-totals cluster code,12,12,857,857,91e6256c34faf7d26ed459844bd6a3dc390337716d67801f0eca80dcc72bcede,91e6256c34faf7d26ed459844bd6a3dc390337716d67801f0eca80dcc72bcede,legacy_paired_percentile,paper_v2_paired_cluster_percentile_ratio_of_totals,d22c815cf5e5279683c03e14b4e182586f56ef20ec74aacdb68a92f50846df31,4118ad56506737c3bc71dc83879c2894240bf9f99388e3fa08f65529d57ccc54,ccaeadc332fb38449fc6063143b190b1498e49dd2d6e39dd471a2174ab5aca8d
fleurs_bootstrap,bootstrap_ci_results.csv,legacy_exposed_fleurs_857/utt_id_paired,legacy_exposed_fleurs_857/utt_id_singleton_external,"ordinary_baseline[ordinary_lora,lambda=0,seed=42]->selected_method[tone_aware_lora,lambda=0.05,seed=42]",ter,ci_upper,0.002180880113,0.000429295160,-0.001751584953,comparable_with_bootstrap_method_note,same 857 singleton utterances; CI implementation label changed from legacy paired percentile to audited ratio-of-totals cluster code,12,12,857,857,91e6256c34faf7d26ed459844bd6a3dc390337716d67801f0eca80dcc72bcede,91e6256c34faf7d26ed459844bd6a3dc390337716d67801f0eca80dcc72bcede,legacy_paired_percentile,paper_v2_paired_cluster_percentile_ratio_of_totals,d22c815cf5e5279683c03e14b4e182586f56ef20ec74aacdb68a92f50846df31,4118ad56506737c3bc71dc83879c2894240bf9f99388e3fa08f65529d57ccc54,ccaeadc332fb38449fc6063143b190b1498e49dd2d6e39dd471a2174ab5aca8d
fleurs_bootstrap,bootstrap_ci_results.csv,legacy_exposed_fleurs_857/utt_id_paired,legacy_exposed_fleurs_857/utt_id_singleton_external,"ordinary_baseline[ordinary_lora,lambda=0,seed=42]->selected_method[tone_aware_lora,lambda=0.05,seed=42]",ter,delta_b_minus_a,0.000441898051,-0.000469546739,-0.00091144479,comparable_with_bootstrap_method_note,same 857 singleton utterances; CI implementation label changed from legacy paired percentile to audited ratio-of-totals cluster code,12,12,857,857,91e6256c34faf7d26ed459844bd6a3dc390337716d67801f0eca80dcc72bcede,91e6256c34faf7d26ed459844bd6a3dc390337716d67801f0eca80dcc72bcede,legacy_paired_percentile,paper_v2_paired_cluster_percentile_ratio_of_totals,d22c815cf5e5279683c03e14b4e182586f56ef20ec74aacdb68a92f50846df31,4118ad56506737c3bc71dc83879c2894240bf9f99388e3fa08f65529d57ccc54,ccaeadc332fb38449fc6063143b190b1498e49dd2d6e39dd471a2174ab5aca8d
fleurs_bootstrap,bootstrap_ci_results.csv,legacy_exposed_fleurs_857/utt_id_paired,legacy_exposed_fleurs_857/utt_id_singleton_external,"ordinary_baseline[ordinary_lora,lambda=0,seed=42]->selected_method[tone_aware_lora,lambda=0.05,seed=42]",wer,ci_lower,0.001069156255,-0.001581947669,-0.002651103924,comparable_with_bootstrap_method_note,same 857 singleton utterances; CI implementation label changed from legacy paired percentile to audited ratio-of-totals cluster code,12,12,857,857,91e6256c34faf7d26ed459844bd6a3dc390337716d67801f0eca80dcc72bcede,91e6256c34faf7d26ed459844bd6a3dc390337716d67801f0eca80dcc72bcede,legacy_paired_percentile,paper_v2_paired_cluster_percentile_ratio_of_totals,d22c815cf5e5279683c03e14b4e182586f56ef20ec74aacdb68a92f50846df31,4118ad56506737c3bc71dc83879c2894240bf9f99388e3fa08f65529d57ccc54,ccaeadc332fb38449fc6063143b190b1498e49dd2d6e39dd471a2174ab5aca8d
fleurs_bootstrap,bootstrap_ci_results.csv,legacy_exposed_fleurs_857/utt_id_paired,legacy_exposed_fleurs_857/utt_id_singleton_external,"ordinary_baseline[ordinary_lora,lambda=0,seed=42]->selected_method[tone_aware_lora,lambda=0.05,seed=42]",wer,ci_upper,0.004775007125,0.003380102232,-0.001394904893,comparable_with_bootstrap_method_note,same 857 singleton utterances; CI implementation label changed from legacy paired percentile to audited ratio-of-totals cluster code,12,12,857,857,91e6256c34faf7d26ed459844bd6a3dc390337716d67801f0eca80dcc72bcede,91e6256c34faf7d26ed459844bd6a3dc390337716d67801f0eca80dcc72bcede,legacy_paired_percentile,paper_v2_paired_cluster_percentile_ratio_of_totals,d22c815cf5e5279683c03e14b4e182586f56ef20ec74aacdb68a92f50846df31,4118ad56506737c3bc71dc83879c2894240bf9f99388e3fa08f65529d57ccc54,ccaeadc332fb38449fc6063143b190b1498e49dd2d6e39dd471a2174ab5aca8d
fleurs_bootstrap,bootstrap_ci_results.csv,legacy_exposed_fleurs_857/utt_id_paired,legacy_exposed_fleurs_857/utt_id_singleton_external,"ordinary_baseline[ordinary_lora,lambda=0,seed=42]->selected_method[tone_aware_lora,lambda=0.05,seed=42]",wer,delta_b_minus_a,0.002850758918,0.000886046691,-0.001964712227,comparable_with_bootstrap_method_note,same 857 singleton utterances; CI implementation label changed from legacy paired percentile to audited ratio-of-totals cluster code,12,12,857,857,91e6256c34faf7d26ed459844bd6a3dc390337716d67801f0eca80dcc72bcede,91e6256c34faf7d26ed459844bd6a3dc390337716d67801f0eca80dcc72bcede,legacy_paired_percentile,paper_v2_paired_cluster_percentile_ratio_of_totals,d22c815cf5e5279683c03e14b4e182586f56ef20ec74aacdb68a92f50846df31,4118ad56506737c3bc71dc83879c2894240bf9f99388e3fa08f65529d57ccc54,ccaeadc332fb38449fc6063143b190b1498e49dd2d6e39dd471a2174ab5aca8d
fleurs_bootstrap,bootstrap_ci_results.csv,legacy_exposed_fleurs_857/utt_id_paired,legacy_exposed_fleurs_857/utt_id_singleton_external,"selected_method[tone_aware_lora,lambda=0.05,seed=42]->locked_control[tone_aware_lora,lambda=0.1,seed=42]",cer,ci_lower,-0.002216669959,-0.002030455645,0.000186214314,comparable_with_bootstrap_method_note,same 857 singleton utterances; CI implementation label changed from legacy paired percentile to audited ratio-of-totals cluster code,12,12,857,857,91e6256c34faf7d26ed459844bd6a3dc390337716d67801f0eca80dcc72bcede,91e6256c34faf7d26ed459844bd6a3dc390337716d67801f0eca80dcc72bcede,legacy_paired_percentile,paper_v2_paired_cluster_percentile_ratio_of_totals,d22c815cf5e5279683c03e14b4e182586f56ef20ec74aacdb68a92f50846df31,4118ad56506737c3bc71dc83879c2894240bf9f99388e3fa08f65529d57ccc54,ccaeadc332fb38449fc6063143b190b1498e49dd2d6e39dd471a2174ab5aca8d
fleurs_bootstrap,bootstrap_ci_results.csv,legacy_exposed_fleurs_857/utt_id_paired,legacy_exposed_fleurs_857/utt_id_singleton_external,"selected_method[tone_aware_lora,lambda=0.05,seed=42]->locked_control[tone_aware_lora,lambda=0.1,seed=42]",cer,ci_upper,0.002163951622,0.001561682901,-0.000602268721,comparable_with_bootstrap_method_note,same 857 singleton utterances; CI implementation label changed from legacy paired percentile to audited ratio-of-totals cluster code,12,12,857,857,91e6256c34faf7d26ed459844bd6a3dc390337716d67801f0eca80dcc72bcede,91e6256c34faf7d26ed459844bd6a3dc390337716d67801f0eca80dcc72bcede,legacy_paired_percentile,paper_v2_paired_cluster_percentile_ratio_of_totals,d22c815cf5e5279683c03e14b4e182586f56ef20ec74aacdb68a92f50846df31,4118ad56506737c3bc71dc83879c2894240bf9f99388e3fa08f65529d57ccc54,ccaeadc332fb38449fc6063143b190b1498e49dd2d6e39dd471a2174ab5aca8d
fleurs_bootstrap,bootstrap_ci_results.csv,legacy_exposed_fleurs_857/utt_id_paired,legacy_exposed_fleurs_857/utt_id_singleton_external,"selected_method[tone_aware_lora,lambda=0.05,seed=42]->locked_control[tone_aware_lora,lambda=0.1,seed=42]",cer,delta_b_minus_a,0.000069690661,-0.000078401993,-0.000148092654,comparable_with_bootstrap_method_note,same 857 singleton utterances; CI implementation label changed from legacy paired percentile to audited ratio-of-totals cluster code,12,12,857,857,91e6256c34faf7d26ed459844bd6a3dc390337716d67801f0eca80dcc72bcede,91e6256c34faf7d26ed459844bd6a3dc390337716d67801f0eca80dcc72bcede,legacy_paired_percentile,paper_v2_paired_cluster_percentile_ratio_of_totals,d22c815cf5e5279683c03e14b4e182586f56ef20ec74aacdb68a92f50846df31,4118ad56506737c3bc71dc83879c2894240bf9f99388e3fa08f65529d57ccc54,ccaeadc332fb38449fc6063143b190b1498e49dd2d6e39dd471a2174ab5aca8d
fleurs_bootstrap,bootstrap_ci_results.csv,legacy_exposed_fleurs_857/utt_id_paired,legacy_exposed_fleurs_857/utt_id_singleton_external,"selected_method[tone_aware_lora,lambda=0.05,seed=42]->locked_control[tone_aware_lora,lambda=0.1,seed=42]",der,ci_lower,-0.000162846780,-0.000346275142,-0.000183428362,comparable_with_bootstrap_method_note,same 857 singleton utterances; CI implementation label changed from legacy paired percentile to audited ratio-of-totals cluster code,12,12,857,857,91e6256c34faf7d26ed459844bd6a3dc390337716d67801f0eca80dcc72bcede,91e6256c34faf7d26ed459844bd6a3dc390337716d67801f0eca80dcc72bcede,legacy_paired_percentile,paper_v2_paired_cluster_percentile_ratio_of_totals,d22c815cf5e5279683c03e14b4e182586f56ef20ec74aacdb68a92f50846df31,4118ad56506737c3bc71dc83879c2894240bf9f99388e3fa08f65529d57ccc54,ccaeadc332fb38449fc6063143b190b1498e49dd2d6e39dd471a2174ab5aca8d
fleurs_bootstrap,bootstrap_ci_results.csv,legacy_exposed_fleurs_857/utt_id_paired,legacy_exposed_fleurs_857/utt_id_singleton_external,"selected_method[tone_aware_lora,lambda=0.05,seed=42]->locked_control[tone_aware_lora,lambda=0.1,seed=42]",der,ci_upper,0.000773362262,0.000462843651,-0.000310518611,comparable_with_bootstrap_method_note,same 857 singleton utterances; CI implementation label changed from legacy paired percentile to audited ratio-of-totals cluster code,12,12,857,857,91e6256c34faf7d26ed459844bd6a3dc390337716d67801f0eca80dcc72bcede,91e6256c34faf7d26ed459844bd6a3dc390337716d67801f0eca80dcc72bcede,legacy_paired_percentile,paper_v2_paired_cluster_percentile_ratio_of_totals,d22c815cf5e5279683c03e14b4e182586f56ef20ec74aacdb68a92f50846df31,4118ad56506737c3bc71dc83879c2894240bf9f99388e3fa08f65529d57ccc54,ccaeadc332fb38449fc6063143b190b1498e49dd2d6e39dd471a2174ab5aca8d
fleurs_bootstrap,bootstrap_ci_results.csv,legacy_exposed_fleurs_857/utt_id_paired,legacy_exposed_fleurs_857/utt_id_singleton_external,"selected_method[tone_aware_lora,lambda=0.05,seed=42]->locked_control[tone_aware_lora,lambda=0.1,seed=42]",der,delta_b_minus_a,0.000297735907,0.000045412396,-0.000252323511,comparable_with_bootstrap_method_note,same 857 singleton utterances; CI implementation label changed from legacy paired percentile to audited ratio-of-totals cluster code,12,12,857,857,91e6256c34faf7d26ed459844bd6a3dc390337716d67801f0eca80dcc72bcede,91e6256c34faf7d26ed459844bd6a3dc390337716d67801f0eca80dcc72bcede,legacy_paired_percentile,paper_v2_paired_cluster_percentile_ratio_of_totals,d22c815cf5e5279683c03e14b4e182586f56ef20ec74aacdb68a92f50846df31,4118ad56506737c3bc71dc83879c2894240bf9f99388e3fa08f65529d57ccc54,ccaeadc332fb38449fc6063143b190b1498e49dd2d6e39dd471a2174ab5aca8d
fleurs_bootstrap,bootstrap_ci_results.csv,legacy_exposed_fleurs_857/utt_id_paired,legacy_exposed_fleurs_857/utt_id_singleton_external,"selected_method[tone_aware_lora,lambda=0.05,seed=42]->locked_control[tone_aware_lora,lambda=0.1,seed=42]",ter,ci_lower,-0.003517110621,-0.002264985586,0.001252125035,comparable_with_bootstrap_method_note,same 857 singleton utterances; CI implementation label changed from legacy paired percentile to audited ratio-of-totals cluster code,12,12,857,857,91e6256c34faf7d26ed459844bd6a3dc390337716d67801f0eca80dcc72bcede,91e6256c34faf7d26ed459844bd6a3dc390337716d67801f0eca80dcc72bcede,legacy_paired_percentile,paper_v2_paired_cluster_percentile_ratio_of_totals,d22c815cf5e5279683c03e14b4e182586f56ef20ec74aacdb68a92f50846df31,4118ad56506737c3bc71dc83879c2894240bf9f99388e3fa08f65529d57ccc54,ccaeadc332fb38449fc6063143b190b1498e49dd2d6e39dd471a2174ab5aca8d
fleurs_bootstrap,bootstrap_ci_results.csv,legacy_exposed_fleurs_857/utt_id_paired,legacy_exposed_fleurs_857/utt_id_singleton_external,"selected_method[tone_aware_lora,lambda=0.05,seed=42]->locked_control[tone_aware_lora,lambda=0.1,seed=42]",ter,ci_upper,0.000850413360,0.001123559165,0.000273145805,comparable_with_bootstrap_method_note,same 857 singleton utterances; CI implementation label changed from legacy paired percentile to audited ratio-of-totals cluster code,12,12,857,857,91e6256c34faf7d26ed459844bd6a3dc390337716d67801f0eca80dcc72bcede,91e6256c34faf7d26ed459844bd6a3dc390337716d67801f0eca80dcc72bcede,legacy_paired_percentile,paper_v2_paired_cluster_percentile_ratio_of_totals,d22c815cf5e5279683c03e14b4e182586f56ef20ec74aacdb68a92f50846df31,4118ad56506737c3bc71dc83879c2894240bf9f99388e3fa08f65529d57ccc54,ccaeadc332fb38449fc6063143b190b1498e49dd2d6e39dd471a2174ab5aca8d
fleurs_bootstrap,bootstrap_ci_results.csv,legacy_exposed_fleurs_857/utt_id_paired,legacy_exposed_fleurs_857/utt_id_singleton_external,"selected_method[tone_aware_lora,lambda=0.05,seed=42]->locked_control[tone_aware_lora,lambda=0.1,seed=42]",ter,delta_b_minus_a,-0.000977762581,-0.000422221853,0.000555540728,comparable_with_bootstrap_method_note,same 857 singleton utterances; CI implementation label changed from legacy paired percentile to audited ratio-of-totals cluster code,12,12,857,857,91e6256c34faf7d26ed459844bd6a3dc390337716d67801f0eca80dcc72bcede,91e6256c34faf7d26ed459844bd6a3dc390337716d67801f0eca80dcc72bcede,legacy_paired_percentile,paper_v2_paired_cluster_percentile_ratio_of_totals,d22c815cf5e5279683c03e14b4e182586f56ef20ec74aacdb68a92f50846df31,4118ad56506737c3bc71dc83879c2894240bf9f99388e3fa08f65529d57ccc54,ccaeadc332fb38449fc6063143b190b1498e49dd2d6e39dd471a2174ab5aca8d
fleurs_bootstrap,bootstrap_ci_results.csv,legacy_exposed_fleurs_857/utt_id_paired,legacy_exposed_fleurs_857/utt_id_singleton_external,"selected_method[tone_aware_lora,lambda=0.05,seed=42]->locked_control[tone_aware_lora,lambda=0.1,seed=42]",wer,ci_lower,-0.000528558709,-0.001222536301,-0.000693977592,comparable_with_bootstrap_method_note,same 857 singleton utterances; CI implementation label changed from legacy paired percentile to audited ratio-of-totals cluster code,12,12,857,857,91e6256c34faf7d26ed459844bd6a3dc390337716d67801f0eca80dcc72bcede,91e6256c34faf7d26ed459844bd6a3dc390337716d67801f0eca80dcc72bcede,legacy_paired_percentile,paper_v2_paired_cluster_percentile_ratio_of_totals,d22c815cf5e5279683c03e14b4e182586f56ef20ec74aacdb68a92f50846df31,4118ad56506737c3bc71dc83879c2894240bf9f99388e3fa08f65529d57ccc54,ccaeadc332fb38449fc6063143b190b1498e49dd2d6e39dd471a2174ab5aca8d
fleurs_bootstrap,bootstrap_ci_results.csv,legacy_exposed_fleurs_857/utt_id_paired,legacy_exposed_fleurs_857/utt_id_singleton_external,"selected_method[tone_aware_lora,lambda=0.05,seed=42]->locked_control[tone_aware_lora,lambda=0.1,seed=42]",wer,ci_upper,0.004293690254,0.002745660501,-0.001548029753,comparable_with_bootstrap_method_note,same 857 singleton utterances; CI implementation label changed from legacy paired percentile to audited ratio-of-totals cluster code,12,12,857,857,91e6256c34faf7d26ed459844bd6a3dc390337716d67801f0eca80dcc72bcede,91e6256c34faf7d26ed459844bd6a3dc390337716d67801f0eca80dcc72bcede,legacy_paired_percentile,paper_v2_paired_cluster_percentile_ratio_of_totals,d22c815cf5e5279683c03e14b4e182586f56ef20ec74aacdb68a92f50846df31,4118ad56506737c3bc71dc83879c2894240bf9f99388e3fa08f65529d57ccc54,ccaeadc332fb38449fc6063143b190b1498e49dd2d6e39dd471a2174ab5aca8d
fleurs_bootstrap,bootstrap_ci_results.csv,legacy_exposed_fleurs_857/utt_id_paired,legacy_exposed_fleurs_857/utt_id_singleton_external,"selected_method[tone_aware_lora,lambda=0.05,seed=42]->locked_control[tone_aware_lora,lambda=0.1,seed=42]",wer,delta_b_minus_a,0.001887664689,0.000731951614,-0.001155713075,comparable_with_bootstrap_method_note,same 857 singleton utterances; CI implementation label changed from legacy paired percentile to audited ratio-of-totals cluster code,12,12,857,857,91e6256c34faf7d26ed459844bd6a3dc390337716d67801f0eca80dcc72bcede,91e6256c34faf7d26ed459844bd6a3dc390337716d67801f0eca80dcc72bcede,legacy_paired_percentile,paper_v2_paired_cluster_percentile_ratio_of_totals,d22c815cf5e5279683c03e14b4e182586f56ef20ec74aacdb68a92f50846df31,4118ad56506737c3bc71dc83879c2894240bf9f99388e3fa08f65529d57ccc54,ccaeadc332fb38449fc6063143b190b1498e49dd2d6e39dd471a2174ab5aca8d
fleurs_metrics,external_fleurs_results.csv,legacy_exposed_external_replication/full_fleurs_857,legacy_exposed_external_replication/full_fleurs_857,role=locked_control;dataset=fleurs;model=phowhisper;model_size=base;train_type=tone_aware_lora;lambda=0.1;seed=42,cer,rate,0.10013676792138894,0.09935274798986,-0.000784019931528934,comparable_same_utterances,"same manifest and exact ordered utt_id/ref identity; checkpoints differ by design, so delta measures retraining/protocol change",3,3,857,857,91e6256c34faf7d26ed459844bd6a3dc390337716d67801f0eca80dcc72bcede,91e6256c34faf7d26ed459844bd6a3dc390337716d67801f0eca80dcc72bcede,legacy_external_evaluation,paper_v2_legacy_exposed_external_replication,1b39c2d0134a93d68fa1a38fdb96b58bd193c100b0923279108e7f5a649b0a10,44bd50a5ffc33eb15707b0eeb25df9deee642d0d8f7e936876d7f3beb7a98c31,ccaeadc332fb38449fc6063143b190b1498e49dd2d6e39dd471a2174ab5aca8d
fleurs_metrics,external_fleurs_results.csv,legacy_exposed_external_replication/full_fleurs_857,legacy_exposed_external_replication/full_fleurs_857,role=locked_control;dataset=fleurs;model=phowhisper;model_size=base;train_type=tone_aware_lora;lambda=0.1;seed=42,der,rate,0.005592841163310962,0.00520005157075938,-0.000392789592551583,comparable_same_utterances,"same manifest and exact ordered utt_id/ref identity; checkpoints differ by design, so delta measures retraining/protocol change",3,3,857,857,91e6256c34faf7d26ed459844bd6a3dc390337716d67801f0eca80dcc72bcede,91e6256c34faf7d26ed459844bd6a3dc390337716d67801f0eca80dcc72bcede,legacy_external_evaluation,paper_v2_legacy_exposed_external_replication,1b39c2d0134a93d68fa1a38fdb96b58bd193c100b0923279108e7f5a649b0a10,44bd50a5ffc33eb15707b0eeb25df9deee642d0d8f7e936876d7f3beb7a98c31,ccaeadc332fb38449fc6063143b190b1498e49dd2d6e39dd471a2174ab5aca8d
fleurs_metrics,external_fleurs_results.csv,legacy_exposed_external_replication/full_fleurs_857,legacy_exposed_external_replication/full_fleurs_857,role=locked_control;dataset=fleurs;model=phowhisper;model_size=base;train_type=tone_aware_lora;lambda=0.1;seed=42,fcer,rate,0.08518855065879145,0.08482142857142858,-0.000367122087362878,comparable_same_utterances,"same manifest and exact ordered utt_id/ref identity; checkpoints differ by design, so delta measures retraining/protocol change",3,3,857,857,91e6256c34faf7d26ed459844bd6a3dc390337716d67801f0eca80dcc72bcede,91e6256c34faf7d26ed459844bd6a3dc390337716d67801f0eca80dcc72bcede,legacy_external_evaluation,paper_v2_legacy_exposed_external_replication,1b39c2d0134a93d68fa1a38fdb96b58bd193c100b0923279108e7f5a649b0a10,44bd50a5ffc33eb15707b0eeb25df9deee642d0d8f7e936876d7f3beb7a98c31,ccaeadc332fb38449fc6063143b190b1498e49dd2d6e39dd471a2174ab5aca8d
fleurs_metrics,external_fleurs_results.csv,legacy_exposed_external_replication/full_fleurs_857,legacy_exposed_external_replication/full_fleurs_857,role=locked_control;dataset=fleurs;model=phowhisper;model_size=base;train_type=tone_aware_lora;lambda=0.1;seed=42,swdr,rate,0.004915346805024577,0.004915346805024577,0,comparable_same_utterances,"same manifest and exact ordered utt_id/ref identity; checkpoints differ by design, so delta measures retraining/protocol change",3,3,857,857,91e6256c34faf7d26ed459844bd6a3dc390337716d67801f0eca80dcc72bcede,91e6256c34faf7d26ed459844bd6a3dc390337716d67801f0eca80dcc72bcede,legacy_external_evaluation,paper_v2_legacy_exposed_external_replication,1b39c2d0134a93d68fa1a38fdb96b58bd193c100b0923279108e7f5a649b0a10,44bd50a5ffc33eb15707b0eeb25df9deee642d0d8f7e936876d7f3beb7a98c31,ccaeadc332fb38449fc6063143b190b1498e49dd2d6e39dd471a2174ab5aca8d
fleurs_metrics,external_fleurs_results.csv,legacy_exposed_external_replication/full_fleurs_857,legacy_exposed_external_replication/full_fleurs_857,role=locked_control;dataset=fleurs;model=phowhisper;model_size=base;train_type=tone_aware_lora;lambda=0.1;seed=42,ter,rate,0.010683668633955111,0.009763440860215054,-0.000920227773740057,comparable_same_utterances,"same manifest and exact ordered utt_id/ref identity; checkpoints differ by design, so delta measures retraining/protocol change",3,3,857,857,91e6256c34faf7d26ed459844bd6a3dc390337716d67801f0eca80dcc72bcede,91e6256c34faf7d26ed459844bd6a3dc390337716d67801f0eca80dcc72bcede,legacy_external_evaluation,paper_v2_legacy_exposed_external_replication,1b39c2d0134a93d68fa1a38fdb96b58bd193c100b0923279108e7f5a649b0a10,44bd50a5ffc33eb15707b0eeb25df9deee642d0d8f7e936876d7f3beb7a98c31,ccaeadc332fb38449fc6063143b190b1498e49dd2d6e39dd471a2174ab5aca8d
fleurs_metrics,external_fleurs_results.csv,legacy_exposed_external_replication/full_fleurs_857,legacy_exposed_external_replication/full_fleurs_857,role=locked_control;dataset=fleurs;model=phowhisper;model_size=base;train_type=tone_aware_lora;lambda=0.1;seed=42,wer,rate,0.17112258263348487,0.16923491794437168,-0.00188766468911319,comparable_same_utterances,"same manifest and exact ordered utt_id/ref identity; checkpoints differ by design, so delta measures retraining/protocol change",3,3,857,857,91e6256c34faf7d26ed459844bd6a3dc390337716d67801f0eca80dcc72bcede,91e6256c34faf7d26ed459844bd6a3dc390337716d67801f0eca80dcc72bcede,legacy_external_evaluation,paper_v2_legacy_exposed_external_replication,1b39c2d0134a93d68fa1a38fdb96b58bd193c100b0923279108e7f5a649b0a10,44bd50a5ffc33eb15707b0eeb25df9deee642d0d8f7e936876d7f3beb7a98c31,ccaeadc332fb38449fc6063143b190b1498e49dd2d6e39dd471a2174ab5aca8d
fleurs_metrics,external_fleurs_results.csv,legacy_exposed_external_replication/full_fleurs_857,legacy_exposed_external_replication/full_fleurs_857,role=ordinary_baseline;dataset=fleurs;model=phowhisper;model_size=base;train_type=ordinary_lora;lambda=0;seed=42,cer,rate,0.09853388272804091,0.09942243865044036,0.000888555922399448,comparable_same_utterances,"same manifest and exact ordered utt_id/ref identity; checkpoints differ by design, so delta measures retraining/protocol change",3,3,857,857,91e6256c34faf7d26ed459844bd6a3dc390337716d67801f0eca80dcc72bcede,91e6256c34faf7d26ed459844bd6a3dc390337716d67801f0eca80dcc72bcede,legacy_external_evaluation,paper_v2_legacy_exposed_external_replication,1b39c2d0134a93d68fa1a38fdb96b58bd193c100b0923279108e7f5a649b0a10,44bd50a5ffc33eb15707b0eeb25df9deee642d0d8f7e936876d7f3beb7a98c31,ccaeadc332fb38449fc6063143b190b1498e49dd2d6e39dd471a2174ab5aca8d
fleurs_metrics,external_fleurs_results.csv,legacy_exposed_external_replication/full_fleurs_857,legacy_exposed_external_replication/full_fleurs_857,role=ordinary_baseline;dataset=fleurs;model=phowhisper;model_size=base;train_type=ordinary_lora;lambda=0;seed=42,der,rate,0.005372646780710049,0.005752801270768042,0.000380154490057993,comparable_same_utterances,"same manifest and exact ordered utt_id/ref identity; checkpoints differ by design, so delta measures retraining/protocol change",3,3,857,857,91e6256c34faf7d26ed459844bd6a3dc390337716d67801f0eca80dcc72bcede,91e6256c34faf7d26ed459844bd6a3dc390337716d67801f0eca80dcc72bcede,legacy_external_evaluation,paper_v2_legacy_exposed_external_replication,1b39c2d0134a93d68fa1a38fdb96b58bd193c100b0923279108e7f5a649b0a10,44bd50a5ffc33eb15707b0eeb25df9deee642d0d8f7e936876d7f3beb7a98c31,ccaeadc332fb38449fc6063143b190b1498e49dd2d6e39dd471a2174ab5aca8d
fleurs_metrics,external_fleurs_results.csv,legacy_exposed_external_replication/full_fleurs_857,legacy_exposed_external_replication/full_fleurs_857,role=ordinary_baseline;dataset=fleurs;model=phowhisper;model_size=base;train_type=ordinary_lora;lambda=0;seed=42,fcer,rate,0.0838255338482508,0.08373115101917103,-9.43828290797671e-05,comparable_same_utterances,"same manifest and exact ordered utt_id/ref identity; checkpoints differ by design, so delta measures retraining/protocol change",3,3,857,857,91e6256c34faf7d26ed459844bd6a3dc390337716d67801f0eca80dcc72bcede,91e6256c34faf7d26ed459844bd6a3dc390337716d67801f0eca80dcc72bcede,legacy_external_evaluation,paper_v2_legacy_exposed_external_replication,1b39c2d0134a93d68fa1a38fdb96b58bd193c100b0923279108e7f5a649b0a10,44bd50a5ffc33eb15707b0eeb25df9deee642d0d8f7e936876d7f3beb7a98c31,ccaeadc332fb38449fc6063143b190b1498e49dd2d6e39dd471a2174ab5aca8d
fleurs_metrics,external_fleurs_results.csv,legacy_exposed_external_replication/full_fleurs_857,legacy_exposed_external_replication/full_fleurs_857,role=ordinary_baseline;dataset=fleurs;model=phowhisper;model_size=base;train_type=ordinary_lora;lambda=0;seed=42,swdr,rate,0.004915346805024577,0.006007646095030038,0.00109229929000546,comparable_same_utterances,"same manifest and exact ordered utt_id/ref identity; checkpoints differ by design, so delta measures retraining/protocol change",3,3,857,857,91e6256c34faf7d26ed459844bd6a3dc390337716d67801f0eca80dcc72bcede,91e6256c34faf7d26ed459844bd6a3dc390337716d67801f0eca80dcc72bcede,legacy_external_evaluation,paper_v2_legacy_exposed_external_replication,1b39c2d0134a93d68fa1a38fdb96b58bd193c100b0923279108e7f5a649b0a10,44bd50a5ffc33eb15707b0eeb25df9deee642d0d8f7e936876d7f3beb7a98c31,ccaeadc332fb38449fc6063143b190b1498e49dd2d6e39dd471a2174ab5aca8d
fleurs_metrics,external_fleurs_results.csv,legacy_exposed_external_replication/full_fleurs_857,legacy_exposed_external_replication/full_fleurs_857,role=ordinary_baseline;dataset=fleurs;model=phowhisper;model_size=base;train_type=ordinary_lora;lambda=0;seed=42,ter,rate,0.011219533164252246,0.010655209452201933,-0.000564323712050313,comparable_same_utterances,"same manifest and exact ordered utt_id/ref identity; checkpoints differ by design, so delta measures retraining/protocol change",3,3,857,857,91e6256c34faf7d26ed459844bd6a3dc390337716d67801f0eca80dcc72bcede,91e6256c34faf7d26ed459844bd6a3dc390337716d67801f0eca80dcc72bcede,legacy_external_evaluation,paper_v2_legacy_exposed_external_replication,1b39c2d0134a93d68fa1a38fdb96b58bd193c100b0923279108e7f5a649b0a10,44bd50a5ffc33eb15707b0eeb25df9deee642d0d8f7e936876d7f3beb7a98c31,ccaeadc332fb38449fc6063143b190b1498e49dd2d6e39dd471a2174ab5aca8d
fleurs_metrics,external_fleurs_results.csv,legacy_exposed_external_replication/full_fleurs_857,legacy_exposed_external_replication/full_fleurs_857,role=ordinary_baseline;dataset=fleurs;model=phowhisper;model_size=base;train_type=ordinary_lora;lambda=0;seed=42,wer,rate,0.1663841590261191,0.16761691963941752,0.00123276061329841,comparable_same_utterances,"same manifest and exact ordered utt_id/ref identity; checkpoints differ by design, so delta measures retraining/protocol change",3,3,857,857,91e6256c34faf7d26ed459844bd6a3dc390337716d67801f0eca80dcc72bcede,91e6256c34faf7d26ed459844bd6a3dc390337716d67801f0eca80dcc72bcede,legacy_external_evaluation,paper_v2_legacy_exposed_external_replication,1b39c2d0134a93d68fa1a38fdb96b58bd193c100b0923279108e7f5a649b0a10,44bd50a5ffc33eb15707b0eeb25df9deee642d0d8f7e936876d7f3beb7a98c31,ccaeadc332fb38449fc6063143b190b1498e49dd2d6e39dd471a2174ab5aca8d
fleurs_metrics,external_fleurs_results.csv,legacy_exposed_external_replication/full_fleurs_857,legacy_exposed_external_replication/full_fleurs_857,role=selected_method;dataset=fleurs;model=phowhisper;model_size=base;train_type=tone_aware_lora;lambda=0.05;seed=42,cer,rate,0.10006707726080859,0.0994311499830129,-0.000635927277795684,comparable_same_utterances,"same manifest and exact ordered utt_id/ref identity; checkpoints differ by design, so delta measures retraining/protocol change",3,3,857,857,91e6256c34faf7d26ed459844bd6a3dc390337716d67801f0eca80dcc72bcede,91e6256c34faf7d26ed459844bd6a3dc390337716d67801f0eca80dcc72bcede,legacy_external_evaluation,paper_v2_legacy_exposed_external_replication,1b39c2d0134a93d68fa1a38fdb96b58bd193c100b0923279108e7f5a649b0a10,44bd50a5ffc33eb15707b0eeb25df9deee642d0d8f7e936876d7f3beb7a98c31,ccaeadc332fb38449fc6063143b190b1498e49dd2d6e39dd471a2174ab5aca8d
fleurs_metrics,external_fleurs_results.csv,legacy_exposed_external_replication/full_fleurs_857,legacy_exposed_external_replication/full_fleurs_857,role=selected_method;dataset=fleurs;model=phowhisper;model_size=base;train_type=tone_aware_lora;lambda=0.05;seed=42,der,rate,0.005295105256360583,0.005154639175257732,-0.000140466081102852,comparable_same_utterances,"same manifest and exact ordered utt_id/ref identity; checkpoints differ by design, so delta measures retraining/protocol change",3,3,857,857,91e6256c34faf7d26ed459844bd6a3dc390337716d67801f0eca80dcc72bcede,91e6256c34faf7d26ed459844bd6a3dc390337716d67801f0eca80dcc72bcede,legacy_external_evaluation,paper_v2_legacy_exposed_external_replication,1b39c2d0134a93d68fa1a38fdb96b58bd193c100b0923279108e7f5a649b0a10,44bd50a5ffc33eb15707b0eeb25df9deee642d0d8f7e936876d7f3beb7a98c31,ccaeadc332fb38449fc6063143b190b1498e49dd2d6e39dd471a2174ab5aca8d
fleurs_metrics,external_fleurs_results.csv,legacy_exposed_external_replication/full_fleurs_857,legacy_exposed_external_replication/full_fleurs_857,role=selected_method;dataset=fleurs;model=phowhisper;model_size=base;train_type=tone_aware_lora;lambda=0.05;seed=42,fcer,rate,0.08588724933787363,0.0849163702414289,-0.000970879096444735,comparable_same_utterances,"same manifest and exact ordered utt_id/ref identity; checkpoints differ by design, so delta measures retraining/protocol change",3,3,857,857,91e6256c34faf7d26ed459844bd6a3dc390337716d67801f0eca80dcc72bcede,91e6256c34faf7d26ed459844bd6a3dc390337716d67801f0eca80dcc72bcede,legacy_external_evaluation,paper_v2_legacy_exposed_external_replication,1b39c2d0134a93d68fa1a38fdb96b58bd193c100b0923279108e7f5a649b0a10,44bd50a5ffc33eb15707b0eeb25df9deee642d0d8f7e936876d7f3beb7a98c31,ccaeadc332fb38449fc6063143b190b1498e49dd2d6e39dd471a2174ab5aca8d
fleurs_metrics,external_fleurs_results.csv,legacy_exposed_external_replication/full_fleurs_857,legacy_exposed_external_replication/full_fleurs_857,role=selected_method;dataset=fleurs;model=phowhisper;model_size=base;train_type=tone_aware_lora;lambda=0.05;seed=42,swdr,rate,0.006553795740032769,0.006553795740032769,0,comparable_same_utterances,"same manifest and exact ordered utt_id/ref identity; checkpoints differ by design, so delta measures retraining/protocol change",3,3,857,857,91e6256c34faf7d26ed459844bd6a3dc390337716d67801f0eca80dcc72bcede,91e6256c34faf7d26ed459844bd6a3dc390337716d67801f0eca80dcc72bcede,legacy_external_evaluation,paper_v2_legacy_exposed_external_replication,1b39c2d0134a93d68fa1a38fdb96b58bd193c100b0923279108e7f5a649b0a10,44bd50a5ffc33eb15707b0eeb25df9deee642d0d8f7e936876d7f3beb7a98c31,ccaeadc332fb38449fc6063143b190b1498e49dd2d6e39dd471a2174ab5aca8d
fleurs_metrics,external_fleurs_results.csv,legacy_exposed_external_replication/full_fleurs_857,legacy_exposed_external_replication/full_fleurs_857,role=selected_method;dataset=fleurs;model=phowhisper;model_size=base;train_type=tone_aware_lora;lambda=0.05;seed=42,ter,rate,0.011661431214768278,0.010185662712738524,-0.00147576850202975,comparable_same_utterances,"same manifest and exact ordered utt_id/ref identity; checkpoints differ by design, so delta measures retraining/protocol change",3,3,857,857,91e6256c34faf7d26ed459844bd6a3dc390337716d67801f0eca80dcc72bcede,91e6256c34faf7d26ed459844bd6a3dc390337716d67801f0eca80dcc72bcede,legacy_external_evaluation,paper_v2_legacy_exposed_external_replication,1b39c2d0134a93d68fa1a38fdb96b58bd193c100b0923279108e7f5a649b0a10,44bd50a5ffc33eb15707b0eeb25df9deee642d0d8f7e936876d7f3beb7a98c31,ccaeadc332fb38449fc6063143b190b1498e49dd2d6e39dd471a2174ab5aca8d
fleurs_metrics,external_fleurs_results.csv,legacy_exposed_external_replication/full_fleurs_857,legacy_exposed_external_replication/full_fleurs_857,role=selected_method;dataset=fleurs;model=phowhisper;model_size=base;train_type=tone_aware_lora;lambda=0.05;seed=42,wer,rate,0.16923491794437168,0.16850296633022574,-0.000731951614145937,comparable_same_utterances,"same manifest and exact ordered utt_id/ref identity; checkpoints differ by design, so delta measures retraining/protocol change",3,3,857,857,91e6256c34faf7d26ed459844bd6a3dc390337716d67801f0eca80dcc72bcede,91e6256c34faf7d26ed459844bd6a3dc390337716d67801f0eca80dcc72bcede,legacy_external_evaluation,paper_v2_legacy_exposed_external_replication,1b39c2d0134a93d68fa1a38fdb96b58bd193c100b0923279108e7f5a649b0a10,44bd50a5ffc33eb15707b0eeb25df9deee642d0d8f7e936876d7f3beb7a98c31,ccaeadc332fb38449fc6063143b190b1498e49dd2d6e39dd471a2174ab5aca8d
protocol_structure,benchmark_and_selection_protocol,legacy_v1,paper_v2,all_runs,benchmark_observation_count,protocol_value,1500,2300,,structural_change_not_numeric_comparison,"both use clean plus four SNR conditions, but their source utterances and noise partitions differ",,,1500,2300,a70139c89cbd123b8d0646588b4c7e3dc8c26abf0559cdac6772337d6d1bcfa6,89712f4873a6de7fb84f912d2380419fc48f56c7499ebed5f62528c749a2a146,legacy_v1_exposed_test_selection_and_evaluation,paper_v2_noisy_dev_selection_then_unseen_final,,,ccaeadc332fb38449fc6063143b190b1498e49dd2d6e39dd471a2174ab5aca8d
protocol_structure,benchmark_and_selection_protocol,legacy_v1,paper_v2,all_runs,lambda_selection_scope,protocol_value,same 300-source exposed benchmark used for lambda screening,held-out noisy-dev (14125 rows) before final-test unlock,,structural_change_not_numeric_comparison,the old selected checkpoint and new decision-locked checkpoint follow different selection protocols,,,300,14125,a70139c89cbd123b8d0646588b4c7e3dc8c26abf0559cdac6772337d6d1bcfa6,89712f4873a6de7fb84f912d2380419fc48f56c7499ebed5f62528c749a2a146,legacy_v1_exposed_test_selection_and_evaluation,paper_v2_noisy_dev_selection_then_unseen_final,,,ccaeadc332fb38449fc6063143b190b1498e49dd2d6e39dd471a2174ab5aca8d
protocol_structure,benchmark_and_selection_protocol,legacy_v1,paper_v2,all_runs,noise_partition_protocol,protocol_value,legacy MUSAN pool without train/dev/test content lock,"SHA-locked, content-disjoint MUSAN train/dev/test partitions",,structural_change_not_numeric_comparison,noise realizations are not exchangeable across protocol versions,,,,,a70139c89cbd123b8d0646588b4c7e3dc8c26abf0559cdac6772337d6d1bcfa6,89712f4873a6de7fb84f912d2380419fc48f56c7499ebed5f62528c749a2a146,legacy_v1_exposed_test_selection_and_evaluation,paper_v2_noisy_dev_selection_then_unseen_final,,,ccaeadc332fb38449fc6063143b190b1498e49dd2d6e39dd471a2174ab5aca8d
protocol_structure,benchmark_and_selection_protocol,legacy_v1,paper_v2,all_runs,source_utterance_count,protocol_value,300,460,,structural_change_not_numeric_comparison,300 legacy-exposed and 460 locked-unseen utterances are disjoint; no metric delta is valid,,,1500,2300,a70139c89cbd123b8d0646588b4c7e3dc8c26abf0559cdac6772337d6d1bcfa6,89712f4873a6de7fb84f912d2380419fc48f56c7499ebed5f62528c749a2a146,legacy_v1_exposed_test_selection_and_evaluation,paper_v2_noisy_dev_selection_then_unseen_final,,,ccaeadc332fb38449fc6063143b190b1498e49dd2d6e39dd471a2174ab5aca8d
protocol_structure,benchmark_and_selection_protocol,legacy_v1,paper_v2,all_runs,training_pool_protocol,protocol_value,"official_train+dev (11,660; dev included in historical fit pool)","official_train only (8,835); dev 2,825 held out",,structural_change_not_numeric_comparison,paper-v2 removes the historical dev-in-training validity blocker,,,11660,8835,a70139c89cbd123b8d0646588b4c7e3dc8c26abf0559cdac6772337d6d1bcfa6,89712f4873a6de7fb84f912d2380419fc48f56c7499ebed5f62528c749a2a146,legacy_v1_exposed_test_selection_and_evaluation,paper_v2_noisy_dev_selection_then_unseen_final,,,ccaeadc332fb38449fc6063143b190b1498e49dd2d6e39dd471a2174ab5aca8d
vivos_aggregate,results_by_noise_type.csv,legacy_exposed_vivos_300/noise_type=clean,paper_v2_locked_vivos_460/noise_type=clean,dataset=vivos;model=phowhisper;model_size=base;train_type=tone_aware_lora;lambda=0.3;seed=42;noise_type=clean,cer,rate,0.035265066748977544,,,not_comparable_missing_counterpart,legacy-only selection-screen run,44,36,300,,a70139c89cbd123b8d0646588b4c7e3dc8c26abf0559cdac6772337d6d1bcfa6,89712f4873a6de7fb84f912d2380419fc48f56c7499ebed5f62528c749a2a146,legacy_v1_exposed_test_selection_and_evaluation,paper_v2_unseen_final_after_noisy_dev_decision_lock,8eb56fe7be9e58e0816414d7340608453f4b6cad4f732e9e523a95b2bf9c85c5,65f1bc32cc0acf2139e031da38881a641be0b043c975ce9d0303ca3ec1ca582c,ccaeadc332fb38449fc6063143b190b1498e49dd2d6e39dd471a2174ab5aca8d
vivos_aggregate,results_by_noise_type.csv,legacy_exposed_vivos_300/noise_type=clean,paper_v2_locked_vivos_460/noise_type=clean,dataset=vivos;model=phowhisper;model_size=base;train_type=tone_aware_lora;lambda=0.3;seed=42;noise_type=clean,der,rate,0.00732728541521284,,,not_comparable_missing_counterpart,legacy-only selection-screen run,44,36,300,,a70139c89cbd123b8d0646588b4c7e3dc8c26abf0559cdac6772337d6d1bcfa6,89712f4873a6de7fb84f912d2380419fc48f56c7499ebed5f62528c749a2a146,legacy_v1_exposed_test_selection_and_evaluation,paper_v2_unseen_final_after_noisy_dev_decision_lock,8eb56fe7be9e58e0816414d7340608453f4b6cad4f732e9e523a95b2bf9c85c5,65f1bc32cc0acf2139e031da38881a641be0b043c975ce9d0303ca3ec1ca582c,ccaeadc332fb38449fc6063143b190b1498e49dd2d6e39dd471a2174ab5aca8d
vivos_aggregate,results_by_noise_type.csv,legacy_exposed_vivos_300/noise_type=clean,paper_v2_locked_vivos_460/noise_type=clean,dataset=vivos;model=phowhisper;model_size=base;train_type=tone_aware_lora;lambda=0.3;seed=42;noise_type=clean,fcer,rate,0.04413702239789196,,,not_comparable_missing_counterpart,legacy-only selection-screen run,44,36,300,,a70139c89cbd123b8d0646588b4c7e3dc8c26abf0559cdac6772337d6d1bcfa6,89712f4873a6de7fb84f912d2380419fc48f56c7499ebed5f62528c749a2a146,legacy_v1_exposed_test_selection_and_evaluation,paper_v2_unseen_final_after_noisy_dev_decision_lock,8eb56fe7be9e58e0816414d7340608453f4b6cad4f732e9e523a95b2bf9c85c5,65f1bc32cc0acf2139e031da38881a641be0b043c975ce9d0303ca3ec1ca582c,ccaeadc332fb38449fc6063143b190b1498e49dd2d6e39dd471a2174ab5aca8d
vivos_aggregate,results_by_noise_type.csv,legacy_exposed_vivos_300/noise_type=clean,paper_v2_locked_vivos_460/noise_type=clean,dataset=vivos;model=phowhisper;model_size=base;train_type=tone_aware_lora;lambda=0.3;seed=42;noise_type=clean,swdr,rate,0.0,,,not_comparable_missing_counterpart,legacy-only selection-screen run,44,36,300,,a70139c89cbd123b8d0646588b4c7e3dc8c26abf0559cdac6772337d6d1bcfa6,89712f4873a6de7fb84f912d2380419fc48f56c7499ebed5f62528c749a2a146,legacy_v1_exposed_test_selection_and_evaluation,paper_v2_unseen_final_after_noisy_dev_decision_lock,8eb56fe7be9e58e0816414d7340608453f4b6cad4f732e9e523a95b2bf9c85c5,65f1bc32cc0acf2139e031da38881a641be0b043c975ce9d0303ca3ec1ca582c,ccaeadc332fb38449fc6063143b190b1498e49dd2d6e39dd471a2174ab5aca8d
vivos_aggregate,results_by_noise_type.csv,legacy_exposed_vivos_300/noise_type=clean,paper_v2_locked_vivos_460/noise_type=clean,dataset=vivos;model=phowhisper;model_size=base;train_type=tone_aware_lora;lambda=0.3;seed=42;noise_type=clean,ter,rate,0.010157618213660246,,,not_comparable_missing_counterpart,legacy-only selection-screen run,44,36,300,,a70139c89cbd123b8d0646588b4c7e3dc8c26abf0559cdac6772337d6d1bcfa6,89712f4873a6de7fb84f912d2380419fc48f56c7499ebed5f62528c749a2a146,legacy_v1_exposed_test_selection_and_evaluation,paper_v2_unseen_final_after_noisy_dev_decision_lock,8eb56fe7be9e58e0816414d7340608453f4b6cad4f732e9e523a95b2bf9c85c5,65f1bc32cc0acf2139e031da38881a641be0b043c975ce9d0303ca3ec1ca582c,ccaeadc332fb38449fc6063143b190b1498e49dd2d6e39dd471a2174ab5aca8d
vivos_aggregate,results_by_noise_type.csv,legacy_exposed_vivos_300/noise_type=clean,paper_v2_locked_vivos_460/noise_type=clean,dataset=vivos;model=phowhisper;model_size=base;train_type=tone_aware_lora;lambda=0.3;seed=42;noise_type=clean,wer,rate,0.08033964728935336,,,not_comparable_missing_counterpart,legacy-only selection-screen run,44,36,300,,a70139c89cbd123b8d0646588b4c7e3dc8c26abf0559cdac6772337d6d1bcfa6,89712f4873a6de7fb84f912d2380419fc48f56c7499ebed5f62528c749a2a146,legacy_v1_exposed_test_selection_and_evaluation,paper_v2_unseen_final_after_noisy_dev_decision_lock,8eb56fe7be9e58e0816414d7340608453f4b6cad4f732e9e523a95b2bf9c85c5,65f1bc32cc0acf2139e031da38881a641be0b043c975ce9d0303ca3ec1ca582c,ccaeadc332fb38449fc6063143b190b1498e49dd2d6e39dd471a2174ab5aca8d
vivos_aggregate,results_by_noise_type.csv,legacy_exposed_vivos_300/noise_type=music,paper_v2_locked_vivos_460/noise_type=music,dataset=vivos;model=phowhisper;model_size=base;train_type=tone_aware_lora;lambda=0.3;seed=42;noise_type=music,cer,rate,0.06270721390190923,,,not_comparable_missing_counterpart,legacy-only selection-screen run,44,36,394,,a70139c89cbd123b8d0646588b4c7e3dc8c26abf0559cdac6772337d6d1bcfa6,89712f4873a6de7fb84f912d2380419fc48f56c7499ebed5f62528c749a2a146,legacy_v1_exposed_test_selection_and_evaluation,paper_v2_unseen_final_after_noisy_dev_decision_lock,8eb56fe7be9e58e0816414d7340608453f4b6cad4f732e9e523a95b2bf9c85c5,65f1bc32cc0acf2139e031da38881a641be0b043c975ce9d0303ca3ec1ca582c,ccaeadc332fb38449fc6063143b190b1498e49dd2d6e39dd471a2174ab5aca8d
vivos_aggregate,results_by_noise_type.csv,legacy_exposed_vivos_300/noise_type=music,paper_v2_locked_vivos_460/noise_type=music,dataset=vivos;model=phowhisper;model_size=base;train_type=tone_aware_lora;lambda=0.3;seed=42;noise_type=music,der,rate,0.010032537960954447,,,not_comparable_missing_counterpart,legacy-only selection-screen run,44,36,394,,a70139c89cbd123b8d0646588b4c7e3dc8c26abf0559cdac6772337d6d1bcfa6,89712f4873a6de7fb84f912d2380419fc48f56c7499ebed5f62528c749a2a146,legacy_v1_exposed_test_selection_and_evaluation,paper_v2_unseen_final_after_noisy_dev_decision_lock,8eb56fe7be9e58e0816414d7340608453f4b6cad4f732e9e523a95b2bf9c85c5,65f1bc32cc0acf2139e031da38881a641be0b043c975ce9d0303ca3ec1ca582c,ccaeadc332fb38449fc6063143b190b1498e49dd2d6e39dd471a2174ab5aca8d
vivos_aggregate,results_by_noise_type.csv,legacy_exposed_vivos_300/noise_type=music,paper_v2_locked_vivos_460/noise_type=music,dataset=vivos;model=phowhisper;model_size=base;train_type=tone_aware_lora;lambda=0.3;seed=42;noise_type=music,fcer,rate,0.08678881388621022,,,not_comparable_missing_counterpart,legacy-only selection-screen run,44,36,394,,a70139c89cbd123b8d0646588b4c7e3dc8c26abf0559cdac6772337d6d1bcfa6,89712f4873a6de7fb84f912d2380419fc48f56c7499ebed5f62528c749a2a146,legacy_v1_exposed_test_selection_and_evaluation,paper_v2_unseen_final_after_noisy_dev_decision_lock,8eb56fe7be9e58e0816414d7340608453f4b6cad4f732e9e523a95b2bf9c85c5,65f1bc32cc0acf2139e031da38881a641be0b043c975ce9d0303ca3ec1ca582c,ccaeadc332fb38449fc6063143b190b1498e49dd2d6e39dd471a2174ab5aca8d
vivos_aggregate,results_by_noise_type.csv,legacy_exposed_vivos_300/noise_type=music,paper_v2_locked_vivos_460/noise_type=music,dataset=vivos;model=phowhisper;model_size=base;train_type=tone_aware_lora;lambda=0.3;seed=42;noise_type=music,swdr,rate,0.005291005291005291,,,not_comparable_missing_counterpart,legacy-only selection-screen run,44,36,394,,a70139c89cbd123b8d0646588b4c7e3dc8c26abf0559cdac6772337d6d1bcfa6,89712f4873a6de7fb84f912d2380419fc48f56c7499ebed5f62528c749a2a146,legacy_v1_exposed_test_selection_and_evaluation,paper_v2_unseen_final_after_noisy_dev_decision_lock,8eb56fe7be9e58e0816414d7340608453f4b6cad4f732e9e523a95b2bf9c85c5,65f1bc32cc0acf2139e031da38881a641be0b043c975ce9d0303ca3ec1ca582c,ccaeadc332fb38449fc6063143b190b1498e49dd2d6e39dd471a2174ab5aca8d
vivos_aggregate,results_by_noise_type.csv,legacy_exposed_vivos_300/noise_type=music,paper_v2_locked_vivos_460/noise_type=music,dataset=vivos;model=phowhisper;model_size=base;train_type=tone_aware_lora;lambda=0.3;seed=42;noise_type=music,ter,rate,0.014990460615971654,,,not_comparable_missing_counterpart,legacy-only selection-screen run,44,36,394,,a70139c89cbd123b8d0646588b4c7e3dc8c26abf0559cdac6772337d6d1bcfa6,89712f4873a6de7fb84f912d2380419fc48f56c7499ebed5f62528c749a2a146,legacy_v1_exposed_test_selection_and_evaluation,paper_v2_unseen_final_after_noisy_dev_decision_lock,8eb56fe7be9e58e0816414d7340608453f4b6cad4f732e9e523a95b2bf9c85c5,65f1bc32cc0acf2139e031da38881a641be0b043c975ce9d0303ca3ec1ca582c,ccaeadc332fb38449fc6063143b190b1498e49dd2d6e39dd471a2174ab5aca8d
vivos_aggregate,results_by_noise_type.csv,legacy_exposed_vivos_300/noise_type=music,paper_v2_locked_vivos_460/noise_type=music,dataset=vivos;model=phowhisper;model_size=base;train_type=tone_aware_lora;lambda=0.3;seed=42;noise_type=music,wer,rate,0.1274629044028217,,,not_comparable_missing_counterpart,legacy-only selection-screen run,44,36,394,,a70139c89cbd123b8d0646588b4c7e3dc8c26abf0559cdac6772337d6d1bcfa6,89712f4873a6de7fb84f912d2380419fc48f56c7499ebed5f62528c749a2a146,legacy_v1_exposed_test_selection_and_evaluation,paper_v2_unseen_final_after_noisy_dev_decision_lock,8eb56fe7be9e58e0816414d7340608453f4b6cad4f732e9e523a95b2bf9c85c5,65f1bc32cc0acf2139e031da38881a641be0b043c975ce9d0303ca3ec1ca582c,ccaeadc332fb38449fc6063143b190b1498e49dd2d6e39dd471a2174ab5aca8d
vivos_aggregate,results_by_noise_type.csv,legacy_exposed_vivos_300/noise_type=noise,paper_v2_locked_vivos_460/noise_type=noise,dataset=vivos;model=phowhisper;model_size=base;train_type=tone_aware_lora;lambda=0.3;seed=42;noise_type=noise,cer,rate,0.055774905448651345,,,not_comparable_missing_counterpart,legacy-only selection-screen run,44,36,556,,a70139c89cbd123b8d0646588b4c7e3dc8c26abf0559cdac6772337d6d1bcfa6,89712f4873a6de7fb84f912d2380419fc48f56c7499ebed5f62528c749a2a146,legacy_v1_exposed_test_selection_and_evaluation,paper_v2_unseen_final_after_noisy_dev_decision_lock,8eb56fe7be9e58e0816414d7340608453f4b6cad4f732e9e523a95b2bf9c85c5,65f1bc32cc0acf2139e031da38881a641be0b043c975ce9d0303ca3ec1ca582c,ccaeadc332fb38449fc6063143b190b1498e49dd2d6e39dd471a2174ab5aca8d
vivos_aggregate,results_by_noise_type.csv,legacy_exposed_vivos_300/noise_type=noise,paper_v2_locked_vivos_460/noise_type=noise,dataset=vivos;model=phowhisper;model_size=base;train_type=tone_aware_lora;lambda=0.3;seed=42;noise_type=noise,der,rate,0.006584043377226956,,,not_comparable_missing_counterpart,legacy-only selection-screen run,44,36,556,,a70139c89cbd123b8d0646588b4c7e3dc8c26abf0559cdac6772337d6d1bcfa6,89712f4873a6de7fb84f912d2380419fc48f56c7499ebed5f62528c749a2a146,legacy_v1_exposed_test_selection_and_evaluation,paper_v2_unseen_final_after_noisy_dev_decision_lock,8eb56fe7be9e58e0816414d7340608453f4b6cad4f732e9e523a95b2bf9c85c5,65f1bc32cc0acf2139e031da38881a641be0b043c975ce9d0303ca3ec1ca582c,ccaeadc332fb38449fc6063143b190b1498e49dd2d6e39dd471a2174ab5aca8d
vivos_aggregate,results_by_noise_type.csv,legacy_exposed_vivos_300/noise_type=noise,paper_v2_locked_vivos_460/noise_type=noise,dataset=vivos;model=phowhisper;model_size=base;train_type=tone_aware_lora;lambda=0.3;seed=42;noise_type=noise,fcer,rate,0.07606028741675429,,,not_comparable_missing_counterpart,legacy-only selection-screen run,44,36,556,,a70139c89cbd123b8d0646588b4c7e3dc8c26abf0559cdac6772337d6d1bcfa6,89712f4873a6de7fb84f912d2380419fc48f56c7499ebed5f62528c749a2a146,legacy_v1_exposed_test_selection_and_evaluation,paper_v2_unseen_final_after_noisy_dev_decision_lock,8eb56fe7be9e58e0816414d7340608453f4b6cad4f732e9e523a95b2bf9c85c5,65f1bc32cc0acf2139e031da38881a641be0b043c975ce9d0303ca3ec1ca582c,ccaeadc332fb38449fc6063143b190b1498e49dd2d6e39dd471a2174ab5aca8d
vivos_aggregate,results_by_noise_type.csv,legacy_exposed_vivos_300/noise_type=noise,paper_v2_locked_vivos_460/noise_type=noise,dataset=vivos;model=phowhisper;model_size=base;train_type=tone_aware_lora;lambda=0.3;seed=42;noise_type=noise,swdr,rate,0.0,,,not_comparable_missing_counterpart,legacy-only selection-screen run,44,36,556,,a70139c89cbd123b8d0646588b4c7e3dc8c26abf0559cdac6772337d6d1bcfa6,89712f4873a6de7fb84f912d2380419fc48f56c7499ebed5f62528c749a2a146,legacy_v1_exposed_test_selection_and_evaluation,paper_v2_unseen_final_after_noisy_dev_decision_lock,8eb56fe7be9e58e0816414d7340608453f4b6cad4f732e9e523a95b2bf9c85c5,65f1bc32cc0acf2139e031da38881a641be0b043c975ce9d0303ca3ec1ca582c,ccaeadc332fb38449fc6063143b190b1498e49dd2d6e39dd471a2174ab5aca8d
vivos_aggregate,results_by_noise_type.csv,legacy_exposed_vivos_300/noise_type=noise,paper_v2_locked_vivos_460/noise_type=noise,dataset=vivos;model=phowhisper;model_size=base;train_type=tone_aware_lora;lambda=0.3;seed=42;noise_type=noise,ter,rate,0.01338766006984866,,,not_comparable_missing_counterpart,legacy-only selection-screen run,44,36,556,,a70139c89cbd123b8d0646588b4c7e3dc8c26abf0559cdac6772337d6d1bcfa6,89712f4873a6de7fb84f912d2380419fc48f56c7499ebed5f62528c749a2a146,legacy_v1_exposed_test_selection_and_evaluation,paper_v2_unseen_final_after_noisy_dev_decision_lock,8eb56fe7be9e58e0816414d7340608453f4b6cad4f732e9e523a95b2bf9c85c5,65f1bc32cc0acf2139e031da38881a641be0b043c975ce9d0303ca3ec1ca582c,ccaeadc332fb38449fc6063143b190b1498e49dd2d6e39dd471a2174ab5aca8d
vivos_aggregate,results_by_noise_type.csv,legacy_exposed_vivos_300/noise_type=noise,paper_v2_locked_vivos_460/noise_type=noise,dataset=vivos;model=phowhisper;model_size=base;train_type=tone_aware_lora;lambda=0.3;seed=42;noise_type=noise,wer,rate,0.1117171006333568,,,not_comparable_missing_counterpart,legacy-only selection-screen run,44,36,556,,a70139c89cbd123b8d0646588b4c7e3dc8c26abf0559cdac6772337d6d1bcfa6,89712f4873a6de7fb84f912d2380419fc48f56c7499ebed5f62528c749a2a146,legacy_v1_exposed_test_selection_and_evaluation,paper_v2_unseen_final_after_noisy_dev_decision_lock,8eb56fe7be9e58e0816414d7340608453f4b6cad4f732e9e523a95b2bf9c85c5,65f1bc32cc0acf2139e031da38881a641be0b043c975ce9d0303ca3ec1ca582c,ccaeadc332fb38449fc6063143b190b1498e49dd2d6e39dd471a2174ab5aca8d
vivos_aggregate,results_by_noise_type.csv,legacy_exposed_vivos_300/noise_type=speech,paper_v2_locked_vivos_460/noise_type=speech,dataset=vivos;model=phowhisper;model_size=base;train_type=tone_aware_lora;lambda=0.3;seed=42;noise_type=speech,cer,rate,0.19715980935706642,,,not_comparable_missing_counterpart,legacy-only selection-screen run,44,36,250,,a70139c89cbd123b8d0646588b4c7e3dc8c26abf0559cdac6772337d6d1bcfa6,89712f4873a6de7fb84f912d2380419fc48f56c7499ebed5f62528c749a2a146,legacy_v1_exposed_test_selection_and_evaluation,paper_v2_unseen_final_after_noisy_dev_decision_lock,8eb56fe7be9e58e0816414d7340608453f4b6cad4f732e9e523a95b2bf9c85c5,65f1bc32cc0acf2139e031da38881a641be0b043c975ce9d0303ca3ec1ca582c,ccaeadc332fb38449fc6063143b190b1498e49dd2d6e39dd471a2174ab5aca8d
vivos_aggregate,results_by_noise_type.csv,legacy_exposed_vivos_300/noise_type=speech,paper_v2_locked_vivos_460/noise_type=speech,dataset=vivos;model=phowhisper;model_size=base;train_type=tone_aware_lora;lambda=0.3;seed=42;noise_type=speech,der,rate,0.00978952520802741,,,not_comparable_missing_counterpart,legacy-only selection-screen run,44,36,250,,a70139c89cbd123b8d0646588b4c7e3dc8c26abf0559cdac6772337d6d1bcfa6,89712f4873a6de7fb84f912d2380419fc48f56c7499ebed5f62528c749a2a146,legacy_v1_exposed_test_selection_and_evaluation,paper_v2_unseen_final_after_noisy_dev_decision_lock,8eb56fe7be9e58e0816414d7340608453f4b6cad4f732e9e523a95b2bf9c85c5,65f1bc32cc0acf2139e031da38881a641be0b043c975ce9d0303ca3ec1ca582c,ccaeadc332fb38449fc6063143b190b1498e49dd2d6e39dd471a2174ab5aca8d
vivos_aggregate,results_by_noise_type.csv,legacy_exposed_vivos_300/noise_type=speech,paper_v2_locked_vivos_460/noise_type=speech,dataset=vivos;model=phowhisper;model_size=base;train_type=tone_aware_lora;lambda=0.3;seed=42;noise_type=speech,fcer,rate,0.17272727272727273,,,not_comparable_missing_counterpart,legacy-only selection-screen run,44,36,250,,a70139c89cbd123b8d0646588b4c7e3dc8c26abf0559cdac6772337d6d1bcfa6,89712f4873a6de7fb84f912d2380419fc48f56c7499ebed5f62528c749a2a146,legacy_v1_exposed_test_selection_and_evaluation,paper_v2_unseen_final_after_noisy_dev_decision_lock,8eb56fe7be9e58e0816414d7340608453f4b6cad4f732e9e523a95b2bf9c85c5,65f1bc32cc0acf2139e031da38881a641be0b043c975ce9d0303ca3ec1ca582c,ccaeadc332fb38449fc6063143b190b1498e49dd2d6e39dd471a2174ab5aca8d
vivos_aggregate,results_by_noise_type.csv,legacy_exposed_vivos_300/noise_type=speech,paper_v2_locked_vivos_460/noise_type=speech,dataset=vivos;model=phowhisper;model_size=base;train_type=tone_aware_lora;lambda=0.3;seed=42;noise_type=speech,swdr,rate,0.00847457627118644,,,not_comparable_missing_counterpart,legacy-only selection-screen run,44,36,250,,a70139c89cbd123b8d0646588b4c7e3dc8c26abf0559cdac6772337d6d1bcfa6,89712f4873a6de7fb84f912d2380419fc48f56c7499ebed5f62528c749a2a146,legacy_v1_exposed_test_selection_and_evaluation,paper_v2_unseen_final_after_noisy_dev_decision_lock,8eb56fe7be9e58e0816414d7340608453f4b6cad4f732e9e523a95b2bf9c85c5,65f1bc32cc0acf2139e031da38881a641be0b043c975ce9d0303ca3ec1ca582c,ccaeadc332fb38449fc6063143b190b1498e49dd2d6e39dd471a2174ab5aca8d
vivos_aggregate,results_by_noise_type.csv,legacy_exposed_vivos_300/noise_type=speech,paper_v2_locked_vivos_460/noise_type=speech,dataset=vivos;model=phowhisper;model_size=base;train_type=tone_aware_lora;lambda=0.3;seed=42;noise_type=speech,ter,rate,0.027450980392156862,,,not_comparable_missing_counterpart,legacy-only selection-screen run,44,36,250,,a70139c89cbd123b8d0646588b4c7e3dc8c26abf0559cdac6772337d6d1bcfa6,89712f4873a6de7fb84f912d2380419fc48f56c7499ebed5f62528c749a2a146,legacy_v1_exposed_test_selection_and_evaluation,paper_v2_unseen_final_after_noisy_dev_decision_lock,8eb56fe7be9e58e0816414d7340608453f4b6cad4f732e9e523a95b2bf9c85c5,65f1bc32cc0acf2139e031da38881a641be0b043c975ce9d0303ca3ec1ca582c,ccaeadc332fb38449fc6063143b190b1498e49dd2d6e39dd471a2174ab5aca8d
vivos_aggregate,results_by_noise_type.csv,legacy_exposed_vivos_300/noise_type=speech,paper_v2_locked_vivos_460/noise_type=speech,dataset=vivos;model=phowhisper;model_size=base;train_type=tone_aware_lora;lambda=0.3;seed=42;noise_type=speech,wer,rate,0.29800244598450876,,,not_comparable_missing_counterpart,legacy-only selection-screen run,44,36,250,,a70139c89cbd123b8d0646588b4c7e3dc8c26abf0559cdac6772337d6d1bcfa6,89712f4873a6de7fb84f912d2380419fc48f56c7499ebed5f62528c749a2a146,legacy_v1_exposed_test_selection_and_evaluation,paper_v2_unseen_final_after_noisy_dev_decision_lock,8eb56fe7be9e58e0816414d7340608453f4b6cad4f732e9e523a95b2bf9c85c5,65f1bc32cc0acf2139e031da38881a641be0b043c975ce9d0303ca3ec1ca582c,ccaeadc332fb38449fc6063143b190b1498e49dd2d6e39dd471a2174ab5aca8d
vivos_aggregate,results_by_noise_type.csv,legacy_exposed_vivos_300/noise_type=clean,paper_v2_locked_vivos_460/noise_type=clean,dataset=vivos;model=phowhisper;model_size=base;train_type=tone_aware_lora;lambda=0.5;seed=42;noise_type=clean,cer,rate,0.03873755691025542,,,not_comparable_missing_counterpart,legacy-only selection-screen run,44,36,300,,a70139c89cbd123b8d0646588b4c7e3dc8c26abf0559cdac6772337d6d1bcfa6,89712f4873a6de7fb84f912d2380419fc48f56c7499ebed5f62528c749a2a146,legacy_v1_exposed_test_selection_and_evaluation,paper_v2_unseen_final_after_noisy_dev_decision_lock,8eb56fe7be9e58e0816414d7340608453f4b6cad4f732e9e523a95b2bf9c85c5,65f1bc32cc0acf2139e031da38881a641be0b043c975ce9d0303ca3ec1ca582c,ccaeadc332fb38449fc6063143b190b1498e49dd2d6e39dd471a2174ab5aca8d
vivos_aggregate,results_by_noise_type.csv,legacy_exposed_vivos_300/noise_type=clean,paper_v2_locked_vivos_460/noise_type=clean,dataset=vivos;model=phowhisper;model_size=base;train_type=tone_aware_lora;lambda=0.5;seed=42;noise_type=clean,der,rate,0.00876577840112202,,,not_comparable_missing_counterpart,legacy-only selection-screen run,44,36,300,,a70139c89cbd123b8d0646588b4c7e3dc8c26abf0559cdac6772337d6d1bcfa6,89712f4873a6de7fb84f912d2380419fc48f56c7499ebed5f62528c749a2a146,legacy_v1_exposed_test_selection_and_evaluation,paper_v2_unseen_final_after_noisy_dev_decision_lock,8eb56fe7be9e58e0816414d7340608453f4b6cad4f732e9e523a95b2bf9c85c5,65f1bc32cc0acf2139e031da38881a641be0b043c975ce9d0303ca3ec1ca582c,ccaeadc332fb38449fc6063143b190b1498e49dd2d6e39dd471a2174ab5aca8d
vivos_aggregate,results_by_noise_type.csv,legacy_exposed_vivos_300/noise_type=clean,paper_v2_locked_vivos_460/noise_type=clean,dataset=vivos;model=phowhisper;model_size=base;train_type=tone_aware_lora;lambda=0.5;seed=42;noise_type=clean,fcer,rate,0.04940711462450593,,,not_comparable_missing_counterpart,legacy-only selection-screen run,44,36,300,,a70139c89cbd123b8d0646588b4c7e3dc8c26abf0559cdac6772337d6d1bcfa6,89712f4873a6de7fb84f912d2380419fc48f56c7499ebed5f62528c749a2a146,legacy_v1_exposed_test_selection_and_evaluation,paper_v2_unseen_final_after_noisy_dev_decision_lock,8eb56fe7be9e58e0816414d7340608453f4b6cad4f732e9e523a95b2bf9c85c5,65f1bc32cc0acf2139e031da38881a641be0b043c975ce9d0303ca3ec1ca582c,ccaeadc332fb38449fc6063143b190b1498e49dd2d6e39dd471a2174ab5aca8d
vivos_aggregate,results_by_noise_type.csv,legacy_exposed_vivos_300/noise_type=clean,paper_v2_locked_vivos_460/noise_type=clean,dataset=vivos;model=phowhisper;model_size=base;train_type=tone_aware_lora;lambda=0.5;seed=42;noise_type=clean,swdr,rate,0.0,,,not_comparable_missing_counterpart,legacy-only selection-screen run,44,36,300,,a70139c89cbd123b8d0646588b4c7e3dc8c26abf0559cdac6772337d6d1bcfa6,89712f4873a6de7fb84f912d2380419fc48f56c7499ebed5f62528c749a2a146,legacy_v1_exposed_test_selection_and_evaluation,paper_v2_unseen_final_after_noisy_dev_decision_lock,8eb56fe7be9e58e0816414d7340608453f4b6cad4f732e9e523a95b2bf9c85c5,65f1bc32cc0acf2139e031da38881a641be0b043c975ce9d0303ca3ec1ca582c,ccaeadc332fb38449fc6063143b190b1498e49dd2d6e39dd471a2174ab5aca8d
vivos_aggregate,results_by_noise_type.csv,legacy_exposed_vivos_300/noise_type=clean,paper_v2_locked_vivos_460/noise_type=clean,dataset=vivos;model=phowhisper;model_size=base;train_type=tone_aware_lora;lambda=0.5;seed=42;noise_type=clean,ter,rate,0.01163200563976031,,,not_comparable_missing_counterpart,legacy-only selection-screen run,44,36,300,,a70139c89cbd123b8d0646588b4c7e3dc8c26abf0559cdac6772337d6d1bcfa6,89712f4873a6de7fb84f912d2380419fc48f56c7499ebed5f62528c749a2a146,legacy_v1_exposed_test_selection_and_evaluation,paper_v2_unseen_final_after_noisy_dev_decision_lock,8eb56fe7be9e58e0816414d7340608453f4b6cad4f732e9e523a95b2bf9c85c5,65f1bc32cc0acf2139e031da38881a641be0b043c975ce9d0303ca3ec1ca582c,ccaeadc332fb38449fc6063143b190b1498e49dd2d6e39dd471a2174ab5aca8d
vivos_aggregate,results_by_noise_type.csv,legacy_exposed_vivos_300/noise_type=clean,paper_v2_locked_vivos_460/noise_type=clean,dataset=vivos;model=phowhisper;model_size=base;train_type=tone_aware_lora;lambda=0.5;seed=42;noise_type=clean,wer,rate,0.08785107772697583,,,not_comparable_missing_counterpart,legacy-only selection-screen run,44,36,300,,a70139c89cbd123b8d0646588b4c7e3dc8c26abf0559cdac6772337d6d1bcfa6,89712f4873a6de7fb84f912d2380419fc48f56c7499ebed5f62528c749a2a146,legacy_v1_exposed_test_selection_and_evaluation,paper_v2_unseen_final_after_noisy_dev_decision_lock,8eb56fe7be9e58e0816414d7340608453f4b6cad4f732e9e523a95b2bf9c85c5,65f1bc32cc0acf2139e031da38881a641be0b043c975ce9d0303ca3ec1ca582c,ccaeadc332fb38449fc6063143b190b1498e49dd2d6e39dd471a2174ab5aca8d
vivos_aggregate,results_by_noise_type.csv,legacy_exposed_vivos_300/noise_type=music,paper_v2_locked_vivos_460/noise_type=music,dataset=vivos;model=phowhisper;model_size=base;train_type=tone_aware_lora;lambda=0.5;seed=42;noise_type=music,cer,rate,0.06779467245912885,,,not_comparable_missing_counterpart,legacy-only selection-screen run,44,36,394,,a70139c89cbd123b8d0646588b4c7e3dc8c26abf0559cdac6772337d6d1bcfa6,89712f4873a6de7fb84f912d2380419fc48f56c7499ebed5f62528c749a2a146,legacy_v1_exposed_test_selection_and_evaluation,paper_v2_unseen_final_after_noisy_dev_decision_lock,8eb56fe7be9e58e0816414d7340608453f4b6cad4f732e9e523a95b2bf9c85c5,65f1bc32cc0acf2139e031da38881a641be0b043c975ce9d0303ca3ec1ca582c,ccaeadc332fb38449fc6063143b190b1498e49dd2d6e39dd471a2174ab5aca8d
vivos_aggregate,results_by_noise_type.csv,legacy_exposed_vivos_300/noise_type=music,paper_v2_locked_vivos_460/noise_type=music,dataset=vivos;model=phowhisper;model_size=base;train_type=tone_aware_lora;lambda=0.5;seed=42;noise_type=music,der,rate,0.012015292190060076,,,not_comparable_missing_counterpart,legacy-only selection-screen run,44,36,394,,a70139c89cbd123b8d0646588b4c7e3dc8c26abf0559cdac6772337d6d1bcfa6,89712f4873a6de7fb84f912d2380419fc48f56c7499ebed5f62528c749a2a146,legacy_v1_exposed_test_selection_and_evaluation,paper_v2_unseen_final_after_noisy_dev_decision_lock,8eb56fe7be9e58e0816414d7340608453f4b6cad4f732e9e523a95b2bf9c85c5,65f1bc32cc0acf2139e031da38881a641be0b043c975ce9d0303ca3ec1ca582c,ccaeadc332fb38449fc6063143b190b1498e49dd2d6e39dd471a2174ab5aca8d
vivos_aggregate,results_by_noise_type.csv,legacy_exposed_vivos_300/noise_type=music,paper_v2_locked_vivos_460/noise_type=music,dataset=vivos;model=phowhisper;model_size=base;train_type=tone_aware_lora;lambda=0.5;seed=42;noise_type=music,fcer,rate,0.0953757225433526,,,not_comparable_missing_counterpart,legacy-only selection-screen run,44,36,394,,a70139c89cbd123b8d0646588b4c7e3dc8c26abf0559cdac6772337d6d1bcfa6,89712f4873a6de7fb84f912d2380419fc48f56c7499ebed5f62528c749a2a146,legacy_v1_exposed_test_selection_and_evaluation,paper_v2_unseen_final_after_noisy_dev_decision_lock,8eb56fe7be9e58e0816414d7340608453f4b6cad4f732e9e523a95b2bf9c85c5,65f1bc32cc0acf2139e031da38881a641be0b043c975ce9d0303ca3ec1ca582c,ccaeadc332fb38449fc6063143b190b1498e49dd2d6e39dd471a2174ab5aca8d
vivos_aggregate,results_by_noise_type.csv,legacy_exposed_vivos_300/noise_type=music,paper_v2_locked_vivos_460/noise_type=music,dataset=vivos;model=phowhisper;model_size=base;train_type=tone_aware_lora;lambda=0.5;seed=42;noise_type=music,swdr,rate,0.0,,,not_comparable_missing_counterpart,legacy-only selection-screen run,44,36,394,,a70139c89cbd123b8d0646588b4c7e3dc8c26abf0559cdac6772337d6d1bcfa6,89712f4873a6de7fb84f912d2380419fc48f56c7499ebed5f62528c749a2a146,legacy_v1_exposed_test_selection_and_evaluation,paper_v2_unseen_final_after_noisy_dev_decision_lock,8eb56fe7be9e58e0816414d7340608453f4b6cad4f732e9e523a95b2bf9c85c5,65f1bc32cc0acf2139e031da38881a641be0b043c975ce9d0303ca3ec1ca582c,ccaeadc332fb38449fc6063143b190b1498e49dd2d6e39dd471a2174ab5aca8d
vivos_aggregate,results_by_noise_type.csv,legacy_exposed_vivos_300/noise_type=music,paper_v2_locked_vivos_460/noise_type=music,dataset=vivos;model=phowhisper;model_size=base;train_type=tone_aware_lora;lambda=0.5;seed=42;noise_type=music,ter,rate,0.014580467675378267,,,not_comparable_missing_counterpart,legacy-only selection-screen run,44,36,394,,a70139c89cbd123b8d0646588b4c7e3dc8c26abf0559cdac6772337d6d1bcfa6,89712f4873a6de7fb84f912d2380419fc48f56c7499ebed5f62528c749a2a146,legacy_v1_exposed_test_selection_and_evaluation,paper_v2_unseen_final_after_noisy_dev_decision_lock,8eb56fe7be9e58e0816414d7340608453f4b6cad4f732e9e523a95b2bf9c85c5,65f1bc32cc0acf2139e031da38881a641be0b043c975ce9d0303ca3ec1ca582c,ccaeadc332fb38449fc6063143b190b1498e49dd2d6e39dd471a2174ab5aca8d
vivos_aggregate,results_by_noise_type.csv,legacy_exposed_vivos_300/noise_type=music,paper_v2_locked_vivos_460/noise_type=music,dataset=vivos;model=phowhisper;model_size=base;train_type=tone_aware_lora;lambda=0.5;seed=42;noise_type=music,wer,rate,0.13621989783507663,,,not_comparable_missing_counterpart,legacy-only selection-screen run,44,36,394,,a70139c89cbd123b8d0646588b4c7e3dc8c26abf0559cdac6772337d6d1bcfa6,89712f4873a6de7fb84f912d2380419fc48f56c7499ebed5f62528c749a2a146,legacy_v1_exposed_test_selection_and_evaluation,paper_v2_unseen_final_after_noisy_dev_decision_lock,8eb56fe7be9e58e0816414d7340608453f4b6cad4f732e9e523a95b2bf9c85c5,65f1bc32cc0acf2139e031da38881a641be0b043c975ce9d0303ca3ec1ca582c,ccaeadc332fb38449fc6063143b190b1498e49dd2d6e39dd471a2174ab5aca8d
vivos_aggregate,results_by_noise_type.csv,legacy_exposed_vivos_300/noise_type=noise,paper_v2_locked_vivos_460/noise_type=noise,dataset=vivos;model=phowhisper;model_size=base;train_type=tone_aware_lora;lambda=0.5;seed=42;noise_type=noise,cer,rate,0.05955695939487137,,,not_comparable_missing_counterpart,legacy-only selection-screen run,44,36,556,,a70139c89cbd123b8d0646588b4c7e3dc8c26abf0559cdac6772337d6d1bcfa6,89712f4873a6de7fb84f912d2380419fc48f56c7499ebed5f62528c749a2a146,legacy_v1_exposed_test_selection_and_evaluation,paper_v2_unseen_final_after_noisy_dev_decision_lock,8eb56fe7be9e58e0816414d7340608453f4b6cad4f732e9e523a95b2bf9c85c5,65f1bc32cc0acf2139e031da38881a641be0b043c975ce9d0303ca3ec1ca582c,ccaeadc332fb38449fc6063143b190b1498e49dd2d6e39dd471a2174ab5aca8d
vivos_aggregate,results_by_noise_type.csv,legacy_exposed_vivos_300/noise_type=noise,paper_v2_locked_vivos_460/noise_type=noise,dataset=vivos;model=phowhisper;model_size=base;train_type=tone_aware_lora;lambda=0.5;seed=42;noise_type=noise,der,rate,0.007798791187365958,,,not_comparable_missing_counterpart,legacy-only selection-screen run,44,36,556,,a70139c89cbd123b8d0646588b4c7e3dc8c26abf0559cdac6772337d6d1bcfa6,89712f4873a6de7fb84f912d2380419fc48f56c7499ebed5f62528c749a2a146,legacy_v1_exposed_test_selection_and_evaluation,paper_v2_unseen_final_after_noisy_dev_decision_lock,8eb56fe7be9e58e0816414d7340608453f4b6cad4f732e9e523a95b2bf9c85c5,65f1bc32cc0acf2139e031da38881a641be0b043c975ce9d0303ca3ec1ca582c,ccaeadc332fb38449fc6063143b190b1498e49dd2d6e39dd471a2174ab5aca8d
vivos_aggregate,results_by_noise_type.csv,legacy_exposed_vivos_300/noise_type=noise,paper_v2_locked_vivos_460/noise_type=noise,dataset=vivos;model=phowhisper;model_size=base;train_type=tone_aware_lora;lambda=0.5;seed=42;noise_type=noise,fcer,rate,0.08444288717589349,,,not_comparable_missing_counterpart,legacy-only selection-screen run,44,36,556,,a70139c89cbd123b8d0646588b4c7e3dc8c26abf0559cdac6772337d6d1bcfa6,89712f4873a6de7fb84f912d2380419fc48f56c7499ebed5f62528c749a2a146,legacy_v1_exposed_test_selection_and_evaluation,paper_v2_unseen_final_after_noisy_dev_decision_lock,8eb56fe7be9e58e0816414d7340608453f4b6cad4f732e9e523a95b2bf9c85c5,65f1bc32cc0acf2139e031da38881a641be0b043c975ce9d0303ca3ec1ca582c,ccaeadc332fb38449fc6063143b190b1498e49dd2d6e39dd471a2174ab5aca8d
vivos_aggregate,results_by_noise_type.csv,legacy_exposed_vivos_300/noise_type=noise,paper_v2_locked_vivos_460/noise_type=noise,dataset=vivos;model=phowhisper;model_size=base;train_type=tone_aware_lora;lambda=0.5;seed=42;noise_type=noise,swdr,rate,0.0,,,not_comparable_missing_counterpart,legacy-only selection-screen run,44,36,556,,a70139c89cbd123b8d0646588b4c7e3dc8c26abf0559cdac6772337d6d1bcfa6,89712f4873a6de7fb84f912d2380419fc48f56c7499ebed5f62528c749a2a146,legacy_v1_exposed_test_selection_and_evaluation,paper_v2_unseen_final_after_noisy_dev_decision_lock,8eb56fe7be9e58e0816414d7340608453f4b6cad4f732e9e523a95b2bf9c85c5,65f1bc32cc0acf2139e031da38881a641be0b043c975ce9d0303ca3ec1ca582c,ccaeadc332fb38449fc6063143b190b1498e49dd2d6e39dd471a2174ab5aca8d
vivos_aggregate,results_by_noise_type.csv,legacy_exposed_vivos_300/noise_type=noise,paper_v2_locked_vivos_460/noise_type=noise,dataset=vivos;model=phowhisper;model_size=base;train_type=tone_aware_lora;lambda=0.5;seed=42;noise_type=noise,ter,rate,0.015618898867629832,,,not_comparable_missing_counterpart,legacy-only selection-screen run,44,36,556,,a70139c89cbd123b8d0646588b4c7e3dc8c26abf0559cdac6772337d6d1bcfa6,89712f4873a6de7fb84f912d2380419fc48f56c7499ebed5f62528c749a2a146,legacy_v1_exposed_test_selection_and_evaluation,paper_v2_unseen_final_after_noisy_dev_decision_lock,8eb56fe7be9e58e0816414d7340608453f4b6cad4f732e9e523a95b2bf9c85c5,65f1bc32cc0acf2139e031da38881a641be0b043c975ce9d0303ca3ec1ca582c,ccaeadc332fb38449fc6063143b190b1498e49dd2d6e39dd471a2174ab5aca8d
vivos_aggregate,results_by_noise_type.csv,legacy_exposed_vivos_300/noise_type=noise,paper_v2_locked_vivos_460/noise_type=noise,dataset=vivos;model=phowhisper;model_size=base;train_type=tone_aware_lora;lambda=0.5;seed=42;noise_type=noise,wer,rate,0.11980999296270232,,,not_comparable_missing_counterpart,legacy-only selection-screen run,44,36,556,,a70139c89cbd123b8d0646588b4c7e3dc8c26abf0559cdac6772337d6d1bcfa6,89712f4873a6de7fb84f912d2380419fc48f56c7499ebed5f62528c749a2a146,legacy_v1_exposed_test_selection_and_evaluation,paper_v2_unseen_final_after_noisy_dev_decision_lock,8eb56fe7be9e58e0816414d7340608453f4b6cad4f732e9e523a95b2bf9c85c5,65f1bc32cc0acf2139e031da38881a641be0b043c975ce9d0303ca3ec1ca582c,ccaeadc332fb38449fc6063143b190b1498e49dd2d6e39dd471a2174ab5aca8d
vivos_aggregate,results_by_noise_type.csv,legacy_exposed_vivos_300/noise_type=speech,paper_v2_locked_vivos_460/noise_type=speech,dataset=vivos;model=phowhisper;model_size=base;train_type=tone_aware_lora;lambda=0.5;seed=42;noise_type=speech,cer,rate,0.25124015173621245,,,not_comparable_missing_counterpart,legacy-only selection-screen run,44,36,250,,a70139c89cbd123b8d0646588b4c7e3dc8c26abf0559cdac6772337d6d1bcfa6,89712f4873a6de7fb84f912d2380419fc48f56c7499ebed5f62528c749a2a146,legacy_v1_exposed_test_selection_and_evaluation,paper_v2_unseen_final_after_noisy_dev_decision_lock,8eb56fe7be9e58e0816414d7340608453f4b6cad4f732e9e523a95b2bf9c85c5,65f1bc32cc0acf2139e031da38881a641be0b043c975ce9d0303ca3ec1ca582c,ccaeadc332fb38449fc6063143b190b1498e49dd2d6e39dd471a2174ab5aca8d
vivos_aggregate,results_by_noise_type.csv,legacy_exposed_vivos_300/noise_type=speech,paper_v2_locked_vivos_460/noise_type=speech,dataset=vivos;model=phowhisper;model_size=base;train_type=tone_aware_lora;lambda=0.5;seed=42;noise_type=speech,der,rate,0.01242544731610338,,,not_comparable_missing_counterpart,legacy-only selection-screen run,44,36,250,,a70139c89cbd123b8d0646588b4c7e3dc8c26abf0559cdac6772337d6d1bcfa6,89712f4873a6de7fb84f912d2380419fc48f56c7499ebed5f62528c749a2a146,legacy_v1_exposed_test_selection_and_evaluation,paper_v2_unseen_final_after_noisy_dev_decision_lock,8eb56fe7be9e58e0816414d7340608453f4b6cad4f732e9e523a95b2bf9c85c5,65f1bc32cc0acf2139e031da38881a641be0b043c975ce9d0303ca3ec1ca582c,ccaeadc332fb38449fc6063143b190b1498e49dd2d6e39dd471a2174ab5aca8d
vivos_aggregate,results_by_noise_type.csv,legacy_exposed_vivos_300/noise_type=speech,paper_v2_locked_vivos_460/noise_type=speech,dataset=vivos;model=phowhisper;model_size=base;train_type=tone_aware_lora;lambda=0.5;seed=42;noise_type=speech,fcer,rate,0.18129139072847683,,,not_comparable_missing_counterpart,legacy-only selection-screen run,44,36,250,,a70139c89cbd123b8d0646588b4c7e3dc8c26abf0559cdac6772337d6d1bcfa6,89712f4873a6de7fb84f912d2380419fc48f56c7499ebed5f62528c749a2a146,legacy_v1_exposed_test_selection_and_evaluation,paper_v2_unseen_final_after_noisy_dev_decision_lock,8eb56fe7be9e58e0816414d7340608453f4b6cad4f732e9e523a95b2bf9c85c5,65f1bc32cc0acf2139e031da38881a641be0b043c975ce9d0303ca3ec1ca582c,ccaeadc332fb38449fc6063143b190b1498e49dd2d6e39dd471a2174ab5aca8d
vivos_aggregate,results_by_noise_type.csv,legacy_exposed_vivos_300/noise_type=speech,paper_v2_locked_vivos_460/noise_type=speech,dataset=vivos;model=phowhisper;model_size=base;train_type=tone_aware_lora;lambda=0.5;seed=42;noise_type=speech,swdr,rate,0.00847457627118644,,,not_comparable_missing_counterpart,legacy-only selection-screen run,44,36,250,,a70139c89cbd123b8d0646588b4c7e3dc8c26abf0559cdac6772337d6d1bcfa6,89712f4873a6de7fb84f912d2380419fc48f56c7499ebed5f62528c749a2a146,legacy_v1_exposed_test_selection_and_evaluation,paper_v2_unseen_final_after_noisy_dev_decision_lock,8eb56fe7be9e58e0816414d7340608453f4b6cad4f732e9e523a95b2bf9c85c5,65f1bc32cc0acf2139e031da38881a641be0b043c975ce9d0303ca3ec1ca582c,ccaeadc332fb38449fc6063143b190b1498e49dd2d6e39dd471a2174ab5aca8d
vivos_aggregate,results_by_noise_type.csv,legacy_exposed_vivos_300/noise_type=speech,paper_v2_locked_vivos_460/noise_type=speech,dataset=vivos;model=phowhisper;model_size=base;train_type=tone_aware_lora;lambda=0.5;seed=42;noise_type=speech,ter,rate,0.02593516209476309,,,not_comparable_missing_counterpart,legacy-only selection-screen run,44,36,250,,a70139c89cbd123b8d0646588b4c7e3dc8c26abf0559cdac6772337d6d1bcfa6,89712f4873a6de7fb84f912d2380419fc48f56c7499ebed5f62528c749a2a146,legacy_v1_exposed_test_selection_and_evaluation,paper_v2_unseen_final_after_noisy_dev_decision_lock,8eb56fe7be9e58e0816414d7340608453f4b6cad4f732e9e523a95b2bf9c85c5,65f1bc32cc0acf2139e031da38881a641be0b043c975ce9d0303ca3ec1ca582c,ccaeadc332fb38449fc6063143b190b1498e49dd2d6e39dd471a2174ab5aca8d
vivos_aggregate,results_by_noise_type.csv,legacy_exposed_vivos_300/noise_type=speech,paper_v2_locked_vivos_460/noise_type=speech,dataset=vivos;model=phowhisper;model_size=base;train_type=tone_aware_lora;lambda=0.5;seed=42;noise_type=speech,wer,rate,0.3505911129229515,,,not_comparable_missing_counterpart,legacy-only selection-screen run,44,36,250,,a70139c89cbd123b8d0646588b4c7e3dc8c26abf0559cdac6772337d6d1bcfa6,89712f4873a6de7fb84f912d2380419fc48f56c7499ebed5f62528c749a2a146,legacy_v1_exposed_test_selection_and_evaluation,paper_v2_unseen_final_after_noisy_dev_decision_lock,8eb56fe7be9e58e0816414d7340608453f4b6cad4f732e9e523a95b2bf9c85c5,65f1bc32cc0acf2139e031da38881a641be0b043c975ce9d0303ca3ec1ca582c,ccaeadc332fb38449fc6063143b190b1498e49dd2d6e39dd471a2174ab5aca8d
vivos_aggregate,results_by_noise_type.csv,legacy_exposed_vivos_300/noise_type=clean,paper_v2_locked_vivos_460/noise_type=clean,dataset=vivos;model=phowhisper;model_size=base;train_type=zero_shot;lambda=<blank>;seed=42;noise_type=clean,cer,rate,0.0365768963654603,0.038612961841308295,,not_comparable_scope,delta withheld: legacy VIVOS uses 300 exposed source utterances; paper-v2 uses the disjoint 460-utterance locked test and MUSAN-test noise,44,36,300,460,a70139c89cbd123b8d0646588b4c7e3dc8c26abf0559cdac6772337d6d1bcfa6,89712f4873a6de7fb84f912d2380419fc48f56c7499ebed5f62528c749a2a146,legacy_v1_exposed_test_selection_and_evaluation,paper_v2_unseen_final_after_noisy_dev_decision_lock,8eb56fe7be9e58e0816414d7340608453f4b6cad4f732e9e523a95b2bf9c85c5,65f1bc32cc0acf2139e031da38881a641be0b043c975ce9d0303ca3ec1ca582c,ccaeadc332fb38449fc6063143b190b1498e49dd2d6e39dd471a2174ab5aca8d
vivos_aggregate,results_by_noise_type.csv,legacy_exposed_vivos_300/noise_type=clean,paper_v2_locked_vivos_460/noise_type=clean,dataset=vivos;model=phowhisper;model_size=base;train_type=zero_shot;lambda=<blank>;seed=42;noise_type=clean,der,rate,0.008362369337979094,0.009184845005740528,,not_comparable_scope,delta withheld: legacy VIVOS uses 300 exposed source utterances; paper-v2 uses the disjoint 460-utterance locked test and MUSAN-test noise,44,36,300,460,a70139c89cbd123b8d0646588b4c7e3dc8c26abf0559cdac6772337d6d1bcfa6,89712f4873a6de7fb84f912d2380419fc48f56c7499ebed5f62528c749a2a146,legacy_v1_exposed_test_selection_and_evaluation,paper_v2_unseen_final_after_noisy_dev_decision_lock,8eb56fe7be9e58e0816414d7340608453f4b6cad4f732e9e523a95b2bf9c85c5,65f1bc32cc0acf2139e031da38881a641be0b043c975ce9d0303ca3ec1ca582c,ccaeadc332fb38449fc6063143b190b1498e49dd2d6e39dd471a2174ab5aca8d
vivos_aggregate,results_by_noise_type.csv,legacy_exposed_vivos_300/noise_type=clean,paper_v2_locked_vivos_460/noise_type=clean,dataset=vivos;model=phowhisper;model_size=base;train_type=zero_shot;lambda=<blank>;seed=42;noise_type=clean,fcer,rate,0.043963254593175856,0.04598698481561822,,not_comparable_scope,delta withheld: legacy VIVOS uses 300 exposed source utterances; paper-v2 uses the disjoint 460-utterance locked test and MUSAN-test noise,44,36,300,460,a70139c89cbd123b8d0646588b4c7e3dc8c26abf0559cdac6772337d6d1bcfa6,89712f4873a6de7fb84f912d2380419fc48f56c7499ebed5f62528c749a2a146,legacy_v1_exposed_test_selection_and_evaluation,paper_v2_unseen_final_after_noisy_dev_decision_lock,8eb56fe7be9e58e0816414d7340608453f4b6cad4f732e9e523a95b2bf9c85c5,65f1bc32cc0acf2139e031da38881a641be0b043c975ce9d0303ca3ec1ca582c,ccaeadc332fb38449fc6063143b190b1498e49dd2d6e39dd471a2174ab5aca8d
vivos_aggregate,results_by_noise_type.csv,legacy_exposed_vivos_300/noise_type=clean,paper_v2_locked_vivos_460/noise_type=clean,dataset=vivos;model=phowhisper;model_size=base;train_type=zero_shot;lambda=<blank>;seed=42;noise_type=clean,swdr,rate,0.0,0.004405286343612335,,not_comparable_scope,delta withheld: legacy VIVOS uses 300 exposed source utterances; paper-v2 uses the disjoint 460-utterance locked test and MUSAN-test noise,44,36,300,460,a70139c89cbd123b8d0646588b4c7e3dc8c26abf0559cdac6772337d6d1bcfa6,89712f4873a6de7fb84f912d2380419fc48f56c7499ebed5f62528c749a2a146,legacy_v1_exposed_test_selection_and_evaluation,paper_v2_unseen_final_after_noisy_dev_decision_lock,8eb56fe7be9e58e0816414d7340608453f4b6cad4f732e9e523a95b2bf9c85c5,65f1bc32cc0acf2139e031da38881a641be0b043c975ce9d0303ca3ec1ca582c,ccaeadc332fb38449fc6063143b190b1498e49dd2d6e39dd471a2174ab5aca8d
vivos_aggregate,results_by_noise_type.csv,legacy_exposed_vivos_300/noise_type=clean,paper_v2_locked_vivos_460/noise_type=clean,dataset=vivos;model=phowhisper;model_size=base;train_type=zero_shot;lambda=<blank>;seed=42;noise_type=clean,ter,rate,0.010496850944716585,0.013638465094775775,,not_comparable_scope,delta withheld: legacy VIVOS uses 300 exposed source utterances; paper-v2 uses the disjoint 460-utterance locked test and MUSAN-test noise,44,36,300,460,a70139c89cbd123b8d0646588b4c7e3dc8c26abf0559cdac6772337d6d1bcfa6,89712f4873a6de7fb84f912d2380419fc48f56c7499ebed5f62528c749a2a146,legacy_v1_exposed_test_selection_and_evaluation,paper_v2_unseen_final_after_noisy_dev_decision_lock,8eb56fe7be9e58e0816414d7340608453f4b6cad4f732e9e523a95b2bf9c85c5,65f1bc32cc0acf2139e031da38881a641be0b043c975ce9d0303ca3ec1ca582c,ccaeadc332fb38449fc6063143b190b1498e49dd2d6e39dd471a2174ab5aca8d
vivos_aggregate,results_by_noise_type.csv,legacy_exposed_vivos_300/noise_type=clean,paper_v2_locked_vivos_460/noise_type=clean,dataset=vivos;model=phowhisper;model_size=base;train_type=zero_shot;lambda=<blank>;seed=42;noise_type=clean,wer,rate,0.08066623122142391,0.08798283261802575,,not_comparable_scope,delta withheld: legacy VIVOS uses 300 exposed source utterances; paper-v2 uses the disjoint 460-utterance locked test and MUSAN-test noise,44,36,300,460,a70139c89cbd123b8d0646588b4c7e3dc8c26abf0559cdac6772337d6d1bcfa6,89712f4873a6de7fb84f912d2380419fc48f56c7499ebed5f62528c749a2a146,legacy_v1_exposed_test_selection_and_evaluation,paper_v2_unseen_final_after_noisy_dev_decision_lock,8eb56fe7be9e58e0816414d7340608453f4b6cad4f732e9e523a95b2bf9c85c5,65f1bc32cc0acf2139e031da38881a641be0b043c975ce9d0303ca3ec1ca582c,ccaeadc332fb38449fc6063143b190b1498e49dd2d6e39dd471a2174ab5aca8d
vivos_aggregate,results_by_noise_type.csv,legacy_exposed_vivos_300/noise_type=music,paper_v2_locked_vivos_460/noise_type=music,dataset=vivos;model=phowhisper;model_size=base;train_type=zero_shot;lambda=<blank>;seed=42;noise_type=music,cer,rate,0.0651080370412713,0.06753058596265293,,not_comparable_scope,delta withheld: legacy VIVOS uses 300 exposed source utterances; paper-v2 uses the disjoint 460-utterance locked test and MUSAN-test noise,44,36,394,582,a70139c89cbd123b8d0646588b4c7e3dc8c26abf0559cdac6772337d6d1bcfa6,89712f4873a6de7fb84f912d2380419fc48f56c7499ebed5f62528c749a2a146,legacy_v1_exposed_test_selection_and_evaluation,paper_v2_unseen_final_after_noisy_dev_decision_lock,8eb56fe7be9e58e0816414d7340608453f4b6cad4f732e9e523a95b2bf9c85c5,65f1bc32cc0acf2139e031da38881a641be0b043c975ce9d0303ca3ec1ca582c,ccaeadc332fb38449fc6063143b190b1498e49dd2d6e39dd471a2174ab5aca8d
vivos_aggregate,results_by_noise_type.csv,legacy_exposed_vivos_300/noise_type=music,paper_v2_locked_vivos_460/noise_type=music,dataset=vivos;model=phowhisper;model_size=base;train_type=zero_shot;lambda=<blank>;seed=42;noise_type=music,der,rate,0.011132229161010046,0.00943577893317928,,not_comparable_scope,delta withheld: legacy VIVOS uses 300 exposed source utterances; paper-v2 uses the disjoint 460-utterance locked test and MUSAN-test noise,44,36,394,582,a70139c89cbd123b8d0646588b4c7e3dc8c26abf0559cdac6772337d6d1bcfa6,89712f4873a6de7fb84f912d2380419fc48f56c7499ebed5f62528c749a2a146,legacy_v1_exposed_test_selection_and_evaluation,paper_v2_unseen_final_after_noisy_dev_decision_lock,8eb56fe7be9e58e0816414d7340608453f4b6cad4f732e9e523a95b2bf9c85c5,65f1bc32cc0acf2139e031da38881a641be0b043c975ce9d0303ca3ec1ca582c,ccaeadc332fb38449fc6063143b190b1498e49dd2d6e39dd471a2174ab5aca8d
vivos_aggregate,results_by_noise_type.csv,legacy_exposed_vivos_300/noise_type=music,paper_v2_locked_vivos_460/noise_type=music,dataset=vivos;model=phowhisper;model_size=base;train_type=zero_shot;lambda=<blank>;seed=42;noise_type=music,fcer,rate,0.0916506717850288,0.09235453315290934,,not_comparable_scope,delta withheld: legacy VIVOS uses 300 exposed source utterances; paper-v2 uses the disjoint 460-utterance locked test and MUSAN-test noise,44,36,394,582,a70139c89cbd123b8d0646588b4c7e3dc8c26abf0559cdac6772337d6d1bcfa6,89712f4873a6de7fb84f912d2380419fc48f56c7499ebed5f62528c749a2a146,legacy_v1_exposed_test_selection_and_evaluation,paper_v2_unseen_final_after_noisy_dev_decision_lock,8eb56fe7be9e58e0816414d7340608453f4b6cad4f732e9e523a95b2bf9c85c5,65f1bc32cc0acf2139e031da38881a641be0b043c975ce9d0303ca3ec1ca582c,ccaeadc332fb38449fc6063143b190b1498e49dd2d6e39dd471a2174ab5aca8d
vivos_aggregate,results_by_noise_type.csv,legacy_exposed_vivos_300/noise_type=music,paper_v2_locked_vivos_460/noise_type=music,dataset=vivos;model=phowhisper;model_size=base;train_type=zero_shot;lambda=<blank>;seed=42;noise_type=music,swdr,rate,0.005291005291005291,0.0,,not_comparable_scope,delta withheld: legacy VIVOS uses 300 exposed source utterances; paper-v2 uses the disjoint 460-utterance locked test and MUSAN-test noise,44,36,394,582,a70139c89cbd123b8d0646588b4c7e3dc8c26abf0559cdac6772337d6d1bcfa6,89712f4873a6de7fb84f912d2380419fc48f56c7499ebed5f62528c749a2a146,legacy_v1_exposed_test_selection_and_evaluation,paper_v2_unseen_final_after_noisy_dev_decision_lock,8eb56fe7be9e58e0816414d7340608453f4b6cad4f732e9e523a95b2bf9c85c5,65f1bc32cc0acf2139e031da38881a641be0b043c975ce9d0303ca3ec1ca582c,ccaeadc332fb38449fc6063143b190b1498e49dd2d6e39dd471a2174ab5aca8d
vivos_aggregate,results_by_noise_type.csv,legacy_exposed_vivos_300/noise_type=music,paper_v2_locked_vivos_460/noise_type=music,dataset=vivos;model=phowhisper;model_size=base;train_type=zero_shot;lambda=<blank>;seed=42;noise_type=music,ter,rate,0.015019115237575096,0.01666020922123208,,not_comparable_scope,delta withheld: legacy VIVOS uses 300 exposed source utterances; paper-v2 uses the disjoint 460-utterance locked test and MUSAN-test noise,44,36,394,582,a70139c89cbd123b8d0646588b4c7e3dc8c26abf0559cdac6772337d6d1bcfa6,89712f4873a6de7fb84f912d2380419fc48f56c7499ebed5f62528c749a2a146,legacy_v1_exposed_test_selection_and_evaluation,paper_v2_unseen_final_after_noisy_dev_decision_lock,8eb56fe7be9e58e0816414d7340608453f4b6cad4f732e9e523a95b2bf9c85c5,65f1bc32cc0acf2139e031da38881a641be0b043c975ce9d0303ca3ec1ca582c,ccaeadc332fb38449fc6063143b190b1498e49dd2d6e39dd471a2174ab5aca8d
vivos_aggregate,results_by_noise_type.csv,legacy_exposed_vivos_300/noise_type=music,paper_v2_locked_vivos_460/noise_type=music,dataset=vivos;model=phowhisper;model_size=base;train_type=zero_shot;lambda=<blank>;seed=42;noise_type=music,wer,rate,0.12794940403794697,0.13545407901487944,,not_comparable_scope,delta withheld: legacy VIVOS uses 300 exposed source utterances; paper-v2 uses the disjoint 460-utterance locked test and MUSAN-test noise,44,36,394,582,a70139c89cbd123b8d0646588b4c7e3dc8c26abf0559cdac6772337d6d1bcfa6,89712f4873a6de7fb84f912d2380419fc48f56c7499ebed5f62528c749a2a146,legacy_v1_exposed_test_selection_and_evaluation,paper_v2_unseen_final_after_noisy_dev_decision_lock,8eb56fe7be9e58e0816414d7340608453f4b6cad4f732e9e523a95b2bf9c85c5,65f1bc32cc0acf2139e031da38881a641be0b043c975ce9d0303ca3ec1ca582c,ccaeadc332fb38449fc6063143b190b1498e49dd2d6e39dd471a2174ab5aca8d
vivos_aggregate,results_by_noise_type.csv,legacy_exposed_vivos_300/noise_type=noise,paper_v2_locked_vivos_460/noise_type=noise,dataset=vivos;model=phowhisper;model_size=base;train_type=zero_shot;lambda=<blank>;seed=42;noise_type=noise,cer,rate,0.05727110261418893,0.06380233356211393,,not_comparable_scope,delta withheld: legacy VIVOS uses 300 exposed source utterances; paper-v2 uses the disjoint 460-utterance locked test and MUSAN-test noise,44,36,556,837,a70139c89cbd123b8d0646588b4c7e3dc8c26abf0559cdac6772337d6d1bcfa6,89712f4873a6de7fb84f912d2380419fc48f56c7499ebed5f62528c749a2a146,legacy_v1_exposed_test_selection_and_evaluation,paper_v2_unseen_final_after_noisy_dev_decision_lock,8eb56fe7be9e58e0816414d7340608453f4b6cad4f732e9e523a95b2bf9c85c5,65f1bc32cc0acf2139e031da38881a641be0b043c975ce9d0303ca3ec1ca582c,ccaeadc332fb38449fc6063143b190b1498e49dd2d6e39dd471a2174ab5aca8d
vivos_aggregate,results_by_noise_type.csv,legacy_exposed_vivos_300/noise_type=noise,paper_v2_locked_vivos_460/noise_type=noise,dataset=vivos;model=phowhisper;model_size=base;train_type=zero_shot;lambda=<blank>;seed=42;noise_type=noise,der,rate,0.008349514563106796,0.011335504885993485,,not_comparable_scope,delta withheld: legacy VIVOS uses 300 exposed source utterances; paper-v2 uses the disjoint 460-utterance locked test and MUSAN-test noise,44,36,556,837,a70139c89cbd123b8d0646588b4c7e3dc8c26abf0559cdac6772337d6d1bcfa6,89712f4873a6de7fb84f912d2380419fc48f56c7499ebed5f62528c749a2a146,legacy_v1_exposed_test_selection_and_evaluation,paper_v2_unseen_final_after_noisy_dev_decision_lock,8eb56fe7be9e58e0816414d7340608453f4b6cad4f732e9e523a95b2bf9c85c5,65f1bc32cc0acf2139e031da38881a641be0b043c975ce9d0303ca3ec1ca582c,ccaeadc332fb38449fc6063143b190b1498e49dd2d6e39dd471a2174ab5aca8d
vivos_aggregate,results_by_noise_type.csv,legacy_exposed_vivos_300/noise_type=noise,paper_v2_locked_vivos_460/noise_type=noise,dataset=vivos;model=phowhisper;model_size=base;train_type=zero_shot;lambda=<blank>;seed=42;noise_type=noise,fcer,rate,0.07848633496846531,0.08135433811427228,,not_comparable_scope,delta withheld: legacy VIVOS uses 300 exposed source utterances; paper-v2 uses the disjoint 460-utterance locked test and MUSAN-test noise,44,36,556,837,a70139c89cbd123b8d0646588b4c7e3dc8c26abf0559cdac6772337d6d1bcfa6,89712f4873a6de7fb84f912d2380419fc48f56c7499ebed5f62528c749a2a146,legacy_v1_exposed_test_selection_and_evaluation,paper_v2_unseen_final_after_noisy_dev_decision_lock,8eb56fe7be9e58e0816414d7340608453f4b6cad4f732e9e523a95b2bf9c85c5,65f1bc32cc0acf2139e031da38881a641be0b043c975ce9d0303ca3ec1ca582c,ccaeadc332fb38449fc6063143b190b1498e49dd2d6e39dd471a2174ab5aca8d
vivos_aggregate,results_by_noise_type.csv,legacy_exposed_vivos_300/noise_type=noise,paper_v2_locked_vivos_460/noise_type=noise,dataset=vivos;model=phowhisper;model_size=base;train_type=zero_shot;lambda=<blank>;seed=42;noise_type=noise,swdr,rate,0.0034602076124567475,0.009615384615384616,,not_comparable_scope,delta withheld: legacy VIVOS uses 300 exposed source utterances; paper-v2 uses the disjoint 460-utterance locked test and MUSAN-test noise,44,36,556,837,a70139c89cbd123b8d0646588b4c7e3dc8c26abf0559cdac6772337d6d1bcfa6,89712f4873a6de7fb84f912d2380419fc48f56c7499ebed5f62528c749a2a146,legacy_v1_exposed_test_selection_and_evaluation,paper_v2_unseen_final_after_noisy_dev_decision_lock,8eb56fe7be9e58e0816414d7340608453f4b6cad4f732e9e523a95b2bf9c85c5,65f1bc32cc0acf2139e031da38881a641be0b043c975ce9d0303ca3ec1ca582c,ccaeadc332fb38449fc6063143b190b1498e49dd2d6e39dd471a2174ab5aca8d
vivos_aggregate,results_by_noise_type.csv,legacy_exposed_vivos_300/noise_type=noise,paper_v2_locked_vivos_460/noise_type=noise,dataset=vivos;model=phowhisper;model_size=base;train_type=zero_shot;lambda=<blank>;seed=42;noise_type=noise,ter,rate,0.014410905550146057,0.014966522252855455,,not_comparable_scope,delta withheld: legacy VIVOS uses 300 exposed source utterances; paper-v2 uses the disjoint 460-utterance locked test and MUSAN-test noise,44,36,556,837,a70139c89cbd123b8d0646588b4c7e3dc8c26abf0559cdac6772337d6d1bcfa6,89712f4873a6de7fb84f912d2380419fc48f56c7499ebed5f62528c749a2a146,legacy_v1_exposed_test_selection_and_evaluation,paper_v2_unseen_final_after_noisy_dev_decision_lock,8eb56fe7be9e58e0816414d7340608453f4b6cad4f732e9e523a95b2bf9c85c5,65f1bc32cc0acf2139e031da38881a641be0b043c975ce9d0303ca3ec1ca582c,ccaeadc332fb38449fc6063143b190b1498e49dd2d6e39dd471a2174ab5aca8d
vivos_aggregate,results_by_noise_type.csv,legacy_exposed_vivos_300/noise_type=noise,paper_v2_locked_vivos_460/noise_type=noise,dataset=vivos;model=phowhisper;model_size=base;train_type=zero_shot;lambda=<blank>;seed=42;noise_type=noise,wer,rate,0.11400422237860662,0.1299520860114526,,not_comparable_scope,delta withheld: legacy VIVOS uses 300 exposed source utterances; paper-v2 uses the disjoint 460-utterance locked test and MUSAN-test noise,44,36,556,837,a70139c89cbd123b8d0646588b4c7e3dc8c26abf0559cdac6772337d6d1bcfa6,89712f4873a6de7fb84f912d2380419fc48f56c7499ebed5f62528c749a2a146,legacy_v1_exposed_test_selection_and_evaluation,paper_v2_unseen_final_after_noisy_dev_decision_lock,8eb56fe7be9e58e0816414d7340608453f4b6cad4f732e9e523a95b2bf9c85c5,65f1bc32cc0acf2139e031da38881a641be0b043c975ce9d0303ca3ec1ca582c,ccaeadc332fb38449fc6063143b190b1498e49dd2d6e39dd471a2174ab5aca8d
vivos_aggregate,results_by_noise_type.csv,legacy_exposed_vivos_300/noise_type=speech,paper_v2_locked_vivos_460/noise_type=speech,dataset=vivos;model=phowhisper;model_size=base;train_type=zero_shot;lambda=<blank>;seed=42;noise_type=speech,cer,rate,0.16914697013909152,0.17318497913769124,,not_comparable_scope,delta withheld: legacy VIVOS uses 300 exposed source utterances; paper-v2 uses the disjoint 460-utterance locked test and MUSAN-test noise,44,36,250,421,a70139c89cbd123b8d0646588b4c7e3dc8c26abf0559cdac6772337d6d1bcfa6,89712f4873a6de7fb84f912d2380419fc48f56c7499ebed5f62528c749a2a146,legacy_v1_exposed_test_selection_and_evaluation,paper_v2_unseen_final_after_noisy_dev_decision_lock,8eb56fe7be9e58e0816414d7340608453f4b6cad4f732e9e523a95b2bf9c85c5,65f1bc32cc0acf2139e031da38881a641be0b043c975ce9d0303ca3ec1ca582c,ccaeadc332fb38449fc6063143b190b1498e49dd2d6e39dd471a2174ab5aca8d
vivos_aggregate,results_by_noise_type.csv,legacy_exposed_vivos_300/noise_type=speech,paper_v2_locked_vivos_460/noise_type=speech,dataset=vivos;model=phowhisper;model_size=base;train_type=zero_shot;lambda=<blank>;seed=42;noise_type=speech,der,rate,0.013267813267813268,0.008648025367541078,,not_comparable_scope,delta withheld: legacy VIVOS uses 300 exposed source utterances; paper-v2 uses the disjoint 460-utterance locked test and MUSAN-test noise,44,36,250,421,a70139c89cbd123b8d0646588b4c7e3dc8c26abf0559cdac6772337d6d1bcfa6,89712f4873a6de7fb84f912d2380419fc48f56c7499ebed5f62528c749a2a146,legacy_v1_exposed_test_selection_and_evaluation,paper_v2_unseen_final_after_noisy_dev_decision_lock,8eb56fe7be9e58e0816414d7340608453f4b6cad4f732e9e523a95b2bf9c85c5,65f1bc32cc0acf2139e031da38881a641be0b043c975ce9d0303ca3ec1ca582c,ccaeadc332fb38449fc6063143b190b1498e49dd2d6e39dd471a2174ab5aca8d
vivos_aggregate,results_by_noise_type.csv,legacy_exposed_vivos_300/noise_type=speech,paper_v2_locked_vivos_460/noise_type=speech,dataset=vivos;model=phowhisper;model_size=base;train_type=zero_shot;lambda=<blank>;seed=42;noise_type=speech,fcer,rate,0.16735366859027206,0.19072408897302415,,not_comparable_scope,delta withheld: legacy VIVOS uses 300 exposed source utterances; paper-v2 uses the disjoint 460-utterance locked test and MUSAN-test noise,44,36,250,421,a70139c89cbd123b8d0646588b4c7e3dc8c26abf0559cdac6772337d6d1bcfa6,89712f4873a6de7fb84f912d2380419fc48f56c7499ebed5f62528c749a2a146,legacy_v1_exposed_test_selection_and_evaluation,paper_v2_unseen_final_after_noisy_dev_decision_lock,8eb56fe7be9e58e0816414d7340608453f4b6cad4f732e9e523a95b2bf9c85c5,65f1bc32cc0acf2139e031da38881a641be0b043c975ce9d0303ca3ec1ca582c,ccaeadc332fb38449fc6063143b190b1498e49dd2d6e39dd471a2174ab5aca8d
vivos_aggregate,results_by_noise_type.csv,legacy_exposed_vivos_300/noise_type=speech,paper_v2_locked_vivos_460/noise_type=speech,dataset=vivos;model=phowhisper;model_size=base;train_type=zero_shot;lambda=<blank>;seed=42;noise_type=speech,swdr,rate,0.00847457627118644,0.0048543689320388345,,not_comparable_scope,delta withheld: legacy VIVOS uses 300 exposed source utterances; paper-v2 uses the disjoint 460-utterance locked test and MUSAN-test noise,44,36,250,421,a70139c89cbd123b8d0646588b4c7e3dc8c26abf0559cdac6772337d6d1bcfa6,89712f4873a6de7fb84f912d2380419fc48f56c7499ebed5f62528c749a2a146,legacy_v1_exposed_test_selection_and_evaluation,paper_v2_unseen_final_after_noisy_dev_decision_lock,8eb56fe7be9e58e0816414d7340608453f4b6cad4f732e9e523a95b2bf9c85c5,65f1bc32cc0acf2139e031da38881a641be0b043c975ce9d0303ca3ec1ca582c,ccaeadc332fb38449fc6063143b190b1498e49dd2d6e39dd471a2174ab5aca8d
vivos_aggregate,results_by_noise_type.csv,legacy_exposed_vivos_300/noise_type=speech,paper_v2_locked_vivos_460/noise_type=speech,dataset=vivos;model=phowhisper;model_size=base;train_type=zero_shot;lambda=<blank>;seed=42;noise_type=speech,ter,rate,0.024630541871921183,0.025360230547550433,,not_comparable_scope,delta withheld: legacy VIVOS uses 300 exposed source utterances; paper-v2 uses the disjoint 460-utterance locked test and MUSAN-test noise,44,36,250,421,a70139c89cbd123b8d0646588b4c7e3dc8c26abf0559cdac6772337d6d1bcfa6,89712f4873a6de7fb84f912d2380419fc48f56c7499ebed5f62528c749a2a146,legacy_v1_exposed_test_selection_and_evaluation,paper_v2_unseen_final_after_noisy_dev_decision_lock,8eb56fe7be9e58e0816414d7340608453f4b6cad4f732e9e523a95b2bf9c85c5,65f1bc32cc0acf2139e031da38881a641be0b043c975ce9d0303ca3ec1ca582c,ccaeadc332fb38449fc6063143b190b1498e49dd2d6e39dd471a2174ab5aca8d
vivos_aggregate,results_by_noise_type.csv,legacy_exposed_vivos_300/noise_type=speech,paper_v2_locked_vivos_460/noise_type=speech,dataset=vivos;model=phowhisper;model_size=base;train_type=zero_shot;lambda=<blank>;seed=42;noise_type=speech,wer,rate,0.26049735018344883,0.27148253068932954,,not_comparable_scope,delta withheld: legacy VIVOS uses 300 exposed source utterances; paper-v2 uses the disjoint 460-utterance locked test and MUSAN-test noise,44,36,250,421,a70139c89cbd123b8d0646588b4c7e3dc8c26abf0559cdac6772337d6d1bcfa6,89712f4873a6de7fb84f912d2380419fc48f56c7499ebed5f62528c749a2a146,legacy_v1_exposed_test_selection_and_evaluation,paper_v2_unseen_final_after_noisy_dev_decision_lock,8eb56fe7be9e58e0816414d7340608453f4b6cad4f732e9e523a95b2bf9c85c5,65f1bc32cc0acf2139e031da38881a641be0b043c975ce9d0303ca3ec1ca582c,ccaeadc332fb38449fc6063143b190b1498e49dd2d6e39dd471a2174ab5aca8d
vivos_aggregate,results_by_noise_type.csv,legacy_exposed_vivos_300/noise_type=clean,paper_v2_locked_vivos_460/noise_type=clean,dataset=vivos;model=phowhisper;model_size=small;train_type=zero_shot;lambda=<blank>;seed=42;noise_type=clean,cer,rate,0.02832008642642179,0.026600040379567938,,not_comparable_scope,delta withheld: legacy VIVOS uses 300 exposed source utterances; paper-v2 uses the disjoint 460-utterance locked test and MUSAN-test noise,44,36,300,460,a70139c89cbd123b8d0646588b4c7e3dc8c26abf0559cdac6772337d6d1bcfa6,89712f4873a6de7fb84f912d2380419fc48f56c7499ebed5f62528c749a2a146,legacy_v1_exposed_test_selection_and_evaluation,paper_v2_unseen_final_after_noisy_dev_decision_lock,8eb56fe7be9e58e0816414d7340608453f4b6cad4f732e9e523a95b2bf9c85c5,65f1bc32cc0acf2139e031da38881a641be0b043c975ce9d0303ca3ec1ca582c,ccaeadc332fb38449fc6063143b190b1498e49dd2d6e39dd471a2174ab5aca8d
vivos_aggregate,results_by_noise_type.csv,legacy_exposed_vivos_300/noise_type=clean,paper_v2_locked_vivos_460/noise_type=clean,dataset=vivos;model=phowhisper;model_size=small;train_type=zero_shot;lambda=<blank>;seed=42;noise_type=clean,der,rate,0.005835907998626845,0.0036076662908680946,,not_comparable_scope,delta withheld: legacy VIVOS uses 300 exposed source utterances; paper-v2 uses the disjoint 460-utterance locked test and MUSAN-test noise,44,36,300,460,a70139c89cbd123b8d0646588b4c7e3dc8c26abf0559cdac6772337d6d1bcfa6,89712f4873a6de7fb84f912d2380419fc48f56c7499ebed5f62528c749a2a146,legacy_v1_exposed_test_selection_and_evaluation,paper_v2_unseen_final_after_noisy_dev_decision_lock,8eb56fe7be9e58e0816414d7340608453f4b6cad4f732e9e523a95b2bf9c85c5,65f1bc32cc0acf2139e031da38881a641be0b043c975ce9d0303ca3ec1ca582c,ccaeadc332fb38449fc6063143b190b1498e49dd2d6e39dd471a2174ab5aca8d
vivos_aggregate,results_by_noise_type.csv,legacy_exposed_vivos_300/noise_type=clean,paper_v2_locked_vivos_460/noise_type=clean,dataset=vivos;model=phowhisper;model_size=small;train_type=zero_shot;lambda=<blank>;seed=42;noise_type=clean,fcer,rate,0.03162055335968379,0.03566768160069596,,not_comparable_scope,delta withheld: legacy VIVOS uses 300 exposed source utterances; paper-v2 uses the disjoint 460-utterance locked test and MUSAN-test noise,44,36,300,460,a70139c89cbd123b8d0646588b4c7e3dc8c26abf0559cdac6772337d6d1bcfa6,89712f4873a6de7fb84f912d2380419fc48f56c7499ebed5f62528c749a2a146,legacy_v1_exposed_test_selection_and_evaluation,paper_v2_unseen_final_after_noisy_dev_decision_lock,8eb56fe7be9e58e0816414d7340608453f4b6cad4f732e9e523a95b2bf9c85c5,65f1bc32cc0acf2139e031da38881a641be0b043c975ce9d0303ca3ec1ca582c,ccaeadc332fb38449fc6063143b190b1498e49dd2d6e39dd471a2174ab5aca8d
vivos_aggregate,results_by_noise_type.csv,legacy_exposed_vivos_300/noise_type=clean,paper_v2_locked_vivos_460/noise_type=clean,dataset=vivos;model=phowhisper;model_size=small;train_type=zero_shot;lambda=<blank>;seed=42;noise_type=clean,swdr,rate,0.0,0.00881057268722467,,not_comparable_scope,delta withheld: legacy VIVOS uses 300 exposed source utterances; paper-v2 uses the disjoint 460-utterance locked test and MUSAN-test noise,44,36,300,460,a70139c89cbd123b8d0646588b4c7e3dc8c26abf0559cdac6772337d6d1bcfa6,89712f4873a6de7fb84f912d2380419fc48f56c7499ebed5f62528c749a2a146,legacy_v1_exposed_test_selection_and_evaluation,paper_v2_unseen_final_after_noisy_dev_decision_lock,8eb56fe7be9e58e0816414d7340608453f4b6cad4f732e9e523a95b2bf9c85c5,65f1bc32cc0acf2139e031da38881a641be0b043c975ce9d0303ca3ec1ca582c,ccaeadc332fb38449fc6063143b190b1498e49dd2d6e39dd471a2174ab5aca8d
vivos_aggregate,results_by_noise_type.csv,legacy_exposed_vivos_300/noise_type=clean,paper_v2_locked_vivos_460/noise_type=clean,dataset=vivos;model=phowhisper;model_size=small;train_type=zero_shot;lambda=<blank>;seed=42;noise_type=clean,ter,rate,0.009635237439779766,0.01038374717832957,,not_comparable_scope,delta withheld: legacy VIVOS uses 300 exposed source utterances; paper-v2 uses the disjoint 460-utterance locked test and MUSAN-test noise,44,36,300,460,a70139c89cbd123b8d0646588b4c7e3dc8c26abf0559cdac6772337d6d1bcfa6,89712f4873a6de7fb84f912d2380419fc48f56c7499ebed5f62528c749a2a146,legacy_v1_exposed_test_selection_and_evaluation,paper_v2_unseen_final_after_noisy_dev_decision_lock,8eb56fe7be9e58e0816414d7340608453f4b6cad4f732e9e523a95b2bf9c85c5,65f1bc32cc0acf2139e031da38881a641be0b043c975ce9d0303ca3ec1ca582c,ccaeadc332fb38449fc6063143b190b1498e49dd2d6e39dd471a2174ab5aca8d
vivos_aggregate,results_by_noise_type.csv,legacy_exposed_vivos_300/noise_type=clean,paper_v2_locked_vivos_460/noise_type=clean,dataset=vivos;model=phowhisper;model_size=small;train_type=zero_shot;lambda=<blank>;seed=42;noise_type=clean,wer,rate,0.06335728282168518,0.0611587982832618,,not_comparable_scope,delta withheld: legacy VIVOS uses 300 exposed source utterances; paper-v2 uses the disjoint 460-utterance locked test and MUSAN-test noise,44,36,300,460,a70139c89cbd123b8d0646588b4c7e3dc8c26abf0559cdac6772337d6d1bcfa6,89712f4873a6de7fb84f912d2380419fc48f56c7499ebed5f62528c749a2a146,legacy_v1_exposed_test_selection_and_evaluation,paper_v2_unseen_final_after_noisy_dev_decision_lock,8eb56fe7be9e58e0816414d7340608453f4b6cad4f732e9e523a95b2bf9c85c5,65f1bc32cc0acf2139e031da38881a641be0b043c975ce9d0303ca3ec1ca582c,ccaeadc332fb38449fc6063143b190b1498e49dd2d6e39dd471a2174ab5aca8d
vivos_aggregate,results_by_noise_type.csv,legacy_exposed_vivos_300/noise_type=music,paper_v2_locked_vivos_460/noise_type=music,dataset=vivos;model=phowhisper;model_size=small;train_type=zero_shot;lambda=<blank>;seed=42;noise_type=music,cer,rate,0.04350062878701269,0.044309401159047,,not_comparable_scope,delta withheld: legacy VIVOS uses 300 exposed source utterances; paper-v2 uses the disjoint 460-utterance locked test and MUSAN-test noise,44,36,394,582,a70139c89cbd123b8d0646588b4c7e3dc8c26abf0559cdac6772337d6d1bcfa6,89712f4873a6de7fb84f912d2380419fc48f56c7499ebed5f62528c749a2a146,legacy_v1_exposed_test_selection_and_evaluation,paper_v2_unseen_final_after_noisy_dev_decision_lock,8eb56fe7be9e58e0816414d7340608453f4b6cad4f732e9e523a95b2bf9c85c5,65f1bc32cc0acf2139e031da38881a641be0b043c975ce9d0303ca3ec1ca582c,ccaeadc332fb38449fc6063143b190b1498e49dd2d6e39dd471a2174ab5aca8d
vivos_aggregate,results_by_noise_type.csv,legacy_exposed_vivos_300/noise_type=music,paper_v2_locked_vivos_460/noise_type=music,dataset=vivos;model=phowhisper;model_size=small;train_type=zero_shot;lambda=<blank>;seed=42;noise_type=music,der,rate,0.005235602094240838,0.004813923347528236,,not_comparable_scope,delta withheld: legacy VIVOS uses 300 exposed source utterances; paper-v2 uses the disjoint 460-utterance locked test and MUSAN-test noise,44,36,394,582,a70139c89cbd123b8d0646588b4c7e3dc8c26abf0559cdac6772337d6d1bcfa6,89712f4873a6de7fb84f912d2380419fc48f56c7499ebed5f62528c749a2a146,legacy_v1_exposed_test_selection_and_evaluation,paper_v2_unseen_final_after_noisy_dev_decision_lock,8eb56fe7be9e58e0816414d7340608453f4b6cad4f732e9e523a95b2bf9c85c5,65f1bc32cc0acf2139e031da38881a641be0b043c975ce9d0303ca3ec1ca582c,ccaeadc332fb38449fc6063143b190b1498e49dd2d6e39dd471a2174ab5aca8d
vivos_aggregate,results_by_noise_type.csv,legacy_exposed_vivos_300/noise_type=music,paper_v2_locked_vivos_460/noise_type=music,dataset=vivos;model=phowhisper;model_size=small;train_type=zero_shot;lambda=<blank>;seed=42;noise_type=music,fcer,rate,0.06165703275529865,0.06317934782608696,,not_comparable_scope,delta withheld: legacy VIVOS uses 300 exposed source utterances; paper-v2 uses the disjoint 460-utterance locked test and MUSAN-test noise,44,36,394,582,a70139c89cbd123b8d0646588b4c7e3dc8c26abf0559cdac6772337d6d1bcfa6,89712f4873a6de7fb84f912d2380419fc48f56c7499ebed5f62528c749a2a146,legacy_v1_exposed_test_selection_and_evaluation,paper_v2_unseen_final_after_noisy_dev_decision_lock,8eb56fe7be9e58e0816414d7340608453f4b6cad4f732e9e523a95b2bf9c85c5,65f1bc32cc0acf2139e031da38881a641be0b043c975ce9d0303ca3ec1ca582c,ccaeadc332fb38449fc6063143b190b1498e49dd2d6e39dd471a2174ab5aca8d
vivos_aggregate,results_by_noise_type.csv,legacy_exposed_vivos_300/noise_type=music,paper_v2_locked_vivos_460/noise_type=music,dataset=vivos;model=phowhisper;model_size=small;train_type=zero_shot;lambda=<blank>;seed=42;noise_type=music,swdr,rate,0.0,0.0034965034965034965,,not_comparable_scope,delta withheld: legacy VIVOS uses 300 exposed source utterances; paper-v2 uses the disjoint 460-utterance locked test and MUSAN-test noise,44,36,394,582,a70139c89cbd123b8d0646588b4c7e3dc8c26abf0559cdac6772337d6d1bcfa6,89712f4873a6de7fb84f912d2380419fc48f56c7499ebed5f62528c749a2a146,legacy_v1_exposed_test_selection_and_evaluation,paper_v2_unseen_final_after_noisy_dev_decision_lock,8eb56fe7be9e58e0816414d7340608453f4b6cad4f732e9e523a95b2bf9c85c5,65f1bc32cc0acf2139e031da38881a641be0b043c975ce9d0303ca3ec1ca582c,ccaeadc332fb38449fc6063143b190b1498e49dd2d6e39dd471a2174ab5aca8d
vivos_aggregate,results_by_noise_type.csv,legacy_exposed_vivos_300/noise_type=music,paper_v2_locked_vivos_460/noise_type=music,dataset=vivos;model=phowhisper;model_size=small;train_type=zero_shot;lambda=<blank>;seed=42;noise_type=music,ter,rate,0.012316561844863731,0.013713862120088955,,not_comparable_scope,delta withheld: legacy VIVOS uses 300 exposed source utterances; paper-v2 uses the disjoint 460-utterance locked test and MUSAN-test noise,44,36,394,582,a70139c89cbd123b8d0646588b4c7e3dc8c26abf0559cdac6772337d6d1bcfa6,89712f4873a6de7fb84f912d2380419fc48f56c7499ebed5f62528c749a2a146,legacy_v1_exposed_test_selection_and_evaluation,paper_v2_unseen_final_after_noisy_dev_decision_lock,8eb56fe7be9e58e0816414d7340608453f4b6cad4f732e9e523a95b2bf9c85c5,65f1bc32cc0acf2139e031da38881a641be0b043c975ce9d0303ca3ec1ca582c,ccaeadc332fb38449fc6063143b190b1498e49dd2d6e39dd471a2174ab5aca8d
vivos_aggregate,results_by_noise_type.csv,legacy_exposed_vivos_300/noise_type=music,paper_v2_locked_vivos_460/noise_type=music,dataset=vivos;model=phowhisper;model_size=small;train_type=zero_shot;lambda=<blank>;seed=42;noise_type=music,wer,rate,0.08756993432254925,0.09167094236360526,,not_comparable_scope,delta withheld: legacy VIVOS uses 300 exposed source utterances; paper-v2 uses the disjoint 460-utterance locked test and MUSAN-test noise,44,36,394,582,a70139c89cbd123b8d0646588b4c7e3dc8c26abf0559cdac6772337d6d1bcfa6,89712f4873a6de7fb84f912d2380419fc48f56c7499ebed5f62528c749a2a146,legacy_v1_exposed_test_selection_and_evaluation,paper_v2_unseen_final_after_noisy_dev_decision_lock,8eb56fe7be9e58e0816414d7340608453f4b6cad4f732e9e523a95b2bf9c85c5,65f1bc32cc0acf2139e031da38881a641be0b043c975ce9d0303ca3ec1ca582c,ccaeadc332fb38449fc6063143b190b1498e49dd2d6e39dd471a2174ab5aca8d
vivos_aggregate,results_by_noise_type.csv,legacy_exposed_vivos_300/noise_type=noise,paper_v2_locked_vivos_460/noise_type=noise,dataset=vivos;model=phowhisper;model_size=small;train_type=zero_shot;lambda=<blank>;seed=42;noise_type=noise,cer,rate,0.03698931881467936,0.04238846945778998,,not_comparable_scope,delta withheld: legacy VIVOS uses 300 exposed source utterances; paper-v2 uses the disjoint 460-utterance locked test and MUSAN-test noise,44,36,556,837,a70139c89cbd123b8d0646588b4c7e3dc8c26abf0559cdac6772337d6d1bcfa6,89712f4873a6de7fb84f912d2380419fc48f56c7499ebed5f62528c749a2a146,legacy_v1_exposed_test_selection_and_evaluation,paper_v2_unseen_final_after_noisy_dev_decision_lock,8eb56fe7be9e58e0816414d7340608453f4b6cad4f732e9e523a95b2bf9c85c5,65f1bc32cc0acf2139e031da38881a641be0b043c975ce9d0303ca3ec1ca582c,ccaeadc332fb38449fc6063143b190b1498e49dd2d6e39dd471a2174ab5aca8d
vivos_aggregate,results_by_noise_type.csv,legacy_exposed_vivos_300/noise_type=noise,paper_v2_locked_vivos_460/noise_type=noise,dataset=vivos;model=phowhisper;model_size=small;train_type=zero_shot;lambda=<blank>;seed=42;noise_type=noise,der,rate,0.004699248120300752,0.0057956406702784425,,not_comparable_scope,delta withheld: legacy VIVOS uses 300 exposed source utterances; paper-v2 uses the disjoint 460-utterance locked test and MUSAN-test noise,44,36,556,837,a70139c89cbd123b8d0646588b4c7e3dc8c26abf0559cdac6772337d6d1bcfa6,89712f4873a6de7fb84f912d2380419fc48f56c7499ebed5f62528c749a2a146,legacy_v1_exposed_test_selection_and_evaluation,paper_v2_unseen_final_after_noisy_dev_decision_lock,8eb56fe7be9e58e0816414d7340608453f4b6cad4f732e9e523a95b2bf9c85c5,65f1bc32cc0acf2139e031da38881a641be0b043c975ce9d0303ca3ec1ca582c,ccaeadc332fb38449fc6063143b190b1498e49dd2d6e39dd471a2174ab5aca8d
vivos_aggregate,results_by_noise_type.csv,legacy_exposed_vivos_300/noise_type=noise,paper_v2_locked_vivos_460/noise_type=noise,dataset=vivos;model=phowhisper;model_size=small;train_type=zero_shot;lambda=<blank>;seed=42;noise_type=noise,fcer,rate,0.048909218859957776,0.05889281507656066,,not_comparable_scope,delta withheld: legacy VIVOS uses 300 exposed source utterances; paper-v2 uses the disjoint 460-utterance locked test and MUSAN-test noise,44,36,556,837,a70139c89cbd123b8d0646588b4c7e3dc8c26abf0559cdac6772337d6d1bcfa6,89712f4873a6de7fb84f912d2380419fc48f56c7499ebed5f62528c749a2a146,legacy_v1_exposed_test_selection_and_evaluation,paper_v2_unseen_final_after_noisy_dev_decision_lock,8eb56fe7be9e58e0816414d7340608453f4b6cad4f732e9e523a95b2bf9c85c5,65f1bc32cc0acf2139e031da38881a641be0b043c975ce9d0303ca3ec1ca582c,ccaeadc332fb38449fc6063143b190b1498e49dd2d6e39dd471a2174ab5aca8d
vivos_aggregate,results_by_noise_type.csv,legacy_exposed_vivos_300/noise_type=noise,paper_v2_locked_vivos_460/noise_type=noise,dataset=vivos;model=phowhisper;model_size=small;train_type=zero_shot;lambda=<blank>;seed=42;noise_type=noise,swdr,rate,0.0,0.014423076923076924,,not_comparable_scope,delta withheld: legacy VIVOS uses 300 exposed source utterances; paper-v2 uses the disjoint 460-utterance locked test and MUSAN-test noise,44,36,556,837,a70139c89cbd123b8d0646588b4c7e3dc8c26abf0559cdac6772337d6d1bcfa6,89712f4873a6de7fb84f912d2380419fc48f56c7499ebed5f62528c749a2a146,legacy_v1_exposed_test_selection_and_evaluation,paper_v2_unseen_final_after_noisy_dev_decision_lock,8eb56fe7be9e58e0816414d7340608453f4b6cad4f732e9e523a95b2bf9c85c5,65f1bc32cc0acf2139e031da38881a641be0b043c975ce9d0303ca3ec1ca582c,ccaeadc332fb38449fc6063143b190b1498e49dd2d6e39dd471a2174ab5aca8d
vivos_aggregate,results_by_noise_type.csv,legacy_exposed_vivos_300/noise_type=noise,paper_v2_locked_vivos_460/noise_type=noise,dataset=vivos;model=phowhisper;model_size=small;train_type=zero_shot;lambda=<blank>;seed=42;noise_type=noise,ter,rate,0.00940733772342427,0.01162349968414403,,not_comparable_scope,delta withheld: legacy VIVOS uses 300 exposed source utterances; paper-v2 uses the disjoint 460-utterance locked test and MUSAN-test noise,44,36,556,837,a70139c89cbd123b8d0646588b4c7e3dc8c26abf0559cdac6772337d6d1bcfa6,89712f4873a6de7fb84f912d2380419fc48f56c7499ebed5f62528c749a2a146,legacy_v1_exposed_test_selection_and_evaluation,paper_v2_unseen_final_after_noisy_dev_decision_lock,8eb56fe7be9e58e0816414d7340608453f4b6cad4f732e9e523a95b2bf9c85c5,65f1bc32cc0acf2139e031da38881a641be0b043c975ce9d0303ca3ec1ca582c,ccaeadc332fb38449fc6063143b190b1498e49dd2d6e39dd471a2174ab5aca8d
vivos_aggregate,results_by_noise_type.csv,legacy_exposed_vivos_300/noise_type=noise,paper_v2_locked_vivos_460/noise_type=noise,dataset=vivos;model=phowhisper;model_size=small;train_type=zero_shot;lambda=<blank>;seed=42;noise_type=noise,wer,rate,0.07653061224489796,0.08869931050601847,,not_comparable_scope,delta withheld: legacy VIVOS uses 300 exposed source utterances; paper-v2 uses the disjoint 460-utterance locked test and MUSAN-test noise,44,36,556,837,a70139c89cbd123b8d0646588b4c7e3dc8c26abf0559cdac6772337d6d1bcfa6,89712f4873a6de7fb84f912d2380419fc48f56c7499ebed5f62528c749a2a146,legacy_v1_exposed_test_selection_and_evaluation,paper_v2_unseen_final_after_noisy_dev_decision_lock,8eb56fe7be9e58e0816414d7340608453f4b6cad4f732e9e523a95b2bf9c85c5,65f1bc32cc0acf2139e031da38881a641be0b043c975ce9d0303ca3ec1ca582c,ccaeadc332fb38449fc6063143b190b1498e49dd2d6e39dd471a2174ab5aca8d
vivos_aggregate,results_by_noise_type.csv,legacy_exposed_vivos_300/noise_type=speech,paper_v2_locked_vivos_460/noise_type=speech,dataset=vivos;model=phowhisper;model_size=small;train_type=zero_shot;lambda=<blank>;seed=42;noise_type=speech,cer,rate,0.07402003696138508,0.0698191933240612,,not_comparable_scope,delta withheld: legacy VIVOS uses 300 exposed source utterances; paper-v2 uses the disjoint 460-utterance locked test and MUSAN-test noise,44,36,250,421,a70139c89cbd123b8d0646588b4c7e3dc8c26abf0559cdac6772337d6d1bcfa6,89712f4873a6de7fb84f912d2380419fc48f56c7499ebed5f62528c749a2a146,legacy_v1_exposed_test_selection_and_evaluation,paper_v2_unseen_final_after_noisy_dev_decision_lock,8eb56fe7be9e58e0816414d7340608453f4b6cad4f732e9e523a95b2bf9c85c5,65f1bc32cc0acf2139e031da38881a641be0b043c975ce9d0303ca3ec1ca582c,ccaeadc332fb38449fc6063143b190b1498e49dd2d6e39dd471a2174ab5aca8d
vivos_aggregate,results_by_noise_type.csv,legacy_exposed_vivos_300/noise_type=speech,paper_v2_locked_vivos_460/noise_type=speech,dataset=vivos;model=phowhisper;model_size=small;train_type=zero_shot;lambda=<blank>;seed=42;noise_type=speech,der,rate,0.0077661032434901784,0.005520504731861199,,not_comparable_scope,delta withheld: legacy VIVOS uses 300 exposed source utterances; paper-v2 uses the disjoint 460-utterance locked test and MUSAN-test noise,44,36,250,421,a70139c89cbd123b8d0646588b4c7e3dc8c26abf0559cdac6772337d6d1bcfa6,89712f4873a6de7fb84f912d2380419fc48f56c7499ebed5f62528c749a2a146,legacy_v1_exposed_test_selection_and_evaluation,paper_v2_unseen_final_after_noisy_dev_decision_lock,8eb56fe7be9e58e0816414d7340608453f4b6cad4f732e9e523a95b2bf9c85c5,65f1bc32cc0acf2139e031da38881a641be0b043c975ce9d0303ca3ec1ca582c,ccaeadc332fb38449fc6063143b190b1498e49dd2d6e39dd471a2174ab5aca8d
vivos_aggregate,results_by_noise_type.csv,legacy_exposed_vivos_300/noise_type=speech,paper_v2_locked_vivos_460/noise_type=speech,dataset=vivos;model=phowhisper;model_size=small;train_type=zero_shot;lambda=<blank>;seed=42;noise_type=speech,fcer,rate,0.09296482412060302,0.09672762271414823,,not_comparable_scope,delta withheld: legacy VIVOS uses 300 exposed source utterances; paper-v2 uses the disjoint 460-utterance locked test and MUSAN-test noise,44,36,250,421,a70139c89cbd123b8d0646588b4c7e3dc8c26abf0559cdac6772337d6d1bcfa6,89712f4873a6de7fb84f912d2380419fc48f56c7499ebed5f62528c749a2a146,legacy_v1_exposed_test_selection_and_evaluation,paper_v2_unseen_final_after_noisy_dev_decision_lock,8eb56fe7be9e58e0816414d7340608453f4b6cad4f732e9e523a95b2bf9c85c5,65f1bc32cc0acf2139e031da38881a641be0b043c975ce9d0303ca3ec1ca582c,ccaeadc332fb38449fc6063143b190b1498e49dd2d6e39dd471a2174ab5aca8d
vivos_aggregate,results_by_noise_type.csv,legacy_exposed_vivos_300/noise_type=speech,paper_v2_locked_vivos_460/noise_type=speech,dataset=vivos;model=phowhisper;model_size=small;train_type=zero_shot;lambda=<blank>;seed=42;noise_type=speech,swdr,rate,0.0,0.009708737864077669,,not_comparable_scope,delta withheld: legacy VIVOS uses 300 exposed source utterances; paper-v2 uses the disjoint 460-utterance locked test and MUSAN-test noise,44,36,250,421,a70139c89cbd123b8d0646588b4c7e3dc8c26abf0559cdac6772337d6d1bcfa6,89712f4873a6de7fb84f912d2380419fc48f56c7499ebed5f62528c749a2a146,legacy_v1_exposed_test_selection_and_evaluation,paper_v2_unseen_final_after_noisy_dev_decision_lock,8eb56fe7be9e58e0816414d7340608453f4b6cad4f732e9e523a95b2bf9c85c5,65f1bc32cc0acf2139e031da38881a641be0b043c975ce9d0303ca3ec1ca582c,ccaeadc332fb38449fc6063143b190b1498e49dd2d6e39dd471a2174ab5aca8d
vivos_aggregate,results_by_noise_type.csv,legacy_exposed_vivos_300/noise_type=speech,paper_v2_locked_vivos_460/noise_type=speech,dataset=vivos;model=phowhisper;model_size=small;train_type=zero_shot;lambda=<blank>;seed=42;noise_type=speech,ter,rate,0.016047684548372305,0.015243101182654402,,not_comparable_scope,delta withheld: legacy VIVOS uses 300 exposed source utterances; paper-v2 uses the disjoint 460-utterance locked test and MUSAN-test noise,44,36,250,421,a70139c89cbd123b8d0646588b4c7e3dc8c26abf0559cdac6772337d6d1bcfa6,89712f4873a6de7fb84f912d2380419fc48f56c7499ebed5f62528c749a2a146,legacy_v1_exposed_test_selection_and_evaluation,paper_v2_unseen_final_after_noisy_dev_decision_lock,8eb56fe7be9e58e0816414d7340608453f4b6cad4f732e9e523a95b2bf9c85c5,65f1bc32cc0acf2139e031da38881a641be0b043c975ce9d0303ca3ec1ca582c,ccaeadc332fb38449fc6063143b190b1498e49dd2d6e39dd471a2174ab5aca8d
vivos_aggregate,results_by_noise_type.csv,legacy_exposed_vivos_300/noise_type=speech,paper_v2_locked_vivos_460/noise_type=speech,dataset=vivos;model=phowhisper;model_size=small;train_type=zero_shot;lambda=<blank>;seed=42;noise_type=speech,wer,rate,0.13942111699959234,0.12582625118035884,,not_comparable_scope,delta withheld: legacy VIVOS uses 300 exposed source utterances; paper-v2 uses the disjoint 460-utterance locked test and MUSAN-test noise,44,36,250,421,a70139c89cbd123b8d0646588b4c7e3dc8c26abf0559cdac6772337d6d1bcfa6,89712f4873a6de7fb84f912d2380419fc48f56c7499ebed5f62528c749a2a146,legacy_v1_exposed_test_selection_and_evaluation,paper_v2_unseen_final_after_noisy_dev_decision_lock,8eb56fe7be9e58e0816414d7340608453f4b6cad4f732e9e523a95b2bf9c85c5,65f1bc32cc0acf2139e031da38881a641be0b043c975ce9d0303ca3ec1ca582c,ccaeadc332fb38449fc6063143b190b1498e49dd2d6e39dd471a2174ab5aca8d
vivos_aggregate,results_by_noise_type.csv,legacy_exposed_vivos_300/noise_type=clean,paper_v2_locked_vivos_460/noise_type=clean,dataset=vivos;model=phowhisper;model_size=tiny;train_type=zero_shot;lambda=<blank>;seed=42;noise_type=clean,cer,rate,0.04244154641561849,0.04618413082980012,,not_comparable_scope,delta withheld: legacy VIVOS uses 300 exposed source utterances; paper-v2 uses the disjoint 460-utterance locked test and MUSAN-test noise,44,36,300,460,a70139c89cbd123b8d0646588b4c7e3dc8c26abf0559cdac6772337d6d1bcfa6,89712f4873a6de7fb84f912d2380419fc48f56c7499ebed5f62528c749a2a146,legacy_v1_exposed_test_selection_and_evaluation,paper_v2_unseen_final_after_noisy_dev_decision_lock,8eb56fe7be9e58e0816414d7340608453f4b6cad4f732e9e523a95b2bf9c85c5,65f1bc32cc0acf2139e031da38881a641be0b043c975ce9d0303ca3ec1ca582c,ccaeadc332fb38449fc6063143b190b1498e49dd2d6e39dd471a2174ab5aca8d
vivos_aggregate,results_by_noise_type.csv,legacy_exposed_vivos_300/noise_type=clean,paper_v2_locked_vivos_460/noise_type=clean,dataset=vivos;model=phowhisper;model_size=tiny;train_type=zero_shot;lambda=<blank>;seed=42;noise_type=clean,der,rate,0.009216589861751152,0.005835667600373483,,not_comparable_scope,delta withheld: legacy VIVOS uses 300 exposed source utterances; paper-v2 uses the disjoint 460-utterance locked test and MUSAN-test noise,44,36,300,460,a70139c89cbd123b8d0646588b4c7e3dc8c26abf0559cdac6772337d6d1bcfa6,89712f4873a6de7fb84f912d2380419fc48f56c7499ebed5f62528c749a2a146,legacy_v1_exposed_test_selection_and_evaluation,paper_v2_unseen_final_after_noisy_dev_decision_lock,8eb56fe7be9e58e0816414d7340608453f4b6cad4f732e9e523a95b2bf9c85c5,65f1bc32cc0acf2139e031da38881a641be0b043c975ce9d0303ca3ec1ca582c,ccaeadc332fb38449fc6063143b190b1498e49dd2d6e39dd471a2174ab5aca8d
vivos_aggregate,results_by_noise_type.csv,legacy_exposed_vivos_300/noise_type=clean,paper_v2_locked_vivos_460/noise_type=clean,dataset=vivos;model=phowhisper;model_size=tiny;train_type=zero_shot;lambda=<blank>;seed=42;noise_type=clean,fcer,rate,0.06110381077529566,0.06374674761491761,,not_comparable_scope,delta withheld: legacy VIVOS uses 300 exposed source utterances; paper-v2 uses the disjoint 460-utterance locked test and MUSAN-test noise,44,36,300,460,a70139c89cbd123b8d0646588b4c7e3dc8c26abf0559cdac6772337d6d1bcfa6,89712f4873a6de7fb84f912d2380419fc48f56c7499ebed5f62528c749a2a146,legacy_v1_exposed_test_selection_and_evaluation,paper_v2_unseen_final_after_noisy_dev_decision_lock,8eb56fe7be9e58e0816414d7340608453f4b6cad4f732e9e523a95b2bf9c85c5,65f1bc32cc0acf2139e031da38881a641be0b043c975ce9d0303ca3ec1ca582c,ccaeadc332fb38449fc6063143b190b1498e49dd2d6e39dd471a2174ab5aca8d
vivos_aggregate,results_by_noise_type.csv,legacy_exposed_vivos_300/noise_type=clean,paper_v2_locked_vivos_460/noise_type=clean,dataset=vivos;model=phowhisper;model_size=tiny;train_type=zero_shot;lambda=<blank>;seed=42;noise_type=clean,swdr,rate,0.0,0.004405286343612335,,not_comparable_scope,delta withheld: legacy VIVOS uses 300 exposed source utterances; paper-v2 uses the disjoint 460-utterance locked test and MUSAN-test noise,44,36,300,460,a70139c89cbd123b8d0646588b4c7e3dc8c26abf0559cdac6772337d6d1bcfa6,89712f4873a6de7fb84f912d2380419fc48f56c7499ebed5f62528c749a2a146,legacy_v1_exposed_test_selection_and_evaluation,paper_v2_unseen_final_after_noisy_dev_decision_lock,8eb56fe7be9e58e0816414d7340608453f4b6cad4f732e9e523a95b2bf9c85c5,65f1bc32cc0acf2139e031da38881a641be0b043c975ce9d0303ca3ec1ca582c,ccaeadc332fb38449fc6063143b190b1498e49dd2d6e39dd471a2174ab5aca8d
vivos_aggregate,results_by_noise_type.csv,legacy_exposed_vivos_300/noise_type=clean,paper_v2_locked_vivos_460/noise_type=clean,dataset=vivos;model=phowhisper;model_size=tiny;train_type=zero_shot;lambda=<blank>;seed=42;noise_type=clean,ter,rate,0.014973262032085561,0.015445822607067634,,not_comparable_scope,delta withheld: legacy VIVOS uses 300 exposed source utterances; paper-v2 uses the disjoint 460-utterance locked test and MUSAN-test noise,44,36,300,460,a70139c89cbd123b8d0646588b4c7e3dc8c26abf0559cdac6772337d6d1bcfa6,89712f4873a6de7fb84f912d2380419fc48f56c7499ebed5f62528c749a2a146,legacy_v1_exposed_test_selection_and_evaluation,paper_v2_unseen_final_after_noisy_dev_decision_lock,8eb56fe7be9e58e0816414d7340608453f4b6cad4f732e9e523a95b2bf9c85c5,65f1bc32cc0acf2139e031da38881a641be0b043c975ce9d0303ca3ec1ca582c,ccaeadc332fb38449fc6063143b190b1498e49dd2d6e39dd471a2174ab5aca8d
vivos_aggregate,results_by_noise_type.csv,legacy_exposed_vivos_300/noise_type=clean,paper_v2_locked_vivos_460/noise_type=clean,dataset=vivos;model=phowhisper;model_size=tiny;train_type=zero_shot;lambda=<blank>;seed=42;noise_type=clean,wer,rate,0.0999346832135859,0.1017167381974249,,not_comparable_scope,delta withheld: legacy VIVOS uses 300 exposed source utterances; paper-v2 uses the disjoint 460-utterance locked test and MUSAN-test noise,44,36,300,460,a70139c89cbd123b8d0646588b4c7e3dc8c26abf0559cdac6772337d6d1bcfa6,89712f4873a6de7fb84f912d2380419fc48f56c7499ebed5f62528c749a2a146,legacy_v1_exposed_test_selection_and_evaluation,paper_v2_unseen_final_after_noisy_dev_decision_lock,8eb56fe7be9e58e0816414d7340608453f4b6cad4f732e9e523a95b2bf9c85c5,65f1bc32cc0acf2139e031da38881a641be0b043c975ce9d0303ca3ec1ca582c,ccaeadc332fb38449fc6063143b190b1498e49dd2d6e39dd471a2174ab5aca8d
vivos_aggregate,results_by_noise_type.csv,legacy_exposed_vivos_300/noise_type=music,paper_v2_locked_vivos_460/noise_type=music,dataset=vivos;model=phowhisper;model_size=tiny;train_type=zero_shot;lambda=<blank>;seed=42;noise_type=music,cer,rate,0.08831599405510461,0.08922247263361237,,not_comparable_scope,delta withheld: legacy VIVOS uses 300 exposed source utterances; paper-v2 uses the disjoint 460-utterance locked test and MUSAN-test noise,44,36,394,582,a70139c89cbd123b8d0646588b4c7e3dc8c26abf0559cdac6772337d6d1bcfa6,89712f4873a6de7fb84f912d2380419fc48f56c7499ebed5f62528c749a2a146,legacy_v1_exposed_test_selection_and_evaluation,paper_v2_unseen_final_after_noisy_dev_decision_lock,8eb56fe7be9e58e0816414d7340608453f4b6cad4f732e9e523a95b2bf9c85c5,65f1bc32cc0acf2139e031da38881a641be0b043c975ce9d0303ca3ec1ca582c,ccaeadc332fb38449fc6063143b190b1498e49dd2d6e39dd471a2174ab5aca8d
vivos_aggregate,results_by_noise_type.csv,legacy_exposed_vivos_300/noise_type=music,paper_v2_locked_vivos_460/noise_type=music,dataset=vivos;model=phowhisper;model_size=tiny;train_type=zero_shot;lambda=<blank>;seed=42;noise_type=music,der,rate,0.013045944412932501,0.010553564317005177,,not_comparable_scope,delta withheld: legacy VIVOS uses 300 exposed source utterances; paper-v2 uses the disjoint 460-utterance locked test and MUSAN-test noise,44,36,394,582,a70139c89cbd123b8d0646588b4c7e3dc8c26abf0559cdac6772337d6d1bcfa6,89712f4873a6de7fb84f912d2380419fc48f56c7499ebed5f62528c749a2a146,legacy_v1_exposed_test_selection_and_evaluation,paper_v2_unseen_final_after_noisy_dev_decision_lock,8eb56fe7be9e58e0816414d7340608453f4b6cad4f732e9e523a95b2bf9c85c5,65f1bc32cc0acf2139e031da38881a641be0b043c975ce9d0303ca3ec1ca582c,ccaeadc332fb38449fc6063143b190b1498e49dd2d6e39dd471a2174ab5aca8d
vivos_aggregate,results_by_noise_type.csv,legacy_exposed_vivos_300/noise_type=music,paper_v2_locked_vivos_460/noise_type=music,dataset=vivos;model=phowhisper;model_size=tiny;train_type=zero_shot;lambda=<blank>;seed=42;noise_type=music,fcer,rate,0.12715930902111325,0.12558922558922558,,not_comparable_scope,delta withheld: legacy VIVOS uses 300 exposed source utterances; paper-v2 uses the disjoint 460-utterance locked test and MUSAN-test noise,44,36,394,582,a70139c89cbd123b8d0646588b4c7e3dc8c26abf0559cdac6772337d6d1bcfa6,89712f4873a6de7fb84f912d2380419fc48f56c7499ebed5f62528c749a2a146,legacy_v1_exposed_test_selection_and_evaluation,paper_v2_unseen_final_after_noisy_dev_decision_lock,8eb56fe7be9e58e0816414d7340608453f4b6cad4f732e9e523a95b2bf9c85c5,65f1bc32cc0acf2139e031da38881a641be0b043c975ce9d0303ca3ec1ca582c,ccaeadc332fb38449fc6063143b190b1498e49dd2d6e39dd471a2174ab5aca8d
vivos_aggregate,results_by_noise_type.csv,legacy_exposed_vivos_300/noise_type=music,paper_v2_locked_vivos_460/noise_type=music,dataset=vivos;model=phowhisper;model_size=tiny;train_type=zero_shot;lambda=<blank>;seed=42;noise_type=music,swdr,rate,0.015873015873015872,0.0,,not_comparable_scope,delta withheld: legacy VIVOS uses 300 exposed source utterances; paper-v2 uses the disjoint 460-utterance locked test and MUSAN-test noise,44,36,394,582,a70139c89cbd123b8d0646588b4c7e3dc8c26abf0559cdac6772337d6d1bcfa6,89712f4873a6de7fb84f912d2380419fc48f56c7499ebed5f62528c749a2a146,legacy_v1_exposed_test_selection_and_evaluation,paper_v2_unseen_final_after_noisy_dev_decision_lock,8eb56fe7be9e58e0816414d7340608453f4b6cad4f732e9e523a95b2bf9c85c5,65f1bc32cc0acf2139e031da38881a641be0b043c975ce9d0303ca3ec1ca582c,ccaeadc332fb38449fc6063143b190b1498e49dd2d6e39dd471a2174ab5aca8d
vivos_aggregate,results_by_noise_type.csv,legacy_exposed_vivos_300/noise_type=music,paper_v2_locked_vivos_460/noise_type=music,dataset=vivos;model=phowhisper;model_size=tiny;train_type=zero_shot;lambda=<blank>;seed=42;noise_type=music,ter,rate,0.020845231296402054,0.024014408645187113,,not_comparable_scope,delta withheld: legacy VIVOS uses 300 exposed source utterances; paper-v2 uses the disjoint 460-utterance locked test and MUSAN-test noise,44,36,394,582,a70139c89cbd123b8d0646588b4c7e3dc8c26abf0559cdac6772337d6d1bcfa6,89712f4873a6de7fb84f912d2380419fc48f56c7499ebed5f62528c749a2a146,legacy_v1_exposed_test_selection_and_evaluation,paper_v2_unseen_final_after_noisy_dev_decision_lock,8eb56fe7be9e58e0816414d7340608453f4b6cad4f732e9e523a95b2bf9c85c5,65f1bc32cc0acf2139e031da38881a641be0b043c975ce9d0303ca3ec1ca582c,ccaeadc332fb38449fc6063143b190b1498e49dd2d6e39dd471a2174ab5aca8d
vivos_aggregate,results_by_noise_type.csv,legacy_exposed_vivos_300/noise_type=music,paper_v2_locked_vivos_460/noise_type=music,dataset=vivos;model=phowhisper;model_size=tiny;train_type=zero_shot;lambda=<blank>;seed=42;noise_type=music,wer,rate,0.17246412065190952,0.172396100564392,,not_comparable_scope,delta withheld: legacy VIVOS uses 300 exposed source utterances; paper-v2 uses the disjoint 460-utterance locked test and MUSAN-test noise,44,36,394,582,a70139c89cbd123b8d0646588b4c7e3dc8c26abf0559cdac6772337d6d1bcfa6,89712f4873a6de7fb84f912d2380419fc48f56c7499ebed5f62528c749a2a146,legacy_v1_exposed_test_selection_and_evaluation,paper_v2_unseen_final_after_noisy_dev_decision_lock,8eb56fe7be9e58e0816414d7340608453f4b6cad4f732e9e523a95b2bf9c85c5,65f1bc32cc0acf2139e031da38881a641be0b043c975ce9d0303ca3ec1ca582c,ccaeadc332fb38449fc6063143b190b1498e49dd2d6e39dd471a2174ab5aca8d
vivos_aggregate,results_by_noise_type.csv,legacy_exposed_vivos_300/noise_type=noise,paper_v2_locked_vivos_460/noise_type=noise,dataset=vivos;model=phowhisper;model_size=tiny;train_type=zero_shot;lambda=<blank>;seed=42;noise_type=noise,cer,rate,0.0726486845933253,0.07733699382292382,,not_comparable_scope,delta withheld: legacy VIVOS uses 300 exposed source utterances; paper-v2 uses the disjoint 460-utterance locked test and MUSAN-test noise,44,36,556,837,a70139c89cbd123b8d0646588b4c7e3dc8c26abf0559cdac6772337d6d1bcfa6,89712f4873a6de7fb84f912d2380419fc48f56c7499ebed5f62528c749a2a146,legacy_v1_exposed_test_selection_and_evaluation,paper_v2_unseen_final_after_noisy_dev_decision_lock,8eb56fe7be9e58e0816414d7340608453f4b6cad4f732e9e523a95b2bf9c85c5,65f1bc32cc0acf2139e031da38881a641be0b043c975ce9d0303ca3ec1ca582c,ccaeadc332fb38449fc6063143b190b1498e49dd2d6e39dd471a2174ab5aca8d
vivos_aggregate,results_by_noise_type.csv,legacy_exposed_vivos_300/noise_type=noise,paper_v2_locked_vivos_460/noise_type=noise,dataset=vivos;model=phowhisper;model_size=tiny;train_type=zero_shot;lambda=<blank>;seed=42;noise_type=noise,der,rate,0.011454983922829582,0.009583388792759218,,not_comparable_scope,delta withheld: legacy VIVOS uses 300 exposed source utterances; paper-v2 uses the disjoint 460-utterance locked test and MUSAN-test noise,44,36,556,837,a70139c89cbd123b8d0646588b4c7e3dc8c26abf0559cdac6772337d6d1bcfa6,89712f4873a6de7fb84f912d2380419fc48f56c7499ebed5f62528c749a2a146,legacy_v1_exposed_test_selection_and_evaluation,paper_v2_unseen_final_after_noisy_dev_decision_lock,8eb56fe7be9e58e0816414d7340608453f4b6cad4f732e9e523a95b2bf9c85c5,65f1bc32cc0acf2139e031da38881a641be0b043c975ce9d0303ca3ec1ca582c,ccaeadc332fb38449fc6063143b190b1498e49dd2d6e39dd471a2174ab5aca8d
vivos_aggregate,results_by_noise_type.csv,legacy_exposed_vivos_300/noise_type=noise,paper_v2_locked_vivos_460/noise_type=noise,dataset=vivos;model=phowhisper;model_size=tiny;train_type=zero_shot;lambda=<blank>;seed=42;noise_type=noise,fcer,rate,0.10815540777038853,0.10142890606699462,,not_comparable_scope,delta withheld: legacy VIVOS uses 300 exposed source utterances; paper-v2 uses the disjoint 460-utterance locked test and MUSAN-test noise,44,36,556,837,a70139c89cbd123b8d0646588b4c7e3dc8c26abf0559cdac6772337d6d1bcfa6,89712f4873a6de7fb84f912d2380419fc48f56c7499ebed5f62528c749a2a146,legacy_v1_exposed_test_selection_and_evaluation,paper_v2_unseen_final_after_noisy_dev_decision_lock,8eb56fe7be9e58e0816414d7340608453f4b6cad4f732e9e523a95b2bf9c85c5,65f1bc32cc0acf2139e031da38881a641be0b043c975ce9d0303ca3ec1ca582c,ccaeadc332fb38449fc6063143b190b1498e49dd2d6e39dd471a2174ab5aca8d
vivos_aggregate,results_by_noise_type.csv,legacy_exposed_vivos_300/noise_type=noise,paper_v2_locked_vivos_460/noise_type=noise,dataset=vivos;model=phowhisper;model_size=tiny;train_type=zero_shot;lambda=<blank>;seed=42;noise_type=noise,swdr,rate,0.006920415224913495,0.007211538461538462,,not_comparable_scope,delta withheld: legacy VIVOS uses 300 exposed source utterances; paper-v2 uses the disjoint 460-utterance locked test and MUSAN-test noise,44,36,556,837,a70139c89cbd123b8d0646588b4c7e3dc8c26abf0559cdac6772337d6d1bcfa6,89712f4873a6de7fb84f912d2380419fc48f56c7499ebed5f62528c749a2a146,legacy_v1_exposed_test_selection_and_evaluation,paper_v2_unseen_final_after_noisy_dev_decision_lock,8eb56fe7be9e58e0816414d7340608453f4b6cad4f732e9e523a95b2bf9c85c5,65f1bc32cc0acf2139e031da38881a641be0b043c975ce9d0303ca3ec1ca582c,ccaeadc332fb38449fc6063143b190b1498e49dd2d6e39dd471a2174ab5aca8d
vivos_aggregate,results_by_noise_type.csv,legacy_exposed_vivos_300/noise_type=noise,paper_v2_locked_vivos_460/noise_type=noise,dataset=vivos;model=phowhisper;model_size=tiny;train_type=zero_shot;lambda=<blank>;seed=42;noise_type=noise,ter,rate,0.02062689585439838,0.01915093076201955,,not_comparable_scope,delta withheld: legacy VIVOS uses 300 exposed source utterances; paper-v2 uses the disjoint 460-utterance locked test and MUSAN-test noise,44,36,556,837,a70139c89cbd123b8d0646588b4c7e3dc8c26abf0559cdac6772337d6d1bcfa6,89712f4873a6de7fb84f912d2380419fc48f56c7499ebed5f62528c749a2a146,legacy_v1_exposed_test_selection_and_evaluation,paper_v2_unseen_final_after_noisy_dev_decision_lock,8eb56fe7be9e58e0816414d7340608453f4b6cad4f732e9e523a95b2bf9c85c5,65f1bc32cc0acf2139e031da38881a641be0b043c975ce9d0303ca3ec1ca582c,ccaeadc332fb38449fc6063143b190b1498e49dd2d6e39dd471a2174ab5aca8d
vivos_aggregate,results_by_noise_type.csv,legacy_exposed_vivos_300/noise_type=noise,paper_v2_locked_vivos_460/noise_type=noise,dataset=vivos;model=phowhisper;model_size=tiny;train_type=zero_shot;lambda=<blank>;seed=42;noise_type=noise,wer,rate,0.15182969739619986,0.15262358303143625,,not_comparable_scope,delta withheld: legacy VIVOS uses 300 exposed source utterances; paper-v2 uses the disjoint 460-utterance locked test and MUSAN-test noise,44,36,556,837,a70139c89cbd123b8d0646588b4c7e3dc8c26abf0559cdac6772337d6d1bcfa6,89712f4873a6de7fb84f912d2380419fc48f56c7499ebed5f62528c749a2a146,legacy_v1_exposed_test_selection_and_evaluation,paper_v2_unseen_final_after_noisy_dev_decision_lock,8eb56fe7be9e58e0816414d7340608453f4b6cad4f732e9e523a95b2bf9c85c5,65f1bc32cc0acf2139e031da38881a641be0b043c975ce9d0303ca3ec1ca582c,ccaeadc332fb38449fc6063143b190b1498e49dd2d6e39dd471a2174ab5aca8d
vivos_aggregate,results_by_noise_type.csv,legacy_exposed_vivos_300/noise_type=speech,paper_v2_locked_vivos_460/noise_type=speech,dataset=vivos;model=phowhisper;model_size=tiny;train_type=zero_shot;lambda=<blank>;seed=42;noise_type=speech,cer,rate,0.24803034724248613,0.25791376912378305,,not_comparable_scope,delta withheld: legacy VIVOS uses 300 exposed source utterances; paper-v2 uses the disjoint 460-utterance locked test and MUSAN-test noise,44,36,250,421,a70139c89cbd123b8d0646588b4c7e3dc8c26abf0559cdac6772337d6d1bcfa6,89712f4873a6de7fb84f912d2380419fc48f56c7499ebed5f62528c749a2a146,legacy_v1_exposed_test_selection_and_evaluation,paper_v2_unseen_final_after_noisy_dev_decision_lock,8eb56fe7be9e58e0816414d7340608453f4b6cad4f732e9e523a95b2bf9c85c5,65f1bc32cc0acf2139e031da38881a641be0b043c975ce9d0303ca3ec1ca582c,ccaeadc332fb38449fc6063143b190b1498e49dd2d6e39dd471a2174ab5aca8d
vivos_aggregate,results_by_noise_type.csv,legacy_exposed_vivos_300/noise_type=speech,paper_v2_locked_vivos_460/noise_type=speech,dataset=vivos;model=phowhisper;model_size=tiny;train_type=zero_shot;lambda=<blank>;seed=42;noise_type=speech,der,rate,0.01742696053305997,0.009202453987730062,,not_comparable_scope,delta withheld: legacy VIVOS uses 300 exposed source utterances; paper-v2 uses the disjoint 460-utterance locked test and MUSAN-test noise,44,36,250,421,a70139c89cbd123b8d0646588b4c7e3dc8c26abf0559cdac6772337d6d1bcfa6,89712f4873a6de7fb84f912d2380419fc48f56c7499ebed5f62528c749a2a146,legacy_v1_exposed_test_selection_and_evaluation,paper_v2_unseen_final_after_noisy_dev_decision_lock,8eb56fe7be9e58e0816414d7340608453f4b6cad4f732e9e523a95b2bf9c85c5,65f1bc32cc0acf2139e031da38881a641be0b043c975ce9d0303ca3ec1ca582c,ccaeadc332fb38449fc6063143b190b1498e49dd2d6e39dd471a2174ab5aca8d
vivos_aggregate,results_by_noise_type.csv,legacy_exposed_vivos_300/noise_type=speech,paper_v2_locked_vivos_460/noise_type=speech,dataset=vivos;model=phowhisper;model_size=tiny;train_type=zero_shot;lambda=<blank>;seed=42;noise_type=speech,fcer,rate,0.21035332785538208,0.2598975314392175,,not_comparable_scope,delta withheld: legacy VIVOS uses 300 exposed source utterances; paper-v2 uses the disjoint 460-utterance locked test and MUSAN-test noise,44,36,250,421,a70139c89cbd123b8d0646588b4c7e3dc8c26abf0559cdac6772337d6d1bcfa6,89712f4873a6de7fb84f912d2380419fc48f56c7499ebed5f62528c749a2a146,legacy_v1_exposed_test_selection_and_evaluation,paper_v2_unseen_final_after_noisy_dev_decision_lock,8eb56fe7be9e58e0816414d7340608453f4b6cad4f732e9e523a95b2bf9c85c5,65f1bc32cc0acf2139e031da38881a641be0b043c975ce9d0303ca3ec1ca582c,ccaeadc332fb38449fc6063143b190b1498e49dd2d6e39dd471a2174ab5aca8d
vivos_aggregate,results_by_noise_type.csv,legacy_exposed_vivos_300/noise_type=speech,paper_v2_locked_vivos_460/noise_type=speech,dataset=vivos;model=phowhisper;model_size=tiny;train_type=zero_shot;lambda=<blank>;seed=42;noise_type=speech,swdr,rate,0.00847457627118644,0.0048543689320388345,,not_comparable_scope,delta withheld: legacy VIVOS uses 300 exposed source utterances; paper-v2 uses the disjoint 460-utterance locked test and MUSAN-test noise,44,36,250,421,a70139c89cbd123b8d0646588b4c7e3dc8c26abf0559cdac6772337d6d1bcfa6,89712f4873a6de7fb84f912d2380419fc48f56c7499ebed5f62528c749a2a146,legacy_v1_exposed_test_selection_and_evaluation,paper_v2_unseen_final_after_noisy_dev_decision_lock,8eb56fe7be9e58e0816414d7340608453f4b6cad4f732e9e523a95b2bf9c85c5,65f1bc32cc0acf2139e031da38881a641be0b043c975ce9d0303ca3ec1ca582c,ccaeadc332fb38449fc6063143b190b1498e49dd2d6e39dd471a2174ab5aca8d
vivos_aggregate,results_by_noise_type.csv,legacy_exposed_vivos_300/noise_type=speech,paper_v2_locked_vivos_460/noise_type=speech,dataset=vivos;model=phowhisper;model_size=tiny;train_type=zero_shot;lambda=<blank>;seed=42;noise_type=speech,ter,rate,0.03142709943328181,0.037545787545787544,,not_comparable_scope,delta withheld: legacy VIVOS uses 300 exposed source utterances; paper-v2 uses the disjoint 460-utterance locked test and MUSAN-test noise,44,36,250,421,a70139c89cbd123b8d0646588b4c7e3dc8c26abf0559cdac6772337d6d1bcfa6,89712f4873a6de7fb84f912d2380419fc48f56c7499ebed5f62528c749a2a146,legacy_v1_exposed_test_selection_and_evaluation,paper_v2_unseen_final_after_noisy_dev_decision_lock,8eb56fe7be9e58e0816414d7340608453f4b6cad4f732e9e523a95b2bf9c85c5,65f1bc32cc0acf2139e031da38881a641be0b043c975ce9d0303ca3ec1ca582c,ccaeadc332fb38449fc6063143b190b1498e49dd2d6e39dd471a2174ab5aca8d
vivos_aggregate,results_by_noise_type.csv,legacy_exposed_vivos_300/noise_type=speech,paper_v2_locked_vivos_460/noise_type=speech,dataset=vivos;model=phowhisper;model_size=tiny;train_type=zero_shot;lambda=<blank>;seed=42;noise_type=speech,wer,rate,0.37668161434977576,0.38220018885741264,,not_comparable_scope,delta withheld: legacy VIVOS uses 300 exposed source utterances; paper-v2 uses the disjoint 460-utterance locked test and MUSAN-test noise,44,36,250,421,a70139c89cbd123b8d0646588b4c7e3dc8c26abf0559cdac6772337d6d1bcfa6,89712f4873a6de7fb84f912d2380419fc48f56c7499ebed5f62528c749a2a146,legacy_v1_exposed_test_selection_and_evaluation,paper_v2_unseen_final_after_noisy_dev_decision_lock,8eb56fe7be9e58e0816414d7340608453f4b6cad4f732e9e523a95b2bf9c85c5,65f1bc32cc0acf2139e031da38881a641be0b043c975ce9d0303ca3ec1ca582c,ccaeadc332fb38449fc6063143b190b1498e49dd2d6e39dd471a2174ab5aca8d
vivos_aggregate,results_by_noise_type.csv,legacy_exposed_vivos_300/noise_type=clean,paper_v2_locked_vivos_460/noise_type=clean,dataset=vivos;model=whisper;model_size=base;train_type=zero_shot;lambda=<blank>;seed=42;noise_type=clean,cer,rate,0.18280731537927308,0.2045225116091258,,not_comparable_scope,delta withheld: legacy VIVOS uses 300 exposed source utterances; paper-v2 uses the disjoint 460-utterance locked test and MUSAN-test noise,44,36,300,460,a70139c89cbd123b8d0646588b4c7e3dc8c26abf0559cdac6772337d6d1bcfa6,89712f4873a6de7fb84f912d2380419fc48f56c7499ebed5f62528c749a2a146,legacy_v1_exposed_test_selection_and_evaluation,paper_v2_unseen_final_after_noisy_dev_decision_lock,8eb56fe7be9e58e0816414d7340608453f4b6cad4f732e9e523a95b2bf9c85c5,65f1bc32cc0acf2139e031da38881a641be0b043c975ce9d0303ca3ec1ca582c,ccaeadc332fb38449fc6063143b190b1498e49dd2d6e39dd471a2174ab5aca8d
vivos_aggregate,results_by_noise_type.csv,legacy_exposed_vivos_300/noise_type=clean,paper_v2_locked_vivos_460/noise_type=clean,dataset=vivos;model=whisper;model_size=base;train_type=zero_shot;lambda=<blank>;seed=42;noise_type=clean,der,rate,0.039406583217431616,0.031746031746031744,,not_comparable_scope,delta withheld: legacy VIVOS uses 300 exposed source utterances; paper-v2 uses the disjoint 460-utterance locked test and MUSAN-test noise,44,36,300,460,a70139c89cbd123b8d0646588b4c7e3dc8c26abf0559cdac6772337d6d1bcfa6,89712f4873a6de7fb84f912d2380419fc48f56c7499ebed5f62528c749a2a146,legacy_v1_exposed_test_selection_and_evaluation,paper_v2_unseen_final_after_noisy_dev_decision_lock,8eb56fe7be9e58e0816414d7340608453f4b6cad4f732e9e523a95b2bf9c85c5,65f1bc32cc0acf2139e031da38881a641be0b043c975ce9d0303ca3ec1ca582c,ccaeadc332fb38449fc6063143b190b1498e49dd2d6e39dd471a2174ab5aca8d
vivos_aggregate,results_by_noise_type.csv,legacy_exposed_vivos_300/noise_type=clean,paper_v2_locked_vivos_460/noise_type=clean,dataset=vivos;model=whisper;model_size=base;train_type=zero_shot;lambda=<blank>;seed=42;noise_type=clean,fcer,rate,0.26461143224149003,0.27311101730688053,,not_comparable_scope,delta withheld: legacy VIVOS uses 300 exposed source utterances; paper-v2 uses the disjoint 460-utterance locked test and MUSAN-test noise,44,36,300,460,a70139c89cbd123b8d0646588b4c7e3dc8c26abf0559cdac6772337d6d1bcfa6,89712f4873a6de7fb84f912d2380419fc48f56c7499ebed5f62528c749a2a146,legacy_v1_exposed_test_selection_and_evaluation,paper_v2_unseen_final_after_noisy_dev_decision_lock,8eb56fe7be9e58e0816414d7340608453f4b6cad4f732e9e523a95b2bf9c85c5,65f1bc32cc0acf2139e031da38881a641be0b043c975ce9d0303ca3ec1ca582c,ccaeadc332fb38449fc6063143b190b1498e49dd2d6e39dd471a2174ab5aca8d
vivos_aggregate,results_by_noise_type.csv,legacy_exposed_vivos_300/noise_type=clean,paper_v2_locked_vivos_460/noise_type=clean,dataset=vivos;model=whisper;model_size=base;train_type=zero_shot;lambda=<blank>;seed=42;noise_type=clean,swdr,rate,0.013422818791946308,0.01762114537444934,,not_comparable_scope,delta withheld: legacy VIVOS uses 300 exposed source utterances; paper-v2 uses the disjoint 460-utterance locked test and MUSAN-test noise,44,36,300,460,a70139c89cbd123b8d0646588b4c7e3dc8c26abf0559cdac6772337d6d1bcfa6,89712f4873a6de7fb84f912d2380419fc48f56c7499ebed5f62528c749a2a146,legacy_v1_exposed_test_selection_and_evaluation,paper_v2_unseen_final_after_noisy_dev_decision_lock,8eb56fe7be9e58e0816414d7340608453f4b6cad4f732e9e523a95b2bf9c85c5,65f1bc32cc0acf2139e031da38881a641be0b043c975ce9d0303ca3ec1ca582c,ccaeadc332fb38449fc6063143b190b1498e49dd2d6e39dd471a2174ab5aca8d
vivos_aggregate,results_by_noise_type.csv,legacy_exposed_vivos_300/noise_type=clean,paper_v2_locked_vivos_460/noise_type=clean,dataset=vivos;model=whisper;model_size=base;train_type=zero_shot;lambda=<blank>;seed=42;noise_type=clean,ter,rate,0.09274004683840749,0.11288805268109126,,not_comparable_scope,delta withheld: legacy VIVOS uses 300 exposed source utterances; paper-v2 uses the disjoint 460-utterance locked test and MUSAN-test noise,44,36,300,460,a70139c89cbd123b8d0646588b4c7e3dc8c26abf0559cdac6772337d6d1bcfa6,89712f4873a6de7fb84f912d2380419fc48f56c7499ebed5f62528c749a2a146,legacy_v1_exposed_test_selection_and_evaluation,paper_v2_unseen_final_after_noisy_dev_decision_lock,8eb56fe7be9e58e0816414d7340608453f4b6cad4f732e9e523a95b2bf9c85c5,65f1bc32cc0acf2139e031da38881a641be0b043c975ce9d0303ca3ec1ca582c,ccaeadc332fb38449fc6063143b190b1498e49dd2d6e39dd471a2174ab5aca8d
vivos_aggregate,results_by_noise_type.csv,legacy_exposed_vivos_300/noise_type=clean,paper_v2_locked_vivos_460/noise_type=clean,dataset=vivos;model=whisper;model_size=base;train_type=zero_shot;lambda=<blank>;seed=42;noise_type=clean,wer,rate,0.3726322664924886,0.4012875536480687,,not_comparable_scope,delta withheld: legacy VIVOS uses 300 exposed source utterances; paper-v2 uses the disjoint 460-utterance locked test and MUSAN-test noise,44,36,300,460,a70139c89cbd123b8d0646588b4c7e3dc8c26abf0559cdac6772337d6d1bcfa6,89712f4873a6de7fb84f912d2380419fc48f56c7499ebed5f62528c749a2a146,legacy_v1_exposed_test_selection_and_evaluation,paper_v2_unseen_final_after_noisy_dev_decision_lock,8eb56fe7be9e58e0816414d7340608453f4b6cad4f732e9e523a95b2bf9c85c5,65f1bc32cc0acf2139e031da38881a641be0b043c975ce9d0303ca3ec1ca582c,ccaeadc332fb38449fc6063143b190b1498e49dd2d6e39dd471a2174ab5aca8d
vivos_aggregate,results_by_noise_type.csv,legacy_exposed_vivos_300/noise_type=music,paper_v2_locked_vivos_460/noise_type=music,dataset=vivos;model=whisper;model_size=base;train_type=zero_shot;lambda=<blank>;seed=42;noise_type=music,cer,rate,0.24574139705041728,0.27342240824211206,,not_comparable_scope,delta withheld: legacy VIVOS uses 300 exposed source utterances; paper-v2 uses the disjoint 460-utterance locked test and MUSAN-test noise,44,36,394,582,a70139c89cbd123b8d0646588b4c7e3dc8c26abf0559cdac6772337d6d1bcfa6,89712f4873a6de7fb84f912d2380419fc48f56c7499ebed5f62528c749a2a146,legacy_v1_exposed_test_selection_and_evaluation,paper_v2_unseen_final_after_noisy_dev_decision_lock,8eb56fe7be9e58e0816414d7340608453f4b6cad4f732e9e523a95b2bf9c85c5,65f1bc32cc0acf2139e031da38881a641be0b043c975ce9d0303ca3ec1ca582c,ccaeadc332fb38449fc6063143b190b1498e49dd2d6e39dd471a2174ab5aca8d
vivos_aggregate,results_by_noise_type.csv,legacy_exposed_vivos_300/noise_type=music,paper_v2_locked_vivos_460/noise_type=music,dataset=vivos;model=whisper;model_size=base;train_type=zero_shot;lambda=<blank>;seed=42;noise_type=music,der,rate,0.042977743668457406,0.035458964826994566,,not_comparable_scope,delta withheld: legacy VIVOS uses 300 exposed source utterances; paper-v2 uses the disjoint 460-utterance locked test and MUSAN-test noise,44,36,394,582,a70139c89cbd123b8d0646588b4c7e3dc8c26abf0559cdac6772337d6d1bcfa6,89712f4873a6de7fb84f912d2380419fc48f56c7499ebed5f62528c749a2a146,legacy_v1_exposed_test_selection_and_evaluation,paper_v2_unseen_final_after_noisy_dev_decision_lock,8eb56fe7be9e58e0816414d7340608453f4b6cad4f732e9e523a95b2bf9c85c5,65f1bc32cc0acf2139e031da38881a641be0b043c975ce9d0303ca3ec1ca582c,ccaeadc332fb38449fc6063143b190b1498e49dd2d6e39dd471a2174ab5aca8d
vivos_aggregate,results_by_noise_type.csv,legacy_exposed_vivos_300/noise_type=music,paper_v2_locked_vivos_460/noise_type=music,dataset=vivos;model=whisper;model_size=base;train_type=zero_shot;lambda=<blank>;seed=42;noise_type=music,fcer,rate,0.3361266294227188,0.36065040650406505,,not_comparable_scope,delta withheld: legacy VIVOS uses 300 exposed source utterances; paper-v2 uses the disjoint 460-utterance locked test and MUSAN-test noise,44,36,394,582,a70139c89cbd123b8d0646588b4c7e3dc8c26abf0559cdac6772337d6d1bcfa6,89712f4873a6de7fb84f912d2380419fc48f56c7499ebed5f62528c749a2a146,legacy_v1_exposed_test_selection_and_evaluation,paper_v2_unseen_final_after_noisy_dev_decision_lock,8eb56fe7be9e58e0816414d7340608453f4b6cad4f732e9e523a95b2bf9c85c5,65f1bc32cc0acf2139e031da38881a641be0b043c975ce9d0303ca3ec1ca582c,ccaeadc332fb38449fc6063143b190b1498e49dd2d6e39dd471a2174ab5aca8d
vivos_aggregate,results_by_noise_type.csv,legacy_exposed_vivos_300/noise_type=music,paper_v2_locked_vivos_460/noise_type=music,dataset=vivos;model=whisper;model_size=base;train_type=zero_shot;lambda=<blank>;seed=42;noise_type=music,swdr,rate,0.021164021164021163,0.024475524475524476,,not_comparable_scope,delta withheld: legacy VIVOS uses 300 exposed source utterances; paper-v2 uses the disjoint 460-utterance locked test and MUSAN-test noise,44,36,394,582,a70139c89cbd123b8d0646588b4c7e3dc8c26abf0559cdac6772337d6d1bcfa6,89712f4873a6de7fb84f912d2380419fc48f56c7499ebed5f62528c749a2a146,legacy_v1_exposed_test_selection_and_evaluation,paper_v2_unseen_final_after_noisy_dev_decision_lock,8eb56fe7be9e58e0816414d7340608453f4b6cad4f732e9e523a95b2bf9c85c5,65f1bc32cc0acf2139e031da38881a641be0b043c975ce9d0303ca3ec1ca582c,ccaeadc332fb38449fc6063143b190b1498e49dd2d6e39dd471a2174ab5aca8d
vivos_aggregate,results_by_noise_type.csv,legacy_exposed_vivos_300/noise_type=music,paper_v2_locked_vivos_460/noise_type=music,dataset=vivos;model=whisper;model_size=base;train_type=zero_shot;lambda=<blank>;seed=42;noise_type=music,ter,rate,0.11303344867358708,0.13188041352333055,,not_comparable_scope,delta withheld: legacy VIVOS uses 300 exposed source utterances; paper-v2 uses the disjoint 460-utterance locked test and MUSAN-test noise,44,36,394,582,a70139c89cbd123b8d0646588b4c7e3dc8c26abf0559cdac6772337d6d1bcfa6,89712f4873a6de7fb84f912d2380419fc48f56c7499ebed5f62528c749a2a146,legacy_v1_exposed_test_selection_and_evaluation,paper_v2_unseen_final_after_noisy_dev_decision_lock,8eb56fe7be9e58e0816414d7340608453f4b6cad4f732e9e523a95b2bf9c85c5,65f1bc32cc0acf2139e031da38881a641be0b043c975ce9d0303ca3ec1ca582c,ccaeadc332fb38449fc6063143b190b1498e49dd2d6e39dd471a2174ab5aca8d
vivos_aggregate,results_by_noise_type.csv,legacy_exposed_vivos_300/noise_type=music,paper_v2_locked_vivos_460/noise_type=music,dataset=vivos;model=whisper;model_size=base;train_type=zero_shot;lambda=<blank>;seed=42;noise_type=music,wer,rate,0.4636341522743858,0.4896528134085856,,not_comparable_scope,delta withheld: legacy VIVOS uses 300 exposed source utterances; paper-v2 uses the disjoint 460-utterance locked test and MUSAN-test noise,44,36,394,582,a70139c89cbd123b8d0646588b4c7e3dc8c26abf0559cdac6772337d6d1bcfa6,89712f4873a6de7fb84f912d2380419fc48f56c7499ebed5f62528c749a2a146,legacy_v1_exposed_test_selection_and_evaluation,paper_v2_unseen_final_after_noisy_dev_decision_lock,8eb56fe7be9e58e0816414d7340608453f4b6cad4f732e9e523a95b2bf9c85c5,65f1bc32cc0acf2139e031da38881a641be0b043c975ce9d0303ca3ec1ca582c,ccaeadc332fb38449fc6063143b190b1498e49dd2d6e39dd471a2174ab5aca8d
vivos_aggregate,results_by_noise_type.csv,legacy_exposed_vivos_300/noise_type=noise,paper_v2_locked_vivos_460/noise_type=noise,dataset=vivos;model=whisper;model_size=base;train_type=zero_shot;lambda=<blank>;seed=42;noise_type=noise,cer,rate,0.2400565230040314,0.28167467398764584,,not_comparable_scope,delta withheld: legacy VIVOS uses 300 exposed source utterances; paper-v2 uses the disjoint 460-utterance locked test and MUSAN-test noise,44,36,556,837,a70139c89cbd123b8d0646588b4c7e3dc8c26abf0559cdac6772337d6d1bcfa6,89712f4873a6de7fb84f912d2380419fc48f56c7499ebed5f62528c749a2a146,legacy_v1_exposed_test_selection_and_evaluation,paper_v2_unseen_final_after_noisy_dev_decision_lock,8eb56fe7be9e58e0816414d7340608453f4b6cad4f732e9e523a95b2bf9c85c5,65f1bc32cc0acf2139e031da38881a641be0b043c975ce9d0303ca3ec1ca582c,ccaeadc332fb38449fc6063143b190b1498e49dd2d6e39dd471a2174ab5aca8d
vivos_aggregate,results_by_noise_type.csv,legacy_exposed_vivos_300/noise_type=noise,paper_v2_locked_vivos_460/noise_type=noise,dataset=vivos;model=whisper;model_size=base;train_type=zero_shot;lambda=<blank>;seed=42;noise_type=noise,der,rate,0.03296703296703297,0.037911983234901886,,not_comparable_scope,delta withheld: legacy VIVOS uses 300 exposed source utterances; paper-v2 uses the disjoint 460-utterance locked test and MUSAN-test noise,44,36,556,837,a70139c89cbd123b8d0646588b4c7e3dc8c26abf0559cdac6772337d6d1bcfa6,89712f4873a6de7fb84f912d2380419fc48f56c7499ebed5f62528c749a2a146,legacy_v1_exposed_test_selection_and_evaluation,paper_v2_unseen_final_after_noisy_dev_decision_lock,8eb56fe7be9e58e0816414d7340608453f4b6cad4f732e9e523a95b2bf9c85c5,65f1bc32cc0acf2139e031da38881a641be0b043c975ce9d0303ca3ec1ca582c,ccaeadc332fb38449fc6063143b190b1498e49dd2d6e39dd471a2174ab5aca8d
vivos_aggregate,results_by_noise_type.csv,legacy_exposed_vivos_300/noise_type=noise,paper_v2_locked_vivos_460/noise_type=noise,dataset=vivos;model=whisper;model_size=base;train_type=zero_shot;lambda=<blank>;seed=42;noise_type=noise,fcer,rate,0.342042755344418,0.3481799683472756,,not_comparable_scope,delta withheld: legacy VIVOS uses 300 exposed source utterances; paper-v2 uses the disjoint 460-utterance locked test and MUSAN-test noise,44,36,556,837,a70139c89cbd123b8d0646588b4c7e3dc8c26abf0559cdac6772337d6d1bcfa6,89712f4873a6de7fb84f912d2380419fc48f56c7499ebed5f62528c749a2a146,legacy_v1_exposed_test_selection_and_evaluation,paper_v2_unseen_final_after_noisy_dev_decision_lock,8eb56fe7be9e58e0816414d7340608453f4b6cad4f732e9e523a95b2bf9c85c5,65f1bc32cc0acf2139e031da38881a641be0b043c975ce9d0303ca3ec1ca582c,ccaeadc332fb38449fc6063143b190b1498e49dd2d6e39dd471a2174ab5aca8d
vivos_aggregate,results_by_noise_type.csv,legacy_exposed_vivos_300/noise_type=noise,paper_v2_locked_vivos_460/noise_type=noise,dataset=vivos;model=whisper;model_size=base;train_type=zero_shot;lambda=<blank>;seed=42;noise_type=noise,swdr,rate,0.010380622837370242,0.038461538461538464,,not_comparable_scope,delta withheld: legacy VIVOS uses 300 exposed source utterances; paper-v2 uses the disjoint 460-utterance locked test and MUSAN-test noise,44,36,556,837,a70139c89cbd123b8d0646588b4c7e3dc8c26abf0559cdac6772337d6d1bcfa6,89712f4873a6de7fb84f912d2380419fc48f56c7499ebed5f62528c749a2a146,legacy_v1_exposed_test_selection_and_evaluation,paper_v2_unseen_final_after_noisy_dev_decision_lock,8eb56fe7be9e58e0816414d7340608453f4b6cad4f732e9e523a95b2bf9c85c5,65f1bc32cc0acf2139e031da38881a641be0b043c975ce9d0303ca3ec1ca582c,ccaeadc332fb38449fc6063143b190b1498e49dd2d6e39dd471a2174ab5aca8d
vivos_aggregate,results_by_noise_type.csv,legacy_exposed_vivos_300/noise_type=noise,paper_v2_locked_vivos_460/noise_type=noise,dataset=vivos;model=whisper;model_size=base;train_type=zero_shot;lambda=<blank>;seed=42;noise_type=noise,ter,rate,0.11173184357541899,0.11547169811320755,,not_comparable_scope,delta withheld: legacy VIVOS uses 300 exposed source utterances; paper-v2 uses the disjoint 460-utterance locked test and MUSAN-test noise,44,36,556,837,a70139c89cbd123b8d0646588b4c7e3dc8c26abf0559cdac6772337d6d1bcfa6,89712f4873a6de7fb84f912d2380419fc48f56c7499ebed5f62528c749a2a146,legacy_v1_exposed_test_selection_and_evaluation,paper_v2_unseen_final_after_noisy_dev_decision_lock,8eb56fe7be9e58e0816414d7340608453f4b6cad4f732e9e523a95b2bf9c85c5,65f1bc32cc0acf2139e031da38881a641be0b043c975ce9d0303ca3ec1ca582c,ccaeadc332fb38449fc6063143b190b1498e49dd2d6e39dd471a2174ab5aca8d
vivos_aggregate,results_by_noise_type.csv,legacy_exposed_vivos_300/noise_type=noise,paper_v2_locked_vivos_460/noise_type=noise,dataset=vivos;model=whisper;model_size=base;train_type=zero_shot;lambda=<blank>;seed=42;noise_type=noise,wer,rate,0.45654468684025334,0.49292976510459274,,not_comparable_scope,delta withheld: legacy VIVOS uses 300 exposed source utterances; paper-v2 uses the disjoint 460-utterance locked test and MUSAN-test noise,44,36,556,837,a70139c89cbd123b8d0646588b4c7e3dc8c26abf0559cdac6772337d6d1bcfa6,89712f4873a6de7fb84f912d2380419fc48f56c7499ebed5f62528c749a2a146,legacy_v1_exposed_test_selection_and_evaluation,paper_v2_unseen_final_after_noisy_dev_decision_lock,8eb56fe7be9e58e0816414d7340608453f4b6cad4f732e9e523a95b2bf9c85c5,65f1bc32cc0acf2139e031da38881a641be0b043c975ce9d0303ca3ec1ca582c,ccaeadc332fb38449fc6063143b190b1498e49dd2d6e39dd471a2174ab5aca8d
vivos_aggregate,results_by_noise_type.csv,legacy_exposed_vivos_300/noise_type=speech,paper_v2_locked_vivos_460/noise_type=speech,dataset=vivos;model=whisper;model_size=base;train_type=zero_shot;lambda=<blank>;seed=42;noise_type=speech,cer,rate,0.5729987355315631,0.5975521557719055,,not_comparable_scope,delta withheld: legacy VIVOS uses 300 exposed source utterances; paper-v2 uses the disjoint 460-utterance locked test and MUSAN-test noise,44,36,250,421,a70139c89cbd123b8d0646588b4c7e3dc8c26abf0559cdac6772337d6d1bcfa6,89712f4873a6de7fb84f912d2380419fc48f56c7499ebed5f62528c749a2a146,legacy_v1_exposed_test_selection_and_evaluation,paper_v2_unseen_final_after_noisy_dev_decision_lock,8eb56fe7be9e58e0816414d7340608453f4b6cad4f732e9e523a95b2bf9c85c5,65f1bc32cc0acf2139e031da38881a641be0b043c975ce9d0303ca3ec1ca582c,ccaeadc332fb38449fc6063143b190b1498e49dd2d6e39dd471a2174ab5aca8d
vivos_aggregate,results_by_noise_type.csv,legacy_exposed_vivos_300/noise_type=speech,paper_v2_locked_vivos_460/noise_type=speech,dataset=vivos;model=whisper;model_size=base;train_type=zero_shot;lambda=<blank>;seed=42;noise_type=speech,der,rate,0.04669260700389105,0.03668413530252501,,not_comparable_scope,delta withheld: legacy VIVOS uses 300 exposed source utterances; paper-v2 uses the disjoint 460-utterance locked test and MUSAN-test noise,44,36,250,421,a70139c89cbd123b8d0646588b4c7e3dc8c26abf0559cdac6772337d6d1bcfa6,89712f4873a6de7fb84f912d2380419fc48f56c7499ebed5f62528c749a2a146,legacy_v1_exposed_test_selection_and_evaluation,paper_v2_unseen_final_after_noisy_dev_decision_lock,8eb56fe7be9e58e0816414d7340608453f4b6cad4f732e9e523a95b2bf9c85c5,65f1bc32cc0acf2139e031da38881a641be0b043c975ce9d0303ca3ec1ca582c,ccaeadc332fb38449fc6063143b190b1498e49dd2d6e39dd471a2174ab5aca8d
vivos_aggregate,results_by_noise_type.csv,legacy_exposed_vivos_300/noise_type=speech,paper_v2_locked_vivos_460/noise_type=speech,dataset=vivos;model=whisper;model_size=base;train_type=zero_shot;lambda=<blank>;seed=42;noise_type=speech,fcer,rate,0.4606918238993711,0.488195991091314,,not_comparable_scope,delta withheld: legacy VIVOS uses 300 exposed source utterances; paper-v2 uses the disjoint 460-utterance locked test and MUSAN-test noise,44,36,250,421,a70139c89cbd123b8d0646588b4c7e3dc8c26abf0559cdac6772337d6d1bcfa6,89712f4873a6de7fb84f912d2380419fc48f56c7499ebed5f62528c749a2a146,legacy_v1_exposed_test_selection_and_evaluation,paper_v2_unseen_final_after_noisy_dev_decision_lock,8eb56fe7be9e58e0816414d7340608453f4b6cad4f732e9e523a95b2bf9c85c5,65f1bc32cc0acf2139e031da38881a641be0b043c975ce9d0303ca3ec1ca582c,ccaeadc332fb38449fc6063143b190b1498e49dd2d6e39dd471a2174ab5aca8d
vivos_aggregate,results_by_noise_type.csv,legacy_exposed_vivos_300/noise_type=speech,paper_v2_locked_vivos_460/noise_type=speech,dataset=vivos;model=whisper;model_size=base;train_type=zero_shot;lambda=<blank>;seed=42;noise_type=speech,swdr,rate,0.0423728813559322,0.03398058252427184,,not_comparable_scope,delta withheld: legacy VIVOS uses 300 exposed source utterances; paper-v2 uses the disjoint 460-utterance locked test and MUSAN-test noise,44,36,250,421,a70139c89cbd123b8d0646588b4c7e3dc8c26abf0559cdac6772337d6d1bcfa6,89712f4873a6de7fb84f912d2380419fc48f56c7499ebed5f62528c749a2a146,legacy_v1_exposed_test_selection_and_evaluation,paper_v2_unseen_final_after_noisy_dev_decision_lock,8eb56fe7be9e58e0816414d7340608453f4b6cad4f732e9e523a95b2bf9c85c5,65f1bc32cc0acf2139e031da38881a641be0b043c975ce9d0303ca3ec1ca582c,ccaeadc332fb38449fc6063143b190b1498e49dd2d6e39dd471a2174ab5aca8d
vivos_aggregate,results_by_noise_type.csv,legacy_exposed_vivos_300/noise_type=speech,paper_v2_locked_vivos_460/noise_type=speech,dataset=vivos;model=whisper;model_size=base;train_type=zero_shot;lambda=<blank>;seed=42;noise_type=speech,ter,rate,0.16605166051660517,0.19188354653727394,,not_comparable_scope,delta withheld: legacy VIVOS uses 300 exposed source utterances; paper-v2 uses the disjoint 460-utterance locked test and MUSAN-test noise,44,36,250,421,a70139c89cbd123b8d0646588b4c7e3dc8c26abf0559cdac6772337d6d1bcfa6,89712f4873a6de7fb84f912d2380419fc48f56c7499ebed5f62528c749a2a146,legacy_v1_exposed_test_selection_and_evaluation,paper_v2_unseen_final_after_noisy_dev_decision_lock,8eb56fe7be9e58e0816414d7340608453f4b6cad4f732e9e523a95b2bf9c85c5,65f1bc32cc0acf2139e031da38881a641be0b043c975ce9d0303ca3ec1ca582c,ccaeadc332fb38449fc6063143b190b1498e49dd2d6e39dd471a2174ab5aca8d
vivos_aggregate,results_by_noise_type.csv,legacy_exposed_vivos_300/noise_type=speech,paper_v2_locked_vivos_460/noise_type=speech,dataset=vivos;model=whisper;model_size=base;train_type=zero_shot;lambda=<blank>;seed=42;noise_type=speech,wer,rate,0.7847533632286996,0.8557601510859302,,not_comparable_scope,delta withheld: legacy VIVOS uses 300 exposed source utterances; paper-v2 uses the disjoint 460-utterance locked test and MUSAN-test noise,44,36,250,421,a70139c89cbd123b8d0646588b4c7e3dc8c26abf0559cdac6772337d6d1bcfa6,89712f4873a6de7fb84f912d2380419fc48f56c7499ebed5f62528c749a2a146,legacy_v1_exposed_test_selection_and_evaluation,paper_v2_unseen_final_after_noisy_dev_decision_lock,8eb56fe7be9e58e0816414d7340608453f4b6cad4f732e9e523a95b2bf9c85c5,65f1bc32cc0acf2139e031da38881a641be0b043c975ce9d0303ca3ec1ca582c,ccaeadc332fb38449fc6063143b190b1498e49dd2d6e39dd471a2174ab5aca8d
vivos_aggregate,results_by_noise_type.csv,legacy_exposed_vivos_300/noise_type=clean,paper_v2_locked_vivos_460/noise_type=clean,dataset=vivos;model=whisper;model_size=small;train_type=zero_shot;lambda=<blank>;seed=42;noise_type=clean,cer,rate,0.15819121845821438,0.12522713506965474,,not_comparable_scope,delta withheld: legacy VIVOS uses 300 exposed source utterances; paper-v2 uses the disjoint 460-utterance locked test and MUSAN-test noise,44,36,300,460,a70139c89cbd123b8d0646588b4c7e3dc8c26abf0559cdac6772337d6d1bcfa6,89712f4873a6de7fb84f912d2380419fc48f56c7499ebed5f62528c749a2a146,legacy_v1_exposed_test_selection_and_evaluation,paper_v2_unseen_final_after_noisy_dev_decision_lock,8eb56fe7be9e58e0816414d7340608453f4b6cad4f732e9e523a95b2bf9c85c5,65f1bc32cc0acf2139e031da38881a641be0b043c975ce9d0303ca3ec1ca582c,ccaeadc332fb38449fc6063143b190b1498e49dd2d6e39dd471a2174ab5aca8d
vivos_aggregate,results_by_noise_type.csv,legacy_exposed_vivos_300/noise_type=clean,paper_v2_locked_vivos_460/noise_type=clean,dataset=vivos;model=whisper;model_size=small;train_type=zero_shot;lambda=<blank>;seed=42;noise_type=clean,der,rate,0.020432692307692308,0.019230769230769232,,not_comparable_scope,delta withheld: legacy VIVOS uses 300 exposed source utterances; paper-v2 uses the disjoint 460-utterance locked test and MUSAN-test noise,44,36,300,460,a70139c89cbd123b8d0646588b4c7e3dc8c26abf0559cdac6772337d6d1bcfa6,89712f4873a6de7fb84f912d2380419fc48f56c7499ebed5f62528c749a2a146,legacy_v1_exposed_test_selection_and_evaluation,paper_v2_unseen_final_after_noisy_dev_decision_lock,8eb56fe7be9e58e0816414d7340608453f4b6cad4f732e9e523a95b2bf9c85c5,65f1bc32cc0acf2139e031da38881a641be0b043c975ce9d0303ca3ec1ca582c,ccaeadc332fb38449fc6063143b190b1498e49dd2d6e39dd471a2174ab5aca8d
vivos_aggregate,results_by_noise_type.csv,legacy_exposed_vivos_300/noise_type=clean,paper_v2_locked_vivos_460/noise_type=clean,dataset=vivos;model=whisper;model_size=small;train_type=zero_shot;lambda=<blank>;seed=42;noise_type=clean,fcer,rate,0.16091205211726384,0.15268817204301074,,not_comparable_scope,delta withheld: legacy VIVOS uses 300 exposed source utterances; paper-v2 uses the disjoint 460-utterance locked test and MUSAN-test noise,44,36,300,460,a70139c89cbd123b8d0646588b4c7e3dc8c26abf0559cdac6772337d6d1bcfa6,89712f4873a6de7fb84f912d2380419fc48f56c7499ebed5f62528c749a2a146,legacy_v1_exposed_test_selection_and_evaluation,paper_v2_unseen_final_after_noisy_dev_decision_lock,8eb56fe7be9e58e0816414d7340608453f4b6cad4f732e9e523a95b2bf9c85c5,65f1bc32cc0acf2139e031da38881a641be0b043c975ce9d0303ca3ec1ca582c,ccaeadc332fb38449fc6063143b190b1498e49dd2d6e39dd471a2174ab5aca8d
vivos_aggregate,results_by_noise_type.csv,legacy_exposed_vivos_300/noise_type=clean,paper_v2_locked_vivos_460/noise_type=clean,dataset=vivos;model=whisper;model_size=small;train_type=zero_shot;lambda=<blank>;seed=42;noise_type=clean,swdr,rate,0.020134228187919462,0.02643171806167401,,not_comparable_scope,delta withheld: legacy VIVOS uses 300 exposed source utterances; paper-v2 uses the disjoint 460-utterance locked test and MUSAN-test noise,44,36,300,460,a70139c89cbd123b8d0646588b4c7e3dc8c26abf0559cdac6772337d6d1bcfa6,89712f4873a6de7fb84f912d2380419fc48f56c7499ebed5f62528c749a2a146,legacy_v1_exposed_test_selection_and_evaluation,paper_v2_unseen_final_after_noisy_dev_decision_lock,8eb56fe7be9e58e0816414d7340608453f4b6cad4f732e9e523a95b2bf9c85c5,65f1bc32cc0acf2139e031da38881a641be0b043c975ce9d0303ca3ec1ca582c,ccaeadc332fb38449fc6063143b190b1498e49dd2d6e39dd471a2174ab5aca8d
vivos_aggregate,results_by_noise_type.csv,legacy_exposed_vivos_300/noise_type=clean,paper_v2_locked_vivos_460/noise_type=clean,dataset=vivos;model=whisper;model_size=small;train_type=zero_shot;lambda=<blank>;seed=42;noise_type=clean,ter,rate,0.06613545816733067,0.06183932346723044,,not_comparable_scope,delta withheld: legacy VIVOS uses 300 exposed source utterances; paper-v2 uses the disjoint 460-utterance locked test and MUSAN-test noise,44,36,300,460,a70139c89cbd123b8d0646588b4c7e3dc8c26abf0559cdac6772337d6d1bcfa6,89712f4873a6de7fb84f912d2380419fc48f56c7499ebed5f62528c749a2a146,legacy_v1_exposed_test_selection_and_evaluation,paper_v2_unseen_final_after_noisy_dev_decision_lock,8eb56fe7be9e58e0816414d7340608453f4b6cad4f732e9e523a95b2bf9c85c5,65f1bc32cc0acf2139e031da38881a641be0b043c975ce9d0303ca3ec1ca582c,ccaeadc332fb38449fc6063143b190b1498e49dd2d6e39dd471a2174ab5aca8d
vivos_aggregate,results_by_noise_type.csv,legacy_exposed_vivos_300/noise_type=clean,paper_v2_locked_vivos_460/noise_type=clean,dataset=vivos;model=whisper;model_size=small;train_type=zero_shot;lambda=<blank>;seed=42;noise_type=clean,wer,rate,0.28118876551273675,0.24549356223175967,,not_comparable_scope,delta withheld: legacy VIVOS uses 300 exposed source utterances; paper-v2 uses the disjoint 460-utterance locked test and MUSAN-test noise,44,36,300,460,a70139c89cbd123b8d0646588b4c7e3dc8c26abf0559cdac6772337d6d1bcfa6,89712f4873a6de7fb84f912d2380419fc48f56c7499ebed5f62528c749a2a146,legacy_v1_exposed_test_selection_and_evaluation,paper_v2_unseen_final_after_noisy_dev_decision_lock,8eb56fe7be9e58e0816414d7340608453f4b6cad4f732e9e523a95b2bf9c85c5,65f1bc32cc0acf2139e031da38881a641be0b043c975ce9d0303ca3ec1ca582c,ccaeadc332fb38449fc6063143b190b1498e49dd2d6e39dd471a2174ab5aca8d
vivos_aggregate,results_by_noise_type.csv,legacy_exposed_vivos_300/noise_type=music,paper_v2_locked_vivos_460/noise_type=music,dataset=vivos;model=whisper;model_size=small;train_type=zero_shot;lambda=<blank>;seed=42;noise_type=music,cer,rate,0.141076940665371,0.154177398583387,,not_comparable_scope,delta withheld: legacy VIVOS uses 300 exposed source utterances; paper-v2 uses the disjoint 460-utterance locked test and MUSAN-test noise,44,36,394,582,a70139c89cbd123b8d0646588b4c7e3dc8c26abf0559cdac6772337d6d1bcfa6,89712f4873a6de7fb84f912d2380419fc48f56c7499ebed5f62528c749a2a146,legacy_v1_exposed_test_selection_and_evaluation,paper_v2_unseen_final_after_noisy_dev_decision_lock,8eb56fe7be9e58e0816414d7340608453f4b6cad4f732e9e523a95b2bf9c85c5,65f1bc32cc0acf2139e031da38881a641be0b043c975ce9d0303ca3ec1ca582c,ccaeadc332fb38449fc6063143b190b1498e49dd2d6e39dd471a2174ab5aca8d
vivos_aggregate,results_by_noise_type.csv,legacy_exposed_vivos_300/noise_type=music,paper_v2_locked_vivos_460/noise_type=music,dataset=vivos;model=whisper;model_size=small;train_type=zero_shot;lambda=<blank>;seed=42;noise_type=music,der,rate,0.0215962441314554,0.022166930558697128,,not_comparable_scope,delta withheld: legacy VIVOS uses 300 exposed source utterances; paper-v2 uses the disjoint 460-utterance locked test and MUSAN-test noise,44,36,394,582,a70139c89cbd123b8d0646588b4c7e3dc8c26abf0559cdac6772337d6d1bcfa6,89712f4873a6de7fb84f912d2380419fc48f56c7499ebed5f62528c749a2a146,legacy_v1_exposed_test_selection_and_evaluation,paper_v2_unseen_final_after_noisy_dev_decision_lock,8eb56fe7be9e58e0816414d7340608453f4b6cad4f732e9e523a95b2bf9c85c5,65f1bc32cc0acf2139e031da38881a641be0b043c975ce9d0303ca3ec1ca582c,ccaeadc332fb38449fc6063143b190b1498e49dd2d6e39dd471a2174ab5aca8d
vivos_aggregate,results_by_noise_type.csv,legacy_exposed_vivos_300/noise_type=music,paper_v2_locked_vivos_460/noise_type=music,dataset=vivos;model=whisper;model_size=small;train_type=zero_shot;lambda=<blank>;seed=42;noise_type=music,fcer,rate,0.20683111954459202,0.2092245989304813,,not_comparable_scope,delta withheld: legacy VIVOS uses 300 exposed source utterances; paper-v2 uses the disjoint 460-utterance locked test and MUSAN-test noise,44,36,394,582,a70139c89cbd123b8d0646588b4c7e3dc8c26abf0559cdac6772337d6d1bcfa6,89712f4873a6de7fb84f912d2380419fc48f56c7499ebed5f62528c749a2a146,legacy_v1_exposed_test_selection_and_evaluation,paper_v2_unseen_final_after_noisy_dev_decision_lock,8eb56fe7be9e58e0816414d7340608453f4b6cad4f732e9e523a95b2bf9c85c5,65f1bc32cc0acf2139e031da38881a641be0b043c975ce9d0303ca3ec1ca582c,ccaeadc332fb38449fc6063143b190b1498e49dd2d6e39dd471a2174ab5aca8d
vivos_aggregate,results_by_noise_type.csv,legacy_exposed_vivos_300/noise_type=music,paper_v2_locked_vivos_460/noise_type=music,dataset=vivos;model=whisper;model_size=small;train_type=zero_shot;lambda=<blank>;seed=42;noise_type=music,swdr,rate,0.010582010582010581,0.017482517482517484,,not_comparable_scope,delta withheld: legacy VIVOS uses 300 exposed source utterances; paper-v2 uses the disjoint 460-utterance locked test and MUSAN-test noise,44,36,394,582,a70139c89cbd123b8d0646588b4c7e3dc8c26abf0559cdac6772337d6d1bcfa6,89712f4873a6de7fb84f912d2380419fc48f56c7499ebed5f62528c749a2a146,legacy_v1_exposed_test_selection_and_evaluation,paper_v2_unseen_final_after_noisy_dev_decision_lock,8eb56fe7be9e58e0816414d7340608453f4b6cad4f732e9e523a95b2bf9c85c5,65f1bc32cc0acf2139e031da38881a641be0b043c975ce9d0303ca3ec1ca582c,ccaeadc332fb38449fc6063143b190b1498e49dd2d6e39dd471a2174ab5aca8d
vivos_aggregate,results_by_noise_type.csv,legacy_exposed_vivos_300/noise_type=music,paper_v2_locked_vivos_460/noise_type=music,dataset=vivos;model=whisper;model_size=small;train_type=zero_shot;lambda=<blank>;seed=42;noise_type=music,ter,rate,0.06427457098283931,0.06466097889537495,,not_comparable_scope,delta withheld: legacy VIVOS uses 300 exposed source utterances; paper-v2 uses the disjoint 460-utterance locked test and MUSAN-test noise,44,36,394,582,a70139c89cbd123b8d0646588b4c7e3dc8c26abf0559cdac6772337d6d1bcfa6,89712f4873a6de7fb84f912d2380419fc48f56c7499ebed5f62528c749a2a146,legacy_v1_exposed_test_selection_and_evaluation,paper_v2_unseen_final_after_noisy_dev_decision_lock,8eb56fe7be9e58e0816414d7340608453f4b6cad4f732e9e523a95b2bf9c85c5,65f1bc32cc0acf2139e031da38881a641be0b043c975ce9d0303ca3ec1ca582c,ccaeadc332fb38449fc6063143b190b1498e49dd2d6e39dd471a2174ab5aca8d
vivos_aggregate,results_by_noise_type.csv,legacy_exposed_vivos_300/noise_type=music,paper_v2_locked_vivos_460/noise_type=music,dataset=vivos;model=whisper;model_size=small;train_type=zero_shot;lambda=<blank>;seed=42;noise_type=music,wer,rate,0.27535879348090486,0.29160253121258767,,not_comparable_scope,delta withheld: legacy VIVOS uses 300 exposed source utterances; paper-v2 uses the disjoint 460-utterance locked test and MUSAN-test noise,44,36,394,582,a70139c89cbd123b8d0646588b4c7e3dc8c26abf0559cdac6772337d6d1bcfa6,89712f4873a6de7fb84f912d2380419fc48f56c7499ebed5f62528c749a2a146,legacy_v1_exposed_test_selection_and_evaluation,paper_v2_unseen_final_after_noisy_dev_decision_lock,8eb56fe7be9e58e0816414d7340608453f4b6cad4f732e9e523a95b2bf9c85c5,65f1bc32cc0acf2139e031da38881a641be0b043c975ce9d0303ca3ec1ca582c,ccaeadc332fb38449fc6063143b190b1498e49dd2d6e39dd471a2174ab5aca8d
vivos_aggregate,results_by_noise_type.csv,legacy_exposed_vivos_300/noise_type=noise,paper_v2_locked_vivos_460/noise_type=noise,dataset=vivos;model=whisper;model_size=small;train_type=zero_shot;lambda=<blank>;seed=42;noise_type=noise,cer,rate,0.16433232201487885,0.16741249142072753,,not_comparable_scope,delta withheld: legacy VIVOS uses 300 exposed source utterances; paper-v2 uses the disjoint 460-utterance locked test and MUSAN-test noise,44,36,556,837,a70139c89cbd123b8d0646588b4c7e3dc8c26abf0559cdac6772337d6d1bcfa6,89712f4873a6de7fb84f912d2380419fc48f56c7499ebed5f62528c749a2a146,legacy_v1_exposed_test_selection_and_evaluation,paper_v2_unseen_final_after_noisy_dev_decision_lock,8eb56fe7be9e58e0816414d7340608453f4b6cad4f732e9e523a95b2bf9c85c5,65f1bc32cc0acf2139e031da38881a641be0b043c975ce9d0303ca3ec1ca582c,ccaeadc332fb38449fc6063143b190b1498e49dd2d6e39dd471a2174ab5aca8d
vivos_aggregate,results_by_noise_type.csv,legacy_exposed_vivos_300/noise_type=noise,paper_v2_locked_vivos_460/noise_type=noise,dataset=vivos;model=whisper;model_size=small;train_type=zero_shot;lambda=<blank>;seed=42;noise_type=noise,der,rate,0.025090415913200725,0.021407669798244263,,not_comparable_scope,delta withheld: legacy VIVOS uses 300 exposed source utterances; paper-v2 uses the disjoint 460-utterance locked test and MUSAN-test noise,44,36,556,837,a70139c89cbd123b8d0646588b4c7e3dc8c26abf0559cdac6772337d6d1bcfa6,89712f4873a6de7fb84f912d2380419fc48f56c7499ebed5f62528c749a2a146,legacy_v1_exposed_test_selection_and_evaluation,paper_v2_unseen_final_after_noisy_dev_decision_lock,8eb56fe7be9e58e0816414d7340608453f4b6cad4f732e9e523a95b2bf9c85c5,65f1bc32cc0acf2139e031da38881a641be0b043c975ce9d0303ca3ec1ca582c,ccaeadc332fb38449fc6063143b190b1498e49dd2d6e39dd471a2174ab5aca8d
vivos_aggregate,results_by_noise_type.csv,legacy_exposed_vivos_300/noise_type=noise,paper_v2_locked_vivos_460/noise_type=noise,dataset=vivos;model=whisper;model_size=small;train_type=zero_shot;lambda=<blank>;seed=42;noise_type=noise,fcer,rate,0.19681771013490143,0.19693450998606596,,not_comparable_scope,delta withheld: legacy VIVOS uses 300 exposed source utterances; paper-v2 uses the disjoint 460-utterance locked test and MUSAN-test noise,44,36,556,837,a70139c89cbd123b8d0646588b4c7e3dc8c26abf0559cdac6772337d6d1bcfa6,89712f4873a6de7fb84f912d2380419fc48f56c7499ebed5f62528c749a2a146,legacy_v1_exposed_test_selection_and_evaluation,paper_v2_unseen_final_after_noisy_dev_decision_lock,8eb56fe7be9e58e0816414d7340608453f4b6cad4f732e9e523a95b2bf9c85c5,65f1bc32cc0acf2139e031da38881a641be0b043c975ce9d0303ca3ec1ca582c,ccaeadc332fb38449fc6063143b190b1498e49dd2d6e39dd471a2174ab5aca8d
vivos_aggregate,results_by_noise_type.csv,legacy_exposed_vivos_300/noise_type=noise,paper_v2_locked_vivos_460/noise_type=noise,dataset=vivos;model=whisper;model_size=small;train_type=zero_shot;lambda=<blank>;seed=42;noise_type=noise,swdr,rate,0.01384083044982699,0.038461538461538464,,not_comparable_scope,delta withheld: legacy VIVOS uses 300 exposed source utterances; paper-v2 uses the disjoint 460-utterance locked test and MUSAN-test noise,44,36,556,837,a70139c89cbd123b8d0646588b4c7e3dc8c26abf0559cdac6772337d6d1bcfa6,89712f4873a6de7fb84f912d2380419fc48f56c7499ebed5f62528c749a2a146,legacy_v1_exposed_test_selection_and_evaluation,paper_v2_unseen_final_after_noisy_dev_decision_lock,8eb56fe7be9e58e0816414d7340608453f4b6cad4f732e9e523a95b2bf9c85c5,65f1bc32cc0acf2139e031da38881a641be0b043c975ce9d0303ca3ec1ca582c,ccaeadc332fb38449fc6063143b190b1498e49dd2d6e39dd471a2174ab5aca8d
vivos_aggregate,results_by_noise_type.csv,legacy_exposed_vivos_300/noise_type=noise,paper_v2_locked_vivos_460/noise_type=noise,dataset=vivos;model=whisper;model_size=small;train_type=zero_shot;lambda=<blank>;seed=42;noise_type=noise,ter,rate,0.06644067796610169,0.06212882594792143,,not_comparable_scope,delta withheld: legacy VIVOS uses 300 exposed source utterances; paper-v2 uses the disjoint 460-utterance locked test and MUSAN-test noise,44,36,556,837,a70139c89cbd123b8d0646588b4c7e3dc8c26abf0559cdac6772337d6d1bcfa6,89712f4873a6de7fb84f912d2380419fc48f56c7499ebed5f62528c749a2a146,legacy_v1_exposed_test_selection_and_evaluation,paper_v2_unseen_final_after_noisy_dev_decision_lock,8eb56fe7be9e58e0816414d7340608453f4b6cad4f732e9e523a95b2bf9c85c5,65f1bc32cc0acf2139e031da38881a641be0b043c975ce9d0303ca3ec1ca582c,ccaeadc332fb38449fc6063143b190b1498e49dd2d6e39dd471a2174ab5aca8d
vivos_aggregate,results_by_noise_type.csv,legacy_exposed_vivos_300/noise_type=noise,paper_v2_locked_vivos_460/noise_type=noise,dataset=vivos;model=whisper;model_size=small;train_type=zero_shot;lambda=<blank>;seed=42;noise_type=noise,wer,rate,0.30154820548909217,0.30489657590276964,,not_comparable_scope,delta withheld: legacy VIVOS uses 300 exposed source utterances; paper-v2 uses the disjoint 460-utterance locked test and MUSAN-test noise,44,36,556,837,a70139c89cbd123b8d0646588b4c7e3dc8c26abf0559cdac6772337d6d1bcfa6,89712f4873a6de7fb84f912d2380419fc48f56c7499ebed5f62528c749a2a146,legacy_v1_exposed_test_selection_and_evaluation,paper_v2_unseen_final_after_noisy_dev_decision_lock,8eb56fe7be9e58e0816414d7340608453f4b6cad4f732e9e523a95b2bf9c85c5,65f1bc32cc0acf2139e031da38881a641be0b043c975ce9d0303ca3ec1ca582c,ccaeadc332fb38449fc6063143b190b1498e49dd2d6e39dd471a2174ab5aca8d
vivos_aggregate,results_by_noise_type.csv,legacy_exposed_vivos_300/noise_type=speech,paper_v2_locked_vivos_460/noise_type=speech,dataset=vivos;model=whisper;model_size=small;train_type=zero_shot;lambda=<blank>;seed=42;noise_type=speech,cer,rate,0.34889602178776385,0.2763838664812239,,not_comparable_scope,delta withheld: legacy VIVOS uses 300 exposed source utterances; paper-v2 uses the disjoint 460-utterance locked test and MUSAN-test noise,44,36,250,421,a70139c89cbd123b8d0646588b4c7e3dc8c26abf0559cdac6772337d6d1bcfa6,89712f4873a6de7fb84f912d2380419fc48f56c7499ebed5f62528c749a2a146,legacy_v1_exposed_test_selection_and_evaluation,paper_v2_unseen_final_after_noisy_dev_decision_lock,8eb56fe7be9e58e0816414d7340608453f4b6cad4f732e9e523a95b2bf9c85c5,65f1bc32cc0acf2139e031da38881a641be0b043c975ce9d0303ca3ec1ca582c,ccaeadc332fb38449fc6063143b190b1498e49dd2d6e39dd471a2174ab5aca8d
vivos_aggregate,results_by_noise_type.csv,legacy_exposed_vivos_300/noise_type=speech,paper_v2_locked_vivos_460/noise_type=speech,dataset=vivos;model=whisper;model_size=small;train_type=zero_shot;lambda=<blank>;seed=42;noise_type=speech,der,rate,0.02023809523809524,0.022082018927444796,,not_comparable_scope,delta withheld: legacy VIVOS uses 300 exposed source utterances; paper-v2 uses the disjoint 460-utterance locked test and MUSAN-test noise,44,36,250,421,a70139c89cbd123b8d0646588b4c7e3dc8c26abf0559cdac6772337d6d1bcfa6,89712f4873a6de7fb84f912d2380419fc48f56c7499ebed5f62528c749a2a146,legacy_v1_exposed_test_selection_and_evaluation,paper_v2_unseen_final_after_noisy_dev_decision_lock,8eb56fe7be9e58e0816414d7340608453f4b6cad4f732e9e523a95b2bf9c85c5,65f1bc32cc0acf2139e031da38881a641be0b043c975ce9d0303ca3ec1ca582c,ccaeadc332fb38449fc6063143b190b1498e49dd2d6e39dd471a2174ab5aca8d
vivos_aggregate,results_by_noise_type.csv,legacy_exposed_vivos_300/noise_type=speech,paper_v2_locked_vivos_460/noise_type=speech,dataset=vivos;model=whisper;model_size=small;train_type=zero_shot;lambda=<blank>;seed=42;noise_type=speech,fcer,rate,0.30719482619240096,0.3162705667276051,,not_comparable_scope,delta withheld: legacy VIVOS uses 300 exposed source utterances; paper-v2 uses the disjoint 460-utterance locked test and MUSAN-test noise,44,36,250,421,a70139c89cbd123b8d0646588b4c7e3dc8c26abf0559cdac6772337d6d1bcfa6,89712f4873a6de7fb84f912d2380419fc48f56c7499ebed5f62528c749a2a146,legacy_v1_exposed_test_selection_and_evaluation,paper_v2_unseen_final_after_noisy_dev_decision_lock,8eb56fe7be9e58e0816414d7340608453f4b6cad4f732e9e523a95b2bf9c85c5,65f1bc32cc0acf2139e031da38881a641be0b043c975ce9d0303ca3ec1ca582c,ccaeadc332fb38449fc6063143b190b1498e49dd2d6e39dd471a2174ab5aca8d
vivos_aggregate,results_by_noise_type.csv,legacy_exposed_vivos_300/noise_type=speech,paper_v2_locked_vivos_460/noise_type=speech,dataset=vivos;model=whisper;model_size=small;train_type=zero_shot;lambda=<blank>;seed=42;noise_type=speech,swdr,rate,0.01694915254237288,0.009708737864077669,,not_comparable_scope,delta withheld: legacy VIVOS uses 300 exposed source utterances; paper-v2 uses the disjoint 460-utterance locked test and MUSAN-test noise,44,36,250,421,a70139c89cbd123b8d0646588b4c7e3dc8c26abf0559cdac6772337d6d1bcfa6,89712f4873a6de7fb84f912d2380419fc48f56c7499ebed5f62528c749a2a146,legacy_v1_exposed_test_selection_and_evaluation,paper_v2_unseen_final_after_noisy_dev_decision_lock,8eb56fe7be9e58e0816414d7340608453f4b6cad4f732e9e523a95b2bf9c85c5,65f1bc32cc0acf2139e031da38881a641be0b043c975ce9d0303ca3ec1ca582c,ccaeadc332fb38449fc6063143b190b1498e49dd2d6e39dd471a2174ab5aca8d
vivos_aggregate,results_by_noise_type.csv,legacy_exposed_vivos_300/noise_type=speech,paper_v2_locked_vivos_460/noise_type=speech,dataset=vivos;model=whisper;model_size=small;train_type=zero_shot;lambda=<blank>;seed=42;noise_type=speech,ter,rate,0.08056042031523643,0.08521560574948665,,not_comparable_scope,delta withheld: legacy VIVOS uses 300 exposed source utterances; paper-v2 uses the disjoint 460-utterance locked test and MUSAN-test noise,44,36,250,421,a70139c89cbd123b8d0646588b4c7e3dc8c26abf0559cdac6772337d6d1bcfa6,89712f4873a6de7fb84f912d2380419fc48f56c7499ebed5f62528c749a2a146,legacy_v1_exposed_test_selection_and_evaluation,paper_v2_unseen_final_after_noisy_dev_decision_lock,8eb56fe7be9e58e0816414d7340608453f4b6cad4f732e9e523a95b2bf9c85c5,65f1bc32cc0acf2139e031da38881a641be0b043c975ce9d0303ca3ec1ca582c,ccaeadc332fb38449fc6063143b190b1498e49dd2d6e39dd471a2174ab5aca8d
vivos_aggregate,results_by_noise_type.csv,legacy_exposed_vivos_300/noise_type=speech,paper_v2_locked_vivos_460/noise_type=speech,dataset=vivos;model=whisper;model_size=small;train_type=zero_shot;lambda=<blank>;seed=42;noise_type=speech,wer,rate,0.5087647778230738,0.4442870632672332,,not_comparable_scope,delta withheld: legacy VIVOS uses 300 exposed source utterances; paper-v2 uses the disjoint 460-utterance locked test and MUSAN-test noise,44,36,250,421,a70139c89cbd123b8d0646588b4c7e3dc8c26abf0559cdac6772337d6d1bcfa6,89712f4873a6de7fb84f912d2380419fc48f56c7499ebed5f62528c749a2a146,legacy_v1_exposed_test_selection_and_evaluation,paper_v2_unseen_final_after_noisy_dev_decision_lock,8eb56fe7be9e58e0816414d7340608453f4b6cad4f732e9e523a95b2bf9c85c5,65f1bc32cc0acf2139e031da38881a641be0b043c975ce9d0303ca3ec1ca582c,ccaeadc332fb38449fc6063143b190b1498e49dd2d6e39dd471a2174ab5aca8d
vivos_aggregate,results_by_noise_type.csv,legacy_exposed_vivos_300/noise_type=clean,paper_v2_locked_vivos_460/noise_type=clean,dataset=vivos;model=whisper;model_size=tiny;train_type=zero_shot;lambda=<blank>;seed=42;noise_type=clean,cer,rate,0.24400030866579211,0.29547748839087423,,not_comparable_scope,delta withheld: legacy VIVOS uses 300 exposed source utterances; paper-v2 uses the disjoint 460-utterance locked test and MUSAN-test noise,44,36,300,460,a70139c89cbd123b8d0646588b4c7e3dc8c26abf0559cdac6772337d6d1bcfa6,89712f4873a6de7fb84f912d2380419fc48f56c7499ebed5f62528c749a2a146,legacy_v1_exposed_test_selection_and_evaluation,paper_v2_unseen_final_after_noisy_dev_decision_lock,8eb56fe7be9e58e0816414d7340608453f4b6cad4f732e9e523a95b2bf9c85c5,65f1bc32cc0acf2139e031da38881a641be0b043c975ce9d0303ca3ec1ca582c,ccaeadc332fb38449fc6063143b190b1498e49dd2d6e39dd471a2174ab5aca8d
vivos_aggregate,results_by_noise_type.csv,legacy_exposed_vivos_300/noise_type=clean,paper_v2_locked_vivos_460/noise_type=clean,dataset=vivos;model=whisper;model_size=tiny;train_type=zero_shot;lambda=<blank>;seed=42;noise_type=clean,der,rate,0.06220347917764892,0.05448601525608427,,not_comparable_scope,delta withheld: legacy VIVOS uses 300 exposed source utterances; paper-v2 uses the disjoint 460-utterance locked test and MUSAN-test noise,44,36,300,460,a70139c89cbd123b8d0646588b4c7e3dc8c26abf0559cdac6772337d6d1bcfa6,89712f4873a6de7fb84f912d2380419fc48f56c7499ebed5f62528c749a2a146,legacy_v1_exposed_test_selection_and_evaluation,paper_v2_unseen_final_after_noisy_dev_decision_lock,8eb56fe7be9e58e0816414d7340608453f4b6cad4f732e9e523a95b2bf9c85c5,65f1bc32cc0acf2139e031da38881a641be0b043c975ce9d0303ca3ec1ca582c,ccaeadc332fb38449fc6063143b190b1498e49dd2d6e39dd471a2174ab5aca8d
vivos_aggregate,results_by_noise_type.csv,legacy_exposed_vivos_300/noise_type=clean,paper_v2_locked_vivos_460/noise_type=clean,dataset=vivos;model=whisper;model_size=tiny;train_type=zero_shot;lambda=<blank>;seed=42;noise_type=clean,fcer,rate,0.3297536323436513,0.350920245398773,,not_comparable_scope,delta withheld: legacy VIVOS uses 300 exposed source utterances; paper-v2 uses the disjoint 460-utterance locked test and MUSAN-test noise,44,36,300,460,a70139c89cbd123b8d0646588b4c7e3dc8c26abf0559cdac6772337d6d1bcfa6,89712f4873a6de7fb84f912d2380419fc48f56c7499ebed5f62528c749a2a146,legacy_v1_exposed_test_selection_and_evaluation,paper_v2_unseen_final_after_noisy_dev_decision_lock,8eb56fe7be9e58e0816414d7340608453f4b6cad4f732e9e523a95b2bf9c85c5,65f1bc32cc0acf2139e031da38881a641be0b043c975ce9d0303ca3ec1ca582c,ccaeadc332fb38449fc6063143b190b1498e49dd2d6e39dd471a2174ab5aca8d
vivos_aggregate,results_by_noise_type.csv,legacy_exposed_vivos_300/noise_type=clean,paper_v2_locked_vivos_460/noise_type=clean,dataset=vivos;model=whisper;model_size=tiny;train_type=zero_shot;lambda=<blank>;seed=42;noise_type=clean,swdr,rate,0.026845637583892617,0.013215859030837005,,not_comparable_scope,delta withheld: legacy VIVOS uses 300 exposed source utterances; paper-v2 uses the disjoint 460-utterance locked test and MUSAN-test noise,44,36,300,460,a70139c89cbd123b8d0646588b4c7e3dc8c26abf0559cdac6772337d6d1bcfa6,89712f4873a6de7fb84f912d2380419fc48f56c7499ebed5f62528c749a2a146,legacy_v1_exposed_test_selection_and_evaluation,paper_v2_unseen_final_after_noisy_dev_decision_lock,8eb56fe7be9e58e0816414d7340608453f4b6cad4f732e9e523a95b2bf9c85c5,65f1bc32cc0acf2139e031da38881a641be0b043c975ce9d0303ca3ec1ca582c,ccaeadc332fb38449fc6063143b190b1498e49dd2d6e39dd471a2174ab5aca8d
vivos_aggregate,results_by_noise_type.csv,legacy_exposed_vivos_300/noise_type=clean,paper_v2_locked_vivos_460/noise_type=clean,dataset=vivos;model=whisper;model_size=tiny;train_type=zero_shot;lambda=<blank>;seed=42;noise_type=clean,ter,rate,0.11570247933884298,0.12013600302228938,,not_comparable_scope,delta withheld: legacy VIVOS uses 300 exposed source utterances; paper-v2 uses the disjoint 460-utterance locked test and MUSAN-test noise,44,36,300,460,a70139c89cbd123b8d0646588b4c7e3dc8c26abf0559cdac6772337d6d1bcfa6,89712f4873a6de7fb84f912d2380419fc48f56c7499ebed5f62528c749a2a146,legacy_v1_exposed_test_selection_and_evaluation,paper_v2_unseen_final_after_noisy_dev_decision_lock,8eb56fe7be9e58e0816414d7340608453f4b6cad4f732e9e523a95b2bf9c85c5,65f1bc32cc0acf2139e031da38881a641be0b043c975ce9d0303ca3ec1ca582c,ccaeadc332fb38449fc6063143b190b1498e49dd2d6e39dd471a2174ab5aca8d
vivos_aggregate,results_by_noise_type.csv,legacy_exposed_vivos_300/noise_type=clean,paper_v2_locked_vivos_460/noise_type=clean,dataset=vivos;model=whisper;model_size=tiny;train_type=zero_shot;lambda=<blank>;seed=42;noise_type=clean,wer,rate,0.49477465708687135,0.5592274678111588,,not_comparable_scope,delta withheld: legacy VIVOS uses 300 exposed source utterances; paper-v2 uses the disjoint 460-utterance locked test and MUSAN-test noise,44,36,300,460,a70139c89cbd123b8d0646588b4c7e3dc8c26abf0559cdac6772337d6d1bcfa6,89712f4873a6de7fb84f912d2380419fc48f56c7499ebed5f62528c749a2a146,legacy_v1_exposed_test_selection_and_evaluation,paper_v2_unseen_final_after_noisy_dev_decision_lock,8eb56fe7be9e58e0816414d7340608453f4b6cad4f732e9e523a95b2bf9c85c5,65f1bc32cc0acf2139e031da38881a641be0b043c975ce9d0303ca3ec1ca582c,ccaeadc332fb38449fc6063143b190b1498e49dd2d6e39dd471a2174ab5aca8d
vivos_aggregate,results_by_noise_type.csv,legacy_exposed_vivos_300/noise_type=music,paper_v2_locked_vivos_460/noise_type=music,dataset=vivos;model=whisper;model_size=tiny;train_type=zero_shot;lambda=<blank>;seed=42;noise_type=music,cer,rate,0.367783239967989,0.38413554410817774,,not_comparable_scope,delta withheld: legacy VIVOS uses 300 exposed source utterances; paper-v2 uses the disjoint 460-utterance locked test and MUSAN-test noise,44,36,394,582,a70139c89cbd123b8d0646588b4c7e3dc8c26abf0559cdac6772337d6d1bcfa6,89712f4873a6de7fb84f912d2380419fc48f56c7499ebed5f62528c749a2a146,legacy_v1_exposed_test_selection_and_evaluation,paper_v2_unseen_final_after_noisy_dev_decision_lock,8eb56fe7be9e58e0816414d7340608453f4b6cad4f732e9e523a95b2bf9c85c5,65f1bc32cc0acf2139e031da38881a641be0b043c975ce9d0303ca3ec1ca582c,ccaeadc332fb38449fc6063143b190b1498e49dd2d6e39dd471a2174ab5aca8d
vivos_aggregate,results_by_noise_type.csv,legacy_exposed_vivos_300/noise_type=music,paper_v2_locked_vivos_460/noise_type=music,dataset=vivos;model=whisper;model_size=tiny;train_type=zero_shot;lambda=<blank>;seed=42;noise_type=music,der,rate,0.06858513189448441,0.06215083798882681,,not_comparable_scope,delta withheld: legacy VIVOS uses 300 exposed source utterances; paper-v2 uses the disjoint 460-utterance locked test and MUSAN-test noise,44,36,394,582,a70139c89cbd123b8d0646588b4c7e3dc8c26abf0559cdac6772337d6d1bcfa6,89712f4873a6de7fb84f912d2380419fc48f56c7499ebed5f62528c749a2a146,legacy_v1_exposed_test_selection_and_evaluation,paper_v2_unseen_final_after_noisy_dev_decision_lock,8eb56fe7be9e58e0816414d7340608453f4b6cad4f732e9e523a95b2bf9c85c5,65f1bc32cc0acf2139e031da38881a641be0b043c975ce9d0303ca3ec1ca582c,ccaeadc332fb38449fc6063143b190b1498e49dd2d6e39dd471a2174ab5aca8d
vivos_aggregate,results_by_noise_type.csv,legacy_exposed_vivos_300/noise_type=music,paper_v2_locked_vivos_460/noise_type=music,dataset=vivos;model=whisper;model_size=tiny;train_type=zero_shot;lambda=<blank>;seed=42;noise_type=music,fcer,rate,0.43670886075949367,0.4531446540880503,,not_comparable_scope,delta withheld: legacy VIVOS uses 300 exposed source utterances; paper-v2 uses the disjoint 460-utterance locked test and MUSAN-test noise,44,36,394,582,a70139c89cbd123b8d0646588b4c7e3dc8c26abf0559cdac6772337d6d1bcfa6,89712f4873a6de7fb84f912d2380419fc48f56c7499ebed5f62528c749a2a146,legacy_v1_exposed_test_selection_and_evaluation,paper_v2_unseen_final_after_noisy_dev_decision_lock,8eb56fe7be9e58e0816414d7340608453f4b6cad4f732e9e523a95b2bf9c85c5,65f1bc32cc0acf2139e031da38881a641be0b043c975ce9d0303ca3ec1ca582c,ccaeadc332fb38449fc6063143b190b1498e49dd2d6e39dd471a2174ab5aca8d
vivos_aggregate,results_by_noise_type.csv,legacy_exposed_vivos_300/noise_type=music,paper_v2_locked_vivos_460/noise_type=music,dataset=vivos;model=whisper;model_size=tiny;train_type=zero_shot;lambda=<blank>;seed=42;noise_type=music,swdr,rate,0.037037037037037035,0.017482517482517484,,not_comparable_scope,delta withheld: legacy VIVOS uses 300 exposed source utterances; paper-v2 uses the disjoint 460-utterance locked test and MUSAN-test noise,44,36,394,582,a70139c89cbd123b8d0646588b4c7e3dc8c26abf0559cdac6772337d6d1bcfa6,89712f4873a6de7fb84f912d2380419fc48f56c7499ebed5f62528c749a2a146,legacy_v1_exposed_test_selection_and_evaluation,paper_v2_unseen_final_after_noisy_dev_decision_lock,8eb56fe7be9e58e0816414d7340608453f4b6cad4f732e9e523a95b2bf9c85c5,65f1bc32cc0acf2139e031da38881a641be0b043c975ce9d0303ca3ec1ca582c,ccaeadc332fb38449fc6063143b190b1498e49dd2d6e39dd471a2174ab5aca8d
vivos_aggregate,results_by_noise_type.csv,legacy_exposed_vivos_300/noise_type=music,paper_v2_locked_vivos_460/noise_type=music,dataset=vivos;model=whisper;model_size=tiny;train_type=zero_shot;lambda=<blank>;seed=42;noise_type=music,ter,rate,0.14524864598719842,0.15576102418207682,,not_comparable_scope,delta withheld: legacy VIVOS uses 300 exposed source utterances; paper-v2 uses the disjoint 460-utterance locked test and MUSAN-test noise,44,36,394,582,a70139c89cbd123b8d0646588b4c7e3dc8c26abf0559cdac6772337d6d1bcfa6,89712f4873a6de7fb84f912d2380419fc48f56c7499ebed5f62528c749a2a146,legacy_v1_exposed_test_selection_and_evaluation,paper_v2_unseen_final_after_noisy_dev_decision_lock,8eb56fe7be9e58e0816414d7340608453f4b6cad4f732e9e523a95b2bf9c85c5,65f1bc32cc0acf2139e031da38881a641be0b043c975ce9d0303ca3ec1ca582c,ccaeadc332fb38449fc6063143b190b1498e49dd2d6e39dd471a2174ab5aca8d
vivos_aggregate,results_by_noise_type.csv,legacy_exposed_vivos_300/noise_type=music,paper_v2_locked_vivos_460/noise_type=music,dataset=vivos;model=whisper;model_size=tiny;train_type=zero_shot;lambda=<blank>;seed=42;noise_type=music,wer,rate,0.643639017270737,0.6748760047887806,,not_comparable_scope,delta withheld: legacy VIVOS uses 300 exposed source utterances; paper-v2 uses the disjoint 460-utterance locked test and MUSAN-test noise,44,36,394,582,a70139c89cbd123b8d0646588b4c7e3dc8c26abf0559cdac6772337d6d1bcfa6,89712f4873a6de7fb84f912d2380419fc48f56c7499ebed5f62528c749a2a146,legacy_v1_exposed_test_selection_and_evaluation,paper_v2_unseen_final_after_noisy_dev_decision_lock,8eb56fe7be9e58e0816414d7340608453f4b6cad4f732e9e523a95b2bf9c85c5,65f1bc32cc0acf2139e031da38881a641be0b043c975ce9d0303ca3ec1ca582c,ccaeadc332fb38449fc6063143b190b1498e49dd2d6e39dd471a2174ab5aca8d
vivos_aggregate,results_by_noise_type.csv,legacy_exposed_vivos_300/noise_type=noise,paper_v2_locked_vivos_460/noise_type=noise,dataset=vivos;model=whisper;model_size=tiny;train_type=zero_shot;lambda=<blank>;seed=42;noise_type=noise,cer,rate,0.3406757823864345,0.4087577213452299,,not_comparable_scope,delta withheld: legacy VIVOS uses 300 exposed source utterances; paper-v2 uses the disjoint 460-utterance locked test and MUSAN-test noise,44,36,556,837,a70139c89cbd123b8d0646588b4c7e3dc8c26abf0559cdac6772337d6d1bcfa6,89712f4873a6de7fb84f912d2380419fc48f56c7499ebed5f62528c749a2a146,legacy_v1_exposed_test_selection_and_evaluation,paper_v2_unseen_final_after_noisy_dev_decision_lock,8eb56fe7be9e58e0816414d7340608453f4b6cad4f732e9e523a95b2bf9c85c5,65f1bc32cc0acf2139e031da38881a641be0b043c975ce9d0303ca3ec1ca582c,ccaeadc332fb38449fc6063143b190b1498e49dd2d6e39dd471a2174ab5aca8d
vivos_aggregate,results_by_noise_type.csv,legacy_exposed_vivos_300/noise_type=noise,paper_v2_locked_vivos_460/noise_type=noise,dataset=vivos;model=whisper;model_size=tiny;train_type=zero_shot;lambda=<blank>;seed=42;noise_type=noise,der,rate,0.06093432633716994,0.057950530035335686,,not_comparable_scope,delta withheld: legacy VIVOS uses 300 exposed source utterances; paper-v2 uses the disjoint 460-utterance locked test and MUSAN-test noise,44,36,556,837,a70139c89cbd123b8d0646588b4c7e3dc8c26abf0559cdac6772337d6d1bcfa6,89712f4873a6de7fb84f912d2380419fc48f56c7499ebed5f62528c749a2a146,legacy_v1_exposed_test_selection_and_evaluation,paper_v2_unseen_final_after_noisy_dev_decision_lock,8eb56fe7be9e58e0816414d7340608453f4b6cad4f732e9e523a95b2bf9c85c5,65f1bc32cc0acf2139e031da38881a641be0b043c975ce9d0303ca3ec1ca582c,ccaeadc332fb38449fc6063143b190b1498e49dd2d6e39dd471a2174ab5aca8d
vivos_aggregate,results_by_noise_type.csv,legacy_exposed_vivos_300/noise_type=noise,paper_v2_locked_vivos_460/noise_type=noise,dataset=vivos;model=whisper;model_size=tiny;train_type=zero_shot;lambda=<blank>;seed=42;noise_type=noise,fcer,rate,0.4302059496567506,0.4567632324112394,,not_comparable_scope,delta withheld: legacy VIVOS uses 300 exposed source utterances; paper-v2 uses the disjoint 460-utterance locked test and MUSAN-test noise,44,36,556,837,a70139c89cbd123b8d0646588b4c7e3dc8c26abf0559cdac6772337d6d1bcfa6,89712f4873a6de7fb84f912d2380419fc48f56c7499ebed5f62528c749a2a146,legacy_v1_exposed_test_selection_and_evaluation,paper_v2_unseen_final_after_noisy_dev_decision_lock,8eb56fe7be9e58e0816414d7340608453f4b6cad4f732e9e523a95b2bf9c85c5,65f1bc32cc0acf2139e031da38881a641be0b043c975ce9d0303ca3ec1ca582c,ccaeadc332fb38449fc6063143b190b1498e49dd2d6e39dd471a2174ab5aca8d
vivos_aggregate,results_by_noise_type.csv,legacy_exposed_vivos_300/noise_type=noise,paper_v2_locked_vivos_460/noise_type=noise,dataset=vivos;model=whisper;model_size=tiny;train_type=zero_shot;lambda=<blank>;seed=42;noise_type=noise,swdr,rate,0.01730103806228374,0.016826923076923076,,not_comparable_scope,delta withheld: legacy VIVOS uses 300 exposed source utterances; paper-v2 uses the disjoint 460-utterance locked test and MUSAN-test noise,44,36,556,837,a70139c89cbd123b8d0646588b4c7e3dc8c26abf0559cdac6772337d6d1bcfa6,89712f4873a6de7fb84f912d2380419fc48f56c7499ebed5f62528c749a2a146,legacy_v1_exposed_test_selection_and_evaluation,paper_v2_unseen_final_after_noisy_dev_decision_lock,8eb56fe7be9e58e0816414d7340608453f4b6cad4f732e9e523a95b2bf9c85c5,65f1bc32cc0acf2139e031da38881a641be0b043c975ce9d0303ca3ec1ca582c,ccaeadc332fb38449fc6063143b190b1498e49dd2d6e39dd471a2174ab5aca8d
vivos_aggregate,results_by_noise_type.csv,legacy_exposed_vivos_300/noise_type=noise,paper_v2_locked_vivos_460/noise_type=noise,dataset=vivos;model=whisper;model_size=tiny;train_type=zero_shot;lambda=<blank>;seed=42;noise_type=noise,ter,rate,0.13434903047091412,0.13876174415803422,,not_comparable_scope,delta withheld: legacy VIVOS uses 300 exposed source utterances; paper-v2 uses the disjoint 460-utterance locked test and MUSAN-test noise,44,36,556,837,a70139c89cbd123b8d0646588b4c7e3dc8c26abf0559cdac6772337d6d1bcfa6,89712f4873a6de7fb84f912d2380419fc48f56c7499ebed5f62528c749a2a146,legacy_v1_exposed_test_selection_and_evaluation,paper_v2_unseen_final_after_noisy_dev_decision_lock,8eb56fe7be9e58e0816414d7340608453f4b6cad4f732e9e523a95b2bf9c85c5,65f1bc32cc0acf2139e031da38881a641be0b043c975ce9d0303ca3ec1ca582c,ccaeadc332fb38449fc6063143b190b1498e49dd2d6e39dd471a2174ab5aca8d
vivos_aggregate,results_by_noise_type.csv,legacy_exposed_vivos_300/noise_type=noise,paper_v2_locked_vivos_460/noise_type=noise,dataset=vivos;model=whisper;model_size=tiny;train_type=zero_shot;lambda=<blank>;seed=42;noise_type=noise,wer,rate,0.6125967628430683,0.6911300689493981,,not_comparable_scope,delta withheld: legacy VIVOS uses 300 exposed source utterances; paper-v2 uses the disjoint 460-utterance locked test and MUSAN-test noise,44,36,556,837,a70139c89cbd123b8d0646588b4c7e3dc8c26abf0559cdac6772337d6d1bcfa6,89712f4873a6de7fb84f912d2380419fc48f56c7499ebed5f62528c749a2a146,legacy_v1_exposed_test_selection_and_evaluation,paper_v2_unseen_final_after_noisy_dev_decision_lock,8eb56fe7be9e58e0816414d7340608453f4b6cad4f732e9e523a95b2bf9c85c5,65f1bc32cc0acf2139e031da38881a641be0b043c975ce9d0303ca3ec1ca582c,ccaeadc332fb38449fc6063143b190b1498e49dd2d6e39dd471a2174ab5aca8d
vivos_aggregate,results_by_noise_type.csv,legacy_exposed_vivos_300/noise_type=speech,paper_v2_locked_vivos_460/noise_type=speech,dataset=vivos;model=whisper;model_size=tiny;train_type=zero_shot;lambda=<blank>;seed=42;noise_type=speech,cer,rate,1.207178290049606,1.0136300417246176,,not_comparable_scope,delta withheld: legacy VIVOS uses 300 exposed source utterances; paper-v2 uses the disjoint 460-utterance locked test and MUSAN-test noise,44,36,250,421,a70139c89cbd123b8d0646588b4c7e3dc8c26abf0559cdac6772337d6d1bcfa6,89712f4873a6de7fb84f912d2380419fc48f56c7499ebed5f62528c749a2a146,legacy_v1_exposed_test_selection_and_evaluation,paper_v2_unseen_final_after_noisy_dev_decision_lock,8eb56fe7be9e58e0816414d7340608453f4b6cad4f732e9e523a95b2bf9c85c5,65f1bc32cc0acf2139e031da38881a641be0b043c975ce9d0303ca3ec1ca582c,ccaeadc332fb38449fc6063143b190b1498e49dd2d6e39dd471a2174ab5aca8d
vivos_aggregate,results_by_noise_type.csv,legacy_exposed_vivos_300/noise_type=speech,paper_v2_locked_vivos_460/noise_type=speech,dataset=vivos;model=whisper;model_size=tiny;train_type=zero_shot;lambda=<blank>;seed=42;noise_type=speech,der,rate,0.061659192825112105,0.058898847631242,,not_comparable_scope,delta withheld: legacy VIVOS uses 300 exposed source utterances; paper-v2 uses the disjoint 460-utterance locked test and MUSAN-test noise,44,36,250,421,a70139c89cbd123b8d0646588b4c7e3dc8c26abf0559cdac6772337d6d1bcfa6,89712f4873a6de7fb84f912d2380419fc48f56c7499ebed5f62528c749a2a146,legacy_v1_exposed_test_selection_and_evaluation,paper_v2_unseen_final_after_noisy_dev_decision_lock,8eb56fe7be9e58e0816414d7340608453f4b6cad4f732e9e523a95b2bf9c85c5,65f1bc32cc0acf2139e031da38881a641be0b043c975ce9d0303ca3ec1ca582c,ccaeadc332fb38449fc6063143b190b1498e49dd2d6e39dd471a2174ab5aca8d
vivos_aggregate,results_by_noise_type.csv,legacy_exposed_vivos_300/noise_type=speech,paper_v2_locked_vivos_460/noise_type=speech,dataset=vivos;model=whisper;model_size=tiny;train_type=zero_shot;lambda=<blank>;seed=42;noise_type=speech,fcer,rate,0.6223520818115412,0.6133955065705807,,not_comparable_scope,delta withheld: legacy VIVOS uses 300 exposed source utterances; paper-v2 uses the disjoint 460-utterance locked test and MUSAN-test noise,44,36,250,421,a70139c89cbd123b8d0646588b4c7e3dc8c26abf0559cdac6772337d6d1bcfa6,89712f4873a6de7fb84f912d2380419fc48f56c7499ebed5f62528c749a2a146,legacy_v1_exposed_test_selection_and_evaluation,paper_v2_unseen_final_after_noisy_dev_decision_lock,8eb56fe7be9e58e0816414d7340608453f4b6cad4f732e9e523a95b2bf9c85c5,65f1bc32cc0acf2139e031da38881a641be0b043c975ce9d0303ca3ec1ca582c,ccaeadc332fb38449fc6063143b190b1498e49dd2d6e39dd471a2174ab5aca8d
vivos_aggregate,results_by_noise_type.csv,legacy_exposed_vivos_300/noise_type=speech,paper_v2_locked_vivos_460/noise_type=speech,dataset=vivos;model=whisper;model_size=tiny;train_type=zero_shot;lambda=<blank>;seed=42;noise_type=speech,swdr,rate,0.059322033898305086,0.10194174757281553,,not_comparable_scope,delta withheld: legacy VIVOS uses 300 exposed source utterances; paper-v2 uses the disjoint 460-utterance locked test and MUSAN-test noise,44,36,250,421,a70139c89cbd123b8d0646588b4c7e3dc8c26abf0559cdac6772337d6d1bcfa6,89712f4873a6de7fb84f912d2380419fc48f56c7499ebed5f62528c749a2a146,legacy_v1_exposed_test_selection_and_evaluation,paper_v2_unseen_final_after_noisy_dev_decision_lock,8eb56fe7be9e58e0816414d7340608453f4b6cad4f732e9e523a95b2bf9c85c5,65f1bc32cc0acf2139e031da38881a641be0b043c975ce9d0303ca3ec1ca582c,ccaeadc332fb38449fc6063143b190b1498e49dd2d6e39dd471a2174ab5aca8d
vivos_aggregate,results_by_noise_type.csv,legacy_exposed_vivos_300/noise_type=speech,paper_v2_locked_vivos_460/noise_type=speech,dataset=vivos;model=whisper;model_size=tiny;train_type=zero_shot;lambda=<blank>;seed=42;noise_type=speech,ter,rate,0.24898373983739838,0.2676056338028169,,not_comparable_scope,delta withheld: legacy VIVOS uses 300 exposed source utterances; paper-v2 uses the disjoint 460-utterance locked test and MUSAN-test noise,44,36,250,421,a70139c89cbd123b8d0646588b4c7e3dc8c26abf0559cdac6772337d6d1bcfa6,89712f4873a6de7fb84f912d2380419fc48f56c7499ebed5f62528c749a2a146,legacy_v1_exposed_test_selection_and_evaluation,paper_v2_unseen_final_after_noisy_dev_decision_lock,8eb56fe7be9e58e0816414d7340608453f4b6cad4f732e9e523a95b2bf9c85c5,65f1bc32cc0acf2139e031da38881a641be0b043c975ce9d0303ca3ec1ca582c,ccaeadc332fb38449fc6063143b190b1498e49dd2d6e39dd471a2174ab5aca8d
vivos_aggregate,results_by_noise_type.csv,legacy_exposed_vivos_300/noise_type=speech,paper_v2_locked_vivos_460/noise_type=speech,dataset=vivos;model=whisper;model_size=tiny;train_type=zero_shot;lambda=<blank>;seed=42;noise_type=speech,wer,rate,1.4949041989400733,1.3196411709159586,,not_comparable_scope,delta withheld: legacy VIVOS uses 300 exposed source utterances; paper-v2 uses the disjoint 460-utterance locked test and MUSAN-test noise,44,36,250,421,a70139c89cbd123b8d0646588b4c7e3dc8c26abf0559cdac6772337d6d1bcfa6,89712f4873a6de7fb84f912d2380419fc48f56c7499ebed5f62528c749a2a146,legacy_v1_exposed_test_selection_and_evaluation,paper_v2_unseen_final_after_noisy_dev_decision_lock,8eb56fe7be9e58e0816414d7340608453f4b6cad4f732e9e523a95b2bf9c85c5,65f1bc32cc0acf2139e031da38881a641be0b043c975ce9d0303ca3ec1ca582c,ccaeadc332fb38449fc6063143b190b1498e49dd2d6e39dd471a2174ab5aca8d
vivos_aggregate,results_by_noise_type.csv,legacy_exposed_vivos_300/noise_type=clean,paper_v2_locked_vivos_460/noise_type=clean,role=locked_control;dataset=vivos;model=phowhisper;model_size=base;train_type=tone_aware_lora;lambda=0.1;seed=42;noise_type=clean,cer,rate,0.033413071996296013,0.03926912982031092,,not_comparable_scope,delta withheld: legacy VIVOS uses 300 exposed source utterances; paper-v2 uses the disjoint 460-utterance locked test and MUSAN-test noise,44,36,300,460,a70139c89cbd123b8d0646588b4c7e3dc8c26abf0559cdac6772337d6d1bcfa6,89712f4873a6de7fb84f912d2380419fc48f56c7499ebed5f62528c749a2a146,legacy_v1_exposed_test_selection_and_evaluation,paper_v2_unseen_final_after_noisy_dev_decision_lock,8eb56fe7be9e58e0816414d7340608453f4b6cad4f732e9e523a95b2bf9c85c5,65f1bc32cc0acf2139e031da38881a641be0b043c975ce9d0303ca3ec1ca582c,ccaeadc332fb38449fc6063143b190b1498e49dd2d6e39dd471a2174ab5aca8d
vivos_aggregate,results_by_noise_type.csv,legacy_exposed_vivos_300/noise_type=clean,paper_v2_locked_vivos_460/noise_type=clean,role=locked_control;dataset=vivos;model=phowhisper;model_size=base;train_type=tone_aware_lora;lambda=0.1;seed=42;noise_type=clean,der,rate,0.006944444444444444,0.009412304866850322,,not_comparable_scope,delta withheld: legacy VIVOS uses 300 exposed source utterances; paper-v2 uses the disjoint 460-utterance locked test and MUSAN-test noise,44,36,300,460,a70139c89cbd123b8d0646588b4c7e3dc8c26abf0559cdac6772337d6d1bcfa6,89712f4873a6de7fb84f912d2380419fc48f56c7499ebed5f62528c749a2a146,legacy_v1_exposed_test_selection_and_evaluation,paper_v2_unseen_final_after_noisy_dev_decision_lock,8eb56fe7be9e58e0816414d7340608453f4b6cad4f732e9e523a95b2bf9c85c5,65f1bc32cc0acf2139e031da38881a641be0b043c975ce9d0303ca3ec1ca582c,ccaeadc332fb38449fc6063143b190b1498e49dd2d6e39dd471a2174ab5aca8d
vivos_aggregate,results_by_noise_type.csv,legacy_exposed_vivos_300/noise_type=clean,paper_v2_locked_vivos_460/noise_type=clean,role=locked_control;dataset=vivos;model=phowhisper;model_size=base;train_type=tone_aware_lora;lambda=0.1;seed=42;noise_type=clean,fcer,rate,0.038841342988808425,0.04856895056374675,,not_comparable_scope,delta withheld: legacy VIVOS uses 300 exposed source utterances; paper-v2 uses the disjoint 460-utterance locked test and MUSAN-test noise,44,36,300,460,a70139c89cbd123b8d0646588b4c7e3dc8c26abf0559cdac6772337d6d1bcfa6,89712f4873a6de7fb84f912d2380419fc48f56c7499ebed5f62528c749a2a146,legacy_v1_exposed_test_selection_and_evaluation,paper_v2_unseen_final_after_noisy_dev_decision_lock,8eb56fe7be9e58e0816414d7340608453f4b6cad4f732e9e523a95b2bf9c85c5,65f1bc32cc0acf2139e031da38881a641be0b043c975ce9d0303ca3ec1ca582c,ccaeadc332fb38449fc6063143b190b1498e49dd2d6e39dd471a2174ab5aca8d
vivos_aggregate,results_by_noise_type.csv,legacy_exposed_vivos_300/noise_type=clean,paper_v2_locked_vivos_460/noise_type=clean,role=locked_control;dataset=vivos;model=phowhisper;model_size=base;train_type=tone_aware_lora;lambda=0.1;seed=42;noise_type=clean,swdr,rate,0.0,0.004405286343612335,,not_comparable_scope,delta withheld: legacy VIVOS uses 300 exposed source utterances; paper-v2 uses the disjoint 460-utterance locked test and MUSAN-test noise,44,36,300,460,a70139c89cbd123b8d0646588b4c7e3dc8c26abf0559cdac6772337d6d1bcfa6,89712f4873a6de7fb84f912d2380419fc48f56c7499ebed5f62528c749a2a146,legacy_v1_exposed_test_selection_and_evaluation,paper_v2_unseen_final_after_noisy_dev_decision_lock,8eb56fe7be9e58e0816414d7340608453f4b6cad4f732e9e523a95b2bf9c85c5,65f1bc32cc0acf2139e031da38881a641be0b043c975ce9d0303ca3ec1ca582c,ccaeadc332fb38449fc6063143b190b1498e49dd2d6e39dd471a2174ab5aca8d
vivos_aggregate,results_by_noise_type.csv,legacy_exposed_vivos_300/noise_type=clean,paper_v2_locked_vivos_460/noise_type=clean,role=locked_control;dataset=vivos;model=phowhisper;model_size=base;train_type=tone_aware_lora;lambda=0.1;seed=42;noise_type=clean,ter,rate,0.010104529616724738,0.011786457129651028,,not_comparable_scope,delta withheld: legacy VIVOS uses 300 exposed source utterances; paper-v2 uses the disjoint 460-utterance locked test and MUSAN-test noise,44,36,300,460,a70139c89cbd123b8d0646588b4c7e3dc8c26abf0559cdac6772337d6d1bcfa6,89712f4873a6de7fb84f912d2380419fc48f56c7499ebed5f62528c749a2a146,legacy_v1_exposed_test_selection_and_evaluation,paper_v2_unseen_final_after_noisy_dev_decision_lock,8eb56fe7be9e58e0816414d7340608453f4b6cad4f732e9e523a95b2bf9c85c5,65f1bc32cc0acf2139e031da38881a641be0b043c975ce9d0303ca3ec1ca582c,ccaeadc332fb38449fc6063143b190b1498e49dd2d6e39dd471a2174ab5aca8d
vivos_aggregate,results_by_noise_type.csv,legacy_exposed_vivos_300/noise_type=clean,paper_v2_locked_vivos_460/noise_type=clean,role=locked_control;dataset=vivos;model=phowhisper;model_size=base;train_type=tone_aware_lora;lambda=0.1;seed=42;noise_type=clean,wer,rate,0.07478772044415415,0.08648068669527897,,not_comparable_scope,delta withheld: legacy VIVOS uses 300 exposed source utterances; paper-v2 uses the disjoint 460-utterance locked test and MUSAN-test noise,44,36,300,460,a70139c89cbd123b8d0646588b4c7e3dc8c26abf0559cdac6772337d6d1bcfa6,89712f4873a6de7fb84f912d2380419fc48f56c7499ebed5f62528c749a2a146,legacy_v1_exposed_test_selection_and_evaluation,paper_v2_unseen_final_after_noisy_dev_decision_lock,8eb56fe7be9e58e0816414d7340608453f4b6cad4f732e9e523a95b2bf9c85c5,65f1bc32cc0acf2139e031da38881a641be0b043c975ce9d0303ca3ec1ca582c,ccaeadc332fb38449fc6063143b190b1498e49dd2d6e39dd471a2174ab5aca8d
vivos_aggregate,results_by_noise_type.csv,legacy_exposed_vivos_300/noise_type=music,paper_v2_locked_vivos_460/noise_type=music,role=locked_control;dataset=vivos;model=phowhisper;model_size=base;train_type=tone_aware_lora;lambda=0.1;seed=42;noise_type=music,cer,rate,0.060878015319538126,0.06455247907276239,,not_comparable_scope,delta withheld: legacy VIVOS uses 300 exposed source utterances; paper-v2 uses the disjoint 460-utterance locked test and MUSAN-test noise,44,36,394,582,a70139c89cbd123b8d0646588b4c7e3dc8c26abf0559cdac6772337d6d1bcfa6,89712f4873a6de7fb84f912d2380419fc48f56c7499ebed5f62528c749a2a146,legacy_v1_exposed_test_selection_and_evaluation,paper_v2_unseen_final_after_noisy_dev_decision_lock,8eb56fe7be9e58e0816414d7340608453f4b6cad4f732e9e523a95b2bf9c85c5,65f1bc32cc0acf2139e031da38881a641be0b043c975ce9d0303ca3ec1ca582c,ccaeadc332fb38449fc6063143b190b1498e49dd2d6e39dd471a2174ab5aca8d
vivos_aggregate,results_by_noise_type.csv,legacy_exposed_vivos_300/noise_type=music,paper_v2_locked_vivos_460/noise_type=music,role=locked_control;dataset=vivos;model=phowhisper;model_size=base;train_type=tone_aware_lora;lambda=0.1;seed=42;noise_type=music,der,rate,0.009206607094503114,0.00974770642201835,,not_comparable_scope,delta withheld: legacy VIVOS uses 300 exposed source utterances; paper-v2 uses the disjoint 460-utterance locked test and MUSAN-test noise,44,36,394,582,a70139c89cbd123b8d0646588b4c7e3dc8c26abf0559cdac6772337d6d1bcfa6,89712f4873a6de7fb84f912d2380419fc48f56c7499ebed5f62528c749a2a146,legacy_v1_exposed_test_selection_and_evaluation,paper_v2_unseen_final_after_noisy_dev_decision_lock,8eb56fe7be9e58e0816414d7340608453f4b6cad4f732e9e523a95b2bf9c85c5,65f1bc32cc0acf2139e031da38881a641be0b043c975ce9d0303ca3ec1ca582c,ccaeadc332fb38449fc6063143b190b1498e49dd2d6e39dd471a2174ab5aca8d
vivos_aggregate,results_by_noise_type.csv,legacy_exposed_vivos_300/noise_type=music,paper_v2_locked_vivos_460/noise_type=music,role=locked_control;dataset=vivos;model=phowhisper;model_size=base;train_type=tone_aware_lora;lambda=0.1;seed=42;noise_type=music,fcer,rate,0.08377467501203659,0.08961785593506932,,not_comparable_scope,delta withheld: legacy VIVOS uses 300 exposed source utterances; paper-v2 uses the disjoint 460-utterance locked test and MUSAN-test noise,44,36,394,582,a70139c89cbd123b8d0646588b4c7e3dc8c26abf0559cdac6772337d6d1bcfa6,89712f4873a6de7fb84f912d2380419fc48f56c7499ebed5f62528c749a2a146,legacy_v1_exposed_test_selection_and_evaluation,paper_v2_unseen_final_after_noisy_dev_decision_lock,8eb56fe7be9e58e0816414d7340608453f4b6cad4f732e9e523a95b2bf9c85c5,65f1bc32cc0acf2139e031da38881a641be0b043c975ce9d0303ca3ec1ca582c,ccaeadc332fb38449fc6063143b190b1498e49dd2d6e39dd471a2174ab5aca8d
vivos_aggregate,results_by_noise_type.csv,legacy_exposed_vivos_300/noise_type=music,paper_v2_locked_vivos_460/noise_type=music,role=locked_control;dataset=vivos;model=phowhisper;model_size=base;train_type=tone_aware_lora;lambda=0.1;seed=42;noise_type=music,swdr,rate,0.005291005291005291,0.0,,not_comparable_scope,delta withheld: legacy VIVOS uses 300 exposed source utterances; paper-v2 uses the disjoint 460-utterance locked test and MUSAN-test noise,44,36,394,582,a70139c89cbd123b8d0646588b4c7e3dc8c26abf0559cdac6772337d6d1bcfa6,89712f4873a6de7fb84f912d2380419fc48f56c7499ebed5f62528c749a2a146,legacy_v1_exposed_test_selection_and_evaluation,paper_v2_unseen_final_after_noisy_dev_decision_lock,8eb56fe7be9e58e0816414d7340608453f4b6cad4f732e9e523a95b2bf9c85c5,65f1bc32cc0acf2139e031da38881a641be0b043c975ce9d0303ca3ec1ca582c,ccaeadc332fb38449fc6063143b190b1498e49dd2d6e39dd471a2174ab5aca8d
vivos_aggregate,results_by_noise_type.csv,legacy_exposed_vivos_300/noise_type=music,paper_v2_locked_vivos_460/noise_type=music,role=locked_control;dataset=vivos;model=phowhisper;model_size=base;train_type=tone_aware_lora;lambda=0.1;seed=42;noise_type=music,ter,rate,0.01277868406742795,0.018069973087274125,,not_comparable_scope,delta withheld: legacy VIVOS uses 300 exposed source utterances; paper-v2 uses the disjoint 460-utterance locked test and MUSAN-test noise,44,36,394,582,a70139c89cbd123b8d0646588b4c7e3dc8c26abf0559cdac6772337d6d1bcfa6,89712f4873a6de7fb84f912d2380419fc48f56c7499ebed5f62528c749a2a146,legacy_v1_exposed_test_selection_and_evaluation,paper_v2_unseen_final_after_noisy_dev_decision_lock,8eb56fe7be9e58e0816414d7340608453f4b6cad4f732e9e523a95b2bf9c85c5,65f1bc32cc0acf2139e031da38881a641be0b043c975ce9d0303ca3ec1ca582c,ccaeadc332fb38449fc6063143b190b1498e49dd2d6e39dd471a2174ab5aca8d
vivos_aggregate,results_by_noise_type.csv,legacy_exposed_vivos_300/noise_type=music,paper_v2_locked_vivos_460/noise_type=music,role=locked_control;dataset=vivos;model=phowhisper;model_size=base;train_type=tone_aware_lora;lambda=0.1;seed=42;noise_type=music,wer,rate,0.12113840914619314,0.13083632632119035,,not_comparable_scope,delta withheld: legacy VIVOS uses 300 exposed source utterances; paper-v2 uses the disjoint 460-utterance locked test and MUSAN-test noise,44,36,394,582,a70139c89cbd123b8d0646588b4c7e3dc8c26abf0559cdac6772337d6d1bcfa6,89712f4873a6de7fb84f912d2380419fc48f56c7499ebed5f62528c749a2a146,legacy_v1_exposed_test_selection_and_evaluation,paper_v2_unseen_final_after_noisy_dev_decision_lock,8eb56fe7be9e58e0816414d7340608453f4b6cad4f732e9e523a95b2bf9c85c5,65f1bc32cc0acf2139e031da38881a641be0b043c975ce9d0303ca3ec1ca582c,ccaeadc332fb38449fc6063143b190b1498e49dd2d6e39dd471a2174ab5aca8d
vivos_aggregate,results_by_noise_type.csv,legacy_exposed_vivos_300/noise_type=noise,paper_v2_locked_vivos_460/noise_type=noise,role=locked_control;dataset=vivos;model=phowhisper;model_size=base;train_type=tone_aware_lora;lambda=0.1;seed=42;noise_type=noise,cer,rate,0.05502680686588255,0.06292381606039808,,not_comparable_scope,delta withheld: legacy VIVOS uses 300 exposed source utterances; paper-v2 uses the disjoint 460-utterance locked test and MUSAN-test noise,44,36,556,837,a70139c89cbd123b8d0646588b4c7e3dc8c26abf0559cdac6772337d6d1bcfa6,89712f4873a6de7fb84f912d2380419fc48f56c7499ebed5f62528c749a2a146,legacy_v1_exposed_test_selection_and_evaluation,paper_v2_unseen_final_after_noisy_dev_decision_lock,8eb56fe7be9e58e0816414d7340608453f4b6cad4f732e9e523a95b2bf9c85c5,65f1bc32cc0acf2139e031da38881a641be0b043c975ce9d0303ca3ec1ca582c,ccaeadc332fb38449fc6063143b190b1498e49dd2d6e39dd471a2174ab5aca8d
vivos_aggregate,results_by_noise_type.csv,legacy_exposed_vivos_300/noise_type=noise,paper_v2_locked_vivos_460/noise_type=noise,role=locked_control;dataset=vivos;model=phowhisper;model_size=base;train_type=tone_aware_lora;lambda=0.1;seed=42;noise_type=noise,der,rate,0.0069605568445475635,0.010903426791277258,,not_comparable_scope,delta withheld: legacy VIVOS uses 300 exposed source utterances; paper-v2 uses the disjoint 460-utterance locked test and MUSAN-test noise,44,36,556,837,a70139c89cbd123b8d0646588b4c7e3dc8c26abf0559cdac6772337d6d1bcfa6,89712f4873a6de7fb84f912d2380419fc48f56c7499ebed5f62528c749a2a146,legacy_v1_exposed_test_selection_and_evaluation,paper_v2_unseen_final_after_noisy_dev_decision_lock,8eb56fe7be9e58e0816414d7340608453f4b6cad4f732e9e523a95b2bf9c85c5,65f1bc32cc0acf2139e031da38881a641be0b043c975ce9d0303ca3ec1ca582c,ccaeadc332fb38449fc6063143b190b1498e49dd2d6e39dd471a2174ab5aca8d
vivos_aggregate,results_by_noise_type.csv,legacy_exposed_vivos_300/noise_type=noise,paper_v2_locked_vivos_460/noise_type=noise,role=locked_control;dataset=vivos;model=phowhisper;model_size=base;train_type=tone_aware_lora;lambda=0.1;seed=42;noise_type=noise,fcer,rate,0.07902097902097902,0.0767785865226579,,not_comparable_scope,delta withheld: legacy VIVOS uses 300 exposed source utterances; paper-v2 uses the disjoint 460-utterance locked test and MUSAN-test noise,44,36,556,837,a70139c89cbd123b8d0646588b4c7e3dc8c26abf0559cdac6772337d6d1bcfa6,89712f4873a6de7fb84f912d2380419fc48f56c7499ebed5f62528c749a2a146,legacy_v1_exposed_test_selection_and_evaluation,paper_v2_unseen_final_after_noisy_dev_decision_lock,8eb56fe7be9e58e0816414d7340608453f4b6cad4f732e9e523a95b2bf9c85c5,65f1bc32cc0acf2139e031da38881a641be0b043c975ce9d0303ca3ec1ca582c,ccaeadc332fb38449fc6063143b190b1498e49dd2d6e39dd471a2174ab5aca8d
vivos_aggregate,results_by_noise_type.csv,legacy_exposed_vivos_300/noise_type=noise,paper_v2_locked_vivos_460/noise_type=noise,role=locked_control;dataset=vivos;model=phowhisper;model_size=base;train_type=tone_aware_lora;lambda=0.1;seed=42;noise_type=noise,swdr,rate,0.0,0.007211538461538462,,not_comparable_scope,delta withheld: legacy VIVOS uses 300 exposed source utterances; paper-v2 uses the disjoint 460-utterance locked test and MUSAN-test noise,44,36,556,837,a70139c89cbd123b8d0646588b4c7e3dc8c26abf0559cdac6772337d6d1bcfa6,89712f4873a6de7fb84f912d2380419fc48f56c7499ebed5f62528c749a2a146,legacy_v1_exposed_test_selection_and_evaluation,paper_v2_unseen_final_after_noisy_dev_decision_lock,8eb56fe7be9e58e0816414d7340608453f4b6cad4f732e9e523a95b2bf9c85c5,65f1bc32cc0acf2139e031da38881a641be0b043c975ce9d0303ca3ec1ca582c,ccaeadc332fb38449fc6063143b190b1498e49dd2d6e39dd471a2174ab5aca8d
vivos_aggregate,results_by_noise_type.csv,legacy_exposed_vivos_300/noise_type=noise,paper_v2_locked_vivos_460/noise_type=noise,role=locked_control;dataset=vivos;model=phowhisper;model_size=base;train_type=tone_aware_lora;lambda=0.1;seed=42;noise_type=noise,ter,rate,0.013175741135438868,0.015951882845188285,,not_comparable_scope,delta withheld: legacy VIVOS uses 300 exposed source utterances; paper-v2 uses the disjoint 460-utterance locked test and MUSAN-test noise,44,36,556,837,a70139c89cbd123b8d0646588b4c7e3dc8c26abf0559cdac6772337d6d1bcfa6,89712f4873a6de7fb84f912d2380419fc48f56c7499ebed5f62528c749a2a146,legacy_v1_exposed_test_selection_and_evaluation,paper_v2_unseen_final_after_noisy_dev_decision_lock,8eb56fe7be9e58e0816414d7340608453f4b6cad4f732e9e523a95b2bf9c85c5,65f1bc32cc0acf2139e031da38881a641be0b043c975ce9d0303ca3ec1ca582c,ccaeadc332fb38449fc6063143b190b1498e49dd2d6e39dd471a2174ab5aca8d
vivos_aggregate,results_by_noise_type.csv,legacy_exposed_vivos_300/noise_type=noise,paper_v2_locked_vivos_460/noise_type=noise,role=locked_control;dataset=vivos;model=phowhisper;model_size=base;train_type=tone_aware_lora;lambda=0.1;seed=42;noise_type=noise,wer,rate,0.1085503166783955,0.1279654084375365,,not_comparable_scope,delta withheld: legacy VIVOS uses 300 exposed source utterances; paper-v2 uses the disjoint 460-utterance locked test and MUSAN-test noise,44,36,556,837,a70139c89cbd123b8d0646588b4c7e3dc8c26abf0559cdac6772337d6d1bcfa6,89712f4873a6de7fb84f912d2380419fc48f56c7499ebed5f62528c749a2a146,legacy_v1_exposed_test_selection_and_evaluation,paper_v2_unseen_final_after_noisy_dev_decision_lock,8eb56fe7be9e58e0816414d7340608453f4b6cad4f732e9e523a95b2bf9c85c5,65f1bc32cc0acf2139e031da38881a641be0b043c975ce9d0303ca3ec1ca582c,ccaeadc332fb38449fc6063143b190b1498e49dd2d6e39dd471a2174ab5aca8d
vivos_aggregate,results_by_noise_type.csv,legacy_exposed_vivos_300/noise_type=speech,paper_v2_locked_vivos_460/noise_type=speech,role=locked_control;dataset=vivos;model=phowhisper;model_size=base;train_type=tone_aware_lora;lambda=0.1;seed=42;noise_type=speech,cer,rate,0.17731738157766755,0.10776077885952712,,not_comparable_scope,delta withheld: legacy VIVOS uses 300 exposed source utterances; paper-v2 uses the disjoint 460-utterance locked test and MUSAN-test noise,44,36,250,421,a70139c89cbd123b8d0646588b4c7e3dc8c26abf0559cdac6772337d6d1bcfa6,89712f4873a6de7fb84f912d2380419fc48f56c7499ebed5f62528c749a2a146,legacy_v1_exposed_test_selection_and_evaluation,paper_v2_unseen_final_after_noisy_dev_decision_lock,8eb56fe7be9e58e0816414d7340608453f4b6cad4f732e9e523a95b2bf9c85c5,65f1bc32cc0acf2139e031da38881a641be0b043c975ce9d0303ca3ec1ca582c,ccaeadc332fb38449fc6063143b190b1498e49dd2d6e39dd471a2174ab5aca8d
vivos_aggregate,results_by_noise_type.csv,legacy_exposed_vivos_300/noise_type=speech,paper_v2_locked_vivos_460/noise_type=speech,role=locked_control;dataset=vivos;model=phowhisper;model_size=base;train_type=tone_aware_lora;lambda=0.1;seed=42;noise_type=speech,der,rate,0.009223300970873786,0.00864472950362521,,not_comparable_scope,delta withheld: legacy VIVOS uses 300 exposed source utterances; paper-v2 uses the disjoint 460-utterance locked test and MUSAN-test noise,44,36,250,421,a70139c89cbd123b8d0646588b4c7e3dc8c26abf0559cdac6772337d6d1bcfa6,89712f4873a6de7fb84f912d2380419fc48f56c7499ebed5f62528c749a2a146,legacy_v1_exposed_test_selection_and_evaluation,paper_v2_unseen_final_after_noisy_dev_decision_lock,8eb56fe7be9e58e0816414d7340608453f4b6cad4f732e9e523a95b2bf9c85c5,65f1bc32cc0acf2139e031da38881a641be0b043c975ce9d0303ca3ec1ca582c,ccaeadc332fb38449fc6063143b190b1498e49dd2d6e39dd471a2174ab5aca8d
vivos_aggregate,results_by_noise_type.csv,legacy_exposed_vivos_300/noise_type=speech,paper_v2_locked_vivos_460/noise_type=speech,role=locked_control;dataset=vivos;model=phowhisper;model_size=base;train_type=tone_aware_lora;lambda=0.1;seed=42;noise_type=speech,fcer,rate,0.169002473206925,0.15069146399618502,,not_comparable_scope,delta withheld: legacy VIVOS uses 300 exposed source utterances; paper-v2 uses the disjoint 460-utterance locked test and MUSAN-test noise,44,36,250,421,a70139c89cbd123b8d0646588b4c7e3dc8c26abf0559cdac6772337d6d1bcfa6,89712f4873a6de7fb84f912d2380419fc48f56c7499ebed5f62528c749a2a146,legacy_v1_exposed_test_selection_and_evaluation,paper_v2_unseen_final_after_noisy_dev_decision_lock,8eb56fe7be9e58e0816414d7340608453f4b6cad4f732e9e523a95b2bf9c85c5,65f1bc32cc0acf2139e031da38881a641be0b043c975ce9d0303ca3ec1ca582c,ccaeadc332fb38449fc6063143b190b1498e49dd2d6e39dd471a2174ab5aca8d
vivos_aggregate,results_by_noise_type.csv,legacy_exposed_vivos_300/noise_type=speech,paper_v2_locked_vivos_460/noise_type=speech,role=locked_control;dataset=vivos;model=phowhisper;model_size=base;train_type=tone_aware_lora;lambda=0.1;seed=42;noise_type=speech,swdr,rate,0.00847457627118644,0.0048543689320388345,,not_comparable_scope,delta withheld: legacy VIVOS uses 300 exposed source utterances; paper-v2 uses the disjoint 460-utterance locked test and MUSAN-test noise,44,36,250,421,a70139c89cbd123b8d0646588b4c7e3dc8c26abf0559cdac6772337d6d1bcfa6,89712f4873a6de7fb84f912d2380419fc48f56c7499ebed5f62528c749a2a146,legacy_v1_exposed_test_selection_and_evaluation,paper_v2_unseen_final_after_noisy_dev_decision_lock,8eb56fe7be9e58e0816414d7340608453f4b6cad4f732e9e523a95b2bf9c85c5,65f1bc32cc0acf2139e031da38881a641be0b043c975ce9d0303ca3ec1ca582c,ccaeadc332fb38449fc6063143b190b1498e49dd2d6e39dd471a2174ab5aca8d
vivos_aggregate,results_by_noise_type.csv,legacy_exposed_vivos_300/noise_type=speech,paper_v2_locked_vivos_460/noise_type=speech,role=locked_control;dataset=vivos;model=phowhisper;model_size=base;train_type=tone_aware_lora;lambda=0.1;seed=42;noise_type=speech,ter,rate,0.025765678172095283,0.023132664437012264,,not_comparable_scope,delta withheld: legacy VIVOS uses 300 exposed source utterances; paper-v2 uses the disjoint 460-utterance locked test and MUSAN-test noise,44,36,250,421,a70139c89cbd123b8d0646588b4c7e3dc8c26abf0559cdac6772337d6d1bcfa6,89712f4873a6de7fb84f912d2380419fc48f56c7499ebed5f62528c749a2a146,legacy_v1_exposed_test_selection_and_evaluation,paper_v2_unseen_final_after_noisy_dev_decision_lock,8eb56fe7be9e58e0816414d7340608453f4b6cad4f732e9e523a95b2bf9c85c5,65f1bc32cc0acf2139e031da38881a641be0b043c975ce9d0303ca3ec1ca582c,ccaeadc332fb38449fc6063143b190b1498e49dd2d6e39dd471a2174ab5aca8d
vivos_aggregate,results_by_noise_type.csv,legacy_exposed_vivos_300/noise_type=speech,paper_v2_locked_vivos_460/noise_type=speech,role=locked_control;dataset=vivos;model=phowhisper;model_size=base;train_type=tone_aware_lora;lambda=0.1;seed=42;noise_type=speech,wer,rate,0.2657969832857725,0.18791312559017942,,not_comparable_scope,delta withheld: legacy VIVOS uses 300 exposed source utterances; paper-v2 uses the disjoint 460-utterance locked test and MUSAN-test noise,44,36,250,421,a70139c89cbd123b8d0646588b4c7e3dc8c26abf0559cdac6772337d6d1bcfa6,89712f4873a6de7fb84f912d2380419fc48f56c7499ebed5f62528c749a2a146,legacy_v1_exposed_test_selection_and_evaluation,paper_v2_unseen_final_after_noisy_dev_decision_lock,8eb56fe7be9e58e0816414d7340608453f4b6cad4f732e9e523a95b2bf9c85c5,65f1bc32cc0acf2139e031da38881a641be0b043c975ce9d0303ca3ec1ca582c,ccaeadc332fb38449fc6063143b190b1498e49dd2d6e39dd471a2174ab5aca8d
vivos_aggregate,results_by_noise_type.csv,legacy_exposed_vivos_300/noise_type=clean,paper_v2_locked_vivos_460/noise_type=clean,role=ordinary_baseline;dataset=vivos;model=phowhisper;model_size=base;train_type=ordinary_lora;lambda=0;seed=42;noise_type=clean,cer,rate,0.03271857396404044,0.03886533414092469,,not_comparable_scope,delta withheld: legacy VIVOS uses 300 exposed source utterances; paper-v2 uses the disjoint 460-utterance locked test and MUSAN-test noise,44,36,300,460,a70139c89cbd123b8d0646588b4c7e3dc8c26abf0559cdac6772337d6d1bcfa6,89712f4873a6de7fb84f912d2380419fc48f56c7499ebed5f62528c749a2a146,legacy_v1_exposed_test_selection_and_evaluation,paper_v2_unseen_final_after_noisy_dev_decision_lock,8eb56fe7be9e58e0816414d7340608453f4b6cad4f732e9e523a95b2bf9c85c5,65f1bc32cc0acf2139e031da38881a641be0b043c975ce9d0303ca3ec1ca582c,ccaeadc332fb38449fc6063143b190b1498e49dd2d6e39dd471a2174ab5aca8d
vivos_aggregate,results_by_noise_type.csv,legacy_exposed_vivos_300/noise_type=clean,paper_v2_locked_vivos_460/noise_type=clean,role=ordinary_baseline;dataset=vivos;model=phowhisper;model_size=base;train_type=ordinary_lora;lambda=0;seed=42;noise_type=clean,der,rate,0.007633587786259542,0.008957280661460726,,not_comparable_scope,delta withheld: legacy VIVOS uses 300 exposed source utterances; paper-v2 uses the disjoint 460-utterance locked test and MUSAN-test noise,44,36,300,460,a70139c89cbd123b8d0646588b4c7e3dc8c26abf0559cdac6772337d6d1bcfa6,89712f4873a6de7fb84f912d2380419fc48f56c7499ebed5f62528c749a2a146,legacy_v1_exposed_test_selection_and_evaluation,paper_v2_unseen_final_after_noisy_dev_decision_lock,8eb56fe7be9e58e0816414d7340608453f4b6cad4f732e9e523a95b2bf9c85c5,65f1bc32cc0acf2139e031da38881a641be0b043c975ce9d0303ca3ec1ca582c,ccaeadc332fb38449fc6063143b190b1498e49dd2d6e39dd471a2174ab5aca8d
vivos_aggregate,results_by_noise_type.csv,legacy_exposed_vivos_300/noise_type=clean,paper_v2_locked_vivos_460/noise_type=clean,role=ordinary_baseline;dataset=vivos;model=phowhisper;model_size=base;train_type=ordinary_lora;lambda=0;seed=42;noise_type=clean,fcer,rate,0.038157894736842106,0.049436253252385085,,not_comparable_scope,delta withheld: legacy VIVOS uses 300 exposed source utterances; paper-v2 uses the disjoint 460-utterance locked test and MUSAN-test noise,44,36,300,460,a70139c89cbd123b8d0646588b4c7e3dc8c26abf0559cdac6772337d6d1bcfa6,89712f4873a6de7fb84f912d2380419fc48f56c7499ebed5f62528c749a2a146,legacy_v1_exposed_test_selection_and_evaluation,paper_v2_unseen_final_after_noisy_dev_decision_lock,8eb56fe7be9e58e0816414d7340608453f4b6cad4f732e9e523a95b2bf9c85c5,65f1bc32cc0acf2139e031da38881a641be0b043c975ce9d0303ca3ec1ca582c,ccaeadc332fb38449fc6063143b190b1498e49dd2d6e39dd471a2174ab5aca8d
vivos_aggregate,results_by_noise_type.csv,legacy_exposed_vivos_300/noise_type=clean,paper_v2_locked_vivos_460/noise_type=clean,role=ordinary_baseline;dataset=vivos;model=phowhisper;model_size=base;train_type=ordinary_lora;lambda=0;seed=42;noise_type=clean,swdr,rate,0.0,0.004405286343612335,,not_comparable_scope,delta withheld: legacy VIVOS uses 300 exposed source utterances; paper-v2 uses the disjoint 460-utterance locked test and MUSAN-test noise,44,36,300,460,a70139c89cbd123b8d0646588b4c7e3dc8c26abf0559cdac6772337d6d1bcfa6,89712f4873a6de7fb84f912d2380419fc48f56c7499ebed5f62528c749a2a146,legacy_v1_exposed_test_selection_and_evaluation,paper_v2_unseen_final_after_noisy_dev_decision_lock,8eb56fe7be9e58e0816414d7340608453f4b6cad4f732e9e523a95b2bf9c85c5,65f1bc32cc0acf2139e031da38881a641be0b043c975ce9d0303ca3ec1ca582c,ccaeadc332fb38449fc6063143b190b1498e49dd2d6e39dd471a2174ab5aca8d
vivos_aggregate,results_by_noise_type.csv,legacy_exposed_vivos_300/noise_type=clean,paper_v2_locked_vivos_460/noise_type=clean,role=ordinary_baseline;dataset=vivos;model=phowhisper;model_size=base;train_type=ordinary_lora;lambda=0;seed=42;noise_type=clean,ter,rate,0.010101010101010102,0.01178373382624769,,not_comparable_scope,delta withheld: legacy VIVOS uses 300 exposed source utterances; paper-v2 uses the disjoint 460-utterance locked test and MUSAN-test noise,44,36,300,460,a70139c89cbd123b8d0646588b4c7e3dc8c26abf0559cdac6772337d6d1bcfa6,89712f4873a6de7fb84f912d2380419fc48f56c7499ebed5f62528c749a2a146,legacy_v1_exposed_test_selection_and_evaluation,paper_v2_unseen_final_after_noisy_dev_decision_lock,8eb56fe7be9e58e0816414d7340608453f4b6cad4f732e9e523a95b2bf9c85c5,65f1bc32cc0acf2139e031da38881a641be0b043c975ce9d0303ca3ec1ca582c,ccaeadc332fb38449fc6063143b190b1498e49dd2d6e39dd471a2174ab5aca8d
vivos_aggregate,results_by_noise_type.csv,legacy_exposed_vivos_300/noise_type=clean,paper_v2_locked_vivos_460/noise_type=clean,role=ordinary_baseline;dataset=vivos;model=phowhisper;model_size=base;train_type=ordinary_lora;lambda=0;seed=42;noise_type=clean,wer,rate,0.07446113651208361,0.08626609442060086,,not_comparable_scope,delta withheld: legacy VIVOS uses 300 exposed source utterances; paper-v2 uses the disjoint 460-utterance locked test and MUSAN-test noise,44,36,300,460,a70139c89cbd123b8d0646588b4c7e3dc8c26abf0559cdac6772337d6d1bcfa6,89712f4873a6de7fb84f912d2380419fc48f56c7499ebed5f62528c749a2a146,legacy_v1_exposed_test_selection_and_evaluation,paper_v2_unseen_final_after_noisy_dev_decision_lock,8eb56fe7be9e58e0816414d7340608453f4b6cad4f732e9e523a95b2bf9c85c5,65f1bc32cc0acf2139e031da38881a641be0b043c975ce9d0303ca3ec1ca582c,ccaeadc332fb38449fc6063143b190b1498e49dd2d6e39dd471a2174ab5aca8d
vivos_aggregate,results_by_noise_type.csv,legacy_exposed_vivos_300/noise_type=music,paper_v2_locked_vivos_460/noise_type=music,role=ordinary_baseline;dataset=vivos;model=phowhisper;model_size=base;train_type=ordinary_lora;lambda=0;seed=42;noise_type=music,cer,rate,0.06047787812964445,0.06435125563425628,,not_comparable_scope,delta withheld: legacy VIVOS uses 300 exposed source utterances; paper-v2 uses the disjoint 460-utterance locked test and MUSAN-test noise,44,36,394,582,a70139c89cbd123b8d0646588b4c7e3dc8c26abf0559cdac6772337d6d1bcfa6,89712f4873a6de7fb84f912d2380419fc48f56c7499ebed5f62528c749a2a146,legacy_v1_exposed_test_selection_and_evaluation,paper_v2_unseen_final_after_noisy_dev_decision_lock,8eb56fe7be9e58e0816414d7340608453f4b6cad4f732e9e523a95b2bf9c85c5,65f1bc32cc0acf2139e031da38881a641be0b043c975ce9d0303ca3ec1ca582c,ccaeadc332fb38449fc6063143b190b1498e49dd2d6e39dd471a2174ab5aca8d
vivos_aggregate,results_by_noise_type.csv,legacy_exposed_vivos_300/noise_type=music,paper_v2_locked_vivos_460/noise_type=music,role=ordinary_baseline;dataset=vivos;model=phowhisper;model_size=base;train_type=ordinary_lora;lambda=0;seed=42;noise_type=music,der,rate,0.010242587601078167,0.00936723379850889,,not_comparable_scope,delta withheld: legacy VIVOS uses 300 exposed source utterances; paper-v2 uses the disjoint 460-utterance locked test and MUSAN-test noise,44,36,394,582,a70139c89cbd123b8d0646588b4c7e3dc8c26abf0559cdac6772337d6d1bcfa6,89712f4873a6de7fb84f912d2380419fc48f56c7499ebed5f62528c749a2a146,legacy_v1_exposed_test_selection_and_evaluation,paper_v2_unseen_final_after_noisy_dev_decision_lock,8eb56fe7be9e58e0816414d7340608453f4b6cad4f732e9e523a95b2bf9c85c5,65f1bc32cc0acf2139e031da38881a641be0b043c975ce9d0303ca3ec1ca582c,ccaeadc332fb38449fc6063143b190b1498e49dd2d6e39dd471a2174ab5aca8d
vivos_aggregate,results_by_noise_type.csv,legacy_exposed_vivos_300/noise_type=music,paper_v2_locked_vivos_460/noise_type=music,role=ordinary_baseline;dataset=vivos;model=phowhisper;model_size=base;train_type=ordinary_lora;lambda=0;seed=42;noise_type=music,fcer,rate,0.0804431599229287,0.08958755916159568,,not_comparable_scope,delta withheld: legacy VIVOS uses 300 exposed source utterances; paper-v2 uses the disjoint 460-utterance locked test and MUSAN-test noise,44,36,394,582,a70139c89cbd123b8d0646588b4c7e3dc8c26abf0559cdac6772337d6d1bcfa6,89712f4873a6de7fb84f912d2380419fc48f56c7499ebed5f62528c749a2a146,legacy_v1_exposed_test_selection_and_evaluation,paper_v2_unseen_final_after_noisy_dev_decision_lock,8eb56fe7be9e58e0816414d7340608453f4b6cad4f732e9e523a95b2bf9c85c5,65f1bc32cc0acf2139e031da38881a641be0b043c975ce9d0303ca3ec1ca582c,ccaeadc332fb38449fc6063143b190b1498e49dd2d6e39dd471a2174ab5aca8d
vivos_aggregate,results_by_noise_type.csv,legacy_exposed_vivos_300/noise_type=music,paper_v2_locked_vivos_460/noise_type=music,role=ordinary_baseline;dataset=vivos;model=phowhisper;model_size=base;train_type=ordinary_lora;lambda=0;seed=42;noise_type=music,swdr,rate,0.005291005291005291,0.0,,not_comparable_scope,delta withheld: legacy VIVOS uses 300 exposed source utterances; paper-v2 uses the disjoint 460-utterance locked test and MUSAN-test noise,44,36,394,582,a70139c89cbd123b8d0646588b4c7e3dc8c26abf0559cdac6772337d6d1bcfa6,89712f4873a6de7fb84f912d2380419fc48f56c7499ebed5f62528c749a2a146,legacy_v1_exposed_test_selection_and_evaluation,paper_v2_unseen_final_after_noisy_dev_decision_lock,8eb56fe7be9e58e0816414d7340608453f4b6cad4f732e9e523a95b2bf9c85c5,65f1bc32cc0acf2139e031da38881a641be0b043c975ce9d0303ca3ec1ca582c,ccaeadc332fb38449fc6063143b190b1498e49dd2d6e39dd471a2174ab5aca8d
vivos_aggregate,results_by_noise_type.csv,legacy_exposed_vivos_300/noise_type=music,paper_v2_locked_vivos_460/noise_type=music,role=ordinary_baseline;dataset=vivos;model=phowhisper;model_size=base;train_type=ordinary_lora;lambda=0;seed=42;noise_type=music,ter,rate,0.013279132791327914,0.015570934256055362,,not_comparable_scope,delta withheld: legacy VIVOS uses 300 exposed source utterances; paper-v2 uses the disjoint 460-utterance locked test and MUSAN-test noise,44,36,394,582,a70139c89cbd123b8d0646588b4c7e3dc8c26abf0559cdac6772337d6d1bcfa6,89712f4873a6de7fb84f912d2380419fc48f56c7499ebed5f62528c749a2a146,legacy_v1_exposed_test_selection_and_evaluation,paper_v2_unseen_final_after_noisy_dev_decision_lock,8eb56fe7be9e58e0816414d7340608453f4b6cad4f732e9e523a95b2bf9c85c5,65f1bc32cc0acf2139e031da38881a641be0b043c975ce9d0303ca3ec1ca582c,ccaeadc332fb38449fc6063143b190b1498e49dd2d6e39dd471a2174ab5aca8d
vivos_aggregate,results_by_noise_type.csv,legacy_exposed_vivos_300/noise_type=music,paper_v2_locked_vivos_460/noise_type=music,role=ordinary_baseline;dataset=vivos;model=phowhisper;model_size=base;train_type=ordinary_lora;lambda=0;seed=42;noise_type=music,wer,rate,0.11992216005837995,0.12827090815802974,,not_comparable_scope,delta withheld: legacy VIVOS uses 300 exposed source utterances; paper-v2 uses the disjoint 460-utterance locked test and MUSAN-test noise,44,36,394,582,a70139c89cbd123b8d0646588b4c7e3dc8c26abf0559cdac6772337d6d1bcfa6,89712f4873a6de7fb84f912d2380419fc48f56c7499ebed5f62528c749a2a146,legacy_v1_exposed_test_selection_and_evaluation,paper_v2_unseen_final_after_noisy_dev_decision_lock,8eb56fe7be9e58e0816414d7340608453f4b6cad4f732e9e523a95b2bf9c85c5,65f1bc32cc0acf2139e031da38881a641be0b043c975ce9d0303ca3ec1ca582c,ccaeadc332fb38449fc6063143b190b1498e49dd2d6e39dd471a2174ab5aca8d
vivos_aggregate,results_by_noise_type.csv,legacy_exposed_vivos_300/noise_type=noise,paper_v2_locked_vivos_460/noise_type=noise,role=ordinary_baseline;dataset=vivos;model=phowhisper;model_size=base;train_type=ordinary_lora;lambda=0;seed=42;noise_type=noise,cer,rate,0.05440339138024188,0.06242964996568291,,not_comparable_scope,delta withheld: legacy VIVOS uses 300 exposed source utterances; paper-v2 uses the disjoint 460-utterance locked test and MUSAN-test noise,44,36,556,837,a70139c89cbd123b8d0646588b4c7e3dc8c26abf0559cdac6772337d6d1bcfa6,89712f4873a6de7fb84f912d2380419fc48f56c7499ebed5f62528c749a2a146,legacy_v1_exposed_test_selection_and_evaluation,paper_v2_unseen_final_after_noisy_dev_decision_lock,8eb56fe7be9e58e0816414d7340608453f4b6cad4f732e9e523a95b2bf9c85c5,65f1bc32cc0acf2139e031da38881a641be0b043c975ce9d0303ca3ec1ca582c,ccaeadc332fb38449fc6063143b190b1498e49dd2d6e39dd471a2174ab5aca8d
vivos_aggregate,results_by_noise_type.csv,legacy_exposed_vivos_300/noise_type=noise,paper_v2_locked_vivos_460/noise_type=noise,role=ordinary_baseline;dataset=vivos;model=phowhisper;model_size=base;train_type=ordinary_lora;lambda=0;seed=42;noise_type=noise,der,rate,0.006963249516441006,0.011401917595231926,,not_comparable_scope,delta withheld: legacy VIVOS uses 300 exposed source utterances; paper-v2 uses the disjoint 460-utterance locked test and MUSAN-test noise,44,36,556,837,a70139c89cbd123b8d0646588b4c7e3dc8c26abf0559cdac6772337d6d1bcfa6,89712f4873a6de7fb84f912d2380419fc48f56c7499ebed5f62528c749a2a146,legacy_v1_exposed_test_selection_and_evaluation,paper_v2_unseen_final_after_noisy_dev_decision_lock,8eb56fe7be9e58e0816414d7340608453f4b6cad4f732e9e523a95b2bf9c85c5,65f1bc32cc0acf2139e031da38881a641be0b043c975ce9d0303ca3ec1ca582c,ccaeadc332fb38449fc6063143b190b1498e49dd2d6e39dd471a2174ab5aca8d
vivos_aggregate,results_by_noise_type.csv,legacy_exposed_vivos_300/noise_type=noise,paper_v2_locked_vivos_460/noise_type=noise,role=ordinary_baseline;dataset=vivos;model=phowhisper;model_size=base;train_type=ordinary_lora;lambda=0;seed=42;noise_type=noise,fcer,rate,0.07878151260504201,0.07710390220968501,,not_comparable_scope,delta withheld: legacy VIVOS uses 300 exposed source utterances; paper-v2 uses the disjoint 460-utterance locked test and MUSAN-test noise,44,36,556,837,a70139c89cbd123b8d0646588b4c7e3dc8c26abf0559cdac6772337d6d1bcfa6,89712f4873a6de7fb84f912d2380419fc48f56c7499ebed5f62528c749a2a146,legacy_v1_exposed_test_selection_and_evaluation,paper_v2_unseen_final_after_noisy_dev_decision_lock,8eb56fe7be9e58e0816414d7340608453f4b6cad4f732e9e523a95b2bf9c85c5,65f1bc32cc0acf2139e031da38881a641be0b043c975ce9d0303ca3ec1ca582c,ccaeadc332fb38449fc6063143b190b1498e49dd2d6e39dd471a2174ab5aca8d
vivos_aggregate,results_by_noise_type.csv,legacy_exposed_vivos_300/noise_type=noise,paper_v2_locked_vivos_460/noise_type=noise,role=ordinary_baseline;dataset=vivos;model=phowhisper;model_size=base;train_type=ordinary_lora;lambda=0;seed=42;noise_type=noise,swdr,rate,0.0,0.007211538461538462,,not_comparable_scope,delta withheld: legacy VIVOS uses 300 exposed source utterances; paper-v2 uses the disjoint 460-utterance locked test and MUSAN-test noise,44,36,556,837,a70139c89cbd123b8d0646588b4c7e3dc8c26abf0559cdac6772337d6d1bcfa6,89712f4873a6de7fb84f912d2380419fc48f56c7499ebed5f62528c749a2a146,legacy_v1_exposed_test_selection_and_evaluation,paper_v2_unseen_final_after_noisy_dev_decision_lock,8eb56fe7be9e58e0816414d7340608453f4b6cad4f732e9e523a95b2bf9c85c5,65f1bc32cc0acf2139e031da38881a641be0b043c975ce9d0303ca3ec1ca582c,ccaeadc332fb38449fc6063143b190b1498e49dd2d6e39dd471a2174ab5aca8d
vivos_aggregate,results_by_noise_type.csv,legacy_exposed_vivos_300/noise_type=noise,paper_v2_locked_vivos_460/noise_type=noise,role=ordinary_baseline;dataset=vivos;model=phowhisper;model_size=base;train_type=ordinary_lora;lambda=0;seed=42;noise_type=noise,ter,rate,0.013953488372093023,0.015543364681295717,,not_comparable_scope,delta withheld: legacy VIVOS uses 300 exposed source utterances; paper-v2 uses the disjoint 460-utterance locked test and MUSAN-test noise,44,36,556,837,a70139c89cbd123b8d0646588b4c7e3dc8c26abf0559cdac6772337d6d1bcfa6,89712f4873a6de7fb84f912d2380419fc48f56c7499ebed5f62528c749a2a146,legacy_v1_exposed_test_selection_and_evaluation,paper_v2_unseen_final_after_noisy_dev_decision_lock,8eb56fe7be9e58e0816414d7340608453f4b6cad4f732e9e523a95b2bf9c85c5,65f1bc32cc0acf2139e031da38881a641be0b043c975ce9d0303ca3ec1ca582c,ccaeadc332fb38449fc6063143b190b1498e49dd2d6e39dd471a2174ab5aca8d
vivos_aggregate,results_by_noise_type.csv,legacy_exposed_vivos_300/noise_type=noise,paper_v2_locked_vivos_460/noise_type=noise,role=ordinary_baseline;dataset=vivos;model=phowhisper;model_size=base;train_type=ordinary_lora;lambda=0;seed=42;noise_type=noise,wer,rate,0.10907811400422238,0.12609559425032138,,not_comparable_scope,delta withheld: legacy VIVOS uses 300 exposed source utterances; paper-v2 uses the disjoint 460-utterance locked test and MUSAN-test noise,44,36,556,837,a70139c89cbd123b8d0646588b4c7e3dc8c26abf0559cdac6772337d6d1bcfa6,89712f4873a6de7fb84f912d2380419fc48f56c7499ebed5f62528c749a2a146,legacy_v1_exposed_test_selection_and_evaluation,paper_v2_unseen_final_after_noisy_dev_decision_lock,8eb56fe7be9e58e0816414d7340608453f4b6cad4f732e9e523a95b2bf9c85c5,65f1bc32cc0acf2139e031da38881a641be0b043c975ce9d0303ca3ec1ca582c,ccaeadc332fb38449fc6063143b190b1498e49dd2d6e39dd471a2174ab5aca8d
vivos_aggregate,results_by_noise_type.csv,legacy_exposed_vivos_300/noise_type=speech,paper_v2_locked_vivos_460/noise_type=speech,role=ordinary_baseline;dataset=vivos;model=phowhisper;model_size=base;train_type=ordinary_lora;lambda=0;seed=42;noise_type=speech,cer,rate,0.18791946308724833,0.116884561891516,,not_comparable_scope,delta withheld: legacy VIVOS uses 300 exposed source utterances; paper-v2 uses the disjoint 460-utterance locked test and MUSAN-test noise,44,36,250,421,a70139c89cbd123b8d0646588b4c7e3dc8c26abf0559cdac6772337d6d1bcfa6,89712f4873a6de7fb84f912d2380419fc48f56c7499ebed5f62528c749a2a146,legacy_v1_exposed_test_selection_and_evaluation,paper_v2_unseen_final_after_noisy_dev_decision_lock,8eb56fe7be9e58e0816414d7340608453f4b6cad4f732e9e523a95b2bf9c85c5,65f1bc32cc0acf2139e031da38881a641be0b043c975ce9d0303ca3ec1ca582c,ccaeadc332fb38449fc6063143b190b1498e49dd2d6e39dd471a2174ab5aca8d
vivos_aggregate,results_by_noise_type.csv,legacy_exposed_vivos_300/noise_type=speech,paper_v2_locked_vivos_460/noise_type=speech,role=ordinary_baseline;dataset=vivos;model=phowhisper;model_size=base;train_type=ordinary_lora;lambda=0;seed=42;noise_type=speech,der,rate,0.010710808179162609,0.0077907623817473565,,not_comparable_scope,delta withheld: legacy VIVOS uses 300 exposed source utterances; paper-v2 uses the disjoint 460-utterance locked test and MUSAN-test noise,44,36,250,421,a70139c89cbd123b8d0646588b4c7e3dc8c26abf0559cdac6772337d6d1bcfa6,89712f4873a6de7fb84f912d2380419fc48f56c7499ebed5f62528c749a2a146,legacy_v1_exposed_test_selection_and_evaluation,paper_v2_unseen_final_after_noisy_dev_decision_lock,8eb56fe7be9e58e0816414d7340608453f4b6cad4f732e9e523a95b2bf9c85c5,65f1bc32cc0acf2139e031da38881a641be0b043c975ce9d0303ca3ec1ca582c,ccaeadc332fb38449fc6063143b190b1498e49dd2d6e39dd471a2174ab5aca8d
vivos_aggregate,results_by_noise_type.csv,legacy_exposed_vivos_300/noise_type=speech,paper_v2_locked_vivos_460/noise_type=speech,role=ordinary_baseline;dataset=vivos;model=phowhisper;model_size=base;train_type=ordinary_lora;lambda=0;seed=42;noise_type=speech,fcer,rate,0.17588769611891,0.1538095238095238,,not_comparable_scope,delta withheld: legacy VIVOS uses 300 exposed source utterances; paper-v2 uses the disjoint 460-utterance locked test and MUSAN-test noise,44,36,250,421,a70139c89cbd123b8d0646588b4c7e3dc8c26abf0559cdac6772337d6d1bcfa6,89712f4873a6de7fb84f912d2380419fc48f56c7499ebed5f62528c749a2a146,legacy_v1_exposed_test_selection_and_evaluation,paper_v2_unseen_final_after_noisy_dev_decision_lock,8eb56fe7be9e58e0816414d7340608453f4b6cad4f732e9e523a95b2bf9c85c5,65f1bc32cc0acf2139e031da38881a641be0b043c975ce9d0303ca3ec1ca582c,ccaeadc332fb38449fc6063143b190b1498e49dd2d6e39dd471a2174ab5aca8d
vivos_aggregate,results_by_noise_type.csv,legacy_exposed_vivos_300/noise_type=speech,paper_v2_locked_vivos_460/noise_type=speech,role=ordinary_baseline;dataset=vivos;model=phowhisper;model_size=base;train_type=ordinary_lora;lambda=0;seed=42;noise_type=speech,swdr,rate,0.00847457627118644,0.0048543689320388345,,not_comparable_scope,delta withheld: legacy VIVOS uses 300 exposed source utterances; paper-v2 uses the disjoint 460-utterance locked test and MUSAN-test noise,44,36,250,421,a70139c89cbd123b8d0646588b4c7e3dc8c26abf0559cdac6772337d6d1bcfa6,89712f4873a6de7fb84f912d2380419fc48f56c7499ebed5f62528c749a2a146,legacy_v1_exposed_test_selection_and_evaluation,paper_v2_unseen_final_after_noisy_dev_decision_lock,8eb56fe7be9e58e0816414d7340608453f4b6cad4f732e9e523a95b2bf9c85c5,65f1bc32cc0acf2139e031da38881a641be0b043c975ce9d0303ca3ec1ca582c,ccaeadc332fb38449fc6063143b190b1498e49dd2d6e39dd471a2174ab5aca8d
vivos_aggregate,results_by_noise_type.csv,legacy_exposed_vivos_300/noise_type=speech,paper_v2_locked_vivos_460/noise_type=speech,role=ordinary_baseline;dataset=vivos;model=phowhisper;model_size=base;train_type=ordinary_lora;lambda=0;seed=42;noise_type=speech,ter,rate,0.026341463414634145,0.022752497225305215,,not_comparable_scope,delta withheld: legacy VIVOS uses 300 exposed source utterances; paper-v2 uses the disjoint 460-utterance locked test and MUSAN-test noise,44,36,250,421,a70139c89cbd123b8d0646588b4c7e3dc8c26abf0559cdac6772337d6d1bcfa6,89712f4873a6de7fb84f912d2380419fc48f56c7499ebed5f62528c749a2a146,legacy_v1_exposed_test_selection_and_evaluation,paper_v2_unseen_final_after_noisy_dev_decision_lock,8eb56fe7be9e58e0816414d7340608453f4b6cad4f732e9e523a95b2bf9c85c5,65f1bc32cc0acf2139e031da38881a641be0b043c975ce9d0303ca3ec1ca582c,ccaeadc332fb38449fc6063143b190b1498e49dd2d6e39dd471a2174ab5aca8d
vivos_aggregate,results_by_noise_type.csv,legacy_exposed_vivos_300/noise_type=speech,paper_v2_locked_vivos_460/noise_type=speech,role=ordinary_baseline;dataset=vivos;model=phowhisper;model_size=base;train_type=ordinary_lora;lambda=0;seed=42;noise_type=speech,wer,rate,0.28006522625356706,0.19428706326723325,,not_comparable_scope,delta withheld: legacy VIVOS uses 300 exposed source utterances; paper-v2 uses the disjoint 460-utterance locked test and MUSAN-test noise,44,36,250,421,a70139c89cbd123b8d0646588b4c7e3dc8c26abf0559cdac6772337d6d1bcfa6,89712f4873a6de7fb84f912d2380419fc48f56c7499ebed5f62528c749a2a146,legacy_v1_exposed_test_selection_and_evaluation,paper_v2_unseen_final_after_noisy_dev_decision_lock,8eb56fe7be9e58e0816414d7340608453f4b6cad4f732e9e523a95b2bf9c85c5,65f1bc32cc0acf2139e031da38881a641be0b043c975ce9d0303ca3ec1ca582c,ccaeadc332fb38449fc6063143b190b1498e49dd2d6e39dd471a2174ab5aca8d
vivos_aggregate,results_by_noise_type.csv,legacy_exposed_vivos_300/noise_type=clean,paper_v2_locked_vivos_460/noise_type=clean,role=selected_method;dataset=vivos;model=phowhisper;model_size=base;train_type=tone_aware_lora;lambda=0.05;seed=42;noise_type=clean,cer,rate,0.032795740412068834,0.038612961841308295,,not_comparable_scope,delta withheld: legacy VIVOS uses 300 exposed source utterances; paper-v2 uses the disjoint 460-utterance locked test and MUSAN-test noise,44,36,300,460,a70139c89cbd123b8d0646588b4c7e3dc8c26abf0559cdac6772337d6d1bcfa6,89712f4873a6de7fb84f912d2380419fc48f56c7499ebed5f62528c749a2a146,legacy_v1_exposed_test_selection_and_evaluation,paper_v2_unseen_final_after_noisy_dev_decision_lock,8eb56fe7be9e58e0816414d7340608453f4b6cad4f732e9e523a95b2bf9c85c5,65f1bc32cc0acf2139e031da38881a641be0b043c975ce9d0303ca3ec1ca582c,ccaeadc332fb38449fc6063143b190b1498e49dd2d6e39dd471a2174ab5aca8d
vivos_aggregate,results_by_noise_type.csv,legacy_exposed_vivos_300/noise_type=clean,paper_v2_locked_vivos_460/noise_type=clean,role=selected_method;dataset=vivos;model=phowhisper;model_size=base;train_type=tone_aware_lora;lambda=0.05;seed=42;noise_type=clean,der,rate,0.006594932315168344,0.008020164986251146,,not_comparable_scope,delta withheld: legacy VIVOS uses 300 exposed source utterances; paper-v2 uses the disjoint 460-utterance locked test and MUSAN-test noise,44,36,300,460,a70139c89cbd123b8d0646588b4c7e3dc8c26abf0559cdac6772337d6d1bcfa6,89712f4873a6de7fb84f912d2380419fc48f56c7499ebed5f62528c749a2a146,legacy_v1_exposed_test_selection_and_evaluation,paper_v2_unseen_final_after_noisy_dev_decision_lock,8eb56fe7be9e58e0816414d7340608453f4b6cad4f732e9e523a95b2bf9c85c5,65f1bc32cc0acf2139e031da38881a641be0b043c975ce9d0303ca3ec1ca582c,ccaeadc332fb38449fc6063143b190b1498e49dd2d6e39dd471a2174ab5aca8d
vivos_aggregate,results_by_noise_type.csv,legacy_exposed_vivos_300/noise_type=clean,paper_v2_locked_vivos_460/noise_type=clean,role=selected_method;dataset=vivos;model=phowhisper;model_size=base;train_type=tone_aware_lora;lambda=0.05;seed=42;noise_type=clean,fcer,rate,0.03949967083607637,0.04854789770264413,,not_comparable_scope,delta withheld: legacy VIVOS uses 300 exposed source utterances; paper-v2 uses the disjoint 460-utterance locked test and MUSAN-test noise,44,36,300,460,a70139c89cbd123b8d0646588b4c7e3dc8c26abf0559cdac6772337d6d1bcfa6,89712f4873a6de7fb84f912d2380419fc48f56c7499ebed5f62528c749a2a146,legacy_v1_exposed_test_selection_and_evaluation,paper_v2_unseen_final_after_noisy_dev_decision_lock,8eb56fe7be9e58e0816414d7340608453f4b6cad4f732e9e523a95b2bf9c85c5,65f1bc32cc0acf2139e031da38881a641be0b043c975ce9d0303ca3ec1ca582c,ccaeadc332fb38449fc6063143b190b1498e49dd2d6e39dd471a2174ab5aca8d
vivos_aggregate,results_by_noise_type.csv,legacy_exposed_vivos_300/noise_type=clean,paper_v2_locked_vivos_460/noise_type=clean,role=selected_method;dataset=vivos;model=phowhisper;model_size=base;train_type=tone_aware_lora;lambda=0.05;seed=42;noise_type=clean,swdr,rate,0.0,0.004405286343612335,,not_comparable_scope,delta withheld: legacy VIVOS uses 300 exposed source utterances; paper-v2 uses the disjoint 460-utterance locked test and MUSAN-test noise,44,36,300,460,a70139c89cbd123b8d0646588b4c7e3dc8c26abf0559cdac6772337d6d1bcfa6,89712f4873a6de7fb84f912d2380419fc48f56c7499ebed5f62528c749a2a146,legacy_v1_exposed_test_selection_and_evaluation,paper_v2_unseen_final_after_noisy_dev_decision_lock,8eb56fe7be9e58e0816414d7340608453f4b6cad4f732e9e523a95b2bf9c85c5,65f1bc32cc0acf2139e031da38881a641be0b043c975ce9d0303ca3ec1ca582c,ccaeadc332fb38449fc6063143b190b1498e49dd2d6e39dd471a2174ab5aca8d
vivos_aggregate,results_by_noise_type.csv,legacy_exposed_vivos_300/noise_type=clean,paper_v2_locked_vivos_460/noise_type=clean,role=selected_method;dataset=vivos;model=phowhisper;model_size=base;train_type=tone_aware_lora;lambda=0.05;seed=42;noise_type=clean,ter,rate,0.009401114206128134,0.011748445058742226,,not_comparable_scope,delta withheld: legacy VIVOS uses 300 exposed source utterances; paper-v2 uses the disjoint 460-utterance locked test and MUSAN-test noise,44,36,300,460,a70139c89cbd123b8d0646588b4c7e3dc8c26abf0559cdac6772337d6d1bcfa6,89712f4873a6de7fb84f912d2380419fc48f56c7499ebed5f62528c749a2a146,legacy_v1_exposed_test_selection_and_evaluation,paper_v2_unseen_final_after_noisy_dev_decision_lock,8eb56fe7be9e58e0816414d7340608453f4b6cad4f732e9e523a95b2bf9c85c5,65f1bc32cc0acf2139e031da38881a641be0b043c975ce9d0303ca3ec1ca582c,ccaeadc332fb38449fc6063143b190b1498e49dd2d6e39dd471a2174ab5aca8d
vivos_aggregate,results_by_noise_type.csv,legacy_exposed_vivos_300/noise_type=clean,paper_v2_locked_vivos_460/noise_type=clean,role=selected_method;dataset=vivos;model=phowhisper;model_size=base;train_type=tone_aware_lora;lambda=0.05;seed=42;noise_type=clean,wer,rate,0.07348138471587198,0.08369098712446352,,not_comparable_scope,delta withheld: legacy VIVOS uses 300 exposed source utterances; paper-v2 uses the disjoint 460-utterance locked test and MUSAN-test noise,44,36,300,460,a70139c89cbd123b8d0646588b4c7e3dc8c26abf0559cdac6772337d6d1bcfa6,89712f4873a6de7fb84f912d2380419fc48f56c7499ebed5f62528c749a2a146,legacy_v1_exposed_test_selection_and_evaluation,paper_v2_unseen_final_after_noisy_dev_decision_lock,8eb56fe7be9e58e0816414d7340608453f4b6cad4f732e9e523a95b2bf9c85c5,65f1bc32cc0acf2139e031da38881a641be0b043c975ce9d0303ca3ec1ca582c,ccaeadc332fb38449fc6063143b190b1498e49dd2d6e39dd471a2174ab5aca8d
vivos_aggregate,results_by_noise_type.csv,legacy_exposed_vivos_300/noise_type=music,paper_v2_locked_vivos_460/noise_type=music,role=selected_method;dataset=vivos;model=phowhisper;model_size=base;train_type=tone_aware_lora;lambda=0.05;seed=42;noise_type=music,cer,rate,0.061678289699325484,0.06338538312942692,,not_comparable_scope,delta withheld: legacy VIVOS uses 300 exposed source utterances; paper-v2 uses the disjoint 460-utterance locked test and MUSAN-test noise,44,36,394,582,a70139c89cbd123b8d0646588b4c7e3dc8c26abf0559cdac6772337d6d1bcfa6,89712f4873a6de7fb84f912d2380419fc48f56c7499ebed5f62528c749a2a146,legacy_v1_exposed_test_selection_and_evaluation,paper_v2_unseen_final_after_noisy_dev_decision_lock,8eb56fe7be9e58e0816414d7340608453f4b6cad4f732e9e523a95b2bf9c85c5,65f1bc32cc0acf2139e031da38881a641be0b043c975ce9d0303ca3ec1ca582c,ccaeadc332fb38449fc6063143b190b1498e49dd2d6e39dd471a2174ab5aca8d
vivos_aggregate,results_by_noise_type.csv,legacy_exposed_vivos_300/noise_type=music,paper_v2_locked_vivos_460/noise_type=music,role=selected_method;dataset=vivos;model=phowhisper;model_size=base;train_type=tone_aware_lora;lambda=0.05;seed=42;noise_type=music,der,rate,0.00975609756097561,0.00974025974025974,,not_comparable_scope,delta withheld: legacy VIVOS uses 300 exposed source utterances; paper-v2 uses the disjoint 460-utterance locked test and MUSAN-test noise,44,36,394,582,a70139c89cbd123b8d0646588b4c7e3dc8c26abf0559cdac6772337d6d1bcfa6,89712f4873a6de7fb84f912d2380419fc48f56c7499ebed5f62528c749a2a146,legacy_v1_exposed_test_selection_and_evaluation,paper_v2_unseen_final_after_noisy_dev_decision_lock,8eb56fe7be9e58e0816414d7340608453f4b6cad4f732e9e523a95b2bf9c85c5,65f1bc32cc0acf2139e031da38881a641be0b043c975ce9d0303ca3ec1ca582c,ccaeadc332fb38449fc6063143b190b1498e49dd2d6e39dd471a2174ab5aca8d
vivos_aggregate,results_by_noise_type.csv,legacy_exposed_vivos_300/noise_type=music,paper_v2_locked_vivos_460/noise_type=music,role=selected_method;dataset=vivos;model=phowhisper;model_size=base;train_type=tone_aware_lora;lambda=0.05;seed=42;noise_type=music,fcer,rate,0.08473760231102552,0.08629441624365482,,not_comparable_scope,delta withheld: legacy VIVOS uses 300 exposed source utterances; paper-v2 uses the disjoint 460-utterance locked test and MUSAN-test noise,44,36,394,582,a70139c89cbd123b8d0646588b4c7e3dc8c26abf0559cdac6772337d6d1bcfa6,89712f4873a6de7fb84f912d2380419fc48f56c7499ebed5f62528c749a2a146,legacy_v1_exposed_test_selection_and_evaluation,paper_v2_unseen_final_after_noisy_dev_decision_lock,8eb56fe7be9e58e0816414d7340608453f4b6cad4f732e9e523a95b2bf9c85c5,65f1bc32cc0acf2139e031da38881a641be0b043c975ce9d0303ca3ec1ca582c,ccaeadc332fb38449fc6063143b190b1498e49dd2d6e39dd471a2174ab5aca8d
vivos_aggregate,results_by_noise_type.csv,legacy_exposed_vivos_300/noise_type=music,paper_v2_locked_vivos_460/noise_type=music,role=selected_method;dataset=vivos;model=phowhisper;model_size=base;train_type=tone_aware_lora;lambda=0.05;seed=42;noise_type=music,swdr,rate,0.005291005291005291,0.0,,not_comparable_scope,delta withheld: legacy VIVOS uses 300 exposed source utterances; paper-v2 uses the disjoint 460-utterance locked test and MUSAN-test noise,44,36,394,582,a70139c89cbd123b8d0646588b4c7e3dc8c26abf0559cdac6772337d6d1bcfa6,89712f4873a6de7fb84f912d2380419fc48f56c7499ebed5f62528c749a2a146,legacy_v1_exposed_test_selection_and_evaluation,paper_v2_unseen_final_after_noisy_dev_decision_lock,8eb56fe7be9e58e0816414d7340608453f4b6cad4f732e9e523a95b2bf9c85c5,65f1bc32cc0acf2139e031da38881a641be0b043c975ce9d0303ca3ec1ca582c,ccaeadc332fb38449fc6063143b190b1498e49dd2d6e39dd471a2174ab5aca8d
vivos_aggregate,results_by_noise_type.csv,legacy_exposed_vivos_300/noise_type=music,paper_v2_locked_vivos_460/noise_type=music,role=selected_method;dataset=vivos;model=phowhisper;model_size=base;train_type=tone_aware_lora;lambda=0.05;seed=42;noise_type=music,ter,rate,0.013885107541519195,0.017287744909719554,,not_comparable_scope,delta withheld: legacy VIVOS uses 300 exposed source utterances; paper-v2 uses the disjoint 460-utterance locked test and MUSAN-test noise,44,36,394,582,a70139c89cbd123b8d0646588b4c7e3dc8c26abf0559cdac6772337d6d1bcfa6,89712f4873a6de7fb84f912d2380419fc48f56c7499ebed5f62528c749a2a146,legacy_v1_exposed_test_selection_and_evaluation,paper_v2_unseen_final_after_noisy_dev_decision_lock,8eb56fe7be9e58e0816414d7340608453f4b6cad4f732e9e523a95b2bf9c85c5,65f1bc32cc0acf2139e031da38881a641be0b043c975ce9d0303ca3ec1ca582c,ccaeadc332fb38449fc6063143b190b1498e49dd2d6e39dd471a2174ab5aca8d
vivos_aggregate,results_by_noise_type.csv,legacy_exposed_vivos_300/noise_type=music,paper_v2_locked_vivos_460/noise_type=music,role=selected_method;dataset=vivos;model=phowhisper;model_size=base;train_type=tone_aware_lora;lambda=0.05;seed=42;noise_type=music,wer,rate,0.12332765750425687,0.12912604754574997,,not_comparable_scope,delta withheld: legacy VIVOS uses 300 exposed source utterances; paper-v2 uses the disjoint 460-utterance locked test and MUSAN-test noise,44,36,394,582,a70139c89cbd123b8d0646588b4c7e3dc8c26abf0559cdac6772337d6d1bcfa6,89712f4873a6de7fb84f912d2380419fc48f56c7499ebed5f62528c749a2a146,legacy_v1_exposed_test_selection_and_evaluation,paper_v2_unseen_final_after_noisy_dev_decision_lock,8eb56fe7be9e58e0816414d7340608453f4b6cad4f732e9e523a95b2bf9c85c5,65f1bc32cc0acf2139e031da38881a641be0b043c975ce9d0303ca3ec1ca582c,ccaeadc332fb38449fc6063143b190b1498e49dd2d6e39dd471a2174ab5aca8d
vivos_aggregate,results_by_noise_type.csv,legacy_exposed_vivos_300/noise_type=noise,paper_v2_locked_vivos_460/noise_type=noise,role=selected_method;dataset=vivos;model=phowhisper;model_size=base;train_type=tone_aware_lora;lambda=0.05;seed=42;noise_type=noise,cer,rate,0.055691783383899254,0.06179821551132464,,not_comparable_scope,delta withheld: legacy VIVOS uses 300 exposed source utterances; paper-v2 uses the disjoint 460-utterance locked test and MUSAN-test noise,44,36,556,837,a70139c89cbd123b8d0646588b4c7e3dc8c26abf0559cdac6772337d6d1bcfa6,89712f4873a6de7fb84f912d2380419fc48f56c7499ebed5f62528c749a2a146,legacy_v1_exposed_test_selection_and_evaluation,paper_v2_unseen_final_after_noisy_dev_decision_lock,8eb56fe7be9e58e0816414d7340608453f4b6cad4f732e9e523a95b2bf9c85c5,65f1bc32cc0acf2139e031da38881a641be0b043c975ce9d0303ca3ec1ca582c,ccaeadc332fb38449fc6063143b190b1498e49dd2d6e39dd471a2174ab5aca8d
vivos_aggregate,results_by_noise_type.csv,legacy_exposed_vivos_300/noise_type=noise,paper_v2_locked_vivos_460/noise_type=noise,role=selected_method;dataset=vivos;model=phowhisper;model_size=base;train_type=tone_aware_lora;lambda=0.05;seed=42;noise_type=noise,der,rate,0.0069605568445475635,0.01075965776510241,,not_comparable_scope,delta withheld: legacy VIVOS uses 300 exposed source utterances; paper-v2 uses the disjoint 460-utterance locked test and MUSAN-test noise,44,36,556,837,a70139c89cbd123b8d0646588b4c7e3dc8c26abf0559cdac6772337d6d1bcfa6,89712f4873a6de7fb84f912d2380419fc48f56c7499ebed5f62528c749a2a146,legacy_v1_exposed_test_selection_and_evaluation,paper_v2_unseen_final_after_noisy_dev_decision_lock,8eb56fe7be9e58e0816414d7340608453f4b6cad4f732e9e523a95b2bf9c85c5,65f1bc32cc0acf2139e031da38881a641be0b043c975ce9d0303ca3ec1ca582c,ccaeadc332fb38449fc6063143b190b1498e49dd2d6e39dd471a2174ab5aca8d
vivos_aggregate,results_by_noise_type.csv,legacy_exposed_vivos_300/noise_type=noise,paper_v2_locked_vivos_460/noise_type=noise,role=selected_method;dataset=vivos;model=phowhisper;model_size=base;train_type=tone_aware_lora;lambda=0.05;seed=42;noise_type=noise,fcer,rate,0.07880910683012259,0.07634484378670425,,not_comparable_scope,delta withheld: legacy VIVOS uses 300 exposed source utterances; paper-v2 uses the disjoint 460-utterance locked test and MUSAN-test noise,44,36,556,837,a70139c89cbd123b8d0646588b4c7e3dc8c26abf0559cdac6772337d6d1bcfa6,89712f4873a6de7fb84f912d2380419fc48f56c7499ebed5f62528c749a2a146,legacy_v1_exposed_test_selection_and_evaluation,paper_v2_unseen_final_after_noisy_dev_decision_lock,8eb56fe7be9e58e0816414d7340608453f4b6cad4f732e9e523a95b2bf9c85c5,65f1bc32cc0acf2139e031da38881a641be0b043c975ce9d0303ca3ec1ca582c,ccaeadc332fb38449fc6063143b190b1498e49dd2d6e39dd471a2174ab5aca8d
vivos_aggregate,results_by_noise_type.csv,legacy_exposed_vivos_300/noise_type=noise,paper_v2_locked_vivos_460/noise_type=noise,role=selected_method;dataset=vivos;model=phowhisper;model_size=base;train_type=tone_aware_lora;lambda=0.05;seed=42;noise_type=noise,swdr,rate,0.0,0.007211538461538462,,not_comparable_scope,delta withheld: legacy VIVOS uses 300 exposed source utterances; paper-v2 uses the disjoint 460-utterance locked test and MUSAN-test noise,44,36,556,837,a70139c89cbd123b8d0646588b4c7e3dc8c26abf0559cdac6772337d6d1bcfa6,89712f4873a6de7fb84f912d2380419fc48f56c7499ebed5f62528c749a2a146,legacy_v1_exposed_test_selection_and_evaluation,paper_v2_unseen_final_after_noisy_dev_decision_lock,8eb56fe7be9e58e0816414d7340608453f4b6cad4f732e9e523a95b2bf9c85c5,65f1bc32cc0acf2139e031da38881a641be0b043c975ce9d0303ca3ec1ca582c,ccaeadc332fb38449fc6063143b190b1498e49dd2d6e39dd471a2174ab5aca8d
vivos_aggregate,results_by_noise_type.csv,legacy_exposed_vivos_300/noise_type=noise,paper_v2_locked_vivos_460/noise_type=noise,role=selected_method;dataset=vivos;model=phowhisper;model_size=base;train_type=tone_aware_lora;lambda=0.05;seed=42;noise_type=noise,ter,rate,0.013170637226418749,0.015669887699138157,,not_comparable_scope,delta withheld: legacy VIVOS uses 300 exposed source utterances; paper-v2 uses the disjoint 460-utterance locked test and MUSAN-test noise,44,36,556,837,a70139c89cbd123b8d0646588b4c7e3dc8c26abf0559cdac6772337d6d1bcfa6,89712f4873a6de7fb84f912d2380419fc48f56c7499ebed5f62528c749a2a146,legacy_v1_exposed_test_selection_and_evaluation,paper_v2_unseen_final_after_noisy_dev_decision_lock,8eb56fe7be9e58e0816414d7340608453f4b6cad4f732e9e523a95b2bf9c85c5,65f1bc32cc0acf2139e031da38881a641be0b043c975ce9d0303ca3ec1ca582c,ccaeadc332fb38449fc6063143b190b1498e49dd2d6e39dd471a2174ab5aca8d
vivos_aggregate,results_by_noise_type.csv,legacy_exposed_vivos_300/noise_type=noise,paper_v2_locked_vivos_460/noise_type=noise,role=selected_method;dataset=vivos;model=phowhisper;model_size=base;train_type=tone_aware_lora;lambda=0.05;seed=42;noise_type=noise,wer,rate,0.10890218156228008,0.1266799111838261,,not_comparable_scope,delta withheld: legacy VIVOS uses 300 exposed source utterances; paper-v2 uses the disjoint 460-utterance locked test and MUSAN-test noise,44,36,556,837,a70139c89cbd123b8d0646588b4c7e3dc8c26abf0559cdac6772337d6d1bcfa6,89712f4873a6de7fb84f912d2380419fc48f56c7499ebed5f62528c749a2a146,legacy_v1_exposed_test_selection_and_evaluation,paper_v2_unseen_final_after_noisy_dev_decision_lock,8eb56fe7be9e58e0816414d7340608453f4b6cad4f732e9e523a95b2bf9c85c5,65f1bc32cc0acf2139e031da38881a641be0b043c975ce9d0303ca3ec1ca582c,ccaeadc332fb38449fc6063143b190b1498e49dd2d6e39dd471a2174ab5aca8d
vivos_aggregate,results_by_noise_type.csv,legacy_exposed_vivos_300/noise_type=speech,paper_v2_locked_vivos_460/noise_type=speech,role=selected_method;dataset=vivos;model=phowhisper;model_size=base;train_type=tone_aware_lora;lambda=0.05;seed=42;noise_type=speech,cer,rate,0.16564536523684467,0.11031988873435326,,not_comparable_scope,delta withheld: legacy VIVOS uses 300 exposed source utterances; paper-v2 uses the disjoint 460-utterance locked test and MUSAN-test noise,44,36,250,421,a70139c89cbd123b8d0646588b4c7e3dc8c26abf0559cdac6772337d6d1bcfa6,89712f4873a6de7fb84f912d2380419fc48f56c7499ebed5f62528c749a2a146,legacy_v1_exposed_test_selection_and_evaluation,paper_v2_unseen_final_after_noisy_dev_decision_lock,8eb56fe7be9e58e0816414d7340608453f4b6cad4f732e9e523a95b2bf9c85c5,65f1bc32cc0acf2139e031da38881a641be0b043c975ce9d0303ca3ec1ca582c,ccaeadc332fb38449fc6063143b190b1498e49dd2d6e39dd471a2174ab5aca8d
vivos_aggregate,results_by_noise_type.csv,legacy_exposed_vivos_300/noise_type=speech,paper_v2_locked_vivos_460/noise_type=speech,role=selected_method;dataset=vivos;model=phowhisper;model_size=base;train_type=tone_aware_lora;lambda=0.05;seed=42;noise_type=speech,der,rate,0.009704027171276079,0.008356545961002786,,not_comparable_scope,delta withheld: legacy VIVOS uses 300 exposed source utterances; paper-v2 uses the disjoint 460-utterance locked test and MUSAN-test noise,44,36,250,421,a70139c89cbd123b8d0646588b4c7e3dc8c26abf0559cdac6772337d6d1bcfa6,89712f4873a6de7fb84f912d2380419fc48f56c7499ebed5f62528c749a2a146,legacy_v1_exposed_test_selection_and_evaluation,paper_v2_unseen_final_after_noisy_dev_decision_lock,8eb56fe7be9e58e0816414d7340608453f4b6cad4f732e9e523a95b2bf9c85c5,65f1bc32cc0acf2139e031da38881a641be0b043c975ce9d0303ca3ec1ca582c,ccaeadc332fb38449fc6063143b190b1498e49dd2d6e39dd471a2174ab5aca8d
vivos_aggregate,results_by_noise_type.csv,legacy_exposed_vivos_300/noise_type=speech,paper_v2_locked_vivos_460/noise_type=speech,role=selected_method;dataset=vivos;model=phowhisper;model_size=base;train_type=tone_aware_lora;lambda=0.05;seed=42;noise_type=speech,fcer,rate,0.1676300578034682,0.15102429728442116,,not_comparable_scope,delta withheld: legacy VIVOS uses 300 exposed source utterances; paper-v2 uses the disjoint 460-utterance locked test and MUSAN-test noise,44,36,250,421,a70139c89cbd123b8d0646588b4c7e3dc8c26abf0559cdac6772337d6d1bcfa6,89712f4873a6de7fb84f912d2380419fc48f56c7499ebed5f62528c749a2a146,legacy_v1_exposed_test_selection_and_evaluation,paper_v2_unseen_final_after_noisy_dev_decision_lock,8eb56fe7be9e58e0816414d7340608453f4b6cad4f732e9e523a95b2bf9c85c5,65f1bc32cc0acf2139e031da38881a641be0b043c975ce9d0303ca3ec1ca582c,ccaeadc332fb38449fc6063143b190b1498e49dd2d6e39dd471a2174ab5aca8d
vivos_aggregate,results_by_noise_type.csv,legacy_exposed_vivos_300/noise_type=speech,paper_v2_locked_vivos_460/noise_type=speech,role=selected_method;dataset=vivos;model=phowhisper;model_size=base;train_type=tone_aware_lora;lambda=0.05;seed=42;noise_type=speech,swdr,rate,0.00847457627118644,0.0048543689320388345,,not_comparable_scope,delta withheld: legacy VIVOS uses 300 exposed source utterances; paper-v2 uses the disjoint 460-utterance locked test and MUSAN-test noise,44,36,250,421,a70139c89cbd123b8d0646588b4c7e3dc8c26abf0559cdac6772337d6d1bcfa6,89712f4873a6de7fb84f912d2380419fc48f56c7499ebed5f62528c749a2a146,legacy_v1_exposed_test_selection_and_evaluation,paper_v2_unseen_final_after_noisy_dev_decision_lock,8eb56fe7be9e58e0816414d7340608453f4b6cad4f732e9e523a95b2bf9c85c5,65f1bc32cc0acf2139e031da38881a641be0b043c975ce9d0303ca3ec1ca582c,ccaeadc332fb38449fc6063143b190b1498e49dd2d6e39dd471a2174ab5aca8d
vivos_aggregate,results_by_noise_type.csv,legacy_exposed_vivos_300/noise_type=speech,paper_v2_locked_vivos_460/noise_type=speech,role=selected_method;dataset=vivos;model=phowhisper;model_size=base;train_type=tone_aware_lora;lambda=0.05;seed=42;noise_type=speech,ter,rate,0.02575315840621963,0.024444444444444446,,not_comparable_scope,delta withheld: legacy VIVOS uses 300 exposed source utterances; paper-v2 uses the disjoint 460-utterance locked test and MUSAN-test noise,44,36,250,421,a70139c89cbd123b8d0646588b4c7e3dc8c26abf0559cdac6772337d6d1bcfa6,89712f4873a6de7fb84f912d2380419fc48f56c7499ebed5f62528c749a2a146,legacy_v1_exposed_test_selection_and_evaluation,paper_v2_unseen_final_after_noisy_dev_decision_lock,8eb56fe7be9e58e0816414d7340608453f4b6cad4f732e9e523a95b2bf9c85c5,65f1bc32cc0acf2139e031da38881a641be0b043c975ce9d0303ca3ec1ca582c,ccaeadc332fb38449fc6063143b190b1498e49dd2d6e39dd471a2174ab5aca8d
vivos_aggregate,results_by_noise_type.csv,legacy_exposed_vivos_300/noise_type=speech,paper_v2_locked_vivos_460/noise_type=speech,role=selected_method;dataset=vivos;model=phowhisper;model_size=base;train_type=tone_aware_lora;lambda=0.05;seed=42;noise_type=speech,wer,rate,0.2535670607419486,0.18838526912181303,,not_comparable_scope,delta withheld: legacy VIVOS uses 300 exposed source utterances; paper-v2 uses the disjoint 460-utterance locked test and MUSAN-test noise,44,36,250,421,a70139c89cbd123b8d0646588b4c7e3dc8c26abf0559cdac6772337d6d1bcfa6,89712f4873a6de7fb84f912d2380419fc48f56c7499ebed5f62528c749a2a146,legacy_v1_exposed_test_selection_and_evaluation,paper_v2_unseen_final_after_noisy_dev_decision_lock,8eb56fe7be9e58e0816414d7340608453f4b6cad4f732e9e523a95b2bf9c85c5,65f1bc32cc0acf2139e031da38881a641be0b043c975ce9d0303ca3ec1ca582c,ccaeadc332fb38449fc6063143b190b1498e49dd2d6e39dd471a2174ab5aca8d
vivos_aggregate,results_by_snr.csv,legacy_exposed_vivos_300/snr=0,paper_v2_locked_vivos_460/snr=0,dataset=vivos;model=phowhisper;model_size=base;train_type=tone_aware_lora;lambda=0.3;seed=42;snr=0,cer,rate,0.16459603364457134,,,not_comparable_missing_counterpart,legacy-only selection-screen run,77,63,300,,a70139c89cbd123b8d0646588b4c7e3dc8c26abf0559cdac6772337d6d1bcfa6,89712f4873a6de7fb84f912d2380419fc48f56c7499ebed5f62528c749a2a146,legacy_v1_exposed_test_selection_and_evaluation,paper_v2_unseen_final_after_noisy_dev_decision_lock,a2f50bae2bdd2e09b1828b1fe6c1aacda860db8b596cb07fa47b088a4938bf73,ee80853e084822daeb9f38871c5d2a5992df205f920e689547e71b7858542010,ccaeadc332fb38449fc6063143b190b1498e49dd2d6e39dd471a2174ab5aca8d
vivos_aggregate,results_by_snr.csv,legacy_exposed_vivos_300/snr=0,paper_v2_locked_vivos_460/snr=0,dataset=vivos;model=phowhisper;model_size=base;train_type=tone_aware_lora;lambda=0.3;seed=42;snr=0,der,rate,0.007987220447284345,,,not_comparable_missing_counterpart,legacy-only selection-screen run,77,63,300,,a70139c89cbd123b8d0646588b4c7e3dc8c26abf0559cdac6772337d6d1bcfa6,89712f4873a6de7fb84f912d2380419fc48f56c7499ebed5f62528c749a2a146,legacy_v1_exposed_test_selection_and_evaluation,paper_v2_unseen_final_after_noisy_dev_decision_lock,a2f50bae2bdd2e09b1828b1fe6c1aacda860db8b596cb07fa47b088a4938bf73,ee80853e084822daeb9f38871c5d2a5992df205f920e689547e71b7858542010,ccaeadc332fb38449fc6063143b190b1498e49dd2d6e39dd471a2174ab5aca8d
vivos_aggregate,results_by_snr.csv,legacy_exposed_vivos_300/snr=0,paper_v2_locked_vivos_460/snr=0,dataset=vivos;model=phowhisper;model_size=base;train_type=tone_aware_lora;lambda=0.3;seed=42;snr=0,fcer,rate,0.18216805644644002,,,not_comparable_missing_counterpart,legacy-only selection-screen run,77,63,300,,a70139c89cbd123b8d0646588b4c7e3dc8c26abf0559cdac6772337d6d1bcfa6,89712f4873a6de7fb84f912d2380419fc48f56c7499ebed5f62528c749a2a146,legacy_v1_exposed_test_selection_and_evaluation,paper_v2_unseen_final_after_noisy_dev_decision_lock,a2f50bae2bdd2e09b1828b1fe6c1aacda860db8b596cb07fa47b088a4938bf73,ee80853e084822daeb9f38871c5d2a5992df205f920e689547e71b7858542010,ccaeadc332fb38449fc6063143b190b1498e49dd2d6e39dd471a2174ab5aca8d
vivos_aggregate,results_by_snr.csv,legacy_exposed_vivos_300/snr=0,paper_v2_locked_vivos_460/snr=0,dataset=vivos;model=phowhisper;model_size=base;train_type=tone_aware_lora;lambda=0.3;seed=42;snr=0,swdr,rate,0.006711409395973154,,,not_comparable_missing_counterpart,legacy-only selection-screen run,77,63,300,,a70139c89cbd123b8d0646588b4c7e3dc8c26abf0559cdac6772337d6d1bcfa6,89712f4873a6de7fb84f912d2380419fc48f56c7499ebed5f62528c749a2a146,legacy_v1_exposed_test_selection_and_evaluation,paper_v2_unseen_final_after_noisy_dev_decision_lock,a2f50bae2bdd2e09b1828b1fe6c1aacda860db8b596cb07fa47b088a4938bf73,ee80853e084822daeb9f38871c5d2a5992df205f920e689547e71b7858542010,ccaeadc332fb38449fc6063143b190b1498e49dd2d6e39dd471a2174ab5aca8d
vivos_aggregate,results_by_snr.csv,legacy_exposed_vivos_300/snr=0,paper_v2_locked_vivos_460/snr=0,dataset=vivos;model=phowhisper;model_size=base;train_type=tone_aware_lora;lambda=0.3;seed=42;snr=0,ter,rate,0.025917065390749602,,,not_comparable_missing_counterpart,legacy-only selection-screen run,77,63,300,,a70139c89cbd123b8d0646588b4c7e3dc8c26abf0559cdac6772337d6d1bcfa6,89712f4873a6de7fb84f912d2380419fc48f56c7499ebed5f62528c749a2a146,legacy_v1_exposed_test_selection_and_evaluation,paper_v2_unseen_final_after_noisy_dev_decision_lock,a2f50bae2bdd2e09b1828b1fe6c1aacda860db8b596cb07fa47b088a4938bf73,ee80853e084822daeb9f38871c5d2a5992df205f920e689547e71b7858542010,ccaeadc332fb38449fc6063143b190b1498e49dd2d6e39dd471a2174ab5aca8d
vivos_aggregate,results_by_snr.csv,legacy_exposed_vivos_300/snr=0,paper_v2_locked_vivos_460/snr=0,dataset=vivos;model=phowhisper;model_size=base;train_type=tone_aware_lora;lambda=0.3;seed=42;snr=0,wer,rate,0.2691051600261267,,,not_comparable_missing_counterpart,legacy-only selection-screen run,77,63,300,,a70139c89cbd123b8d0646588b4c7e3dc8c26abf0559cdac6772337d6d1bcfa6,89712f4873a6de7fb84f912d2380419fc48f56c7499ebed5f62528c749a2a146,legacy_v1_exposed_test_selection_and_evaluation,paper_v2_unseen_final_after_noisy_dev_decision_lock,a2f50bae2bdd2e09b1828b1fe6c1aacda860db8b596cb07fa47b088a4938bf73,ee80853e084822daeb9f38871c5d2a5992df205f920e689547e71b7858542010,ccaeadc332fb38449fc6063143b190b1498e49dd2d6e39dd471a2174ab5aca8d
vivos_aggregate,results_by_snr.csv,legacy_exposed_vivos_300/snr=10,paper_v2_locked_vivos_460/snr=10,dataset=vivos;model=phowhisper;model_size=base;train_type=tone_aware_lora;lambda=0.3;seed=42;snr=10,cer,rate,0.05193301952311135,,,not_comparable_missing_counterpart,legacy-only selection-screen run,77,63,300,,a70139c89cbd123b8d0646588b4c7e3dc8c26abf0559cdac6772337d6d1bcfa6,89712f4873a6de7fb84f912d2380419fc48f56c7499ebed5f62528c749a2a146,legacy_v1_exposed_test_selection_and_evaluation,paper_v2_unseen_final_after_noisy_dev_decision_lock,a2f50bae2bdd2e09b1828b1fe6c1aacda860db8b596cb07fa47b088a4938bf73,ee80853e084822daeb9f38871c5d2a5992df205f920e689547e71b7858542010,ccaeadc332fb38449fc6063143b190b1498e49dd2d6e39dd471a2174ab5aca8d
vivos_aggregate,results_by_snr.csv,legacy_exposed_vivos_300/snr=10,paper_v2_locked_vivos_460/snr=10,dataset=vivos;model=phowhisper;model_size=base;train_type=tone_aware_lora;lambda=0.3;seed=42;snr=10,der,rate,0.008507621410847217,,,not_comparable_missing_counterpart,legacy-only selection-screen run,77,63,300,,a70139c89cbd123b8d0646588b4c7e3dc8c26abf0559cdac6772337d6d1bcfa6,89712f4873a6de7fb84f912d2380419fc48f56c7499ebed5f62528c749a2a146,legacy_v1_exposed_test_selection_and_evaluation,paper_v2_unseen_final_after_noisy_dev_decision_lock,a2f50bae2bdd2e09b1828b1fe6c1aacda860db8b596cb07fa47b088a4938bf73,ee80853e084822daeb9f38871c5d2a5992df205f920e689547e71b7858542010,ccaeadc332fb38449fc6063143b190b1498e49dd2d6e39dd471a2174ab5aca8d
vivos_aggregate,results_by_snr.csv,legacy_exposed_vivos_300/snr=10,paper_v2_locked_vivos_460/snr=10,dataset=vivos;model=phowhisper;model_size=base;train_type=tone_aware_lora;lambda=0.3;seed=42;snr=10,fcer,rate,0.05847568988173456,,,not_comparable_missing_counterpart,legacy-only selection-screen run,77,63,300,,a70139c89cbd123b8d0646588b4c7e3dc8c26abf0559cdac6772337d6d1bcfa6,89712f4873a6de7fb84f912d2380419fc48f56c7499ebed5f62528c749a2a146,legacy_v1_exposed_test_selection_and_evaluation,paper_v2_unseen_final_after_noisy_dev_decision_lock,a2f50bae2bdd2e09b1828b1fe6c1aacda860db8b596cb07fa47b088a4938bf73,ee80853e084822daeb9f38871c5d2a5992df205f920e689547e71b7858542010,ccaeadc332fb38449fc6063143b190b1498e49dd2d6e39dd471a2174ab5aca8d
vivos_aggregate,results_by_snr.csv,legacy_exposed_vivos_300/snr=10,paper_v2_locked_vivos_460/snr=10,dataset=vivos;model=phowhisper;model_size=base;train_type=tone_aware_lora;lambda=0.3;seed=42;snr=10,swdr,rate,0.0,,,not_comparable_missing_counterpart,legacy-only selection-screen run,77,63,300,,a70139c89cbd123b8d0646588b4c7e3dc8c26abf0559cdac6772337d6d1bcfa6,89712f4873a6de7fb84f912d2380419fc48f56c7499ebed5f62528c749a2a146,legacy_v1_exposed_test_selection_and_evaluation,paper_v2_unseen_final_after_noisy_dev_decision_lock,a2f50bae2bdd2e09b1828b1fe6c1aacda860db8b596cb07fa47b088a4938bf73,ee80853e084822daeb9f38871c5d2a5992df205f920e689547e71b7858542010,ccaeadc332fb38449fc6063143b190b1498e49dd2d6e39dd471a2174ab5aca8d
vivos_aggregate,results_by_snr.csv,legacy_exposed_vivos_300/snr=10,paper_v2_locked_vivos_460/snr=10,dataset=vivos;model=phowhisper;model_size=base;train_type=tone_aware_lora;lambda=0.3;seed=42;snr=10,ter,rate,0.011760513186029936,,,not_comparable_missing_counterpart,legacy-only selection-screen run,77,63,300,,a70139c89cbd123b8d0646588b4c7e3dc8c26abf0559cdac6772337d6d1bcfa6,89712f4873a6de7fb84f912d2380419fc48f56c7499ebed5f62528c749a2a146,legacy_v1_exposed_test_selection_and_evaluation,paper_v2_unseen_final_after_noisy_dev_decision_lock,a2f50bae2bdd2e09b1828b1fe6c1aacda860db8b596cb07fa47b088a4938bf73,ee80853e084822daeb9f38871c5d2a5992df205f920e689547e71b7858542010,ccaeadc332fb38449fc6063143b190b1498e49dd2d6e39dd471a2174ab5aca8d
vivos_aggregate,results_by_snr.csv,legacy_exposed_vivos_300/snr=10,paper_v2_locked_vivos_460/snr=10,dataset=vivos;model=phowhisper;model_size=base;train_type=tone_aware_lora;lambda=0.3;seed=42;snr=10,wer,rate,0.10418027433050293,,,not_comparable_missing_counterpart,legacy-only selection-screen run,77,63,300,,a70139c89cbd123b8d0646588b4c7e3dc8c26abf0559cdac6772337d6d1bcfa6,89712f4873a6de7fb84f912d2380419fc48f56c7499ebed5f62528c749a2a146,legacy_v1_exposed_test_selection_and_evaluation,paper_v2_unseen_final_after_noisy_dev_decision_lock,a2f50bae2bdd2e09b1828b1fe6c1aacda860db8b596cb07fa47b088a4938bf73,ee80853e084822daeb9f38871c5d2a5992df205f920e689547e71b7858542010,ccaeadc332fb38449fc6063143b190b1498e49dd2d6e39dd471a2174ab5aca8d
vivos_aggregate,results_by_snr.csv,legacy_exposed_vivos_300/snr=20,paper_v2_locked_vivos_460/snr=20,dataset=vivos;model=phowhisper;model_size=base;train_type=tone_aware_lora;lambda=0.3;seed=42;snr=20,cer,rate,0.04159271548730612,,,not_comparable_missing_counterpart,legacy-only selection-screen run,77,63,300,,a70139c89cbd123b8d0646588b4c7e3dc8c26abf0559cdac6772337d6d1bcfa6,89712f4873a6de7fb84f912d2380419fc48f56c7499ebed5f62528c749a2a146,legacy_v1_exposed_test_selection_and_evaluation,paper_v2_unseen_final_after_noisy_dev_decision_lock,a2f50bae2bdd2e09b1828b1fe6c1aacda860db8b596cb07fa47b088a4938bf73,ee80853e084822daeb9f38871c5d2a5992df205f920e689547e71b7858542010,ccaeadc332fb38449fc6063143b190b1498e49dd2d6e39dd471a2174ab5aca8d
vivos_aggregate,results_by_snr.csv,legacy_exposed_vivos_300/snr=20,paper_v2_locked_vivos_460/snr=20,dataset=vivos;model=phowhisper;model_size=base;train_type=tone_aware_lora;lambda=0.3;seed=42;snr=20,der,rate,0.007713884992987377,,,not_comparable_missing_counterpart,legacy-only selection-screen run,77,63,300,,a70139c89cbd123b8d0646588b4c7e3dc8c26abf0559cdac6772337d6d1bcfa6,89712f4873a6de7fb84f912d2380419fc48f56c7499ebed5f62528c749a2a146,legacy_v1_exposed_test_selection_and_evaluation,paper_v2_unseen_final_after_noisy_dev_decision_lock,a2f50bae2bdd2e09b1828b1fe6c1aacda860db8b596cb07fa47b088a4938bf73,ee80853e084822daeb9f38871c5d2a5992df205f920e689547e71b7858542010,ccaeadc332fb38449fc6063143b190b1498e49dd2d6e39dd471a2174ab5aca8d
vivos_aggregate,results_by_snr.csv,legacy_exposed_vivos_300/snr=20,paper_v2_locked_vivos_460/snr=20,dataset=vivos;model=phowhisper;model_size=base;train_type=tone_aware_lora;lambda=0.3;seed=42;snr=20,fcer,rate,0.04805793285055958,,,not_comparable_missing_counterpart,legacy-only selection-screen run,77,63,300,,a70139c89cbd123b8d0646588b4c7e3dc8c26abf0559cdac6772337d6d1bcfa6,89712f4873a6de7fb84f912d2380419fc48f56c7499ebed5f62528c749a2a146,legacy_v1_exposed_test_selection_and_evaluation,paper_v2_unseen_final_after_noisy_dev_decision_lock,a2f50bae2bdd2e09b1828b1fe6c1aacda860db8b596cb07fa47b088a4938bf73,ee80853e084822daeb9f38871c5d2a5992df205f920e689547e71b7858542010,ccaeadc332fb38449fc6063143b190b1498e49dd2d6e39dd471a2174ab5aca8d
vivos_aggregate,results_by_snr.csv,legacy_exposed_vivos_300/snr=20,paper_v2_locked_vivos_460/snr=20,dataset=vivos;model=phowhisper;model_size=base;train_type=tone_aware_lora;lambda=0.3;seed=42;snr=20,swdr,rate,0.0,,,not_comparable_missing_counterpart,legacy-only selection-screen run,77,63,300,,a70139c89cbd123b8d0646588b4c7e3dc8c26abf0559cdac6772337d6d1bcfa6,89712f4873a6de7fb84f912d2380419fc48f56c7499ebed5f62528c749a2a146,legacy_v1_exposed_test_selection_and_evaluation,paper_v2_unseen_final_after_noisy_dev_decision_lock,a2f50bae2bdd2e09b1828b1fe6c1aacda860db8b596cb07fa47b088a4938bf73,ee80853e084822daeb9f38871c5d2a5992df205f920e689547e71b7858542010,ccaeadc332fb38449fc6063143b190b1498e49dd2d6e39dd471a2174ab5aca8d
vivos_aggregate,results_by_snr.csv,legacy_exposed_vivos_300/snr=20,paper_v2_locked_vivos_460/snr=20,dataset=vivos;model=phowhisper;model_size=base;train_type=tone_aware_lora;lambda=0.3;seed=42;snr=20,ter,rate,0.01267605633802817,,,not_comparable_missing_counterpart,legacy-only selection-screen run,77,63,300,,a70139c89cbd123b8d0646588b4c7e3dc8c26abf0559cdac6772337d6d1bcfa6,89712f4873a6de7fb84f912d2380419fc48f56c7499ebed5f62528c749a2a146,legacy_v1_exposed_test_selection_and_evaluation,paper_v2_unseen_final_after_noisy_dev_decision_lock,a2f50bae2bdd2e09b1828b1fe6c1aacda860db8b596cb07fa47b088a4938bf73,ee80853e084822daeb9f38871c5d2a5992df205f920e689547e71b7858542010,ccaeadc332fb38449fc6063143b190b1498e49dd2d6e39dd471a2174ab5aca8d
vivos_aggregate,results_by_snr.csv,legacy_exposed_vivos_300/snr=20,paper_v2_locked_vivos_460/snr=20,dataset=vivos;model=phowhisper;model_size=base;train_type=tone_aware_lora;lambda=0.3;seed=42;snr=20,wer,rate,0.08981058131939909,,,not_comparable_missing_counterpart,legacy-only selection-screen run,77,63,300,,a70139c89cbd123b8d0646588b4c7e3dc8c26abf0559cdac6772337d6d1bcfa6,89712f4873a6de7fb84f912d2380419fc48f56c7499ebed5f62528c749a2a146,legacy_v1_exposed_test_selection_and_evaluation,paper_v2_unseen_final_after_noisy_dev_decision_lock,a2f50bae2bdd2e09b1828b1fe6c1aacda860db8b596cb07fa47b088a4938bf73,ee80853e084822daeb9f38871c5d2a5992df205f920e689547e71b7858542010,ccaeadc332fb38449fc6063143b190b1498e49dd2d6e39dd471a2174ab5aca8d
vivos_aggregate,results_by_snr.csv,legacy_exposed_vivos_300/snr=5,paper_v2_locked_vivos_460/snr=5,dataset=vivos;model=phowhisper;model_size=base;train_type=tone_aware_lora;lambda=0.3;seed=42;snr=5,cer,rate,0.08650358823983333,,,not_comparable_missing_counterpart,legacy-only selection-screen run,77,63,300,,a70139c89cbd123b8d0646588b4c7e3dc8c26abf0559cdac6772337d6d1bcfa6,89712f4873a6de7fb84f912d2380419fc48f56c7499ebed5f62528c749a2a146,legacy_v1_exposed_test_selection_and_evaluation,paper_v2_unseen_final_after_noisy_dev_decision_lock,a2f50bae2bdd2e09b1828b1fe6c1aacda860db8b596cb07fa47b088a4938bf73,ee80853e084822daeb9f38871c5d2a5992df205f920e689547e71b7858542010,ccaeadc332fb38449fc6063143b190b1498e49dd2d6e39dd471a2174ab5aca8d
vivos_aggregate,results_by_snr.csv,legacy_exposed_vivos_300/snr=5,paper_v2_locked_vivos_460/snr=5,dataset=vivos;model=phowhisper;model_size=base;train_type=tone_aware_lora;lambda=0.3;seed=42;snr=5,der,rate,0.00919793966151582,,,not_comparable_missing_counterpart,legacy-only selection-screen run,77,63,300,,a70139c89cbd123b8d0646588b4c7e3dc8c26abf0559cdac6772337d6d1bcfa6,89712f4873a6de7fb84f912d2380419fc48f56c7499ebed5f62528c749a2a146,legacy_v1_exposed_test_selection_and_evaluation,paper_v2_unseen_final_after_noisy_dev_decision_lock,a2f50bae2bdd2e09b1828b1fe6c1aacda860db8b596cb07fa47b088a4938bf73,ee80853e084822daeb9f38871c5d2a5992df205f920e689547e71b7858542010,ccaeadc332fb38449fc6063143b190b1498e49dd2d6e39dd471a2174ab5aca8d
vivos_aggregate,results_by_snr.csv,legacy_exposed_vivos_300/snr=5,paper_v2_locked_vivos_460/snr=5,dataset=vivos;model=phowhisper;model_size=base;train_type=tone_aware_lora;lambda=0.3;seed=42;snr=5,fcer,rate,0.10409889394925179,,,not_comparable_missing_counterpart,legacy-only selection-screen run,77,63,300,,a70139c89cbd123b8d0646588b4c7e3dc8c26abf0559cdac6772337d6d1bcfa6,89712f4873a6de7fb84f912d2380419fc48f56c7499ebed5f62528c749a2a146,legacy_v1_exposed_test_selection_and_evaluation,paper_v2_unseen_final_after_noisy_dev_decision_lock,a2f50bae2bdd2e09b1828b1fe6c1aacda860db8b596cb07fa47b088a4938bf73,ee80853e084822daeb9f38871c5d2a5992df205f920e689547e71b7858542010,ccaeadc332fb38449fc6063143b190b1498e49dd2d6e39dd471a2174ab5aca8d
vivos_aggregate,results_by_snr.csv,legacy_exposed_vivos_300/snr=5,paper_v2_locked_vivos_460/snr=5,dataset=vivos;model=phowhisper;model_size=base;train_type=tone_aware_lora;lambda=0.3;seed=42;snr=5,swdr,rate,0.006711409395973154,,,not_comparable_missing_counterpart,legacy-only selection-screen run,77,63,300,,a70139c89cbd123b8d0646588b4c7e3dc8c26abf0559cdac6772337d6d1bcfa6,89712f4873a6de7fb84f912d2380419fc48f56c7499ebed5f62528c749a2a146,legacy_v1_exposed_test_selection_and_evaluation,paper_v2_unseen_final_after_noisy_dev_decision_lock,a2f50bae2bdd2e09b1828b1fe6c1aacda860db8b596cb07fa47b088a4938bf73,ee80853e084822daeb9f38871c5d2a5992df205f920e689547e71b7858542010,ccaeadc332fb38449fc6063143b190b1498e49dd2d6e39dd471a2174ab5aca8d
vivos_aggregate,results_by_snr.csv,legacy_exposed_vivos_300/snr=5,paper_v2_locked_vivos_460/snr=5,dataset=vivos;model=phowhisper;model_size=base;train_type=tone_aware_lora;lambda=0.3;seed=42;snr=5,ter,rate,0.01698043558508675,,,not_comparable_missing_counterpart,legacy-only selection-screen run,77,63,300,,a70139c89cbd123b8d0646588b4c7e3dc8c26abf0559cdac6772337d6d1bcfa6,89712f4873a6de7fb84f912d2380419fc48f56c7499ebed5f62528c749a2a146,legacy_v1_exposed_test_selection_and_evaluation,paper_v2_unseen_final_after_noisy_dev_decision_lock,a2f50bae2bdd2e09b1828b1fe6c1aacda860db8b596cb07fa47b088a4938bf73,ee80853e084822daeb9f38871c5d2a5992df205f920e689547e71b7858542010,ccaeadc332fb38449fc6063143b190b1498e49dd2d6e39dd471a2174ab5aca8d
vivos_aggregate,results_by_snr.csv,legacy_exposed_vivos_300/snr=5,paper_v2_locked_vivos_460/snr=5,dataset=vivos;model=phowhisper;model_size=base;train_type=tone_aware_lora;lambda=0.3;seed=42;snr=5,wer,rate,0.1541476159372959,,,not_comparable_missing_counterpart,legacy-only selection-screen run,77,63,300,,a70139c89cbd123b8d0646588b4c7e3dc8c26abf0559cdac6772337d6d1bcfa6,89712f4873a6de7fb84f912d2380419fc48f56c7499ebed5f62528c749a2a146,legacy_v1_exposed_test_selection_and_evaluation,paper_v2_unseen_final_after_noisy_dev_decision_lock,a2f50bae2bdd2e09b1828b1fe6c1aacda860db8b596cb07fa47b088a4938bf73,ee80853e084822daeb9f38871c5d2a5992df205f920e689547e71b7858542010,ccaeadc332fb38449fc6063143b190b1498e49dd2d6e39dd471a2174ab5aca8d
vivos_aggregate,results_by_snr.csv,legacy_exposed_vivos_300/snr=all,paper_v2_locked_vivos_460/snr=all,dataset=vivos;model=phowhisper;model_size=base;train_type=tone_aware_lora;lambda=0.3;seed=42;snr=all,cer,rate,0.07597808472875993,,,not_comparable_missing_counterpart,legacy-only selection-screen run,77,63,1500,,a70139c89cbd123b8d0646588b4c7e3dc8c26abf0559cdac6772337d6d1bcfa6,89712f4873a6de7fb84f912d2380419fc48f56c7499ebed5f62528c749a2a146,legacy_v1_exposed_test_selection_and_evaluation,paper_v2_unseen_final_after_noisy_dev_decision_lock,a2f50bae2bdd2e09b1828b1fe6c1aacda860db8b596cb07fa47b088a4938bf73,ee80853e084822daeb9f38871c5d2a5992df205f920e689547e71b7858542010,ccaeadc332fb38449fc6063143b190b1498e49dd2d6e39dd471a2174ab5aca8d
vivos_aggregate,results_by_snr.csv,legacy_exposed_vivos_300/snr=all,paper_v2_locked_vivos_460/snr=all,dataset=vivos;model=phowhisper;model_size=base;train_type=tone_aware_lora;lambda=0.3;seed=42;snr=all,der,rate,0.008138943390741952,,,not_comparable_missing_counterpart,legacy-only selection-screen run,77,63,1500,,a70139c89cbd123b8d0646588b4c7e3dc8c26abf0559cdac6772337d6d1bcfa6,89712f4873a6de7fb84f912d2380419fc48f56c7499ebed5f62528c749a2a146,legacy_v1_exposed_test_selection_and_evaluation,paper_v2_unseen_final_after_noisy_dev_decision_lock,a2f50bae2bdd2e09b1828b1fe6c1aacda860db8b596cb07fa47b088a4938bf73,ee80853e084822daeb9f38871c5d2a5992df205f920e689547e71b7858542010,ccaeadc332fb38449fc6063143b190b1498e49dd2d6e39dd471a2174ab5aca8d
vivos_aggregate,results_by_snr.csv,legacy_exposed_vivos_300/snr=all,paper_v2_locked_vivos_460/snr=all,dataset=vivos;model=phowhisper;model_size=base;train_type=tone_aware_lora;lambda=0.3;seed=42;snr=all,fcer,rate,0.08791639451338994,,,not_comparable_missing_counterpart,legacy-only selection-screen run,77,63,1500,,a70139c89cbd123b8d0646588b4c7e3dc8c26abf0559cdac6772337d6d1bcfa6,89712f4873a6de7fb84f912d2380419fc48f56c7499ebed5f62528c749a2a146,legacy_v1_exposed_test_selection_and_evaluation,paper_v2_unseen_final_after_noisy_dev_decision_lock,a2f50bae2bdd2e09b1828b1fe6c1aacda860db8b596cb07fa47b088a4938bf73,ee80853e084822daeb9f38871c5d2a5992df205f920e689547e71b7858542010,ccaeadc332fb38449fc6063143b190b1498e49dd2d6e39dd471a2174ab5aca8d
vivos_aggregate,results_by_snr.csv,legacy_exposed_vivos_300/snr=all,paper_v2_locked_vivos_460/snr=all,dataset=vivos;model=phowhisper;model_size=base;train_type=tone_aware_lora;lambda=0.3;seed=42;snr=all,swdr,rate,0.0026845637583892616,,,not_comparable_missing_counterpart,legacy-only selection-screen run,77,63,1500,,a70139c89cbd123b8d0646588b4c7e3dc8c26abf0559cdac6772337d6d1bcfa6,89712f4873a6de7fb84f912d2380419fc48f56c7499ebed5f62528c749a2a146,legacy_v1_exposed_test_selection_and_evaluation,paper_v2_unseen_final_after_noisy_dev_decision_lock,a2f50bae2bdd2e09b1828b1fe6c1aacda860db8b596cb07fa47b088a4938bf73,ee80853e084822daeb9f38871c5d2a5992df205f920e689547e71b7858542010,ccaeadc332fb38449fc6063143b190b1498e49dd2d6e39dd471a2174ab5aca8d
vivos_aggregate,results_by_snr.csv,legacy_exposed_vivos_300/snr=all,paper_v2_locked_vivos_460/snr=all,dataset=vivos;model=phowhisper;model_size=base;train_type=tone_aware_lora;lambda=0.3;seed=42;snr=all,ter,rate,0.015235457063711912,,,not_comparable_missing_counterpart,legacy-only selection-screen run,77,63,1500,,a70139c89cbd123b8d0646588b4c7e3dc8c26abf0559cdac6772337d6d1bcfa6,89712f4873a6de7fb84f912d2380419fc48f56c7499ebed5f62528c749a2a146,legacy_v1_exposed_test_selection_and_evaluation,paper_v2_unseen_final_after_noisy_dev_decision_lock,a2f50bae2bdd2e09b1828b1fe6c1aacda860db8b596cb07fa47b088a4938bf73,ee80853e084822daeb9f38871c5d2a5992df205f920e689547e71b7858542010,ccaeadc332fb38449fc6063143b190b1498e49dd2d6e39dd471a2174ab5aca8d
vivos_aggregate,results_by_snr.csv,legacy_exposed_vivos_300/snr=all,paper_v2_locked_vivos_460/snr=all,dataset=vivos;model=phowhisper;model_size=base;train_type=tone_aware_lora;lambda=0.3;seed=42;snr=all,wer,rate,0.1395166557805356,,,not_comparable_missing_counterpart,legacy-only selection-screen run,77,63,1500,,a70139c89cbd123b8d0646588b4c7e3dc8c26abf0559cdac6772337d6d1bcfa6,89712f4873a6de7fb84f912d2380419fc48f56c7499ebed5f62528c749a2a146,legacy_v1_exposed_test_selection_and_evaluation,paper_v2_unseen_final_after_noisy_dev_decision_lock,a2f50bae2bdd2e09b1828b1fe6c1aacda860db8b596cb07fa47b088a4938bf73,ee80853e084822daeb9f38871c5d2a5992df205f920e689547e71b7858542010,ccaeadc332fb38449fc6063143b190b1498e49dd2d6e39dd471a2174ab5aca8d
vivos_aggregate,results_by_snr.csv,legacy_exposed_vivos_300/snr=clean,paper_v2_locked_vivos_460/snr=clean,dataset=vivos;model=phowhisper;model_size=base;train_type=tone_aware_lora;lambda=0.3;seed=42;snr=clean,cer,rate,0.035265066748977544,,,not_comparable_missing_counterpart,legacy-only selection-screen run,77,63,300,,a70139c89cbd123b8d0646588b4c7e3dc8c26abf0559cdac6772337d6d1bcfa6,89712f4873a6de7fb84f912d2380419fc48f56c7499ebed5f62528c749a2a146,legacy_v1_exposed_test_selection_and_evaluation,paper_v2_unseen_final_after_noisy_dev_decision_lock,a2f50bae2bdd2e09b1828b1fe6c1aacda860db8b596cb07fa47b088a4938bf73,ee80853e084822daeb9f38871c5d2a5992df205f920e689547e71b7858542010,ccaeadc332fb38449fc6063143b190b1498e49dd2d6e39dd471a2174ab5aca8d
vivos_aggregate,results_by_snr.csv,legacy_exposed_vivos_300/snr=clean,paper_v2_locked_vivos_460/snr=clean,dataset=vivos;model=phowhisper;model_size=base;train_type=tone_aware_lora;lambda=0.3;seed=42;snr=clean,der,rate,0.00732728541521284,,,not_comparable_missing_counterpart,legacy-only selection-screen run,77,63,300,,a70139c89cbd123b8d0646588b4c7e3dc8c26abf0559cdac6772337d6d1bcfa6,89712f4873a6de7fb84f912d2380419fc48f56c7499ebed5f62528c749a2a146,legacy_v1_exposed_test_selection_and_evaluation,paper_v2_unseen_final_after_noisy_dev_decision_lock,a2f50bae2bdd2e09b1828b1fe6c1aacda860db8b596cb07fa47b088a4938bf73,ee80853e084822daeb9f38871c5d2a5992df205f920e689547e71b7858542010,ccaeadc332fb38449fc6063143b190b1498e49dd2d6e39dd471a2174ab5aca8d
vivos_aggregate,results_by_snr.csv,legacy_exposed_vivos_300/snr=clean,paper_v2_locked_vivos_460/snr=clean,dataset=vivos;model=phowhisper;model_size=base;train_type=tone_aware_lora;lambda=0.3;seed=42;snr=clean,fcer,rate,0.04413702239789196,,,not_comparable_missing_counterpart,legacy-only selection-screen run,77,63,300,,a70139c89cbd123b8d0646588b4c7e3dc8c26abf0559cdac6772337d6d1bcfa6,89712f4873a6de7fb84f912d2380419fc48f56c7499ebed5f62528c749a2a146,legacy_v1_exposed_test_selection_and_evaluation,paper_v2_unseen_final_after_noisy_dev_decision_lock,a2f50bae2bdd2e09b1828b1fe6c1aacda860db8b596cb07fa47b088a4938bf73,ee80853e084822daeb9f38871c5d2a5992df205f920e689547e71b7858542010,ccaeadc332fb38449fc6063143b190b1498e49dd2d6e39dd471a2174ab5aca8d
vivos_aggregate,results_by_snr.csv,legacy_exposed_vivos_300/snr=clean,paper_v2_locked_vivos_460/snr=clean,dataset=vivos;model=phowhisper;model_size=base;train_type=tone_aware_lora;lambda=0.3;seed=42;snr=clean,swdr,rate,0.0,,,not_comparable_missing_counterpart,legacy-only selection-screen run,77,63,300,,a70139c89cbd123b8d0646588b4c7e3dc8c26abf0559cdac6772337d6d1bcfa6,89712f4873a6de7fb84f912d2380419fc48f56c7499ebed5f62528c749a2a146,legacy_v1_exposed_test_selection_and_evaluation,paper_v2_unseen_final_after_noisy_dev_decision_lock,a2f50bae2bdd2e09b1828b1fe6c1aacda860db8b596cb07fa47b088a4938bf73,ee80853e084822daeb9f38871c5d2a5992df205f920e689547e71b7858542010,ccaeadc332fb38449fc6063143b190b1498e49dd2d6e39dd471a2174ab5aca8d
vivos_aggregate,results_by_snr.csv,legacy_exposed_vivos_300/snr=clean,paper_v2_locked_vivos_460/snr=clean,dataset=vivos;model=phowhisper;model_size=base;train_type=tone_aware_lora;lambda=0.3;seed=42;snr=clean,ter,rate,0.010157618213660246,,,not_comparable_missing_counterpart,legacy-only selection-screen run,77,63,300,,a70139c89cbd123b8d0646588b4c7e3dc8c26abf0559cdac6772337d6d1bcfa6,89712f4873a6de7fb84f912d2380419fc48f56c7499ebed5f62528c749a2a146,legacy_v1_exposed_test_selection_and_evaluation,paper_v2_unseen_final_after_noisy_dev_decision_lock,a2f50bae2bdd2e09b1828b1fe6c1aacda860db8b596cb07fa47b088a4938bf73,ee80853e084822daeb9f38871c5d2a5992df205f920e689547e71b7858542010,ccaeadc332fb38449fc6063143b190b1498e49dd2d6e39dd471a2174ab5aca8d
vivos_aggregate,results_by_snr.csv,legacy_exposed_vivos_300/snr=clean,paper_v2_locked_vivos_460/snr=clean,dataset=vivos;model=phowhisper;model_size=base;train_type=tone_aware_lora;lambda=0.3;seed=42;snr=clean,wer,rate,0.08033964728935336,,,not_comparable_missing_counterpart,legacy-only selection-screen run,77,63,300,,a70139c89cbd123b8d0646588b4c7e3dc8c26abf0559cdac6772337d6d1bcfa6,89712f4873a6de7fb84f912d2380419fc48f56c7499ebed5f62528c749a2a146,legacy_v1_exposed_test_selection_and_evaluation,paper_v2_unseen_final_after_noisy_dev_decision_lock,a2f50bae2bdd2e09b1828b1fe6c1aacda860db8b596cb07fa47b088a4938bf73,ee80853e084822daeb9f38871c5d2a5992df205f920e689547e71b7858542010,ccaeadc332fb38449fc6063143b190b1498e49dd2d6e39dd471a2174ab5aca8d
vivos_aggregate,results_by_snr.csv,legacy_exposed_vivos_300/snr=noisy_all,paper_v2_locked_vivos_460/snr=noisy_all,dataset=vivos;model=phowhisper;model_size=base;train_type=tone_aware_lora;lambda=0.3;seed=42;snr=noisy_all,cer,rate,0.08615633922370554,,,not_comparable_missing_counterpart,legacy-only selection-screen run,77,63,1200,,a70139c89cbd123b8d0646588b4c7e3dc8c26abf0559cdac6772337d6d1bcfa6,89712f4873a6de7fb84f912d2380419fc48f56c7499ebed5f62528c749a2a146,legacy_v1_exposed_test_selection_and_evaluation,paper_v2_unseen_final_after_noisy_dev_decision_lock,a2f50bae2bdd2e09b1828b1fe6c1aacda860db8b596cb07fa47b088a4938bf73,ee80853e084822daeb9f38871c5d2a5992df205f920e689547e71b7858542010,ccaeadc332fb38449fc6063143b190b1498e49dd2d6e39dd471a2174ab5aca8d
vivos_aggregate,results_by_snr.csv,legacy_exposed_vivos_300/snr=noisy_all,paper_v2_locked_vivos_460/snr=noisy_all,dataset=vivos;model=phowhisper;model_size=base;train_type=tone_aware_lora;lambda=0.3;seed=42;snr=noisy_all,der,rate,0.008352455254703992,,,not_comparable_missing_counterpart,legacy-only selection-screen run,77,63,1200,,a70139c89cbd123b8d0646588b4c7e3dc8c26abf0559cdac6772337d6d1bcfa6,89712f4873a6de7fb84f912d2380419fc48f56c7499ebed5f62528c749a2a146,legacy_v1_exposed_test_selection_and_evaluation,paper_v2_unseen_final_after_noisy_dev_decision_lock,a2f50bae2bdd2e09b1828b1fe6c1aacda860db8b596cb07fa47b088a4938bf73,ee80853e084822daeb9f38871c5d2a5992df205f920e689547e71b7858542010,ccaeadc332fb38449fc6063143b190b1498e49dd2d6e39dd471a2174ab5aca8d
vivos_aggregate,results_by_snr.csv,legacy_exposed_vivos_300/snr=noisy_all,paper_v2_locked_vivos_460/snr=noisy_all,dataset=vivos;model=phowhisper;model_size=base;train_type=tone_aware_lora;lambda=0.3;seed=42;snr=noisy_all,fcer,rate,0.09874531530063549,,,not_comparable_missing_counterpart,legacy-only selection-screen run,77,63,1200,,a70139c89cbd123b8d0646588b4c7e3dc8c26abf0559cdac6772337d6d1bcfa6,89712f4873a6de7fb84f912d2380419fc48f56c7499ebed5f62528c749a2a146,legacy_v1_exposed_test_selection_and_evaluation,paper_v2_unseen_final_after_noisy_dev_decision_lock,a2f50bae2bdd2e09b1828b1fe6c1aacda860db8b596cb07fa47b088a4938bf73,ee80853e084822daeb9f38871c5d2a5992df205f920e689547e71b7858542010,ccaeadc332fb38449fc6063143b190b1498e49dd2d6e39dd471a2174ab5aca8d
vivos_aggregate,results_by_snr.csv,legacy_exposed_vivos_300/snr=noisy_all,paper_v2_locked_vivos_460/snr=noisy_all,dataset=vivos;model=phowhisper;model_size=base;train_type=tone_aware_lora;lambda=0.3;seed=42;snr=noisy_all,swdr,rate,0.003355704697986577,,,not_comparable_missing_counterpart,legacy-only selection-screen run,77,63,1200,,a70139c89cbd123b8d0646588b4c7e3dc8c26abf0559cdac6772337d6d1bcfa6,89712f4873a6de7fb84f912d2380419fc48f56c7499ebed5f62528c749a2a146,legacy_v1_exposed_test_selection_and_evaluation,paper_v2_unseen_final_after_noisy_dev_decision_lock,a2f50bae2bdd2e09b1828b1fe6c1aacda860db8b596cb07fa47b088a4938bf73,ee80853e084822daeb9f38871c5d2a5992df205f920e689547e71b7858542010,ccaeadc332fb38449fc6063143b190b1498e49dd2d6e39dd471a2174ab5aca8d
vivos_aggregate,results_by_snr.csv,legacy_exposed_vivos_300/snr=noisy_all,paper_v2_locked_vivos_460/snr=noisy_all,dataset=vivos;model=phowhisper;model_size=base;train_type=tone_aware_lora;lambda=0.3;seed=42;snr=noisy_all,ter,rate,0.016570008285004142,,,not_comparable_missing_counterpart,legacy-only selection-screen run,77,63,1200,,a70139c89cbd123b8d0646588b4c7e3dc8c26abf0559cdac6772337d6d1bcfa6,89712f4873a6de7fb84f912d2380419fc48f56c7499ebed5f62528c749a2a146,legacy_v1_exposed_test_selection_and_evaluation,paper_v2_unseen_final_after_noisy_dev_decision_lock,a2f50bae2bdd2e09b1828b1fe6c1aacda860db8b596cb07fa47b088a4938bf73,ee80853e084822daeb9f38871c5d2a5992df205f920e689547e71b7858542010,ccaeadc332fb38449fc6063143b190b1498e49dd2d6e39dd471a2174ab5aca8d
vivos_aggregate,results_by_snr.csv,legacy_exposed_vivos_300/snr=noisy_all,paper_v2_locked_vivos_460/snr=noisy_all,dataset=vivos;model=phowhisper;model_size=base;train_type=tone_aware_lora;lambda=0.3;seed=42;snr=noisy_all,wer,rate,0.15431090790333116,,,not_comparable_missing_counterpart,legacy-only selection-screen run,77,63,1200,,a70139c89cbd123b8d0646588b4c7e3dc8c26abf0559cdac6772337d6d1bcfa6,89712f4873a6de7fb84f912d2380419fc48f56c7499ebed5f62528c749a2a146,legacy_v1_exposed_test_selection_and_evaluation,paper_v2_unseen_final_after_noisy_dev_decision_lock,a2f50bae2bdd2e09b1828b1fe6c1aacda860db8b596cb07fa47b088a4938bf73,ee80853e084822daeb9f38871c5d2a5992df205f920e689547e71b7858542010,ccaeadc332fb38449fc6063143b190b1498e49dd2d6e39dd471a2174ab5aca8d
vivos_aggregate,results_by_snr.csv,legacy_exposed_vivos_300/snr=0,paper_v2_locked_vivos_460/snr=0,dataset=vivos;model=phowhisper;model_size=base;train_type=tone_aware_lora;lambda=0.5;seed=42;snr=0,cer,rate,0.20487691951539472,,,not_comparable_missing_counterpart,legacy-only selection-screen run,77,63,300,,a70139c89cbd123b8d0646588b4c7e3dc8c26abf0559cdac6772337d6d1bcfa6,89712f4873a6de7fb84f912d2380419fc48f56c7499ebed5f62528c749a2a146,legacy_v1_exposed_test_selection_and_evaluation,paper_v2_unseen_final_after_noisy_dev_decision_lock,a2f50bae2bdd2e09b1828b1fe6c1aacda860db8b596cb07fa47b088a4938bf73,ee80853e084822daeb9f38871c5d2a5992df205f920e689547e71b7858542010,ccaeadc332fb38449fc6063143b190b1498e49dd2d6e39dd471a2174ab5aca8d
vivos_aggregate,results_by_snr.csv,legacy_exposed_vivos_300/snr=0,paper_v2_locked_vivos_460/snr=0,dataset=vivos;model=phowhisper;model_size=base;train_type=tone_aware_lora;lambda=0.5;seed=42;snr=0,der,rate,0.009244372990353697,,,not_comparable_missing_counterpart,legacy-only selection-screen run,77,63,300,,a70139c89cbd123b8d0646588b4c7e3dc8c26abf0559cdac6772337d6d1bcfa6,89712f4873a6de7fb84f912d2380419fc48f56c7499ebed5f62528c749a2a146,legacy_v1_exposed_test_selection_and_evaluation,paper_v2_unseen_final_after_noisy_dev_decision_lock,a2f50bae2bdd2e09b1828b1fe6c1aacda860db8b596cb07fa47b088a4938bf73,ee80853e084822daeb9f38871c5d2a5992df205f920e689547e71b7858542010,ccaeadc332fb38449fc6063143b190b1498e49dd2d6e39dd471a2174ab5aca8d
vivos_aggregate,results_by_snr.csv,legacy_exposed_vivos_300/snr=0,paper_v2_locked_vivos_460/snr=0,dataset=vivos;model=phowhisper;model_size=base;train_type=tone_aware_lora;lambda=0.5;seed=42;snr=0,fcer,rate,0.1913937058445729,,,not_comparable_missing_counterpart,legacy-only selection-screen run,77,63,300,,a70139c89cbd123b8d0646588b4c7e3dc8c26abf0559cdac6772337d6d1bcfa6,89712f4873a6de7fb84f912d2380419fc48f56c7499ebed5f62528c749a2a146,legacy_v1_exposed_test_selection_and_evaluation,paper_v2_unseen_final_after_noisy_dev_decision_lock,a2f50bae2bdd2e09b1828b1fe6c1aacda860db8b596cb07fa47b088a4938bf73,ee80853e084822daeb9f38871c5d2a5992df205f920e689547e71b7858542010,ccaeadc332fb38449fc6063143b190b1498e49dd2d6e39dd471a2174ab5aca8d
vivos_aggregate,results_by_snr.csv,legacy_exposed_vivos_300/snr=0,paper_v2_locked_vivos_460/snr=0,dataset=vivos;model=phowhisper;model_size=base;train_type=tone_aware_lora;lambda=0.5;seed=42;snr=0,swdr,rate,0.006711409395973154,,,not_comparable_missing_counterpart,legacy-only selection-screen run,77,63,300,,a70139c89cbd123b8d0646588b4c7e3dc8c26abf0559cdac6772337d6d1bcfa6,89712f4873a6de7fb84f912d2380419fc48f56c7499ebed5f62528c749a2a146,legacy_v1_exposed_test_selection_and_evaluation,paper_v2_unseen_final_after_noisy_dev_decision_lock,a2f50bae2bdd2e09b1828b1fe6c1aacda860db8b596cb07fa47b088a4938bf73,ee80853e084822daeb9f38871c5d2a5992df205f920e689547e71b7858542010,ccaeadc332fb38449fc6063143b190b1498e49dd2d6e39dd471a2174ab5aca8d
vivos_aggregate,results_by_snr.csv,legacy_exposed_vivos_300/snr=0,paper_v2_locked_vivos_460/snr=0,dataset=vivos;model=phowhisper;model_size=base;train_type=tone_aware_lora;lambda=0.5;seed=42;snr=0,ter,rate,0.02491961414790997,,,not_comparable_missing_counterpart,legacy-only selection-screen run,77,63,300,,a70139c89cbd123b8d0646588b4c7e3dc8c26abf0559cdac6772337d6d1bcfa6,89712f4873a6de7fb84f912d2380419fc48f56c7499ebed5f62528c749a2a146,legacy_v1_exposed_test_selection_and_evaluation,paper_v2_unseen_final_after_noisy_dev_decision_lock,a2f50bae2bdd2e09b1828b1fe6c1aacda860db8b596cb07fa47b088a4938bf73,ee80853e084822daeb9f38871c5d2a5992df205f920e689547e71b7858542010,ccaeadc332fb38449fc6063143b190b1498e49dd2d6e39dd471a2174ab5aca8d
vivos_aggregate,results_by_snr.csv,legacy_exposed_vivos_300/snr=0,paper_v2_locked_vivos_460/snr=0,dataset=vivos;model=phowhisper;model_size=base;train_type=tone_aware_lora;lambda=0.5;seed=42;snr=0,wer,rate,0.3037230568256042,,,not_comparable_missing_counterpart,legacy-only selection-screen run,77,63,300,,a70139c89cbd123b8d0646588b4c7e3dc8c26abf0559cdac6772337d6d1bcfa6,89712f4873a6de7fb84f912d2380419fc48f56c7499ebed5f62528c749a2a146,legacy_v1_exposed_test_selection_and_evaluation,paper_v2_unseen_final_after_noisy_dev_decision_lock,a2f50bae2bdd2e09b1828b1fe6c1aacda860db8b596cb07fa47b088a4938bf73,ee80853e084822daeb9f38871c5d2a5992df205f920e689547e71b7858542010,ccaeadc332fb38449fc6063143b190b1498e49dd2d6e39dd471a2174ab5aca8d
vivos_aggregate,results_by_snr.csv,legacy_exposed_vivos_300/snr=10,paper_v2_locked_vivos_460/snr=10,dataset=vivos;model=phowhisper;model_size=base;train_type=tone_aware_lora;lambda=0.5;seed=42;snr=10,cer,rate,0.05594567482058801,,,not_comparable_missing_counterpart,legacy-only selection-screen run,77,63,300,,a70139c89cbd123b8d0646588b4c7e3dc8c26abf0559cdac6772337d6d1bcfa6,89712f4873a6de7fb84f912d2380419fc48f56c7499ebed5f62528c749a2a146,legacy_v1_exposed_test_selection_and_evaluation,paper_v2_unseen_final_after_noisy_dev_decision_lock,a2f50bae2bdd2e09b1828b1fe6c1aacda860db8b596cb07fa47b088a4938bf73,ee80853e084822daeb9f38871c5d2a5992df205f920e689547e71b7858542010,ccaeadc332fb38449fc6063143b190b1498e49dd2d6e39dd471a2174ab5aca8d
vivos_aggregate,results_by_snr.csv,legacy_exposed_vivos_300/snr=10,paper_v2_locked_vivos_460/snr=10,dataset=vivos;model=phowhisper;model_size=base;train_type=tone_aware_lora;lambda=0.5;seed=42;snr=10,der,rate,0.010357142857142856,,,not_comparable_missing_counterpart,legacy-only selection-screen run,77,63,300,,a70139c89cbd123b8d0646588b4c7e3dc8c26abf0559cdac6772337d6d1bcfa6,89712f4873a6de7fb84f912d2380419fc48f56c7499ebed5f62528c749a2a146,legacy_v1_exposed_test_selection_and_evaluation,paper_v2_unseen_final_after_noisy_dev_decision_lock,a2f50bae2bdd2e09b1828b1fe6c1aacda860db8b596cb07fa47b088a4938bf73,ee80853e084822daeb9f38871c5d2a5992df205f920e689547e71b7858542010,ccaeadc332fb38449fc6063143b190b1498e49dd2d6e39dd471a2174ab5aca8d
vivos_aggregate,results_by_snr.csv,legacy_exposed_vivos_300/snr=10,paper_v2_locked_vivos_460/snr=10,dataset=vivos;model=phowhisper;model_size=base;train_type=tone_aware_lora;lambda=0.5;seed=42;snr=10,fcer,rate,0.07025607353906763,,,not_comparable_missing_counterpart,legacy-only selection-screen run,77,63,300,,a70139c89cbd123b8d0646588b4c7e3dc8c26abf0559cdac6772337d6d1bcfa6,89712f4873a6de7fb84f912d2380419fc48f56c7499ebed5f62528c749a2a146,legacy_v1_exposed_test_selection_and_evaluation,paper_v2_unseen_final_after_noisy_dev_decision_lock,a2f50bae2bdd2e09b1828b1fe6c1aacda860db8b596cb07fa47b088a4938bf73,ee80853e084822daeb9f38871c5d2a5992df205f920e689547e71b7858542010,ccaeadc332fb38449fc6063143b190b1498e49dd2d6e39dd471a2174ab5aca8d
vivos_aggregate,results_by_snr.csv,legacy_exposed_vivos_300/snr=10,paper_v2_locked_vivos_460/snr=10,dataset=vivos;model=phowhisper;model_size=base;train_type=tone_aware_lora;lambda=0.5;seed=42;snr=10,swdr,rate,0.0,,,not_comparable_missing_counterpart,legacy-only selection-screen run,77,63,300,,a70139c89cbd123b8d0646588b4c7e3dc8c26abf0559cdac6772337d6d1bcfa6,89712f4873a6de7fb84f912d2380419fc48f56c7499ebed5f62528c749a2a146,legacy_v1_exposed_test_selection_and_evaluation,paper_v2_unseen_final_after_noisy_dev_decision_lock,a2f50bae2bdd2e09b1828b1fe6c1aacda860db8b596cb07fa47b088a4938bf73,ee80853e084822daeb9f38871c5d2a5992df205f920e689547e71b7858542010,ccaeadc332fb38449fc6063143b190b1498e49dd2d6e39dd471a2174ab5aca8d
vivos_aggregate,results_by_snr.csv,legacy_exposed_vivos_300/snr=10,paper_v2_locked_vivos_460/snr=10,dataset=vivos;model=phowhisper;model_size=base;train_type=tone_aware_lora;lambda=0.5;seed=42;snr=10,ter,rate,0.013993541442411194,,,not_comparable_missing_counterpart,legacy-only selection-screen run,77,63,300,,a70139c89cbd123b8d0646588b4c7e3dc8c26abf0559cdac6772337d6d1bcfa6,89712f4873a6de7fb84f912d2380419fc48f56c7499ebed5f62528c749a2a146,legacy_v1_exposed_test_selection_and_evaluation,paper_v2_unseen_final_after_noisy_dev_decision_lock,a2f50bae2bdd2e09b1828b1fe6c1aacda860db8b596cb07fa47b088a4938bf73,ee80853e084822daeb9f38871c5d2a5992df205f920e689547e71b7858542010,ccaeadc332fb38449fc6063143b190b1498e49dd2d6e39dd471a2174ab5aca8d
vivos_aggregate,results_by_snr.csv,legacy_exposed_vivos_300/snr=10,paper_v2_locked_vivos_460/snr=10,dataset=vivos;model=phowhisper;model_size=base;train_type=tone_aware_lora;lambda=0.5;seed=42;snr=10,wer,rate,0.11234487263226649,,,not_comparable_missing_counterpart,legacy-only selection-screen run,77,63,300,,a70139c89cbd123b8d0646588b4c7e3dc8c26abf0559cdac6772337d6d1bcfa6,89712f4873a6de7fb84f912d2380419fc48f56c7499ebed5f62528c749a2a146,legacy_v1_exposed_test_selection_and_evaluation,paper_v2_unseen_final_after_noisy_dev_decision_lock,a2f50bae2bdd2e09b1828b1fe6c1aacda860db8b596cb07fa47b088a4938bf73,ee80853e084822daeb9f38871c5d2a5992df205f920e689547e71b7858542010,ccaeadc332fb38449fc6063143b190b1498e49dd2d6e39dd471a2174ab5aca8d
vivos_aggregate,results_by_snr.csv,legacy_exposed_vivos_300/snr=20,paper_v2_locked_vivos_460/snr=20,dataset=vivos;model=phowhisper;model_size=base;train_type=tone_aware_lora;lambda=0.5;seed=42;snr=20,cer,rate,0.0449108727525272,,,not_comparable_missing_counterpart,legacy-only selection-screen run,77,63,300,,a70139c89cbd123b8d0646588b4c7e3dc8c26abf0559cdac6772337d6d1bcfa6,89712f4873a6de7fb84f912d2380419fc48f56c7499ebed5f62528c749a2a146,legacy_v1_exposed_test_selection_and_evaluation,paper_v2_unseen_final_after_noisy_dev_decision_lock,a2f50bae2bdd2e09b1828b1fe6c1aacda860db8b596cb07fa47b088a4938bf73,ee80853e084822daeb9f38871c5d2a5992df205f920e689547e71b7858542010,ccaeadc332fb38449fc6063143b190b1498e49dd2d6e39dd471a2174ab5aca8d
vivos_aggregate,results_by_snr.csv,legacy_exposed_vivos_300/snr=20,paper_v2_locked_vivos_460/snr=20,dataset=vivos;model=phowhisper;model_size=base;train_type=tone_aware_lora;lambda=0.5;seed=42;snr=20,der,rate,0.009206798866855524,,,not_comparable_missing_counterpart,legacy-only selection-screen run,77,63,300,,a70139c89cbd123b8d0646588b4c7e3dc8c26abf0559cdac6772337d6d1bcfa6,89712f4873a6de7fb84f912d2380419fc48f56c7499ebed5f62528c749a2a146,legacy_v1_exposed_test_selection_and_evaluation,paper_v2_unseen_final_after_noisy_dev_decision_lock,a2f50bae2bdd2e09b1828b1fe6c1aacda860db8b596cb07fa47b088a4938bf73,ee80853e084822daeb9f38871c5d2a5992df205f920e689547e71b7858542010,ccaeadc332fb38449fc6063143b190b1498e49dd2d6e39dd471a2174ab5aca8d
vivos_aggregate,results_by_snr.csv,legacy_exposed_vivos_300/snr=20,paper_v2_locked_vivos_460/snr=20,dataset=vivos;model=phowhisper;model_size=base;train_type=tone_aware_lora;lambda=0.5;seed=42;snr=20,fcer,rate,0.05456936226166995,,,not_comparable_missing_counterpart,legacy-only selection-screen run,77,63,300,,a70139c89cbd123b8d0646588b4c7e3dc8c26abf0559cdac6772337d6d1bcfa6,89712f4873a6de7fb84f912d2380419fc48f56c7499ebed5f62528c749a2a146,legacy_v1_exposed_test_selection_and_evaluation,paper_v2_unseen_final_after_noisy_dev_decision_lock,a2f50bae2bdd2e09b1828b1fe6c1aacda860db8b596cb07fa47b088a4938bf73,ee80853e084822daeb9f38871c5d2a5992df205f920e689547e71b7858542010,ccaeadc332fb38449fc6063143b190b1498e49dd2d6e39dd471a2174ab5aca8d
vivos_aggregate,results_by_snr.csv,legacy_exposed_vivos_300/snr=20,paper_v2_locked_vivos_460/snr=20,dataset=vivos;model=phowhisper;model_size=base;train_type=tone_aware_lora;lambda=0.5;seed=42;snr=20,swdr,rate,0.0,,,not_comparable_missing_counterpart,legacy-only selection-screen run,77,63,300,,a70139c89cbd123b8d0646588b4c7e3dc8c26abf0559cdac6772337d6d1bcfa6,89712f4873a6de7fb84f912d2380419fc48f56c7499ebed5f62528c749a2a146,legacy_v1_exposed_test_selection_and_evaluation,paper_v2_unseen_final_after_noisy_dev_decision_lock,a2f50bae2bdd2e09b1828b1fe6c1aacda860db8b596cb07fa47b088a4938bf73,ee80853e084822daeb9f38871c5d2a5992df205f920e689547e71b7858542010,ccaeadc332fb38449fc6063143b190b1498e49dd2d6e39dd471a2174ab5aca8d
vivos_aggregate,results_by_snr.csv,legacy_exposed_vivos_300/snr=20,paper_v2_locked_vivos_460/snr=20,dataset=vivos;model=phowhisper;model_size=base;train_type=tone_aware_lora;lambda=0.5;seed=42;snr=20,ter,rate,0.01245995016019936,,,not_comparable_missing_counterpart,legacy-only selection-screen run,77,63,300,,a70139c89cbd123b8d0646588b4c7e3dc8c26abf0559cdac6772337d6d1bcfa6,89712f4873a6de7fb84f912d2380419fc48f56c7499ebed5f62528c749a2a146,legacy_v1_exposed_test_selection_and_evaluation,paper_v2_unseen_final_after_noisy_dev_decision_lock,a2f50bae2bdd2e09b1828b1fe6c1aacda860db8b596cb07fa47b088a4938bf73,ee80853e084822daeb9f38871c5d2a5992df205f920e689547e71b7858542010,ccaeadc332fb38449fc6063143b190b1498e49dd2d6e39dd471a2174ab5aca8d
vivos_aggregate,results_by_snr.csv,legacy_exposed_vivos_300/snr=20,paper_v2_locked_vivos_460/snr=20,dataset=vivos;model=phowhisper;model_size=base;train_type=tone_aware_lora;lambda=0.5;seed=42;snr=20,wer,rate,0.0999346832135859,,,not_comparable_missing_counterpart,legacy-only selection-screen run,77,63,300,,a70139c89cbd123b8d0646588b4c7e3dc8c26abf0559cdac6772337d6d1bcfa6,89712f4873a6de7fb84f912d2380419fc48f56c7499ebed5f62528c749a2a146,legacy_v1_exposed_test_selection_and_evaluation,paper_v2_unseen_final_after_noisy_dev_decision_lock,a2f50bae2bdd2e09b1828b1fe6c1aacda860db8b596cb07fa47b088a4938bf73,ee80853e084822daeb9f38871c5d2a5992df205f920e689547e71b7858542010,ccaeadc332fb38449fc6063143b190b1498e49dd2d6e39dd471a2174ab5aca8d
vivos_aggregate,results_by_snr.csv,legacy_exposed_vivos_300/snr=5,paper_v2_locked_vivos_460/snr=5,dataset=vivos;model=phowhisper;model_size=base;train_type=tone_aware_lora;lambda=0.5;seed=42;snr=5,cer,rate,0.09568639555521259,,,not_comparable_missing_counterpart,legacy-only selection-screen run,77,63,300,,a70139c89cbd123b8d0646588b4c7e3dc8c26abf0559cdac6772337d6d1bcfa6,89712f4873a6de7fb84f912d2380419fc48f56c7499ebed5f62528c749a2a146,legacy_v1_exposed_test_selection_and_evaluation,paper_v2_unseen_final_after_noisy_dev_decision_lock,a2f50bae2bdd2e09b1828b1fe6c1aacda860db8b596cb07fa47b088a4938bf73,ee80853e084822daeb9f38871c5d2a5992df205f920e689547e71b7858542010,ccaeadc332fb38449fc6063143b190b1498e49dd2d6e39dd471a2174ab5aca8d
vivos_aggregate,results_by_snr.csv,legacy_exposed_vivos_300/snr=5,paper_v2_locked_vivos_460/snr=5,dataset=vivos;model=phowhisper;model_size=base;train_type=tone_aware_lora;lambda=0.5;seed=42;snr=5,der,rate,0.011519881085098476,,,not_comparable_missing_counterpart,legacy-only selection-screen run,77,63,300,,a70139c89cbd123b8d0646588b4c7e3dc8c26abf0559cdac6772337d6d1bcfa6,89712f4873a6de7fb84f912d2380419fc48f56c7499ebed5f62528c749a2a146,legacy_v1_exposed_test_selection_and_evaluation,paper_v2_unseen_final_after_noisy_dev_decision_lock,a2f50bae2bdd2e09b1828b1fe6c1aacda860db8b596cb07fa47b088a4938bf73,ee80853e084822daeb9f38871c5d2a5992df205f920e689547e71b7858542010,ccaeadc332fb38449fc6063143b190b1498e49dd2d6e39dd471a2174ab5aca8d
vivos_aggregate,results_by_snr.csv,legacy_exposed_vivos_300/snr=5,paper_v2_locked_vivos_460/snr=5,dataset=vivos;model=phowhisper;model_size=base;train_type=tone_aware_lora;lambda=0.5;seed=42;snr=5,fcer,rate,0.11060507482108002,,,not_comparable_missing_counterpart,legacy-only selection-screen run,77,63,300,,a70139c89cbd123b8d0646588b4c7e3dc8c26abf0559cdac6772337d6d1bcfa6,89712f4873a6de7fb84f912d2380419fc48f56c7499ebed5f62528c749a2a146,legacy_v1_exposed_test_selection_and_evaluation,paper_v2_unseen_final_after_noisy_dev_decision_lock,a2f50bae2bdd2e09b1828b1fe6c1aacda860db8b596cb07fa47b088a4938bf73,ee80853e084822daeb9f38871c5d2a5992df205f920e689547e71b7858542010,ccaeadc332fb38449fc6063143b190b1498e49dd2d6e39dd471a2174ab5aca8d
vivos_aggregate,results_by_snr.csv,legacy_exposed_vivos_300/snr=5,paper_v2_locked_vivos_460/snr=5,dataset=vivos;model=phowhisper;model_size=base;train_type=tone_aware_lora;lambda=0.5;seed=42;snr=5,swdr,rate,0.0,,,not_comparable_missing_counterpart,legacy-only selection-screen run,77,63,300,,a70139c89cbd123b8d0646588b4c7e3dc8c26abf0559cdac6772337d6d1bcfa6,89712f4873a6de7fb84f912d2380419fc48f56c7499ebed5f62528c749a2a146,legacy_v1_exposed_test_selection_and_evaluation,paper_v2_unseen_final_after_noisy_dev_decision_lock,a2f50bae2bdd2e09b1828b1fe6c1aacda860db8b596cb07fa47b088a4938bf73,ee80853e084822daeb9f38871c5d2a5992df205f920e689547e71b7858542010,ccaeadc332fb38449fc6063143b190b1498e49dd2d6e39dd471a2174ab5aca8d
vivos_aggregate,results_by_snr.csv,legacy_exposed_vivos_300/snr=5,paper_v2_locked_vivos_460/snr=5,dataset=vivos;model=phowhisper;model_size=base;train_type=tone_aware_lora;lambda=0.5;seed=42;snr=5,ter,rate,0.018297236743838687,,,not_comparable_missing_counterpart,legacy-only selection-screen run,77,63,300,,a70139c89cbd123b8d0646588b4c7e3dc8c26abf0559cdac6772337d6d1bcfa6,89712f4873a6de7fb84f912d2380419fc48f56c7499ebed5f62528c749a2a146,legacy_v1_exposed_test_selection_and_evaluation,paper_v2_unseen_final_after_noisy_dev_decision_lock,a2f50bae2bdd2e09b1828b1fe6c1aacda860db8b596cb07fa47b088a4938bf73,ee80853e084822daeb9f38871c5d2a5992df205f920e689547e71b7858542010,ccaeadc332fb38449fc6063143b190b1498e49dd2d6e39dd471a2174ab5aca8d
vivos_aggregate,results_by_snr.csv,legacy_exposed_vivos_300/snr=5,paper_v2_locked_vivos_460/snr=5,dataset=vivos;model=phowhisper;model_size=base;train_type=tone_aware_lora;lambda=0.5;seed=42;snr=5,wer,rate,0.17015022860875245,,,not_comparable_missing_counterpart,legacy-only selection-screen run,77,63,300,,a70139c89cbd123b8d0646588b4c7e3dc8c26abf0559cdac6772337d6d1bcfa6,89712f4873a6de7fb84f912d2380419fc48f56c7499ebed5f62528c749a2a146,legacy_v1_exposed_test_selection_and_evaluation,paper_v2_unseen_final_after_noisy_dev_decision_lock,a2f50bae2bdd2e09b1828b1fe6c1aacda860db8b596cb07fa47b088a4938bf73,ee80853e084822daeb9f38871c5d2a5992df205f920e689547e71b7858542010,ccaeadc332fb38449fc6063143b190b1498e49dd2d6e39dd471a2174ab5aca8d
vivos_aggregate,results_by_snr.csv,legacy_exposed_vivos_300/snr=all,paper_v2_locked_vivos_460/snr=all,dataset=vivos;model=phowhisper;model_size=base;train_type=tone_aware_lora;lambda=0.5;seed=42;snr=all,cer,rate,0.08803148391079559,,,not_comparable_missing_counterpart,legacy-only selection-screen run,77,63,1500,,a70139c89cbd123b8d0646588b4c7e3dc8c26abf0559cdac6772337d6d1bcfa6,89712f4873a6de7fb84f912d2380419fc48f56c7499ebed5f62528c749a2a146,legacy_v1_exposed_test_selection_and_evaluation,paper_v2_unseen_final_after_noisy_dev_decision_lock,a2f50bae2bdd2e09b1828b1fe6c1aacda860db8b596cb07fa47b088a4938bf73,ee80853e084822daeb9f38871c5d2a5992df205f920e689547e71b7858542010,ccaeadc332fb38449fc6063143b190b1498e49dd2d6e39dd471a2174ab5aca8d
vivos_aggregate,results_by_snr.csv,legacy_exposed_vivos_300/snr=all,paper_v2_locked_vivos_460/snr=all,dataset=vivos;model=phowhisper;model_size=base;train_type=tone_aware_lora;lambda=0.5;seed=42;snr=all,der,rate,0.009813255217868912,,,not_comparable_missing_counterpart,legacy-only selection-screen run,77,63,1500,,a70139c89cbd123b8d0646588b4c7e3dc8c26abf0559cdac6772337d6d1bcfa6,89712f4873a6de7fb84f912d2380419fc48f56c7499ebed5f62528c749a2a146,legacy_v1_exposed_test_selection_and_evaluation,paper_v2_unseen_final_after_noisy_dev_decision_lock,a2f50bae2bdd2e09b1828b1fe6c1aacda860db8b596cb07fa47b088a4938bf73,ee80853e084822daeb9f38871c5d2a5992df205f920e689547e71b7858542010,ccaeadc332fb38449fc6063143b190b1498e49dd2d6e39dd471a2174ab5aca8d
vivos_aggregate,results_by_snr.csv,legacy_exposed_vivos_300/snr=all,paper_v2_locked_vivos_460/snr=all,dataset=vivos;model=phowhisper;model_size=base;train_type=tone_aware_lora;lambda=0.5;seed=42;snr=all,fcer,rate,0.09574190177638453,,,not_comparable_missing_counterpart,legacy-only selection-screen run,77,63,1500,,a70139c89cbd123b8d0646588b4c7e3dc8c26abf0559cdac6772337d6d1bcfa6,89712f4873a6de7fb84f912d2380419fc48f56c7499ebed5f62528c749a2a146,legacy_v1_exposed_test_selection_and_evaluation,paper_v2_unseen_final_after_noisy_dev_decision_lock,a2f50bae2bdd2e09b1828b1fe6c1aacda860db8b596cb07fa47b088a4938bf73,ee80853e084822daeb9f38871c5d2a5992df205f920e689547e71b7858542010,ccaeadc332fb38449fc6063143b190b1498e49dd2d6e39dd471a2174ab5aca8d
vivos_aggregate,results_by_snr.csv,legacy_exposed_vivos_300/snr=all,paper_v2_locked_vivos_460/snr=all,dataset=vivos;model=phowhisper;model_size=base;train_type=tone_aware_lora;lambda=0.5;seed=42;snr=all,swdr,rate,0.0013422818791946308,,,not_comparable_missing_counterpart,legacy-only selection-screen run,77,63,1500,,a70139c89cbd123b8d0646588b4c7e3dc8c26abf0559cdac6772337d6d1bcfa6,89712f4873a6de7fb84f912d2380419fc48f56c7499ebed5f62528c749a2a146,legacy_v1_exposed_test_selection_and_evaluation,paper_v2_unseen_final_after_noisy_dev_decision_lock,a2f50bae2bdd2e09b1828b1fe6c1aacda860db8b596cb07fa47b088a4938bf73,ee80853e084822daeb9f38871c5d2a5992df205f920e689547e71b7858542010,ccaeadc332fb38449fc6063143b190b1498e49dd2d6e39dd471a2174ab5aca8d
vivos_aggregate,results_by_snr.csv,legacy_exposed_vivos_300/snr=all,paper_v2_locked_vivos_460/snr=all,dataset=vivos;model=phowhisper;model_size=base;train_type=tone_aware_lora;lambda=0.5;seed=42;snr=all,ter,rate,0.016030590484594456,,,not_comparable_missing_counterpart,legacy-only selection-screen run,77,63,1500,,a70139c89cbd123b8d0646588b4c7e3dc8c26abf0559cdac6772337d6d1bcfa6,89712f4873a6de7fb84f912d2380419fc48f56c7499ebed5f62528c749a2a146,legacy_v1_exposed_test_selection_and_evaluation,paper_v2_unseen_final_after_noisy_dev_decision_lock,a2f50bae2bdd2e09b1828b1fe6c1aacda860db8b596cb07fa47b088a4938bf73,ee80853e084822daeb9f38871c5d2a5992df205f920e689547e71b7858542010,ccaeadc332fb38449fc6063143b190b1498e49dd2d6e39dd471a2174ab5aca8d
vivos_aggregate,results_by_snr.csv,legacy_exposed_vivos_300/snr=all,paper_v2_locked_vivos_460/snr=all,dataset=vivos;model=phowhisper;model_size=base;train_type=tone_aware_lora;lambda=0.5;seed=42;snr=all,wer,rate,0.15480078380143697,,,not_comparable_missing_counterpart,legacy-only selection-screen run,77,63,1500,,a70139c89cbd123b8d0646588b4c7e3dc8c26abf0559cdac6772337d6d1bcfa6,89712f4873a6de7fb84f912d2380419fc48f56c7499ebed5f62528c749a2a146,legacy_v1_exposed_test_selection_and_evaluation,paper_v2_unseen_final_after_noisy_dev_decision_lock,a2f50bae2bdd2e09b1828b1fe6c1aacda860db8b596cb07fa47b088a4938bf73,ee80853e084822daeb9f38871c5d2a5992df205f920e689547e71b7858542010,ccaeadc332fb38449fc6063143b190b1498e49dd2d6e39dd471a2174ab5aca8d
vivos_aggregate,results_by_snr.csv,legacy_exposed_vivos_300/snr=clean,paper_v2_locked_vivos_460/snr=clean,dataset=vivos;model=phowhisper;model_size=base;train_type=tone_aware_lora;lambda=0.5;seed=42;snr=clean,cer,rate,0.03873755691025542,,,not_comparable_missing_counterpart,legacy-only selection-screen run,77,63,300,,a70139c89cbd123b8d0646588b4c7e3dc8c26abf0559cdac6772337d6d1bcfa6,89712f4873a6de7fb84f912d2380419fc48f56c7499ebed5f62528c749a2a146,legacy_v1_exposed_test_selection_and_evaluation,paper_v2_unseen_final_after_noisy_dev_decision_lock,a2f50bae2bdd2e09b1828b1fe6c1aacda860db8b596cb07fa47b088a4938bf73,ee80853e084822daeb9f38871c5d2a5992df205f920e689547e71b7858542010,ccaeadc332fb38449fc6063143b190b1498e49dd2d6e39dd471a2174ab5aca8d
vivos_aggregate,results_by_snr.csv,legacy_exposed_vivos_300/snr=clean,paper_v2_locked_vivos_460/snr=clean,dataset=vivos;model=phowhisper;model_size=base;train_type=tone_aware_lora;lambda=0.5;seed=42;snr=clean,der,rate,0.00876577840112202,,,not_comparable_missing_counterpart,legacy-only selection-screen run,77,63,300,,a70139c89cbd123b8d0646588b4c7e3dc8c26abf0559cdac6772337d6d1bcfa6,89712f4873a6de7fb84f912d2380419fc48f56c7499ebed5f62528c749a2a146,legacy_v1_exposed_test_selection_and_evaluation,paper_v2_unseen_final_after_noisy_dev_decision_lock,a2f50bae2bdd2e09b1828b1fe6c1aacda860db8b596cb07fa47b088a4938bf73,ee80853e084822daeb9f38871c5d2a5992df205f920e689547e71b7858542010,ccaeadc332fb38449fc6063143b190b1498e49dd2d6e39dd471a2174ab5aca8d
vivos_aggregate,results_by_snr.csv,legacy_exposed_vivos_300/snr=clean,paper_v2_locked_vivos_460/snr=clean,dataset=vivos;model=phowhisper;model_size=base;train_type=tone_aware_lora;lambda=0.5;seed=42;snr=clean,fcer,rate,0.04940711462450593,,,not_comparable_missing_counterpart,legacy-only selection-screen run,77,63,300,,a70139c89cbd123b8d0646588b4c7e3dc8c26abf0559cdac6772337d6d1bcfa6,89712f4873a6de7fb84f912d2380419fc48f56c7499ebed5f62528c749a2a146,legacy_v1_exposed_test_selection_and_evaluation,paper_v2_unseen_final_after_noisy_dev_decision_lock,a2f50bae2bdd2e09b1828b1fe6c1aacda860db8b596cb07fa47b088a4938bf73,ee80853e084822daeb9f38871c5d2a5992df205f920e689547e71b7858542010,ccaeadc332fb38449fc6063143b190b1498e49dd2d6e39dd471a2174ab5aca8d
vivos_aggregate,results_by_snr.csv,legacy_exposed_vivos_300/snr=clean,paper_v2_locked_vivos_460/snr=clean,dataset=vivos;model=phowhisper;model_size=base;train_type=tone_aware_lora;lambda=0.5;seed=42;snr=clean,swdr,rate,0.0,,,not_comparable_missing_counterpart,legacy-only selection-screen run,77,63,300,,a70139c89cbd123b8d0646588b4c7e3dc8c26abf0559cdac6772337d6d1bcfa6,89712f4873a6de7fb84f912d2380419fc48f56c7499ebed5f62528c749a2a146,legacy_v1_exposed_test_selection_and_evaluation,paper_v2_unseen_final_after_noisy_dev_decision_lock,a2f50bae2bdd2e09b1828b1fe6c1aacda860db8b596cb07fa47b088a4938bf73,ee80853e084822daeb9f38871c5d2a5992df205f920e689547e71b7858542010,ccaeadc332fb38449fc6063143b190b1498e49dd2d6e39dd471a2174ab5aca8d
vivos_aggregate,results_by_snr.csv,legacy_exposed_vivos_300/snr=clean,paper_v2_locked_vivos_460/snr=clean,dataset=vivos;model=phowhisper;model_size=base;train_type=tone_aware_lora;lambda=0.5;seed=42;snr=clean,ter,rate,0.01163200563976031,,,not_comparable_missing_counterpart,legacy-only selection-screen run,77,63,300,,a70139c89cbd123b8d0646588b4c7e3dc8c26abf0559cdac6772337d6d1bcfa6,89712f4873a6de7fb84f912d2380419fc48f56c7499ebed5f62528c749a2a146,legacy_v1_exposed_test_selection_and_evaluation,paper_v2_unseen_final_after_noisy_dev_decision_lock,a2f50bae2bdd2e09b1828b1fe6c1aacda860db8b596cb07fa47b088a4938bf73,ee80853e084822daeb9f38871c5d2a5992df205f920e689547e71b7858542010,ccaeadc332fb38449fc6063143b190b1498e49dd2d6e39dd471a2174ab5aca8d
vivos_aggregate,results_by_snr.csv,legacy_exposed_vivos_300/snr=clean,paper_v2_locked_vivos_460/snr=clean,dataset=vivos;model=phowhisper;model_size=base;train_type=tone_aware_lora;lambda=0.5;seed=42;snr=clean,wer,rate,0.08785107772697583,,,not_comparable_missing_counterpart,legacy-only selection-screen run,77,63,300,,a70139c89cbd123b8d0646588b4c7e3dc8c26abf0559cdac6772337d6d1bcfa6,89712f4873a6de7fb84f912d2380419fc48f56c7499ebed5f62528c749a2a146,legacy_v1_exposed_test_selection_and_evaluation,paper_v2_unseen_final_after_noisy_dev_decision_lock,a2f50bae2bdd2e09b1828b1fe6c1aacda860db8b596cb07fa47b088a4938bf73,ee80853e084822daeb9f38871c5d2a5992df205f920e689547e71b7858542010,ccaeadc332fb38449fc6063143b190b1498e49dd2d6e39dd471a2174ab5aca8d
vivos_aggregate,results_by_snr.csv,legacy_exposed_vivos_300/snr=noisy_all,paper_v2_locked_vivos_460/snr=noisy_all,dataset=vivos;model=phowhisper;model_size=base;train_type=tone_aware_lora;lambda=0.5;seed=42;snr=noisy_all,cer,rate,0.10035496566093063,,,not_comparable_missing_counterpart,legacy-only selection-screen run,77,63,1200,,a70139c89cbd123b8d0646588b4c7e3dc8c26abf0559cdac6772337d6d1bcfa6,89712f4873a6de7fb84f912d2380419fc48f56c7499ebed5f62528c749a2a146,legacy_v1_exposed_test_selection_and_evaluation,paper_v2_unseen_final_after_noisy_dev_decision_lock,a2f50bae2bdd2e09b1828b1fe6c1aacda860db8b596cb07fa47b088a4938bf73,ee80853e084822daeb9f38871c5d2a5992df205f920e689547e71b7858542010,ccaeadc332fb38449fc6063143b190b1498e49dd2d6e39dd471a2174ab5aca8d
vivos_aggregate,results_by_snr.csv,legacy_exposed_vivos_300/snr=noisy_all,paper_v2_locked_vivos_460/snr=noisy_all,dataset=vivos;model=phowhisper;model_size=base;train_type=tone_aware_lora;lambda=0.5;seed=42;snr=noisy_all,der,rate,0.010089789873183375,,,not_comparable_missing_counterpart,legacy-only selection-screen run,77,63,1200,,a70139c89cbd123b8d0646588b4c7e3dc8c26abf0559cdac6772337d6d1bcfa6,89712f4873a6de7fb84f912d2380419fc48f56c7499ebed5f62528c749a2a146,legacy_v1_exposed_test_selection_and_evaluation,paper_v2_unseen_final_after_noisy_dev_decision_lock,a2f50bae2bdd2e09b1828b1fe6c1aacda860db8b596cb07fa47b088a4938bf73,ee80853e084822daeb9f38871c5d2a5992df205f920e689547e71b7858542010,ccaeadc332fb38449fc6063143b190b1498e49dd2d6e39dd471a2174ab5aca8d
vivos_aggregate,results_by_snr.csv,legacy_exposed_vivos_300/snr=noisy_all,paper_v2_locked_vivos_460/snr=noisy_all,dataset=vivos;model=phowhisper;model_size=base;train_type=tone_aware_lora;lambda=0.5;seed=42;snr=noisy_all,fcer,rate,0.10720104268491365,,,not_comparable_missing_counterpart,legacy-only selection-screen run,77,63,1200,,a70139c89cbd123b8d0646588b4c7e3dc8c26abf0559cdac6772337d6d1bcfa6,89712f4873a6de7fb84f912d2380419fc48f56c7499ebed5f62528c749a2a146,legacy_v1_exposed_test_selection_and_evaluation,paper_v2_unseen_final_after_noisy_dev_decision_lock,a2f50bae2bdd2e09b1828b1fe6c1aacda860db8b596cb07fa47b088a4938bf73,ee80853e084822daeb9f38871c5d2a5992df205f920e689547e71b7858542010,ccaeadc332fb38449fc6063143b190b1498e49dd2d6e39dd471a2174ab5aca8d
vivos_aggregate,results_by_snr.csv,legacy_exposed_vivos_300/snr=noisy_all,paper_v2_locked_vivos_460/snr=noisy_all,dataset=vivos;model=phowhisper;model_size=base;train_type=tone_aware_lora;lambda=0.5;seed=42;snr=noisy_all,swdr,rate,0.0016778523489932886,,,not_comparable_missing_counterpart,legacy-only selection-screen run,77,63,1200,,a70139c89cbd123b8d0646588b4c7e3dc8c26abf0559cdac6772337d6d1bcfa6,89712f4873a6de7fb84f912d2380419fc48f56c7499ebed5f62528c749a2a146,legacy_v1_exposed_test_selection_and_evaluation,paper_v2_unseen_final_after_noisy_dev_decision_lock,a2f50bae2bdd2e09b1828b1fe6c1aacda860db8b596cb07fa47b088a4938bf73,ee80853e084822daeb9f38871c5d2a5992df205f920e689547e71b7858542010,ccaeadc332fb38449fc6063143b190b1498e49dd2d6e39dd471a2174ab5aca8d
vivos_aggregate,results_by_snr.csv,legacy_exposed_vivos_300/snr=noisy_all,paper_v2_locked_vivos_460/snr=noisy_all,dataset=vivos;model=phowhisper;model_size=base;train_type=tone_aware_lora;lambda=0.5;seed=42;snr=noisy_all,ter,rate,0.017190113361828657,,,not_comparable_missing_counterpart,legacy-only selection-screen run,77,63,1200,,a70139c89cbd123b8d0646588b4c7e3dc8c26abf0559cdac6772337d6d1bcfa6,89712f4873a6de7fb84f912d2380419fc48f56c7499ebed5f62528c749a2a146,legacy_v1_exposed_test_selection_and_evaluation,paper_v2_unseen_final_after_noisy_dev_decision_lock,a2f50bae2bdd2e09b1828b1fe6c1aacda860db8b596cb07fa47b088a4938bf73,ee80853e084822daeb9f38871c5d2a5992df205f920e689547e71b7858542010,ccaeadc332fb38449fc6063143b190b1498e49dd2d6e39dd471a2174ab5aca8d
vivos_aggregate,results_by_snr.csv,legacy_exposed_vivos_300/snr=noisy_all,paper_v2_locked_vivos_460/snr=noisy_all,dataset=vivos;model=phowhisper;model_size=base;train_type=tone_aware_lora;lambda=0.5;seed=42;snr=noisy_all,wer,rate,0.17153821032005226,,,not_comparable_missing_counterpart,legacy-only selection-screen run,77,63,1200,,a70139c89cbd123b8d0646588b4c7e3dc8c26abf0559cdac6772337d6d1bcfa6,89712f4873a6de7fb84f912d2380419fc48f56c7499ebed5f62528c749a2a146,legacy_v1_exposed_test_selection_and_evaluation,paper_v2_unseen_final_after_noisy_dev_decision_lock,a2f50bae2bdd2e09b1828b1fe6c1aacda860db8b596cb07fa47b088a4938bf73,ee80853e084822daeb9f38871c5d2a5992df205f920e689547e71b7858542010,ccaeadc332fb38449fc6063143b190b1498e49dd2d6e39dd471a2174ab5aca8d
vivos_aggregate,results_by_snr.csv,legacy_exposed_vivos_300/snr=0,paper_v2_locked_vivos_460/snr=0,dataset=vivos;model=phowhisper;model_size=base;train_type=zero_shot;lambda=<blank>;seed=42;snr=0,cer,rate,0.15317539933636853,0.1813547345043408,,not_comparable_scope,delta withheld: legacy VIVOS uses 300 exposed source utterances; paper-v2 uses the disjoint 460-utterance locked test and MUSAN-test noise,77,63,300,460,a70139c89cbd123b8d0646588b4c7e3dc8c26abf0559cdac6772337d6d1bcfa6,89712f4873a6de7fb84f912d2380419fc48f56c7499ebed5f62528c749a2a146,legacy_v1_exposed_test_selection_and_evaluation,paper_v2_unseen_final_after_noisy_dev_decision_lock,a2f50bae2bdd2e09b1828b1fe6c1aacda860db8b596cb07fa47b088a4938bf73,ee80853e084822daeb9f38871c5d2a5992df205f920e689547e71b7858542010,ccaeadc332fb38449fc6063143b190b1498e49dd2d6e39dd471a2174ab5aca8d
vivos_aggregate,results_by_snr.csv,legacy_exposed_vivos_300/snr=0,paper_v2_locked_vivos_460/snr=0,dataset=vivos;model=phowhisper;model_size=base;train_type=zero_shot;lambda=<blank>;seed=42;snr=0,der,rate,0.011651265568501407,0.012184990307394073,,not_comparable_scope,delta withheld: legacy VIVOS uses 300 exposed source utterances; paper-v2 uses the disjoint 460-utterance locked test and MUSAN-test noise,77,63,300,460,a70139c89cbd123b8d0646588b4c7e3dc8c26abf0559cdac6772337d6d1bcfa6,89712f4873a6de7fb84f912d2380419fc48f56c7499ebed5f62528c749a2a146,legacy_v1_exposed_test_selection_and_evaluation,paper_v2_unseen_final_after_noisy_dev_decision_lock,a2f50bae2bdd2e09b1828b1fe6c1aacda860db8b596cb07fa47b088a4938bf73,ee80853e084822daeb9f38871c5d2a5992df205f920e689547e71b7858542010,ccaeadc332fb38449fc6063143b190b1498e49dd2d6e39dd471a2174ab5aca8d
vivos_aggregate,results_by_snr.csv,legacy_exposed_vivos_300/snr=0,paper_v2_locked_vivos_460/snr=0,dataset=vivos;model=phowhisper;model_size=base;train_type=zero_shot;lambda=<blank>;seed=42;snr=0,fcer,rate,0.18717948717948718,0.21660345554150864,,not_comparable_scope,delta withheld: legacy VIVOS uses 300 exposed source utterances; paper-v2 uses the disjoint 460-utterance locked test and MUSAN-test noise,77,63,300,460,a70139c89cbd123b8d0646588b4c7e3dc8c26abf0559cdac6772337d6d1bcfa6,89712f4873a6de7fb84f912d2380419fc48f56c7499ebed5f62528c749a2a146,legacy_v1_exposed_test_selection_and_evaluation,paper_v2_unseen_final_after_noisy_dev_decision_lock,a2f50bae2bdd2e09b1828b1fe6c1aacda860db8b596cb07fa47b088a4938bf73,ee80853e084822daeb9f38871c5d2a5992df205f920e689547e71b7858542010,ccaeadc332fb38449fc6063143b190b1498e49dd2d6e39dd471a2174ab5aca8d
vivos_aggregate,results_by_snr.csv,legacy_exposed_vivos_300/snr=0,paper_v2_locked_vivos_460/snr=0,dataset=vivos;model=phowhisper;model_size=base;train_type=zero_shot;lambda=<blank>;seed=42;snr=0,swdr,rate,0.006711409395973154,0.00881057268722467,,not_comparable_scope,delta withheld: legacy VIVOS uses 300 exposed source utterances; paper-v2 uses the disjoint 460-utterance locked test and MUSAN-test noise,77,63,300,460,a70139c89cbd123b8d0646588b4c7e3dc8c26abf0559cdac6772337d6d1bcfa6,89712f4873a6de7fb84f912d2380419fc48f56c7499ebed5f62528c749a2a146,legacy_v1_exposed_test_selection_and_evaluation,paper_v2_unseen_final_after_noisy_dev_decision_lock,a2f50bae2bdd2e09b1828b1fe6c1aacda860db8b596cb07fa47b088a4938bf73,ee80853e084822daeb9f38871c5d2a5992df205f920e689547e71b7858542010,ccaeadc332fb38449fc6063143b190b1498e49dd2d6e39dd471a2174ab5aca8d
vivos_aggregate,results_by_snr.csv,legacy_exposed_vivos_300/snr=0,paper_v2_locked_vivos_460/snr=0,dataset=vivos;model=phowhisper;model_size=base;train_type=zero_shot;lambda=<blank>;seed=42;snr=0,ter,rate,0.024949698189134808,0.028888888888888888,,not_comparable_scope,delta withheld: legacy VIVOS uses 300 exposed source utterances; paper-v2 uses the disjoint 460-utterance locked test and MUSAN-test noise,77,63,300,460,a70139c89cbd123b8d0646588b4c7e3dc8c26abf0559cdac6772337d6d1bcfa6,89712f4873a6de7fb84f912d2380419fc48f56c7499ebed5f62528c749a2a146,legacy_v1_exposed_test_selection_and_evaluation,paper_v2_unseen_final_after_noisy_dev_decision_lock,a2f50bae2bdd2e09b1828b1fe6c1aacda860db8b596cb07fa47b088a4938bf73,ee80853e084822daeb9f38871c5d2a5992df205f920e689547e71b7858542010,ccaeadc332fb38449fc6063143b190b1498e49dd2d6e39dd471a2174ab5aca8d
vivos_aggregate,results_by_snr.csv,legacy_exposed_vivos_300/snr=0,paper_v2_locked_vivos_460/snr=0,dataset=vivos;model=phowhisper;model_size=base;train_type=zero_shot;lambda=<blank>;seed=42;snr=0,wer,rate,0.24983670803396474,0.30085836909871244,,not_comparable_scope,delta withheld: legacy VIVOS uses 300 exposed source utterances; paper-v2 uses the disjoint 460-utterance locked test and MUSAN-test noise,77,63,300,460,a70139c89cbd123b8d0646588b4c7e3dc8c26abf0559cdac6772337d6d1bcfa6,89712f4873a6de7fb84f912d2380419fc48f56c7499ebed5f62528c749a2a146,legacy_v1_exposed_test_selection_and_evaluation,paper_v2_unseen_final_after_noisy_dev_decision_lock,a2f50bae2bdd2e09b1828b1fe6c1aacda860db8b596cb07fa47b088a4938bf73,ee80853e084822daeb9f38871c5d2a5992df205f920e689547e71b7858542010,ccaeadc332fb38449fc6063143b190b1498e49dd2d6e39dd471a2174ab5aca8d
vivos_aggregate,results_by_snr.csv,legacy_exposed_vivos_300/snr=10,paper_v2_locked_vivos_460/snr=10,dataset=vivos;model=phowhisper;model_size=base;train_type=zero_shot;lambda=<blank>;seed=42;snr=10,cer,rate,0.05239601821128174,0.05471431455683424,,not_comparable_scope,delta withheld: legacy VIVOS uses 300 exposed source utterances; paper-v2 uses the disjoint 460-utterance locked test and MUSAN-test noise,77,63,300,460,a70139c89cbd123b8d0646588b4c7e3dc8c26abf0559cdac6772337d6d1bcfa6,89712f4873a6de7fb84f912d2380419fc48f56c7499ebed5f62528c749a2a146,legacy_v1_exposed_test_selection_and_evaluation,paper_v2_unseen_final_after_noisy_dev_decision_lock,a2f50bae2bdd2e09b1828b1fe6c1aacda860db8b596cb07fa47b088a4938bf73,ee80853e084822daeb9f38871c5d2a5992df205f920e689547e71b7858542010,ccaeadc332fb38449fc6063143b190b1498e49dd2d6e39dd471a2174ab5aca8d
vivos_aggregate,results_by_snr.csv,legacy_exposed_vivos_300/snr=10,paper_v2_locked_vivos_460/snr=10,dataset=vivos;model=phowhisper;model_size=base;train_type=zero_shot;lambda=<blank>;seed=42;snr=10,der,rate,0.010649627263045794,0.009374267635340989,,not_comparable_scope,delta withheld: legacy VIVOS uses 300 exposed source utterances; paper-v2 uses the disjoint 460-utterance locked test and MUSAN-test noise,77,63,300,460,a70139c89cbd123b8d0646588b4c7e3dc8c26abf0559cdac6772337d6d1bcfa6,89712f4873a6de7fb84f912d2380419fc48f56c7499ebed5f62528c749a2a146,legacy_v1_exposed_test_selection_and_evaluation,paper_v2_unseen_final_after_noisy_dev_decision_lock,a2f50bae2bdd2e09b1828b1fe6c1aacda860db8b596cb07fa47b088a4938bf73,ee80853e084822daeb9f38871c5d2a5992df205f920e689547e71b7858542010,ccaeadc332fb38449fc6063143b190b1498e49dd2d6e39dd471a2174ab5aca8d
vivos_aggregate,results_by_snr.csv,legacy_exposed_vivos_300/snr=10,paper_v2_locked_vivos_460/snr=10,dataset=vivos;model=phowhisper;model_size=base;train_type=zero_shot;lambda=<blank>;seed=42;snr=10,fcer,rate,0.06221349050425671,0.06631989596879063,,not_comparable_scope,delta withheld: legacy VIVOS uses 300 exposed source utterances; paper-v2 uses the disjoint 460-utterance locked test and MUSAN-test noise,77,63,300,460,a70139c89cbd123b8d0646588b4c7e3dc8c26abf0559cdac6772337d6d1bcfa6,89712f4873a6de7fb84f912d2380419fc48f56c7499ebed5f62528c749a2a146,legacy_v1_exposed_test_selection_and_evaluation,paper_v2_unseen_final_after_noisy_dev_decision_lock,a2f50bae2bdd2e09b1828b1fe6c1aacda860db8b596cb07fa47b088a4938bf73,ee80853e084822daeb9f38871c5d2a5992df205f920e689547e71b7858542010,ccaeadc332fb38449fc6063143b190b1498e49dd2d6e39dd471a2174ab5aca8d
vivos_aggregate,results_by_snr.csv,legacy_exposed_vivos_300/snr=10,paper_v2_locked_vivos_460/snr=10,dataset=vivos;model=phowhisper;model_size=base;train_type=zero_shot;lambda=<blank>;seed=42;snr=10,swdr,rate,0.0,0.004405286343612335,,not_comparable_scope,delta withheld: legacy VIVOS uses 300 exposed source utterances; paper-v2 uses the disjoint 460-utterance locked test and MUSAN-test noise,77,63,300,460,a70139c89cbd123b8d0646588b4c7e3dc8c26abf0559cdac6772337d6d1bcfa6,89712f4873a6de7fb84f912d2380419fc48f56c7499ebed5f62528c749a2a146,legacy_v1_exposed_test_selection_and_evaluation,paper_v2_unseen_final_after_noisy_dev_decision_lock,a2f50bae2bdd2e09b1828b1fe6c1aacda860db8b596cb07fa47b088a4938bf73,ee80853e084822daeb9f38871c5d2a5992df205f920e689547e71b7858542010,ccaeadc332fb38449fc6063143b190b1498e49dd2d6e39dd471a2174ab5aca8d
vivos_aggregate,results_by_snr.csv,legacy_exposed_vivos_300/snr=10,paper_v2_locked_vivos_460/snr=10,dataset=vivos;model=phowhisper;model_size=base;train_type=zero_shot;lambda=<blank>;seed=42;snr=10,ter,rate,0.011424491253123885,0.014140938015555032,,not_comparable_scope,delta withheld: legacy VIVOS uses 300 exposed source utterances; paper-v2 uses the disjoint 460-utterance locked test and MUSAN-test noise,77,63,300,460,a70139c89cbd123b8d0646588b4c7e3dc8c26abf0559cdac6772337d6d1bcfa6,89712f4873a6de7fb84f912d2380419fc48f56c7499ebed5f62528c749a2a146,legacy_v1_exposed_test_selection_and_evaluation,paper_v2_unseen_final_after_noisy_dev_decision_lock,a2f50bae2bdd2e09b1828b1fe6c1aacda860db8b596cb07fa47b088a4938bf73,ee80853e084822daeb9f38871c5d2a5992df205f920e689547e71b7858542010,ccaeadc332fb38449fc6063143b190b1498e49dd2d6e39dd471a2174ab5aca8d
vivos_aggregate,results_by_snr.csv,legacy_exposed_vivos_300/snr=10,paper_v2_locked_vivos_460/snr=10,dataset=vivos;model=phowhisper;model_size=base;train_type=zero_shot;lambda=<blank>;seed=42;snr=10,wer,rate,0.10418027433050293,0.11201716738197424,,not_comparable_scope,delta withheld: legacy VIVOS uses 300 exposed source utterances; paper-v2 uses the disjoint 460-utterance locked test and MUSAN-test noise,77,63,300,460,a70139c89cbd123b8d0646588b4c7e3dc8c26abf0559cdac6772337d6d1bcfa6,89712f4873a6de7fb84f912d2380419fc48f56c7499ebed5f62528c749a2a146,legacy_v1_exposed_test_selection_and_evaluation,paper_v2_unseen_final_after_noisy_dev_decision_lock,a2f50bae2bdd2e09b1828b1fe6c1aacda860db8b596cb07fa47b088a4938bf73,ee80853e084822daeb9f38871c5d2a5992df205f920e689547e71b7858542010,ccaeadc332fb38449fc6063143b190b1498e49dd2d6e39dd471a2174ab5aca8d
vivos_aggregate,results_by_snr.csv,legacy_exposed_vivos_300/snr=20,paper_v2_locked_vivos_460/snr=20,dataset=vivos;model=phowhisper;model_size=base;train_type=zero_shot;lambda=<blank>;seed=42;snr=20,cer,rate,0.03796589242997145,0.03876438522107813,,not_comparable_scope,delta withheld: legacy VIVOS uses 300 exposed source utterances; paper-v2 uses the disjoint 460-utterance locked test and MUSAN-test noise,77,63,300,460,a70139c89cbd123b8d0646588b4c7e3dc8c26abf0559cdac6772337d6d1bcfa6,89712f4873a6de7fb84f912d2380419fc48f56c7499ebed5f62528c749a2a146,legacy_v1_exposed_test_selection_and_evaluation,paper_v2_unseen_final_after_noisy_dev_decision_lock,a2f50bae2bdd2e09b1828b1fe6c1aacda860db8b596cb07fa47b088a4938bf73,ee80853e084822daeb9f38871c5d2a5992df205f920e689547e71b7858542010,ccaeadc332fb38449fc6063143b190b1498e49dd2d6e39dd471a2174ab5aca8d
vivos_aggregate,results_by_snr.csv,legacy_exposed_vivos_300/snr=20,paper_v2_locked_vivos_460/snr=20,dataset=vivos;model=phowhisper;model_size=base;train_type=zero_shot;lambda=<blank>;seed=42;snr=20,der,rate,0.008391608391608392,0.00759144237405107,,not_comparable_scope,delta withheld: legacy VIVOS uses 300 exposed source utterances; paper-v2 uses the disjoint 460-utterance locked test and MUSAN-test noise,77,63,300,460,a70139c89cbd123b8d0646588b4c7e3dc8c26abf0559cdac6772337d6d1bcfa6,89712f4873a6de7fb84f912d2380419fc48f56c7499ebed5f62528c749a2a146,legacy_v1_exposed_test_selection_and_evaluation,paper_v2_unseen_final_after_noisy_dev_decision_lock,a2f50bae2bdd2e09b1828b1fe6c1aacda860db8b596cb07fa47b088a4938bf73,ee80853e084822daeb9f38871c5d2a5992df205f920e689547e71b7858542010,ccaeadc332fb38449fc6063143b190b1498e49dd2d6e39dd471a2174ab5aca8d
vivos_aggregate,results_by_snr.csv,legacy_exposed_vivos_300/snr=20,paper_v2_locked_vivos_460/snr=20,dataset=vivos;model=phowhisper;model_size=base;train_type=zero_shot;lambda=<blank>;seed=42;snr=20,fcer,rate,0.048556430446194225,0.05326981377219576,,not_comparable_scope,delta withheld: legacy VIVOS uses 300 exposed source utterances; paper-v2 uses the disjoint 460-utterance locked test and MUSAN-test noise,77,63,300,460,a70139c89cbd123b8d0646588b4c7e3dc8c26abf0559cdac6772337d6d1bcfa6,89712f4873a6de7fb84f912d2380419fc48f56c7499ebed5f62528c749a2a146,legacy_v1_exposed_test_selection_and_evaluation,paper_v2_unseen_final_after_noisy_dev_decision_lock,a2f50bae2bdd2e09b1828b1fe6c1aacda860db8b596cb07fa47b088a4938bf73,ee80853e084822daeb9f38871c5d2a5992df205f920e689547e71b7858542010,ccaeadc332fb38449fc6063143b190b1498e49dd2d6e39dd471a2174ab5aca8d
vivos_aggregate,results_by_snr.csv,legacy_exposed_vivos_300/snr=20,paper_v2_locked_vivos_460/snr=20,dataset=vivos;model=phowhisper;model_size=base;train_type=zero_shot;lambda=<blank>;seed=42;snr=20,swdr,rate,0.006711409395973154,0.004405286343612335,,not_comparable_scope,delta withheld: legacy VIVOS uses 300 exposed source utterances; paper-v2 uses the disjoint 460-utterance locked test and MUSAN-test noise,77,63,300,460,a70139c89cbd123b8d0646588b4c7e3dc8c26abf0559cdac6772337d6d1bcfa6,89712f4873a6de7fb84f912d2380419fc48f56c7499ebed5f62528c749a2a146,legacy_v1_exposed_test_selection_and_evaluation,paper_v2_unseen_final_after_noisy_dev_decision_lock,a2f50bae2bdd2e09b1828b1fe6c1aacda860db8b596cb07fa47b088a4938bf73,ee80853e084822daeb9f38871c5d2a5992df205f920e689547e71b7858542010,ccaeadc332fb38449fc6063143b190b1498e49dd2d6e39dd471a2174ab5aca8d
vivos_aggregate,results_by_snr.csv,legacy_exposed_vivos_300/snr=20,paper_v2_locked_vivos_460/snr=20,dataset=vivos;model=phowhisper;model_size=base;train_type=zero_shot;lambda=<blank>;seed=42;snr=20,ter,rate,0.013342696629213483,0.013176144244105409,,not_comparable_scope,delta withheld: legacy VIVOS uses 300 exposed source utterances; paper-v2 uses the disjoint 460-utterance locked test and MUSAN-test noise,77,63,300,460,a70139c89cbd123b8d0646588b4c7e3dc8c26abf0559cdac6772337d6d1bcfa6,89712f4873a6de7fb84f912d2380419fc48f56c7499ebed5f62528c749a2a146,legacy_v1_exposed_test_selection_and_evaluation,paper_v2_unseen_final_after_noisy_dev_decision_lock,a2f50bae2bdd2e09b1828b1fe6c1aacda860db8b596cb07fa47b088a4938bf73,ee80853e084822daeb9f38871c5d2a5992df205f920e689547e71b7858542010,ccaeadc332fb38449fc6063143b190b1498e49dd2d6e39dd471a2174ab5aca8d
vivos_aggregate,results_by_snr.csv,legacy_exposed_vivos_300/snr=20,paper_v2_locked_vivos_460/snr=20,dataset=vivos;model=phowhisper;model_size=base;train_type=zero_shot;lambda=<blank>;seed=42;snr=20,wer,rate,0.0852384062704115,0.08690987124463519,,not_comparable_scope,delta withheld: legacy VIVOS uses 300 exposed source utterances; paper-v2 uses the disjoint 460-utterance locked test and MUSAN-test noise,77,63,300,460,a70139c89cbd123b8d0646588b4c7e3dc8c26abf0559cdac6772337d6d1bcfa6,89712f4873a6de7fb84f912d2380419fc48f56c7499ebed5f62528c749a2a146,legacy_v1_exposed_test_selection_and_evaluation,paper_v2_unseen_final_after_noisy_dev_decision_lock,a2f50bae2bdd2e09b1828b1fe6c1aacda860db8b596cb07fa47b088a4938bf73,ee80853e084822daeb9f38871c5d2a5992df205f920e689547e71b7858542010,ccaeadc332fb38449fc6063143b190b1498e49dd2d6e39dd471a2174ab5aca8d
vivos_aggregate,results_by_snr.csv,legacy_exposed_vivos_300/snr=5,paper_v2_locked_vivos_460/snr=5,dataset=vivos;model=phowhisper;model_size=base;train_type=zero_shot;lambda=<blank>;seed=42;snr=5,cer,rate,0.08488309283123698,0.08429234807187563,,not_comparable_scope,delta withheld: legacy VIVOS uses 300 exposed source utterances; paper-v2 uses the disjoint 460-utterance locked test and MUSAN-test noise,77,63,300,460,a70139c89cbd123b8d0646588b4c7e3dc8c26abf0559cdac6772337d6d1bcfa6,89712f4873a6de7fb84f912d2380419fc48f56c7499ebed5f62528c749a2a146,legacy_v1_exposed_test_selection_and_evaluation,paper_v2_unseen_final_after_noisy_dev_decision_lock,a2f50bae2bdd2e09b1828b1fe6c1aacda860db8b596cb07fa47b088a4938bf73,ee80853e084822daeb9f38871c5d2a5992df205f920e689547e71b7858542010,ccaeadc332fb38449fc6063143b190b1498e49dd2d6e39dd471a2174ab5aca8d
vivos_aggregate,results_by_snr.csv,legacy_exposed_vivos_300/snr=5,paper_v2_locked_vivos_460/snr=5,dataset=vivos;model=phowhisper;model_size=base;train_type=zero_shot;lambda=<blank>;seed=42;snr=5,der,rate,0.010362694300518135,0.011916342412451361,,not_comparable_scope,delta withheld: legacy VIVOS uses 300 exposed source utterances; paper-v2 uses the disjoint 460-utterance locked test and MUSAN-test noise,77,63,300,460,a70139c89cbd123b8d0646588b4c7e3dc8c26abf0559cdac6772337d6d1bcfa6,89712f4873a6de7fb84f912d2380419fc48f56c7499ebed5f62528c749a2a146,legacy_v1_exposed_test_selection_and_evaluation,paper_v2_unseen_final_after_noisy_dev_decision_lock,a2f50bae2bdd2e09b1828b1fe6c1aacda860db8b596cb07fa47b088a4938bf73,ee80853e084822daeb9f38871c5d2a5992df205f920e689547e71b7858542010,ccaeadc332fb38449fc6063143b190b1498e49dd2d6e39dd471a2174ab5aca8d
vivos_aggregate,results_by_snr.csv,legacy_exposed_vivos_300/snr=5,paper_v2_locked_vivos_460/snr=5,dataset=vivos;model=phowhisper;model_size=base;train_type=zero_shot;lambda=<blank>;seed=42;snr=5,fcer,rate,0.10194805194805195,0.09944277753964852,,not_comparable_scope,delta withheld: legacy VIVOS uses 300 exposed source utterances; paper-v2 uses the disjoint 460-utterance locked test and MUSAN-test noise,77,63,300,460,a70139c89cbd123b8d0646588b4c7e3dc8c26abf0559cdac6772337d6d1bcfa6,89712f4873a6de7fb84f912d2380419fc48f56c7499ebed5f62528c749a2a146,legacy_v1_exposed_test_selection_and_evaluation,paper_v2_unseen_final_after_noisy_dev_decision_lock,a2f50bae2bdd2e09b1828b1fe6c1aacda860db8b596cb07fa47b088a4938bf73,ee80853e084822daeb9f38871c5d2a5992df205f920e689547e71b7858542010,ccaeadc332fb38449fc6063143b190b1498e49dd2d6e39dd471a2174ab5aca8d
vivos_aggregate,results_by_snr.csv,legacy_exposed_vivos_300/snr=5,paper_v2_locked_vivos_460/snr=5,dataset=vivos;model=phowhisper;model_size=base;train_type=zero_shot;lambda=<blank>;seed=42;snr=5,swdr,rate,0.006711409395973154,0.004405286343612335,,not_comparable_scope,delta withheld: legacy VIVOS uses 300 exposed source utterances; paper-v2 uses the disjoint 460-utterance locked test and MUSAN-test noise,77,63,300,460,a70139c89cbd123b8d0646588b4c7e3dc8c26abf0559cdac6772337d6d1bcfa6,89712f4873a6de7fb84f912d2380419fc48f56c7499ebed5f62528c749a2a146,legacy_v1_exposed_test_selection_and_evaluation,paper_v2_unseen_final_after_noisy_dev_decision_lock,a2f50bae2bdd2e09b1828b1fe6c1aacda860db8b596cb07fa47b088a4938bf73,ee80853e084822daeb9f38871c5d2a5992df205f920e689547e71b7858542010,ccaeadc332fb38449fc6063143b190b1498e49dd2d6e39dd471a2174ab5aca8d
vivos_aggregate,results_by_snr.csv,legacy_exposed_vivos_300/snr=5,paper_v2_locked_vivos_460/snr=5,dataset=vivos;model=phowhisper;model_size=base;train_type=zero_shot;lambda=<blank>;seed=42;snr=5,ter,rate,0.017452655031563312,0.01642156862745098,,not_comparable_scope,delta withheld: legacy VIVOS uses 300 exposed source utterances; paper-v2 uses the disjoint 460-utterance locked test and MUSAN-test noise,77,63,300,460,a70139c89cbd123b8d0646588b4c7e3dc8c26abf0559cdac6772337d6d1bcfa6,89712f4873a6de7fb84f912d2380419fc48f56c7499ebed5f62528c749a2a146,legacy_v1_exposed_test_selection_and_evaluation,paper_v2_unseen_final_after_noisy_dev_decision_lock,a2f50bae2bdd2e09b1828b1fe6c1aacda860db8b596cb07fa47b088a4938bf73,ee80853e084822daeb9f38871c5d2a5992df205f920e689547e71b7858542010,ccaeadc332fb38449fc6063143b190b1498e49dd2d6e39dd471a2174ab5aca8d
vivos_aggregate,results_by_snr.csv,legacy_exposed_vivos_300/snr=5,paper_v2_locked_vivos_460/snr=5,dataset=vivos;model=phowhisper;model_size=base;train_type=zero_shot;lambda=<blank>;seed=42;snr=5,wer,rate,0.15284128020901372,0.1555793991416309,,not_comparable_scope,delta withheld: legacy VIVOS uses 300 exposed source utterances; paper-v2 uses the disjoint 460-utterance locked test and MUSAN-test noise,77,63,300,460,a70139c89cbd123b8d0646588b4c7e3dc8c26abf0559cdac6772337d6d1bcfa6,89712f4873a6de7fb84f912d2380419fc48f56c7499ebed5f62528c749a2a146,legacy_v1_exposed_test_selection_and_evaluation,paper_v2_unseen_final_after_noisy_dev_decision_lock,a2f50bae2bdd2e09b1828b1fe6c1aacda860db8b596cb07fa47b088a4938bf73,ee80853e084822daeb9f38871c5d2a5992df205f920e689547e71b7858542010,ccaeadc332fb38449fc6063143b190b1498e49dd2d6e39dd471a2174ab5aca8d
vivos_aggregate,results_by_snr.csv,legacy_exposed_vivos_300/snr=all,paper_v2_locked_vivos_460/snr=all,dataset=vivos;model=phowhisper;model_size=base;train_type=zero_shot;lambda=<blank>;seed=42;snr=all,cer,rate,0.0729994598348638,0.07954774883908743,,not_comparable_scope,delta withheld: legacy VIVOS uses 300 exposed source utterances; paper-v2 uses the disjoint 460-utterance locked test and MUSAN-test noise,77,63,1500,2300,a70139c89cbd123b8d0646588b4c7e3dc8c26abf0559cdac6772337d6d1bcfa6,89712f4873a6de7fb84f912d2380419fc48f56c7499ebed5f62528c749a2a146,legacy_v1_exposed_test_selection_and_evaluation,paper_v2_unseen_final_after_noisy_dev_decision_lock,a2f50bae2bdd2e09b1828b1fe6c1aacda860db8b596cb07fa47b088a4938bf73,ee80853e084822daeb9f38871c5d2a5992df205f920e689547e71b7858542010,ccaeadc332fb38449fc6063143b190b1498e49dd2d6e39dd471a2174ab5aca8d
vivos_aggregate,results_by_snr.csv,legacy_exposed_vivos_300/snr=all,paper_v2_locked_vivos_460/snr=all,dataset=vivos;model=phowhisper;model_size=base;train_type=zero_shot;lambda=<blank>;seed=42;snr=all,der,rate,0.009826757897801719,0.009955538372317803,,not_comparable_scope,delta withheld: legacy VIVOS uses 300 exposed source utterances; paper-v2 uses the disjoint 460-utterance locked test and MUSAN-test noise,77,63,1500,2300,a70139c89cbd123b8d0646588b4c7e3dc8c26abf0559cdac6772337d6d1bcfa6,89712f4873a6de7fb84f912d2380419fc48f56c7499ebed5f62528c749a2a146,legacy_v1_exposed_test_selection_and_evaluation,paper_v2_unseen_final_after_noisy_dev_decision_lock,a2f50bae2bdd2e09b1828b1fe6c1aacda860db8b596cb07fa47b088a4938bf73,ee80853e084822daeb9f38871c5d2a5992df205f920e689547e71b7858542010,ccaeadc332fb38449fc6063143b190b1498e49dd2d6e39dd471a2174ab5aca8d
vivos_aggregate,results_by_snr.csv,legacy_exposed_vivos_300/snr=all,paper_v2_locked_vivos_460/snr=all,dataset=vivos;model=phowhisper;model_size=base;train_type=zero_shot;lambda=<blank>;seed=42;snr=all,fcer,rate,0.08925081433224756,0.09701556721424272,,not_comparable_scope,delta withheld: legacy VIVOS uses 300 exposed source utterances; paper-v2 uses the disjoint 460-utterance locked test and MUSAN-test noise,77,63,1500,2300,a70139c89cbd123b8d0646588b4c7e3dc8c26abf0559cdac6772337d6d1bcfa6,89712f4873a6de7fb84f912d2380419fc48f56c7499ebed5f62528c749a2a146,legacy_v1_exposed_test_selection_and_evaluation,paper_v2_unseen_final_after_noisy_dev_decision_lock,a2f50bae2bdd2e09b1828b1fe6c1aacda860db8b596cb07fa47b088a4938bf73,ee80853e084822daeb9f38871c5d2a5992df205f920e689547e71b7858542010,ccaeadc332fb38449fc6063143b190b1498e49dd2d6e39dd471a2174ab5aca8d
vivos_aggregate,results_by_snr.csv,legacy_exposed_vivos_300/snr=all,paper_v2_locked_vivos_460/snr=all,dataset=vivos;model=phowhisper;model_size=base;train_type=zero_shot;lambda=<blank>;seed=42;snr=all,swdr,rate,0.004026845637583893,0.0052863436123348016,,not_comparable_scope,delta withheld: legacy VIVOS uses 300 exposed source utterances; paper-v2 uses the disjoint 460-utterance locked test and MUSAN-test noise,77,63,1500,2300,a70139c89cbd123b8d0646588b4c7e3dc8c26abf0559cdac6772337d6d1bcfa6,89712f4873a6de7fb84f912d2380419fc48f56c7499ebed5f62528c749a2a146,legacy_v1_exposed_test_selection_and_evaluation,paper_v2_unseen_final_after_noisy_dev_decision_lock,a2f50bae2bdd2e09b1828b1fe6c1aacda860db8b596cb07fa47b088a4938bf73,ee80853e084822daeb9f38871c5d2a5992df205f920e689547e71b7858542010,ccaeadc332fb38449fc6063143b190b1498e49dd2d6e39dd471a2174ab5aca8d
vivos_aggregate,results_by_snr.csv,legacy_exposed_vivos_300/snr=all,paper_v2_locked_vivos_460/snr=all,dataset=vivos;model=phowhisper;model_size=base;train_type=zero_shot;lambda=<blank>;seed=42;snr=all,ter,rate,0.015272195834855682,0.01686512758201701,,not_comparable_scope,delta withheld: legacy VIVOS uses 300 exposed source utterances; paper-v2 uses the disjoint 460-utterance locked test and MUSAN-test noise,77,63,1500,2300,a70139c89cbd123b8d0646588b4c7e3dc8c26abf0559cdac6772337d6d1bcfa6,89712f4873a6de7fb84f912d2380419fc48f56c7499ebed5f62528c749a2a146,legacy_v1_exposed_test_selection_and_evaluation,paper_v2_unseen_final_after_noisy_dev_decision_lock,a2f50bae2bdd2e09b1828b1fe6c1aacda860db8b596cb07fa47b088a4938bf73,ee80853e084822daeb9f38871c5d2a5992df205f920e689547e71b7858542010,ccaeadc332fb38449fc6063143b190b1498e49dd2d6e39dd471a2174ab5aca8d
vivos_aggregate,results_by_snr.csv,legacy_exposed_vivos_300/snr=all,paper_v2_locked_vivos_460/snr=all,dataset=vivos;model=phowhisper;model_size=base;train_type=zero_shot;lambda=<blank>;seed=42;snr=all,wer,rate,0.13455258001306336,0.1486695278969957,,not_comparable_scope,delta withheld: legacy VIVOS uses 300 exposed source utterances; paper-v2 uses the disjoint 460-utterance locked test and MUSAN-test noise,77,63,1500,2300,a70139c89cbd123b8d0646588b4c7e3dc8c26abf0559cdac6772337d6d1bcfa6,89712f4873a6de7fb84f912d2380419fc48f56c7499ebed5f62528c749a2a146,legacy_v1_exposed_test_selection_and_evaluation,paper_v2_unseen_final_after_noisy_dev_decision_lock,a2f50bae2bdd2e09b1828b1fe6c1aacda860db8b596cb07fa47b088a4938bf73,ee80853e084822daeb9f38871c5d2a5992df205f920e689547e71b7858542010,ccaeadc332fb38449fc6063143b190b1498e49dd2d6e39dd471a2174ab5aca8d
vivos_aggregate,results_by_snr.csv,legacy_exposed_vivos_300/snr=clean,paper_v2_locked_vivos_460/snr=clean,dataset=vivos;model=phowhisper;model_size=base;train_type=zero_shot;lambda=<blank>;seed=42;snr=clean,cer,rate,0.0365768963654603,0.038612961841308295,,not_comparable_scope,delta withheld: legacy VIVOS uses 300 exposed source utterances; paper-v2 uses the disjoint 460-utterance locked test and MUSAN-test noise,77,63,300,460,a70139c89cbd123b8d0646588b4c7e3dc8c26abf0559cdac6772337d6d1bcfa6,89712f4873a6de7fb84f912d2380419fc48f56c7499ebed5f62528c749a2a146,legacy_v1_exposed_test_selection_and_evaluation,paper_v2_unseen_final_after_noisy_dev_decision_lock,a2f50bae2bdd2e09b1828b1fe6c1aacda860db8b596cb07fa47b088a4938bf73,ee80853e084822daeb9f38871c5d2a5992df205f920e689547e71b7858542010,ccaeadc332fb38449fc6063143b190b1498e49dd2d6e39dd471a2174ab5aca8d
vivos_aggregate,results_by_snr.csv,legacy_exposed_vivos_300/snr=clean,paper_v2_locked_vivos_460/snr=clean,dataset=vivos;model=phowhisper;model_size=base;train_type=zero_shot;lambda=<blank>;seed=42;snr=clean,der,rate,0.008362369337979094,0.009184845005740528,,not_comparable_scope,delta withheld: legacy VIVOS uses 300 exposed source utterances; paper-v2 uses the disjoint 460-utterance locked test and MUSAN-test noise,77,63,300,460,a70139c89cbd123b8d0646588b4c7e3dc8c26abf0559cdac6772337d6d1bcfa6,89712f4873a6de7fb84f912d2380419fc48f56c7499ebed5f62528c749a2a146,legacy_v1_exposed_test_selection_and_evaluation,paper_v2_unseen_final_after_noisy_dev_decision_lock,a2f50bae2bdd2e09b1828b1fe6c1aacda860db8b596cb07fa47b088a4938bf73,ee80853e084822daeb9f38871c5d2a5992df205f920e689547e71b7858542010,ccaeadc332fb38449fc6063143b190b1498e49dd2d6e39dd471a2174ab5aca8d
vivos_aggregate,results_by_snr.csv,legacy_exposed_vivos_300/snr=clean,paper_v2_locked_vivos_460/snr=clean,dataset=vivos;model=phowhisper;model_size=base;train_type=zero_shot;lambda=<blank>;seed=42;snr=clean,fcer,rate,0.043963254593175856,0.04598698481561822,,not_comparable_scope,delta withheld: legacy VIVOS uses 300 exposed source utterances; paper-v2 uses the disjoint 460-utterance locked test and MUSAN-test noise,77,63,300,460,a70139c89cbd123b8d0646588b4c7e3dc8c26abf0559cdac6772337d6d1bcfa6,89712f4873a6de7fb84f912d2380419fc48f56c7499ebed5f62528c749a2a146,legacy_v1_exposed_test_selection_and_evaluation,paper_v2_unseen_final_after_noisy_dev_decision_lock,a2f50bae2bdd2e09b1828b1fe6c1aacda860db8b596cb07fa47b088a4938bf73,ee80853e084822daeb9f38871c5d2a5992df205f920e689547e71b7858542010,ccaeadc332fb38449fc6063143b190b1498e49dd2d6e39dd471a2174ab5aca8d
vivos_aggregate,results_by_snr.csv,legacy_exposed_vivos_300/snr=clean,paper_v2_locked_vivos_460/snr=clean,dataset=vivos;model=phowhisper;model_size=base;train_type=zero_shot;lambda=<blank>;seed=42;snr=clean,swdr,rate,0.0,0.004405286343612335,,not_comparable_scope,delta withheld: legacy VIVOS uses 300 exposed source utterances; paper-v2 uses the disjoint 460-utterance locked test and MUSAN-test noise,77,63,300,460,a70139c89cbd123b8d0646588b4c7e3dc8c26abf0559cdac6772337d6d1bcfa6,89712f4873a6de7fb84f912d2380419fc48f56c7499ebed5f62528c749a2a146,legacy_v1_exposed_test_selection_and_evaluation,paper_v2_unseen_final_after_noisy_dev_decision_lock,a2f50bae2bdd2e09b1828b1fe6c1aacda860db8b596cb07fa47b088a4938bf73,ee80853e084822daeb9f38871c5d2a5992df205f920e689547e71b7858542010,ccaeadc332fb38449fc6063143b190b1498e49dd2d6e39dd471a2174ab5aca8d
vivos_aggregate,results_by_snr.csv,legacy_exposed_vivos_300/snr=clean,paper_v2_locked_vivos_460/snr=clean,dataset=vivos;model=phowhisper;model_size=base;train_type=zero_shot;lambda=<blank>;seed=42;snr=clean,ter,rate,0.010496850944716585,0.013638465094775775,,not_comparable_scope,delta withheld: legacy VIVOS uses 300 exposed source utterances; paper-v2 uses the disjoint 460-utterance locked test and MUSAN-test noise,77,63,300,460,a70139c89cbd123b8d0646588b4c7e3dc8c26abf0559cdac6772337d6d1bcfa6,89712f4873a6de7fb84f912d2380419fc48f56c7499ebed5f62528c749a2a146,legacy_v1_exposed_test_selection_and_evaluation,paper_v2_unseen_final_after_noisy_dev_decision_lock,a2f50bae2bdd2e09b1828b1fe6c1aacda860db8b596cb07fa47b088a4938bf73,ee80853e084822daeb9f38871c5d2a5992df205f920e689547e71b7858542010,ccaeadc332fb38449fc6063143b190b1498e49dd2d6e39dd471a2174ab5aca8d
vivos_aggregate,results_by_snr.csv,legacy_exposed_vivos_300/snr=clean,paper_v2_locked_vivos_460/snr=clean,dataset=vivos;model=phowhisper;model_size=base;train_type=zero_shot;lambda=<blank>;seed=42;snr=clean,wer,rate,0.08066623122142391,0.08798283261802575,,not_comparable_scope,delta withheld: legacy VIVOS uses 300 exposed source utterances; paper-v2 uses the disjoint 460-utterance locked test and MUSAN-test noise,77,63,300,460,a70139c89cbd123b8d0646588b4c7e3dc8c26abf0559cdac6772337d6d1bcfa6,89712f4873a6de7fb84f912d2380419fc48f56c7499ebed5f62528c749a2a146,legacy_v1_exposed_test_selection_and_evaluation,paper_v2_unseen_final_after_noisy_dev_decision_lock,a2f50bae2bdd2e09b1828b1fe6c1aacda860db8b596cb07fa47b088a4938bf73,ee80853e084822daeb9f38871c5d2a5992df205f920e689547e71b7858542010,ccaeadc332fb38449fc6063143b190b1498e49dd2d6e39dd471a2174ab5aca8d
vivos_aggregate,results_by_snr.csv,legacy_exposed_vivos_300/snr=noisy_all,paper_v2_locked_vivos_460/snr=noisy_all,dataset=vivos;model=phowhisper;model_size=base;train_type=zero_shot;lambda=<blank>;seed=42;snr=noisy_all,cer,rate,0.08210510070221468,0.0897814455885322,,not_comparable_scope,delta withheld: legacy VIVOS uses 300 exposed source utterances; paper-v2 uses the disjoint 460-utterance locked test and MUSAN-test noise,77,63,1200,1840,a70139c89cbd123b8d0646588b4c7e3dc8c26abf0559cdac6772337d6d1bcfa6,89712f4873a6de7fb84f912d2380419fc48f56c7499ebed5f62528c749a2a146,legacy_v1_exposed_test_selection_and_evaluation,paper_v2_unseen_final_after_noisy_dev_decision_lock,a2f50bae2bdd2e09b1828b1fe6c1aacda860db8b596cb07fa47b088a4938bf73,ee80853e084822daeb9f38871c5d2a5992df205f920e689547e71b7858542010,ccaeadc332fb38449fc6063143b190b1498e49dd2d6e39dd471a2174ab5aca8d
vivos_aggregate,results_by_snr.csv,legacy_exposed_vivos_300/snr=noisy_all,paper_v2_locked_vivos_460/snr=noisy_all,dataset=vivos;model=phowhisper;model_size=base;train_type=zero_shot;lambda=<blank>;seed=42;snr=noisy_all,der,rate,0.01021347073978653,0.010160984268837608,,not_comparable_scope,delta withheld: legacy VIVOS uses 300 exposed source utterances; paper-v2 uses the disjoint 460-utterance locked test and MUSAN-test noise,77,63,1200,1840,a70139c89cbd123b8d0646588b4c7e3dc8c26abf0559cdac6772337d6d1bcfa6,89712f4873a6de7fb84f912d2380419fc48f56c7499ebed5f62528c749a2a146,legacy_v1_exposed_test_selection_and_evaluation,paper_v2_unseen_final_after_noisy_dev_decision_lock,a2f50bae2bdd2e09b1828b1fe6c1aacda860db8b596cb07fa47b088a4938bf73,ee80853e084822daeb9f38871c5d2a5992df205f920e689547e71b7858542010,ccaeadc332fb38449fc6063143b190b1498e49dd2d6e39dd471a2174ab5aca8d
vivos_aggregate,results_by_snr.csv,legacy_exposed_vivos_300/snr=noisy_all,paper_v2_locked_vivos_460/snr=noisy_all,dataset=vivos;model=phowhisper;model_size=base;train_type=zero_shot;lambda=<blank>;seed=42;snr=noisy_all,fcer,rate,0.10047146805397496,0.10963312593863977,,not_comparable_scope,delta withheld: legacy VIVOS uses 300 exposed source utterances; paper-v2 uses the disjoint 460-utterance locked test and MUSAN-test noise,77,63,1200,1840,a70139c89cbd123b8d0646588b4c7e3dc8c26abf0559cdac6772337d6d1bcfa6,89712f4873a6de7fb84f912d2380419fc48f56c7499ebed5f62528c749a2a146,legacy_v1_exposed_test_selection_and_evaluation,paper_v2_unseen_final_after_noisy_dev_decision_lock,a2f50bae2bdd2e09b1828b1fe6c1aacda860db8b596cb07fa47b088a4938bf73,ee80853e084822daeb9f38871c5d2a5992df205f920e689547e71b7858542010,ccaeadc332fb38449fc6063143b190b1498e49dd2d6e39dd471a2174ab5aca8d
vivos_aggregate,results_by_snr.csv,legacy_exposed_vivos_300/snr=noisy_all,paper_v2_locked_vivos_460/snr=noisy_all,dataset=vivos;model=phowhisper;model_size=base;train_type=zero_shot;lambda=<blank>;seed=42;snr=noisy_all,swdr,rate,0.0050335570469798654,0.005506607929515419,,not_comparable_scope,delta withheld: legacy VIVOS uses 300 exposed source utterances; paper-v2 uses the disjoint 460-utterance locked test and MUSAN-test noise,77,63,1200,1840,a70139c89cbd123b8d0646588b4c7e3dc8c26abf0559cdac6772337d6d1bcfa6,89712f4873a6de7fb84f912d2380419fc48f56c7499ebed5f62528c749a2a146,legacy_v1_exposed_test_selection_and_evaluation,paper_v2_unseen_final_after_noisy_dev_decision_lock,a2f50bae2bdd2e09b1828b1fe6c1aacda860db8b596cb07fa47b088a4938bf73,ee80853e084822daeb9f38871c5d2a5992df205f920e689547e71b7858542010,ccaeadc332fb38449fc6063143b190b1498e49dd2d6e39dd471a2174ab5aca8d
vivos_aggregate,results_by_snr.csv,legacy_exposed_vivos_300/snr=noisy_all,paper_v2_locked_vivos_460/snr=noisy_all,dataset=vivos;model=phowhisper;model_size=base;train_type=zero_shot;lambda=<blank>;seed=42;snr=noisy_all,ter,rate,0.016532742218527754,0.017724167641085604,,not_comparable_scope,delta withheld: legacy VIVOS uses 300 exposed source utterances; paper-v2 uses the disjoint 460-utterance locked test and MUSAN-test noise,77,63,1200,1840,a70139c89cbd123b8d0646588b4c7e3dc8c26abf0559cdac6772337d6d1bcfa6,89712f4873a6de7fb84f912d2380419fc48f56c7499ebed5f62528c749a2a146,legacy_v1_exposed_test_selection_and_evaluation,paper_v2_unseen_final_after_noisy_dev_decision_lock,a2f50bae2bdd2e09b1828b1fe6c1aacda860db8b596cb07fa47b088a4938bf73,ee80853e084822daeb9f38871c5d2a5992df205f920e689547e71b7858542010,ccaeadc332fb38449fc6063143b190b1498e49dd2d6e39dd471a2174ab5aca8d
vivos_aggregate,results_by_snr.csv,legacy_exposed_vivos_300/snr=noisy_all,paper_v2_locked_vivos_460/snr=noisy_all,dataset=vivos;model=phowhisper;model_size=base;train_type=zero_shot;lambda=<blank>;seed=42;snr=noisy_all,wer,rate,0.14802416721097322,0.1638412017167382,,not_comparable_scope,delta withheld: legacy VIVOS uses 300 exposed source utterances; paper-v2 uses the disjoint 460-utterance locked test and MUSAN-test noise,77,63,1200,1840,a70139c89cbd123b8d0646588b4c7e3dc8c26abf0559cdac6772337d6d1bcfa6,89712f4873a6de7fb84f912d2380419fc48f56c7499ebed5f62528c749a2a146,legacy_v1_exposed_test_selection_and_evaluation,paper_v2_unseen_final_after_noisy_dev_decision_lock,a2f50bae2bdd2e09b1828b1fe6c1aacda860db8b596cb07fa47b088a4938bf73,ee80853e084822daeb9f38871c5d2a5992df205f920e689547e71b7858542010,ccaeadc332fb38449fc6063143b190b1498e49dd2d6e39dd471a2174ab5aca8d
vivos_aggregate,results_by_snr.csv,legacy_exposed_vivos_300/snr=0,paper_v2_locked_vivos_460/snr=0,dataset=vivos;model=phowhisper;model_size=small;train_type=zero_shot;lambda=<blank>;seed=42;snr=0,cer,rate,0.08009877305347635,0.0917625681405209,,not_comparable_scope,delta withheld: legacy VIVOS uses 300 exposed source utterances; paper-v2 uses the disjoint 460-utterance locked test and MUSAN-test noise,77,63,300,460,a70139c89cbd123b8d0646588b4c7e3dc8c26abf0559cdac6772337d6d1bcfa6,89712f4873a6de7fb84f912d2380419fc48f56c7499ebed5f62528c749a2a146,legacy_v1_exposed_test_selection_and_evaluation,paper_v2_unseen_final_after_noisy_dev_decision_lock,a2f50bae2bdd2e09b1828b1fe6c1aacda860db8b596cb07fa47b088a4938bf73,ee80853e084822daeb9f38871c5d2a5992df205f920e689547e71b7858542010,ccaeadc332fb38449fc6063143b190b1498e49dd2d6e39dd471a2174ab5aca8d
vivos_aggregate,results_by_snr.csv,legacy_exposed_vivos_300/snr=0,paper_v2_locked_vivos_460/snr=0,dataset=vivos;model=phowhisper;model_size=small;train_type=zero_shot;lambda=<blank>;seed=42;snr=0,der,rate,0.0059193488716241215,0.006218905472636816,,not_comparable_scope,delta withheld: legacy VIVOS uses 300 exposed source utterances; paper-v2 uses the disjoint 460-utterance locked test and MUSAN-test noise,77,63,300,460,a70139c89cbd123b8d0646588b4c7e3dc8c26abf0559cdac6772337d6d1bcfa6,89712f4873a6de7fb84f912d2380419fc48f56c7499ebed5f62528c749a2a146,legacy_v1_exposed_test_selection_and_evaluation,paper_v2_unseen_final_after_noisy_dev_decision_lock,a2f50bae2bdd2e09b1828b1fe6c1aacda860db8b596cb07fa47b088a4938bf73,ee80853e084822daeb9f38871c5d2a5992df205f920e689547e71b7858542010,ccaeadc332fb38449fc6063143b190b1498e49dd2d6e39dd471a2174ab5aca8d
vivos_aggregate,results_by_snr.csv,legacy_exposed_vivos_300/snr=0,paper_v2_locked_vivos_460/snr=0,dataset=vivos;model=phowhisper;model_size=small;train_type=zero_shot;lambda=<blank>;seed=42;snr=0,fcer,rate,0.10802069857697283,0.12947189097103917,,not_comparable_scope,delta withheld: legacy VIVOS uses 300 exposed source utterances; paper-v2 uses the disjoint 460-utterance locked test and MUSAN-test noise,77,63,300,460,a70139c89cbd123b8d0646588b4c7e3dc8c26abf0559cdac6772337d6d1bcfa6,89712f4873a6de7fb84f912d2380419fc48f56c7499ebed5f62528c749a2a146,legacy_v1_exposed_test_selection_and_evaluation,paper_v2_unseen_final_after_noisy_dev_decision_lock,a2f50bae2bdd2e09b1828b1fe6c1aacda860db8b596cb07fa47b088a4938bf73,ee80853e084822daeb9f38871c5d2a5992df205f920e689547e71b7858542010,ccaeadc332fb38449fc6063143b190b1498e49dd2d6e39dd471a2174ab5aca8d
vivos_aggregate,results_by_snr.csv,legacy_exposed_vivos_300/snr=0,paper_v2_locked_vivos_460/snr=0,dataset=vivos;model=phowhisper;model_size=small;train_type=zero_shot;lambda=<blank>;seed=42;snr=0,swdr,rate,0.0,0.01762114537444934,,not_comparable_scope,delta withheld: legacy VIVOS uses 300 exposed source utterances; paper-v2 uses the disjoint 460-utterance locked test and MUSAN-test noise,77,63,300,460,a70139c89cbd123b8d0646588b4c7e3dc8c26abf0559cdac6772337d6d1bcfa6,89712f4873a6de7fb84f912d2380419fc48f56c7499ebed5f62528c749a2a146,legacy_v1_exposed_test_selection_and_evaluation,paper_v2_unseen_final_after_noisy_dev_decision_lock,a2f50bae2bdd2e09b1828b1fe6c1aacda860db8b596cb07fa47b088a4938bf73,ee80853e084822daeb9f38871c5d2a5992df205f920e689547e71b7858542010,ccaeadc332fb38449fc6063143b190b1498e49dd2d6e39dd471a2174ab5aca8d
vivos_aggregate,results_by_snr.csv,legacy_exposed_vivos_300/snr=0,paper_v2_locked_vivos_460/snr=0,dataset=vivos;model=phowhisper;model_size=small;train_type=zero_shot;lambda=<blank>;seed=42;snr=0,ter,rate,0.01629026286560533,0.018642803877703208,,not_comparable_scope,delta withheld: legacy VIVOS uses 300 exposed source utterances; paper-v2 uses the disjoint 460-utterance locked test and MUSAN-test noise,77,63,300,460,a70139c89cbd123b8d0646588b4c7e3dc8c26abf0559cdac6772337d6d1bcfa6,89712f4873a6de7fb84f912d2380419fc48f56c7499ebed5f62528c749a2a146,legacy_v1_exposed_test_selection_and_evaluation,paper_v2_unseen_final_after_noisy_dev_decision_lock,a2f50bae2bdd2e09b1828b1fe6c1aacda860db8b596cb07fa47b088a4938bf73,ee80853e084822daeb9f38871c5d2a5992df205f920e689547e71b7858542010,ccaeadc332fb38449fc6063143b190b1498e49dd2d6e39dd471a2174ab5aca8d
vivos_aggregate,results_by_snr.csv,legacy_exposed_vivos_300/snr=0,paper_v2_locked_vivos_460/snr=0,dataset=vivos;model=phowhisper;model_size=small;train_type=zero_shot;lambda=<blank>;seed=42;snr=0,wer,rate,0.14435009797517961,0.16330472103004293,,not_comparable_scope,delta withheld: legacy VIVOS uses 300 exposed source utterances; paper-v2 uses the disjoint 460-utterance locked test and MUSAN-test noise,77,63,300,460,a70139c89cbd123b8d0646588b4c7e3dc8c26abf0559cdac6772337d6d1bcfa6,89712f4873a6de7fb84f912d2380419fc48f56c7499ebed5f62528c749a2a146,legacy_v1_exposed_test_selection_and_evaluation,paper_v2_unseen_final_after_noisy_dev_decision_lock,a2f50bae2bdd2e09b1828b1fe6c1aacda860db8b596cb07fa47b088a4938bf73,ee80853e084822daeb9f38871c5d2a5992df205f920e689547e71b7858542010,ccaeadc332fb38449fc6063143b190b1498e49dd2d6e39dd471a2174ab5aca8d
vivos_aggregate,results_by_snr.csv,legacy_exposed_vivos_300/snr=10,paper_v2_locked_vivos_460/snr=10,dataset=vivos;model=phowhisper;model_size=small;train_type=zero_shot;lambda=<blank>;seed=42;snr=10,cer,rate,0.030403580523188516,0.03295982232990107,,not_comparable_scope,delta withheld: legacy VIVOS uses 300 exposed source utterances; paper-v2 uses the disjoint 460-utterance locked test and MUSAN-test noise,77,63,300,460,a70139c89cbd123b8d0646588b4c7e3dc8c26abf0559cdac6772337d6d1bcfa6,89712f4873a6de7fb84f912d2380419fc48f56c7499ebed5f62528c749a2a146,legacy_v1_exposed_test_selection_and_evaluation,paper_v2_unseen_final_after_noisy_dev_decision_lock,a2f50bae2bdd2e09b1828b1fe6c1aacda860db8b596cb07fa47b088a4938bf73,ee80853e084822daeb9f38871c5d2a5992df205f920e689547e71b7858542010,ccaeadc332fb38449fc6063143b190b1498e49dd2d6e39dd471a2174ab5aca8d
vivos_aggregate,results_by_snr.csv,legacy_exposed_vivos_300/snr=10,paper_v2_locked_vivos_460/snr=10,dataset=vivos;model=phowhisper;model_size=small;train_type=zero_shot;lambda=<blank>;seed=42;snr=10,der,rate,0.005522954780807732,0.005242762708000912,,not_comparable_scope,delta withheld: legacy VIVOS uses 300 exposed source utterances; paper-v2 uses the disjoint 460-utterance locked test and MUSAN-test noise,77,63,300,460,a70139c89cbd123b8d0646588b4c7e3dc8c26abf0559cdac6772337d6d1bcfa6,89712f4873a6de7fb84f912d2380419fc48f56c7499ebed5f62528c749a2a146,legacy_v1_exposed_test_selection_and_evaluation,paper_v2_unseen_final_after_noisy_dev_decision_lock,a2f50bae2bdd2e09b1828b1fe6c1aacda860db8b596cb07fa47b088a4938bf73,ee80853e084822daeb9f38871c5d2a5992df205f920e689547e71b7858542010,ccaeadc332fb38449fc6063143b190b1498e49dd2d6e39dd471a2174ab5aca8d
vivos_aggregate,results_by_snr.csv,legacy_exposed_vivos_300/snr=10,paper_v2_locked_vivos_460/snr=10,dataset=vivos;model=phowhisper;model_size=small;train_type=zero_shot;lambda=<blank>;seed=42;snr=10,fcer,rate,0.03491436100131752,0.047660311958405546,,not_comparable_scope,delta withheld: legacy VIVOS uses 300 exposed source utterances; paper-v2 uses the disjoint 460-utterance locked test and MUSAN-test noise,77,63,300,460,a70139c89cbd123b8d0646588b4c7e3dc8c26abf0559cdac6772337d6d1bcfa6,89712f4873a6de7fb84f912d2380419fc48f56c7499ebed5f62528c749a2a146,legacy_v1_exposed_test_selection_and_evaluation,paper_v2_unseen_final_after_noisy_dev_decision_lock,a2f50bae2bdd2e09b1828b1fe6c1aacda860db8b596cb07fa47b088a4938bf73,ee80853e084822daeb9f38871c5d2a5992df205f920e689547e71b7858542010,ccaeadc332fb38449fc6063143b190b1498e49dd2d6e39dd471a2174ab5aca8d
vivos_aggregate,results_by_snr.csv,legacy_exposed_vivos_300/snr=10,paper_v2_locked_vivos_460/snr=10,dataset=vivos;model=phowhisper;model_size=small;train_type=zero_shot;lambda=<blank>;seed=42;snr=10,swdr,rate,0.0,0.00881057268722467,,not_comparable_scope,delta withheld: legacy VIVOS uses 300 exposed source utterances; paper-v2 uses the disjoint 460-utterance locked test and MUSAN-test noise,77,63,300,460,a70139c89cbd123b8d0646588b4c7e3dc8c26abf0559cdac6772337d6d1bcfa6,89712f4873a6de7fb84f912d2380419fc48f56c7499ebed5f62528c749a2a146,legacy_v1_exposed_test_selection_and_evaluation,paper_v2_unseen_final_after_noisy_dev_decision_lock,a2f50bae2bdd2e09b1828b1fe6c1aacda860db8b596cb07fa47b088a4938bf73,ee80853e084822daeb9f38871c5d2a5992df205f920e689547e71b7858542010,ccaeadc332fb38449fc6063143b190b1498e49dd2d6e39dd471a2174ab5aca8d
vivos_aggregate,results_by_snr.csv,legacy_exposed_vivos_300/snr=10,paper_v2_locked_vivos_460/snr=10,dataset=vivos;model=phowhisper;model_size=small;train_type=zero_shot;lambda=<blank>;seed=42;snr=10,ter,rate,0.010034602076124567,0.010737948366461046,,not_comparable_scope,delta withheld: legacy VIVOS uses 300 exposed source utterances; paper-v2 uses the disjoint 460-utterance locked test and MUSAN-test noise,77,63,300,460,a70139c89cbd123b8d0646588b4c7e3dc8c26abf0559cdac6772337d6d1bcfa6,89712f4873a6de7fb84f912d2380419fc48f56c7499ebed5f62528c749a2a146,legacy_v1_exposed_test_selection_and_evaluation,paper_v2_unseen_final_after_noisy_dev_decision_lock,a2f50bae2bdd2e09b1828b1fe6c1aacda860db8b596cb07fa47b088a4938bf73,ee80853e084822daeb9f38871c5d2a5992df205f920e689547e71b7858542010,ccaeadc332fb38449fc6063143b190b1498e49dd2d6e39dd471a2174ab5aca8d
vivos_aggregate,results_by_snr.csv,legacy_exposed_vivos_300/snr=10,paper_v2_locked_vivos_460/snr=10,dataset=vivos;model=phowhisper;model_size=small;train_type=zero_shot;lambda=<blank>;seed=42;snr=10,wer,rate,0.0689092096668844,0.07296137339055794,,not_comparable_scope,delta withheld: legacy VIVOS uses 300 exposed source utterances; paper-v2 uses the disjoint 460-utterance locked test and MUSAN-test noise,77,63,300,460,a70139c89cbd123b8d0646588b4c7e3dc8c26abf0559cdac6772337d6d1bcfa6,89712f4873a6de7fb84f912d2380419fc48f56c7499ebed5f62528c749a2a146,legacy_v1_exposed_test_selection_and_evaluation,paper_v2_unseen_final_after_noisy_dev_decision_lock,a2f50bae2bdd2e09b1828b1fe6c1aacda860db8b596cb07fa47b088a4938bf73,ee80853e084822daeb9f38871c5d2a5992df205f920e689547e71b7858542010,ccaeadc332fb38449fc6063143b190b1498e49dd2d6e39dd471a2174ab5aca8d
vivos_aggregate,results_by_snr.csv,legacy_exposed_vivos_300/snr=20,paper_v2_locked_vivos_460/snr=20,dataset=vivos;model=phowhisper;model_size=small;train_type=zero_shot;lambda=<blank>;seed=42;snr=20,cer,rate,0.03032641407516012,0.027609529578033514,,not_comparable_scope,delta withheld: legacy VIVOS uses 300 exposed source utterances; paper-v2 uses the disjoint 460-utterance locked test and MUSAN-test noise,77,63,300,460,a70139c89cbd123b8d0646588b4c7e3dc8c26abf0559cdac6772337d6d1bcfa6,89712f4873a6de7fb84f912d2380419fc48f56c7499ebed5f62528c749a2a146,legacy_v1_exposed_test_selection_and_evaluation,paper_v2_unseen_final_after_noisy_dev_decision_lock,a2f50bae2bdd2e09b1828b1fe6c1aacda860db8b596cb07fa47b088a4938bf73,ee80853e084822daeb9f38871c5d2a5992df205f920e689547e71b7858542010,ccaeadc332fb38449fc6063143b190b1498e49dd2d6e39dd471a2174ab5aca8d
vivos_aggregate,results_by_snr.csv,legacy_exposed_vivos_300/snr=20,paper_v2_locked_vivos_460/snr=20,dataset=vivos;model=phowhisper;model_size=small;train_type=zero_shot;lambda=<blank>;seed=42;snr=20,der,rate,0.005511539786427834,0.004062288422477996,,not_comparable_scope,delta withheld: legacy VIVOS uses 300 exposed source utterances; paper-v2 uses the disjoint 460-utterance locked test and MUSAN-test noise,77,63,300,460,a70139c89cbd123b8d0646588b4c7e3dc8c26abf0559cdac6772337d6d1bcfa6,89712f4873a6de7fb84f912d2380419fc48f56c7499ebed5f62528c749a2a146,legacy_v1_exposed_test_selection_and_evaluation,paper_v2_unseen_final_after_noisy_dev_decision_lock,a2f50bae2bdd2e09b1828b1fe6c1aacda860db8b596cb07fa47b088a4938bf73,ee80853e084822daeb9f38871c5d2a5992df205f920e689547e71b7858542010,ccaeadc332fb38449fc6063143b190b1498e49dd2d6e39dd471a2174ab5aca8d
vivos_aggregate,results_by_snr.csv,legacy_exposed_vivos_300/snr=20,paper_v2_locked_vivos_460/snr=20,dataset=vivos;model=phowhisper;model_size=small;train_type=zero_shot;lambda=<blank>;seed=42;snr=20,fcer,rate,0.037549407114624504,0.035636679704476315,,not_comparable_scope,delta withheld: legacy VIVOS uses 300 exposed source utterances; paper-v2 uses the disjoint 460-utterance locked test and MUSAN-test noise,77,63,300,460,a70139c89cbd123b8d0646588b4c7e3dc8c26abf0559cdac6772337d6d1bcfa6,89712f4873a6de7fb84f912d2380419fc48f56c7499ebed5f62528c749a2a146,legacy_v1_exposed_test_selection_and_evaluation,paper_v2_unseen_final_after_noisy_dev_decision_lock,a2f50bae2bdd2e09b1828b1fe6c1aacda860db8b596cb07fa47b088a4938bf73,ee80853e084822daeb9f38871c5d2a5992df205f920e689547e71b7858542010,ccaeadc332fb38449fc6063143b190b1498e49dd2d6e39dd471a2174ab5aca8d
vivos_aggregate,results_by_snr.csv,legacy_exposed_vivos_300/snr=20,paper_v2_locked_vivos_460/snr=20,dataset=vivos;model=phowhisper;model_size=small;train_type=zero_shot;lambda=<blank>;seed=42;snr=20,swdr,rate,0.0,0.00881057268722467,,not_comparable_scope,delta withheld: legacy VIVOS uses 300 exposed source utterances; paper-v2 uses the disjoint 460-utterance locked test and MUSAN-test noise,77,63,300,460,a70139c89cbd123b8d0646588b4c7e3dc8c26abf0559cdac6772337d6d1bcfa6,89712f4873a6de7fb84f912d2380419fc48f56c7499ebed5f62528c749a2a146,legacy_v1_exposed_test_selection_and_evaluation,paper_v2_unseen_final_after_noisy_dev_decision_lock,a2f50bae2bdd2e09b1828b1fe6c1aacda860db8b596cb07fa47b088a4938bf73,ee80853e084822daeb9f38871c5d2a5992df205f920e689547e71b7858542010,ccaeadc332fb38449fc6063143b190b1498e49dd2d6e39dd471a2174ab5aca8d
vivos_aggregate,results_by_snr.csv,legacy_exposed_vivos_300/snr=20,paper_v2_locked_vivos_460/snr=20,dataset=vivos;model=phowhisper;model_size=small;train_type=zero_shot;lambda=<blank>;seed=42;snr=20,ter,rate,0.009665170866413532,0.010619069136918211,,not_comparable_scope,delta withheld: legacy VIVOS uses 300 exposed source utterances; paper-v2 uses the disjoint 460-utterance locked test and MUSAN-test noise,77,63,300,460,a70139c89cbd123b8d0646588b4c7e3dc8c26abf0559cdac6772337d6d1bcfa6,89712f4873a6de7fb84f912d2380419fc48f56c7499ebed5f62528c749a2a146,legacy_v1_exposed_test_selection_and_evaluation,paper_v2_unseen_final_after_noisy_dev_decision_lock,a2f50bae2bdd2e09b1828b1fe6c1aacda860db8b596cb07fa47b088a4938bf73,ee80853e084822daeb9f38871c5d2a5992df205f920e689547e71b7858542010,ccaeadc332fb38449fc6063143b190b1498e49dd2d6e39dd471a2174ab5aca8d
vivos_aggregate,results_by_snr.csv,legacy_exposed_vivos_300/snr=20,paper_v2_locked_vivos_460/snr=20,dataset=vivos;model=phowhisper;model_size=small;train_type=zero_shot;lambda=<blank>;seed=42;snr=20,wer,rate,0.0659699542782495,0.062446351931330475,,not_comparable_scope,delta withheld: legacy VIVOS uses 300 exposed source utterances; paper-v2 uses the disjoint 460-utterance locked test and MUSAN-test noise,77,63,300,460,a70139c89cbd123b8d0646588b4c7e3dc8c26abf0559cdac6772337d6d1bcfa6,89712f4873a6de7fb84f912d2380419fc48f56c7499ebed5f62528c749a2a146,legacy_v1_exposed_test_selection_and_evaluation,paper_v2_unseen_final_after_noisy_dev_decision_lock,a2f50bae2bdd2e09b1828b1fe6c1aacda860db8b596cb07fa47b088a4938bf73,ee80853e084822daeb9f38871c5d2a5992df205f920e689547e71b7858542010,ccaeadc332fb38449fc6063143b190b1498e49dd2d6e39dd471a2174ab5aca8d
vivos_aggregate,results_by_snr.csv,legacy_exposed_vivos_300/snr=5,paper_v2_locked_vivos_460/snr=5,dataset=vivos;model=phowhisper;model_size=small;train_type=zero_shot;lambda=<blank>;seed=42;snr=5,cer,rate,0.04529670499266919,0.04451847365233192,,not_comparable_scope,delta withheld: legacy VIVOS uses 300 exposed source utterances; paper-v2 uses the disjoint 460-utterance locked test and MUSAN-test noise,77,63,300,460,a70139c89cbd123b8d0646588b4c7e3dc8c26abf0559cdac6772337d6d1bcfa6,89712f4873a6de7fb84f912d2380419fc48f56c7499ebed5f62528c749a2a146,legacy_v1_exposed_test_selection_and_evaluation,paper_v2_unseen_final_after_noisy_dev_decision_lock,a2f50bae2bdd2e09b1828b1fe6c1aacda860db8b596cb07fa47b088a4938bf73,ee80853e084822daeb9f38871c5d2a5992df205f920e689547e71b7858542010,ccaeadc332fb38449fc6063143b190b1498e49dd2d6e39dd471a2174ab5aca8d
vivos_aggregate,results_by_snr.csv,legacy_exposed_vivos_300/snr=5,paper_v2_locked_vivos_460/snr=5,dataset=vivos;model=phowhisper;model_size=small;train_type=zero_shot;lambda=<blank>;seed=42;snr=5,der,rate,0.004953998584571833,0.006273234200743495,,not_comparable_scope,delta withheld: legacy VIVOS uses 300 exposed source utterances; paper-v2 uses the disjoint 460-utterance locked test and MUSAN-test noise,77,63,300,460,a70139c89cbd123b8d0646588b4c7e3dc8c26abf0559cdac6772337d6d1bcfa6,89712f4873a6de7fb84f912d2380419fc48f56c7499ebed5f62528c749a2a146,legacy_v1_exposed_test_selection_and_evaluation,paper_v2_unseen_final_after_noisy_dev_decision_lock,a2f50bae2bdd2e09b1828b1fe6c1aacda860db8b596cb07fa47b088a4938bf73,ee80853e084822daeb9f38871c5d2a5992df205f920e689547e71b7858542010,ccaeadc332fb38449fc6063143b190b1498e49dd2d6e39dd471a2174ab5aca8d
vivos_aggregate,results_by_snr.csv,legacy_exposed_vivos_300/snr=5,paper_v2_locked_vivos_460/snr=5,dataset=vivos;model=phowhisper;model_size=small;train_type=zero_shot;lambda=<blank>;seed=42;snr=5,fcer,rate,0.06601307189542484,0.06103896103896104,,not_comparable_scope,delta withheld: legacy VIVOS uses 300 exposed source utterances; paper-v2 uses the disjoint 460-utterance locked test and MUSAN-test noise,77,63,300,460,a70139c89cbd123b8d0646588b4c7e3dc8c26abf0559cdac6772337d6d1bcfa6,89712f4873a6de7fb84f912d2380419fc48f56c7499ebed5f62528c749a2a146,legacy_v1_exposed_test_selection_and_evaluation,paper_v2_unseen_final_after_noisy_dev_decision_lock,a2f50bae2bdd2e09b1828b1fe6c1aacda860db8b596cb07fa47b088a4938bf73,ee80853e084822daeb9f38871c5d2a5992df205f920e689547e71b7858542010,ccaeadc332fb38449fc6063143b190b1498e49dd2d6e39dd471a2174ab5aca8d
vivos_aggregate,results_by_snr.csv,legacy_exposed_vivos_300/snr=5,paper_v2_locked_vivos_460/snr=5,dataset=vivos;model=phowhisper;model_size=small;train_type=zero_shot;lambda=<blank>;seed=42;snr=5,swdr,rate,0.0,0.004405286343612335,,not_comparable_scope,delta withheld: legacy VIVOS uses 300 exposed source utterances; paper-v2 uses the disjoint 460-utterance locked test and MUSAN-test noise,77,63,300,460,a70139c89cbd123b8d0646588b4c7e3dc8c26abf0559cdac6772337d6d1bcfa6,89712f4873a6de7fb84f912d2380419fc48f56c7499ebed5f62528c749a2a146,legacy_v1_exposed_test_selection_and_evaluation,paper_v2_unseen_final_after_noisy_dev_decision_lock,a2f50bae2bdd2e09b1828b1fe6c1aacda860db8b596cb07fa47b088a4938bf73,ee80853e084822daeb9f38871c5d2a5992df205f920e689547e71b7858542010,ccaeadc332fb38449fc6063143b190b1498e49dd2d6e39dd471a2174ab5aca8d
vivos_aggregate,results_by_snr.csv,legacy_exposed_vivos_300/snr=5,paper_v2_locked_vivos_460/snr=5,dataset=vivos;model=phowhisper;model_size=small;train_type=zero_shot;lambda=<blank>;seed=42;snr=5,ter,rate,0.010977337110481586,0.01282051282051282,,not_comparable_scope,delta withheld: legacy VIVOS uses 300 exposed source utterances; paper-v2 uses the disjoint 460-utterance locked test and MUSAN-test noise,77,63,300,460,a70139c89cbd123b8d0646588b4c7e3dc8c26abf0559cdac6772337d6d1bcfa6,89712f4873a6de7fb84f912d2380419fc48f56c7499ebed5f62528c749a2a146,legacy_v1_exposed_test_selection_and_evaluation,paper_v2_unseen_final_after_noisy_dev_decision_lock,a2f50bae2bdd2e09b1828b1fe6c1aacda860db8b596cb07fa47b088a4938bf73,ee80853e084822daeb9f38871c5d2a5992df205f920e689547e71b7858542010,ccaeadc332fb38449fc6063143b190b1498e49dd2d6e39dd471a2174ab5aca8d
vivos_aggregate,results_by_snr.csv,legacy_exposed_vivos_300/snr=5,paper_v2_locked_vivos_460/snr=5,dataset=vivos;model=phowhisper;model_size=small;train_type=zero_shot;lambda=<blank>;seed=42;snr=5,wer,rate,0.09209666884389288,0.09356223175965665,,not_comparable_scope,delta withheld: legacy VIVOS uses 300 exposed source utterances; paper-v2 uses the disjoint 460-utterance locked test and MUSAN-test noise,77,63,300,460,a70139c89cbd123b8d0646588b4c7e3dc8c26abf0559cdac6772337d6d1bcfa6,89712f4873a6de7fb84f912d2380419fc48f56c7499ebed5f62528c749a2a146,legacy_v1_exposed_test_selection_and_evaluation,paper_v2_unseen_final_after_noisy_dev_decision_lock,a2f50bae2bdd2e09b1828b1fe6c1aacda860db8b596cb07fa47b088a4938bf73,ee80853e084822daeb9f38871c5d2a5992df205f920e689547e71b7858542010,ccaeadc332fb38449fc6063143b190b1498e49dd2d6e39dd471a2174ab5aca8d
vivos_aggregate,results_by_snr.csv,legacy_exposed_vivos_300/snr=all,paper_v2_locked_vivos_460/snr=all,dataset=vivos;model=phowhisper;model_size=small;train_type=zero_shot;lambda=<blank>;seed=42;snr=all,cer,rate,0.042889111814183194,0.04469008681607107,,not_comparable_scope,delta withheld: legacy VIVOS uses 300 exposed source utterances; paper-v2 uses the disjoint 460-utterance locked test and MUSAN-test noise,77,63,1500,2300,a70139c89cbd123b8d0646588b4c7e3dc8c26abf0559cdac6772337d6d1bcfa6,89712f4873a6de7fb84f912d2380419fc48f56c7499ebed5f62528c749a2a146,legacy_v1_exposed_test_selection_and_evaluation,paper_v2_unseen_final_after_noisy_dev_decision_lock,a2f50bae2bdd2e09b1828b1fe6c1aacda860db8b596cb07fa47b088a4938bf73,ee80853e084822daeb9f38871c5d2a5992df205f920e689547e71b7858542010,ccaeadc332fb38449fc6063143b190b1498e49dd2d6e39dd471a2174ab5aca8d
vivos_aggregate,results_by_snr.csv,legacy_exposed_vivos_300/snr=all,paper_v2_locked_vivos_460/snr=all,dataset=vivos;model=phowhisper;model_size=small;train_type=zero_shot;lambda=<blank>;seed=42;snr=all,der,rate,0.005546973739643309,0.005051675395096631,,not_comparable_scope,delta withheld: legacy VIVOS uses 300 exposed source utterances; paper-v2 uses the disjoint 460-utterance locked test and MUSAN-test noise,77,63,1500,2300,a70139c89cbd123b8d0646588b4c7e3dc8c26abf0559cdac6772337d6d1bcfa6,89712f4873a6de7fb84f912d2380419fc48f56c7499ebed5f62528c749a2a146,legacy_v1_exposed_test_selection_and_evaluation,paper_v2_unseen_final_after_noisy_dev_decision_lock,a2f50bae2bdd2e09b1828b1fe6c1aacda860db8b596cb07fa47b088a4938bf73,ee80853e084822daeb9f38871c5d2a5992df205f920e689547e71b7858542010,ccaeadc332fb38449fc6063143b190b1498e49dd2d6e39dd471a2174ab5aca8d
vivos_aggregate,results_by_snr.csv,legacy_exposed_vivos_300/snr=all,paper_v2_locked_vivos_460/snr=all,dataset=vivos;model=phowhisper;model_size=small;train_type=zero_shot;lambda=<blank>;seed=42;snr=all,fcer,rate,0.05583224115334207,0.06216496628047726,,not_comparable_scope,delta withheld: legacy VIVOS uses 300 exposed source utterances; paper-v2 uses the disjoint 460-utterance locked test and MUSAN-test noise,77,63,1500,2300,a70139c89cbd123b8d0646588b4c7e3dc8c26abf0559cdac6772337d6d1bcfa6,89712f4873a6de7fb84f912d2380419fc48f56c7499ebed5f62528c749a2a146,legacy_v1_exposed_test_selection_and_evaluation,paper_v2_unseen_final_after_noisy_dev_decision_lock,a2f50bae2bdd2e09b1828b1fe6c1aacda860db8b596cb07fa47b088a4938bf73,ee80853e084822daeb9f38871c5d2a5992df205f920e689547e71b7858542010,ccaeadc332fb38449fc6063143b190b1498e49dd2d6e39dd471a2174ab5aca8d
vivos_aggregate,results_by_snr.csv,legacy_exposed_vivos_300/snr=all,paper_v2_locked_vivos_460/snr=all,dataset=vivos;model=phowhisper;model_size=small;train_type=zero_shot;lambda=<blank>;seed=42;snr=all,swdr,rate,0.0,0.009691629955947136,,not_comparable_scope,delta withheld: legacy VIVOS uses 300 exposed source utterances; paper-v2 uses the disjoint 460-utterance locked test and MUSAN-test noise,77,63,1500,2300,a70139c89cbd123b8d0646588b4c7e3dc8c26abf0559cdac6772337d6d1bcfa6,89712f4873a6de7fb84f912d2380419fc48f56c7499ebed5f62528c749a2a146,legacy_v1_exposed_test_selection_and_evaluation,paper_v2_unseen_final_after_noisy_dev_decision_lock,a2f50bae2bdd2e09b1828b1fe6c1aacda860db8b596cb07fa47b088a4938bf73,ee80853e084822daeb9f38871c5d2a5992df205f920e689547e71b7858542010,ccaeadc332fb38449fc6063143b190b1498e49dd2d6e39dd471a2174ab5aca8d
vivos_aggregate,results_by_snr.csv,legacy_exposed_vivos_300/snr=all,paper_v2_locked_vivos_460/snr=all,dataset=vivos;model=phowhisper;model_size=small;train_type=zero_shot;lambda=<blank>;seed=42;snr=all,ter,rate,0.011253340835560557,0.012531328320802004,,not_comparable_scope,delta withheld: legacy VIVOS uses 300 exposed source utterances; paper-v2 uses the disjoint 460-utterance locked test and MUSAN-test noise,77,63,1500,2300,a70139c89cbd123b8d0646588b4c7e3dc8c26abf0559cdac6772337d6d1bcfa6,89712f4873a6de7fb84f912d2380419fc48f56c7499ebed5f62528c749a2a146,legacy_v1_exposed_test_selection_and_evaluation,paper_v2_unseen_final_after_noisy_dev_decision_lock,a2f50bae2bdd2e09b1828b1fe6c1aacda860db8b596cb07fa47b088a4938bf73,ee80853e084822daeb9f38871c5d2a5992df205f920e689547e71b7858542010,ccaeadc332fb38449fc6063143b190b1498e49dd2d6e39dd471a2174ab5aca8d
vivos_aggregate,results_by_snr.csv,legacy_exposed_vivos_300/snr=all,paper_v2_locked_vivos_460/snr=all,dataset=vivos;model=phowhisper;model_size=small;train_type=zero_shot;lambda=<blank>;seed=42;snr=all,wer,rate,0.08693664271717831,0.09068669527896996,,not_comparable_scope,delta withheld: legacy VIVOS uses 300 exposed source utterances; paper-v2 uses the disjoint 460-utterance locked test and MUSAN-test noise,77,63,1500,2300,a70139c89cbd123b8d0646588b4c7e3dc8c26abf0559cdac6772337d6d1bcfa6,89712f4873a6de7fb84f912d2380419fc48f56c7499ebed5f62528c749a2a146,legacy_v1_exposed_test_selection_and_evaluation,paper_v2_unseen_final_after_noisy_dev_decision_lock,a2f50bae2bdd2e09b1828b1fe6c1aacda860db8b596cb07fa47b088a4938bf73,ee80853e084822daeb9f38871c5d2a5992df205f920e689547e71b7858542010,ccaeadc332fb38449fc6063143b190b1498e49dd2d6e39dd471a2174ab5aca8d
vivos_aggregate,results_by_snr.csv,legacy_exposed_vivos_300/snr=clean,paper_v2_locked_vivos_460/snr=clean,dataset=vivos;model=phowhisper;model_size=small;train_type=zero_shot;lambda=<blank>;seed=42;snr=clean,cer,rate,0.02832008642642179,0.026600040379567938,,not_comparable_scope,delta withheld: legacy VIVOS uses 300 exposed source utterances; paper-v2 uses the disjoint 460-utterance locked test and MUSAN-test noise,77,63,300,460,a70139c89cbd123b8d0646588b4c7e3dc8c26abf0559cdac6772337d6d1bcfa6,89712f4873a6de7fb84f912d2380419fc48f56c7499ebed5f62528c749a2a146,legacy_v1_exposed_test_selection_and_evaluation,paper_v2_unseen_final_after_noisy_dev_decision_lock,a2f50bae2bdd2e09b1828b1fe6c1aacda860db8b596cb07fa47b088a4938bf73,ee80853e084822daeb9f38871c5d2a5992df205f920e689547e71b7858542010,ccaeadc332fb38449fc6063143b190b1498e49dd2d6e39dd471a2174ab5aca8d
vivos_aggregate,results_by_snr.csv,legacy_exposed_vivos_300/snr=clean,paper_v2_locked_vivos_460/snr=clean,dataset=vivos;model=phowhisper;model_size=small;train_type=zero_shot;lambda=<blank>;seed=42;snr=clean,der,rate,0.005835907998626845,0.0036076662908680946,,not_comparable_scope,delta withheld: legacy VIVOS uses 300 exposed source utterances; paper-v2 uses the disjoint 460-utterance locked test and MUSAN-test noise,77,63,300,460,a70139c89cbd123b8d0646588b4c7e3dc8c26abf0559cdac6772337d6d1bcfa6,89712f4873a6de7fb84f912d2380419fc48f56c7499ebed5f62528c749a2a146,legacy_v1_exposed_test_selection_and_evaluation,paper_v2_unseen_final_after_noisy_dev_decision_lock,a2f50bae2bdd2e09b1828b1fe6c1aacda860db8b596cb07fa47b088a4938bf73,ee80853e084822daeb9f38871c5d2a5992df205f920e689547e71b7858542010,ccaeadc332fb38449fc6063143b190b1498e49dd2d6e39dd471a2174ab5aca8d
vivos_aggregate,results_by_snr.csv,legacy_exposed_vivos_300/snr=clean,paper_v2_locked_vivos_460/snr=clean,dataset=vivos;model=phowhisper;model_size=small;train_type=zero_shot;lambda=<blank>;seed=42;snr=clean,fcer,rate,0.03162055335968379,0.03566768160069596,,not_comparable_scope,delta withheld: legacy VIVOS uses 300 exposed source utterances; paper-v2 uses the disjoint 460-utterance locked test and MUSAN-test noise,77,63,300,460,a70139c89cbd123b8d0646588b4c7e3dc8c26abf0559cdac6772337d6d1bcfa6,89712f4873a6de7fb84f912d2380419fc48f56c7499ebed5f62528c749a2a146,legacy_v1_exposed_test_selection_and_evaluation,paper_v2_unseen_final_after_noisy_dev_decision_lock,a2f50bae2bdd2e09b1828b1fe6c1aacda860db8b596cb07fa47b088a4938bf73,ee80853e084822daeb9f38871c5d2a5992df205f920e689547e71b7858542010,ccaeadc332fb38449fc6063143b190b1498e49dd2d6e39dd471a2174ab5aca8d
vivos_aggregate,results_by_snr.csv,legacy_exposed_vivos_300/snr=clean,paper_v2_locked_vivos_460/snr=clean,dataset=vivos;model=phowhisper;model_size=small;train_type=zero_shot;lambda=<blank>;seed=42;snr=clean,swdr,rate,0.0,0.00881057268722467,,not_comparable_scope,delta withheld: legacy VIVOS uses 300 exposed source utterances; paper-v2 uses the disjoint 460-utterance locked test and MUSAN-test noise,77,63,300,460,a70139c89cbd123b8d0646588b4c7e3dc8c26abf0559cdac6772337d6d1bcfa6,89712f4873a6de7fb84f912d2380419fc48f56c7499ebed5f62528c749a2a146,legacy_v1_exposed_test_selection_and_evaluation,paper_v2_unseen_final_after_noisy_dev_decision_lock,a2f50bae2bdd2e09b1828b1fe6c1aacda860db8b596cb07fa47b088a4938bf73,ee80853e084822daeb9f38871c5d2a5992df205f920e689547e71b7858542010,ccaeadc332fb38449fc6063143b190b1498e49dd2d6e39dd471a2174ab5aca8d
vivos_aggregate,results_by_snr.csv,legacy_exposed_vivos_300/snr=clean,paper_v2_locked_vivos_460/snr=clean,dataset=vivos;model=phowhisper;model_size=small;train_type=zero_shot;lambda=<blank>;seed=42;snr=clean,ter,rate,0.009635237439779766,0.01038374717832957,,not_comparable_scope,delta withheld: legacy VIVOS uses 300 exposed source utterances; paper-v2 uses the disjoint 460-utterance locked test and MUSAN-test noise,77,63,300,460,a70139c89cbd123b8d0646588b4c7e3dc8c26abf0559cdac6772337d6d1bcfa6,89712f4873a6de7fb84f912d2380419fc48f56c7499ebed5f62528c749a2a146,legacy_v1_exposed_test_selection_and_evaluation,paper_v2_unseen_final_after_noisy_dev_decision_lock,a2f50bae2bdd2e09b1828b1fe6c1aacda860db8b596cb07fa47b088a4938bf73,ee80853e084822daeb9f38871c5d2a5992df205f920e689547e71b7858542010,ccaeadc332fb38449fc6063143b190b1498e49dd2d6e39dd471a2174ab5aca8d
vivos_aggregate,results_by_snr.csv,legacy_exposed_vivos_300/snr=clean,paper_v2_locked_vivos_460/snr=clean,dataset=vivos;model=phowhisper;model_size=small;train_type=zero_shot;lambda=<blank>;seed=42;snr=clean,wer,rate,0.06335728282168518,0.0611587982832618,,not_comparable_scope,delta withheld: legacy VIVOS uses 300 exposed source utterances; paper-v2 uses the disjoint 460-utterance locked test and MUSAN-test noise,77,63,300,460,a70139c89cbd123b8d0646588b4c7e3dc8c26abf0559cdac6772337d6d1bcfa6,89712f4873a6de7fb84f912d2380419fc48f56c7499ebed5f62528c749a2a146,legacy_v1_exposed_test_selection_and_evaluation,paper_v2_unseen_final_after_noisy_dev_decision_lock,a2f50bae2bdd2e09b1828b1fe6c1aacda860db8b596cb07fa47b088a4938bf73,ee80853e084822daeb9f38871c5d2a5992df205f920e689547e71b7858542010,ccaeadc332fb38449fc6063143b190b1498e49dd2d6e39dd471a2174ab5aca8d
vivos_aggregate,results_by_snr.csv,legacy_exposed_vivos_300/snr=noisy_all,paper_v2_locked_vivos_460/snr=noisy_all,dataset=vivos;model=phowhisper;model_size=small;train_type=zero_shot;lambda=<blank>;seed=42;snr=noisy_all,cer,rate,0.04653136816112354,0.04921259842519685,,not_comparable_scope,delta withheld: legacy VIVOS uses 300 exposed source utterances; paper-v2 uses the disjoint 460-utterance locked test and MUSAN-test noise,77,63,1200,1840,a70139c89cbd123b8d0646588b4c7e3dc8c26abf0559cdac6772337d6d1bcfa6,89712f4873a6de7fb84f912d2380419fc48f56c7499ebed5f62528c749a2a146,legacy_v1_exposed_test_selection_and_evaluation,paper_v2_unseen_final_after_noisy_dev_decision_lock,a2f50bae2bdd2e09b1828b1fe6c1aacda860db8b596cb07fa47b088a4938bf73,ee80853e084822daeb9f38871c5d2a5992df205f920e689547e71b7858542010,ccaeadc332fb38449fc6063143b190b1498e49dd2d6e39dd471a2174ab5aca8d
vivos_aggregate,results_by_snr.csv,legacy_exposed_vivos_300/snr=noisy_all,paper_v2_locked_vivos_460/snr=noisy_all,dataset=vivos;model=phowhisper;model_size=small;train_type=zero_shot;lambda=<blank>;seed=42;snr=noisy_all,der,rate,0.005472680730867685,0.005425271263563178,,not_comparable_scope,delta withheld: legacy VIVOS uses 300 exposed source utterances; paper-v2 uses the disjoint 460-utterance locked test and MUSAN-test noise,77,63,1200,1840,a70139c89cbd123b8d0646588b4c7e3dc8c26abf0559cdac6772337d6d1bcfa6,89712f4873a6de7fb84f912d2380419fc48f56c7499ebed5f62528c749a2a146,legacy_v1_exposed_test_selection_and_evaluation,paper_v2_unseen_final_after_noisy_dev_decision_lock,a2f50bae2bdd2e09b1828b1fe6c1aacda860db8b596cb07fa47b088a4938bf73,ee80853e084822daeb9f38871c5d2a5992df205f920e689547e71b7858542010,ccaeadc332fb38449fc6063143b190b1498e49dd2d6e39dd471a2174ab5aca8d
vivos_aggregate,results_by_snr.csv,legacy_exposed_vivos_300/snr=noisy_all,paper_v2_locked_vivos_460/snr=noisy_all,dataset=vivos;model=phowhisper;model_size=small;train_type=zero_shot;lambda=<blank>;seed=42;snr=noisy_all,fcer,rate,0.061845549738219895,0.06873853458508687,,not_comparable_scope,delta withheld: legacy VIVOS uses 300 exposed source utterances; paper-v2 uses the disjoint 460-utterance locked test and MUSAN-test noise,77,63,1200,1840,a70139c89cbd123b8d0646588b4c7e3dc8c26abf0559cdac6772337d6d1bcfa6,89712f4873a6de7fb84f912d2380419fc48f56c7499ebed5f62528c749a2a146,legacy_v1_exposed_test_selection_and_evaluation,paper_v2_unseen_final_after_noisy_dev_decision_lock,a2f50bae2bdd2e09b1828b1fe6c1aacda860db8b596cb07fa47b088a4938bf73,ee80853e084822daeb9f38871c5d2a5992df205f920e689547e71b7858542010,ccaeadc332fb38449fc6063143b190b1498e49dd2d6e39dd471a2174ab5aca8d
vivos_aggregate,results_by_snr.csv,legacy_exposed_vivos_300/snr=noisy_all,paper_v2_locked_vivos_460/snr=noisy_all,dataset=vivos;model=phowhisper;model_size=small;train_type=zero_shot;lambda=<blank>;seed=42;snr=noisy_all,swdr,rate,0.0,0.009911894273127754,,not_comparable_scope,delta withheld: legacy VIVOS uses 300 exposed source utterances; paper-v2 uses the disjoint 460-utterance locked test and MUSAN-test noise,77,63,1200,1840,a70139c89cbd123b8d0646588b4c7e3dc8c26abf0559cdac6772337d6d1bcfa6,89712f4873a6de7fb84f912d2380419fc48f56c7499ebed5f62528c749a2a146,legacy_v1_exposed_test_selection_and_evaluation,paper_v2_unseen_final_after_noisy_dev_decision_lock,a2f50bae2bdd2e09b1828b1fe6c1aacda860db8b596cb07fa47b088a4938bf73,ee80853e084822daeb9f38871c5d2a5992df205f920e689547e71b7858542010,ccaeadc332fb38449fc6063143b190b1498e49dd2d6e39dd471a2174ab5aca8d
vivos_aggregate,results_by_snr.csv,legacy_exposed_vivos_300/snr=noisy_all,paper_v2_locked_vivos_460/snr=noisy_all,dataset=vivos;model=phowhisper;model_size=small;train_type=zero_shot;lambda=<blank>;seed=42;snr=noisy_all,ter,rate,0.01166902404526167,0.013087169899509232,,not_comparable_scope,delta withheld: legacy VIVOS uses 300 exposed source utterances; paper-v2 uses the disjoint 460-utterance locked test and MUSAN-test noise,77,63,1200,1840,a70139c89cbd123b8d0646588b4c7e3dc8c26abf0559cdac6772337d6d1bcfa6,89712f4873a6de7fb84f912d2380419fc48f56c7499ebed5f62528c749a2a146,legacy_v1_exposed_test_selection_and_evaluation,paper_v2_unseen_final_after_noisy_dev_decision_lock,a2f50bae2bdd2e09b1828b1fe6c1aacda860db8b596cb07fa47b088a4938bf73,ee80853e084822daeb9f38871c5d2a5992df205f920e689547e71b7858542010,ccaeadc332fb38449fc6063143b190b1498e49dd2d6e39dd471a2174ab5aca8d
vivos_aggregate,results_by_snr.csv,legacy_exposed_vivos_300/snr=noisy_all,paper_v2_locked_vivos_460/snr=noisy_all,dataset=vivos;model=phowhisper;model_size=small;train_type=zero_shot;lambda=<blank>;seed=42;snr=noisy_all,wer,rate,0.0928314826910516,0.098068669527897,,not_comparable_scope,delta withheld: legacy VIVOS uses 300 exposed source utterances; paper-v2 uses the disjoint 460-utterance locked test and MUSAN-test noise,77,63,1200,1840,a70139c89cbd123b8d0646588b4c7e3dc8c26abf0559cdac6772337d6d1bcfa6,89712f4873a6de7fb84f912d2380419fc48f56c7499ebed5f62528c749a2a146,legacy_v1_exposed_test_selection_and_evaluation,paper_v2_unseen_final_after_noisy_dev_decision_lock,a2f50bae2bdd2e09b1828b1fe6c1aacda860db8b596cb07fa47b088a4938bf73,ee80853e084822daeb9f38871c5d2a5992df205f920e689547e71b7858542010,ccaeadc332fb38449fc6063143b190b1498e49dd2d6e39dd471a2174ab5aca8d
vivos_aggregate,results_by_snr.csv,legacy_exposed_vivos_300/snr=0,paper_v2_locked_vivos_460/snr=0,dataset=vivos;model=phowhisper;model_size=tiny;train_type=zero_shot;lambda=<blank>;seed=42;snr=0,cer,rate,0.2244000308665792,0.23551383000201898,,not_comparable_scope,delta withheld: legacy VIVOS uses 300 exposed source utterances; paper-v2 uses the disjoint 460-utterance locked test and MUSAN-test noise,77,63,300,460,a70139c89cbd123b8d0646588b4c7e3dc8c26abf0559cdac6772337d6d1bcfa6,89712f4873a6de7fb84f912d2380419fc48f56c7499ebed5f62528c749a2a146,legacy_v1_exposed_test_selection_and_evaluation,paper_v2_unseen_final_after_noisy_dev_decision_lock,a2f50bae2bdd2e09b1828b1fe6c1aacda860db8b596cb07fa47b088a4938bf73,ee80853e084822daeb9f38871c5d2a5992df205f920e689547e71b7858542010,ccaeadc332fb38449fc6063143b190b1498e49dd2d6e39dd471a2174ab5aca8d
vivos_aggregate,results_by_snr.csv,legacy_exposed_vivos_300/snr=0,paper_v2_locked_vivos_460/snr=0,dataset=vivos;model=phowhisper;model_size=tiny;train_type=zero_shot;lambda=<blank>;seed=42;snr=0,der,rate,0.016971279373368148,0.011634671320535195,,not_comparable_scope,delta withheld: legacy VIVOS uses 300 exposed source utterances; paper-v2 uses the disjoint 460-utterance locked test and MUSAN-test noise,77,63,300,460,a70139c89cbd123b8d0646588b4c7e3dc8c26abf0559cdac6772337d6d1bcfa6,89712f4873a6de7fb84f912d2380419fc48f56c7499ebed5f62528c749a2a146,legacy_v1_exposed_test_selection_and_evaluation,paper_v2_unseen_final_after_noisy_dev_decision_lock,a2f50bae2bdd2e09b1828b1fe6c1aacda860db8b596cb07fa47b088a4938bf73,ee80853e084822daeb9f38871c5d2a5992df205f920e689547e71b7858542010,ccaeadc332fb38449fc6063143b190b1498e49dd2d6e39dd471a2174ab5aca8d
vivos_aggregate,results_by_snr.csv,legacy_exposed_vivos_300/snr=0,paper_v2_locked_vivos_460/snr=0,dataset=vivos;model=phowhisper;model_size=tiny;train_type=zero_shot;lambda=<blank>;seed=42;snr=0,fcer,rate,0.24107142857142858,0.26228831061544816,,not_comparable_scope,delta withheld: legacy VIVOS uses 300 exposed source utterances; paper-v2 uses the disjoint 460-utterance locked test and MUSAN-test noise,77,63,300,460,a70139c89cbd123b8d0646588b4c7e3dc8c26abf0559cdac6772337d6d1bcfa6,89712f4873a6de7fb84f912d2380419fc48f56c7499ebed5f62528c749a2a146,legacy_v1_exposed_test_selection_and_evaluation,paper_v2_unseen_final_after_noisy_dev_decision_lock,a2f50bae2bdd2e09b1828b1fe6c1aacda860db8b596cb07fa47b088a4938bf73,ee80853e084822daeb9f38871c5d2a5992df205f920e689547e71b7858542010,ccaeadc332fb38449fc6063143b190b1498e49dd2d6e39dd471a2174ab5aca8d
vivos_aggregate,results_by_snr.csv,legacy_exposed_vivos_300/snr=0,paper_v2_locked_vivos_460/snr=0,dataset=vivos;model=phowhisper;model_size=tiny;train_type=zero_shot;lambda=<blank>;seed=42;snr=0,swdr,rate,0.013422818791946308,0.004405286343612335,,not_comparable_scope,delta withheld: legacy VIVOS uses 300 exposed source utterances; paper-v2 uses the disjoint 460-utterance locked test and MUSAN-test noise,77,63,300,460,a70139c89cbd123b8d0646588b4c7e3dc8c26abf0559cdac6772337d6d1bcfa6,89712f4873a6de7fb84f912d2380419fc48f56c7499ebed5f62528c749a2a146,legacy_v1_exposed_test_selection_and_evaluation,paper_v2_unseen_final_after_noisy_dev_decision_lock,a2f50bae2bdd2e09b1828b1fe6c1aacda860db8b596cb07fa47b088a4938bf73,ee80853e084822daeb9f38871c5d2a5992df205f920e689547e71b7858542010,ccaeadc332fb38449fc6063143b190b1498e49dd2d6e39dd471a2174ab5aca8d
vivos_aggregate,results_by_snr.csv,legacy_exposed_vivos_300/snr=0,paper_v2_locked_vivos_460/snr=0,dataset=vivos;model=phowhisper;model_size=tiny;train_type=zero_shot;lambda=<blank>;seed=42;snr=0,ter,rate,0.03622872108249672,0.03884057971014493,,not_comparable_scope,delta withheld: legacy VIVOS uses 300 exposed source utterances; paper-v2 uses the disjoint 460-utterance locked test and MUSAN-test noise,77,63,300,460,a70139c89cbd123b8d0646588b4c7e3dc8c26abf0559cdac6772337d6d1bcfa6,89712f4873a6de7fb84f912d2380419fc48f56c7499ebed5f62528c749a2a146,legacy_v1_exposed_test_selection_and_evaluation,paper_v2_unseen_final_after_noisy_dev_decision_lock,a2f50bae2bdd2e09b1828b1fe6c1aacda860db8b596cb07fa47b088a4938bf73,ee80853e084822daeb9f38871c5d2a5992df205f920e689547e71b7858542010,ccaeadc332fb38449fc6063143b190b1498e49dd2d6e39dd471a2174ab5aca8d
vivos_aggregate,results_by_snr.csv,legacy_exposed_vivos_300/snr=0,paper_v2_locked_vivos_460/snr=0,dataset=vivos;model=phowhisper;model_size=tiny;train_type=zero_shot;lambda=<blank>;seed=42;snr=0,wer,rate,0.36610058785107774,0.3688841201716738,,not_comparable_scope,delta withheld: legacy VIVOS uses 300 exposed source utterances; paper-v2 uses the disjoint 460-utterance locked test and MUSAN-test noise,77,63,300,460,a70139c89cbd123b8d0646588b4c7e3dc8c26abf0559cdac6772337d6d1bcfa6,89712f4873a6de7fb84f912d2380419fc48f56c7499ebed5f62528c749a2a146,legacy_v1_exposed_test_selection_and_evaluation,paper_v2_unseen_final_after_noisy_dev_decision_lock,a2f50bae2bdd2e09b1828b1fe6c1aacda860db8b596cb07fa47b088a4938bf73,ee80853e084822daeb9f38871c5d2a5992df205f920e689547e71b7858542010,ccaeadc332fb38449fc6063143b190b1498e49dd2d6e39dd471a2174ab5aca8d
vivos_aggregate,results_by_snr.csv,legacy_exposed_vivos_300/snr=10,paper_v2_locked_vivos_460/snr=10,dataset=vivos;model=phowhisper;model_size=tiny;train_type=zero_shot;lambda=<blank>;seed=42;snr=10,cer,rate,0.06975846901767112,0.0743488794669897,,not_comparable_scope,delta withheld: legacy VIVOS uses 300 exposed source utterances; paper-v2 uses the disjoint 460-utterance locked test and MUSAN-test noise,77,63,300,460,a70139c89cbd123b8d0646588b4c7e3dc8c26abf0559cdac6772337d6d1bcfa6,89712f4873a6de7fb84f912d2380419fc48f56c7499ebed5f62528c749a2a146,legacy_v1_exposed_test_selection_and_evaluation,paper_v2_unseen_final_after_noisy_dev_decision_lock,a2f50bae2bdd2e09b1828b1fe6c1aacda860db8b596cb07fa47b088a4938bf73,ee80853e084822daeb9f38871c5d2a5992df205f920e689547e71b7858542010,ccaeadc332fb38449fc6063143b190b1498e49dd2d6e39dd471a2174ab5aca8d
vivos_aggregate,results_by_snr.csv,legacy_exposed_vivos_300/snr=10,paper_v2_locked_vivos_460/snr=10,dataset=vivos;model=phowhisper;model_size=tiny;train_type=zero_shot;lambda=<blank>;seed=42;snr=10,der,rate,0.01206140350877193,0.008151522416686647,,not_comparable_scope,delta withheld: legacy VIVOS uses 300 exposed source utterances; paper-v2 uses the disjoint 460-utterance locked test and MUSAN-test noise,77,63,300,460,a70139c89cbd123b8d0646588b4c7e3dc8c26abf0559cdac6772337d6d1bcfa6,89712f4873a6de7fb84f912d2380419fc48f56c7499ebed5f62528c749a2a146,legacy_v1_exposed_test_selection_and_evaluation,paper_v2_unseen_final_after_noisy_dev_decision_lock,a2f50bae2bdd2e09b1828b1fe6c1aacda860db8b596cb07fa47b088a4938bf73,ee80853e084822daeb9f38871c5d2a5992df205f920e689547e71b7858542010,ccaeadc332fb38449fc6063143b190b1498e49dd2d6e39dd471a2174ab5aca8d
vivos_aggregate,results_by_snr.csv,legacy_exposed_vivos_300/snr=10,paper_v2_locked_vivos_460/snr=10,dataset=vivos;model=phowhisper;model_size=tiny;train_type=zero_shot;lambda=<blank>;seed=42;snr=10,fcer,rate,0.09358638743455497,0.09330453563714902,,not_comparable_scope,delta withheld: legacy VIVOS uses 300 exposed source utterances; paper-v2 uses the disjoint 460-utterance locked test and MUSAN-test noise,77,63,300,460,a70139c89cbd123b8d0646588b4c7e3dc8c26abf0559cdac6772337d6d1bcfa6,89712f4873a6de7fb84f912d2380419fc48f56c7499ebed5f62528c749a2a146,legacy_v1_exposed_test_selection_and_evaluation,paper_v2_unseen_final_after_noisy_dev_decision_lock,a2f50bae2bdd2e09b1828b1fe6c1aacda860db8b596cb07fa47b088a4938bf73,ee80853e084822daeb9f38871c5d2a5992df205f920e689547e71b7858542010,ccaeadc332fb38449fc6063143b190b1498e49dd2d6e39dd471a2174ab5aca8d
vivos_aggregate,results_by_snr.csv,legacy_exposed_vivos_300/snr=10,paper_v2_locked_vivos_460/snr=10,dataset=vivos;model=phowhisper;model_size=tiny;train_type=zero_shot;lambda=<blank>;seed=42;snr=10,swdr,rate,0.006711409395973154,0.004405286343612335,,not_comparable_scope,delta withheld: legacy VIVOS uses 300 exposed source utterances; paper-v2 uses the disjoint 460-utterance locked test and MUSAN-test noise,77,63,300,460,a70139c89cbd123b8d0646588b4c7e3dc8c26abf0559cdac6772337d6d1bcfa6,89712f4873a6de7fb84f912d2380419fc48f56c7499ebed5f62528c749a2a146,legacy_v1_exposed_test_selection_and_evaluation,paper_v2_unseen_final_after_noisy_dev_decision_lock,a2f50bae2bdd2e09b1828b1fe6c1aacda860db8b596cb07fa47b088a4938bf73,ee80853e084822daeb9f38871c5d2a5992df205f920e689547e71b7858542010,ccaeadc332fb38449fc6063143b190b1498e49dd2d6e39dd471a2174ab5aca8d
vivos_aggregate,results_by_snr.csv,legacy_exposed_vivos_300/snr=10,paper_v2_locked_vivos_460/snr=10,dataset=vivos;model=phowhisper;model_size=tiny;train_type=zero_shot;lambda=<blank>;seed=42;snr=10,ter,rate,0.016568483063328424,0.016377649325626204,,not_comparable_scope,delta withheld: legacy VIVOS uses 300 exposed source utterances; paper-v2 uses the disjoint 460-utterance locked test and MUSAN-test noise,77,63,300,460,a70139c89cbd123b8d0646588b4c7e3dc8c26abf0559cdac6772337d6d1bcfa6,89712f4873a6de7fb84f912d2380419fc48f56c7499ebed5f62528c749a2a146,legacy_v1_exposed_test_selection_and_evaluation,paper_v2_unseen_final_after_noisy_dev_decision_lock,a2f50bae2bdd2e09b1828b1fe6c1aacda860db8b596cb07fa47b088a4938bf73,ee80853e084822daeb9f38871c5d2a5992df205f920e689547e71b7858542010,ccaeadc332fb38449fc6063143b190b1498e49dd2d6e39dd471a2174ab5aca8d
vivos_aggregate,results_by_snr.csv,legacy_exposed_vivos_300/snr=10,paper_v2_locked_vivos_460/snr=10,dataset=vivos;model=phowhisper;model_size=tiny;train_type=zero_shot;lambda=<blank>;seed=42;snr=10,wer,rate,0.1404310907903331,0.14034334763948497,,not_comparable_scope,delta withheld: legacy VIVOS uses 300 exposed source utterances; paper-v2 uses the disjoint 460-utterance locked test and MUSAN-test noise,77,63,300,460,a70139c89cbd123b8d0646588b4c7e3dc8c26abf0559cdac6772337d6d1bcfa6,89712f4873a6de7fb84f912d2380419fc48f56c7499ebed5f62528c749a2a146,legacy_v1_exposed_test_selection_and_evaluation,paper_v2_unseen_final_after_noisy_dev_decision_lock,a2f50bae2bdd2e09b1828b1fe6c1aacda860db8b596cb07fa47b088a4938bf73,ee80853e084822daeb9f38871c5d2a5992df205f920e689547e71b7858542010,ccaeadc332fb38449fc6063143b190b1498e49dd2d6e39dd471a2174ab5aca8d
vivos_aggregate,results_by_snr.csv,legacy_exposed_vivos_300/snr=20,paper_v2_locked_vivos_460/snr=20,dataset=vivos;model=phowhisper;model_size=tiny;train_type=zero_shot;lambda=<blank>;seed=42;snr=20,cer,rate,0.05008102477042982,0.05012113870381587,,not_comparable_scope,delta withheld: legacy VIVOS uses 300 exposed source utterances; paper-v2 uses the disjoint 460-utterance locked test and MUSAN-test noise,77,63,300,460,a70139c89cbd123b8d0646588b4c7e3dc8c26abf0559cdac6772337d6d1bcfa6,89712f4873a6de7fb84f912d2380419fc48f56c7499ebed5f62528c749a2a146,legacy_v1_exposed_test_selection_and_evaluation,paper_v2_unseen_final_after_noisy_dev_decision_lock,a2f50bae2bdd2e09b1828b1fe6c1aacda860db8b596cb07fa47b088a4938bf73,ee80853e084822daeb9f38871c5d2a5992df205f920e689547e71b7858542010,ccaeadc332fb38449fc6063143b190b1498e49dd2d6e39dd471a2174ab5aca8d
vivos_aggregate,results_by_snr.csv,legacy_exposed_vivos_300/snr=20,paper_v2_locked_vivos_460/snr=20,dataset=vivos;model=phowhisper;model_size=tiny;train_type=zero_shot;lambda=<blank>;seed=42;snr=20,der,rate,0.010371959942775394,0.007508212106992022,,not_comparable_scope,delta withheld: legacy VIVOS uses 300 exposed source utterances; paper-v2 uses the disjoint 460-utterance locked test and MUSAN-test noise,77,63,300,460,a70139c89cbd123b8d0646588b4c7e3dc8c26abf0559cdac6772337d6d1bcfa6,89712f4873a6de7fb84f912d2380419fc48f56c7499ebed5f62528c749a2a146,legacy_v1_exposed_test_selection_and_evaluation,paper_v2_unseen_final_after_noisy_dev_decision_lock,a2f50bae2bdd2e09b1828b1fe6c1aacda860db8b596cb07fa47b088a4938bf73,ee80853e084822daeb9f38871c5d2a5992df205f920e689547e71b7858542010,ccaeadc332fb38449fc6063143b190b1498e49dd2d6e39dd471a2174ab5aca8d
vivos_aggregate,results_by_snr.csv,legacy_exposed_vivos_300/snr=20,paper_v2_locked_vivos_460/snr=20,dataset=vivos;model=phowhisper;model_size=tiny;train_type=zero_shot;lambda=<blank>;seed=42;snr=20,fcer,rate,0.07100591715976332,0.07309688581314878,,not_comparable_scope,delta withheld: legacy VIVOS uses 300 exposed source utterances; paper-v2 uses the disjoint 460-utterance locked test and MUSAN-test noise,77,63,300,460,a70139c89cbd123b8d0646588b4c7e3dc8c26abf0559cdac6772337d6d1bcfa6,89712f4873a6de7fb84f912d2380419fc48f56c7499ebed5f62528c749a2a146,legacy_v1_exposed_test_selection_and_evaluation,paper_v2_unseen_final_after_noisy_dev_decision_lock,a2f50bae2bdd2e09b1828b1fe6c1aacda860db8b596cb07fa47b088a4938bf73,ee80853e084822daeb9f38871c5d2a5992df205f920e689547e71b7858542010,ccaeadc332fb38449fc6063143b190b1498e49dd2d6e39dd471a2174ab5aca8d
vivos_aggregate,results_by_snr.csv,legacy_exposed_vivos_300/snr=20,paper_v2_locked_vivos_460/snr=20,dataset=vivos;model=phowhisper;model_size=tiny;train_type=zero_shot;lambda=<blank>;seed=42;snr=20,swdr,rate,0.006711409395973154,0.004405286343612335,,not_comparable_scope,delta withheld: legacy VIVOS uses 300 exposed source utterances; paper-v2 uses the disjoint 460-utterance locked test and MUSAN-test noise,77,63,300,460,a70139c89cbd123b8d0646588b4c7e3dc8c26abf0559cdac6772337d6d1bcfa6,89712f4873a6de7fb84f912d2380419fc48f56c7499ebed5f62528c749a2a146,legacy_v1_exposed_test_selection_and_evaluation,paper_v2_unseen_final_after_noisy_dev_decision_lock,a2f50bae2bdd2e09b1828b1fe6c1aacda860db8b596cb07fa47b088a4938bf73,ee80853e084822daeb9f38871c5d2a5992df205f920e689547e71b7858542010,ccaeadc332fb38449fc6063143b190b1498e49dd2d6e39dd471a2174ab5aca8d
vivos_aggregate,results_by_snr.csv,legacy_exposed_vivos_300/snr=20,paper_v2_locked_vivos_460/snr=20,dataset=vivos;model=phowhisper;model_size=tiny;train_type=zero_shot;lambda=<blank>;seed=42;snr=20,ter,rate,0.017992083483267363,0.01791185481970304,,not_comparable_scope,delta withheld: legacy VIVOS uses 300 exposed source utterances; paper-v2 uses the disjoint 460-utterance locked test and MUSAN-test noise,77,63,300,460,a70139c89cbd123b8d0646588b4c7e3dc8c26abf0559cdac6772337d6d1bcfa6,89712f4873a6de7fb84f912d2380419fc48f56c7499ebed5f62528c749a2a146,legacy_v1_exposed_test_selection_and_evaluation,paper_v2_unseen_final_after_noisy_dev_decision_lock,a2f50bae2bdd2e09b1828b1fe6c1aacda860db8b596cb07fa47b088a4938bf73,ee80853e084822daeb9f38871c5d2a5992df205f920e689547e71b7858542010,ccaeadc332fb38449fc6063143b190b1498e49dd2d6e39dd471a2174ab5aca8d
vivos_aggregate,results_by_snr.csv,legacy_exposed_vivos_300/snr=20,paper_v2_locked_vivos_460/snr=20,dataset=vivos;model=phowhisper;model_size=tiny;train_type=zero_shot;lambda=<blank>;seed=42;snr=20,wer,rate,0.11430437622468975,0.11030042918454935,,not_comparable_scope,delta withheld: legacy VIVOS uses 300 exposed source utterances; paper-v2 uses the disjoint 460-utterance locked test and MUSAN-test noise,77,63,300,460,a70139c89cbd123b8d0646588b4c7e3dc8c26abf0559cdac6772337d6d1bcfa6,89712f4873a6de7fb84f912d2380419fc48f56c7499ebed5f62528c749a2a146,legacy_v1_exposed_test_selection_and_evaluation,paper_v2_unseen_final_after_noisy_dev_decision_lock,a2f50bae2bdd2e09b1828b1fe6c1aacda860db8b596cb07fa47b088a4938bf73,ee80853e084822daeb9f38871c5d2a5992df205f920e689547e71b7858542010,ccaeadc332fb38449fc6063143b190b1498e49dd2d6e39dd471a2174ab5aca8d
vivos_aggregate,results_by_snr.csv,legacy_exposed_vivos_300/snr=5,paper_v2_locked_vivos_460/snr=5,dataset=vivos;model=phowhisper;model_size=tiny;train_type=zero_shot;lambda=<blank>;seed=42;snr=5,cer,rate,0.106644031175245,0.12810417928528164,,not_comparable_scope,delta withheld: legacy VIVOS uses 300 exposed source utterances; paper-v2 uses the disjoint 460-utterance locked test and MUSAN-test noise,77,63,300,460,a70139c89cbd123b8d0646588b4c7e3dc8c26abf0559cdac6772337d6d1bcfa6,89712f4873a6de7fb84f912d2380419fc48f56c7499ebed5f62528c749a2a146,legacy_v1_exposed_test_selection_and_evaluation,paper_v2_unseen_final_after_noisy_dev_decision_lock,a2f50bae2bdd2e09b1828b1fe6c1aacda860db8b596cb07fa47b088a4938bf73,ee80853e084822daeb9f38871c5d2a5992df205f920e689547e71b7858542010,ccaeadc332fb38449fc6063143b190b1498e49dd2d6e39dd471a2174ab5aca8d
vivos_aggregate,results_by_snr.csv,legacy_exposed_vivos_300/snr=5,paper_v2_locked_vivos_460/snr=5,dataset=vivos;model=phowhisper;model_size=tiny;train_type=zero_shot;lambda=<blank>;seed=42;snr=5,der,rate,0.013724742661075104,0.012487257900101937,,not_comparable_scope,delta withheld: legacy VIVOS uses 300 exposed source utterances; paper-v2 uses the disjoint 460-utterance locked test and MUSAN-test noise,77,63,300,460,a70139c89cbd123b8d0646588b4c7e3dc8c26abf0559cdac6772337d6d1bcfa6,89712f4873a6de7fb84f912d2380419fc48f56c7499ebed5f62528c749a2a146,legacy_v1_exposed_test_selection_and_evaluation,paper_v2_unseen_final_after_noisy_dev_decision_lock,a2f50bae2bdd2e09b1828b1fe6c1aacda860db8b596cb07fa47b088a4938bf73,ee80853e084822daeb9f38871c5d2a5992df205f920e689547e71b7858542010,ccaeadc332fb38449fc6063143b190b1498e49dd2d6e39dd471a2174ab5aca8d
vivos_aggregate,results_by_snr.csv,legacy_exposed_vivos_300/snr=5,paper_v2_locked_vivos_460/snr=5,dataset=vivos;model=phowhisper;model_size=tiny;train_type=zero_shot;lambda=<blank>;seed=42;snr=5,fcer,rate,0.13043478260869565,0.14713430282292558,,not_comparable_scope,delta withheld: legacy VIVOS uses 300 exposed source utterances; paper-v2 uses the disjoint 460-utterance locked test and MUSAN-test noise,77,63,300,460,a70139c89cbd123b8d0646588b4c7e3dc8c26abf0559cdac6772337d6d1bcfa6,89712f4873a6de7fb84f912d2380419fc48f56c7499ebed5f62528c749a2a146,legacy_v1_exposed_test_selection_and_evaluation,paper_v2_unseen_final_after_noisy_dev_decision_lock,a2f50bae2bdd2e09b1828b1fe6c1aacda860db8b596cb07fa47b088a4938bf73,ee80853e084822daeb9f38871c5d2a5992df205f920e689547e71b7858542010,ccaeadc332fb38449fc6063143b190b1498e49dd2d6e39dd471a2174ab5aca8d
vivos_aggregate,results_by_snr.csv,legacy_exposed_vivos_300/snr=5,paper_v2_locked_vivos_460/snr=5,dataset=vivos;model=phowhisper;model_size=tiny;train_type=zero_shot;lambda=<blank>;seed=42;snr=5,swdr,rate,0.013422818791946308,0.004405286343612335,,not_comparable_scope,delta withheld: legacy VIVOS uses 300 exposed source utterances; paper-v2 uses the disjoint 460-utterance locked test and MUSAN-test noise,77,63,300,460,a70139c89cbd123b8d0646588b4c7e3dc8c26abf0559cdac6772337d6d1bcfa6,89712f4873a6de7fb84f912d2380419fc48f56c7499ebed5f62528c749a2a146,legacy_v1_exposed_test_selection_and_evaluation,paper_v2_unseen_final_after_noisy_dev_decision_lock,a2f50bae2bdd2e09b1828b1fe6c1aacda860db8b596cb07fa47b088a4938bf73,ee80853e084822daeb9f38871c5d2a5992df205f920e689547e71b7858542010,ccaeadc332fb38449fc6063143b190b1498e49dd2d6e39dd471a2174ab5aca8d
vivos_aggregate,results_by_snr.csv,legacy_exposed_vivos_300/snr=5,paper_v2_locked_vivos_460/snr=5,dataset=vivos;model=phowhisper;model_size=tiny;train_type=zero_shot;lambda=<blank>;seed=42;snr=5,ter,rate,0.022290545734050732,0.02772785622593068,,not_comparable_scope,delta withheld: legacy VIVOS uses 300 exposed source utterances; paper-v2 uses the disjoint 460-utterance locked test and MUSAN-test noise,77,63,300,460,a70139c89cbd123b8d0646588b4c7e3dc8c26abf0559cdac6772337d6d1bcfa6,89712f4873a6de7fb84f912d2380419fc48f56c7499ebed5f62528c749a2a146,legacy_v1_exposed_test_selection_and_evaluation,paper_v2_unseen_final_after_noisy_dev_decision_lock,a2f50bae2bdd2e09b1828b1fe6c1aacda860db8b596cb07fa47b088a4938bf73,ee80853e084822daeb9f38871c5d2a5992df205f920e689547e71b7858542010,ccaeadc332fb38449fc6063143b190b1498e49dd2d6e39dd471a2174ab5aca8d
vivos_aggregate,results_by_snr.csv,legacy_exposed_vivos_300/snr=5,paper_v2_locked_vivos_460/snr=5,dataset=vivos;model=phowhisper;model_size=tiny;train_type=zero_shot;lambda=<blank>;seed=42;snr=5,wer,rate,0.19431743958197256,0.22446351931330472,,not_comparable_scope,delta withheld: legacy VIVOS uses 300 exposed source utterances; paper-v2 uses the disjoint 460-utterance locked test and MUSAN-test noise,77,63,300,460,a70139c89cbd123b8d0646588b4c7e3dc8c26abf0559cdac6772337d6d1bcfa6,89712f4873a6de7fb84f912d2380419fc48f56c7499ebed5f62528c749a2a146,legacy_v1_exposed_test_selection_and_evaluation,paper_v2_unseen_final_after_noisy_dev_decision_lock,a2f50bae2bdd2e09b1828b1fe6c1aacda860db8b596cb07fa47b088a4938bf73,ee80853e084822daeb9f38871c5d2a5992df205f920e689547e71b7858542010,ccaeadc332fb38449fc6063143b190b1498e49dd2d6e39dd471a2174ab5aca8d
vivos_aggregate,results_by_snr.csv,legacy_exposed_vivos_300/snr=all,paper_v2_locked_vivos_460/snr=all,dataset=vivos;model=phowhisper;model_size=tiny;train_type=zero_shot;lambda=<blank>;seed=42;snr=all,cer,rate,0.09866502044910873,0.10685443165758127,,not_comparable_scope,delta withheld: legacy VIVOS uses 300 exposed source utterances; paper-v2 uses the disjoint 460-utterance locked test and MUSAN-test noise,77,63,1500,2300,a70139c89cbd123b8d0646588b4c7e3dc8c26abf0559cdac6772337d6d1bcfa6,89712f4873a6de7fb84f912d2380419fc48f56c7499ebed5f62528c749a2a146,legacy_v1_exposed_test_selection_and_evaluation,paper_v2_unseen_final_after_noisy_dev_decision_lock,a2f50bae2bdd2e09b1828b1fe6c1aacda860db8b596cb07fa47b088a4938bf73,ee80853e084822daeb9f38871c5d2a5992df205f920e689547e71b7858542010,ccaeadc332fb38449fc6063143b190b1498e49dd2d6e39dd471a2174ab5aca8d
vivos_aggregate,results_by_snr.csv,legacy_exposed_vivos_300/snr=all,paper_v2_locked_vivos_460/snr=all,dataset=vivos;model=phowhisper;model_size=tiny;train_type=zero_shot;lambda=<blank>;seed=42;snr=all,der,rate,0.01227964441765858,0.008964589870013447,,not_comparable_scope,delta withheld: legacy VIVOS uses 300 exposed source utterances; paper-v2 uses the disjoint 460-utterance locked test and MUSAN-test noise,77,63,1500,2300,a70139c89cbd123b8d0646588b4c7e3dc8c26abf0559cdac6772337d6d1bcfa6,89712f4873a6de7fb84f912d2380419fc48f56c7499ebed5f62528c749a2a146,legacy_v1_exposed_test_selection_and_evaluation,paper_v2_unseen_final_after_noisy_dev_decision_lock,a2f50bae2bdd2e09b1828b1fe6c1aacda860db8b596cb07fa47b088a4938bf73,ee80853e084822daeb9f38871c5d2a5992df205f920e689547e71b7858542010,ccaeadc332fb38449fc6063143b190b1498e49dd2d6e39dd471a2174ab5aca8d
vivos_aggregate,results_by_snr.csv,legacy_exposed_vivos_300/snr=all,paper_v2_locked_vivos_460/snr=all,dataset=vivos;model=phowhisper;model_size=tiny;train_type=zero_shot;lambda=<blank>;seed=42;snr=all,fcer,rate,0.12018229166666666,0.12923366404379064,,not_comparable_scope,delta withheld: legacy VIVOS uses 300 exposed source utterances; paper-v2 uses the disjoint 460-utterance locked test and MUSAN-test noise,77,63,1500,2300,a70139c89cbd123b8d0646588b4c7e3dc8c26abf0559cdac6772337d6d1bcfa6,89712f4873a6de7fb84f912d2380419fc48f56c7499ebed5f62528c749a2a146,legacy_v1_exposed_test_selection_and_evaluation,paper_v2_unseen_final_after_noisy_dev_decision_lock,a2f50bae2bdd2e09b1828b1fe6c1aacda860db8b596cb07fa47b088a4938bf73,ee80853e084822daeb9f38871c5d2a5992df205f920e689547e71b7858542010,ccaeadc332fb38449fc6063143b190b1498e49dd2d6e39dd471a2174ab5aca8d
vivos_aggregate,results_by_snr.csv,legacy_exposed_vivos_300/snr=all,paper_v2_locked_vivos_460/snr=all,dataset=vivos;model=phowhisper;model_size=tiny;train_type=zero_shot;lambda=<blank>;seed=42;snr=all,swdr,rate,0.008053691275167786,0.004405286343612335,,not_comparable_scope,delta withheld: legacy VIVOS uses 300 exposed source utterances; paper-v2 uses the disjoint 460-utterance locked test and MUSAN-test noise,77,63,1500,2300,a70139c89cbd123b8d0646588b4c7e3dc8c26abf0559cdac6772337d6d1bcfa6,89712f4873a6de7fb84f912d2380419fc48f56c7499ebed5f62528c749a2a146,legacy_v1_exposed_test_selection_and_evaluation,paper_v2_unseen_final_after_noisy_dev_decision_lock,a2f50bae2bdd2e09b1828b1fe6c1aacda860db8b596cb07fa47b088a4938bf73,ee80853e084822daeb9f38871c5d2a5992df205f920e689547e71b7858542010,ccaeadc332fb38449fc6063143b190b1498e49dd2d6e39dd471a2174ab5aca8d
vivos_aggregate,results_by_snr.csv,legacy_exposed_vivos_300/snr=all,paper_v2_locked_vivos_460/snr=all,dataset=vivos;model=phowhisper;model_size=tiny;train_type=zero_shot;lambda=<blank>;seed=42;snr=all,ter,rate,0.021071780489653604,0.022585319542297505,,not_comparable_scope,delta withheld: legacy VIVOS uses 300 exposed source utterances; paper-v2 uses the disjoint 460-utterance locked test and MUSAN-test noise,77,63,1500,2300,a70139c89cbd123b8d0646588b4c7e3dc8c26abf0559cdac6772337d6d1bcfa6,89712f4873a6de7fb84f912d2380419fc48f56c7499ebed5f62528c749a2a146,legacy_v1_exposed_test_selection_and_evaluation,paper_v2_unseen_final_after_noisy_dev_decision_lock,a2f50bae2bdd2e09b1828b1fe6c1aacda860db8b596cb07fa47b088a4938bf73,ee80853e084822daeb9f38871c5d2a5992df205f920e689547e71b7858542010,ccaeadc332fb38449fc6063143b190b1498e49dd2d6e39dd471a2174ab5aca8d
vivos_aggregate,results_by_snr.csv,legacy_exposed_vivos_300/snr=all,paper_v2_locked_vivos_460/snr=all,dataset=vivos;model=phowhisper;model_size=tiny;train_type=zero_shot;lambda=<blank>;seed=42;snr=all,wer,rate,0.1830176355323318,0.18914163090128755,,not_comparable_scope,delta withheld: legacy VIVOS uses 300 exposed source utterances; paper-v2 uses the disjoint 460-utterance locked test and MUSAN-test noise,77,63,1500,2300,a70139c89cbd123b8d0646588b4c7e3dc8c26abf0559cdac6772337d6d1bcfa6,89712f4873a6de7fb84f912d2380419fc48f56c7499ebed5f62528c749a2a146,legacy_v1_exposed_test_selection_and_evaluation,paper_v2_unseen_final_after_noisy_dev_decision_lock,a2f50bae2bdd2e09b1828b1fe6c1aacda860db8b596cb07fa47b088a4938bf73,ee80853e084822daeb9f38871c5d2a5992df205f920e689547e71b7858542010,ccaeadc332fb38449fc6063143b190b1498e49dd2d6e39dd471a2174ab5aca8d
vivos_aggregate,results_by_snr.csv,legacy_exposed_vivos_300/snr=clean,paper_v2_locked_vivos_460/snr=clean,dataset=vivos;model=phowhisper;model_size=tiny;train_type=zero_shot;lambda=<blank>;seed=42;snr=clean,cer,rate,0.04244154641561849,0.04618413082980012,,not_comparable_scope,delta withheld: legacy VIVOS uses 300 exposed source utterances; paper-v2 uses the disjoint 460-utterance locked test and MUSAN-test noise,77,63,300,460,a70139c89cbd123b8d0646588b4c7e3dc8c26abf0559cdac6772337d6d1bcfa6,89712f4873a6de7fb84f912d2380419fc48f56c7499ebed5f62528c749a2a146,legacy_v1_exposed_test_selection_and_evaluation,paper_v2_unseen_final_after_noisy_dev_decision_lock,a2f50bae2bdd2e09b1828b1fe6c1aacda860db8b596cb07fa47b088a4938bf73,ee80853e084822daeb9f38871c5d2a5992df205f920e689547e71b7858542010,ccaeadc332fb38449fc6063143b190b1498e49dd2d6e39dd471a2174ab5aca8d
vivos_aggregate,results_by_snr.csv,legacy_exposed_vivos_300/snr=clean,paper_v2_locked_vivos_460/snr=clean,dataset=vivos;model=phowhisper;model_size=tiny;train_type=zero_shot;lambda=<blank>;seed=42;snr=clean,der,rate,0.009216589861751152,0.005835667600373483,,not_comparable_scope,delta withheld: legacy VIVOS uses 300 exposed source utterances; paper-v2 uses the disjoint 460-utterance locked test and MUSAN-test noise,77,63,300,460,a70139c89cbd123b8d0646588b4c7e3dc8c26abf0559cdac6772337d6d1bcfa6,89712f4873a6de7fb84f912d2380419fc48f56c7499ebed5f62528c749a2a146,legacy_v1_exposed_test_selection_and_evaluation,paper_v2_unseen_final_after_noisy_dev_decision_lock,a2f50bae2bdd2e09b1828b1fe6c1aacda860db8b596cb07fa47b088a4938bf73,ee80853e084822daeb9f38871c5d2a5992df205f920e689547e71b7858542010,ccaeadc332fb38449fc6063143b190b1498e49dd2d6e39dd471a2174ab5aca8d
vivos_aggregate,results_by_snr.csv,legacy_exposed_vivos_300/snr=clean,paper_v2_locked_vivos_460/snr=clean,dataset=vivos;model=phowhisper;model_size=tiny;train_type=zero_shot;lambda=<blank>;seed=42;snr=clean,fcer,rate,0.06110381077529566,0.06374674761491761,,not_comparable_scope,delta withheld: legacy VIVOS uses 300 exposed source utterances; paper-v2 uses the disjoint 460-utterance locked test and MUSAN-test noise,77,63,300,460,a70139c89cbd123b8d0646588b4c7e3dc8c26abf0559cdac6772337d6d1bcfa6,89712f4873a6de7fb84f912d2380419fc48f56c7499ebed5f62528c749a2a146,legacy_v1_exposed_test_selection_and_evaluation,paper_v2_unseen_final_after_noisy_dev_decision_lock,a2f50bae2bdd2e09b1828b1fe6c1aacda860db8b596cb07fa47b088a4938bf73,ee80853e084822daeb9f38871c5d2a5992df205f920e689547e71b7858542010,ccaeadc332fb38449fc6063143b190b1498e49dd2d6e39dd471a2174ab5aca8d
vivos_aggregate,results_by_snr.csv,legacy_exposed_vivos_300/snr=clean,paper_v2_locked_vivos_460/snr=clean,dataset=vivos;model=phowhisper;model_size=tiny;train_type=zero_shot;lambda=<blank>;seed=42;snr=clean,swdr,rate,0.0,0.004405286343612335,,not_comparable_scope,delta withheld: legacy VIVOS uses 300 exposed source utterances; paper-v2 uses the disjoint 460-utterance locked test and MUSAN-test noise,77,63,300,460,a70139c89cbd123b8d0646588b4c7e3dc8c26abf0559cdac6772337d6d1bcfa6,89712f4873a6de7fb84f912d2380419fc48f56c7499ebed5f62528c749a2a146,legacy_v1_exposed_test_selection_and_evaluation,paper_v2_unseen_final_after_noisy_dev_decision_lock,a2f50bae2bdd2e09b1828b1fe6c1aacda860db8b596cb07fa47b088a4938bf73,ee80853e084822daeb9f38871c5d2a5992df205f920e689547e71b7858542010,ccaeadc332fb38449fc6063143b190b1498e49dd2d6e39dd471a2174ab5aca8d
vivos_aggregate,results_by_snr.csv,legacy_exposed_vivos_300/snr=clean,paper_v2_locked_vivos_460/snr=clean,dataset=vivos;model=phowhisper;model_size=tiny;train_type=zero_shot;lambda=<blank>;seed=42;snr=clean,ter,rate,0.014973262032085561,0.015445822607067634,,not_comparable_scope,delta withheld: legacy VIVOS uses 300 exposed source utterances; paper-v2 uses the disjoint 460-utterance locked test and MUSAN-test noise,77,63,300,460,a70139c89cbd123b8d0646588b4c7e3dc8c26abf0559cdac6772337d6d1bcfa6,89712f4873a6de7fb84f912d2380419fc48f56c7499ebed5f62528c749a2a146,legacy_v1_exposed_test_selection_and_evaluation,paper_v2_unseen_final_after_noisy_dev_decision_lock,a2f50bae2bdd2e09b1828b1fe6c1aacda860db8b596cb07fa47b088a4938bf73,ee80853e084822daeb9f38871c5d2a5992df205f920e689547e71b7858542010,ccaeadc332fb38449fc6063143b190b1498e49dd2d6e39dd471a2174ab5aca8d
vivos_aggregate,results_by_snr.csv,legacy_exposed_vivos_300/snr=clean,paper_v2_locked_vivos_460/snr=clean,dataset=vivos;model=phowhisper;model_size=tiny;train_type=zero_shot;lambda=<blank>;seed=42;snr=clean,wer,rate,0.0999346832135859,0.1017167381974249,,not_comparable_scope,delta withheld: legacy VIVOS uses 300 exposed source utterances; paper-v2 uses the disjoint 460-utterance locked test and MUSAN-test noise,77,63,300,460,a70139c89cbd123b8d0646588b4c7e3dc8c26abf0559cdac6772337d6d1bcfa6,89712f4873a6de7fb84f912d2380419fc48f56c7499ebed5f62528c749a2a146,legacy_v1_exposed_test_selection_and_evaluation,paper_v2_unseen_final_after_noisy_dev_decision_lock,a2f50bae2bdd2e09b1828b1fe6c1aacda860db8b596cb07fa47b088a4938bf73,ee80853e084822daeb9f38871c5d2a5992df205f920e689547e71b7858542010,ccaeadc332fb38449fc6063143b190b1498e49dd2d6e39dd471a2174ab5aca8d
vivos_aggregate,results_by_snr.csv,legacy_exposed_vivos_300/snr=noisy_all,paper_v2_locked_vivos_460/snr=noisy_all,dataset=vivos;model=phowhisper;model_size=tiny;train_type=zero_shot;lambda=<blank>;seed=42;snr=noisy_all,cer,rate,0.1127208889574813,0.12202200686452655,,not_comparable_scope,delta withheld: legacy VIVOS uses 300 exposed source utterances; paper-v2 uses the disjoint 460-utterance locked test and MUSAN-test noise,77,63,1200,1840,a70139c89cbd123b8d0646588b4c7e3dc8c26abf0559cdac6772337d6d1bcfa6,89712f4873a6de7fb84f912d2380419fc48f56c7499ebed5f62528c749a2a146,legacy_v1_exposed_test_selection_and_evaluation,paper_v2_unseen_final_after_noisy_dev_decision_lock,a2f50bae2bdd2e09b1828b1fe6c1aacda860db8b596cb07fa47b088a4938bf73,ee80853e084822daeb9f38871c5d2a5992df205f920e689547e71b7858542010,ccaeadc332fb38449fc6063143b190b1498e49dd2d6e39dd471a2174ab5aca8d
vivos_aggregate,results_by_snr.csv,legacy_exposed_vivos_300/snr=noisy_all,paper_v2_locked_vivos_460/snr=noisy_all,dataset=vivos;model=phowhisper;model_size=tiny;train_type=zero_shot;lambda=<blank>;seed=42;snr=noisy_all,der,rate,0.013106285276953985,0.009813232035454257,,not_comparable_scope,delta withheld: legacy VIVOS uses 300 exposed source utterances; paper-v2 uses the disjoint 460-utterance locked test and MUSAN-test noise,77,63,1200,1840,a70139c89cbd123b8d0646588b4c7e3dc8c26abf0559cdac6772337d6d1bcfa6,89712f4873a6de7fb84f912d2380419fc48f56c7499ebed5f62528c749a2a146,legacy_v1_exposed_test_selection_and_evaluation,paper_v2_unseen_final_after_noisy_dev_decision_lock,a2f50bae2bdd2e09b1828b1fe6c1aacda860db8b596cb07fa47b088a4938bf73,ee80853e084822daeb9f38871c5d2a5992df205f920e689547e71b7858542010,ccaeadc332fb38449fc6063143b190b1498e49dd2d6e39dd471a2174ab5aca8d
vivos_aggregate,results_by_snr.csv,legacy_exposed_vivos_300/snr=noisy_all,paper_v2_locked_vivos_460/snr=noisy_all,dataset=vivos;model=phowhisper;model_size=tiny;train_type=zero_shot;lambda=<blank>;seed=42;snr=noisy_all,fcer,rate,0.13478402078596946,0.14532282122309823,,not_comparable_scope,delta withheld: legacy VIVOS uses 300 exposed source utterances; paper-v2 uses the disjoint 460-utterance locked test and MUSAN-test noise,77,63,1200,1840,a70139c89cbd123b8d0646588b4c7e3dc8c26abf0559cdac6772337d6d1bcfa6,89712f4873a6de7fb84f912d2380419fc48f56c7499ebed5f62528c749a2a146,legacy_v1_exposed_test_selection_and_evaluation,paper_v2_unseen_final_after_noisy_dev_decision_lock,a2f50bae2bdd2e09b1828b1fe6c1aacda860db8b596cb07fa47b088a4938bf73,ee80853e084822daeb9f38871c5d2a5992df205f920e689547e71b7858542010,ccaeadc332fb38449fc6063143b190b1498e49dd2d6e39dd471a2174ab5aca8d
vivos_aggregate,results_by_snr.csv,legacy_exposed_vivos_300/snr=noisy_all,paper_v2_locked_vivos_460/snr=noisy_all,dataset=vivos;model=phowhisper;model_size=tiny;train_type=zero_shot;lambda=<blank>;seed=42;snr=noisy_all,swdr,rate,0.010067114093959731,0.004405286343612335,,not_comparable_scope,delta withheld: legacy VIVOS uses 300 exposed source utterances; paper-v2 uses the disjoint 460-utterance locked test and MUSAN-test noise,77,63,1200,1840,a70139c89cbd123b8d0646588b4c7e3dc8c26abf0559cdac6772337d6d1bcfa6,89712f4873a6de7fb84f912d2380419fc48f56c7499ebed5f62528c749a2a146,legacy_v1_exposed_test_selection_and_evaluation,paper_v2_unseen_final_after_noisy_dev_decision_lock,a2f50bae2bdd2e09b1828b1fe6c1aacda860db8b596cb07fa47b088a4938bf73,ee80853e084822daeb9f38871c5d2a5992df205f920e689547e71b7858542010,ccaeadc332fb38449fc6063143b190b1498e49dd2d6e39dd471a2174ab5aca8d
vivos_aggregate,results_by_snr.csv,legacy_exposed_vivos_300/snr=noisy_all,paper_v2_locked_vivos_460/snr=noisy_all,dataset=vivos;model=phowhisper;model_size=tiny;train_type=zero_shot;lambda=<blank>;seed=42;snr=noisy_all,ter,rate,0.022718521370812476,0.02452350698856417,,not_comparable_scope,delta withheld: legacy VIVOS uses 300 exposed source utterances; paper-v2 uses the disjoint 460-utterance locked test and MUSAN-test noise,77,63,1200,1840,a70139c89cbd123b8d0646588b4c7e3dc8c26abf0559cdac6772337d6d1bcfa6,89712f4873a6de7fb84f912d2380419fc48f56c7499ebed5f62528c749a2a146,legacy_v1_exposed_test_selection_and_evaluation,paper_v2_unseen_final_after_noisy_dev_decision_lock,a2f50bae2bdd2e09b1828b1fe6c1aacda860db8b596cb07fa47b088a4938bf73,ee80853e084822daeb9f38871c5d2a5992df205f920e689547e71b7858542010,ccaeadc332fb38449fc6063143b190b1498e49dd2d6e39dd471a2174ab5aca8d
vivos_aggregate,results_by_snr.csv,legacy_exposed_vivos_300/snr=noisy_all,paper_v2_locked_vivos_460/snr=noisy_all,dataset=vivos;model=phowhisper;model_size=tiny;train_type=zero_shot;lambda=<blank>;seed=42;snr=noisy_all,wer,rate,0.2037883736120183,0.21099785407725322,,not_comparable_scope,delta withheld: legacy VIVOS uses 300 exposed source utterances; paper-v2 uses the disjoint 460-utterance locked test and MUSAN-test noise,77,63,1200,1840,a70139c89cbd123b8d0646588b4c7e3dc8c26abf0559cdac6772337d6d1bcfa6,89712f4873a6de7fb84f912d2380419fc48f56c7499ebed5f62528c749a2a146,legacy_v1_exposed_test_selection_and_evaluation,paper_v2_unseen_final_after_noisy_dev_decision_lock,a2f50bae2bdd2e09b1828b1fe6c1aacda860db8b596cb07fa47b088a4938bf73,ee80853e084822daeb9f38871c5d2a5992df205f920e689547e71b7858542010,ccaeadc332fb38449fc6063143b190b1498e49dd2d6e39dd471a2174ab5aca8d
vivos_aggregate,results_by_snr.csv,legacy_exposed_vivos_300/snr=0,paper_v2_locked_vivos_460/snr=0,dataset=vivos;model=whisper;model_size=base;train_type=zero_shot;lambda=<blank>;seed=42;snr=0,cer,rate,0.5410139671270932,0.5811124570967091,,not_comparable_scope,delta withheld: legacy VIVOS uses 300 exposed source utterances; paper-v2 uses the disjoint 460-utterance locked test and MUSAN-test noise,77,63,300,460,a70139c89cbd123b8d0646588b4c7e3dc8c26abf0559cdac6772337d6d1bcfa6,89712f4873a6de7fb84f912d2380419fc48f56c7499ebed5f62528c749a2a146,legacy_v1_exposed_test_selection_and_evaluation,paper_v2_unseen_final_after_noisy_dev_decision_lock,a2f50bae2bdd2e09b1828b1fe6c1aacda860db8b596cb07fa47b088a4938bf73,ee80853e084822daeb9f38871c5d2a5992df205f920e689547e71b7858542010,ccaeadc332fb38449fc6063143b190b1498e49dd2d6e39dd471a2174ab5aca8d
vivos_aggregate,results_by_snr.csv,legacy_exposed_vivos_300/snr=0,paper_v2_locked_vivos_460/snr=0,dataset=vivos;model=whisper;model_size=base;train_type=zero_shot;lambda=<blank>;seed=42;snr=0,der,rate,0.034529451591062965,0.0392349190779794,,not_comparable_scope,delta withheld: legacy VIVOS uses 300 exposed source utterances; paper-v2 uses the disjoint 460-utterance locked test and MUSAN-test noise,77,63,300,460,a70139c89cbd123b8d0646588b4c7e3dc8c26abf0559cdac6772337d6d1bcfa6,89712f4873a6de7fb84f912d2380419fc48f56c7499ebed5f62528c749a2a146,legacy_v1_exposed_test_selection_and_evaluation,paper_v2_unseen_final_after_noisy_dev_decision_lock,a2f50bae2bdd2e09b1828b1fe6c1aacda860db8b596cb07fa47b088a4938bf73,ee80853e084822daeb9f38871c5d2a5992df205f920e689547e71b7858542010,ccaeadc332fb38449fc6063143b190b1498e49dd2d6e39dd471a2174ab5aca8d
vivos_aggregate,results_by_snr.csv,legacy_exposed_vivos_300/snr=0,paper_v2_locked_vivos_460/snr=0,dataset=vivos;model=whisper;model_size=base;train_type=zero_shot;lambda=<blank>;seed=42;snr=0,fcer,rate,0.4918429003021148,0.5400710619818397,,not_comparable_scope,delta withheld: legacy VIVOS uses 300 exposed source utterances; paper-v2 uses the disjoint 460-utterance locked test and MUSAN-test noise,77,63,300,460,a70139c89cbd123b8d0646588b4c7e3dc8c26abf0559cdac6772337d6d1bcfa6,89712f4873a6de7fb84f912d2380419fc48f56c7499ebed5f62528c749a2a146,legacy_v1_exposed_test_selection_and_evaluation,paper_v2_unseen_final_after_noisy_dev_decision_lock,a2f50bae2bdd2e09b1828b1fe6c1aacda860db8b596cb07fa47b088a4938bf73,ee80853e084822daeb9f38871c5d2a5992df205f920e689547e71b7858542010,ccaeadc332fb38449fc6063143b190b1498e49dd2d6e39dd471a2174ab5aca8d
vivos_aggregate,results_by_snr.csv,legacy_exposed_vivos_300/snr=0,paper_v2_locked_vivos_460/snr=0,dataset=vivos;model=whisper;model_size=base;train_type=zero_shot;lambda=<blank>;seed=42;snr=0,swdr,rate,0.03355704697986577,0.06607929515418502,,not_comparable_scope,delta withheld: legacy VIVOS uses 300 exposed source utterances; paper-v2 uses the disjoint 460-utterance locked test and MUSAN-test noise,77,63,300,460,a70139c89cbd123b8d0646588b4c7e3dc8c26abf0559cdac6772337d6d1bcfa6,89712f4873a6de7fb84f912d2380419fc48f56c7499ebed5f62528c749a2a146,legacy_v1_exposed_test_selection_and_evaluation,paper_v2_unseen_final_after_noisy_dev_decision_lock,a2f50bae2bdd2e09b1828b1fe6c1aacda860db8b596cb07fa47b088a4938bf73,ee80853e084822daeb9f38871c5d2a5992df205f920e689547e71b7858542010,ccaeadc332fb38449fc6063143b190b1498e49dd2d6e39dd471a2174ab5aca8d
vivos_aggregate,results_by_snr.csv,legacy_exposed_vivos_300/snr=0,paper_v2_locked_vivos_460/snr=0,dataset=vivos;model=whisper;model_size=base;train_type=zero_shot;lambda=<blank>;seed=42;snr=0,ter,rate,0.17893401015228427,0.19802867383512546,,not_comparable_scope,delta withheld: legacy VIVOS uses 300 exposed source utterances; paper-v2 uses the disjoint 460-utterance locked test and MUSAN-test noise,77,63,300,460,a70139c89cbd123b8d0646588b4c7e3dc8c26abf0559cdac6772337d6d1bcfa6,89712f4873a6de7fb84f912d2380419fc48f56c7499ebed5f62528c749a2a146,legacy_v1_exposed_test_selection_and_evaluation,paper_v2_unseen_final_after_noisy_dev_decision_lock,a2f50bae2bdd2e09b1828b1fe6c1aacda860db8b596cb07fa47b088a4938bf73,ee80853e084822daeb9f38871c5d2a5992df205f920e689547e71b7858542010,ccaeadc332fb38449fc6063143b190b1498e49dd2d6e39dd471a2174ab5aca8d
vivos_aggregate,results_by_snr.csv,legacy_exposed_vivos_300/snr=0,paper_v2_locked_vivos_460/snr=0,dataset=vivos;model=whisper;model_size=base;train_type=zero_shot;lambda=<blank>;seed=42;snr=0,wer,rate,0.7883736120182887,0.8435622317596566,,not_comparable_scope,delta withheld: legacy VIVOS uses 300 exposed source utterances; paper-v2 uses the disjoint 460-utterance locked test and MUSAN-test noise,77,63,300,460,a70139c89cbd123b8d0646588b4c7e3dc8c26abf0559cdac6772337d6d1bcfa6,89712f4873a6de7fb84f912d2380419fc48f56c7499ebed5f62528c749a2a146,legacy_v1_exposed_test_selection_and_evaluation,paper_v2_unseen_final_after_noisy_dev_decision_lock,a2f50bae2bdd2e09b1828b1fe6c1aacda860db8b596cb07fa47b088a4938bf73,ee80853e084822daeb9f38871c5d2a5992df205f920e689547e71b7858542010,ccaeadc332fb38449fc6063143b190b1498e49dd2d6e39dd471a2174ab5aca8d
vivos_aggregate,results_by_snr.csv,legacy_exposed_vivos_300/snr=10,paper_v2_locked_vivos_460/snr=10,dataset=vivos;model=whisper;model_size=base;train_type=zero_shot;lambda=<blank>;seed=42;snr=10,cer,rate,0.23111351184504977,0.2673632142136079,,not_comparable_scope,delta withheld: legacy VIVOS uses 300 exposed source utterances; paper-v2 uses the disjoint 460-utterance locked test and MUSAN-test noise,77,63,300,460,a70139c89cbd123b8d0646588b4c7e3dc8c26abf0559cdac6772337d6d1bcfa6,89712f4873a6de7fb84f912d2380419fc48f56c7499ebed5f62528c749a2a146,legacy_v1_exposed_test_selection_and_evaluation,paper_v2_unseen_final_after_noisy_dev_decision_lock,a2f50bae2bdd2e09b1828b1fe6c1aacda860db8b596cb07fa47b088a4938bf73,ee80853e084822daeb9f38871c5d2a5992df205f920e689547e71b7858542010,ccaeadc332fb38449fc6063143b190b1498e49dd2d6e39dd471a2174ab5aca8d
vivos_aggregate,results_by_snr.csv,legacy_exposed_vivos_300/snr=10,paper_v2_locked_vivos_460/snr=10,dataset=vivos;model=whisper;model_size=base;train_type=zero_shot;lambda=<blank>;seed=42;snr=10,der,rate,0.03608502224419179,0.03827913279132791,,not_comparable_scope,delta withheld: legacy VIVOS uses 300 exposed source utterances; paper-v2 uses the disjoint 460-utterance locked test and MUSAN-test noise,77,63,300,460,a70139c89cbd123b8d0646588b4c7e3dc8c26abf0559cdac6772337d6d1bcfa6,89712f4873a6de7fb84f912d2380419fc48f56c7499ebed5f62528c749a2a146,legacy_v1_exposed_test_selection_and_evaluation,paper_v2_unseen_final_after_noisy_dev_decision_lock,a2f50bae2bdd2e09b1828b1fe6c1aacda860db8b596cb07fa47b088a4938bf73,ee80853e084822daeb9f38871c5d2a5992df205f920e689547e71b7858542010,ccaeadc332fb38449fc6063143b190b1498e49dd2d6e39dd471a2174ab5aca8d
vivos_aggregate,results_by_snr.csv,legacy_exposed_vivos_300/snr=10,paper_v2_locked_vivos_460/snr=10,dataset=vivos;model=whisper;model_size=base;train_type=zero_shot;lambda=<blank>;seed=42;snr=10,fcer,rate,0.3047923322683706,0.32666666666666666,,not_comparable_scope,delta withheld: legacy VIVOS uses 300 exposed source utterances; paper-v2 uses the disjoint 460-utterance locked test and MUSAN-test noise,77,63,300,460,a70139c89cbd123b8d0646588b4c7e3dc8c26abf0559cdac6772337d6d1bcfa6,89712f4873a6de7fb84f912d2380419fc48f56c7499ebed5f62528c749a2a146,legacy_v1_exposed_test_selection_and_evaluation,paper_v2_unseen_final_after_noisy_dev_decision_lock,a2f50bae2bdd2e09b1828b1fe6c1aacda860db8b596cb07fa47b088a4938bf73,ee80853e084822daeb9f38871c5d2a5992df205f920e689547e71b7858542010,ccaeadc332fb38449fc6063143b190b1498e49dd2d6e39dd471a2174ab5aca8d
vivos_aggregate,results_by_snr.csv,legacy_exposed_vivos_300/snr=10,paper_v2_locked_vivos_460/snr=10,dataset=vivos;model=whisper;model_size=base;train_type=zero_shot;lambda=<blank>;seed=42;snr=10,swdr,rate,0.013422818791946308,0.030837004405286344,,not_comparable_scope,delta withheld: legacy VIVOS uses 300 exposed source utterances; paper-v2 uses the disjoint 460-utterance locked test and MUSAN-test noise,77,63,300,460,a70139c89cbd123b8d0646588b4c7e3dc8c26abf0559cdac6772337d6d1bcfa6,89712f4873a6de7fb84f912d2380419fc48f56c7499ebed5f62528c749a2a146,legacy_v1_exposed_test_selection_and_evaluation,paper_v2_unseen_final_after_noisy_dev_decision_lock,a2f50bae2bdd2e09b1828b1fe6c1aacda860db8b596cb07fa47b088a4938bf73,ee80853e084822daeb9f38871c5d2a5992df205f920e689547e71b7858542010,ccaeadc332fb38449fc6063143b190b1498e49dd2d6e39dd471a2174ab5aca8d
vivos_aggregate,results_by_snr.csv,legacy_exposed_vivos_300/snr=10,paper_v2_locked_vivos_460/snr=10,dataset=vivos;model=whisper;model_size=base;train_type=zero_shot;lambda=<blank>;seed=42;snr=10,ter,rate,0.10278053624627606,0.12004034969737727,,not_comparable_scope,delta withheld: legacy VIVOS uses 300 exposed source utterances; paper-v2 uses the disjoint 460-utterance locked test and MUSAN-test noise,77,63,300,460,a70139c89cbd123b8d0646588b4c7e3dc8c26abf0559cdac6772337d6d1bcfa6,89712f4873a6de7fb84f912d2380419fc48f56c7499ebed5f62528c749a2a146,legacy_v1_exposed_test_selection_and_evaluation,paper_v2_unseen_final_after_noisy_dev_decision_lock,a2f50bae2bdd2e09b1828b1fe6c1aacda860db8b596cb07fa47b088a4938bf73,ee80853e084822daeb9f38871c5d2a5992df205f920e689547e71b7858542010,ccaeadc332fb38449fc6063143b190b1498e49dd2d6e39dd471a2174ab5aca8d
vivos_aggregate,results_by_snr.csv,legacy_exposed_vivos_300/snr=10,paper_v2_locked_vivos_460/snr=10,dataset=vivos;model=whisper;model_size=base;train_type=zero_shot;lambda=<blank>;seed=42;snr=10,wer,rate,0.4359895493141737,0.4791845493562232,,not_comparable_scope,delta withheld: legacy VIVOS uses 300 exposed source utterances; paper-v2 uses the disjoint 460-utterance locked test and MUSAN-test noise,77,63,300,460,a70139c89cbd123b8d0646588b4c7e3dc8c26abf0559cdac6772337d6d1bcfa6,89712f4873a6de7fb84f912d2380419fc48f56c7499ebed5f62528c749a2a146,legacy_v1_exposed_test_selection_and_evaluation,paper_v2_unseen_final_after_noisy_dev_decision_lock,a2f50bae2bdd2e09b1828b1fe6c1aacda860db8b596cb07fa47b088a4938bf73,ee80853e084822daeb9f38871c5d2a5992df205f920e689547e71b7858542010,ccaeadc332fb38449fc6063143b190b1498e49dd2d6e39dd471a2174ab5aca8d
vivos_aggregate,results_by_snr.csv,legacy_exposed_vivos_300/snr=20,paper_v2_locked_vivos_460/snr=20,dataset=vivos;model=whisper;model_size=base;train_type=zero_shot;lambda=<blank>;seed=42;snr=20,cer,rate,0.18774596805309052,0.2039672925499697,,not_comparable_scope,delta withheld: legacy VIVOS uses 300 exposed source utterances; paper-v2 uses the disjoint 460-utterance locked test and MUSAN-test noise,77,63,300,460,a70139c89cbd123b8d0646588b4c7e3dc8c26abf0559cdac6772337d6d1bcfa6,89712f4873a6de7fb84f912d2380419fc48f56c7499ebed5f62528c749a2a146,legacy_v1_exposed_test_selection_and_evaluation,paper_v2_unseen_final_after_noisy_dev_decision_lock,a2f50bae2bdd2e09b1828b1fe6c1aacda860db8b596cb07fa47b088a4938bf73,ee80853e084822daeb9f38871c5d2a5992df205f920e689547e71b7858542010,ccaeadc332fb38449fc6063143b190b1498e49dd2d6e39dd471a2174ab5aca8d
vivos_aggregate,results_by_snr.csv,legacy_exposed_vivos_300/snr=20,paper_v2_locked_vivos_460/snr=20,dataset=vivos;model=whisper;model_size=base;train_type=zero_shot;lambda=<blank>;seed=42;snr=20,der,rate,0.041237113402061855,0.03400063552589768,,not_comparable_scope,delta withheld: legacy VIVOS uses 300 exposed source utterances; paper-v2 uses the disjoint 460-utterance locked test and MUSAN-test noise,77,63,300,460,a70139c89cbd123b8d0646588b4c7e3dc8c26abf0559cdac6772337d6d1bcfa6,89712f4873a6de7fb84f912d2380419fc48f56c7499ebed5f62528c749a2a146,legacy_v1_exposed_test_selection_and_evaluation,paper_v2_unseen_final_after_noisy_dev_decision_lock,a2f50bae2bdd2e09b1828b1fe6c1aacda860db8b596cb07fa47b088a4938bf73,ee80853e084822daeb9f38871c5d2a5992df205f920e689547e71b7858542010,ccaeadc332fb38449fc6063143b190b1498e49dd2d6e39dd471a2174ab5aca8d
vivos_aggregate,results_by_snr.csv,legacy_exposed_vivos_300/snr=20,paper_v2_locked_vivos_460/snr=20,dataset=vivos;model=whisper;model_size=base;train_type=zero_shot;lambda=<blank>;seed=42;snr=20,fcer,rate,0.27471116816431324,0.2805907172995781,,not_comparable_scope,delta withheld: legacy VIVOS uses 300 exposed source utterances; paper-v2 uses the disjoint 460-utterance locked test and MUSAN-test noise,77,63,300,460,a70139c89cbd123b8d0646588b4c7e3dc8c26abf0559cdac6772337d6d1bcfa6,89712f4873a6de7fb84f912d2380419fc48f56c7499ebed5f62528c749a2a146,legacy_v1_exposed_test_selection_and_evaluation,paper_v2_unseen_final_after_noisy_dev_decision_lock,a2f50bae2bdd2e09b1828b1fe6c1aacda860db8b596cb07fa47b088a4938bf73,ee80853e084822daeb9f38871c5d2a5992df205f920e689547e71b7858542010,ccaeadc332fb38449fc6063143b190b1498e49dd2d6e39dd471a2174ab5aca8d
vivos_aggregate,results_by_snr.csv,legacy_exposed_vivos_300/snr=20,paper_v2_locked_vivos_460/snr=20,dataset=vivos;model=whisper;model_size=base;train_type=zero_shot;lambda=<blank>;seed=42;snr=20,swdr,rate,0.013422818791946308,0.013215859030837005,,not_comparable_scope,delta withheld: legacy VIVOS uses 300 exposed source utterances; paper-v2 uses the disjoint 460-utterance locked test and MUSAN-test noise,77,63,300,460,a70139c89cbd123b8d0646588b4c7e3dc8c26abf0559cdac6772337d6d1bcfa6,89712f4873a6de7fb84f912d2380419fc48f56c7499ebed5f62528c749a2a146,legacy_v1_exposed_test_selection_and_evaluation,paper_v2_unseen_final_after_noisy_dev_decision_lock,a2f50bae2bdd2e09b1828b1fe6c1aacda860db8b596cb07fa47b088a4938bf73,ee80853e084822daeb9f38871c5d2a5992df205f920e689547e71b7858542010,ccaeadc332fb38449fc6063143b190b1498e49dd2d6e39dd471a2174ab5aca8d
vivos_aggregate,results_by_snr.csv,legacy_exposed_vivos_300/snr=20,paper_v2_locked_vivos_460/snr=20,dataset=vivos;model=whisper;model_size=base;train_type=zero_shot;lambda=<blank>;seed=42;snr=20,ter,rate,0.09712399811409712,0.1089763779527559,,not_comparable_scope,delta withheld: legacy VIVOS uses 300 exposed source utterances; paper-v2 uses the disjoint 460-utterance locked test and MUSAN-test noise,77,63,300,460,a70139c89cbd123b8d0646588b4c7e3dc8c26abf0559cdac6772337d6d1bcfa6,89712f4873a6de7fb84f912d2380419fc48f56c7499ebed5f62528c749a2a146,legacy_v1_exposed_test_selection_and_evaluation,paper_v2_unseen_final_after_noisy_dev_decision_lock,a2f50bae2bdd2e09b1828b1fe6c1aacda860db8b596cb07fa47b088a4938bf73,ee80853e084822daeb9f38871c5d2a5992df205f920e689547e71b7858542010,ccaeadc332fb38449fc6063143b190b1498e49dd2d6e39dd471a2174ab5aca8d
vivos_aggregate,results_by_snr.csv,legacy_exposed_vivos_300/snr=20,paper_v2_locked_vivos_460/snr=20,dataset=vivos;model=whisper;model_size=base;train_type=zero_shot;lambda=<blank>;seed=42;snr=20,wer,rate,0.3798171129980405,0.3997854077253219,,not_comparable_scope,delta withheld: legacy VIVOS uses 300 exposed source utterances; paper-v2 uses the disjoint 460-utterance locked test and MUSAN-test noise,77,63,300,460,a70139c89cbd123b8d0646588b4c7e3dc8c26abf0559cdac6772337d6d1bcfa6,89712f4873a6de7fb84f912d2380419fc48f56c7499ebed5f62528c749a2a146,legacy_v1_exposed_test_selection_and_evaluation,paper_v2_unseen_final_after_noisy_dev_decision_lock,a2f50bae2bdd2e09b1828b1fe6c1aacda860db8b596cb07fa47b088a4938bf73,ee80853e084822daeb9f38871c5d2a5992df205f920e689547e71b7858542010,ccaeadc332fb38449fc6063143b190b1498e49dd2d6e39dd471a2174ab5aca8d
vivos_aggregate,results_by_snr.csv,legacy_exposed_vivos_300/snr=5,paper_v2_locked_vivos_460/snr=5,dataset=vivos;model=whisper;model_size=base;train_type=zero_shot;lambda=<blank>;seed=42;snr=5,cer,rate,0.27216606219615713,0.35049464970724814,,not_comparable_scope,delta withheld: legacy VIVOS uses 300 exposed source utterances; paper-v2 uses the disjoint 460-utterance locked test and MUSAN-test noise,77,63,300,460,a70139c89cbd123b8d0646588b4c7e3dc8c26abf0559cdac6772337d6d1bcfa6,89712f4873a6de7fb84f912d2380419fc48f56c7499ebed5f62528c749a2a146,legacy_v1_exposed_test_selection_and_evaluation,paper_v2_unseen_final_after_noisy_dev_decision_lock,a2f50bae2bdd2e09b1828b1fe6c1aacda860db8b596cb07fa47b088a4938bf73,ee80853e084822daeb9f38871c5d2a5992df205f920e689547e71b7858542010,ccaeadc332fb38449fc6063143b190b1498e49dd2d6e39dd471a2174ab5aca8d
vivos_aggregate,results_by_snr.csv,legacy_exposed_vivos_300/snr=5,paper_v2_locked_vivos_460/snr=5,dataset=vivos;model=whisper;model_size=base;train_type=zero_shot;lambda=<blank>;seed=42;snr=5,der,rate,0.04263565891472868,0.03694126339120798,,not_comparable_scope,delta withheld: legacy VIVOS uses 300 exposed source utterances; paper-v2 uses the disjoint 460-utterance locked test and MUSAN-test noise,77,63,300,460,a70139c89cbd123b8d0646588b4c7e3dc8c26abf0559cdac6772337d6d1bcfa6,89712f4873a6de7fb84f912d2380419fc48f56c7499ebed5f62528c749a2a146,legacy_v1_exposed_test_selection_and_evaluation,paper_v2_unseen_final_after_noisy_dev_decision_lock,a2f50bae2bdd2e09b1828b1fe6c1aacda860db8b596cb07fa47b088a4938bf73,ee80853e084822daeb9f38871c5d2a5992df205f920e689547e71b7858542010,ccaeadc332fb38449fc6063143b190b1498e49dd2d6e39dd471a2174ab5aca8d
vivos_aggregate,results_by_snr.csv,legacy_exposed_vivos_300/snr=5,paper_v2_locked_vivos_460/snr=5,dataset=vivos;model=whisper;model_size=base;train_type=zero_shot;lambda=<blank>;seed=42;snr=5,fcer,rate,0.37570799244808056,0.380327868852459,,not_comparable_scope,delta withheld: legacy VIVOS uses 300 exposed source utterances; paper-v2 uses the disjoint 460-utterance locked test and MUSAN-test noise,77,63,300,460,a70139c89cbd123b8d0646588b4c7e3dc8c26abf0559cdac6772337d6d1bcfa6,89712f4873a6de7fb84f912d2380419fc48f56c7499ebed5f62528c749a2a146,legacy_v1_exposed_test_selection_and_evaluation,paper_v2_unseen_final_after_noisy_dev_decision_lock,a2f50bae2bdd2e09b1828b1fe6c1aacda860db8b596cb07fa47b088a4938bf73,ee80853e084822daeb9f38871c5d2a5992df205f920e689547e71b7858542010,ccaeadc332fb38449fc6063143b190b1498e49dd2d6e39dd471a2174ab5aca8d
vivos_aggregate,results_by_snr.csv,legacy_exposed_vivos_300/snr=5,paper_v2_locked_vivos_460/snr=5,dataset=vivos;model=whisper;model_size=base;train_type=zero_shot;lambda=<blank>;seed=42;snr=5,swdr,rate,0.020134228187919462,0.022026431718061675,,not_comparable_scope,delta withheld: legacy VIVOS uses 300 exposed source utterances; paper-v2 uses the disjoint 460-utterance locked test and MUSAN-test noise,77,63,300,460,a70139c89cbd123b8d0646588b4c7e3dc8c26abf0559cdac6772337d6d1bcfa6,89712f4873a6de7fb84f912d2380419fc48f56c7499ebed5f62528c749a2a146,legacy_v1_exposed_test_selection_and_evaluation,paper_v2_unseen_final_after_noisy_dev_decision_lock,a2f50bae2bdd2e09b1828b1fe6c1aacda860db8b596cb07fa47b088a4938bf73,ee80853e084822daeb9f38871c5d2a5992df205f920e689547e71b7858542010,ccaeadc332fb38449fc6063143b190b1498e49dd2d6e39dd471a2174ab5aca8d
vivos_aggregate,results_by_snr.csv,legacy_exposed_vivos_300/snr=5,paper_v2_locked_vivos_460/snr=5,dataset=vivos;model=whisper;model_size=base;train_type=zero_shot;lambda=<blank>;seed=42;snr=5,ter,rate,0.12273972602739726,0.1352622061482821,,not_comparable_scope,delta withheld: legacy VIVOS uses 300 exposed source utterances; paper-v2 uses the disjoint 460-utterance locked test and MUSAN-test noise,77,63,300,460,a70139c89cbd123b8d0646588b4c7e3dc8c26abf0559cdac6772337d6d1bcfa6,89712f4873a6de7fb84f912d2380419fc48f56c7499ebed5f62528c749a2a146,legacy_v1_exposed_test_selection_and_evaluation,paper_v2_unseen_final_after_noisy_dev_decision_lock,a2f50bae2bdd2e09b1828b1fe6c1aacda860db8b596cb07fa47b088a4938bf73,ee80853e084822daeb9f38871c5d2a5992df205f920e689547e71b7858542010,ccaeadc332fb38449fc6063143b190b1498e49dd2d6e39dd471a2174ab5aca8d
vivos_aggregate,results_by_snr.csv,legacy_exposed_vivos_300/snr=5,paper_v2_locked_vivos_460/snr=5,dataset=vivos;model=whisper;model_size=base;train_type=zero_shot;lambda=<blank>;seed=42;snr=5,wer,rate,0.49444807315480077,0.5748927038626609,,not_comparable_scope,delta withheld: legacy VIVOS uses 300 exposed source utterances; paper-v2 uses the disjoint 460-utterance locked test and MUSAN-test noise,77,63,300,460,a70139c89cbd123b8d0646588b4c7e3dc8c26abf0559cdac6772337d6d1bcfa6,89712f4873a6de7fb84f912d2380419fc48f56c7499ebed5f62528c749a2a146,legacy_v1_exposed_test_selection_and_evaluation,paper_v2_unseen_final_after_noisy_dev_decision_lock,a2f50bae2bdd2e09b1828b1fe6c1aacda860db8b596cb07fa47b088a4938bf73,ee80853e084822daeb9f38871c5d2a5992df205f920e689547e71b7858542010,ccaeadc332fb38449fc6063143b190b1498e49dd2d6e39dd471a2174ab5aca8d
vivos_aggregate,results_by_snr.csv,legacy_exposed_vivos_300/snr=all,paper_v2_locked_vivos_460/snr=all,dataset=vivos;model=whisper;model_size=base;train_type=zero_shot;lambda=<blank>;seed=42;snr=all,cer,rate,0.28296936492013275,0.32149202503533214,,not_comparable_scope,delta withheld: legacy VIVOS uses 300 exposed source utterances; paper-v2 uses the disjoint 460-utterance locked test and MUSAN-test noise,77,63,1500,2300,a70139c89cbd123b8d0646588b4c7e3dc8c26abf0559cdac6772337d6d1bcfa6,89712f4873a6de7fb84f912d2380419fc48f56c7499ebed5f62528c749a2a146,legacy_v1_exposed_test_selection_and_evaluation,paper_v2_unseen_final_after_noisy_dev_decision_lock,a2f50bae2bdd2e09b1828b1fe6c1aacda860db8b596cb07fa47b088a4938bf73,ee80853e084822daeb9f38871c5d2a5992df205f920e689547e71b7858542010,ccaeadc332fb38449fc6063143b190b1498e49dd2d6e39dd471a2174ab5aca8d
vivos_aggregate,results_by_snr.csv,legacy_exposed_vivos_300/snr=all,paper_v2_locked_vivos_460/snr=all,dataset=vivos;model=whisper;model_size=base;train_type=zero_shot;lambda=<blank>;seed=42;snr=all,der,rate,0.03897051161821403,0.03572704537334762,,not_comparable_scope,delta withheld: legacy VIVOS uses 300 exposed source utterances; paper-v2 uses the disjoint 460-utterance locked test and MUSAN-test noise,77,63,1500,2300,a70139c89cbd123b8d0646588b4c7e3dc8c26abf0559cdac6772337d6d1bcfa6,89712f4873a6de7fb84f912d2380419fc48f56c7499ebed5f62528c749a2a146,legacy_v1_exposed_test_selection_and_evaluation,paper_v2_unseen_final_after_noisy_dev_decision_lock,a2f50bae2bdd2e09b1828b1fe6c1aacda860db8b596cb07fa47b088a4938bf73,ee80853e084822daeb9f38871c5d2a5992df205f920e689547e71b7858542010,ccaeadc332fb38449fc6063143b190b1498e49dd2d6e39dd471a2174ab5aca8d
vivos_aggregate,results_by_snr.csv,legacy_exposed_vivos_300/snr=all,paper_v2_locked_vivos_460/snr=all,dataset=vivos;model=whisper;model_size=base;train_type=zero_shot;lambda=<blank>;seed=42;snr=all,fcer,rate,0.3442705704189803,0.36261558784676357,,not_comparable_scope,delta withheld: legacy VIVOS uses 300 exposed source utterances; paper-v2 uses the disjoint 460-utterance locked test and MUSAN-test noise,77,63,1500,2300,a70139c89cbd123b8d0646588b4c7e3dc8c26abf0559cdac6772337d6d1bcfa6,89712f4873a6de7fb84f912d2380419fc48f56c7499ebed5f62528c749a2a146,legacy_v1_exposed_test_selection_and_evaluation,paper_v2_unseen_final_after_noisy_dev_decision_lock,a2f50bae2bdd2e09b1828b1fe6c1aacda860db8b596cb07fa47b088a4938bf73,ee80853e084822daeb9f38871c5d2a5992df205f920e689547e71b7858542010,ccaeadc332fb38449fc6063143b190b1498e49dd2d6e39dd471a2174ab5aca8d
vivos_aggregate,results_by_snr.csv,legacy_exposed_vivos_300/snr=all,paper_v2_locked_vivos_460/snr=all,dataset=vivos;model=whisper;model_size=base;train_type=zero_shot;lambda=<blank>;seed=42;snr=all,swdr,rate,0.01879194630872483,0.029955947136563875,,not_comparable_scope,delta withheld: legacy VIVOS uses 300 exposed source utterances; paper-v2 uses the disjoint 460-utterance locked test and MUSAN-test noise,77,63,1500,2300,a70139c89cbd123b8d0646588b4c7e3dc8c26abf0559cdac6772337d6d1bcfa6,89712f4873a6de7fb84f912d2380419fc48f56c7499ebed5f62528c749a2a146,legacy_v1_exposed_test_selection_and_evaluation,paper_v2_unseen_final_after_noisy_dev_decision_lock,a2f50bae2bdd2e09b1828b1fe6c1aacda860db8b596cb07fa47b088a4938bf73,ee80853e084822daeb9f38871c5d2a5992df205f920e689547e71b7858542010,ccaeadc332fb38449fc6063143b190b1498e49dd2d6e39dd471a2174ab5aca8d
vivos_aggregate,results_by_snr.csv,legacy_exposed_vivos_300/snr=all,paper_v2_locked_vivos_460/snr=all,dataset=vivos;model=whisper;model_size=base;train_type=zero_shot;lambda=<blank>;seed=42;snr=all,ter,rate,0.11549994829903837,0.13107778165329612,,not_comparable_scope,delta withheld: legacy VIVOS uses 300 exposed source utterances; paper-v2 uses the disjoint 460-utterance locked test and MUSAN-test noise,77,63,1500,2300,a70139c89cbd123b8d0646588b4c7e3dc8c26abf0559cdac6772337d6d1bcfa6,89712f4873a6de7fb84f912d2380419fc48f56c7499ebed5f62528c749a2a146,legacy_v1_exposed_test_selection_and_evaluation,paper_v2_unseen_final_after_noisy_dev_decision_lock,a2f50bae2bdd2e09b1828b1fe6c1aacda860db8b596cb07fa47b088a4938bf73,ee80853e084822daeb9f38871c5d2a5992df205f920e689547e71b7858542010,ccaeadc332fb38449fc6063143b190b1498e49dd2d6e39dd471a2174ab5aca8d
vivos_aggregate,results_by_snr.csv,legacy_exposed_vivos_300/snr=all,paper_v2_locked_vivos_460/snr=all,dataset=vivos;model=whisper;model_size=base;train_type=zero_shot;lambda=<blank>;seed=42;snr=all,wer,rate,0.49425212279555847,0.5397424892703863,,not_comparable_scope,delta withheld: legacy VIVOS uses 300 exposed source utterances; paper-v2 uses the disjoint 460-utterance locked test and MUSAN-test noise,77,63,1500,2300,a70139c89cbd123b8d0646588b4c7e3dc8c26abf0559cdac6772337d6d1bcfa6,89712f4873a6de7fb84f912d2380419fc48f56c7499ebed5f62528c749a2a146,legacy_v1_exposed_test_selection_and_evaluation,paper_v2_unseen_final_after_noisy_dev_decision_lock,a2f50bae2bdd2e09b1828b1fe6c1aacda860db8b596cb07fa47b088a4938bf73,ee80853e084822daeb9f38871c5d2a5992df205f920e689547e71b7858542010,ccaeadc332fb38449fc6063143b190b1498e49dd2d6e39dd471a2174ab5aca8d
vivos_aggregate,results_by_snr.csv,legacy_exposed_vivos_300/snr=clean,paper_v2_locked_vivos_460/snr=clean,dataset=vivos;model=whisper;model_size=base;train_type=zero_shot;lambda=<blank>;seed=42;snr=clean,cer,rate,0.18280731537927308,0.2045225116091258,,not_comparable_scope,delta withheld: legacy VIVOS uses 300 exposed source utterances; paper-v2 uses the disjoint 460-utterance locked test and MUSAN-test noise,77,63,300,460,a70139c89cbd123b8d0646588b4c7e3dc8c26abf0559cdac6772337d6d1bcfa6,89712f4873a6de7fb84f912d2380419fc48f56c7499ebed5f62528c749a2a146,legacy_v1_exposed_test_selection_and_evaluation,paper_v2_unseen_final_after_noisy_dev_decision_lock,a2f50bae2bdd2e09b1828b1fe6c1aacda860db8b596cb07fa47b088a4938bf73,ee80853e084822daeb9f38871c5d2a5992df205f920e689547e71b7858542010,ccaeadc332fb38449fc6063143b190b1498e49dd2d6e39dd471a2174ab5aca8d
vivos_aggregate,results_by_snr.csv,legacy_exposed_vivos_300/snr=clean,paper_v2_locked_vivos_460/snr=clean,dataset=vivos;model=whisper;model_size=base;train_type=zero_shot;lambda=<blank>;seed=42;snr=clean,der,rate,0.039406583217431616,0.031746031746031744,,not_comparable_scope,delta withheld: legacy VIVOS uses 300 exposed source utterances; paper-v2 uses the disjoint 460-utterance locked test and MUSAN-test noise,77,63,300,460,a70139c89cbd123b8d0646588b4c7e3dc8c26abf0559cdac6772337d6d1bcfa6,89712f4873a6de7fb84f912d2380419fc48f56c7499ebed5f62528c749a2a146,legacy_v1_exposed_test_selection_and_evaluation,paper_v2_unseen_final_after_noisy_dev_decision_lock,a2f50bae2bdd2e09b1828b1fe6c1aacda860db8b596cb07fa47b088a4938bf73,ee80853e084822daeb9f38871c5d2a5992df205f920e689547e71b7858542010,ccaeadc332fb38449fc6063143b190b1498e49dd2d6e39dd471a2174ab5aca8d
vivos_aggregate,results_by_snr.csv,legacy_exposed_vivos_300/snr=clean,paper_v2_locked_vivos_460/snr=clean,dataset=vivos;model=whisper;model_size=base;train_type=zero_shot;lambda=<blank>;seed=42;snr=clean,fcer,rate,0.26461143224149003,0.27311101730688053,,not_comparable_scope,delta withheld: legacy VIVOS uses 300 exposed source utterances; paper-v2 uses the disjoint 460-utterance locked test and MUSAN-test noise,77,63,300,460,a70139c89cbd123b8d0646588b4c7e3dc8c26abf0559cdac6772337d6d1bcfa6,89712f4873a6de7fb84f912d2380419fc48f56c7499ebed5f62528c749a2a146,legacy_v1_exposed_test_selection_and_evaluation,paper_v2_unseen_final_after_noisy_dev_decision_lock,a2f50bae2bdd2e09b1828b1fe6c1aacda860db8b596cb07fa47b088a4938bf73,ee80853e084822daeb9f38871c5d2a5992df205f920e689547e71b7858542010,ccaeadc332fb38449fc6063143b190b1498e49dd2d6e39dd471a2174ab5aca8d
vivos_aggregate,results_by_snr.csv,legacy_exposed_vivos_300/snr=clean,paper_v2_locked_vivos_460/snr=clean,dataset=vivos;model=whisper;model_size=base;train_type=zero_shot;lambda=<blank>;seed=42;snr=clean,swdr,rate,0.013422818791946308,0.01762114537444934,,not_comparable_scope,delta withheld: legacy VIVOS uses 300 exposed source utterances; paper-v2 uses the disjoint 460-utterance locked test and MUSAN-test noise,77,63,300,460,a70139c89cbd123b8d0646588b4c7e3dc8c26abf0559cdac6772337d6d1bcfa6,89712f4873a6de7fb84f912d2380419fc48f56c7499ebed5f62528c749a2a146,legacy_v1_exposed_test_selection_and_evaluation,paper_v2_unseen_final_after_noisy_dev_decision_lock,a2f50bae2bdd2e09b1828b1fe6c1aacda860db8b596cb07fa47b088a4938bf73,ee80853e084822daeb9f38871c5d2a5992df205f920e689547e71b7858542010,ccaeadc332fb38449fc6063143b190b1498e49dd2d6e39dd471a2174ab5aca8d
vivos_aggregate,results_by_snr.csv,legacy_exposed_vivos_300/snr=clean,paper_v2_locked_vivos_460/snr=clean,dataset=vivos;model=whisper;model_size=base;train_type=zero_shot;lambda=<blank>;seed=42;snr=clean,ter,rate,0.09274004683840749,0.11288805268109126,,not_comparable_scope,delta withheld: legacy VIVOS uses 300 exposed source utterances; paper-v2 uses the disjoint 460-utterance locked test and MUSAN-test noise,77,63,300,460,a70139c89cbd123b8d0646588b4c7e3dc8c26abf0559cdac6772337d6d1bcfa6,89712f4873a6de7fb84f912d2380419fc48f56c7499ebed5f62528c749a2a146,legacy_v1_exposed_test_selection_and_evaluation,paper_v2_unseen_final_after_noisy_dev_decision_lock,a2f50bae2bdd2e09b1828b1fe6c1aacda860db8b596cb07fa47b088a4938bf73,ee80853e084822daeb9f38871c5d2a5992df205f920e689547e71b7858542010,ccaeadc332fb38449fc6063143b190b1498e49dd2d6e39dd471a2174ab5aca8d
vivos_aggregate,results_by_snr.csv,legacy_exposed_vivos_300/snr=clean,paper_v2_locked_vivos_460/snr=clean,dataset=vivos;model=whisper;model_size=base;train_type=zero_shot;lambda=<blank>;seed=42;snr=clean,wer,rate,0.3726322664924886,0.4012875536480687,,not_comparable_scope,delta withheld: legacy VIVOS uses 300 exposed source utterances; paper-v2 uses the disjoint 460-utterance locked test and MUSAN-test noise,77,63,300,460,a70139c89cbd123b8d0646588b4c7e3dc8c26abf0559cdac6772337d6d1bcfa6,89712f4873a6de7fb84f912d2380419fc48f56c7499ebed5f62528c749a2a146,legacy_v1_exposed_test_selection_and_evaluation,paper_v2_unseen_final_after_noisy_dev_decision_lock,a2f50bae2bdd2e09b1828b1fe6c1aacda860db8b596cb07fa47b088a4938bf73,ee80853e084822daeb9f38871c5d2a5992df205f920e689547e71b7858542010,ccaeadc332fb38449fc6063143b190b1498e49dd2d6e39dd471a2174ab5aca8d
vivos_aggregate,results_by_snr.csv,legacy_exposed_vivos_300/snr=noisy_all,paper_v2_locked_vivos_460/snr=noisy_all,dataset=vivos;model=whisper;model_size=base;train_type=zero_shot;lambda=<blank>;seed=42;snr=noisy_all,cer,rate,0.3080098773053476,0.3507344033918837,,not_comparable_scope,delta withheld: legacy VIVOS uses 300 exposed source utterances; paper-v2 uses the disjoint 460-utterance locked test and MUSAN-test noise,77,63,1200,1840,a70139c89cbd123b8d0646588b4c7e3dc8c26abf0559cdac6772337d6d1bcfa6,89712f4873a6de7fb84f912d2380419fc48f56c7499ebed5f62528c749a2a146,legacy_v1_exposed_test_selection_and_evaluation,paper_v2_unseen_final_after_noisy_dev_decision_lock,a2f50bae2bdd2e09b1828b1fe6c1aacda860db8b596cb07fa47b088a4938bf73,ee80853e084822daeb9f38871c5d2a5992df205f920e689547e71b7858542010,ccaeadc332fb38449fc6063143b190b1498e49dd2d6e39dd471a2174ab5aca8d
vivos_aggregate,results_by_snr.csv,legacy_exposed_vivos_300/snr=noisy_all,paper_v2_locked_vivos_460/snr=noisy_all,dataset=vivos;model=whisper;model_size=base;train_type=zero_shot;lambda=<blank>;seed=42;snr=noisy_all,der,rate,0.038844086021505374,0.036883356385431075,,not_comparable_scope,delta withheld: legacy VIVOS uses 300 exposed source utterances; paper-v2 uses the disjoint 460-utterance locked test and MUSAN-test noise,77,63,1200,1840,a70139c89cbd123b8d0646588b4c7e3dc8c26abf0559cdac6772337d6d1bcfa6,89712f4873a6de7fb84f912d2380419fc48f56c7499ebed5f62528c749a2a146,legacy_v1_exposed_test_selection_and_evaluation,paper_v2_unseen_final_after_noisy_dev_decision_lock,a2f50bae2bdd2e09b1828b1fe6c1aacda860db8b596cb07fa47b088a4938bf73,ee80853e084822daeb9f38871c5d2a5992df205f920e689547e71b7858542010,ccaeadc332fb38449fc6063143b190b1498e49dd2d6e39dd471a2174ab5aca8d
vivos_aggregate,results_by_snr.csv,legacy_exposed_vivos_300/snr=noisy_all,paper_v2_locked_vivos_460/snr=noisy_all,dataset=vivos;model=whisper;model_size=base;train_type=zero_shot;lambda=<blank>;seed=42;snr=noisy_all,fcer,rate,0.36375058897439927,0.3843785281740737,,not_comparable_scope,delta withheld: legacy VIVOS uses 300 exposed source utterances; paper-v2 uses the disjoint 460-utterance locked test and MUSAN-test noise,77,63,1200,1840,a70139c89cbd123b8d0646588b4c7e3dc8c26abf0559cdac6772337d6d1bcfa6,89712f4873a6de7fb84f912d2380419fc48f56c7499ebed5f62528c749a2a146,legacy_v1_exposed_test_selection_and_evaluation,paper_v2_unseen_final_after_noisy_dev_decision_lock,a2f50bae2bdd2e09b1828b1fe6c1aacda860db8b596cb07fa47b088a4938bf73,ee80853e084822daeb9f38871c5d2a5992df205f920e689547e71b7858542010,ccaeadc332fb38449fc6063143b190b1498e49dd2d6e39dd471a2174ab5aca8d
vivos_aggregate,results_by_snr.csv,legacy_exposed_vivos_300/snr=noisy_all,paper_v2_locked_vivos_460/snr=noisy_all,dataset=vivos;model=whisper;model_size=base;train_type=zero_shot;lambda=<blank>;seed=42;snr=noisy_all,swdr,rate,0.020134228187919462,0.03303964757709251,,not_comparable_scope,delta withheld: legacy VIVOS uses 300 exposed source utterances; paper-v2 uses the disjoint 460-utterance locked test and MUSAN-test noise,77,63,1200,1840,a70139c89cbd123b8d0646588b4c7e3dc8c26abf0559cdac6772337d6d1bcfa6,89712f4873a6de7fb84f912d2380419fc48f56c7499ebed5f62528c749a2a146,legacy_v1_exposed_test_selection_and_evaluation,paper_v2_unseen_final_after_noisy_dev_decision_lock,a2f50bae2bdd2e09b1828b1fe6c1aacda860db8b596cb07fa47b088a4938bf73,ee80853e084822daeb9f38871c5d2a5992df205f920e689547e71b7858542010,ccaeadc332fb38449fc6063143b190b1498e49dd2d6e39dd471a2174ab5aca8d
vivos_aggregate,results_by_snr.csv,legacy_exposed_vivos_300/snr=noisy_all,paper_v2_locked_vivos_460/snr=noisy_all,dataset=vivos;model=whisper;model_size=base;train_type=zero_shot;lambda=<blank>;seed=42;snr=noisy_all,ter,rate,0.121947983014862,0.13628207428673964,,not_comparable_scope,delta withheld: legacy VIVOS uses 300 exposed source utterances; paper-v2 uses the disjoint 460-utterance locked test and MUSAN-test noise,77,63,1200,1840,a70139c89cbd123b8d0646588b4c7e3dc8c26abf0559cdac6772337d6d1bcfa6,89712f4873a6de7fb84f912d2380419fc48f56c7499ebed5f62528c749a2a146,legacy_v1_exposed_test_selection_and_evaluation,paper_v2_unseen_final_after_noisy_dev_decision_lock,a2f50bae2bdd2e09b1828b1fe6c1aacda860db8b596cb07fa47b088a4938bf73,ee80853e084822daeb9f38871c5d2a5992df205f920e689547e71b7858542010,ccaeadc332fb38449fc6063143b190b1498e49dd2d6e39dd471a2174ab5aca8d
vivos_aggregate,results_by_snr.csv,legacy_exposed_vivos_300/snr=noisy_all,paper_v2_locked_vivos_460/snr=noisy_all,dataset=vivos;model=whisper;model_size=base;train_type=zero_shot;lambda=<blank>;seed=42;snr=noisy_all,wer,rate,0.524657086871326,0.5743562231759657,,not_comparable_scope,delta withheld: legacy VIVOS uses 300 exposed source utterances; paper-v2 uses the disjoint 460-utterance locked test and MUSAN-test noise,77,63,1200,1840,a70139c89cbd123b8d0646588b4c7e3dc8c26abf0559cdac6772337d6d1bcfa6,89712f4873a6de7fb84f912d2380419fc48f56c7499ebed5f62528c749a2a146,legacy_v1_exposed_test_selection_and_evaluation,paper_v2_unseen_final_after_noisy_dev_decision_lock,a2f50bae2bdd2e09b1828b1fe6c1aacda860db8b596cb07fa47b088a4938bf73,ee80853e084822daeb9f38871c5d2a5992df205f920e689547e71b7858542010,ccaeadc332fb38449fc6063143b190b1498e49dd2d6e39dd471a2174ab5aca8d
vivos_aggregate,results_by_snr.csv,legacy_exposed_vivos_300/snr=0,paper_v2_locked_vivos_460/snr=0,dataset=vivos;model=whisper;model_size=small;train_type=zero_shot;lambda=<blank>;seed=42;snr=0,cer,rate,0.30233814337526044,0.3112255198869372,,not_comparable_scope,delta withheld: legacy VIVOS uses 300 exposed source utterances; paper-v2 uses the disjoint 460-utterance locked test and MUSAN-test noise,77,63,300,460,a70139c89cbd123b8d0646588b4c7e3dc8c26abf0559cdac6772337d6d1bcfa6,89712f4873a6de7fb84f912d2380419fc48f56c7499ebed5f62528c749a2a146,legacy_v1_exposed_test_selection_and_evaluation,paper_v2_unseen_final_after_noisy_dev_decision_lock,a2f50bae2bdd2e09b1828b1fe6c1aacda860db8b596cb07fa47b088a4938bf73,ee80853e084822daeb9f38871c5d2a5992df205f920e689547e71b7858542010,ccaeadc332fb38449fc6063143b190b1498e49dd2d6e39dd471a2174ab5aca8d
vivos_aggregate,results_by_snr.csv,legacy_exposed_vivos_300/snr=0,paper_v2_locked_vivos_460/snr=0,dataset=vivos;model=whisper;model_size=small;train_type=zero_shot;lambda=<blank>;seed=42;snr=0,der,rate,0.02616279069767442,0.023113528212100613,,not_comparable_scope,delta withheld: legacy VIVOS uses 300 exposed source utterances; paper-v2 uses the disjoint 460-utterance locked test and MUSAN-test noise,77,63,300,460,a70139c89cbd123b8d0646588b4c7e3dc8c26abf0559cdac6772337d6d1bcfa6,89712f4873a6de7fb84f912d2380419fc48f56c7499ebed5f62528c749a2a146,legacy_v1_exposed_test_selection_and_evaluation,paper_v2_unseen_final_after_noisy_dev_decision_lock,a2f50bae2bdd2e09b1828b1fe6c1aacda860db8b596cb07fa47b088a4938bf73,ee80853e084822daeb9f38871c5d2a5992df205f920e689547e71b7858542010,ccaeadc332fb38449fc6063143b190b1498e49dd2d6e39dd471a2174ab5aca8d
vivos_aggregate,results_by_snr.csv,legacy_exposed_vivos_300/snr=0,paper_v2_locked_vivos_460/snr=0,dataset=vivos;model=whisper;model_size=small;train_type=zero_shot;lambda=<blank>;seed=42;snr=0,fcer,rate,0.31476846057571967,0.3455136012992286,,not_comparable_scope,delta withheld: legacy VIVOS uses 300 exposed source utterances; paper-v2 uses the disjoint 460-utterance locked test and MUSAN-test noise,77,63,300,460,a70139c89cbd123b8d0646588b4c7e3dc8c26abf0559cdac6772337d6d1bcfa6,89712f4873a6de7fb84f912d2380419fc48f56c7499ebed5f62528c749a2a146,legacy_v1_exposed_test_selection_and_evaluation,paper_v2_unseen_final_after_noisy_dev_decision_lock,a2f50bae2bdd2e09b1828b1fe6c1aacda860db8b596cb07fa47b088a4938bf73,ee80853e084822daeb9f38871c5d2a5992df205f920e689547e71b7858542010,ccaeadc332fb38449fc6063143b190b1498e49dd2d6e39dd471a2174ab5aca8d
vivos_aggregate,results_by_snr.csv,legacy_exposed_vivos_300/snr=0,paper_v2_locked_vivos_460/snr=0,dataset=vivos;model=whisper;model_size=small;train_type=zero_shot;lambda=<blank>;seed=42;snr=0,swdr,rate,0.026845637583892617,0.030837004405286344,,not_comparable_scope,delta withheld: legacy VIVOS uses 300 exposed source utterances; paper-v2 uses the disjoint 460-utterance locked test and MUSAN-test noise,77,63,300,460,a70139c89cbd123b8d0646588b4c7e3dc8c26abf0559cdac6772337d6d1bcfa6,89712f4873a6de7fb84f912d2380419fc48f56c7499ebed5f62528c749a2a146,legacy_v1_exposed_test_selection_and_evaluation,paper_v2_unseen_final_after_noisy_dev_decision_lock,a2f50bae2bdd2e09b1828b1fe6c1aacda860db8b596cb07fa47b088a4938bf73,ee80853e084822daeb9f38871c5d2a5992df205f920e689547e71b7858542010,ccaeadc332fb38449fc6063143b190b1498e49dd2d6e39dd471a2174ab5aca8d
vivos_aggregate,results_by_snr.csv,legacy_exposed_vivos_300/snr=0,paper_v2_locked_vivos_460/snr=0,dataset=vivos;model=whisper;model_size=small;train_type=zero_shot;lambda=<blank>;seed=42;snr=0,ter,rate,0.08540076335877862,0.09384260783668094,,not_comparable_scope,delta withheld: legacy VIVOS uses 300 exposed source utterances; paper-v2 uses the disjoint 460-utterance locked test and MUSAN-test noise,77,63,300,460,a70139c89cbd123b8d0646588b4c7e3dc8c26abf0559cdac6772337d6d1bcfa6,89712f4873a6de7fb84f912d2380419fc48f56c7499ebed5f62528c749a2a146,legacy_v1_exposed_test_selection_and_evaluation,paper_v2_unseen_final_after_noisy_dev_decision_lock,a2f50bae2bdd2e09b1828b1fe6c1aacda860db8b596cb07fa47b088a4938bf73,ee80853e084822daeb9f38871c5d2a5992df205f920e689547e71b7858542010,ccaeadc332fb38449fc6063143b190b1498e49dd2d6e39dd471a2174ab5aca8d
vivos_aggregate,results_by_snr.csv,legacy_exposed_vivos_300/snr=0,paper_v2_locked_vivos_460/snr=0,dataset=vivos;model=whisper;model_size=small;train_type=zero_shot;lambda=<blank>;seed=42;snr=0,wer,rate,0.47419986936642716,0.4927038626609442,,not_comparable_scope,delta withheld: legacy VIVOS uses 300 exposed source utterances; paper-v2 uses the disjoint 460-utterance locked test and MUSAN-test noise,77,63,300,460,a70139c89cbd123b8d0646588b4c7e3dc8c26abf0559cdac6772337d6d1bcfa6,89712f4873a6de7fb84f912d2380419fc48f56c7499ebed5f62528c749a2a146,legacy_v1_exposed_test_selection_and_evaluation,paper_v2_unseen_final_after_noisy_dev_decision_lock,a2f50bae2bdd2e09b1828b1fe6c1aacda860db8b596cb07fa47b088a4938bf73,ee80853e084822daeb9f38871c5d2a5992df205f920e689547e71b7858542010,ccaeadc332fb38449fc6063143b190b1498e49dd2d6e39dd471a2174ab5aca8d
vivos_aggregate,results_by_snr.csv,legacy_exposed_vivos_300/snr=10,paper_v2_locked_vivos_460/snr=10,dataset=vivos;model=whisper;model_size=small;train_type=zero_shot;lambda=<blank>;seed=42;snr=10,cer,rate,0.1437610926769041,0.14304461942257218,,not_comparable_scope,delta withheld: legacy VIVOS uses 300 exposed source utterances; paper-v2 uses the disjoint 460-utterance locked test and MUSAN-test noise,77,63,300,460,a70139c89cbd123b8d0646588b4c7e3dc8c26abf0559cdac6772337d6d1bcfa6,89712f4873a6de7fb84f912d2380419fc48f56c7499ebed5f62528c749a2a146,legacy_v1_exposed_test_selection_and_evaluation,paper_v2_unseen_final_after_noisy_dev_decision_lock,a2f50bae2bdd2e09b1828b1fe6c1aacda860db8b596cb07fa47b088a4938bf73,ee80853e084822daeb9f38871c5d2a5992df205f920e689547e71b7858542010,ccaeadc332fb38449fc6063143b190b1498e49dd2d6e39dd471a2174ab5aca8d
vivos_aggregate,results_by_snr.csv,legacy_exposed_vivos_300/snr=10,paper_v2_locked_vivos_460/snr=10,dataset=vivos;model=whisper;model_size=small;train_type=zero_shot;lambda=<blank>;seed=42;snr=10,der,rate,0.02342786683107275,0.021253105161468396,,not_comparable_scope,delta withheld: legacy VIVOS uses 300 exposed source utterances; paper-v2 uses the disjoint 460-utterance locked test and MUSAN-test noise,77,63,300,460,a70139c89cbd123b8d0646588b4c7e3dc8c26abf0559cdac6772337d6d1bcfa6,89712f4873a6de7fb84f912d2380419fc48f56c7499ebed5f62528c749a2a146,legacy_v1_exposed_test_selection_and_evaluation,paper_v2_unseen_final_after_noisy_dev_decision_lock,a2f50bae2bdd2e09b1828b1fe6c1aacda860db8b596cb07fa47b088a4938bf73,ee80853e084822daeb9f38871c5d2a5992df205f920e689547e71b7858542010,ccaeadc332fb38449fc6063143b190b1498e49dd2d6e39dd471a2174ab5aca8d
vivos_aggregate,results_by_snr.csv,legacy_exposed_vivos_300/snr=10,paper_v2_locked_vivos_460/snr=10,dataset=vivos;model=whisper;model_size=small;train_type=zero_shot;lambda=<blank>;seed=42;snr=10,fcer,rate,0.18652849740932642,0.18568994889267462,,not_comparable_scope,delta withheld: legacy VIVOS uses 300 exposed source utterances; paper-v2 uses the disjoint 460-utterance locked test and MUSAN-test noise,77,63,300,460,a70139c89cbd123b8d0646588b4c7e3dc8c26abf0559cdac6772337d6d1bcfa6,89712f4873a6de7fb84f912d2380419fc48f56c7499ebed5f62528c749a2a146,legacy_v1_exposed_test_selection_and_evaluation,paper_v2_unseen_final_after_noisy_dev_decision_lock,a2f50bae2bdd2e09b1828b1fe6c1aacda860db8b596cb07fa47b088a4938bf73,ee80853e084822daeb9f38871c5d2a5992df205f920e689547e71b7858542010,ccaeadc332fb38449fc6063143b190b1498e49dd2d6e39dd471a2174ab5aca8d
vivos_aggregate,results_by_snr.csv,legacy_exposed_vivos_300/snr=10,paper_v2_locked_vivos_460/snr=10,dataset=vivos;model=whisper;model_size=small;train_type=zero_shot;lambda=<blank>;seed=42;snr=10,swdr,rate,0.006711409395973154,0.02643171806167401,,not_comparable_scope,delta withheld: legacy VIVOS uses 300 exposed source utterances; paper-v2 uses the disjoint 460-utterance locked test and MUSAN-test noise,77,63,300,460,a70139c89cbd123b8d0646588b4c7e3dc8c26abf0559cdac6772337d6d1bcfa6,89712f4873a6de7fb84f912d2380419fc48f56c7499ebed5f62528c749a2a146,legacy_v1_exposed_test_selection_and_evaluation,paper_v2_unseen_final_after_noisy_dev_decision_lock,a2f50bae2bdd2e09b1828b1fe6c1aacda860db8b596cb07fa47b088a4938bf73,ee80853e084822daeb9f38871c5d2a5992df205f920e689547e71b7858542010,ccaeadc332fb38449fc6063143b190b1498e49dd2d6e39dd471a2174ab5aca8d
vivos_aggregate,results_by_snr.csv,legacy_exposed_vivos_300/snr=10,paper_v2_locked_vivos_460/snr=10,dataset=vivos;model=whisper;model_size=small;train_type=zero_shot;lambda=<blank>;seed=42;snr=10,ter,rate,0.06347897774113767,0.058694459681843114,,not_comparable_scope,delta withheld: legacy VIVOS uses 300 exposed source utterances; paper-v2 uses the disjoint 460-utterance locked test and MUSAN-test noise,77,63,300,460,a70139c89cbd123b8d0646588b4c7e3dc8c26abf0559cdac6772337d6d1bcfa6,89712f4873a6de7fb84f912d2380419fc48f56c7499ebed5f62528c749a2a146,legacy_v1_exposed_test_selection_and_evaluation,paper_v2_unseen_final_after_noisy_dev_decision_lock,a2f50bae2bdd2e09b1828b1fe6c1aacda860db8b596cb07fa47b088a4938bf73,ee80853e084822daeb9f38871c5d2a5992df205f920e689547e71b7858542010,ccaeadc332fb38449fc6063143b190b1498e49dd2d6e39dd471a2174ab5aca8d
vivos_aggregate,results_by_snr.csv,legacy_exposed_vivos_300/snr=10,paper_v2_locked_vivos_460/snr=10,dataset=vivos;model=whisper;model_size=small;train_type=zero_shot;lambda=<blank>;seed=42;snr=10,wer,rate,0.27792292619203135,0.27145922746781115,,not_comparable_scope,delta withheld: legacy VIVOS uses 300 exposed source utterances; paper-v2 uses the disjoint 460-utterance locked test and MUSAN-test noise,77,63,300,460,a70139c89cbd123b8d0646588b4c7e3dc8c26abf0559cdac6772337d6d1bcfa6,89712f4873a6de7fb84f912d2380419fc48f56c7499ebed5f62528c749a2a146,legacy_v1_exposed_test_selection_and_evaluation,paper_v2_unseen_final_after_noisy_dev_decision_lock,a2f50bae2bdd2e09b1828b1fe6c1aacda860db8b596cb07fa47b088a4938bf73,ee80853e084822daeb9f38871c5d2a5992df205f920e689547e71b7858542010,ccaeadc332fb38449fc6063143b190b1498e49dd2d6e39dd471a2174ab5aca8d
vivos_aggregate,results_by_snr.csv,legacy_exposed_vivos_300/snr=20,paper_v2_locked_vivos_460/snr=20,dataset=vivos;model=whisper;model_size=small;train_type=zero_shot;lambda=<blank>;seed=42;snr=20,cer,rate,0.14414692491704606,0.12452049263072885,,not_comparable_scope,delta withheld: legacy VIVOS uses 300 exposed source utterances; paper-v2 uses the disjoint 460-utterance locked test and MUSAN-test noise,77,63,300,460,a70139c89cbd123b8d0646588b4c7e3dc8c26abf0559cdac6772337d6d1bcfa6,89712f4873a6de7fb84f912d2380419fc48f56c7499ebed5f62528c749a2a146,legacy_v1_exposed_test_selection_and_evaluation,paper_v2_unseen_final_after_noisy_dev_decision_lock,a2f50bae2bdd2e09b1828b1fe6c1aacda860db8b596cb07fa47b088a4938bf73,ee80853e084822daeb9f38871c5d2a5992df205f920e689547e71b7858542010,ccaeadc332fb38449fc6063143b190b1498e49dd2d6e39dd471a2174ab5aca8d
vivos_aggregate,results_by_snr.csv,legacy_exposed_vivos_300/snr=20,paper_v2_locked_vivos_460/snr=20,dataset=vivos;model=whisper;model_size=small;train_type=zero_shot;lambda=<blank>;seed=42;snr=20,der,rate,0.01958433253397282,0.022174726155490248,,not_comparable_scope,delta withheld: legacy VIVOS uses 300 exposed source utterances; paper-v2 uses the disjoint 460-utterance locked test and MUSAN-test noise,77,63,300,460,a70139c89cbd123b8d0646588b4c7e3dc8c26abf0559cdac6772337d6d1bcfa6,89712f4873a6de7fb84f912d2380419fc48f56c7499ebed5f62528c749a2a146,legacy_v1_exposed_test_selection_and_evaluation,paper_v2_unseen_final_after_noisy_dev_decision_lock,a2f50bae2bdd2e09b1828b1fe6c1aacda860db8b596cb07fa47b088a4938bf73,ee80853e084822daeb9f38871c5d2a5992df205f920e689547e71b7858542010,ccaeadc332fb38449fc6063143b190b1498e49dd2d6e39dd471a2174ab5aca8d
vivos_aggregate,results_by_snr.csv,legacy_exposed_vivos_300/snr=20,paper_v2_locked_vivos_460/snr=20,dataset=vivos;model=whisper;model_size=small;train_type=zero_shot;lambda=<blank>;seed=42;snr=20,fcer,rate,0.15590345727332028,0.15884631941455016,,not_comparable_scope,delta withheld: legacy VIVOS uses 300 exposed source utterances; paper-v2 uses the disjoint 460-utterance locked test and MUSAN-test noise,77,63,300,460,a70139c89cbd123b8d0646588b4c7e3dc8c26abf0559cdac6772337d6d1bcfa6,89712f4873a6de7fb84f912d2380419fc48f56c7499ebed5f62528c749a2a146,legacy_v1_exposed_test_selection_and_evaluation,paper_v2_unseen_final_after_noisy_dev_decision_lock,a2f50bae2bdd2e09b1828b1fe6c1aacda860db8b596cb07fa47b088a4938bf73,ee80853e084822daeb9f38871c5d2a5992df205f920e689547e71b7858542010,ccaeadc332fb38449fc6063143b190b1498e49dd2d6e39dd471a2174ab5aca8d
vivos_aggregate,results_by_snr.csv,legacy_exposed_vivos_300/snr=20,paper_v2_locked_vivos_460/snr=20,dataset=vivos;model=whisper;model_size=small;train_type=zero_shot;lambda=<blank>;seed=42;snr=20,swdr,rate,0.013422818791946308,0.02643171806167401,,not_comparable_scope,delta withheld: legacy VIVOS uses 300 exposed source utterances; paper-v2 uses the disjoint 460-utterance locked test and MUSAN-test noise,77,63,300,460,a70139c89cbd123b8d0646588b4c7e3dc8c26abf0559cdac6772337d6d1bcfa6,89712f4873a6de7fb84f912d2380419fc48f56c7499ebed5f62528c749a2a146,legacy_v1_exposed_test_selection_and_evaluation,paper_v2_unseen_final_after_noisy_dev_decision_lock,a2f50bae2bdd2e09b1828b1fe6c1aacda860db8b596cb07fa47b088a4938bf73,ee80853e084822daeb9f38871c5d2a5992df205f920e689547e71b7858542010,ccaeadc332fb38449fc6063143b190b1498e49dd2d6e39dd471a2174ab5aca8d
vivos_aggregate,results_by_snr.csv,legacy_exposed_vivos_300/snr=20,paper_v2_locked_vivos_460/snr=20,dataset=vivos;model=whisper;model_size=small;train_type=zero_shot;lambda=<blank>;seed=42;snr=20,ter,rate,0.05910543130990415,0.0578709848685957,,not_comparable_scope,delta withheld: legacy VIVOS uses 300 exposed source utterances; paper-v2 uses the disjoint 460-utterance locked test and MUSAN-test noise,77,63,300,460,a70139c89cbd123b8d0646588b4c7e3dc8c26abf0559cdac6772337d6d1bcfa6,89712f4873a6de7fb84f912d2380419fc48f56c7499ebed5f62528c749a2a146,legacy_v1_exposed_test_selection_and_evaluation,paper_v2_unseen_final_after_noisy_dev_decision_lock,a2f50bae2bdd2e09b1828b1fe6c1aacda860db8b596cb07fa47b088a4938bf73,ee80853e084822daeb9f38871c5d2a5992df205f920e689547e71b7858542010,ccaeadc332fb38449fc6063143b190b1498e49dd2d6e39dd471a2174ab5aca8d
vivos_aggregate,results_by_snr.csv,legacy_exposed_vivos_300/snr=20,paper_v2_locked_vivos_460/snr=20,dataset=vivos;model=whisper;model_size=small;train_type=zero_shot;lambda=<blank>;seed=42;snr=20,wer,rate,0.2635532331809275,0.244206008583691,,not_comparable_scope,delta withheld: legacy VIVOS uses 300 exposed source utterances; paper-v2 uses the disjoint 460-utterance locked test and MUSAN-test noise,77,63,300,460,a70139c89cbd123b8d0646588b4c7e3dc8c26abf0559cdac6772337d6d1bcfa6,89712f4873a6de7fb84f912d2380419fc48f56c7499ebed5f62528c749a2a146,legacy_v1_exposed_test_selection_and_evaluation,paper_v2_unseen_final_after_noisy_dev_decision_lock,a2f50bae2bdd2e09b1828b1fe6c1aacda860db8b596cb07fa47b088a4938bf73,ee80853e084822daeb9f38871c5d2a5992df205f920e689547e71b7858542010,ccaeadc332fb38449fc6063143b190b1498e49dd2d6e39dd471a2174ab5aca8d
vivos_aggregate,results_by_snr.csv,legacy_exposed_vivos_300/snr=5,paper_v2_locked_vivos_460/snr=5,dataset=vivos;model=whisper;model_size=small;train_type=zero_shot;lambda=<blank>;seed=42;snr=5,cer,rate,0.1821128173470175,0.17312739753684636,,not_comparable_scope,delta withheld: legacy VIVOS uses 300 exposed source utterances; paper-v2 uses the disjoint 460-utterance locked test and MUSAN-test noise,77,63,300,460,a70139c89cbd123b8d0646588b4c7e3dc8c26abf0559cdac6772337d6d1bcfa6,89712f4873a6de7fb84f912d2380419fc48f56c7499ebed5f62528c749a2a146,legacy_v1_exposed_test_selection_and_evaluation,paper_v2_unseen_final_after_noisy_dev_decision_lock,a2f50bae2bdd2e09b1828b1fe6c1aacda860db8b596cb07fa47b088a4938bf73,ee80853e084822daeb9f38871c5d2a5992df205f920e689547e71b7858542010,ccaeadc332fb38449fc6063143b190b1498e49dd2d6e39dd471a2174ab5aca8d
vivos_aggregate,results_by_snr.csv,legacy_exposed_vivos_300/snr=5,paper_v2_locked_vivos_460/snr=5,dataset=vivos;model=whisper;model_size=small;train_type=zero_shot;lambda=<blank>;seed=42;snr=5,der,rate,0.023478260869565216,0.020815264527320035,,not_comparable_scope,delta withheld: legacy VIVOS uses 300 exposed source utterances; paper-v2 uses the disjoint 460-utterance locked test and MUSAN-test noise,77,63,300,460,a70139c89cbd123b8d0646588b4c7e3dc8c26abf0559cdac6772337d6d1bcfa6,89712f4873a6de7fb84f912d2380419fc48f56c7499ebed5f62528c749a2a146,legacy_v1_exposed_test_selection_and_evaluation,paper_v2_unseen_final_after_noisy_dev_decision_lock,a2f50bae2bdd2e09b1828b1fe6c1aacda860db8b596cb07fa47b088a4938bf73,ee80853e084822daeb9f38871c5d2a5992df205f920e689547e71b7858542010,ccaeadc332fb38449fc6063143b190b1498e49dd2d6e39dd471a2174ab5aca8d
vivos_aggregate,results_by_snr.csv,legacy_exposed_vivos_300/snr=5,paper_v2_locked_vivos_460/snr=5,dataset=vivos;model=whisper;model_size=small;train_type=zero_shot;lambda=<blank>;seed=42;snr=5,fcer,rate,0.2274183215887252,0.21683673469387754,,not_comparable_scope,delta withheld: legacy VIVOS uses 300 exposed source utterances; paper-v2 uses the disjoint 460-utterance locked test and MUSAN-test noise,77,63,300,460,a70139c89cbd123b8d0646588b4c7e3dc8c26abf0559cdac6772337d6d1bcfa6,89712f4873a6de7fb84f912d2380419fc48f56c7499ebed5f62528c749a2a146,legacy_v1_exposed_test_selection_and_evaluation,paper_v2_unseen_final_after_noisy_dev_decision_lock,a2f50bae2bdd2e09b1828b1fe6c1aacda860db8b596cb07fa47b088a4938bf73,ee80853e084822daeb9f38871c5d2a5992df205f920e689547e71b7858542010,ccaeadc332fb38449fc6063143b190b1498e49dd2d6e39dd471a2174ab5aca8d
vivos_aggregate,results_by_snr.csv,legacy_exposed_vivos_300/snr=5,paper_v2_locked_vivos_460/snr=5,dataset=vivos;model=whisper;model_size=small;train_type=zero_shot;lambda=<blank>;seed=42;snr=5,swdr,rate,0.006711409395973154,0.01762114537444934,,not_comparable_scope,delta withheld: legacy VIVOS uses 300 exposed source utterances; paper-v2 uses the disjoint 460-utterance locked test and MUSAN-test noise,77,63,300,460,a70139c89cbd123b8d0646588b4c7e3dc8c26abf0559cdac6772337d6d1bcfa6,89712f4873a6de7fb84f912d2380419fc48f56c7499ebed5f62528c749a2a146,legacy_v1_exposed_test_selection_and_evaluation,paper_v2_unseen_final_after_noisy_dev_decision_lock,a2f50bae2bdd2e09b1828b1fe6c1aacda860db8b596cb07fa47b088a4938bf73,ee80853e084822daeb9f38871c5d2a5992df205f920e689547e71b7858542010,ccaeadc332fb38449fc6063143b190b1498e49dd2d6e39dd471a2174ab5aca8d
vivos_aggregate,results_by_snr.csv,legacy_exposed_vivos_300/snr=5,paper_v2_locked_vivos_460/snr=5,dataset=vivos;model=whisper;model_size=small;train_type=zero_shot;lambda=<blank>;seed=42;snr=5,ter,rate,0.06776003452740613,0.06527340395075866,,not_comparable_scope,delta withheld: legacy VIVOS uses 300 exposed source utterances; paper-v2 uses the disjoint 460-utterance locked test and MUSAN-test noise,77,63,300,460,a70139c89cbd123b8d0646588b4c7e3dc8c26abf0559cdac6772337d6d1bcfa6,89712f4873a6de7fb84f912d2380419fc48f56c7499ebed5f62528c749a2a146,legacy_v1_exposed_test_selection_and_evaluation,paper_v2_unseen_final_after_noisy_dev_decision_lock,a2f50bae2bdd2e09b1828b1fe6c1aacda860db8b596cb07fa47b088a4938bf73,ee80853e084822daeb9f38871c5d2a5992df205f920e689547e71b7858542010,ccaeadc332fb38449fc6063143b190b1498e49dd2d6e39dd471a2174ab5aca8d
vivos_aggregate,results_by_snr.csv,legacy_exposed_vivos_300/snr=5,paper_v2_locked_vivos_460/snr=5,dataset=vivos;model=whisper;model_size=small;train_type=zero_shot;lambda=<blank>;seed=42;snr=5,wer,rate,0.32135858915741344,0.32124463519313307,,not_comparable_scope,delta withheld: legacy VIVOS uses 300 exposed source utterances; paper-v2 uses the disjoint 460-utterance locked test and MUSAN-test noise,77,63,300,460,a70139c89cbd123b8d0646588b4c7e3dc8c26abf0559cdac6772337d6d1bcfa6,89712f4873a6de7fb84f912d2380419fc48f56c7499ebed5f62528c749a2a146,legacy_v1_exposed_test_selection_and_evaluation,paper_v2_unseen_final_after_noisy_dev_decision_lock,a2f50bae2bdd2e09b1828b1fe6c1aacda860db8b596cb07fa47b088a4938bf73,ee80853e084822daeb9f38871c5d2a5992df205f920e689547e71b7858542010,ccaeadc332fb38449fc6063143b190b1498e49dd2d6e39dd471a2174ab5aca8d
vivos_aggregate,results_by_snr.csv,legacy_exposed_vivos_300/snr=all,paper_v2_locked_vivos_460/snr=all,dataset=vivos;model=whisper;model_size=small;train_type=zero_shot;lambda=<blank>;seed=42;snr=all,cer,rate,0.18611003935488848,0.17542903290934786,,not_comparable_scope,delta withheld: legacy VIVOS uses 300 exposed source utterances; paper-v2 uses the disjoint 460-utterance locked test and MUSAN-test noise,77,63,1500,2300,a70139c89cbd123b8d0646588b4c7e3dc8c26abf0559cdac6772337d6d1bcfa6,89712f4873a6de7fb84f912d2380419fc48f56c7499ebed5f62528c749a2a146,legacy_v1_exposed_test_selection_and_evaluation,paper_v2_unseen_final_after_noisy_dev_decision_lock,a2f50bae2bdd2e09b1828b1fe6c1aacda860db8b596cb07fa47b088a4938bf73,ee80853e084822daeb9f38871c5d2a5992df205f920e689547e71b7858542010,ccaeadc332fb38449fc6063143b190b1498e49dd2d6e39dd471a2174ab5aca8d
vivos_aggregate,results_by_snr.csv,legacy_exposed_vivos_300/snr=all,paper_v2_locked_vivos_460/snr=all,dataset=vivos;model=whisper;model_size=small;train_type=zero_shot;lambda=<blank>;seed=42;snr=all,der,rate,0.022467147096227214,0.02124378961795443,,not_comparable_scope,delta withheld: legacy VIVOS uses 300 exposed source utterances; paper-v2 uses the disjoint 460-utterance locked test and MUSAN-test noise,77,63,1500,2300,a70139c89cbd123b8d0646588b4c7e3dc8c26abf0559cdac6772337d6d1bcfa6,89712f4873a6de7fb84f912d2380419fc48f56c7499ebed5f62528c749a2a146,legacy_v1_exposed_test_selection_and_evaluation,paper_v2_unseen_final_after_noisy_dev_decision_lock,a2f50bae2bdd2e09b1828b1fe6c1aacda860db8b596cb07fa47b088a4938bf73,ee80853e084822daeb9f38871c5d2a5992df205f920e689547e71b7858542010,ccaeadc332fb38449fc6063143b190b1498e49dd2d6e39dd471a2174ab5aca8d
vivos_aggregate,results_by_snr.csv,legacy_exposed_vivos_300/snr=all,paper_v2_locked_vivos_460/snr=all,dataset=vivos;model=whisper;model_size=small;train_type=zero_shot;lambda=<blank>;seed=42;snr=all,fcer,rate,0.21001158152103977,0.2134450935568538,,not_comparable_scope,delta withheld: legacy VIVOS uses 300 exposed source utterances; paper-v2 uses the disjoint 460-utterance locked test and MUSAN-test noise,77,63,1500,2300,a70139c89cbd123b8d0646588b4c7e3dc8c26abf0559cdac6772337d6d1bcfa6,89712f4873a6de7fb84f912d2380419fc48f56c7499ebed5f62528c749a2a146,legacy_v1_exposed_test_selection_and_evaluation,paper_v2_unseen_final_after_noisy_dev_decision_lock,a2f50bae2bdd2e09b1828b1fe6c1aacda860db8b596cb07fa47b088a4938bf73,ee80853e084822daeb9f38871c5d2a5992df205f920e689547e71b7858542010,ccaeadc332fb38449fc6063143b190b1498e49dd2d6e39dd471a2174ab5aca8d
vivos_aggregate,results_by_snr.csv,legacy_exposed_vivos_300/snr=all,paper_v2_locked_vivos_460/snr=all,dataset=vivos;model=whisper;model_size=small;train_type=zero_shot;lambda=<blank>;seed=42;snr=all,swdr,rate,0.01476510067114094,0.02555066079295154,,not_comparable_scope,delta withheld: legacy VIVOS uses 300 exposed source utterances; paper-v2 uses the disjoint 460-utterance locked test and MUSAN-test noise,77,63,1500,2300,a70139c89cbd123b8d0646588b4c7e3dc8c26abf0559cdac6772337d6d1bcfa6,89712f4873a6de7fb84f912d2380419fc48f56c7499ebed5f62528c749a2a146,legacy_v1_exposed_test_selection_and_evaluation,paper_v2_unseen_final_after_noisy_dev_decision_lock,a2f50bae2bdd2e09b1828b1fe6c1aacda860db8b596cb07fa47b088a4938bf73,ee80853e084822daeb9f38871c5d2a5992df205f920e689547e71b7858542010,ccaeadc332fb38449fc6063143b190b1498e49dd2d6e39dd471a2174ab5aca8d
vivos_aggregate,results_by_snr.csv,legacy_exposed_vivos_300/snr=all,paper_v2_locked_vivos_460/snr=all,dataset=vivos;model=whisper;model_size=small;train_type=zero_shot;lambda=<blank>;seed=42;snr=all,ter,rate,0.06783092887876487,0.06650871551870029,,not_comparable_scope,delta withheld: legacy VIVOS uses 300 exposed source utterances; paper-v2 uses the disjoint 460-utterance locked test and MUSAN-test noise,77,63,1500,2300,a70139c89cbd123b8d0646588b4c7e3dc8c26abf0559cdac6772337d6d1bcfa6,89712f4873a6de7fb84f912d2380419fc48f56c7499ebed5f62528c749a2a146,legacy_v1_exposed_test_selection_and_evaluation,paper_v2_unseen_final_after_noisy_dev_decision_lock,a2f50bae2bdd2e09b1828b1fe6c1aacda860db8b596cb07fa47b088a4938bf73,ee80853e084822daeb9f38871c5d2a5992df205f920e689547e71b7858542010,ccaeadc332fb38449fc6063143b190b1498e49dd2d6e39dd471a2174ab5aca8d
vivos_aggregate,results_by_snr.csv,legacy_exposed_vivos_300/snr=all,paper_v2_locked_vivos_460/snr=all,dataset=vivos;model=whisper;model_size=small;train_type=zero_shot;lambda=<blank>;seed=42;snr=all,wer,rate,0.3236446766819073,0.3150214592274678,,not_comparable_scope,delta withheld: legacy VIVOS uses 300 exposed source utterances; paper-v2 uses the disjoint 460-utterance locked test and MUSAN-test noise,77,63,1500,2300,a70139c89cbd123b8d0646588b4c7e3dc8c26abf0559cdac6772337d6d1bcfa6,89712f4873a6de7fb84f912d2380419fc48f56c7499ebed5f62528c749a2a146,legacy_v1_exposed_test_selection_and_evaluation,paper_v2_unseen_final_after_noisy_dev_decision_lock,a2f50bae2bdd2e09b1828b1fe6c1aacda860db8b596cb07fa47b088a4938bf73,ee80853e084822daeb9f38871c5d2a5992df205f920e689547e71b7858542010,ccaeadc332fb38449fc6063143b190b1498e49dd2d6e39dd471a2174ab5aca8d
vivos_aggregate,results_by_snr.csv,legacy_exposed_vivos_300/snr=clean,paper_v2_locked_vivos_460/snr=clean,dataset=vivos;model=whisper;model_size=small;train_type=zero_shot;lambda=<blank>;seed=42;snr=clean,cer,rate,0.15819121845821438,0.12522713506965474,,not_comparable_scope,delta withheld: legacy VIVOS uses 300 exposed source utterances; paper-v2 uses the disjoint 460-utterance locked test and MUSAN-test noise,77,63,300,460,a70139c89cbd123b8d0646588b4c7e3dc8c26abf0559cdac6772337d6d1bcfa6,89712f4873a6de7fb84f912d2380419fc48f56c7499ebed5f62528c749a2a146,legacy_v1_exposed_test_selection_and_evaluation,paper_v2_unseen_final_after_noisy_dev_decision_lock,a2f50bae2bdd2e09b1828b1fe6c1aacda860db8b596cb07fa47b088a4938bf73,ee80853e084822daeb9f38871c5d2a5992df205f920e689547e71b7858542010,ccaeadc332fb38449fc6063143b190b1498e49dd2d6e39dd471a2174ab5aca8d
vivos_aggregate,results_by_snr.csv,legacy_exposed_vivos_300/snr=clean,paper_v2_locked_vivos_460/snr=clean,dataset=vivos;model=whisper;model_size=small;train_type=zero_shot;lambda=<blank>;seed=42;snr=clean,der,rate,0.020432692307692308,0.019230769230769232,,not_comparable_scope,delta withheld: legacy VIVOS uses 300 exposed source utterances; paper-v2 uses the disjoint 460-utterance locked test and MUSAN-test noise,77,63,300,460,a70139c89cbd123b8d0646588b4c7e3dc8c26abf0559cdac6772337d6d1bcfa6,89712f4873a6de7fb84f912d2380419fc48f56c7499ebed5f62528c749a2a146,legacy_v1_exposed_test_selection_and_evaluation,paper_v2_unseen_final_after_noisy_dev_decision_lock,a2f50bae2bdd2e09b1828b1fe6c1aacda860db8b596cb07fa47b088a4938bf73,ee80853e084822daeb9f38871c5d2a5992df205f920e689547e71b7858542010,ccaeadc332fb38449fc6063143b190b1498e49dd2d6e39dd471a2174ab5aca8d
vivos_aggregate,results_by_snr.csv,legacy_exposed_vivos_300/snr=clean,paper_v2_locked_vivos_460/snr=clean,dataset=vivos;model=whisper;model_size=small;train_type=zero_shot;lambda=<blank>;seed=42;snr=clean,fcer,rate,0.16091205211726384,0.15268817204301074,,not_comparable_scope,delta withheld: legacy VIVOS uses 300 exposed source utterances; paper-v2 uses the disjoint 460-utterance locked test and MUSAN-test noise,77,63,300,460,a70139c89cbd123b8d0646588b4c7e3dc8c26abf0559cdac6772337d6d1bcfa6,89712f4873a6de7fb84f912d2380419fc48f56c7499ebed5f62528c749a2a146,legacy_v1_exposed_test_selection_and_evaluation,paper_v2_unseen_final_after_noisy_dev_decision_lock,a2f50bae2bdd2e09b1828b1fe6c1aacda860db8b596cb07fa47b088a4938bf73,ee80853e084822daeb9f38871c5d2a5992df205f920e689547e71b7858542010,ccaeadc332fb38449fc6063143b190b1498e49dd2d6e39dd471a2174ab5aca8d
vivos_aggregate,results_by_snr.csv,legacy_exposed_vivos_300/snr=clean,paper_v2_locked_vivos_460/snr=clean,dataset=vivos;model=whisper;model_size=small;train_type=zero_shot;lambda=<blank>;seed=42;snr=clean,swdr,rate,0.020134228187919462,0.02643171806167401,,not_comparable_scope,delta withheld: legacy VIVOS uses 300 exposed source utterances; paper-v2 uses the disjoint 460-utterance locked test and MUSAN-test noise,77,63,300,460,a70139c89cbd123b8d0646588b4c7e3dc8c26abf0559cdac6772337d6d1bcfa6,89712f4873a6de7fb84f912d2380419fc48f56c7499ebed5f62528c749a2a146,legacy_v1_exposed_test_selection_and_evaluation,paper_v2_unseen_final_after_noisy_dev_decision_lock,a2f50bae2bdd2e09b1828b1fe6c1aacda860db8b596cb07fa47b088a4938bf73,ee80853e084822daeb9f38871c5d2a5992df205f920e689547e71b7858542010,ccaeadc332fb38449fc6063143b190b1498e49dd2d6e39dd471a2174ab5aca8d
vivos_aggregate,results_by_snr.csv,legacy_exposed_vivos_300/snr=clean,paper_v2_locked_vivos_460/snr=clean,dataset=vivos;model=whisper;model_size=small;train_type=zero_shot;lambda=<blank>;seed=42;snr=clean,ter,rate,0.06613545816733067,0.06183932346723044,,not_comparable_scope,delta withheld: legacy VIVOS uses 300 exposed source utterances; paper-v2 uses the disjoint 460-utterance locked test and MUSAN-test noise,77,63,300,460,a70139c89cbd123b8d0646588b4c7e3dc8c26abf0559cdac6772337d6d1bcfa6,89712f4873a6de7fb84f912d2380419fc48f56c7499ebed5f62528c749a2a146,legacy_v1_exposed_test_selection_and_evaluation,paper_v2_unseen_final_after_noisy_dev_decision_lock,a2f50bae2bdd2e09b1828b1fe6c1aacda860db8b596cb07fa47b088a4938bf73,ee80853e084822daeb9f38871c5d2a5992df205f920e689547e71b7858542010,ccaeadc332fb38449fc6063143b190b1498e49dd2d6e39dd471a2174ab5aca8d
vivos_aggregate,results_by_snr.csv,legacy_exposed_vivos_300/snr=clean,paper_v2_locked_vivos_460/snr=clean,dataset=vivos;model=whisper;model_size=small;train_type=zero_shot;lambda=<blank>;seed=42;snr=clean,wer,rate,0.28118876551273675,0.24549356223175967,,not_comparable_scope,delta withheld: legacy VIVOS uses 300 exposed source utterances; paper-v2 uses the disjoint 460-utterance locked test and MUSAN-test noise,77,63,300,460,a70139c89cbd123b8d0646588b4c7e3dc8c26abf0559cdac6772337d6d1bcfa6,89712f4873a6de7fb84f912d2380419fc48f56c7499ebed5f62528c749a2a146,legacy_v1_exposed_test_selection_and_evaluation,paper_v2_unseen_final_after_noisy_dev_decision_lock,a2f50bae2bdd2e09b1828b1fe6c1aacda860db8b596cb07fa47b088a4938bf73,ee80853e084822daeb9f38871c5d2a5992df205f920e689547e71b7858542010,ccaeadc332fb38449fc6063143b190b1498e49dd2d6e39dd471a2174ab5aca8d
vivos_aggregate,results_by_snr.csv,legacy_exposed_vivos_300/snr=noisy_all,paper_v2_locked_vivos_460/snr=noisy_all,dataset=vivos;model=whisper;model_size=small;train_type=zero_shot;lambda=<blank>;seed=42;snr=noisy_all,cer,rate,0.19308974457905703,0.18797950736927116,,not_comparable_scope,delta withheld: legacy VIVOS uses 300 exposed source utterances; paper-v2 uses the disjoint 460-utterance locked test and MUSAN-test noise,77,63,1200,1840,a70139c89cbd123b8d0646588b4c7e3dc8c26abf0559cdac6772337d6d1bcfa6,89712f4873a6de7fb84f912d2380419fc48f56c7499ebed5f62528c749a2a146,legacy_v1_exposed_test_selection_and_evaluation,paper_v2_unseen_final_after_noisy_dev_decision_lock,a2f50bae2bdd2e09b1828b1fe6c1aacda860db8b596cb07fa47b088a4938bf73,ee80853e084822daeb9f38871c5d2a5992df205f920e689547e71b7858542010,ccaeadc332fb38449fc6063143b190b1498e49dd2d6e39dd471a2174ab5aca8d
vivos_aggregate,results_by_snr.csv,legacy_exposed_vivos_300/snr=noisy_all,paper_v2_locked_vivos_460/snr=noisy_all,dataset=vivos;model=whisper;model_size=small;train_type=zero_shot;lambda=<blank>;seed=42;snr=noisy_all,der,rate,0.023013227228734272,0.021791239921551537,,not_comparable_scope,delta withheld: legacy VIVOS uses 300 exposed source utterances; paper-v2 uses the disjoint 460-utterance locked test and MUSAN-test noise,77,63,1200,1840,a70139c89cbd123b8d0646588b4c7e3dc8c26abf0559cdac6772337d6d1bcfa6,89712f4873a6de7fb84f912d2380419fc48f56c7499ebed5f62528c749a2a146,legacy_v1_exposed_test_selection_and_evaluation,paper_v2_unseen_final_after_noisy_dev_decision_lock,a2f50bae2bdd2e09b1828b1fe6c1aacda860db8b596cb07fa47b088a4938bf73,ee80853e084822daeb9f38871c5d2a5992df205f920e689547e71b7858542010,ccaeadc332fb38449fc6063143b190b1498e49dd2d6e39dd471a2174ab5aca8d
vivos_aggregate,results_by_snr.csv,legacy_exposed_vivos_300/snr=noisy_all,paper_v2_locked_vivos_460/snr=noisy_all,dataset=vivos;model=whisper;model_size=small;train_type=zero_shot;lambda=<blank>;seed=42;snr=noisy_all,fcer,rate,0.22209749839640797,0.22833649588867805,,not_comparable_scope,delta withheld: legacy VIVOS uses 300 exposed source utterances; paper-v2 uses the disjoint 460-utterance locked test and MUSAN-test noise,77,63,1200,1840,a70139c89cbd123b8d0646588b4c7e3dc8c26abf0559cdac6772337d6d1bcfa6,89712f4873a6de7fb84f912d2380419fc48f56c7499ebed5f62528c749a2a146,legacy_v1_exposed_test_selection_and_evaluation,paper_v2_unseen_final_after_noisy_dev_decision_lock,a2f50bae2bdd2e09b1828b1fe6c1aacda860db8b596cb07fa47b088a4938bf73,ee80853e084822daeb9f38871c5d2a5992df205f920e689547e71b7858542010,ccaeadc332fb38449fc6063143b190b1498e49dd2d6e39dd471a2174ab5aca8d
vivos_aggregate,results_by_snr.csv,legacy_exposed_vivos_300/snr=noisy_all,paper_v2_locked_vivos_460/snr=noisy_all,dataset=vivos;model=whisper;model_size=small;train_type=zero_shot;lambda=<blank>;seed=42;snr=noisy_all,swdr,rate,0.013422818791946308,0.025330396475770924,,not_comparable_scope,delta withheld: legacy VIVOS uses 300 exposed source utterances; paper-v2 uses the disjoint 460-utterance locked test and MUSAN-test noise,77,63,1200,1840,a70139c89cbd123b8d0646588b4c7e3dc8c26abf0559cdac6772337d6d1bcfa6,89712f4873a6de7fb84f912d2380419fc48f56c7499ebed5f62528c749a2a146,legacy_v1_exposed_test_selection_and_evaluation,paper_v2_unseen_final_after_noisy_dev_decision_lock,a2f50bae2bdd2e09b1828b1fe6c1aacda860db8b596cb07fa47b088a4938bf73,ee80853e084822daeb9f38871c5d2a5992df205f920e689547e71b7858542010,ccaeadc332fb38449fc6063143b190b1498e49dd2d6e39dd471a2174ab5aca8d
vivos_aggregate,results_by_snr.csv,legacy_exposed_vivos_300/snr=noisy_all,paper_v2_locked_vivos_460/snr=noisy_all,dataset=vivos;model=whisper;model_size=small;train_type=zero_shot;lambda=<blank>;seed=42;snr=noisy_all,ter,rate,0.06828641763887403,0.06777594491859715,,not_comparable_scope,delta withheld: legacy VIVOS uses 300 exposed source utterances; paper-v2 uses the disjoint 460-utterance locked test and MUSAN-test noise,77,63,1200,1840,a70139c89cbd123b8d0646588b4c7e3dc8c26abf0559cdac6772337d6d1bcfa6,89712f4873a6de7fb84f912d2380419fc48f56c7499ebed5f62528c749a2a146,legacy_v1_exposed_test_selection_and_evaluation,paper_v2_unseen_final_after_noisy_dev_decision_lock,a2f50bae2bdd2e09b1828b1fe6c1aacda860db8b596cb07fa47b088a4938bf73,ee80853e084822daeb9f38871c5d2a5992df205f920e689547e71b7858542010,ccaeadc332fb38449fc6063143b190b1498e49dd2d6e39dd471a2174ab5aca8d
vivos_aggregate,results_by_snr.csv,legacy_exposed_vivos_300/snr=noisy_all,paper_v2_locked_vivos_460/snr=noisy_all,dataset=vivos;model=whisper;model_size=small;train_type=zero_shot;lambda=<blank>;seed=42;snr=noisy_all,wer,rate,0.3342586544741999,0.33240343347639484,,not_comparable_scope,delta withheld: legacy VIVOS uses 300 exposed source utterances; paper-v2 uses the disjoint 460-utterance locked test and MUSAN-test noise,77,63,1200,1840,a70139c89cbd123b8d0646588b4c7e3dc8c26abf0559cdac6772337d6d1bcfa6,89712f4873a6de7fb84f912d2380419fc48f56c7499ebed5f62528c749a2a146,legacy_v1_exposed_test_selection_and_evaluation,paper_v2_unseen_final_after_noisy_dev_decision_lock,a2f50bae2bdd2e09b1828b1fe6c1aacda860db8b596cb07fa47b088a4938bf73,ee80853e084822daeb9f38871c5d2a5992df205f920e689547e71b7858542010,ccaeadc332fb38449fc6063143b190b1498e49dd2d6e39dd471a2174ab5aca8d
vivos_aggregate,results_by_snr.csv,legacy_exposed_vivos_300/snr=0,paper_v2_locked_vivos_460/snr=0,dataset=vivos;model=whisper;model_size=tiny;train_type=zero_shot;lambda=<blank>;seed=42;snr=0,cer,rate,0.8391851223088201,0.8992529779931355,,not_comparable_scope,delta withheld: legacy VIVOS uses 300 exposed source utterances; paper-v2 uses the disjoint 460-utterance locked test and MUSAN-test noise,77,63,300,460,a70139c89cbd123b8d0646588b4c7e3dc8c26abf0559cdac6772337d6d1bcfa6,89712f4873a6de7fb84f912d2380419fc48f56c7499ebed5f62528c749a2a146,legacy_v1_exposed_test_selection_and_evaluation,paper_v2_unseen_final_after_noisy_dev_decision_lock,a2f50bae2bdd2e09b1828b1fe6c1aacda860db8b596cb07fa47b088a4938bf73,ee80853e084822daeb9f38871c5d2a5992df205f920e689547e71b7858542010,ccaeadc332fb38449fc6063143b190b1498e49dd2d6e39dd471a2174ab5aca8d
vivos_aggregate,results_by_snr.csv,legacy_exposed_vivos_300/snr=0,paper_v2_locked_vivos_460/snr=0,dataset=vivos;model=whisper;model_size=tiny;train_type=zero_shot;lambda=<blank>;seed=42;snr=0,der,rate,0.07038391224862889,0.06430006697923643,,not_comparable_scope,delta withheld: legacy VIVOS uses 300 exposed source utterances; paper-v2 uses the disjoint 460-utterance locked test and MUSAN-test noise,77,63,300,460,a70139c89cbd123b8d0646588b4c7e3dc8c26abf0559cdac6772337d6d1bcfa6,89712f4873a6de7fb84f912d2380419fc48f56c7499ebed5f62528c749a2a146,legacy_v1_exposed_test_selection_and_evaluation,paper_v2_unseen_final_after_noisy_dev_decision_lock,a2f50bae2bdd2e09b1828b1fe6c1aacda860db8b596cb07fa47b088a4938bf73,ee80853e084822daeb9f38871c5d2a5992df205f920e689547e71b7858542010,ccaeadc332fb38449fc6063143b190b1498e49dd2d6e39dd471a2174ab5aca8d
vivos_aggregate,results_by_snr.csv,legacy_exposed_vivos_300/snr=0,paper_v2_locked_vivos_460/snr=0,dataset=vivos;model=whisper;model_size=tiny;train_type=zero_shot;lambda=<blank>;seed=42;snr=0,fcer,rate,0.6117445838084379,0.645607476635514,,not_comparable_scope,delta withheld: legacy VIVOS uses 300 exposed source utterances; paper-v2 uses the disjoint 460-utterance locked test and MUSAN-test noise,77,63,300,460,a70139c89cbd123b8d0646588b4c7e3dc8c26abf0559cdac6772337d6d1bcfa6,89712f4873a6de7fb84f912d2380419fc48f56c7499ebed5f62528c749a2a146,legacy_v1_exposed_test_selection_and_evaluation,paper_v2_unseen_final_after_noisy_dev_decision_lock,a2f50bae2bdd2e09b1828b1fe6c1aacda860db8b596cb07fa47b088a4938bf73,ee80853e084822daeb9f38871c5d2a5992df205f920e689547e71b7858542010,ccaeadc332fb38449fc6063143b190b1498e49dd2d6e39dd471a2174ab5aca8d
vivos_aggregate,results_by_snr.csv,legacy_exposed_vivos_300/snr=0,paper_v2_locked_vivos_460/snr=0,dataset=vivos;model=whisper;model_size=tiny;train_type=zero_shot;lambda=<blank>;seed=42;snr=0,swdr,rate,0.04697986577181208,0.06167400881057269,,not_comparable_scope,delta withheld: legacy VIVOS uses 300 exposed source utterances; paper-v2 uses the disjoint 460-utterance locked test and MUSAN-test noise,77,63,300,460,a70139c89cbd123b8d0646588b4c7e3dc8c26abf0559cdac6772337d6d1bcfa6,89712f4873a6de7fb84f912d2380419fc48f56c7499ebed5f62528c749a2a146,legacy_v1_exposed_test_selection_and_evaluation,paper_v2_unseen_final_after_noisy_dev_decision_lock,a2f50bae2bdd2e09b1828b1fe6c1aacda860db8b596cb07fa47b088a4938bf73,ee80853e084822daeb9f38871c5d2a5992df205f920e689547e71b7858542010,ccaeadc332fb38449fc6063143b190b1498e49dd2d6e39dd471a2174ab5aca8d
vivos_aggregate,results_by_snr.csv,legacy_exposed_vivos_300/snr=0,paper_v2_locked_vivos_460/snr=0,dataset=vivos;model=whisper;model_size=tiny;train_type=zero_shot;lambda=<blank>;seed=42;snr=0,ter,rate,0.22337662337662337,0.27060931899641577,,not_comparable_scope,delta withheld: legacy VIVOS uses 300 exposed source utterances; paper-v2 uses the disjoint 460-utterance locked test and MUSAN-test noise,77,63,300,460,a70139c89cbd123b8d0646588b4c7e3dc8c26abf0559cdac6772337d6d1bcfa6,89712f4873a6de7fb84f912d2380419fc48f56c7499ebed5f62528c749a2a146,legacy_v1_exposed_test_selection_and_evaluation,paper_v2_unseen_final_after_noisy_dev_decision_lock,a2f50bae2bdd2e09b1828b1fe6c1aacda860db8b596cb07fa47b088a4938bf73,ee80853e084822daeb9f38871c5d2a5992df205f920e689547e71b7858542010,ccaeadc332fb38449fc6063143b190b1498e49dd2d6e39dd471a2174ab5aca8d
vivos_aggregate,results_by_snr.csv,legacy_exposed_vivos_300/snr=0,paper_v2_locked_vivos_460/snr=0,dataset=vivos;model=whisper;model_size=tiny;train_type=zero_shot;lambda=<blank>;seed=42;snr=0,wer,rate,1.1404310907903332,1.2180257510729613,,not_comparable_scope,delta withheld: legacy VIVOS uses 300 exposed source utterances; paper-v2 uses the disjoint 460-utterance locked test and MUSAN-test noise,77,63,300,460,a70139c89cbd123b8d0646588b4c7e3dc8c26abf0559cdac6772337d6d1bcfa6,89712f4873a6de7fb84f912d2380419fc48f56c7499ebed5f62528c749a2a146,legacy_v1_exposed_test_selection_and_evaluation,paper_v2_unseen_final_after_noisy_dev_decision_lock,a2f50bae2bdd2e09b1828b1fe6c1aacda860db8b596cb07fa47b088a4938bf73,ee80853e084822daeb9f38871c5d2a5992df205f920e689547e71b7858542010,ccaeadc332fb38449fc6063143b190b1498e49dd2d6e39dd471a2174ab5aca8d
vivos_aggregate,results_by_snr.csv,legacy_exposed_vivos_300/snr=10,paper_v2_locked_vivos_460/snr=10,dataset=vivos;model=whisper;model_size=tiny;train_type=zero_shot;lambda=<blank>;seed=42;snr=10,cer,rate,0.39941353499498417,0.37522713506965477,,not_comparable_scope,delta withheld: legacy VIVOS uses 300 exposed source utterances; paper-v2 uses the disjoint 460-utterance locked test and MUSAN-test noise,77,63,300,460,a70139c89cbd123b8d0646588b4c7e3dc8c26abf0559cdac6772337d6d1bcfa6,89712f4873a6de7fb84f912d2380419fc48f56c7499ebed5f62528c749a2a146,legacy_v1_exposed_test_selection_and_evaluation,paper_v2_unseen_final_after_noisy_dev_decision_lock,a2f50bae2bdd2e09b1828b1fe6c1aacda860db8b596cb07fa47b088a4938bf73,ee80853e084822daeb9f38871c5d2a5992df205f920e689547e71b7858542010,ccaeadc332fb38449fc6063143b190b1498e49dd2d6e39dd471a2174ab5aca8d
vivos_aggregate,results_by_snr.csv,legacy_exposed_vivos_300/snr=10,paper_v2_locked_vivos_460/snr=10,dataset=vivos;model=whisper;model_size=tiny;train_type=zero_shot;lambda=<blank>;seed=42;snr=10,der,rate,0.05976586568083796,0.056338028169014086,,not_comparable_scope,delta withheld: legacy VIVOS uses 300 exposed source utterances; paper-v2 uses the disjoint 460-utterance locked test and MUSAN-test noise,77,63,300,460,a70139c89cbd123b8d0646588b4c7e3dc8c26abf0559cdac6772337d6d1bcfa6,89712f4873a6de7fb84f912d2380419fc48f56c7499ebed5f62528c749a2a146,legacy_v1_exposed_test_selection_and_evaluation,paper_v2_unseen_final_after_noisy_dev_decision_lock,a2f50bae2bdd2e09b1828b1fe6c1aacda860db8b596cb07fa47b088a4938bf73,ee80853e084822daeb9f38871c5d2a5992df205f920e689547e71b7858542010,ccaeadc332fb38449fc6063143b190b1498e49dd2d6e39dd471a2174ab5aca8d
vivos_aggregate,results_by_snr.csv,legacy_exposed_vivos_300/snr=10,paper_v2_locked_vivos_460/snr=10,dataset=vivos;model=whisper;model_size=tiny;train_type=zero_shot;lambda=<blank>;seed=42;snr=10,fcer,rate,0.4144981412639405,0.4358245329000812,,not_comparable_scope,delta withheld: legacy VIVOS uses 300 exposed source utterances; paper-v2 uses the disjoint 460-utterance locked test and MUSAN-test noise,77,63,300,460,a70139c89cbd123b8d0646588b4c7e3dc8c26abf0559cdac6772337d6d1bcfa6,89712f4873a6de7fb84f912d2380419fc48f56c7499ebed5f62528c749a2a146,legacy_v1_exposed_test_selection_and_evaluation,paper_v2_unseen_final_after_noisy_dev_decision_lock,a2f50bae2bdd2e09b1828b1fe6c1aacda860db8b596cb07fa47b088a4938bf73,ee80853e084822daeb9f38871c5d2a5992df205f920e689547e71b7858542010,ccaeadc332fb38449fc6063143b190b1498e49dd2d6e39dd471a2174ab5aca8d
vivos_aggregate,results_by_snr.csv,legacy_exposed_vivos_300/snr=10,paper_v2_locked_vivos_460/snr=10,dataset=vivos;model=whisper;model_size=tiny;train_type=zero_shot;lambda=<blank>;seed=42;snr=10,swdr,rate,0.026845637583892617,0.013215859030837005,,not_comparable_scope,delta withheld: legacy VIVOS uses 300 exposed source utterances; paper-v2 uses the disjoint 460-utterance locked test and MUSAN-test noise,77,63,300,460,a70139c89cbd123b8d0646588b4c7e3dc8c26abf0559cdac6772337d6d1bcfa6,89712f4873a6de7fb84f912d2380419fc48f56c7499ebed5f62528c749a2a146,legacy_v1_exposed_test_selection_and_evaluation,paper_v2_unseen_final_after_noisy_dev_decision_lock,a2f50bae2bdd2e09b1828b1fe6c1aacda860db8b596cb07fa47b088a4938bf73,ee80853e084822daeb9f38871c5d2a5992df205f920e689547e71b7858542010,ccaeadc332fb38449fc6063143b190b1498e49dd2d6e39dd471a2174ab5aca8d
vivos_aggregate,results_by_snr.csv,legacy_exposed_vivos_300/snr=10,paper_v2_locked_vivos_460/snr=10,dataset=vivos;model=whisper;model_size=tiny;train_type=zero_shot;lambda=<blank>;seed=42;snr=10,ter,rate,0.14213518635502212,0.1409282700421941,,not_comparable_scope,delta withheld: legacy VIVOS uses 300 exposed source utterances; paper-v2 uses the disjoint 460-utterance locked test and MUSAN-test noise,77,63,300,460,a70139c89cbd123b8d0646588b4c7e3dc8c26abf0559cdac6772337d6d1bcfa6,89712f4873a6de7fb84f912d2380419fc48f56c7499ebed5f62528c749a2a146,legacy_v1_exposed_test_selection_and_evaluation,paper_v2_unseen_final_after_noisy_dev_decision_lock,a2f50bae2bdd2e09b1828b1fe6c1aacda860db8b596cb07fa47b088a4938bf73,ee80853e084822daeb9f38871c5d2a5992df205f920e689547e71b7858542010,ccaeadc332fb38449fc6063143b190b1498e49dd2d6e39dd471a2174ab5aca8d
vivos_aggregate,results_by_snr.csv,legacy_exposed_vivos_300/snr=10,paper_v2_locked_vivos_460/snr=10,dataset=vivos;model=whisper;model_size=tiny;train_type=zero_shot;lambda=<blank>;seed=42;snr=10,wer,rate,0.6681907250163291,0.6549356223175966,,not_comparable_scope,delta withheld: legacy VIVOS uses 300 exposed source utterances; paper-v2 uses the disjoint 460-utterance locked test and MUSAN-test noise,77,63,300,460,a70139c89cbd123b8d0646588b4c7e3dc8c26abf0559cdac6772337d6d1bcfa6,89712f4873a6de7fb84f912d2380419fc48f56c7499ebed5f62528c749a2a146,legacy_v1_exposed_test_selection_and_evaluation,paper_v2_unseen_final_after_noisy_dev_decision_lock,a2f50bae2bdd2e09b1828b1fe6c1aacda860db8b596cb07fa47b088a4938bf73,ee80853e084822daeb9f38871c5d2a5992df205f920e689547e71b7858542010,ccaeadc332fb38449fc6063143b190b1498e49dd2d6e39dd471a2174ab5aca8d
vivos_aggregate,results_by_snr.csv,legacy_exposed_vivos_300/snr=20,paper_v2_locked_vivos_460/snr=20,dataset=vivos;model=whisper;model_size=tiny;train_type=zero_shot;lambda=<blank>;seed=42;snr=20,cer,rate,0.2897600123466317,0.3229355945891379,,not_comparable_scope,delta withheld: legacy VIVOS uses 300 exposed source utterances; paper-v2 uses the disjoint 460-utterance locked test and MUSAN-test noise,77,63,300,460,a70139c89cbd123b8d0646588b4c7e3dc8c26abf0559cdac6772337d6d1bcfa6,89712f4873a6de7fb84f912d2380419fc48f56c7499ebed5f62528c749a2a146,legacy_v1_exposed_test_selection_and_evaluation,paper_v2_unseen_final_after_noisy_dev_decision_lock,a2f50bae2bdd2e09b1828b1fe6c1aacda860db8b596cb07fa47b088a4938bf73,ee80853e084822daeb9f38871c5d2a5992df205f920e689547e71b7858542010,ccaeadc332fb38449fc6063143b190b1498e49dd2d6e39dd471a2174ab5aca8d
vivos_aggregate,results_by_snr.csv,legacy_exposed_vivos_300/snr=20,paper_v2_locked_vivos_460/snr=20,dataset=vivos;model=whisper;model_size=tiny;train_type=zero_shot;lambda=<blank>;seed=42;snr=20,der,rate,0.0561307901907357,0.058977230309817094,,not_comparable_scope,delta withheld: legacy VIVOS uses 300 exposed source utterances; paper-v2 uses the disjoint 460-utterance locked test and MUSAN-test noise,77,63,300,460,a70139c89cbd123b8d0646588b4c7e3dc8c26abf0559cdac6772337d6d1bcfa6,89712f4873a6de7fb84f912d2380419fc48f56c7499ebed5f62528c749a2a146,legacy_v1_exposed_test_selection_and_evaluation,paper_v2_unseen_final_after_noisy_dev_decision_lock,a2f50bae2bdd2e09b1828b1fe6c1aacda860db8b596cb07fa47b088a4938bf73,ee80853e084822daeb9f38871c5d2a5992df205f920e689547e71b7858542010,ccaeadc332fb38449fc6063143b190b1498e49dd2d6e39dd471a2174ab5aca8d
vivos_aggregate,results_by_snr.csv,legacy_exposed_vivos_300/snr=20,paper_v2_locked_vivos_460/snr=20,dataset=vivos;model=whisper;model_size=tiny;train_type=zero_shot;lambda=<blank>;seed=42;snr=20,fcer,rate,0.34398496240601506,0.36241337138198126,,not_comparable_scope,delta withheld: legacy VIVOS uses 300 exposed source utterances; paper-v2 uses the disjoint 460-utterance locked test and MUSAN-test noise,77,63,300,460,a70139c89cbd123b8d0646588b4c7e3dc8c26abf0559cdac6772337d6d1bcfa6,89712f4873a6de7fb84f912d2380419fc48f56c7499ebed5f62528c749a2a146,legacy_v1_exposed_test_selection_and_evaluation,paper_v2_unseen_final_after_noisy_dev_decision_lock,a2f50bae2bdd2e09b1828b1fe6c1aacda860db8b596cb07fa47b088a4938bf73,ee80853e084822daeb9f38871c5d2a5992df205f920e689547e71b7858542010,ccaeadc332fb38449fc6063143b190b1498e49dd2d6e39dd471a2174ab5aca8d
vivos_aggregate,results_by_snr.csv,legacy_exposed_vivos_300/snr=20,paper_v2_locked_vivos_460/snr=20,dataset=vivos;model=whisper;model_size=tiny;train_type=zero_shot;lambda=<blank>;seed=42;snr=20,swdr,rate,0.013422818791946308,0.01762114537444934,,not_comparable_scope,delta withheld: legacy VIVOS uses 300 exposed source utterances; paper-v2 uses the disjoint 460-utterance locked test and MUSAN-test noise,77,63,300,460,a70139c89cbd123b8d0646588b4c7e3dc8c26abf0559cdac6772337d6d1bcfa6,89712f4873a6de7fb84f912d2380419fc48f56c7499ebed5f62528c749a2a146,legacy_v1_exposed_test_selection_and_evaluation,paper_v2_unseen_final_after_noisy_dev_decision_lock,a2f50bae2bdd2e09b1828b1fe6c1aacda860db8b596cb07fa47b088a4938bf73,ee80853e084822daeb9f38871c5d2a5992df205f920e689547e71b7858542010,ccaeadc332fb38449fc6063143b190b1498e49dd2d6e39dd471a2174ab5aca8d
vivos_aggregate,results_by_snr.csv,legacy_exposed_vivos_300/snr=20,paper_v2_locked_vivos_460/snr=20,dataset=vivos;model=whisper;model_size=tiny;train_type=zero_shot;lambda=<blank>;seed=42;snr=20,ter,rate,0.11273957158962795,0.12451512800620636,,not_comparable_scope,delta withheld: legacy VIVOS uses 300 exposed source utterances; paper-v2 uses the disjoint 460-utterance locked test and MUSAN-test noise,77,63,300,460,a70139c89cbd123b8d0646588b4c7e3dc8c26abf0559cdac6772337d6d1bcfa6,89712f4873a6de7fb84f912d2380419fc48f56c7499ebed5f62528c749a2a146,legacy_v1_exposed_test_selection_and_evaluation,paper_v2_unseen_final_after_noisy_dev_decision_lock,a2f50bae2bdd2e09b1828b1fe6c1aacda860db8b596cb07fa47b088a4938bf73,ee80853e084822daeb9f38871c5d2a5992df205f920e689547e71b7858542010,ccaeadc332fb38449fc6063143b190b1498e49dd2d6e39dd471a2174ab5aca8d
vivos_aggregate,results_by_snr.csv,legacy_exposed_vivos_300/snr=20,paper_v2_locked_vivos_460/snr=20,dataset=vivos;model=whisper;model_size=tiny;train_type=zero_shot;lambda=<blank>;seed=42;snr=20,wer,rate,0.5558458523840627,0.5888412017167381,,not_comparable_scope,delta withheld: legacy VIVOS uses 300 exposed source utterances; paper-v2 uses the disjoint 460-utterance locked test and MUSAN-test noise,77,63,300,460,a70139c89cbd123b8d0646588b4c7e3dc8c26abf0559cdac6772337d6d1bcfa6,89712f4873a6de7fb84f912d2380419fc48f56c7499ebed5f62528c749a2a146,legacy_v1_exposed_test_selection_and_evaluation,paper_v2_unseen_final_after_noisy_dev_decision_lock,a2f50bae2bdd2e09b1828b1fe6c1aacda860db8b596cb07fa47b088a4938bf73,ee80853e084822daeb9f38871c5d2a5992df205f920e689547e71b7858542010,ccaeadc332fb38449fc6063143b190b1498e49dd2d6e39dd471a2174ab5aca8d
vivos_aggregate,results_by_snr.csv,legacy_exposed_vivos_300/snr=5,paper_v2_locked_vivos_460/snr=5,dataset=vivos;model=whisper;model_size=tiny;train_type=zero_shot;lambda=<blank>;seed=42;snr=5,cer,rate,0.5583764179334825,0.5555219059156067,,not_comparable_scope,delta withheld: legacy VIVOS uses 300 exposed source utterances; paper-v2 uses the disjoint 460-utterance locked test and MUSAN-test noise,77,63,300,460,a70139c89cbd123b8d0646588b4c7e3dc8c26abf0559cdac6772337d6d1bcfa6,89712f4873a6de7fb84f912d2380419fc48f56c7499ebed5f62528c749a2a146,legacy_v1_exposed_test_selection_and_evaluation,paper_v2_unseen_final_after_noisy_dev_decision_lock,a2f50bae2bdd2e09b1828b1fe6c1aacda860db8b596cb07fa47b088a4938bf73,ee80853e084822daeb9f38871c5d2a5992df205f920e689547e71b7858542010,ccaeadc332fb38449fc6063143b190b1498e49dd2d6e39dd471a2174ab5aca8d
vivos_aggregate,results_by_snr.csv,legacy_exposed_vivos_300/snr=5,paper_v2_locked_vivos_460/snr=5,dataset=vivos;model=whisper;model_size=tiny;train_type=zero_shot;lambda=<blank>;seed=42;snr=5,der,rate,0.07324147933284988,0.060431654676258995,,not_comparable_scope,delta withheld: legacy VIVOS uses 300 exposed source utterances; paper-v2 uses the disjoint 460-utterance locked test and MUSAN-test noise,77,63,300,460,a70139c89cbd123b8d0646588b4c7e3dc8c26abf0559cdac6772337d6d1bcfa6,89712f4873a6de7fb84f912d2380419fc48f56c7499ebed5f62528c749a2a146,legacy_v1_exposed_test_selection_and_evaluation,paper_v2_unseen_final_after_noisy_dev_decision_lock,a2f50bae2bdd2e09b1828b1fe6c1aacda860db8b596cb07fa47b088a4938bf73,ee80853e084822daeb9f38871c5d2a5992df205f920e689547e71b7858542010,ccaeadc332fb38449fc6063143b190b1498e49dd2d6e39dd471a2174ab5aca8d
vivos_aggregate,results_by_snr.csv,legacy_exposed_vivos_300/snr=5,paper_v2_locked_vivos_460/snr=5,dataset=vivos;model=whisper;model_size=tiny;train_type=zero_shot;lambda=<blank>;seed=42;snr=5,fcer,rate,0.502983293556086,0.510236220472441,,not_comparable_scope,delta withheld: legacy VIVOS uses 300 exposed source utterances; paper-v2 uses the disjoint 460-utterance locked test and MUSAN-test noise,77,63,300,460,a70139c89cbd123b8d0646588b4c7e3dc8c26abf0559cdac6772337d6d1bcfa6,89712f4873a6de7fb84f912d2380419fc48f56c7499ebed5f62528c749a2a146,legacy_v1_exposed_test_selection_and_evaluation,paper_v2_unseen_final_after_noisy_dev_decision_lock,a2f50bae2bdd2e09b1828b1fe6c1aacda860db8b596cb07fa47b088a4938bf73,ee80853e084822daeb9f38871c5d2a5992df205f920e689547e71b7858542010,ccaeadc332fb38449fc6063143b190b1498e49dd2d6e39dd471a2174ab5aca8d
vivos_aggregate,results_by_snr.csv,legacy_exposed_vivos_300/snr=5,paper_v2_locked_vivos_460/snr=5,dataset=vivos;model=whisper;model_size=tiny;train_type=zero_shot;lambda=<blank>;seed=42;snr=5,swdr,rate,0.040268456375838924,0.05286343612334802,,not_comparable_scope,delta withheld: legacy VIVOS uses 300 exposed source utterances; paper-v2 uses the disjoint 460-utterance locked test and MUSAN-test noise,77,63,300,460,a70139c89cbd123b8d0646588b4c7e3dc8c26abf0559cdac6772337d6d1bcfa6,89712f4873a6de7fb84f912d2380419fc48f56c7499ebed5f62528c749a2a146,legacy_v1_exposed_test_selection_and_evaluation,paper_v2_unseen_final_after_noisy_dev_decision_lock,a2f50bae2bdd2e09b1828b1fe6c1aacda860db8b596cb07fa47b088a4938bf73,ee80853e084822daeb9f38871c5d2a5992df205f920e689547e71b7858542010,ccaeadc332fb38449fc6063143b190b1498e49dd2d6e39dd471a2174ab5aca8d
vivos_aggregate,results_by_snr.csv,legacy_exposed_vivos_300/snr=5,paper_v2_locked_vivos_460/snr=5,dataset=vivos;model=whisper;model_size=tiny;train_type=zero_shot;lambda=<blank>;seed=42;snr=5,ter,rate,0.17613227893601727,0.18005671077504726,,not_comparable_scope,delta withheld: legacy VIVOS uses 300 exposed source utterances; paper-v2 uses the disjoint 460-utterance locked test and MUSAN-test noise,77,63,300,460,a70139c89cbd123b8d0646588b4c7e3dc8c26abf0559cdac6772337d6d1bcfa6,89712f4873a6de7fb84f912d2380419fc48f56c7499ebed5f62528c749a2a146,legacy_v1_exposed_test_selection_and_evaluation,paper_v2_unseen_final_after_noisy_dev_decision_lock,a2f50bae2bdd2e09b1828b1fe6c1aacda860db8b596cb07fa47b088a4938bf73,ee80853e084822daeb9f38871c5d2a5992df205f920e689547e71b7858542010,ccaeadc332fb38449fc6063143b190b1498e49dd2d6e39dd471a2174ab5aca8d
vivos_aggregate,results_by_snr.csv,legacy_exposed_vivos_300/snr=5,paper_v2_locked_vivos_460/snr=5,dataset=vivos;model=whisper;model_size=tiny;train_type=zero_shot;lambda=<blank>;seed=42;snr=5,wer,rate,0.8344219464402352,0.8536480686695279,,not_comparable_scope,delta withheld: legacy VIVOS uses 300 exposed source utterances; paper-v2 uses the disjoint 460-utterance locked test and MUSAN-test noise,77,63,300,460,a70139c89cbd123b8d0646588b4c7e3dc8c26abf0559cdac6772337d6d1bcfa6,89712f4873a6de7fb84f912d2380419fc48f56c7499ebed5f62528c749a2a146,legacy_v1_exposed_test_selection_and_evaluation,paper_v2_unseen_final_after_noisy_dev_decision_lock,a2f50bae2bdd2e09b1828b1fe6c1aacda860db8b596cb07fa47b088a4938bf73,ee80853e084822daeb9f38871c5d2a5992df205f920e689547e71b7858542010,ccaeadc332fb38449fc6063143b190b1498e49dd2d6e39dd471a2174ab5aca8d
vivos_aggregate,results_by_snr.csv,legacy_exposed_vivos_300/snr=all,paper_v2_locked_vivos_460/snr=all,dataset=vivos;model=whisper;model_size=tiny;train_type=zero_shot;lambda=<blank>;seed=42;snr=all,cer,rate,0.46614707924994214,0.4896830203916818,,not_comparable_scope,delta withheld: legacy VIVOS uses 300 exposed source utterances; paper-v2 uses the disjoint 460-utterance locked test and MUSAN-test noise,77,63,1500,2300,a70139c89cbd123b8d0646588b4c7e3dc8c26abf0559cdac6772337d6d1bcfa6,89712f4873a6de7fb84f912d2380419fc48f56c7499ebed5f62528c749a2a146,legacy_v1_exposed_test_selection_and_evaluation,paper_v2_unseen_final_after_noisy_dev_decision_lock,a2f50bae2bdd2e09b1828b1fe6c1aacda860db8b596cb07fa47b088a4938bf73,ee80853e084822daeb9f38871c5d2a5992df205f920e689547e71b7858542010,ccaeadc332fb38449fc6063143b190b1498e49dd2d6e39dd471a2174ab5aca8d
vivos_aggregate,results_by_snr.csv,legacy_exposed_vivos_300/snr=all,paper_v2_locked_vivos_460/snr=all,dataset=vivos;model=whisper;model_size=tiny;train_type=zero_shot;lambda=<blank>;seed=42;snr=all,der,rate,0.0633622892181911,0.058298319327731093,,not_comparable_scope,delta withheld: legacy VIVOS uses 300 exposed source utterances; paper-v2 uses the disjoint 460-utterance locked test and MUSAN-test noise,77,63,1500,2300,a70139c89cbd123b8d0646588b4c7e3dc8c26abf0559cdac6772337d6d1bcfa6,89712f4873a6de7fb84f912d2380419fc48f56c7499ebed5f62528c749a2a146,legacy_v1_exposed_test_selection_and_evaluation,paper_v2_unseen_final_after_noisy_dev_decision_lock,a2f50bae2bdd2e09b1828b1fe6c1aacda860db8b596cb07fa47b088a4938bf73,ee80853e084822daeb9f38871c5d2a5992df205f920e689547e71b7858542010,ccaeadc332fb38449fc6063143b190b1498e49dd2d6e39dd471a2174ab5aca8d
vivos_aggregate,results_by_snr.csv,legacy_exposed_vivos_300/snr=all,paper_v2_locked_vivos_460/snr=all,dataset=vivos;model=whisper;model_size=tiny;train_type=zero_shot;lambda=<blank>;seed=42;snr=all,fcer,rate,0.4446065912683935,0.4646520874751491,,not_comparable_scope,delta withheld: legacy VIVOS uses 300 exposed source utterances; paper-v2 uses the disjoint 460-utterance locked test and MUSAN-test noise,77,63,1500,2300,a70139c89cbd123b8d0646588b4c7e3dc8c26abf0559cdac6772337d6d1bcfa6,89712f4873a6de7fb84f912d2380419fc48f56c7499ebed5f62528c749a2a146,legacy_v1_exposed_test_selection_and_evaluation,paper_v2_unseen_final_after_noisy_dev_decision_lock,a2f50bae2bdd2e09b1828b1fe6c1aacda860db8b596cb07fa47b088a4938bf73,ee80853e084822daeb9f38871c5d2a5992df205f920e689547e71b7858542010,ccaeadc332fb38449fc6063143b190b1498e49dd2d6e39dd471a2174ab5aca8d
vivos_aggregate,results_by_snr.csv,legacy_exposed_vivos_300/snr=all,paper_v2_locked_vivos_460/snr=all,dataset=vivos;model=whisper;model_size=tiny;train_type=zero_shot;lambda=<blank>;seed=42;snr=all,swdr,rate,0.03087248322147651,0.03171806167400881,,not_comparable_scope,delta withheld: legacy VIVOS uses 300 exposed source utterances; paper-v2 uses the disjoint 460-utterance locked test and MUSAN-test noise,77,63,1500,2300,a70139c89cbd123b8d0646588b4c7e3dc8c26abf0559cdac6772337d6d1bcfa6,89712f4873a6de7fb84f912d2380419fc48f56c7499ebed5f62528c749a2a146,legacy_v1_exposed_test_selection_and_evaluation,paper_v2_unseen_final_after_noisy_dev_decision_lock,a2f50bae2bdd2e09b1828b1fe6c1aacda860db8b596cb07fa47b088a4938bf73,ee80853e084822daeb9f38871c5d2a5992df205f920e689547e71b7858542010,ccaeadc332fb38449fc6063143b190b1498e49dd2d6e39dd471a2174ab5aca8d
vivos_aggregate,results_by_snr.csv,legacy_exposed_vivos_300/snr=all,paper_v2_locked_vivos_460/snr=all,dataset=vivos;model=whisper;model_size=tiny;train_type=zero_shot;lambda=<blank>;seed=42;snr=all,ter,rate,0.14744752526561286,0.15871761089152395,,not_comparable_scope,delta withheld: legacy VIVOS uses 300 exposed source utterances; paper-v2 uses the disjoint 460-utterance locked test and MUSAN-test noise,77,63,1500,2300,a70139c89cbd123b8d0646588b4c7e3dc8c26abf0559cdac6772337d6d1bcfa6,89712f4873a6de7fb84f912d2380419fc48f56c7499ebed5f62528c749a2a146,legacy_v1_exposed_test_selection_and_evaluation,paper_v2_unseen_final_after_noisy_dev_decision_lock,a2f50bae2bdd2e09b1828b1fe6c1aacda860db8b596cb07fa47b088a4938bf73,ee80853e084822daeb9f38871c5d2a5992df205f920e689547e71b7858542010,ccaeadc332fb38449fc6063143b190b1498e49dd2d6e39dd471a2174ab5aca8d
vivos_aggregate,results_by_snr.csv,legacy_exposed_vivos_300/snr=all,paper_v2_locked_vivos_460/snr=all,dataset=vivos;model=whisper;model_size=tiny;train_type=zero_shot;lambda=<blank>;seed=42;snr=all,wer,rate,0.7387328543435663,0.7749356223175966,,not_comparable_scope,delta withheld: legacy VIVOS uses 300 exposed source utterances; paper-v2 uses the disjoint 460-utterance locked test and MUSAN-test noise,77,63,1500,2300,a70139c89cbd123b8d0646588b4c7e3dc8c26abf0559cdac6772337d6d1bcfa6,89712f4873a6de7fb84f912d2380419fc48f56c7499ebed5f62528c749a2a146,legacy_v1_exposed_test_selection_and_evaluation,paper_v2_unseen_final_after_noisy_dev_decision_lock,a2f50bae2bdd2e09b1828b1fe6c1aacda860db8b596cb07fa47b088a4938bf73,ee80853e084822daeb9f38871c5d2a5992df205f920e689547e71b7858542010,ccaeadc332fb38449fc6063143b190b1498e49dd2d6e39dd471a2174ab5aca8d
vivos_aggregate,results_by_snr.csv,legacy_exposed_vivos_300/snr=clean,paper_v2_locked_vivos_460/snr=clean,dataset=vivos;model=whisper;model_size=tiny;train_type=zero_shot;lambda=<blank>;seed=42;snr=clean,cer,rate,0.24400030866579211,0.29547748839087423,,not_comparable_scope,delta withheld: legacy VIVOS uses 300 exposed source utterances; paper-v2 uses the disjoint 460-utterance locked test and MUSAN-test noise,77,63,300,460,a70139c89cbd123b8d0646588b4c7e3dc8c26abf0559cdac6772337d6d1bcfa6,89712f4873a6de7fb84f912d2380419fc48f56c7499ebed5f62528c749a2a146,legacy_v1_exposed_test_selection_and_evaluation,paper_v2_unseen_final_after_noisy_dev_decision_lock,a2f50bae2bdd2e09b1828b1fe6c1aacda860db8b596cb07fa47b088a4938bf73,ee80853e084822daeb9f38871c5d2a5992df205f920e689547e71b7858542010,ccaeadc332fb38449fc6063143b190b1498e49dd2d6e39dd471a2174ab5aca8d
vivos_aggregate,results_by_snr.csv,legacy_exposed_vivos_300/snr=clean,paper_v2_locked_vivos_460/snr=clean,dataset=vivos;model=whisper;model_size=tiny;train_type=zero_shot;lambda=<blank>;seed=42;snr=clean,der,rate,0.06220347917764892,0.05448601525608427,,not_comparable_scope,delta withheld: legacy VIVOS uses 300 exposed source utterances; paper-v2 uses the disjoint 460-utterance locked test and MUSAN-test noise,77,63,300,460,a70139c89cbd123b8d0646588b4c7e3dc8c26abf0559cdac6772337d6d1bcfa6,89712f4873a6de7fb84f912d2380419fc48f56c7499ebed5f62528c749a2a146,legacy_v1_exposed_test_selection_and_evaluation,paper_v2_unseen_final_after_noisy_dev_decision_lock,a2f50bae2bdd2e09b1828b1fe6c1aacda860db8b596cb07fa47b088a4938bf73,ee80853e084822daeb9f38871c5d2a5992df205f920e689547e71b7858542010,ccaeadc332fb38449fc6063143b190b1498e49dd2d6e39dd471a2174ab5aca8d
vivos_aggregate,results_by_snr.csv,legacy_exposed_vivos_300/snr=clean,paper_v2_locked_vivos_460/snr=clean,dataset=vivos;model=whisper;model_size=tiny;train_type=zero_shot;lambda=<blank>;seed=42;snr=clean,fcer,rate,0.3297536323436513,0.350920245398773,,not_comparable_scope,delta withheld: legacy VIVOS uses 300 exposed source utterances; paper-v2 uses the disjoint 460-utterance locked test and MUSAN-test noise,77,63,300,460,a70139c89cbd123b8d0646588b4c7e3dc8c26abf0559cdac6772337d6d1bcfa6,89712f4873a6de7fb84f912d2380419fc48f56c7499ebed5f62528c749a2a146,legacy_v1_exposed_test_selection_and_evaluation,paper_v2_unseen_final_after_noisy_dev_decision_lock,a2f50bae2bdd2e09b1828b1fe6c1aacda860db8b596cb07fa47b088a4938bf73,ee80853e084822daeb9f38871c5d2a5992df205f920e689547e71b7858542010,ccaeadc332fb38449fc6063143b190b1498e49dd2d6e39dd471a2174ab5aca8d
vivos_aggregate,results_by_snr.csv,legacy_exposed_vivos_300/snr=clean,paper_v2_locked_vivos_460/snr=clean,dataset=vivos;model=whisper;model_size=tiny;train_type=zero_shot;lambda=<blank>;seed=42;snr=clean,swdr,rate,0.026845637583892617,0.013215859030837005,,not_comparable_scope,delta withheld: legacy VIVOS uses 300 exposed source utterances; paper-v2 uses the disjoint 460-utterance locked test and MUSAN-test noise,77,63,300,460,a70139c89cbd123b8d0646588b4c7e3dc8c26abf0559cdac6772337d6d1bcfa6,89712f4873a6de7fb84f912d2380419fc48f56c7499ebed5f62528c749a2a146,legacy_v1_exposed_test_selection_and_evaluation,paper_v2_unseen_final_after_noisy_dev_decision_lock,a2f50bae2bdd2e09b1828b1fe6c1aacda860db8b596cb07fa47b088a4938bf73,ee80853e084822daeb9f38871c5d2a5992df205f920e689547e71b7858542010,ccaeadc332fb38449fc6063143b190b1498e49dd2d6e39dd471a2174ab5aca8d
vivos_aggregate,results_by_snr.csv,legacy_exposed_vivos_300/snr=clean,paper_v2_locked_vivos_460/snr=clean,dataset=vivos;model=whisper;model_size=tiny;train_type=zero_shot;lambda=<blank>;seed=42;snr=clean,ter,rate,0.11570247933884298,0.12013600302228938,,not_comparable_scope,delta withheld: legacy VIVOS uses 300 exposed source utterances; paper-v2 uses the disjoint 460-utterance locked test and MUSAN-test noise,77,63,300,460,a70139c89cbd123b8d0646588b4c7e3dc8c26abf0559cdac6772337d6d1bcfa6,89712f4873a6de7fb84f912d2380419fc48f56c7499ebed5f62528c749a2a146,legacy_v1_exposed_test_selection_and_evaluation,paper_v2_unseen_final_after_noisy_dev_decision_lock,a2f50bae2bdd2e09b1828b1fe6c1aacda860db8b596cb07fa47b088a4938bf73,ee80853e084822daeb9f38871c5d2a5992df205f920e689547e71b7858542010,ccaeadc332fb38449fc6063143b190b1498e49dd2d6e39dd471a2174ab5aca8d
vivos_aggregate,results_by_snr.csv,legacy_exposed_vivos_300/snr=clean,paper_v2_locked_vivos_460/snr=clean,dataset=vivos;model=whisper;model_size=tiny;train_type=zero_shot;lambda=<blank>;seed=42;snr=clean,wer,rate,0.49477465708687135,0.5592274678111588,,not_comparable_scope,delta withheld: legacy VIVOS uses 300 exposed source utterances; paper-v2 uses the disjoint 460-utterance locked test and MUSAN-test noise,77,63,300,460,a70139c89cbd123b8d0646588b4c7e3dc8c26abf0559cdac6772337d6d1bcfa6,89712f4873a6de7fb84f912d2380419fc48f56c7499ebed5f62528c749a2a146,legacy_v1_exposed_test_selection_and_evaluation,paper_v2_unseen_final_after_noisy_dev_decision_lock,a2f50bae2bdd2e09b1828b1fe6c1aacda860db8b596cb07fa47b088a4938bf73,ee80853e084822daeb9f38871c5d2a5992df205f920e689547e71b7858542010,ccaeadc332fb38449fc6063143b190b1498e49dd2d6e39dd471a2174ab5aca8d
vivos_aggregate,results_by_snr.csv,legacy_exposed_vivos_300/snr=noisy_all,paper_v2_locked_vivos_460/snr=noisy_all,dataset=vivos;model=whisper;model_size=tiny;train_type=zero_shot;lambda=<blank>;seed=42;snr=noisy_all,cer,rate,0.5216837718959796,0.5382344033918837,,not_comparable_scope,delta withheld: legacy VIVOS uses 300 exposed source utterances; paper-v2 uses the disjoint 460-utterance locked test and MUSAN-test noise,77,63,1200,1840,a70139c89cbd123b8d0646588b4c7e3dc8c26abf0559cdac6772337d6d1bcfa6,89712f4873a6de7fb84f912d2380419fc48f56c7499ebed5f62528c749a2a146,legacy_v1_exposed_test_selection_and_evaluation,paper_v2_unseen_final_after_noisy_dev_decision_lock,a2f50bae2bdd2e09b1828b1fe6c1aacda860db8b596cb07fa47b088a4938bf73,ee80853e084822daeb9f38871c5d2a5992df205f920e689547e71b7858542010,ccaeadc332fb38449fc6063143b190b1498e49dd2d6e39dd471a2174ab5aca8d
vivos_aggregate,results_by_snr.csv,legacy_exposed_vivos_300/snr=noisy_all,paper_v2_locked_vivos_460/snr=noisy_all,dataset=vivos;model=whisper;model_size=tiny;train_type=zero_shot;lambda=<blank>;seed=42;snr=noisy_all,der,rate,0.0637329286798179,0.05950870718486911,,not_comparable_scope,delta withheld: legacy VIVOS uses 300 exposed source utterances; paper-v2 uses the disjoint 460-utterance locked test and MUSAN-test noise,77,63,1200,1840,a70139c89cbd123b8d0646588b4c7e3dc8c26abf0559cdac6772337d6d1bcfa6,89712f4873a6de7fb84f912d2380419fc48f56c7499ebed5f62528c749a2a146,legacy_v1_exposed_test_selection_and_evaluation,paper_v2_unseen_final_after_noisy_dev_decision_lock,a2f50bae2bdd2e09b1828b1fe6c1aacda860db8b596cb07fa47b088a4938bf73,ee80853e084822daeb9f38871c5d2a5992df205f920e689547e71b7858542010,ccaeadc332fb38449fc6063143b190b1498e49dd2d6e39dd471a2174ab5aca8d
vivos_aggregate,results_by_snr.csv,legacy_exposed_vivos_300/snr=noisy_all,paper_v2_locked_vivos_460/snr=noisy_all,dataset=vivos;model=whisper;model_size=tiny;train_type=zero_shot;lambda=<blank>;seed=42;snr=noisy_all,fcer,rate,0.4719879518072289,0.4921026653504442,,not_comparable_scope,delta withheld: legacy VIVOS uses 300 exposed source utterances; paper-v2 uses the disjoint 460-utterance locked test and MUSAN-test noise,77,63,1200,1840,a70139c89cbd123b8d0646588b4c7e3dc8c26abf0559cdac6772337d6d1bcfa6,89712f4873a6de7fb84f912d2380419fc48f56c7499ebed5f62528c749a2a146,legacy_v1_exposed_test_selection_and_evaluation,paper_v2_unseen_final_after_noisy_dev_decision_lock,a2f50bae2bdd2e09b1828b1fe6c1aacda860db8b596cb07fa47b088a4938bf73,ee80853e084822daeb9f38871c5d2a5992df205f920e689547e71b7858542010,ccaeadc332fb38449fc6063143b190b1498e49dd2d6e39dd471a2174ab5aca8d
vivos_aggregate,results_by_snr.csv,legacy_exposed_vivos_300/snr=noisy_all,paper_v2_locked_vivos_460/snr=noisy_all,dataset=vivos;model=whisper;model_size=tiny;train_type=zero_shot;lambda=<blank>;seed=42;snr=noisy_all,swdr,rate,0.031879194630872486,0.03634361233480176,,not_comparable_scope,delta withheld: legacy VIVOS uses 300 exposed source utterances; paper-v2 uses the disjoint 460-utterance locked test and MUSAN-test noise,77,63,1200,1840,a70139c89cbd123b8d0646588b4c7e3dc8c26abf0559cdac6772337d6d1bcfa6,89712f4873a6de7fb84f912d2380419fc48f56c7499ebed5f62528c749a2a146,legacy_v1_exposed_test_selection_and_evaluation,paper_v2_unseen_final_after_noisy_dev_decision_lock,a2f50bae2bdd2e09b1828b1fe6c1aacda860db8b596cb07fa47b088a4938bf73,ee80853e084822daeb9f38871c5d2a5992df205f920e689547e71b7858542010,ccaeadc332fb38449fc6063143b190b1498e49dd2d6e39dd471a2174ab5aca8d
vivos_aggregate,results_by_snr.csv,legacy_exposed_vivos_300/snr=noisy_all,paper_v2_locked_vivos_460/snr=noisy_all,dataset=vivos;model=whisper;model_size=tiny;train_type=zero_shot;lambda=<blank>;seed=42;snr=noisy_all,ter,rate,0.15720819922073523,0.1704051270313573,,not_comparable_scope,delta withheld: legacy VIVOS uses 300 exposed source utterances; paper-v2 uses the disjoint 460-utterance locked test and MUSAN-test noise,77,63,1200,1840,a70139c89cbd123b8d0646588b4c7e3dc8c26abf0559cdac6772337d6d1bcfa6,89712f4873a6de7fb84f912d2380419fc48f56c7499ebed5f62528c749a2a146,legacy_v1_exposed_test_selection_and_evaluation,paper_v2_unseen_final_after_noisy_dev_decision_lock,a2f50bae2bdd2e09b1828b1fe6c1aacda860db8b596cb07fa47b088a4938bf73,ee80853e084822daeb9f38871c5d2a5992df205f920e689547e71b7858542010,ccaeadc332fb38449fc6063143b190b1498e49dd2d6e39dd471a2174ab5aca8d
vivos_aggregate,results_by_snr.csv,legacy_exposed_vivos_300/snr=noisy_all,paper_v2_locked_vivos_460/snr=noisy_all,dataset=vivos;model=whisper;model_size=tiny;train_type=zero_shot;lambda=<blank>;seed=42;snr=noisy_all,wer,rate,0.79972240365774,0.828862660944206,,not_comparable_scope,delta withheld: legacy VIVOS uses 300 exposed source utterances; paper-v2 uses the disjoint 460-utterance locked test and MUSAN-test noise,77,63,1200,1840,a70139c89cbd123b8d0646588b4c7e3dc8c26abf0559cdac6772337d6d1bcfa6,89712f4873a6de7fb84f912d2380419fc48f56c7499ebed5f62528c749a2a146,legacy_v1_exposed_test_selection_and_evaluation,paper_v2_unseen_final_after_noisy_dev_decision_lock,a2f50bae2bdd2e09b1828b1fe6c1aacda860db8b596cb07fa47b088a4938bf73,ee80853e084822daeb9f38871c5d2a5992df205f920e689547e71b7858542010,ccaeadc332fb38449fc6063143b190b1498e49dd2d6e39dd471a2174ab5aca8d
vivos_aggregate,results_by_snr.csv,legacy_exposed_vivos_300/snr=0,paper_v2_locked_vivos_460/snr=0,role=locked_control;dataset=vivos;model=phowhisper;model_size=base;train_type=tone_aware_lora;lambda=0.1;seed=42;snr=0,cer,rate,0.15024307431128944,0.13804764789016757,,not_comparable_scope,delta withheld: legacy VIVOS uses 300 exposed source utterances; paper-v2 uses the disjoint 460-utterance locked test and MUSAN-test noise,77,63,300,460,a70139c89cbd123b8d0646588b4c7e3dc8c26abf0559cdac6772337d6d1bcfa6,89712f4873a6de7fb84f912d2380419fc48f56c7499ebed5f62528c749a2a146,legacy_v1_exposed_test_selection_and_evaluation,paper_v2_unseen_final_after_noisy_dev_decision_lock,a2f50bae2bdd2e09b1828b1fe6c1aacda860db8b596cb07fa47b088a4938bf73,ee80853e084822daeb9f38871c5d2a5992df205f920e689547e71b7858542010,ccaeadc332fb38449fc6063143b190b1498e49dd2d6e39dd471a2174ab5aca8d
vivos_aggregate,results_by_snr.csv,legacy_exposed_vivos_300/snr=0,paper_v2_locked_vivos_460/snr=0,role=locked_control;dataset=vivos;model=phowhisper;model_size=base;train_type=tone_aware_lora;lambda=0.1;seed=42;snr=0,der,rate,0.008733624454148471,0.013717052178590641,,not_comparable_scope,delta withheld: legacy VIVOS uses 300 exposed source utterances; paper-v2 uses the disjoint 460-utterance locked test and MUSAN-test noise,77,63,300,460,a70139c89cbd123b8d0646588b4c7e3dc8c26abf0559cdac6772337d6d1bcfa6,89712f4873a6de7fb84f912d2380419fc48f56c7499ebed5f62528c749a2a146,legacy_v1_exposed_test_selection_and_evaluation,paper_v2_unseen_final_after_noisy_dev_decision_lock,a2f50bae2bdd2e09b1828b1fe6c1aacda860db8b596cb07fa47b088a4938bf73,ee80853e084822daeb9f38871c5d2a5992df205f920e689547e71b7858542010,ccaeadc332fb38449fc6063143b190b1498e49dd2d6e39dd471a2174ab5aca8d
vivos_aggregate,results_by_snr.csv,legacy_exposed_vivos_300/snr=0,paper_v2_locked_vivos_460/snr=0,role=locked_control;dataset=vivos;model=phowhisper;model_size=base;train_type=tone_aware_lora;lambda=0.1;seed=42;snr=0,fcer,rate,0.18638676844783714,0.19326315789473683,,not_comparable_scope,delta withheld: legacy VIVOS uses 300 exposed source utterances; paper-v2 uses the disjoint 460-utterance locked test and MUSAN-test noise,77,63,300,460,a70139c89cbd123b8d0646588b4c7e3dc8c26abf0559cdac6772337d6d1bcfa6,89712f4873a6de7fb84f912d2380419fc48f56c7499ebed5f62528c749a2a146,legacy_v1_exposed_test_selection_and_evaluation,paper_v2_unseen_final_after_noisy_dev_decision_lock,a2f50bae2bdd2e09b1828b1fe6c1aacda860db8b596cb07fa47b088a4938bf73,ee80853e084822daeb9f38871c5d2a5992df205f920e689547e71b7858542010,ccaeadc332fb38449fc6063143b190b1498e49dd2d6e39dd471a2174ab5aca8d
vivos_aggregate,results_by_snr.csv,legacy_exposed_vivos_300/snr=0,paper_v2_locked_vivos_460/snr=0,role=locked_control;dataset=vivos;model=phowhisper;model_size=base;train_type=tone_aware_lora;lambda=0.1;seed=42;snr=0,swdr,rate,0.006711409395973154,0.004405286343612335,,not_comparable_scope,delta withheld: legacy VIVOS uses 300 exposed source utterances; paper-v2 uses the disjoint 460-utterance locked test and MUSAN-test noise,77,63,300,460,a70139c89cbd123b8d0646588b4c7e3dc8c26abf0559cdac6772337d6d1bcfa6,89712f4873a6de7fb84f912d2380419fc48f56c7499ebed5f62528c749a2a146,legacy_v1_exposed_test_selection_and_evaluation,paper_v2_unseen_final_after_noisy_dev_decision_lock,a2f50bae2bdd2e09b1828b1fe6c1aacda860db8b596cb07fa47b088a4938bf73,ee80853e084822daeb9f38871c5d2a5992df205f920e689547e71b7858542010,ccaeadc332fb38449fc6063143b190b1498e49dd2d6e39dd471a2174ab5aca8d
vivos_aggregate,results_by_snr.csv,legacy_exposed_vivos_300/snr=0,paper_v2_locked_vivos_460/snr=0,role=locked_control;dataset=vivos;model=phowhisper;model_size=base;train_type=tone_aware_lora;lambda=0.1;seed=42;snr=0,ter,rate,0.023015873015873017,0.029157667386609073,,not_comparable_scope,delta withheld: legacy VIVOS uses 300 exposed source utterances; paper-v2 uses the disjoint 460-utterance locked test and MUSAN-test noise,77,63,300,460,a70139c89cbd123b8d0646588b4c7e3dc8c26abf0559cdac6772337d6d1bcfa6,89712f4873a6de7fb84f912d2380419fc48f56c7499ebed5f62528c749a2a146,legacy_v1_exposed_test_selection_and_evaluation,paper_v2_unseen_final_after_noisy_dev_decision_lock,a2f50bae2bdd2e09b1828b1fe6c1aacda860db8b596cb07fa47b088a4938bf73,ee80853e084822daeb9f38871c5d2a5992df205f920e689547e71b7858542010,ccaeadc332fb38449fc6063143b190b1498e49dd2d6e39dd471a2174ab5aca8d
vivos_aggregate,results_by_snr.csv,legacy_exposed_vivos_300/snr=0,paper_v2_locked_vivos_460/snr=0,role=locked_control;dataset=vivos;model=phowhisper;model_size=base;train_type=tone_aware_lora;lambda=0.1;seed=42;snr=0,wer,rate,0.23938602220770738,0.24356223175965666,,not_comparable_scope,delta withheld: legacy VIVOS uses 300 exposed source utterances; paper-v2 uses the disjoint 460-utterance locked test and MUSAN-test noise,77,63,300,460,a70139c89cbd123b8d0646588b4c7e3dc8c26abf0559cdac6772337d6d1bcfa6,89712f4873a6de7fb84f912d2380419fc48f56c7499ebed5f62528c749a2a146,legacy_v1_exposed_test_selection_and_evaluation,paper_v2_unseen_final_after_noisy_dev_decision_lock,a2f50bae2bdd2e09b1828b1fe6c1aacda860db8b596cb07fa47b088a4938bf73,ee80853e084822daeb9f38871c5d2a5992df205f920e689547e71b7858542010,ccaeadc332fb38449fc6063143b190b1498e49dd2d6e39dd471a2174ab5aca8d
vivos_aggregate,results_by_snr.csv,legacy_exposed_vivos_300/snr=10,paper_v2_locked_vivos_460/snr=10,role=locked_control;dataset=vivos;model=phowhisper;model_size=base;train_type=tone_aware_lora;lambda=0.1;seed=42;snr=10,cer,rate,0.051084188594798983,0.049717343024429636,,not_comparable_scope,delta withheld: legacy VIVOS uses 300 exposed source utterances; paper-v2 uses the disjoint 460-utterance locked test and MUSAN-test noise,77,63,300,460,a70139c89cbd123b8d0646588b4c7e3dc8c26abf0559cdac6772337d6d1bcfa6,89712f4873a6de7fb84f912d2380419fc48f56c7499ebed5f62528c749a2a146,legacy_v1_exposed_test_selection_and_evaluation,paper_v2_unseen_final_after_noisy_dev_decision_lock,a2f50bae2bdd2e09b1828b1fe6c1aacda860db8b596cb07fa47b088a4938bf73,ee80853e084822daeb9f38871c5d2a5992df205f920e689547e71b7858542010,ccaeadc332fb38449fc6063143b190b1498e49dd2d6e39dd471a2174ab5aca8d
vivos_aggregate,results_by_snr.csv,legacy_exposed_vivos_300/snr=10,paper_v2_locked_vivos_460/snr=10,role=locked_control;dataset=vivos;model=phowhisper;model_size=base;train_type=tone_aware_lora;lambda=0.1;seed=42;snr=10,der,rate,0.007809726659566915,0.008426966292134831,,not_comparable_scope,delta withheld: legacy VIVOS uses 300 exposed source utterances; paper-v2 uses the disjoint 460-utterance locked test and MUSAN-test noise,77,63,300,460,a70139c89cbd123b8d0646588b4c7e3dc8c26abf0559cdac6772337d6d1bcfa6,89712f4873a6de7fb84f912d2380419fc48f56c7499ebed5f62528c749a2a146,legacy_v1_exposed_test_selection_and_evaluation,paper_v2_unseen_final_after_noisy_dev_decision_lock,a2f50bae2bdd2e09b1828b1fe6c1aacda860db8b596cb07fa47b088a4938bf73,ee80853e084822daeb9f38871c5d2a5992df205f920e689547e71b7858542010,ccaeadc332fb38449fc6063143b190b1498e49dd2d6e39dd471a2174ab5aca8d
vivos_aggregate,results_by_snr.csv,legacy_exposed_vivos_300/snr=10,paper_v2_locked_vivos_460/snr=10,role=locked_control;dataset=vivos;model=phowhisper;model_size=base;train_type=tone_aware_lora;lambda=0.1;seed=42;snr=10,fcer,rate,0.06295081967213115,0.06106539627544391,,not_comparable_scope,delta withheld: legacy VIVOS uses 300 exposed source utterances; paper-v2 uses the disjoint 460-utterance locked test and MUSAN-test noise,77,63,300,460,a70139c89cbd123b8d0646588b4c7e3dc8c26abf0559cdac6772337d6d1bcfa6,89712f4873a6de7fb84f912d2380419fc48f56c7499ebed5f62528c749a2a146,legacy_v1_exposed_test_selection_and_evaluation,paper_v2_unseen_final_after_noisy_dev_decision_lock,a2f50bae2bdd2e09b1828b1fe6c1aacda860db8b596cb07fa47b088a4938bf73,ee80853e084822daeb9f38871c5d2a5992df205f920e689547e71b7858542010,ccaeadc332fb38449fc6063143b190b1498e49dd2d6e39dd471a2174ab5aca8d
vivos_aggregate,results_by_snr.csv,legacy_exposed_vivos_300/snr=10,paper_v2_locked_vivos_460/snr=10,role=locked_control;dataset=vivos;model=phowhisper;model_size=base;train_type=tone_aware_lora;lambda=0.1;seed=42;snr=10,swdr,rate,0.0,0.004405286343612335,,not_comparable_scope,delta withheld: legacy VIVOS uses 300 exposed source utterances; paper-v2 uses the disjoint 460-utterance locked test and MUSAN-test noise,77,63,300,460,a70139c89cbd123b8d0646588b4c7e3dc8c26abf0559cdac6772337d6d1bcfa6,89712f4873a6de7fb84f912d2380419fc48f56c7499ebed5f62528c749a2a146,legacy_v1_exposed_test_selection_and_evaluation,paper_v2_unseen_final_after_noisy_dev_decision_lock,a2f50bae2bdd2e09b1828b1fe6c1aacda860db8b596cb07fa47b088a4938bf73,ee80853e084822daeb9f38871c5d2a5992df205f920e689547e71b7858542010,ccaeadc332fb38449fc6063143b190b1498e49dd2d6e39dd471a2174ab5aca8d
vivos_aggregate,results_by_snr.csv,legacy_exposed_vivos_300/snr=10,paper_v2_locked_vivos_460/snr=10,role=locked_control;dataset=vivos;model=phowhisper;model_size=base;train_type=tone_aware_lora;lambda=0.1;seed=42;snr=10,ter,rate,0.011404133998574484,0.014813073124853044,,not_comparable_scope,delta withheld: legacy VIVOS uses 300 exposed source utterances; paper-v2 uses the disjoint 460-utterance locked test and MUSAN-test noise,77,63,300,460,a70139c89cbd123b8d0646588b4c7e3dc8c26abf0559cdac6772337d6d1bcfa6,89712f4873a6de7fb84f912d2380419fc48f56c7499ebed5f62528c749a2a146,legacy_v1_exposed_test_selection_and_evaluation,paper_v2_unseen_final_after_noisy_dev_decision_lock,a2f50bae2bdd2e09b1828b1fe6c1aacda860db8b596cb07fa47b088a4938bf73,ee80853e084822daeb9f38871c5d2a5992df205f920e689547e71b7858542010,ccaeadc332fb38449fc6063143b190b1498e49dd2d6e39dd471a2174ab5aca8d
vivos_aggregate,results_by_snr.csv,legacy_exposed_vivos_300/snr=10,paper_v2_locked_vivos_460/snr=10,role=locked_control;dataset=vivos;model=phowhisper;model_size=base;train_type=tone_aware_lora;lambda=0.1;seed=42;snr=10,wer,rate,0.10222077073807968,0.10686695278969957,,not_comparable_scope,delta withheld: legacy VIVOS uses 300 exposed source utterances; paper-v2 uses the disjoint 460-utterance locked test and MUSAN-test noise,77,63,300,460,a70139c89cbd123b8d0646588b4c7e3dc8c26abf0559cdac6772337d6d1bcfa6,89712f4873a6de7fb84f912d2380419fc48f56c7499ebed5f62528c749a2a146,legacy_v1_exposed_test_selection_and_evaluation,paper_v2_unseen_final_after_noisy_dev_decision_lock,a2f50bae2bdd2e09b1828b1fe6c1aacda860db8b596cb07fa47b088a4938bf73,ee80853e084822daeb9f38871c5d2a5992df205f920e689547e71b7858542010,ccaeadc332fb38449fc6063143b190b1498e49dd2d6e39dd471a2174ab5aca8d
vivos_aggregate,results_by_snr.csv,legacy_exposed_vivos_300/snr=20,paper_v2_locked_vivos_460/snr=20,role=locked_control;dataset=vivos;model=phowhisper;model_size=base;train_type=tone_aware_lora;lambda=0.1;seed=42;snr=20,cer,rate,0.03920055559842581,0.039925297799313544,,not_comparable_scope,delta withheld: legacy VIVOS uses 300 exposed source utterances; paper-v2 uses the disjoint 460-utterance locked test and MUSAN-test noise,77,63,300,460,a70139c89cbd123b8d0646588b4c7e3dc8c26abf0559cdac6772337d6d1bcfa6,89712f4873a6de7fb84f912d2380419fc48f56c7499ebed5f62528c749a2a146,legacy_v1_exposed_test_selection_and_evaluation,paper_v2_unseen_final_after_noisy_dev_decision_lock,a2f50bae2bdd2e09b1828b1fe6c1aacda860db8b596cb07fa47b088a4938bf73,ee80853e084822daeb9f38871c5d2a5992df205f920e689547e71b7858542010,ccaeadc332fb38449fc6063143b190b1498e49dd2d6e39dd471a2174ab5aca8d
vivos_aggregate,results_by_snr.csv,legacy_exposed_vivos_300/snr=20,paper_v2_locked_vivos_460/snr=20,role=locked_control;dataset=vivos;model=phowhisper;model_size=base;train_type=tone_aware_lora;lambda=0.1;seed=42;snr=20,der,rate,0.0070028011204481795,0.008492081707596971,,not_comparable_scope,delta withheld: legacy VIVOS uses 300 exposed source utterances; paper-v2 uses the disjoint 460-utterance locked test and MUSAN-test noise,77,63,300,460,a70139c89cbd123b8d0646588b4c7e3dc8c26abf0559cdac6772337d6d1bcfa6,89712f4873a6de7fb84f912d2380419fc48f56c7499ebed5f62528c749a2a146,legacy_v1_exposed_test_selection_and_evaluation,paper_v2_unseen_final_after_noisy_dev_decision_lock,a2f50bae2bdd2e09b1828b1fe6c1aacda860db8b596cb07fa47b088a4938bf73,ee80853e084822daeb9f38871c5d2a5992df205f920e689547e71b7858542010,ccaeadc332fb38449fc6063143b190b1498e49dd2d6e39dd471a2174ab5aca8d
vivos_aggregate,results_by_snr.csv,legacy_exposed_vivos_300/snr=20,paper_v2_locked_vivos_460/snr=20,role=locked_control;dataset=vivos;model=phowhisper;model_size=base;train_type=tone_aware_lora;lambda=0.1;seed=42;snr=20,fcer,rate,0.04739960500329164,0.048505846686877435,,not_comparable_scope,delta withheld: legacy VIVOS uses 300 exposed source utterances; paper-v2 uses the disjoint 460-utterance locked test and MUSAN-test noise,77,63,300,460,a70139c89cbd123b8d0646588b4c7e3dc8c26abf0559cdac6772337d6d1bcfa6,89712f4873a6de7fb84f912d2380419fc48f56c7499ebed5f62528c749a2a146,legacy_v1_exposed_test_selection_and_evaluation,paper_v2_unseen_final_after_noisy_dev_decision_lock,a2f50bae2bdd2e09b1828b1fe6c1aacda860db8b596cb07fa47b088a4938bf73,ee80853e084822daeb9f38871c5d2a5992df205f920e689547e71b7858542010,ccaeadc332fb38449fc6063143b190b1498e49dd2d6e39dd471a2174ab5aca8d
vivos_aggregate,results_by_snr.csv,legacy_exposed_vivos_300/snr=20,paper_v2_locked_vivos_460/snr=20,role=locked_control;dataset=vivos;model=phowhisper;model_size=base;train_type=tone_aware_lora;lambda=0.1;seed=42;snr=20,swdr,rate,0.0,0.004405286343612335,,not_comparable_scope,delta withheld: legacy VIVOS uses 300 exposed source utterances; paper-v2 uses the disjoint 460-utterance locked test and MUSAN-test noise,77,63,300,460,a70139c89cbd123b8d0646588b4c7e3dc8c26abf0559cdac6772337d6d1bcfa6,89712f4873a6de7fb84f912d2380419fc48f56c7499ebed5f62528c749a2a146,legacy_v1_exposed_test_selection_and_evaluation,paper_v2_unseen_final_after_noisy_dev_decision_lock,a2f50bae2bdd2e09b1828b1fe6c1aacda860db8b596cb07fa47b088a4938bf73,ee80853e084822daeb9f38871c5d2a5992df205f920e689547e71b7858542010,ccaeadc332fb38449fc6063143b190b1498e49dd2d6e39dd471a2174ab5aca8d
vivos_aggregate,results_by_snr.csv,legacy_exposed_vivos_300/snr=20,paper_v2_locked_vivos_460/snr=20,role=locked_control;dataset=vivos;model=phowhisper;model_size=base;train_type=tone_aware_lora;lambda=0.1;seed=42;snr=20,ter,rate,0.011243851018973999,0.012465373961218837,,not_comparable_scope,delta withheld: legacy VIVOS uses 300 exposed source utterances; paper-v2 uses the disjoint 460-utterance locked test and MUSAN-test noise,77,63,300,460,a70139c89cbd123b8d0646588b4c7e3dc8c26abf0559cdac6772337d6d1bcfa6,89712f4873a6de7fb84f912d2380419fc48f56c7499ebed5f62528c749a2a146,legacy_v1_exposed_test_selection_and_evaluation,paper_v2_unseen_final_after_noisy_dev_decision_lock,a2f50bae2bdd2e09b1828b1fe6c1aacda860db8b596cb07fa47b088a4938bf73,ee80853e084822daeb9f38871c5d2a5992df205f920e689547e71b7858542010,ccaeadc332fb38449fc6063143b190b1498e49dd2d6e39dd471a2174ab5aca8d
vivos_aggregate,results_by_snr.csv,legacy_exposed_vivos_300/snr=20,paper_v2_locked_vivos_460/snr=20,role=locked_control;dataset=vivos;model=phowhisper;model_size=base;train_type=tone_aware_lora;lambda=0.1;seed=42;snr=20,wer,rate,0.0852384062704115,0.08669527896995709,,not_comparable_scope,delta withheld: legacy VIVOS uses 300 exposed source utterances; paper-v2 uses the disjoint 460-utterance locked test and MUSAN-test noise,77,63,300,460,a70139c89cbd123b8d0646588b4c7e3dc8c26abf0559cdac6772337d6d1bcfa6,89712f4873a6de7fb84f912d2380419fc48f56c7499ebed5f62528c749a2a146,legacy_v1_exposed_test_selection_and_evaluation,paper_v2_unseen_final_after_noisy_dev_decision_lock,a2f50bae2bdd2e09b1828b1fe6c1aacda860db8b596cb07fa47b088a4938bf73,ee80853e084822daeb9f38871c5d2a5992df205f920e689547e71b7858542010,ccaeadc332fb38449fc6063143b190b1498e49dd2d6e39dd471a2174ab5aca8d
vivos_aggregate,results_by_snr.csv,legacy_exposed_vivos_300/snr=5,paper_v2_locked_vivos_460/snr=5,role=locked_control;dataset=vivos;model=phowhisper;model_size=base;train_type=tone_aware_lora;lambda=0.1;seed=42;snr=5,cer,rate,0.084497260591095,0.0667272360185746,,not_comparable_scope,delta withheld: legacy VIVOS uses 300 exposed source utterances; paper-v2 uses the disjoint 460-utterance locked test and MUSAN-test noise,77,63,300,460,a70139c89cbd123b8d0646588b4c7e3dc8c26abf0559cdac6772337d6d1bcfa6,89712f4873a6de7fb84f912d2380419fc48f56c7499ebed5f62528c749a2a146,legacy_v1_exposed_test_selection_and_evaluation,paper_v2_unseen_final_after_noisy_dev_decision_lock,a2f50bae2bdd2e09b1828b1fe6c1aacda860db8b596cb07fa47b088a4938bf73,ee80853e084822daeb9f38871c5d2a5992df205f920e689547e71b7858542010,ccaeadc332fb38449fc6063143b190b1498e49dd2d6e39dd471a2174ab5aca8d
vivos_aggregate,results_by_snr.csv,legacy_exposed_vivos_300/snr=5,paper_v2_locked_vivos_460/snr=5,role=locked_control;dataset=vivos;model=phowhisper;model_size=base;train_type=tone_aware_lora;lambda=0.1;seed=42;snr=5,der,rate,0.009147457006952067,0.010059880239520959,,not_comparable_scope,delta withheld: legacy VIVOS uses 300 exposed source utterances; paper-v2 uses the disjoint 460-utterance locked test and MUSAN-test noise,77,63,300,460,a70139c89cbd123b8d0646588b4c7e3dc8c26abf0559cdac6772337d6d1bcfa6,89712f4873a6de7fb84f912d2380419fc48f56c7499ebed5f62528c749a2a146,legacy_v1_exposed_test_selection_and_evaluation,paper_v2_unseen_final_after_noisy_dev_decision_lock,a2f50bae2bdd2e09b1828b1fe6c1aacda860db8b596cb07fa47b088a4938bf73,ee80853e084822daeb9f38871c5d2a5992df205f920e689547e71b7858542010,ccaeadc332fb38449fc6063143b190b1498e49dd2d6e39dd471a2174ab5aca8d
vivos_aggregate,results_by_snr.csv,legacy_exposed_vivos_300/snr=5,paper_v2_locked_vivos_460/snr=5,role=locked_control;dataset=vivos;model=phowhisper;model_size=base;train_type=tone_aware_lora;lambda=0.1;seed=42;snr=5,fcer,rate,0.0938722294654498,0.08448275862068966,,not_comparable_scope,delta withheld: legacy VIVOS uses 300 exposed source utterances; paper-v2 uses the disjoint 460-utterance locked test and MUSAN-test noise,77,63,300,460,a70139c89cbd123b8d0646588b4c7e3dc8c26abf0559cdac6772337d6d1bcfa6,89712f4873a6de7fb84f912d2380419fc48f56c7499ebed5f62528c749a2a146,legacy_v1_exposed_test_selection_and_evaluation,paper_v2_unseen_final_after_noisy_dev_decision_lock,a2f50bae2bdd2e09b1828b1fe6c1aacda860db8b596cb07fa47b088a4938bf73,ee80853e084822daeb9f38871c5d2a5992df205f920e689547e71b7858542010,ccaeadc332fb38449fc6063143b190b1498e49dd2d6e39dd471a2174ab5aca8d
vivos_aggregate,results_by_snr.csv,legacy_exposed_vivos_300/snr=5,paper_v2_locked_vivos_460/snr=5,role=locked_control;dataset=vivos;model=phowhisper;model_size=base;train_type=tone_aware_lora;lambda=0.1;seed=42;snr=5,swdr,rate,0.006711409395973154,0.004405286343612335,,not_comparable_scope,delta withheld: legacy VIVOS uses 300 exposed source utterances; paper-v2 uses the disjoint 460-utterance locked test and MUSAN-test noise,77,63,300,460,a70139c89cbd123b8d0646588b4c7e3dc8c26abf0559cdac6772337d6d1bcfa6,89712f4873a6de7fb84f912d2380419fc48f56c7499ebed5f62528c749a2a146,legacy_v1_exposed_test_selection_and_evaluation,paper_v2_unseen_final_after_noisy_dev_decision_lock,a2f50bae2bdd2e09b1828b1fe6c1aacda860db8b596cb07fa47b088a4938bf73,ee80853e084822daeb9f38871c5d2a5992df205f920e689547e71b7858542010,ccaeadc332fb38449fc6063143b190b1498e49dd2d6e39dd471a2174ab5aca8d
vivos_aggregate,results_by_snr.csv,legacy_exposed_vivos_300/snr=5,paper_v2_locked_vivos_460/snr=5,role=locked_control;dataset=vivos;model=phowhisper;model_size=base;train_type=tone_aware_lora;lambda=0.1;seed=42;snr=5,ter,rate,0.016886930983847283,0.017835623041696794,,not_comparable_scope,delta withheld: legacy VIVOS uses 300 exposed source utterances; paper-v2 uses the disjoint 460-utterance locked test and MUSAN-test noise,77,63,300,460,a70139c89cbd123b8d0646588b4c7e3dc8c26abf0559cdac6772337d6d1bcfa6,89712f4873a6de7fb84f912d2380419fc48f56c7499ebed5f62528c749a2a146,legacy_v1_exposed_test_selection_and_evaluation,paper_v2_unseen_final_after_noisy_dev_decision_lock,a2f50bae2bdd2e09b1828b1fe6c1aacda860db8b596cb07fa47b088a4938bf73,ee80853e084822daeb9f38871c5d2a5992df205f920e689547e71b7858542010,ccaeadc332fb38449fc6063143b190b1498e49dd2d6e39dd471a2174ab5aca8d
vivos_aggregate,results_by_snr.csv,legacy_exposed_vivos_300/snr=5,paper_v2_locked_vivos_460/snr=5,role=locked_control;dataset=vivos;model=phowhisper;model_size=base;train_type=tone_aware_lora;lambda=0.1;seed=42;snr=5,wer,rate,0.15022860875244937,0.13283261802575108,,not_comparable_scope,delta withheld: legacy VIVOS uses 300 exposed source utterances; paper-v2 uses the disjoint 460-utterance locked test and MUSAN-test noise,77,63,300,460,a70139c89cbd123b8d0646588b4c7e3dc8c26abf0559cdac6772337d6d1bcfa6,89712f4873a6de7fb84f912d2380419fc48f56c7499ebed5f62528c749a2a146,legacy_v1_exposed_test_selection_and_evaluation,paper_v2_unseen_final_after_noisy_dev_decision_lock,a2f50bae2bdd2e09b1828b1fe6c1aacda860db8b596cb07fa47b088a4938bf73,ee80853e084822daeb9f38871c5d2a5992df205f920e689547e71b7858542010,ccaeadc332fb38449fc6063143b190b1498e49dd2d6e39dd471a2174ab5aca8d
vivos_aggregate,results_by_snr.csv,legacy_exposed_vivos_300/snr=all,paper_v2_locked_vivos_460/snr=all,role=locked_control;dataset=vivos;model=phowhisper;model_size=base;train_type=tone_aware_lora;lambda=0.1;seed=42;snr=all,cer,rate,0.07168763021838105,0.06673733091055925,,not_comparable_scope,delta withheld: legacy VIVOS uses 300 exposed source utterances; paper-v2 uses the disjoint 460-utterance locked test and MUSAN-test noise,77,63,1500,2300,a70139c89cbd123b8d0646588b4c7e3dc8c26abf0559cdac6772337d6d1bcfa6,89712f4873a6de7fb84f912d2380419fc48f56c7499ebed5f62528c749a2a146,legacy_v1_exposed_test_selection_and_evaluation,paper_v2_unseen_final_after_noisy_dev_decision_lock,a2f50bae2bdd2e09b1828b1fe6c1aacda860db8b596cb07fa47b088a4938bf73,ee80853e084822daeb9f38871c5d2a5992df205f920e689547e71b7858542010,ccaeadc332fb38449fc6063143b190b1498e49dd2d6e39dd471a2174ab5aca8d
vivos_aggregate,results_by_snr.csv,legacy_exposed_vivos_300/snr=all,paper_v2_locked_vivos_460/snr=all,role=locked_control;dataset=vivos;model=phowhisper;model_size=base;train_type=tone_aware_lora;lambda=0.1;seed=42;snr=all,der,rate,0.007895689967403115,0.009914742791455121,,not_comparable_scope,delta withheld: legacy VIVOS uses 300 exposed source utterances; paper-v2 uses the disjoint 460-utterance locked test and MUSAN-test noise,77,63,1500,2300,a70139c89cbd123b8d0646588b4c7e3dc8c26abf0559cdac6772337d6d1bcfa6,89712f4873a6de7fb84f912d2380419fc48f56c7499ebed5f62528c749a2a146,legacy_v1_exposed_test_selection_and_evaluation,paper_v2_unseen_final_after_noisy_dev_decision_lock,a2f50bae2bdd2e09b1828b1fe6c1aacda860db8b596cb07fa47b088a4938bf73,ee80853e084822daeb9f38871c5d2a5992df205f920e689547e71b7858542010,ccaeadc332fb38449fc6063143b190b1498e49dd2d6e39dd471a2174ab5aca8d
vivos_aggregate,results_by_snr.csv,legacy_exposed_vivos_300/snr=all,paper_v2_locked_vivos_460/snr=all,role=locked_control;dataset=vivos;model=phowhisper;model_size=base;train_type=tone_aware_lora;lambda=0.1;seed=42;snr=all,fcer,rate,0.08658234450384665,0.08778724502969275,,not_comparable_scope,delta withheld: legacy VIVOS uses 300 exposed source utterances; paper-v2 uses the disjoint 460-utterance locked test and MUSAN-test noise,77,63,1500,2300,a70139c89cbd123b8d0646588b4c7e3dc8c26abf0559cdac6772337d6d1bcfa6,89712f4873a6de7fb84f912d2380419fc48f56c7499ebed5f62528c749a2a146,legacy_v1_exposed_test_selection_and_evaluation,paper_v2_unseen_final_after_noisy_dev_decision_lock,a2f50bae2bdd2e09b1828b1fe6c1aacda860db8b596cb07fa47b088a4938bf73,ee80853e084822daeb9f38871c5d2a5992df205f920e689547e71b7858542010,ccaeadc332fb38449fc6063143b190b1498e49dd2d6e39dd471a2174ab5aca8d
vivos_aggregate,results_by_snr.csv,legacy_exposed_vivos_300/snr=all,paper_v2_locked_vivos_460/snr=all,role=locked_control;dataset=vivos;model=phowhisper;model_size=base;train_type=tone_aware_lora;lambda=0.1;seed=42;snr=all,swdr,rate,0.0026845637583892616,0.004405286343612335,,not_comparable_scope,delta withheld: legacy VIVOS uses 300 exposed source utterances; paper-v2 uses the disjoint 460-utterance locked test and MUSAN-test noise,77,63,1500,2300,a70139c89cbd123b8d0646588b4c7e3dc8c26abf0559cdac6772337d6d1bcfa6,89712f4873a6de7fb84f912d2380419fc48f56c7499ebed5f62528c749a2a146,legacy_v1_exposed_test_selection_and_evaluation,paper_v2_unseen_final_after_noisy_dev_decision_lock,a2f50bae2bdd2e09b1828b1fe6c1aacda860db8b596cb07fa47b088a4938bf73,ee80853e084822daeb9f38871c5d2a5992df205f920e689547e71b7858542010,ccaeadc332fb38449fc6063143b190b1498e49dd2d6e39dd471a2174ab5aca8d
vivos_aggregate,results_by_snr.csv,legacy_exposed_vivos_300/snr=all,paper_v2_locked_vivos_460/snr=all,role=locked_control;dataset=vivos;model=phowhisper;model_size=base;train_type=tone_aware_lora;lambda=0.1;seed=42;snr=all,ter,rate,0.014310620369025135,0.01685528533590176,,not_comparable_scope,delta withheld: legacy VIVOS uses 300 exposed source utterances; paper-v2 uses the disjoint 460-utterance locked test and MUSAN-test noise,77,63,1500,2300,a70139c89cbd123b8d0646588b4c7e3dc8c26abf0559cdac6772337d6d1bcfa6,89712f4873a6de7fb84f912d2380419fc48f56c7499ebed5f62528c749a2a146,legacy_v1_exposed_test_selection_and_evaluation,paper_v2_unseen_final_after_noisy_dev_decision_lock,a2f50bae2bdd2e09b1828b1fe6c1aacda860db8b596cb07fa47b088a4938bf73,ee80853e084822daeb9f38871c5d2a5992df205f920e689547e71b7858542010,ccaeadc332fb38449fc6063143b190b1498e49dd2d6e39dd471a2174ab5aca8d
vivos_aggregate,results_by_snr.csv,legacy_exposed_vivos_300/snr=all,paper_v2_locked_vivos_460/snr=all,role=locked_control;dataset=vivos;model=phowhisper;model_size=base;train_type=tone_aware_lora;lambda=0.1;seed=42;snr=all,wer,rate,0.13037230568256042,0.13128755364806868,,not_comparable_scope,delta withheld: legacy VIVOS uses 300 exposed source utterances; paper-v2 uses the disjoint 460-utterance locked test and MUSAN-test noise,77,63,1500,2300,a70139c89cbd123b8d0646588b4c7e3dc8c26abf0559cdac6772337d6d1bcfa6,89712f4873a6de7fb84f912d2380419fc48f56c7499ebed5f62528c749a2a146,legacy_v1_exposed_test_selection_and_evaluation,paper_v2_unseen_final_after_noisy_dev_decision_lock,a2f50bae2bdd2e09b1828b1fe6c1aacda860db8b596cb07fa47b088a4938bf73,ee80853e084822daeb9f38871c5d2a5992df205f920e689547e71b7858542010,ccaeadc332fb38449fc6063143b190b1498e49dd2d6e39dd471a2174ab5aca8d
vivos_aggregate,results_by_snr.csv,legacy_exposed_vivos_300/snr=clean,paper_v2_locked_vivos_460/snr=clean,role=locked_control;dataset=vivos;model=phowhisper;model_size=base;train_type=tone_aware_lora;lambda=0.1;seed=42;snr=clean,cer,rate,0.033413071996296013,0.03926912982031092,,not_comparable_scope,delta withheld: legacy VIVOS uses 300 exposed source utterances; paper-v2 uses the disjoint 460-utterance locked test and MUSAN-test noise,77,63,300,460,a70139c89cbd123b8d0646588b4c7e3dc8c26abf0559cdac6772337d6d1bcfa6,89712f4873a6de7fb84f912d2380419fc48f56c7499ebed5f62528c749a2a146,legacy_v1_exposed_test_selection_and_evaluation,paper_v2_unseen_final_after_noisy_dev_decision_lock,a2f50bae2bdd2e09b1828b1fe6c1aacda860db8b596cb07fa47b088a4938bf73,ee80853e084822daeb9f38871c5d2a5992df205f920e689547e71b7858542010,ccaeadc332fb38449fc6063143b190b1498e49dd2d6e39dd471a2174ab5aca8d
vivos_aggregate,results_by_snr.csv,legacy_exposed_vivos_300/snr=clean,paper_v2_locked_vivos_460/snr=clean,role=locked_control;dataset=vivos;model=phowhisper;model_size=base;train_type=tone_aware_lora;lambda=0.1;seed=42;snr=clean,der,rate,0.006944444444444444,0.009412304866850322,,not_comparable_scope,delta withheld: legacy VIVOS uses 300 exposed source utterances; paper-v2 uses the disjoint 460-utterance locked test and MUSAN-test noise,77,63,300,460,a70139c89cbd123b8d0646588b4c7e3dc8c26abf0559cdac6772337d6d1bcfa6,89712f4873a6de7fb84f912d2380419fc48f56c7499ebed5f62528c749a2a146,legacy_v1_exposed_test_selection_and_evaluation,paper_v2_unseen_final_after_noisy_dev_decision_lock,a2f50bae2bdd2e09b1828b1fe6c1aacda860db8b596cb07fa47b088a4938bf73,ee80853e084822daeb9f38871c5d2a5992df205f920e689547e71b7858542010,ccaeadc332fb38449fc6063143b190b1498e49dd2d6e39dd471a2174ab5aca8d
vivos_aggregate,results_by_snr.csv,legacy_exposed_vivos_300/snr=clean,paper_v2_locked_vivos_460/snr=clean,role=locked_control;dataset=vivos;model=phowhisper;model_size=base;train_type=tone_aware_lora;lambda=0.1;seed=42;snr=clean,fcer,rate,0.038841342988808425,0.04856895056374675,,not_comparable_scope,delta withheld: legacy VIVOS uses 300 exposed source utterances; paper-v2 uses the disjoint 460-utterance locked test and MUSAN-test noise,77,63,300,460,a70139c89cbd123b8d0646588b4c7e3dc8c26abf0559cdac6772337d6d1bcfa6,89712f4873a6de7fb84f912d2380419fc48f56c7499ebed5f62528c749a2a146,legacy_v1_exposed_test_selection_and_evaluation,paper_v2_unseen_final_after_noisy_dev_decision_lock,a2f50bae2bdd2e09b1828b1fe6c1aacda860db8b596cb07fa47b088a4938bf73,ee80853e084822daeb9f38871c5d2a5992df205f920e689547e71b7858542010,ccaeadc332fb38449fc6063143b190b1498e49dd2d6e39dd471a2174ab5aca8d
vivos_aggregate,results_by_snr.csv,legacy_exposed_vivos_300/snr=clean,paper_v2_locked_vivos_460/snr=clean,role=locked_control;dataset=vivos;model=phowhisper;model_size=base;train_type=tone_aware_lora;lambda=0.1;seed=42;snr=clean,swdr,rate,0.0,0.004405286343612335,,not_comparable_scope,delta withheld: legacy VIVOS uses 300 exposed source utterances; paper-v2 uses the disjoint 460-utterance locked test and MUSAN-test noise,77,63,300,460,a70139c89cbd123b8d0646588b4c7e3dc8c26abf0559cdac6772337d6d1bcfa6,89712f4873a6de7fb84f912d2380419fc48f56c7499ebed5f62528c749a2a146,legacy_v1_exposed_test_selection_and_evaluation,paper_v2_unseen_final_after_noisy_dev_decision_lock,a2f50bae2bdd2e09b1828b1fe6c1aacda860db8b596cb07fa47b088a4938bf73,ee80853e084822daeb9f38871c5d2a5992df205f920e689547e71b7858542010,ccaeadc332fb38449fc6063143b190b1498e49dd2d6e39dd471a2174ab5aca8d
vivos_aggregate,results_by_snr.csv,legacy_exposed_vivos_300/snr=clean,paper_v2_locked_vivos_460/snr=clean,role=locked_control;dataset=vivos;model=phowhisper;model_size=base;train_type=tone_aware_lora;lambda=0.1;seed=42;snr=clean,ter,rate,0.010104529616724738,0.011786457129651028,,not_comparable_scope,delta withheld: legacy VIVOS uses 300 exposed source utterances; paper-v2 uses the disjoint 460-utterance locked test and MUSAN-test noise,77,63,300,460,a70139c89cbd123b8d0646588b4c7e3dc8c26abf0559cdac6772337d6d1bcfa6,89712f4873a6de7fb84f912d2380419fc48f56c7499ebed5f62528c749a2a146,legacy_v1_exposed_test_selection_and_evaluation,paper_v2_unseen_final_after_noisy_dev_decision_lock,a2f50bae2bdd2e09b1828b1fe6c1aacda860db8b596cb07fa47b088a4938bf73,ee80853e084822daeb9f38871c5d2a5992df205f920e689547e71b7858542010,ccaeadc332fb38449fc6063143b190b1498e49dd2d6e39dd471a2174ab5aca8d
vivos_aggregate,results_by_snr.csv,legacy_exposed_vivos_300/snr=clean,paper_v2_locked_vivos_460/snr=clean,role=locked_control;dataset=vivos;model=phowhisper;model_size=base;train_type=tone_aware_lora;lambda=0.1;seed=42;snr=clean,wer,rate,0.07478772044415415,0.08648068669527897,,not_comparable_scope,delta withheld: legacy VIVOS uses 300 exposed source utterances; paper-v2 uses the disjoint 460-utterance locked test and MUSAN-test noise,77,63,300,460,a70139c89cbd123b8d0646588b4c7e3dc8c26abf0559cdac6772337d6d1bcfa6,89712f4873a6de7fb84f912d2380419fc48f56c7499ebed5f62528c749a2a146,legacy_v1_exposed_test_selection_and_evaluation,paper_v2_unseen_final_after_noisy_dev_decision_lock,a2f50bae2bdd2e09b1828b1fe6c1aacda860db8b596cb07fa47b088a4938bf73,ee80853e084822daeb9f38871c5d2a5992df205f920e689547e71b7858542010,ccaeadc332fb38449fc6063143b190b1498e49dd2d6e39dd471a2174ab5aca8d
vivos_aggregate,results_by_snr.csv,legacy_exposed_vivos_300/snr=noisy_all,paper_v2_locked_vivos_460/snr=noisy_all,role=locked_control;dataset=vivos;model=phowhisper;model_size=base;train_type=tone_aware_lora;lambda=0.1;seed=42;snr=noisy_all,cer,rate,0.08125626977390231,0.07360438118312133,,not_comparable_scope,delta withheld: legacy VIVOS uses 300 exposed source utterances; paper-v2 uses the disjoint 460-utterance locked test and MUSAN-test noise,77,63,1200,1840,a70139c89cbd123b8d0646588b4c7e3dc8c26abf0559cdac6772337d6d1bcfa6,89712f4873a6de7fb84f912d2380419fc48f56c7499ebed5f62528c749a2a146,legacy_v1_exposed_test_selection_and_evaluation,paper_v2_unseen_final_after_noisy_dev_decision_lock,a2f50bae2bdd2e09b1828b1fe6c1aacda860db8b596cb07fa47b088a4938bf73,ee80853e084822daeb9f38871c5d2a5992df205f920e689547e71b7858542010,ccaeadc332fb38449fc6063143b190b1498e49dd2d6e39dd471a2174ab5aca8d
vivos_aggregate,results_by_snr.csv,legacy_exposed_vivos_300/snr=noisy_all,paper_v2_locked_vivos_460/snr=noisy_all,role=locked_control;dataset=vivos;model=phowhisper;model_size=base;train_type=tone_aware_lora;lambda=0.1;seed=42;snr=noisy_all,der,rate,0.00814645308924485,0.010047209780898196,,not_comparable_scope,delta withheld: legacy VIVOS uses 300 exposed source utterances; paper-v2 uses the disjoint 460-utterance locked test and MUSAN-test noise,77,63,1200,1840,a70139c89cbd123b8d0646588b4c7e3dc8c26abf0559cdac6772337d6d1bcfa6,89712f4873a6de7fb84f912d2380419fc48f56c7499ebed5f62528c749a2a146,legacy_v1_exposed_test_selection_and_evaluation,paper_v2_unseen_final_after_noisy_dev_decision_lock,a2f50bae2bdd2e09b1828b1fe6c1aacda860db8b596cb07fa47b088a4938bf73,ee80853e084822daeb9f38871c5d2a5992df205f920e689547e71b7858542010,ccaeadc332fb38449fc6063143b190b1498e49dd2d6e39dd471a2174ab5aca8d
vivos_aggregate,results_by_snr.csv,legacy_exposed_vivos_300/snr=noisy_all,paper_v2_locked_vivos_460/snr=noisy_all,role=locked_control;dataset=vivos;model=phowhisper;model_size=base;train_type=tone_aware_lora;lambda=0.1;seed=42;snr=noisy_all,fcer,rate,0.0983739837398374,0.09749812090626006,,not_comparable_scope,delta withheld: legacy VIVOS uses 300 exposed source utterances; paper-v2 uses the disjoint 460-utterance locked test and MUSAN-test noise,77,63,1200,1840,a70139c89cbd123b8d0646588b4c7e3dc8c26abf0559cdac6772337d6d1bcfa6,89712f4873a6de7fb84f912d2380419fc48f56c7499ebed5f62528c749a2a146,legacy_v1_exposed_test_selection_and_evaluation,paper_v2_unseen_final_after_noisy_dev_decision_lock,a2f50bae2bdd2e09b1828b1fe6c1aacda860db8b596cb07fa47b088a4938bf73,ee80853e084822daeb9f38871c5d2a5992df205f920e689547e71b7858542010,ccaeadc332fb38449fc6063143b190b1498e49dd2d6e39dd471a2174ab5aca8d
vivos_aggregate,results_by_snr.csv,legacy_exposed_vivos_300/snr=noisy_all,paper_v2_locked_vivos_460/snr=noisy_all,role=locked_control;dataset=vivos;model=phowhisper;model_size=base;train_type=tone_aware_lora;lambda=0.1;seed=42;snr=noisy_all,swdr,rate,0.003355704697986577,0.004405286343612335,,not_comparable_scope,delta withheld: legacy VIVOS uses 300 exposed source utterances; paper-v2 uses the disjoint 460-utterance locked test and MUSAN-test noise,77,63,1200,1840,a70139c89cbd123b8d0646588b4c7e3dc8c26abf0559cdac6772337d6d1bcfa6,89712f4873a6de7fb84f912d2380419fc48f56c7499ebed5f62528c749a2a146,legacy_v1_exposed_test_selection_and_evaluation,paper_v2_unseen_final_after_noisy_dev_decision_lock,a2f50bae2bdd2e09b1828b1fe6c1aacda860db8b596cb07fa47b088a4938bf73,ee80853e084822daeb9f38871c5d2a5992df205f920e689547e71b7858542010,ccaeadc332fb38449fc6063143b190b1498e49dd2d6e39dd471a2174ab5aca8d
vivos_aggregate,results_by_snr.csv,legacy_exposed_vivos_300/snr=noisy_all,paper_v2_locked_vivos_460/snr=noisy_all,role=locked_control;dataset=vivos;model=phowhisper;model_size=base;train_type=tone_aware_lora;lambda=0.1;seed=42;snr=noisy_all,ter,rate,0.015418502202643172,0.018189560773816765,,not_comparable_scope,delta withheld: legacy VIVOS uses 300 exposed source utterances; paper-v2 uses the disjoint 460-utterance locked test and MUSAN-test noise,77,63,1200,1840,a70139c89cbd123b8d0646588b4c7e3dc8c26abf0559cdac6772337d6d1bcfa6,89712f4873a6de7fb84f912d2380419fc48f56c7499ebed5f62528c749a2a146,legacy_v1_exposed_test_selection_and_evaluation,paper_v2_unseen_final_after_noisy_dev_decision_lock,a2f50bae2bdd2e09b1828b1fe6c1aacda860db8b596cb07fa47b088a4938bf73,ee80853e084822daeb9f38871c5d2a5992df205f920e689547e71b7858542010,ccaeadc332fb38449fc6063143b190b1498e49dd2d6e39dd471a2174ab5aca8d
vivos_aggregate,results_by_snr.csv,legacy_exposed_vivos_300/snr=noisy_all,paper_v2_locked_vivos_460/snr=noisy_all,role=locked_control;dataset=vivos;model=phowhisper;model_size=base;train_type=tone_aware_lora;lambda=0.1;seed=42;snr=noisy_all,wer,rate,0.14426845199216198,0.1424892703862661,,not_comparable_scope,delta withheld: legacy VIVOS uses 300 exposed source utterances; paper-v2 uses the disjoint 460-utterance locked test and MUSAN-test noise,77,63,1200,1840,a70139c89cbd123b8d0646588b4c7e3dc8c26abf0559cdac6772337d6d1bcfa6,89712f4873a6de7fb84f912d2380419fc48f56c7499ebed5f62528c749a2a146,legacy_v1_exposed_test_selection_and_evaluation,paper_v2_unseen_final_after_noisy_dev_decision_lock,a2f50bae2bdd2e09b1828b1fe6c1aacda860db8b596cb07fa47b088a4938bf73,ee80853e084822daeb9f38871c5d2a5992df205f920e689547e71b7858542010,ccaeadc332fb38449fc6063143b190b1498e49dd2d6e39dd471a2174ab5aca8d
vivos_aggregate,results_by_snr.csv,legacy_exposed_vivos_300/snr=0,paper_v2_locked_vivos_460/snr=0,role=ordinary_baseline;dataset=vivos;model=phowhisper;model_size=base;train_type=ordinary_lora;lambda=0;seed=42;snr=0,cer,rate,0.15788255266610077,0.14531597011911973,,not_comparable_scope,delta withheld: legacy VIVOS uses 300 exposed source utterances; paper-v2 uses the disjoint 460-utterance locked test and MUSAN-test noise,77,63,300,460,a70139c89cbd123b8d0646588b4c7e3dc8c26abf0559cdac6772337d6d1bcfa6,89712f4873a6de7fb84f912d2380419fc48f56c7499ebed5f62528c749a2a146,legacy_v1_exposed_test_selection_and_evaluation,paper_v2_unseen_final_after_noisy_dev_decision_lock,a2f50bae2bdd2e09b1828b1fe6c1aacda860db8b596cb07fa47b088a4938bf73,ee80853e084822daeb9f38871c5d2a5992df205f920e689547e71b7858542010,ccaeadc332fb38449fc6063143b190b1498e49dd2d6e39dd471a2174ab5aca8d
vivos_aggregate,results_by_snr.csv,legacy_exposed_vivos_300/snr=0,paper_v2_locked_vivos_460/snr=0,role=ordinary_baseline;dataset=vivos;model=phowhisper;model_size=base;train_type=ordinary_lora;lambda=0;seed=42;snr=0,der,rate,0.009101701622477245,0.013694951664876477,,not_comparable_scope,delta withheld: legacy VIVOS uses 300 exposed source utterances; paper-v2 uses the disjoint 460-utterance locked test and MUSAN-test noise,77,63,300,460,a70139c89cbd123b8d0646588b4c7e3dc8c26abf0559cdac6772337d6d1bcfa6,89712f4873a6de7fb84f912d2380419fc48f56c7499ebed5f62528c749a2a146,legacy_v1_exposed_test_selection_and_evaluation,paper_v2_unseen_final_after_noisy_dev_decision_lock,a2f50bae2bdd2e09b1828b1fe6c1aacda860db8b596cb07fa47b088a4938bf73,ee80853e084822daeb9f38871c5d2a5992df205f920e689547e71b7858542010,ccaeadc332fb38449fc6063143b190b1498e49dd2d6e39dd471a2174ab5aca8d
vivos_aggregate,results_by_snr.csv,legacy_exposed_vivos_300/snr=0,paper_v2_locked_vivos_460/snr=0,role=ordinary_baseline;dataset=vivos;model=phowhisper;model_size=base;train_type=ordinary_lora;lambda=0;seed=42;snr=0,fcer,rate,0.18682021753039027,0.19123841617523168,,not_comparable_scope,delta withheld: legacy VIVOS uses 300 exposed source utterances; paper-v2 uses the disjoint 460-utterance locked test and MUSAN-test noise,77,63,300,460,a70139c89cbd123b8d0646588b4c7e3dc8c26abf0559cdac6772337d6d1bcfa6,89712f4873a6de7fb84f912d2380419fc48f56c7499ebed5f62528c749a2a146,legacy_v1_exposed_test_selection_and_evaluation,paper_v2_unseen_final_after_noisy_dev_decision_lock,a2f50bae2bdd2e09b1828b1fe6c1aacda860db8b596cb07fa47b088a4938bf73,ee80853e084822daeb9f38871c5d2a5992df205f920e689547e71b7858542010,ccaeadc332fb38449fc6063143b190b1498e49dd2d6e39dd471a2174ab5aca8d
vivos_aggregate,results_by_snr.csv,legacy_exposed_vivos_300/snr=0,paper_v2_locked_vivos_460/snr=0,role=ordinary_baseline;dataset=vivos;model=phowhisper;model_size=base;train_type=ordinary_lora;lambda=0;seed=42;snr=0,swdr,rate,0.006711409395973154,0.004405286343612335,,not_comparable_scope,delta withheld: legacy VIVOS uses 300 exposed source utterances; paper-v2 uses the disjoint 460-utterance locked test and MUSAN-test noise,77,63,300,460,a70139c89cbd123b8d0646588b4c7e3dc8c26abf0559cdac6772337d6d1bcfa6,89712f4873a6de7fb84f912d2380419fc48f56c7499ebed5f62528c749a2a146,legacy_v1_exposed_test_selection_and_evaluation,paper_v2_unseen_final_after_noisy_dev_decision_lock,a2f50bae2bdd2e09b1828b1fe6c1aacda860db8b596cb07fa47b088a4938bf73,ee80853e084822daeb9f38871c5d2a5992df205f920e689547e71b7858542010,ccaeadc332fb38449fc6063143b190b1498e49dd2d6e39dd471a2174ab5aca8d
vivos_aggregate,results_by_snr.csv,legacy_exposed_vivos_300/snr=0,paper_v2_locked_vivos_460/snr=0,role=ordinary_baseline;dataset=vivos;model=phowhisper;model_size=base;train_type=ordinary_lora;lambda=0;seed=42;snr=0,ter,rate,0.02454473475851148,0.028017241379310345,,not_comparable_scope,delta withheld: legacy VIVOS uses 300 exposed source utterances; paper-v2 uses the disjoint 460-utterance locked test and MUSAN-test noise,77,63,300,460,a70139c89cbd123b8d0646588b4c7e3dc8c26abf0559cdac6772337d6d1bcfa6,89712f4873a6de7fb84f912d2380419fc48f56c7499ebed5f62528c749a2a146,legacy_v1_exposed_test_selection_and_evaluation,paper_v2_unseen_final_after_noisy_dev_decision_lock,a2f50bae2bdd2e09b1828b1fe6c1aacda860db8b596cb07fa47b088a4938bf73,ee80853e084822daeb9f38871c5d2a5992df205f920e689547e71b7858542010,ccaeadc332fb38449fc6063143b190b1498e49dd2d6e39dd471a2174ab5aca8d
vivos_aggregate,results_by_snr.csv,legacy_exposed_vivos_300/snr=0,paper_v2_locked_vivos_460/snr=0,role=ordinary_baseline;dataset=vivos;model=phowhisper;model_size=base;train_type=ordinary_lora;lambda=0;seed=42;snr=0,wer,rate,0.24918354016982364,0.24871244635193132,,not_comparable_scope,delta withheld: legacy VIVOS uses 300 exposed source utterances; paper-v2 uses the disjoint 460-utterance locked test and MUSAN-test noise,77,63,300,460,a70139c89cbd123b8d0646588b4c7e3dc8c26abf0559cdac6772337d6d1bcfa6,89712f4873a6de7fb84f912d2380419fc48f56c7499ebed5f62528c749a2a146,legacy_v1_exposed_test_selection_and_evaluation,paper_v2_unseen_final_after_noisy_dev_decision_lock,a2f50bae2bdd2e09b1828b1fe6c1aacda860db8b596cb07fa47b088a4938bf73,ee80853e084822daeb9f38871c5d2a5992df205f920e689547e71b7858542010,ccaeadc332fb38449fc6063143b190b1498e49dd2d6e39dd471a2174ab5aca8d
vivos_aggregate,results_by_snr.csv,legacy_exposed_vivos_300/snr=10,paper_v2_locked_vivos_460/snr=10,role=ordinary_baseline;dataset=vivos;model=phowhisper;model_size=base;train_type=ordinary_lora;lambda=0;seed=42;snr=10,cer,rate,0.05224168531522494,0.04966686856450636,,not_comparable_scope,delta withheld: legacy VIVOS uses 300 exposed source utterances; paper-v2 uses the disjoint 460-utterance locked test and MUSAN-test noise,77,63,300,460,a70139c89cbd123b8d0646588b4c7e3dc8c26abf0559cdac6772337d6d1bcfa6,89712f4873a6de7fb84f912d2380419fc48f56c7499ebed5f62528c749a2a146,legacy_v1_exposed_test_selection_and_evaluation,paper_v2_unseen_final_after_noisy_dev_decision_lock,a2f50bae2bdd2e09b1828b1fe6c1aacda860db8b596cb07fa47b088a4938bf73,ee80853e084822daeb9f38871c5d2a5992df205f920e689547e71b7858542010,ccaeadc332fb38449fc6063143b190b1498e49dd2d6e39dd471a2174ab5aca8d
vivos_aggregate,results_by_snr.csv,legacy_exposed_vivos_300/snr=10,paper_v2_locked_vivos_460/snr=10,role=ordinary_baseline;dataset=vivos;model=phowhisper;model_size=base;train_type=ordinary_lora;lambda=0;seed=42;snr=10,der,rate,0.009236234458259326,0.008646880112175742,,not_comparable_scope,delta withheld: legacy VIVOS uses 300 exposed source utterances; paper-v2 uses the disjoint 460-utterance locked test and MUSAN-test noise,77,63,300,460,a70139c89cbd123b8d0646588b4c7e3dc8c26abf0559cdac6772337d6d1bcfa6,89712f4873a6de7fb84f912d2380419fc48f56c7499ebed5f62528c749a2a146,legacy_v1_exposed_test_selection_and_evaluation,paper_v2_unseen_final_after_noisy_dev_decision_lock,a2f50bae2bdd2e09b1828b1fe6c1aacda860db8b596cb07fa47b088a4938bf73,ee80853e084822daeb9f38871c5d2a5992df205f920e689547e71b7858542010,ccaeadc332fb38449fc6063143b190b1498e49dd2d6e39dd471a2174ab5aca8d
vivos_aggregate,results_by_snr.csv,legacy_exposed_vivos_300/snr=10,paper_v2_locked_vivos_460/snr=10,role=ordinary_baseline;dataset=vivos;model=phowhisper;model_size=base;train_type=ordinary_lora;lambda=0;seed=42;snr=10,fcer,rate,0.06434668417596848,0.06493506493506493,,not_comparable_scope,delta withheld: legacy VIVOS uses 300 exposed source utterances; paper-v2 uses the disjoint 460-utterance locked test and MUSAN-test noise,77,63,300,460,a70139c89cbd123b8d0646588b4c7e3dc8c26abf0559cdac6772337d6d1bcfa6,89712f4873a6de7fb84f912d2380419fc48f56c7499ebed5f62528c749a2a146,legacy_v1_exposed_test_selection_and_evaluation,paper_v2_unseen_final_after_noisy_dev_decision_lock,a2f50bae2bdd2e09b1828b1fe6c1aacda860db8b596cb07fa47b088a4938bf73,ee80853e084822daeb9f38871c5d2a5992df205f920e689547e71b7858542010,ccaeadc332fb38449fc6063143b190b1498e49dd2d6e39dd471a2174ab5aca8d
vivos_aggregate,results_by_snr.csv,legacy_exposed_vivos_300/snr=10,paper_v2_locked_vivos_460/snr=10,role=ordinary_baseline;dataset=vivos;model=phowhisper;model_size=base;train_type=ordinary_lora;lambda=0;seed=42;snr=10,swdr,rate,0.0,0.004405286343612335,,not_comparable_scope,delta withheld: legacy VIVOS uses 300 exposed source utterances; paper-v2 uses the disjoint 460-utterance locked test and MUSAN-test noise,77,63,300,460,a70139c89cbd123b8d0646588b4c7e3dc8c26abf0559cdac6772337d6d1bcfa6,89712f4873a6de7fb84f912d2380419fc48f56c7499ebed5f62528c749a2a146,legacy_v1_exposed_test_selection_and_evaluation,paper_v2_unseen_final_after_noisy_dev_decision_lock,a2f50bae2bdd2e09b1828b1fe6c1aacda860db8b596cb07fa47b088a4938bf73,ee80853e084822daeb9f38871c5d2a5992df205f920e689547e71b7858542010,ccaeadc332fb38449fc6063143b190b1498e49dd2d6e39dd471a2174ab5aca8d
vivos_aggregate,results_by_snr.csv,legacy_exposed_vivos_300/snr=10,paper_v2_locked_vivos_460/snr=10,role=ordinary_baseline;dataset=vivos;model=phowhisper;model_size=base;train_type=ordinary_lora;lambda=0;seed=42;snr=10,ter,rate,0.01284796573875803,0.01408781404085466,,not_comparable_scope,delta withheld: legacy VIVOS uses 300 exposed source utterances; paper-v2 uses the disjoint 460-utterance locked test and MUSAN-test noise,77,63,300,460,a70139c89cbd123b8d0646588b4c7e3dc8c26abf0559cdac6772337d6d1bcfa6,89712f4873a6de7fb84f912d2380419fc48f56c7499ebed5f62528c749a2a146,legacy_v1_exposed_test_selection_and_evaluation,paper_v2_unseen_final_after_noisy_dev_decision_lock,a2f50bae2bdd2e09b1828b1fe6c1aacda860db8b596cb07fa47b088a4938bf73,ee80853e084822daeb9f38871c5d2a5992df205f920e689547e71b7858542010,ccaeadc332fb38449fc6063143b190b1498e49dd2d6e39dd471a2174ab5aca8d
vivos_aggregate,results_by_snr.csv,legacy_exposed_vivos_300/snr=10,paper_v2_locked_vivos_460/snr=10,role=ordinary_baseline;dataset=vivos;model=phowhisper;model_size=base;train_type=ordinary_lora;lambda=0;seed=42;snr=10,wer,rate,0.10548661005878511,0.10493562231759657,,not_comparable_scope,delta withheld: legacy VIVOS uses 300 exposed source utterances; paper-v2 uses the disjoint 460-utterance locked test and MUSAN-test noise,77,63,300,460,a70139c89cbd123b8d0646588b4c7e3dc8c26abf0559cdac6772337d6d1bcfa6,89712f4873a6de7fb84f912d2380419fc48f56c7499ebed5f62528c749a2a146,legacy_v1_exposed_test_selection_and_evaluation,paper_v2_unseen_final_after_noisy_dev_decision_lock,a2f50bae2bdd2e09b1828b1fe6c1aacda860db8b596cb07fa47b088a4938bf73,ee80853e084822daeb9f38871c5d2a5992df205f920e689547e71b7858542010,ccaeadc332fb38449fc6063143b190b1498e49dd2d6e39dd471a2174ab5aca8d
vivos_aggregate,results_by_snr.csv,legacy_exposed_vivos_300/snr=20,paper_v2_locked_vivos_460/snr=20,role=ordinary_baseline;dataset=vivos;model=phowhisper;model_size=base;train_type=ordinary_lora;lambda=0;seed=42;snr=20,cer,rate,0.03858322401419863,0.03896628306077125,,not_comparable_scope,delta withheld: legacy VIVOS uses 300 exposed source utterances; paper-v2 uses the disjoint 460-utterance locked test and MUSAN-test noise,77,63,300,460,a70139c89cbd123b8d0646588b4c7e3dc8c26abf0559cdac6772337d6d1bcfa6,89712f4873a6de7fb84f912d2380419fc48f56c7499ebed5f62528c749a2a146,legacy_v1_exposed_test_selection_and_evaluation,paper_v2_unseen_final_after_noisy_dev_decision_lock,a2f50bae2bdd2e09b1828b1fe6c1aacda860db8b596cb07fa47b088a4938bf73,ee80853e084822daeb9f38871c5d2a5992df205f920e689547e71b7858542010,ccaeadc332fb38449fc6063143b190b1498e49dd2d6e39dd471a2174ab5aca8d
vivos_aggregate,results_by_snr.csv,legacy_exposed_vivos_300/snr=20,paper_v2_locked_vivos_460/snr=20,role=ordinary_baseline;dataset=vivos;model=phowhisper;model_size=base;train_type=ordinary_lora;lambda=0;seed=42;snr=20,der,rate,0.007334963325183374,0.008262565985770026,,not_comparable_scope,delta withheld: legacy VIVOS uses 300 exposed source utterances; paper-v2 uses the disjoint 460-utterance locked test and MUSAN-test noise,77,63,300,460,a70139c89cbd123b8d0646588b4c7e3dc8c26abf0559cdac6772337d6d1bcfa6,89712f4873a6de7fb84f912d2380419fc48f56c7499ebed5f62528c749a2a146,legacy_v1_exposed_test_selection_and_evaluation,paper_v2_unseen_final_after_noisy_dev_decision_lock,a2f50bae2bdd2e09b1828b1fe6c1aacda860db8b596cb07fa47b088a4938bf73,ee80853e084822daeb9f38871c5d2a5992df205f920e689547e71b7858542010,ccaeadc332fb38449fc6063143b190b1498e49dd2d6e39dd471a2174ab5aca8d
vivos_aggregate,results_by_snr.csv,legacy_exposed_vivos_300/snr=20,paper_v2_locked_vivos_460/snr=20,role=ordinary_baseline;dataset=vivos;model=phowhisper;model_size=base;train_type=ordinary_lora;lambda=0;seed=42;snr=20,fcer,rate,0.04602235371466141,0.049023861171366596,,not_comparable_scope,delta withheld: legacy VIVOS uses 300 exposed source utterances; paper-v2 uses the disjoint 460-utterance locked test and MUSAN-test noise,77,63,300,460,a70139c89cbd123b8d0646588b4c7e3dc8c26abf0559cdac6772337d6d1bcfa6,89712f4873a6de7fb84f912d2380419fc48f56c7499ebed5f62528c749a2a146,legacy_v1_exposed_test_selection_and_evaluation,paper_v2_unseen_final_after_noisy_dev_decision_lock,a2f50bae2bdd2e09b1828b1fe6c1aacda860db8b596cb07fa47b088a4938bf73,ee80853e084822daeb9f38871c5d2a5992df205f920e689547e71b7858542010,ccaeadc332fb38449fc6063143b190b1498e49dd2d6e39dd471a2174ab5aca8d
vivos_aggregate,results_by_snr.csv,legacy_exposed_vivos_300/snr=20,paper_v2_locked_vivos_460/snr=20,role=ordinary_baseline;dataset=vivos;model=phowhisper;model_size=base;train_type=ordinary_lora;lambda=0;seed=42;snr=20,swdr,rate,0.0,0.004405286343612335,,not_comparable_scope,delta withheld: legacy VIVOS uses 300 exposed source utterances; paper-v2 uses the disjoint 460-utterance locked test and MUSAN-test noise,77,63,300,460,a70139c89cbd123b8d0646588b4c7e3dc8c26abf0559cdac6772337d6d1bcfa6,89712f4873a6de7fb84f912d2380419fc48f56c7499ebed5f62528c749a2a146,legacy_v1_exposed_test_selection_and_evaluation,paper_v2_unseen_final_after_noisy_dev_decision_lock,a2f50bae2bdd2e09b1828b1fe6c1aacda860db8b596cb07fa47b088a4938bf73,ee80853e084822daeb9f38871c5d2a5992df205f920e689547e71b7858542010,ccaeadc332fb38449fc6063143b190b1498e49dd2d6e39dd471a2174ab5aca8d
vivos_aggregate,results_by_snr.csv,legacy_exposed_vivos_300/snr=20,paper_v2_locked_vivos_460/snr=20,role=ordinary_baseline;dataset=vivos;model=phowhisper;model_size=base;train_type=ordinary_lora;lambda=0;seed=42;snr=20,ter,rate,0.012263489838822705,0.011767420396862021,,not_comparable_scope,delta withheld: legacy VIVOS uses 300 exposed source utterances; paper-v2 uses the disjoint 460-utterance locked test and MUSAN-test noise,77,63,300,460,a70139c89cbd123b8d0646588b4c7e3dc8c26abf0559cdac6772337d6d1bcfa6,89712f4873a6de7fb84f912d2380419fc48f56c7499ebed5f62528c749a2a146,legacy_v1_exposed_test_selection_and_evaluation,paper_v2_unseen_final_after_noisy_dev_decision_lock,a2f50bae2bdd2e09b1828b1fe6c1aacda860db8b596cb07fa47b088a4938bf73,ee80853e084822daeb9f38871c5d2a5992df205f920e689547e71b7858542010,ccaeadc332fb38449fc6063143b190b1498e49dd2d6e39dd471a2174ab5aca8d
vivos_aggregate,results_by_snr.csv,legacy_exposed_vivos_300/snr=20,paper_v2_locked_vivos_460/snr=20,role=ordinary_baseline;dataset=vivos;model=phowhisper;model_size=base;train_type=ordinary_lora;lambda=0;seed=42;snr=20,wer,rate,0.08360548661005879,0.0851931330472103,,not_comparable_scope,delta withheld: legacy VIVOS uses 300 exposed source utterances; paper-v2 uses the disjoint 460-utterance locked test and MUSAN-test noise,77,63,300,460,a70139c89cbd123b8d0646588b4c7e3dc8c26abf0559cdac6772337d6d1bcfa6,89712f4873a6de7fb84f912d2380419fc48f56c7499ebed5f62528c749a2a146,legacy_v1_exposed_test_selection_and_evaluation,paper_v2_unseen_final_after_noisy_dev_decision_lock,a2f50bae2bdd2e09b1828b1fe6c1aacda860db8b596cb07fa47b088a4938bf73,ee80853e084822daeb9f38871c5d2a5992df205f920e689547e71b7858542010,ccaeadc332fb38449fc6063143b190b1498e49dd2d6e39dd471a2174ab5aca8d
vivos_aggregate,results_by_snr.csv,legacy_exposed_vivos_300/snr=5,paper_v2_locked_vivos_460/snr=5,role=ordinary_baseline;dataset=vivos;model=phowhisper;model_size=base;train_type=ordinary_lora;lambda=0;seed=42;snr=5,cer,rate,0.08303109807855544,0.06758530183727034,,not_comparable_scope,delta withheld: legacy VIVOS uses 300 exposed source utterances; paper-v2 uses the disjoint 460-utterance locked test and MUSAN-test noise,77,63,300,460,a70139c89cbd123b8d0646588b4c7e3dc8c26abf0559cdac6772337d6d1bcfa6,89712f4873a6de7fb84f912d2380419fc48f56c7499ebed5f62528c749a2a146,legacy_v1_exposed_test_selection_and_evaluation,paper_v2_unseen_final_after_noisy_dev_decision_lock,a2f50bae2bdd2e09b1828b1fe6c1aacda860db8b596cb07fa47b088a4938bf73,ee80853e084822daeb9f38871c5d2a5992df205f920e689547e71b7858542010,ccaeadc332fb38449fc6063143b190b1498e49dd2d6e39dd471a2174ab5aca8d
vivos_aggregate,results_by_snr.csv,legacy_exposed_vivos_300/snr=5,paper_v2_locked_vivos_460/snr=5,role=ordinary_baseline;dataset=vivos;model=phowhisper;model_size=base;train_type=ordinary_lora;lambda=0;seed=42;snr=5,der,rate,0.009527299377061194,0.009801577814965335,,not_comparable_scope,delta withheld: legacy VIVOS uses 300 exposed source utterances; paper-v2 uses the disjoint 460-utterance locked test and MUSAN-test noise,77,63,300,460,a70139c89cbd123b8d0646588b4c7e3dc8c26abf0559cdac6772337d6d1bcfa6,89712f4873a6de7fb84f912d2380419fc48f56c7499ebed5f62528c749a2a146,legacy_v1_exposed_test_selection_and_evaluation,paper_v2_unseen_final_after_noisy_dev_decision_lock,a2f50bae2bdd2e09b1828b1fe6c1aacda860db8b596cb07fa47b088a4938bf73,ee80853e084822daeb9f38871c5d2a5992df205f920e689547e71b7858542010,ccaeadc332fb38449fc6063143b190b1498e49dd2d6e39dd471a2174ab5aca8d
vivos_aggregate,results_by_snr.csv,legacy_exposed_vivos_300/snr=5,paper_v2_locked_vivos_460/snr=5,role=ordinary_baseline;dataset=vivos;model=phowhisper;model_size=base;train_type=ordinary_lora;lambda=0;seed=42;snr=5,fcer,rate,0.09440104166666667,0.08566508824795523,,not_comparable_scope,delta withheld: legacy VIVOS uses 300 exposed source utterances; paper-v2 uses the disjoint 460-utterance locked test and MUSAN-test noise,77,63,300,460,a70139c89cbd123b8d0646588b4c7e3dc8c26abf0559cdac6772337d6d1bcfa6,89712f4873a6de7fb84f912d2380419fc48f56c7499ebed5f62528c749a2a146,legacy_v1_exposed_test_selection_and_evaluation,paper_v2_unseen_final_after_noisy_dev_decision_lock,a2f50bae2bdd2e09b1828b1fe6c1aacda860db8b596cb07fa47b088a4938bf73,ee80853e084822daeb9f38871c5d2a5992df205f920e689547e71b7858542010,ccaeadc332fb38449fc6063143b190b1498e49dd2d6e39dd471a2174ab5aca8d
vivos_aggregate,results_by_snr.csv,legacy_exposed_vivos_300/snr=5,paper_v2_locked_vivos_460/snr=5,role=ordinary_baseline;dataset=vivos;model=phowhisper;model_size=base;train_type=ordinary_lora;lambda=0;seed=42;snr=5,swdr,rate,0.006711409395973154,0.004405286343612335,,not_comparable_scope,delta withheld: legacy VIVOS uses 300 exposed source utterances; paper-v2 uses the disjoint 460-utterance locked test and MUSAN-test noise,77,63,300,460,a70139c89cbd123b8d0646588b4c7e3dc8c26abf0559cdac6772337d6d1bcfa6,89712f4873a6de7fb84f912d2380419fc48f56c7499ebed5f62528c749a2a146,legacy_v1_exposed_test_selection_and_evaluation,paper_v2_unseen_final_after_noisy_dev_decision_lock,a2f50bae2bdd2e09b1828b1fe6c1aacda860db8b596cb07fa47b088a4938bf73,ee80853e084822daeb9f38871c5d2a5992df205f920e689547e71b7858542010,ccaeadc332fb38449fc6063143b190b1498e49dd2d6e39dd471a2174ab5aca8d
vivos_aggregate,results_by_snr.csv,legacy_exposed_vivos_300/snr=5,paper_v2_locked_vivos_460/snr=5,role=ordinary_baseline;dataset=vivos;model=phowhisper;model_size=base;train_type=ordinary_lora;lambda=0;seed=42;snr=5,ter,rate,0.01545253863134658,0.016117392350252585,,not_comparable_scope,delta withheld: legacy VIVOS uses 300 exposed source utterances; paper-v2 uses the disjoint 460-utterance locked test and MUSAN-test noise,77,63,300,460,a70139c89cbd123b8d0646588b4c7e3dc8c26abf0559cdac6772337d6d1bcfa6,89712f4873a6de7fb84f912d2380419fc48f56c7499ebed5f62528c749a2a146,legacy_v1_exposed_test_selection_and_evaluation,paper_v2_unseen_final_after_noisy_dev_decision_lock,a2f50bae2bdd2e09b1828b1fe6c1aacda860db8b596cb07fa47b088a4938bf73,ee80853e084822daeb9f38871c5d2a5992df205f920e689547e71b7858542010,ccaeadc332fb38449fc6063143b190b1498e49dd2d6e39dd471a2174ab5aca8d
vivos_aggregate,results_by_snr.csv,legacy_exposed_vivos_300/snr=5,paper_v2_locked_vivos_460/snr=5,role=ordinary_baseline;dataset=vivos;model=phowhisper;model_size=base;train_type=ordinary_lora;lambda=0;seed=42;snr=5,wer,rate,0.1495754408883083,0.13025751072961372,,not_comparable_scope,delta withheld: legacy VIVOS uses 300 exposed source utterances; paper-v2 uses the disjoint 460-utterance locked test and MUSAN-test noise,77,63,300,460,a70139c89cbd123b8d0646588b4c7e3dc8c26abf0559cdac6772337d6d1bcfa6,89712f4873a6de7fb84f912d2380419fc48f56c7499ebed5f62528c749a2a146,legacy_v1_exposed_test_selection_and_evaluation,paper_v2_unseen_final_after_noisy_dev_decision_lock,a2f50bae2bdd2e09b1828b1fe6c1aacda860db8b596cb07fa47b088a4938bf73,ee80853e084822daeb9f38871c5d2a5992df205f920e689547e71b7858542010,ccaeadc332fb38449fc6063143b190b1498e49dd2d6e39dd471a2174ab5aca8d
vivos_aggregate,results_by_snr.csv,legacy_exposed_vivos_300/snr=all,paper_v2_locked_vivos_460/snr=all,role=ordinary_baseline;dataset=vivos;model=phowhisper;model_size=base;train_type=ordinary_lora;lambda=0;seed=42;snr=all,cer,rate,0.07289142680762405,0.06807995154451847,,not_comparable_scope,delta withheld: legacy VIVOS uses 300 exposed source utterances; paper-v2 uses the disjoint 460-utterance locked test and MUSAN-test noise,77,63,1500,2300,a70139c89cbd123b8d0646588b4c7e3dc8c26abf0559cdac6772337d6d1bcfa6,89712f4873a6de7fb84f912d2380419fc48f56c7499ebed5f62528c749a2a146,legacy_v1_exposed_test_selection_and_evaluation,paper_v2_unseen_final_after_noisy_dev_decision_lock,a2f50bae2bdd2e09b1828b1fe6c1aacda860db8b596cb07fa47b088a4938bf73,ee80853e084822daeb9f38871c5d2a5992df205f920e689547e71b7858542010,ccaeadc332fb38449fc6063143b190b1498e49dd2d6e39dd471a2174ab5aca8d
vivos_aggregate,results_by_snr.csv,legacy_exposed_vivos_300/snr=all,paper_v2_locked_vivos_460/snr=all,role=ordinary_baseline;dataset=vivos;model=phowhisper;model_size=base;train_type=ordinary_lora;lambda=0;seed=42;snr=all,der,rate,0.008540822235089751,0.00976216681820357,,not_comparable_scope,delta withheld: legacy VIVOS uses 300 exposed source utterances; paper-v2 uses the disjoint 460-utterance locked test and MUSAN-test noise,77,63,1500,2300,a70139c89cbd123b8d0646588b4c7e3dc8c26abf0559cdac6772337d6d1bcfa6,89712f4873a6de7fb84f912d2380419fc48f56c7499ebed5f62528c749a2a146,legacy_v1_exposed_test_selection_and_evaluation,paper_v2_unseen_final_after_noisy_dev_decision_lock,a2f50bae2bdd2e09b1828b1fe6c1aacda860db8b596cb07fa47b088a4938bf73,ee80853e084822daeb9f38871c5d2a5992df205f920e689547e71b7858542010,ccaeadc332fb38449fc6063143b190b1498e49dd2d6e39dd471a2174ab5aca8d
vivos_aggregate,results_by_snr.csv,legacy_exposed_vivos_300/snr=all,paper_v2_locked_vivos_460/snr=all,role=ordinary_baseline;dataset=vivos;model=phowhisper;model_size=base;train_type=ordinary_lora;lambda=0;seed=42;snr=all,fcer,rate,0.0865196398277437,0.08865553451540713,,not_comparable_scope,delta withheld: legacy VIVOS uses 300 exposed source utterances; paper-v2 uses the disjoint 460-utterance locked test and MUSAN-test noise,77,63,1500,2300,a70139c89cbd123b8d0646588b4c7e3dc8c26abf0559cdac6772337d6d1bcfa6,89712f4873a6de7fb84f912d2380419fc48f56c7499ebed5f62528c749a2a146,legacy_v1_exposed_test_selection_and_evaluation,paper_v2_unseen_final_after_noisy_dev_decision_lock,a2f50bae2bdd2e09b1828b1fe6c1aacda860db8b596cb07fa47b088a4938bf73,ee80853e084822daeb9f38871c5d2a5992df205f920e689547e71b7858542010,ccaeadc332fb38449fc6063143b190b1498e49dd2d6e39dd471a2174ab5aca8d
vivos_aggregate,results_by_snr.csv,legacy_exposed_vivos_300/snr=all,paper_v2_locked_vivos_460/snr=all,role=ordinary_baseline;dataset=vivos;model=phowhisper;model_size=base;train_type=ordinary_lora;lambda=0;seed=42;snr=all,swdr,rate,0.0026845637583892616,0.004405286343612335,,not_comparable_scope,delta withheld: legacy VIVOS uses 300 exposed source utterances; paper-v2 uses the disjoint 460-utterance locked test and MUSAN-test noise,77,63,1500,2300,a70139c89cbd123b8d0646588b4c7e3dc8c26abf0559cdac6772337d6d1bcfa6,89712f4873a6de7fb84f912d2380419fc48f56c7499ebed5f62528c749a2a146,legacy_v1_exposed_test_selection_and_evaluation,paper_v2_unseen_final_after_noisy_dev_decision_lock,a2f50bae2bdd2e09b1828b1fe6c1aacda860db8b596cb07fa47b088a4938bf73,ee80853e084822daeb9f38871c5d2a5992df205f920e689547e71b7858542010,ccaeadc332fb38449fc6063143b190b1498e49dd2d6e39dd471a2174ab5aca8d
vivos_aggregate,results_by_snr.csv,legacy_exposed_vivos_300/snr=all,paper_v2_locked_vivos_460/snr=all,role=ordinary_baseline;dataset=vivos;model=phowhisper;model_size=base;train_type=ordinary_lora;lambda=0;seed=42;snr=all,ter,rate,0.014813739016774382,0.016017316017316017,,not_comparable_scope,delta withheld: legacy VIVOS uses 300 exposed source utterances; paper-v2 uses the disjoint 460-utterance locked test and MUSAN-test noise,77,63,1500,2300,a70139c89cbd123b8d0646588b4c7e3dc8c26abf0559cdac6772337d6d1bcfa6,89712f4873a6de7fb84f912d2380419fc48f56c7499ebed5f62528c749a2a146,legacy_v1_exposed_test_selection_and_evaluation,paper_v2_unseen_final_after_noisy_dev_decision_lock,a2f50bae2bdd2e09b1828b1fe6c1aacda860db8b596cb07fa47b088a4938bf73,ee80853e084822daeb9f38871c5d2a5992df205f920e689547e71b7858542010,ccaeadc332fb38449fc6063143b190b1498e49dd2d6e39dd471a2174ab5aca8d
vivos_aggregate,results_by_snr.csv,legacy_exposed_vivos_300/snr=all,paper_v2_locked_vivos_460/snr=all,role=ordinary_baseline;dataset=vivos;model=phowhisper;model_size=base;train_type=ordinary_lora;lambda=0;seed=42;snr=all,wer,rate,0.1324624428478119,0.13107296137339056,,not_comparable_scope,delta withheld: legacy VIVOS uses 300 exposed source utterances; paper-v2 uses the disjoint 460-utterance locked test and MUSAN-test noise,77,63,1500,2300,a70139c89cbd123b8d0646588b4c7e3dc8c26abf0559cdac6772337d6d1bcfa6,89712f4873a6de7fb84f912d2380419fc48f56c7499ebed5f62528c749a2a146,legacy_v1_exposed_test_selection_and_evaluation,paper_v2_unseen_final_after_noisy_dev_decision_lock,a2f50bae2bdd2e09b1828b1fe6c1aacda860db8b596cb07fa47b088a4938bf73,ee80853e084822daeb9f38871c5d2a5992df205f920e689547e71b7858542010,ccaeadc332fb38449fc6063143b190b1498e49dd2d6e39dd471a2174ab5aca8d
vivos_aggregate,results_by_snr.csv,legacy_exposed_vivos_300/snr=clean,paper_v2_locked_vivos_460/snr=clean,role=ordinary_baseline;dataset=vivos;model=phowhisper;model_size=base;train_type=ordinary_lora;lambda=0;seed=42;snr=clean,cer,rate,0.03271857396404044,0.03886533414092469,,not_comparable_scope,delta withheld: legacy VIVOS uses 300 exposed source utterances; paper-v2 uses the disjoint 460-utterance locked test and MUSAN-test noise,77,63,300,460,a70139c89cbd123b8d0646588b4c7e3dc8c26abf0559cdac6772337d6d1bcfa6,89712f4873a6de7fb84f912d2380419fc48f56c7499ebed5f62528c749a2a146,legacy_v1_exposed_test_selection_and_evaluation,paper_v2_unseen_final_after_noisy_dev_decision_lock,a2f50bae2bdd2e09b1828b1fe6c1aacda860db8b596cb07fa47b088a4938bf73,ee80853e084822daeb9f38871c5d2a5992df205f920e689547e71b7858542010,ccaeadc332fb38449fc6063143b190b1498e49dd2d6e39dd471a2174ab5aca8d
vivos_aggregate,results_by_snr.csv,legacy_exposed_vivos_300/snr=clean,paper_v2_locked_vivos_460/snr=clean,role=ordinary_baseline;dataset=vivos;model=phowhisper;model_size=base;train_type=ordinary_lora;lambda=0;seed=42;snr=clean,der,rate,0.007633587786259542,0.008957280661460726,,not_comparable_scope,delta withheld: legacy VIVOS uses 300 exposed source utterances; paper-v2 uses the disjoint 460-utterance locked test and MUSAN-test noise,77,63,300,460,a70139c89cbd123b8d0646588b4c7e3dc8c26abf0559cdac6772337d6d1bcfa6,89712f4873a6de7fb84f912d2380419fc48f56c7499ebed5f62528c749a2a146,legacy_v1_exposed_test_selection_and_evaluation,paper_v2_unseen_final_after_noisy_dev_decision_lock,a2f50bae2bdd2e09b1828b1fe6c1aacda860db8b596cb07fa47b088a4938bf73,ee80853e084822daeb9f38871c5d2a5992df205f920e689547e71b7858542010,ccaeadc332fb38449fc6063143b190b1498e49dd2d6e39dd471a2174ab5aca8d
vivos_aggregate,results_by_snr.csv,legacy_exposed_vivos_300/snr=clean,paper_v2_locked_vivos_460/snr=clean,role=ordinary_baseline;dataset=vivos;model=phowhisper;model_size=base;train_type=ordinary_lora;lambda=0;seed=42;snr=clean,fcer,rate,0.038157894736842106,0.049436253252385085,,not_comparable_scope,delta withheld: legacy VIVOS uses 300 exposed source utterances; paper-v2 uses the disjoint 460-utterance locked test and MUSAN-test noise,77,63,300,460,a70139c89cbd123b8d0646588b4c7e3dc8c26abf0559cdac6772337d6d1bcfa6,89712f4873a6de7fb84f912d2380419fc48f56c7499ebed5f62528c749a2a146,legacy_v1_exposed_test_selection_and_evaluation,paper_v2_unseen_final_after_noisy_dev_decision_lock,a2f50bae2bdd2e09b1828b1fe6c1aacda860db8b596cb07fa47b088a4938bf73,ee80853e084822daeb9f38871c5d2a5992df205f920e689547e71b7858542010,ccaeadc332fb38449fc6063143b190b1498e49dd2d6e39dd471a2174ab5aca8d
vivos_aggregate,results_by_snr.csv,legacy_exposed_vivos_300/snr=clean,paper_v2_locked_vivos_460/snr=clean,role=ordinary_baseline;dataset=vivos;model=phowhisper;model_size=base;train_type=ordinary_lora;lambda=0;seed=42;snr=clean,swdr,rate,0.0,0.004405286343612335,,not_comparable_scope,delta withheld: legacy VIVOS uses 300 exposed source utterances; paper-v2 uses the disjoint 460-utterance locked test and MUSAN-test noise,77,63,300,460,a70139c89cbd123b8d0646588b4c7e3dc8c26abf0559cdac6772337d6d1bcfa6,89712f4873a6de7fb84f912d2380419fc48f56c7499ebed5f62528c749a2a146,legacy_v1_exposed_test_selection_and_evaluation,paper_v2_unseen_final_after_noisy_dev_decision_lock,a2f50bae2bdd2e09b1828b1fe6c1aacda860db8b596cb07fa47b088a4938bf73,ee80853e084822daeb9f38871c5d2a5992df205f920e689547e71b7858542010,ccaeadc332fb38449fc6063143b190b1498e49dd2d6e39dd471a2174ab5aca8d
vivos_aggregate,results_by_snr.csv,legacy_exposed_vivos_300/snr=clean,paper_v2_locked_vivos_460/snr=clean,role=ordinary_baseline;dataset=vivos;model=phowhisper;model_size=base;train_type=ordinary_lora;lambda=0;seed=42;snr=clean,ter,rate,0.010101010101010102,0.01178373382624769,,not_comparable_scope,delta withheld: legacy VIVOS uses 300 exposed source utterances; paper-v2 uses the disjoint 460-utterance locked test and MUSAN-test noise,77,63,300,460,a70139c89cbd123b8d0646588b4c7e3dc8c26abf0559cdac6772337d6d1bcfa6,89712f4873a6de7fb84f912d2380419fc48f56c7499ebed5f62528c749a2a146,legacy_v1_exposed_test_selection_and_evaluation,paper_v2_unseen_final_after_noisy_dev_decision_lock,a2f50bae2bdd2e09b1828b1fe6c1aacda860db8b596cb07fa47b088a4938bf73,ee80853e084822daeb9f38871c5d2a5992df205f920e689547e71b7858542010,ccaeadc332fb38449fc6063143b190b1498e49dd2d6e39dd471a2174ab5aca8d
vivos_aggregate,results_by_snr.csv,legacy_exposed_vivos_300/snr=clean,paper_v2_locked_vivos_460/snr=clean,role=ordinary_baseline;dataset=vivos;model=phowhisper;model_size=base;train_type=ordinary_lora;lambda=0;seed=42;snr=clean,wer,rate,0.07446113651208361,0.08626609442060086,,not_comparable_scope,delta withheld: legacy VIVOS uses 300 exposed source utterances; paper-v2 uses the disjoint 460-utterance locked test and MUSAN-test noise,77,63,300,460,a70139c89cbd123b8d0646588b4c7e3dc8c26abf0559cdac6772337d6d1bcfa6,89712f4873a6de7fb84f912d2380419fc48f56c7499ebed5f62528c749a2a146,legacy_v1_exposed_test_selection_and_evaluation,paper_v2_unseen_final_after_noisy_dev_decision_lock,a2f50bae2bdd2e09b1828b1fe6c1aacda860db8b596cb07fa47b088a4938bf73,ee80853e084822daeb9f38871c5d2a5992df205f920e689547e71b7858542010,ccaeadc332fb38449fc6063143b190b1498e49dd2d6e39dd471a2174ab5aca8d
vivos_aggregate,results_by_snr.csv,legacy_exposed_vivos_300/snr=noisy_all,paper_v2_locked_vivos_460/snr=noisy_all,role=ordinary_baseline;dataset=vivos;model=phowhisper;model_size=base;train_type=ordinary_lora;lambda=0;seed=42;snr=noisy_all,cer,rate,0.08293464001851995,0.07538360589541691,,not_comparable_scope,delta withheld: legacy VIVOS uses 300 exposed source utterances; paper-v2 uses the disjoint 460-utterance locked test and MUSAN-test noise,77,63,1200,1840,a70139c89cbd123b8d0646588b4c7e3dc8c26abf0559cdac6772337d6d1bcfa6,89712f4873a6de7fb84f912d2380419fc48f56c7499ebed5f62528c749a2a146,legacy_v1_exposed_test_selection_and_evaluation,paper_v2_unseen_final_after_noisy_dev_decision_lock,a2f50bae2bdd2e09b1828b1fe6c1aacda860db8b596cb07fa47b088a4938bf73,ee80853e084822daeb9f38871c5d2a5992df205f920e689547e71b7858542010,ccaeadc332fb38449fc6063143b190b1498e49dd2d6e39dd471a2174ab5aca8d
vivos_aggregate,results_by_snr.csv,legacy_exposed_vivos_300/snr=noisy_all,paper_v2_locked_vivos_460/snr=noisy_all,role=ordinary_baseline;dataset=vivos;model=phowhisper;model_size=base;train_type=ordinary_lora;lambda=0;seed=42;snr=noisy_all,der,rate,0.008779952441924272,0.009974007132926314,,not_comparable_scope,delta withheld: legacy VIVOS uses 300 exposed source utterances; paper-v2 uses the disjoint 460-utterance locked test and MUSAN-test noise,77,63,1200,1840,a70139c89cbd123b8d0646588b4c7e3dc8c26abf0559cdac6772337d6d1bcfa6,89712f4873a6de7fb84f912d2380419fc48f56c7499ebed5f62528c749a2a146,legacy_v1_exposed_test_selection_and_evaluation,paper_v2_unseen_final_after_noisy_dev_decision_lock,a2f50bae2bdd2e09b1828b1fe6c1aacda860db8b596cb07fa47b088a4938bf73,ee80853e084822daeb9f38871c5d2a5992df205f920e689547e71b7858542010,ccaeadc332fb38449fc6063143b190b1498e49dd2d6e39dd471a2174ab5aca8d
vivos_aggregate,results_by_snr.csv,legacy_exposed_vivos_300/snr=noisy_all,paper_v2_locked_vivos_460/snr=noisy_all,role=ordinary_baseline;dataset=vivos;model=phowhisper;model_size=base;train_type=ordinary_lora;lambda=0;seed=42;snr=noisy_all,fcer,rate,0.09848608171902978,0.09836769759450172,,not_comparable_scope,delta withheld: legacy VIVOS uses 300 exposed source utterances; paper-v2 uses the disjoint 460-utterance locked test and MUSAN-test noise,77,63,1200,1840,a70139c89cbd123b8d0646588b4c7e3dc8c26abf0559cdac6772337d6d1bcfa6,89712f4873a6de7fb84f912d2380419fc48f56c7499ebed5f62528c749a2a146,legacy_v1_exposed_test_selection_and_evaluation,paper_v2_unseen_final_after_noisy_dev_decision_lock,a2f50bae2bdd2e09b1828b1fe6c1aacda860db8b596cb07fa47b088a4938bf73,ee80853e084822daeb9f38871c5d2a5992df205f920e689547e71b7858542010,ccaeadc332fb38449fc6063143b190b1498e49dd2d6e39dd471a2174ab5aca8d
vivos_aggregate,results_by_snr.csv,legacy_exposed_vivos_300/snr=noisy_all,paper_v2_locked_vivos_460/snr=noisy_all,role=ordinary_baseline;dataset=vivos;model=phowhisper;model_size=base;train_type=ordinary_lora;lambda=0;seed=42;snr=noisy_all,swdr,rate,0.003355704697986577,0.004405286343612335,,not_comparable_scope,delta withheld: legacy VIVOS uses 300 exposed source utterances; paper-v2 uses the disjoint 460-utterance locked test and MUSAN-test noise,77,63,1200,1840,a70139c89cbd123b8d0646588b4c7e3dc8c26abf0559cdac6772337d6d1bcfa6,89712f4873a6de7fb84f912d2380419fc48f56c7499ebed5f62528c749a2a146,legacy_v1_exposed_test_selection_and_evaluation,paper_v2_unseen_final_after_noisy_dev_decision_lock,a2f50bae2bdd2e09b1828b1fe6c1aacda860db8b596cb07fa47b088a4938bf73,ee80853e084822daeb9f38871c5d2a5992df205f920e689547e71b7858542010,ccaeadc332fb38449fc6063143b190b1498e49dd2d6e39dd471a2174ab5aca8d
vivos_aggregate,results_by_snr.csv,legacy_exposed_vivos_300/snr=noisy_all,paper_v2_locked_vivos_460/snr=noisy_all,role=ordinary_baseline;dataset=vivos;model=phowhisper;model_size=base;train_type=ordinary_lora;lambda=0;seed=42;snr=noisy_all,ter,rate,0.016055045871559634,0.017130360831004738,,not_comparable_scope,delta withheld: legacy VIVOS uses 300 exposed source utterances; paper-v2 uses the disjoint 460-utterance locked test and MUSAN-test noise,77,63,1200,1840,a70139c89cbd123b8d0646588b4c7e3dc8c26abf0559cdac6772337d6d1bcfa6,89712f4873a6de7fb84f912d2380419fc48f56c7499ebed5f62528c749a2a146,legacy_v1_exposed_test_selection_and_evaluation,paper_v2_unseen_final_after_noisy_dev_decision_lock,a2f50bae2bdd2e09b1828b1fe6c1aacda860db8b596cb07fa47b088a4938bf73,ee80853e084822daeb9f38871c5d2a5992df205f920e689547e71b7858542010,ccaeadc332fb38449fc6063143b190b1498e49dd2d6e39dd471a2174ab5aca8d
vivos_aggregate,results_by_snr.csv,legacy_exposed_vivos_300/snr=noisy_all,paper_v2_locked_vivos_460/snr=noisy_all,role=ordinary_baseline;dataset=vivos;model=phowhisper;model_size=base;train_type=ordinary_lora;lambda=0;seed=42;snr=noisy_all,wer,rate,0.14696276943174397,0.14227467811158798,,not_comparable_scope,delta withheld: legacy VIVOS uses 300 exposed source utterances; paper-v2 uses the disjoint 460-utterance locked test and MUSAN-test noise,77,63,1200,1840,a70139c89cbd123b8d0646588b4c7e3dc8c26abf0559cdac6772337d6d1bcfa6,89712f4873a6de7fb84f912d2380419fc48f56c7499ebed5f62528c749a2a146,legacy_v1_exposed_test_selection_and_evaluation,paper_v2_unseen_final_after_noisy_dev_decision_lock,a2f50bae2bdd2e09b1828b1fe6c1aacda860db8b596cb07fa47b088a4938bf73,ee80853e084822daeb9f38871c5d2a5992df205f920e689547e71b7858542010,ccaeadc332fb38449fc6063143b190b1498e49dd2d6e39dd471a2174ab5aca8d
vivos_aggregate,results_by_snr.csv,legacy_exposed_vivos_300/snr=0,paper_v2_locked_vivos_460/snr=0,role=selected_method;dataset=vivos;model=phowhisper;model_size=base;train_type=tone_aware_lora;lambda=0.05;seed=42;snr=0,cer,rate,0.14684775059803998,0.1389561881687866,,not_comparable_scope,delta withheld: legacy VIVOS uses 300 exposed source utterances; paper-v2 uses the disjoint 460-utterance locked test and MUSAN-test noise,77,63,300,460,a70139c89cbd123b8d0646588b4c7e3dc8c26abf0559cdac6772337d6d1bcfa6,89712f4873a6de7fb84f912d2380419fc48f56c7499ebed5f62528c749a2a146,legacy_v1_exposed_test_selection_and_evaluation,paper_v2_unseen_final_after_noisy_dev_decision_lock,a2f50bae2bdd2e09b1828b1fe6c1aacda860db8b596cb07fa47b088a4938bf73,ee80853e084822daeb9f38871c5d2a5992df205f920e689547e71b7858542010,ccaeadc332fb38449fc6063143b190b1498e49dd2d6e39dd471a2174ab5aca8d
vivos_aggregate,results_by_snr.csv,legacy_exposed_vivos_300/snr=0,paper_v2_locked_vivos_460/snr=0,role=selected_method;dataset=vivos;model=phowhisper;model_size=base;train_type=tone_aware_lora;lambda=0.05;seed=42;snr=0,der,rate,0.009535160905840286,0.013154362416107382,,not_comparable_scope,delta withheld: legacy VIVOS uses 300 exposed source utterances; paper-v2 uses the disjoint 460-utterance locked test and MUSAN-test noise,77,63,300,460,a70139c89cbd123b8d0646588b4c7e3dc8c26abf0559cdac6772337d6d1bcfa6,89712f4873a6de7fb84f912d2380419fc48f56c7499ebed5f62528c749a2a146,legacy_v1_exposed_test_selection_and_evaluation,paper_v2_unseen_final_after_noisy_dev_decision_lock,a2f50bae2bdd2e09b1828b1fe6c1aacda860db8b596cb07fa47b088a4938bf73,ee80853e084822daeb9f38871c5d2a5992df205f920e689547e71b7858542010,ccaeadc332fb38449fc6063143b190b1498e49dd2d6e39dd471a2174ab5aca8d
vivos_aggregate,results_by_snr.csv,legacy_exposed_vivos_300/snr=0,paper_v2_locked_vivos_460/snr=0,role=selected_method;dataset=vivos;model=phowhisper;model_size=base;train_type=tone_aware_lora;lambda=0.05;seed=42;snr=0,fcer,rate,0.18722044728434506,0.19165964616680708,,not_comparable_scope,delta withheld: legacy VIVOS uses 300 exposed source utterances; paper-v2 uses the disjoint 460-utterance locked test and MUSAN-test noise,77,63,300,460,a70139c89cbd123b8d0646588b4c7e3dc8c26abf0559cdac6772337d6d1bcfa6,89712f4873a6de7fb84f912d2380419fc48f56c7499ebed5f62528c749a2a146,legacy_v1_exposed_test_selection_and_evaluation,paper_v2_unseen_final_after_noisy_dev_decision_lock,a2f50bae2bdd2e09b1828b1fe6c1aacda860db8b596cb07fa47b088a4938bf73,ee80853e084822daeb9f38871c5d2a5992df205f920e689547e71b7858542010,ccaeadc332fb38449fc6063143b190b1498e49dd2d6e39dd471a2174ab5aca8d
vivos_aggregate,results_by_snr.csv,legacy_exposed_vivos_300/snr=0,paper_v2_locked_vivos_460/snr=0,role=selected_method;dataset=vivos;model=phowhisper;model_size=base;train_type=tone_aware_lora;lambda=0.05;seed=42;snr=0,swdr,rate,0.006711409395973154,0.004405286343612335,,not_comparable_scope,delta withheld: legacy VIVOS uses 300 exposed source utterances; paper-v2 uses the disjoint 460-utterance locked test and MUSAN-test noise,77,63,300,460,a70139c89cbd123b8d0646588b4c7e3dc8c26abf0559cdac6772337d6d1bcfa6,89712f4873a6de7fb84f912d2380419fc48f56c7499ebed5f62528c749a2a146,legacy_v1_exposed_test_selection_and_evaluation,paper_v2_unseen_final_after_noisy_dev_decision_lock,a2f50bae2bdd2e09b1828b1fe6c1aacda860db8b596cb07fa47b088a4938bf73,ee80853e084822daeb9f38871c5d2a5992df205f920e689547e71b7858542010,ccaeadc332fb38449fc6063143b190b1498e49dd2d6e39dd471a2174ab5aca8d
vivos_aggregate,results_by_snr.csv,legacy_exposed_vivos_300/snr=0,paper_v2_locked_vivos_460/snr=0,role=selected_method;dataset=vivos;model=phowhisper;model_size=base;train_type=tone_aware_lora;lambda=0.05;seed=42;snr=0,ter,rate,0.022664015904572565,0.029585798816568046,,not_comparable_scope,delta withheld: legacy VIVOS uses 300 exposed source utterances; paper-v2 uses the disjoint 460-utterance locked test and MUSAN-test noise,77,63,300,460,a70139c89cbd123b8d0646588b4c7e3dc8c26abf0559cdac6772337d6d1bcfa6,89712f4873a6de7fb84f912d2380419fc48f56c7499ebed5f62528c749a2a146,legacy_v1_exposed_test_selection_and_evaluation,paper_v2_unseen_final_after_noisy_dev_decision_lock,a2f50bae2bdd2e09b1828b1fe6c1aacda860db8b596cb07fa47b088a4938bf73,ee80853e084822daeb9f38871c5d2a5992df205f920e689547e71b7858542010,ccaeadc332fb38449fc6063143b190b1498e49dd2d6e39dd471a2174ab5aca8d
vivos_aggregate,results_by_snr.csv,legacy_exposed_vivos_300/snr=0,paper_v2_locked_vivos_460/snr=0,role=selected_method;dataset=vivos;model=phowhisper;model_size=base;train_type=tone_aware_lora;lambda=0.05;seed=42;snr=0,wer,rate,0.2364467668190725,0.24313304721030043,,not_comparable_scope,delta withheld: legacy VIVOS uses 300 exposed source utterances; paper-v2 uses the disjoint 460-utterance locked test and MUSAN-test noise,77,63,300,460,a70139c89cbd123b8d0646588b4c7e3dc8c26abf0559cdac6772337d6d1bcfa6,89712f4873a6de7fb84f912d2380419fc48f56c7499ebed5f62528c749a2a146,legacy_v1_exposed_test_selection_and_evaluation,paper_v2_unseen_final_after_noisy_dev_decision_lock,a2f50bae2bdd2e09b1828b1fe6c1aacda860db8b596cb07fa47b088a4938bf73,ee80853e084822daeb9f38871c5d2a5992df205f920e689547e71b7858542010,ccaeadc332fb38449fc6063143b190b1498e49dd2d6e39dd471a2174ab5aca8d
vivos_aggregate,results_by_snr.csv,legacy_exposed_vivos_300/snr=10,paper_v2_locked_vivos_460/snr=10,role=selected_method;dataset=vivos;model=phowhisper;model_size=base;train_type=tone_aware_lora;lambda=0.05;seed=42;snr=10,cer,rate,0.05162435373099776,0.04901070058550373,,not_comparable_scope,delta withheld: legacy VIVOS uses 300 exposed source utterances; paper-v2 uses the disjoint 460-utterance locked test and MUSAN-test noise,77,63,300,460,a70139c89cbd123b8d0646588b4c7e3dc8c26abf0559cdac6772337d6d1bcfa6,89712f4873a6de7fb84f912d2380419fc48f56c7499ebed5f62528c749a2a146,legacy_v1_exposed_test_selection_and_evaluation,paper_v2_unseen_final_after_noisy_dev_decision_lock,a2f50bae2bdd2e09b1828b1fe6c1aacda860db8b596cb07fa47b088a4938bf73,ee80853e084822daeb9f38871c5d2a5992df205f920e689547e71b7858542010,ccaeadc332fb38449fc6063143b190b1498e49dd2d6e39dd471a2174ab5aca8d
vivos_aggregate,results_by_snr.csv,legacy_exposed_vivos_300/snr=10,paper_v2_locked_vivos_460/snr=10,role=selected_method;dataset=vivos;model=phowhisper;model_size=base;train_type=tone_aware_lora;lambda=0.05;seed=42;snr=10,der,rate,0.008167613636363636,0.008654970760233919,,not_comparable_scope,delta withheld: legacy VIVOS uses 300 exposed source utterances; paper-v2 uses the disjoint 460-utterance locked test and MUSAN-test noise,77,63,300,460,a70139c89cbd123b8d0646588b4c7e3dc8c26abf0559cdac6772337d6d1bcfa6,89712f4873a6de7fb84f912d2380419fc48f56c7499ebed5f62528c749a2a146,legacy_v1_exposed_test_selection_and_evaluation,paper_v2_unseen_final_after_noisy_dev_decision_lock,a2f50bae2bdd2e09b1828b1fe6c1aacda860db8b596cb07fa47b088a4938bf73,ee80853e084822daeb9f38871c5d2a5992df205f920e689547e71b7858542010,ccaeadc332fb38449fc6063143b190b1498e49dd2d6e39dd471a2174ab5aca8d
vivos_aggregate,results_by_snr.csv,legacy_exposed_vivos_300/snr=10,paper_v2_locked_vivos_460/snr=10,role=selected_method;dataset=vivos;model=phowhisper;model_size=base;train_type=tone_aware_lora;lambda=0.05;seed=42;snr=10,fcer,rate,0.06369008535784636,0.06147186147186147,,not_comparable_scope,delta withheld: legacy VIVOS uses 300 exposed source utterances; paper-v2 uses the disjoint 460-utterance locked test and MUSAN-test noise,77,63,300,460,a70139c89cbd123b8d0646588b4c7e3dc8c26abf0559cdac6772337d6d1bcfa6,89712f4873a6de7fb84f912d2380419fc48f56c7499ebed5f62528c749a2a146,legacy_v1_exposed_test_selection_and_evaluation,paper_v2_unseen_final_after_noisy_dev_decision_lock,a2f50bae2bdd2e09b1828b1fe6c1aacda860db8b596cb07fa47b088a4938bf73,ee80853e084822daeb9f38871c5d2a5992df205f920e689547e71b7858542010,ccaeadc332fb38449fc6063143b190b1498e49dd2d6e39dd471a2174ab5aca8d
vivos_aggregate,results_by_snr.csv,legacy_exposed_vivos_300/snr=10,paper_v2_locked_vivos_460/snr=10,role=selected_method;dataset=vivos;model=phowhisper;model_size=base;train_type=tone_aware_lora;lambda=0.05;seed=42;snr=10,swdr,rate,0.0,0.004405286343612335,,not_comparable_scope,delta withheld: legacy VIVOS uses 300 exposed source utterances; paper-v2 uses the disjoint 460-utterance locked test and MUSAN-test noise,77,63,300,460,a70139c89cbd123b8d0646588b4c7e3dc8c26abf0559cdac6772337d6d1bcfa6,89712f4873a6de7fb84f912d2380419fc48f56c7499ebed5f62528c749a2a146,legacy_v1_exposed_test_selection_and_evaluation,paper_v2_unseen_final_after_noisy_dev_decision_lock,a2f50bae2bdd2e09b1828b1fe6c1aacda860db8b596cb07fa47b088a4938bf73,ee80853e084822daeb9f38871c5d2a5992df205f920e689547e71b7858542010,ccaeadc332fb38449fc6063143b190b1498e49dd2d6e39dd471a2174ab5aca8d
vivos_aggregate,results_by_snr.csv,legacy_exposed_vivos_300/snr=10,paper_v2_locked_vivos_460/snr=10,role=selected_method;dataset=vivos;model=phowhisper;model_size=base;train_type=tone_aware_lora;lambda=0.05;seed=42;snr=10,ter,rate,0.012121212121212121,0.015044663845792195,,not_comparable_scope,delta withheld: legacy VIVOS uses 300 exposed source utterances; paper-v2 uses the disjoint 460-utterance locked test and MUSAN-test noise,77,63,300,460,a70139c89cbd123b8d0646588b4c7e3dc8c26abf0559cdac6772337d6d1bcfa6,89712f4873a6de7fb84f912d2380419fc48f56c7499ebed5f62528c749a2a146,legacy_v1_exposed_test_selection_and_evaluation,paper_v2_unseen_final_after_noisy_dev_decision_lock,a2f50bae2bdd2e09b1828b1fe6c1aacda860db8b596cb07fa47b088a4938bf73,ee80853e084822daeb9f38871c5d2a5992df205f920e689547e71b7858542010,ccaeadc332fb38449fc6063143b190b1498e49dd2d6e39dd471a2174ab5aca8d
vivos_aggregate,results_by_snr.csv,legacy_exposed_vivos_300/snr=10,paper_v2_locked_vivos_460/snr=10,role=selected_method;dataset=vivos;model=phowhisper;model_size=base;train_type=tone_aware_lora;lambda=0.05;seed=42;snr=10,wer,rate,0.1038536903984324,0.10622317596566523,,not_comparable_scope,delta withheld: legacy VIVOS uses 300 exposed source utterances; paper-v2 uses the disjoint 460-utterance locked test and MUSAN-test noise,77,63,300,460,a70139c89cbd123b8d0646588b4c7e3dc8c26abf0559cdac6772337d6d1bcfa6,89712f4873a6de7fb84f912d2380419fc48f56c7499ebed5f62528c749a2a146,legacy_v1_exposed_test_selection_and_evaluation,paper_v2_unseen_final_after_noisy_dev_decision_lock,a2f50bae2bdd2e09b1828b1fe6c1aacda860db8b596cb07fa47b088a4938bf73,ee80853e084822daeb9f38871c5d2a5992df205f920e689547e71b7858542010,ccaeadc332fb38449fc6063143b190b1498e49dd2d6e39dd471a2174ab5aca8d
vivos_aggregate,results_by_snr.csv,legacy_exposed_vivos_300/snr=20,paper_v2_locked_vivos_460/snr=20,role=selected_method;dataset=vivos;model=phowhisper;model_size=base;train_type=tone_aware_lora;lambda=0.05;seed=42;snr=20,cer,rate,0.039432054942510994,0.03937007874015748,,not_comparable_scope,delta withheld: legacy VIVOS uses 300 exposed source utterances; paper-v2 uses the disjoint 460-utterance locked test and MUSAN-test noise,77,63,300,460,a70139c89cbd123b8d0646588b4c7e3dc8c26abf0559cdac6772337d6d1bcfa6,89712f4873a6de7fb84f912d2380419fc48f56c7499ebed5f62528c749a2a146,legacy_v1_exposed_test_selection_and_evaluation,paper_v2_unseen_final_after_noisy_dev_decision_lock,a2f50bae2bdd2e09b1828b1fe6c1aacda860db8b596cb07fa47b088a4938bf73,ee80853e084822daeb9f38871c5d2a5992df205f920e689547e71b7858542010,ccaeadc332fb38449fc6063143b190b1498e49dd2d6e39dd471a2174ab5aca8d
vivos_aggregate,results_by_snr.csv,legacy_exposed_vivos_300/snr=20,paper_v2_locked_vivos_460/snr=20,role=selected_method;dataset=vivos;model=phowhisper;model_size=base;train_type=tone_aware_lora;lambda=0.05;seed=42;snr=20,der,rate,0.007000350017500875,0.008258774948382657,,not_comparable_scope,delta withheld: legacy VIVOS uses 300 exposed source utterances; paper-v2 uses the disjoint 460-utterance locked test and MUSAN-test noise,77,63,300,460,a70139c89cbd123b8d0646588b4c7e3dc8c26abf0559cdac6772337d6d1bcfa6,89712f4873a6de7fb84f912d2380419fc48f56c7499ebed5f62528c749a2a146,legacy_v1_exposed_test_selection_and_evaluation,paper_v2_unseen_final_after_noisy_dev_decision_lock,a2f50bae2bdd2e09b1828b1fe6c1aacda860db8b596cb07fa47b088a4938bf73,ee80853e084822daeb9f38871c5d2a5992df205f920e689547e71b7858542010,ccaeadc332fb38449fc6063143b190b1498e49dd2d6e39dd471a2174ab5aca8d
vivos_aggregate,results_by_snr.csv,legacy_exposed_vivos_300/snr=20,paper_v2_locked_vivos_460/snr=20,role=selected_method;dataset=vivos;model=phowhisper;model_size=base;train_type=tone_aware_lora;lambda=0.05;seed=42;snr=20,fcer,rate,0.04602235371466141,0.04811443433029909,,not_comparable_scope,delta withheld: legacy VIVOS uses 300 exposed source utterances; paper-v2 uses the disjoint 460-utterance locked test and MUSAN-test noise,77,63,300,460,a70139c89cbd123b8d0646588b4c7e3dc8c26abf0559cdac6772337d6d1bcfa6,89712f4873a6de7fb84f912d2380419fc48f56c7499ebed5f62528c749a2a146,legacy_v1_exposed_test_selection_and_evaluation,paper_v2_unseen_final_after_noisy_dev_decision_lock,a2f50bae2bdd2e09b1828b1fe6c1aacda860db8b596cb07fa47b088a4938bf73,ee80853e084822daeb9f38871c5d2a5992df205f920e689547e71b7858542010,ccaeadc332fb38449fc6063143b190b1498e49dd2d6e39dd471a2174ab5aca8d
vivos_aggregate,results_by_snr.csv,legacy_exposed_vivos_300/snr=20,paper_v2_locked_vivos_460/snr=20,role=selected_method;dataset=vivos;model=phowhisper;model_size=base;train_type=tone_aware_lora;lambda=0.05;seed=42;snr=20,swdr,rate,0.0,0.004405286343612335,,not_comparable_scope,delta withheld: legacy VIVOS uses 300 exposed source utterances; paper-v2 uses the disjoint 460-utterance locked test and MUSAN-test noise,77,63,300,460,a70139c89cbd123b8d0646588b4c7e3dc8c26abf0559cdac6772337d6d1bcfa6,89712f4873a6de7fb84f912d2380419fc48f56c7499ebed5f62528c749a2a146,legacy_v1_exposed_test_selection_and_evaluation,paper_v2_unseen_final_after_noisy_dev_decision_lock,a2f50bae2bdd2e09b1828b1fe6c1aacda860db8b596cb07fa47b088a4938bf73,ee80853e084822daeb9f38871c5d2a5992df205f920e689547e71b7858542010,ccaeadc332fb38449fc6063143b190b1498e49dd2d6e39dd471a2174ab5aca8d
vivos_aggregate,results_by_snr.csv,legacy_exposed_vivos_300/snr=20,paper_v2_locked_vivos_460/snr=20,role=selected_method;dataset=vivos;model=phowhisper;model_size=base;train_type=tone_aware_lora;lambda=0.05;seed=42;snr=20,ter,rate,0.012280701754385965,0.011992619926199263,,not_comparable_scope,delta withheld: legacy VIVOS uses 300 exposed source utterances; paper-v2 uses the disjoint 460-utterance locked test and MUSAN-test noise,77,63,300,460,a70139c89cbd123b8d0646588b4c7e3dc8c26abf0559cdac6772337d6d1bcfa6,89712f4873a6de7fb84f912d2380419fc48f56c7499ebed5f62528c749a2a146,legacy_v1_exposed_test_selection_and_evaluation,paper_v2_unseen_final_after_noisy_dev_decision_lock,a2f50bae2bdd2e09b1828b1fe6c1aacda860db8b596cb07fa47b088a4938bf73,ee80853e084822daeb9f38871c5d2a5992df205f920e689547e71b7858542010,ccaeadc332fb38449fc6063143b190b1498e49dd2d6e39dd471a2174ab5aca8d
vivos_aggregate,results_by_snr.csv,legacy_exposed_vivos_300/snr=20,paper_v2_locked_vivos_460/snr=20,role=selected_method;dataset=vivos;model=phowhisper;model_size=base;train_type=tone_aware_lora;lambda=0.05;seed=42;snr=20,wer,rate,0.08458523840627041,0.08540772532188841,,not_comparable_scope,delta withheld: legacy VIVOS uses 300 exposed source utterances; paper-v2 uses the disjoint 460-utterance locked test and MUSAN-test noise,77,63,300,460,a70139c89cbd123b8d0646588b4c7e3dc8c26abf0559cdac6772337d6d1bcfa6,89712f4873a6de7fb84f912d2380419fc48f56c7499ebed5f62528c749a2a146,legacy_v1_exposed_test_selection_and_evaluation,paper_v2_unseen_final_after_noisy_dev_decision_lock,a2f50bae2bdd2e09b1828b1fe6c1aacda860db8b596cb07fa47b088a4938bf73,ee80853e084822daeb9f38871c5d2a5992df205f920e689547e71b7858542010,ccaeadc332fb38449fc6063143b190b1498e49dd2d6e39dd471a2174ab5aca8d
vivos_aggregate,results_by_snr.csv,legacy_exposed_vivos_300/snr=5,paper_v2_locked_vivos_460/snr=5,role=selected_method;dataset=vivos;model=phowhisper;model_size=base;train_type=tone_aware_lora;lambda=0.05;seed=42;snr=5,cer,rate,0.08017593950150474,0.06586917019987887,,not_comparable_scope,delta withheld: legacy VIVOS uses 300 exposed source utterances; paper-v2 uses the disjoint 460-utterance locked test and MUSAN-test noise,77,63,300,460,a70139c89cbd123b8d0646588b4c7e3dc8c26abf0559cdac6772337d6d1bcfa6,89712f4873a6de7fb84f912d2380419fc48f56c7499ebed5f62528c749a2a146,legacy_v1_exposed_test_selection_and_evaluation,paper_v2_unseen_final_after_noisy_dev_decision_lock,a2f50bae2bdd2e09b1828b1fe6c1aacda860db8b596cb07fa47b088a4938bf73,ee80853e084822daeb9f38871c5d2a5992df205f920e689547e71b7858542010,ccaeadc332fb38449fc6063143b190b1498e49dd2d6e39dd471a2174ab5aca8d
vivos_aggregate,results_by_snr.csv,legacy_exposed_vivos_300/snr=5,paper_v2_locked_vivos_460/snr=5,role=selected_method;dataset=vivos;model=phowhisper;model_size=base;train_type=tone_aware_lora;lambda=0.05;seed=42;snr=5,der,rate,0.009147457006952067,0.010045443673762257,,not_comparable_scope,delta withheld: legacy VIVOS uses 300 exposed source utterances; paper-v2 uses the disjoint 460-utterance locked test and MUSAN-test noise,77,63,300,460,a70139c89cbd123b8d0646588b4c7e3dc8c26abf0559cdac6772337d6d1bcfa6,89712f4873a6de7fb84f912d2380419fc48f56c7499ebed5f62528c749a2a146,legacy_v1_exposed_test_selection_and_evaluation,paper_v2_unseen_final_after_noisy_dev_decision_lock,a2f50bae2bdd2e09b1828b1fe6c1aacda860db8b596cb07fa47b088a4938bf73,ee80853e084822daeb9f38871c5d2a5992df205f920e689547e71b7858542010,ccaeadc332fb38449fc6063143b190b1498e49dd2d6e39dd471a2174ab5aca8d
vivos_aggregate,results_by_snr.csv,legacy_exposed_vivos_300/snr=5,paper_v2_locked_vivos_460/snr=5,role=selected_method;dataset=vivos;model=phowhisper;model_size=base;train_type=tone_aware_lora;lambda=0.05;seed=42;snr=5,fcer,rate,0.0938722294654498,0.0814655172413793,,not_comparable_scope,delta withheld: legacy VIVOS uses 300 exposed source utterances; paper-v2 uses the disjoint 460-utterance locked test and MUSAN-test noise,77,63,300,460,a70139c89cbd123b8d0646588b4c7e3dc8c26abf0559cdac6772337d6d1bcfa6,89712f4873a6de7fb84f912d2380419fc48f56c7499ebed5f62528c749a2a146,legacy_v1_exposed_test_selection_and_evaluation,paper_v2_unseen_final_after_noisy_dev_decision_lock,a2f50bae2bdd2e09b1828b1fe6c1aacda860db8b596cb07fa47b088a4938bf73,ee80853e084822daeb9f38871c5d2a5992df205f920e689547e71b7858542010,ccaeadc332fb38449fc6063143b190b1498e49dd2d6e39dd471a2174ab5aca8d
vivos_aggregate,results_by_snr.csv,legacy_exposed_vivos_300/snr=5,paper_v2_locked_vivos_460/snr=5,role=selected_method;dataset=vivos;model=phowhisper;model_size=base;train_type=tone_aware_lora;lambda=0.05;seed=42;snr=5,swdr,rate,0.006711409395973154,0.004405286343612335,,not_comparable_scope,delta withheld: legacy VIVOS uses 300 exposed source utterances; paper-v2 uses the disjoint 460-utterance locked test and MUSAN-test noise,77,63,300,460,a70139c89cbd123b8d0646588b4c7e3dc8c26abf0559cdac6772337d6d1bcfa6,89712f4873a6de7fb84f912d2380419fc48f56c7499ebed5f62528c749a2a146,legacy_v1_exposed_test_selection_and_evaluation,paper_v2_unseen_final_after_noisy_dev_decision_lock,a2f50bae2bdd2e09b1828b1fe6c1aacda860db8b596cb07fa47b088a4938bf73,ee80853e084822daeb9f38871c5d2a5992df205f920e689547e71b7858542010,ccaeadc332fb38449fc6063143b190b1498e49dd2d6e39dd471a2174ab5aca8d
vivos_aggregate,results_by_snr.csv,legacy_exposed_vivos_300/snr=5,paper_v2_locked_vivos_460/snr=5,role=selected_method;dataset=vivos;model=phowhisper;model_size=base;train_type=tone_aware_lora;lambda=0.05;seed=42;snr=5,ter,rate,0.016886930983847283,0.017324350336862367,,not_comparable_scope,delta withheld: legacy VIVOS uses 300 exposed source utterances; paper-v2 uses the disjoint 460-utterance locked test and MUSAN-test noise,77,63,300,460,a70139c89cbd123b8d0646588b4c7e3dc8c26abf0559cdac6772337d6d1bcfa6,89712f4873a6de7fb84f912d2380419fc48f56c7499ebed5f62528c749a2a146,legacy_v1_exposed_test_selection_and_evaluation,paper_v2_unseen_final_after_noisy_dev_decision_lock,a2f50bae2bdd2e09b1828b1fe6c1aacda860db8b596cb07fa47b088a4938bf73,ee80853e084822daeb9f38871c5d2a5992df205f920e689547e71b7858542010,ccaeadc332fb38449fc6063143b190b1498e49dd2d6e39dd471a2174ab5aca8d
vivos_aggregate,results_by_snr.csv,legacy_exposed_vivos_300/snr=5,paper_v2_locked_vivos_460/snr=5,role=selected_method;dataset=vivos;model=phowhisper;model_size=base;train_type=tone_aware_lora;lambda=0.05;seed=42;snr=5,wer,rate,0.14598301763553234,0.13111587982832618,,not_comparable_scope,delta withheld: legacy VIVOS uses 300 exposed source utterances; paper-v2 uses the disjoint 460-utterance locked test and MUSAN-test noise,77,63,300,460,a70139c89cbd123b8d0646588b4c7e3dc8c26abf0559cdac6772337d6d1bcfa6,89712f4873a6de7fb84f912d2380419fc48f56c7499ebed5f62528c749a2a146,legacy_v1_exposed_test_selection_and_evaluation,paper_v2_unseen_final_after_noisy_dev_decision_lock,a2f50bae2bdd2e09b1828b1fe6c1aacda860db8b596cb07fa47b088a4938bf73,ee80853e084822daeb9f38871c5d2a5992df205f920e689547e71b7858542010,ccaeadc332fb38449fc6063143b190b1498e49dd2d6e39dd471a2174ab5aca8d
vivos_aggregate,results_by_snr.csv,legacy_exposed_vivos_300/snr=all,paper_v2_locked_vivos_460/snr=all,role=selected_method;dataset=vivos;model=phowhisper;model_size=base;train_type=tone_aware_lora;lambda=0.05;seed=42;snr=all,cer,rate,0.07017516783702446,0.06636381990712699,,not_comparable_scope,delta withheld: legacy VIVOS uses 300 exposed source utterances; paper-v2 uses the disjoint 460-utterance locked test and MUSAN-test noise,77,63,1500,2300,a70139c89cbd123b8d0646588b4c7e3dc8c26abf0559cdac6772337d6d1bcfa6,89712f4873a6de7fb84f912d2380419fc48f56c7499ebed5f62528c749a2a146,legacy_v1_exposed_test_selection_and_evaluation,paper_v2_unseen_final_after_noisy_dev_decision_lock,a2f50bae2bdd2e09b1828b1fe6c1aacda860db8b596cb07fa47b088a4938bf73,ee80853e084822daeb9f38871c5d2a5992df205f920e689547e71b7858542010,ccaeadc332fb38449fc6063143b190b1498e49dd2d6e39dd471a2174ab5aca8d
vivos_aggregate,results_by_snr.csv,legacy_exposed_vivos_300/snr=all,paper_v2_locked_vivos_460/snr=all,role=selected_method;dataset=vivos;model=phowhisper;model_size=base;train_type=tone_aware_lora;lambda=0.05;seed=42;snr=all,der,rate,0.008041147493480151,0.009519709146574818,,not_comparable_scope,delta withheld: legacy VIVOS uses 300 exposed source utterances; paper-v2 uses the disjoint 460-utterance locked test and MUSAN-test noise,77,63,1500,2300,a70139c89cbd123b8d0646588b4c7e3dc8c26abf0559cdac6772337d6d1bcfa6,89712f4873a6de7fb84f912d2380419fc48f56c7499ebed5f62528c749a2a146,legacy_v1_exposed_test_selection_and_evaluation,paper_v2_unseen_final_after_noisy_dev_decision_lock,a2f50bae2bdd2e09b1828b1fe6c1aacda860db8b596cb07fa47b088a4938bf73,ee80853e084822daeb9f38871c5d2a5992df205f920e689547e71b7858542010,ccaeadc332fb38449fc6063143b190b1498e49dd2d6e39dd471a2174ab5aca8d
vivos_aggregate,results_by_snr.csv,legacy_exposed_vivos_300/snr=all,paper_v2_locked_vivos_460/snr=all,role=selected_method;dataset=vivos;model=phowhisper;model_size=base;train_type=tone_aware_lora;lambda=0.05;seed=42;snr=all,fcer,rate,0.08666144609762465,0.08684799449130659,,not_comparable_scope,delta withheld: legacy VIVOS uses 300 exposed source utterances; paper-v2 uses the disjoint 460-utterance locked test and MUSAN-test noise,77,63,1500,2300,a70139c89cbd123b8d0646588b4c7e3dc8c26abf0559cdac6772337d6d1bcfa6,89712f4873a6de7fb84f912d2380419fc48f56c7499ebed5f62528c749a2a146,legacy_v1_exposed_test_selection_and_evaluation,paper_v2_unseen_final_after_noisy_dev_decision_lock,a2f50bae2bdd2e09b1828b1fe6c1aacda860db8b596cb07fa47b088a4938bf73,ee80853e084822daeb9f38871c5d2a5992df205f920e689547e71b7858542010,ccaeadc332fb38449fc6063143b190b1498e49dd2d6e39dd471a2174ab5aca8d
vivos_aggregate,results_by_snr.csv,legacy_exposed_vivos_300/snr=all,paper_v2_locked_vivos_460/snr=all,role=selected_method;dataset=vivos;model=phowhisper;model_size=base;train_type=tone_aware_lora;lambda=0.05;seed=42;snr=all,swdr,rate,0.0026845637583892616,0.004405286343612335,,not_comparable_scope,delta withheld: legacy VIVOS uses 300 exposed source utterances; paper-v2 uses the disjoint 460-utterance locked test and MUSAN-test noise,77,63,1500,2300,a70139c89cbd123b8d0646588b4c7e3dc8c26abf0559cdac6772337d6d1bcfa6,89712f4873a6de7fb84f912d2380419fc48f56c7499ebed5f62528c749a2a146,legacy_v1_exposed_test_selection_and_evaluation,paper_v2_unseen_final_after_noisy_dev_decision_lock,a2f50bae2bdd2e09b1828b1fe6c1aacda860db8b596cb07fa47b088a4938bf73,ee80853e084822daeb9f38871c5d2a5992df205f920e689547e71b7858542010,ccaeadc332fb38449fc6063143b190b1498e49dd2d6e39dd471a2174ab5aca8d
vivos_aggregate,results_by_snr.csv,legacy_exposed_vivos_300/snr=all,paper_v2_locked_vivos_460/snr=all,role=selected_method;dataset=vivos;model=phowhisper;model_size=base;train_type=tone_aware_lora;lambda=0.05;seed=42;snr=all,ter,rate,0.014455905855005086,0.016774813746695507,,not_comparable_scope,delta withheld: legacy VIVOS uses 300 exposed source utterances; paper-v2 uses the disjoint 460-utterance locked test and MUSAN-test noise,77,63,1500,2300,a70139c89cbd123b8d0646588b4c7e3dc8c26abf0559cdac6772337d6d1bcfa6,89712f4873a6de7fb84f912d2380419fc48f56c7499ebed5f62528c749a2a146,legacy_v1_exposed_test_selection_and_evaluation,paper_v2_unseen_final_after_noisy_dev_decision_lock,a2f50bae2bdd2e09b1828b1fe6c1aacda860db8b596cb07fa47b088a4938bf73,ee80853e084822daeb9f38871c5d2a5992df205f920e689547e71b7858542010,ccaeadc332fb38449fc6063143b190b1498e49dd2d6e39dd471a2174ab5aca8d
vivos_aggregate,results_by_snr.csv,legacy_exposed_vivos_300/snr=all,paper_v2_locked_vivos_460/snr=all,role=selected_method;dataset=vivos;model=phowhisper;model_size=base;train_type=tone_aware_lora;lambda=0.05;seed=42;snr=all,wer,rate,0.1288700195950359,0.12991416309012876,,not_comparable_scope,delta withheld: legacy VIVOS uses 300 exposed source utterances; paper-v2 uses the disjoint 460-utterance locked test and MUSAN-test noise,77,63,1500,2300,a70139c89cbd123b8d0646588b4c7e3dc8c26abf0559cdac6772337d6d1bcfa6,89712f4873a6de7fb84f912d2380419fc48f56c7499ebed5f62528c749a2a146,legacy_v1_exposed_test_selection_and_evaluation,paper_v2_unseen_final_after_noisy_dev_decision_lock,a2f50bae2bdd2e09b1828b1fe6c1aacda860db8b596cb07fa47b088a4938bf73,ee80853e084822daeb9f38871c5d2a5992df205f920e689547e71b7858542010,ccaeadc332fb38449fc6063143b190b1498e49dd2d6e39dd471a2174ab5aca8d
vivos_aggregate,results_by_snr.csv,legacy_exposed_vivos_300/snr=clean,paper_v2_locked_vivos_460/snr=clean,role=selected_method;dataset=vivos;model=phowhisper;model_size=base;train_type=tone_aware_lora;lambda=0.05;seed=42;snr=clean,cer,rate,0.032795740412068834,0.038612961841308295,,not_comparable_scope,delta withheld: legacy VIVOS uses 300 exposed source utterances; paper-v2 uses the disjoint 460-utterance locked test and MUSAN-test noise,77,63,300,460,a70139c89cbd123b8d0646588b4c7e3dc8c26abf0559cdac6772337d6d1bcfa6,89712f4873a6de7fb84f912d2380419fc48f56c7499ebed5f62528c749a2a146,legacy_v1_exposed_test_selection_and_evaluation,paper_v2_unseen_final_after_noisy_dev_decision_lock,a2f50bae2bdd2e09b1828b1fe6c1aacda860db8b596cb07fa47b088a4938bf73,ee80853e084822daeb9f38871c5d2a5992df205f920e689547e71b7858542010,ccaeadc332fb38449fc6063143b190b1498e49dd2d6e39dd471a2174ab5aca8d
vivos_aggregate,results_by_snr.csv,legacy_exposed_vivos_300/snr=clean,paper_v2_locked_vivos_460/snr=clean,role=selected_method;dataset=vivos;model=phowhisper;model_size=base;train_type=tone_aware_lora;lambda=0.05;seed=42;snr=clean,der,rate,0.006594932315168344,0.008020164986251146,,not_comparable_scope,delta withheld: legacy VIVOS uses 300 exposed source utterances; paper-v2 uses the disjoint 460-utterance locked test and MUSAN-test noise,77,63,300,460,a70139c89cbd123b8d0646588b4c7e3dc8c26abf0559cdac6772337d6d1bcfa6,89712f4873a6de7fb84f912d2380419fc48f56c7499ebed5f62528c749a2a146,legacy_v1_exposed_test_selection_and_evaluation,paper_v2_unseen_final_after_noisy_dev_decision_lock,a2f50bae2bdd2e09b1828b1fe6c1aacda860db8b596cb07fa47b088a4938bf73,ee80853e084822daeb9f38871c5d2a5992df205f920e689547e71b7858542010,ccaeadc332fb38449fc6063143b190b1498e49dd2d6e39dd471a2174ab5aca8d
vivos_aggregate,results_by_snr.csv,legacy_exposed_vivos_300/snr=clean,paper_v2_locked_vivos_460/snr=clean,role=selected_method;dataset=vivos;model=phowhisper;model_size=base;train_type=tone_aware_lora;lambda=0.05;seed=42;snr=clean,fcer,rate,0.03949967083607637,0.04854789770264413,,not_comparable_scope,delta withheld: legacy VIVOS uses 300 exposed source utterances; paper-v2 uses the disjoint 460-utterance locked test and MUSAN-test noise,77,63,300,460,a70139c89cbd123b8d0646588b4c7e3dc8c26abf0559cdac6772337d6d1bcfa6,89712f4873a6de7fb84f912d2380419fc48f56c7499ebed5f62528c749a2a146,legacy_v1_exposed_test_selection_and_evaluation,paper_v2_unseen_final_after_noisy_dev_decision_lock,a2f50bae2bdd2e09b1828b1fe6c1aacda860db8b596cb07fa47b088a4938bf73,ee80853e084822daeb9f38871c5d2a5992df205f920e689547e71b7858542010,ccaeadc332fb38449fc6063143b190b1498e49dd2d6e39dd471a2174ab5aca8d
vivos_aggregate,results_by_snr.csv,legacy_exposed_vivos_300/snr=clean,paper_v2_locked_vivos_460/snr=clean,role=selected_method;dataset=vivos;model=phowhisper;model_size=base;train_type=tone_aware_lora;lambda=0.05;seed=42;snr=clean,swdr,rate,0.0,0.004405286343612335,,not_comparable_scope,delta withheld: legacy VIVOS uses 300 exposed source utterances; paper-v2 uses the disjoint 460-utterance locked test and MUSAN-test noise,77,63,300,460,a70139c89cbd123b8d0646588b4c7e3dc8c26abf0559cdac6772337d6d1bcfa6,89712f4873a6de7fb84f912d2380419fc48f56c7499ebed5f62528c749a2a146,legacy_v1_exposed_test_selection_and_evaluation,paper_v2_unseen_final_after_noisy_dev_decision_lock,a2f50bae2bdd2e09b1828b1fe6c1aacda860db8b596cb07fa47b088a4938bf73,ee80853e084822daeb9f38871c5d2a5992df205f920e689547e71b7858542010,ccaeadc332fb38449fc6063143b190b1498e49dd2d6e39dd471a2174ab5aca8d
vivos_aggregate,results_by_snr.csv,legacy_exposed_vivos_300/snr=clean,paper_v2_locked_vivos_460/snr=clean,role=selected_method;dataset=vivos;model=phowhisper;model_size=base;train_type=tone_aware_lora;lambda=0.05;seed=42;snr=clean,ter,rate,0.009401114206128134,0.011748445058742226,,not_comparable_scope,delta withheld: legacy VIVOS uses 300 exposed source utterances; paper-v2 uses the disjoint 460-utterance locked test and MUSAN-test noise,77,63,300,460,a70139c89cbd123b8d0646588b4c7e3dc8c26abf0559cdac6772337d6d1bcfa6,89712f4873a6de7fb84f912d2380419fc48f56c7499ebed5f62528c749a2a146,legacy_v1_exposed_test_selection_and_evaluation,paper_v2_unseen_final_after_noisy_dev_decision_lock,a2f50bae2bdd2e09b1828b1fe6c1aacda860db8b596cb07fa47b088a4938bf73,ee80853e084822daeb9f38871c5d2a5992df205f920e689547e71b7858542010,ccaeadc332fb38449fc6063143b190b1498e49dd2d6e39dd471a2174ab5aca8d
vivos_aggregate,results_by_snr.csv,legacy_exposed_vivos_300/snr=clean,paper_v2_locked_vivos_460/snr=clean,role=selected_method;dataset=vivos;model=phowhisper;model_size=base;train_type=tone_aware_lora;lambda=0.05;seed=42;snr=clean,wer,rate,0.07348138471587198,0.08369098712446352,,not_comparable_scope,delta withheld: legacy VIVOS uses 300 exposed source utterances; paper-v2 uses the disjoint 460-utterance locked test and MUSAN-test noise,77,63,300,460,a70139c89cbd123b8d0646588b4c7e3dc8c26abf0559cdac6772337d6d1bcfa6,89712f4873a6de7fb84f912d2380419fc48f56c7499ebed5f62528c749a2a146,legacy_v1_exposed_test_selection_and_evaluation,paper_v2_unseen_final_after_noisy_dev_decision_lock,a2f50bae2bdd2e09b1828b1fe6c1aacda860db8b596cb07fa47b088a4938bf73,ee80853e084822daeb9f38871c5d2a5992df205f920e689547e71b7858542010,ccaeadc332fb38449fc6063143b190b1498e49dd2d6e39dd471a2174ab5aca8d
vivos_aggregate,results_by_snr.csv,legacy_exposed_vivos_300/snr=noisy_all,paper_v2_locked_vivos_460/snr=noisy_all,role=selected_method;dataset=vivos;model=phowhisper;model_size=base;train_type=tone_aware_lora;lambda=0.05;seed=42;snr=noisy_all,cer,rate,0.07952002469326337,0.07330153442358167,,not_comparable_scope,delta withheld: legacy VIVOS uses 300 exposed source utterances; paper-v2 uses the disjoint 460-utterance locked test and MUSAN-test noise,77,63,1200,1840,a70139c89cbd123b8d0646588b4c7e3dc8c26abf0559cdac6772337d6d1bcfa6,89712f4873a6de7fb84f912d2380419fc48f56c7499ebed5f62528c749a2a146,legacy_v1_exposed_test_selection_and_evaluation,paper_v2_unseen_final_after_noisy_dev_decision_lock,a2f50bae2bdd2e09b1828b1fe6c1aacda860db8b596cb07fa47b088a4938bf73,ee80853e084822daeb9f38871c5d2a5992df205f920e689547e71b7858542010,ccaeadc332fb38449fc6063143b190b1498e49dd2d6e39dd471a2174ab5aca8d
vivos_aggregate,results_by_snr.csv,legacy_exposed_vivos_300/snr=noisy_all,paper_v2_locked_vivos_460/snr=noisy_all,role=selected_method;dataset=vivos;model=phowhisper;model_size=base;train_type=tone_aware_lora;lambda=0.05;seed=42;snr=noisy_all,der,rate,0.008422594525313559,0.009915356711003628,,not_comparable_scope,delta withheld: legacy VIVOS uses 300 exposed source utterances; paper-v2 uses the disjoint 460-utterance locked test and MUSAN-test noise,77,63,1200,1840,a70139c89cbd123b8d0646588b4c7e3dc8c26abf0559cdac6772337d6d1bcfa6,89712f4873a6de7fb84f912d2380419fc48f56c7499ebed5f62528c749a2a146,legacy_v1_exposed_test_selection_and_evaluation,paper_v2_unseen_final_after_noisy_dev_decision_lock,a2f50bae2bdd2e09b1828b1fe6c1aacda860db8b596cb07fa47b088a4938bf73,ee80853e084822daeb9f38871c5d2a5992df205f920e689547e71b7858542010,ccaeadc332fb38449fc6063143b190b1498e49dd2d6e39dd471a2174ab5aca8d
vivos_aggregate,results_by_snr.csv,legacy_exposed_vivos_300/snr=noisy_all,paper_v2_locked_vivos_460/snr=noisy_all,role=selected_method;dataset=vivos;model=phowhisper;model_size=base;train_type=tone_aware_lora;lambda=0.05;seed=42;snr=noisy_all,fcer,rate,0.0983232948070975,0.09633766512726882,,not_comparable_scope,delta withheld: legacy VIVOS uses 300 exposed source utterances; paper-v2 uses the disjoint 460-utterance locked test and MUSAN-test noise,77,63,1200,1840,a70139c89cbd123b8d0646588b4c7e3dc8c26abf0559cdac6772337d6d1bcfa6,89712f4873a6de7fb84f912d2380419fc48f56c7499ebed5f62528c749a2a146,legacy_v1_exposed_test_selection_and_evaluation,paper_v2_unseen_final_after_noisy_dev_decision_lock,a2f50bae2bdd2e09b1828b1fe6c1aacda860db8b596cb07fa47b088a4938bf73,ee80853e084822daeb9f38871c5d2a5992df205f920e689547e71b7858542010,ccaeadc332fb38449fc6063143b190b1498e49dd2d6e39dd471a2174ab5aca8d
vivos_aggregate,results_by_snr.csv,legacy_exposed_vivos_300/snr=noisy_all,paper_v2_locked_vivos_460/snr=noisy_all,role=selected_method;dataset=vivos;model=phowhisper;model_size=base;train_type=tone_aware_lora;lambda=0.05;seed=42;snr=noisy_all,swdr,rate,0.003355704697986577,0.004405286343612335,,not_comparable_scope,delta withheld: legacy VIVOS uses 300 exposed source utterances; paper-v2 uses the disjoint 460-utterance locked test and MUSAN-test noise,77,63,1200,1840,a70139c89cbd123b8d0646588b4c7e3dc8c26abf0559cdac6772337d6d1bcfa6,89712f4873a6de7fb84f912d2380419fc48f56c7499ebed5f62528c749a2a146,legacy_v1_exposed_test_selection_and_evaluation,paper_v2_unseen_final_after_noisy_dev_decision_lock,a2f50bae2bdd2e09b1828b1fe6c1aacda860db8b596cb07fa47b088a4938bf73,ee80853e084822daeb9f38871c5d2a5992df205f920e689547e71b7858542010,ccaeadc332fb38449fc6063143b190b1498e49dd2d6e39dd471a2174ab5aca8d
vivos_aggregate,results_by_snr.csv,legacy_exposed_vivos_300/snr=noisy_all,paper_v2_locked_vivos_460/snr=noisy_all,role=selected_method;dataset=vivos;model=phowhisper;model_size=base;train_type=tone_aware_lora;lambda=0.05;seed=42;snr=noisy_all,ter,rate,0.015788507435285478,0.018100097181729835,,not_comparable_scope,delta withheld: legacy VIVOS uses 300 exposed source utterances; paper-v2 uses the disjoint 460-utterance locked test and MUSAN-test noise,77,63,1200,1840,a70139c89cbd123b8d0646588b4c7e3dc8c26abf0559cdac6772337d6d1bcfa6,89712f4873a6de7fb84f912d2380419fc48f56c7499ebed5f62528c749a2a146,legacy_v1_exposed_test_selection_and_evaluation,paper_v2_unseen_final_after_noisy_dev_decision_lock,a2f50bae2bdd2e09b1828b1fe6c1aacda860db8b596cb07fa47b088a4938bf73,ee80853e084822daeb9f38871c5d2a5992df205f920e689547e71b7858542010,ccaeadc332fb38449fc6063143b190b1498e49dd2d6e39dd471a2174ab5aca8d
vivos_aggregate,results_by_snr.csv,legacy_exposed_vivos_300/snr=noisy_all,paper_v2_locked_vivos_460/snr=noisy_all,role=selected_method;dataset=vivos;model=phowhisper;model_size=base;train_type=tone_aware_lora;lambda=0.05;seed=42;snr=noisy_all,wer,rate,0.14271717831482691,0.14146995708154506,,not_comparable_scope,delta withheld: legacy VIVOS uses 300 exposed source utterances; paper-v2 uses the disjoint 460-utterance locked test and MUSAN-test noise,77,63,1200,1840,a70139c89cbd123b8d0646588b4c7e3dc8c26abf0559cdac6772337d6d1bcfa6,89712f4873a6de7fb84f912d2380419fc48f56c7499ebed5f62528c749a2a146,legacy_v1_exposed_test_selection_and_evaluation,paper_v2_unseen_final_after_noisy_dev_decision_lock,a2f50bae2bdd2e09b1828b1fe6c1aacda860db8b596cb07fa47b088a4938bf73,ee80853e084822daeb9f38871c5d2a5992df205f920e689547e71b7858542010,ccaeadc332fb38449fc6063143b190b1498e49dd2d6e39dd471a2174ab5aca8d
